model,train_metric,performance_strength,diversity_strength
ChemML MLP (PyTorch),0.0001468120377714488,6811.4305555567635,0.008077672479328864
Random forest,0.00013049958913025073,7662.859374997012,0.004090370729221117
Uni-Mol V1,0.018575800890251792,53.83347969264571,0.0063175708488576714
