model,train_metric,performance_strength,diversity_strength
AdaBoost,0.06477116972553743,15.438967741935476,0.049872272685499354
ChemML MLP (PyTorch),3.343028114866087e-05,29913.000000003216,0.023835515258809902
"Chemprop v2 (AttentiveFP, ensemble=1)",0.028783472069000116,34.74216027874563,0.024996292021833167
"MapLight + GNN (CatBoost, Strict Parity)",0.0,1000000000000.0,0.0500573448268091
