model,train_metric,performance_strength,diversity_strength
ChemML MLP (PyTorch),0.0,1000000000000.0,0.035829056115164834
LogisticRegression,0.0013569470091209235,736.9484536082467,0.044266443499479655
Uni-Mol V1,0.10133736220692735,9.868028713418008,0.07303240124640331
