model,train_metric,performance_strength,diversity_strength
ChemML MLP (PyTorch),0.028232861543649027,35.41971820511229,0.00845832265760511
"Chemprop v2 (AttentiveFP, ensemble=1)",0.26443283282521896,3.781678656602245,0.01499897242276719
"MapLight + GNN (CatBoost, Strict Parity)",0.06715635086657282,14.890624447221887,0.004702178412607319
MapLight CatBoost (Strict Parity),0.09990423022916313,10.009586157724973,0.004509399835063104
