model,train_metric,performance_strength,diversity_strength
"Chemprop v2 (AttentiveFP + Selected descriptors, ensemble=1)",0.22823546604896763,4.381439998398195,0.006271129140414585
"MapLight + GNN (CatBoost, Strict Parity)",0.0930376856787438,10.748332707382344,0.0033764369916627493
MapLight CatBoost (Strict Parity),0.12254114858695288,8.160524130312186,0.0030299181377416696
