Model,Weight,Abs normalized contribution,Workflow
ChemML MLP (PyTorch),0.973817134017736,0.9986295798894876,ChemML deep learning
Uni-Mol V1,-0.0013363699727051426,0.0013704201105124085,Uni-Mol
