model,workflow,train_r2,train_rmse,train_mae,train_spearman,test_r2,test_rmse,test_mae,test_spearman,primary_metric,primary_metric_value
Uni-Mol V1,Uni-Mol,0.8290150114794401,0.2738398605428687,0.20138688923375056,0.9157822074825187,0.5220870009721479,0.46023545105614766,0.3623207234064098,0.7160851548970786,rmse,0.46023545105614766
"Ensemble (OOF Stacking (RidgeCV, 5-fold))",ensemble,0.9817785968911635,0.08939404336327983,0.06183031684666501,0.9897138900427134,0.44940016543300954,0.4939962875196615,0.38469898195066826,0.6754980094003893,rmse,0.4939962875196615
ChemML MLP (PyTorch),ChemML deep learning,0.9752333027189517,0.10422015653328713,0.0771055725557346,0.9897652081414431,0.4286564358342655,0.5032158556499687,0.3918949972718623,0.675569135444215,rmse,0.5032158556499687
Uni-Mol V1,Uni-Mol,0.8290150114794401,0.2738398605428687,0.20138688923375056,0.9157822074825187,0.5220870009721479,0.46023545105614766,0.3623207234064098,0.7160851548970786,rmse,0.46023545105614766
Ensemble (Weighted average (inverse train RMSE)),ensemble,0.9692571439114399,0.11611538840431058,0.08475083910645907,0.9864139311797622,0.5058441633231925,0.46799111890712575,0.36580293851664053,0.7074454574187916,rmse,0.46799111890712575
ChemML MLP (PyTorch),ChemML deep learning,0.9752333027189517,0.10422015653328713,0.0771055725557346,0.9897652081414431,0.4286564358342655,0.5032158556499687,0.3918949972718623,0.675569135444215,rmse,0.5032158556499687
