model,train_metric,performance_strength,diversity_strength
ChemML MLP (PyTorch),0.00014681203777167084,6811.430555546462,0.007872594731147271
"Chemprop v2 (AttentiveFP + Selected descriptors, ensemble=1)",0.007881971277855948,126.87181477170007,0.008897394362327081
"MapLight + GNN (CatBoost, Strict Parity)",0.019548430640487835,51.15500156461894,0.013417537685606733
Random forest,0.00013049958913025073,7662.859374997012,0.006398285862050531
