model,train_metric,performance_strength,diversity_strength
ChemML MLP (PyTorch),0.22816548861295682,4.382783768391575,0.0010459774213601085
"Chemprop v2 (AttentiveFP + Selected descriptors, ensemble=1)",0.4053273730782592,2.467141541429829,0.005418032531979105
HistGradientBoosting,0.32825514458209154,3.046410746351351,0.001452767824585515
"MapLight + GNN (CatBoost, Strict Parity)",0.507728242050488,1.9695575648135029,0.0013204141118777022
SVR,0.20484128400705656,4.8818284109445,0.0010951569868397368
Uni-Mol V1,0.31902229681928046,3.1345771438868404,0.0009881631514526074
