model,train_metric,performance_strength,diversity_strength
ChemML MLP (PyTorch),0.0335515086711754,29.80491905149752,0.00834806832270762
"Chemprop v2 (AttentiveFP + Selected descriptors, ensemble=1)",0.14888373373720837,6.716650468781765,0.003960599493110113
HistGradientBoosting,0.08287501436276425,12.066362916364092,0.0030083418494992373
Uni-Mol V1,0.133443217351438,7.493824113715615,0.006953301486339104
