model,train_metric,performance_strength,diversity_strength
CatBoost,0.0,1000000000000.0,0.0022280865385493967
ChemML MLP (PyTorch),0.0,1000000000000.0,0.001859583673813514
Uni-Mol V1,0.0,1000000000000.0,0.003628462970284294
