model,workflow,train_roc_auc,test_roc_auc,train_auprc,test_auprc,train_balanced_accuracy,test_balanced_accuracy,train_mcc,test_mcc,primary_metric,primary_metric_value
CFA (Combinatorial Fusion),cfa,1.0,0.989917695473251,1.0,0.9967429269531621,0.5,0.5,0.0,0.0,roc_auc,0.989917695473251
CatBoost,conventional,1.0,0.9888888888888889,1.0,0.9963951705880012,1.0,0.9259259259259259,1.0,0.903107323012848,roc_auc,0.9888888888888889
AdaBoost,conventional,0.997274031563845,0.9831275720164608,0.999667718595732,0.9944459105154272,0.8627450980392157,0.8277777777777777,0.8375770598061872,0.7488982240239954,roc_auc,0.9831275720164608
Random forest,conventional,1.0,0.981275720164609,1.0,0.9937135638020049,1.0,0.9074074074074074,1.0,0.878595370213959,roc_auc,0.981275720164609
"Ensemble (OOF Stacking (RidgeCV, 5-fold))",ensemble,1.0,0.9810699588477366,1.0,0.9936286049761625,1.0,0.8888888888888888,1.0,0.8539125638299665,roc_auc,0.9810699588477366
Uni-Mol V1,Uni-Mol,1.0,0.951851851851852,1.0,0.9820164448282975,1.0,0.8537037037037036,1.0,0.7499717334584955,roc_auc,0.951851851851852
