Model,Weight,Abs normalized contribution,Workflow
Random forest,2.2896311057522025,0.2802320802450977,conventional
AdaBoost,-0.4147545802748801,0.05076256106480013,conventional
CatBoost,3.0261254883429913,0.37037295595373787,conventional
Uni-Mol V1,2.3749080864267604,0.2906692837017661,Uni-Mol
CFA (Combinatorial Fusion),0.06506251898239772,0.007963119034598192,cfa
