model,train_metric,performance_strength,diversity_strength
"Chemprop v2 (AttentiveFP, ensemble=1)",0.28392575814195653,3.5220474765802066,0.010371648636572809
"MapLight + GNN (CatBoost, Strict Parity)",0.00016540465876021827,6045.778924822591,0.00515728454905711
MapLight CatBoost (Strict Parity),0.0022913522997259515,436.42350419863465,0.005216483062441185
