model,workflow,train_r2,train_rmse,train_mae,train_spearman,test_r2,test_rmse,test_mae,test_spearman,primary_metric,primary_metric_value
"MapLight + GNN (CatBoost, Strict Parity)",MapLight + GNN,0.99999766690115,0.001157514302764759,0.00016540465876021827,0.9999925953076463,0.43170988786264086,0.46966731944851287,0.3582530361263063,0.7070175438596492,rmse,0.46966731944851287
"Ensemble (OOF Stacking (RidgeCV, 5-fold))",ensemble,0.9999970919247695,0.0012922978295464298,0.0005462714294068974,0.9999925953076463,0.4315534749740858,0.46973194926205863,0.358288925868993,0.7070175438596492,rmse,0.46973194926205863
HistGradientBoosting,Conventional ML,0.12416932630586253,0.7092018696296226,0.508087171526377,0.3575692586575134,0.3144855467555907,0.515838318455621,0.4452632811133627,0.5976143046671969,rmse,0.515838318455621
"Chemprop v2 (AttentiveFP + Selected descriptors, ensemble=1)",Chemprop v2,0.3275161271421807,0.6214421882480758,0.46649754029233903,0.6749303951187726,0.04438306540666903,0.6090419549656906,0.5228223423919767,0.2982456140350877,rmse,0.6090419549656906
"Chemprop v2 (AttentiveFP, ensemble=1)",Chemprop v2,0.6861485456811147,0.4245431803336259,0.28392575814195653,0.8548367987678456,0.032990561546111574,0.6126615829500885,0.4902345441765684,0.37543859649122807,rmse,0.6126615829500885
