model,workflow,train_r2,train_rmse,train_mae,train_spearman,test_r2,test_rmse,test_mae,test_spearman,primary_metric,primary_metric_value
Uni-Mol V1,Uni-Mol,0.608401598437673,0.47422042069773046,0.3308491391563827,0.8319350754398782,0.2145595157030521,0.5521561750067484,0.45766157229010834,0.5385964912280702,rmse,0.5521561750067484
"Ensemble (OOF Stacking (RidgeCV, 5-fold))",ensemble,0.7171889846157639,0.4030027009211954,0.28992920789534854,0.8231975061129497,0.1136650843640098,0.5865488952300592,0.49245889571305684,0.4421052631578948,rmse,0.5865488952300592
ChemML MLP (PyTorch),ChemML deep learning,0.6305601093771568,0.46060822599436047,0.33653388386339383,0.7084400350218328,-0.17412913029665655,0.6750924075547977,0.5564430727766837,0.40587579783354816,rmse,0.6750924075547977
