model,train_metric,performance_strength,diversity_strength
ChemML MLP (PyTorch),1.2531609515590192,0.7979820938052136,0.004422908006924237
"Chemprop v2 (AttentiveFP + Selected descriptors, ensemble=1)",1.0513229067488716,0.9511825468470163,0.004084560222312785
MapLight CatBoost (Strict Parity),2.0252679222299617,0.4937618322117748,0.007577641601333555
Uni-Mol V1,2.459522174344495,0.40658303894597625,0.0026627560874883066
