model,train_metric,performance_strength,diversity_strength
ChemML MLP (PyTorch),0.0004182815816397012,2390.7340028693366,0.03218791527668179
"MapLight + GNN (CatBoost, Strict Parity)",0.01454979779256138,68.72947749907922,0.022024425243387883
Uni-Mol V1,0.020829502586184323,48.00882766462577,0.024738940952263092
XGBoost,0.007312766281935668,136.74715715586947,0.023610961361194855
