Model,Weight,Abs normalized contribution,Workflow
LogisticRegression,0.06728259837403396,0.00434779278335237,Conventional ML
HistGradientBoosting,0.059170649993489983,0.0038235997307626045,Conventional ML
"Voting Classifier (KNN, SVM)",6.455893710562276,0.4171790145326062,Conventional ML
AdaBoost,-0.9621606564387355,0.062174696869381665,Conventional ML
XGBoost,0.894779511242035,0.05782053600312575,Conventional ML
CatBoost,-0.28420659796170467,0.018365393511257502,Conventional ML
Uni-Mol V1,0.5219037220767306,0.03372535085276469,Uni-Mol
"MapLight + GNN (CatBoost, Strict Parity)",1.9212832662302408,0.12415307555831961,MapLight + GNN
CFA (Combinatorial Fusion),4.308435449891429,0.2784105401584297,CFA fusion
