dataset,model,workflow,split,row_index,smiles,observed,predicted,oof_signature
tdc_bioavailability_ma,"Chemprop v2 (D-MPNN, ensemble=3)",Chemprop v2,train,0,CC[N+](C)(C)c1cccc(O)c1,0.0,0.6720986,
tdc_bioavailability_ma,"Chemprop v2 (D-MPNN, ensemble=3)",Chemprop v2,train,1,C[C@H](N)[C@H](O)c1ccccc1,1.0,0.6374848,
tdc_bioavailability_ma,"Chemprop v2 (D-MPNN, ensemble=3)",Chemprop v2,train,2,Cc1cccc(C)c1NC(=O)C(C)N,1.0,0.74222356,
tdc_bioavailability_ma,"Chemprop v2 (D-MPNN, ensemble=3)",Chemprop v2,train,3,CC(C)(C)NCC(O)c1ccccc1Cl,1.0,0.72033983,
tdc_bioavailability_ma,"Chemprop v2 (D-MPNN, ensemble=3)",Chemprop v2,train,4,CCN(CC)CCNC(=O)c1cc(Cl)c(N)cc1OC,1.0,0.80483073,
tdc_bioavailability_ma,"Chemprop v2 (D-MPNN, ensemble=3)",Chemprop v2,train,5,CC[N+](C)(C)Cc1ccccc1Br,1.0,0.7078755,
tdc_bioavailability_ma,"Chemprop v2 (D-MPNN, ensemble=3)",Chemprop v2,train,6,CCOc1ccc(NC(C)=O)cc1,1.0,0.73929435,
tdc_bioavailability_ma,"Chemprop v2 (D-MPNN, ensemble=3)",Chemprop v2,train,7,C[C@](N)(Cc1ccc(O)c(O)c1)C(=O)O,1.0,0.7114358,
tdc_bioavailability_ma,"Chemprop v2 (D-MPNN, ensemble=3)",Chemprop v2,train,8,O=C(O)CCCc1ccc(N(CCCl)CCCl)cc1,1.0,0.76524645,
tdc_bioavailability_ma,"Chemprop v2 (D-MPNN, ensemble=3)",Chemprop v2,train,9,CCNC(C)Cc1cccc(C(F)(F)F)c1,1.0,0.77906054,
tdc_bioavailability_ma,"Chemprop v2 (D-MPNN, ensemble=3)",Chemprop v2,train,10,CCN(CC)CCNC(=O)c1ccc(N)cc1,1.0,0.7507839,
tdc_bioavailability_ma,"Chemprop v2 (D-MPNN, ensemble=3)",Chemprop v2,train,11,CN(C)C(=O)Oc1cccc([N+](C)(C)C)c1,0.0,0.7245784,
tdc_bioavailability_ma,"Chemprop v2 (D-MPNN, ensemble=3)",Chemprop v2,train,12,Cc1ccc(C)c(OCCCC(C)(C)C(=O)O)c1,1.0,0.70872957,
tdc_bioavailability_ma,"Chemprop v2 (D-MPNN, ensemble=3)",Chemprop v2,train,13,CC(=O)Nc1ccc(O)cc1,1.0,0.72979444,
tdc_bioavailability_ma,"Chemprop v2 (D-MPNN, ensemble=3)",Chemprop v2,train,14,CC(C)NCC(O)COc1ccc(CC(N)=O)cc1,1.0,0.7207978,
tdc_bioavailability_ma,"Chemprop v2 (D-MPNN, ensemble=3)",Chemprop v2,train,15,CC(C)Cc1ccc(C(C)C(=O)O)cc1,1.0,0.69217134,
tdc_bioavailability_ma,"Chemprop v2 (D-MPNN, ensemble=3)",Chemprop v2,train,16,COCCCC/C(=N\OCCN)c1ccc(C(F)(F)F)cc1,1.0,0.8194527,
tdc_bioavailability_ma,"Chemprop v2 (D-MPNN, ensemble=3)",Chemprop v2,train,17,NC[C@H](O)c1ccc(O)c(O)c1,0.0,0.67401,
tdc_bioavailability_ma,"Chemprop v2 (D-MPNN, ensemble=3)",Chemprop v2,train,18,NCC(O)c1cccc(O)c1,0.0,0.67657757,
tdc_bioavailability_ma,"Chemprop v2 (D-MPNN, ensemble=3)",Chemprop v2,train,19,CN[C@@H](C)[C@@H](O)c1ccccc1,1.0,0.63802695,
tdc_bioavailability_ma,"Chemprop v2 (D-MPNN, ensemble=3)",Chemprop v2,train,20,CCOC(=O)C(C)(C)Oc1ccc(Cl)cc1,0.0,0.7517068,
tdc_bioavailability_ma,"Chemprop v2 (D-MPNN, ensemble=3)",Chemprop v2,train,21,Cc1cccc(C)c1OCC(C)N,1.0,0.7050279,
tdc_bioavailability_ma,"Chemprop v2 (D-MPNN, ensemble=3)",Chemprop v2,train,22,COc1cc(C)c(/C=C/C(C)=C/C=C/C(C)=C/C(=O)O)c(C)c1C,1.0,0.7879166,
tdc_bioavailability_ma,"Chemprop v2 (D-MPNN, ensemble=3)",Chemprop v2,train,23,CCCN(CCC)S(=O)(=O)c1ccc(C(=O)O)cc1,1.0,0.7660315,
tdc_bioavailability_ma,"Chemprop v2 (D-MPNN, ensemble=3)",Chemprop v2,train,24,CC(C)NC[C@H](O)COc1ccc(O)cc1,1.0,0.68064135,
tdc_bioavailability_ma,"Chemprop v2 (D-MPNN, ensemble=3)",Chemprop v2,train,25,CCN(CC)CC(=O)Nc1c(C)cccc1C,1.0,0.7433633,
tdc_bioavailability_ma,"Chemprop v2 (D-MPNN, ensemble=3)",Chemprop v2,train,26,CCCCNC(=O)NS(=O)(=O)c1ccc(C)cc1,1.0,0.77193093,
tdc_bioavailability_ma,"Chemprop v2 (D-MPNN, ensemble=3)",Chemprop v2,train,27,C=CCc1ccccc1OCC(O)CNC(C)C,0.0,0.6935206,
tdc_bioavailability_ma,"Chemprop v2 (D-MPNN, ensemble=3)",Chemprop v2,train,28,NC(=O)OCC(COC(N)=O)c1ccccc1,1.0,0.7492687,
tdc_bioavailability_ma,"Chemprop v2 (D-MPNN, ensemble=3)",Chemprop v2,train,29,CCCCCCCN(CC)CCCC(O)c1ccc(NS(C)(=O)=O)cc1,0.0,0.711044,
tdc_bioavailability_ma,"Chemprop v2 (D-MPNN, ensemble=3)",Chemprop v2,train,30,N[C@@H](Cc1ccc(O)c(O)c1)C(=O)O,1.0,0.71486896,
tdc_bioavailability_ma,"Chemprop v2 (D-MPNN, ensemble=3)",Chemprop v2,train,31,CNC[C@H](O)c1cccc(O)c1,1.0,0.6556971,
tdc_bioavailability_ma,"Chemprop v2 (D-MPNN, ensemble=3)",Chemprop v2,train,32,C#CCN(C)[C@H](C)Cc1ccccc1,0.0,0.6619547,
tdc_bioavailability_ma,"Chemprop v2 (D-MPNN, ensemble=3)",Chemprop v2,train,33,CCCC(=O)Nc1ccc(OCC(O)CNC(C)C)c(C(C)=O)c1,1.0,0.7567503,
tdc_bioavailability_ma,"Chemprop v2 (D-MPNN, ensemble=3)",Chemprop v2,train,34,CC(C)NCC(O)COc1ccc(COCCOC(C)C)cc1,1.0,0.6812641,
tdc_bioavailability_ma,"Chemprop v2 (D-MPNN, ensemble=3)",Chemprop v2,train,35,CCN(C)C(=O)Oc1cccc([C@H](C)N(C)C)c1,1.0,0.724137,
tdc_bioavailability_ma,"Chemprop v2 (D-MPNN, ensemble=3)",Chemprop v2,train,36,CCN(CC)C(=O)/C(C#N)=C/c1cc(O)c(O)c([N+](=O)[O-])c1,1.0,0.8318718,
tdc_bioavailability_ma,"Chemprop v2 (D-MPNN, ensemble=3)",Chemprop v2,train,37,CC(C)(C)NCC(O)c1cc(O)cc(O)c1,0.0,0.684288,
tdc_bioavailability_ma,"Chemprop v2 (D-MPNN, ensemble=3)",Chemprop v2,train,38,CCN(CC)CCNC(=O)c1cc(Br)c(N)cc1OC,1.0,0.79218453,
tdc_bioavailability_ma,"Chemprop v2 (D-MPNN, ensemble=3)",Chemprop v2,train,39,CCN(CC)C(=O)Nc1ccc(OCC(O)CNC(C)(C)C)c(C(C)=O)c1,1.0,0.7737837,
tdc_bioavailability_ma,"Chemprop v2 (D-MPNN, ensemble=3)",Chemprop v2,train,40,NCC(CC(=O)O)c1ccc(Cl)cc1,1.0,0.73841697,
tdc_bioavailability_ma,"Chemprop v2 (D-MPNN, ensemble=3)",Chemprop v2,train,41,CC(NC(C)(C)C)C(=O)c1cccc(Cl)c1,1.0,0.74998164,
tdc_bioavailability_ma,"Chemprop v2 (D-MPNN, ensemble=3)",Chemprop v2,train,42,N=C(N)NC(=O)Cc1c(Cl)cccc1Cl,1.0,0.82623035,
tdc_bioavailability_ma,"Chemprop v2 (D-MPNN, ensemble=3)",Chemprop v2,train,43,O=C(N[C@H](CO)[C@H](O)c1ccc([N+](=O)[O-])cc1)C(Cl)Cl,1.0,0.7666485,
tdc_bioavailability_ma,"Chemprop v2 (D-MPNN, ensemble=3)",Chemprop v2,train,44,N[C@@H](Cc1ccc(N(CCCl)CCCl)cc1)C(=O)O,1.0,0.7648315,
tdc_bioavailability_ma,"Chemprop v2 (D-MPNN, ensemble=3)",Chemprop v2,train,45,C=CCOc1ccccc1OCC(O)CNC(C)C,1.0,0.7053804,
tdc_bioavailability_ma,"Chemprop v2 (D-MPNN, ensemble=3)",Chemprop v2,train,46,COCCc1ccc(OCC(O)CNC(C)C)cc1,1.0,0.6870106,
tdc_bioavailability_ma,"Chemprop v2 (D-MPNN, ensemble=3)",Chemprop v2,train,47,CC(C)NCC(O)c1ccc(NS(C)(=O)=O)cc1,1.0,0.7155048,
tdc_bioavailability_ma,"Chemprop v2 (D-MPNN, ensemble=3)",Chemprop v2,train,48,CC(=O)Nc1ccc(OCC(O)CNC(C)C)cc1,1.0,0.72581714,
tdc_bioavailability_ma,"Chemprop v2 (D-MPNN, ensemble=3)",Chemprop v2,train,49,CCOC(=O)Nc1ccc2c(c1)N(C(=O)CCN1CCOCC1)c1ccccc1S2,1.0,0.8328435,
tdc_bioavailability_ma,"Chemprop v2 (D-MPNN, ensemble=3)",Chemprop v2,train,50,COC(=O)[C@H]1[C@@H](OC(=O)c2ccccc2)C[C@@H]2CC[C@H]1N2C,1.0,0.6356049,
tdc_bioavailability_ma,"Chemprop v2 (D-MPNN, ensemble=3)",Chemprop v2,train,51,NS(=O)(=O)c1cc2c(cc1Cl)NCNS2(=O)=O,1.0,0.8188006,
tdc_bioavailability_ma,"Chemprop v2 (D-MPNN, ensemble=3)",Chemprop v2,train,52,NS(=O)(=O)c1cc2c(cc1C(F)(F)F)NCNS2(=O)=O,1.0,0.85357,
tdc_bioavailability_ma,"Chemprop v2 (D-MPNN, ensemble=3)",Chemprop v2,train,53,O=C1CN(/N=C/c2ccc([N+](=O)[O-])o2)C(=O)N1,1.0,0.81792736,
tdc_bioavailability_ma,"Chemprop v2 (D-MPNN, ensemble=3)",Chemprop v2,train,54,CCCCNc1cc(C(=O)O)cc(S(N)(=O)=O)c1Oc1ccccc1,1.0,0.8515548,
tdc_bioavailability_ma,"Chemprop v2 (D-MPNN, ensemble=3)",Chemprop v2,train,55,CC(C(=O)O)c1cccc(Oc2ccccc2)c1,1.0,0.77644175,
tdc_bioavailability_ma,"Chemprop v2 (D-MPNN, ensemble=3)",Chemprop v2,train,56,COc1ccc([C@@H]2CC(=O)c3c(O)cc(O[C@@H]4O[C@H](CO[C@@H]5O[C@@H](C)[C@H](O)[C@@H](O)[C@H]5O)[C@@H](O)[C@H](O)[C@H]4O)cc3O2)cc1O,0.0,0.5055709,
tdc_bioavailability_ma,"Chemprop v2 (D-MPNN, ensemble=3)",Chemprop v2,train,57,CCCc1nc2c(C)cc(-c3nc4ccccc4n3C)cc2n1Cc1ccc(-c2ccccc2C(=O)O)cc1,1.0,0.9450843,
tdc_bioavailability_ma,"Chemprop v2 (D-MPNN, ensemble=3)",Chemprop v2,train,58,CC(C)N(CCC(C(N)=O)(c1ccccc1)c1ccccn1)C(C)C,1.0,0.79276663,
tdc_bioavailability_ma,"Chemprop v2 (D-MPNN, ensemble=3)",Chemprop v2,train,59,CN(C)CCC(c1ccc(Cl)cc1)c1ccccn1,1.0,0.79313344,
tdc_bioavailability_ma,"Chemprop v2 (D-MPNN, ensemble=3)",Chemprop v2,train,60,CN(C)CCC(c1ccccc1)c1ccccn1,1.0,0.7574534,
tdc_bioavailability_ma,"Chemprop v2 (D-MPNN, ensemble=3)",Chemprop v2,train,61,CCN(CC)c1cc(C)nc2ncnn12,1.0,0.8015254,
tdc_bioavailability_ma,"Chemprop v2 (D-MPNN, ensemble=3)",Chemprop v2,train,62,CC[C@H]1OC(=O)[C@H](C)[C@@H](O[C@H]2C[C@@](C)(OC)[C@@H](O)[C@H](C)O2)[C@H](C)[C@@H](O[C@@H]2O[C@H](C)C[C@H](N(C)C)[C@H]2O)[C@](C)(OC)C[C@@H](C)C(=O)[C@H](C)[C@@H](O)[C@]1(C)O,1.0,0.41793498,
tdc_bioavailability_ma,"Chemprop v2 (D-MPNN, ensemble=3)",Chemprop v2,train,63,CC[C@H]1OC(=O)[C@H](C)[C@@H](O[C@H]2C[C@@](C)(OC)[C@@H](O)[C@H](C)O2)[C@H](C)[C@@H](O[C@@H]2O[C@H](C)C[C@H](N(C)C)[C@H]2O)[C@](C)(O)C[C@@H](C)C(=O)[C@H](C)[C@@H](O)[C@]1(C)O,1.0,0.41572607,
tdc_bioavailability_ma,"Chemprop v2 (D-MPNN, ensemble=3)",Chemprop v2,train,64,COc1ccccc1Oc1c(NS(=O)(=O)c2ccc(C(C)(C)C)cc2)nc(-c2ncccn2)nc1OCCO,1.0,0.9337656,
tdc_bioavailability_ma,"Chemprop v2 (D-MPNN, ensemble=3)",Chemprop v2,train,65,Nc1nc(=O)c2ncn(COCCO)c2[nH]1,0.0,0.798167,
tdc_bioavailability_ma,"Chemprop v2 (D-MPNN, ensemble=3)",Chemprop v2,train,66,Nc1nc(=O)c2ncn(CCC(CO)CO)c2[nH]1,1.0,0.7857489,
tdc_bioavailability_ma,"Chemprop v2 (D-MPNN, ensemble=3)",Chemprop v2,train,67,CCCc1c2oc(C(=O)O)cc(=O)c2cc2c(=O)cc(C(=O)O)n(CC)c12,0.0,0.87504673,
tdc_bioavailability_ma,"Chemprop v2 (D-MPNN, ensemble=3)",Chemprop v2,train,68,CN1[C@@H]2CC[C@H]1C[C@@H](OC(=O)c1c[nH]c3ccccc13)C2,1.0,0.7088941,
tdc_bioavailability_ma,"Chemprop v2 (D-MPNN, ensemble=3)",Chemprop v2,train,69,Nc1nc2ccc(OC(F)(F)F)cc2s1,1.0,0.8410221,
tdc_bioavailability_ma,"Chemprop v2 (D-MPNN, ensemble=3)",Chemprop v2,train,70,CO/N=C(\C(=O)N[C@@H]1C(=O)N2C(C(=O)O)=C(COC(N)=O)CS[C@H]12)c1ccco1,1.0,0.7592799,
tdc_bioavailability_ma,"Chemprop v2 (D-MPNN, ensemble=3)",Chemprop v2,train,71,c1ccc(C2(N3CCCCC3)CCCCC2)cc1,1.0,0.65076023,
tdc_bioavailability_ma,"Chemprop v2 (D-MPNN, ensemble=3)",Chemprop v2,train,72,NCC[C@H](O)C(=O)N[C@@H]1C[C@H](N)[C@@H](O[C@H]2O[C@H](CN)[C@@H](O)[C@H](O)[C@H]2O)[C@H](O)[C@H]1O[C@H]1O[C@H](CO)[C@@H](O)[C@H](N)[C@H]1O,0.0,0.39403853,
tdc_bioavailability_ma,"Chemprop v2 (D-MPNN, ensemble=3)",Chemprop v2,train,73,NCC[C@H](O)C(=O)N[C@@H]1C[C@H](N)[C@@H](O[C@H]2O[C@H](CN)CC[C@H]2N)[C@H](O)[C@H]1O[C@H]1O[C@H](CO)[C@@H](O)[C@H](N)[C@H]1O,0.0,0.41823056,
tdc_bioavailability_ma,"Chemprop v2 (D-MPNN, ensemble=3)",Chemprop v2,train,74,NC[C@H]1O[C@H](O[C@H]2[C@H](O)[C@@H](O[C@H]3O[C@H](CO)[C@@H](O)[C@H](N)[C@H]3O)[C@H](N)C[C@@H]2N)[C@H](N)C[C@@H]1O,0.0,0.41833296,
tdc_bioavailability_ma,"Chemprop v2 (D-MPNN, ensemble=3)",Chemprop v2,train,75,NC[C@H]1O[C@H](O[C@H]2[C@H](O)[C@@H](O[C@H]3O[C@H](CO)[C@@H](O)[C@H](N)[C@H]3O)[C@H](N)C[C@@H]2N)[C@H](O)[C@@H](O)[C@@H]1O,0.0,0.40341964,
tdc_bioavailability_ma,"Chemprop v2 (D-MPNN, ensemble=3)",Chemprop v2,train,76,CCC[C@H](N[C@@H](C)C(=O)N1[C@H](C(=O)O)C[C@@H]2CCCC[C@@H]21)C(=O)OCC,1.0,0.5277052,
tdc_bioavailability_ma,"Chemprop v2 (D-MPNN, ensemble=3)",Chemprop v2,train,77,C#C[C@]1(O)C=C[C@H]2[C@@H]3CCC4=CC(=O)CC[C@@H]4[C@H]3CC[C@@]21CC,1.0,0.48069468,
tdc_bioavailability_ma,"Chemprop v2 (D-MPNN, ensemble=3)",Chemprop v2,train,78,N=C(N)c1ccc(OCCCCCOc2ccc(C(=N)N)cc2)cc1,0.0,0.8321002,
tdc_bioavailability_ma,"Chemprop v2 (D-MPNN, ensemble=3)",Chemprop v2,train,79,COc1ccc2c(c1OC)C(=O)O[C@@H]2[C@H]1c2c(cc3c(c2OC)OCO3)CCN1C,1.0,0.7695379,
tdc_bioavailability_ma,"Chemprop v2 (D-MPNN, ensemble=3)",Chemprop v2,train,80,Cc1nnc2n1-c1ccc(Cl)cc1C(c1ccccc1)=NC2,1.0,0.8840155,
tdc_bioavailability_ma,"Chemprop v2 (D-MPNN, ensemble=3)",Chemprop v2,train,81,CN(C)Cc1nnc2n1-c1ccc(Cl)cc1C(c1ccccc1)=NC2,1.0,0.8904021,
tdc_bioavailability_ma,"Chemprop v2 (D-MPNN, ensemble=3)",Chemprop v2,train,82,Cc1nnc2n1-c1ccc(Cl)cc1C(c1ccccc1Cl)=NC2,1.0,0.90578717,
tdc_bioavailability_ma,"Chemprop v2 (D-MPNN, ensemble=3)",Chemprop v2,train,83,C[N+]1(CC2CC2)[C@@H]2C[C@@H](OC(=O)[C@H](CO)c3ccccc3)C[C@H]1[C@@H]1O[C@@H]12,0.0,0.48889503,
tdc_bioavailability_ma,"Chemprop v2 (D-MPNN, ensemble=3)",Chemprop v2,train,84,CN1C[C@H](C(=O)N[C@]2(C)O[C@@]3(O)[C@@H]4CCCN4C(=O)[C@H](Cc4ccccc4)N3C2=O)C=C2c3cccc4[nH]cc(c34)C[C@H]21,0.0,0.6438764,
tdc_bioavailability_ma,"Chemprop v2 (D-MPNN, ensemble=3)",Chemprop v2,train,85,Cc1cc(=O)n(-c2ccccc2)n1C,1.0,0.7902786,
tdc_bioavailability_ma,"Chemprop v2 (D-MPNN, ensemble=3)",Chemprop v2,train,86,CC(C)(Oc1ccc(CCNC(=O)c2ccc(Cl)cc2)cc1)C(=O)O,1.0,0.83132654,
tdc_bioavailability_ma,"Chemprop v2 (D-MPNN, ensemble=3)",Chemprop v2,train,87,O=C1C(O)=C([C@H]2CC[C@H](c3ccc(Cl)cc3)CC2)C(=O)c2ccccc21,0.0,0.80565065,
tdc_bioavailability_ma,"Chemprop v2 (D-MPNN, ensemble=3)",Chemprop v2,train,88,O=C(O)[C@H](CCc1ccccc1)N[C@H]1CCCN2CCC[C@@H](C(=O)O)N2C1=O,1.0,0.64036196,
tdc_bioavailability_ma,"Chemprop v2 (D-MPNN, ensemble=3)",Chemprop v2,train,89,CCOC(=O)[C@H](CCc1ccccc1)N[C@H]1CCCN2CCC[C@@H](C(=O)O)N2C1=O,1.0,0.64715403,
tdc_bioavailability_ma,"Chemprop v2 (D-MPNN, ensemble=3)",Chemprop v2,train,90,O=C(CCCN1CCC(O)(c2ccc(Cl)cc2)CC1)c1ccc(F)cc1,1.0,0.8038981,
tdc_bioavailability_ma,"Chemprop v2 (D-MPNN, ensemble=3)",Chemprop v2,train,91,COc1ccc(CCN(C)CCCC(C#N)(c2ccc(OC)c(OC)c2)C(C)C)cc1OC,1.0,0.79738396,
tdc_bioavailability_ma,"Chemprop v2 (D-MPNN, ensemble=3)",Chemprop v2,train,92,COc1ccc(CCN(C)CCCC(C#N)(c2cc(OC)c(OC)c(OC)c2)C(C)C)cc1OC,0.0,0.80853516,
tdc_bioavailability_ma,"Chemprop v2 (D-MPNN, ensemble=3)",Chemprop v2,train,93,CCC(=O)O[C@@H](O[P@](=O)(CCCCc1ccccc1)CC(=O)N1C[C@H](C2CCCCC2)C[C@H]1C(=O)O)C(C)C,1.0,0.6139996,
tdc_bioavailability_ma,"Chemprop v2 (D-MPNN, ensemble=3)",Chemprop v2,train,94,Cc1nnc(SCC2=C(C(=O)O)N3C(=O)[C@@H](NC(=O)Cn4cnnn4)[C@H]3SC2)s1,1.0,0.8084585,
tdc_bioavailability_ma,"Chemprop v2 (D-MPNN, ensemble=3)",Chemprop v2,train,95,COc1ccc(C2CNC(=O)C2)cc1OC1CCCC1,1.0,0.695911,
tdc_bioavailability_ma,"Chemprop v2 (D-MPNN, ensemble=3)",Chemprop v2,train,96,C#C[C@]1(O)CC[C@H]2[C@@H]3CCC4=CCCC[C@@H]4[C@H]3CC[C@@]21C,1.0,0.48119345,
tdc_bioavailability_ma,"Chemprop v2 (D-MPNN, ensemble=3)",Chemprop v2,train,97,Nc1nc(F)nc2c1ncn2[C@@H]1O[C@H](CO)[C@@H](O)[C@@H]1O,1.0,0.71038246,
tdc_bioavailability_ma,"Chemprop v2 (D-MPNN, ensemble=3)",Chemprop v2,train,98,Nc1ncnc2c1ncn2[C@@H]1O[C@H](CO)[C@@H](O)[C@@H]1O,0.0,0.67481995,
tdc_bioavailability_ma,"Chemprop v2 (D-MPNN, ensemble=3)",Chemprop v2,train,99,Nc1nc(Cl)nc2c1ncn2[C@H]1C[C@H](O)[C@@H](CO)O1,1.0,0.76521665,
tdc_bioavailability_ma,"Chemprop v2 (D-MPNN, ensemble=3)",Chemprop v2,train,100,NS(=O)(=O)Cc1noc2ccccc12,1.0,0.78777313,
tdc_bioavailability_ma,"Chemprop v2 (D-MPNN, ensemble=3)",Chemprop v2,train,101,NS(=O)(=O)c1cc2c(cc1Cl)NC=NS2(=O)=O,0.0,0.8374932,
tdc_bioavailability_ma,"Chemprop v2 (D-MPNN, ensemble=3)",Chemprop v2,train,102,CC1=NS(=O)(=O)c2cc(Cl)ccc2N1,1.0,0.7924199,
tdc_bioavailability_ma,"Chemprop v2 (D-MPNN, ensemble=3)",Chemprop v2,train,103,Nc1ccc(S(=O)(=O)c2ccc(N)cc2)cc1,1.0,0.8242881,
tdc_bioavailability_ma,"Chemprop v2 (D-MPNN, ensemble=3)",Chemprop v2,train,104,Cc1onc(-c2ccccc2Cl)c1C(=O)N[C@@H]1C(=O)N2[C@@H]1SC(C)(C)[C@@H]2C(=O)O,1.0,0.77042294,
tdc_bioavailability_ma,"Chemprop v2 (D-MPNN, ensemble=3)",Chemprop v2,train,105,Cc1onc(-c2ccccc2)c1C(=O)N[C@@H]1C(=O)N2[C@@H]1SC(C)(C)[C@@H]2C(=O)O,1.0,0.72644454,
tdc_bioavailability_ma,"Chemprop v2 (D-MPNN, ensemble=3)",Chemprop v2,train,106,Cc1onc(-c2c(Cl)cccc2Cl)c1C(=O)N[C@@H]1C(=O)N2[C@@H]1SC(C)(C)[C@@H]2C(=O)O,1.0,0.8085901,
tdc_bioavailability_ma,"Chemprop v2 (D-MPNN, ensemble=3)",Chemprop v2,train,107,O=C(O)CCC(=O)c1ccc(-c2ccccc2)cc1,1.0,0.7994885,
tdc_bioavailability_ma,"Chemprop v2 (D-MPNN, ensemble=3)",Chemprop v2,train,108,O=C(O)c1cc(-c2ccc(F)cc2F)ccc1O,1.0,0.842153,
tdc_bioavailability_ma,"Chemprop v2 (D-MPNN, ensemble=3)",Chemprop v2,train,109,CC(C(=O)O)c1ccc(-c2ccccc2)c(F)c1,1.0,0.7990678,
tdc_bioavailability_ma,"Chemprop v2 (D-MPNN, ensemble=3)",Chemprop v2,train,110,CN(C)C(=O)C(CCN1CCC(O)(c2ccc(Cl)cc2)CC1)(c1ccccc1)c1ccccc1,1.0,0.8326454,
tdc_bioavailability_ma,"Chemprop v2 (D-MPNN, ensemble=3)",Chemprop v2,train,111,COc1cc2nc(N3CCN(C(=O)c4ccco4)CC3)nc(N)c2cc1OC,1.0,0.88127834,
tdc_bioavailability_ma,"Chemprop v2 (D-MPNN, ensemble=3)",Chemprop v2,train,112,O=C(NCCNCC(O)COc1ccc(O)cc1)N1CCOCC1,0.0,0.71094674,
tdc_bioavailability_ma,"Chemprop v2 (D-MPNN, ensemble=3)",Chemprop v2,train,113,CC1=C(C(=O)O)N2C(=O)[C@@H](NC(=O)[C@H](N)c3ccc(O)cc3)[C@H]2SC1,1.0,0.70400685,
tdc_bioavailability_ma,"Chemprop v2 (D-MPNN, ensemble=3)",Chemprop v2,train,114,CC1=C(C(=O)O)N2C(=O)[C@@H](NC(=O)[C@H](N)c3ccccc3)[C@H]2SC1,1.0,0.6954501,
tdc_bioavailability_ma,"Chemprop v2 (D-MPNN, ensemble=3)",Chemprop v2,train,115,CC=CC1=C(C(=O)O)N2C(=O)[C@@H](NC(=O)[C@H](N)c3ccc(O)cc3)[C@H]2SC1,1.0,0.7204655,
tdc_bioavailability_ma,"Chemprop v2 (D-MPNN, ensemble=3)",Chemprop v2,train,116,N[C@@H](C(=O)N[C@@H]1C(=O)N2C(C(=O)O)=C(Cl)CS[C@H]12)c1ccccc1,1.0,0.73128766,
tdc_bioavailability_ma,"Chemprop v2 (D-MPNN, ensemble=3)",Chemprop v2,train,117,CN1CCN(C2=Nc3cc(Cl)ccc3Nc3ccccc32)CC1,1.0,0.84095937,
tdc_bioavailability_ma,"Chemprop v2 (D-MPNN, ensemble=3)",Chemprop v2,train,118,CN(C)CCN(Cc1cccs1)c1ccccn1,0.0,0.77758026,
tdc_bioavailability_ma,"Chemprop v2 (D-MPNN, ensemble=3)",Chemprop v2,train,119,CCC(=O)N(c1ccccc1)C1CCN(CCc2ccccc2)CC1,0.0,0.7605241,
tdc_bioavailability_ma,"Chemprop v2 (D-MPNN, ensemble=3)",Chemprop v2,train,120,CC(C)(C)NC(=O)[C@@H]1C[C@@H]2CCCC[C@@H]2CN1C[C@@H](O)[C@H](Cc1ccccc1)NC(=O)[C@H](CC(N)=O)NC(=O)c1ccc2ccccc2n1,0.0,0.75516313,
tdc_bioavailability_ma,"Chemprop v2 (D-MPNN, ensemble=3)",Chemprop v2,train,121,CO[C@@H]1[C@@H](O[C@@H]2O[C@H](C)[C@@H](O[C@H]3C[C@@](C)(O)[C@@H](O)[C@H](C)O3)[C@H](N(C)C)[C@H]2O)[C@@H](CC=O)C[C@@H](C)[C@@H](O[C@H]2CC[C@H](N(C)C)[C@H](C)O2)/C=C/C=C/C[C@@H](C)OC(=O)C[C@H]1O,1.0,0.40259168,
tdc_bioavailability_ma,"Chemprop v2 (D-MPNN, ensemble=3)",Chemprop v2,train,122,CN(C)CC(Oc1ccccc1)Oc1ccccc1,1.0,0.7622485,
tdc_bioavailability_ma,"Chemprop v2 (D-MPNN, ensemble=3)",Chemprop v2,train,123,CN1CCC[C@@H]1Cc1c[nH]c2ccc(CCS(=O)(=O)c3ccccc3)cc12,1.0,0.79918414,
tdc_bioavailability_ma,"Chemprop v2 (D-MPNN, ensemble=3)",Chemprop v2,train,124,OC(CNCC(O)C1CCc2cc(F)ccc2O1)C1CCc2cc(F)ccc2O1,1.0,0.7533877,
tdc_bioavailability_ma,"Chemprop v2 (D-MPNN, ensemble=3)",Chemprop v2,train,125,O=C(NC1CCN(CCc2c[nH]c3ccccc23)CC1)c1ccccc1,0.0,0.8042323,
tdc_bioavailability_ma,"Chemprop v2 (D-MPNN, ensemble=3)",Chemprop v2,train,126,NC(=O)c1ncn([C@@H]2O[C@H](CO)[C@@H](O)[C@H]2O)n1,1.0,0.63150483,
tdc_bioavailability_ma,"Chemprop v2 (D-MPNN, ensemble=3)",Chemprop v2,train,127,CC(C)NCC(O)COc1ccc(CCOCC2CC2)cc1,1.0,0.66713446,
tdc_bioavailability_ma,"Chemprop v2 (D-MPNN, ensemble=3)",Chemprop v2,train,128,C[C@@H](O)[C@H]1C(=O)N2C(C(=O)O)=C(S[C@@H]3CN[C@H](C(=O)N(C)C)C3)[C@H](C)[C@H]12,0.0,0.51219195,
tdc_bioavailability_ma,"Chemprop v2 (D-MPNN, ensemble=3)",Chemprop v2,train,129,C[C@@H]1O[C@@H](O[C@@H]2C=C3CC[C@@H]4[C@H](CC[C@]5(C)[C@@H](c6ccc(=O)oc6)CC[C@]45O)[C@@]3(C)CC2)[C@H](O)[C@H](O)[C@H]1O,0.0,0.431772,
tdc_bioavailability_ma,"Chemprop v2 (D-MPNN, ensemble=3)",Chemprop v2,train,130,Nc1ccn([C@@H]2O[C@H](CO)[C@@H](O)[C@@H]2O)c(=O)n1,0.0,0.6041437,
tdc_bioavailability_ma,"Chemprop v2 (D-MPNN, ensemble=3)",Chemprop v2,train,131,Nc1ccn([C@H]2CC[C@@H](CO)O2)c(=O)n1,1.0,0.69213295,
tdc_bioavailability_ma,"Chemprop v2 (D-MPNN, ensemble=3)",Chemprop v2,train,132,Cc1cc2c(s1)Nc1ccccc1N=C2N1CCN(C)CC1,1.0,0.8105686,
tdc_bioavailability_ma,"Chemprop v2 (D-MPNN, ensemble=3)",Chemprop v2,train,133,O=C1NS(=O)(=O)c2ccccc21,1.0,0.7574394,
tdc_bioavailability_ma,"Chemprop v2 (D-MPNN, ensemble=3)",Chemprop v2,train,134,Cn1nnc2c(C(N)=O)ncn2c1=O,1.0,0.84264547,
tdc_bioavailability_ma,"Chemprop v2 (D-MPNN, ensemble=3)",Chemprop v2,train,135,CC1=CC[C@@H](C(C)(C)O)C[C@@H]1O,1.0,0.553967,
tdc_bioavailability_ma,"Chemprop v2 (D-MPNN, ensemble=3)",Chemprop v2,train,136,CC1=C(/C=C/C(C)=C/C=C/C(C)=C\C(=O)O)C(C)(C)CCC1,1.0,0.6932943,
tdc_bioavailability_ma,"Chemprop v2 (D-MPNN, ensemble=3)",Chemprop v2,train,137,C[C@H]1O[C@@H](O[C@H]2[C@@H](O)C[C@H](O[C@H]3[C@@H](O)C[C@H](O[C@H]4CC[C@@]5(C)[C@H](CC[C@@H]6[C@@H]5C[C@@H](O)[C@]5(C)[C@@H](C7=CC(=O)OC7)CC[C@]65O)C4)O[C@@H]3C)O[C@@H]2C)C[C@H](O)[C@@H]1O,1.0,0.36841974,
tdc_bioavailability_ma,"Chemprop v2 (D-MPNN, ensemble=3)",Chemprop v2,train,138,C[C@H]1O[C@@H](O[C@H]2[C@@H](O)C[C@H](O[C@H]3[C@@H](O)C[C@H](O[C@H]4CC[C@@]5(C)[C@H](CC[C@@H]6[C@@H]5CC[C@]5(C)[C@@H](C7=CC(=O)OC7)CC[C@]65O)C4)O[C@@H]3C)O[C@@H]2C)C[C@H](O)[C@@H]1O,1.0,0.37915978,
tdc_bioavailability_ma,"Chemprop v2 (D-MPNN, ensemble=3)",Chemprop v2,train,139,N[C@@H]1[C@H]2CN(c3nc4c(cc3F)c(=O)c(C(=O)O)cn4-c3ccc(F)cc3F)C[C@@H]12,1.0,0.8881755,
tdc_bioavailability_ma,"Chemprop v2 (D-MPNN, ensemble=3)",Chemprop v2,train,140,CN(C)CCCOc1nn(Cc2ccccc2)c2ccccc12,1.0,0.82950807,
tdc_bioavailability_ma,"Chemprop v2 (D-MPNN, ensemble=3)",Chemprop v2,train,141,CC(C)=CCN1CC[C@@]2(C)c3cc(O)ccc3C[C@@H]1[C@@H]2C,0.0,0.6041333,
tdc_bioavailability_ma,"Chemprop v2 (D-MPNN, ensemble=3)",Chemprop v2,train,142,CN(C)CCCOC1(Cc2ccccc2)CCCCCC1,1.0,0.66345507,
tdc_bioavailability_ma,"Chemprop v2 (D-MPNN, ensemble=3)",Chemprop v2,train,143,CC[N+]1(C)[C@@H]2C[C@@H](OC(=O)[C@H](CO)c3ccccc3)C[C@H]1[C@@H]1O[C@@H]12,0.0,0.5022555,
tdc_bioavailability_ma,"Chemprop v2 (D-MPNN, ensemble=3)",Chemprop v2,train,144,NS(=O)(=O)c1cc(C(=O)O)cc(N2CCCC2)c1Oc1ccccc1,1.0,0.8462177,
tdc_bioavailability_ma,"Chemprop v2 (D-MPNN, ensemble=3)",Chemprop v2,train,145,CC[C@@H](C(N)=O)N1CCCC1=O,1.0,0.635041,
tdc_bioavailability_ma,"Chemprop v2 (D-MPNN, ensemble=3)",Chemprop v2,train,146,COc1cc2nc(N(C)CCCNC(=O)C3CCCO3)nc(N)c2cc1OC,1.0,0.82519597,
tdc_bioavailability_ma,"Chemprop v2 (D-MPNN, ensemble=3)",Chemprop v2,train,147,CN1CCOC(c2ccccc2)c2ccccc2C1,1.0,0.73022574,
tdc_bioavailability_ma,"Chemprop v2 (D-MPNN, ensemble=3)",Chemprop v2,train,148,CC(C)(C)NC(=O)[C@H]1CC[C@H]2[C@@H]3CC[C@H]4NC(=O)C=C[C@]4(C)[C@H]3CC[C@]12C,1.0,0.49282172,
tdc_bioavailability_ma,"Chemprop v2 (D-MPNN, ensemble=3)",Chemprop v2,train,149,COc1ccc2c3c1O[C@H]1[C@@H](O)CC[C@H]4[C@@H](C2)N(C)CC[C@@]341,0.0,0.546748,
tdc_bioavailability_ma,"Chemprop v2 (D-MPNN, ensemble=3)",Chemprop v2,train,150,NC(N)=NCCN1CCCCCCC1,0.0,0.64590603,
tdc_bioavailability_ma,"Chemprop v2 (D-MPNN, ensemble=3)",Chemprop v2,train,151,NC12CC3CC(CC(C3)C1)C2,1.0,0.5474727,
tdc_bioavailability_ma,"Chemprop v2 (D-MPNN, ensemble=3)",Chemprop v2,train,152,O=C1c2ccccc2C(=O)C1c1ccccc1,1.0,0.784116,
tdc_bioavailability_ma,"Chemprop v2 (D-MPNN, ensemble=3)",Chemprop v2,train,153,CN(C)CCOC1=Cc2ccccc2Sc2ccc(Cl)cc21,0.0,0.8214004,
tdc_bioavailability_ma,"Chemprop v2 (D-MPNN, ensemble=3)",Chemprop v2,train,154,Cc1noc(NS(=O)(=O)c2ccc(N)cc2)c1C,1.0,0.8277011,
tdc_bioavailability_ma,"Chemprop v2 (D-MPNN, ensemble=3)",Chemprop v2,train,155,Cc1ccccc1N1C(=O)c2cc(S(N)(=O)=O)c(Cl)cc2NC1C,1.0,0.8679707,
tdc_bioavailability_ma,"Chemprop v2 (D-MPNN, ensemble=3)",Chemprop v2,train,156,O=C(c1ccccc1)c1ccc2n1CCC2C(=O)O,1.0,0.7877171,
tdc_bioavailability_ma,"Chemprop v2 (D-MPNN, ensemble=3)",Chemprop v2,train,157,CC(C)(C)NC[C@H](O)COc1ccccc1C1CCCC1,1.0,0.66107076,
tdc_bioavailability_ma,"Chemprop v2 (D-MPNN, ensemble=3)",Chemprop v2,train,158,CCC1(c2ccccc2)C(=O)NCNC1=O,1.0,0.72512525,
tdc_bioavailability_ma,"Chemprop v2 (D-MPNN, ensemble=3)",Chemprop v2,train,159,c1ccc(C2(c3ccccc3)CC2C2=NCCN2)cc1,1.0,0.7231829,
tdc_bioavailability_ma,"Chemprop v2 (D-MPNN, ensemble=3)",Chemprop v2,train,160,NC(=O)N1c2ccccc2C=Cc2ccccc21,1.0,0.83162165,
tdc_bioavailability_ma,"Chemprop v2 (D-MPNN, ensemble=3)",Chemprop v2,train,161,CCOc1ccc(/C=C2\NCCc3cc(OCC)c(OCC)cc32)cc1OCC,1.0,0.8286924,
tdc_bioavailability_ma,"Chemprop v2 (D-MPNN, ensemble=3)",Chemprop v2,train,162,CN(Cc1cnc2nc(N)nc(N)c2n1)c1ccc(C(=O)N[C@@H](CCC(=O)O)C(=O)O)cc1,1.0,0.9045431,
tdc_bioavailability_ma,"Chemprop v2 (D-MPNN, ensemble=3)",Chemprop v2,train,163,NC[C@@H]1O[C@H](O[C@H]2[C@@H](O)[C@H](O[C@@H]3[C@@H](O)[C@H](N)C[C@H](N)[C@H]3O[C@H]3O[C@H](CO)[C@@H](O)[C@H](O)[C@H]3N)O[C@@H]2CO)[C@H](N)[C@@H](O)[C@@H]1O,0.0,0.37034997,
tdc_bioavailability_ma,"Chemprop v2 (D-MPNN, ensemble=3)",Chemprop v2,train,164,Cc1cn([C@H]2C=C[C@@H](CO)O2)c(=O)[nH]c1=O,1.0,0.68591595,
tdc_bioavailability_ma,"Chemprop v2 (D-MPNN, ensemble=3)",Chemprop v2,train,165,CC(C)(C)NCC(O)COc1cccc2c1C[C@H](O)[C@H](O)C2,1.0,0.61831605,
tdc_bioavailability_ma,"Chemprop v2 (D-MPNN, ensemble=3)",Chemprop v2,train,166,O=C(NCCN1CCOCC1)c1ccc(Cl)cc1,1.0,0.75106907,
tdc_bioavailability_ma,"Chemprop v2 (D-MPNN, ensemble=3)",Chemprop v2,train,167,CC1(C)S[C@@H]2[C@H](N=CN3CCCCCC3)C(=O)N2[C@H]1C(=O)O,0.0,0.5257551,
tdc_bioavailability_ma,"Chemprop v2 (D-MPNN, ensemble=3)",Chemprop v2,train,168,Cn1c(=O)c2c(ncn2C)n(C)c1=O,1.0,0.8059067,
tdc_bioavailability_ma,"Chemprop v2 (D-MPNN, ensemble=3)",Chemprop v2,train,169,CC(=O)CCCCn1c(=O)c2c(ncn2C)n(C)c1=O,1.0,0.815882,
tdc_bioavailability_ma,"Chemprop v2 (D-MPNN, ensemble=3)",Chemprop v2,train,170,Cn1c(=O)c2[nH]cnc2n(C)c1=O,1.0,0.8013382,
tdc_bioavailability_ma,"Chemprop v2 (D-MPNN, ensemble=3)",Chemprop v2,train,171,CC(O)Cn1cnc2c1c(=O)n(C)c(=O)n2C,1.0,0.7997945,
tdc_bioavailability_ma,"Chemprop v2 (D-MPNN, ensemble=3)",Chemprop v2,train,172,CC[C@H]1OC(=O)[C@H](C)C(=O)[C@H](C)[C@@H](O[C@@H]2O[C@H](C)C[C@H](N(C)C)[C@H]2O)[C@](C)(OC)C[C@@H](C)C(=O)[C@H](C)[C@H]2N(CCCCn3cnc(-c4cccnc4)c3)C(=O)O[C@]12C,1.0,0.53795487,
tdc_bioavailability_ma,"Chemprop v2 (D-MPNN, ensemble=3)",Chemprop v2,train,173,N[C@H]1C(O)O[C@H](CO)[C@@H](O)[C@@H]1O,1.0,0.495504,
tdc_bioavailability_ma,"Chemprop v2 (D-MPNN, ensemble=3)",Chemprop v2,train,174,CN(N=O)C(=O)N[C@@H]1[C@@H](O)[C@H](O)[C@@H](CO)O[C@@H]1O,1.0,0.5150663,
tdc_bioavailability_ma,"Chemprop v2 (D-MPNN, ensemble=3)",Chemprop v2,train,175,CC[P](CC)(CC)=[Au][S][C@@H]1O[C@H](COC(C)=O)[C@@H](OC(C)=O)[C@H](OC(C)=O)[C@H]1OC(C)=O,0.0,0.5124839,
tdc_bioavailability_ma,"Chemprop v2 (D-MPNN, ensemble=3)",Chemprop v2,train,176,Oc1c(Cl)cc(Cl)c2cccnc12,1.0,0.8331074,
tdc_bioavailability_ma,"Chemprop v2 (D-MPNN, ensemble=3)",Chemprop v2,train,177,CCN(CCO)CCCC(C)Nc1ccnc2cc(Cl)ccc12,1.0,0.7880862,
tdc_bioavailability_ma,"Chemprop v2 (D-MPNN, ensemble=3)",Chemprop v2,train,178,CCN(CC)CCCC(C)Nc1ccnc2cc(Cl)ccc12,1.0,0.79539186,
tdc_bioavailability_ma,"Chemprop v2 (D-MPNN, ensemble=3)",Chemprop v2,train,179,COc1cc(NC(C)CCCN)c2ncccc2c1,1.0,0.7764022,
tdc_bioavailability_ma,"Chemprop v2 (D-MPNN, ensemble=3)",Chemprop v2,train,180,O=c1[nH]c2ccccc2n1CCCN1CCC(n2c(=O)[nH]c3cc(Cl)ccc32)CC1,0.0,0.87302023,
tdc_bioavailability_ma,"Chemprop v2 (D-MPNN, ensemble=3)",Chemprop v2,train,181,COC(=O)C1=C(C)NC(C)=C(C(=O)O[C@H]2CCN(Cc3ccccc3)C2)[C@H]1c1cccc([N+](=O)[O-])c1,0.0,0.81821275,
tdc_bioavailability_ma,"Chemprop v2 (D-MPNN, ensemble=3)",Chemprop v2,train,182,O=C(NCCO[N+](=O)[O-])c1cccnc1,1.0,0.7740927,
tdc_bioavailability_ma,"Chemprop v2 (D-MPNN, ensemble=3)",Chemprop v2,train,183,COc1nc(C(Cl)(Cl)Cl)c(Cl)c(OC)c1Cl,1.0,0.89945513,
tdc_bioavailability_ma,"Chemprop v2 (D-MPNN, ensemble=3)",Chemprop v2,train,184,NNC(=O)c1ccncc1,1.0,0.7477357,
tdc_bioavailability_ma,"Chemprop v2 (D-MPNN, ensemble=3)",Chemprop v2,train,185,Clc1ccc(COC(Cn2ccnc2)c2ccc(Cl)cc2Cl)c(Cl)c1,1.0,0.89902705,
tdc_bioavailability_ma,"Chemprop v2 (D-MPNN, ensemble=3)",Chemprop v2,train,186,CN1CCc2cccc3c2[C@H]1Cc1ccc(O)c(O)c1-3,0.0,0.7462959,
tdc_bioavailability_ma,"Chemprop v2 (D-MPNN, ensemble=3)",Chemprop v2,train,187,COC1=CC(=O)C[C@@H](C)[C@]12Oc1c(Cl)c(OC)cc(OC)c1C2=O,1.0,0.76571465,
tdc_bioavailability_ma,"Chemprop v2 (D-MPNN, ensemble=3)",Chemprop v2,train,188,Cn1cnc([N+](=O)[O-])c1Sc1ncnc2nc[nH]c12,1.0,0.87302685,
tdc_bioavailability_ma,"Chemprop v2 (D-MPNN, ensemble=3)",Chemprop v2,train,189,O=C(c1ccc(F)cc1)C1CCN(CCn2c(=O)[nH]c3ccccc3c2=O)CC1,1.0,0.85538226,
tdc_bioavailability_ma,"Chemprop v2 (D-MPNN, ensemble=3)",Chemprop v2,train,190,COc1ccc(CCN2CCC(Nc3nc4ccccc4n3Cc3ccc(F)cc3)CC2)cc1,0.0,0.87709194,
tdc_bioavailability_ma,"Chemprop v2 (D-MPNN, ensemble=3)",Chemprop v2,train,191,CNC(=C[N+](=O)[O-])NCCSCc1ccc(CN(C)C)o1,1.0,0.76326966,
tdc_bioavailability_ma,"Chemprop v2 (D-MPNN, ensemble=3)",Chemprop v2,train,192,CN(CCOc1ccc(NS(C)(=O)=O)cc1)CCc1ccc(NS(C)(=O)=O)cc1,1.0,0.8308839,
tdc_bioavailability_ma,"Chemprop v2 (D-MPNN, ensemble=3)",Chemprop v2,train,193,CCOc1ccccc1OCCN[C@H](C)Cc1ccc(OC)c(S(N)(=O)=O)c1,1.0,0.8171601,
tdc_bioavailability_ma,"Chemprop v2 (D-MPNN, ensemble=3)",Chemprop v2,train,194,O=C(CCCN1CC=C(n2c(=O)[nH]c3ccccc32)CC1)c1ccc(F)cc1,1.0,0.85861754,
tdc_bioavailability_ma,"Chemprop v2 (D-MPNN, ensemble=3)",Chemprop v2,train,195,CN1C[C@H](C(=O)N[C@]2(C)O[C@@]3(O)[C@@H]4CCCN4C(=O)[C@H](Cc4ccccc4)N3C2=O)C[C@@H]2c3cccc4[nH]cc(c34)C[C@H]21,0.0,0.591312,
tdc_bioavailability_ma,"Chemprop v2 (D-MPNN, ensemble=3)",Chemprop v2,train,196,Nc1ncnc2c1ncn2CCOCP(=O)(O)O,0.0,0.78253585,
tdc_bioavailability_ma,"Chemprop v2 (D-MPNN, ensemble=3)",Chemprop v2,train,197,C[C@H](Cn1cnc2c(N)ncnc21)OCP(=O)(O)O,1.0,0.7692968,
tdc_bioavailability_ma,"Chemprop v2 (D-MPNN, ensemble=3)",Chemprop v2,train,198,CC(=O)OCC(CCn1cnc2cnc(N)nc21)COC(C)=O,1.0,0.8202045,
tdc_bioavailability_ma,"Chemprop v2 (D-MPNN, ensemble=3)",Chemprop v2,train,199,C[C@H](NCCc1ccc(O)cc1)[C@H](O)c1ccc(O)cc1,1.0,0.71324724,
tdc_bioavailability_ma,"Chemprop v2 (D-MPNN, ensemble=3)",Chemprop v2,train,200,CC(Cc1ccc(O)cc1)NCC(O)c1cc(O)cc(O)c1,0.0,0.7441948,
tdc_bioavailability_ma,"Chemprop v2 (D-MPNN, ensemble=3)",Chemprop v2,train,201,S=c1nc[nH]c2nc[nH]c12,0.0,0.77861404,
tdc_bioavailability_ma,"Chemprop v2 (D-MPNN, ensemble=3)",Chemprop v2,train,202,CCc1c2c(nc3ccc(OC(=O)N4CCC(N5CCCCC5)CC4)cc13)-c1cc3c(c(=O)n1C2)COC(=O)[C@]3(O)CC,0.0,0.8456021,
tdc_bioavailability_ma,"Chemprop v2 (D-MPNN, ensemble=3)",Chemprop v2,train,203,C=CCNc1nc(NCC=C)nc(N2CCN(C(c3ccc(F)cc3)c3ccc(F)cc3)CC2)n1,1.0,0.9000132,
tdc_bioavailability_ma,"Chemprop v2 (D-MPNN, ensemble=3)",Chemprop v2,train,204,CC(C)N=c1cc2n(-c3ccc(Cl)cc3)c3ccccc3nc-2cc1Nc1ccc(Cl)cc1,1.0,0.94327706,
tdc_bioavailability_ma,"Chemprop v2 (D-MPNN, ensemble=3)",Chemprop v2,train,205,CCOC(=O)[C@H](CCc1ccccc1)N[C@@H](C)C(=O)N1Cc2ccccc2C[C@H]1C(=O)O,1.0,0.7350285,
tdc_bioavailability_ma,"Chemprop v2 (D-MPNN, ensemble=3)",Chemprop v2,train,206,O=C(CCCN1CCC(n2c(O)nc3ccccc32)CC1)c1ccc(F)cc1,1.0,0.8334177,
tdc_bioavailability_ma,"Chemprop v2 (D-MPNN, ensemble=3)",Chemprop v2,train,207,CC(C)n1c(/C=C/[C@H](O)C[C@H](O)CC(=O)O)c(-c2ccc(F)cc2)c2ccccc21,1.0,0.8050402,
tdc_bioavailability_ma,"Chemprop v2 (D-MPNN, ensemble=3)",Chemprop v2,train,208,CC1(C)O[C@@H]2C[C@H]3[C@@H]4C[C@H](F)C5=CC(=O)C=C[C@]5(C)[C@H]4[C@@H](O)C[C@]3(C)[C@]2(C(=O)CO)O1,0.0,0.449363,
tdc_bioavailability_ma,"Chemprop v2 (D-MPNN, ensemble=3)",Chemprop v2,train,209,CCCC1O[C@@H]2C[C@H]3[C@@H]4CCC5=CC(=O)C=C[C@]5(C)[C@H]4[C@@H](O)C[C@]3(C)[C@]2(C(=O)CO)O1,0.0,0.45218885,
tdc_bioavailability_ma,"Chemprop v2 (D-MPNN, ensemble=3)",Chemprop v2,train,210,COc1cc2c(c(OC)c1OC)-c1ccc(OC)c(=O)cc1C(NC(C)=O)CC2,1.0,0.833803,
tdc_bioavailability_ma,"Chemprop v2 (D-MPNN, ensemble=3)",Chemprop v2,train,211,C=C1/C(=C\C=C2/CCC[C@]3(C)[C@@H]([C@H](C)CCCC(C)(C)O)CC[C@@H]23)C[C@@H](O)C[C@@H]1O,1.0,0.50160116,
tdc_bioavailability_ma,"Chemprop v2 (D-MPNN, ensemble=3)",Chemprop v2,train,212,CO[C@]12CC[C@@]3(C[C@@H]1[C@](C)(O)C(C)(C)C)[C@H]1Cc4ccc(O)c5c4[C@@]3(CCN1CC1CC1)[C@H]2O5,1.0,0.47761345,
tdc_bioavailability_ma,"Chemprop v2 (D-MPNN, ensemble=3)",Chemprop v2,train,213,CC(C)(O/N=C(\C(=O)N[C@@H]1C(=O)N2C(C(=O)[O-])=C(C[n+]3ccccc3)CS[C@H]12)c1csc(N)n1)C(=O)O,0.0,0.8294031,
tdc_bioavailability_ma,"Chemprop v2 (D-MPNN, ensemble=3)",Chemprop v2,train,214,CCC1(c2cccc(O)c2)CCCCN(C)C1,0.0,0.66939116,
tdc_bioavailability_ma,"Chemprop v2 (D-MPNN, ensemble=3)",Chemprop v2,train,215,C[C@@H](O[C@H]1OCCN(Cc2n[nH]c(=O)[nH]2)[C@H]1c1ccc(F)cc1)c1cc(C(F)(F)F)cc(C(F)(F)F)c1,1.0,0.90850455,
tdc_bioavailability_ma,"Chemprop v2 (D-MPNN, ensemble=3)",Chemprop v2,train,216,CC1(C)S[C@@H]2[C@H](NC(=O)[C@H](C(=O)O)c3ccsc3)C(=O)N2[C@H]1C(=O)O,0.0,0.6008639,
tdc_bioavailability_ma,"Chemprop v2 (D-MPNN, ensemble=3)",Chemprop v2,train,217,COc1ccccc1N1CCN(CCCNc2cc(=O)n(C)c(=O)n2C)CC1,1.0,0.82007,
tdc_bioavailability_ma,"Chemprop v2 (D-MPNN, ensemble=3)",Chemprop v2,train,218,NS(=O)(=O)c1cc(C(=O)O)c(NCc2ccco2)cc1Cl,1.0,0.8608864,
tdc_bioavailability_ma,"Chemprop v2 (D-MPNN, ensemble=3)",Chemprop v2,train,219,CCOC(=O)C1(c2ccccc2)CCN(C)CC1,1.0,0.69056153,
tdc_bioavailability_ma,"Chemprop v2 (D-MPNN, ensemble=3)",Chemprop v2,train,220,CCC(=O)C1(c2cccc(O)c2)CCN(C)CC1,1.0,0.6872008,
tdc_bioavailability_ma,"Chemprop v2 (D-MPNN, ensemble=3)",Chemprop v2,train,221,CN[C@@H]1CCc2[nH]c3ccc(C(N)=O)cc3c2C1,1.0,0.7628947,
tdc_bioavailability_ma,"Chemprop v2 (D-MPNN, ensemble=3)",Chemprop v2,train,222,CN1CCN(C(=O)OC2c3nccnc3C(=O)N2c2ccc(Cl)cn2)CC1,1.0,0.85998636,
tdc_bioavailability_ma,"Chemprop v2 (D-MPNN, ensemble=3)",Chemprop v2,train,223,CCOC(=O)[C@H](CCc1ccccc1)N[C@@H](C)C(=O)N1[C@H](C(=O)O)C[C@@H]2CCC[C@@H]21,1.0,0.59568506,
tdc_bioavailability_ma,"Chemprop v2 (D-MPNN, ensemble=3)",Chemprop v2,train,224,CC(=O)O[C@H]1C[C@@H]2CC[C@@H]3[C@H](CC[C@@]4(C)[C@H]3C[C@H]([N+]3(C)CCCCC3)[C@@H]4OC(C)=O)[C@@]2(C)C[C@@H]1N1CCCCC1,0.0,0.44341722,
tdc_bioavailability_ma,"Chemprop v2 (D-MPNN, ensemble=3)",Chemprop v2,train,225,CC(C)C[C@H]1C(=O)N2CCC[C@H]2[C@]2(O)O[C@](NC(=O)[C@@H]3C=C4c5cccc6[nH]c(Br)c(c56)C[C@H]4N(C)C3)(C(C)C)C(=O)N12,0.0,0.61574364,
tdc_bioavailability_ma,"Chemprop v2 (D-MPNN, ensemble=3)",Chemprop v2,train,226,CCCNCC(O)COc1ccccc1C(=O)CCc1ccccc1,0.0,0.7716761,
tdc_bioavailability_ma,"Chemprop v2 (D-MPNN, ensemble=3)",Chemprop v2,train,227,CCCN(CCC)CCc1cccc2c1CC(=O)N2,1.0,0.7299404,
tdc_bioavailability_ma,"Chemprop v2 (D-MPNN, ensemble=3)",Chemprop v2,train,228,C[C@@H](O)[C@@H]1NC(=O)[C@H](CCCCN)NC(=O)[C@@H](Cc2c[nH]c3ccccc23)NC(=O)[C@H](Cc2ccccc2)NC(=O)[C@@H](NC(=O)[C@H](N)Cc2ccccc2)CSSC[C@@H](C(=O)N[C@H](CO)[C@@H](C)O)NC1=O,0.0,0.7298563,
tdc_bioavailability_ma,"Chemprop v2 (D-MPNN, ensemble=3)",Chemprop v2,train,229,CN(C)[C@@H]1C(O)=C(C(N)=O)C(=O)[C@@]2(O)C(O)=C3C(=O)c4c(O)ccc(Cl)c4[C@@](C)(O)[C@H]3C[C@@H]12,1.0,0.69470876,
tdc_bioavailability_ma,"Chemprop v2 (D-MPNN, ensemble=3)",Chemprop v2,train,230,CN(C)[C@@H]1C(O)=C(C(N)=O)C(=O)[C@@]2(O)C(O)=C3C(=O)c4c(O)ccc(Cl)c4[C@@H](O)[C@H]3C[C@@H]12,1.0,0.6895959,
tdc_bioavailability_ma,"Chemprop v2 (D-MPNN, ensemble=3)",Chemprop v2,train,231,CN(C)c1ccc(O)c2c1C[C@H]1C[C@H]3[C@H](N(C)C)C(O)=C(C(N)=O)C(=O)[C@@]3(O)C(O)=C1C2=O,1.0,0.6943669,
tdc_bioavailability_ma,"Chemprop v2 (D-MPNN, ensemble=3)",Chemprop v2,train,232,CN(C)[C@@H]1C(O)=C(C(N)=O)C(=O)[C@@]2(O)C(O)=C3C(=O)c4c(O)cccc4[C@@](C)(O)[C@H]3C[C@@H]12,1.0,0.64717215,
tdc_bioavailability_ma,"Chemprop v2 (D-MPNN, ensemble=3)",Chemprop v2,train,233,CN(C)[C@@H]1C(O)=C(C(N)=O)C(=O)[C@@]2(O)C(O)=C3C(=O)c4c(O)cccc4[C@@](C)(O)[C@H]3[C@H](O)[C@@H]12,1.0,0.5920098,
tdc_bioavailability_ma,"Chemprop v2 (D-MPNN, ensemble=3)",Chemprop v2,train,234,C[C@H]1c2cccc(O)c2C(=O)C2=C(O)[C@]3(O)C(=O)C(C(N)=O)=C(O)[C@@H](N(C)C)[C@@H]3[C@@H](O)[C@@H]21,1.0,0.5867295,
tdc_bioavailability_ma,"Chemprop v2 (D-MPNN, ensemble=3)",Chemprop v2,train,235,CN(C)CC/C=C1/c2ccccc2Sc2ccc(Cl)cc21,1.0,0.8142224,
tdc_bioavailability_ma,"Chemprop v2 (D-MPNN, ensemble=3)",Chemprop v2,train,236,CC1(C)O[C@@H]2[C@@H](CO[C@@]3(COS(N)(=O)=O)OC(C)(C)O[C@@H]23)O1,1.0,0.52146274,
tdc_bioavailability_ma,"Chemprop v2 (D-MPNN, ensemble=3)",Chemprop v2,train,237,Clc1ccc2c(c1)C(N1CCNCC1)=Nc1ccccc1O2,1.0,0.8352117,
tdc_bioavailability_ma,"Chemprop v2 (D-MPNN, ensemble=3)",Chemprop v2,train,238,COc1cc(OC)c(C(=O)CCCN2CCCC2)c(OC)c1,1.0,0.742907,
tdc_bioavailability_ma,"Chemprop v2 (D-MPNN, ensemble=3)",Chemprop v2,train,239,C[C@@H](NCCCc1cccc(C(F)(F)F)c1)c1cccc2ccccc12,0.0,0.8548665,
tdc_bioavailability_ma,"Chemprop v2 (D-MPNN, ensemble=3)",Chemprop v2,train,240,C[C@@H]1CN(c2c(F)c(N)c3c(=O)c(C(=O)O)cn(C4CC4)c3c2F)C[C@H](C)N1,1.0,0.8440869,
tdc_bioavailability_ma,"Chemprop v2 (D-MPNN, ensemble=3)",Chemprop v2,train,241,COc1c(N2CCNC(C)C2)c(F)cc2c(=O)c(C(=O)O)cn(C3CC3)c12,1.0,0.82146,
tdc_bioavailability_ma,"Chemprop v2 (D-MPNN, ensemble=3)",Chemprop v2,train,242,O=C(O)c1cn(C2CC2)c2cc(N3CCNCC3)c(F)cc2c1=O,1.0,0.81419414,
tdc_bioavailability_ma,"Chemprop v2 (D-MPNN, ensemble=3)",Chemprop v2,train,243,CCCN1C[C@H](CSC)C[C@@H]2c3cccc4[nH]cc(c34)C[C@H]21,1.0,0.64926124,
tdc_bioavailability_ma,"Chemprop v2 (D-MPNN, ensemble=3)",Chemprop v2,train,244,CCN(CC)C(=O)N[C@H]1C[C@@H]2c3cccc4[nH]cc(c34)C[C@H]2N(C)C1,0.0,0.68192595,
tdc_bioavailability_ma,"Chemprop v2 (D-MPNN, ensemble=3)",Chemprop v2,train,245,C=CCN1C[C@H](C(=O)N(CCCN(C)C)C(=O)NCC)C[C@@H]2c3cccc4[nH]cc(c34)C[C@H]21,1.0,0.71289927,
tdc_bioavailability_ma,"Chemprop v2 (D-MPNN, ensemble=3)",Chemprop v2,train,246,CC[C@@]1(O)C(=O)OCc2c1cc1n(c2=O)Cc2cc3c(CN(C)C)c(O)ccc3nc2-1,1.0,0.85194755,
tdc_bioavailability_ma,"Chemprop v2 (D-MPNN, ensemble=3)",Chemprop v2,train,247,O=c1[nH]c2ccccc2n1C1CCN(CCCC(c2ccc(F)cc2)c2ccc(F)cc2)CC1,1.0,0.87030286,
tdc_bioavailability_ma,"Chemprop v2 (D-MPNN, ensemble=3)",Chemprop v2,train,248,Clc1cccc(Cl)c1NC1=NCCN1,1.0,0.81483763,
tdc_bioavailability_ma,"Chemprop v2 (D-MPNN, ensemble=3)",Chemprop v2,train,249,N=C(N)NC(=O)c1nc(Cl)c(N)nc1N,1.0,0.85831815,
tdc_bioavailability_ma,"Chemprop v2 (D-MPNN, ensemble=3)",Chemprop v2,train,250,CCC(C(=O)O)c1ccc(N2Cc3ccccc3C2=O)cc1,1.0,0.8087201,
tdc_bioavailability_ma,"Chemprop v2 (D-MPNN, ensemble=3)",Chemprop v2,train,251,N[C@@H]1CN(c2c(F)cc3c(=O)c(C(=O)O)cn([C@@H]4C[C@@H]4F)c3c2Cl)CC12CC2.N[C@@H]1CN(c2c(F)cc3c(=O)c(C(=O)O)cn([C@@H]4C[C@@H]4F)c3c2Cl)CC12CC2.O.O.O,1.0,0.91650707,
tdc_bioavailability_ma,"Chemprop v2 (D-MPNN, ensemble=3)",Chemprop v2,train,252,CCc1cccc2cc(C(O)CNC(C)(C)C)oc12,1.0,0.730954,
tdc_bioavailability_ma,"Chemprop v2 (D-MPNN, ensemble=3)",Chemprop v2,train,253,CC(C)(C)NC[C@H](O)COc1nsnc1N1CCOCC1,1.0,0.71704024,
tdc_bioavailability_ma,"Chemprop v2 (D-MPNN, ensemble=3)",Chemprop v2,train,254,CCc1cccc2c3c([nH]c12)C(CC)(CC(=O)O)OCC3,1.0,0.7389032,
tdc_bioavailability_ma,"Chemprop v2 (D-MPNN, ensemble=3)",Chemprop v2,train,255,CC1CN(c2cc3c(cc2F)c(=O)c(C(=O)O)cn3-c2ccc(F)cc2F)CCN1,1.0,0.90560794,
tdc_bioavailability_ma,"Chemprop v2 (D-MPNN, ensemble=3)",Chemprop v2,train,256,OC[C@H]1O[C@@H](O[C@@H]2[C@@H](CO)O[C@](O)(CO)[C@H]2O)[C@H](O)[C@@H](O)[C@H]1O,0.0,0.43991828,
tdc_bioavailability_ma,"Chemprop v2 (D-MPNN, ensemble=3)",Chemprop v2,train,257,OC[C@@H]1O[C@@](O)(CO)[C@H](O)[C@H]1O,1.0,0.49116966,
tdc_bioavailability_ma,"Chemprop v2 (D-MPNN, ensemble=3)",Chemprop v2,train,258,NS(=O)(=O)c1cc2c(cc1Cl)NC(CC1CCCC1)NS2(=O)=O,1.0,0.7913398,
tdc_bioavailability_ma,"Chemprop v2 (D-MPNN, ensemble=3)",Chemprop v2,train,259,COc1cc(N)c(Cl)cc1C(=O)N[C@@H]1CCN(CCCOc2ccc(F)cc2)C[C@@H]1OC,1.0,0.83120346,
tdc_bioavailability_ma,"Chemprop v2 (D-MPNN, ensemble=3)",Chemprop v2,train,260,CCOc1ccccc1OCC1CNCCO1,1.0,0.6886289,
tdc_bioavailability_ma,"Chemprop v2 (D-MPNN, ensemble=3)",Chemprop v2,train,261,COC(=O)Nc1nc2ccc(C(=O)c3ccccc3)cc2[nH]1,1.0,0.8698253,
tdc_bioavailability_ma,"Chemprop v2 (D-MPNN, ensemble=3)",Chemprop v2,train,262,C[C@@H](O)[C@H]1C(=O)N2C(C(=O)O)=C(SCC/N=C/N)C[C@H]12,0.0,0.59900135,
tdc_bioavailability_ma,"Chemprop v2 (D-MPNN, ensemble=3)",Chemprop v2,train,263,Cn1c(CCCC(=O)O)nc2cc(N(CCCl)CCCl)ccc21,1.0,0.8243479,
tdc_bioavailability_ma,"Chemprop v2 (D-MPNN, ensemble=3)",Chemprop v2,train,264,COC(=O)C1=C(C)NC(C)=C(C(=O)OCCN(C)Cc2ccccc2)C1c1cccc([N+](=O)[O-])c1,1.0,0.85548764,
tdc_bioavailability_ma,"Chemprop v2 (D-MPNN, ensemble=3)",Chemprop v2,train,265,CC(C)Nc1cccnc1N1CCN(C(=O)c2cc3cc(NS(C)(=O)=O)ccc3[nH]2)CC1,1.0,0.8761809,
tdc_bioavailability_ma,"Chemprop v2 (D-MPNN, ensemble=3)",Chemprop v2,train,266,Nc1ccn([C@@H]2CS[C@H](CO)O2)c(=O)n1,1.0,0.6755771,
tdc_bioavailability_ma,"Chemprop v2 (D-MPNN, ensemble=3)",Chemprop v2,train,267,CN(C)CCC=C1c2ccccc2CCc2ccccc21,1.0,0.7818498,
tdc_bioavailability_ma,"Chemprop v2 (D-MPNN, ensemble=3)",Chemprop v2,train,268,CNCCC=C1c2ccccc2CCc2ccccc21,1.0,0.7781942,
tdc_bioavailability_ma,"Chemprop v2 (D-MPNN, ensemble=3)",Chemprop v2,train,269,CCOC(=O)C1(c2ccccc2)CCN(CCC(O)c2ccccc2)CC1,0.0,0.72977835,
tdc_bioavailability_ma,"Chemprop v2 (D-MPNN, ensemble=3)",Chemprop v2,train,270,CCC1(c2ccccc2)C(=O)NC(=O)NC1=O,1.0,0.7626224,
tdc_bioavailability_ma,"Chemprop v2 (D-MPNN, ensemble=3)",Chemprop v2,train,271,CCCCC1C(=O)N(c2ccccc2)N(c2ccccc2)C1=O,1.0,0.8233442,
tdc_bioavailability_ma,"Chemprop v2 (D-MPNN, ensemble=3)",Chemprop v2,train,272,Cc1ccc(-c2nc3ccc(C)cn3c2CC(=O)N(C)C)cc1,1.0,0.84911686,
tdc_bioavailability_ma,"Chemprop v2 (D-MPNN, ensemble=3)",Chemprop v2,train,273,C[C@H](CN1CCOCC1)C(C(=O)N1CCCC1)(c1ccccc1)c1ccccc1,1.0,0.7179103,
tdc_bioavailability_ma,"Chemprop v2 (D-MPNN, ensemble=3)",Chemprop v2,train,274,COc1ccc(CCNCC(O)COc2cccc(C)c2)cc1OC,1.0,0.7700767,
tdc_bioavailability_ma,"Chemprop v2 (D-MPNN, ensemble=3)",Chemprop v2,train,275,CN[C@@H]1[C@H](O[C@H]2[C@H](O[C@H]3[C@H](O)[C@@H](O)[C@H](NC(=N)N)[C@@H](O)[C@@H]3NC(=N)N)O[C@@H](C)[C@]2(O)C=O)O[C@@H](CO)[C@H](O)[C@H]1O,0.0,0.393345,
tdc_bioavailability_ma,"Chemprop v2 (D-MPNN, ensemble=3)",Chemprop v2,train,276,COc1cc2c(N)nc(N3CCN(C(=O)OCC(C)(C)O)CC3)nc2c(OC)c1OC,1.0,0.8517359,
tdc_bioavailability_ma,"Chemprop v2 (D-MPNN, ensemble=3)",Chemprop v2,train,277,CCc1nn(CCCN2CCN(c3cccc(Cl)c3)CC2)c(=O)n1CCOc1ccccc1,0.0,0.86893255,
tdc_bioavailability_ma,"Chemprop v2 (D-MPNN, ensemble=3)",Chemprop v2,train,278,OCCN(CCO)c1nc(N2CCCCC2)c2nc(N(CCO)CCO)nc(N3CCCCC3)c2n1,1.0,0.8379286,
tdc_bioavailability_ma,"Chemprop v2 (D-MPNN, ensemble=3)",Chemprop v2,train,279,CC(C)(C(=O)O)c1ccc(C(O)CCCN2CCC(C(O)(c3ccccc3)c3ccccc3)CC2)cc1,1.0,0.7534227,
tdc_bioavailability_ma,"Chemprop v2 (D-MPNN, ensemble=3)",Chemprop v2,train,280,CC(C)(C)c1ccc(C(O)CCCN2CCC(C(O)(c3ccccc3)c3ccccc3)CC2)cc1,0.0,0.74280614,
tdc_bioavailability_ma,"Chemprop v2 (D-MPNN, ensemble=3)",Chemprop v2,train,281,COc1cccc([C@@]2(O)CCCC[C@@H]2CN(C)C)c1,1.0,0.64101225,
tdc_bioavailability_ma,"Chemprop v2 (D-MPNN, ensemble=3)",Chemprop v2,train,282,CCOC(=O)[C@H](CCc1ccccc1)N[C@H]1CCc2ccccc2N(CC(=O)O)C1=O,1.0,0.7707321,
tdc_bioavailability_ma,"Chemprop v2 (D-MPNN, ensemble=3)",Chemprop v2,train,283,CCc1nc(N)nc(N)c1-c1ccc(Cl)cc1,1.0,0.8502934,
tdc_bioavailability_ma,"Chemprop v2 (D-MPNN, ensemble=3)",Chemprop v2,train,284,CN(C)CCC=C1c2ccccc2C=Cc2ccccc21,1.0,0.8020658,
tdc_bioavailability_ma,"Chemprop v2 (D-MPNN, ensemble=3)",Chemprop v2,train,285,CN1C(=O)NC(=O)C(C)(C2=CCCCC2)C1=O,1.0,0.6913891,
tdc_bioavailability_ma,"Chemprop v2 (D-MPNN, ensemble=3)",Chemprop v2,train,286,Cc1cc(O)c2c(=O)c3c(O)cc(O)c4c5c(O)cc(O)c6c(=O)c7c(O)cc(C)c8c1c2c(c34)c(c78)c65,0.0,0.94373053,
tdc_bioavailability_ma,"Chemprop v2 (D-MPNN, ensemble=3)",Chemprop v2,train,287,CC(C)COCC(CN(Cc1ccccc1)c1ccccc1)N1CCCC1,1.0,0.74148935,
tdc_bioavailability_ma,"Chemprop v2 (D-MPNN, ensemble=3)",Chemprop v2,train,288,CC[C@H](C)C(=O)O[C@H]1C[C@H](O)C=C2C=C[C@H](C)[C@H](CC[C@@H](O)C[C@@H](O)CC(=O)O)[C@H]21,0.0,0.48682424,
tdc_bioavailability_ma,"Chemprop v2 (D-MPNN, ensemble=3)",Chemprop v2,train,289,N#Cc1ccc(C(c2ccc(C#N)cc2)n2cncn2)cc1,1.0,0.8666282,
tdc_bioavailability_ma,"Chemprop v2 (D-MPNN, ensemble=3)",Chemprop v2,train,290,CCN1CC(CCN2CCOCC2)C(c2ccccc2)(c2ccccc2)C1=O,1.0,0.7276406,
tdc_bioavailability_ma,"Chemprop v2 (D-MPNN, ensemble=3)",Chemprop v2,train,291,COc1cc(NCc2ccc3nc(N)nc(N)c3c2C)cc(OC)c1OC,1.0,0.8848122,
tdc_bioavailability_ma,"Chemprop v2 (D-MPNN, ensemble=3)",Chemprop v2,train,292,CCCc1cc(=O)[nH]c(=S)[nH]1,1.0,0.73063517,
tdc_bioavailability_ma,"Chemprop v2 (D-MPNN, ensemble=3)",Chemprop v2,train,293,C#C[C@]1(O)CC[C@H]2[C@@H]3CCC4=CCCC[C@@H]4[C@H]3C(=C)C[C@@]21CC,0.0,0.47734067,
tdc_bioavailability_ma,"Chemprop v2 (D-MPNN, ensemble=3)",Chemprop v2,train,294,CC(C)c1nc(N(C)S(C)(=O)=O)nc(-c2ccc(F)cc2)c1/C=C/[C@@H](O)C[C@@H](O)CC(=O)O,0.0,0.8312848,
tdc_bioavailability_ma,"Chemprop v2 (D-MPNN, ensemble=3)",Chemprop v2,train,295,Cc1onc(-c2ccccc2)c1-c1ccc(S(N)(=O)=O)cc1,1.0,0.870923,
tdc_bioavailability_ma,"Chemprop v2 (D-MPNN, ensemble=3)",Chemprop v2,train,296,O=c1ccn([C@@H]2O[C@H](CO)[C@@H](O)[C@H]2O)c(=O)[nH]1,0.0,0.59448177,
tdc_bioavailability_ma,"Chemprop v2 (D-MPNN, ensemble=3)",Chemprop v2,train,297,Cc1cn([C@H]2C[C@H](N=[N+]=[N-])[C@@H](CO)O2)c(=O)[nH]c1=O,1.0,0.67629904,
tdc_bioavailability_ma,"Chemprop v2 (D-MPNN, ensemble=3)",Chemprop v2,train,298,CNCCCC1c2ccccc2C=Cc2ccccc21,1.0,0.7599117,
tdc_bioavailability_ma,"Chemprop v2 (D-MPNN, ensemble=3)",Chemprop v2,train,299,CC(C)(Cc1c[nH]c2ccccc12)NCC(O)COc1ccccc1C#N,1.0,0.8167952,
tdc_bioavailability_ma,"Chemprop v2 (D-MPNN, ensemble=3)",Chemprop v2,train,300,OC(CCN1CCCCC1)(c1ccccc1)C1CC2C=CC1C2,1.0,0.5961877,
tdc_bioavailability_ma,"Chemprop v2 (D-MPNN, ensemble=3)",Chemprop v2,train,301,N[C@@H](C(=O)N[C@@H]1C(=O)N2C(C(=O)O)=C(CSc3c[nH]nn3)CS[C@H]12)c1ccc(O)cc1,1.0,0.7692413,
tdc_bioavailability_ma,"Chemprop v2 (D-MPNN, ensemble=3)",Chemprop v2,train,302,CCOC(=O)Nc1ccc(NCc2ccc(F)cc2)nc1N,1.0,0.85686326,
tdc_bioavailability_ma,"Chemprop v2 (D-MPNN, ensemble=3)",Chemprop v2,train,303,O=C1Cc2cc(CCN3CCN(c4nsc5ccccc45)CC3)c(Cl)cc2N1,1.0,0.8665256,
tdc_bioavailability_ma,"Chemprop v2 (D-MPNN, ensemble=3)",Chemprop v2,train,304,COCc1c(C(C)C)nc(C(C)C)c(/C=C/[C@@H](O)C[C@@H](O)CC(=O)O)c1-c1ccc(F)cc1,1.0,0.77916884,
tdc_bioavailability_ma,"Chemprop v2 (D-MPNN, ensemble=3)",Chemprop v2,train,305,O=C(O)c1cc(/N=N/c2ccc(S(=O)(=O)Nc3ccccn3)cc2)ccc1O,1.0,0.90171045,
tdc_bioavailability_ma,"Chemprop v2 (D-MPNN, ensemble=3)",Chemprop v2,train,306,COc1cc2ncnc(Nc3ccc(F)c(Cl)c3)c2cc1OCCCN1CCOCC1,1.0,0.89145374,
tdc_bioavailability_ma,"Chemprop v2 (D-MPNN, ensemble=3)",Chemprop v2,train,307,COc1nc(C)nc(Cl)c1NC1=NCCN1,1.0,0.81467867,
tdc_bioavailability_ma,"Chemprop v2 (D-MPNN, ensemble=3)",Chemprop v2,train,308,CCOC(=O)C1=C[C@]2(CC)CCCN3CCc4c(n1c1ccccc41)[C@@H]32,0.0,0.7166526,
tdc_bioavailability_ma,"Chemprop v2 (D-MPNN, ensemble=3)",Chemprop v2,train,309,NCCCC[C@H](N[C@@H](CCc1ccccc1)C(=O)O)C(=O)N1CCC[C@H]1C(=O)O,1.0,0.6566394,
tdc_bioavailability_ma,"Chemprop v2 (D-MPNN, ensemble=3)",Chemprop v2,train,310,CCOC(=O)[C@H](CCc1ccccc1)N[C@@H](C)C(=O)N1CCC[C@H]1C(=O)O,1.0,0.6679654,
tdc_bioavailability_ma,"Chemprop v2 (D-MPNN, ensemble=3)",Chemprop v2,train,311,COC(=O)[C@H]1[C@H]2C[C@@H]3c4[nH]c5cc(OC)ccc5c4CCN3C[C@H]2C[C@@H](OC(=O)c2cc(OC)c(OC)c(OC)c2)[C@@H]1OC,1.0,0.7402002,
tdc_bioavailability_ma,"Chemprop v2 (D-MPNN, ensemble=3)",Chemprop v2,train,312,CCCCC[C@H](O)/C=C/[C@H]1[C@H](O)CC(=O)[C@@H]1CCCCCCC(=O)O,0.0,0.5257829,
tdc_bioavailability_ma,"Chemprop v2 (D-MPNN, ensemble=3)",Chemprop v2,train,313,CCCCC(C)(O)C/C=C/[C@H]1[C@H](O)CC(=O)[C@@H]1CCCCCCC(=O)OC,1.0,0.5446771,
tdc_bioavailability_ma,"Chemprop v2 (D-MPNN, ensemble=3)",Chemprop v2,train,314,CO[C@@]1(NC(=O)Cc2cccs2)C(=O)N2C(C(=O)O)=C(COC(N)=O)CS[C@@H]21,0.0,0.72088224,
tdc_bioavailability_ma,"Chemprop v2 (D-MPNN, ensemble=3)",Chemprop v2,train,315,C=CC[N@@+]12CC[C@@]34c5ccccc5N5/C=C6/[C@H]7C[C@H]8[C@@]9(CC[N@@+]8(CC=C)C/C7=C/CO)c7ccccc7N(/C=C(/[C@@H](C[C@@H]31)/C(=C\CO)C2)[C@H]54)[C@@H]69,0.0,0.444985,
tdc_bioavailability_ma,"Chemprop v2 (D-MPNN, ensemble=3)",Chemprop v2,train,316,Cc1[nH]c(=O)c(C#N)cc1-c1ccncc1,1.0,0.81934077,
tdc_bioavailability_ma,"Chemprop v2 (D-MPNN, ensemble=3)",Chemprop v2,train,317,Nc1cc(-c2ccncc2)c[nH]c1=O,1.0,0.8065367,
tdc_bioavailability_ma,"Chemprop v2 (D-MPNN, ensemble=3)",Chemprop v2,train,318,CCC(C)n1ncn(-c2ccc(N3CCN(c4ccc(OC[C@H]5CO[C@](Cn6cncn6)(c6ccc(Cl)cc6Cl)O5)cc4)CC3)cc2)c1=O,1.0,0.93334866,
tdc_bioavailability_ma,"Chemprop v2 (D-MPNN, ensemble=3)",Chemprop v2,train,319,CC(C)c1nc(CN(C)C(=O)N[C@H](C(=O)N[C@@H](Cc2ccccc2)C[C@H](O)[C@H](Cc2ccccc2)NC(=O)OCc2cncs2)C(C)C)cs1,1.0,0.8287339,
tdc_bioavailability_ma,"Chemprop v2 (D-MPNN, ensemble=3)",Chemprop v2,train,320,CC(=O)CC(c1ccccc1)c1c(O)c2ccccc2oc1=O,1.0,0.8220386,
tdc_bioavailability_ma,"Chemprop v2 (D-MPNN, ensemble=3)",Chemprop v2,train,321,CN(C)CCOC(c1ccccc1)c1ccccc1,1.0,0.74400026,
tdc_bioavailability_ma,"Chemprop v2 (D-MPNN, ensemble=3)",Chemprop v2,train,322,Clc1ccc(C(c2ccccc2Cl)C(Cl)Cl)cc1,1.0,0.855453,
tdc_bioavailability_ma,"Chemprop v2 (D-MPNN, ensemble=3)",Chemprop v2,train,323,Cc1ccccc1C(OCCN(C)C)c1ccccc1,1.0,0.74675244,
tdc_bioavailability_ma,"Chemprop v2 (D-MPNN, ensemble=3)",Chemprop v2,train,324,CCC(=O)C(CC(C)N(C)C)(c1ccccc1)c1ccccc1,1.0,0.7632098,
tdc_bioavailability_ma,"Chemprop v2 (D-MPNN, ensemble=3)",Chemprop v2,train,325,CC[N+](C)(C)C(C)CC(c1ccccc1)c1ccccc1,0.0,0.7271587,
tdc_bioavailability_ma,"Chemprop v2 (D-MPNN, ensemble=3)",Chemprop v2,train,326,CC(CC(c1ccccc1)c1ccccc1)NC(C)(C)C,1.0,0.73985666,
tdc_bioavailability_ma,"Chemprop v2 (D-MPNN, ensemble=3)",Chemprop v2,train,327,CNCCCCOc1ccccc1Cc1ccccc1,0.0,0.7657345,
tdc_bioavailability_ma,"Chemprop v2 (D-MPNN, ensemble=3)",Chemprop v2,train,328,OC(CCN1CCCC1)(c1ccccc1)C1CCCCC1,1.0,0.625765,
tdc_bioavailability_ma,"Chemprop v2 (D-MPNN, ensemble=3)",Chemprop v2,train,329,CC#C[C@]1(O)CC[C@H]2[C@@H]3CCC4=CC(=O)CCC4=C3[C@@H](c3ccc(N(C)C)cc3)C[C@@]21C,1.0,0.57637995,
tdc_bioavailability_ma,"Chemprop v2 (D-MPNN, ensemble=3)",Chemprop v2,train,330,Nc1nc(N)c2nc(-c3ccccc3)c(N)nc2n1,1.0,0.8914776,
tdc_bioavailability_ma,"Chemprop v2 (D-MPNN, ensemble=3)",Chemprop v2,train,331,O=C1NC(=O)C(c2ccccc2)(c2ccccc2)N1,1.0,0.80343086,
tdc_bioavailability_ma,"Chemprop v2 (D-MPNN, ensemble=3)",Chemprop v2,train,332,CN1CCC[C@H]1c1cccnc1,1.0,0.66226315,
tdc_bioavailability_ma,"Chemprop v2 (D-MPNN, ensemble=3)",Chemprop v2,train,333,OCCOCCN1CCN(C2=Nc3ccccc3Sc3ccccc32)CC1,1.0,0.7784683,
tdc_bioavailability_ma,"Chemprop v2 (D-MPNN, ensemble=3)",Chemprop v2,train,334,OC(c1cc(C(F)(F)F)nc2c(C(F)(F)F)cccc12)C1CCCCN1,1.0,0.8737276,
tdc_bioavailability_ma,"Chemprop v2 (D-MPNN, ensemble=3)",Chemprop v2,train,335,Oc1ccc2c3c1O[C@H]1[C@@H](O)CC[C@@]4(O)[C@@H](C2)N(CC2CCC2)CC[C@]314,0.0,0.50694484,
tdc_bioavailability_ma,"Chemprop v2 (D-MPNN, ensemble=3)",Chemprop v2,train,336,O=c1nc[nH]c2c1ncn2[C@H]1CC[C@@H](CO)O1,1.0,0.7381188,
tdc_bioavailability_ma,"Chemprop v2 (D-MPNN, ensemble=3)",Chemprop v2,train,337,COc1ccc(OC)c(Cc2cnc3nc(N)nc(N)c3c2C)c1,1.0,0.87904805,
tdc_bioavailability_ma,"Chemprop v2 (D-MPNN, ensemble=3)",Chemprop v2,train,338,COc1cc(Cc2cnc(N)nc2N)cc(OC)c1OC,1.0,0.8424751,
tdc_bioavailability_ma,"Chemprop v2 (D-MPNN, ensemble=3)",Chemprop v2,train,339,C[C@@H]1[C@H](O)[C@@H](C)/C=C/C=C/CC/C=C/C=C/C=C/C=C/C(O[C@H]2O[C@H](C)[C@@H](O)[C@H](N)[C@@H]2O)CC2O[C@](O)(CC(O)C(O)CCC(O)CC(O)CC(O)CC(=O)O[C@H]1C)CC(O)C2C(=O)O,0.0,0.40326157,
tdc_bioavailability_ma,"Chemprop v2 (D-MPNN, ensemble=3)",Chemprop v2,train,340,NNc1nncc2ccccc12,1.0,0.7914739,
tdc_bioavailability_ma,"Chemprop v2 (D-MPNN, ensemble=3)",Chemprop v2,train,341,Nc1c2c(nc3ccccc13)CCCC2,1.0,0.7767575,
tdc_bioavailability_ma,"Chemprop v2 (D-MPNN, ensemble=3)",Chemprop v2,train,342,Cc1[nH]cnc1CN1CCc2c(c3ccccc3n2C)C1=O,1.0,0.8335008,
tdc_bioavailability_ma,"Chemprop v2 (D-MPNN, ensemble=3)",Chemprop v2,train,343,CNC1(c2ccccc2Cl)CCCCC1=O,0.0,0.73252374,
tdc_bioavailability_ma,"Chemprop v2 (D-MPNN, ensemble=3)",Chemprop v2,train,344,NC1CCN(c2c(F)cc3c(=O)c(C(=O)O)cn(C4CC4)c3c2Cl)C1,1.0,0.85236996,
tdc_bioavailability_ma,"Chemprop v2 (D-MPNN, ensemble=3)",Chemprop v2,train,345,CCCc1nn(C)c2c(=O)[nH]c(-c3cc(S(=O)(=O)N4CCN(C)CC4)ccc3OCC)nc12,1.0,0.88330287,
tdc_bioavailability_ma,"Chemprop v2 (D-MPNN, ensemble=3)",Chemprop v2,train,346,CS(=O)(=O)c1ccc2c(c1)N(CCCN1CCC(C(N)=O)CC1)c1ccccc1S2,0.0,0.8064061,
tdc_bioavailability_ma,"Chemprop v2 (D-MPNN, ensemble=3)",Chemprop v2,train,347,CN(C)S(=O)(=O)c1ccc2c(c1)N(CCCN1CCC(CCO)CC1)c1ccccc1S2,1.0,0.7914377,
tdc_bioavailability_ma,"Chemprop v2 (D-MPNN, ensemble=3)",Chemprop v2,train,348,CC(C)(C#N)c1cc(Cn2cncn2)cc(C(C)(C)C#N)c1,1.0,0.7909723,
tdc_bioavailability_ma,"Chemprop v2 (D-MPNN, ensemble=3)",Chemprop v2,train,349,C=C1C[C@@H]2[C@H](CC[C@]3(C)C(=O)CC[C@@H]23)[C@@]2(C)C=CC(=O)C=C12,1.0,0.52364117,
tdc_bioavailability_ma,"Chemprop v2 (D-MPNN, ensemble=3)",Chemprop v2,train,350,CCCC(C)C1(CC)C(=O)NC(=O)NC1=O,1.0,0.673498,
tdc_bioavailability_ma,"Chemprop v2 (D-MPNN, ensemble=3)",Chemprop v2,train,351,CCC1(CCC(C)C)C(=O)NC(=O)NC1=O,1.0,0.6879873,
tdc_bioavailability_ma,"Chemprop v2 (D-MPNN, ensemble=3)",Chemprop v2,train,352,CN(CCOc1ccc(CC2SC(=O)NC2=O)cc1)c1ccccn1,1.0,0.8016769,
tdc_bioavailability_ma,"Chemprop v2 (D-MPNN, ensemble=3)",Chemprop v2,train,353,CC1COc2c(N3CCN(C)CC3)c(F)cc3c(=O)c(C(=O)O)cn1c23,1.0,0.8278618,
tdc_bioavailability_ma,"Chemprop v2 (D-MPNN, ensemble=3)",Chemprop v2,train,354,CCCCC1=NC2(CCCC2)C(=O)N1Cc1ccc(-c2ccccc2-c2nn[nH]n2)cc1,1.0,0.8686023,
tdc_bioavailability_ma,"Chemprop v2 (D-MPNN, ensemble=3)",Chemprop v2,train,355,NS(=O)(=O)c1cc2c(cc1C(F)(F)F)NC(Cc1ccccc1)NS2(=O)=O,1.0,0.87782955,
tdc_bioavailability_ma,"Chemprop v2 (D-MPNN, ensemble=3)",Chemprop v2,train,356,CN1[C@@H]2CCC[C@H]1C[C@@H](NC(=O)c1nn(C)c3ccccc13)C2,1.0,0.73331803,
tdc_bioavailability_ma,"Chemprop v2 (D-MPNN, ensemble=3)",Chemprop v2,train,357,Cc1cccc(C)c1NC(=O)c1cc(S(N)(=O)=O)c(Cl)cc1O,1.0,0.8772542,
tdc_bioavailability_ma,"Chemprop v2 (D-MPNN, ensemble=3)",Chemprop v2,train,358,Cc1cnc(C(=O)O)c[n+]1[O-],1.0,0.76051044,
tdc_bioavailability_ma,"Chemprop v2 (D-MPNN, ensemble=3)",Chemprop v2,train,359,COC(=O)[C@@H]1[C@H]2C[C@H]3c4[nH]c5ccccc5c4CCN3C[C@@H]2CC[C@@H]1O,1.0,0.60245895,
tdc_bioavailability_ma,"Chemprop v2 (D-MPNN, ensemble=3)",Chemprop v2,train,360,NCC1(CC(=O)O)CCCCC1,1.0,0.60637015,
tdc_bioavailability_ma,"Chemprop v2 (D-MPNN, ensemble=3)",Chemprop v2,train,361,CC(C)(C)NCC(O)COc1cccc2c1CCC(=O)N2,1.0,0.7259596,
tdc_bioavailability_ma,"Chemprop v2 (D-MPNN, ensemble=3)",Chemprop v2,train,362,CNC(=O)Oc1ccc2c(c1)[C@]1(C)CCN(C)[C@@H]1N2C,0.0,0.6732509,
tdc_bioavailability_ma,"Chemprop v2 (D-MPNN, ensemble=3)",Chemprop v2,train,363,CCC(C)(C)C(=O)O[C@H]1C[C@@H](C)C=C2C=C[C@H](C)[C@H](CC[C@@H]3C[C@@H](O)CC(=O)O3)[C@H]21,0.0,0.49758676,
tdc_bioavailability_ma,"Chemprop v2 (D-MPNN, ensemble=3)",Chemprop v2,train,364,CC[C@H](C)C(=O)O[C@H]1C[C@@H](C)C=C2C=C[C@H](C)[C@H](CC[C@@H]3C[C@@H](O)CC(=O)O3)[C@H]21,0.0,0.4933629,
tdc_bioavailability_ma,"Chemprop v2 (D-MPNN, ensemble=3)",Chemprop v2,train,365,CNC1=Nc2ccc(Cl)cc2C(c2ccccc2)=[N+]([O-])C1,1.0,0.8510906,
tdc_bioavailability_ma,"Chemprop v2 (D-MPNN, ensemble=3)",Chemprop v2,train,366,CCOc1cc(CC(=O)N[C@@H](CC(C)C)c2ccccc2N2CCCCC2)ccc1C(=O)O,1.0,0.8007657,
tdc_bioavailability_ma,"Chemprop v2 (D-MPNN, ensemble=3)",Chemprop v2,train,367,CNC(=C[N+](=O)[O-])NCCSCc1csc(CN(C)C)n1,1.0,0.7758786,
tdc_bioavailability_ma,"Chemprop v2 (D-MPNN, ensemble=3)",Chemprop v2,train,368,NC(N)=Nc1nc(CSCCC(N)=NS(N)(=O)=O)cs1,1.0,0.82429343,
tdc_bioavailability_ma,"Chemprop v2 (D-MPNN, ensemble=3)",Chemprop v2,train,369,Cc1ncsc1CCCl,1.0,0.7131681,
tdc_bioavailability_ma,"Chemprop v2 (D-MPNN, ensemble=3)",Chemprop v2,train,370,CC(CN(C)C)CN1c2ccccc2CCc2ccccc21,1.0,0.7750709,
tdc_bioavailability_ma,"Chemprop v2 (D-MPNN, ensemble=3)",Chemprop v2,train,371,CN(C)CCCN1c2ccccc2CCc2ccc(Cl)cc21,1.0,0.8124644,
tdc_bioavailability_ma,"Chemprop v2 (D-MPNN, ensemble=3)",Chemprop v2,train,372,CNCCCN1c2ccccc2CCc2ccccc21,1.0,0.7760847,
tdc_bioavailability_ma,"Chemprop v2 (D-MPNN, ensemble=3)",Chemprop v2,train,373,CN(C)CCCN1c2ccccc2CCc2ccccc21,1.0,0.77981704,
tdc_bioavailability_ma,"Chemprop v2 (D-MPNN, ensemble=3)",Chemprop v2,train,374,Cc1ccnc2c1NC(=O)c1cccnc1N2C1CC1,1.0,0.82414895,
tdc_bioavailability_ma,"Chemprop v2 (D-MPNN, ensemble=3)",Chemprop v2,train,375,CN(CCCCCCN(C)C(=O)Oc1ccc[n+](C)c1)C(=O)Oc1ccc[n+](C)c1,0.0,0.8219235,
tdc_bioavailability_ma,"Chemprop v2 (D-MPNN, ensemble=3)",Chemprop v2,train,376,Cc1cnc(C(=O)NCCc2ccc(S(=O)(=O)NC(=O)NC3CCCCC3)cc2)cn1,1.0,0.85331726,
tdc_bioavailability_ma,"Chemprop v2 (D-MPNN, ensemble=3)",Chemprop v2,train,377,Nc1c(CC(=O)O)cccc1C(=O)c1ccc(Br)cc1,1.0,0.84294367,
tdc_bioavailability_ma,"Chemprop v2 (D-MPNN, ensemble=3)",Chemprop v2,train,378,CC(C(=O)O)c1cccc(C(=O)c2ccccc2)c1,1.0,0.7944126,
tdc_bioavailability_ma,"Chemprop v2 (D-MPNN, ensemble=3)",Chemprop v2,train,379,Cc1ccc(C(=O)c2cc(O)c(O)c([N+](=O)[O-])c2)cc1,1.0,0.84061927,
tdc_bioavailability_ma,"Chemprop v2 (D-MPNN, ensemble=3)",Chemprop v2,train,380,CC(CN1CCN(CCOCCO)CC1)CN1c2ccccc2Sc2ccccc21,0.0,0.7441687,
tdc_bioavailability_ma,"Chemprop v2 (D-MPNN, ensemble=3)",Chemprop v2,train,381,OCCN1CCN(CCCN2c3ccccc3Sc3ccc(Cl)cc32)CC1,1.0,0.79024106,
tdc_bioavailability_ma,"Chemprop v2 (D-MPNN, ensemble=3)",Chemprop v2,train,382,OCCN1CCN(CCCN2c3ccccc3Sc3ccc(C(F)(F)F)cc32)CC1,0.0,0.83534116,
tdc_bioavailability_ma,"Chemprop v2 (D-MPNN, ensemble=3)",Chemprop v2,train,383,CN1CCN(CCCN2c3ccccc3Sc3ccc(Cl)cc32)CC1,0.0,0.80008984,
tdc_bioavailability_ma,"Chemprop v2 (D-MPNN, ensemble=3)",Chemprop v2,train,384,NC(=O)N1c2ccccc2CC(=O)c2ccccc21,1.0,0.8333137,
tdc_bioavailability_ma,"Chemprop v2 (D-MPNN, ensemble=3)",Chemprop v2,train,385,CC(CCc1ccccc1)NCC(O)c1ccc(O)c(C(N)=O)c1,1.0,0.776397,
tdc_bioavailability_ma,"Chemprop v2 (D-MPNN, ensemble=3)",Chemprop v2,train,386,C[C@H]1O[C@H](O[C@H]2[C@H](O)[C@@H](O)[C@@H](O[C@@H]([C@H](O)[C@@H](O)C=O)[C@H](O)CO)O[C@@H]2CO)[C@H](O)[C@@H](O)[C@@H]1N[C@H]1C=C(CO)[C@@H](O)[C@H](O)[C@H]1O,0.0,0.3710009,
tdc_bioavailability_ma,"Chemprop v2 (D-MPNN, ensemble=3)",Chemprop v2,train,387,CN(C)CCCN1c2ccccc2Sc2ccc(Cl)cc21,1.0,0.81484383,
tdc_bioavailability_ma,"Chemprop v2 (D-MPNN, ensemble=3)",Chemprop v2,train,388,CCC(=O)c1ccc2c(c1)N(CC(C)N(C)C)c1ccccc1S2,1.0,0.8023007,
tdc_bioavailability_ma,"Chemprop v2 (D-MPNN, ensemble=3)",Chemprop v2,train,389,COc1ccc2c(c1)N(C[C@H](C)CN(C)C)c1ccccc1S2,1.0,0.7818842,
tdc_bioavailability_ma,"Chemprop v2 (D-MPNN, ensemble=3)",Chemprop v2,train,390,CC(CN1c2ccccc2Sc2ccccc21)N(C)C,1.0,0.77703,
tdc_bioavailability_ma,"Chemprop v2 (D-MPNN, ensemble=3)",Chemprop v2,train,391,CCCCc1nc(Cl)c(CO)n1Cc1ccc(-c2ccccc2-c2nn[nH]n2)cc1,1.0,0.9157006,
tdc_bioavailability_ma,"Chemprop v2 (D-MPNN, ensemble=3)",Chemprop v2,train,392,O=C1OC2(c3ccc(O)cc3Oc3cc(O)ccc32)c2ccccc21,1.0,0.84988403,
tdc_bioavailability_ma,"Chemprop v2 (D-MPNN, ensemble=3)",Chemprop v2,train,393,Nc1c(Br)cc(Br)cc1CN[C@H]1CC[C@H](O)CC1,1.0,0.73215777,
tdc_bioavailability_ma,"Chemprop v2 (D-MPNN, ensemble=3)",Chemprop v2,train,394,CC1(C)S[C@@H]2[C@H](NC(=O)[C@H](NC(=O)N3CCNC3=O)c3ccccc3)C(=O)N2[C@H]1C(=O)O,0.0,0.66166687,
tdc_bioavailability_ma,"Chemprop v2 (D-MPNN, ensemble=3)",Chemprop v2,train,395,COc1cc2nc(N3CCN(C(=O)C4COc5ccccc5O4)CC3)nc(N)c2cc1OC,1.0,0.87678975,
tdc_bioavailability_ma,"Chemprop v2 (D-MPNN, ensemble=3)",Chemprop v2,train,396,C[C@@H]1O[C@@H]1P(=O)(O)O,1.0,0.53172106,
tdc_bioavailability_ma,"Chemprop v2 (D-MPNN, ensemble=3)",Chemprop v2,train,397,OCC(S)CS,0.0,0.56741685,
tdc_bioavailability_ma,"Chemprop v2 (D-MPNN, ensemble=3)",Chemprop v2,train,398,CC[C@@H](CO)NCCN[C@@H](CC)CO,1.0,0.55983144,
tdc_bioavailability_ma,"Chemprop v2 (D-MPNN, ensemble=3)",Chemprop v2,train,399,CN(C)C(=N)NC(=N)N,1.0,0.68233126,
tdc_bioavailability_ma,"Chemprop v2 (D-MPNN, ensemble=3)",Chemprop v2,train,400,N[C@@H](CCS)C(=O)O,1.0,0.61502594,
tdc_bioavailability_ma,"Chemprop v2 (D-MPNN, ensemble=3)",Chemprop v2,train,401,CS(=O)(=O)OCCCCOS(C)(=O)=O,1.0,0.64710206,
tdc_bioavailability_ma,"Chemprop v2 (D-MPNN, ensemble=3)",Chemprop v2,train,402,CC(C)(S)[C@@H](N)C(=O)O,1.0,0.6117477,
tdc_bioavailability_ma,"Chemprop v2 (D-MPNN, ensemble=3)",Chemprop v2,train,403,CCO,1.0,0.5913923,
tdc_bioavailability_ma,"Chemprop v2 (D-MPNN, ensemble=3)",Chemprop v2,train,404,OC[C@@H](O)[C@@H](O)[C@H](O)[C@H](O)CO,0.0,0.50057524,
tdc_bioavailability_ma,"Chemprop v2 (D-MPNN, ensemble=3)",Chemprop v2,train,405,NCCCC(N)(C(=O)O)C(F)F,1.0,0.7042544,
tdc_bioavailability_ma,"Chemprop v2 (D-MPNN, ensemble=3)",Chemprop v2,train,406,CC(S)C(=O)NCC(=O)O,1.0,0.6385965,
tdc_bioavailability_ma,"Chemprop v2 (D-MPNN, ensemble=3)",Chemprop v2,train,407,NC(=O)NO,1.0,0.6372861,
tdc_bioavailability_ma,"Chemprop v2 (D-MPNN, ensemble=3)",Chemprop v2,train,408,C=CC(N)CCC(=O)O,1.0,0.6312564,
tdc_bioavailability_ma,"Chemprop v2 (D-MPNN, ensemble=3)",Chemprop v2,train,409,CC(=O)N[C@@H](CS)C(=O)O,0.0,0.6183293,
tdc_bioavailability_ma,"Chemprop v2 (D-MPNN, ensemble=3)",Chemprop v2,train,410,CCCCCN(C)CCC(O)(P(=O)(O)O)P(=O)(O)O,0.0,0.5361559,
tdc_bioavailability_ma,"Chemprop v2 (D-MPNN, ensemble=3)",Chemprop v2,train,411,CC(=O)NCCCS(=O)(=O)O,0.0,0.63833565,
tdc_bioavailability_ma,"Chemprop v2 (D-MPNN, ensemble=3)",Chemprop v2,train,412,O=C(O)P(=O)(O)O,0.0,0.6026764,
tdc_bioavailability_ma,"Chemprop v2 (D-MPNN, ensemble=3)",Chemprop v2,train,413,CS(=O)(=O)OC[C@H](O)[C@@H](O)COS(C)(=O)=O,1.0,0.5929363,
tdc_bioavailability_ma,"Chemprop v2 (D-MPNN, ensemble=3)",Chemprop v2,train,414,CC(C)c1c(C(=O)Nc2ccccc2)c(-c2ccccc2)c(-c2ccc(F)cc2)n1CC[C@@H](O)C[C@@H](O)CC(=O)O,0.0,0.8901654,
tdc_bioavailability_ma,"Chemprop v2 (D-MPNN, ensemble=3)",Chemprop v2,train,415,Cc1c(C)c2c(c(C)c1O)CCC(C)(COc1ccc(CC3SC(=O)NC3=O)cc1)O2,1.0,0.7908011,
tdc_bioavailability_ma,"Chemprop v2 (D-MPNN, ensemble=3)",Chemprop v2,train,416,O=c1ccc2ccccc2o1,0.0,0.75851005,
tdc_bioavailability_ma,"Chemprop v2 (D-MPNN, ensemble=3)",Chemprop v2,train,417,CC[C@H]1OC(=O)[C@H](C)[C@@H](O[C@H]2C[C@@](C)(OC)[C@@H](O)[C@H](C)O2)[C@H](C)[C@@H](O[C@@H]2O[C@H](C)C[C@H](N(C)C)[C@H]2O)[C@](C)(O)C[C@@H](C)CN(C)[C@H](C)[C@@H](O)[C@]1(C)O,1.0,0.41600978,
tdc_bioavailability_ma,"Chemprop v2 (D-MPNN, ensemble=3)",Chemprop v2,train,418,O=P1(NCCCl)OCCCN1CCCl,1.0,0.6528252,
tdc_bioavailability_ma,"Chemprop v2 (D-MPNN, ensemble=3)",Chemprop v2,train,419,O=P1(N(CCCl)CCCl)NCCCO1,1.0,0.6536986,
tdc_bioavailability_ma,"Chemprop v2 (D-MPNN, ensemble=3)",Chemprop v2,train,420,CCN(C(C)=O)c1cccc(-c2ccnc3c(C#N)cnn23)c1,1.0,0.88231117,
tdc_bioavailability_ma,"Chemprop v2 (D-MPNN, ensemble=3)",Chemprop v2,train,421,CC(C)(Sc1cc(C(C)(C)C)c(O)c(C(C)(C)C)c1)Sc1cc(C(C)(C)C)c(O)c(C(C)(C)C)c1,0.0,0.75268173,
tdc_bioavailability_ma,"Chemprop v2 (D-MPNN, ensemble=3)",Chemprop v2,train,422,CN(c1nccc(=O)[nH]1)C1CCN(c2nc3ccccc3n2Cc2ccc(F)cc2)CC1,1.0,0.8974468,
tdc_bioavailability_ma,"Chemprop v2 (D-MPNN, ensemble=3)",Chemprop v2,train,423,COC(=O)C1=C(C)NC(C)=C(C(=O)OC(C)C)C1c1cccc2nonc12,0.0,0.8223314,
tdc_bioavailability_ma,"Chemprop v2 (D-MPNN, ensemble=3)",Chemprop v2,train,424,c1ccc([C@H]2CN3CCSC3=N2)cc1,1.0,0.65864664,
tdc_bioavailability_ma,"Chemprop v2 (D-MPNN, ensemble=3)",Chemprop v2,train,425,COc1cc2nc(N3CCN(C(=O)C4CCCO4)CC3)nc(N)c2cc1OC,1.0,0.8199132,
tdc_bioavailability_ma,"Chemprop v2 (D-MPNN, ensemble=3)",Chemprop v2,train,426,CCOC(=O)n1ccn(C)c1=S,0.0,0.7533222,
tdc_bioavailability_ma,"Chemprop v2 (D-MPNN, ensemble=3)",Chemprop v2,train,427,Cn1cc[nH]c1=S,1.0,0.69672394,
tdc_bioavailability_ma,"Chemprop v2 (D-MPNN, ensemble=3)",Chemprop v2,train,428,CC(C)(C)NC(=O)[C@@H]1CN(Cc2cccnc2)CCN1C[C@@H](O)C[C@@H](Cc1ccccc1)C(=O)N[C@H]1c2ccccc2C[C@H]1O,0.0,0.71330976,
tdc_bioavailability_ma,"Chemprop v2 (D-MPNN, ensemble=3)",Chemprop v2,train,429,CN(C)C(=O)Oc1ccc[n+](C)c1,0.0,0.73154575,
tdc_bioavailability_ma,"Chemprop v2 (D-MPNN, ensemble=3)",Chemprop v2,train,430,Cc1ccc(Nc2c(F)cccc2Cl)c(CC(=O)O)c1,1.0,0.85616475,
tdc_bioavailability_ma,"Chemprop v2 (D-MPNN, ensemble=3)",Chemprop v2,train,431,O=C(O)Cc1ccccc1Nc1c(Cl)cccc1Cl,1.0,0.8611607,
tdc_bioavailability_ma,"Chemprop v2 (D-MPNN, ensemble=3)",Chemprop v2,train,432,COc1ccc2c3c1O[C@H]1C[C@@H](O)C=C[C@@]31CCN(C)C2,1.0,0.6131492,
tdc_bioavailability_ma,"Chemprop v2 (D-MPNN, ensemble=3)",Chemprop v2,train,433,O=C1C(CCS(=O)c2ccccc2)C(=O)N(c2ccccc2)N1c1ccccc1,1.0,0.87398463,
tdc_bioavailability_ma,"Chemprop v2 (D-MPNN, ensemble=3)",Chemprop v2,train,434,CN1C(C(=O)Nc2ccccn2)=C(O)c2sccc2S1(=O)=O,1.0,0.8508546,
tdc_bioavailability_ma,"Chemprop v2 (D-MPNN, ensemble=3)",Chemprop v2,train,435,CCCN[C@H]1CCc2nc(N)sc2C1,1.0,0.6925371,
tdc_bioavailability_ma,"Chemprop v2 (D-MPNN, ensemble=3)",Chemprop v2,train,436,O=C(O)CCc1nc(-c2ccccc2)c(-c2ccccc2)o1,1.0,0.8448081,
tdc_bioavailability_ma,"Chemprop v2 (D-MPNN, ensemble=3)",Chemprop v2,train,437,O=C(C1CCCCC1)N1CC(=O)N2CCc3ccccc3C2C1,0.0,0.6805932,
tdc_bioavailability_ma,"Chemprop v2 (D-MPNN, ensemble=3)",Chemprop v2,train,438,C=CC1=C(C(=O)O)N2C(=O)[C@@H](NC(=O)/C(=N\O)c3csc(N)n3)[C@H]2SC1,1.0,0.7863922,
tdc_bioavailability_ma,"Chemprop v2 (D-MPNN, ensemble=3)",Chemprop v2,train,439,C=CC1=C(C(=O)O)N2C(=O)[C@@H](NC(=O)/C(=N\OCC(=O)O)c3csc(N)n3)[C@H]2SC1,1.0,0.806783,
tdc_bioavailability_ma,"Chemprop v2 (D-MPNN, ensemble=3)",Chemprop v2,train,440,CO/N=C(\C(=O)N[C@@H]1C(=O)N2C(C(=O)O)=CCS[C@H]12)c1csc(N)n1,0.0,0.75612456,
tdc_bioavailability_ma,"Chemprop v2 (D-MPNN, ensemble=3)",Chemprop v2,train,441,O=c1n(CCCN2CCN(c3cccc(Cl)c3)CC2)nc2ccccn12,1.0,0.857107,
tdc_bioavailability_ma,"Chemprop v2 (D-MPNN, ensemble=3)",Chemprop v2,train,442,CC(=O)S[C@@H]1CC2=CC(=O)CC[C@]2(C)[C@H]2CC[C@@]3(C)[C@@H](CC[C@@]34CCC(=O)O4)[C@H]12,1.0,0.48198268,
tdc_bioavailability_ma,"Chemprop v2 (D-MPNN, ensemble=3)",Chemprop v2,train,443,CN(C)CCc1c[nH]c2ccc(CS(=O)(=O)N3CCCC3)cc12,1.0,0.7621632,
tdc_bioavailability_ma,"Chemprop v2 (D-MPNN, ensemble=3)",Chemprop v2,train,444,CC1(C)S[C@@H]2[C@H](NC(=O)[C@H](N)c3ccccc3)C(=O)N2[C@H]1C(=O)O,1.0,0.614054,
tdc_bioavailability_ma,"Chemprop v2 (D-MPNN, ensemble=3)",Chemprop v2,train,445,CC1(C)S[C@@H]2[C@H](NC(=O)[C@H](N)c3ccc(O)cc3)C(=O)N2[C@H]1C(=O)O,1.0,0.6237567,
tdc_bioavailability_ma,"Chemprop v2 (D-MPNN, ensemble=3)",Chemprop v2,train,446,CC1(C)S[C@@H]2[C@H](NC(=O)[C@H](N=[N+]=[N-])c3ccccc3)C(=O)N2[C@H]1C(=O)O,1.0,0.6251444,
tdc_bioavailability_ma,"Chemprop v2 (D-MPNN, ensemble=3)",Chemprop v2,train,447,CCOC(=O)[N-]c1c[n+](N2CCOCC2)no1,1.0,0.76469827,
tdc_bioavailability_ma,"Chemprop v2 (D-MPNN, ensemble=3)",Chemprop v2,train,448,COc1ccnc(CS(=O)c2nc3ccc(OC(F)F)cc3[nH]2)c1OC,1.0,0.8841135,
tdc_bioavailability_ma,"Chemprop v2 (D-MPNN, ensemble=3)",Chemprop v2,train,449,COc1ccc2nc(S(=O)Cc3ncc(C)c(OC)c3C)[nH]c2c1,1.0,0.860161,
tdc_bioavailability_ma,"Chemprop v2 (D-MPNN, ensemble=3)",Chemprop v2,train,450,Cc1c(OCC(F)(F)F)ccnc1CS(=O)c1nc2ccccc2[nH]1,1.0,0.889771,
tdc_bioavailability_ma,"Chemprop v2 (D-MPNN, ensemble=3)",Chemprop v2,train,451,COCCCOc1ccnc(CS(=O)c2nc3ccccc3[nH]2)c1C,1.0,0.8486564,
tdc_bioavailability_ma,"Chemprop v2 (D-MPNN, ensemble=3)",Chemprop v2,train,452,CN1CC[C@]23c4c5ccc(O)c4O[C@H]2C(=O)CC[C@H]3[C@H]1C5,1.0,0.5622334,
tdc_bioavailability_ma,"Chemprop v2 (D-MPNN, ensemble=3)",Chemprop v2,train,453,COc1ccc2c3c1O[C@H]1C(=O)CC[C@@]4(O)[C@@H](C2)N(C)CC[C@]314,1.0,0.5666941,
tdc_bioavailability_ma,"Chemprop v2 (D-MPNN, ensemble=3)",Chemprop v2,train,454,C=CCN1CC[C@]23c4c5ccc(O)c4O[C@H]2C(=O)CC[C@@]3(O)[C@H]1C5,0.0,0.543454,
tdc_bioavailability_ma,"Chemprop v2 (D-MPNN, ensemble=3)",Chemprop v2,train,455,CC(=O)NC[C@H]1CN(c2ccc(N3CCOCC3)c(F)c2)C(=O)O1,1.0,0.7683196,
tdc_bioavailability_ma,"Chemprop v2 (D-MPNN, ensemble=3)",Chemprop v2,train,456,CC/C(=C(\c1ccccc1)c1ccc(OCCN(C)C)cc1)c1ccccc1,1.0,0.84993553,
tdc_bioavailability_ma,"Chemprop v2 (D-MPNN, ensemble=3)",Chemprop v2,train,457,CN(C)CCOc1ccc(/C(=C(/CCCl)c2ccccc2)c2ccccc2)cc1,1.0,0.8635287,
tdc_bioavailability_ma,"Chemprop v2 (D-MPNN, ensemble=3)",Chemprop v2,train,458,CCC(CO)NC(=O)[C@@H]1C=C2c3cccc4c3c(cn4C)C[C@H]2N(C)C1,0.0,0.69609016,
tdc_bioavailability_ma,"Chemprop v2 (D-MPNN, ensemble=3)",Chemprop v2,train,459,CCN(CC)C(=O)N[C@H]1C=C2c3cccc4[nH]cc(c34)C[C@H]2N(C)C1,0.0,0.73016906,
tdc_bioavailability_ma,"Chemprop v2 (D-MPNN, ensemble=3)",Chemprop v2,train,460,CCN(CC)CC#CCOC(=O)C(O)(c1ccccc1)C1CCCCC1,0.0,0.6678684,
tdc_bioavailability_ma,"Chemprop v2 (D-MPNN, ensemble=3)",Chemprop v2,train,461,COc1ccc(C(CN(C)C)C2(O)CCCCC2)cc1,1.0,0.66552955,
tdc_bioavailability_ma,"Chemprop v2 (D-MPNN, ensemble=3)",Chemprop v2,train,462,C[C@H]1[C@H](NC(=O)/C(=N\OC(C)(C)C(=O)O)c2csc([NH3+])n2)C(=O)N1S(=O)(=O)[O-],0.0,0.76408845,
tdc_bioavailability_ma,"Chemprop v2 (D-MPNN, ensemble=3)",Chemprop v2,train,463,Nc1nc2c(ncn2COC(CO)CO)c(=O)[nH]1,0.0,0.78489655,
tdc_bioavailability_ma,"Chemprop v2 (D-MPNN, ensemble=3)",Chemprop v2,train,464,NS(=O)(=O)c1cc(C2(O)NC(=O)c3ccccc32)ccc1Cl,1.0,0.8469247,
tdc_bioavailability_ma,"Chemprop v2 (D-MPNN, ensemble=3)",Chemprop v2,train,465,Oc1ncnc2[nH]ncc12,1.0,0.7751589,
tdc_bioavailability_ma,"Chemprop v2 (D-MPNN, ensemble=3)",Chemprop v2,train,466,NS(=O)(=O)c1cc(-c2nn[nH]n2)c(NCc2cccs2)cc1Cl,0.0,0.9017214,
tdc_bioavailability_ma,"Chemprop v2 (D-MPNN, ensemble=3)",Chemprop v2,train,467,CC1Cc2ccccc2N1NC(=O)c1ccc(Cl)c(S(N)(=O)=O)c1,1.0,0.86438817,
tdc_bioavailability_ma,"Chemprop v2 (D-MPNN, ensemble=3)",Chemprop v2,train,468,Cc1ccc(NC(=O)c2ccc(CN3CCN(C)CC3)cc2)cc1Nc1nccc(-c2cccnc2)n1,1.0,0.9179079,
tdc_bioavailability_ma,"Chemprop v2 (D-MPNN, ensemble=3)",Chemprop v2,train,469,CN1[C@@H]2CC[C@H]1C[C@@H](OC(=O)C(CO)c1ccccc1)C2,1.0,0.6171999,
tdc_bioavailability_ma,"Chemprop v2 (D-MPNN, ensemble=3)",Chemprop v2,train,470,CCc1ccc(CCOc2ccc(CC3SC(=O)NC3=O)cc2)nc1,1.0,0.79436797,
tdc_bioavailability_ma,"Chemprop v2 (D-MPNN, ensemble=3)",Chemprop v2,train,471,COc1cc([C@@H]2c3cc4c(cc3[C@@H](O[C@@H]3O[C@@H]5CO[C@@H](C)O[C@H]5[C@H](O)[C@H]3O)[C@H]3COC(=O)[C@H]23)OCO4)cc(OC)c1O,1.0,0.5173751,
tdc_bioavailability_ma,"Chemprop v2 (D-MPNN, ensemble=3)",Chemprop v2,train,472,Nc1[nH]c(=O)ncc1F,1.0,0.7731468,
tdc_bioavailability_ma,"Chemprop v2 (D-MPNN, ensemble=3)",Chemprop v2,train,473,CN1[C@@H]2C[C@@H](OC(=O)[C@H](CO)c3ccccc3)C[C@H]1[C@@H]1O[C@@H]12,1.0,0.52434206,
tdc_bioavailability_ma,"Chemprop v2 (D-MPNN, ensemble=3)",Chemprop v2,train,474,CC(C)[C@H]1CC[C@H](C(=O)N[C@H](Cc2ccccc2)C(=O)O)CC1,1.0,0.643884,
tdc_bioavailability_ma,"Chemprop v2 (D-MPNN, ensemble=3)",Chemprop v2,train,475,CSc1ccc(C(=O)c2[nH]c(=O)[nH]c2C)cc1,1.0,0.8083008,
tdc_bioavailability_ma,"Chemprop v2 (D-MPNN, ensemble=3)",Chemprop v2,train,476,CCC[C@@H]1C[C@@H](C(=O)NC(C(C)Cl)[C@H]2O[C@H](SC)[C@H](O)[C@@H](O)[C@H]2O)N(C)C1,1.0,0.47694847,
tdc_bioavailability_ma,"Chemprop v2 (D-MPNN, ensemble=3)",Chemprop v2,train,477,CCC[C@@H]1C[C@@H](C(=O)N[C@@H]([C@H]2O[C@H](SC)[C@H](O)[C@@H](O)[C@H]2O)[C@@H](C)O)N(C)C1,1.0,0.46534157,
tdc_bioavailability_ma,"Chemprop v2 (D-MPNN, ensemble=3)",Chemprop v2,train,478,CC(=O)Nc1nnc(S(N)(=O)=O)s1,1.0,0.8034212,
tdc_bioavailability_ma,"Chemprop v2 (D-MPNN, ensemble=3)",Chemprop v2,train,479,CN1C(C(=O)Nc2ccccn2)=C(O)c2ccccc2S1(=O)=O,1.0,0.8543639,
tdc_bioavailability_ma,"Chemprop v2 (D-MPNN, ensemble=3)",Chemprop v2,train,480,CC(C)NCC(O)COc1cccc2[nH]ccc12,1.0,0.73539764,
tdc_bioavailability_ma,"Chemprop v2 (D-MPNN, ensemble=3)",Chemprop v2,train,481,COc1ccc2[nH]cc(CCNC(C)=O)c2c1,0.0,0.7725091,
tdc_bioavailability_ma,"Chemprop v2 (D-MPNN, ensemble=3)",Chemprop v2,train,482,Cc1cc2c(OCC(O)CNC(C)C)cccc2[nH]1,1.0,0.7393005,
tdc_bioavailability_ma,"Chemprop v2 (D-MPNN, ensemble=3)",Chemprop v2,train,483,CNS(=O)(=O)Cc1ccc2[nH]cc(CCN(C)C)c2c1,0.0,0.77365345,
tdc_bioavailability_ma,"Chemprop v2 (D-MPNN, ensemble=3)",Chemprop v2,train,484,Cc1ncc([N+](=O)[O-])n1CCO,1.0,0.75094205,
tdc_bioavailability_ma,"Chemprop v2 (D-MPNN, ensemble=3)",Chemprop v2,train,485,CCS(=O)(=O)CCn1c([N+](=O)[O-])cnc1C,1.0,0.7692568,
tdc_bioavailability_ma,"Chemprop v2 (D-MPNN, ensemble=3)",Chemprop v2,train,486,CN/C(=N/C#N)NCCSCc1nc[nH]c1C,1.0,0.7551441,
tdc_bioavailability_ma,"Chemprop v2 (D-MPNN, ensemble=3)",Chemprop v2,train,487,CN1CCN2c3ncccc3Cc3ccccc3C2C1,1.0,0.7527116,
tdc_bioavailability_ma,"Chemprop v2 (D-MPNN, ensemble=3)",Chemprop v2,train,488,CC(C)(O)c1ccccc1CC[C@@H](SCC1(CC(=O)O)CC1)c1cccc(/C=C/c2ccc3ccc(Cl)cc3n2)c1,1.0,0.87203187,
tdc_bioavailability_ma,"Chemprop v2 (D-MPNN, ensemble=3)",Chemprop v2,train,489,OC(Cn1cncn1)(Cn1cncn1)c1ccc(F)cc1F,1.0,0.85781854,
tdc_bioavailability_ma,"Chemprop v2 (D-MPNN, ensemble=3)",Chemprop v2,train,490,CC[C@H]1OC(=O)[C@H](C)[C@@H](O[C@H]2C[C@@](C)(OC)[C@@H](O)[C@H](C)O2)[C@H](C)[C@@H](O[C@@H]2O[C@H](C)C[C@H](N(C)C)[C@H]2O)[C@](C)(O)C[C@@H](C)C(=NOCOCCOC)[C@H](C)[C@@H](O)[C@]1(C)O,1.0,0.41187522,
tdc_bioavailability_ma,"Chemprop v2 (D-MPNN, ensemble=3)",Chemprop v2,train,491,CN(C)CCCC1(c2ccc(F)cc2)OCc2cc(C#N)ccc21,1.0,0.79819757,
tdc_bioavailability_ma,"Chemprop v2 (D-MPNN, ensemble=3)",Chemprop v2,train,492,Clc1ccc2nsnc2c1NC1=NCCN1,1.0,0.8381054,
tdc_bioavailability_ma,"Chemprop v2 (D-MPNN, ensemble=3)",Chemprop v2,train,493,CC(=O)N[C@H]1[C@H]([C@H](O)[C@H](O)CO)OC(C(=O)O)=C[C@@H]1N=C(N)N,0.0,0.5351266,
tdc_bioavailability_ma,"Chemprop v2 (D-MPNN, ensemble=3)",Chemprop v2,train,494,O=c1[nH]cc(F)c(=O)[nH]1,1.0,0.7617457,
tdc_bioavailability_ma,"Chemprop v2 (D-MPNN, ensemble=3)",Chemprop v2,train,495,Fc1ccc([C@@H]2CCNC[C@H]2COc2ccc3c(c2)OCO3)cc1,1.0,0.7531488,
tdc_bioavailability_ma,"Chemprop v2 (D-MPNN, ensemble=3)",Chemprop v2,train,496,CCC1=C[C@@H]2CN(C1)Cc1c([nH]c3ccccc13)[C@@](C(=O)OC)(c1cc3c(cc1OC)N(C)[C@H]1[C@@](O)(C(=O)OC)[C@H](OC(C)=O)[C@]4(CC)C=CCN5CC[C@]31[C@@H]54)C2,1.0,0.5989266,
tdc_bioavailability_ma,"Chemprop v2 (D-MPNN, ensemble=3)",Chemprop v2,train,497,C[C@H](CS)C(=O)N1CCC[C@H]1C(=O)O,1.0,0.58693916,
tdc_bioavailability_ma,"Chemprop v2 (D-MPNN, ensemble=3)",Chemprop v2,train,498,CCCCC(=O)N(Cc1ccc(-c2ccccc2-c2nn[nH]n2)cc1)[C@H](C(=O)O)C(C)C,1.0,0.8564629,
tdc_bioavailability_ma,"Chemprop v2 (D-MPNN, ensemble=3)",Chemprop v2,train,499,C[C@@H]1O[C@@H](O[C@H]2C[C@@H](O)[C@]3(CO)[C@H]4[C@H](O)C[C@]5(C)[C@@H](C6=CC(=O)OC6)CC[C@]5(O)[C@@H]4CC[C@]3(O)C2)[C@H](O)[C@H](O)[C@H]1O,0.0,0.38790786,
tdc_bioavailability_ma,"Chemprop v2 (D-MPNN, ensemble=3)",Chemprop v2,train,500,CN1CCC[C@@H]1CCO[C@](C)(c1ccccc1)c1ccc(Cl)cc1,1.0,0.7370444,
tdc_bioavailability_ma,"Chemprop v2 (D-MPNN, ensemble=3)",Chemprop v2,train,501,CC[C@H]1OC(=O)[C@H](C)[C@@H](O[C@H]2C[C@@](C)(OC)[C@@H](O)[C@H](C)O2)[C@H](C)[C@@H](O[C@@H]2O[C@H](C)C[C@H](N(C)C)[C@H]2O)[C@](C)(O)C[C@@H](C)[C@@H]2N[C@@H](COCCOC)O[C@H]([C@H]2C)[C@]1(C)O,0.0,0.39659008,
tdc_bioavailability_ma,"Chemprop v2 (D-MPNN, ensemble=3)",Chemprop v2,train,502,COCC(=O)O[C@]1(CCN(C)CCCc2nc3ccccc3[nH]2)CCc2cc(F)ccc2[C@@H]1C(C)C,1.0,0.7865917,
tdc_bioavailability_ma,"Chemprop v2 (D-MPNN, ensemble=3)",Chemprop v2,train,503,CCC1=C(C)CN(C(=O)NCCc2ccc(S(=O)(=O)NC(=O)N[C@H]3CC[C@H](C)CC3)cc2)C1=O,1.0,0.806808,
tdc_bioavailability_ma,"Chemprop v2 (D-MPNN, ensemble=3)",Chemprop v2,train,504,COc1ccc(Cc2nccc3cc(OC)c(OC)cc23)cc1OC,1.0,0.8500822,
tdc_bioavailability_ma,"Chemprop v2 (D-MPNN, ensemble=3)",Chemprop v2,train,505,Nc1cc(N2CCCCC2)nc(N)[n+]1[O-],1.0,0.78451276,
tdc_bioavailability_ma,"Chemprop v2 (D-MPNN, ensemble=3)",Chemprop v2,train,506,CNCCC(Oc1ccc(C(F)(F)F)cc1)c1ccccc1,1.0,0.83052284,
tdc_bioavailability_ma,"Chemprop v2 (D-MPNN, ensemble=3)",Chemprop v2,train,507,CNCC[C@@H](Oc1ccccc1C)c1ccccc1,1.0,0.7418182,
tdc_bioavailability_ma,"Chemprop v2 (D-MPNN, ensemble=3)",Chemprop v2,train,508,CS(=O)(=O)c1ccc(C2=C(c3ccccc3)C(=O)OC2)cc1,1.0,0.8287266,
tdc_bioavailability_ma,"Chemprop v2 (D-MPNN, ensemble=3)",Chemprop v2,train,509,O=C(O)CCCC[C@@H]1SC[C@@H]2NC(=O)N[C@@H]21,1.0,0.537142,
tdc_bioavailability_ma,"Chemprop v2 (D-MPNN, ensemble=3)",Chemprop v2,train,510,CC(C)(C)NCC(O)COc1cccc2c1SCCC2,1.0,0.6855065,
tdc_bioavailability_ma,"Chemprop v2 (D-MPNN, ensemble=3)",Chemprop v2,train,511,CC#CCC(C)[C@H](O)/C=C/[C@@H]1[C@H]2C/C(=C/CCCC(=O)O)C[C@H]2C[C@H]1O,0.0,0.50605553,
tdc_bioavailability_ma,"Chemprop v2 (D-MPNN, ensemble=3)",Chemprop v2,test,0,C[C@]12CCC3=C4CCC(=O)C=C4CC[C@H]3[C@@H]1CC[C@@]2(O)CC#N,1.0,0.52905804,
tdc_bioavailability_ma,"Chemprop v2 (D-MPNN, ensemble=3)",Chemprop v2,test,1,O=C(NCC1CCCCN1)c1cc(OCC(F)(F)F)ccc1OCC(F)(F)F,1.0,0.8520014,
tdc_bioavailability_ma,"Chemprop v2 (D-MPNN, ensemble=3)",Chemprop v2,test,2,O=C(c1ccc(OCCN2CCCCC2)cc1)c1c(-c2ccc(O)cc2)sc2cc(O)ccc12,0.0,0.8837684,
tdc_bioavailability_ma,"Chemprop v2 (D-MPNN, ensemble=3)",Chemprop v2,test,3,O=C(O[C@@H]1C[C@@H]2C[C@H]3C[C@H](C1)N2CC3=O)c1c[nH]c2ccccc12,1.0,0.66939336,
tdc_bioavailability_ma,"Chemprop v2 (D-MPNN, ensemble=3)",Chemprop v2,test,4,Cc1ccsc1C(=CCCN1CCC[C@@H](C(=O)O)C1)c1sccc1C,1.0,0.7599955,
tdc_bioavailability_ma,"Chemprop v2 (D-MPNN, ensemble=3)",Chemprop v2,test,5,COc1ccc(C(=O)Nc2ccccc2CCC2CCCCN2C)cc1,1.0,0.7970228,
tdc_bioavailability_ma,"Chemprop v2 (D-MPNN, ensemble=3)",Chemprop v2,test,6,COc1c(N2C[C@@H]3CCCN[C@@H]3C2)c(F)cc2c(=O)c(C(=O)O)cn(C3CC3)c12,1.0,0.7868003,
tdc_bioavailability_ma,"Chemprop v2 (D-MPNN, ensemble=3)",Chemprop v2,test,7,CO[C@H]1/C=C/O[C@@]2(C)Oc3c(C)c(O)c4c(c3C2=O)C2=NC3(CCN(CC(C)C)CC3)NC2=C(NC(=O)/C(C)=C\C=C\[C@H](C)[C@H](O)[C@@H](C)[C@@H](O)[C@@H](C)[C@H](OC(C)=O)[C@@H]1C)C4=O,0.0,0.68966323,
tdc_bioavailability_ma,"Chemprop v2 (D-MPNN, ensemble=3)",Chemprop v2,test,8,COc1cc([C@@H]2c3cc4c(cc3[C@@H](O[C@@H]3O[C@@H]5CO[C@@H](c6cccs6)O[C@H]5[C@H](O)[C@H]3O)[C@H]3COC(=O)[C@H]23)OCO4)cc(OC)c1O,1.0,0.55583674,
tdc_bioavailability_ma,"Chemprop v2 (D-MPNN, ensemble=3)",Chemprop v2,test,9,CN(C)CCc1c[nH]c2ccc(C[C@H]3COC(=O)N3)cc12,1.0,0.746877,
tdc_bioavailability_ma,"Chemprop v2 (D-MPNN, ensemble=3)",Chemprop v2,test,10,COC(=O)C(c1ccccc1)C1CCCCN1,0.0,0.67016155,
tdc_bioavailability_ma,"Chemprop v2 (D-MPNN, ensemble=3)",Chemprop v2,test,11,COc1ccc([C@@H]2Sc3ccccc3N(CCN(C)C)C(=O)[C@@H]2OC(C)=O)cc1,1.0,0.7455661,
tdc_bioavailability_ma,"Chemprop v2 (D-MPNN, ensemble=3)",Chemprop v2,test,12,Cc1cc(C)nc(NS(=O)(=O)c2ccc(N)cc2)n1,1.0,0.8396201,
tdc_bioavailability_ma,"Chemprop v2 (D-MPNN, ensemble=3)",Chemprop v2,test,13,Nc1ccc(S(=O)(=O)Nc2ncccn2)cc1,1.0,0.83260125,
tdc_bioavailability_ma,"Chemprop v2 (D-MPNN, ensemble=3)",Chemprop v2,test,14,C#Cc1cccc(Nc2ncnc3cc(OCCOC)c(OCCOC)cc23)c1,1.0,0.86800534,
tdc_bioavailability_ma,"Chemprop v2 (D-MPNN, ensemble=3)",Chemprop v2,test,15,OC(CCN1CCCCC1)(c1ccccc1)C1CCCCC1,1.0,0.62503403,
tdc_bioavailability_ma,"Chemprop v2 (D-MPNN, ensemble=3)",Chemprop v2,test,16,Cc1cc(NS(=O)(=O)c2ccc(N)cc2)no1,1.0,0.8236676,
tdc_bioavailability_ma,"Chemprop v2 (D-MPNN, ensemble=3)",Chemprop v2,test,17,CCOC(=O)C1=C(COCCN)NC(C)=C(C(=O)OC)C1c1ccccc1Cl,1.0,0.8074662,
tdc_bioavailability_ma,"Chemprop v2 (D-MPNN, ensemble=3)",Chemprop v2,test,18,COC(=O)C1=C(C#N)NC(C)=C(C(=O)OC(C)C)C1c1cccc([N+](=O)[O-])c1,0.0,0.83209914,
tdc_bioavailability_ma,"Chemprop v2 (D-MPNN, ensemble=3)",Chemprop v2,test,19,COC(=O)C1=C(C)NC(C)=C(C(=O)OC)C1c1ccccc1[N+](=O)[O-],1.0,0.8087054,
tdc_bioavailability_ma,"Chemprop v2 (D-MPNN, ensemble=3)",Chemprop v2,test,20,CCOC(=O)C1=C(C)NC(C)=C(C(=O)OC)C1c1cccc([N+](=O)[O-])c1,0.0,0.8100605,
tdc_bioavailability_ma,"Chemprop v2 (D-MPNN, ensemble=3)",Chemprop v2,test,21,CCOC(=O)C1=C(C)NC(C)=C(C(=O)OC)C1c1cccc(Cl)c1Cl,0.0,0.8417756,
tdc_bioavailability_ma,"Chemprop v2 (D-MPNN, ensemble=3)",Chemprop v2,test,22,CCOC(=O)C1=C(C)NC(C)=C(C(=O)OCC)C1c1ccccc1/C=C/C(=O)OC(C)(C)C,0.0,0.8082039,
tdc_bioavailability_ma,"Chemprop v2 (D-MPNN, ensemble=3)",Chemprop v2,test,23,COCCOC(=O)C1=C(C)NC(C)=C(C(=O)OC(C)C)C1c1cccc([N+](=O)[O-])c1,0.0,0.80578893,
tdc_bioavailability_ma,"Chemprop v2 (D-MPNN, ensemble=3)",Chemprop v2,test,24,COC(=O)C1=C(C)NC(C)=C(C(=O)OCC(C)C)C1c1ccccc1[N+](=O)[O-],0.0,0.80839896,
tdc_bioavailability_ma,"Chemprop v2 (D-MPNN, ensemble=3)",Chemprop v2,test,25,CC(C)(C)NCC(O)COc1ccc(NC(=O)NC2CCCCC2)cc1,1.0,0.7241368,
tdc_bioavailability_ma,"Chemprop v2 (D-MPNN, ensemble=3)",Chemprop v2,test,26,Cc1cnc(NC(=O)C2=C(O)c3ccccc3S(=O)(=O)N2C)s1,1.0,0.85441417,
tdc_bioavailability_ma,"Chemprop v2 (D-MPNN, ensemble=3)",Chemprop v2,test,27,CN1C(=O)C(O)N=C(c2ccccc2Cl)c2cc(Cl)ccc21,1.0,0.8575757,
tdc_bioavailability_ma,"Chemprop v2 (D-MPNN, ensemble=3)",Chemprop v2,test,28,O=C1Nc2ccc(Cl)cc2C(c2ccccc2)=NC1O,1.0,0.8262493,
tdc_bioavailability_ma,"Chemprop v2 (D-MPNN, ensemble=3)",Chemprop v2,test,29,CN1C(=O)C(O)N=C(c2ccccc2)c2cc(Cl)ccc21,1.0,0.8264983,
tdc_bioavailability_ma,"Chemprop v2 (D-MPNN, ensemble=3)",Chemprop v2,test,30,O=C1CN=C(c2ccccc2)c2cc([N+](=O)[O-])ccc2N1,1.0,0.84962195,
tdc_bioavailability_ma,"Chemprop v2 (D-MPNN, ensemble=3)",Chemprop v2,test,31,CN1C(=O)CN=C(c2ccccc2)c2cc(Cl)ccc21,1.0,0.84099084,
tdc_bioavailability_ma,"Chemprop v2 (D-MPNN, ensemble=3)",Chemprop v2,test,32,CN1C(=O)CN=C(c2ccccc2F)c2cc([N+](=O)[O-])ccc21,1.0,0.87049294,
tdc_bioavailability_ma,"Chemprop v2 (D-MPNN, ensemble=3)",Chemprop v2,test,33,O=C1CN=C(c2ccccc2Cl)c2cc([N+](=O)[O-])ccc2N1,1.0,0.8771698,
tdc_bioavailability_ma,"Chemprop v2 (D-MPNN, ensemble=3)",Chemprop v2,test,34,O=C1Nc2ccc(Cl)cc2C(c2ccccc2Cl)=NC1O,1.0,0.8573287,
tdc_bioavailability_ma,"Chemprop v2 (D-MPNN, ensemble=3)",Chemprop v2,test,35,CCN(CC)CCN1C(=O)CN=C(c2ccccc2F)c2cc(Cl)ccc21,1.0,0.86613256,
tdc_bioavailability_ma,"Chemprop v2 (D-MPNN, ensemble=3)",Chemprop v2,test,36,CN1C[C@H](CNC(=O)OCc2ccccc2)C[C@@H]2c3cccc4c3c(cn4C)C[C@H]21,1.0,0.7491142,
tdc_bioavailability_ma,"Chemprop v2 (D-MPNN, ensemble=3)",Chemprop v2,test,37,O=C(O)COCCN1CCN(C(c2ccccc2)c2ccc(Cl)cc2)CC1,1.0,0.78144884,
tdc_bioavailability_ma,"Chemprop v2 (D-MPNN, ensemble=3)",Chemprop v2,test,38,NS(=O)(=O)c1cc2c(cc1Cl)N=C(CSCc1ccccc1)NS2(=O)=O,0.0,0.8773565,
tdc_bioavailability_ma,"Chemprop v2 (D-MPNN, ensemble=3)",Chemprop v2,test,39,O=C1CC2(CCCC2)CC(=O)N1CCCCN1CCN(c2ncccn2)CC1,0.0,0.7328995,
tdc_bioavailability_ma,"Chemprop v2 (D-MPNN, ensemble=3)",Chemprop v2,test,40,N[C@@H](C(=O)N[C@@H]1C(=O)N2C(C(=O)O)=C(Cl)CC[C@H]12)c1ccccc1,1.0,0.7362843,
tdc_bioavailability_ma,"Chemprop v2 (D-MPNN, ensemble=3)",Chemprop v2,test,41,CC[C@]12CCCN3CCc4c(n(c5ccccc45)[C@@](O)(C(=O)OC)C1)[C@@H]32,0.0,0.64100075,
tdc_bioavailability_ma,"Chemprop v2 (D-MPNN, ensemble=3)",Chemprop v2,test,42,Nc1nc(NC2CC2)c2ncn([C@H]3C=C[C@@H](CO)C3)c2n1,1.0,0.760195,
tdc_bioavailability_ma,"Chemprop v2 (D-MPNN, ensemble=3)",Chemprop v2,test,43,Cc1ncc2n1-c1ccc(Cl)cc1C(c1ccccc1F)=NC2,1.0,0.89279336,
tdc_bioavailability_ma,"Chemprop v2 (D-MPNN, ensemble=3)",Chemprop v2,test,44,CCn1cc(C(=O)O)c(=O)c2cc(F)c(N3CCNCC3)nc21,1.0,0.8425708,
tdc_bioavailability_ma,"Chemprop v2 (D-MPNN, ensemble=3)",Chemprop v2,test,45,CC1=C(CC(=O)O)c2cc(F)ccc2/C1=C\c1ccc(S(C)=O)cc1,1.0,0.8502941,
tdc_bioavailability_ma,"Chemprop v2 (D-MPNN, ensemble=3)",Chemprop v2,test,46,CCOc1ccc2ccccc2c1C(=O)N[C@@H]1C(=O)N2[C@@H]1SC(C)(C)[C@@H]2C(=O)O,1.0,0.70688707,
tdc_bioavailability_ma,"Chemprop v2 (D-MPNN, ensemble=3)",Chemprop v2,test,47,C=C[C@H]1CN2CC[C@H]1C[C@H]2[C@H](O)c1ccnc2ccc(OC)cc12,1.0,0.66823983,
tdc_bioavailability_ma,"Chemprop v2 (D-MPNN, ensemble=3)",Chemprop v2,test,48,C=C[C@H]1CN2CC[C@H]1C[C@@H]2[C@@H](O)c1ccnc2ccc(OC)cc12,1.0,0.66948384,
tdc_bioavailability_ma,"Chemprop v2 (D-MPNN, ensemble=3)",Chemprop v2,test,49,CC(C)[N+]1(C)[C@@H]2CC[C@H]1C[C@@H](OC(=O)C(CO)c1ccccc1)C2,0.0,0.5846347,
tdc_bioavailability_ma,"Chemprop v2 (D-MPNN, ensemble=3)",Chemprop v2,test,50,CCCCc1oc2ccccc2c1C(=O)c1cc(I)c(OCCN(CC)CC)c(I)c1,1.0,0.87459207,
tdc_bioavailability_ma,"Chemprop v2 (D-MPNN, ensemble=3)",Chemprop v2,test,51,N#Cc1ccccc1OCC(O)CNCCNC(=O)Cc1ccc(O)cc1,0.0,0.8031358,
tdc_bioavailability_ma,"Chemprop v2 (D-MPNN, ensemble=3)",Chemprop v2,test,52,C[C@@H]1C[C@H]2[C@@H]3C[C@H](F)C4=CC(=O)C=C[C@]4(C)[C@H]3[C@@H](O)C[C@]2(C)[C@H]1C(=O)CO,1.0,0.46454385,
tdc_bioavailability_ma,"Chemprop v2 (D-MPNN, ensemble=3)",Chemprop v2,test,53,C[C@@H]1C[C@H]2[C@@H]3CCC4=CC(=O)C=C[C@]4(C)[C@@]3(F)[C@@H](O)C[C@]2(C)[C@@]1(O)C(=O)CO,1.0,0.4663496,
tdc_bioavailability_ma,"Chemprop v2 (D-MPNN, ensemble=3)",Chemprop v2,test,54,C[C@]12C=CC(=O)C=C1CC[C@@H]1[C@@H]2[C@@H](O)C[C@@]2(C)[C@H]1CC[C@]2(O)C(=O)CO,1.0,0.47203037,
tdc_bioavailability_ma,"Chemprop v2 (D-MPNN, ensemble=3)",Chemprop v2,test,55,C[C@H]1C[C@@H]2[C@H]([C@@H](O)C[C@@]3(C)[C@H]2CC[C@]3(O)C(=O)CO)[C@@]2(C)C=CC(=O)C=C12,1.0,0.46902943,
tdc_bioavailability_ma,"Chemprop v2 (D-MPNN, ensemble=3)",Chemprop v2,test,56,C[C@H]1C[C@H]2[C@@H]3CCC4=CC(=O)C=C[C@]4(C)[C@@]3(F)[C@@H](O)C[C@]2(C)[C@@]1(O)C(=O)CO,1.0,0.46857047,
tdc_bioavailability_ma,"Chemprop v2 (D-MPNN, ensemble=3)",Chemprop v2,test,57,Cc1nccn1CC1CCc2c(c3ccccc3n2C)C1=O,1.0,0.8103242,
tdc_bioavailability_ma,"Chemprop v2 (D-MPNN, ensemble=3)",Chemprop v2,test,58,C[C@@H](c1ncncc1F)[C@](O)(Cn1cncn1)c1ccc(F)cc1F,1.0,0.8523758,
tdc_bioavailability_ma,"Chemprop v2 (D-MPNN, ensemble=3)",Chemprop v2,test,59,CCC(=O)N(c1ccccc1)C1(COC)CCN(CCn2nnn(CC)c2=O)CC1,0.0,0.8153016,
tdc_bioavailability_ma,"Chemprop v2 (D-MPNN, ensemble=3)",Chemprop v2,test,60,CCN1CCCC1CNC(=O)c1cc(S(N)(=O)=O)ccc1OC,1.0,0.77679473,
tdc_bioavailability_ma,"Chemprop v2 (D-MPNN, ensemble=3)",Chemprop v2,test,61,CCN1CCCC1CNC(=O)c1cc(S(=O)(=O)CC)c(N)cc1OC,1.0,0.77485746,
tdc_bioavailability_ma,"Chemprop v2 (D-MPNN, ensemble=3)",Chemprop v2,test,62,CCN(CC)CCCN(c1ccccc1)C1Cc2ccccc2C1,1.0,0.74376535,
tdc_bioavailability_ma,"Chemprop v2 (D-MPNN, ensemble=3)",Chemprop v2,test,63,OCCN1CCN(CC/C=C2/c3ccccc3Sc3ccc(C(F)(F)F)cc32)CC1,1.0,0.83483535,
tdc_bioavailability_ma,"Chemprop v2 (D-MPNN, ensemble=3)",Chemprop v2,test,64,CCOc1nc2cccc(C(=O)O)c2n1Cc1ccc(-c2ccccc2-c2nnn[nH]2)cc1,1.0,0.934463,
tdc_bioavailability_ma,"Chemprop v2 (D-MPNN, ensemble=3)",Chemprop v2,test,65,COc1cc2c(cc1OC)C1CC(=O)C(CC(C)C)CN1CC2,0.0,0.6828329,
tdc_bioavailability_ma,"Chemprop v2 (D-MPNN, ensemble=3)",Chemprop v2,test,66,CN(C)CCc1c[nH]c2ccc(Cn3cncn3)cc12,1.0,0.81913584,
tdc_bioavailability_ma,"Chemprop v2 (D-MPNN, ensemble=3)",Chemprop v2,test,67,CCOC(=O)[C@H](CCc1ccccc1)N[C@@H](C)C(=O)N(CC(=O)O)C1Cc2ccccc2C1,1.0,0.74712664,
tdc_bioavailability_ma,"Chemprop v2 (D-MPNN, ensemble=3)",Chemprop v2,test,68,N[C@@H]1CONC1=O,1.0,0.5988943,
tdc_bioavailability_ma,"Chemprop v2 (D-MPNN, ensemble=3)",Chemprop v2,test,69,C=C1CC[C@@]2(O)[C@H]3Cc4ccc(O)c5c4[C@@]2(CCN3CC2CC2)[C@H]1O5,1.0,0.535118,
tdc_bioavailability_ma,"Chemprop v2 (D-MPNN, ensemble=3)",Chemprop v2,test,70,CN1c2ccccc2C(NCCCCCCC(=O)O)c2ccc(Cl)cc2S1(=O)=O,1.0,0.82451314,
tdc_bioavailability_ma,"Chemprop v2 (D-MPNN, ensemble=3)",Chemprop v2,test,71,CCOC(=O)c1ncn2c1CN(C)C(=O)c1cc(F)ccc1-2,1.0,0.8561306,
tdc_bioavailability_ma,"Chemprop v2 (D-MPNN, ensemble=3)",Chemprop v2,test,72,CCCCc1ncc(/C=C(\Cc2cccs2)C(=O)O)n1Cc1ccc(C(=O)O)cc1,0.0,0.87056494,
tdc_bioavailability_ma,"Chemprop v2 (D-MPNN, ensemble=3)",Chemprop v2,test,73,O=C(O)c1cc(/N=N/c2ccc(O)c(C(=O)O)c2)ccc1O,0.0,0.85148853,
tdc_bioavailability_ma,"Chemprop v2 (D-MPNN, ensemble=3)",Chemprop v2,test,74,CSc1ccc2c(c1)N(CCC1CCCCN1C)c1ccccc1S2,1.0,0.7666626,
tdc_bioavailability_ma,"Chemprop v2 (D-MPNN, ensemble=3)",Chemprop v2,test,75,CNS(=O)(=O)CCc1ccc2[nH]cc(C3CCN(C)CC3)c2c1,1.0,0.74634784,
tdc_bioavailability_ma,"Chemprop v2 (D-MPNN, ensemble=3)",Chemprop v2,test,76,COc1cc2c(cc1OC)C(=O)C(CC1CCN(Cc3ccccc3)CC1)C2,1.0,0.7640905,
tdc_bioavailability_ma,"Chemprop v2 (D-MPNN, ensemble=3)",Chemprop v2,test,77,CN1CCN(CC(=O)N2c3ccccc3C(=O)Nc3cccnc32)CC1,0.0,0.8451573,
tdc_bioavailability_ma,"Chemprop v2 (D-MPNN, ensemble=3)",Chemprop v2,test,78,CN1CCCC(n2nc(Cc3ccc(Cl)cc3)c3ccccc3c2=O)CC1,1.0,0.84875655,
tdc_bioavailability_ma,"Chemprop v2 (D-MPNN, ensemble=3)",Chemprop v2,test,79,CC(=O)OCC1=C(C(=O)O)N2C(=O)[C@@H](NC(=O)CC#N)[C@H]2SC1,0.0,0.67217517,
tdc_bioavailability_ma,"Chemprop v2 (D-MPNN, ensemble=3)",Chemprop v2,test,80,CC(C)NCC(O)COc1cccc2ccccc12,1.0,0.7405267,
tdc_bioavailability_ma,"Chemprop v2 (D-MPNN, ensemble=3)",Chemprop v2,test,81,COc1ccc2cc([C@H](C)C(=O)O)ccc2c1,1.0,0.75030357,
tdc_bioavailability_ma,"Chemprop v2 (D-MPNN, ensemble=3)",Chemprop v2,test,82,COc1ccc2cc(CCC(C)=O)ccc2c1,1.0,0.76897717,
tdc_bioavailability_ma,"Chemprop v2 (D-MPNN, ensemble=3)",Chemprop v2,test,83,CCN(CC)C(=O)C1(c2ccccc2)CC1CN,1.0,0.6818293,
tdc_bioavailability_ma,"Chemprop v2 (D-MPNN, ensemble=3)",Chemprop v2,test,84,CC(C)(Oc1ccc(C2CC2(Cl)Cl)cc1)C(=O)O,1.0,0.7608881,
tdc_bioavailability_ma,"Chemprop v2 (D-MPNN, ensemble=3)",Chemprop v2,test,85,CO[C@H]1O[C@@H]2O[C@@]3(C)CC[C@H]4[C@H](C)CC[C@@H]([C@H]1C)[C@@]24OO3,1.0,0.47085765,
tdc_bioavailability_ma,"Chemprop v2 (D-MPNN, ensemble=3)",Chemprop v2,test,86,CN1CCN2c3ccccc3Cc3ccccc3C2C1,1.0,0.739542,
tdc_bioavailability_ma,"Chemprop v2 (D-MPNN, ensemble=3)",Chemprop v2,test,87,Cc1c(O)cccc1C(=O)N[C@@H](CSc1ccccc1)[C@H](O)CN1C[C@H]2CCCC[C@H]2C[C@H]1C(=O)NC(C)(C)C,1.0,0.69718504,
tdc_bioavailability_ma,"Chemprop v2 (D-MPNN, ensemble=3)",Chemprop v2,test,88,Cc1nnc2n1-c1sc(Br)cc1C(c1ccccc1Cl)=NC2,1.0,0.8977768,
tdc_bioavailability_ma,"Chemprop v2 (D-MPNN, ensemble=3)",Chemprop v2,test,89,CCOc1ccccc1O[C@H](c1ccccc1)[C@H]1CNCCO1,1.0,0.70915884,
tdc_bioavailability_ma,"Chemprop v2 (D-MPNN, ensemble=3)",Chemprop v2,test,90,CCn1cc(C(=O)O)c(=O)c2cc(F)c(N3CCN(C)CC3)cc21,1.0,0.82939243,
tdc_bioavailability_ma,"Chemprop v2 (D-MPNN, ensemble=3)",Chemprop v2,test,91,CCn1cc(C(=O)O)c(=O)c2cc(F)c(N3CCNC(C)C3)c(F)c21,1.0,0.85017365,
tdc_bioavailability_ma,"Chemprop v2 (D-MPNN, ensemble=3)",Chemprop v2,test,92,CCn1cc(C(=O)O)c(=O)c2cc(F)c(N3CCNCC3)cc21,1.0,0.827586,
tdc_bioavailability_ma,"Chemprop v2 (D-MPNN, ensemble=3)",Chemprop v2,test,93,Cc1ccc(C(=O)c2ccc(CC(=O)O)n2C)cc1,1.0,0.80860853,
tdc_bioavailability_ma,"Chemprop v2 (D-MPNN, ensemble=3)",Chemprop v2,test,94,CC(C)N1CCC(N(C(=O)Cc2ccccc2)c2ccc(Cl)cc2)CC1,0.0,0.8016097,
tdc_bioavailability_ma,"Chemprop v2 (D-MPNN, ensemble=3)",Chemprop v2,test,95,COc1ccc(Cl)cc1C(=O)NCCc1ccc(S(=O)(=O)NC(=O)NC2CCCCC2)cc1,1.0,0.8681615,
tdc_bioavailability_ma,"Chemprop v2 (D-MPNN, ensemble=3)",Chemprop v2,test,96,COc1cccc2c1C(=O)c1c(O)c3c(c(O)c1C2=O)C[C@@](O)(C(=O)CO)C[C@@H]3O[C@H]1C[C@H](N)[C@H](O)[C@H](C)O1,0.0,0.707386,
tdc_bioavailability_ma,"Chemprop v2 (D-MPNN, ensemble=3)",Chemprop v2,test,97,CC(=O)[C@]1(O)Cc2c(O)c3c(c(O)c2[C@@H](O[C@H]2C[C@H](N)[C@H](O)[C@H](C)O2)C1)C(=O)c1ccccc1C3=O,1.0,0.7098074,
tdc_bioavailability_ma,"Chemprop v2 (D-MPNN, ensemble=3)",Chemprop v2,test,98,COc1cccc2c1C(=O)c1c(O)c3c(c(O)c1C2=O)C[C@@](O)(C(=O)CO)C[C@@H]3O[C@H]1C[C@H](N)[C@@H](O)[C@H](C)O1,0.0,0.70976263,
tdc_bioavailability_ma,"Chemprop v2 (D-MPNN, ensemble=3)",Chemprop v2,test,99,COc1cccc(C(=O)CCN[C@@H](C)[C@H](O)c2ccccc2)c1,1.0,0.74061346,
tdc_bioavailability_ma,"Chemprop v2 (D-MPNN, ensemble=3)",Chemprop v2,test,100,Cc1nc2n(c(=O)c1CCN1CCC(c3noc4cc(F)ccc34)CC1)CCCC2,1.0,0.83956575,
tdc_bioavailability_ma,"Chemprop v2 (D-MPNN, ensemble=3)",Chemprop v2,test,101,CN1CC[C@]23c4c5ccc(O)c4O[C@H]2[C@@H](O)C=C[C@H]3[C@H]1C5,1.0,0.5268437,
tdc_bioavailability_ma,"Chemprop v2 (D-MPNN, ensemble=3)",Chemprop v2,test,102,COc1ccc2c3c1O[C@H]1[C@@H](O)C=C[C@H]4[C@@H](C2)N(C)CC[C@@]341,1.0,0.5452911,
tdc_bioavailability_ma,"Chemprop v2 (D-MPNN, ensemble=3)",Chemprop v2,test,103,C=CC[C@@H]1/C=C(\C)C[C@H](C)C[C@H](OC)[C@H]2O[C@@](O)(C(=O)C(=O)N3CCCC[C@H]3C(=O)O[C@H](/C(C)=C/[C@@H]3CC[C@@H](O)[C@H](OC)C3)[C@H](C)[C@@H](O)CC1=O)[C@H](C)C[C@@H]2OC,1.0,0.43768153,
tdc_bioavailability_ma,"Chemprop v2 (D-MPNN, ensemble=3)",Chemprop v2,test,104,C#C[C@]1(O)CC[C@H]2[C@@H]3CCc4cc(O)ccc4[C@H]3[C@@H](OC)C[C@@]21C,1.0,0.5079146,
tdc_bioavailability_ma,"Chemprop v2 (D-MPNN, ensemble=3)",Chemprop v2,test,105,C[C@]12CC[C@@H]3c4ccc(O)cc4CC[C@H]3[C@@H]1CC[C@@H]2O,0.0,0.5346937,
tdc_bioavailability_ma,"Chemprop v2 (D-MPNN, ensemble=3)",Chemprop v2,test,106,CC(=O)O[C@H]1C[C@@H]2CC[C@@H]3[C@H](CC[C@@]4(C)[C@H]3C[C@H]([N+]3(C)CCCCC3)[C@@H]4OC(C)=O)[C@@]2(C)C[C@@H]1[N+]1(C)CCCCC1,0.0,0.43971232,
tdc_bioavailability_ma,"Chemprop v2 (D-MPNN, ensemble=3)",Chemprop v2,test,107,CO/N=C(\C(=O)N[C@@H]1C(=O)N2C(C(=O)O)=C(CSc3nc(C)c(CC(=O)O)s3)CS[C@H]12)c1csc(N)n1,0.0,0.83701974,
tdc_bioavailability_ma,"Chemprop v2 (D-MPNN, ensemble=3)",Chemprop v2,test,108,CNCCCC12CCC(c3ccccc31)c1ccccc12,1.0,0.7200718,
tdc_bioavailability_ma,"Chemprop v2 (D-MPNN, ensemble=3)",Chemprop v2,test,109,C=CCN1CCCC1CNC(=O)c1cc2n[nH]nc2cc1OC,1.0,0.7939417,
tdc_bioavailability_ma,"Chemprop v2 (D-MPNN, ensemble=3)",Chemprop v2,test,110,C#C[C@]1(O)CC[C@H]2[C@@H]3CCC4=CC(=O)CC[C@@H]4[C@H]3CC[C@@]21CC,1.0,0.481673,
tdc_bioavailability_ma,"Chemprop v2 (D-MPNN, ensemble=3)",Chemprop v2,test,111,C[C@]12CC[C@H]3[C@@H](CCC4=CC(=O)CC[C@@]43C)[C@@H]1CC[C@@H]2O,0.0,0.49337196,
tdc_bioavailability_ma,"Chemprop v2 (D-MPNN, ensemble=3)",Chemprop v2,test,112,C#CC1(O)CCC2C3CCC4=CC(=O)CCC4C3CCC21CC,1.0,0.5181502,
tdc_bioavailability_ma,"Chemprop v2 (D-MPNN, ensemble=3)",Chemprop v2,test,113,CC(=O)[C@H]1CC[C@H]2[C@@H]3CCC4=CC(=O)CC[C@]4(C)[C@H]3CC[C@]12C,1.0,0.5031522,
tdc_bioavailability_ma,"Chemprop v2 (D-MPNN, ensemble=3)",Chemprop v2,test,114,N/N=c1/cc2c(n[nH]1)CCN(C(=O)c1ccccc1)C2,1.0,0.82295245,
tdc_bioavailability_ma,"Chemprop v2 (D-MPNN, ensemble=3)",Chemprop v2,test,115,COc1ccc2c(c1)c(CC(=O)O)c(C)n2C(=O)c1ccc(Cl)cc1,1.0,0.8803628,
tdc_bioavailability_ma,"Chemprop v2 (D-MPNN, ensemble=3)",Chemprop v2,test,116,CC(C(=O)O)c1ccc(C(=O)c2cccs2)cc1,1.0,0.78996676,
tdc_bioavailability_ma,"Chemprop v2 (D-MPNN, ensemble=3)",Chemprop v2,test,117,CCOC(=O)CN[C@@H](C(=O)N1CC[C@H]1C(=O)NCc1ccc(/C(N)=N/O)cc1)C1CCCCC1,1.0,0.7367092,
tdc_bioavailability_ma,"Chemprop v2 (D-MPNN, ensemble=3)",Chemprop v2,test,118,N=C(N)c1ccc(CNC(=O)[C@@H]2CCN2C(=O)[C@H](NCC(=O)O)C2CCCCC2)cc1,0.0,0.7053724,
tdc_bioavailability_ma,"Chemprop v2 (D-MPNN, ensemble=3)",Chemprop v2,test,119,Cc1ccc(S(=O)(=O)NC(=O)NN2CC3CCCC3C2)cc1,1.0,0.7418634,
tdc_bioavailability_ma,"Chemprop v2 (D-MPNN, ensemble=3)",Chemprop v2,test,120,CCOC(=O)[C@H](CCc1ccccc1)N[C@@H](C)C(=O)N1[C@H](C(=O)O)C[C@H]2CCCC[C@@H]21,0.0,0.6000145,
tdc_bioavailability_ma,"Chemprop v2 (D-MPNN, ensemble=3)",Chemprop v2,test,121,O=C1CC[C@@]2(O)[C@H]3Cc4ccc(O)c5c4[C@@]2(CCN3CC2CC2)[C@H]1O5,1.0,0.53748256,
tdc_bioavailability_ma,"Chemprop v2 (D-MPNN, ensemble=3)",Chemprop v2,test,122,COc1ccccc1OCCNCC(O)COc1cccc2[nH]c3ccccc3c12,1.0,0.846898,
tdc_bioavailability_ma,"Chemprop v2 (D-MPNN, ensemble=3)",Chemprop v2,test,123,CN(C)CCC=C1c2ccccc2COc2ccccc21,1.0,0.791467,
tdc_bioavailability_ma,"Chemprop v2 (D-MPNN, ensemble=3)",Chemprop v2,test,124,Nc1nnc(-c2cccc(Cl)c2Cl)c(N)n1,1.0,0.8897955,
tdc_bioavailability_ma,"Chemprop v2 (D-MPNN, ensemble=3)",Chemprop v2,test,125,CO/N=C(\C(=O)N[C@@H]1C(=O)N2C(C(=O)O)=C(CSc3nc(=O)c(=O)[nH]n3C)CS[C@H]12)c1csc(N)n1,0.0,0.8591967,
tdc_bioavailability_ma,"Chemprop v2 (D-MPNN, ensemble=3)",Chemprop v2,test,126,Cc1ccc2c(-c3ccccc3)nc(=O)n(C(C)C)c2c1,0.0,0.8370647,
tdc_bioavailability_ma,"Chemprop v2 (D-MPNN, ensemble=3)",Chemprop v2,test,127,O=C1NCC2(CCN(CCc3ccccc3)CC2)O1,1.0,0.6818878,
tdc_bioavailability_ma,"Chemprop v2 (D-MPNN + RDKit2D, ensemble=3)",Chemprop v2,train,0,CC[N+](C)(C)c1cccc(O)c1,0.0,0.7647631,
tdc_bioavailability_ma,"Chemprop v2 (D-MPNN + RDKit2D, ensemble=3)",Chemprop v2,train,1,C[C@H](N)[C@H](O)c1ccccc1,1.0,0.78081816,
tdc_bioavailability_ma,"Chemprop v2 (D-MPNN + RDKit2D, ensemble=3)",Chemprop v2,train,2,Cc1cccc(C)c1NC(=O)C(C)N,1.0,0.76356596,
tdc_bioavailability_ma,"Chemprop v2 (D-MPNN + RDKit2D, ensemble=3)",Chemprop v2,train,3,CC(C)(C)NCC(O)c1ccccc1Cl,1.0,0.75973195,
tdc_bioavailability_ma,"Chemprop v2 (D-MPNN + RDKit2D, ensemble=3)",Chemprop v2,train,4,CCN(CC)CCNC(=O)c1cc(Cl)c(N)cc1OC,1.0,0.7095053,
tdc_bioavailability_ma,"Chemprop v2 (D-MPNN + RDKit2D, ensemble=3)",Chemprop v2,train,5,CC[N+](C)(C)Cc1ccccc1Br,1.0,0.78129035,
tdc_bioavailability_ma,"Chemprop v2 (D-MPNN + RDKit2D, ensemble=3)",Chemprop v2,train,6,CCOc1ccc(NC(C)=O)cc1,1.0,0.76398754,
tdc_bioavailability_ma,"Chemprop v2 (D-MPNN + RDKit2D, ensemble=3)",Chemprop v2,train,7,C[C@](N)(Cc1ccc(O)c(O)c1)C(=O)O,1.0,0.6935827,
tdc_bioavailability_ma,"Chemprop v2 (D-MPNN + RDKit2D, ensemble=3)",Chemprop v2,train,8,O=C(O)CCCc1ccc(N(CCCl)CCCl)cc1,1.0,0.73269445,
tdc_bioavailability_ma,"Chemprop v2 (D-MPNN + RDKit2D, ensemble=3)",Chemprop v2,train,9,CCNC(C)Cc1cccc(C(F)(F)F)c1,1.0,0.77201873,
tdc_bioavailability_ma,"Chemprop v2 (D-MPNN + RDKit2D, ensemble=3)",Chemprop v2,train,10,CCN(CC)CCNC(=O)c1ccc(N)cc1,1.0,0.7289667,
tdc_bioavailability_ma,"Chemprop v2 (D-MPNN + RDKit2D, ensemble=3)",Chemprop v2,train,11,CN(C)C(=O)Oc1cccc([N+](C)(C)C)c1,0.0,0.7495044,
tdc_bioavailability_ma,"Chemprop v2 (D-MPNN + RDKit2D, ensemble=3)",Chemprop v2,train,12,Cc1ccc(C)c(OCCCC(C)(C)C(=O)O)c1,1.0,0.73524785,
tdc_bioavailability_ma,"Chemprop v2 (D-MPNN + RDKit2D, ensemble=3)",Chemprop v2,train,13,CC(=O)Nc1ccc(O)cc1,1.0,0.7617204,
tdc_bioavailability_ma,"Chemprop v2 (D-MPNN + RDKit2D, ensemble=3)",Chemprop v2,train,14,CC(C)NCC(O)COc1ccc(CC(N)=O)cc1,1.0,0.6871663,
tdc_bioavailability_ma,"Chemprop v2 (D-MPNN + RDKit2D, ensemble=3)",Chemprop v2,train,15,CC(C)Cc1ccc(C(C)C(=O)O)cc1,1.0,0.7474702,
tdc_bioavailability_ma,"Chemprop v2 (D-MPNN + RDKit2D, ensemble=3)",Chemprop v2,train,16,COCCCC/C(=N\OCCN)c1ccc(C(F)(F)F)cc1,1.0,0.7188177,
tdc_bioavailability_ma,"Chemprop v2 (D-MPNN + RDKit2D, ensemble=3)",Chemprop v2,train,17,NC[C@H](O)c1ccc(O)c(O)c1,0.0,0.71907264,
tdc_bioavailability_ma,"Chemprop v2 (D-MPNN + RDKit2D, ensemble=3)",Chemprop v2,train,18,NCC(O)c1cccc(O)c1,0.0,0.76218957,
tdc_bioavailability_ma,"Chemprop v2 (D-MPNN + RDKit2D, ensemble=3)",Chemprop v2,train,19,CN[C@@H](C)[C@@H](O)c1ccccc1,1.0,0.77823263,
tdc_bioavailability_ma,"Chemprop v2 (D-MPNN + RDKit2D, ensemble=3)",Chemprop v2,train,20,CCOC(=O)C(C)(C)Oc1ccc(Cl)cc1,0.0,0.73646873,
tdc_bioavailability_ma,"Chemprop v2 (D-MPNN + RDKit2D, ensemble=3)",Chemprop v2,train,21,Cc1cccc(C)c1OCC(C)N,1.0,0.7736307,
tdc_bioavailability_ma,"Chemprop v2 (D-MPNN + RDKit2D, ensemble=3)",Chemprop v2,train,22,COc1cc(C)c(/C=C/C(C)=C/C=C/C(C)=C/C(=O)O)c(C)c1C,1.0,0.72425365,
tdc_bioavailability_ma,"Chemprop v2 (D-MPNN + RDKit2D, ensemble=3)",Chemprop v2,train,23,CCCN(CCC)S(=O)(=O)c1ccc(C(=O)O)cc1,1.0,0.72757035,
tdc_bioavailability_ma,"Chemprop v2 (D-MPNN + RDKit2D, ensemble=3)",Chemprop v2,train,24,CC(C)NC[C@H](O)COc1ccc(O)cc1,1.0,0.70524913,
tdc_bioavailability_ma,"Chemprop v2 (D-MPNN + RDKit2D, ensemble=3)",Chemprop v2,train,25,CCN(CC)CC(=O)Nc1c(C)cccc1C,1.0,0.74568313,
tdc_bioavailability_ma,"Chemprop v2 (D-MPNN + RDKit2D, ensemble=3)",Chemprop v2,train,26,CCCCNC(=O)NS(=O)(=O)c1ccc(C)cc1,1.0,0.73883796,
tdc_bioavailability_ma,"Chemprop v2 (D-MPNN + RDKit2D, ensemble=3)",Chemprop v2,train,27,C=CCc1ccccc1OCC(O)CNC(C)C,0.0,0.72570366,
tdc_bioavailability_ma,"Chemprop v2 (D-MPNN + RDKit2D, ensemble=3)",Chemprop v2,train,28,NC(=O)OCC(COC(N)=O)c1ccccc1,1.0,0.7247824,
tdc_bioavailability_ma,"Chemprop v2 (D-MPNN + RDKit2D, ensemble=3)",Chemprop v2,train,29,CCCCCCCN(CC)CCCC(O)c1ccc(NS(C)(=O)=O)cc1,0.0,0.65390855,
tdc_bioavailability_ma,"Chemprop v2 (D-MPNN + RDKit2D, ensemble=3)",Chemprop v2,train,30,N[C@@H](Cc1ccc(O)c(O)c1)C(=O)O,1.0,0.70311236,
tdc_bioavailability_ma,"Chemprop v2 (D-MPNN + RDKit2D, ensemble=3)",Chemprop v2,train,31,CNC[C@H](O)c1cccc(O)c1,1.0,0.76292586,
tdc_bioavailability_ma,"Chemprop v2 (D-MPNN + RDKit2D, ensemble=3)",Chemprop v2,train,32,C#CCN(C)[C@H](C)Cc1ccccc1,0.0,0.7878041,
tdc_bioavailability_ma,"Chemprop v2 (D-MPNN + RDKit2D, ensemble=3)",Chemprop v2,train,33,CCCC(=O)Nc1ccc(OCC(O)CNC(C)C)c(C(C)=O)c1,1.0,0.6607899,
tdc_bioavailability_ma,"Chemprop v2 (D-MPNN + RDKit2D, ensemble=3)",Chemprop v2,train,34,CC(C)NCC(O)COc1ccc(COCCOC(C)C)cc1,1.0,0.6530125,
tdc_bioavailability_ma,"Chemprop v2 (D-MPNN + RDKit2D, ensemble=3)",Chemprop v2,train,35,CCN(C)C(=O)Oc1cccc([C@H](C)N(C)C)c1,1.0,0.73777896,
tdc_bioavailability_ma,"Chemprop v2 (D-MPNN + RDKit2D, ensemble=3)",Chemprop v2,train,36,CCN(CC)C(=O)/C(C#N)=C/c1cc(O)c(O)c([N+](=O)[O-])c1,1.0,0.7261355,
tdc_bioavailability_ma,"Chemprop v2 (D-MPNN + RDKit2D, ensemble=3)",Chemprop v2,train,37,CC(C)(C)NCC(O)c1cc(O)cc(O)c1,0.0,0.6980627,
tdc_bioavailability_ma,"Chemprop v2 (D-MPNN + RDKit2D, ensemble=3)",Chemprop v2,train,38,CCN(CC)CCNC(=O)c1cc(Br)c(N)cc1OC,1.0,0.7108855,
tdc_bioavailability_ma,"Chemprop v2 (D-MPNN + RDKit2D, ensemble=3)",Chemprop v2,train,39,CCN(CC)C(=O)Nc1ccc(OCC(O)CNC(C)(C)C)c(C(C)=O)c1,1.0,0.66464025,
tdc_bioavailability_ma,"Chemprop v2 (D-MPNN + RDKit2D, ensemble=3)",Chemprop v2,train,40,NCC(CC(=O)O)c1ccc(Cl)cc1,1.0,0.7548251,
tdc_bioavailability_ma,"Chemprop v2 (D-MPNN + RDKit2D, ensemble=3)",Chemprop v2,train,41,CC(NC(C)(C)C)C(=O)c1cccc(Cl)c1,1.0,0.75747484,
tdc_bioavailability_ma,"Chemprop v2 (D-MPNN + RDKit2D, ensemble=3)",Chemprop v2,train,42,N=C(N)NC(=O)Cc1c(Cl)cccc1Cl,1.0,0.7587976,
tdc_bioavailability_ma,"Chemprop v2 (D-MPNN + RDKit2D, ensemble=3)",Chemprop v2,train,43,O=C(N[C@H](CO)[C@H](O)c1ccc([N+](=O)[O-])cc1)C(Cl)Cl,1.0,0.68422717,
tdc_bioavailability_ma,"Chemprop v2 (D-MPNN + RDKit2D, ensemble=3)",Chemprop v2,train,44,N[C@@H](Cc1ccc(N(CCCl)CCCl)cc1)C(=O)O,1.0,0.7229521,
tdc_bioavailability_ma,"Chemprop v2 (D-MPNN + RDKit2D, ensemble=3)",Chemprop v2,train,45,C=CCOc1ccccc1OCC(O)CNC(C)C,1.0,0.7039032,
tdc_bioavailability_ma,"Chemprop v2 (D-MPNN + RDKit2D, ensemble=3)",Chemprop v2,train,46,COCCc1ccc(OCC(O)CNC(C)C)cc1,1.0,0.69622445,
tdc_bioavailability_ma,"Chemprop v2 (D-MPNN + RDKit2D, ensemble=3)",Chemprop v2,train,47,CC(C)NCC(O)c1ccc(NS(C)(=O)=O)cc1,1.0,0.72050905,
tdc_bioavailability_ma,"Chemprop v2 (D-MPNN + RDKit2D, ensemble=3)",Chemprop v2,train,48,CC(=O)Nc1ccc(OCC(O)CNC(C)C)cc1,1.0,0.6862831,
tdc_bioavailability_ma,"Chemprop v2 (D-MPNN + RDKit2D, ensemble=3)",Chemprop v2,train,49,CCOC(=O)Nc1ccc2c(c1)N(C(=O)CCN1CCOCC1)c1ccccc1S2,1.0,0.75872564,
tdc_bioavailability_ma,"Chemprop v2 (D-MPNN + RDKit2D, ensemble=3)",Chemprop v2,train,50,COC(=O)[C@H]1[C@@H](OC(=O)c2ccccc2)C[C@@H]2CC[C@H]1N2C,1.0,0.67580646,
tdc_bioavailability_ma,"Chemprop v2 (D-MPNN + RDKit2D, ensemble=3)",Chemprop v2,train,51,NS(=O)(=O)c1cc2c(cc1Cl)NCNS2(=O)=O,1.0,0.7832903,
tdc_bioavailability_ma,"Chemprop v2 (D-MPNN + RDKit2D, ensemble=3)",Chemprop v2,train,52,NS(=O)(=O)c1cc2c(cc1C(F)(F)F)NCNS2(=O)=O,1.0,0.79646,
tdc_bioavailability_ma,"Chemprop v2 (D-MPNN + RDKit2D, ensemble=3)",Chemprop v2,train,53,O=C1CN(/N=C/c2ccc([N+](=O)[O-])o2)C(=O)N1,1.0,0.7765319,
tdc_bioavailability_ma,"Chemprop v2 (D-MPNN + RDKit2D, ensemble=3)",Chemprop v2,train,54,CCCCNc1cc(C(=O)O)cc(S(N)(=O)=O)c1Oc1ccccc1,1.0,0.7512534,
tdc_bioavailability_ma,"Chemprop v2 (D-MPNN + RDKit2D, ensemble=3)",Chemprop v2,train,55,CC(C(=O)O)c1cccc(Oc2ccccc2)c1,1.0,0.7666803,
tdc_bioavailability_ma,"Chemprop v2 (D-MPNN + RDKit2D, ensemble=3)",Chemprop v2,train,56,COc1ccc([C@@H]2CC(=O)c3c(O)cc(O[C@@H]4O[C@H](CO[C@@H]5O[C@@H](C)[C@H](O)[C@@H](O)[C@H]5O)[C@@H](O)[C@H](O)[C@H]4O)cc3O2)cc1O,0.0,0.55598015,
tdc_bioavailability_ma,"Chemprop v2 (D-MPNN + RDKit2D, ensemble=3)",Chemprop v2,train,57,CCCc1nc2c(C)cc(-c3nc4ccccc4n3C)cc2n1Cc1ccc(-c2ccccc2C(=O)O)cc1,1.0,0.86015105,
tdc_bioavailability_ma,"Chemprop v2 (D-MPNN + RDKit2D, ensemble=3)",Chemprop v2,train,58,CC(C)N(CCC(C(N)=O)(c1ccccc1)c1ccccn1)C(C)C,1.0,0.7244971,
tdc_bioavailability_ma,"Chemprop v2 (D-MPNN + RDKit2D, ensemble=3)",Chemprop v2,train,59,CN(C)CCC(c1ccc(Cl)cc1)c1ccccn1,1.0,0.8017705,
tdc_bioavailability_ma,"Chemprop v2 (D-MPNN + RDKit2D, ensemble=3)",Chemprop v2,train,60,CN(C)CCC(c1ccccc1)c1ccccn1,1.0,0.8060348,
tdc_bioavailability_ma,"Chemprop v2 (D-MPNN + RDKit2D, ensemble=3)",Chemprop v2,train,61,CCN(CC)c1cc(C)nc2ncnn12,1.0,0.80522317,
tdc_bioavailability_ma,"Chemprop v2 (D-MPNN + RDKit2D, ensemble=3)",Chemprop v2,train,62,CC[C@H]1OC(=O)[C@H](C)[C@@H](O[C@H]2C[C@@](C)(OC)[C@@H](O)[C@H](C)O2)[C@H](C)[C@@H](O[C@@H]2O[C@H](C)C[C@H](N(C)C)[C@H]2O)[C@](C)(OC)C[C@@H](C)C(=O)[C@H](C)[C@@H](O)[C@]1(C)O,1.0,0.62340456,
tdc_bioavailability_ma,"Chemprop v2 (D-MPNN + RDKit2D, ensemble=3)",Chemprop v2,train,63,CC[C@H]1OC(=O)[C@H](C)[C@@H](O[C@H]2C[C@@](C)(OC)[C@@H](O)[C@H](C)O2)[C@H](C)[C@@H](O[C@@H]2O[C@H](C)C[C@H](N(C)C)[C@H]2O)[C@](C)(O)C[C@@H](C)C(=O)[C@H](C)[C@@H](O)[C@]1(C)O,1.0,0.60188216,
tdc_bioavailability_ma,"Chemprop v2 (D-MPNN + RDKit2D, ensemble=3)",Chemprop v2,train,64,COc1ccccc1Oc1c(NS(=O)(=O)c2ccc(C(C)(C)C)cc2)nc(-c2ncccn2)nc1OCCO,1.0,0.7804989,
tdc_bioavailability_ma,"Chemprop v2 (D-MPNN + RDKit2D, ensemble=3)",Chemprop v2,train,65,Nc1nc(=O)c2ncn(COCCO)c2[nH]1,0.0,0.7621165,
tdc_bioavailability_ma,"Chemprop v2 (D-MPNN + RDKit2D, ensemble=3)",Chemprop v2,train,66,Nc1nc(=O)c2ncn(CCC(CO)CO)c2[nH]1,1.0,0.7305673,
tdc_bioavailability_ma,"Chemprop v2 (D-MPNN + RDKit2D, ensemble=3)",Chemprop v2,train,67,CCCc1c2oc(C(=O)O)cc(=O)c2cc2c(=O)cc(C(=O)O)n(CC)c12,0.0,0.7743245,
tdc_bioavailability_ma,"Chemprop v2 (D-MPNN + RDKit2D, ensemble=3)",Chemprop v2,train,68,CN1[C@@H]2CC[C@H]1C[C@@H](OC(=O)c1c[nH]c3ccccc13)C2,1.0,0.72036546,
tdc_bioavailability_ma,"Chemprop v2 (D-MPNN + RDKit2D, ensemble=3)",Chemprop v2,train,69,Nc1nc2ccc(OC(F)(F)F)cc2s1,1.0,0.78177136,
tdc_bioavailability_ma,"Chemprop v2 (D-MPNN + RDKit2D, ensemble=3)",Chemprop v2,train,70,CO/N=C(\C(=O)N[C@@H]1C(=O)N2C(C(=O)O)=C(COC(N)=O)CS[C@H]12)c1ccco1,1.0,0.69816417,
tdc_bioavailability_ma,"Chemprop v2 (D-MPNN + RDKit2D, ensemble=3)",Chemprop v2,train,71,c1ccc(C2(N3CCCCC3)CCCCC2)cc1,1.0,0.7379591,
tdc_bioavailability_ma,"Chemprop v2 (D-MPNN + RDKit2D, ensemble=3)",Chemprop v2,train,72,NCC[C@H](O)C(=O)N[C@@H]1C[C@H](N)[C@@H](O[C@H]2O[C@H](CN)[C@@H](O)[C@H](O)[C@H]2O)[C@H](O)[C@H]1O[C@H]1O[C@H](CO)[C@@H](O)[C@H](N)[C@H]1O,0.0,0.3718349,
tdc_bioavailability_ma,"Chemprop v2 (D-MPNN + RDKit2D, ensemble=3)",Chemprop v2,train,73,NCC[C@H](O)C(=O)N[C@@H]1C[C@H](N)[C@@H](O[C@H]2O[C@H](CN)CC[C@H]2N)[C@H](O)[C@H]1O[C@H]1O[C@H](CO)[C@@H](O)[C@H](N)[C@H]1O,0.0,0.40831804,
tdc_bioavailability_ma,"Chemprop v2 (D-MPNN + RDKit2D, ensemble=3)",Chemprop v2,train,74,NC[C@H]1O[C@H](O[C@H]2[C@H](O)[C@@H](O[C@H]3O[C@H](CO)[C@@H](O)[C@H](N)[C@H]3O)[C@H](N)C[C@@H]2N)[C@H](N)C[C@@H]1O,0.0,0.40982762,
tdc_bioavailability_ma,"Chemprop v2 (D-MPNN + RDKit2D, ensemble=3)",Chemprop v2,train,75,NC[C@H]1O[C@H](O[C@H]2[C@H](O)[C@@H](O[C@H]3O[C@H](CO)[C@@H](O)[C@H](N)[C@H]3O)[C@H](N)C[C@@H]2N)[C@H](O)[C@@H](O)[C@@H]1O,0.0,0.38576803,
tdc_bioavailability_ma,"Chemprop v2 (D-MPNN + RDKit2D, ensemble=3)",Chemprop v2,train,76,CCC[C@H](N[C@@H](C)C(=O)N1[C@H](C(=O)O)C[C@@H]2CCCC[C@@H]21)C(=O)OCC,1.0,0.60773903,
tdc_bioavailability_ma,"Chemprop v2 (D-MPNN + RDKit2D, ensemble=3)",Chemprop v2,train,77,C#C[C@]1(O)C=C[C@H]2[C@@H]3CCC4=CC(=O)CC[C@@H]4[C@H]3CC[C@@]21CC,1.0,0.7145825,
tdc_bioavailability_ma,"Chemprop v2 (D-MPNN + RDKit2D, ensemble=3)",Chemprop v2,train,78,N=C(N)c1ccc(OCCCCCOc2ccc(C(=N)N)cc2)cc1,0.0,0.7086973,
tdc_bioavailability_ma,"Chemprop v2 (D-MPNN + RDKit2D, ensemble=3)",Chemprop v2,train,79,COc1ccc2c(c1OC)C(=O)O[C@@H]2[C@H]1c2c(cc3c(c2OC)OCO3)CCN1C,1.0,0.75799257,
tdc_bioavailability_ma,"Chemprop v2 (D-MPNN + RDKit2D, ensemble=3)",Chemprop v2,train,80,Cc1nnc2n1-c1ccc(Cl)cc1C(c1ccccc1)=NC2,1.0,0.83670646,
tdc_bioavailability_ma,"Chemprop v2 (D-MPNN + RDKit2D, ensemble=3)",Chemprop v2,train,81,CN(C)Cc1nnc2n1-c1ccc(Cl)cc1C(c1ccccc1)=NC2,1.0,0.81424546,
tdc_bioavailability_ma,"Chemprop v2 (D-MPNN + RDKit2D, ensemble=3)",Chemprop v2,train,82,Cc1nnc2n1-c1ccc(Cl)cc1C(c1ccccc1Cl)=NC2,1.0,0.8394255,
tdc_bioavailability_ma,"Chemprop v2 (D-MPNN + RDKit2D, ensemble=3)",Chemprop v2,train,83,C[N+]1(CC2CC2)[C@@H]2C[C@@H](OC(=O)[C@H](CO)c3ccccc3)C[C@H]1[C@@H]1O[C@@H]12,0.0,0.5836816,
tdc_bioavailability_ma,"Chemprop v2 (D-MPNN + RDKit2D, ensemble=3)",Chemprop v2,train,84,CN1C[C@H](C(=O)N[C@]2(C)O[C@@]3(O)[C@@H]4CCCN4C(=O)[C@H](Cc4ccccc4)N3C2=O)C=C2c3cccc4[nH]cc(c34)C[C@H]21,0.0,0.74134797,
tdc_bioavailability_ma,"Chemprop v2 (D-MPNN + RDKit2D, ensemble=3)",Chemprop v2,train,85,Cc1cc(=O)n(-c2ccccc2)n1C,1.0,0.8155529,
tdc_bioavailability_ma,"Chemprop v2 (D-MPNN + RDKit2D, ensemble=3)",Chemprop v2,train,86,CC(C)(Oc1ccc(CCNC(=O)c2ccc(Cl)cc2)cc1)C(=O)O,1.0,0.71694976,
tdc_bioavailability_ma,"Chemprop v2 (D-MPNN + RDKit2D, ensemble=3)",Chemprop v2,train,87,O=C1C(O)=C([C@H]2CC[C@H](c3ccc(Cl)cc3)CC2)C(=O)c2ccccc21,0.0,0.7435961,
tdc_bioavailability_ma,"Chemprop v2 (D-MPNN + RDKit2D, ensemble=3)",Chemprop v2,train,88,O=C(O)[C@H](CCc1ccccc1)N[C@H]1CCCN2CCC[C@@H](C(=O)O)N2C1=O,1.0,0.6593945,
tdc_bioavailability_ma,"Chemprop v2 (D-MPNN + RDKit2D, ensemble=3)",Chemprop v2,train,89,CCOC(=O)[C@H](CCc1ccccc1)N[C@H]1CCCN2CCC[C@@H](C(=O)O)N2C1=O,1.0,0.64686036,
tdc_bioavailability_ma,"Chemprop v2 (D-MPNN + RDKit2D, ensemble=3)",Chemprop v2,train,90,O=C(CCCN1CCC(O)(c2ccc(Cl)cc2)CC1)c1ccc(F)cc1,1.0,0.7209886,
tdc_bioavailability_ma,"Chemprop v2 (D-MPNN + RDKit2D, ensemble=3)",Chemprop v2,train,91,COc1ccc(CCN(C)CCCC(C#N)(c2ccc(OC)c(OC)c2)C(C)C)cc1OC,1.0,0.73774385,
tdc_bioavailability_ma,"Chemprop v2 (D-MPNN + RDKit2D, ensemble=3)",Chemprop v2,train,92,COc1ccc(CCN(C)CCCC(C#N)(c2cc(OC)c(OC)c(OC)c2)C(C)C)cc1OC,0.0,0.7424213,
tdc_bioavailability_ma,"Chemprop v2 (D-MPNN + RDKit2D, ensemble=3)",Chemprop v2,train,93,CCC(=O)O[C@@H](O[P@](=O)(CCCCc1ccccc1)CC(=O)N1C[C@H](C2CCCCC2)C[C@H]1C(=O)O)C(C)C,1.0,0.6315872,
tdc_bioavailability_ma,"Chemprop v2 (D-MPNN + RDKit2D, ensemble=3)",Chemprop v2,train,94,Cc1nnc(SCC2=C(C(=O)O)N3C(=O)[C@@H](NC(=O)Cn4cnnn4)[C@H]3SC2)s1,1.0,0.7199061,
tdc_bioavailability_ma,"Chemprop v2 (D-MPNN + RDKit2D, ensemble=3)",Chemprop v2,train,95,COc1ccc(C2CNC(=O)C2)cc1OC1CCCC1,1.0,0.70213574,
tdc_bioavailability_ma,"Chemprop v2 (D-MPNN + RDKit2D, ensemble=3)",Chemprop v2,train,96,C#C[C@]1(O)CC[C@H]2[C@@H]3CCC4=CCCC[C@@H]4[C@H]3CC[C@@]21C,1.0,0.71280384,
tdc_bioavailability_ma,"Chemprop v2 (D-MPNN + RDKit2D, ensemble=3)",Chemprop v2,train,97,Nc1nc(F)nc2c1ncn2[C@@H]1O[C@H](CO)[C@@H](O)[C@@H]1O,1.0,0.6937259,
tdc_bioavailability_ma,"Chemprop v2 (D-MPNN + RDKit2D, ensemble=3)",Chemprop v2,train,98,Nc1ncnc2c1ncn2[C@@H]1O[C@H](CO)[C@@H](O)[C@@H]1O,0.0,0.68799853,
tdc_bioavailability_ma,"Chemprop v2 (D-MPNN + RDKit2D, ensemble=3)",Chemprop v2,train,99,Nc1nc(Cl)nc2c1ncn2[C@H]1C[C@H](O)[C@@H](CO)O1,1.0,0.7310753,
tdc_bioavailability_ma,"Chemprop v2 (D-MPNN + RDKit2D, ensemble=3)",Chemprop v2,train,100,NS(=O)(=O)Cc1noc2ccccc12,1.0,0.7875212,
tdc_bioavailability_ma,"Chemprop v2 (D-MPNN + RDKit2D, ensemble=3)",Chemprop v2,train,101,NS(=O)(=O)c1cc2c(cc1Cl)NC=NS2(=O)=O,0.0,0.7928686,
tdc_bioavailability_ma,"Chemprop v2 (D-MPNN + RDKit2D, ensemble=3)",Chemprop v2,train,102,CC1=NS(=O)(=O)c2cc(Cl)ccc2N1,1.0,0.8116308,
tdc_bioavailability_ma,"Chemprop v2 (D-MPNN + RDKit2D, ensemble=3)",Chemprop v2,train,103,Nc1ccc(S(=O)(=O)c2ccc(N)cc2)cc1,1.0,0.76730007,
tdc_bioavailability_ma,"Chemprop v2 (D-MPNN + RDKit2D, ensemble=3)",Chemprop v2,train,104,Cc1onc(-c2ccccc2Cl)c1C(=O)N[C@@H]1C(=O)N2[C@@H]1SC(C)(C)[C@@H]2C(=O)O,1.0,0.73244745,
tdc_bioavailability_ma,"Chemprop v2 (D-MPNN + RDKit2D, ensemble=3)",Chemprop v2,train,105,Cc1onc(-c2ccccc2)c1C(=O)N[C@@H]1C(=O)N2[C@@H]1SC(C)(C)[C@@H]2C(=O)O,1.0,0.721106,
tdc_bioavailability_ma,"Chemprop v2 (D-MPNN + RDKit2D, ensemble=3)",Chemprop v2,train,106,Cc1onc(-c2c(Cl)cccc2Cl)c1C(=O)N[C@@H]1C(=O)N2[C@@H]1SC(C)(C)[C@@H]2C(=O)O,1.0,0.7394909,
tdc_bioavailability_ma,"Chemprop v2 (D-MPNN + RDKit2D, ensemble=3)",Chemprop v2,train,107,O=C(O)CCC(=O)c1ccc(-c2ccccc2)cc1,1.0,0.7572219,
tdc_bioavailability_ma,"Chemprop v2 (D-MPNN + RDKit2D, ensemble=3)",Chemprop v2,train,108,O=C(O)c1cc(-c2ccc(F)cc2F)ccc1O,1.0,0.7803828,
tdc_bioavailability_ma,"Chemprop v2 (D-MPNN + RDKit2D, ensemble=3)",Chemprop v2,train,109,CC(C(=O)O)c1ccc(-c2ccccc2)c(F)c1,1.0,0.777867,
tdc_bioavailability_ma,"Chemprop v2 (D-MPNN + RDKit2D, ensemble=3)",Chemprop v2,train,110,CN(C)C(=O)C(CCN1CCC(O)(c2ccc(Cl)cc2)CC1)(c1ccccc1)c1ccccc1,1.0,0.7469203,
tdc_bioavailability_ma,"Chemprop v2 (D-MPNN + RDKit2D, ensemble=3)",Chemprop v2,train,111,COc1cc2nc(N3CCN(C(=O)c4ccco4)CC3)nc(N)c2cc1OC,1.0,0.7585959,
tdc_bioavailability_ma,"Chemprop v2 (D-MPNN + RDKit2D, ensemble=3)",Chemprop v2,train,112,O=C(NCCNCC(O)COc1ccc(O)cc1)N1CCOCC1,0.0,0.6360412,
tdc_bioavailability_ma,"Chemprop v2 (D-MPNN + RDKit2D, ensemble=3)",Chemprop v2,train,113,CC1=C(C(=O)O)N2C(=O)[C@@H](NC(=O)[C@H](N)c3ccc(O)cc3)[C@H]2SC1,1.0,0.673176,
tdc_bioavailability_ma,"Chemprop v2 (D-MPNN + RDKit2D, ensemble=3)",Chemprop v2,train,114,CC1=C(C(=O)O)N2C(=O)[C@@H](NC(=O)[C@H](N)c3ccccc3)[C@H]2SC1,1.0,0.70056677,
tdc_bioavailability_ma,"Chemprop v2 (D-MPNN + RDKit2D, ensemble=3)",Chemprop v2,train,115,CC=CC1=C(C(=O)O)N2C(=O)[C@@H](NC(=O)[C@H](N)c3ccc(O)cc3)[C@H]2SC1,1.0,0.6705994,
tdc_bioavailability_ma,"Chemprop v2 (D-MPNN + RDKit2D, ensemble=3)",Chemprop v2,train,116,N[C@@H](C(=O)N[C@@H]1C(=O)N2C(C(=O)O)=C(Cl)CS[C@H]12)c1ccccc1,1.0,0.69859904,
tdc_bioavailability_ma,"Chemprop v2 (D-MPNN + RDKit2D, ensemble=3)",Chemprop v2,train,117,CN1CCN(C2=Nc3cc(Cl)ccc3Nc3ccccc32)CC1,1.0,0.8114784,
tdc_bioavailability_ma,"Chemprop v2 (D-MPNN + RDKit2D, ensemble=3)",Chemprop v2,train,118,CN(C)CCN(Cc1cccs1)c1ccccn1,0.0,0.78121763,
tdc_bioavailability_ma,"Chemprop v2 (D-MPNN + RDKit2D, ensemble=3)",Chemprop v2,train,119,CCC(=O)N(c1ccccc1)C1CCN(CCc2ccccc2)CC1,0.0,0.72663623,
tdc_bioavailability_ma,"Chemprop v2 (D-MPNN + RDKit2D, ensemble=3)",Chemprop v2,train,120,CC(C)(C)NC(=O)[C@@H]1C[C@@H]2CCCC[C@@H]2CN1C[C@@H](O)[C@H](Cc1ccccc1)NC(=O)[C@H](CC(N)=O)NC(=O)c1ccc2ccccc2n1,0.0,0.68038756,
tdc_bioavailability_ma,"Chemprop v2 (D-MPNN + RDKit2D, ensemble=3)",Chemprop v2,train,121,CO[C@@H]1[C@@H](O[C@@H]2O[C@H](C)[C@@H](O[C@H]3C[C@@](C)(O)[C@@H](O)[C@H](C)O3)[C@H](N(C)C)[C@H]2O)[C@@H](CC=O)C[C@@H](C)[C@@H](O[C@H]2CC[C@H](N(C)C)[C@H](C)O2)/C=C/C=C/C[C@@H](C)OC(=O)C[C@H]1O,1.0,0.58236617,
tdc_bioavailability_ma,"Chemprop v2 (D-MPNN + RDKit2D, ensemble=3)",Chemprop v2,train,122,CN(C)CC(Oc1ccccc1)Oc1ccccc1,1.0,0.7671602,
tdc_bioavailability_ma,"Chemprop v2 (D-MPNN + RDKit2D, ensemble=3)",Chemprop v2,train,123,CN1CCC[C@@H]1Cc1c[nH]c2ccc(CCS(=O)(=O)c3ccccc3)cc12,1.0,0.7520625,
tdc_bioavailability_ma,"Chemprop v2 (D-MPNN + RDKit2D, ensemble=3)",Chemprop v2,train,124,OC(CNCC(O)C1CCc2cc(F)ccc2O1)C1CCc2cc(F)ccc2O1,1.0,0.6839626,
tdc_bioavailability_ma,"Chemprop v2 (D-MPNN + RDKit2D, ensemble=3)",Chemprop v2,train,125,O=C(NC1CCN(CCc2c[nH]c3ccccc23)CC1)c1ccccc1,0.0,0.7385735,
tdc_bioavailability_ma,"Chemprop v2 (D-MPNN + RDKit2D, ensemble=3)",Chemprop v2,train,126,NC(=O)c1ncn([C@@H]2O[C@H](CO)[C@@H](O)[C@H]2O)n1,1.0,0.6746144,
tdc_bioavailability_ma,"Chemprop v2 (D-MPNN + RDKit2D, ensemble=3)",Chemprop v2,train,127,CC(C)NCC(O)COc1ccc(CCOCC2CC2)cc1,1.0,0.6744706,
tdc_bioavailability_ma,"Chemprop v2 (D-MPNN + RDKit2D, ensemble=3)",Chemprop v2,train,128,C[C@@H](O)[C@H]1C(=O)N2C(C(=O)O)=C(S[C@@H]3CN[C@H](C(=O)N(C)C)C3)[C@H](C)[C@H]12,0.0,0.6523754,
tdc_bioavailability_ma,"Chemprop v2 (D-MPNN + RDKit2D, ensemble=3)",Chemprop v2,train,129,C[C@@H]1O[C@@H](O[C@@H]2C=C3CC[C@@H]4[C@H](CC[C@]5(C)[C@@H](c6ccc(=O)oc6)CC[C@]45O)[C@@]3(C)CC2)[C@H](O)[C@H](O)[C@H]1O,0.0,0.6237123,
tdc_bioavailability_ma,"Chemprop v2 (D-MPNN + RDKit2D, ensemble=3)",Chemprop v2,train,130,Nc1ccn([C@@H]2O[C@H](CO)[C@@H](O)[C@@H]2O)c(=O)n1,0.0,0.67495155,
tdc_bioavailability_ma,"Chemprop v2 (D-MPNN + RDKit2D, ensemble=3)",Chemprop v2,train,131,Nc1ccn([C@H]2CC[C@@H](CO)O2)c(=O)n1,1.0,0.7391426,
tdc_bioavailability_ma,"Chemprop v2 (D-MPNN + RDKit2D, ensemble=3)",Chemprop v2,train,132,Cc1cc2c(s1)Nc1ccccc1N=C2N1CCN(C)CC1,1.0,0.79351884,
tdc_bioavailability_ma,"Chemprop v2 (D-MPNN + RDKit2D, ensemble=3)",Chemprop v2,train,133,O=C1NS(=O)(=O)c2ccccc21,1.0,0.79149604,
tdc_bioavailability_ma,"Chemprop v2 (D-MPNN + RDKit2D, ensemble=3)",Chemprop v2,train,134,Cn1nnc2c(C(N)=O)ncn2c1=O,1.0,0.79242784,
tdc_bioavailability_ma,"Chemprop v2 (D-MPNN + RDKit2D, ensemble=3)",Chemprop v2,train,135,CC1=CC[C@@H](C(C)(C)O)C[C@@H]1O,1.0,0.7348569,
tdc_bioavailability_ma,"Chemprop v2 (D-MPNN + RDKit2D, ensemble=3)",Chemprop v2,train,136,CC1=C(/C=C/C(C)=C/C=C/C(C)=C\C(=O)O)C(C)(C)CCC1,1.0,0.69652027,
tdc_bioavailability_ma,"Chemprop v2 (D-MPNN + RDKit2D, ensemble=3)",Chemprop v2,train,137,C[C@H]1O[C@@H](O[C@H]2[C@@H](O)C[C@H](O[C@H]3[C@@H](O)C[C@H](O[C@H]4CC[C@@]5(C)[C@H](CC[C@@H]6[C@@H]5C[C@@H](O)[C@]5(C)[C@@H](C7=CC(=O)OC7)CC[C@]65O)C4)O[C@@H]3C)O[C@@H]2C)C[C@H](O)[C@@H]1O,1.0,0.5889063,
tdc_bioavailability_ma,"Chemprop v2 (D-MPNN + RDKit2D, ensemble=3)",Chemprop v2,train,138,C[C@H]1O[C@@H](O[C@H]2[C@@H](O)C[C@H](O[C@H]3[C@@H](O)C[C@H](O[C@H]4CC[C@@]5(C)[C@H](CC[C@@H]6[C@@H]5CC[C@]5(C)[C@@H](C7=CC(=O)OC7)CC[C@]65O)C4)O[C@@H]3C)O[C@@H]2C)C[C@H](O)[C@@H]1O,1.0,0.6103923,
tdc_bioavailability_ma,"Chemprop v2 (D-MPNN + RDKit2D, ensemble=3)",Chemprop v2,train,139,N[C@@H]1[C@H]2CN(c3nc4c(cc3F)c(=O)c(C(=O)O)cn4-c3ccc(F)cc3F)C[C@@H]12,1.0,0.795959,
tdc_bioavailability_ma,"Chemprop v2 (D-MPNN + RDKit2D, ensemble=3)",Chemprop v2,train,140,CN(C)CCCOc1nn(Cc2ccccc2)c2ccccc12,1.0,0.7863118,
tdc_bioavailability_ma,"Chemprop v2 (D-MPNN + RDKit2D, ensemble=3)",Chemprop v2,train,141,CC(C)=CCN1CC[C@@]2(C)c3cc(O)ccc3C[C@@H]1[C@@H]2C,0.0,0.6804903,
tdc_bioavailability_ma,"Chemprop v2 (D-MPNN + RDKit2D, ensemble=3)",Chemprop v2,train,142,CN(C)CCCOC1(Cc2ccccc2)CCCCCC1,1.0,0.72131866,
tdc_bioavailability_ma,"Chemprop v2 (D-MPNN + RDKit2D, ensemble=3)",Chemprop v2,train,143,CC[N+]1(C)[C@@H]2C[C@@H](OC(=O)[C@H](CO)c3ccccc3)C[C@H]1[C@@H]1O[C@@H]12,0.0,0.59252256,
tdc_bioavailability_ma,"Chemprop v2 (D-MPNN + RDKit2D, ensemble=3)",Chemprop v2,train,144,NS(=O)(=O)c1cc(C(=O)O)cc(N2CCCC2)c1Oc1ccccc1,1.0,0.75401396,
tdc_bioavailability_ma,"Chemprop v2 (D-MPNN + RDKit2D, ensemble=3)",Chemprop v2,train,145,CC[C@@H](C(N)=O)N1CCCC1=O,1.0,0.7094843,
tdc_bioavailability_ma,"Chemprop v2 (D-MPNN + RDKit2D, ensemble=3)",Chemprop v2,train,146,COc1cc2nc(N(C)CCCNC(=O)C3CCCO3)nc(N)c2cc1OC,1.0,0.7193573,
tdc_bioavailability_ma,"Chemprop v2 (D-MPNN + RDKit2D, ensemble=3)",Chemprop v2,train,147,CN1CCOC(c2ccccc2)c2ccccc2C1,1.0,0.80102015,
tdc_bioavailability_ma,"Chemprop v2 (D-MPNN + RDKit2D, ensemble=3)",Chemprop v2,train,148,CC(C)(C)NC(=O)[C@H]1CC[C@H]2[C@@H]3CC[C@H]4NC(=O)C=C[C@]4(C)[C@H]3CC[C@]12C,1.0,0.65414864,
tdc_bioavailability_ma,"Chemprop v2 (D-MPNN + RDKit2D, ensemble=3)",Chemprop v2,train,149,COc1ccc2c3c1O[C@H]1[C@@H](O)CC[C@H]4[C@@H](C2)N(C)CC[C@@]341,0.0,0.69594496,
tdc_bioavailability_ma,"Chemprop v2 (D-MPNN + RDKit2D, ensemble=3)",Chemprop v2,train,150,NC(N)=NCCN1CCCCCCC1,0.0,0.6798296,
tdc_bioavailability_ma,"Chemprop v2 (D-MPNN + RDKit2D, ensemble=3)",Chemprop v2,train,151,NC12CC3CC(CC(C3)C1)C2,1.0,0.68377906,
tdc_bioavailability_ma,"Chemprop v2 (D-MPNN + RDKit2D, ensemble=3)",Chemprop v2,train,152,O=C1c2ccccc2C(=O)C1c1ccccc1,1.0,0.79163724,
tdc_bioavailability_ma,"Chemprop v2 (D-MPNN + RDKit2D, ensemble=3)",Chemprop v2,train,153,CN(C)CCOC1=Cc2ccccc2Sc2ccc(Cl)cc21,0.0,0.79548126,
tdc_bioavailability_ma,"Chemprop v2 (D-MPNN + RDKit2D, ensemble=3)",Chemprop v2,train,154,Cc1noc(NS(=O)(=O)c2ccc(N)cc2)c1C,1.0,0.773129,
tdc_bioavailability_ma,"Chemprop v2 (D-MPNN + RDKit2D, ensemble=3)",Chemprop v2,train,155,Cc1ccccc1N1C(=O)c2cc(S(N)(=O)=O)c(Cl)cc2NC1C,1.0,0.7711868,
tdc_bioavailability_ma,"Chemprop v2 (D-MPNN + RDKit2D, ensemble=3)",Chemprop v2,train,156,O=C(c1ccccc1)c1ccc2n1CCC2C(=O)O,1.0,0.764713,
tdc_bioavailability_ma,"Chemprop v2 (D-MPNN + RDKit2D, ensemble=3)",Chemprop v2,train,157,CC(C)(C)NC[C@H](O)COc1ccccc1C1CCCC1,1.0,0.70269465,
tdc_bioavailability_ma,"Chemprop v2 (D-MPNN + RDKit2D, ensemble=3)",Chemprop v2,train,158,CCC1(c2ccccc2)C(=O)NCNC1=O,1.0,0.72702056,
tdc_bioavailability_ma,"Chemprop v2 (D-MPNN + RDKit2D, ensemble=3)",Chemprop v2,train,159,c1ccc(C2(c3ccccc3)CC2C2=NCCN2)cc1,1.0,0.8108806,
tdc_bioavailability_ma,"Chemprop v2 (D-MPNN + RDKit2D, ensemble=3)",Chemprop v2,train,160,NC(=O)N1c2ccccc2C=Cc2ccccc21,1.0,0.7953987,
tdc_bioavailability_ma,"Chemprop v2 (D-MPNN + RDKit2D, ensemble=3)",Chemprop v2,train,161,CCOc1ccc(/C=C2\NCCc3cc(OCC)c(OCC)cc32)cc1OCC,1.0,0.7458336,
tdc_bioavailability_ma,"Chemprop v2 (D-MPNN + RDKit2D, ensemble=3)",Chemprop v2,train,162,CN(Cc1cnc2nc(N)nc(N)c2n1)c1ccc(C(=O)N[C@@H](CCC(=O)O)C(=O)O)cc1,1.0,0.7253646,
tdc_bioavailability_ma,"Chemprop v2 (D-MPNN + RDKit2D, ensemble=3)",Chemprop v2,train,163,NC[C@@H]1O[C@H](O[C@H]2[C@@H](O)[C@H](O[C@@H]3[C@@H](O)[C@H](N)C[C@H](N)[C@H]3O[C@H]3O[C@H](CO)[C@@H](O)[C@H](O)[C@H]3N)O[C@@H]2CO)[C@H](N)[C@@H](O)[C@@H]1O,0.0,0.34966302,
tdc_bioavailability_ma,"Chemprop v2 (D-MPNN + RDKit2D, ensemble=3)",Chemprop v2,train,164,Cc1cn([C@H]2C=C[C@@H](CO)O2)c(=O)[nH]c1=O,1.0,0.75268936,
tdc_bioavailability_ma,"Chemprop v2 (D-MPNN + RDKit2D, ensemble=3)",Chemprop v2,train,165,CC(C)(C)NCC(O)COc1cccc2c1C[C@H](O)[C@H](O)C2,1.0,0.6556824,
tdc_bioavailability_ma,"Chemprop v2 (D-MPNN + RDKit2D, ensemble=3)",Chemprop v2,train,166,O=C(NCCN1CCOCC1)c1ccc(Cl)cc1,1.0,0.7374165,
tdc_bioavailability_ma,"Chemprop v2 (D-MPNN + RDKit2D, ensemble=3)",Chemprop v2,train,167,CC1(C)S[C@@H]2[C@H](N=CN3CCCCCC3)C(=O)N2[C@H]1C(=O)O,0.0,0.65220565,
tdc_bioavailability_ma,"Chemprop v2 (D-MPNN + RDKit2D, ensemble=3)",Chemprop v2,train,168,Cn1c(=O)c2c(ncn2C)n(C)c1=O,1.0,0.7936847,
tdc_bioavailability_ma,"Chemprop v2 (D-MPNN + RDKit2D, ensemble=3)",Chemprop v2,train,169,CC(=O)CCCCn1c(=O)c2c(ncn2C)n(C)c1=O,1.0,0.73825866,
tdc_bioavailability_ma,"Chemprop v2 (D-MPNN + RDKit2D, ensemble=3)",Chemprop v2,train,170,Cn1c(=O)c2[nH]cnc2n(C)c1=O,1.0,0.799465,
tdc_bioavailability_ma,"Chemprop v2 (D-MPNN + RDKit2D, ensemble=3)",Chemprop v2,train,171,CC(O)Cn1cnc2c1c(=O)n(C)c(=O)n2C,1.0,0.7584934,
tdc_bioavailability_ma,"Chemprop v2 (D-MPNN + RDKit2D, ensemble=3)",Chemprop v2,train,172,CC[C@H]1OC(=O)[C@H](C)C(=O)[C@H](C)[C@@H](O[C@@H]2O[C@H](C)C[C@H](N(C)C)[C@H]2O)[C@](C)(OC)C[C@@H](C)C(=O)[C@H](C)[C@H]2N(CCCCn3cnc(-c4cccnc4)c3)C(=O)O[C@]12C,1.0,0.7589542,
tdc_bioavailability_ma,"Chemprop v2 (D-MPNN + RDKit2D, ensemble=3)",Chemprop v2,train,173,N[C@H]1C(O)O[C@H](CO)[C@@H](O)[C@@H]1O,1.0,0.63825387,
tdc_bioavailability_ma,"Chemprop v2 (D-MPNN + RDKit2D, ensemble=3)",Chemprop v2,train,174,CN(N=O)C(=O)N[C@@H]1[C@@H](O)[C@H](O)[C@@H](CO)O[C@@H]1O,1.0,0.6006446,
tdc_bioavailability_ma,"Chemprop v2 (D-MPNN + RDKit2D, ensemble=3)",Chemprop v2,train,175,CC[P](CC)(CC)=[Au][S][C@@H]1O[C@H](COC(C)=O)[C@@H](OC(C)=O)[C@H](OC(C)=O)[C@H]1OC(C)=O,0.0,0.5298664,
tdc_bioavailability_ma,"Chemprop v2 (D-MPNN + RDKit2D, ensemble=3)",Chemprop v2,train,176,Oc1c(Cl)cc(Cl)c2cccnc12,1.0,0.8118715,
tdc_bioavailability_ma,"Chemprop v2 (D-MPNN + RDKit2D, ensemble=3)",Chemprop v2,train,177,CCN(CCO)CCCC(C)Nc1ccnc2cc(Cl)ccc12,1.0,0.74942356,
tdc_bioavailability_ma,"Chemprop v2 (D-MPNN + RDKit2D, ensemble=3)",Chemprop v2,train,178,CCN(CC)CCCC(C)Nc1ccnc2cc(Cl)ccc12,1.0,0.77172613,
tdc_bioavailability_ma,"Chemprop v2 (D-MPNN + RDKit2D, ensemble=3)",Chemprop v2,train,179,COc1cc(NC(C)CCCN)c2ncccc2c1,1.0,0.7789605,
tdc_bioavailability_ma,"Chemprop v2 (D-MPNN + RDKit2D, ensemble=3)",Chemprop v2,train,180,O=c1[nH]c2ccccc2n1CCCN1CCC(n2c(=O)[nH]c3cc(Cl)ccc32)CC1,0.0,0.78195757,
tdc_bioavailability_ma,"Chemprop v2 (D-MPNN + RDKit2D, ensemble=3)",Chemprop v2,train,181,COC(=O)C1=C(C)NC(C)=C(C(=O)O[C@H]2CCN(Cc3ccccc3)C2)[C@H]1c1cccc([N+](=O)[O-])c1,0.0,0.6668263,
tdc_bioavailability_ma,"Chemprop v2 (D-MPNN + RDKit2D, ensemble=3)",Chemprop v2,train,182,O=C(NCCO[N+](=O)[O-])c1cccnc1,1.0,0.7540159,
tdc_bioavailability_ma,"Chemprop v2 (D-MPNN + RDKit2D, ensemble=3)",Chemprop v2,train,183,COc1nc(C(Cl)(Cl)Cl)c(Cl)c(OC)c1Cl,1.0,0.79513174,
tdc_bioavailability_ma,"Chemprop v2 (D-MPNN + RDKit2D, ensemble=3)",Chemprop v2,train,184,NNC(=O)c1ccncc1,1.0,0.78970855,
tdc_bioavailability_ma,"Chemprop v2 (D-MPNN + RDKit2D, ensemble=3)",Chemprop v2,train,185,Clc1ccc(COC(Cn2ccnc2)c2ccc(Cl)cc2Cl)c(Cl)c1,1.0,0.82962483,
tdc_bioavailability_ma,"Chemprop v2 (D-MPNN + RDKit2D, ensemble=3)",Chemprop v2,train,186,CN1CCc2cccc3c2[C@H]1Cc1ccc(O)c(O)c1-3,0.0,0.7432869,
tdc_bioavailability_ma,"Chemprop v2 (D-MPNN + RDKit2D, ensemble=3)",Chemprop v2,train,187,COC1=CC(=O)C[C@@H](C)[C@]12Oc1c(Cl)c(OC)cc(OC)c1C2=O,1.0,0.7183323,
tdc_bioavailability_ma,"Chemprop v2 (D-MPNN + RDKit2D, ensemble=3)",Chemprop v2,train,188,Cn1cnc([N+](=O)[O-])c1Sc1ncnc2nc[nH]c12,1.0,0.8022724,
tdc_bioavailability_ma,"Chemprop v2 (D-MPNN + RDKit2D, ensemble=3)",Chemprop v2,train,189,O=C(c1ccc(F)cc1)C1CCN(CCn2c(=O)[nH]c3ccccc3c2=O)CC1,1.0,0.7460392,
tdc_bioavailability_ma,"Chemprop v2 (D-MPNN + RDKit2D, ensemble=3)",Chemprop v2,train,190,COc1ccc(CCN2CCC(Nc3nc4ccccc4n3Cc3ccc(F)cc3)CC2)cc1,0.0,0.7759828,
tdc_bioavailability_ma,"Chemprop v2 (D-MPNN + RDKit2D, ensemble=3)",Chemprop v2,train,191,CNC(=C[N+](=O)[O-])NCCSCc1ccc(CN(C)C)o1,1.0,0.7200377,
tdc_bioavailability_ma,"Chemprop v2 (D-MPNN + RDKit2D, ensemble=3)",Chemprop v2,train,192,CN(CCOc1ccc(NS(C)(=O)=O)cc1)CCc1ccc(NS(C)(=O)=O)cc1,1.0,0.7384735,
tdc_bioavailability_ma,"Chemprop v2 (D-MPNN + RDKit2D, ensemble=3)",Chemprop v2,train,193,CCOc1ccccc1OCCN[C@H](C)Cc1ccc(OC)c(S(N)(=O)=O)c1,1.0,0.7085393,
tdc_bioavailability_ma,"Chemprop v2 (D-MPNN + RDKit2D, ensemble=3)",Chemprop v2,train,194,O=C(CCCN1CC=C(n2c(=O)[nH]c3ccccc32)CC1)c1ccc(F)cc1,1.0,0.77181774,
tdc_bioavailability_ma,"Chemprop v2 (D-MPNN + RDKit2D, ensemble=3)",Chemprop v2,train,195,CN1C[C@H](C(=O)N[C@]2(C)O[C@@]3(O)[C@@H]4CCCN4C(=O)[C@H](Cc4ccccc4)N3C2=O)C[C@@H]2c3cccc4[nH]cc(c34)C[C@H]21,0.0,0.7133076,
tdc_bioavailability_ma,"Chemprop v2 (D-MPNN + RDKit2D, ensemble=3)",Chemprop v2,train,196,Nc1ncnc2c1ncn2CCOCP(=O)(O)O,0.0,0.7232185,
tdc_bioavailability_ma,"Chemprop v2 (D-MPNN + RDKit2D, ensemble=3)",Chemprop v2,train,197,C[C@H](Cn1cnc2c(N)ncnc21)OCP(=O)(O)O,1.0,0.7182699,
tdc_bioavailability_ma,"Chemprop v2 (D-MPNN + RDKit2D, ensemble=3)",Chemprop v2,train,198,CC(=O)OCC(CCn1cnc2cnc(N)nc21)COC(C)=O,1.0,0.68919635,
tdc_bioavailability_ma,"Chemprop v2 (D-MPNN + RDKit2D, ensemble=3)",Chemprop v2,train,199,C[C@H](NCCc1ccc(O)cc1)[C@H](O)c1ccc(O)cc1,1.0,0.69398355,
tdc_bioavailability_ma,"Chemprop v2 (D-MPNN + RDKit2D, ensemble=3)",Chemprop v2,train,200,CC(Cc1ccc(O)cc1)NCC(O)c1cc(O)cc(O)c1,0.0,0.6641041,
tdc_bioavailability_ma,"Chemprop v2 (D-MPNN + RDKit2D, ensemble=3)",Chemprop v2,train,201,S=c1nc[nH]c2nc[nH]c12,0.0,0.83651274,
tdc_bioavailability_ma,"Chemprop v2 (D-MPNN + RDKit2D, ensemble=3)",Chemprop v2,train,202,CCc1c2c(nc3ccc(OC(=O)N4CCC(N5CCCCC5)CC4)cc13)-c1cc3c(c(=O)n1C2)COC(=O)[C@]3(O)CC,0.0,0.7727631,
tdc_bioavailability_ma,"Chemprop v2 (D-MPNN + RDKit2D, ensemble=3)",Chemprop v2,train,203,C=CCNc1nc(NCC=C)nc(N2CCN(C(c3ccc(F)cc3)c3ccc(F)cc3)CC2)n1,1.0,0.7747297,
tdc_bioavailability_ma,"Chemprop v2 (D-MPNN + RDKit2D, ensemble=3)",Chemprop v2,train,204,CC(C)N=c1cc2n(-c3ccc(Cl)cc3)c3ccccc3nc-2cc1Nc1ccc(Cl)cc1,1.0,0.85677665,
tdc_bioavailability_ma,"Chemprop v2 (D-MPNN + RDKit2D, ensemble=3)",Chemprop v2,train,205,CCOC(=O)[C@H](CCc1ccccc1)N[C@@H](C)C(=O)N1Cc2ccccc2C[C@H]1C(=O)O,1.0,0.6750532,
tdc_bioavailability_ma,"Chemprop v2 (D-MPNN + RDKit2D, ensemble=3)",Chemprop v2,train,206,O=C(CCCN1CCC(n2c(O)nc3ccccc32)CC1)c1ccc(F)cc1,1.0,0.73146445,
tdc_bioavailability_ma,"Chemprop v2 (D-MPNN + RDKit2D, ensemble=3)",Chemprop v2,train,207,CC(C)n1c(/C=C/[C@H](O)C[C@H](O)CC(=O)O)c(-c2ccc(F)cc2)c2ccccc21,1.0,0.7237081,
tdc_bioavailability_ma,"Chemprop v2 (D-MPNN + RDKit2D, ensemble=3)",Chemprop v2,train,208,CC1(C)O[C@@H]2C[C@H]3[C@@H]4C[C@H](F)C5=CC(=O)C=C[C@]5(C)[C@H]4[C@@H](O)C[C@]3(C)[C@]2(C(=O)CO)O1,0.0,0.63413745,
tdc_bioavailability_ma,"Chemprop v2 (D-MPNN + RDKit2D, ensemble=3)",Chemprop v2,train,209,CCCC1O[C@@H]2C[C@H]3[C@@H]4CCC5=CC(=O)C=C[C@]5(C)[C@H]4[C@@H](O)C[C@]3(C)[C@]2(C(=O)CO)O1,0.0,0.6288297,
tdc_bioavailability_ma,"Chemprop v2 (D-MPNN + RDKit2D, ensemble=3)",Chemprop v2,train,210,COc1cc2c(c(OC)c1OC)-c1ccc(OC)c(=O)cc1C(NC(C)=O)CC2,1.0,0.73263866,
tdc_bioavailability_ma,"Chemprop v2 (D-MPNN + RDKit2D, ensemble=3)",Chemprop v2,train,211,C=C1/C(=C\C=C2/CCC[C@]3(C)[C@@H]([C@H](C)CCCC(C)(C)O)CC[C@@H]23)C[C@@H](O)C[C@@H]1O,1.0,0.63726,
tdc_bioavailability_ma,"Chemprop v2 (D-MPNN + RDKit2D, ensemble=3)",Chemprop v2,train,212,CO[C@]12CC[C@@]3(C[C@@H]1[C@](C)(O)C(C)(C)C)[C@H]1Cc4ccc(O)c5c4[C@@]3(CCN1CC1CC1)[C@H]2O5,1.0,0.6598984,
tdc_bioavailability_ma,"Chemprop v2 (D-MPNN + RDKit2D, ensemble=3)",Chemprop v2,train,213,CC(C)(O/N=C(\C(=O)N[C@@H]1C(=O)N2C(C(=O)[O-])=C(C[n+]3ccccc3)CS[C@H]12)c1csc(N)n1)C(=O)O,0.0,0.7146046,
tdc_bioavailability_ma,"Chemprop v2 (D-MPNN + RDKit2D, ensemble=3)",Chemprop v2,train,214,CCC1(c2cccc(O)c2)CCCCN(C)C1,0.0,0.7180595,
tdc_bioavailability_ma,"Chemprop v2 (D-MPNN + RDKit2D, ensemble=3)",Chemprop v2,train,215,C[C@@H](O[C@H]1OCCN(Cc2n[nH]c(=O)[nH]2)[C@H]1c1ccc(F)cc1)c1cc(C(F)(F)F)cc(C(F)(F)F)c1,1.0,0.8203736,
tdc_bioavailability_ma,"Chemprop v2 (D-MPNN + RDKit2D, ensemble=3)",Chemprop v2,train,216,CC1(C)S[C@@H]2[C@H](NC(=O)[C@H](C(=O)O)c3ccsc3)C(=O)N2[C@H]1C(=O)O,0.0,0.65242124,
tdc_bioavailability_ma,"Chemprop v2 (D-MPNN + RDKit2D, ensemble=3)",Chemprop v2,train,217,COc1ccccc1N1CCN(CCCNc2cc(=O)n(C)c(=O)n2C)CC1,1.0,0.7202247,
tdc_bioavailability_ma,"Chemprop v2 (D-MPNN + RDKit2D, ensemble=3)",Chemprop v2,train,218,NS(=O)(=O)c1cc(C(=O)O)c(NCc2ccco2)cc1Cl,1.0,0.7713475,
tdc_bioavailability_ma,"Chemprop v2 (D-MPNN + RDKit2D, ensemble=3)",Chemprop v2,train,219,CCOC(=O)C1(c2ccccc2)CCN(C)CC1,1.0,0.7093865,
tdc_bioavailability_ma,"Chemprop v2 (D-MPNN + RDKit2D, ensemble=3)",Chemprop v2,train,220,CCC(=O)C1(c2cccc(O)c2)CCN(C)CC1,1.0,0.69881326,
tdc_bioavailability_ma,"Chemprop v2 (D-MPNN + RDKit2D, ensemble=3)",Chemprop v2,train,221,CN[C@@H]1CCc2[nH]c3ccc(C(N)=O)cc3c2C1,1.0,0.76526576,
tdc_bioavailability_ma,"Chemprop v2 (D-MPNN + RDKit2D, ensemble=3)",Chemprop v2,train,222,CN1CCN(C(=O)OC2c3nccnc3C(=O)N2c2ccc(Cl)cn2)CC1,1.0,0.7530578,
tdc_bioavailability_ma,"Chemprop v2 (D-MPNN + RDKit2D, ensemble=3)",Chemprop v2,train,223,CCOC(=O)[C@H](CCc1ccccc1)N[C@@H](C)C(=O)N1[C@H](C(=O)O)C[C@@H]2CCC[C@@H]21,1.0,0.63629806,
tdc_bioavailability_ma,"Chemprop v2 (D-MPNN + RDKit2D, ensemble=3)",Chemprop v2,train,224,CC(=O)O[C@H]1C[C@@H]2CC[C@@H]3[C@H](CC[C@@]4(C)[C@H]3C[C@H]([N+]3(C)CCCCC3)[C@@H]4OC(C)=O)[C@@]2(C)C[C@@H]1N1CCCCC1,0.0,0.5761335,
tdc_bioavailability_ma,"Chemprop v2 (D-MPNN + RDKit2D, ensemble=3)",Chemprop v2,train,225,CC(C)C[C@H]1C(=O)N2CCC[C@H]2[C@]2(O)O[C@](NC(=O)[C@@H]3C=C4c5cccc6[nH]c(Br)c(c56)C[C@H]4N(C)C3)(C(C)C)C(=O)N12,0.0,0.71511126,
tdc_bioavailability_ma,"Chemprop v2 (D-MPNN + RDKit2D, ensemble=3)",Chemprop v2,train,226,CCCNCC(O)COc1ccccc1C(=O)CCc1ccccc1,0.0,0.70277387,
tdc_bioavailability_ma,"Chemprop v2 (D-MPNN + RDKit2D, ensemble=3)",Chemprop v2,train,227,CCCN(CCC)CCc1cccc2c1CC(=O)N2,1.0,0.7178006,
tdc_bioavailability_ma,"Chemprop v2 (D-MPNN + RDKit2D, ensemble=3)",Chemprop v2,train,228,C[C@@H](O)[C@@H]1NC(=O)[C@H](CCCCN)NC(=O)[C@@H](Cc2c[nH]c3ccccc23)NC(=O)[C@H](Cc2ccccc2)NC(=O)[C@@H](NC(=O)[C@H](N)Cc2ccccc2)CSSC[C@@H](C(=O)N[C@H](CO)[C@@H](C)O)NC1=O,0.0,0.5728547,
tdc_bioavailability_ma,"Chemprop v2 (D-MPNN + RDKit2D, ensemble=3)",Chemprop v2,train,229,CN(C)[C@@H]1C(O)=C(C(N)=O)C(=O)[C@@]2(O)C(O)=C3C(=O)c4c(O)ccc(Cl)c4[C@@](C)(O)[C@H]3C[C@@H]12,1.0,0.68181723,
tdc_bioavailability_ma,"Chemprop v2 (D-MPNN + RDKit2D, ensemble=3)",Chemprop v2,train,230,CN(C)[C@@H]1C(O)=C(C(N)=O)C(=O)[C@@]2(O)C(O)=C3C(=O)c4c(O)ccc(Cl)c4[C@@H](O)[C@H]3C[C@@H]12,1.0,0.67525405,
tdc_bioavailability_ma,"Chemprop v2 (D-MPNN + RDKit2D, ensemble=3)",Chemprop v2,train,231,CN(C)c1ccc(O)c2c1C[C@H]1C[C@H]3[C@H](N(C)C)C(O)=C(C(N)=O)C(=O)[C@@]3(O)C(O)=C1C2=O,1.0,0.68686867,
tdc_bioavailability_ma,"Chemprop v2 (D-MPNN + RDKit2D, ensemble=3)",Chemprop v2,train,232,CN(C)[C@@H]1C(O)=C(C(N)=O)C(=O)[C@@]2(O)C(O)=C3C(=O)c4c(O)cccc4[C@@](C)(O)[C@H]3C[C@@H]12,1.0,0.6719794,
tdc_bioavailability_ma,"Chemprop v2 (D-MPNN + RDKit2D, ensemble=3)",Chemprop v2,train,233,CN(C)[C@@H]1C(O)=C(C(N)=O)C(=O)[C@@]2(O)C(O)=C3C(=O)c4c(O)cccc4[C@@](C)(O)[C@H]3[C@H](O)[C@@H]12,1.0,0.6591015,
tdc_bioavailability_ma,"Chemprop v2 (D-MPNN + RDKit2D, ensemble=3)",Chemprop v2,train,234,C[C@H]1c2cccc(O)c2C(=O)C2=C(O)[C@]3(O)C(=O)C(C(N)=O)=C(O)[C@@H](N(C)C)[C@@H]3[C@@H](O)[C@@H]21,1.0,0.6668537,
tdc_bioavailability_ma,"Chemprop v2 (D-MPNN + RDKit2D, ensemble=3)",Chemprop v2,train,235,CN(C)CC/C=C1/c2ccccc2Sc2ccc(Cl)cc21,1.0,0.8108346,
tdc_bioavailability_ma,"Chemprop v2 (D-MPNN + RDKit2D, ensemble=3)",Chemprop v2,train,236,CC1(C)O[C@@H]2[C@@H](CO[C@@]3(COS(N)(=O)=O)OC(C)(C)O[C@@H]23)O1,1.0,0.6363285,
tdc_bioavailability_ma,"Chemprop v2 (D-MPNN + RDKit2D, ensemble=3)",Chemprop v2,train,237,Clc1ccc2c(c1)C(N1CCNCC1)=Nc1ccccc1O2,1.0,0.7948456,
tdc_bioavailability_ma,"Chemprop v2 (D-MPNN + RDKit2D, ensemble=3)",Chemprop v2,train,238,COc1cc(OC)c(C(=O)CCCN2CCCC2)c(OC)c1,1.0,0.68867713,
tdc_bioavailability_ma,"Chemprop v2 (D-MPNN + RDKit2D, ensemble=3)",Chemprop v2,train,239,C[C@@H](NCCCc1cccc(C(F)(F)F)c1)c1cccc2ccccc12,0.0,0.792528,
tdc_bioavailability_ma,"Chemprop v2 (D-MPNN + RDKit2D, ensemble=3)",Chemprop v2,train,240,C[C@@H]1CN(c2c(F)c(N)c3c(=O)c(C(=O)O)cn(C4CC4)c3c2F)C[C@H](C)N1,1.0,0.7563339,
tdc_bioavailability_ma,"Chemprop v2 (D-MPNN + RDKit2D, ensemble=3)",Chemprop v2,train,241,COc1c(N2CCNC(C)C2)c(F)cc2c(=O)c(C(=O)O)cn(C3CC3)c12,1.0,0.74802643,
tdc_bioavailability_ma,"Chemprop v2 (D-MPNN + RDKit2D, ensemble=3)",Chemprop v2,train,242,O=C(O)c1cn(C2CC2)c2cc(N3CCNCC3)c(F)cc2c1=O,1.0,0.74616003,
tdc_bioavailability_ma,"Chemprop v2 (D-MPNN + RDKit2D, ensemble=3)",Chemprop v2,train,243,CCCN1C[C@H](CSC)C[C@@H]2c3cccc4[nH]cc(c34)C[C@H]21,1.0,0.75503737,
tdc_bioavailability_ma,"Chemprop v2 (D-MPNN + RDKit2D, ensemble=3)",Chemprop v2,train,244,CCN(CC)C(=O)N[C@H]1C[C@@H]2c3cccc4[nH]cc(c34)C[C@H]2N(C)C1,0.0,0.71878535,
tdc_bioavailability_ma,"Chemprop v2 (D-MPNN + RDKit2D, ensemble=3)",Chemprop v2,train,245,C=CCN1C[C@H](C(=O)N(CCCN(C)C)C(=O)NCC)C[C@@H]2c3cccc4[nH]cc(c34)C[C@H]21,1.0,0.72662765,
tdc_bioavailability_ma,"Chemprop v2 (D-MPNN + RDKit2D, ensemble=3)",Chemprop v2,train,246,CC[C@@]1(O)C(=O)OCc2c1cc1n(c2=O)Cc2cc3c(CN(C)C)c(O)ccc3nc2-1,1.0,0.76003975,
tdc_bioavailability_ma,"Chemprop v2 (D-MPNN + RDKit2D, ensemble=3)",Chemprop v2,train,247,O=c1[nH]c2ccccc2n1C1CCN(CCCC(c2ccc(F)cc2)c2ccc(F)cc2)CC1,1.0,0.77818805,
tdc_bioavailability_ma,"Chemprop v2 (D-MPNN + RDKit2D, ensemble=3)",Chemprop v2,train,248,Clc1cccc(Cl)c1NC1=NCCN1,1.0,0.8163975,
tdc_bioavailability_ma,"Chemprop v2 (D-MPNN + RDKit2D, ensemble=3)",Chemprop v2,train,249,N=C(N)NC(=O)c1nc(Cl)c(N)nc1N,1.0,0.73340553,
tdc_bioavailability_ma,"Chemprop v2 (D-MPNN + RDKit2D, ensemble=3)",Chemprop v2,train,250,CCC(C(=O)O)c1ccc(N2Cc3ccccc3C2=O)cc1,1.0,0.75552577,
tdc_bioavailability_ma,"Chemprop v2 (D-MPNN + RDKit2D, ensemble=3)",Chemprop v2,train,251,N[C@@H]1CN(c2c(F)cc3c(=O)c(C(=O)O)cn([C@@H]4C[C@@H]4F)c3c2Cl)CC12CC2.N[C@@H]1CN(c2c(F)cc3c(=O)c(C(=O)O)cn([C@@H]4C[C@@H]4F)c3c2Cl)CC12CC2.O.O.O,1.0,0.8461297,
tdc_bioavailability_ma,"Chemprop v2 (D-MPNN + RDKit2D, ensemble=3)",Chemprop v2,train,252,CCc1cccc2cc(C(O)CNC(C)(C)C)oc12,1.0,0.74770904,
tdc_bioavailability_ma,"Chemprop v2 (D-MPNN + RDKit2D, ensemble=3)",Chemprop v2,train,253,CC(C)(C)NC[C@H](O)COc1nsnc1N1CCOCC1,1.0,0.71042365,
tdc_bioavailability_ma,"Chemprop v2 (D-MPNN + RDKit2D, ensemble=3)",Chemprop v2,train,254,CCc1cccc2c3c([nH]c12)C(CC)(CC(=O)O)OCC3,1.0,0.74639577,
tdc_bioavailability_ma,"Chemprop v2 (D-MPNN + RDKit2D, ensemble=3)",Chemprop v2,train,255,CC1CN(c2cc3c(cc2F)c(=O)c(C(=O)O)cn3-c2ccc(F)cc2F)CCN1,1.0,0.7853926,
tdc_bioavailability_ma,"Chemprop v2 (D-MPNN + RDKit2D, ensemble=3)",Chemprop v2,train,256,OC[C@H]1O[C@@H](O[C@@H]2[C@@H](CO)O[C@](O)(CO)[C@H]2O)[C@H](O)[C@@H](O)[C@H]1O,0.0,0.49476132,
tdc_bioavailability_ma,"Chemprop v2 (D-MPNN + RDKit2D, ensemble=3)",Chemprop v2,train,257,OC[C@@H]1O[C@@](O)(CO)[C@H](O)[C@H]1O,1.0,0.6499537,
tdc_bioavailability_ma,"Chemprop v2 (D-MPNN + RDKit2D, ensemble=3)",Chemprop v2,train,258,NS(=O)(=O)c1cc2c(cc1Cl)NC(CC1CCCC1)NS2(=O)=O,1.0,0.7417372,
tdc_bioavailability_ma,"Chemprop v2 (D-MPNN + RDKit2D, ensemble=3)",Chemprop v2,train,259,COc1cc(N)c(Cl)cc1C(=O)N[C@@H]1CCN(CCCOc2ccc(F)cc2)C[C@@H]1OC,1.0,0.7049801,
tdc_bioavailability_ma,"Chemprop v2 (D-MPNN + RDKit2D, ensemble=3)",Chemprop v2,train,260,CCOc1ccccc1OCC1CNCCO1,1.0,0.7469621,
tdc_bioavailability_ma,"Chemprop v2 (D-MPNN + RDKit2D, ensemble=3)",Chemprop v2,train,261,COC(=O)Nc1nc2ccc(C(=O)c3ccccc3)cc2[nH]1,1.0,0.7867239,
tdc_bioavailability_ma,"Chemprop v2 (D-MPNN + RDKit2D, ensemble=3)",Chemprop v2,train,262,C[C@@H](O)[C@H]1C(=O)N2C(C(=O)O)=C(SCC/N=C/N)C[C@H]12,0.0,0.6639391,
tdc_bioavailability_ma,"Chemprop v2 (D-MPNN + RDKit2D, ensemble=3)",Chemprop v2,train,263,Cn1c(CCCC(=O)O)nc2cc(N(CCCl)CCCl)ccc21,1.0,0.75227123,
tdc_bioavailability_ma,"Chemprop v2 (D-MPNN + RDKit2D, ensemble=3)",Chemprop v2,train,264,COC(=O)C1=C(C)NC(C)=C(C(=O)OCCN(C)Cc2ccccc2)C1c1cccc([N+](=O)[O-])c1,1.0,0.68288374,
tdc_bioavailability_ma,"Chemprop v2 (D-MPNN + RDKit2D, ensemble=3)",Chemprop v2,train,265,CC(C)Nc1cccnc1N1CCN(C(=O)c2cc3cc(NS(C)(=O)=O)ccc3[nH]2)CC1,1.0,0.7601703,
tdc_bioavailability_ma,"Chemprop v2 (D-MPNN + RDKit2D, ensemble=3)",Chemprop v2,train,266,Nc1ccn([C@@H]2CS[C@H](CO)O2)c(=O)n1,1.0,0.74273425,
tdc_bioavailability_ma,"Chemprop v2 (D-MPNN + RDKit2D, ensemble=3)",Chemprop v2,train,267,CN(C)CCC=C1c2ccccc2CCc2ccccc21,1.0,0.8173957,
tdc_bioavailability_ma,"Chemprop v2 (D-MPNN + RDKit2D, ensemble=3)",Chemprop v2,train,268,CNCCC=C1c2ccccc2CCc2ccccc21,1.0,0.8206572,
tdc_bioavailability_ma,"Chemprop v2 (D-MPNN + RDKit2D, ensemble=3)",Chemprop v2,train,269,CCOC(=O)C1(c2ccccc2)CCN(CCC(O)c2ccccc2)CC1,0.0,0.69207495,
tdc_bioavailability_ma,"Chemprop v2 (D-MPNN + RDKit2D, ensemble=3)",Chemprop v2,train,270,CCC1(c2ccccc2)C(=O)NC(=O)NC1=O,1.0,0.7976883,
tdc_bioavailability_ma,"Chemprop v2 (D-MPNN + RDKit2D, ensemble=3)",Chemprop v2,train,271,CCCCC1C(=O)N(c2ccccc2)N(c2ccccc2)C1=O,1.0,0.7534952,
tdc_bioavailability_ma,"Chemprop v2 (D-MPNN + RDKit2D, ensemble=3)",Chemprop v2,train,272,Cc1ccc(-c2nc3ccc(C)cn3c2CC(=O)N(C)C)cc1,1.0,0.795851,
tdc_bioavailability_ma,"Chemprop v2 (D-MPNN + RDKit2D, ensemble=3)",Chemprop v2,train,273,C[C@H](CN1CCOCC1)C(C(=O)N1CCCC1)(c1ccccc1)c1ccccc1,1.0,0.72104883,
tdc_bioavailability_ma,"Chemprop v2 (D-MPNN + RDKit2D, ensemble=3)",Chemprop v2,train,274,COc1ccc(CCNCC(O)COc2cccc(C)c2)cc1OC,1.0,0.7180013,
tdc_bioavailability_ma,"Chemprop v2 (D-MPNN + RDKit2D, ensemble=3)",Chemprop v2,train,275,CN[C@@H]1[C@H](O[C@H]2[C@H](O[C@H]3[C@H](O)[C@@H](O)[C@H](NC(=N)N)[C@@H](O)[C@@H]3NC(=N)N)O[C@@H](C)[C@]2(O)C=O)O[C@@H](CO)[C@H](O)[C@H]1O,0.0,0.39938906,
tdc_bioavailability_ma,"Chemprop v2 (D-MPNN + RDKit2D, ensemble=3)",Chemprop v2,train,276,COc1cc2c(N)nc(N3CCN(C(=O)OCC(C)(C)O)CC3)nc2c(OC)c1OC,1.0,0.7182824,
tdc_bioavailability_ma,"Chemprop v2 (D-MPNN + RDKit2D, ensemble=3)",Chemprop v2,train,277,CCc1nn(CCCN2CCN(c3cccc(Cl)c3)CC2)c(=O)n1CCOc1ccccc1,0.0,0.7561905,
tdc_bioavailability_ma,"Chemprop v2 (D-MPNN + RDKit2D, ensemble=3)",Chemprop v2,train,278,OCCN(CCO)c1nc(N2CCCCC2)c2nc(N(CCO)CCO)nc(N3CCCCC3)c2n1,1.0,0.6880171,
tdc_bioavailability_ma,"Chemprop v2 (D-MPNN + RDKit2D, ensemble=3)",Chemprop v2,train,279,CC(C)(C(=O)O)c1ccc(C(O)CCCN2CCC(C(O)(c3ccccc3)c3ccccc3)CC2)cc1,1.0,0.710385,
tdc_bioavailability_ma,"Chemprop v2 (D-MPNN + RDKit2D, ensemble=3)",Chemprop v2,train,280,CC(C)(C)c1ccc(C(O)CCCN2CCC(C(O)(c3ccccc3)c3ccccc3)CC2)cc1,0.0,0.72777414,
tdc_bioavailability_ma,"Chemprop v2 (D-MPNN + RDKit2D, ensemble=3)",Chemprop v2,train,281,COc1cccc([C@@]2(O)CCCC[C@@H]2CN(C)C)c1,1.0,0.7225056,
tdc_bioavailability_ma,"Chemprop v2 (D-MPNN + RDKit2D, ensemble=3)",Chemprop v2,train,282,CCOC(=O)[C@H](CCc1ccccc1)N[C@H]1CCc2ccccc2N(CC(=O)O)C1=O,1.0,0.69696337,
tdc_bioavailability_ma,"Chemprop v2 (D-MPNN + RDKit2D, ensemble=3)",Chemprop v2,train,283,CCc1nc(N)nc(N)c1-c1ccc(Cl)cc1,1.0,0.8041175,
tdc_bioavailability_ma,"Chemprop v2 (D-MPNN + RDKit2D, ensemble=3)",Chemprop v2,train,284,CN(C)CCC=C1c2ccccc2C=Cc2ccccc21,1.0,0.817249,
tdc_bioavailability_ma,"Chemprop v2 (D-MPNN + RDKit2D, ensemble=3)",Chemprop v2,train,285,CN1C(=O)NC(=O)C(C)(C2=CCCCC2)C1=O,1.0,0.7787246,
tdc_bioavailability_ma,"Chemprop v2 (D-MPNN + RDKit2D, ensemble=3)",Chemprop v2,train,286,Cc1cc(O)c2c(=O)c3c(O)cc(O)c4c5c(O)cc(O)c6c(=O)c7c(O)cc(C)c8c1c2c(c34)c(c78)c65,0.0,0.8114855,
tdc_bioavailability_ma,"Chemprop v2 (D-MPNN + RDKit2D, ensemble=3)",Chemprop v2,train,287,CC(C)COCC(CN(Cc1ccccc1)c1ccccc1)N1CCCC1,1.0,0.7366883,
tdc_bioavailability_ma,"Chemprop v2 (D-MPNN + RDKit2D, ensemble=3)",Chemprop v2,train,288,CC[C@H](C)C(=O)O[C@H]1C[C@H](O)C=C2C=C[C@H](C)[C@H](CC[C@@H](O)C[C@@H](O)CC(=O)O)[C@H]21,0.0,0.56926,
tdc_bioavailability_ma,"Chemprop v2 (D-MPNN + RDKit2D, ensemble=3)",Chemprop v2,train,289,N#Cc1ccc(C(c2ccc(C#N)cc2)n2cncn2)cc1,1.0,0.8313351,
tdc_bioavailability_ma,"Chemprop v2 (D-MPNN + RDKit2D, ensemble=3)",Chemprop v2,train,290,CCN1CC(CCN2CCOCC2)C(c2ccccc2)(c2ccccc2)C1=O,1.0,0.7321043,
tdc_bioavailability_ma,"Chemprop v2 (D-MPNN + RDKit2D, ensemble=3)",Chemprop v2,train,291,COc1cc(NCc2ccc3nc(N)nc(N)c3c2C)cc(OC)c1OC,1.0,0.7859518,
tdc_bioavailability_ma,"Chemprop v2 (D-MPNN + RDKit2D, ensemble=3)",Chemprop v2,train,292,CCCc1cc(=O)[nH]c(=S)[nH]1,1.0,0.8035814,
tdc_bioavailability_ma,"Chemprop v2 (D-MPNN + RDKit2D, ensemble=3)",Chemprop v2,train,293,C#C[C@]1(O)CC[C@H]2[C@@H]3CCC4=CCCC[C@@H]4[C@H]3C(=C)C[C@@]21CC,0.0,0.714158,
tdc_bioavailability_ma,"Chemprop v2 (D-MPNN + RDKit2D, ensemble=3)",Chemprop v2,train,294,CC(C)c1nc(N(C)S(C)(=O)=O)nc(-c2ccc(F)cc2)c1/C=C/[C@@H](O)C[C@@H](O)CC(=O)O,0.0,0.6957154,
tdc_bioavailability_ma,"Chemprop v2 (D-MPNN + RDKit2D, ensemble=3)",Chemprop v2,train,295,Cc1onc(-c2ccccc2)c1-c1ccc(S(N)(=O)=O)cc1,1.0,0.7944655,
tdc_bioavailability_ma,"Chemprop v2 (D-MPNN + RDKit2D, ensemble=3)",Chemprop v2,train,296,O=c1ccn([C@@H]2O[C@H](CO)[C@@H](O)[C@H]2O)c(=O)[nH]1,0.0,0.6844283,
tdc_bioavailability_ma,"Chemprop v2 (D-MPNN + RDKit2D, ensemble=3)",Chemprop v2,train,297,Cc1cn([C@H]2C[C@H](N=[N+]=[N-])[C@@H](CO)O2)c(=O)[nH]c1=O,1.0,0.74504805,
tdc_bioavailability_ma,"Chemprop v2 (D-MPNN + RDKit2D, ensemble=3)",Chemprop v2,train,298,CNCCCC1c2ccccc2C=Cc2ccccc21,1.0,0.8106944,
tdc_bioavailability_ma,"Chemprop v2 (D-MPNN + RDKit2D, ensemble=3)",Chemprop v2,train,299,CC(C)(Cc1c[nH]c2ccccc12)NCC(O)COc1ccccc1C#N,1.0,0.74801177,
tdc_bioavailability_ma,"Chemprop v2 (D-MPNN + RDKit2D, ensemble=3)",Chemprop v2,train,300,OC(CCN1CCCCC1)(c1ccccc1)C1CC2C=CC1C2,1.0,0.6720975,
tdc_bioavailability_ma,"Chemprop v2 (D-MPNN + RDKit2D, ensemble=3)",Chemprop v2,train,301,N[C@@H](C(=O)N[C@@H]1C(=O)N2C(C(=O)O)=C(CSc3c[nH]nn3)CS[C@H]12)c1ccc(O)cc1,1.0,0.6969173,
tdc_bioavailability_ma,"Chemprop v2 (D-MPNN + RDKit2D, ensemble=3)",Chemprop v2,train,302,CCOC(=O)Nc1ccc(NCc2ccc(F)cc2)nc1N,1.0,0.76561356,
tdc_bioavailability_ma,"Chemprop v2 (D-MPNN + RDKit2D, ensemble=3)",Chemprop v2,train,303,O=C1Cc2cc(CCN3CCN(c4nsc5ccccc45)CC3)c(Cl)cc2N1,1.0,0.76911145,
tdc_bioavailability_ma,"Chemprop v2 (D-MPNN + RDKit2D, ensemble=3)",Chemprop v2,train,304,COCc1c(C(C)C)nc(C(C)C)c(/C=C/[C@@H](O)C[C@@H](O)CC(=O)O)c1-c1ccc(F)cc1,1.0,0.6854649,
tdc_bioavailability_ma,"Chemprop v2 (D-MPNN + RDKit2D, ensemble=3)",Chemprop v2,train,305,O=C(O)c1cc(/N=N/c2ccc(S(=O)(=O)Nc3ccccn3)cc2)ccc1O,1.0,0.7414984,
tdc_bioavailability_ma,"Chemprop v2 (D-MPNN + RDKit2D, ensemble=3)",Chemprop v2,train,306,COc1cc2ncnc(Nc3ccc(F)c(Cl)c3)c2cc1OCCCN1CCOCC1,1.0,0.7848098,
tdc_bioavailability_ma,"Chemprop v2 (D-MPNN + RDKit2D, ensemble=3)",Chemprop v2,train,307,COc1nc(C)nc(Cl)c1NC1=NCCN1,1.0,0.77823496,
tdc_bioavailability_ma,"Chemprop v2 (D-MPNN + RDKit2D, ensemble=3)",Chemprop v2,train,308,CCOC(=O)C1=C[C@]2(CC)CCCN3CCc4c(n1c1ccccc41)[C@@H]32,0.0,0.7430096,
tdc_bioavailability_ma,"Chemprop v2 (D-MPNN + RDKit2D, ensemble=3)",Chemprop v2,train,309,NCCCC[C@H](N[C@@H](CCc1ccccc1)C(=O)O)C(=O)N1CCC[C@H]1C(=O)O,1.0,0.6145051,
tdc_bioavailability_ma,"Chemprop v2 (D-MPNN + RDKit2D, ensemble=3)",Chemprop v2,train,310,CCOC(=O)[C@H](CCc1ccccc1)N[C@@H](C)C(=O)N1CCC[C@H]1C(=O)O,1.0,0.6336337,
tdc_bioavailability_ma,"Chemprop v2 (D-MPNN + RDKit2D, ensemble=3)",Chemprop v2,train,311,COC(=O)[C@H]1[C@H]2C[C@@H]3c4[nH]c5cc(OC)ccc5c4CCN3C[C@H]2C[C@@H](OC(=O)c2cc(OC)c(OC)c(OC)c2)[C@@H]1OC,1.0,0.76087976,
tdc_bioavailability_ma,"Chemprop v2 (D-MPNN + RDKit2D, ensemble=3)",Chemprop v2,train,312,CCCCC[C@H](O)/C=C/[C@H]1[C@H](O)CC(=O)[C@@H]1CCCCCCC(=O)O,0.0,0.5813984,
tdc_bioavailability_ma,"Chemprop v2 (D-MPNN + RDKit2D, ensemble=3)",Chemprop v2,train,313,CCCCC(C)(O)C/C=C/[C@H]1[C@H](O)CC(=O)[C@@H]1CCCCCCC(=O)OC,1.0,0.5867067,
tdc_bioavailability_ma,"Chemprop v2 (D-MPNN + RDKit2D, ensemble=3)",Chemprop v2,train,314,CO[C@@]1(NC(=O)Cc2cccs2)C(=O)N2C(C(=O)O)=C(COC(N)=O)CS[C@@H]21,0.0,0.6778617,
tdc_bioavailability_ma,"Chemprop v2 (D-MPNN + RDKit2D, ensemble=3)",Chemprop v2,train,315,C=CC[N@@+]12CC[C@@]34c5ccccc5N5/C=C6/[C@H]7C[C@H]8[C@@]9(CC[N@@+]8(CC=C)C/C7=C/CO)c7ccccc7N(/C=C(/[C@@H](C[C@@H]31)/C(=C\CO)C2)[C@H]54)[C@@H]69,0.0,0.7326302,
tdc_bioavailability_ma,"Chemprop v2 (D-MPNN + RDKit2D, ensemble=3)",Chemprop v2,train,316,Cc1[nH]c(=O)c(C#N)cc1-c1ccncc1,1.0,0.82933664,
tdc_bioavailability_ma,"Chemprop v2 (D-MPNN + RDKit2D, ensemble=3)",Chemprop v2,train,317,Nc1cc(-c2ccncc2)c[nH]c1=O,1.0,0.8259261,
tdc_bioavailability_ma,"Chemprop v2 (D-MPNN + RDKit2D, ensemble=3)",Chemprop v2,train,318,CCC(C)n1ncn(-c2ccc(N3CCN(c4ccc(OC[C@H]5CO[C@](Cn6cncn6)(c6ccc(Cl)cc6Cl)O5)cc4)CC3)cc2)c1=O,1.0,0.83898896,
tdc_bioavailability_ma,"Chemprop v2 (D-MPNN + RDKit2D, ensemble=3)",Chemprop v2,train,319,CC(C)c1nc(CN(C)C(=O)N[C@H](C(=O)N[C@@H](Cc2ccccc2)C[C@H](O)[C@H](Cc2ccccc2)NC(=O)OCc2cncs2)C(C)C)cs1,1.0,0.7361167,
tdc_bioavailability_ma,"Chemprop v2 (D-MPNN + RDKit2D, ensemble=3)",Chemprop v2,train,320,CC(=O)CC(c1ccccc1)c1c(O)c2ccccc2oc1=O,1.0,0.763361,
tdc_bioavailability_ma,"Chemprop v2 (D-MPNN + RDKit2D, ensemble=3)",Chemprop v2,train,321,CN(C)CCOC(c1ccccc1)c1ccccc1,1.0,0.79146653,
tdc_bioavailability_ma,"Chemprop v2 (D-MPNN + RDKit2D, ensemble=3)",Chemprop v2,train,322,Clc1ccc(C(c2ccccc2Cl)C(Cl)Cl)cc1,1.0,0.8396096,
tdc_bioavailability_ma,"Chemprop v2 (D-MPNN + RDKit2D, ensemble=3)",Chemprop v2,train,323,Cc1ccccc1C(OCCN(C)C)c1ccccc1,1.0,0.79252243,
tdc_bioavailability_ma,"Chemprop v2 (D-MPNN + RDKit2D, ensemble=3)",Chemprop v2,train,324,CCC(=O)C(CC(C)N(C)C)(c1ccccc1)c1ccccc1,1.0,0.75649357,
tdc_bioavailability_ma,"Chemprop v2 (D-MPNN + RDKit2D, ensemble=3)",Chemprop v2,train,325,CC[N+](C)(C)C(C)CC(c1ccccc1)c1ccccc1,0.0,0.77541924,
tdc_bioavailability_ma,"Chemprop v2 (D-MPNN + RDKit2D, ensemble=3)",Chemprop v2,train,326,CC(CC(c1ccccc1)c1ccccc1)NC(C)(C)C,1.0,0.7908988,
tdc_bioavailability_ma,"Chemprop v2 (D-MPNN + RDKit2D, ensemble=3)",Chemprop v2,train,327,CNCCCCOc1ccccc1Cc1ccccc1,0.0,0.77284145,
tdc_bioavailability_ma,"Chemprop v2 (D-MPNN + RDKit2D, ensemble=3)",Chemprop v2,train,328,OC(CCN1CCCC1)(c1ccccc1)C1CCCCC1,1.0,0.6877071,
tdc_bioavailability_ma,"Chemprop v2 (D-MPNN + RDKit2D, ensemble=3)",Chemprop v2,train,329,CC#C[C@]1(O)CC[C@H]2[C@@H]3CCC4=CC(=O)CCC4=C3[C@@H](c3ccc(N(C)C)cc3)C[C@@]21C,1.0,0.7279528,
tdc_bioavailability_ma,"Chemprop v2 (D-MPNN + RDKit2D, ensemble=3)",Chemprop v2,train,330,Nc1nc(N)c2nc(-c3ccccc3)c(N)nc2n1,1.0,0.8097084,
tdc_bioavailability_ma,"Chemprop v2 (D-MPNN + RDKit2D, ensemble=3)",Chemprop v2,train,331,O=C1NC(=O)C(c2ccccc2)(c2ccccc2)N1,1.0,0.7878205,
tdc_bioavailability_ma,"Chemprop v2 (D-MPNN + RDKit2D, ensemble=3)",Chemprop v2,train,332,CN1CCC[C@H]1c1cccnc1,1.0,0.79427767,
tdc_bioavailability_ma,"Chemprop v2 (D-MPNN + RDKit2D, ensemble=3)",Chemprop v2,train,333,OCCOCCN1CCN(C2=Nc3ccccc3Sc3ccccc32)CC1,1.0,0.75178486,
tdc_bioavailability_ma,"Chemprop v2 (D-MPNN + RDKit2D, ensemble=3)",Chemprop v2,train,334,OC(c1cc(C(F)(F)F)nc2c(C(F)(F)F)cccc12)C1CCCCN1,1.0,0.78439,
tdc_bioavailability_ma,"Chemprop v2 (D-MPNN + RDKit2D, ensemble=3)",Chemprop v2,train,335,Oc1ccc2c3c1O[C@H]1[C@@H](O)CC[C@@]4(O)[C@@H](C2)N(CC2CCC2)CC[C@]314,0.0,0.6414849,
tdc_bioavailability_ma,"Chemprop v2 (D-MPNN + RDKit2D, ensemble=3)",Chemprop v2,train,336,O=c1nc[nH]c2c1ncn2[C@H]1CC[C@@H](CO)O1,1.0,0.7638095,
tdc_bioavailability_ma,"Chemprop v2 (D-MPNN + RDKit2D, ensemble=3)",Chemprop v2,train,337,COc1ccc(OC)c(Cc2cnc3nc(N)nc(N)c3c2C)c1,1.0,0.8001051,
tdc_bioavailability_ma,"Chemprop v2 (D-MPNN + RDKit2D, ensemble=3)",Chemprop v2,train,338,COc1cc(Cc2cnc(N)nc2N)cc(OC)c1OC,1.0,0.7652263,
tdc_bioavailability_ma,"Chemprop v2 (D-MPNN + RDKit2D, ensemble=3)",Chemprop v2,train,339,C[C@@H]1[C@H](O)[C@@H](C)/C=C/C=C/CC/C=C/C=C/C=C/C=C/C(O[C@H]2O[C@H](C)[C@@H](O)[C@H](N)[C@@H]2O)CC2O[C@](O)(CC(O)C(O)CCC(O)CC(O)CC(O)CC(=O)O[C@H]1C)CC(O)C2C(=O)O,0.0,0.43664542,
tdc_bioavailability_ma,"Chemprop v2 (D-MPNN + RDKit2D, ensemble=3)",Chemprop v2,train,340,NNc1nncc2ccccc12,1.0,0.83188313,
tdc_bioavailability_ma,"Chemprop v2 (D-MPNN + RDKit2D, ensemble=3)",Chemprop v2,train,341,Nc1c2c(nc3ccccc13)CCCC2,1.0,0.8076579,
tdc_bioavailability_ma,"Chemprop v2 (D-MPNN + RDKit2D, ensemble=3)",Chemprop v2,train,342,Cc1[nH]cnc1CN1CCc2c(c3ccccc3n2C)C1=O,1.0,0.79335266,
tdc_bioavailability_ma,"Chemprop v2 (D-MPNN + RDKit2D, ensemble=3)",Chemprop v2,train,343,CNC1(c2ccccc2Cl)CCCCC1=O,0.0,0.7526093,
tdc_bioavailability_ma,"Chemprop v2 (D-MPNN + RDKit2D, ensemble=3)",Chemprop v2,train,344,NC1CCN(c2c(F)cc3c(=O)c(C(=O)O)cn(C4CC4)c3c2Cl)C1,1.0,0.758812,
tdc_bioavailability_ma,"Chemprop v2 (D-MPNN + RDKit2D, ensemble=3)",Chemprop v2,train,345,CCCc1nn(C)c2c(=O)[nH]c(-c3cc(S(=O)(=O)N4CCN(C)CC4)ccc3OCC)nc12,1.0,0.75825363,
tdc_bioavailability_ma,"Chemprop v2 (D-MPNN + RDKit2D, ensemble=3)",Chemprop v2,train,346,CS(=O)(=O)c1ccc2c(c1)N(CCCN1CCC(C(N)=O)CC1)c1ccccc1S2,0.0,0.7047165,
tdc_bioavailability_ma,"Chemprop v2 (D-MPNN + RDKit2D, ensemble=3)",Chemprop v2,train,347,CN(C)S(=O)(=O)c1ccc2c(c1)N(CCCN1CCC(CCO)CC1)c1ccccc1S2,1.0,0.7424566,
tdc_bioavailability_ma,"Chemprop v2 (D-MPNN + RDKit2D, ensemble=3)",Chemprop v2,train,348,CC(C)(C#N)c1cc(Cn2cncn2)cc(C(C)(C)C#N)c1,1.0,0.7870329,
tdc_bioavailability_ma,"Chemprop v2 (D-MPNN + RDKit2D, ensemble=3)",Chemprop v2,train,349,C=C1C[C@@H]2[C@H](CC[C@]3(C)C(=O)CC[C@@H]23)[C@@]2(C)C=CC(=O)C=C12,1.0,0.70954275,
tdc_bioavailability_ma,"Chemprop v2 (D-MPNN + RDKit2D, ensemble=3)",Chemprop v2,train,350,CCCC(C)C1(CC)C(=O)NC(=O)NC1=O,1.0,0.7691641,
tdc_bioavailability_ma,"Chemprop v2 (D-MPNN + RDKit2D, ensemble=3)",Chemprop v2,train,351,CCC1(CCC(C)C)C(=O)NC(=O)NC1=O,1.0,0.7695641,
tdc_bioavailability_ma,"Chemprop v2 (D-MPNN + RDKit2D, ensemble=3)",Chemprop v2,train,352,CN(CCOc1ccc(CC2SC(=O)NC2=O)cc1)c1ccccn1,1.0,0.75639564,
tdc_bioavailability_ma,"Chemprop v2 (D-MPNN + RDKit2D, ensemble=3)",Chemprop v2,train,353,CC1COc2c(N3CCN(C)CC3)c(F)cc3c(=O)c(C(=O)O)cn1c23,1.0,0.7555747,
tdc_bioavailability_ma,"Chemprop v2 (D-MPNN + RDKit2D, ensemble=3)",Chemprop v2,train,354,CCCCC1=NC2(CCCC2)C(=O)N1Cc1ccc(-c2ccccc2-c2nn[nH]n2)cc1,1.0,0.76406455,
tdc_bioavailability_ma,"Chemprop v2 (D-MPNN + RDKit2D, ensemble=3)",Chemprop v2,train,355,NS(=O)(=O)c1cc2c(cc1C(F)(F)F)NC(Cc1ccccc1)NS2(=O)=O,1.0,0.79930085,
tdc_bioavailability_ma,"Chemprop v2 (D-MPNN + RDKit2D, ensemble=3)",Chemprop v2,train,356,CN1[C@@H]2CCC[C@H]1C[C@@H](NC(=O)c1nn(C)c3ccccc13)C2,1.0,0.7121574,
tdc_bioavailability_ma,"Chemprop v2 (D-MPNN + RDKit2D, ensemble=3)",Chemprop v2,train,357,Cc1cccc(C)c1NC(=O)c1cc(S(N)(=O)=O)c(Cl)cc1O,1.0,0.7499595,
tdc_bioavailability_ma,"Chemprop v2 (D-MPNN + RDKit2D, ensemble=3)",Chemprop v2,train,358,Cc1cnc(C(=O)O)c[n+]1[O-],1.0,0.7860109,
tdc_bioavailability_ma,"Chemprop v2 (D-MPNN + RDKit2D, ensemble=3)",Chemprop v2,train,359,COC(=O)[C@@H]1[C@H]2C[C@H]3c4[nH]c5ccccc5c4CCN3C[C@@H]2CC[C@@H]1O,1.0,0.6969393,
tdc_bioavailability_ma,"Chemprop v2 (D-MPNN + RDKit2D, ensemble=3)",Chemprop v2,train,360,NCC1(CC(=O)O)CCCCC1,1.0,0.7103366,
tdc_bioavailability_ma,"Chemprop v2 (D-MPNN + RDKit2D, ensemble=3)",Chemprop v2,train,361,CC(C)(C)NCC(O)COc1cccc2c1CCC(=O)N2,1.0,0.6955916,
tdc_bioavailability_ma,"Chemprop v2 (D-MPNN + RDKit2D, ensemble=3)",Chemprop v2,train,362,CNC(=O)Oc1ccc2c(c1)[C@]1(C)CCN(C)[C@@H]1N2C,0.0,0.73352605,
tdc_bioavailability_ma,"Chemprop v2 (D-MPNN + RDKit2D, ensemble=3)",Chemprop v2,train,363,CCC(C)(C)C(=O)O[C@H]1C[C@@H](C)C=C2C=C[C@H](C)[C@H](CC[C@@H]3C[C@@H](O)CC(=O)O3)[C@H]21,0.0,0.62358564,
tdc_bioavailability_ma,"Chemprop v2 (D-MPNN + RDKit2D, ensemble=3)",Chemprop v2,train,364,CC[C@H](C)C(=O)O[C@H]1C[C@@H](C)C=C2C=C[C@H](C)[C@H](CC[C@@H]3C[C@@H](O)CC(=O)O3)[C@H]21,0.0,0.6183088,
tdc_bioavailability_ma,"Chemprop v2 (D-MPNN + RDKit2D, ensemble=3)",Chemprop v2,train,365,CNC1=Nc2ccc(Cl)cc2C(c2ccccc2)=[N+]([O-])C1,1.0,0.7950136,
tdc_bioavailability_ma,"Chemprop v2 (D-MPNN + RDKit2D, ensemble=3)",Chemprop v2,train,366,CCOc1cc(CC(=O)N[C@@H](CC(C)C)c2ccccc2N2CCCCC2)ccc1C(=O)O,1.0,0.70603985,
tdc_bioavailability_ma,"Chemprop v2 (D-MPNN + RDKit2D, ensemble=3)",Chemprop v2,train,367,CNC(=C[N+](=O)[O-])NCCSCc1csc(CN(C)C)n1,1.0,0.7048633,
tdc_bioavailability_ma,"Chemprop v2 (D-MPNN + RDKit2D, ensemble=3)",Chemprop v2,train,368,NC(N)=Nc1nc(CSCCC(N)=NS(N)(=O)=O)cs1,1.0,0.712406,
tdc_bioavailability_ma,"Chemprop v2 (D-MPNN + RDKit2D, ensemble=3)",Chemprop v2,train,369,Cc1ncsc1CCCl,1.0,0.8189432,
tdc_bioavailability_ma,"Chemprop v2 (D-MPNN + RDKit2D, ensemble=3)",Chemprop v2,train,370,CC(CN(C)C)CN1c2ccccc2CCc2ccccc21,1.0,0.808922,
tdc_bioavailability_ma,"Chemprop v2 (D-MPNN + RDKit2D, ensemble=3)",Chemprop v2,train,371,CN(C)CCCN1c2ccccc2CCc2ccc(Cl)cc21,1.0,0.8095378,
tdc_bioavailability_ma,"Chemprop v2 (D-MPNN + RDKit2D, ensemble=3)",Chemprop v2,train,372,CNCCCN1c2ccccc2CCc2ccccc21,1.0,0.81458855,
tdc_bioavailability_ma,"Chemprop v2 (D-MPNN + RDKit2D, ensemble=3)",Chemprop v2,train,373,CN(C)CCCN1c2ccccc2CCc2ccccc21,1.0,0.81163126,
tdc_bioavailability_ma,"Chemprop v2 (D-MPNN + RDKit2D, ensemble=3)",Chemprop v2,train,374,Cc1ccnc2c1NC(=O)c1cccnc1N2C1CC1,1.0,0.8031681,
tdc_bioavailability_ma,"Chemprop v2 (D-MPNN + RDKit2D, ensemble=3)",Chemprop v2,train,375,CN(CCCCCCN(C)C(=O)Oc1ccc[n+](C)c1)C(=O)Oc1ccc[n+](C)c1,0.0,0.7000921,
tdc_bioavailability_ma,"Chemprop v2 (D-MPNN + RDKit2D, ensemble=3)",Chemprop v2,train,376,Cc1cnc(C(=O)NCCc2ccc(S(=O)(=O)NC(=O)NC3CCCCC3)cc2)cn1,1.0,0.71847075,
tdc_bioavailability_ma,"Chemprop v2 (D-MPNN + RDKit2D, ensemble=3)",Chemprop v2,train,377,Nc1c(CC(=O)O)cccc1C(=O)c1ccc(Br)cc1,1.0,0.7607133,
tdc_bioavailability_ma,"Chemprop v2 (D-MPNN + RDKit2D, ensemble=3)",Chemprop v2,train,378,CC(C(=O)O)c1cccc(C(=O)c2ccccc2)c1,1.0,0.7718118,
tdc_bioavailability_ma,"Chemprop v2 (D-MPNN + RDKit2D, ensemble=3)",Chemprop v2,train,379,Cc1ccc(C(=O)c2cc(O)c(O)c([N+](=O)[O-])c2)cc1,1.0,0.75238115,
tdc_bioavailability_ma,"Chemprop v2 (D-MPNN + RDKit2D, ensemble=3)",Chemprop v2,train,380,CC(CN1CCN(CCOCCO)CC1)CN1c2ccccc2Sc2ccccc21,0.0,0.7279477,
tdc_bioavailability_ma,"Chemprop v2 (D-MPNN + RDKit2D, ensemble=3)",Chemprop v2,train,381,OCCN1CCN(CCCN2c3ccccc3Sc3ccc(Cl)cc32)CC1,1.0,0.75856394,
tdc_bioavailability_ma,"Chemprop v2 (D-MPNN + RDKit2D, ensemble=3)",Chemprop v2,train,382,OCCN1CCN(CCCN2c3ccccc3Sc3ccc(C(F)(F)F)cc32)CC1,0.0,0.7528778,
tdc_bioavailability_ma,"Chemprop v2 (D-MPNN + RDKit2D, ensemble=3)",Chemprop v2,train,383,CN1CCN(CCCN2c3ccccc3Sc3ccc(Cl)cc32)CC1,0.0,0.7770917,
tdc_bioavailability_ma,"Chemprop v2 (D-MPNN + RDKit2D, ensemble=3)",Chemprop v2,train,384,NC(=O)N1c2ccccc2CC(=O)c2ccccc21,1.0,0.7890145,
tdc_bioavailability_ma,"Chemprop v2 (D-MPNN + RDKit2D, ensemble=3)",Chemprop v2,train,385,CC(CCc1ccccc1)NCC(O)c1ccc(O)c(C(N)=O)c1,1.0,0.6965542,
tdc_bioavailability_ma,"Chemprop v2 (D-MPNN + RDKit2D, ensemble=3)",Chemprop v2,train,386,C[C@H]1O[C@H](O[C@H]2[C@H](O)[C@@H](O)[C@@H](O[C@@H]([C@H](O)[C@@H](O)C=O)[C@H](O)CO)O[C@@H]2CO)[C@H](O)[C@@H](O)[C@@H]1N[C@H]1C=C(CO)[C@@H](O)[C@H](O)[C@H]1O,0.0,0.3495419,
tdc_bioavailability_ma,"Chemprop v2 (D-MPNN + RDKit2D, ensemble=3)",Chemprop v2,train,387,CN(C)CCCN1c2ccccc2Sc2ccc(Cl)cc21,1.0,0.8081834,
tdc_bioavailability_ma,"Chemprop v2 (D-MPNN + RDKit2D, ensemble=3)",Chemprop v2,train,388,CCC(=O)c1ccc2c(c1)N(CC(C)N(C)C)c1ccccc1S2,1.0,0.7726036,
tdc_bioavailability_ma,"Chemprop v2 (D-MPNN + RDKit2D, ensemble=3)",Chemprop v2,train,389,COc1ccc2c(c1)N(C[C@H](C)CN(C)C)c1ccccc1S2,1.0,0.78734523,
tdc_bioavailability_ma,"Chemprop v2 (D-MPNN + RDKit2D, ensemble=3)",Chemprop v2,train,390,CC(CN1c2ccccc2Sc2ccccc21)N(C)C,1.0,0.807338,
tdc_bioavailability_ma,"Chemprop v2 (D-MPNN + RDKit2D, ensemble=3)",Chemprop v2,train,391,CCCCc1nc(Cl)c(CO)n1Cc1ccc(-c2ccccc2-c2nn[nH]n2)cc1,1.0,0.7969094,
tdc_bioavailability_ma,"Chemprop v2 (D-MPNN + RDKit2D, ensemble=3)",Chemprop v2,train,392,O=C1OC2(c3ccc(O)cc3Oc3cc(O)ccc32)c2ccccc21,1.0,0.748501,
tdc_bioavailability_ma,"Chemprop v2 (D-MPNN + RDKit2D, ensemble=3)",Chemprop v2,train,393,Nc1c(Br)cc(Br)cc1CN[C@H]1CC[C@H](O)CC1,1.0,0.7149921,
tdc_bioavailability_ma,"Chemprop v2 (D-MPNN + RDKit2D, ensemble=3)",Chemprop v2,train,394,CC1(C)S[C@@H]2[C@H](NC(=O)[C@H](NC(=O)N3CCNC3=O)c3ccccc3)C(=O)N2[C@H]1C(=O)O,0.0,0.6993928,
tdc_bioavailability_ma,"Chemprop v2 (D-MPNN + RDKit2D, ensemble=3)",Chemprop v2,train,395,COc1cc2nc(N3CCN(C(=O)C4COc5ccccc5O4)CC3)nc(N)c2cc1OC,1.0,0.76201993,
tdc_bioavailability_ma,"Chemprop v2 (D-MPNN + RDKit2D, ensemble=3)",Chemprop v2,train,396,C[C@@H]1O[C@@H]1P(=O)(O)O,1.0,0.6951359,
tdc_bioavailability_ma,"Chemprop v2 (D-MPNN + RDKit2D, ensemble=3)",Chemprop v2,train,397,OCC(S)CS,0.0,0.78590965,
tdc_bioavailability_ma,"Chemprop v2 (D-MPNN + RDKit2D, ensemble=3)",Chemprop v2,train,398,CC[C@@H](CO)NCCN[C@@H](CC)CO,1.0,0.6644619,
tdc_bioavailability_ma,"Chemprop v2 (D-MPNN + RDKit2D, ensemble=3)",Chemprop v2,train,399,CN(C)C(=N)NC(=N)N,1.0,0.7615321,
tdc_bioavailability_ma,"Chemprop v2 (D-MPNN + RDKit2D, ensemble=3)",Chemprop v2,train,400,N[C@@H](CCS)C(=O)O,1.0,0.7615809,
tdc_bioavailability_ma,"Chemprop v2 (D-MPNN + RDKit2D, ensemble=3)",Chemprop v2,train,401,CS(=O)(=O)OCCCCOS(C)(=O)=O,1.0,0.6882586,
tdc_bioavailability_ma,"Chemprop v2 (D-MPNN + RDKit2D, ensemble=3)",Chemprop v2,train,402,CC(C)(S)[C@@H](N)C(=O)O,1.0,0.75167304,
tdc_bioavailability_ma,"Chemprop v2 (D-MPNN + RDKit2D, ensemble=3)",Chemprop v2,train,403,CCO,1.0,0.8207913,
tdc_bioavailability_ma,"Chemprop v2 (D-MPNN + RDKit2D, ensemble=3)",Chemprop v2,train,404,OC[C@@H](O)[C@@H](O)[C@H](O)[C@H](O)CO,0.0,0.62191004,
tdc_bioavailability_ma,"Chemprop v2 (D-MPNN + RDKit2D, ensemble=3)",Chemprop v2,train,405,NCCCC(N)(C(=O)O)C(F)F,1.0,0.715457,
tdc_bioavailability_ma,"Chemprop v2 (D-MPNN + RDKit2D, ensemble=3)",Chemprop v2,train,406,CC(S)C(=O)NCC(=O)O,1.0,0.7445178,
tdc_bioavailability_ma,"Chemprop v2 (D-MPNN + RDKit2D, ensemble=3)",Chemprop v2,train,407,NC(=O)NO,1.0,0.7884219,
tdc_bioavailability_ma,"Chemprop v2 (D-MPNN + RDKit2D, ensemble=3)",Chemprop v2,train,408,C=CC(N)CCC(=O)O,1.0,0.7569607,
tdc_bioavailability_ma,"Chemprop v2 (D-MPNN + RDKit2D, ensemble=3)",Chemprop v2,train,409,CC(=O)N[C@@H](CS)C(=O)O,0.0,0.7448382,
tdc_bioavailability_ma,"Chemprop v2 (D-MPNN + RDKit2D, ensemble=3)",Chemprop v2,train,410,CCCCCN(C)CCC(O)(P(=O)(O)O)P(=O)(O)O,0.0,0.62172574,
tdc_bioavailability_ma,"Chemprop v2 (D-MPNN + RDKit2D, ensemble=3)",Chemprop v2,train,411,CC(=O)NCCCS(=O)(=O)O,0.0,0.7234084,
tdc_bioavailability_ma,"Chemprop v2 (D-MPNN + RDKit2D, ensemble=3)",Chemprop v2,train,412,O=C(O)P(=O)(O)O,0.0,0.75336665,
tdc_bioavailability_ma,"Chemprop v2 (D-MPNN + RDKit2D, ensemble=3)",Chemprop v2,train,413,CS(=O)(=O)OC[C@H](O)[C@@H](O)COS(C)(=O)=O,1.0,0.64834684,
tdc_bioavailability_ma,"Chemprop v2 (D-MPNN + RDKit2D, ensemble=3)",Chemprop v2,train,414,CC(C)c1c(C(=O)Nc2ccccc2)c(-c2ccccc2)c(-c2ccc(F)cc2)n1CC[C@@H](O)C[C@@H](O)CC(=O)O,0.0,0.73792624,
tdc_bioavailability_ma,"Chemprop v2 (D-MPNN + RDKit2D, ensemble=3)",Chemprop v2,train,415,Cc1c(C)c2c(c(C)c1O)CCC(C)(COc1ccc(CC3SC(=O)NC3=O)cc1)O2,1.0,0.72343355,
tdc_bioavailability_ma,"Chemprop v2 (D-MPNN + RDKit2D, ensemble=3)",Chemprop v2,train,416,O=c1ccc2ccccc2o1,0.0,0.82046694,
tdc_bioavailability_ma,"Chemprop v2 (D-MPNN + RDKit2D, ensemble=3)",Chemprop v2,train,417,CC[C@H]1OC(=O)[C@H](C)[C@@H](O[C@H]2C[C@@](C)(OC)[C@@H](O)[C@H](C)O2)[C@H](C)[C@@H](O[C@@H]2O[C@H](C)C[C@H](N(C)C)[C@H]2O)[C@](C)(O)C[C@@H](C)CN(C)[C@H](C)[C@@H](O)[C@]1(C)O,1.0,0.60738516,
tdc_bioavailability_ma,"Chemprop v2 (D-MPNN + RDKit2D, ensemble=3)",Chemprop v2,train,418,O=P1(NCCCl)OCCCN1CCCl,1.0,0.7245266,
tdc_bioavailability_ma,"Chemprop v2 (D-MPNN + RDKit2D, ensemble=3)",Chemprop v2,train,419,O=P1(N(CCCl)CCCl)NCCCO1,1.0,0.7211775,
tdc_bioavailability_ma,"Chemprop v2 (D-MPNN + RDKit2D, ensemble=3)",Chemprop v2,train,420,CCN(C(C)=O)c1cccc(-c2ccnc3c(C#N)cnn23)c1,1.0,0.7986107,
tdc_bioavailability_ma,"Chemprop v2 (D-MPNN + RDKit2D, ensemble=3)",Chemprop v2,train,421,CC(C)(Sc1cc(C(C)(C)C)c(O)c(C(C)(C)C)c1)Sc1cc(C(C)(C)C)c(O)c(C(C)(C)C)c1,0.0,0.7064888,
tdc_bioavailability_ma,"Chemprop v2 (D-MPNN + RDKit2D, ensemble=3)",Chemprop v2,train,422,CN(c1nccc(=O)[nH]1)C1CCN(c2nc3ccccc3n2Cc2ccc(F)cc2)CC1,1.0,0.79707456,
tdc_bioavailability_ma,"Chemprop v2 (D-MPNN + RDKit2D, ensemble=3)",Chemprop v2,train,423,COC(=O)C1=C(C)NC(C)=C(C(=O)OC(C)C)C1c1cccc2nonc12,0.0,0.71121883,
tdc_bioavailability_ma,"Chemprop v2 (D-MPNN + RDKit2D, ensemble=3)",Chemprop v2,train,424,c1ccc([C@H]2CN3CCSC3=N2)cc1,1.0,0.79303724,
tdc_bioavailability_ma,"Chemprop v2 (D-MPNN + RDKit2D, ensemble=3)",Chemprop v2,train,425,COc1cc2nc(N3CCN(C(=O)C4CCCO4)CC3)nc(N)c2cc1OC,1.0,0.71864957,
tdc_bioavailability_ma,"Chemprop v2 (D-MPNN + RDKit2D, ensemble=3)",Chemprop v2,train,426,CCOC(=O)n1ccn(C)c1=S,0.0,0.78298783,
tdc_bioavailability_ma,"Chemprop v2 (D-MPNN + RDKit2D, ensemble=3)",Chemprop v2,train,427,Cn1cc[nH]c1=S,1.0,0.84163064,
tdc_bioavailability_ma,"Chemprop v2 (D-MPNN + RDKit2D, ensemble=3)",Chemprop v2,train,428,CC(C)(C)NC(=O)[C@@H]1CN(Cc2cccnc2)CCN1C[C@@H](O)C[C@@H](Cc1ccccc1)C(=O)N[C@H]1c2ccccc2C[C@H]1O,0.0,0.6875463,
tdc_bioavailability_ma,"Chemprop v2 (D-MPNN + RDKit2D, ensemble=3)",Chemprop v2,train,429,CN(C)C(=O)Oc1ccc[n+](C)c1,0.0,0.7658542,
tdc_bioavailability_ma,"Chemprop v2 (D-MPNN + RDKit2D, ensemble=3)",Chemprop v2,train,430,Cc1ccc(Nc2c(F)cccc2Cl)c(CC(=O)O)c1,1.0,0.7856644,
tdc_bioavailability_ma,"Chemprop v2 (D-MPNN + RDKit2D, ensemble=3)",Chemprop v2,train,431,O=C(O)Cc1ccccc1Nc1c(Cl)cccc1Cl,1.0,0.78922576,
tdc_bioavailability_ma,"Chemprop v2 (D-MPNN + RDKit2D, ensemble=3)",Chemprop v2,train,432,COc1ccc2c3c1O[C@H]1C[C@@H](O)C=C[C@@]31CCN(C)C2,1.0,0.73912984,
tdc_bioavailability_ma,"Chemprop v2 (D-MPNN + RDKit2D, ensemble=3)",Chemprop v2,train,433,O=C1C(CCS(=O)c2ccccc2)C(=O)N(c2ccccc2)N1c1ccccc1,1.0,0.7731177,
tdc_bioavailability_ma,"Chemprop v2 (D-MPNN + RDKit2D, ensemble=3)",Chemprop v2,train,434,CN1C(C(=O)Nc2ccccn2)=C(O)c2sccc2S1(=O)=O,1.0,0.75961685,
tdc_bioavailability_ma,"Chemprop v2 (D-MPNN + RDKit2D, ensemble=3)",Chemprop v2,train,435,CCCN[C@H]1CCc2nc(N)sc2C1,1.0,0.75413996,
tdc_bioavailability_ma,"Chemprop v2 (D-MPNN + RDKit2D, ensemble=3)",Chemprop v2,train,436,O=C(O)CCc1nc(-c2ccccc2)c(-c2ccccc2)o1,1.0,0.8097303,
tdc_bioavailability_ma,"Chemprop v2 (D-MPNN + RDKit2D, ensemble=3)",Chemprop v2,train,437,O=C(C1CCCCC1)N1CC(=O)N2CCc3ccccc3C2C1,0.0,0.6834238,
tdc_bioavailability_ma,"Chemprop v2 (D-MPNN + RDKit2D, ensemble=3)",Chemprop v2,train,438,C=CC1=C(C(=O)O)N2C(=O)[C@@H](NC(=O)/C(=N\O)c3csc(N)n3)[C@H]2SC1,1.0,0.68554467,
tdc_bioavailability_ma,"Chemprop v2 (D-MPNN + RDKit2D, ensemble=3)",Chemprop v2,train,439,C=CC1=C(C(=O)O)N2C(=O)[C@@H](NC(=O)/C(=N\OCC(=O)O)c3csc(N)n3)[C@H]2SC1,1.0,0.6852842,
tdc_bioavailability_ma,"Chemprop v2 (D-MPNN + RDKit2D, ensemble=3)",Chemprop v2,train,440,CO/N=C(\C(=O)N[C@@H]1C(=O)N2C(C(=O)O)=CCS[C@H]12)c1csc(N)n1,0.0,0.69013864,
tdc_bioavailability_ma,"Chemprop v2 (D-MPNN + RDKit2D, ensemble=3)",Chemprop v2,train,441,O=c1n(CCCN2CCN(c3cccc(Cl)c3)CC2)nc2ccccn12,1.0,0.7805278,
tdc_bioavailability_ma,"Chemprop v2 (D-MPNN + RDKit2D, ensemble=3)",Chemprop v2,train,442,CC(=O)S[C@@H]1CC2=CC(=O)CC[C@]2(C)[C@H]2CC[C@@]3(C)[C@@H](CC[C@@]34CCC(=O)O4)[C@H]12,1.0,0.6494156,
tdc_bioavailability_ma,"Chemprop v2 (D-MPNN + RDKit2D, ensemble=3)",Chemprop v2,train,443,CN(C)CCc1c[nH]c2ccc(CS(=O)(=O)N3CCCC3)cc12,1.0,0.7386448,
tdc_bioavailability_ma,"Chemprop v2 (D-MPNN + RDKit2D, ensemble=3)",Chemprop v2,train,444,CC1(C)S[C@@H]2[C@H](NC(=O)[C@H](N)c3ccccc3)C(=O)N2[C@H]1C(=O)O,1.0,0.6763987,
tdc_bioavailability_ma,"Chemprop v2 (D-MPNN + RDKit2D, ensemble=3)",Chemprop v2,train,445,CC1(C)S[C@@H]2[C@H](NC(=O)[C@H](N)c3ccc(O)cc3)C(=O)N2[C@H]1C(=O)O,1.0,0.6497843,
tdc_bioavailability_ma,"Chemprop v2 (D-MPNN + RDKit2D, ensemble=3)",Chemprop v2,train,446,CC1(C)S[C@@H]2[C@H](NC(=O)[C@H](N=[N+]=[N-])c3ccccc3)C(=O)N2[C@H]1C(=O)O,1.0,0.7284885,
tdc_bioavailability_ma,"Chemprop v2 (D-MPNN + RDKit2D, ensemble=3)",Chemprop v2,train,447,CCOC(=O)[N-]c1c[n+](N2CCOCC2)no1,1.0,0.73284405,
tdc_bioavailability_ma,"Chemprop v2 (D-MPNN + RDKit2D, ensemble=3)",Chemprop v2,train,448,COc1ccnc(CS(=O)c2nc3ccc(OC(F)F)cc3[nH]2)c1OC,1.0,0.7828209,
tdc_bioavailability_ma,"Chemprop v2 (D-MPNN + RDKit2D, ensemble=3)",Chemprop v2,train,449,COc1ccc2nc(S(=O)Cc3ncc(C)c(OC)c3C)[nH]c2c1,1.0,0.7832883,
tdc_bioavailability_ma,"Chemprop v2 (D-MPNN + RDKit2D, ensemble=3)",Chemprop v2,train,450,Cc1c(OCC(F)(F)F)ccnc1CS(=O)c1nc2ccccc2[nH]1,1.0,0.7911086,
tdc_bioavailability_ma,"Chemprop v2 (D-MPNN + RDKit2D, ensemble=3)",Chemprop v2,train,451,COCCCOc1ccnc(CS(=O)c2nc3ccccc3[nH]2)c1C,1.0,0.75999194,
tdc_bioavailability_ma,"Chemprop v2 (D-MPNN + RDKit2D, ensemble=3)",Chemprop v2,train,452,CN1CC[C@]23c4c5ccc(O)c4O[C@H]2C(=O)CC[C@H]3[C@H]1C5,1.0,0.6798129,
tdc_bioavailability_ma,"Chemprop v2 (D-MPNN + RDKit2D, ensemble=3)",Chemprop v2,train,453,COc1ccc2c3c1O[C@H]1C(=O)CC[C@@]4(O)[C@@H](C2)N(C)CC[C@]314,1.0,0.69321746,
tdc_bioavailability_ma,"Chemprop v2 (D-MPNN + RDKit2D, ensemble=3)",Chemprop v2,train,454,C=CCN1CC[C@]23c4c5ccc(O)c4O[C@H]2C(=O)CC[C@@]3(O)[C@H]1C5,0.0,0.66685075,
tdc_bioavailability_ma,"Chemprop v2 (D-MPNN + RDKit2D, ensemble=3)",Chemprop v2,train,455,CC(=O)NC[C@H]1CN(c2ccc(N3CCOCC3)c(F)c2)C(=O)O1,1.0,0.72842854,
tdc_bioavailability_ma,"Chemprop v2 (D-MPNN + RDKit2D, ensemble=3)",Chemprop v2,train,456,CC/C(=C(\c1ccccc1)c1ccc(OCCN(C)C)cc1)c1ccccc1,1.0,0.79915446,
tdc_bioavailability_ma,"Chemprop v2 (D-MPNN + RDKit2D, ensemble=3)",Chemprop v2,train,457,CN(C)CCOc1ccc(/C(=C(/CCCl)c2ccccc2)c2ccccc2)cc1,1.0,0.7940931,
tdc_bioavailability_ma,"Chemprop v2 (D-MPNN + RDKit2D, ensemble=3)",Chemprop v2,train,458,CCC(CO)NC(=O)[C@@H]1C=C2c3cccc4c3c(cn4C)C[C@H]2N(C)C1,0.0,0.7244959,
tdc_bioavailability_ma,"Chemprop v2 (D-MPNN + RDKit2D, ensemble=3)",Chemprop v2,train,459,CCN(CC)C(=O)N[C@H]1C=C2c3cccc4[nH]cc(c34)C[C@H]2N(C)C1,0.0,0.7508953,
tdc_bioavailability_ma,"Chemprop v2 (D-MPNN + RDKit2D, ensemble=3)",Chemprop v2,train,460,CCN(CC)CC#CCOC(=O)C(O)(c1ccccc1)C1CCCCC1,0.0,0.6652538,
tdc_bioavailability_ma,"Chemprop v2 (D-MPNN + RDKit2D, ensemble=3)",Chemprop v2,train,461,COc1ccc(C(CN(C)C)C2(O)CCCCC2)cc1,1.0,0.7141726,
tdc_bioavailability_ma,"Chemprop v2 (D-MPNN + RDKit2D, ensemble=3)",Chemprop v2,train,462,C[C@H]1[C@H](NC(=O)/C(=N\OC(C)(C)C(=O)O)c2csc([NH3+])n2)C(=O)N1S(=O)(=O)[O-],0.0,0.6353083,
tdc_bioavailability_ma,"Chemprop v2 (D-MPNN + RDKit2D, ensemble=3)",Chemprop v2,train,463,Nc1nc2c(ncn2COC(CO)CO)c(=O)[nH]1,0.0,0.725254,
tdc_bioavailability_ma,"Chemprop v2 (D-MPNN + RDKit2D, ensemble=3)",Chemprop v2,train,464,NS(=O)(=O)c1cc(C2(O)NC(=O)c3ccccc32)ccc1Cl,1.0,0.76187843,
tdc_bioavailability_ma,"Chemprop v2 (D-MPNN + RDKit2D, ensemble=3)",Chemprop v2,train,465,Oc1ncnc2[nH]ncc12,1.0,0.81250066,
tdc_bioavailability_ma,"Chemprop v2 (D-MPNN + RDKit2D, ensemble=3)",Chemprop v2,train,466,NS(=O)(=O)c1cc(-c2nn[nH]n2)c(NCc2cccs2)cc1Cl,0.0,0.7739172,
tdc_bioavailability_ma,"Chemprop v2 (D-MPNN + RDKit2D, ensemble=3)",Chemprop v2,train,467,CC1Cc2ccccc2N1NC(=O)c1ccc(Cl)c(S(N)(=O)=O)c1,1.0,0.765681,
tdc_bioavailability_ma,"Chemprop v2 (D-MPNN + RDKit2D, ensemble=3)",Chemprop v2,train,468,Cc1ccc(NC(=O)c2ccc(CN3CCN(C)CC3)cc2)cc1Nc1nccc(-c2cccnc2)n1,1.0,0.80237323,
tdc_bioavailability_ma,"Chemprop v2 (D-MPNN + RDKit2D, ensemble=3)",Chemprop v2,train,469,CN1[C@@H]2CC[C@H]1C[C@@H](OC(=O)C(CO)c1ccccc1)C2,1.0,0.6688042,
tdc_bioavailability_ma,"Chemprop v2 (D-MPNN + RDKit2D, ensemble=3)",Chemprop v2,train,470,CCc1ccc(CCOc2ccc(CC3SC(=O)NC3=O)cc2)nc1,1.0,0.74590945,
tdc_bioavailability_ma,"Chemprop v2 (D-MPNN + RDKit2D, ensemble=3)",Chemprop v2,train,471,COc1cc([C@@H]2c3cc4c(cc3[C@@H](O[C@@H]3O[C@@H]5CO[C@@H](C)O[C@H]5[C@H](O)[C@H]3O)[C@H]3COC(=O)[C@H]23)OCO4)cc(OC)c1O,1.0,0.6770919,
tdc_bioavailability_ma,"Chemprop v2 (D-MPNN + RDKit2D, ensemble=3)",Chemprop v2,train,472,Nc1[nH]c(=O)ncc1F,1.0,0.819688,
tdc_bioavailability_ma,"Chemprop v2 (D-MPNN + RDKit2D, ensemble=3)",Chemprop v2,train,473,CN1[C@@H]2C[C@@H](OC(=O)[C@H](CO)c3ccccc3)C[C@H]1[C@@H]1O[C@@H]12,1.0,0.63954246,
tdc_bioavailability_ma,"Chemprop v2 (D-MPNN + RDKit2D, ensemble=3)",Chemprop v2,train,474,CC(C)[C@H]1CC[C@H](C(=O)N[C@H](Cc2ccccc2)C(=O)O)CC1,1.0,0.6656511,
tdc_bioavailability_ma,"Chemprop v2 (D-MPNN + RDKit2D, ensemble=3)",Chemprop v2,train,475,CSc1ccc(C(=O)c2[nH]c(=O)[nH]c2C)cc1,1.0,0.7865,
tdc_bioavailability_ma,"Chemprop v2 (D-MPNN + RDKit2D, ensemble=3)",Chemprop v2,train,476,CCC[C@@H]1C[C@@H](C(=O)NC(C(C)Cl)[C@H]2O[C@H](SC)[C@H](O)[C@@H](O)[C@H]2O)N(C)C1,1.0,0.593159,
tdc_bioavailability_ma,"Chemprop v2 (D-MPNN + RDKit2D, ensemble=3)",Chemprop v2,train,477,CCC[C@@H]1C[C@@H](C(=O)N[C@@H]([C@H]2O[C@H](SC)[C@H](O)[C@@H](O)[C@H]2O)[C@@H](C)O)N(C)C1,1.0,0.5582358,
tdc_bioavailability_ma,"Chemprop v2 (D-MPNN + RDKit2D, ensemble=3)",Chemprop v2,train,478,CC(=O)Nc1nnc(S(N)(=O)=O)s1,1.0,0.7574482,
tdc_bioavailability_ma,"Chemprop v2 (D-MPNN + RDKit2D, ensemble=3)",Chemprop v2,train,479,CN1C(C(=O)Nc2ccccn2)=C(O)c2ccccc2S1(=O)=O,1.0,0.7694776,
tdc_bioavailability_ma,"Chemprop v2 (D-MPNN + RDKit2D, ensemble=3)",Chemprop v2,train,480,CC(C)NCC(O)COc1cccc2[nH]ccc12,1.0,0.7421139,
tdc_bioavailability_ma,"Chemprop v2 (D-MPNN + RDKit2D, ensemble=3)",Chemprop v2,train,481,COc1ccc2[nH]cc(CCNC(C)=O)c2c1,0.0,0.76108265,
tdc_bioavailability_ma,"Chemprop v2 (D-MPNN + RDKit2D, ensemble=3)",Chemprop v2,train,482,Cc1cc2c(OCC(O)CNC(C)C)cccc2[nH]1,1.0,0.7407506,
tdc_bioavailability_ma,"Chemprop v2 (D-MPNN + RDKit2D, ensemble=3)",Chemprop v2,train,483,CNS(=O)(=O)Cc1ccc2[nH]cc(CCN(C)C)c2c1,0.0,0.7557416,
tdc_bioavailability_ma,"Chemprop v2 (D-MPNN + RDKit2D, ensemble=3)",Chemprop v2,train,484,Cc1ncc([N+](=O)[O-])n1CCO,1.0,0.77668595,
tdc_bioavailability_ma,"Chemprop v2 (D-MPNN + RDKit2D, ensemble=3)",Chemprop v2,train,485,CCS(=O)(=O)CCn1c([N+](=O)[O-])cnc1C,1.0,0.7312257,
tdc_bioavailability_ma,"Chemprop v2 (D-MPNN + RDKit2D, ensemble=3)",Chemprop v2,train,486,CN/C(=N/C#N)NCCSCc1nc[nH]c1C,1.0,0.76587516,
tdc_bioavailability_ma,"Chemprop v2 (D-MPNN + RDKit2D, ensemble=3)",Chemprop v2,train,487,CN1CCN2c3ncccc3Cc3ccccc3C2C1,1.0,0.79245216,
tdc_bioavailability_ma,"Chemprop v2 (D-MPNN + RDKit2D, ensemble=3)",Chemprop v2,train,488,CC(C)(O)c1ccccc1CC[C@@H](SCC1(CC(=O)O)CC1)c1cccc(/C=C/c2ccc3ccc(Cl)cc3n2)c1,1.0,0.78514814,
tdc_bioavailability_ma,"Chemprop v2 (D-MPNN + RDKit2D, ensemble=3)",Chemprop v2,train,489,OC(Cn1cncn1)(Cn1cncn1)c1ccc(F)cc1F,1.0,0.7619783,
tdc_bioavailability_ma,"Chemprop v2 (D-MPNN + RDKit2D, ensemble=3)",Chemprop v2,train,490,CC[C@H]1OC(=O)[C@H](C)[C@@H](O[C@H]2C[C@@](C)(OC)[C@@H](O)[C@H](C)O2)[C@H](C)[C@@H](O[C@@H]2O[C@H](C)C[C@H](N(C)C)[C@H]2O)[C@](C)(O)C[C@@H](C)C(=NOCOCCOC)[C@H](C)[C@@H](O)[C@]1(C)O,1.0,0.62162083,
tdc_bioavailability_ma,"Chemprop v2 (D-MPNN + RDKit2D, ensemble=3)",Chemprop v2,train,491,CN(C)CCCC1(c2ccc(F)cc2)OCc2cc(C#N)ccc21,1.0,0.77806133,
tdc_bioavailability_ma,"Chemprop v2 (D-MPNN + RDKit2D, ensemble=3)",Chemprop v2,train,492,Clc1ccc2nsnc2c1NC1=NCCN1,1.0,0.81965226,
tdc_bioavailability_ma,"Chemprop v2 (D-MPNN + RDKit2D, ensemble=3)",Chemprop v2,train,493,CC(=O)N[C@H]1[C@H]([C@H](O)[C@H](O)CO)OC(C(=O)O)=C[C@@H]1N=C(N)N,0.0,0.58206624,
tdc_bioavailability_ma,"Chemprop v2 (D-MPNN + RDKit2D, ensemble=3)",Chemprop v2,train,494,O=c1[nH]cc(F)c(=O)[nH]1,1.0,0.8174202,
tdc_bioavailability_ma,"Chemprop v2 (D-MPNN + RDKit2D, ensemble=3)",Chemprop v2,train,495,Fc1ccc([C@@H]2CCNC[C@H]2COc2ccc3c(c2)OCO3)cc1,1.0,0.7421667,
tdc_bioavailability_ma,"Chemprop v2 (D-MPNN + RDKit2D, ensemble=3)",Chemprop v2,train,496,CCC1=C[C@@H]2CN(C1)Cc1c([nH]c3ccccc13)[C@@](C(=O)OC)(c1cc3c(cc1OC)N(C)[C@H]1[C@@](O)(C(=O)OC)[C@H](OC(C)=O)[C@]4(CC)C=CCN5CC[C@]31[C@@H]54)C2,1.0,0.8128168,
tdc_bioavailability_ma,"Chemprop v2 (D-MPNN + RDKit2D, ensemble=3)",Chemprop v2,train,497,C[C@H](CS)C(=O)N1CCC[C@H]1C(=O)O,1.0,0.70291376,
tdc_bioavailability_ma,"Chemprop v2 (D-MPNN + RDKit2D, ensemble=3)",Chemprop v2,train,498,CCCCC(=O)N(Cc1ccc(-c2ccccc2-c2nn[nH]n2)cc1)[C@H](C(=O)O)C(C)C,1.0,0.7175793,
tdc_bioavailability_ma,"Chemprop v2 (D-MPNN + RDKit2D, ensemble=3)",Chemprop v2,train,499,C[C@@H]1O[C@@H](O[C@H]2C[C@@H](O)[C@]3(CO)[C@H]4[C@H](O)C[C@]5(C)[C@@H](C6=CC(=O)OC6)CC[C@]5(O)[C@@H]4CC[C@]3(O)C2)[C@H](O)[C@H](O)[C@H]1O,0.0,0.5290354,
tdc_bioavailability_ma,"Chemprop v2 (D-MPNN + RDKit2D, ensemble=3)",Chemprop v2,train,500,CN1CCC[C@@H]1CCO[C@](C)(c1ccccc1)c1ccc(Cl)cc1,1.0,0.76071006,
tdc_bioavailability_ma,"Chemprop v2 (D-MPNN + RDKit2D, ensemble=3)",Chemprop v2,train,501,CC[C@H]1OC(=O)[C@H](C)[C@@H](O[C@H]2C[C@@](C)(OC)[C@@H](O)[C@H](C)O2)[C@H](C)[C@@H](O[C@@H]2O[C@H](C)C[C@H](N(C)C)[C@H]2O)[C@](C)(O)C[C@@H](C)[C@@H]2N[C@@H](COCCOC)O[C@H]([C@H]2C)[C@]1(C)O,0.0,0.6102073,
tdc_bioavailability_ma,"Chemprop v2 (D-MPNN + RDKit2D, ensemble=3)",Chemprop v2,train,502,COCC(=O)O[C@]1(CCN(C)CCCc2nc3ccccc3[nH]2)CCc2cc(F)ccc2[C@@H]1C(C)C,1.0,0.74512357,
tdc_bioavailability_ma,"Chemprop v2 (D-MPNN + RDKit2D, ensemble=3)",Chemprop v2,train,503,CCC1=C(C)CN(C(=O)NCCc2ccc(S(=O)(=O)NC(=O)N[C@H]3CC[C@H](C)CC3)cc2)C1=O,1.0,0.72680664,
tdc_bioavailability_ma,"Chemprop v2 (D-MPNN + RDKit2D, ensemble=3)",Chemprop v2,train,504,COc1ccc(Cc2nccc3cc(OC)c(OC)cc23)cc1OC,1.0,0.78700227,
tdc_bioavailability_ma,"Chemprop v2 (D-MPNN + RDKit2D, ensemble=3)",Chemprop v2,train,505,Nc1cc(N2CCCCC2)nc(N)[n+]1[O-],1.0,0.7174263,
tdc_bioavailability_ma,"Chemprop v2 (D-MPNN + RDKit2D, ensemble=3)",Chemprop v2,train,506,CNCCC(Oc1ccc(C(F)(F)F)cc1)c1ccccc1,1.0,0.7730616,
tdc_bioavailability_ma,"Chemprop v2 (D-MPNN + RDKit2D, ensemble=3)",Chemprop v2,train,507,CNCC[C@@H](Oc1ccccc1C)c1ccccc1,1.0,0.78829455,
tdc_bioavailability_ma,"Chemprop v2 (D-MPNN + RDKit2D, ensemble=3)",Chemprop v2,train,508,CS(=O)(=O)c1ccc(C2=C(c3ccccc3)C(=O)OC2)cc1,1.0,0.7499688,
tdc_bioavailability_ma,"Chemprop v2 (D-MPNN + RDKit2D, ensemble=3)",Chemprop v2,train,509,O=C(O)CCCC[C@@H]1SC[C@@H]2NC(=O)N[C@@H]21,1.0,0.6762188,
tdc_bioavailability_ma,"Chemprop v2 (D-MPNN + RDKit2D, ensemble=3)",Chemprop v2,train,510,CC(C)(C)NCC(O)COc1cccc2c1SCCC2,1.0,0.72187644,
tdc_bioavailability_ma,"Chemprop v2 (D-MPNN + RDKit2D, ensemble=3)",Chemprop v2,train,511,CC#CCC(C)[C@H](O)/C=C/[C@@H]1[C@H]2C/C(=C/CCCC(=O)O)C[C@H]2C[C@H]1O,0.0,0.618458,
tdc_bioavailability_ma,"Chemprop v2 (D-MPNN + RDKit2D, ensemble=3)",Chemprop v2,test,0,C[C@]12CCC3=C4CCC(=O)C=C4CC[C@H]3[C@@H]1CC[C@@]2(O)CC#N,1.0,0.69848925,
tdc_bioavailability_ma,"Chemprop v2 (D-MPNN + RDKit2D, ensemble=3)",Chemprop v2,test,1,O=C(NCC1CCCCN1)c1cc(OCC(F)(F)F)ccc1OCC(F)(F)F,1.0,0.74450827,
tdc_bioavailability_ma,"Chemprop v2 (D-MPNN + RDKit2D, ensemble=3)",Chemprop v2,test,2,O=C(c1ccc(OCCN2CCCCC2)cc1)c1c(-c2ccc(O)cc2)sc2cc(O)ccc12,0.0,0.7307639,
tdc_bioavailability_ma,"Chemprop v2 (D-MPNN + RDKit2D, ensemble=3)",Chemprop v2,test,3,O=C(O[C@@H]1C[C@@H]2C[C@H]3C[C@H](C1)N2CC3=O)c1c[nH]c2ccccc12,1.0,0.6996557,
tdc_bioavailability_ma,"Chemprop v2 (D-MPNN + RDKit2D, ensemble=3)",Chemprop v2,test,4,Cc1ccsc1C(=CCCN1CCC[C@@H](C(=O)O)C1)c1sccc1C,1.0,0.7091363,
tdc_bioavailability_ma,"Chemprop v2 (D-MPNN + RDKit2D, ensemble=3)",Chemprop v2,test,5,COc1ccc(C(=O)Nc2ccccc2CCC2CCCCN2C)cc1,1.0,0.72398424,
tdc_bioavailability_ma,"Chemprop v2 (D-MPNN + RDKit2D, ensemble=3)",Chemprop v2,test,6,COc1c(N2C[C@@H]3CCCN[C@@H]3C2)c(F)cc2c(=O)c(C(=O)O)cn(C3CC3)c12,1.0,0.7558534,
tdc_bioavailability_ma,"Chemprop v2 (D-MPNN + RDKit2D, ensemble=3)",Chemprop v2,test,7,CO[C@H]1/C=C/O[C@@]2(C)Oc3c(C)c(O)c4c(c3C2=O)C2=NC3(CCN(CC(C)C)CC3)NC2=C(NC(=O)/C(C)=C\C=C\[C@H](C)[C@H](O)[C@@H](C)[C@@H](O)[C@@H](C)[C@H](OC(C)=O)[C@@H]1C)C4=O,0.0,0.67762834,
tdc_bioavailability_ma,"Chemprop v2 (D-MPNN + RDKit2D, ensemble=3)",Chemprop v2,test,8,COc1cc([C@@H]2c3cc4c(cc3[C@@H](O[C@@H]3O[C@@H]5CO[C@@H](c6cccs6)O[C@H]5[C@H](O)[C@H]3O)[C@H]3COC(=O)[C@H]23)OCO4)cc(OC)c1O,1.0,0.7023144,
tdc_bioavailability_ma,"Chemprop v2 (D-MPNN + RDKit2D, ensemble=3)",Chemprop v2,test,9,CN(C)CCc1c[nH]c2ccc(C[C@H]3COC(=O)N3)cc12,1.0,0.7700755,
tdc_bioavailability_ma,"Chemprop v2 (D-MPNN + RDKit2D, ensemble=3)",Chemprop v2,test,10,COC(=O)C(c1ccccc1)C1CCCCN1,0.0,0.7163872,
tdc_bioavailability_ma,"Chemprop v2 (D-MPNN + RDKit2D, ensemble=3)",Chemprop v2,test,11,COc1ccc([C@@H]2Sc3ccccc3N(CCN(C)C)C(=O)[C@@H]2OC(C)=O)cc1,1.0,0.72468495,
tdc_bioavailability_ma,"Chemprop v2 (D-MPNN + RDKit2D, ensemble=3)",Chemprop v2,test,12,Cc1cc(C)nc(NS(=O)(=O)c2ccc(N)cc2)n1,1.0,0.77934057,
tdc_bioavailability_ma,"Chemprop v2 (D-MPNN + RDKit2D, ensemble=3)",Chemprop v2,test,13,Nc1ccc(S(=O)(=O)Nc2ncccn2)cc1,1.0,0.7817888,
tdc_bioavailability_ma,"Chemprop v2 (D-MPNN + RDKit2D, ensemble=3)",Chemprop v2,test,14,C#Cc1cccc(Nc2ncnc3cc(OCCOC)c(OCCOC)cc23)c1,1.0,0.7648349,
tdc_bioavailability_ma,"Chemprop v2 (D-MPNN + RDKit2D, ensemble=3)",Chemprop v2,test,15,OC(CCN1CCCCC1)(c1ccccc1)C1CCCCC1,1.0,0.6814037,
tdc_bioavailability_ma,"Chemprop v2 (D-MPNN + RDKit2D, ensemble=3)",Chemprop v2,test,16,Cc1cc(NS(=O)(=O)c2ccc(N)cc2)no1,1.0,0.7754546,
tdc_bioavailability_ma,"Chemprop v2 (D-MPNN + RDKit2D, ensemble=3)",Chemprop v2,test,17,CCOC(=O)C1=C(COCCN)NC(C)=C(C(=O)OC)C1c1ccccc1Cl,1.0,0.67806584,
tdc_bioavailability_ma,"Chemprop v2 (D-MPNN + RDKit2D, ensemble=3)",Chemprop v2,test,18,COC(=O)C1=C(C#N)NC(C)=C(C(=O)OC(C)C)C1c1cccc([N+](=O)[O-])c1,0.0,0.6691715,
tdc_bioavailability_ma,"Chemprop v2 (D-MPNN + RDKit2D, ensemble=3)",Chemprop v2,test,19,COC(=O)C1=C(C)NC(C)=C(C(=O)OC)C1c1ccccc1[N+](=O)[O-],1.0,0.7041481,
tdc_bioavailability_ma,"Chemprop v2 (D-MPNN + RDKit2D, ensemble=3)",Chemprop v2,test,20,CCOC(=O)C1=C(C)NC(C)=C(C(=O)OC)C1c1cccc([N+](=O)[O-])c1,0.0,0.6731425,
tdc_bioavailability_ma,"Chemprop v2 (D-MPNN + RDKit2D, ensemble=3)",Chemprop v2,test,21,CCOC(=O)C1=C(C)NC(C)=C(C(=O)OC)C1c1cccc(Cl)c1Cl,0.0,0.71828395,
tdc_bioavailability_ma,"Chemprop v2 (D-MPNN + RDKit2D, ensemble=3)",Chemprop v2,test,22,CCOC(=O)C1=C(C)NC(C)=C(C(=O)OCC)C1c1ccccc1/C=C/C(=O)OC(C)(C)C,0.0,0.6731742,
tdc_bioavailability_ma,"Chemprop v2 (D-MPNN + RDKit2D, ensemble=3)",Chemprop v2,test,23,COCCOC(=O)C1=C(C)NC(C)=C(C(=O)OC(C)C)C1c1cccc([N+](=O)[O-])c1,0.0,0.6501236,
tdc_bioavailability_ma,"Chemprop v2 (D-MPNN + RDKit2D, ensemble=3)",Chemprop v2,test,24,COC(=O)C1=C(C)NC(C)=C(C(=O)OCC(C)C)C1c1ccccc1[N+](=O)[O-],0.0,0.6864349,
tdc_bioavailability_ma,"Chemprop v2 (D-MPNN + RDKit2D, ensemble=3)",Chemprop v2,test,25,CC(C)(C)NCC(O)COc1ccc(NC(=O)NC2CCCCC2)cc1,1.0,0.66362756,
tdc_bioavailability_ma,"Chemprop v2 (D-MPNN + RDKit2D, ensemble=3)",Chemprop v2,test,26,Cc1cnc(NC(=O)C2=C(O)c3ccccc3S(=O)(=O)N2C)s1,1.0,0.7526961,
tdc_bioavailability_ma,"Chemprop v2 (D-MPNN + RDKit2D, ensemble=3)",Chemprop v2,test,27,CN1C(=O)C(O)N=C(c2ccccc2Cl)c2cc(Cl)ccc21,1.0,0.78200585,
tdc_bioavailability_ma,"Chemprop v2 (D-MPNN + RDKit2D, ensemble=3)",Chemprop v2,test,28,O=C1Nc2ccc(Cl)cc2C(c2ccccc2)=NC1O,1.0,0.77585524,
tdc_bioavailability_ma,"Chemprop v2 (D-MPNN + RDKit2D, ensemble=3)",Chemprop v2,test,29,CN1C(=O)C(O)N=C(c2ccccc2)c2cc(Cl)ccc21,1.0,0.77691597,
tdc_bioavailability_ma,"Chemprop v2 (D-MPNN + RDKit2D, ensemble=3)",Chemprop v2,test,30,O=C1CN=C(c2ccccc2)c2cc([N+](=O)[O-])ccc2N1,1.0,0.76443166,
tdc_bioavailability_ma,"Chemprop v2 (D-MPNN + RDKit2D, ensemble=3)",Chemprop v2,test,31,CN1C(=O)CN=C(c2ccccc2)c2cc(Cl)ccc21,1.0,0.7989254,
tdc_bioavailability_ma,"Chemprop v2 (D-MPNN + RDKit2D, ensemble=3)",Chemprop v2,test,32,CN1C(=O)CN=C(c2ccccc2F)c2cc([N+](=O)[O-])ccc21,1.0,0.76870304,
tdc_bioavailability_ma,"Chemprop v2 (D-MPNN + RDKit2D, ensemble=3)",Chemprop v2,test,33,O=C1CN=C(c2ccccc2Cl)c2cc([N+](=O)[O-])ccc2N1,1.0,0.767839,
tdc_bioavailability_ma,"Chemprop v2 (D-MPNN + RDKit2D, ensemble=3)",Chemprop v2,test,34,O=C1Nc2ccc(Cl)cc2C(c2ccccc2Cl)=NC1O,1.0,0.77922076,
tdc_bioavailability_ma,"Chemprop v2 (D-MPNN + RDKit2D, ensemble=3)",Chemprop v2,test,35,CCN(CC)CCN1C(=O)CN=C(c2ccccc2F)c2cc(Cl)ccc21,1.0,0.76362675,
tdc_bioavailability_ma,"Chemprop v2 (D-MPNN + RDKit2D, ensemble=3)",Chemprop v2,test,36,CN1C[C@H](CNC(=O)OCc2ccccc2)C[C@@H]2c3cccc4c3c(cn4C)C[C@H]21,1.0,0.7719536,
tdc_bioavailability_ma,"Chemprop v2 (D-MPNN + RDKit2D, ensemble=3)",Chemprop v2,test,37,O=C(O)COCCN1CCN(C(c2ccccc2)c2ccc(Cl)cc2)CC1,1.0,0.7109692,
tdc_bioavailability_ma,"Chemprop v2 (D-MPNN + RDKit2D, ensemble=3)",Chemprop v2,test,38,NS(=O)(=O)c1cc2c(cc1Cl)N=C(CSCc1ccccc1)NS2(=O)=O,0.0,0.79530185,
tdc_bioavailability_ma,"Chemprop v2 (D-MPNN + RDKit2D, ensemble=3)",Chemprop v2,test,39,O=C1CC2(CCCC2)CC(=O)N1CCCCN1CCN(c2ncccn2)CC1,0.0,0.67911005,
tdc_bioavailability_ma,"Chemprop v2 (D-MPNN + RDKit2D, ensemble=3)",Chemprop v2,test,40,N[C@@H](C(=O)N[C@@H]1C(=O)N2C(C(=O)O)=C(Cl)CC[C@H]12)c1ccccc1,1.0,0.6884771,
tdc_bioavailability_ma,"Chemprop v2 (D-MPNN + RDKit2D, ensemble=3)",Chemprop v2,test,41,CC[C@]12CCCN3CCc4c(n(c5ccccc45)[C@@](O)(C(=O)OC)C1)[C@@H]32,0.0,0.72661686,
tdc_bioavailability_ma,"Chemprop v2 (D-MPNN + RDKit2D, ensemble=3)",Chemprop v2,test,42,Nc1nc(NC2CC2)c2ncn([C@H]3C=C[C@@H](CO)C3)c2n1,1.0,0.74772114,
tdc_bioavailability_ma,"Chemprop v2 (D-MPNN + RDKit2D, ensemble=3)",Chemprop v2,test,43,Cc1ncc2n1-c1ccc(Cl)cc1C(c1ccccc1F)=NC2,1.0,0.8259537,
tdc_bioavailability_ma,"Chemprop v2 (D-MPNN + RDKit2D, ensemble=3)",Chemprop v2,test,44,CCn1cc(C(=O)O)c(=O)c2cc(F)c(N3CCNCC3)nc21,1.0,0.7654443,
tdc_bioavailability_ma,"Chemprop v2 (D-MPNN + RDKit2D, ensemble=3)",Chemprop v2,test,45,CC1=C(CC(=O)O)c2cc(F)ccc2/C1=C\c1ccc(S(C)=O)cc1,1.0,0.7606694,
tdc_bioavailability_ma,"Chemprop v2 (D-MPNN + RDKit2D, ensemble=3)",Chemprop v2,test,46,CCOc1ccc2ccccc2c1C(=O)N[C@@H]1C(=O)N2[C@@H]1SC(C)(C)[C@@H]2C(=O)O,1.0,0.7138887,
tdc_bioavailability_ma,"Chemprop v2 (D-MPNN + RDKit2D, ensemble=3)",Chemprop v2,test,47,C=C[C@H]1CN2CC[C@H]1C[C@H]2[C@H](O)c1ccnc2ccc(OC)cc12,1.0,0.7225755,
tdc_bioavailability_ma,"Chemprop v2 (D-MPNN + RDKit2D, ensemble=3)",Chemprop v2,test,48,C=C[C@H]1CN2CC[C@H]1C[C@@H]2[C@@H](O)c1ccnc2ccc(OC)cc12,1.0,0.72258574,
tdc_bioavailability_ma,"Chemprop v2 (D-MPNN + RDKit2D, ensemble=3)",Chemprop v2,test,49,CC(C)[N+]1(C)[C@@H]2CC[C@H]1C[C@@H](OC(=O)C(CO)c1ccccc1)C2,0.0,0.616955,
tdc_bioavailability_ma,"Chemprop v2 (D-MPNN + RDKit2D, ensemble=3)",Chemprop v2,test,50,CCCCc1oc2ccccc2c1C(=O)c1cc(I)c(OCCN(CC)CC)c(I)c1,1.0,0.76324815,
tdc_bioavailability_ma,"Chemprop v2 (D-MPNN + RDKit2D, ensemble=3)",Chemprop v2,test,51,N#Cc1ccccc1OCC(O)CNCCNC(=O)Cc1ccc(O)cc1,0.0,0.6698572,
tdc_bioavailability_ma,"Chemprop v2 (D-MPNN + RDKit2D, ensemble=3)",Chemprop v2,test,52,C[C@@H]1C[C@H]2[C@@H]3C[C@H](F)C4=CC(=O)C=C[C@]4(C)[C@H]3[C@@H](O)C[C@]2(C)[C@H]1C(=O)CO,1.0,0.6327892,
tdc_bioavailability_ma,"Chemprop v2 (D-MPNN + RDKit2D, ensemble=3)",Chemprop v2,test,53,C[C@@H]1C[C@H]2[C@@H]3CCC4=CC(=O)C=C[C@]4(C)[C@@]3(F)[C@@H](O)C[C@]2(C)[C@@]1(O)C(=O)CO,1.0,0.6385598,
tdc_bioavailability_ma,"Chemprop v2 (D-MPNN + RDKit2D, ensemble=3)",Chemprop v2,test,54,C[C@]12C=CC(=O)C=C1CC[C@@H]1[C@@H]2[C@@H](O)C[C@@]2(C)[C@H]1CC[C@]2(O)C(=O)CO,1.0,0.6307099,
tdc_bioavailability_ma,"Chemprop v2 (D-MPNN + RDKit2D, ensemble=3)",Chemprop v2,test,55,C[C@H]1C[C@@H]2[C@H]([C@@H](O)C[C@@]3(C)[C@H]2CC[C@]3(O)C(=O)CO)[C@@]2(C)C=CC(=O)C=C12,1.0,0.62645745,
tdc_bioavailability_ma,"Chemprop v2 (D-MPNN + RDKit2D, ensemble=3)",Chemprop v2,test,56,C[C@H]1C[C@H]2[C@@H]3CCC4=CC(=O)C=C[C@]4(C)[C@@]3(F)[C@@H](O)C[C@]2(C)[C@@]1(O)C(=O)CO,1.0,0.6384208,
tdc_bioavailability_ma,"Chemprop v2 (D-MPNN + RDKit2D, ensemble=3)",Chemprop v2,test,57,Cc1nccn1CC1CCc2c(c3ccccc3n2C)C1=O,1.0,0.79099387,
tdc_bioavailability_ma,"Chemprop v2 (D-MPNN + RDKit2D, ensemble=3)",Chemprop v2,test,58,C[C@@H](c1ncncc1F)[C@](O)(Cn1cncn1)c1ccc(F)cc1F,1.0,0.77599746,
tdc_bioavailability_ma,"Chemprop v2 (D-MPNN + RDKit2D, ensemble=3)",Chemprop v2,test,59,CCC(=O)N(c1ccccc1)C1(COC)CCN(CCn2nnn(CC)c2=O)CC1,0.0,0.70543003,
tdc_bioavailability_ma,"Chemprop v2 (D-MPNN + RDKit2D, ensemble=3)",Chemprop v2,test,60,CCN1CCCC1CNC(=O)c1cc(S(N)(=O)=O)ccc1OC,1.0,0.6919546,
tdc_bioavailability_ma,"Chemprop v2 (D-MPNN + RDKit2D, ensemble=3)",Chemprop v2,test,61,CCN1CCCC1CNC(=O)c1cc(S(=O)(=O)CC)c(N)cc1OC,1.0,0.6634101,
tdc_bioavailability_ma,"Chemprop v2 (D-MPNN + RDKit2D, ensemble=3)",Chemprop v2,test,62,CCN(CC)CCCN(c1ccccc1)C1Cc2ccccc2C1,1.0,0.7773164,
tdc_bioavailability_ma,"Chemprop v2 (D-MPNN + RDKit2D, ensemble=3)",Chemprop v2,test,63,OCCN1CCN(CC/C=C2/c3ccccc3Sc3ccc(C(F)(F)F)cc32)CC1,1.0,0.75509405,
tdc_bioavailability_ma,"Chemprop v2 (D-MPNN + RDKit2D, ensemble=3)",Chemprop v2,test,64,CCOc1nc2cccc(C(=O)O)c2n1Cc1ccc(-c2ccccc2-c2nnn[nH]2)cc1,1.0,0.8243285,
tdc_bioavailability_ma,"Chemprop v2 (D-MPNN + RDKit2D, ensemble=3)",Chemprop v2,test,65,COc1cc2c(cc1OC)C1CC(=O)C(CC(C)C)CN1CC2,0.0,0.69979864,
tdc_bioavailability_ma,"Chemprop v2 (D-MPNN + RDKit2D, ensemble=3)",Chemprop v2,test,66,CN(C)CCc1c[nH]c2ccc(Cn3cncn3)cc12,1.0,0.8050155,
tdc_bioavailability_ma,"Chemprop v2 (D-MPNN + RDKit2D, ensemble=3)",Chemprop v2,test,67,CCOC(=O)[C@H](CCc1ccccc1)N[C@@H](C)C(=O)N(CC(=O)O)C1Cc2ccccc2C1,1.0,0.66704625,
tdc_bioavailability_ma,"Chemprop v2 (D-MPNN + RDKit2D, ensemble=3)",Chemprop v2,test,68,N[C@@H]1CONC1=O,1.0,0.7719562,
tdc_bioavailability_ma,"Chemprop v2 (D-MPNN + RDKit2D, ensemble=3)",Chemprop v2,test,69,C=C1CC[C@@]2(O)[C@H]3Cc4ccc(O)c5c4[C@@]2(CCN3CC2CC2)[C@H]1O5,1.0,0.6671243,
tdc_bioavailability_ma,"Chemprop v2 (D-MPNN + RDKit2D, ensemble=3)",Chemprop v2,test,70,CN1c2ccccc2C(NCCCCCCC(=O)O)c2ccc(Cl)cc2S1(=O)=O,1.0,0.7301409,
tdc_bioavailability_ma,"Chemprop v2 (D-MPNN + RDKit2D, ensemble=3)",Chemprop v2,test,71,CCOC(=O)c1ncn2c1CN(C)C(=O)c1cc(F)ccc1-2,1.0,0.75373715,
tdc_bioavailability_ma,"Chemprop v2 (D-MPNN + RDKit2D, ensemble=3)",Chemprop v2,test,72,CCCCc1ncc(/C=C(\Cc2cccs2)C(=O)O)n1Cc1ccc(C(=O)O)cc1,0.0,0.7438609,
tdc_bioavailability_ma,"Chemprop v2 (D-MPNN + RDKit2D, ensemble=3)",Chemprop v2,test,73,O=C(O)c1cc(/N=N/c2ccc(O)c(C(=O)O)c2)ccc1O,0.0,0.69538206,
tdc_bioavailability_ma,"Chemprop v2 (D-MPNN + RDKit2D, ensemble=3)",Chemprop v2,test,74,CSc1ccc2c(c1)N(CCC1CCCCN1C)c1ccccc1S2,1.0,0.7745602,
tdc_bioavailability_ma,"Chemprop v2 (D-MPNN + RDKit2D, ensemble=3)",Chemprop v2,test,75,CNS(=O)(=O)CCc1ccc2[nH]cc(C3CCN(C)CC3)c2c1,1.0,0.72345614,
tdc_bioavailability_ma,"Chemprop v2 (D-MPNN + RDKit2D, ensemble=3)",Chemprop v2,test,76,COc1cc2c(cc1OC)C(=O)C(CC1CCN(Cc3ccccc3)CC1)C2,1.0,0.71207213,
tdc_bioavailability_ma,"Chemprop v2 (D-MPNN + RDKit2D, ensemble=3)",Chemprop v2,test,77,CN1CCN(CC(=O)N2c3ccccc3C(=O)Nc3cccnc32)CC1,0.0,0.7608175,
tdc_bioavailability_ma,"Chemprop v2 (D-MPNN + RDKit2D, ensemble=3)",Chemprop v2,test,78,CN1CCCC(n2nc(Cc3ccc(Cl)cc3)c3ccccc3c2=O)CC1,1.0,0.7739478,
tdc_bioavailability_ma,"Chemprop v2 (D-MPNN + RDKit2D, ensemble=3)",Chemprop v2,test,79,CC(=O)OCC1=C(C(=O)O)N2C(=O)[C@@H](NC(=O)CC#N)[C@H]2SC1,0.0,0.6626709,
tdc_bioavailability_ma,"Chemprop v2 (D-MPNN + RDKit2D, ensemble=3)",Chemprop v2,test,80,CC(C)NCC(O)COc1cccc2ccccc12,1.0,0.74883133,
tdc_bioavailability_ma,"Chemprop v2 (D-MPNN + RDKit2D, ensemble=3)",Chemprop v2,test,81,COc1ccc2cc([C@H](C)C(=O)O)ccc2c1,1.0,0.7719663,
tdc_bioavailability_ma,"Chemprop v2 (D-MPNN + RDKit2D, ensemble=3)",Chemprop v2,test,82,COc1ccc2cc(CCC(C)=O)ccc2c1,1.0,0.77555555,
tdc_bioavailability_ma,"Chemprop v2 (D-MPNN + RDKit2D, ensemble=3)",Chemprop v2,test,83,CCN(CC)C(=O)C1(c2ccccc2)CC1CN,1.0,0.71654147,
tdc_bioavailability_ma,"Chemprop v2 (D-MPNN + RDKit2D, ensemble=3)",Chemprop v2,test,84,CC(C)(Oc1ccc(C2CC2(Cl)Cl)cc1)C(=O)O,1.0,0.74036986,
tdc_bioavailability_ma,"Chemprop v2 (D-MPNN + RDKit2D, ensemble=3)",Chemprop v2,test,85,CO[C@H]1O[C@@H]2O[C@@]3(C)CC[C@H]4[C@H](C)CC[C@@H]([C@H]1C)[C@@]24OO3,1.0,0.6435606,
tdc_bioavailability_ma,"Chemprop v2 (D-MPNN + RDKit2D, ensemble=3)",Chemprop v2,test,86,CN1CCN2c3ccccc3Cc3ccccc3C2C1,1.0,0.7952263,
tdc_bioavailability_ma,"Chemprop v2 (D-MPNN + RDKit2D, ensemble=3)",Chemprop v2,test,87,Cc1c(O)cccc1C(=O)N[C@@H](CSc1ccccc1)[C@H](O)CN1C[C@H]2CCCC[C@H]2C[C@H]1C(=O)NC(C)(C)C,1.0,0.6664924,
tdc_bioavailability_ma,"Chemprop v2 (D-MPNN + RDKit2D, ensemble=3)",Chemprop v2,test,88,Cc1nnc2n1-c1sc(Br)cc1C(c1ccccc1Cl)=NC2,1.0,0.8307312,
tdc_bioavailability_ma,"Chemprop v2 (D-MPNN + RDKit2D, ensemble=3)",Chemprop v2,test,89,CCOc1ccccc1O[C@H](c1ccccc1)[C@H]1CNCCO1,1.0,0.75787956,
tdc_bioavailability_ma,"Chemprop v2 (D-MPNN + RDKit2D, ensemble=3)",Chemprop v2,test,90,CCn1cc(C(=O)O)c(=O)c2cc(F)c(N3CCN(C)CC3)cc21,1.0,0.75811964,
tdc_bioavailability_ma,"Chemprop v2 (D-MPNN + RDKit2D, ensemble=3)",Chemprop v2,test,91,CCn1cc(C(=O)O)c(=O)c2cc(F)c(N3CCNC(C)C3)c(F)c21,1.0,0.76281315,
tdc_bioavailability_ma,"Chemprop v2 (D-MPNN + RDKit2D, ensemble=3)",Chemprop v2,test,92,CCn1cc(C(=O)O)c(=O)c2cc(F)c(N3CCNCC3)cc21,1.0,0.75912744,
tdc_bioavailability_ma,"Chemprop v2 (D-MPNN + RDKit2D, ensemble=3)",Chemprop v2,test,93,Cc1ccc(C(=O)c2ccc(CC(=O)O)n2C)cc1,1.0,0.76311284,
tdc_bioavailability_ma,"Chemprop v2 (D-MPNN + RDKit2D, ensemble=3)",Chemprop v2,test,94,CC(C)N1CCC(N(C(=O)Cc2ccccc2)c2ccc(Cl)cc2)CC1,0.0,0.7283778,
tdc_bioavailability_ma,"Chemprop v2 (D-MPNN + RDKit2D, ensemble=3)",Chemprop v2,test,95,COc1ccc(Cl)cc1C(=O)NCCc1ccc(S(=O)(=O)NC(=O)NC2CCCCC2)cc1,1.0,0.7304494,
tdc_bioavailability_ma,"Chemprop v2 (D-MPNN + RDKit2D, ensemble=3)",Chemprop v2,test,96,COc1cccc2c1C(=O)c1c(O)c3c(c(O)c1C2=O)C[C@@](O)(C(=O)CO)C[C@@H]3O[C@H]1C[C@H](N)[C@H](O)[C@H](C)O1,0.0,0.6438236,
tdc_bioavailability_ma,"Chemprop v2 (D-MPNN + RDKit2D, ensemble=3)",Chemprop v2,test,97,CC(=O)[C@]1(O)Cc2c(O)c3c(c(O)c2[C@@H](O[C@H]2C[C@H](N)[C@H](O)[C@H](C)O2)C1)C(=O)c1ccccc1C3=O,1.0,0.64867336,
tdc_bioavailability_ma,"Chemprop v2 (D-MPNN + RDKit2D, ensemble=3)",Chemprop v2,test,98,COc1cccc2c1C(=O)c1c(O)c3c(c(O)c1C2=O)C[C@@](O)(C(=O)CO)C[C@@H]3O[C@H]1C[C@H](N)[C@@H](O)[C@H](C)O1,0.0,0.6437896,
tdc_bioavailability_ma,"Chemprop v2 (D-MPNN + RDKit2D, ensemble=3)",Chemprop v2,test,99,COc1cccc(C(=O)CCN[C@@H](C)[C@H](O)c2ccccc2)c1,1.0,0.72600096,
tdc_bioavailability_ma,"Chemprop v2 (D-MPNN + RDKit2D, ensemble=3)",Chemprop v2,test,100,Cc1nc2n(c(=O)c1CCN1CCC(c3noc4cc(F)ccc34)CC1)CCCC2,1.0,0.76359195,
tdc_bioavailability_ma,"Chemprop v2 (D-MPNN + RDKit2D, ensemble=3)",Chemprop v2,test,101,CN1CC[C@]23c4c5ccc(O)c4O[C@H]2[C@@H](O)C=C[C@H]3[C@H]1C5,1.0,0.67781377,
tdc_bioavailability_ma,"Chemprop v2 (D-MPNN + RDKit2D, ensemble=3)",Chemprop v2,test,102,COc1ccc2c3c1O[C@H]1[C@@H](O)C=C[C@H]4[C@@H](C2)N(C)CC[C@@]341,1.0,0.7045222,
tdc_bioavailability_ma,"Chemprop v2 (D-MPNN + RDKit2D, ensemble=3)",Chemprop v2,test,103,C=CC[C@@H]1/C=C(\C)C[C@H](C)C[C@H](OC)[C@H]2O[C@@](O)(C(=O)C(=O)N3CCCC[C@H]3C(=O)O[C@H](/C(C)=C/[C@@H]3CC[C@@H](O)[C@H](OC)C3)[C@H](C)[C@@H](O)CC1=O)[C@H](C)C[C@@H]2OC,1.0,0.6285268,
tdc_bioavailability_ma,"Chemprop v2 (D-MPNN + RDKit2D, ensemble=3)",Chemprop v2,test,104,C#C[C@]1(O)CC[C@H]2[C@@H]3CCc4cc(O)ccc4[C@H]3[C@@H](OC)C[C@@]21C,1.0,0.69958144,
tdc_bioavailability_ma,"Chemprop v2 (D-MPNN + RDKit2D, ensemble=3)",Chemprop v2,test,105,C[C@]12CC[C@@H]3c4ccc(O)cc4CC[C@H]3[C@@H]1CC[C@@H]2O,0.0,0.6865317,
tdc_bioavailability_ma,"Chemprop v2 (D-MPNN + RDKit2D, ensemble=3)",Chemprop v2,test,106,CC(=O)O[C@H]1C[C@@H]2CC[C@@H]3[C@H](CC[C@@]4(C)[C@H]3C[C@H]([N+]3(C)CCCCC3)[C@@H]4OC(C)=O)[C@@]2(C)C[C@@H]1[N+]1(C)CCCCC1,0.0,0.5427764,
tdc_bioavailability_ma,"Chemprop v2 (D-MPNN + RDKit2D, ensemble=3)",Chemprop v2,test,107,CO/N=C(\C(=O)N[C@@H]1C(=O)N2C(C(=O)O)=C(CSc3nc(C)c(CC(=O)O)s3)CS[C@H]12)c1csc(N)n1,0.0,0.70572263,
tdc_bioavailability_ma,"Chemprop v2 (D-MPNN + RDKit2D, ensemble=3)",Chemprop v2,test,108,CNCCCC12CCC(c3ccccc31)c1ccccc12,1.0,0.7863007,
tdc_bioavailability_ma,"Chemprop v2 (D-MPNN + RDKit2D, ensemble=3)",Chemprop v2,test,109,C=CCN1CCCC1CNC(=O)c1cc2n[nH]nc2cc1OC,1.0,0.73131293,
tdc_bioavailability_ma,"Chemprop v2 (D-MPNN + RDKit2D, ensemble=3)",Chemprop v2,test,110,C#C[C@]1(O)CC[C@H]2[C@@H]3CCC4=CC(=O)CC[C@@H]4[C@H]3CC[C@@]21CC,1.0,0.70903605,
tdc_bioavailability_ma,"Chemprop v2 (D-MPNN + RDKit2D, ensemble=3)",Chemprop v2,test,111,C[C@]12CC[C@H]3[C@@H](CCC4=CC(=O)CC[C@@]43C)[C@@H]1CC[C@@H]2O,0.0,0.6748933,
tdc_bioavailability_ma,"Chemprop v2 (D-MPNN + RDKit2D, ensemble=3)",Chemprop v2,test,112,C#CC1(O)CCC2C3CCC4=CC(=O)CCC4C3CCC21CC,1.0,0.6999793,
tdc_bioavailability_ma,"Chemprop v2 (D-MPNN + RDKit2D, ensemble=3)",Chemprop v2,test,113,CC(=O)[C@H]1CC[C@H]2[C@@H]3CCC4=CC(=O)CC[C@]4(C)[C@H]3CC[C@]12C,1.0,0.6885285,
tdc_bioavailability_ma,"Chemprop v2 (D-MPNN + RDKit2D, ensemble=3)",Chemprop v2,test,114,N/N=c1/cc2c(n[nH]1)CCN(C(=O)c1ccccc1)C2,1.0,0.7689126,
tdc_bioavailability_ma,"Chemprop v2 (D-MPNN + RDKit2D, ensemble=3)",Chemprop v2,test,115,COc1ccc2c(c1)c(CC(=O)O)c(C)n2C(=O)c1ccc(Cl)cc1,1.0,0.7628761,
tdc_bioavailability_ma,"Chemprop v2 (D-MPNN + RDKit2D, ensemble=3)",Chemprop v2,test,116,CC(C(=O)O)c1ccc(C(=O)c2cccs2)cc1,1.0,0.7491994,
tdc_bioavailability_ma,"Chemprop v2 (D-MPNN + RDKit2D, ensemble=3)",Chemprop v2,test,117,CCOC(=O)CN[C@@H](C(=O)N1CC[C@H]1C(=O)NCc1ccc(/C(N)=N/O)cc1)C1CCCCC1,1.0,0.63970506,
tdc_bioavailability_ma,"Chemprop v2 (D-MPNN + RDKit2D, ensemble=3)",Chemprop v2,test,118,N=C(N)c1ccc(CNC(=O)[C@@H]2CCN2C(=O)[C@H](NCC(=O)O)C2CCCCC2)cc1,0.0,0.6278787,
tdc_bioavailability_ma,"Chemprop v2 (D-MPNN + RDKit2D, ensemble=3)",Chemprop v2,test,119,Cc1ccc(S(=O)(=O)NC(=O)NN2CC3CCCC3C2)cc1,1.0,0.70877594,
tdc_bioavailability_ma,"Chemprop v2 (D-MPNN + RDKit2D, ensemble=3)",Chemprop v2,test,120,CCOC(=O)[C@H](CCc1ccccc1)N[C@@H](C)C(=O)N1[C@H](C(=O)O)C[C@H]2CCCC[C@@H]21,0.0,0.63343596,
tdc_bioavailability_ma,"Chemprop v2 (D-MPNN + RDKit2D, ensemble=3)",Chemprop v2,test,121,O=C1CC[C@@]2(O)[C@H]3Cc4ccc(O)c5c4[C@@]2(CCN3CC2CC2)[C@H]1O5,1.0,0.6620033,
tdc_bioavailability_ma,"Chemprop v2 (D-MPNN + RDKit2D, ensemble=3)",Chemprop v2,test,122,COc1ccccc1OCCNCC(O)COc1cccc2[nH]c3ccccc3c12,1.0,0.75912124,
tdc_bioavailability_ma,"Chemprop v2 (D-MPNN + RDKit2D, ensemble=3)",Chemprop v2,test,123,CN(C)CCC=C1c2ccccc2COc2ccccc21,1.0,0.7974009,
tdc_bioavailability_ma,"Chemprop v2 (D-MPNN + RDKit2D, ensemble=3)",Chemprop v2,test,124,Nc1nnc(-c2cccc(Cl)c2Cl)c(N)n1,1.0,0.8130824,
tdc_bioavailability_ma,"Chemprop v2 (D-MPNN + RDKit2D, ensemble=3)",Chemprop v2,test,125,CO/N=C(\C(=O)N[C@@H]1C(=O)N2C(C(=O)O)=C(CSc3nc(=O)c(=O)[nH]n3C)CS[C@H]12)c1csc(N)n1,0.0,0.7202726,
tdc_bioavailability_ma,"Chemprop v2 (D-MPNN + RDKit2D, ensemble=3)",Chemprop v2,test,126,Cc1ccc2c(-c3ccccc3)nc(=O)n(C(C)C)c2c1,0.0,0.8119421,
tdc_bioavailability_ma,"Chemprop v2 (D-MPNN + RDKit2D, ensemble=3)",Chemprop v2,test,127,O=C1NCC2(CCN(CCc3ccccc3)CC2)O1,1.0,0.7286027,
tdc_bioavailability_ma,"Chemprop v2 (CMPNN, ensemble=3)",Chemprop v2,train,0,CC[N+](C)(C)c1cccc(O)c1,0.0,0.58488613,
tdc_bioavailability_ma,"Chemprop v2 (CMPNN, ensemble=3)",Chemprop v2,train,1,C[C@H](N)[C@H](O)c1ccccc1,1.0,0.6206951,
tdc_bioavailability_ma,"Chemprop v2 (CMPNN, ensemble=3)",Chemprop v2,train,2,Cc1cccc(C)c1NC(=O)C(C)N,1.0,0.7337001,
tdc_bioavailability_ma,"Chemprop v2 (CMPNN, ensemble=3)",Chemprop v2,train,3,CC(C)(C)NCC(O)c1ccccc1Cl,1.0,0.69999176,
tdc_bioavailability_ma,"Chemprop v2 (CMPNN, ensemble=3)",Chemprop v2,train,4,CCN(CC)CCNC(=O)c1cc(Cl)c(N)cc1OC,1.0,0.7753281,
tdc_bioavailability_ma,"Chemprop v2 (CMPNN, ensemble=3)",Chemprop v2,train,5,CC[N+](C)(C)Cc1ccccc1Br,1.0,0.5955295,
tdc_bioavailability_ma,"Chemprop v2 (CMPNN, ensemble=3)",Chemprop v2,train,6,CCOc1ccc(NC(C)=O)cc1,1.0,0.73789984,
tdc_bioavailability_ma,"Chemprop v2 (CMPNN, ensemble=3)",Chemprop v2,train,7,C[C@](N)(Cc1ccc(O)c(O)c1)C(=O)O,1.0,0.701272,
tdc_bioavailability_ma,"Chemprop v2 (CMPNN, ensemble=3)",Chemprop v2,train,8,O=C(O)CCCc1ccc(N(CCCl)CCCl)cc1,1.0,0.7520347,
tdc_bioavailability_ma,"Chemprop v2 (CMPNN, ensemble=3)",Chemprop v2,train,9,CCNC(C)Cc1cccc(C(F)(F)F)c1,1.0,0.7405269,
tdc_bioavailability_ma,"Chemprop v2 (CMPNN, ensemble=3)",Chemprop v2,train,10,CCN(CC)CCNC(=O)c1ccc(N)cc1,1.0,0.7304773,
tdc_bioavailability_ma,"Chemprop v2 (CMPNN, ensemble=3)",Chemprop v2,train,11,CN(C)C(=O)Oc1cccc([N+](C)(C)C)c1,0.0,0.6359676,
tdc_bioavailability_ma,"Chemprop v2 (CMPNN, ensemble=3)",Chemprop v2,train,12,Cc1ccc(C)c(OCCCC(C)(C)C(=O)O)c1,1.0,0.72829646,
tdc_bioavailability_ma,"Chemprop v2 (CMPNN, ensemble=3)",Chemprop v2,train,13,CC(=O)Nc1ccc(O)cc1,1.0,0.730344,
tdc_bioavailability_ma,"Chemprop v2 (CMPNN, ensemble=3)",Chemprop v2,train,14,CC(C)NCC(O)COc1ccc(CC(N)=O)cc1,1.0,0.71903014,
tdc_bioavailability_ma,"Chemprop v2 (CMPNN, ensemble=3)",Chemprop v2,train,15,CC(C)Cc1ccc(C(C)C(=O)O)cc1,1.0,0.7022458,
tdc_bioavailability_ma,"Chemprop v2 (CMPNN, ensemble=3)",Chemprop v2,train,16,COCCCC/C(=N\OCCN)c1ccc(C(F)(F)F)cc1,1.0,0.7836073,
tdc_bioavailability_ma,"Chemprop v2 (CMPNN, ensemble=3)",Chemprop v2,train,17,NC[C@H](O)c1ccc(O)c(O)c1,0.0,0.6811691,
tdc_bioavailability_ma,"Chemprop v2 (CMPNN, ensemble=3)",Chemprop v2,train,18,NCC(O)c1cccc(O)c1,0.0,0.6837225,
tdc_bioavailability_ma,"Chemprop v2 (CMPNN, ensemble=3)",Chemprop v2,train,19,CN[C@@H](C)[C@@H](O)c1ccccc1,1.0,0.6344732,
tdc_bioavailability_ma,"Chemprop v2 (CMPNN, ensemble=3)",Chemprop v2,train,20,CCOC(=O)C(C)(C)Oc1ccc(Cl)cc1,0.0,0.7409685,
tdc_bioavailability_ma,"Chemprop v2 (CMPNN, ensemble=3)",Chemprop v2,train,21,Cc1cccc(C)c1OCC(C)N,1.0,0.71390694,
tdc_bioavailability_ma,"Chemprop v2 (CMPNN, ensemble=3)",Chemprop v2,train,22,COc1cc(C)c(/C=C/C(C)=C/C=C/C(C)=C/C(=O)O)c(C)c1C,1.0,0.8113616,
tdc_bioavailability_ma,"Chemprop v2 (CMPNN, ensemble=3)",Chemprop v2,train,23,CCCN(CCC)S(=O)(=O)c1ccc(C(=O)O)cc1,1.0,0.7566276,
tdc_bioavailability_ma,"Chemprop v2 (CMPNN, ensemble=3)",Chemprop v2,train,24,CC(C)NC[C@H](O)COc1ccc(O)cc1,1.0,0.6817627,
tdc_bioavailability_ma,"Chemprop v2 (CMPNN, ensemble=3)",Chemprop v2,train,25,CCN(CC)CC(=O)Nc1c(C)cccc1C,1.0,0.73739487,
tdc_bioavailability_ma,"Chemprop v2 (CMPNN, ensemble=3)",Chemprop v2,train,26,CCCCNC(=O)NS(=O)(=O)c1ccc(C)cc1,1.0,0.76139253,
tdc_bioavailability_ma,"Chemprop v2 (CMPNN, ensemble=3)",Chemprop v2,train,27,C=CCc1ccccc1OCC(O)CNC(C)C,0.0,0.70151234,
tdc_bioavailability_ma,"Chemprop v2 (CMPNN, ensemble=3)",Chemprop v2,train,28,NC(=O)OCC(COC(N)=O)c1ccccc1,1.0,0.73907423,
tdc_bioavailability_ma,"Chemprop v2 (CMPNN, ensemble=3)",Chemprop v2,train,29,CCCCCCCN(CC)CCCC(O)c1ccc(NS(C)(=O)=O)cc1,0.0,0.71032065,
tdc_bioavailability_ma,"Chemprop v2 (CMPNN, ensemble=3)",Chemprop v2,train,30,N[C@@H](Cc1ccc(O)c(O)c1)C(=O)O,1.0,0.71269965,
tdc_bioavailability_ma,"Chemprop v2 (CMPNN, ensemble=3)",Chemprop v2,train,31,CNC[C@H](O)c1cccc(O)c1,1.0,0.6630685,
tdc_bioavailability_ma,"Chemprop v2 (CMPNN, ensemble=3)",Chemprop v2,train,32,C#CCN(C)[C@H](C)Cc1ccccc1,0.0,0.65466017,
tdc_bioavailability_ma,"Chemprop v2 (CMPNN, ensemble=3)",Chemprop v2,train,33,CCCC(=O)Nc1ccc(OCC(O)CNC(C)C)c(C(C)=O)c1,1.0,0.75803566,
tdc_bioavailability_ma,"Chemprop v2 (CMPNN, ensemble=3)",Chemprop v2,train,34,CC(C)NCC(O)COc1ccc(COCCOC(C)C)cc1,1.0,0.6917251,
tdc_bioavailability_ma,"Chemprop v2 (CMPNN, ensemble=3)",Chemprop v2,train,35,CCN(C)C(=O)Oc1cccc([C@H](C)N(C)C)c1,1.0,0.71558136,
tdc_bioavailability_ma,"Chemprop v2 (CMPNN, ensemble=3)",Chemprop v2,train,36,CCN(CC)C(=O)/C(C#N)=C/c1cc(O)c(O)c([N+](=O)[O-])c1,1.0,0.819961,
tdc_bioavailability_ma,"Chemprop v2 (CMPNN, ensemble=3)",Chemprop v2,train,37,CC(C)(C)NCC(O)c1cc(O)cc(O)c1,0.0,0.70205766,
tdc_bioavailability_ma,"Chemprop v2 (CMPNN, ensemble=3)",Chemprop v2,train,38,CCN(CC)CCNC(=O)c1cc(Br)c(N)cc1OC,1.0,0.7695407,
tdc_bioavailability_ma,"Chemprop v2 (CMPNN, ensemble=3)",Chemprop v2,train,39,CCN(CC)C(=O)Nc1ccc(OCC(O)CNC(C)(C)C)c(C(C)=O)c1,1.0,0.7722761,
tdc_bioavailability_ma,"Chemprop v2 (CMPNN, ensemble=3)",Chemprop v2,train,40,NCC(CC(=O)O)c1ccc(Cl)cc1,1.0,0.72058195,
tdc_bioavailability_ma,"Chemprop v2 (CMPNN, ensemble=3)",Chemprop v2,train,41,CC(NC(C)(C)C)C(=O)c1cccc(Cl)c1,1.0,0.7278404,
tdc_bioavailability_ma,"Chemprop v2 (CMPNN, ensemble=3)",Chemprop v2,train,42,N=C(N)NC(=O)Cc1c(Cl)cccc1Cl,1.0,0.78579944,
tdc_bioavailability_ma,"Chemprop v2 (CMPNN, ensemble=3)",Chemprop v2,train,43,O=C(N[C@H](CO)[C@H](O)c1ccc([N+](=O)[O-])cc1)C(Cl)Cl,1.0,0.70288366,
tdc_bioavailability_ma,"Chemprop v2 (CMPNN, ensemble=3)",Chemprop v2,train,44,N[C@@H](Cc1ccc(N(CCCl)CCCl)cc1)C(=O)O,1.0,0.73245114,
tdc_bioavailability_ma,"Chemprop v2 (CMPNN, ensemble=3)",Chemprop v2,train,45,C=CCOc1ccccc1OCC(O)CNC(C)C,1.0,0.71221876,
tdc_bioavailability_ma,"Chemprop v2 (CMPNN, ensemble=3)",Chemprop v2,train,46,COCCc1ccc(OCC(O)CNC(C)C)cc1,1.0,0.6944544,
tdc_bioavailability_ma,"Chemprop v2 (CMPNN, ensemble=3)",Chemprop v2,train,47,CC(C)NCC(O)c1ccc(NS(C)(=O)=O)cc1,1.0,0.71725434,
tdc_bioavailability_ma,"Chemprop v2 (CMPNN, ensemble=3)",Chemprop v2,train,48,CC(=O)Nc1ccc(OCC(O)CNC(C)C)cc1,1.0,0.7243609,
tdc_bioavailability_ma,"Chemprop v2 (CMPNN, ensemble=3)",Chemprop v2,train,49,CCOC(=O)Nc1ccc2c(c1)N(C(=O)CCN1CCOCC1)c1ccccc1S2,1.0,0.84145236,
tdc_bioavailability_ma,"Chemprop v2 (CMPNN, ensemble=3)",Chemprop v2,train,50,COC(=O)[C@H]1[C@@H](OC(=O)c2ccccc2)C[C@@H]2CC[C@H]1N2C,1.0,0.642165,
tdc_bioavailability_ma,"Chemprop v2 (CMPNN, ensemble=3)",Chemprop v2,train,51,NS(=O)(=O)c1cc2c(cc1Cl)NCNS2(=O)=O,1.0,0.8005023,
tdc_bioavailability_ma,"Chemprop v2 (CMPNN, ensemble=3)",Chemprop v2,train,52,NS(=O)(=O)c1cc2c(cc1C(F)(F)F)NCNS2(=O)=O,1.0,0.82636267,
tdc_bioavailability_ma,"Chemprop v2 (CMPNN, ensemble=3)",Chemprop v2,train,53,O=C1CN(/N=C/c2ccc([N+](=O)[O-])o2)C(=O)N1,1.0,0.80827475,
tdc_bioavailability_ma,"Chemprop v2 (CMPNN, ensemble=3)",Chemprop v2,train,54,CCCCNc1cc(C(=O)O)cc(S(N)(=O)=O)c1Oc1ccccc1,1.0,0.84497577,
tdc_bioavailability_ma,"Chemprop v2 (CMPNN, ensemble=3)",Chemprop v2,train,55,CC(C(=O)O)c1cccc(Oc2ccccc2)c1,1.0,0.7825759,
tdc_bioavailability_ma,"Chemprop v2 (CMPNN, ensemble=3)",Chemprop v2,train,56,COc1ccc([C@@H]2CC(=O)c3c(O)cc(O[C@@H]4O[C@H](CO[C@@H]5O[C@@H](C)[C@H](O)[C@@H](O)[C@H]5O)[C@@H](O)[C@H](O)[C@H]4O)cc3O2)cc1O,0.0,0.54318756,
tdc_bioavailability_ma,"Chemprop v2 (CMPNN, ensemble=3)",Chemprop v2,train,57,CCCc1nc2c(C)cc(-c3nc4ccccc4n3C)cc2n1Cc1ccc(-c2ccccc2C(=O)O)cc1,1.0,0.9540852,
tdc_bioavailability_ma,"Chemprop v2 (CMPNN, ensemble=3)",Chemprop v2,train,58,CC(C)N(CCC(C(N)=O)(c1ccccc1)c1ccccn1)C(C)C,1.0,0.7803688,
tdc_bioavailability_ma,"Chemprop v2 (CMPNN, ensemble=3)",Chemprop v2,train,59,CN(C)CCC(c1ccc(Cl)cc1)c1ccccn1,1.0,0.77602977,
tdc_bioavailability_ma,"Chemprop v2 (CMPNN, ensemble=3)",Chemprop v2,train,60,CN(C)CCC(c1ccccc1)c1ccccn1,1.0,0.7534654,
tdc_bioavailability_ma,"Chemprop v2 (CMPNN, ensemble=3)",Chemprop v2,train,61,CCN(CC)c1cc(C)nc2ncnn12,1.0,0.81169033,
tdc_bioavailability_ma,"Chemprop v2 (CMPNN, ensemble=3)",Chemprop v2,train,62,CC[C@H]1OC(=O)[C@H](C)[C@@H](O[C@H]2C[C@@](C)(OC)[C@@H](O)[C@H](C)O2)[C@H](C)[C@@H](O[C@@H]2O[C@H](C)C[C@H](N(C)C)[C@H]2O)[C@](C)(OC)C[C@@H](C)C(=O)[C@H](C)[C@@H](O)[C@]1(C)O,1.0,0.41424057,
tdc_bioavailability_ma,"Chemprop v2 (CMPNN, ensemble=3)",Chemprop v2,train,63,CC[C@H]1OC(=O)[C@H](C)[C@@H](O[C@H]2C[C@@](C)(OC)[C@@H](O)[C@H](C)O2)[C@H](C)[C@@H](O[C@@H]2O[C@H](C)C[C@H](N(C)C)[C@H]2O)[C@](C)(O)C[C@@H](C)C(=O)[C@H](C)[C@@H](O)[C@]1(C)O,1.0,0.41172513,
tdc_bioavailability_ma,"Chemprop v2 (CMPNN, ensemble=3)",Chemprop v2,train,64,COc1ccccc1Oc1c(NS(=O)(=O)c2ccc(C(C)(C)C)cc2)nc(-c2ncccn2)nc1OCCO,1.0,0.93486863,
tdc_bioavailability_ma,"Chemprop v2 (CMPNN, ensemble=3)",Chemprop v2,train,65,Nc1nc(=O)c2ncn(COCCO)c2[nH]1,0.0,0.80387396,
tdc_bioavailability_ma,"Chemprop v2 (CMPNN, ensemble=3)",Chemprop v2,train,66,Nc1nc(=O)c2ncn(CCC(CO)CO)c2[nH]1,1.0,0.7959523,
tdc_bioavailability_ma,"Chemprop v2 (CMPNN, ensemble=3)",Chemprop v2,train,67,CCCc1c2oc(C(=O)O)cc(=O)c2cc2c(=O)cc(C(=O)O)n(CC)c12,0.0,0.8930614,
tdc_bioavailability_ma,"Chemprop v2 (CMPNN, ensemble=3)",Chemprop v2,train,68,CN1[C@@H]2CC[C@H]1C[C@@H](OC(=O)c1c[nH]c3ccccc13)C2,1.0,0.7176985,
tdc_bioavailability_ma,"Chemprop v2 (CMPNN, ensemble=3)",Chemprop v2,train,69,Nc1nc2ccc(OC(F)(F)F)cc2s1,1.0,0.82433873,
tdc_bioavailability_ma,"Chemprop v2 (CMPNN, ensemble=3)",Chemprop v2,train,70,CO/N=C(\C(=O)N[C@@H]1C(=O)N2C(C(=O)O)=C(COC(N)=O)CS[C@H]12)c1ccco1,1.0,0.76640606,
tdc_bioavailability_ma,"Chemprop v2 (CMPNN, ensemble=3)",Chemprop v2,train,71,c1ccc(C2(N3CCCCC3)CCCCC2)cc1,1.0,0.6516337,
tdc_bioavailability_ma,"Chemprop v2 (CMPNN, ensemble=3)",Chemprop v2,train,72,NCC[C@H](O)C(=O)N[C@@H]1C[C@H](N)[C@@H](O[C@H]2O[C@H](CN)[C@@H](O)[C@H](O)[C@H]2O)[C@H](O)[C@H]1O[C@H]1O[C@H](CO)[C@@H](O)[C@H](N)[C@H]1O,0.0,0.39721468,
tdc_bioavailability_ma,"Chemprop v2 (CMPNN, ensemble=3)",Chemprop v2,train,73,NCC[C@H](O)C(=O)N[C@@H]1C[C@H](N)[C@@H](O[C@H]2O[C@H](CN)CC[C@H]2N)[C@H](O)[C@H]1O[C@H]1O[C@H](CO)[C@@H](O)[C@H](N)[C@H]1O,0.0,0.42173395,
tdc_bioavailability_ma,"Chemprop v2 (CMPNN, ensemble=3)",Chemprop v2,train,74,NC[C@H]1O[C@H](O[C@H]2[C@H](O)[C@@H](O[C@H]3O[C@H](CO)[C@@H](O)[C@H](N)[C@H]3O)[C@H](N)C[C@@H]2N)[C@H](N)C[C@@H]1O,0.0,0.41879025,
tdc_bioavailability_ma,"Chemprop v2 (CMPNN, ensemble=3)",Chemprop v2,train,75,NC[C@H]1O[C@H](O[C@H]2[C@H](O)[C@@H](O[C@H]3O[C@H](CO)[C@@H](O)[C@H](N)[C@H]3O)[C@H](N)C[C@@H]2N)[C@H](O)[C@@H](O)[C@@H]1O,0.0,0.40473488,
tdc_bioavailability_ma,"Chemprop v2 (CMPNN, ensemble=3)",Chemprop v2,train,76,CCC[C@H](N[C@@H](C)C(=O)N1[C@H](C(=O)O)C[C@@H]2CCCC[C@@H]21)C(=O)OCC,1.0,0.527426,
tdc_bioavailability_ma,"Chemprop v2 (CMPNN, ensemble=3)",Chemprop v2,train,77,C#C[C@]1(O)C=C[C@H]2[C@@H]3CCC4=CC(=O)CC[C@@H]4[C@H]3CC[C@@]21CC,1.0,0.50508004,
tdc_bioavailability_ma,"Chemprop v2 (CMPNN, ensemble=3)",Chemprop v2,train,78,N=C(N)c1ccc(OCCCCCOc2ccc(C(=N)N)cc2)cc1,0.0,0.82629603,
tdc_bioavailability_ma,"Chemprop v2 (CMPNN, ensemble=3)",Chemprop v2,train,79,COc1ccc2c(c1OC)C(=O)O[C@@H]2[C@H]1c2c(cc3c(c2OC)OCO3)CCN1C,1.0,0.82016677,
tdc_bioavailability_ma,"Chemprop v2 (CMPNN, ensemble=3)",Chemprop v2,train,80,Cc1nnc2n1-c1ccc(Cl)cc1C(c1ccccc1)=NC2,1.0,0.8890972,
tdc_bioavailability_ma,"Chemprop v2 (CMPNN, ensemble=3)",Chemprop v2,train,81,CN(C)Cc1nnc2n1-c1ccc(Cl)cc1C(c1ccccc1)=NC2,1.0,0.8896813,
tdc_bioavailability_ma,"Chemprop v2 (CMPNN, ensemble=3)",Chemprop v2,train,82,Cc1nnc2n1-c1ccc(Cl)cc1C(c1ccccc1Cl)=NC2,1.0,0.9013798,
tdc_bioavailability_ma,"Chemprop v2 (CMPNN, ensemble=3)",Chemprop v2,train,83,C[N+]1(CC2CC2)[C@@H]2C[C@@H](OC(=O)[C@H](CO)c3ccccc3)C[C@H]1[C@@H]1O[C@@H]12,0.0,0.43560353,
tdc_bioavailability_ma,"Chemprop v2 (CMPNN, ensemble=3)",Chemprop v2,train,84,CN1C[C@H](C(=O)N[C@]2(C)O[C@@]3(O)[C@@H]4CCCN4C(=O)[C@H](Cc4ccccc4)N3C2=O)C=C2c3cccc4[nH]cc(c34)C[C@H]21,0.0,0.663224,
tdc_bioavailability_ma,"Chemprop v2 (CMPNN, ensemble=3)",Chemprop v2,train,85,Cc1cc(=O)n(-c2ccccc2)n1C,1.0,0.7968504,
tdc_bioavailability_ma,"Chemprop v2 (CMPNN, ensemble=3)",Chemprop v2,train,86,CC(C)(Oc1ccc(CCNC(=O)c2ccc(Cl)cc2)cc1)C(=O)O,1.0,0.82129836,
tdc_bioavailability_ma,"Chemprop v2 (CMPNN, ensemble=3)",Chemprop v2,train,87,O=C1C(O)=C([C@H]2CC[C@H](c3ccc(Cl)cc3)CC2)C(=O)c2ccccc21,0.0,0.8060238,
tdc_bioavailability_ma,"Chemprop v2 (CMPNN, ensemble=3)",Chemprop v2,train,88,O=C(O)[C@H](CCc1ccccc1)N[C@H]1CCCN2CCC[C@@H](C(=O)O)N2C1=O,1.0,0.63176537,
tdc_bioavailability_ma,"Chemprop v2 (CMPNN, ensemble=3)",Chemprop v2,train,89,CCOC(=O)[C@H](CCc1ccccc1)N[C@H]1CCCN2CCC[C@@H](C(=O)O)N2C1=O,1.0,0.6392788,
tdc_bioavailability_ma,"Chemprop v2 (CMPNN, ensemble=3)",Chemprop v2,train,90,O=C(CCCN1CCC(O)(c2ccc(Cl)cc2)CC1)c1ccc(F)cc1,1.0,0.784303,
tdc_bioavailability_ma,"Chemprop v2 (CMPNN, ensemble=3)",Chemprop v2,train,91,COc1ccc(CCN(C)CCCC(C#N)(c2ccc(OC)c(OC)c2)C(C)C)cc1OC,1.0,0.81277925,
tdc_bioavailability_ma,"Chemprop v2 (CMPNN, ensemble=3)",Chemprop v2,train,92,COc1ccc(CCN(C)CCCC(C#N)(c2cc(OC)c(OC)c(OC)c2)C(C)C)cc1OC,0.0,0.82896394,
tdc_bioavailability_ma,"Chemprop v2 (CMPNN, ensemble=3)",Chemprop v2,train,93,CCC(=O)O[C@@H](O[P@](=O)(CCCCc1ccccc1)CC(=O)N1C[C@H](C2CCCCC2)C[C@H]1C(=O)O)C(C)C,1.0,0.61585563,
tdc_bioavailability_ma,"Chemprop v2 (CMPNN, ensemble=3)",Chemprop v2,train,94,Cc1nnc(SCC2=C(C(=O)O)N3C(=O)[C@@H](NC(=O)Cn4cnnn4)[C@H]3SC2)s1,1.0,0.8427,
tdc_bioavailability_ma,"Chemprop v2 (CMPNN, ensemble=3)",Chemprop v2,train,95,COc1ccc(C2CNC(=O)C2)cc1OC1CCCC1,1.0,0.72169155,
tdc_bioavailability_ma,"Chemprop v2 (CMPNN, ensemble=3)",Chemprop v2,train,96,C#C[C@]1(O)CC[C@H]2[C@@H]3CCC4=CCCC[C@@H]4[C@H]3CC[C@@]21C,1.0,0.5029809,
tdc_bioavailability_ma,"Chemprop v2 (CMPNN, ensemble=3)",Chemprop v2,train,97,Nc1nc(F)nc2c1ncn2[C@@H]1O[C@H](CO)[C@@H](O)[C@@H]1O,1.0,0.70636773,
tdc_bioavailability_ma,"Chemprop v2 (CMPNN, ensemble=3)",Chemprop v2,train,98,Nc1ncnc2c1ncn2[C@@H]1O[C@H](CO)[C@@H](O)[C@@H]1O,0.0,0.6774489,
tdc_bioavailability_ma,"Chemprop v2 (CMPNN, ensemble=3)",Chemprop v2,train,99,Nc1nc(Cl)nc2c1ncn2[C@H]1C[C@H](O)[C@@H](CO)O1,1.0,0.7617652,
tdc_bioavailability_ma,"Chemprop v2 (CMPNN, ensemble=3)",Chemprop v2,train,100,NS(=O)(=O)Cc1noc2ccccc12,1.0,0.7893837,
tdc_bioavailability_ma,"Chemprop v2 (CMPNN, ensemble=3)",Chemprop v2,train,101,NS(=O)(=O)c1cc2c(cc1Cl)NC=NS2(=O)=O,0.0,0.8228211,
tdc_bioavailability_ma,"Chemprop v2 (CMPNN, ensemble=3)",Chemprop v2,train,102,CC1=NS(=O)(=O)c2cc(Cl)ccc2N1,1.0,0.7932713,
tdc_bioavailability_ma,"Chemprop v2 (CMPNN, ensemble=3)",Chemprop v2,train,103,Nc1ccc(S(=O)(=O)c2ccc(N)cc2)cc1,1.0,0.8112491,
tdc_bioavailability_ma,"Chemprop v2 (CMPNN, ensemble=3)",Chemprop v2,train,104,Cc1onc(-c2ccccc2Cl)c1C(=O)N[C@@H]1C(=O)N2[C@@H]1SC(C)(C)[C@@H]2C(=O)O,1.0,0.7602572,
tdc_bioavailability_ma,"Chemprop v2 (CMPNN, ensemble=3)",Chemprop v2,train,105,Cc1onc(-c2ccccc2)c1C(=O)N[C@@H]1C(=O)N2[C@@H]1SC(C)(C)[C@@H]2C(=O)O,1.0,0.7354636,
tdc_bioavailability_ma,"Chemprop v2 (CMPNN, ensemble=3)",Chemprop v2,train,106,Cc1onc(-c2c(Cl)cccc2Cl)c1C(=O)N[C@@H]1C(=O)N2[C@@H]1SC(C)(C)[C@@H]2C(=O)O,1.0,0.78343916,
tdc_bioavailability_ma,"Chemprop v2 (CMPNN, ensemble=3)",Chemprop v2,train,107,O=C(O)CCC(=O)c1ccc(-c2ccccc2)cc1,1.0,0.8013833,
tdc_bioavailability_ma,"Chemprop v2 (CMPNN, ensemble=3)",Chemprop v2,train,108,O=C(O)c1cc(-c2ccc(F)cc2F)ccc1O,1.0,0.8329928,
tdc_bioavailability_ma,"Chemprop v2 (CMPNN, ensemble=3)",Chemprop v2,train,109,CC(C(=O)O)c1ccc(-c2ccccc2)c(F)c1,1.0,0.794424,
tdc_bioavailability_ma,"Chemprop v2 (CMPNN, ensemble=3)",Chemprop v2,train,110,CN(C)C(=O)C(CCN1CCC(O)(c2ccc(Cl)cc2)CC1)(c1ccccc1)c1ccccc1,1.0,0.8275518,
tdc_bioavailability_ma,"Chemprop v2 (CMPNN, ensemble=3)",Chemprop v2,train,111,COc1cc2nc(N3CCN(C(=O)c4ccco4)CC3)nc(N)c2cc1OC,1.0,0.8905697,
tdc_bioavailability_ma,"Chemprop v2 (CMPNN, ensemble=3)",Chemprop v2,train,112,O=C(NCCNCC(O)COc1ccc(O)cc1)N1CCOCC1,0.0,0.72408396,
tdc_bioavailability_ma,"Chemprop v2 (CMPNN, ensemble=3)",Chemprop v2,train,113,CC1=C(C(=O)O)N2C(=O)[C@@H](NC(=O)[C@H](N)c3ccc(O)cc3)[C@H]2SC1,1.0,0.6981473,
tdc_bioavailability_ma,"Chemprop v2 (CMPNN, ensemble=3)",Chemprop v2,train,114,CC1=C(C(=O)O)N2C(=O)[C@@H](NC(=O)[C@H](N)c3ccccc3)[C@H]2SC1,1.0,0.6831944,
tdc_bioavailability_ma,"Chemprop v2 (CMPNN, ensemble=3)",Chemprop v2,train,115,CC=CC1=C(C(=O)O)N2C(=O)[C@@H](NC(=O)[C@H](N)c3ccc(O)cc3)[C@H]2SC1,1.0,0.71098703,
tdc_bioavailability_ma,"Chemprop v2 (CMPNN, ensemble=3)",Chemprop v2,train,116,N[C@@H](C(=O)N[C@@H]1C(=O)N2C(C(=O)O)=C(Cl)CS[C@H]12)c1ccccc1,1.0,0.6854291,
tdc_bioavailability_ma,"Chemprop v2 (CMPNN, ensemble=3)",Chemprop v2,train,117,CN1CCN(C2=Nc3cc(Cl)ccc3Nc3ccccc32)CC1,1.0,0.83336467,
tdc_bioavailability_ma,"Chemprop v2 (CMPNN, ensemble=3)",Chemprop v2,train,118,CN(C)CCN(Cc1cccs1)c1ccccn1,0.0,0.7718992,
tdc_bioavailability_ma,"Chemprop v2 (CMPNN, ensemble=3)",Chemprop v2,train,119,CCC(=O)N(c1ccccc1)C1CCN(CCc2ccccc2)CC1,0.0,0.7605875,
tdc_bioavailability_ma,"Chemprop v2 (CMPNN, ensemble=3)",Chemprop v2,train,120,CC(C)(C)NC(=O)[C@@H]1C[C@@H]2CCCC[C@@H]2CN1C[C@@H](O)[C@H](Cc1ccccc1)NC(=O)[C@H](CC(N)=O)NC(=O)c1ccc2ccccc2n1,0.0,0.7176458,
tdc_bioavailability_ma,"Chemprop v2 (CMPNN, ensemble=3)",Chemprop v2,train,121,CO[C@@H]1[C@@H](O[C@@H]2O[C@H](C)[C@@H](O[C@H]3C[C@@](C)(O)[C@@H](O)[C@H](C)O3)[C@H](N(C)C)[C@H]2O)[C@@H](CC=O)C[C@@H](C)[C@@H](O[C@H]2CC[C@H](N(C)C)[C@H](C)O2)/C=C/C=C/C[C@@H](C)OC(=O)C[C@H]1O,1.0,0.39561138,
tdc_bioavailability_ma,"Chemprop v2 (CMPNN, ensemble=3)",Chemprop v2,train,122,CN(C)CC(Oc1ccccc1)Oc1ccccc1,1.0,0.7594282,
tdc_bioavailability_ma,"Chemprop v2 (CMPNN, ensemble=3)",Chemprop v2,train,123,CN1CCC[C@@H]1Cc1c[nH]c2ccc(CCS(=O)(=O)c3ccccc3)cc12,1.0,0.8062341,
tdc_bioavailability_ma,"Chemprop v2 (CMPNN, ensemble=3)",Chemprop v2,train,124,OC(CNCC(O)C1CCc2cc(F)ccc2O1)C1CCc2cc(F)ccc2O1,1.0,0.7764032,
tdc_bioavailability_ma,"Chemprop v2 (CMPNN, ensemble=3)",Chemprop v2,train,125,O=C(NC1CCN(CCc2c[nH]c3ccccc23)CC1)c1ccccc1,0.0,0.8019373,
tdc_bioavailability_ma,"Chemprop v2 (CMPNN, ensemble=3)",Chemprop v2,train,126,NC(=O)c1ncn([C@@H]2O[C@H](CO)[C@@H](O)[C@H]2O)n1,1.0,0.6267581,
tdc_bioavailability_ma,"Chemprop v2 (CMPNN, ensemble=3)",Chemprop v2,train,127,CC(C)NCC(O)COc1ccc(CCOCC2CC2)cc1,1.0,0.684114,
tdc_bioavailability_ma,"Chemprop v2 (CMPNN, ensemble=3)",Chemprop v2,train,128,C[C@@H](O)[C@H]1C(=O)N2C(C(=O)O)=C(S[C@@H]3CN[C@H](C(=O)N(C)C)C3)[C@H](C)[C@H]12,0.0,0.52287984,
tdc_bioavailability_ma,"Chemprop v2 (CMPNN, ensemble=3)",Chemprop v2,train,129,C[C@@H]1O[C@@H](O[C@@H]2C=C3CC[C@@H]4[C@H](CC[C@]5(C)[C@@H](c6ccc(=O)oc6)CC[C@]45O)[C@@]3(C)CC2)[C@H](O)[C@H](O)[C@H]1O,0.0,0.44228688,
tdc_bioavailability_ma,"Chemprop v2 (CMPNN, ensemble=3)",Chemprop v2,train,130,Nc1ccn([C@@H]2O[C@H](CO)[C@@H](O)[C@@H]2O)c(=O)n1,0.0,0.6054967,
tdc_bioavailability_ma,"Chemprop v2 (CMPNN, ensemble=3)",Chemprop v2,train,131,Nc1ccn([C@H]2CC[C@@H](CO)O2)c(=O)n1,1.0,0.69868726,
tdc_bioavailability_ma,"Chemprop v2 (CMPNN, ensemble=3)",Chemprop v2,train,132,Cc1cc2c(s1)Nc1ccccc1N=C2N1CCN(C)CC1,1.0,0.8210919,
tdc_bioavailability_ma,"Chemprop v2 (CMPNN, ensemble=3)",Chemprop v2,train,133,O=C1NS(=O)(=O)c2ccccc21,1.0,0.7626309,
tdc_bioavailability_ma,"Chemprop v2 (CMPNN, ensemble=3)",Chemprop v2,train,134,Cn1nnc2c(C(N)=O)ncn2c1=O,1.0,0.84049195,
tdc_bioavailability_ma,"Chemprop v2 (CMPNN, ensemble=3)",Chemprop v2,train,135,CC1=CC[C@@H](C(C)(C)O)C[C@@H]1O,1.0,0.564671,
tdc_bioavailability_ma,"Chemprop v2 (CMPNN, ensemble=3)",Chemprop v2,train,136,CC1=C(/C=C/C(C)=C/C=C/C(C)=C\C(=O)O)C(C)(C)CCC1,1.0,0.7115755,
tdc_bioavailability_ma,"Chemprop v2 (CMPNN, ensemble=3)",Chemprop v2,train,137,C[C@H]1O[C@@H](O[C@H]2[C@@H](O)C[C@H](O[C@H]3[C@@H](O)C[C@H](O[C@H]4CC[C@@]5(C)[C@H](CC[C@@H]6[C@@H]5C[C@@H](O)[C@]5(C)[C@@H](C7=CC(=O)OC7)CC[C@]65O)C4)O[C@@H]3C)O[C@@H]2C)C[C@H](O)[C@@H]1O,1.0,0.37726596,
tdc_bioavailability_ma,"Chemprop v2 (CMPNN, ensemble=3)",Chemprop v2,train,138,C[C@H]1O[C@@H](O[C@H]2[C@@H](O)C[C@H](O[C@H]3[C@@H](O)C[C@H](O[C@H]4CC[C@@]5(C)[C@H](CC[C@@H]6[C@@H]5CC[C@]5(C)[C@@H](C7=CC(=O)OC7)CC[C@]65O)C4)O[C@@H]3C)O[C@@H]2C)C[C@H](O)[C@@H]1O,1.0,0.38721207,
tdc_bioavailability_ma,"Chemprop v2 (CMPNN, ensemble=3)",Chemprop v2,train,139,N[C@@H]1[C@H]2CN(c3nc4c(cc3F)c(=O)c(C(=O)O)cn4-c3ccc(F)cc3F)C[C@@H]12,1.0,0.8714452,
tdc_bioavailability_ma,"Chemprop v2 (CMPNN, ensemble=3)",Chemprop v2,train,140,CN(C)CCCOc1nn(Cc2ccccc2)c2ccccc12,1.0,0.8325984,
tdc_bioavailability_ma,"Chemprop v2 (CMPNN, ensemble=3)",Chemprop v2,train,141,CC(C)=CCN1CC[C@@]2(C)c3cc(O)ccc3C[C@@H]1[C@@H]2C,0.0,0.62178355,
tdc_bioavailability_ma,"Chemprop v2 (CMPNN, ensemble=3)",Chemprop v2,train,142,CN(C)CCCOC1(Cc2ccccc2)CCCCCC1,1.0,0.6639468,
tdc_bioavailability_ma,"Chemprop v2 (CMPNN, ensemble=3)",Chemprop v2,train,143,CC[N+]1(C)[C@@H]2C[C@@H](OC(=O)[C@H](CO)c3ccccc3)C[C@H]1[C@@H]1O[C@@H]12,0.0,0.44042602,
tdc_bioavailability_ma,"Chemprop v2 (CMPNN, ensemble=3)",Chemprop v2,train,144,NS(=O)(=O)c1cc(C(=O)O)cc(N2CCCC2)c1Oc1ccccc1,1.0,0.84628993,
tdc_bioavailability_ma,"Chemprop v2 (CMPNN, ensemble=3)",Chemprop v2,train,145,CC[C@@H](C(N)=O)N1CCCC1=O,1.0,0.62314874,
tdc_bioavailability_ma,"Chemprop v2 (CMPNN, ensemble=3)",Chemprop v2,train,146,COc1cc2nc(N(C)CCCNC(=O)C3CCCO3)nc(N)c2cc1OC,1.0,0.8402583,
tdc_bioavailability_ma,"Chemprop v2 (CMPNN, ensemble=3)",Chemprop v2,train,147,CN1CCOC(c2ccccc2)c2ccccc2C1,1.0,0.7451601,
tdc_bioavailability_ma,"Chemprop v2 (CMPNN, ensemble=3)",Chemprop v2,train,148,CC(C)(C)NC(=O)[C@H]1CC[C@H]2[C@@H]3CC[C@H]4NC(=O)C=C[C@]4(C)[C@H]3CC[C@]12C,1.0,0.50627595,
tdc_bioavailability_ma,"Chemprop v2 (CMPNN, ensemble=3)",Chemprop v2,train,149,COc1ccc2c3c1O[C@H]1[C@@H](O)CC[C@H]4[C@@H](C2)N(C)CC[C@@]341,0.0,0.60379964,
tdc_bioavailability_ma,"Chemprop v2 (CMPNN, ensemble=3)",Chemprop v2,train,150,NC(N)=NCCN1CCCCCCC1,0.0,0.633214,
tdc_bioavailability_ma,"Chemprop v2 (CMPNN, ensemble=3)",Chemprop v2,train,151,NC12CC3CC(CC(C3)C1)C2,1.0,0.56997555,
tdc_bioavailability_ma,"Chemprop v2 (CMPNN, ensemble=3)",Chemprop v2,train,152,O=C1c2ccccc2C(=O)C1c1ccccc1,1.0,0.7969721,
tdc_bioavailability_ma,"Chemprop v2 (CMPNN, ensemble=3)",Chemprop v2,train,153,CN(C)CCOC1=Cc2ccccc2Sc2ccc(Cl)cc21,0.0,0.8247485,
tdc_bioavailability_ma,"Chemprop v2 (CMPNN, ensemble=3)",Chemprop v2,train,154,Cc1noc(NS(=O)(=O)c2ccc(N)cc2)c1C,1.0,0.8274436,
tdc_bioavailability_ma,"Chemprop v2 (CMPNN, ensemble=3)",Chemprop v2,train,155,Cc1ccccc1N1C(=O)c2cc(S(N)(=O)=O)c(Cl)cc2NC1C,1.0,0.855166,
tdc_bioavailability_ma,"Chemprop v2 (CMPNN, ensemble=3)",Chemprop v2,train,156,O=C(c1ccccc1)c1ccc2n1CCC2C(=O)O,1.0,0.7993303,
tdc_bioavailability_ma,"Chemprop v2 (CMPNN, ensemble=3)",Chemprop v2,train,157,CC(C)(C)NC[C@H](O)COc1ccccc1C1CCCC1,1.0,0.6666369,
tdc_bioavailability_ma,"Chemprop v2 (CMPNN, ensemble=3)",Chemprop v2,train,158,CCC1(c2ccccc2)C(=O)NCNC1=O,1.0,0.73582715,
tdc_bioavailability_ma,"Chemprop v2 (CMPNN, ensemble=3)",Chemprop v2,train,159,c1ccc(C2(c3ccccc3)CC2C2=NCCN2)cc1,1.0,0.7522319,
tdc_bioavailability_ma,"Chemprop v2 (CMPNN, ensemble=3)",Chemprop v2,train,160,NC(=O)N1c2ccccc2C=Cc2ccccc21,1.0,0.8288862,
tdc_bioavailability_ma,"Chemprop v2 (CMPNN, ensemble=3)",Chemprop v2,train,161,CCOc1ccc(/C=C2\NCCc3cc(OCC)c(OCC)cc32)cc1OCC,1.0,0.84877604,
tdc_bioavailability_ma,"Chemprop v2 (CMPNN, ensemble=3)",Chemprop v2,train,162,CN(Cc1cnc2nc(N)nc(N)c2n1)c1ccc(C(=O)N[C@@H](CCC(=O)O)C(=O)O)cc1,1.0,0.90075535,
tdc_bioavailability_ma,"Chemprop v2 (CMPNN, ensemble=3)",Chemprop v2,train,163,NC[C@@H]1O[C@H](O[C@H]2[C@@H](O)[C@H](O[C@@H]3[C@@H](O)[C@H](N)C[C@H](N)[C@H]3O[C@H]3O[C@H](CO)[C@@H](O)[C@H](O)[C@H]3N)O[C@@H]2CO)[C@H](N)[C@@H](O)[C@@H]1O,0.0,0.3699777,
tdc_bioavailability_ma,"Chemprop v2 (CMPNN, ensemble=3)",Chemprop v2,train,164,Cc1cn([C@H]2C=C[C@@H](CO)O2)c(=O)[nH]c1=O,1.0,0.698803,
tdc_bioavailability_ma,"Chemprop v2 (CMPNN, ensemble=3)",Chemprop v2,train,165,CC(C)(C)NCC(O)COc1cccc2c1C[C@H](O)[C@H](O)C2,1.0,0.637243,
tdc_bioavailability_ma,"Chemprop v2 (CMPNN, ensemble=3)",Chemprop v2,train,166,O=C(NCCN1CCOCC1)c1ccc(Cl)cc1,1.0,0.727011,
tdc_bioavailability_ma,"Chemprop v2 (CMPNN, ensemble=3)",Chemprop v2,train,167,CC1(C)S[C@@H]2[C@H](N=CN3CCCCCC3)C(=O)N2[C@H]1C(=O)O,0.0,0.5427716,
tdc_bioavailability_ma,"Chemprop v2 (CMPNN, ensemble=3)",Chemprop v2,train,168,Cn1c(=O)c2c(ncn2C)n(C)c1=O,1.0,0.8203772,
tdc_bioavailability_ma,"Chemprop v2 (CMPNN, ensemble=3)",Chemprop v2,train,169,CC(=O)CCCCn1c(=O)c2c(ncn2C)n(C)c1=O,1.0,0.828494,
tdc_bioavailability_ma,"Chemprop v2 (CMPNN, ensemble=3)",Chemprop v2,train,170,Cn1c(=O)c2[nH]cnc2n(C)c1=O,1.0,0.80962545,
tdc_bioavailability_ma,"Chemprop v2 (CMPNN, ensemble=3)",Chemprop v2,train,171,CC(O)Cn1cnc2c1c(=O)n(C)c(=O)n2C,1.0,0.81321746,
tdc_bioavailability_ma,"Chemprop v2 (CMPNN, ensemble=3)",Chemprop v2,train,172,CC[C@H]1OC(=O)[C@H](C)C(=O)[C@H](C)[C@@H](O[C@@H]2O[C@H](C)C[C@H](N(C)C)[C@H]2O)[C@](C)(OC)C[C@@H](C)C(=O)[C@H](C)[C@H]2N(CCCCn3cnc(-c4cccnc4)c3)C(=O)O[C@]12C,1.0,0.52304053,
tdc_bioavailability_ma,"Chemprop v2 (CMPNN, ensemble=3)",Chemprop v2,train,173,N[C@H]1C(O)O[C@H](CO)[C@@H](O)[C@@H]1O,1.0,0.5120396,
tdc_bioavailability_ma,"Chemprop v2 (CMPNN, ensemble=3)",Chemprop v2,train,174,CN(N=O)C(=O)N[C@@H]1[C@@H](O)[C@H](O)[C@@H](CO)O[C@@H]1O,1.0,0.5276099,
tdc_bioavailability_ma,"Chemprop v2 (CMPNN, ensemble=3)",Chemprop v2,train,175,CC[P](CC)(CC)=[Au][S][C@@H]1O[C@H](COC(C)=O)[C@@H](OC(C)=O)[C@H](OC(C)=O)[C@H]1OC(C)=O,0.0,0.5178595,
tdc_bioavailability_ma,"Chemprop v2 (CMPNN, ensemble=3)",Chemprop v2,train,176,Oc1c(Cl)cc(Cl)c2cccnc12,1.0,0.8101263,
tdc_bioavailability_ma,"Chemprop v2 (CMPNN, ensemble=3)",Chemprop v2,train,177,CCN(CCO)CCCC(C)Nc1ccnc2cc(Cl)ccc12,1.0,0.7740627,
tdc_bioavailability_ma,"Chemprop v2 (CMPNN, ensemble=3)",Chemprop v2,train,178,CCN(CC)CCCC(C)Nc1ccnc2cc(Cl)ccc12,1.0,0.77867365,
tdc_bioavailability_ma,"Chemprop v2 (CMPNN, ensemble=3)",Chemprop v2,train,179,COc1cc(NC(C)CCCN)c2ncccc2c1,1.0,0.77876663,
tdc_bioavailability_ma,"Chemprop v2 (CMPNN, ensemble=3)",Chemprop v2,train,180,O=c1[nH]c2ccccc2n1CCCN1CCC(n2c(=O)[nH]c3cc(Cl)ccc32)CC1,0.0,0.8711198,
tdc_bioavailability_ma,"Chemprop v2 (CMPNN, ensemble=3)",Chemprop v2,train,181,COC(=O)C1=C(C)NC(C)=C(C(=O)O[C@H]2CCN(Cc3ccccc3)C2)[C@H]1c1cccc([N+](=O)[O-])c1,0.0,0.8336413,
tdc_bioavailability_ma,"Chemprop v2 (CMPNN, ensemble=3)",Chemprop v2,train,182,O=C(NCCO[N+](=O)[O-])c1cccnc1,1.0,0.759082,
tdc_bioavailability_ma,"Chemprop v2 (CMPNN, ensemble=3)",Chemprop v2,train,183,COc1nc(C(Cl)(Cl)Cl)c(Cl)c(OC)c1Cl,1.0,0.8449022,
tdc_bioavailability_ma,"Chemprop v2 (CMPNN, ensemble=3)",Chemprop v2,train,184,NNC(=O)c1ccncc1,1.0,0.7317888,
tdc_bioavailability_ma,"Chemprop v2 (CMPNN, ensemble=3)",Chemprop v2,train,185,Clc1ccc(COC(Cn2ccnc2)c2ccc(Cl)cc2Cl)c(Cl)c1,1.0,0.86829686,
tdc_bioavailability_ma,"Chemprop v2 (CMPNN, ensemble=3)",Chemprop v2,train,186,CN1CCc2cccc3c2[C@H]1Cc1ccc(O)c(O)c1-3,0.0,0.7815008,
tdc_bioavailability_ma,"Chemprop v2 (CMPNN, ensemble=3)",Chemprop v2,train,187,COC1=CC(=O)C[C@@H](C)[C@]12Oc1c(Cl)c(OC)cc(OC)c1C2=O,1.0,0.76502854,
tdc_bioavailability_ma,"Chemprop v2 (CMPNN, ensemble=3)",Chemprop v2,train,188,Cn1cnc([N+](=O)[O-])c1Sc1ncnc2nc[nH]c12,1.0,0.8745126,
tdc_bioavailability_ma,"Chemprop v2 (CMPNN, ensemble=3)",Chemprop v2,train,189,O=C(c1ccc(F)cc1)C1CCN(CCn2c(=O)[nH]c3ccccc3c2=O)CC1,1.0,0.85101706,
tdc_bioavailability_ma,"Chemprop v2 (CMPNN, ensemble=3)",Chemprop v2,train,190,COc1ccc(CCN2CCC(Nc3nc4ccccc4n3Cc3ccc(F)cc3)CC2)cc1,0.0,0.8766857,
tdc_bioavailability_ma,"Chemprop v2 (CMPNN, ensemble=3)",Chemprop v2,train,191,CNC(=C[N+](=O)[O-])NCCSCc1ccc(CN(C)C)o1,1.0,0.7462301,
tdc_bioavailability_ma,"Chemprop v2 (CMPNN, ensemble=3)",Chemprop v2,train,192,CN(CCOc1ccc(NS(C)(=O)=O)cc1)CCc1ccc(NS(C)(=O)=O)cc1,1.0,0.82537776,
tdc_bioavailability_ma,"Chemprop v2 (CMPNN, ensemble=3)",Chemprop v2,train,193,CCOc1ccccc1OCCN[C@H](C)Cc1ccc(OC)c(S(N)(=O)=O)c1,1.0,0.8129034,
tdc_bioavailability_ma,"Chemprop v2 (CMPNN, ensemble=3)",Chemprop v2,train,194,O=C(CCCN1CC=C(n2c(=O)[nH]c3ccccc32)CC1)c1ccc(F)cc1,1.0,0.8551715,
tdc_bioavailability_ma,"Chemprop v2 (CMPNN, ensemble=3)",Chemprop v2,train,195,CN1C[C@H](C(=O)N[C@]2(C)O[C@@]3(O)[C@@H]4CCCN4C(=O)[C@H](Cc4ccccc4)N3C2=O)C[C@@H]2c3cccc4[nH]cc(c34)C[C@H]21,0.0,0.6138418,
tdc_bioavailability_ma,"Chemprop v2 (CMPNN, ensemble=3)",Chemprop v2,train,196,Nc1ncnc2c1ncn2CCOCP(=O)(O)O,0.0,0.77853805,
tdc_bioavailability_ma,"Chemprop v2 (CMPNN, ensemble=3)",Chemprop v2,train,197,C[C@H](Cn1cnc2c(N)ncnc21)OCP(=O)(O)O,1.0,0.7577246,
tdc_bioavailability_ma,"Chemprop v2 (CMPNN, ensemble=3)",Chemprop v2,train,198,CC(=O)OCC(CCn1cnc2cnc(N)nc21)COC(C)=O,1.0,0.8262696,
tdc_bioavailability_ma,"Chemprop v2 (CMPNN, ensemble=3)",Chemprop v2,train,199,C[C@H](NCCc1ccc(O)cc1)[C@H](O)c1ccc(O)cc1,1.0,0.71285534,
tdc_bioavailability_ma,"Chemprop v2 (CMPNN, ensemble=3)",Chemprop v2,train,200,CC(Cc1ccc(O)cc1)NCC(O)c1cc(O)cc(O)c1,0.0,0.76660126,
tdc_bioavailability_ma,"Chemprop v2 (CMPNN, ensemble=3)",Chemprop v2,train,201,S=c1nc[nH]c2nc[nH]c12,0.0,0.7772742,
tdc_bioavailability_ma,"Chemprop v2 (CMPNN, ensemble=3)",Chemprop v2,train,202,CCc1c2c(nc3ccc(OC(=O)N4CCC(N5CCCCC5)CC4)cc13)-c1cc3c(c(=O)n1C2)COC(=O)[C@]3(O)CC,0.0,0.8812333,
tdc_bioavailability_ma,"Chemprop v2 (CMPNN, ensemble=3)",Chemprop v2,train,203,C=CCNc1nc(NCC=C)nc(N2CCN(C(c3ccc(F)cc3)c3ccc(F)cc3)CC2)n1,1.0,0.8873182,
tdc_bioavailability_ma,"Chemprop v2 (CMPNN, ensemble=3)",Chemprop v2,train,204,CC(C)N=c1cc2n(-c3ccc(Cl)cc3)c3ccccc3nc-2cc1Nc1ccc(Cl)cc1,1.0,0.93472457,
tdc_bioavailability_ma,"Chemprop v2 (CMPNN, ensemble=3)",Chemprop v2,train,205,CCOC(=O)[C@H](CCc1ccccc1)N[C@@H](C)C(=O)N1Cc2ccccc2C[C@H]1C(=O)O,1.0,0.734947,
tdc_bioavailability_ma,"Chemprop v2 (CMPNN, ensemble=3)",Chemprop v2,train,206,O=C(CCCN1CCC(n2c(O)nc3ccccc32)CC1)c1ccc(F)cc1,1.0,0.83590126,
tdc_bioavailability_ma,"Chemprop v2 (CMPNN, ensemble=3)",Chemprop v2,train,207,CC(C)n1c(/C=C/[C@H](O)C[C@H](O)CC(=O)O)c(-c2ccc(F)cc2)c2ccccc21,1.0,0.8141393,
tdc_bioavailability_ma,"Chemprop v2 (CMPNN, ensemble=3)",Chemprop v2,train,208,CC1(C)O[C@@H]2C[C@H]3[C@@H]4C[C@H](F)C5=CC(=O)C=C[C@]5(C)[C@H]4[C@@H](O)C[C@]3(C)[C@]2(C(=O)CO)O1,0.0,0.4758381,
tdc_bioavailability_ma,"Chemprop v2 (CMPNN, ensemble=3)",Chemprop v2,train,209,CCCC1O[C@@H]2C[C@H]3[C@@H]4CCC5=CC(=O)C=C[C@]5(C)[C@H]4[C@@H](O)C[C@]3(C)[C@]2(C(=O)CO)O1,0.0,0.4789108,
tdc_bioavailability_ma,"Chemprop v2 (CMPNN, ensemble=3)",Chemprop v2,train,210,COc1cc2c(c(OC)c1OC)-c1ccc(OC)c(=O)cc1C(NC(C)=O)CC2,1.0,0.8643167,
tdc_bioavailability_ma,"Chemprop v2 (CMPNN, ensemble=3)",Chemprop v2,train,211,C=C1/C(=C\C=C2/CCC[C@]3(C)[C@@H]([C@H](C)CCCC(C)(C)O)CC[C@@H]23)C[C@@H](O)C[C@@H]1O,1.0,0.5169453,
tdc_bioavailability_ma,"Chemprop v2 (CMPNN, ensemble=3)",Chemprop v2,train,212,CO[C@]12CC[C@@]3(C[C@@H]1[C@](C)(O)C(C)(C)C)[C@H]1Cc4ccc(O)c5c4[C@@]3(CCN1CC1CC1)[C@H]2O5,1.0,0.531867,
tdc_bioavailability_ma,"Chemprop v2 (CMPNN, ensemble=3)",Chemprop v2,train,213,CC(C)(O/N=C(\C(=O)N[C@@H]1C(=O)N2C(C(=O)[O-])=C(C[n+]3ccccc3)CS[C@H]12)c1csc(N)n1)C(=O)O,0.0,0.8055,
tdc_bioavailability_ma,"Chemprop v2 (CMPNN, ensemble=3)",Chemprop v2,train,214,CCC1(c2cccc(O)c2)CCCCN(C)C1,0.0,0.6784787,
tdc_bioavailability_ma,"Chemprop v2 (CMPNN, ensemble=3)",Chemprop v2,train,215,C[C@@H](O[C@H]1OCCN(Cc2n[nH]c(=O)[nH]2)[C@H]1c1ccc(F)cc1)c1cc(C(F)(F)F)cc(C(F)(F)F)c1,1.0,0.86253566,
tdc_bioavailability_ma,"Chemprop v2 (CMPNN, ensemble=3)",Chemprop v2,train,216,CC1(C)S[C@@H]2[C@H](NC(=O)[C@H](C(=O)O)c3ccsc3)C(=O)N2[C@H]1C(=O)O,0.0,0.5910886,
tdc_bioavailability_ma,"Chemprop v2 (CMPNN, ensemble=3)",Chemprop v2,train,217,COc1ccccc1N1CCN(CCCNc2cc(=O)n(C)c(=O)n2C)CC1,1.0,0.8294015,
tdc_bioavailability_ma,"Chemprop v2 (CMPNN, ensemble=3)",Chemprop v2,train,218,NS(=O)(=O)c1cc(C(=O)O)c(NCc2ccco2)cc1Cl,1.0,0.842895,
tdc_bioavailability_ma,"Chemprop v2 (CMPNN, ensemble=3)",Chemprop v2,train,219,CCOC(=O)C1(c2ccccc2)CCN(C)CC1,1.0,0.69826716,
tdc_bioavailability_ma,"Chemprop v2 (CMPNN, ensemble=3)",Chemprop v2,train,220,CCC(=O)C1(c2cccc(O)c2)CCN(C)CC1,1.0,0.7003434,
tdc_bioavailability_ma,"Chemprop v2 (CMPNN, ensemble=3)",Chemprop v2,train,221,CN[C@@H]1CCc2[nH]c3ccc(C(N)=O)cc3c2C1,1.0,0.76767,
tdc_bioavailability_ma,"Chemprop v2 (CMPNN, ensemble=3)",Chemprop v2,train,222,CN1CCN(C(=O)OC2c3nccnc3C(=O)N2c2ccc(Cl)cn2)CC1,1.0,0.859675,
tdc_bioavailability_ma,"Chemprop v2 (CMPNN, ensemble=3)",Chemprop v2,train,223,CCOC(=O)[C@H](CCc1ccccc1)N[C@@H](C)C(=O)N1[C@H](C(=O)O)C[C@@H]2CCC[C@@H]21,1.0,0.5823272,
tdc_bioavailability_ma,"Chemprop v2 (CMPNN, ensemble=3)",Chemprop v2,train,224,CC(=O)O[C@H]1C[C@@H]2CC[C@@H]3[C@H](CC[C@@]4(C)[C@H]3C[C@H]([N+]3(C)CCCCC3)[C@@H]4OC(C)=O)[C@@]2(C)C[C@@H]1N1CCCCC1,0.0,0.40781808,
tdc_bioavailability_ma,"Chemprop v2 (CMPNN, ensemble=3)",Chemprop v2,train,225,CC(C)C[C@H]1C(=O)N2CCC[C@H]2[C@]2(O)O[C@](NC(=O)[C@@H]3C=C4c5cccc6[nH]c(Br)c(c56)C[C@H]4N(C)C3)(C(C)C)C(=O)N12,0.0,0.6264594,
tdc_bioavailability_ma,"Chemprop v2 (CMPNN, ensemble=3)",Chemprop v2,train,226,CCCNCC(O)COc1ccccc1C(=O)CCc1ccccc1,0.0,0.77757996,
tdc_bioavailability_ma,"Chemprop v2 (CMPNN, ensemble=3)",Chemprop v2,train,227,CCCN(CCC)CCc1cccc2c1CC(=O)N2,1.0,0.73568124,
tdc_bioavailability_ma,"Chemprop v2 (CMPNN, ensemble=3)",Chemprop v2,train,228,C[C@@H](O)[C@@H]1NC(=O)[C@H](CCCCN)NC(=O)[C@@H](Cc2c[nH]c3ccccc23)NC(=O)[C@H](Cc2ccccc2)NC(=O)[C@@H](NC(=O)[C@H](N)Cc2ccccc2)CSSC[C@@H](C(=O)N[C@H](CO)[C@@H](C)O)NC1=O,0.0,0.65687615,
tdc_bioavailability_ma,"Chemprop v2 (CMPNN, ensemble=3)",Chemprop v2,train,229,CN(C)[C@@H]1C(O)=C(C(N)=O)C(=O)[C@@]2(O)C(O)=C3C(=O)c4c(O)ccc(Cl)c4[C@@](C)(O)[C@H]3C[C@@H]12,1.0,0.7188668,
tdc_bioavailability_ma,"Chemprop v2 (CMPNN, ensemble=3)",Chemprop v2,train,230,CN(C)[C@@H]1C(O)=C(C(N)=O)C(=O)[C@@]2(O)C(O)=C3C(=O)c4c(O)ccc(Cl)c4[C@@H](O)[C@H]3C[C@@H]12,1.0,0.7173632,
tdc_bioavailability_ma,"Chemprop v2 (CMPNN, ensemble=3)",Chemprop v2,train,231,CN(C)c1ccc(O)c2c1C[C@H]1C[C@H]3[C@H](N(C)C)C(O)=C(C(N)=O)C(=O)[C@@]3(O)C(O)=C1C2=O,1.0,0.7440017,
tdc_bioavailability_ma,"Chemprop v2 (CMPNN, ensemble=3)",Chemprop v2,train,232,CN(C)[C@@H]1C(O)=C(C(N)=O)C(=O)[C@@]2(O)C(O)=C3C(=O)c4c(O)cccc4[C@@](C)(O)[C@H]3C[C@@H]12,1.0,0.69164973,
tdc_bioavailability_ma,"Chemprop v2 (CMPNN, ensemble=3)",Chemprop v2,train,233,CN(C)[C@@H]1C(O)=C(C(N)=O)C(=O)[C@@]2(O)C(O)=C3C(=O)c4c(O)cccc4[C@@](C)(O)[C@H]3[C@H](O)[C@@H]12,1.0,0.6482603,
tdc_bioavailability_ma,"Chemprop v2 (CMPNN, ensemble=3)",Chemprop v2,train,234,C[C@H]1c2cccc(O)c2C(=O)C2=C(O)[C@]3(O)C(=O)C(C(N)=O)=C(O)[C@@H](N(C)C)[C@@H]3[C@@H](O)[C@@H]21,1.0,0.6261528,
tdc_bioavailability_ma,"Chemprop v2 (CMPNN, ensemble=3)",Chemprop v2,train,235,CN(C)CC/C=C1/c2ccccc2Sc2ccc(Cl)cc21,1.0,0.817395,
tdc_bioavailability_ma,"Chemprop v2 (CMPNN, ensemble=3)",Chemprop v2,train,236,CC1(C)O[C@@H]2[C@@H](CO[C@@]3(COS(N)(=O)=O)OC(C)(C)O[C@@H]23)O1,1.0,0.55211043,
tdc_bioavailability_ma,"Chemprop v2 (CMPNN, ensemble=3)",Chemprop v2,train,237,Clc1ccc2c(c1)C(N1CCNCC1)=Nc1ccccc1O2,1.0,0.8361332,
tdc_bioavailability_ma,"Chemprop v2 (CMPNN, ensemble=3)",Chemprop v2,train,238,COc1cc(OC)c(C(=O)CCCN2CCCC2)c(OC)c1,1.0,0.7595385,
tdc_bioavailability_ma,"Chemprop v2 (CMPNN, ensemble=3)",Chemprop v2,train,239,C[C@@H](NCCCc1cccc(C(F)(F)F)c1)c1cccc2ccccc12,0.0,0.8312192,
tdc_bioavailability_ma,"Chemprop v2 (CMPNN, ensemble=3)",Chemprop v2,train,240,C[C@@H]1CN(c2c(F)c(N)c3c(=O)c(C(=O)O)cn(C4CC4)c3c2F)C[C@H](C)N1,1.0,0.8236466,
tdc_bioavailability_ma,"Chemprop v2 (CMPNN, ensemble=3)",Chemprop v2,train,241,COc1c(N2CCNC(C)C2)c(F)cc2c(=O)c(C(=O)O)cn(C3CC3)c12,1.0,0.83558387,
tdc_bioavailability_ma,"Chemprop v2 (CMPNN, ensemble=3)",Chemprop v2,train,242,O=C(O)c1cn(C2CC2)c2cc(N3CCNCC3)c(F)cc2c1=O,1.0,0.82365865,
tdc_bioavailability_ma,"Chemprop v2 (CMPNN, ensemble=3)",Chemprop v2,train,243,CCCN1C[C@H](CSC)C[C@@H]2c3cccc4[nH]cc(c34)C[C@H]21,1.0,0.66878575,
tdc_bioavailability_ma,"Chemprop v2 (CMPNN, ensemble=3)",Chemprop v2,train,244,CCN(CC)C(=O)N[C@H]1C[C@@H]2c3cccc4[nH]cc(c34)C[C@H]2N(C)C1,0.0,0.7023824,
tdc_bioavailability_ma,"Chemprop v2 (CMPNN, ensemble=3)",Chemprop v2,train,245,C=CCN1C[C@H](C(=O)N(CCCN(C)C)C(=O)NCC)C[C@@H]2c3cccc4[nH]cc(c34)C[C@H]21,1.0,0.71586126,
tdc_bioavailability_ma,"Chemprop v2 (CMPNN, ensemble=3)",Chemprop v2,train,246,CC[C@@]1(O)C(=O)OCc2c1cc1n(c2=O)Cc2cc3c(CN(C)C)c(O)ccc3nc2-1,1.0,0.8836975,
tdc_bioavailability_ma,"Chemprop v2 (CMPNN, ensemble=3)",Chemprop v2,train,247,O=c1[nH]c2ccccc2n1C1CCN(CCCC(c2ccc(F)cc2)c2ccc(F)cc2)CC1,1.0,0.8639907,
tdc_bioavailability_ma,"Chemprop v2 (CMPNN, ensemble=3)",Chemprop v2,train,248,Clc1cccc(Cl)c1NC1=NCCN1,1.0,0.7773239,
tdc_bioavailability_ma,"Chemprop v2 (CMPNN, ensemble=3)",Chemprop v2,train,249,N=C(N)NC(=O)c1nc(Cl)c(N)nc1N,1.0,0.82204074,
tdc_bioavailability_ma,"Chemprop v2 (CMPNN, ensemble=3)",Chemprop v2,train,250,CCC(C(=O)O)c1ccc(N2Cc3ccccc3C2=O)cc1,1.0,0.8195462,
tdc_bioavailability_ma,"Chemprop v2 (CMPNN, ensemble=3)",Chemprop v2,train,251,N[C@@H]1CN(c2c(F)cc3c(=O)c(C(=O)O)cn([C@@H]4C[C@@H]4F)c3c2Cl)CC12CC2.N[C@@H]1CN(c2c(F)cc3c(=O)c(C(=O)O)cn([C@@H]4C[C@@H]4F)c3c2Cl)CC12CC2.O.O.O,1.0,0.889875,
tdc_bioavailability_ma,"Chemprop v2 (CMPNN, ensemble=3)",Chemprop v2,train,252,CCc1cccc2cc(C(O)CNC(C)(C)C)oc12,1.0,0.74887866,
tdc_bioavailability_ma,"Chemprop v2 (CMPNN, ensemble=3)",Chemprop v2,train,253,CC(C)(C)NC[C@H](O)COc1nsnc1N1CCOCC1,1.0,0.71970016,
tdc_bioavailability_ma,"Chemprop v2 (CMPNN, ensemble=3)",Chemprop v2,train,254,CCc1cccc2c3c([nH]c12)C(CC)(CC(=O)O)OCC3,1.0,0.77487,
tdc_bioavailability_ma,"Chemprop v2 (CMPNN, ensemble=3)",Chemprop v2,train,255,CC1CN(c2cc3c(cc2F)c(=O)c(C(=O)O)cn3-c2ccc(F)cc2F)CCN1,1.0,0.895976,
tdc_bioavailability_ma,"Chemprop v2 (CMPNN, ensemble=3)",Chemprop v2,train,256,OC[C@H]1O[C@@H](O[C@@H]2[C@@H](CO)O[C@](O)(CO)[C@H]2O)[C@H](O)[C@@H](O)[C@H]1O,0.0,0.4587109,
tdc_bioavailability_ma,"Chemprop v2 (CMPNN, ensemble=3)",Chemprop v2,train,257,OC[C@@H]1O[C@@](O)(CO)[C@H](O)[C@H]1O,1.0,0.51690775,
tdc_bioavailability_ma,"Chemprop v2 (CMPNN, ensemble=3)",Chemprop v2,train,258,NS(=O)(=O)c1cc2c(cc1Cl)NC(CC1CCCC1)NS2(=O)=O,1.0,0.77940726,
tdc_bioavailability_ma,"Chemprop v2 (CMPNN, ensemble=3)",Chemprop v2,train,259,COc1cc(N)c(Cl)cc1C(=O)N[C@@H]1CCN(CCCOc2ccc(F)cc2)C[C@@H]1OC,1.0,0.7977678,
tdc_bioavailability_ma,"Chemprop v2 (CMPNN, ensemble=3)",Chemprop v2,train,260,CCOc1ccccc1OCC1CNCCO1,1.0,0.70261246,
tdc_bioavailability_ma,"Chemprop v2 (CMPNN, ensemble=3)",Chemprop v2,train,261,COC(=O)Nc1nc2ccc(C(=O)c3ccccc3)cc2[nH]1,1.0,0.86542493,
tdc_bioavailability_ma,"Chemprop v2 (CMPNN, ensemble=3)",Chemprop v2,train,262,C[C@@H](O)[C@H]1C(=O)N2C(C(=O)O)=C(SCC/N=C/N)C[C@H]12,0.0,0.6186153,
tdc_bioavailability_ma,"Chemprop v2 (CMPNN, ensemble=3)",Chemprop v2,train,263,Cn1c(CCCC(=O)O)nc2cc(N(CCCl)CCCl)ccc21,1.0,0.8246804,
tdc_bioavailability_ma,"Chemprop v2 (CMPNN, ensemble=3)",Chemprop v2,train,264,COC(=O)C1=C(C)NC(C)=C(C(=O)OCCN(C)Cc2ccccc2)C1c1cccc([N+](=O)[O-])c1,1.0,0.8663407,
tdc_bioavailability_ma,"Chemprop v2 (CMPNN, ensemble=3)",Chemprop v2,train,265,CC(C)Nc1cccnc1N1CCN(C(=O)c2cc3cc(NS(C)(=O)=O)ccc3[nH]2)CC1,1.0,0.87635106,
tdc_bioavailability_ma,"Chemprop v2 (CMPNN, ensemble=3)",Chemprop v2,train,266,Nc1ccn([C@@H]2CS[C@H](CO)O2)c(=O)n1,1.0,0.679251,
tdc_bioavailability_ma,"Chemprop v2 (CMPNN, ensemble=3)",Chemprop v2,train,267,CN(C)CCC=C1c2ccccc2CCc2ccccc21,1.0,0.793516,
tdc_bioavailability_ma,"Chemprop v2 (CMPNN, ensemble=3)",Chemprop v2,train,268,CNCCC=C1c2ccccc2CCc2ccccc21,1.0,0.79335624,
tdc_bioavailability_ma,"Chemprop v2 (CMPNN, ensemble=3)",Chemprop v2,train,269,CCOC(=O)C1(c2ccccc2)CCN(CCC(O)c2ccccc2)CC1,0.0,0.7425914,
tdc_bioavailability_ma,"Chemprop v2 (CMPNN, ensemble=3)",Chemprop v2,train,270,CCC1(c2ccccc2)C(=O)NC(=O)NC1=O,1.0,0.7644236,
tdc_bioavailability_ma,"Chemprop v2 (CMPNN, ensemble=3)",Chemprop v2,train,271,CCCCC1C(=O)N(c2ccccc2)N(c2ccccc2)C1=O,1.0,0.8165278,
tdc_bioavailability_ma,"Chemprop v2 (CMPNN, ensemble=3)",Chemprop v2,train,272,Cc1ccc(-c2nc3ccc(C)cn3c2CC(=O)N(C)C)cc1,1.0,0.86249465,
tdc_bioavailability_ma,"Chemprop v2 (CMPNN, ensemble=3)",Chemprop v2,train,273,C[C@H](CN1CCOCC1)C(C(=O)N1CCCC1)(c1ccccc1)c1ccccc1,1.0,0.72676295,
tdc_bioavailability_ma,"Chemprop v2 (CMPNN, ensemble=3)",Chemprop v2,train,274,COc1ccc(CCNCC(O)COc2cccc(C)c2)cc1OC,1.0,0.7907024,
tdc_bioavailability_ma,"Chemprop v2 (CMPNN, ensemble=3)",Chemprop v2,train,275,CN[C@@H]1[C@H](O[C@H]2[C@H](O[C@H]3[C@H](O)[C@@H](O)[C@H](NC(=N)N)[C@@H](O)[C@@H]3NC(=N)N)O[C@@H](C)[C@]2(O)C=O)O[C@@H](CO)[C@H](O)[C@H]1O,0.0,0.39411998,
tdc_bioavailability_ma,"Chemprop v2 (CMPNN, ensemble=3)",Chemprop v2,train,276,COc1cc2c(N)nc(N3CCN(C(=O)OCC(C)(C)O)CC3)nc2c(OC)c1OC,1.0,0.8700685,
tdc_bioavailability_ma,"Chemprop v2 (CMPNN, ensemble=3)",Chemprop v2,train,277,CCc1nn(CCCN2CCN(c3cccc(Cl)c3)CC2)c(=O)n1CCOc1ccccc1,0.0,0.8669489,
tdc_bioavailability_ma,"Chemprop v2 (CMPNN, ensemble=3)",Chemprop v2,train,278,OCCN(CCO)c1nc(N2CCCCC2)c2nc(N(CCO)CCO)nc(N3CCCCC3)c2n1,1.0,0.8524907,
tdc_bioavailability_ma,"Chemprop v2 (CMPNN, ensemble=3)",Chemprop v2,train,279,CC(C)(C(=O)O)c1ccc(C(O)CCCN2CCC(C(O)(c3ccccc3)c3ccccc3)CC2)cc1,1.0,0.78417665,
tdc_bioavailability_ma,"Chemprop v2 (CMPNN, ensemble=3)",Chemprop v2,train,280,CC(C)(C)c1ccc(C(O)CCCN2CCC(C(O)(c3ccccc3)c3ccccc3)CC2)cc1,0.0,0.76756835,
tdc_bioavailability_ma,"Chemprop v2 (CMPNN, ensemble=3)",Chemprop v2,train,281,COc1cccc([C@@]2(O)CCCC[C@@H]2CN(C)C)c1,1.0,0.64998996,
tdc_bioavailability_ma,"Chemprop v2 (CMPNN, ensemble=3)",Chemprop v2,train,282,CCOC(=O)[C@H](CCc1ccccc1)N[C@H]1CCc2ccccc2N(CC(=O)O)C1=O,1.0,0.77609056,
tdc_bioavailability_ma,"Chemprop v2 (CMPNN, ensemble=3)",Chemprop v2,train,283,CCc1nc(N)nc(N)c1-c1ccc(Cl)cc1,1.0,0.8384358,
tdc_bioavailability_ma,"Chemprop v2 (CMPNN, ensemble=3)",Chemprop v2,train,284,CN(C)CCC=C1c2ccccc2C=Cc2ccccc21,1.0,0.8077603,
tdc_bioavailability_ma,"Chemprop v2 (CMPNN, ensemble=3)",Chemprop v2,train,285,CN1C(=O)NC(=O)C(C)(C2=CCCCC2)C1=O,1.0,0.7147067,
tdc_bioavailability_ma,"Chemprop v2 (CMPNN, ensemble=3)",Chemprop v2,train,286,Cc1cc(O)c2c(=O)c3c(O)cc(O)c4c5c(O)cc(O)c6c(=O)c7c(O)cc(C)c8c1c2c(c34)c(c78)c65,0.0,0.97141045,
tdc_bioavailability_ma,"Chemprop v2 (CMPNN, ensemble=3)",Chemprop v2,train,287,CC(C)COCC(CN(Cc1ccccc1)c1ccccc1)N1CCCC1,1.0,0.74112916,
tdc_bioavailability_ma,"Chemprop v2 (CMPNN, ensemble=3)",Chemprop v2,train,288,CC[C@H](C)C(=O)O[C@H]1C[C@H](O)C=C2C=C[C@H](C)[C@H](CC[C@@H](O)C[C@@H](O)CC(=O)O)[C@H]21,0.0,0.49495772,
tdc_bioavailability_ma,"Chemprop v2 (CMPNN, ensemble=3)",Chemprop v2,train,289,N#Cc1ccc(C(c2ccc(C#N)cc2)n2cncn2)cc1,1.0,0.85887367,
tdc_bioavailability_ma,"Chemprop v2 (CMPNN, ensemble=3)",Chemprop v2,train,290,CCN1CC(CCN2CCOCC2)C(c2ccccc2)(c2ccccc2)C1=O,1.0,0.7494299,
tdc_bioavailability_ma,"Chemprop v2 (CMPNN, ensemble=3)",Chemprop v2,train,291,COc1cc(NCc2ccc3nc(N)nc(N)c3c2C)cc(OC)c1OC,1.0,0.89797765,
tdc_bioavailability_ma,"Chemprop v2 (CMPNN, ensemble=3)",Chemprop v2,train,292,CCCc1cc(=O)[nH]c(=S)[nH]1,1.0,0.728632,
tdc_bioavailability_ma,"Chemprop v2 (CMPNN, ensemble=3)",Chemprop v2,train,293,C#C[C@]1(O)CC[C@H]2[C@@H]3CCC4=CCCC[C@@H]4[C@H]3C(=C)C[C@@]21CC,0.0,0.5015357,
tdc_bioavailability_ma,"Chemprop v2 (CMPNN, ensemble=3)",Chemprop v2,train,294,CC(C)c1nc(N(C)S(C)(=O)=O)nc(-c2ccc(F)cc2)c1/C=C/[C@@H](O)C[C@@H](O)CC(=O)O,0.0,0.8398955,
tdc_bioavailability_ma,"Chemprop v2 (CMPNN, ensemble=3)",Chemprop v2,train,295,Cc1onc(-c2ccccc2)c1-c1ccc(S(N)(=O)=O)cc1,1.0,0.8695677,
tdc_bioavailability_ma,"Chemprop v2 (CMPNN, ensemble=3)",Chemprop v2,train,296,O=c1ccn([C@@H]2O[C@H](CO)[C@@H](O)[C@H]2O)c(=O)[nH]1,0.0,0.60134965,
tdc_bioavailability_ma,"Chemprop v2 (CMPNN, ensemble=3)",Chemprop v2,train,297,Cc1cn([C@H]2C[C@H](N=[N+]=[N-])[C@@H](CO)O2)c(=O)[nH]c1=O,1.0,0.6814744,
tdc_bioavailability_ma,"Chemprop v2 (CMPNN, ensemble=3)",Chemprop v2,train,298,CNCCCC1c2ccccc2C=Cc2ccccc21,1.0,0.77648145,
tdc_bioavailability_ma,"Chemprop v2 (CMPNN, ensemble=3)",Chemprop v2,train,299,CC(C)(Cc1c[nH]c2ccccc12)NCC(O)COc1ccccc1C#N,1.0,0.81650645,
tdc_bioavailability_ma,"Chemprop v2 (CMPNN, ensemble=3)",Chemprop v2,train,300,OC(CCN1CCCCC1)(c1ccccc1)C1CC2C=CC1C2,1.0,0.622809,
tdc_bioavailability_ma,"Chemprop v2 (CMPNN, ensemble=3)",Chemprop v2,train,301,N[C@@H](C(=O)N[C@@H]1C(=O)N2C(C(=O)O)=C(CSc3c[nH]nn3)CS[C@H]12)c1ccc(O)cc1,1.0,0.77087706,
tdc_bioavailability_ma,"Chemprop v2 (CMPNN, ensemble=3)",Chemprop v2,train,302,CCOC(=O)Nc1ccc(NCc2ccc(F)cc2)nc1N,1.0,0.83931875,
tdc_bioavailability_ma,"Chemprop v2 (CMPNN, ensemble=3)",Chemprop v2,train,303,O=C1Cc2cc(CCN3CCN(c4nsc5ccccc45)CC3)c(Cl)cc2N1,1.0,0.8667424,
tdc_bioavailability_ma,"Chemprop v2 (CMPNN, ensemble=3)",Chemprop v2,train,304,COCc1c(C(C)C)nc(C(C)C)c(/C=C/[C@@H](O)C[C@@H](O)CC(=O)O)c1-c1ccc(F)cc1,1.0,0.79976827,
tdc_bioavailability_ma,"Chemprop v2 (CMPNN, ensemble=3)",Chemprop v2,train,305,O=C(O)c1cc(/N=N/c2ccc(S(=O)(=O)Nc3ccccn3)cc2)ccc1O,1.0,0.9003751,
tdc_bioavailability_ma,"Chemprop v2 (CMPNN, ensemble=3)",Chemprop v2,train,306,COc1cc2ncnc(Nc3ccc(F)c(Cl)c3)c2cc1OCCCN1CCOCC1,1.0,0.879209,
tdc_bioavailability_ma,"Chemprop v2 (CMPNN, ensemble=3)",Chemprop v2,train,307,COc1nc(C)nc(Cl)c1NC1=NCCN1,1.0,0.80738276,
tdc_bioavailability_ma,"Chemprop v2 (CMPNN, ensemble=3)",Chemprop v2,train,308,CCOC(=O)C1=C[C@]2(CC)CCCN3CCc4c(n1c1ccccc41)[C@@H]32,0.0,0.7428555,
tdc_bioavailability_ma,"Chemprop v2 (CMPNN, ensemble=3)",Chemprop v2,train,309,NCCCC[C@H](N[C@@H](CCc1ccccc1)C(=O)O)C(=O)N1CCC[C@H]1C(=O)O,1.0,0.6446262,
tdc_bioavailability_ma,"Chemprop v2 (CMPNN, ensemble=3)",Chemprop v2,train,310,CCOC(=O)[C@H](CCc1ccccc1)N[C@@H](C)C(=O)N1CCC[C@H]1C(=O)O,1.0,0.65566677,
tdc_bioavailability_ma,"Chemprop v2 (CMPNN, ensemble=3)",Chemprop v2,train,311,COC(=O)[C@H]1[C@H]2C[C@@H]3c4[nH]c5cc(OC)ccc5c4CCN3C[C@H]2C[C@@H](OC(=O)c2cc(OC)c(OC)c(OC)c2)[C@@H]1OC,1.0,0.79020804,
tdc_bioavailability_ma,"Chemprop v2 (CMPNN, ensemble=3)",Chemprop v2,train,312,CCCCC[C@H](O)/C=C/[C@H]1[C@H](O)CC(=O)[C@@H]1CCCCCCC(=O)O,0.0,0.53500515,
tdc_bioavailability_ma,"Chemprop v2 (CMPNN, ensemble=3)",Chemprop v2,train,313,CCCCC(C)(O)C/C=C/[C@H]1[C@H](O)CC(=O)[C@@H]1CCCCCCC(=O)OC,1.0,0.55455583,
tdc_bioavailability_ma,"Chemprop v2 (CMPNN, ensemble=3)",Chemprop v2,train,314,CO[C@@]1(NC(=O)Cc2cccs2)C(=O)N2C(C(=O)O)=C(COC(N)=O)CS[C@@H]21,0.0,0.7381728,
tdc_bioavailability_ma,"Chemprop v2 (CMPNN, ensemble=3)",Chemprop v2,train,315,C=CC[N@@+]12CC[C@@]34c5ccccc5N5/C=C6/[C@H]7C[C@H]8[C@@]9(CC[N@@+]8(CC=C)C/C7=C/CO)c7ccccc7N(/C=C(/[C@@H](C[C@@H]31)/C(=C\CO)C2)[C@H]54)[C@@H]69,0.0,0.3725916,
tdc_bioavailability_ma,"Chemprop v2 (CMPNN, ensemble=3)",Chemprop v2,train,316,Cc1[nH]c(=O)c(C#N)cc1-c1ccncc1,1.0,0.8167661,
tdc_bioavailability_ma,"Chemprop v2 (CMPNN, ensemble=3)",Chemprop v2,train,317,Nc1cc(-c2ccncc2)c[nH]c1=O,1.0,0.7980139,
tdc_bioavailability_ma,"Chemprop v2 (CMPNN, ensemble=3)",Chemprop v2,train,318,CCC(C)n1ncn(-c2ccc(N3CCN(c4ccc(OC[C@H]5CO[C@](Cn6cncn6)(c6ccc(Cl)cc6Cl)O5)cc4)CC3)cc2)c1=O,1.0,0.9296939,
tdc_bioavailability_ma,"Chemprop v2 (CMPNN, ensemble=3)",Chemprop v2,train,319,CC(C)c1nc(CN(C)C(=O)N[C@H](C(=O)N[C@@H](Cc2ccccc2)C[C@H](O)[C@H](Cc2ccccc2)NC(=O)OCc2cncs2)C(C)C)cs1,1.0,0.82332706,
tdc_bioavailability_ma,"Chemprop v2 (CMPNN, ensemble=3)",Chemprop v2,train,320,CC(=O)CC(c1ccccc1)c1c(O)c2ccccc2oc1=O,1.0,0.84000254,
tdc_bioavailability_ma,"Chemprop v2 (CMPNN, ensemble=3)",Chemprop v2,train,321,CN(C)CCOC(c1ccccc1)c1ccccc1,1.0,0.7436108,
tdc_bioavailability_ma,"Chemprop v2 (CMPNN, ensemble=3)",Chemprop v2,train,322,Clc1ccc(C(c2ccccc2Cl)C(Cl)Cl)cc1,1.0,0.80610985,
tdc_bioavailability_ma,"Chemprop v2 (CMPNN, ensemble=3)",Chemprop v2,train,323,Cc1ccccc1C(OCCN(C)C)c1ccccc1,1.0,0.7541337,
tdc_bioavailability_ma,"Chemprop v2 (CMPNN, ensemble=3)",Chemprop v2,train,324,CCC(=O)C(CC(C)N(C)C)(c1ccccc1)c1ccccc1,1.0,0.7647086,
tdc_bioavailability_ma,"Chemprop v2 (CMPNN, ensemble=3)",Chemprop v2,train,325,CC[N+](C)(C)C(C)CC(c1ccccc1)c1ccccc1,0.0,0.6198895,
tdc_bioavailability_ma,"Chemprop v2 (CMPNN, ensemble=3)",Chemprop v2,train,326,CC(CC(c1ccccc1)c1ccccc1)NC(C)(C)C,1.0,0.73887515,
tdc_bioavailability_ma,"Chemprop v2 (CMPNN, ensemble=3)",Chemprop v2,train,327,CNCCCCOc1ccccc1Cc1ccccc1,0.0,0.7681226,
tdc_bioavailability_ma,"Chemprop v2 (CMPNN, ensemble=3)",Chemprop v2,train,328,OC(CCN1CCCC1)(c1ccccc1)C1CCCCC1,1.0,0.64065737,
tdc_bioavailability_ma,"Chemprop v2 (CMPNN, ensemble=3)",Chemprop v2,train,329,CC#C[C@]1(O)CC[C@H]2[C@@H]3CCC4=CC(=O)CCC4=C3[C@@H](c3ccc(N(C)C)cc3)C[C@@]21C,1.0,0.62965125,
tdc_bioavailability_ma,"Chemprop v2 (CMPNN, ensemble=3)",Chemprop v2,train,330,Nc1nc(N)c2nc(-c3ccccc3)c(N)nc2n1,1.0,0.8841693,
tdc_bioavailability_ma,"Chemprop v2 (CMPNN, ensemble=3)",Chemprop v2,train,331,O=C1NC(=O)C(c2ccccc2)(c2ccccc2)N1,1.0,0.8038182,
tdc_bioavailability_ma,"Chemprop v2 (CMPNN, ensemble=3)",Chemprop v2,train,332,CN1CCC[C@H]1c1cccnc1,1.0,0.6612694,
tdc_bioavailability_ma,"Chemprop v2 (CMPNN, ensemble=3)",Chemprop v2,train,333,OCCOCCN1CCN(C2=Nc3ccccc3Sc3ccccc32)CC1,1.0,0.8032766,
tdc_bioavailability_ma,"Chemprop v2 (CMPNN, ensemble=3)",Chemprop v2,train,334,OC(c1cc(C(F)(F)F)nc2c(C(F)(F)F)cccc12)C1CCCCN1,1.0,0.8378851,
tdc_bioavailability_ma,"Chemprop v2 (CMPNN, ensemble=3)",Chemprop v2,train,335,Oc1ccc2c3c1O[C@H]1[C@@H](O)CC[C@@]4(O)[C@@H](C2)N(CC2CCC2)CC[C@]314,0.0,0.5790115,
tdc_bioavailability_ma,"Chemprop v2 (CMPNN, ensemble=3)",Chemprop v2,train,336,O=c1nc[nH]c2c1ncn2[C@H]1CC[C@@H](CO)O1,1.0,0.7501843,
tdc_bioavailability_ma,"Chemprop v2 (CMPNN, ensemble=3)",Chemprop v2,train,337,COc1ccc(OC)c(Cc2cnc3nc(N)nc(N)c3c2C)c1,1.0,0.89077336,
tdc_bioavailability_ma,"Chemprop v2 (CMPNN, ensemble=3)",Chemprop v2,train,338,COc1cc(Cc2cnc(N)nc2N)cc(OC)c1OC,1.0,0.8515759,
tdc_bioavailability_ma,"Chemprop v2 (CMPNN, ensemble=3)",Chemprop v2,train,339,C[C@@H]1[C@H](O)[C@@H](C)/C=C/C=C/CC/C=C/C=C/C=C/C=C/C(O[C@H]2O[C@H](C)[C@@H](O)[C@H](N)[C@@H]2O)CC2O[C@](O)(CC(O)C(O)CCC(O)CC(O)CC(O)CC(=O)O[C@H]1C)CC(O)C2C(=O)O,0.0,0.41728374,
tdc_bioavailability_ma,"Chemprop v2 (CMPNN, ensemble=3)",Chemprop v2,train,340,NNc1nncc2ccccc12,1.0,0.78695494,
tdc_bioavailability_ma,"Chemprop v2 (CMPNN, ensemble=3)",Chemprop v2,train,341,Nc1c2c(nc3ccccc13)CCCC2,1.0,0.78708464,
tdc_bioavailability_ma,"Chemprop v2 (CMPNN, ensemble=3)",Chemprop v2,train,342,Cc1[nH]cnc1CN1CCc2c(c3ccccc3n2C)C1=O,1.0,0.8573332,
tdc_bioavailability_ma,"Chemprop v2 (CMPNN, ensemble=3)",Chemprop v2,train,343,CNC1(c2ccccc2Cl)CCCCC1=O,0.0,0.7186859,
tdc_bioavailability_ma,"Chemprop v2 (CMPNN, ensemble=3)",Chemprop v2,train,344,NC1CCN(c2c(F)cc3c(=O)c(C(=O)O)cn(C4CC4)c3c2Cl)C1,1.0,0.83977693,
tdc_bioavailability_ma,"Chemprop v2 (CMPNN, ensemble=3)",Chemprop v2,train,345,CCCc1nn(C)c2c(=O)[nH]c(-c3cc(S(=O)(=O)N4CCN(C)CC4)ccc3OCC)nc12,1.0,0.8891943,
tdc_bioavailability_ma,"Chemprop v2 (CMPNN, ensemble=3)",Chemprop v2,train,346,CS(=O)(=O)c1ccc2c(c1)N(CCCN1CCC(C(N)=O)CC1)c1ccccc1S2,0.0,0.8238163,
tdc_bioavailability_ma,"Chemprop v2 (CMPNN, ensemble=3)",Chemprop v2,train,347,CN(C)S(=O)(=O)c1ccc2c(c1)N(CCCN1CCC(CCO)CC1)c1ccccc1S2,1.0,0.8129193,
tdc_bioavailability_ma,"Chemprop v2 (CMPNN, ensemble=3)",Chemprop v2,train,348,CC(C)(C#N)c1cc(Cn2cncn2)cc(C(C)(C)C#N)c1,1.0,0.7937737,
tdc_bioavailability_ma,"Chemprop v2 (CMPNN, ensemble=3)",Chemprop v2,train,349,C=C1C[C@@H]2[C@H](CC[C@]3(C)C(=O)CC[C@@H]23)[C@@]2(C)C=CC(=O)C=C12,1.0,0.53817147,
tdc_bioavailability_ma,"Chemprop v2 (CMPNN, ensemble=3)",Chemprop v2,train,350,CCCC(C)C1(CC)C(=O)NC(=O)NC1=O,1.0,0.679748,
tdc_bioavailability_ma,"Chemprop v2 (CMPNN, ensemble=3)",Chemprop v2,train,351,CCC1(CCC(C)C)C(=O)NC(=O)NC1=O,1.0,0.68715185,
tdc_bioavailability_ma,"Chemprop v2 (CMPNN, ensemble=3)",Chemprop v2,train,352,CN(CCOc1ccc(CC2SC(=O)NC2=O)cc1)c1ccccn1,1.0,0.8167405,
tdc_bioavailability_ma,"Chemprop v2 (CMPNN, ensemble=3)",Chemprop v2,train,353,CC1COc2c(N3CCN(C)CC3)c(F)cc3c(=O)c(C(=O)O)cn1c23,1.0,0.8385199,
tdc_bioavailability_ma,"Chemprop v2 (CMPNN, ensemble=3)",Chemprop v2,train,354,CCCCC1=NC2(CCCC2)C(=O)N1Cc1ccc(-c2ccccc2-c2nn[nH]n2)cc1,1.0,0.88441783,
tdc_bioavailability_ma,"Chemprop v2 (CMPNN, ensemble=3)",Chemprop v2,train,355,NS(=O)(=O)c1cc2c(cc1C(F)(F)F)NC(Cc1ccccc1)NS2(=O)=O,1.0,0.8554515,
tdc_bioavailability_ma,"Chemprop v2 (CMPNN, ensemble=3)",Chemprop v2,train,356,CN1[C@@H]2CCC[C@H]1C[C@@H](NC(=O)c1nn(C)c3ccccc13)C2,1.0,0.7431335,
tdc_bioavailability_ma,"Chemprop v2 (CMPNN, ensemble=3)",Chemprop v2,train,357,Cc1cccc(C)c1NC(=O)c1cc(S(N)(=O)=O)c(Cl)cc1O,1.0,0.8625307,
tdc_bioavailability_ma,"Chemprop v2 (CMPNN, ensemble=3)",Chemprop v2,train,358,Cc1cnc(C(=O)O)c[n+]1[O-],1.0,0.7441473,
tdc_bioavailability_ma,"Chemprop v2 (CMPNN, ensemble=3)",Chemprop v2,train,359,COC(=O)[C@@H]1[C@H]2C[C@H]3c4[nH]c5ccccc5c4CCN3C[C@@H]2CC[C@@H]1O,1.0,0.6287177,
tdc_bioavailability_ma,"Chemprop v2 (CMPNN, ensemble=3)",Chemprop v2,train,360,NCC1(CC(=O)O)CCCCC1,1.0,0.607411,
tdc_bioavailability_ma,"Chemprop v2 (CMPNN, ensemble=3)",Chemprop v2,train,361,CC(C)(C)NCC(O)COc1cccc2c1CCC(=O)N2,1.0,0.73795646,
tdc_bioavailability_ma,"Chemprop v2 (CMPNN, ensemble=3)",Chemprop v2,train,362,CNC(=O)Oc1ccc2c(c1)[C@]1(C)CCN(C)[C@@H]1N2C,0.0,0.67092615,
tdc_bioavailability_ma,"Chemprop v2 (CMPNN, ensemble=3)",Chemprop v2,train,363,CCC(C)(C)C(=O)O[C@H]1C[C@@H](C)C=C2C=C[C@H](C)[C@H](CC[C@@H]3C[C@@H](O)CC(=O)O3)[C@H]21,0.0,0.50842446,
tdc_bioavailability_ma,"Chemprop v2 (CMPNN, ensemble=3)",Chemprop v2,train,364,CC[C@H](C)C(=O)O[C@H]1C[C@@H](C)C=C2C=C[C@H](C)[C@H](CC[C@@H]3C[C@@H](O)CC(=O)O3)[C@H]21,0.0,0.49982896,
tdc_bioavailability_ma,"Chemprop v2 (CMPNN, ensemble=3)",Chemprop v2,train,365,CNC1=Nc2ccc(Cl)cc2C(c2ccccc2)=[N+]([O-])C1,1.0,0.83449215,
tdc_bioavailability_ma,"Chemprop v2 (CMPNN, ensemble=3)",Chemprop v2,train,366,CCOc1cc(CC(=O)N[C@@H](CC(C)C)c2ccccc2N2CCCCC2)ccc1C(=O)O,1.0,0.8114076,
tdc_bioavailability_ma,"Chemprop v2 (CMPNN, ensemble=3)",Chemprop v2,train,367,CNC(=C[N+](=O)[O-])NCCSCc1csc(CN(C)C)n1,1.0,0.75858384,
tdc_bioavailability_ma,"Chemprop v2 (CMPNN, ensemble=3)",Chemprop v2,train,368,NC(N)=Nc1nc(CSCCC(N)=NS(N)(=O)=O)cs1,1.0,0.8129001,
tdc_bioavailability_ma,"Chemprop v2 (CMPNN, ensemble=3)",Chemprop v2,train,369,Cc1ncsc1CCCl,1.0,0.71597314,
tdc_bioavailability_ma,"Chemprop v2 (CMPNN, ensemble=3)",Chemprop v2,train,370,CC(CN(C)C)CN1c2ccccc2CCc2ccccc21,1.0,0.78547543,
tdc_bioavailability_ma,"Chemprop v2 (CMPNN, ensemble=3)",Chemprop v2,train,371,CN(C)CCCN1c2ccccc2CCc2ccc(Cl)cc21,1.0,0.8096861,
tdc_bioavailability_ma,"Chemprop v2 (CMPNN, ensemble=3)",Chemprop v2,train,372,CNCCCN1c2ccccc2CCc2ccccc21,1.0,0.7894707,
tdc_bioavailability_ma,"Chemprop v2 (CMPNN, ensemble=3)",Chemprop v2,train,373,CN(C)CCCN1c2ccccc2CCc2ccccc21,1.0,0.789587,
tdc_bioavailability_ma,"Chemprop v2 (CMPNN, ensemble=3)",Chemprop v2,train,374,Cc1ccnc2c1NC(=O)c1cccnc1N2C1CC1,1.0,0.83571833,
tdc_bioavailability_ma,"Chemprop v2 (CMPNN, ensemble=3)",Chemprop v2,train,375,CN(CCCCCCN(C)C(=O)Oc1ccc[n+](C)c1)C(=O)Oc1ccc[n+](C)c1,0.0,0.7865367,
tdc_bioavailability_ma,"Chemprop v2 (CMPNN, ensemble=3)",Chemprop v2,train,376,Cc1cnc(C(=O)NCCc2ccc(S(=O)(=O)NC(=O)NC3CCCCC3)cc2)cn1,1.0,0.8461358,
tdc_bioavailability_ma,"Chemprop v2 (CMPNN, ensemble=3)",Chemprop v2,train,377,Nc1c(CC(=O)O)cccc1C(=O)c1ccc(Br)cc1,1.0,0.8309297,
tdc_bioavailability_ma,"Chemprop v2 (CMPNN, ensemble=3)",Chemprop v2,train,378,CC(C(=O)O)c1cccc(C(=O)c2ccccc2)c1,1.0,0.7952037,
tdc_bioavailability_ma,"Chemprop v2 (CMPNN, ensemble=3)",Chemprop v2,train,379,Cc1ccc(C(=O)c2cc(O)c(O)c([N+](=O)[O-])c2)cc1,1.0,0.8406089,
tdc_bioavailability_ma,"Chemprop v2 (CMPNN, ensemble=3)",Chemprop v2,train,380,CC(CN1CCN(CCOCCO)CC1)CN1c2ccccc2Sc2ccccc21,0.0,0.76730204,
tdc_bioavailability_ma,"Chemprop v2 (CMPNN, ensemble=3)",Chemprop v2,train,381,OCCN1CCN(CCCN2c3ccccc3Sc3ccc(Cl)cc32)CC1,1.0,0.79542786,
tdc_bioavailability_ma,"Chemprop v2 (CMPNN, ensemble=3)",Chemprop v2,train,382,OCCN1CCN(CCCN2c3ccccc3Sc3ccc(C(F)(F)F)cc32)CC1,0.0,0.8223527,
tdc_bioavailability_ma,"Chemprop v2 (CMPNN, ensemble=3)",Chemprop v2,train,383,CN1CCN(CCCN2c3ccccc3Sc3ccc(Cl)cc32)CC1,0.0,0.8007732,
tdc_bioavailability_ma,"Chemprop v2 (CMPNN, ensemble=3)",Chemprop v2,train,384,NC(=O)N1c2ccccc2CC(=O)c2ccccc21,1.0,0.8340327,
tdc_bioavailability_ma,"Chemprop v2 (CMPNN, ensemble=3)",Chemprop v2,train,385,CC(CCc1ccccc1)NCC(O)c1ccc(O)c(C(N)=O)c1,1.0,0.78019476,
tdc_bioavailability_ma,"Chemprop v2 (CMPNN, ensemble=3)",Chemprop v2,train,386,C[C@H]1O[C@H](O[C@H]2[C@H](O)[C@@H](O)[C@@H](O[C@@H]([C@H](O)[C@@H](O)C=O)[C@H](O)CO)O[C@@H]2CO)[C@H](O)[C@@H](O)[C@@H]1N[C@H]1C=C(CO)[C@@H](O)[C@H](O)[C@H]1O,0.0,0.37575868,
tdc_bioavailability_ma,"Chemprop v2 (CMPNN, ensemble=3)",Chemprop v2,train,387,CN(C)CCCN1c2ccccc2Sc2ccc(Cl)cc21,1.0,0.81575084,
tdc_bioavailability_ma,"Chemprop v2 (CMPNN, ensemble=3)",Chemprop v2,train,388,CCC(=O)c1ccc2c(c1)N(CC(C)N(C)C)c1ccccc1S2,1.0,0.8186107,
tdc_bioavailability_ma,"Chemprop v2 (CMPNN, ensemble=3)",Chemprop v2,train,389,COc1ccc2c(c1)N(C[C@H](C)CN(C)C)c1ccccc1S2,1.0,0.7967167,
tdc_bioavailability_ma,"Chemprop v2 (CMPNN, ensemble=3)",Chemprop v2,train,390,CC(CN1c2ccccc2Sc2ccccc21)N(C)C,1.0,0.7920037,
tdc_bioavailability_ma,"Chemprop v2 (CMPNN, ensemble=3)",Chemprop v2,train,391,CCCCc1nc(Cl)c(CO)n1Cc1ccc(-c2ccccc2-c2nn[nH]n2)cc1,1.0,0.91696316,
tdc_bioavailability_ma,"Chemprop v2 (CMPNN, ensemble=3)",Chemprop v2,train,392,O=C1OC2(c3ccc(O)cc3Oc3cc(O)ccc32)c2ccccc21,1.0,0.88447255,
tdc_bioavailability_ma,"Chemprop v2 (CMPNN, ensemble=3)",Chemprop v2,train,393,Nc1c(Br)cc(Br)cc1CN[C@H]1CC[C@H](O)CC1,1.0,0.7046547,
tdc_bioavailability_ma,"Chemprop v2 (CMPNN, ensemble=3)",Chemprop v2,train,394,CC1(C)S[C@@H]2[C@H](NC(=O)[C@H](NC(=O)N3CCNC3=O)c3ccccc3)C(=O)N2[C@H]1C(=O)O,0.0,0.6467955,
tdc_bioavailability_ma,"Chemprop v2 (CMPNN, ensemble=3)",Chemprop v2,train,395,COc1cc2nc(N3CCN(C(=O)C4COc5ccccc5O4)CC3)nc(N)c2cc1OC,1.0,0.89782697,
tdc_bioavailability_ma,"Chemprop v2 (CMPNN, ensemble=3)",Chemprop v2,train,396,C[C@@H]1O[C@@H]1P(=O)(O)O,1.0,0.53228265,
tdc_bioavailability_ma,"Chemprop v2 (CMPNN, ensemble=3)",Chemprop v2,train,397,OCC(S)CS,0.0,0.5817074,
tdc_bioavailability_ma,"Chemprop v2 (CMPNN, ensemble=3)",Chemprop v2,train,398,CC[C@@H](CO)NCCN[C@@H](CC)CO,1.0,0.5681674,
tdc_bioavailability_ma,"Chemprop v2 (CMPNN, ensemble=3)",Chemprop v2,train,399,CN(C)C(=N)NC(=N)N,1.0,0.6771136,
tdc_bioavailability_ma,"Chemprop v2 (CMPNN, ensemble=3)",Chemprop v2,train,400,N[C@@H](CCS)C(=O)O,1.0,0.59653187,
tdc_bioavailability_ma,"Chemprop v2 (CMPNN, ensemble=3)",Chemprop v2,train,401,CS(=O)(=O)OCCCCOS(C)(=O)=O,1.0,0.66088885,
tdc_bioavailability_ma,"Chemprop v2 (CMPNN, ensemble=3)",Chemprop v2,train,402,CC(C)(S)[C@@H](N)C(=O)O,1.0,0.59478956,
tdc_bioavailability_ma,"Chemprop v2 (CMPNN, ensemble=3)",Chemprop v2,train,403,CCO,1.0,0.5896096,
tdc_bioavailability_ma,"Chemprop v2 (CMPNN, ensemble=3)",Chemprop v2,train,404,OC[C@@H](O)[C@@H](O)[C@H](O)[C@H](O)CO,0.0,0.5101883,
tdc_bioavailability_ma,"Chemprop v2 (CMPNN, ensemble=3)",Chemprop v2,train,405,NCCCC(N)(C(=O)O)C(F)F,1.0,0.63176817,
tdc_bioavailability_ma,"Chemprop v2 (CMPNN, ensemble=3)",Chemprop v2,train,406,CC(S)C(=O)NCC(=O)O,1.0,0.6411422,
tdc_bioavailability_ma,"Chemprop v2 (CMPNN, ensemble=3)",Chemprop v2,train,407,NC(=O)NO,1.0,0.6331962,
tdc_bioavailability_ma,"Chemprop v2 (CMPNN, ensemble=3)",Chemprop v2,train,408,C=CC(N)CCC(=O)O,1.0,0.6165599,
tdc_bioavailability_ma,"Chemprop v2 (CMPNN, ensemble=3)",Chemprop v2,train,409,CC(=O)N[C@@H](CS)C(=O)O,0.0,0.6150408,
tdc_bioavailability_ma,"Chemprop v2 (CMPNN, ensemble=3)",Chemprop v2,train,410,CCCCCN(C)CCC(O)(P(=O)(O)O)P(=O)(O)O,0.0,0.53929424,
tdc_bioavailability_ma,"Chemprop v2 (CMPNN, ensemble=3)",Chemprop v2,train,411,CC(=O)NCCCS(=O)(=O)O,0.0,0.6486771,
tdc_bioavailability_ma,"Chemprop v2 (CMPNN, ensemble=3)",Chemprop v2,train,412,O=C(O)P(=O)(O)O,0.0,0.6055283,
tdc_bioavailability_ma,"Chemprop v2 (CMPNN, ensemble=3)",Chemprop v2,train,413,CS(=O)(=O)OC[C@H](O)[C@@H](O)COS(C)(=O)=O,1.0,0.6102433,
tdc_bioavailability_ma,"Chemprop v2 (CMPNN, ensemble=3)",Chemprop v2,train,414,CC(C)c1c(C(=O)Nc2ccccc2)c(-c2ccccc2)c(-c2ccc(F)cc2)n1CC[C@@H](O)C[C@@H](O)CC(=O)O,0.0,0.894053,
tdc_bioavailability_ma,"Chemprop v2 (CMPNN, ensemble=3)",Chemprop v2,train,415,Cc1c(C)c2c(c(C)c1O)CCC(C)(COc1ccc(CC3SC(=O)NC3=O)cc1)O2,1.0,0.8373144,
tdc_bioavailability_ma,"Chemprop v2 (CMPNN, ensemble=3)",Chemprop v2,train,416,O=c1ccc2ccccc2o1,0.0,0.76374716,
tdc_bioavailability_ma,"Chemprop v2 (CMPNN, ensemble=3)",Chemprop v2,train,417,CC[C@H]1OC(=O)[C@H](C)[C@@H](O[C@H]2C[C@@](C)(OC)[C@@H](O)[C@H](C)O2)[C@H](C)[C@@H](O[C@@H]2O[C@H](C)C[C@H](N(C)C)[C@H]2O)[C@](C)(O)C[C@@H](C)CN(C)[C@H](C)[C@@H](O)[C@]1(C)O,1.0,0.40983272,
tdc_bioavailability_ma,"Chemprop v2 (CMPNN, ensemble=3)",Chemprop v2,train,418,O=P1(NCCCl)OCCCN1CCCl,1.0,0.59582824,
tdc_bioavailability_ma,"Chemprop v2 (CMPNN, ensemble=3)",Chemprop v2,train,419,O=P1(N(CCCl)CCCl)NCCCO1,1.0,0.59830505,
tdc_bioavailability_ma,"Chemprop v2 (CMPNN, ensemble=3)",Chemprop v2,train,420,CCN(C(C)=O)c1cccc(-c2ccnc3c(C#N)cnn23)c1,1.0,0.88127446,
tdc_bioavailability_ma,"Chemprop v2 (CMPNN, ensemble=3)",Chemprop v2,train,421,CC(C)(Sc1cc(C(C)(C)C)c(O)c(C(C)(C)C)c1)Sc1cc(C(C)(C)C)c(O)c(C(C)(C)C)c1,0.0,0.78924745,
tdc_bioavailability_ma,"Chemprop v2 (CMPNN, ensemble=3)",Chemprop v2,train,422,CN(c1nccc(=O)[nH]1)C1CCN(c2nc3ccccc3n2Cc2ccc(F)cc2)CC1,1.0,0.8966668,
tdc_bioavailability_ma,"Chemprop v2 (CMPNN, ensemble=3)",Chemprop v2,train,423,COC(=O)C1=C(C)NC(C)=C(C(=O)OC(C)C)C1c1cccc2nonc12,0.0,0.85792464,
tdc_bioavailability_ma,"Chemprop v2 (CMPNN, ensemble=3)",Chemprop v2,train,424,c1ccc([C@H]2CN3CCSC3=N2)cc1,1.0,0.6849628,
tdc_bioavailability_ma,"Chemprop v2 (CMPNN, ensemble=3)",Chemprop v2,train,425,COc1cc2nc(N3CCN(C(=O)C4CCCO4)CC3)nc(N)c2cc1OC,1.0,0.84379345,
tdc_bioavailability_ma,"Chemprop v2 (CMPNN, ensemble=3)",Chemprop v2,train,426,CCOC(=O)n1ccn(C)c1=S,0.0,0.7535071,
tdc_bioavailability_ma,"Chemprop v2 (CMPNN, ensemble=3)",Chemprop v2,train,427,Cn1cc[nH]c1=S,1.0,0.6989544,
tdc_bioavailability_ma,"Chemprop v2 (CMPNN, ensemble=3)",Chemprop v2,train,428,CC(C)(C)NC(=O)[C@@H]1CN(Cc2cccnc2)CCN1C[C@@H](O)C[C@@H](Cc1ccccc1)C(=O)N[C@H]1c2ccccc2C[C@H]1O,0.0,0.7065223,
tdc_bioavailability_ma,"Chemprop v2 (CMPNN, ensemble=3)",Chemprop v2,train,429,CN(C)C(=O)Oc1ccc[n+](C)c1,0.0,0.71091634,
tdc_bioavailability_ma,"Chemprop v2 (CMPNN, ensemble=3)",Chemprop v2,train,430,Cc1ccc(Nc2c(F)cccc2Cl)c(CC(=O)O)c1,1.0,0.83429474,
tdc_bioavailability_ma,"Chemprop v2 (CMPNN, ensemble=3)",Chemprop v2,train,431,O=C(O)Cc1ccccc1Nc1c(Cl)cccc1Cl,1.0,0.8298905,
tdc_bioavailability_ma,"Chemprop v2 (CMPNN, ensemble=3)",Chemprop v2,train,432,COc1ccc2c3c1O[C@H]1C[C@@H](O)C=C[C@@]31CCN(C)C2,1.0,0.6464548,
tdc_bioavailability_ma,"Chemprop v2 (CMPNN, ensemble=3)",Chemprop v2,train,433,O=C1C(CCS(=O)c2ccccc2)C(=O)N(c2ccccc2)N1c1ccccc1,1.0,0.86768556,
tdc_bioavailability_ma,"Chemprop v2 (CMPNN, ensemble=3)",Chemprop v2,train,434,CN1C(C(=O)Nc2ccccn2)=C(O)c2sccc2S1(=O)=O,1.0,0.85813004,
tdc_bioavailability_ma,"Chemprop v2 (CMPNN, ensemble=3)",Chemprop v2,train,435,CCCN[C@H]1CCc2nc(N)sc2C1,1.0,0.70432425,
tdc_bioavailability_ma,"Chemprop v2 (CMPNN, ensemble=3)",Chemprop v2,train,436,O=C(O)CCc1nc(-c2ccccc2)c(-c2ccccc2)o1,1.0,0.85160923,
tdc_bioavailability_ma,"Chemprop v2 (CMPNN, ensemble=3)",Chemprop v2,train,437,O=C(C1CCCCC1)N1CC(=O)N2CCc3ccccc3C2C1,0.0,0.72283953,
tdc_bioavailability_ma,"Chemprop v2 (CMPNN, ensemble=3)",Chemprop v2,train,438,C=CC1=C(C(=O)O)N2C(=O)[C@@H](NC(=O)/C(=N\O)c3csc(N)n3)[C@H]2SC1,1.0,0.7923124,
tdc_bioavailability_ma,"Chemprop v2 (CMPNN, ensemble=3)",Chemprop v2,train,439,C=CC1=C(C(=O)O)N2C(=O)[C@@H](NC(=O)/C(=N\OCC(=O)O)c3csc(N)n3)[C@H]2SC1,1.0,0.81439537,
tdc_bioavailability_ma,"Chemprop v2 (CMPNN, ensemble=3)",Chemprop v2,train,440,CO/N=C(\C(=O)N[C@@H]1C(=O)N2C(C(=O)O)=CCS[C@H]12)c1csc(N)n1,0.0,0.757943,
tdc_bioavailability_ma,"Chemprop v2 (CMPNN, ensemble=3)",Chemprop v2,train,441,O=c1n(CCCN2CCN(c3cccc(Cl)c3)CC2)nc2ccccn12,1.0,0.85037136,
tdc_bioavailability_ma,"Chemprop v2 (CMPNN, ensemble=3)",Chemprop v2,train,442,CC(=O)S[C@@H]1CC2=CC(=O)CC[C@]2(C)[C@H]2CC[C@@]3(C)[C@@H](CC[C@@]34CCC(=O)O4)[C@H]12,1.0,0.5111568,
tdc_bioavailability_ma,"Chemprop v2 (CMPNN, ensemble=3)",Chemprop v2,train,443,CN(C)CCc1c[nH]c2ccc(CS(=O)(=O)N3CCCC3)cc12,1.0,0.7698242,
tdc_bioavailability_ma,"Chemprop v2 (CMPNN, ensemble=3)",Chemprop v2,train,444,CC1(C)S[C@@H]2[C@H](NC(=O)[C@H](N)c3ccccc3)C(=O)N2[C@H]1C(=O)O,1.0,0.5851569,
tdc_bioavailability_ma,"Chemprop v2 (CMPNN, ensemble=3)",Chemprop v2,train,445,CC1(C)S[C@@H]2[C@H](NC(=O)[C@H](N)c3ccc(O)cc3)C(=O)N2[C@H]1C(=O)O,1.0,0.6017943,
tdc_bioavailability_ma,"Chemprop v2 (CMPNN, ensemble=3)",Chemprop v2,train,446,CC1(C)S[C@@H]2[C@H](NC(=O)[C@H](N=[N+]=[N-])c3ccccc3)C(=O)N2[C@H]1C(=O)O,1.0,0.6063416,
tdc_bioavailability_ma,"Chemprop v2 (CMPNN, ensemble=3)",Chemprop v2,train,447,CCOC(=O)[N-]c1c[n+](N2CCOCC2)no1,1.0,0.7483304,
tdc_bioavailability_ma,"Chemprop v2 (CMPNN, ensemble=3)",Chemprop v2,train,448,COc1ccnc(CS(=O)c2nc3ccc(OC(F)F)cc3[nH]2)c1OC,1.0,0.883485,
tdc_bioavailability_ma,"Chemprop v2 (CMPNN, ensemble=3)",Chemprop v2,train,449,COc1ccc2nc(S(=O)Cc3ncc(C)c(OC)c3C)[nH]c2c1,1.0,0.8749382,
tdc_bioavailability_ma,"Chemprop v2 (CMPNN, ensemble=3)",Chemprop v2,train,450,Cc1c(OCC(F)(F)F)ccnc1CS(=O)c1nc2ccccc2[nH]1,1.0,0.88008285,
tdc_bioavailability_ma,"Chemprop v2 (CMPNN, ensemble=3)",Chemprop v2,train,451,COCCCOc1ccnc(CS(=O)c2nc3ccccc3[nH]2)c1C,1.0,0.85568315,
tdc_bioavailability_ma,"Chemprop v2 (CMPNN, ensemble=3)",Chemprop v2,train,452,CN1CC[C@]23c4c5ccc(O)c4O[C@H]2C(=O)CC[C@H]3[C@H]1C5,1.0,0.6080714,
tdc_bioavailability_ma,"Chemprop v2 (CMPNN, ensemble=3)",Chemprop v2,train,453,COc1ccc2c3c1O[C@H]1C(=O)CC[C@@]4(O)[C@@H](C2)N(C)CC[C@]314,1.0,0.63244325,
tdc_bioavailability_ma,"Chemprop v2 (CMPNN, ensemble=3)",Chemprop v2,train,454,C=CCN1CC[C@]23c4c5ccc(O)c4O[C@H]2C(=O)CC[C@@]3(O)[C@H]1C5,0.0,0.6043064,
tdc_bioavailability_ma,"Chemprop v2 (CMPNN, ensemble=3)",Chemprop v2,train,455,CC(=O)NC[C@H]1CN(c2ccc(N3CCOCC3)c(F)c2)C(=O)O1,1.0,0.7659655,
tdc_bioavailability_ma,"Chemprop v2 (CMPNN, ensemble=3)",Chemprop v2,train,456,CC/C(=C(\c1ccccc1)c1ccc(OCCN(C)C)cc1)c1ccccc1,1.0,0.84706044,
tdc_bioavailability_ma,"Chemprop v2 (CMPNN, ensemble=3)",Chemprop v2,train,457,CN(C)CCOc1ccc(/C(=C(/CCCl)c2ccccc2)c2ccccc2)cc1,1.0,0.85407823,
tdc_bioavailability_ma,"Chemprop v2 (CMPNN, ensemble=3)",Chemprop v2,train,458,CCC(CO)NC(=O)[C@@H]1C=C2c3cccc4c3c(cn4C)C[C@H]2N(C)C1,0.0,0.724873,
tdc_bioavailability_ma,"Chemprop v2 (CMPNN, ensemble=3)",Chemprop v2,train,459,CCN(CC)C(=O)N[C@H]1C=C2c3cccc4[nH]cc(c34)C[C@H]2N(C)C1,0.0,0.74745846,
tdc_bioavailability_ma,"Chemprop v2 (CMPNN, ensemble=3)",Chemprop v2,train,460,CCN(CC)CC#CCOC(=O)C(O)(c1ccccc1)C1CCCCC1,0.0,0.69095397,
tdc_bioavailability_ma,"Chemprop v2 (CMPNN, ensemble=3)",Chemprop v2,train,461,COc1ccc(C(CN(C)C)C2(O)CCCCC2)cc1,1.0,0.6809979,
tdc_bioavailability_ma,"Chemprop v2 (CMPNN, ensemble=3)",Chemprop v2,train,462,C[C@H]1[C@H](NC(=O)/C(=N\OC(C)(C)C(=O)O)c2csc([NH3+])n2)C(=O)N1S(=O)(=O)[O-],0.0,0.7674058,
tdc_bioavailability_ma,"Chemprop v2 (CMPNN, ensemble=3)",Chemprop v2,train,463,Nc1nc2c(ncn2COC(CO)CO)c(=O)[nH]1,0.0,0.7967662,
tdc_bioavailability_ma,"Chemprop v2 (CMPNN, ensemble=3)",Chemprop v2,train,464,NS(=O)(=O)c1cc(C2(O)NC(=O)c3ccccc32)ccc1Cl,1.0,0.8417606,
tdc_bioavailability_ma,"Chemprop v2 (CMPNN, ensemble=3)",Chemprop v2,train,465,Oc1ncnc2[nH]ncc12,1.0,0.78265065,
tdc_bioavailability_ma,"Chemprop v2 (CMPNN, ensemble=3)",Chemprop v2,train,466,NS(=O)(=O)c1cc(-c2nn[nH]n2)c(NCc2cccs2)cc1Cl,0.0,0.8896709,
tdc_bioavailability_ma,"Chemprop v2 (CMPNN, ensemble=3)",Chemprop v2,train,467,CC1Cc2ccccc2N1NC(=O)c1ccc(Cl)c(S(N)(=O)=O)c1,1.0,0.844604,
tdc_bioavailability_ma,"Chemprop v2 (CMPNN, ensemble=3)",Chemprop v2,train,468,Cc1ccc(NC(=O)c2ccc(CN3CCN(C)CC3)cc2)cc1Nc1nccc(-c2cccnc2)n1,1.0,0.9111679,
tdc_bioavailability_ma,"Chemprop v2 (CMPNN, ensemble=3)",Chemprop v2,train,469,CN1[C@@H]2CC[C@H]1C[C@@H](OC(=O)C(CO)c1ccccc1)C2,1.0,0.6330008,
tdc_bioavailability_ma,"Chemprop v2 (CMPNN, ensemble=3)",Chemprop v2,train,470,CCc1ccc(CCOc2ccc(CC3SC(=O)NC3=O)cc2)nc1,1.0,0.8136966,
tdc_bioavailability_ma,"Chemprop v2 (CMPNN, ensemble=3)",Chemprop v2,train,471,COc1cc([C@@H]2c3cc4c(cc3[C@@H](O[C@@H]3O[C@@H]5CO[C@@H](C)O[C@H]5[C@H](O)[C@H]3O)[C@H]3COC(=O)[C@H]23)OCO4)cc(OC)c1O,1.0,0.5861862,
tdc_bioavailability_ma,"Chemprop v2 (CMPNN, ensemble=3)",Chemprop v2,train,472,Nc1[nH]c(=O)ncc1F,1.0,0.7488945,
tdc_bioavailability_ma,"Chemprop v2 (CMPNN, ensemble=3)",Chemprop v2,train,473,CN1[C@@H]2C[C@@H](OC(=O)[C@H](CO)c3ccccc3)C[C@H]1[C@@H]1O[C@@H]12,1.0,0.53437334,
tdc_bioavailability_ma,"Chemprop v2 (CMPNN, ensemble=3)",Chemprop v2,train,474,CC(C)[C@H]1CC[C@H](C(=O)N[C@H](Cc2ccccc2)C(=O)O)CC1,1.0,0.6241186,
tdc_bioavailability_ma,"Chemprop v2 (CMPNN, ensemble=3)",Chemprop v2,train,475,CSc1ccc(C(=O)c2[nH]c(=O)[nH]c2C)cc1,1.0,0.8096908,
tdc_bioavailability_ma,"Chemprop v2 (CMPNN, ensemble=3)",Chemprop v2,train,476,CCC[C@@H]1C[C@@H](C(=O)NC(C(C)Cl)[C@H]2O[C@H](SC)[C@H](O)[C@@H](O)[C@H]2O)N(C)C1,1.0,0.48351207,
tdc_bioavailability_ma,"Chemprop v2 (CMPNN, ensemble=3)",Chemprop v2,train,477,CCC[C@@H]1C[C@@H](C(=O)N[C@@H]([C@H]2O[C@H](SC)[C@H](O)[C@@H](O)[C@H]2O)[C@@H](C)O)N(C)C1,1.0,0.4676156,
tdc_bioavailability_ma,"Chemprop v2 (CMPNN, ensemble=3)",Chemprop v2,train,478,CC(=O)Nc1nnc(S(N)(=O)=O)s1,1.0,0.78801113,
tdc_bioavailability_ma,"Chemprop v2 (CMPNN, ensemble=3)",Chemprop v2,train,479,CN1C(C(=O)Nc2ccccn2)=C(O)c2ccccc2S1(=O)=O,1.0,0.86016864,
tdc_bioavailability_ma,"Chemprop v2 (CMPNN, ensemble=3)",Chemprop v2,train,480,CC(C)NCC(O)COc1cccc2[nH]ccc12,1.0,0.7427399,
tdc_bioavailability_ma,"Chemprop v2 (CMPNN, ensemble=3)",Chemprop v2,train,481,COc1ccc2[nH]cc(CCNC(C)=O)c2c1,0.0,0.78375745,
tdc_bioavailability_ma,"Chemprop v2 (CMPNN, ensemble=3)",Chemprop v2,train,482,Cc1cc2c(OCC(O)CNC(C)C)cccc2[nH]1,1.0,0.75308543,
tdc_bioavailability_ma,"Chemprop v2 (CMPNN, ensemble=3)",Chemprop v2,train,483,CNS(=O)(=O)Cc1ccc2[nH]cc(CCN(C)C)c2c1,0.0,0.7778956,
tdc_bioavailability_ma,"Chemprop v2 (CMPNN, ensemble=3)",Chemprop v2,train,484,Cc1ncc([N+](=O)[O-])n1CCO,1.0,0.74805355,
tdc_bioavailability_ma,"Chemprop v2 (CMPNN, ensemble=3)",Chemprop v2,train,485,CCS(=O)(=O)CCn1c([N+](=O)[O-])cnc1C,1.0,0.76906806,
tdc_bioavailability_ma,"Chemprop v2 (CMPNN, ensemble=3)",Chemprop v2,train,486,CN/C(=N/C#N)NCCSCc1nc[nH]c1C,1.0,0.75521463,
tdc_bioavailability_ma,"Chemprop v2 (CMPNN, ensemble=3)",Chemprop v2,train,487,CN1CCN2c3ncccc3Cc3ccccc3C2C1,1.0,0.7737875,
tdc_bioavailability_ma,"Chemprop v2 (CMPNN, ensemble=3)",Chemprop v2,train,488,CC(C)(O)c1ccccc1CC[C@@H](SCC1(CC(=O)O)CC1)c1cccc(/C=C/c2ccc3ccc(Cl)cc3n2)c1,1.0,0.87672347,
tdc_bioavailability_ma,"Chemprop v2 (CMPNN, ensemble=3)",Chemprop v2,train,489,OC(Cn1cncn1)(Cn1cncn1)c1ccc(F)cc1F,1.0,0.8552726,
tdc_bioavailability_ma,"Chemprop v2 (CMPNN, ensemble=3)",Chemprop v2,train,490,CC[C@H]1OC(=O)[C@H](C)[C@@H](O[C@H]2C[C@@](C)(OC)[C@@H](O)[C@H](C)O2)[C@H](C)[C@@H](O[C@@H]2O[C@H](C)C[C@H](N(C)C)[C@H]2O)[C@](C)(O)C[C@@H](C)C(=NOCOCCOC)[C@H](C)[C@@H](O)[C@]1(C)O,1.0,0.40833393,
tdc_bioavailability_ma,"Chemprop v2 (CMPNN, ensemble=3)",Chemprop v2,train,491,CN(C)CCCC1(c2ccc(F)cc2)OCc2cc(C#N)ccc21,1.0,0.80348015,
tdc_bioavailability_ma,"Chemprop v2 (CMPNN, ensemble=3)",Chemprop v2,train,492,Clc1ccc2nsnc2c1NC1=NCCN1,1.0,0.82906467,
tdc_bioavailability_ma,"Chemprop v2 (CMPNN, ensemble=3)",Chemprop v2,train,493,CC(=O)N[C@H]1[C@H]([C@H](O)[C@H](O)CO)OC(C(=O)O)=C[C@@H]1N=C(N)N,0.0,0.5339672,
tdc_bioavailability_ma,"Chemprop v2 (CMPNN, ensemble=3)",Chemprop v2,train,494,O=c1[nH]cc(F)c(=O)[nH]1,1.0,0.73956084,
tdc_bioavailability_ma,"Chemprop v2 (CMPNN, ensemble=3)",Chemprop v2,train,495,Fc1ccc([C@@H]2CCNC[C@H]2COc2ccc3c(c2)OCO3)cc1,1.0,0.7606971,
tdc_bioavailability_ma,"Chemprop v2 (CMPNN, ensemble=3)",Chemprop v2,train,496,CCC1=C[C@@H]2CN(C1)Cc1c([nH]c3ccccc13)[C@@](C(=O)OC)(c1cc3c(cc1OC)N(C)[C@H]1[C@@](O)(C(=O)OC)[C@H](OC(C)=O)[C@]4(CC)C=CCN5CC[C@]31[C@@H]54)C2,1.0,0.6935628,
tdc_bioavailability_ma,"Chemprop v2 (CMPNN, ensemble=3)",Chemprop v2,train,497,C[C@H](CS)C(=O)N1CCC[C@H]1C(=O)O,1.0,0.58113045,
tdc_bioavailability_ma,"Chemprop v2 (CMPNN, ensemble=3)",Chemprop v2,train,498,CCCCC(=O)N(Cc1ccc(-c2ccccc2-c2nn[nH]n2)cc1)[C@H](C(=O)O)C(C)C,1.0,0.85375017,
tdc_bioavailability_ma,"Chemprop v2 (CMPNN, ensemble=3)",Chemprop v2,train,499,C[C@@H]1O[C@@H](O[C@H]2C[C@@H](O)[C@]3(CO)[C@H]4[C@H](O)C[C@]5(C)[C@@H](C6=CC(=O)OC6)CC[C@]5(O)[C@@H]4CC[C@]3(O)C2)[C@H](O)[C@H](O)[C@H]1O,0.0,0.40714917,
tdc_bioavailability_ma,"Chemprop v2 (CMPNN, ensemble=3)",Chemprop v2,train,500,CN1CCC[C@@H]1CCO[C@](C)(c1ccccc1)c1ccc(Cl)cc1,1.0,0.71005386,
tdc_bioavailability_ma,"Chemprop v2 (CMPNN, ensemble=3)",Chemprop v2,train,501,CC[C@H]1OC(=O)[C@H](C)[C@@H](O[C@H]2C[C@@](C)(OC)[C@@H](O)[C@H](C)O2)[C@H](C)[C@@H](O[C@@H]2O[C@H](C)C[C@H](N(C)C)[C@H]2O)[C@](C)(O)C[C@@H](C)[C@@H]2N[C@@H](COCCOC)O[C@H]([C@H]2C)[C@]1(C)O,0.0,0.38945532,
tdc_bioavailability_ma,"Chemprop v2 (CMPNN, ensemble=3)",Chemprop v2,train,502,COCC(=O)O[C@]1(CCN(C)CCCc2nc3ccccc3[nH]2)CCc2cc(F)ccc2[C@@H]1C(C)C,1.0,0.7878334,
tdc_bioavailability_ma,"Chemprop v2 (CMPNN, ensemble=3)",Chemprop v2,train,503,CCC1=C(C)CN(C(=O)NCCc2ccc(S(=O)(=O)NC(=O)N[C@H]3CC[C@H](C)CC3)cc2)C1=O,1.0,0.8045695,
tdc_bioavailability_ma,"Chemprop v2 (CMPNN, ensemble=3)",Chemprop v2,train,504,COc1ccc(Cc2nccc3cc(OC)c(OC)cc23)cc1OC,1.0,0.87172776,
tdc_bioavailability_ma,"Chemprop v2 (CMPNN, ensemble=3)",Chemprop v2,train,505,Nc1cc(N2CCCCC2)nc(N)[n+]1[O-],1.0,0.757011,
tdc_bioavailability_ma,"Chemprop v2 (CMPNN, ensemble=3)",Chemprop v2,train,506,CNCCC(Oc1ccc(C(F)(F)F)cc1)c1ccccc1,1.0,0.80208856,
tdc_bioavailability_ma,"Chemprop v2 (CMPNN, ensemble=3)",Chemprop v2,train,507,CNCC[C@@H](Oc1ccccc1C)c1ccccc1,1.0,0.74642515,
tdc_bioavailability_ma,"Chemprop v2 (CMPNN, ensemble=3)",Chemprop v2,train,508,CS(=O)(=O)c1ccc(C2=C(c3ccccc3)C(=O)OC2)cc1,1.0,0.838347,
tdc_bioavailability_ma,"Chemprop v2 (CMPNN, ensemble=3)",Chemprop v2,train,509,O=C(O)CCCC[C@@H]1SC[C@@H]2NC(=O)N[C@@H]21,1.0,0.5488523,
tdc_bioavailability_ma,"Chemprop v2 (CMPNN, ensemble=3)",Chemprop v2,train,510,CC(C)(C)NCC(O)COc1cccc2c1SCCC2,1.0,0.7093026,
tdc_bioavailability_ma,"Chemprop v2 (CMPNN, ensemble=3)",Chemprop v2,train,511,CC#CCC(C)[C@H](O)/C=C/[C@@H]1[C@H]2C/C(=C/CCCC(=O)O)C[C@H]2C[C@H]1O,0.0,0.5155308,
tdc_bioavailability_ma,"Chemprop v2 (CMPNN, ensemble=3)",Chemprop v2,test,0,C[C@]12CCC3=C4CCC(=O)C=C4CC[C@H]3[C@@H]1CC[C@@]2(O)CC#N,1.0,0.5718724,
tdc_bioavailability_ma,"Chemprop v2 (CMPNN, ensemble=3)",Chemprop v2,test,1,O=C(NCC1CCCCN1)c1cc(OCC(F)(F)F)ccc1OCC(F)(F)F,1.0,0.815365,
tdc_bioavailability_ma,"Chemprop v2 (CMPNN, ensemble=3)",Chemprop v2,test,2,O=C(c1ccc(OCCN2CCCCC2)cc1)c1c(-c2ccc(O)cc2)sc2cc(O)ccc12,0.0,0.89426893,
tdc_bioavailability_ma,"Chemprop v2 (CMPNN, ensemble=3)",Chemprop v2,test,3,O=C(O[C@@H]1C[C@@H]2C[C@H]3C[C@H](C1)N2CC3=O)c1c[nH]c2ccccc12,1.0,0.6841951,
tdc_bioavailability_ma,"Chemprop v2 (CMPNN, ensemble=3)",Chemprop v2,test,4,Cc1ccsc1C(=CCCN1CCC[C@@H](C(=O)O)C1)c1sccc1C,1.0,0.77349776,
tdc_bioavailability_ma,"Chemprop v2 (CMPNN, ensemble=3)",Chemprop v2,test,5,COc1ccc(C(=O)Nc2ccccc2CCC2CCCCN2C)cc1,1.0,0.79445606,
tdc_bioavailability_ma,"Chemprop v2 (CMPNN, ensemble=3)",Chemprop v2,test,6,COc1c(N2C[C@@H]3CCCN[C@@H]3C2)c(F)cc2c(=O)c(C(=O)O)cn(C3CC3)c12,1.0,0.79767364,
tdc_bioavailability_ma,"Chemprop v2 (CMPNN, ensemble=3)",Chemprop v2,test,7,CO[C@H]1/C=C/O[C@@]2(C)Oc3c(C)c(O)c4c(c3C2=O)C2=NC3(CCN(CC(C)C)CC3)NC2=C(NC(=O)/C(C)=C\C=C\[C@H](C)[C@H](O)[C@@H](C)[C@@H](O)[C@@H](C)[C@H](OC(C)=O)[C@@H]1C)C4=O,0.0,0.71188146,
tdc_bioavailability_ma,"Chemprop v2 (CMPNN, ensemble=3)",Chemprop v2,test,8,COc1cc([C@@H]2c3cc4c(cc3[C@@H](O[C@@H]3O[C@@H]5CO[C@@H](c6cccs6)O[C@H]5[C@H](O)[C@H]3O)[C@H]3COC(=O)[C@H]23)OCO4)cc(OC)c1O,1.0,0.6389001,
tdc_bioavailability_ma,"Chemprop v2 (CMPNN, ensemble=3)",Chemprop v2,test,9,CN(C)CCc1c[nH]c2ccc(C[C@H]3COC(=O)N3)cc12,1.0,0.7534156,
tdc_bioavailability_ma,"Chemprop v2 (CMPNN, ensemble=3)",Chemprop v2,test,10,COC(=O)C(c1ccccc1)C1CCCCN1,0.0,0.6853811,
tdc_bioavailability_ma,"Chemprop v2 (CMPNN, ensemble=3)",Chemprop v2,test,11,COc1ccc([C@@H]2Sc3ccccc3N(CCN(C)C)C(=O)[C@@H]2OC(C)=O)cc1,1.0,0.7517926,
tdc_bioavailability_ma,"Chemprop v2 (CMPNN, ensemble=3)",Chemprop v2,test,12,Cc1cc(C)nc(NS(=O)(=O)c2ccc(N)cc2)n1,1.0,0.8387794,
tdc_bioavailability_ma,"Chemprop v2 (CMPNN, ensemble=3)",Chemprop v2,test,13,Nc1ccc(S(=O)(=O)Nc2ncccn2)cc1,1.0,0.8212464,
tdc_bioavailability_ma,"Chemprop v2 (CMPNN, ensemble=3)",Chemprop v2,test,14,C#Cc1cccc(Nc2ncnc3cc(OCCOC)c(OCCOC)cc23)c1,1.0,0.8742647,
tdc_bioavailability_ma,"Chemprop v2 (CMPNN, ensemble=3)",Chemprop v2,test,15,OC(CCN1CCCCC1)(c1ccccc1)C1CCCCC1,1.0,0.6396187,
tdc_bioavailability_ma,"Chemprop v2 (CMPNN, ensemble=3)",Chemprop v2,test,16,Cc1cc(NS(=O)(=O)c2ccc(N)cc2)no1,1.0,0.81873965,
tdc_bioavailability_ma,"Chemprop v2 (CMPNN, ensemble=3)",Chemprop v2,test,17,CCOC(=O)C1=C(COCCN)NC(C)=C(C(=O)OC)C1c1ccccc1Cl,1.0,0.81823796,
tdc_bioavailability_ma,"Chemprop v2 (CMPNN, ensemble=3)",Chemprop v2,test,18,COC(=O)C1=C(C#N)NC(C)=C(C(=O)OC(C)C)C1c1cccc([N+](=O)[O-])c1,0.0,0.83859533,
tdc_bioavailability_ma,"Chemprop v2 (CMPNN, ensemble=3)",Chemprop v2,test,19,COC(=O)C1=C(C)NC(C)=C(C(=O)OC)C1c1ccccc1[N+](=O)[O-],1.0,0.8303275,
tdc_bioavailability_ma,"Chemprop v2 (CMPNN, ensemble=3)",Chemprop v2,test,20,CCOC(=O)C1=C(C)NC(C)=C(C(=O)OC)C1c1cccc([N+](=O)[O-])c1,0.0,0.8296711,
tdc_bioavailability_ma,"Chemprop v2 (CMPNN, ensemble=3)",Chemprop v2,test,21,CCOC(=O)C1=C(C)NC(C)=C(C(=O)OC)C1c1cccc(Cl)c1Cl,0.0,0.83662325,
tdc_bioavailability_ma,"Chemprop v2 (CMPNN, ensemble=3)",Chemprop v2,test,22,CCOC(=O)C1=C(C)NC(C)=C(C(=O)OCC)C1c1ccccc1/C=C/C(=O)OC(C)(C)C,0.0,0.83370167,
tdc_bioavailability_ma,"Chemprop v2 (CMPNN, ensemble=3)",Chemprop v2,test,23,COCCOC(=O)C1=C(C)NC(C)=C(C(=O)OC(C)C)C1c1cccc([N+](=O)[O-])c1,0.0,0.8254338,
tdc_bioavailability_ma,"Chemprop v2 (CMPNN, ensemble=3)",Chemprop v2,test,24,COC(=O)C1=C(C)NC(C)=C(C(=O)OCC(C)C)C1c1ccccc1[N+](=O)[O-],0.0,0.8275023,
tdc_bioavailability_ma,"Chemprop v2 (CMPNN, ensemble=3)",Chemprop v2,test,25,CC(C)(C)NCC(O)COc1ccc(NC(=O)NC2CCCCC2)cc1,1.0,0.71632266,
tdc_bioavailability_ma,"Chemprop v2 (CMPNN, ensemble=3)",Chemprop v2,test,26,Cc1cnc(NC(=O)C2=C(O)c3ccccc3S(=O)(=O)N2C)s1,1.0,0.86522436,
tdc_bioavailability_ma,"Chemprop v2 (CMPNN, ensemble=3)",Chemprop v2,test,27,CN1C(=O)C(O)N=C(c2ccccc2Cl)c2cc(Cl)ccc21,1.0,0.849114,
tdc_bioavailability_ma,"Chemprop v2 (CMPNN, ensemble=3)",Chemprop v2,test,28,O=C1Nc2ccc(Cl)cc2C(c2ccccc2)=NC1O,1.0,0.8237037,
tdc_bioavailability_ma,"Chemprop v2 (CMPNN, ensemble=3)",Chemprop v2,test,29,CN1C(=O)C(O)N=C(c2ccccc2)c2cc(Cl)ccc21,1.0,0.83150214,
tdc_bioavailability_ma,"Chemprop v2 (CMPNN, ensemble=3)",Chemprop v2,test,30,O=C1CN=C(c2ccccc2)c2cc([N+](=O)[O-])ccc2N1,1.0,0.84669214,
tdc_bioavailability_ma,"Chemprop v2 (CMPNN, ensemble=3)",Chemprop v2,test,31,CN1C(=O)CN=C(c2ccccc2)c2cc(Cl)ccc21,1.0,0.84210163,
tdc_bioavailability_ma,"Chemprop v2 (CMPNN, ensemble=3)",Chemprop v2,test,32,CN1C(=O)CN=C(c2ccccc2F)c2cc([N+](=O)[O-])ccc21,1.0,0.8667733,
tdc_bioavailability_ma,"Chemprop v2 (CMPNN, ensemble=3)",Chemprop v2,test,33,O=C1CN=C(c2ccccc2Cl)c2cc([N+](=O)[O-])ccc2N1,1.0,0.8629541,
tdc_bioavailability_ma,"Chemprop v2 (CMPNN, ensemble=3)",Chemprop v2,test,34,O=C1Nc2ccc(Cl)cc2C(c2ccccc2Cl)=NC1O,1.0,0.8419757,
tdc_bioavailability_ma,"Chemprop v2 (CMPNN, ensemble=3)",Chemprop v2,test,35,CCN(CC)CCN1C(=O)CN=C(c2ccccc2F)c2cc(Cl)ccc21,1.0,0.85390025,
tdc_bioavailability_ma,"Chemprop v2 (CMPNN, ensemble=3)",Chemprop v2,test,36,CN1C[C@H](CNC(=O)OCc2ccccc2)C[C@@H]2c3cccc4c3c(cn4C)C[C@H]21,1.0,0.77264076,
tdc_bioavailability_ma,"Chemprop v2 (CMPNN, ensemble=3)",Chemprop v2,test,37,O=C(O)COCCN1CCN(C(c2ccccc2)c2ccc(Cl)cc2)CC1,1.0,0.7632251,
tdc_bioavailability_ma,"Chemprop v2 (CMPNN, ensemble=3)",Chemprop v2,test,38,NS(=O)(=O)c1cc2c(cc1Cl)N=C(CSCc1ccccc1)NS2(=O)=O,0.0,0.86862534,
tdc_bioavailability_ma,"Chemprop v2 (CMPNN, ensemble=3)",Chemprop v2,test,39,O=C1CC2(CCCC2)CC(=O)N1CCCCN1CCN(c2ncccn2)CC1,0.0,0.74557465,
tdc_bioavailability_ma,"Chemprop v2 (CMPNN, ensemble=3)",Chemprop v2,test,40,N[C@@H](C(=O)N[C@@H]1C(=O)N2C(C(=O)O)=C(Cl)CC[C@H]12)c1ccccc1,1.0,0.6861965,
tdc_bioavailability_ma,"Chemprop v2 (CMPNN, ensemble=3)",Chemprop v2,test,41,CC[C@]12CCCN3CCc4c(n(c5ccccc45)[C@@](O)(C(=O)OC)C1)[C@@H]32,0.0,0.68790764,
tdc_bioavailability_ma,"Chemprop v2 (CMPNN, ensemble=3)",Chemprop v2,test,42,Nc1nc(NC2CC2)c2ncn([C@H]3C=C[C@@H](CO)C3)c2n1,1.0,0.7701872,
tdc_bioavailability_ma,"Chemprop v2 (CMPNN, ensemble=3)",Chemprop v2,test,43,Cc1ncc2n1-c1ccc(Cl)cc1C(c1ccccc1F)=NC2,1.0,0.89127856,
tdc_bioavailability_ma,"Chemprop v2 (CMPNN, ensemble=3)",Chemprop v2,test,44,CCn1cc(C(=O)O)c(=O)c2cc(F)c(N3CCNCC3)nc21,1.0,0.8440842,
tdc_bioavailability_ma,"Chemprop v2 (CMPNN, ensemble=3)",Chemprop v2,test,45,CC1=C(CC(=O)O)c2cc(F)ccc2/C1=C\c1ccc(S(C)=O)cc1,1.0,0.86009526,
tdc_bioavailability_ma,"Chemprop v2 (CMPNN, ensemble=3)",Chemprop v2,test,46,CCOc1ccc2ccccc2c1C(=O)N[C@@H]1C(=O)N2[C@@H]1SC(C)(C)[C@@H]2C(=O)O,1.0,0.7183226,
tdc_bioavailability_ma,"Chemprop v2 (CMPNN, ensemble=3)",Chemprop v2,test,47,C=C[C@H]1CN2CC[C@H]1C[C@H]2[C@H](O)c1ccnc2ccc(OC)cc12,1.0,0.68703413,
tdc_bioavailability_ma,"Chemprop v2 (CMPNN, ensemble=3)",Chemprop v2,test,48,C=C[C@H]1CN2CC[C@H]1C[C@@H]2[C@@H](O)c1ccnc2ccc(OC)cc12,1.0,0.68859416,
tdc_bioavailability_ma,"Chemprop v2 (CMPNN, ensemble=3)",Chemprop v2,test,49,CC(C)[N+]1(C)[C@@H]2CC[C@H]1C[C@@H](OC(=O)C(CO)c1ccccc1)C2,0.0,0.48365378,
tdc_bioavailability_ma,"Chemprop v2 (CMPNN, ensemble=3)",Chemprop v2,test,50,CCCCc1oc2ccccc2c1C(=O)c1cc(I)c(OCCN(CC)CC)c(I)c1,1.0,0.8693268,
tdc_bioavailability_ma,"Chemprop v2 (CMPNN, ensemble=3)",Chemprop v2,test,51,N#Cc1ccccc1OCC(O)CNCCNC(=O)Cc1ccc(O)cc1,0.0,0.8019626,
tdc_bioavailability_ma,"Chemprop v2 (CMPNN, ensemble=3)",Chemprop v2,test,52,C[C@@H]1C[C@H]2[C@@H]3C[C@H](F)C4=CC(=O)C=C[C@]4(C)[C@H]3[C@@H](O)C[C@]2(C)[C@H]1C(=O)CO,1.0,0.4816153,
tdc_bioavailability_ma,"Chemprop v2 (CMPNN, ensemble=3)",Chemprop v2,test,53,C[C@@H]1C[C@H]2[C@@H]3CCC4=CC(=O)C=C[C@]4(C)[C@@]3(F)[C@@H](O)C[C@]2(C)[C@@]1(O)C(=O)CO,1.0,0.496732,
tdc_bioavailability_ma,"Chemprop v2 (CMPNN, ensemble=3)",Chemprop v2,test,54,C[C@]12C=CC(=O)C=C1CC[C@@H]1[C@@H]2[C@@H](O)C[C@@]2(C)[C@H]1CC[C@]2(O)C(=O)CO,1.0,0.49496636,
tdc_bioavailability_ma,"Chemprop v2 (CMPNN, ensemble=3)",Chemprop v2,test,55,C[C@H]1C[C@@H]2[C@H]([C@@H](O)C[C@@]3(C)[C@H]2CC[C@]3(O)C(=O)CO)[C@@]2(C)C=CC(=O)C=C12,1.0,0.496408,
tdc_bioavailability_ma,"Chemprop v2 (CMPNN, ensemble=3)",Chemprop v2,test,56,C[C@H]1C[C@H]2[C@@H]3CCC4=CC(=O)C=C[C@]4(C)[C@@]3(F)[C@@H](O)C[C@]2(C)[C@@]1(O)C(=O)CO,1.0,0.5005038,
tdc_bioavailability_ma,"Chemprop v2 (CMPNN, ensemble=3)",Chemprop v2,test,57,Cc1nccn1CC1CCc2c(c3ccccc3n2C)C1=O,1.0,0.8392218,
tdc_bioavailability_ma,"Chemprop v2 (CMPNN, ensemble=3)",Chemprop v2,test,58,C[C@@H](c1ncncc1F)[C@](O)(Cn1cncn1)c1ccc(F)cc1F,1.0,0.8286081,
tdc_bioavailability_ma,"Chemprop v2 (CMPNN, ensemble=3)",Chemprop v2,test,59,CCC(=O)N(c1ccccc1)C1(COC)CCN(CCn2nnn(CC)c2=O)CC1,0.0,0.8184778,
tdc_bioavailability_ma,"Chemprop v2 (CMPNN, ensemble=3)",Chemprop v2,test,60,CCN1CCCC1CNC(=O)c1cc(S(N)(=O)=O)ccc1OC,1.0,0.76562643,
tdc_bioavailability_ma,"Chemprop v2 (CMPNN, ensemble=3)",Chemprop v2,test,61,CCN1CCCC1CNC(=O)c1cc(S(=O)(=O)CC)c(N)cc1OC,1.0,0.7748971,
tdc_bioavailability_ma,"Chemprop v2 (CMPNN, ensemble=3)",Chemprop v2,test,62,CCN(CC)CCCN(c1ccccc1)C1Cc2ccccc2C1,1.0,0.750685,
tdc_bioavailability_ma,"Chemprop v2 (CMPNN, ensemble=3)",Chemprop v2,test,63,OCCN1CCN(CC/C=C2/c3ccccc3Sc3ccc(C(F)(F)F)cc32)CC1,1.0,0.8241151,
tdc_bioavailability_ma,"Chemprop v2 (CMPNN, ensemble=3)",Chemprop v2,test,64,CCOc1nc2cccc(C(=O)O)c2n1Cc1ccc(-c2ccccc2-c2nnn[nH]2)cc1,1.0,0.9421508,
tdc_bioavailability_ma,"Chemprop v2 (CMPNN, ensemble=3)",Chemprop v2,test,65,COc1cc2c(cc1OC)C1CC(=O)C(CC(C)C)CN1CC2,0.0,0.71703523,
tdc_bioavailability_ma,"Chemprop v2 (CMPNN, ensemble=3)",Chemprop v2,test,66,CN(C)CCc1c[nH]c2ccc(Cn3cncn3)cc12,1.0,0.82634884,
tdc_bioavailability_ma,"Chemprop v2 (CMPNN, ensemble=3)",Chemprop v2,test,67,CCOC(=O)[C@H](CCc1ccccc1)N[C@@H](C)C(=O)N(CC(=O)O)C1Cc2ccccc2C1,1.0,0.7550822,
tdc_bioavailability_ma,"Chemprop v2 (CMPNN, ensemble=3)",Chemprop v2,test,68,N[C@@H]1CONC1=O,1.0,0.58547354,
tdc_bioavailability_ma,"Chemprop v2 (CMPNN, ensemble=3)",Chemprop v2,test,69,C=C1CC[C@@]2(O)[C@H]3Cc4ccc(O)c5c4[C@@]2(CCN3CC2CC2)[C@H]1O5,1.0,0.6076019,
tdc_bioavailability_ma,"Chemprop v2 (CMPNN, ensemble=3)",Chemprop v2,test,70,CN1c2ccccc2C(NCCCCCCC(=O)O)c2ccc(Cl)cc2S1(=O)=O,1.0,0.83408374,
tdc_bioavailability_ma,"Chemprop v2 (CMPNN, ensemble=3)",Chemprop v2,test,71,CCOC(=O)c1ncn2c1CN(C)C(=O)c1cc(F)ccc1-2,1.0,0.86052346,
tdc_bioavailability_ma,"Chemprop v2 (CMPNN, ensemble=3)",Chemprop v2,test,72,CCCCc1ncc(/C=C(\Cc2cccs2)C(=O)O)n1Cc1ccc(C(=O)O)cc1,0.0,0.8775328,
tdc_bioavailability_ma,"Chemprop v2 (CMPNN, ensemble=3)",Chemprop v2,test,73,O=C(O)c1cc(/N=N/c2ccc(O)c(C(=O)O)c2)ccc1O,0.0,0.86099154,
tdc_bioavailability_ma,"Chemprop v2 (CMPNN, ensemble=3)",Chemprop v2,test,74,CSc1ccc2c(c1)N(CCC1CCCCN1C)c1ccccc1S2,1.0,0.7946333,
tdc_bioavailability_ma,"Chemprop v2 (CMPNN, ensemble=3)",Chemprop v2,test,75,CNS(=O)(=O)CCc1ccc2[nH]cc(C3CCN(C)CC3)c2c1,1.0,0.7584273,
tdc_bioavailability_ma,"Chemprop v2 (CMPNN, ensemble=3)",Chemprop v2,test,76,COc1cc2c(cc1OC)C(=O)C(CC1CCN(Cc3ccccc3)CC1)C2,1.0,0.7894749,
tdc_bioavailability_ma,"Chemprop v2 (CMPNN, ensemble=3)",Chemprop v2,test,77,CN1CCN(CC(=O)N2c3ccccc3C(=O)Nc3cccnc32)CC1,0.0,0.83493525,
tdc_bioavailability_ma,"Chemprop v2 (CMPNN, ensemble=3)",Chemprop v2,test,78,CN1CCCC(n2nc(Cc3ccc(Cl)cc3)c3ccccc3c2=O)CC1,1.0,0.84621567,
tdc_bioavailability_ma,"Chemprop v2 (CMPNN, ensemble=3)",Chemprop v2,test,79,CC(=O)OCC1=C(C(=O)O)N2C(=O)[C@@H](NC(=O)CC#N)[C@H]2SC1,0.0,0.6960487,
tdc_bioavailability_ma,"Chemprop v2 (CMPNN, ensemble=3)",Chemprop v2,test,80,CC(C)NCC(O)COc1cccc2ccccc12,1.0,0.7490844,
tdc_bioavailability_ma,"Chemprop v2 (CMPNN, ensemble=3)",Chemprop v2,test,81,COc1ccc2cc([C@H](C)C(=O)O)ccc2c1,1.0,0.7546728,
tdc_bioavailability_ma,"Chemprop v2 (CMPNN, ensemble=3)",Chemprop v2,test,82,COc1ccc2cc(CCC(C)=O)ccc2c1,1.0,0.7829986,
tdc_bioavailability_ma,"Chemprop v2 (CMPNN, ensemble=3)",Chemprop v2,test,83,CCN(CC)C(=O)C1(c2ccccc2)CC1CN,1.0,0.6950205,
tdc_bioavailability_ma,"Chemprop v2 (CMPNN, ensemble=3)",Chemprop v2,test,84,CC(C)(Oc1ccc(C2CC2(Cl)Cl)cc1)C(=O)O,1.0,0.73705274,
tdc_bioavailability_ma,"Chemprop v2 (CMPNN, ensemble=3)",Chemprop v2,test,85,CO[C@H]1O[C@@H]2O[C@@]3(C)CC[C@H]4[C@H](C)CC[C@@H]([C@H]1C)[C@@]24OO3,1.0,0.49844858,
tdc_bioavailability_ma,"Chemprop v2 (CMPNN, ensemble=3)",Chemprop v2,test,86,CN1CCN2c3ccccc3Cc3ccccc3C2C1,1.0,0.7622888,
tdc_bioavailability_ma,"Chemprop v2 (CMPNN, ensemble=3)",Chemprop v2,test,87,Cc1c(O)cccc1C(=O)N[C@@H](CSc1ccccc1)[C@H](O)CN1C[C@H]2CCCC[C@H]2C[C@H]1C(=O)NC(C)(C)C,1.0,0.69642496,
tdc_bioavailability_ma,"Chemprop v2 (CMPNN, ensemble=3)",Chemprop v2,test,88,Cc1nnc2n1-c1sc(Br)cc1C(c1ccccc1Cl)=NC2,1.0,0.8974662,
tdc_bioavailability_ma,"Chemprop v2 (CMPNN, ensemble=3)",Chemprop v2,test,89,CCOc1ccccc1O[C@H](c1ccccc1)[C@H]1CNCCO1,1.0,0.71431845,
tdc_bioavailability_ma,"Chemprop v2 (CMPNN, ensemble=3)",Chemprop v2,test,90,CCn1cc(C(=O)O)c(=O)c2cc(F)c(N3CCN(C)CC3)cc21,1.0,0.83228344,
tdc_bioavailability_ma,"Chemprop v2 (CMPNN, ensemble=3)",Chemprop v2,test,91,CCn1cc(C(=O)O)c(=O)c2cc(F)c(N3CCNC(C)C3)c(F)c21,1.0,0.84504604,
tdc_bioavailability_ma,"Chemprop v2 (CMPNN, ensemble=3)",Chemprop v2,test,92,CCn1cc(C(=O)O)c(=O)c2cc(F)c(N3CCNCC3)cc21,1.0,0.8335605,
tdc_bioavailability_ma,"Chemprop v2 (CMPNN, ensemble=3)",Chemprop v2,test,93,Cc1ccc(C(=O)c2ccc(CC(=O)O)n2C)cc1,1.0,0.8174692,
tdc_bioavailability_ma,"Chemprop v2 (CMPNN, ensemble=3)",Chemprop v2,test,94,CC(C)N1CCC(N(C(=O)Cc2ccccc2)c2ccc(Cl)cc2)CC1,0.0,0.785528,
tdc_bioavailability_ma,"Chemprop v2 (CMPNN, ensemble=3)",Chemprop v2,test,95,COc1ccc(Cl)cc1C(=O)NCCc1ccc(S(=O)(=O)NC(=O)NC2CCCCC2)cc1,1.0,0.85402554,
tdc_bioavailability_ma,"Chemprop v2 (CMPNN, ensemble=3)",Chemprop v2,test,96,COc1cccc2c1C(=O)c1c(O)c3c(c(O)c1C2=O)C[C@@](O)(C(=O)CO)C[C@@H]3O[C@H]1C[C@H](N)[C@H](O)[C@H](C)O1,0.0,0.7646908,
tdc_bioavailability_ma,"Chemprop v2 (CMPNN, ensemble=3)",Chemprop v2,test,97,CC(=O)[C@]1(O)Cc2c(O)c3c(c(O)c2[C@@H](O[C@H]2C[C@H](N)[C@H](O)[C@H](C)O2)C1)C(=O)c1ccccc1C3=O,1.0,0.7453754,
tdc_bioavailability_ma,"Chemprop v2 (CMPNN, ensemble=3)",Chemprop v2,test,98,COc1cccc2c1C(=O)c1c(O)c3c(c(O)c1C2=O)C[C@@](O)(C(=O)CO)C[C@@H]3O[C@H]1C[C@H](N)[C@@H](O)[C@H](C)O1,0.0,0.770952,
tdc_bioavailability_ma,"Chemprop v2 (CMPNN, ensemble=3)",Chemprop v2,test,99,COc1cccc(C(=O)CCN[C@@H](C)[C@H](O)c2ccccc2)c1,1.0,0.7354416,
tdc_bioavailability_ma,"Chemprop v2 (CMPNN, ensemble=3)",Chemprop v2,test,100,Cc1nc2n(c(=O)c1CCN1CCC(c3noc4cc(F)ccc34)CC1)CCCC2,1.0,0.8580257,
tdc_bioavailability_ma,"Chemprop v2 (CMPNN, ensemble=3)",Chemprop v2,test,101,CN1CC[C@]23c4c5ccc(O)c4O[C@H]2[C@@H](O)C=C[C@H]3[C@H]1C5,1.0,0.5778783,
tdc_bioavailability_ma,"Chemprop v2 (CMPNN, ensemble=3)",Chemprop v2,test,102,COc1ccc2c3c1O[C@H]1[C@@H](O)C=C[C@H]4[C@@H](C2)N(C)CC[C@@]341,1.0,0.60308766,
tdc_bioavailability_ma,"Chemprop v2 (CMPNN, ensemble=3)",Chemprop v2,test,103,C=CC[C@@H]1/C=C(\C)C[C@H](C)C[C@H](OC)[C@H]2O[C@@](O)(C(=O)C(=O)N3CCCC[C@H]3C(=O)O[C@H](/C(C)=C/[C@@H]3CC[C@@H](O)[C@H](OC)C3)[C@H](C)[C@@H](O)CC1=O)[C@H](C)C[C@@H]2OC,1.0,0.4326398,
tdc_bioavailability_ma,"Chemprop v2 (CMPNN, ensemble=3)",Chemprop v2,test,104,C#C[C@]1(O)CC[C@H]2[C@@H]3CCc4cc(O)ccc4[C@H]3[C@@H](OC)C[C@@]21C,1.0,0.54784125,
tdc_bioavailability_ma,"Chemprop v2 (CMPNN, ensemble=3)",Chemprop v2,test,105,C[C@]12CC[C@@H]3c4ccc(O)cc4CC[C@H]3[C@@H]1CC[C@@H]2O,0.0,0.5570715,
tdc_bioavailability_ma,"Chemprop v2 (CMPNN, ensemble=3)",Chemprop v2,test,106,CC(=O)O[C@H]1C[C@@H]2CC[C@@H]3[C@H](CC[C@@]4(C)[C@H]3C[C@H]([N+]3(C)CCCCC3)[C@@H]4OC(C)=O)[C@@]2(C)C[C@@H]1[N+]1(C)CCCCC1,0.0,0.3698851,
tdc_bioavailability_ma,"Chemprop v2 (CMPNN, ensemble=3)",Chemprop v2,test,107,CO/N=C(\C(=O)N[C@@H]1C(=O)N2C(C(=O)O)=C(CSc3nc(C)c(CC(=O)O)s3)CS[C@H]12)c1csc(N)n1,0.0,0.85630876,
tdc_bioavailability_ma,"Chemprop v2 (CMPNN, ensemble=3)",Chemprop v2,test,108,CNCCCC12CCC(c3ccccc31)c1ccccc12,1.0,0.7550811,
tdc_bioavailability_ma,"Chemprop v2 (CMPNN, ensemble=3)",Chemprop v2,test,109,C=CCN1CCCC1CNC(=O)c1cc2n[nH]nc2cc1OC,1.0,0.79922646,
tdc_bioavailability_ma,"Chemprop v2 (CMPNN, ensemble=3)",Chemprop v2,test,110,C#C[C@]1(O)CC[C@H]2[C@@H]3CCC4=CC(=O)CC[C@@H]4[C@H]3CC[C@@]21CC,1.0,0.5075465,
tdc_bioavailability_ma,"Chemprop v2 (CMPNN, ensemble=3)",Chemprop v2,test,111,C[C@]12CC[C@H]3[C@@H](CCC4=CC(=O)CC[C@@]43C)[C@@H]1CC[C@@H]2O,0.0,0.5088754,
tdc_bioavailability_ma,"Chemprop v2 (CMPNN, ensemble=3)",Chemprop v2,test,112,C#CC1(O)CCC2C3CCC4=CC(=O)CCC4C3CCC21CC,1.0,0.578407,
tdc_bioavailability_ma,"Chemprop v2 (CMPNN, ensemble=3)",Chemprop v2,test,113,CC(=O)[C@H]1CC[C@H]2[C@@H]3CCC4=CC(=O)CC[C@]4(C)[C@H]3CC[C@]12C,1.0,0.5181117,
tdc_bioavailability_ma,"Chemprop v2 (CMPNN, ensemble=3)",Chemprop v2,test,114,N/N=c1/cc2c(n[nH]1)CCN(C(=O)c1ccccc1)C2,1.0,0.8278418,
tdc_bioavailability_ma,"Chemprop v2 (CMPNN, ensemble=3)",Chemprop v2,test,115,COc1ccc2c(c1)c(CC(=O)O)c(C)n2C(=O)c1ccc(Cl)cc1,1.0,0.882705,
tdc_bioavailability_ma,"Chemprop v2 (CMPNN, ensemble=3)",Chemprop v2,test,116,CC(C(=O)O)c1ccc(C(=O)c2cccs2)cc1,1.0,0.79233795,
tdc_bioavailability_ma,"Chemprop v2 (CMPNN, ensemble=3)",Chemprop v2,test,117,CCOC(=O)CN[C@@H](C(=O)N1CC[C@H]1C(=O)NCc1ccc(/C(N)=N/O)cc1)C1CCCCC1,1.0,0.731783,
tdc_bioavailability_ma,"Chemprop v2 (CMPNN, ensemble=3)",Chemprop v2,test,118,N=C(N)c1ccc(CNC(=O)[C@@H]2CCN2C(=O)[C@H](NCC(=O)O)C2CCCCC2)cc1,0.0,0.691524,
tdc_bioavailability_ma,"Chemprop v2 (CMPNN, ensemble=3)",Chemprop v2,test,119,Cc1ccc(S(=O)(=O)NC(=O)NN2CC3CCCC3C2)cc1,1.0,0.73642254,
tdc_bioavailability_ma,"Chemprop v2 (CMPNN, ensemble=3)",Chemprop v2,test,120,CCOC(=O)[C@H](CCc1ccccc1)N[C@@H](C)C(=O)N1[C@H](C(=O)O)C[C@H]2CCCC[C@@H]21,0.0,0.58882403,
tdc_bioavailability_ma,"Chemprop v2 (CMPNN, ensemble=3)",Chemprop v2,test,121,O=C1CC[C@@]2(O)[C@H]3Cc4ccc(O)c5c4[C@@]2(CCN3CC2CC2)[C@H]1O5,1.0,0.6103143,
tdc_bioavailability_ma,"Chemprop v2 (CMPNN, ensemble=3)",Chemprop v2,test,122,COc1ccccc1OCCNCC(O)COc1cccc2[nH]c3ccccc3c12,1.0,0.86340994,
tdc_bioavailability_ma,"Chemprop v2 (CMPNN, ensemble=3)",Chemprop v2,test,123,CN(C)CCC=C1c2ccccc2COc2ccccc21,1.0,0.8031764,
tdc_bioavailability_ma,"Chemprop v2 (CMPNN, ensemble=3)",Chemprop v2,test,124,Nc1nnc(-c2cccc(Cl)c2Cl)c(N)n1,1.0,0.8589223,
tdc_bioavailability_ma,"Chemprop v2 (CMPNN, ensemble=3)",Chemprop v2,test,125,CO/N=C(\C(=O)N[C@@H]1C(=O)N2C(C(=O)O)=C(CSc3nc(=O)c(=O)[nH]n3C)CS[C@H]12)c1csc(N)n1,0.0,0.866249,
tdc_bioavailability_ma,"Chemprop v2 (CMPNN, ensemble=3)",Chemprop v2,test,126,Cc1ccc2c(-c3ccccc3)nc(=O)n(C(C)C)c2c1,0.0,0.8484414,
tdc_bioavailability_ma,"Chemprop v2 (CMPNN, ensemble=3)",Chemprop v2,test,127,O=C1NCC2(CCN(CCc3ccccc3)CC2)O1,1.0,0.6870726,
tdc_bioavailability_ma,"Chemprop v2 (AttentiveFP, ensemble=3)",Chemprop v2,train,0,CC[N+](C)(C)c1cccc(O)c1,0.0,0.7899499,
tdc_bioavailability_ma,"Chemprop v2 (AttentiveFP, ensemble=3)",Chemprop v2,train,1,C[C@H](N)[C@H](O)c1ccccc1,1.0,0.79716986,
tdc_bioavailability_ma,"Chemprop v2 (AttentiveFP, ensemble=3)",Chemprop v2,train,2,Cc1cccc(C)c1NC(=O)C(C)N,1.0,0.79323435,
tdc_bioavailability_ma,"Chemprop v2 (AttentiveFP, ensemble=3)",Chemprop v2,train,3,CC(C)(C)NCC(O)c1ccccc1Cl,1.0,0.7892588,
tdc_bioavailability_ma,"Chemprop v2 (AttentiveFP, ensemble=3)",Chemprop v2,train,4,CCN(CC)CCNC(=O)c1cc(Cl)c(N)cc1OC,1.0,0.7601873,
tdc_bioavailability_ma,"Chemprop v2 (AttentiveFP, ensemble=3)",Chemprop v2,train,5,CC[N+](C)(C)Cc1ccccc1Br,1.0,0.8045319,
tdc_bioavailability_ma,"Chemprop v2 (AttentiveFP, ensemble=3)",Chemprop v2,train,6,CCOc1ccc(NC(C)=O)cc1,1.0,0.7930874,
tdc_bioavailability_ma,"Chemprop v2 (AttentiveFP, ensemble=3)",Chemprop v2,train,7,C[C@](N)(Cc1ccc(O)c(O)c1)C(=O)O,1.0,0.7331436,
tdc_bioavailability_ma,"Chemprop v2 (AttentiveFP, ensemble=3)",Chemprop v2,train,8,O=C(O)CCCc1ccc(N(CCCl)CCCl)cc1,1.0,0.77366036,
tdc_bioavailability_ma,"Chemprop v2 (AttentiveFP, ensemble=3)",Chemprop v2,train,9,CCNC(C)Cc1cccc(C(F)(F)F)c1,1.0,0.8047467,
tdc_bioavailability_ma,"Chemprop v2 (AttentiveFP, ensemble=3)",Chemprop v2,train,10,CCN(CC)CCNC(=O)c1ccc(N)cc1,1.0,0.7644267,
tdc_bioavailability_ma,"Chemprop v2 (AttentiveFP, ensemble=3)",Chemprop v2,train,11,CN(C)C(=O)Oc1cccc([N+](C)(C)C)c1,0.0,0.7882356,
tdc_bioavailability_ma,"Chemprop v2 (AttentiveFP, ensemble=3)",Chemprop v2,train,12,Cc1ccc(C)c(OCCCC(C)(C)C(=O)O)c1,1.0,0.77482533,
tdc_bioavailability_ma,"Chemprop v2 (AttentiveFP, ensemble=3)",Chemprop v2,train,13,CC(=O)Nc1ccc(O)cc1,1.0,0.78734714,
tdc_bioavailability_ma,"Chemprop v2 (AttentiveFP, ensemble=3)",Chemprop v2,train,14,CC(C)NCC(O)COc1ccc(CC(N)=O)cc1,1.0,0.7267459,
tdc_bioavailability_ma,"Chemprop v2 (AttentiveFP, ensemble=3)",Chemprop v2,train,15,CC(C)Cc1ccc(C(C)C(=O)O)cc1,1.0,0.7779457,
tdc_bioavailability_ma,"Chemprop v2 (AttentiveFP, ensemble=3)",Chemprop v2,train,16,COCCCC/C(=N\OCCN)c1ccc(C(F)(F)F)cc1,1.0,0.7687122,
tdc_bioavailability_ma,"Chemprop v2 (AttentiveFP, ensemble=3)",Chemprop v2,train,17,NC[C@H](O)c1ccc(O)c(O)c1,0.0,0.7478451,
tdc_bioavailability_ma,"Chemprop v2 (AttentiveFP, ensemble=3)",Chemprop v2,train,18,NCC(O)c1cccc(O)c1,0.0,0.7815488,
tdc_bioavailability_ma,"Chemprop v2 (AttentiveFP, ensemble=3)",Chemprop v2,train,19,CN[C@@H](C)[C@@H](O)c1ccccc1,1.0,0.7973666,
tdc_bioavailability_ma,"Chemprop v2 (AttentiveFP, ensemble=3)",Chemprop v2,train,20,CCOC(=O)C(C)(C)Oc1ccc(Cl)cc1,0.0,0.7776303,
tdc_bioavailability_ma,"Chemprop v2 (AttentiveFP, ensemble=3)",Chemprop v2,train,21,Cc1cccc(C)c1OCC(C)N,1.0,0.8008566,
tdc_bioavailability_ma,"Chemprop v2 (AttentiveFP, ensemble=3)",Chemprop v2,train,22,COc1cc(C)c(/C=C/C(C)=C/C=C/C(C)=C/C(=O)O)c(C)c1C,1.0,0.7830913,
tdc_bioavailability_ma,"Chemprop v2 (AttentiveFP, ensemble=3)",Chemprop v2,train,23,CCCN(CCC)S(=O)(=O)c1ccc(C(=O)O)cc1,1.0,0.77241755,
tdc_bioavailability_ma,"Chemprop v2 (AttentiveFP, ensemble=3)",Chemprop v2,train,24,CC(C)NC[C@H](O)COc1ccc(O)cc1,1.0,0.7398808,
tdc_bioavailability_ma,"Chemprop v2 (AttentiveFP, ensemble=3)",Chemprop v2,train,25,CCN(CC)CC(=O)Nc1c(C)cccc1C,1.0,0.78368497,
tdc_bioavailability_ma,"Chemprop v2 (AttentiveFP, ensemble=3)",Chemprop v2,train,26,CCCCNC(=O)NS(=O)(=O)c1ccc(C)cc1,1.0,0.78040403,
tdc_bioavailability_ma,"Chemprop v2 (AttentiveFP, ensemble=3)",Chemprop v2,train,27,C=CCc1ccccc1OCC(O)CNC(C)C,0.0,0.76137346,
tdc_bioavailability_ma,"Chemprop v2 (AttentiveFP, ensemble=3)",Chemprop v2,train,28,NC(=O)OCC(COC(N)=O)c1ccccc1,1.0,0.758502,
tdc_bioavailability_ma,"Chemprop v2 (AttentiveFP, ensemble=3)",Chemprop v2,train,29,CCCCCCCN(CC)CCCC(O)c1ccc(NS(C)(=O)=O)cc1,0.0,0.70806146,
tdc_bioavailability_ma,"Chemprop v2 (AttentiveFP, ensemble=3)",Chemprop v2,train,30,N[C@@H](Cc1ccc(O)c(O)c1)C(=O)O,1.0,0.7387188,
tdc_bioavailability_ma,"Chemprop v2 (AttentiveFP, ensemble=3)",Chemprop v2,train,31,CNC[C@H](O)c1cccc(O)c1,1.0,0.7850218,
tdc_bioavailability_ma,"Chemprop v2 (AttentiveFP, ensemble=3)",Chemprop v2,train,32,C#CCN(C)[C@H](C)Cc1ccccc1,0.0,0.80915374,
tdc_bioavailability_ma,"Chemprop v2 (AttentiveFP, ensemble=3)",Chemprop v2,train,33,CCCC(=O)Nc1ccc(OCC(O)CNC(C)C)c(C(C)=O)c1,1.0,0.72015834,
tdc_bioavailability_ma,"Chemprop v2 (AttentiveFP, ensemble=3)",Chemprop v2,train,34,CC(C)NCC(O)COc1ccc(COCCOC(C)C)cc1,1.0,0.70373553,
tdc_bioavailability_ma,"Chemprop v2 (AttentiveFP, ensemble=3)",Chemprop v2,train,35,CCN(C)C(=O)Oc1cccc([C@H](C)N(C)C)c1,1.0,0.7807477,
tdc_bioavailability_ma,"Chemprop v2 (AttentiveFP, ensemble=3)",Chemprop v2,train,36,CCN(CC)C(=O)/C(C#N)=C/c1cc(O)c(O)c([N+](=O)[O-])c1,1.0,0.77896065,
tdc_bioavailability_ma,"Chemprop v2 (AttentiveFP, ensemble=3)",Chemprop v2,train,37,CC(C)(C)NCC(O)c1cc(O)cc(O)c1,0.0,0.73604995,
tdc_bioavailability_ma,"Chemprop v2 (AttentiveFP, ensemble=3)",Chemprop v2,train,38,CCN(CC)CCNC(=O)c1cc(Br)c(N)cc1OC,1.0,0.76015586,
tdc_bioavailability_ma,"Chemprop v2 (AttentiveFP, ensemble=3)",Chemprop v2,train,39,CCN(CC)C(=O)Nc1ccc(OCC(O)CNC(C)(C)C)c(C(C)=O)c1,1.0,0.7306188,
tdc_bioavailability_ma,"Chemprop v2 (AttentiveFP, ensemble=3)",Chemprop v2,train,40,NCC(CC(=O)O)c1ccc(Cl)cc1,1.0,0.78299767,
tdc_bioavailability_ma,"Chemprop v2 (AttentiveFP, ensemble=3)",Chemprop v2,train,41,CC(NC(C)(C)C)C(=O)c1cccc(Cl)c1,1.0,0.7928598,
tdc_bioavailability_ma,"Chemprop v2 (AttentiveFP, ensemble=3)",Chemprop v2,train,42,N=C(N)NC(=O)Cc1c(Cl)cccc1Cl,1.0,0.79343957,
tdc_bioavailability_ma,"Chemprop v2 (AttentiveFP, ensemble=3)",Chemprop v2,train,43,O=C(N[C@H](CO)[C@H](O)c1ccc([N+](=O)[O-])cc1)C(Cl)Cl,1.0,0.72911453,
tdc_bioavailability_ma,"Chemprop v2 (AttentiveFP, ensemble=3)",Chemprop v2,train,44,N[C@@H](Cc1ccc(N(CCCl)CCCl)cc1)C(=O)O,1.0,0.7647534,
tdc_bioavailability_ma,"Chemprop v2 (AttentiveFP, ensemble=3)",Chemprop v2,train,45,C=CCOc1ccccc1OCC(O)CNC(C)C,1.0,0.7444524,
tdc_bioavailability_ma,"Chemprop v2 (AttentiveFP, ensemble=3)",Chemprop v2,train,46,COCCc1ccc(OCC(O)CNC(C)C)cc1,1.0,0.7348285,
tdc_bioavailability_ma,"Chemprop v2 (AttentiveFP, ensemble=3)",Chemprop v2,train,47,CC(C)NCC(O)c1ccc(NS(C)(=O)=O)cc1,1.0,0.7616904,
tdc_bioavailability_ma,"Chemprop v2 (AttentiveFP, ensemble=3)",Chemprop v2,train,48,CC(=O)Nc1ccc(OCC(O)CNC(C)C)cc1,1.0,0.7324595,
tdc_bioavailability_ma,"Chemprop v2 (AttentiveFP, ensemble=3)",Chemprop v2,train,49,CCOC(=O)Nc1ccc2c(c1)N(C(=O)CCN1CCOCC1)c1ccccc1S2,1.0,0.8316546,
tdc_bioavailability_ma,"Chemprop v2 (AttentiveFP, ensemble=3)",Chemprop v2,train,50,COC(=O)[C@H]1[C@@H](OC(=O)c2ccccc2)C[C@@H]2CC[C@H]1N2C,1.0,0.73551345,
tdc_bioavailability_ma,"Chemprop v2 (AttentiveFP, ensemble=3)",Chemprop v2,train,51,NS(=O)(=O)c1cc2c(cc1Cl)NCNS2(=O)=O,1.0,0.8260031,
tdc_bioavailability_ma,"Chemprop v2 (AttentiveFP, ensemble=3)",Chemprop v2,train,52,NS(=O)(=O)c1cc2c(cc1C(F)(F)F)NCNS2(=O)=O,1.0,0.8403228,
tdc_bioavailability_ma,"Chemprop v2 (AttentiveFP, ensemble=3)",Chemprop v2,train,53,O=C1CN(/N=C/c2ccc([N+](=O)[O-])o2)C(=O)N1,1.0,0.8071914,
tdc_bioavailability_ma,"Chemprop v2 (AttentiveFP, ensemble=3)",Chemprop v2,train,54,CCCCNc1cc(C(=O)O)cc(S(N)(=O)=O)c1Oc1ccccc1,1.0,0.8135202,
tdc_bioavailability_ma,"Chemprop v2 (AttentiveFP, ensemble=3)",Chemprop v2,train,55,CC(C(=O)O)c1cccc(Oc2ccccc2)c1,1.0,0.81142265,
tdc_bioavailability_ma,"Chemprop v2 (AttentiveFP, ensemble=3)",Chemprop v2,train,56,COc1ccc([C@@H]2CC(=O)c3c(O)cc(O[C@@H]4O[C@H](CO[C@@H]5O[C@@H](C)[C@H](O)[C@@H](O)[C@H]5O)[C@@H](O)[C@H](O)[C@H]4O)cc3O2)cc1O,0.0,0.66507804,
tdc_bioavailability_ma,"Chemprop v2 (AttentiveFP, ensemble=3)",Chemprop v2,train,57,CCCc1nc2c(C)cc(-c3nc4ccccc4n3C)cc2n1Cc1ccc(-c2ccccc2C(=O)O)cc1,1.0,0.9216588,
tdc_bioavailability_ma,"Chemprop v2 (AttentiveFP, ensemble=3)",Chemprop v2,train,58,CC(C)N(CCC(C(N)=O)(c1ccccc1)c1ccccn1)C(C)C,1.0,0.7847169,
tdc_bioavailability_ma,"Chemprop v2 (AttentiveFP, ensemble=3)",Chemprop v2,train,59,CN(C)CCC(c1ccc(Cl)cc1)c1ccccn1,1.0,0.8415156,
tdc_bioavailability_ma,"Chemprop v2 (AttentiveFP, ensemble=3)",Chemprop v2,train,60,CN(C)CCC(c1ccccc1)c1ccccn1,1.0,0.841006,
tdc_bioavailability_ma,"Chemprop v2 (AttentiveFP, ensemble=3)",Chemprop v2,train,61,CCN(CC)c1cc(C)nc2ncnn12,1.0,0.8405905,
tdc_bioavailability_ma,"Chemprop v2 (AttentiveFP, ensemble=3)",Chemprop v2,train,62,CC[C@H]1OC(=O)[C@H](C)[C@@H](O[C@H]2C[C@@](C)(OC)[C@@H](O)[C@H](C)O2)[C@H](C)[C@@H](O[C@@H]2O[C@H](C)C[C@H](N(C)C)[C@H]2O)[C@](C)(OC)C[C@@H](C)C(=O)[C@H](C)[C@@H](O)[C@]1(C)O,1.0,0.6864945,
tdc_bioavailability_ma,"Chemprop v2 (AttentiveFP, ensemble=3)",Chemprop v2,train,63,CC[C@H]1OC(=O)[C@H](C)[C@@H](O[C@H]2C[C@@](C)(OC)[C@@H](O)[C@H](C)O2)[C@H](C)[C@@H](O[C@@H]2O[C@H](C)C[C@H](N(C)C)[C@H]2O)[C@](C)(O)C[C@@H](C)C(=O)[C@H](C)[C@@H](O)[C@]1(C)O,1.0,0.6653382,
tdc_bioavailability_ma,"Chemprop v2 (AttentiveFP, ensemble=3)",Chemprop v2,train,64,COc1ccccc1Oc1c(NS(=O)(=O)c2ccc(C(C)(C)C)cc2)nc(-c2ncccn2)nc1OCCO,1.0,0.8607369,
tdc_bioavailability_ma,"Chemprop v2 (AttentiveFP, ensemble=3)",Chemprop v2,train,65,Nc1nc(=O)c2ncn(COCCO)c2[nH]1,0.0,0.8037794,
tdc_bioavailability_ma,"Chemprop v2 (AttentiveFP, ensemble=3)",Chemprop v2,train,66,Nc1nc(=O)c2ncn(CCC(CO)CO)c2[nH]1,1.0,0.77927333,
tdc_bioavailability_ma,"Chemprop v2 (AttentiveFP, ensemble=3)",Chemprop v2,train,67,CCCc1c2oc(C(=O)O)cc(=O)c2cc2c(=O)cc(C(=O)O)n(CC)c12,0.0,0.84645194,
tdc_bioavailability_ma,"Chemprop v2 (AttentiveFP, ensemble=3)",Chemprop v2,train,68,CN1[C@@H]2CC[C@H]1C[C@@H](OC(=O)c1c[nH]c3ccccc13)C2,1.0,0.7814927,
tdc_bioavailability_ma,"Chemprop v2 (AttentiveFP, ensemble=3)",Chemprop v2,train,69,Nc1nc2ccc(OC(F)(F)F)cc2s1,1.0,0.82473207,
tdc_bioavailability_ma,"Chemprop v2 (AttentiveFP, ensemble=3)",Chemprop v2,train,70,CO/N=C(\C(=O)N[C@@H]1C(=O)N2C(C(=O)O)=C(COC(N)=O)CS[C@H]12)c1ccco1,1.0,0.7601297,
tdc_bioavailability_ma,"Chemprop v2 (AttentiveFP, ensemble=3)",Chemprop v2,train,71,c1ccc(C2(N3CCCCC3)CCCCC2)cc1,1.0,0.7743499,
tdc_bioavailability_ma,"Chemprop v2 (AttentiveFP, ensemble=3)",Chemprop v2,train,72,NCC[C@H](O)C(=O)N[C@@H]1C[C@H](N)[C@@H](O[C@H]2O[C@H](CN)[C@@H](O)[C@H](O)[C@H]2O)[C@H](O)[C@H]1O[C@H]1O[C@H](CO)[C@@H](O)[C@H](N)[C@H]1O,0.0,0.43342745,
tdc_bioavailability_ma,"Chemprop v2 (AttentiveFP, ensemble=3)",Chemprop v2,train,73,NCC[C@H](O)C(=O)N[C@@H]1C[C@H](N)[C@@H](O[C@H]2O[C@H](CN)CC[C@H]2N)[C@H](O)[C@H]1O[C@H]1O[C@H](CO)[C@@H](O)[C@H](N)[C@H]1O,0.0,0.46963087,
tdc_bioavailability_ma,"Chemprop v2 (AttentiveFP, ensemble=3)",Chemprop v2,train,74,NC[C@H]1O[C@H](O[C@H]2[C@H](O)[C@@H](O[C@H]3O[C@H](CO)[C@@H](O)[C@H](N)[C@H]3O)[C@H](N)C[C@@H]2N)[C@H](N)C[C@@H]1O,0.0,0.46378195,
tdc_bioavailability_ma,"Chemprop v2 (AttentiveFP, ensemble=3)",Chemprop v2,train,75,NC[C@H]1O[C@H](O[C@H]2[C@H](O)[C@@H](O[C@H]3O[C@H](CO)[C@@H](O)[C@H](N)[C@H]3O)[C@H](N)C[C@@H]2N)[C@H](O)[C@@H](O)[C@@H]1O,0.0,0.43950072,
tdc_bioavailability_ma,"Chemprop v2 (AttentiveFP, ensemble=3)",Chemprop v2,train,76,CCC[C@H](N[C@@H](C)C(=O)N1[C@H](C(=O)O)C[C@@H]2CCCC[C@@H]21)C(=O)OCC,1.0,0.65202284,
tdc_bioavailability_ma,"Chemprop v2 (AttentiveFP, ensemble=3)",Chemprop v2,train,77,C#C[C@]1(O)C=C[C@H]2[C@@H]3CCC4=CC(=O)CC[C@@H]4[C@H]3CC[C@@]21CC,1.0,0.7550235,
tdc_bioavailability_ma,"Chemprop v2 (AttentiveFP, ensemble=3)",Chemprop v2,train,78,N=C(N)c1ccc(OCCCCCOc2ccc(C(=N)N)cc2)cc1,0.0,0.7776428,
tdc_bioavailability_ma,"Chemprop v2 (AttentiveFP, ensemble=3)",Chemprop v2,train,79,COc1ccc2c(c1OC)C(=O)O[C@@H]2[C@H]1c2c(cc3c(c2OC)OCO3)CCN1C,1.0,0.8350726,
tdc_bioavailability_ma,"Chemprop v2 (AttentiveFP, ensemble=3)",Chemprop v2,train,80,Cc1nnc2n1-c1ccc(Cl)cc1C(c1ccccc1)=NC2,1.0,0.88477784,
tdc_bioavailability_ma,"Chemprop v2 (AttentiveFP, ensemble=3)",Chemprop v2,train,81,CN(C)Cc1nnc2n1-c1ccc(Cl)cc1C(c1ccccc1)=NC2,1.0,0.8718911,
tdc_bioavailability_ma,"Chemprop v2 (AttentiveFP, ensemble=3)",Chemprop v2,train,82,Cc1nnc2n1-c1ccc(Cl)cc1C(c1ccccc1Cl)=NC2,1.0,0.8887627,
tdc_bioavailability_ma,"Chemprop v2 (AttentiveFP, ensemble=3)",Chemprop v2,train,83,C[N+]1(CC2CC2)[C@@H]2C[C@@H](OC(=O)[C@H](CO)c3ccccc3)C[C@H]1[C@@H]1O[C@@H]12,0.0,0.6540932,
tdc_bioavailability_ma,"Chemprop v2 (AttentiveFP, ensemble=3)",Chemprop v2,train,84,CN1C[C@H](C(=O)N[C@]2(C)O[C@@]3(O)[C@@H]4CCCN4C(=O)[C@H](Cc4ccccc4)N3C2=O)C=C2c3cccc4[nH]cc(c34)C[C@H]21,0.0,0.82869846,
tdc_bioavailability_ma,"Chemprop v2 (AttentiveFP, ensemble=3)",Chemprop v2,train,85,Cc1cc(=O)n(-c2ccccc2)n1C,1.0,0.84683466,
tdc_bioavailability_ma,"Chemprop v2 (AttentiveFP, ensemble=3)",Chemprop v2,train,86,CC(C)(Oc1ccc(CCNC(=O)c2ccc(Cl)cc2)cc1)C(=O)O,1.0,0.7890663,
tdc_bioavailability_ma,"Chemprop v2 (AttentiveFP, ensemble=3)",Chemprop v2,train,87,O=C1C(O)=C([C@H]2CC[C@H](c3ccc(Cl)cc3)CC2)C(=O)c2ccccc21,0.0,0.8112914,
tdc_bioavailability_ma,"Chemprop v2 (AttentiveFP, ensemble=3)",Chemprop v2,train,88,O=C(O)[C@H](CCc1ccccc1)N[C@H]1CCCN2CCC[C@@H](C(=O)O)N2C1=O,1.0,0.7267464,
tdc_bioavailability_ma,"Chemprop v2 (AttentiveFP, ensemble=3)",Chemprop v2,train,89,CCOC(=O)[C@H](CCc1ccccc1)N[C@H]1CCCN2CCC[C@@H](C(=O)O)N2C1=O,1.0,0.72076684,
tdc_bioavailability_ma,"Chemprop v2 (AttentiveFP, ensemble=3)",Chemprop v2,train,90,O=C(CCCN1CCC(O)(c2ccc(Cl)cc2)CC1)c1ccc(F)cc1,1.0,0.79070544,
tdc_bioavailability_ma,"Chemprop v2 (AttentiveFP, ensemble=3)",Chemprop v2,train,91,COc1ccc(CCN(C)CCCC(C#N)(c2ccc(OC)c(OC)c2)C(C)C)cc1OC,1.0,0.80392665,
tdc_bioavailability_ma,"Chemprop v2 (AttentiveFP, ensemble=3)",Chemprop v2,train,92,COc1ccc(CCN(C)CCCC(C#N)(c2cc(OC)c(OC)c(OC)c2)C(C)C)cc1OC,0.0,0.81060225,
tdc_bioavailability_ma,"Chemprop v2 (AttentiveFP, ensemble=3)",Chemprop v2,train,93,CCC(=O)O[C@@H](O[P@](=O)(CCCCc1ccccc1)CC(=O)N1C[C@H](C2CCCCC2)C[C@H]1C(=O)O)C(C)C,1.0,0.6981518,
tdc_bioavailability_ma,"Chemprop v2 (AttentiveFP, ensemble=3)",Chemprop v2,train,94,Cc1nnc(SCC2=C(C(=O)O)N3C(=O)[C@@H](NC(=O)Cn4cnnn4)[C@H]3SC2)s1,1.0,0.78905463,
tdc_bioavailability_ma,"Chemprop v2 (AttentiveFP, ensemble=3)",Chemprop v2,train,95,COc1ccc(C2CNC(=O)C2)cc1OC1CCCC1,1.0,0.7556036,
tdc_bioavailability_ma,"Chemprop v2 (AttentiveFP, ensemble=3)",Chemprop v2,train,96,C#C[C@]1(O)CC[C@H]2[C@@H]3CCC4=CCCC[C@@H]4[C@H]3CC[C@@]21C,1.0,0.7452026,
tdc_bioavailability_ma,"Chemprop v2 (AttentiveFP, ensemble=3)",Chemprop v2,train,97,Nc1nc(F)nc2c1ncn2[C@@H]1O[C@H](CO)[C@@H](O)[C@@H]1O,1.0,0.75489396,
tdc_bioavailability_ma,"Chemprop v2 (AttentiveFP, ensemble=3)",Chemprop v2,train,98,Nc1ncnc2c1ncn2[C@@H]1O[C@H](CO)[C@@H](O)[C@@H]1O,0.0,0.74750143,
tdc_bioavailability_ma,"Chemprop v2 (AttentiveFP, ensemble=3)",Chemprop v2,train,99,Nc1nc(Cl)nc2c1ncn2[C@H]1C[C@H](O)[C@@H](CO)O1,1.0,0.78535986,
tdc_bioavailability_ma,"Chemprop v2 (AttentiveFP, ensemble=3)",Chemprop v2,train,100,NS(=O)(=O)Cc1noc2ccccc12,1.0,0.82374233,
tdc_bioavailability_ma,"Chemprop v2 (AttentiveFP, ensemble=3)",Chemprop v2,train,101,NS(=O)(=O)c1cc2c(cc1Cl)NC=NS2(=O)=O,0.0,0.8350509,
tdc_bioavailability_ma,"Chemprop v2 (AttentiveFP, ensemble=3)",Chemprop v2,train,102,CC1=NS(=O)(=O)c2cc(Cl)ccc2N1,1.0,0.8444507,
tdc_bioavailability_ma,"Chemprop v2 (AttentiveFP, ensemble=3)",Chemprop v2,train,103,Nc1ccc(S(=O)(=O)c2ccc(N)cc2)cc1,1.0,0.8098822,
tdc_bioavailability_ma,"Chemprop v2 (AttentiveFP, ensemble=3)",Chemprop v2,train,104,Cc1onc(-c2ccccc2Cl)c1C(=O)N[C@@H]1C(=O)N2[C@@H]1SC(C)(C)[C@@H]2C(=O)O,1.0,0.804713,
tdc_bioavailability_ma,"Chemprop v2 (AttentiveFP, ensemble=3)",Chemprop v2,train,105,Cc1onc(-c2ccccc2)c1C(=O)N[C@@H]1C(=O)N2[C@@H]1SC(C)(C)[C@@H]2C(=O)O,1.0,0.79459953,
tdc_bioavailability_ma,"Chemprop v2 (AttentiveFP, ensemble=3)",Chemprop v2,train,106,Cc1onc(-c2c(Cl)cccc2Cl)c1C(=O)N[C@@H]1C(=O)N2[C@@H]1SC(C)(C)[C@@H]2C(=O)O,1.0,0.8127265,
tdc_bioavailability_ma,"Chemprop v2 (AttentiveFP, ensemble=3)",Chemprop v2,train,107,O=C(O)CCC(=O)c1ccc(-c2ccccc2)cc1,1.0,0.8081563,
tdc_bioavailability_ma,"Chemprop v2 (AttentiveFP, ensemble=3)",Chemprop v2,train,108,O=C(O)c1cc(-c2ccc(F)cc2F)ccc1O,1.0,0.8305845,
tdc_bioavailability_ma,"Chemprop v2 (AttentiveFP, ensemble=3)",Chemprop v2,train,109,CC(C(=O)O)c1ccc(-c2ccccc2)c(F)c1,1.0,0.8227703,
tdc_bioavailability_ma,"Chemprop v2 (AttentiveFP, ensemble=3)",Chemprop v2,train,110,CN(C)C(=O)C(CCN1CCC(O)(c2ccc(Cl)cc2)CC1)(c1ccccc1)c1ccccc1,1.0,0.8261981,
tdc_bioavailability_ma,"Chemprop v2 (AttentiveFP, ensemble=3)",Chemprop v2,train,111,COc1cc2nc(N3CCN(C(=O)c4ccco4)CC3)nc(N)c2cc1OC,1.0,0.8224948,
tdc_bioavailability_ma,"Chemprop v2 (AttentiveFP, ensemble=3)",Chemprop v2,train,112,O=C(NCCNCC(O)COc1ccc(O)cc1)N1CCOCC1,0.0,0.69870406,
tdc_bioavailability_ma,"Chemprop v2 (AttentiveFP, ensemble=3)",Chemprop v2,train,113,CC1=C(C(=O)O)N2C(=O)[C@@H](NC(=O)[C@H](N)c3ccc(O)cc3)[C@H]2SC1,1.0,0.7375155,
tdc_bioavailability_ma,"Chemprop v2 (AttentiveFP, ensemble=3)",Chemprop v2,train,114,CC1=C(C(=O)O)N2C(=O)[C@@H](NC(=O)[C@H](N)c3ccccc3)[C@H]2SC1,1.0,0.7624871,
tdc_bioavailability_ma,"Chemprop v2 (AttentiveFP, ensemble=3)",Chemprop v2,train,115,CC=CC1=C(C(=O)O)N2C(=O)[C@@H](NC(=O)[C@H](N)c3ccc(O)cc3)[C@H]2SC1,1.0,0.7394287,
tdc_bioavailability_ma,"Chemprop v2 (AttentiveFP, ensemble=3)",Chemprop v2,train,116,N[C@@H](C(=O)N[C@@H]1C(=O)N2C(C(=O)O)=C(Cl)CS[C@H]12)c1ccccc1,1.0,0.76138717,
tdc_bioavailability_ma,"Chemprop v2 (AttentiveFP, ensemble=3)",Chemprop v2,train,117,CN1CCN(C2=Nc3cc(Cl)ccc3Nc3ccccc32)CC1,1.0,0.8647154,
tdc_bioavailability_ma,"Chemprop v2 (AttentiveFP, ensemble=3)",Chemprop v2,train,118,CN(C)CCN(Cc1cccs1)c1ccccn1,0.0,0.8229472,
tdc_bioavailability_ma,"Chemprop v2 (AttentiveFP, ensemble=3)",Chemprop v2,train,119,CCC(=O)N(c1ccccc1)C1CCN(CCc2ccccc2)CC1,0.0,0.78884053,
tdc_bioavailability_ma,"Chemprop v2 (AttentiveFP, ensemble=3)",Chemprop v2,train,120,CC(C)(C)NC(=O)[C@@H]1C[C@@H]2CCCC[C@@H]2CN1C[C@@H](O)[C@H](Cc1ccccc1)NC(=O)[C@H](CC(N)=O)NC(=O)c1ccc2ccccc2n1,0.0,0.7671755,
tdc_bioavailability_ma,"Chemprop v2 (AttentiveFP, ensemble=3)",Chemprop v2,train,121,CO[C@@H]1[C@@H](O[C@@H]2O[C@H](C)[C@@H](O[C@H]3C[C@@](C)(O)[C@@H](O)[C@H](C)O3)[C@H](N(C)C)[C@H]2O)[C@@H](CC=O)C[C@@H](C)[C@@H](O[C@H]2CC[C@H](N(C)C)[C@H](C)O2)/C=C/C=C/C[C@@H](C)OC(=O)C[C@H]1O,1.0,0.662135,
tdc_bioavailability_ma,"Chemprop v2 (AttentiveFP, ensemble=3)",Chemprop v2,train,122,CN(C)CC(Oc1ccccc1)Oc1ccccc1,1.0,0.81122255,
tdc_bioavailability_ma,"Chemprop v2 (AttentiveFP, ensemble=3)",Chemprop v2,train,123,CN1CCC[C@@H]1Cc1c[nH]c2ccc(CCS(=O)(=O)c3ccccc3)cc12,1.0,0.81860644,
tdc_bioavailability_ma,"Chemprop v2 (AttentiveFP, ensemble=3)",Chemprop v2,train,124,OC(CNCC(O)C1CCc2cc(F)ccc2O1)C1CCc2cc(F)ccc2O1,1.0,0.7673464,
tdc_bioavailability_ma,"Chemprop v2 (AttentiveFP, ensemble=3)",Chemprop v2,train,125,O=C(NC1CCN(CCc2c[nH]c3ccccc23)CC1)c1ccccc1,0.0,0.8099928,
tdc_bioavailability_ma,"Chemprop v2 (AttentiveFP, ensemble=3)",Chemprop v2,train,126,NC(=O)c1ncn([C@@H]2O[C@H](CO)[C@@H](O)[C@H]2O)n1,1.0,0.7164216,
tdc_bioavailability_ma,"Chemprop v2 (AttentiveFP, ensemble=3)",Chemprop v2,train,127,CC(C)NCC(O)COc1ccc(CCOCC2CC2)cc1,1.0,0.7225244,
tdc_bioavailability_ma,"Chemprop v2 (AttentiveFP, ensemble=3)",Chemprop v2,train,128,C[C@@H](O)[C@H]1C(=O)N2C(C(=O)O)=C(S[C@@H]3CN[C@H](C(=O)N(C)C)C3)[C@H](C)[C@H]12,0.0,0.70852786,
tdc_bioavailability_ma,"Chemprop v2 (AttentiveFP, ensemble=3)",Chemprop v2,train,129,C[C@@H]1O[C@@H](O[C@@H]2C=C3CC[C@@H]4[C@H](CC[C@]5(C)[C@@H](c6ccc(=O)oc6)CC[C@]45O)[C@@]3(C)CC2)[C@H](O)[C@H](O)[C@H]1O,0.0,0.6995937,
tdc_bioavailability_ma,"Chemprop v2 (AttentiveFP, ensemble=3)",Chemprop v2,train,130,Nc1ccn([C@@H]2O[C@H](CO)[C@@H](O)[C@@H]2O)c(=O)n1,0.0,0.72162867,
tdc_bioavailability_ma,"Chemprop v2 (AttentiveFP, ensemble=3)",Chemprop v2,train,131,Nc1ccn([C@H]2CC[C@@H](CO)O2)c(=O)n1,1.0,0.77485305,
tdc_bioavailability_ma,"Chemprop v2 (AttentiveFP, ensemble=3)",Chemprop v2,train,132,Cc1cc2c(s1)Nc1ccccc1N=C2N1CCN(C)CC1,1.0,0.84924775,
tdc_bioavailability_ma,"Chemprop v2 (AttentiveFP, ensemble=3)",Chemprop v2,train,133,O=C1NS(=O)(=O)c2ccccc21,1.0,0.8216617,
tdc_bioavailability_ma,"Chemprop v2 (AttentiveFP, ensemble=3)",Chemprop v2,train,134,Cn1nnc2c(C(N)=O)ncn2c1=O,1.0,0.8299141,
tdc_bioavailability_ma,"Chemprop v2 (AttentiveFP, ensemble=3)",Chemprop v2,train,135,CC1=CC[C@@H](C(C)(C)O)C[C@@H]1O,1.0,0.7522866,
tdc_bioavailability_ma,"Chemprop v2 (AttentiveFP, ensemble=3)",Chemprop v2,train,136,CC1=C(/C=C/C(C)=C/C=C/C(C)=C\C(=O)O)C(C)(C)CCC1,1.0,0.7434311,
tdc_bioavailability_ma,"Chemprop v2 (AttentiveFP, ensemble=3)",Chemprop v2,train,137,C[C@H]1O[C@@H](O[C@H]2[C@@H](O)C[C@H](O[C@H]3[C@@H](O)C[C@H](O[C@H]4CC[C@@]5(C)[C@H](CC[C@@H]6[C@@H]5C[C@@H](O)[C@]5(C)[C@@H](C7=CC(=O)OC7)CC[C@]65O)C4)O[C@@H]3C)O[C@@H]2C)C[C@H](O)[C@@H]1O,1.0,0.6690893,
tdc_bioavailability_ma,"Chemprop v2 (AttentiveFP, ensemble=3)",Chemprop v2,train,138,C[C@H]1O[C@@H](O[C@H]2[C@@H](O)C[C@H](O[C@H]3[C@@H](O)C[C@H](O[C@H]4CC[C@@]5(C)[C@H](CC[C@@H]6[C@@H]5CC[C@]5(C)[C@@H](C7=CC(=O)OC7)CC[C@]65O)C4)O[C@@H]3C)O[C@@H]2C)C[C@H](O)[C@@H]1O,1.0,0.68796945,
tdc_bioavailability_ma,"Chemprop v2 (AttentiveFP, ensemble=3)",Chemprop v2,train,139,N[C@@H]1[C@H]2CN(c3nc4c(cc3F)c(=O)c(C(=O)O)cn4-c3ccc(F)cc3F)C[C@@H]12,1.0,0.8687548,
tdc_bioavailability_ma,"Chemprop v2 (AttentiveFP, ensemble=3)",Chemprop v2,train,140,CN(C)CCCOc1nn(Cc2ccccc2)c2ccccc12,1.0,0.8413343,
tdc_bioavailability_ma,"Chemprop v2 (AttentiveFP, ensemble=3)",Chemprop v2,train,141,CC(C)=CCN1CC[C@@]2(C)c3cc(O)ccc3C[C@@H]1[C@@H]2C,0.0,0.7379668,
tdc_bioavailability_ma,"Chemprop v2 (AttentiveFP, ensemble=3)",Chemprop v2,train,142,CN(C)CCCOC1(Cc2ccccc2)CCCCCC1,1.0,0.7614603,
tdc_bioavailability_ma,"Chemprop v2 (AttentiveFP, ensemble=3)",Chemprop v2,train,143,CC[N+]1(C)[C@@H]2C[C@@H](OC(=O)[C@H](CO)c3ccccc3)C[C@H]1[C@@H]1O[C@@H]12,0.0,0.6570585,
tdc_bioavailability_ma,"Chemprop v2 (AttentiveFP, ensemble=3)",Chemprop v2,train,144,NS(=O)(=O)c1cc(C(=O)O)cc(N2CCCC2)c1Oc1ccccc1,1.0,0.8205671,
tdc_bioavailability_ma,"Chemprop v2 (AttentiveFP, ensemble=3)",Chemprop v2,train,145,CC[C@@H](C(N)=O)N1CCCC1=O,1.0,0.7273307,
tdc_bioavailability_ma,"Chemprop v2 (AttentiveFP, ensemble=3)",Chemprop v2,train,146,COc1cc2nc(N(C)CCCNC(=O)C3CCCO3)nc(N)c2cc1OC,1.0,0.7874634,
tdc_bioavailability_ma,"Chemprop v2 (AttentiveFP, ensemble=3)",Chemprop v2,train,147,CN1CCOC(c2ccccc2)c2ccccc2C1,1.0,0.84161025,
tdc_bioavailability_ma,"Chemprop v2 (AttentiveFP, ensemble=3)",Chemprop v2,train,148,CC(C)(C)NC(=O)[C@H]1CC[C@H]2[C@@H]3CC[C@H]4NC(=O)C=C[C@]4(C)[C@H]3CC[C@]12C,1.0,0.707161,
tdc_bioavailability_ma,"Chemprop v2 (AttentiveFP, ensemble=3)",Chemprop v2,train,149,COc1ccc2c3c1O[C@H]1[C@@H](O)CC[C@H]4[C@@H](C2)N(C)CC[C@@]341,0.0,0.7626534,
tdc_bioavailability_ma,"Chemprop v2 (AttentiveFP, ensemble=3)",Chemprop v2,train,150,NC(N)=NCCN1CCCCCCC1,0.0,0.70035046,
tdc_bioavailability_ma,"Chemprop v2 (AttentiveFP, ensemble=3)",Chemprop v2,train,151,NC12CC3CC(CC(C3)C1)C2,1.0,0.70316195,
tdc_bioavailability_ma,"Chemprop v2 (AttentiveFP, ensemble=3)",Chemprop v2,train,152,O=C1c2ccccc2C(=O)C1c1ccccc1,1.0,0.8365202,
tdc_bioavailability_ma,"Chemprop v2 (AttentiveFP, ensemble=3)",Chemprop v2,train,153,CN(C)CCOC1=Cc2ccccc2Sc2ccc(Cl)cc21,0.0,0.85006857,
tdc_bioavailability_ma,"Chemprop v2 (AttentiveFP, ensemble=3)",Chemprop v2,train,154,Cc1noc(NS(=O)(=O)c2ccc(N)cc2)c1C,1.0,0.8223564,
tdc_bioavailability_ma,"Chemprop v2 (AttentiveFP, ensemble=3)",Chemprop v2,train,155,Cc1ccccc1N1C(=O)c2cc(S(N)(=O)=O)c(Cl)cc2NC1C,1.0,0.8351643,
tdc_bioavailability_ma,"Chemprop v2 (AttentiveFP, ensemble=3)",Chemprop v2,train,156,O=C(c1ccccc1)c1ccc2n1CCC2C(=O)O,1.0,0.8187074,
tdc_bioavailability_ma,"Chemprop v2 (AttentiveFP, ensemble=3)",Chemprop v2,train,157,CC(C)(C)NC[C@H](O)COc1ccccc1C1CCCC1,1.0,0.7458904,
tdc_bioavailability_ma,"Chemprop v2 (AttentiveFP, ensemble=3)",Chemprop v2,train,158,CCC1(c2ccccc2)C(=O)NCNC1=O,1.0,0.7706024,
tdc_bioavailability_ma,"Chemprop v2 (AttentiveFP, ensemble=3)",Chemprop v2,train,159,c1ccc(C2(c3ccccc3)CC2C2=NCCN2)cc1,1.0,0.85363835,
tdc_bioavailability_ma,"Chemprop v2 (AttentiveFP, ensemble=3)",Chemprop v2,train,160,NC(=O)N1c2ccccc2C=Cc2ccccc21,1.0,0.8413162,
tdc_bioavailability_ma,"Chemprop v2 (AttentiveFP, ensemble=3)",Chemprop v2,train,161,CCOc1ccc(/C=C2\NCCc3cc(OCC)c(OCC)cc32)cc1OCC,1.0,0.8160055,
tdc_bioavailability_ma,"Chemprop v2 (AttentiveFP, ensemble=3)",Chemprop v2,train,162,CN(Cc1cnc2nc(N)nc(N)c2n1)c1ccc(C(=O)N[C@@H](CCC(=O)O)C(=O)O)cc1,1.0,0.8037358,
tdc_bioavailability_ma,"Chemprop v2 (AttentiveFP, ensemble=3)",Chemprop v2,train,163,NC[C@@H]1O[C@H](O[C@H]2[C@@H](O)[C@H](O[C@@H]3[C@@H](O)[C@H](N)C[C@H](N)[C@H]3O[C@H]3O[C@H](CO)[C@@H](O)[C@H](O)[C@H]3N)O[C@@H]2CO)[C@H](N)[C@@H](O)[C@@H]1O,0.0,0.4148927,
tdc_bioavailability_ma,"Chemprop v2 (AttentiveFP, ensemble=3)",Chemprop v2,train,164,Cc1cn([C@H]2C=C[C@@H](CO)O2)c(=O)[nH]c1=O,1.0,0.7932398,
tdc_bioavailability_ma,"Chemprop v2 (AttentiveFP, ensemble=3)",Chemprop v2,train,165,CC(C)(C)NCC(O)COc1cccc2c1C[C@H](O)[C@H](O)C2,1.0,0.7112961,
tdc_bioavailability_ma,"Chemprop v2 (AttentiveFP, ensemble=3)",Chemprop v2,train,166,O=C(NCCN1CCOCC1)c1ccc(Cl)cc1,1.0,0.7828221,
tdc_bioavailability_ma,"Chemprop v2 (AttentiveFP, ensemble=3)",Chemprop v2,train,167,CC1(C)S[C@@H]2[C@H](N=CN3CCCCCC3)C(=O)N2[C@H]1C(=O)O,0.0,0.7033592,
tdc_bioavailability_ma,"Chemprop v2 (AttentiveFP, ensemble=3)",Chemprop v2,train,168,Cn1c(=O)c2c(ncn2C)n(C)c1=O,1.0,0.83121794,
tdc_bioavailability_ma,"Chemprop v2 (AttentiveFP, ensemble=3)",Chemprop v2,train,169,CC(=O)CCCCn1c(=O)c2c(ncn2C)n(C)c1=O,1.0,0.79426193,
tdc_bioavailability_ma,"Chemprop v2 (AttentiveFP, ensemble=3)",Chemprop v2,train,170,Cn1c(=O)c2[nH]cnc2n(C)c1=O,1.0,0.834126,
tdc_bioavailability_ma,"Chemprop v2 (AttentiveFP, ensemble=3)",Chemprop v2,train,171,CC(O)Cn1cnc2c1c(=O)n(C)c(=O)n2C,1.0,0.8038637,
tdc_bioavailability_ma,"Chemprop v2 (AttentiveFP, ensemble=3)",Chemprop v2,train,172,CC[C@H]1OC(=O)[C@H](C)C(=O)[C@H](C)[C@@H](O[C@@H]2O[C@H](C)C[C@H](N(C)C)[C@H]2O)[C@](C)(OC)C[C@@H](C)C(=O)[C@H](C)[C@H]2N(CCCCn3cnc(-c4cccnc4)c3)C(=O)O[C@]12C,1.0,0.83106875,
tdc_bioavailability_ma,"Chemprop v2 (AttentiveFP, ensemble=3)",Chemprop v2,train,173,N[C@H]1C(O)O[C@H](CO)[C@@H](O)[C@@H]1O,1.0,0.6578737,
tdc_bioavailability_ma,"Chemprop v2 (AttentiveFP, ensemble=3)",Chemprop v2,train,174,CN(N=O)C(=O)N[C@@H]1[C@@H](O)[C@H](O)[C@@H](CO)O[C@@H]1O,1.0,0.63946503,
tdc_bioavailability_ma,"Chemprop v2 (AttentiveFP, ensemble=3)",Chemprop v2,train,175,CC[P](CC)(CC)=[Au][S][C@@H]1O[C@H](COC(C)=O)[C@@H](OC(C)=O)[C@H](OC(C)=O)[C@H]1OC(C)=O,0.0,0.60502166,
tdc_bioavailability_ma,"Chemprop v2 (AttentiveFP, ensemble=3)",Chemprop v2,train,176,Oc1c(Cl)cc(Cl)c2cccnc12,1.0,0.8451467,
tdc_bioavailability_ma,"Chemprop v2 (AttentiveFP, ensemble=3)",Chemprop v2,train,177,CCN(CCO)CCCC(C)Nc1ccnc2cc(Cl)ccc12,1.0,0.8049174,
tdc_bioavailability_ma,"Chemprop v2 (AttentiveFP, ensemble=3)",Chemprop v2,train,178,CCN(CC)CCCC(C)Nc1ccnc2cc(Cl)ccc12,1.0,0.8215008,
tdc_bioavailability_ma,"Chemprop v2 (AttentiveFP, ensemble=3)",Chemprop v2,train,179,COc1cc(NC(C)CCCN)c2ncccc2c1,1.0,0.82444906,
tdc_bioavailability_ma,"Chemprop v2 (AttentiveFP, ensemble=3)",Chemprop v2,train,180,O=c1[nH]c2ccccc2n1CCCN1CCC(n2c(=O)[nH]c3cc(Cl)ccc32)CC1,0.0,0.85493916,
tdc_bioavailability_ma,"Chemprop v2 (AttentiveFP, ensemble=3)",Chemprop v2,train,181,COC(=O)C1=C(C)NC(C)=C(C(=O)O[C@H]2CCN(Cc3ccccc3)C2)[C@H]1c1cccc([N+](=O)[O-])c1,0.0,0.7561751,
tdc_bioavailability_ma,"Chemprop v2 (AttentiveFP, ensemble=3)",Chemprop v2,train,182,O=C(NCCO[N+](=O)[O-])c1cccnc1,1.0,0.7888449,
tdc_bioavailability_ma,"Chemprop v2 (AttentiveFP, ensemble=3)",Chemprop v2,train,183,COc1nc(C(Cl)(Cl)Cl)c(Cl)c(OC)c1Cl,1.0,0.83253,
tdc_bioavailability_ma,"Chemprop v2 (AttentiveFP, ensemble=3)",Chemprop v2,train,184,NNC(=O)c1ccncc1,1.0,0.80929214,
tdc_bioavailability_ma,"Chemprop v2 (AttentiveFP, ensemble=3)",Chemprop v2,train,185,Clc1ccc(COC(Cn2ccnc2)c2ccc(Cl)cc2Cl)c(Cl)c1,1.0,0.8771246,
tdc_bioavailability_ma,"Chemprop v2 (AttentiveFP, ensemble=3)",Chemprop v2,train,186,CN1CCc2cccc3c2[C@H]1Cc1ccc(O)c(O)c1-3,0.0,0.8056715,
tdc_bioavailability_ma,"Chemprop v2 (AttentiveFP, ensemble=3)",Chemprop v2,train,187,COC1=CC(=O)C[C@@H](C)[C@]12Oc1c(Cl)c(OC)cc(OC)c1C2=O,1.0,0.79020286,
tdc_bioavailability_ma,"Chemprop v2 (AttentiveFP, ensemble=3)",Chemprop v2,train,188,Cn1cnc([N+](=O)[O-])c1Sc1ncnc2nc[nH]c12,1.0,0.8550679,
tdc_bioavailability_ma,"Chemprop v2 (AttentiveFP, ensemble=3)",Chemprop v2,train,189,O=C(c1ccc(F)cc1)C1CCN(CCn2c(=O)[nH]c3ccccc3c2=O)CC1,1.0,0.8232742,
tdc_bioavailability_ma,"Chemprop v2 (AttentiveFP, ensemble=3)",Chemprop v2,train,190,COc1ccc(CCN2CCC(Nc3nc4ccccc4n3Cc3ccc(F)cc3)CC2)cc1,0.0,0.85195285,
tdc_bioavailability_ma,"Chemprop v2 (AttentiveFP, ensemble=3)",Chemprop v2,train,191,CNC(=C[N+](=O)[O-])NCCSCc1ccc(CN(C)C)o1,1.0,0.7625002,
tdc_bioavailability_ma,"Chemprop v2 (AttentiveFP, ensemble=3)",Chemprop v2,train,192,CN(CCOc1ccc(NS(C)(=O)=O)cc1)CCc1ccc(NS(C)(=O)=O)cc1,1.0,0.8042776,
tdc_bioavailability_ma,"Chemprop v2 (AttentiveFP, ensemble=3)",Chemprop v2,train,193,CCOc1ccccc1OCCN[C@H](C)Cc1ccc(OC)c(S(N)(=O)=O)c1,1.0,0.779002,
tdc_bioavailability_ma,"Chemprop v2 (AttentiveFP, ensemble=3)",Chemprop v2,train,194,O=C(CCCN1CC=C(n2c(=O)[nH]c3ccccc32)CC1)c1ccc(F)cc1,1.0,0.84254813,
tdc_bioavailability_ma,"Chemprop v2 (AttentiveFP, ensemble=3)",Chemprop v2,train,195,CN1C[C@H](C(=O)N[C@]2(C)O[C@@]3(O)[C@@H]4CCCN4C(=O)[C@H](Cc4ccccc4)N3C2=O)C[C@@H]2c3cccc4[nH]cc(c34)C[C@H]21,0.0,0.80274487,
tdc_bioavailability_ma,"Chemprop v2 (AttentiveFP, ensemble=3)",Chemprop v2,train,196,Nc1ncnc2c1ncn2CCOCP(=O)(O)O,0.0,0.7751117,
tdc_bioavailability_ma,"Chemprop v2 (AttentiveFP, ensemble=3)",Chemprop v2,train,197,C[C@H](Cn1cnc2c(N)ncnc21)OCP(=O)(O)O,1.0,0.7733596,
tdc_bioavailability_ma,"Chemprop v2 (AttentiveFP, ensemble=3)",Chemprop v2,train,198,CC(=O)OCC(CCn1cnc2cnc(N)nc21)COC(C)=O,1.0,0.7510038,
tdc_bioavailability_ma,"Chemprop v2 (AttentiveFP, ensemble=3)",Chemprop v2,train,199,C[C@H](NCCc1ccc(O)cc1)[C@H](O)c1ccc(O)cc1,1.0,0.7492768,
tdc_bioavailability_ma,"Chemprop v2 (AttentiveFP, ensemble=3)",Chemprop v2,train,200,CC(Cc1ccc(O)cc1)NCC(O)c1cc(O)cc(O)c1,0.0,0.72778517,
tdc_bioavailability_ma,"Chemprop v2 (AttentiveFP, ensemble=3)",Chemprop v2,train,201,S=c1nc[nH]c2nc[nH]c12,0.0,0.8597644,
tdc_bioavailability_ma,"Chemprop v2 (AttentiveFP, ensemble=3)",Chemprop v2,train,202,CCc1c2c(nc3ccc(OC(=O)N4CCC(N5CCCCC5)CC4)cc13)-c1cc3c(c(=O)n1C2)COC(=O)[C@]3(O)CC,0.0,0.8572752,
tdc_bioavailability_ma,"Chemprop v2 (AttentiveFP, ensemble=3)",Chemprop v2,train,203,C=CCNc1nc(NCC=C)nc(N2CCN(C(c3ccc(F)cc3)c3ccc(F)cc3)CC2)n1,1.0,0.8493386,
tdc_bioavailability_ma,"Chemprop v2 (AttentiveFP, ensemble=3)",Chemprop v2,train,204,CC(C)N=c1cc2n(-c3ccc(Cl)cc3)c3ccccc3nc-2cc1Nc1ccc(Cl)cc1,1.0,0.9141445,
tdc_bioavailability_ma,"Chemprop v2 (AttentiveFP, ensemble=3)",Chemprop v2,train,205,CCOC(=O)[C@H](CCc1ccccc1)N[C@@H](C)C(=O)N1Cc2ccccc2C[C@H]1C(=O)O,1.0,0.75209427,
tdc_bioavailability_ma,"Chemprop v2 (AttentiveFP, ensemble=3)",Chemprop v2,train,206,O=C(CCCN1CCC(n2c(O)nc3ccccc32)CC1)c1ccc(F)cc1,1.0,0.80636996,
tdc_bioavailability_ma,"Chemprop v2 (AttentiveFP, ensemble=3)",Chemprop v2,train,207,CC(C)n1c(/C=C/[C@H](O)C[C@H](O)CC(=O)O)c(-c2ccc(F)cc2)c2ccccc21,1.0,0.8011926,
tdc_bioavailability_ma,"Chemprop v2 (AttentiveFP, ensemble=3)",Chemprop v2,train,208,CC1(C)O[C@@H]2C[C@H]3[C@@H]4C[C@H](F)C5=CC(=O)C=C[C@]5(C)[C@H]4[C@@H](O)C[C@]3(C)[C@]2(C(=O)CO)O1,0.0,0.702771,
tdc_bioavailability_ma,"Chemprop v2 (AttentiveFP, ensemble=3)",Chemprop v2,train,209,CCCC1O[C@@H]2C[C@H]3[C@@H]4CCC5=CC(=O)C=C[C@]5(C)[C@H]4[C@@H](O)C[C@]3(C)[C@]2(C(=O)CO)O1,0.0,0.6927073,
tdc_bioavailability_ma,"Chemprop v2 (AttentiveFP, ensemble=3)",Chemprop v2,train,210,COc1cc2c(c(OC)c1OC)-c1ccc(OC)c(=O)cc1C(NC(C)=O)CC2,1.0,0.8092499,
tdc_bioavailability_ma,"Chemprop v2 (AttentiveFP, ensemble=3)",Chemprop v2,train,211,C=C1/C(=C\C=C2/CCC[C@]3(C)[C@@H]([C@H](C)CCCC(C)(C)O)CC[C@@H]23)C[C@@H](O)C[C@@H]1O,1.0,0.68791914,
tdc_bioavailability_ma,"Chemprop v2 (AttentiveFP, ensemble=3)",Chemprop v2,train,212,CO[C@]12CC[C@@]3(C[C@@H]1[C@](C)(O)C(C)(C)C)[C@H]1Cc4ccc(O)c5c4[C@@]3(CCN1CC1CC1)[C@H]2O5,1.0,0.7411852,
tdc_bioavailability_ma,"Chemprop v2 (AttentiveFP, ensemble=3)",Chemprop v2,train,213,CC(C)(O/N=C(\C(=O)N[C@@H]1C(=O)N2C(C(=O)[O-])=C(C[n+]3ccccc3)CS[C@H]12)c1csc(N)n1)C(=O)O,0.0,0.7913692,
tdc_bioavailability_ma,"Chemprop v2 (AttentiveFP, ensemble=3)",Chemprop v2,train,214,CCC1(c2cccc(O)c2)CCCCN(C)C1,0.0,0.75813025,
tdc_bioavailability_ma,"Chemprop v2 (AttentiveFP, ensemble=3)",Chemprop v2,train,215,C[C@@H](O[C@H]1OCCN(Cc2n[nH]c(=O)[nH]2)[C@H]1c1ccc(F)cc1)c1cc(C(F)(F)F)cc(C(F)(F)F)c1,1.0,0.886486,
tdc_bioavailability_ma,"Chemprop v2 (AttentiveFP, ensemble=3)",Chemprop v2,train,216,CC1(C)S[C@@H]2[C@H](NC(=O)[C@H](C(=O)O)c3ccsc3)C(=O)N2[C@H]1C(=O)O,0.0,0.7242806,
tdc_bioavailability_ma,"Chemprop v2 (AttentiveFP, ensemble=3)",Chemprop v2,train,217,COc1ccccc1N1CCN(CCCNc2cc(=O)n(C)c(=O)n2C)CC1,1.0,0.79176944,
tdc_bioavailability_ma,"Chemprop v2 (AttentiveFP, ensemble=3)",Chemprop v2,train,218,NS(=O)(=O)c1cc(C(=O)O)c(NCc2ccco2)cc1Cl,1.0,0.82232624,
tdc_bioavailability_ma,"Chemprop v2 (AttentiveFP, ensemble=3)",Chemprop v2,train,219,CCOC(=O)C1(c2ccccc2)CCN(C)CC1,1.0,0.75677085,
tdc_bioavailability_ma,"Chemprop v2 (AttentiveFP, ensemble=3)",Chemprop v2,train,220,CCC(=O)C1(c2cccc(O)c2)CCN(C)CC1,1.0,0.7471609,
tdc_bioavailability_ma,"Chemprop v2 (AttentiveFP, ensemble=3)",Chemprop v2,train,221,CN[C@@H]1CCc2[nH]c3ccc(C(N)=O)cc3c2C1,1.0,0.81033903,
tdc_bioavailability_ma,"Chemprop v2 (AttentiveFP, ensemble=3)",Chemprop v2,train,222,CN1CCN(C(=O)OC2c3nccnc3C(=O)N2c2ccc(Cl)cn2)CC1,1.0,0.8232484,
tdc_bioavailability_ma,"Chemprop v2 (AttentiveFP, ensemble=3)",Chemprop v2,train,223,CCOC(=O)[C@H](CCc1ccccc1)N[C@@H](C)C(=O)N1[C@H](C(=O)O)C[C@@H]2CCC[C@@H]21,1.0,0.6989618,
tdc_bioavailability_ma,"Chemprop v2 (AttentiveFP, ensemble=3)",Chemprop v2,train,224,CC(=O)O[C@H]1C[C@@H]2CC[C@@H]3[C@H](CC[C@@]4(C)[C@H]3C[C@H]([N+]3(C)CCCCC3)[C@@H]4OC(C)=O)[C@@]2(C)C[C@@H]1N1CCCCC1,0.0,0.64476186,
tdc_bioavailability_ma,"Chemprop v2 (AttentiveFP, ensemble=3)",Chemprop v2,train,225,CC(C)C[C@H]1C(=O)N2CCC[C@H]2[C@]2(O)O[C@](NC(=O)[C@@H]3C=C4c5cccc6[nH]c(Br)c(c56)C[C@H]4N(C)C3)(C(C)C)C(=O)N12,0.0,0.80259556,
tdc_bioavailability_ma,"Chemprop v2 (AttentiveFP, ensemble=3)",Chemprop v2,train,226,CCCNCC(O)COc1ccccc1C(=O)CCc1ccccc1,0.0,0.7683544,
tdc_bioavailability_ma,"Chemprop v2 (AttentiveFP, ensemble=3)",Chemprop v2,train,227,CCCN(CCC)CCc1cccc2c1CC(=O)N2,1.0,0.7662509,
tdc_bioavailability_ma,"Chemprop v2 (AttentiveFP, ensemble=3)",Chemprop v2,train,228,C[C@@H](O)[C@@H]1NC(=O)[C@H](CCCCN)NC(=O)[C@@H](Cc2c[nH]c3ccccc23)NC(=O)[C@H](Cc2ccccc2)NC(=O)[C@@H](NC(=O)[C@H](N)Cc2ccccc2)CSSC[C@@H](C(=O)N[C@H](CO)[C@@H](C)O)NC1=O,0.0,0.69943863,
tdc_bioavailability_ma,"Chemprop v2 (AttentiveFP, ensemble=3)",Chemprop v2,train,229,CN(C)[C@@H]1C(O)=C(C(N)=O)C(=O)[C@@]2(O)C(O)=C3C(=O)c4c(O)ccc(Cl)c4[C@@](C)(O)[C@H]3C[C@@H]12,1.0,0.75690055,
tdc_bioavailability_ma,"Chemprop v2 (AttentiveFP, ensemble=3)",Chemprop v2,train,230,CN(C)[C@@H]1C(O)=C(C(N)=O)C(=O)[C@@]2(O)C(O)=C3C(=O)c4c(O)ccc(Cl)c4[C@@H](O)[C@H]3C[C@@H]12,1.0,0.7506838,
tdc_bioavailability_ma,"Chemprop v2 (AttentiveFP, ensemble=3)",Chemprop v2,train,231,CN(C)c1ccc(O)c2c1C[C@H]1C[C@H]3[C@H](N(C)C)C(O)=C(C(N)=O)C(=O)[C@@]3(O)C(O)=C1C2=O,1.0,0.76292133,
tdc_bioavailability_ma,"Chemprop v2 (AttentiveFP, ensemble=3)",Chemprop v2,train,232,CN(C)[C@@H]1C(O)=C(C(N)=O)C(=O)[C@@]2(O)C(O)=C3C(=O)c4c(O)cccc4[C@@](C)(O)[C@H]3C[C@@H]12,1.0,0.74558836,
tdc_bioavailability_ma,"Chemprop v2 (AttentiveFP, ensemble=3)",Chemprop v2,train,233,CN(C)[C@@H]1C(O)=C(C(N)=O)C(=O)[C@@]2(O)C(O)=C3C(=O)c4c(O)cccc4[C@@](C)(O)[C@H]3[C@H](O)[C@@H]12,1.0,0.7334521,
tdc_bioavailability_ma,"Chemprop v2 (AttentiveFP, ensemble=3)",Chemprop v2,train,234,C[C@H]1c2cccc(O)c2C(=O)C2=C(O)[C@]3(O)C(=O)C(C(N)=O)=C(O)[C@@H](N(C)C)[C@@H]3[C@@H](O)[C@@H]21,1.0,0.7403752,
tdc_bioavailability_ma,"Chemprop v2 (AttentiveFP, ensemble=3)",Chemprop v2,train,235,CN(C)CC/C=C1/c2ccccc2Sc2ccc(Cl)cc21,1.0,0.85820216,
tdc_bioavailability_ma,"Chemprop v2 (AttentiveFP, ensemble=3)",Chemprop v2,train,236,CC1(C)O[C@@H]2[C@@H](CO[C@@]3(COS(N)(=O)=O)OC(C)(C)O[C@@H]23)O1,1.0,0.69601387,
tdc_bioavailability_ma,"Chemprop v2 (AttentiveFP, ensemble=3)",Chemprop v2,train,237,Clc1ccc2c(c1)C(N1CCNCC1)=Nc1ccccc1O2,1.0,0.85153216,
tdc_bioavailability_ma,"Chemprop v2 (AttentiveFP, ensemble=3)",Chemprop v2,train,238,COc1cc(OC)c(C(=O)CCCN2CCCC2)c(OC)c1,1.0,0.7448776,
tdc_bioavailability_ma,"Chemprop v2 (AttentiveFP, ensemble=3)",Chemprop v2,train,239,C[C@@H](NCCCc1cccc(C(F)(F)F)c1)c1cccc2ccccc12,0.0,0.8519601,
tdc_bioavailability_ma,"Chemprop v2 (AttentiveFP, ensemble=3)",Chemprop v2,train,240,C[C@@H]1CN(c2c(F)c(N)c3c(=O)c(C(=O)O)cn(C4CC4)c3c2F)C[C@H](C)N1,1.0,0.82523423,
tdc_bioavailability_ma,"Chemprop v2 (AttentiveFP, ensemble=3)",Chemprop v2,train,241,COc1c(N2CCNC(C)C2)c(F)cc2c(=O)c(C(=O)O)cn(C3CC3)c12,1.0,0.81799984,
tdc_bioavailability_ma,"Chemprop v2 (AttentiveFP, ensemble=3)",Chemprop v2,train,242,O=C(O)c1cn(C2CC2)c2cc(N3CCNCC3)c(F)cc2c1=O,1.0,0.816891,
tdc_bioavailability_ma,"Chemprop v2 (AttentiveFP, ensemble=3)",Chemprop v2,train,243,CCCN1C[C@H](CSC)C[C@@H]2c3cccc4[nH]cc(c34)C[C@H]21,1.0,0.8088679,
tdc_bioavailability_ma,"Chemprop v2 (AttentiveFP, ensemble=3)",Chemprop v2,train,244,CCN(CC)C(=O)N[C@H]1C[C@@H]2c3cccc4[nH]cc(c34)C[C@H]2N(C)C1,0.0,0.78633595,
tdc_bioavailability_ma,"Chemprop v2 (AttentiveFP, ensemble=3)",Chemprop v2,train,245,C=CCN1C[C@H](C(=O)N(CCCN(C)C)C(=O)NCC)C[C@@H]2c3cccc4[nH]cc(c34)C[C@H]21,1.0,0.8000533,
tdc_bioavailability_ma,"Chemprop v2 (AttentiveFP, ensemble=3)",Chemprop v2,train,246,CC[C@@]1(O)C(=O)OCc2c1cc1n(c2=O)Cc2cc3c(CN(C)C)c(O)ccc3nc2-1,1.0,0.84568995,
tdc_bioavailability_ma,"Chemprop v2 (AttentiveFP, ensemble=3)",Chemprop v2,train,247,O=c1[nH]c2ccccc2n1C1CCN(CCCC(c2ccc(F)cc2)c2ccc(F)cc2)CC1,1.0,0.85387784,
tdc_bioavailability_ma,"Chemprop v2 (AttentiveFP, ensemble=3)",Chemprop v2,train,248,Clc1cccc(Cl)c1NC1=NCCN1,1.0,0.8442183,
tdc_bioavailability_ma,"Chemprop v2 (AttentiveFP, ensemble=3)",Chemprop v2,train,249,N=C(N)NC(=O)c1nc(Cl)c(N)nc1N,1.0,0.7725644,
tdc_bioavailability_ma,"Chemprop v2 (AttentiveFP, ensemble=3)",Chemprop v2,train,250,CCC(C(=O)O)c1ccc(N2Cc3ccccc3C2=O)cc1,1.0,0.81986,
tdc_bioavailability_ma,"Chemprop v2 (AttentiveFP, ensemble=3)",Chemprop v2,train,251,N[C@@H]1CN(c2c(F)cc3c(=O)c(C(=O)O)cn([C@@H]4C[C@@H]4F)c3c2Cl)CC12CC2.N[C@@H]1CN(c2c(F)cc3c(=O)c(C(=O)O)cn([C@@H]4C[C@@H]4F)c3c2Cl)CC12CC2.O.O.O,1.0,0.9181023,
tdc_bioavailability_ma,"Chemprop v2 (AttentiveFP, ensemble=3)",Chemprop v2,train,252,CCc1cccc2cc(C(O)CNC(C)(C)C)oc12,1.0,0.7930719,
tdc_bioavailability_ma,"Chemprop v2 (AttentiveFP, ensemble=3)",Chemprop v2,train,253,CC(C)(C)NC[C@H](O)COc1nsnc1N1CCOCC1,1.0,0.76231974,
tdc_bioavailability_ma,"Chemprop v2 (AttentiveFP, ensemble=3)",Chemprop v2,train,254,CCc1cccc2c3c([nH]c12)C(CC)(CC(=O)O)OCC3,1.0,0.80257577,
tdc_bioavailability_ma,"Chemprop v2 (AttentiveFP, ensemble=3)",Chemprop v2,train,255,CC1CN(c2cc3c(cc2F)c(=O)c(C(=O)O)cn3-c2ccc(F)cc2F)CCN1,1.0,0.8602054,
tdc_bioavailability_ma,"Chemprop v2 (AttentiveFP, ensemble=3)",Chemprop v2,train,256,OC[C@H]1O[C@@H](O[C@@H]2[C@@H](CO)O[C@](O)(CO)[C@H]2O)[C@H](O)[C@@H](O)[C@H]1O,0.0,0.539741,
tdc_bioavailability_ma,"Chemprop v2 (AttentiveFP, ensemble=3)",Chemprop v2,train,257,OC[C@@H]1O[C@@](O)(CO)[C@H](O)[C@H]1O,1.0,0.66988724,
tdc_bioavailability_ma,"Chemprop v2 (AttentiveFP, ensemble=3)",Chemprop v2,train,258,NS(=O)(=O)c1cc2c(cc1Cl)NC(CC1CCCC1)NS2(=O)=O,1.0,0.79744506,
tdc_bioavailability_ma,"Chemprop v2 (AttentiveFP, ensemble=3)",Chemprop v2,train,259,COc1cc(N)c(Cl)cc1C(=O)N[C@@H]1CCN(CCCOc2ccc(F)cc2)C[C@@H]1OC,1.0,0.7813266,
tdc_bioavailability_ma,"Chemprop v2 (AttentiveFP, ensemble=3)",Chemprop v2,train,260,CCOc1ccccc1OCC1CNCCO1,1.0,0.78413415,
tdc_bioavailability_ma,"Chemprop v2 (AttentiveFP, ensemble=3)",Chemprop v2,train,261,COC(=O)Nc1nc2ccc(C(=O)c3ccccc3)cc2[nH]1,1.0,0.84679466,
tdc_bioavailability_ma,"Chemprop v2 (AttentiveFP, ensemble=3)",Chemprop v2,train,262,C[C@@H](O)[C@H]1C(=O)N2C(C(=O)O)=C(SCC/N=C/N)C[C@H]12,0.0,0.71091694,
tdc_bioavailability_ma,"Chemprop v2 (AttentiveFP, ensemble=3)",Chemprop v2,train,263,Cn1c(CCCC(=O)O)nc2cc(N(CCCl)CCCl)ccc21,1.0,0.8077931,
tdc_bioavailability_ma,"Chemprop v2 (AttentiveFP, ensemble=3)",Chemprop v2,train,264,COC(=O)C1=C(C)NC(C)=C(C(=O)OCCN(C)Cc2ccccc2)C1c1cccc([N+](=O)[O-])c1,1.0,0.767456,
tdc_bioavailability_ma,"Chemprop v2 (AttentiveFP, ensemble=3)",Chemprop v2,train,265,CC(C)Nc1cccnc1N1CCN(C(=O)c2cc3cc(NS(C)(=O)=O)ccc3[nH]2)CC1,1.0,0.8401861,
tdc_bioavailability_ma,"Chemprop v2 (AttentiveFP, ensemble=3)",Chemprop v2,train,266,Nc1ccn([C@@H]2CS[C@H](CO)O2)c(=O)n1,1.0,0.7790305,
tdc_bioavailability_ma,"Chemprop v2 (AttentiveFP, ensemble=3)",Chemprop v2,train,267,CN(C)CCC=C1c2ccccc2CCc2ccccc21,1.0,0.85858816,
tdc_bioavailability_ma,"Chemprop v2 (AttentiveFP, ensemble=3)",Chemprop v2,train,268,CNCCC=C1c2ccccc2CCc2ccccc21,1.0,0.8597819,
tdc_bioavailability_ma,"Chemprop v2 (AttentiveFP, ensemble=3)",Chemprop v2,train,269,CCOC(=O)C1(c2ccccc2)CCN(CCC(O)c2ccccc2)CC1,0.0,0.7616183,
tdc_bioavailability_ma,"Chemprop v2 (AttentiveFP, ensemble=3)",Chemprop v2,train,270,CCC1(c2ccccc2)C(=O)NC(=O)NC1=O,1.0,0.8299484,
tdc_bioavailability_ma,"Chemprop v2 (AttentiveFP, ensemble=3)",Chemprop v2,train,271,CCCCC1C(=O)N(c2ccccc2)N(c2ccccc2)C1=O,1.0,0.8096597,
tdc_bioavailability_ma,"Chemprop v2 (AttentiveFP, ensemble=3)",Chemprop v2,train,272,Cc1ccc(-c2nc3ccc(C)cn3c2CC(=O)N(C)C)cc1,1.0,0.85348684,
tdc_bioavailability_ma,"Chemprop v2 (AttentiveFP, ensemble=3)",Chemprop v2,train,273,C[C@H](CN1CCOCC1)C(C(=O)N1CCCC1)(c1ccccc1)c1ccccc1,1.0,0.7936719,
tdc_bioavailability_ma,"Chemprop v2 (AttentiveFP, ensemble=3)",Chemprop v2,train,274,COc1ccc(CCNCC(O)COc2cccc(C)c2)cc1OC,1.0,0.78087586,
tdc_bioavailability_ma,"Chemprop v2 (AttentiveFP, ensemble=3)",Chemprop v2,train,275,CN[C@@H]1[C@H](O[C@H]2[C@H](O[C@H]3[C@H](O)[C@@H](O)[C@H](NC(=N)N)[C@@H](O)[C@@H]3NC(=N)N)O[C@@H](C)[C@]2(O)C=O)O[C@@H](CO)[C@H](O)[C@H]1O,0.0,0.46824422,
tdc_bioavailability_ma,"Chemprop v2 (AttentiveFP, ensemble=3)",Chemprop v2,train,276,COc1cc2c(N)nc(N3CCN(C(=O)OCC(C)(C)O)CC3)nc2c(OC)c1OC,1.0,0.7888419,
tdc_bioavailability_ma,"Chemprop v2 (AttentiveFP, ensemble=3)",Chemprop v2,train,277,CCc1nn(CCCN2CCN(c3cccc(Cl)c3)CC2)c(=O)n1CCOc1ccccc1,0.0,0.82836866,
tdc_bioavailability_ma,"Chemprop v2 (AttentiveFP, ensemble=3)",Chemprop v2,train,278,OCCN(CCO)c1nc(N2CCCCC2)c2nc(N(CCO)CCO)nc(N3CCCCC3)c2n1,1.0,0.76206595,
tdc_bioavailability_ma,"Chemprop v2 (AttentiveFP, ensemble=3)",Chemprop v2,train,279,CC(C)(C(=O)O)c1ccc(C(O)CCCN2CCC(C(O)(c3ccccc3)c3ccccc3)CC2)cc1,1.0,0.7904563,
tdc_bioavailability_ma,"Chemprop v2 (AttentiveFP, ensemble=3)",Chemprop v2,train,280,CC(C)(C)c1ccc(C(O)CCCN2CCC(C(O)(c3ccccc3)c3ccccc3)CC2)cc1,0.0,0.8032048,
tdc_bioavailability_ma,"Chemprop v2 (AttentiveFP, ensemble=3)",Chemprop v2,train,281,COc1cccc([C@@]2(O)CCCC[C@@H]2CN(C)C)c1,1.0,0.76532537,
tdc_bioavailability_ma,"Chemprop v2 (AttentiveFP, ensemble=3)",Chemprop v2,train,282,CCOC(=O)[C@H](CCc1ccccc1)N[C@H]1CCc2ccccc2N(CC(=O)O)C1=O,1.0,0.77072364,
tdc_bioavailability_ma,"Chemprop v2 (AttentiveFP, ensemble=3)",Chemprop v2,train,283,CCc1nc(N)nc(N)c1-c1ccc(Cl)cc1,1.0,0.84645027,
tdc_bioavailability_ma,"Chemprop v2 (AttentiveFP, ensemble=3)",Chemprop v2,train,284,CN(C)CCC=C1c2ccccc2C=Cc2ccccc21,1.0,0.8600208,
tdc_bioavailability_ma,"Chemprop v2 (AttentiveFP, ensemble=3)",Chemprop v2,train,285,CN1C(=O)NC(=O)C(C)(C2=CCCCC2)C1=O,1.0,0.80964833,
tdc_bioavailability_ma,"Chemprop v2 (AttentiveFP, ensemble=3)",Chemprop v2,train,286,Cc1cc(O)c2c(=O)c3c(O)cc(O)c4c5c(O)cc(O)c6c(=O)c7c(O)cc(C)c8c1c2c(c34)c(c78)c65,0.0,0.8995316,
tdc_bioavailability_ma,"Chemprop v2 (AttentiveFP, ensemble=3)",Chemprop v2,train,287,CC(C)COCC(CN(Cc1ccccc1)c1ccccc1)N1CCCC1,1.0,0.7914006,
tdc_bioavailability_ma,"Chemprop v2 (AttentiveFP, ensemble=3)",Chemprop v2,train,288,CC[C@H](C)C(=O)O[C@H]1C[C@H](O)C=C2C=C[C@H](C)[C@H](CC[C@@H](O)C[C@@H](O)CC(=O)O)[C@H]21,0.0,0.6216673,
tdc_bioavailability_ma,"Chemprop v2 (AttentiveFP, ensemble=3)",Chemprop v2,train,289,N#Cc1ccc(C(c2ccc(C#N)cc2)n2cncn2)cc1,1.0,0.87558705,
tdc_bioavailability_ma,"Chemprop v2 (AttentiveFP, ensemble=3)",Chemprop v2,train,290,CCN1CC(CCN2CCOCC2)C(c2ccccc2)(c2ccccc2)C1=O,1.0,0.8011661,
tdc_bioavailability_ma,"Chemprop v2 (AttentiveFP, ensemble=3)",Chemprop v2,train,291,COc1cc(NCc2ccc3nc(N)nc(N)c3c2C)cc(OC)c1OC,1.0,0.85209036,
tdc_bioavailability_ma,"Chemprop v2 (AttentiveFP, ensemble=3)",Chemprop v2,train,292,CCCc1cc(=O)[nH]c(=S)[nH]1,1.0,0.8246897,
tdc_bioavailability_ma,"Chemprop v2 (AttentiveFP, ensemble=3)",Chemprop v2,train,293,C#C[C@]1(O)CC[C@H]2[C@@H]3CCC4=CCCC[C@@H]4[C@H]3C(=C)C[C@@]21CC,0.0,0.7514542,
tdc_bioavailability_ma,"Chemprop v2 (AttentiveFP, ensemble=3)",Chemprop v2,train,294,CC(C)c1nc(N(C)S(C)(=O)=O)nc(-c2ccc(F)cc2)c1/C=C/[C@@H](O)C[C@@H](O)CC(=O)O,0.0,0.77833813,
tdc_bioavailability_ma,"Chemprop v2 (AttentiveFP, ensemble=3)",Chemprop v2,train,295,Cc1onc(-c2ccccc2)c1-c1ccc(S(N)(=O)=O)cc1,1.0,0.8530882,
tdc_bioavailability_ma,"Chemprop v2 (AttentiveFP, ensemble=3)",Chemprop v2,train,296,O=c1ccn([C@@H]2O[C@H](CO)[C@@H](O)[C@H]2O)c(=O)[nH]1,0.0,0.7321358,
tdc_bioavailability_ma,"Chemprop v2 (AttentiveFP, ensemble=3)",Chemprop v2,train,297,Cc1cn([C@H]2C[C@H](N=[N+]=[N-])[C@@H](CO)O2)c(=O)[nH]c1=O,1.0,0.7861526,
tdc_bioavailability_ma,"Chemprop v2 (AttentiveFP, ensemble=3)",Chemprop v2,train,298,CNCCCC1c2ccccc2C=Cc2ccccc21,1.0,0.85081846,
tdc_bioavailability_ma,"Chemprop v2 (AttentiveFP, ensemble=3)",Chemprop v2,train,299,CC(C)(Cc1c[nH]c2ccccc12)NCC(O)COc1ccccc1C#N,1.0,0.81319064,
tdc_bioavailability_ma,"Chemprop v2 (AttentiveFP, ensemble=3)",Chemprop v2,train,300,OC(CCN1CCCCC1)(c1ccccc1)C1CC2C=CC1C2,1.0,0.7259276,
tdc_bioavailability_ma,"Chemprop v2 (AttentiveFP, ensemble=3)",Chemprop v2,train,301,N[C@@H](C(=O)N[C@@H]1C(=O)N2C(C(=O)O)=C(CSc3c[nH]nn3)CS[C@H]12)c1ccc(O)cc1,1.0,0.76609135,
tdc_bioavailability_ma,"Chemprop v2 (AttentiveFP, ensemble=3)",Chemprop v2,train,302,CCOC(=O)Nc1ccc(NCc2ccc(F)cc2)nc1N,1.0,0.82293725,
tdc_bioavailability_ma,"Chemprop v2 (AttentiveFP, ensemble=3)",Chemprop v2,train,303,O=C1Cc2cc(CCN3CCN(c4nsc5ccccc45)CC3)c(Cl)cc2N1,1.0,0.8431573,
tdc_bioavailability_ma,"Chemprop v2 (AttentiveFP, ensemble=3)",Chemprop v2,train,304,COCc1c(C(C)C)nc(C(C)C)c(/C=C/[C@@H](O)C[C@@H](O)CC(=O)O)c1-c1ccc(F)cc1,1.0,0.76605386,
tdc_bioavailability_ma,"Chemprop v2 (AttentiveFP, ensemble=3)",Chemprop v2,train,305,O=C(O)c1cc(/N=N/c2ccc(S(=O)(=O)Nc3ccccn3)cc2)ccc1O,1.0,0.81185144,
tdc_bioavailability_ma,"Chemprop v2 (AttentiveFP, ensemble=3)",Chemprop v2,train,306,COc1cc2ncnc(Nc3ccc(F)c(Cl)c3)c2cc1OCCCN1CCOCC1,1.0,0.8574185,
tdc_bioavailability_ma,"Chemprop v2 (AttentiveFP, ensemble=3)",Chemprop v2,train,307,COc1nc(C)nc(Cl)c1NC1=NCCN1,1.0,0.8176091,
tdc_bioavailability_ma,"Chemprop v2 (AttentiveFP, ensemble=3)",Chemprop v2,train,308,CCOC(=O)C1=C[C@]2(CC)CCCN3CCc4c(n1c1ccccc41)[C@@H]32,0.0,0.81297284,
tdc_bioavailability_ma,"Chemprop v2 (AttentiveFP, ensemble=3)",Chemprop v2,train,309,NCCCC[C@H](N[C@@H](CCc1ccccc1)C(=O)O)C(=O)N1CCC[C@H]1C(=O)O,1.0,0.6722271,
tdc_bioavailability_ma,"Chemprop v2 (AttentiveFP, ensemble=3)",Chemprop v2,train,310,CCOC(=O)[C@H](CCc1ccccc1)N[C@@H](C)C(=O)N1CCC[C@H]1C(=O)O,1.0,0.6975123,
tdc_bioavailability_ma,"Chemprop v2 (AttentiveFP, ensemble=3)",Chemprop v2,train,311,COC(=O)[C@H]1[C@H]2C[C@@H]3c4[nH]c5cc(OC)ccc5c4CCN3C[C@H]2C[C@@H](OC(=O)c2cc(OC)c(OC)c(OC)c2)[C@@H]1OC,1.0,0.83946615,
tdc_bioavailability_ma,"Chemprop v2 (AttentiveFP, ensemble=3)",Chemprop v2,train,312,CCCCC[C@H](O)/C=C/[C@H]1[C@H](O)CC(=O)[C@@H]1CCCCCCC(=O)O,0.0,0.6266169,
tdc_bioavailability_ma,"Chemprop v2 (AttentiveFP, ensemble=3)",Chemprop v2,train,313,CCCCC(C)(O)C/C=C/[C@H]1[C@H](O)CC(=O)[C@@H]1CCCCCCC(=O)OC,1.0,0.637084,
tdc_bioavailability_ma,"Chemprop v2 (AttentiveFP, ensemble=3)",Chemprop v2,train,314,CO[C@@]1(NC(=O)Cc2cccs2)C(=O)N2C(C(=O)O)=C(COC(N)=O)CS[C@@H]21,0.0,0.7502122,
tdc_bioavailability_ma,"Chemprop v2 (AttentiveFP, ensemble=3)",Chemprop v2,train,315,C=CC[N@@+]12CC[C@@]34c5ccccc5N5/C=C6/[C@H]7C[C@H]8[C@@]9(CC[N@@+]8(CC=C)C/C7=C/CO)c7ccccc7N(/C=C(/[C@@H](C[C@@H]31)/C(=C\CO)C2)[C@H]54)[C@@H]69,0.0,0.8400571,
tdc_bioavailability_ma,"Chemprop v2 (AttentiveFP, ensemble=3)",Chemprop v2,train,316,Cc1[nH]c(=O)c(C#N)cc1-c1ccncc1,1.0,0.8636027,
tdc_bioavailability_ma,"Chemprop v2 (AttentiveFP, ensemble=3)",Chemprop v2,train,317,Nc1cc(-c2ccncc2)c[nH]c1=O,1.0,0.8579486,
tdc_bioavailability_ma,"Chemprop v2 (AttentiveFP, ensemble=3)",Chemprop v2,train,318,CCC(C)n1ncn(-c2ccc(N3CCN(c4ccc(OC[C@H]5CO[C@](Cn6cncn6)(c6ccc(Cl)cc6Cl)O5)cc4)CC3)cc2)c1=O,1.0,0.9062492,
tdc_bioavailability_ma,"Chemprop v2 (AttentiveFP, ensemble=3)",Chemprop v2,train,319,CC(C)c1nc(CN(C)C(=O)N[C@H](C(=O)N[C@@H](Cc2ccccc2)C[C@H](O)[C@H](Cc2ccccc2)NC(=O)OCc2cncs2)C(C)C)cs1,1.0,0.8152463,
tdc_bioavailability_ma,"Chemprop v2 (AttentiveFP, ensemble=3)",Chemprop v2,train,320,CC(=O)CC(c1ccccc1)c1c(O)c2ccccc2oc1=O,1.0,0.827614,
tdc_bioavailability_ma,"Chemprop v2 (AttentiveFP, ensemble=3)",Chemprop v2,train,321,CN(C)CCOC(c1ccccc1)c1ccccc1,1.0,0.8279206,
tdc_bioavailability_ma,"Chemprop v2 (AttentiveFP, ensemble=3)",Chemprop v2,train,322,Clc1ccc(C(c2ccccc2Cl)C(Cl)Cl)cc1,1.0,0.87135524,
tdc_bioavailability_ma,"Chemprop v2 (AttentiveFP, ensemble=3)",Chemprop v2,train,323,Cc1ccccc1C(OCCN(C)C)c1ccccc1,1.0,0.8323408,
tdc_bioavailability_ma,"Chemprop v2 (AttentiveFP, ensemble=3)",Chemprop v2,train,324,CCC(=O)C(CC(C)N(C)C)(c1ccccc1)c1ccccc1,1.0,0.80950993,
tdc_bioavailability_ma,"Chemprop v2 (AttentiveFP, ensemble=3)",Chemprop v2,train,325,CC[N+](C)(C)C(C)CC(c1ccccc1)c1ccccc1,0.0,0.81805515,
tdc_bioavailability_ma,"Chemprop v2 (AttentiveFP, ensemble=3)",Chemprop v2,train,326,CC(CC(c1ccccc1)c1ccccc1)NC(C)(C)C,1.0,0.8307538,
tdc_bioavailability_ma,"Chemprop v2 (AttentiveFP, ensemble=3)",Chemprop v2,train,327,CNCCCCOc1ccccc1Cc1ccccc1,0.0,0.81478006,
tdc_bioavailability_ma,"Chemprop v2 (AttentiveFP, ensemble=3)",Chemprop v2,train,328,OC(CCN1CCCC1)(c1ccccc1)C1CCCCC1,1.0,0.7325173,
tdc_bioavailability_ma,"Chemprop v2 (AttentiveFP, ensemble=3)",Chemprop v2,train,329,CC#C[C@]1(O)CC[C@H]2[C@@H]3CCC4=CC(=O)CCC4=C3[C@@H](c3ccc(N(C)C)cc3)C[C@@]21C,1.0,0.79884976,
tdc_bioavailability_ma,"Chemprop v2 (AttentiveFP, ensemble=3)",Chemprop v2,train,330,Nc1nc(N)c2nc(-c3ccccc3)c(N)nc2n1,1.0,0.860099,
tdc_bioavailability_ma,"Chemprop v2 (AttentiveFP, ensemble=3)",Chemprop v2,train,331,O=C1NC(=O)C(c2ccccc2)(c2ccccc2)N1,1.0,0.83734447,
tdc_bioavailability_ma,"Chemprop v2 (AttentiveFP, ensemble=3)",Chemprop v2,train,332,CN1CCC[C@H]1c1cccnc1,1.0,0.8167097,
tdc_bioavailability_ma,"Chemprop v2 (AttentiveFP, ensemble=3)",Chemprop v2,train,333,OCCOCCN1CCN(C2=Nc3ccccc3Sc3ccccc32)CC1,1.0,0.8175864,
tdc_bioavailability_ma,"Chemprop v2 (AttentiveFP, ensemble=3)",Chemprop v2,train,334,OC(c1cc(C(F)(F)F)nc2c(C(F)(F)F)cccc12)C1CCCCN1,1.0,0.8459282,
tdc_bioavailability_ma,"Chemprop v2 (AttentiveFP, ensemble=3)",Chemprop v2,train,335,Oc1ccc2c3c1O[C@H]1[C@@H](O)CC[C@@]4(O)[C@@H](C2)N(CC2CCC2)CC[C@]314,0.0,0.71622425,
tdc_bioavailability_ma,"Chemprop v2 (AttentiveFP, ensemble=3)",Chemprop v2,train,336,O=c1nc[nH]c2c1ncn2[C@H]1CC[C@@H](CO)O1,1.0,0.8088755,
tdc_bioavailability_ma,"Chemprop v2 (AttentiveFP, ensemble=3)",Chemprop v2,train,337,COc1ccc(OC)c(Cc2cnc3nc(N)nc(N)c3c2C)c1,1.0,0.8606579,
tdc_bioavailability_ma,"Chemprop v2 (AttentiveFP, ensemble=3)",Chemprop v2,train,338,COc1cc(Cc2cnc(N)nc2N)cc(OC)c1OC,1.0,0.8227455,
tdc_bioavailability_ma,"Chemprop v2 (AttentiveFP, ensemble=3)",Chemprop v2,train,339,C[C@@H]1[C@H](O)[C@@H](C)/C=C/C=C/CC/C=C/C=C/C=C/C=C/C(O[C@H]2O[C@H](C)[C@@H](O)[C@H](N)[C@@H]2O)CC2O[C@](O)(CC(O)C(O)CCC(O)CC(O)CC(O)CC(=O)O[C@H]1C)CC(O)C2C(=O)O,0.0,0.52607197,
tdc_bioavailability_ma,"Chemprop v2 (AttentiveFP, ensemble=3)",Chemprop v2,train,340,NNc1nncc2ccccc12,1.0,0.8567118,
tdc_bioavailability_ma,"Chemprop v2 (AttentiveFP, ensemble=3)",Chemprop v2,train,341,Nc1c2c(nc3ccccc13)CCCC2,1.0,0.84358877,
tdc_bioavailability_ma,"Chemprop v2 (AttentiveFP, ensemble=3)",Chemprop v2,train,342,Cc1[nH]cnc1CN1CCc2c(c3ccccc3n2C)C1=O,1.0,0.8524129,
tdc_bioavailability_ma,"Chemprop v2 (AttentiveFP, ensemble=3)",Chemprop v2,train,343,CNC1(c2ccccc2Cl)CCCCC1=O,0.0,0.7890417,
tdc_bioavailability_ma,"Chemprop v2 (AttentiveFP, ensemble=3)",Chemprop v2,train,344,NC1CCN(c2c(F)cc3c(=O)c(C(=O)O)cn(C4CC4)c3c2Cl)C1,1.0,0.82810944,
tdc_bioavailability_ma,"Chemprop v2 (AttentiveFP, ensemble=3)",Chemprop v2,train,345,CCCc1nn(C)c2c(=O)[nH]c(-c3cc(S(=O)(=O)N4CCN(C)CC4)ccc3OCC)nc12,1.0,0.83407766,
tdc_bioavailability_ma,"Chemprop v2 (AttentiveFP, ensemble=3)",Chemprop v2,train,346,CS(=O)(=O)c1ccc2c(c1)N(CCCN1CCC(C(N)=O)CC1)c1ccccc1S2,0.0,0.78643566,
tdc_bioavailability_ma,"Chemprop v2 (AttentiveFP, ensemble=3)",Chemprop v2,train,347,CN(C)S(=O)(=O)c1ccc2c(c1)N(CCCN1CCC(CCO)CC1)c1ccccc1S2,1.0,0.81224316,
tdc_bioavailability_ma,"Chemprop v2 (AttentiveFP, ensemble=3)",Chemprop v2,train,348,CC(C)(C#N)c1cc(Cn2cncn2)cc(C(C)(C)C#N)c1,1.0,0.83478886,
tdc_bioavailability_ma,"Chemprop v2 (AttentiveFP, ensemble=3)",Chemprop v2,train,349,C=C1C[C@@H]2[C@H](CC[C@]3(C)C(=O)CC[C@@H]23)[C@@]2(C)C=CC(=O)C=C12,1.0,0.75762194,
tdc_bioavailability_ma,"Chemprop v2 (AttentiveFP, ensemble=3)",Chemprop v2,train,350,CCCC(C)C1(CC)C(=O)NC(=O)NC1=O,1.0,0.79280394,
tdc_bioavailability_ma,"Chemprop v2 (AttentiveFP, ensemble=3)",Chemprop v2,train,351,CCC1(CCC(C)C)C(=O)NC(=O)NC1=O,1.0,0.7936432,
tdc_bioavailability_ma,"Chemprop v2 (AttentiveFP, ensemble=3)",Chemprop v2,train,352,CN(CCOc1ccc(CC2SC(=O)NC2=O)cc1)c1ccccn1,1.0,0.81977606,
tdc_bioavailability_ma,"Chemprop v2 (AttentiveFP, ensemble=3)",Chemprop v2,train,353,CC1COc2c(N3CCN(C)CC3)c(F)cc3c(=O)c(C(=O)O)cn1c23,1.0,0.8262086,
tdc_bioavailability_ma,"Chemprop v2 (AttentiveFP, ensemble=3)",Chemprop v2,train,354,CCCCC1=NC2(CCCC2)C(=O)N1Cc1ccc(-c2ccccc2-c2nn[nH]n2)cc1,1.0,0.83860904,
tdc_bioavailability_ma,"Chemprop v2 (AttentiveFP, ensemble=3)",Chemprop v2,train,355,NS(=O)(=O)c1cc2c(cc1C(F)(F)F)NC(Cc1ccccc1)NS2(=O)=O,1.0,0.85582256,
tdc_bioavailability_ma,"Chemprop v2 (AttentiveFP, ensemble=3)",Chemprop v2,train,356,CN1[C@@H]2CCC[C@H]1C[C@@H](NC(=O)c1nn(C)c3ccccc13)C2,1.0,0.7770641,
tdc_bioavailability_ma,"Chemprop v2 (AttentiveFP, ensemble=3)",Chemprop v2,train,357,Cc1cccc(C)c1NC(=O)c1cc(S(N)(=O)=O)c(Cl)cc1O,1.0,0.81059855,
tdc_bioavailability_ma,"Chemprop v2 (AttentiveFP, ensemble=3)",Chemprop v2,train,358,Cc1cnc(C(=O)O)c[n+]1[O-],1.0,0.8127394,
tdc_bioavailability_ma,"Chemprop v2 (AttentiveFP, ensemble=3)",Chemprop v2,train,359,COC(=O)[C@@H]1[C@H]2C[C@H]3c4[nH]c5ccccc5c4CCN3C[C@@H]2CC[C@@H]1O,1.0,0.76895404,
tdc_bioavailability_ma,"Chemprop v2 (AttentiveFP, ensemble=3)",Chemprop v2,train,360,NCC1(CC(=O)O)CCCCC1,1.0,0.7269544,
tdc_bioavailability_ma,"Chemprop v2 (AttentiveFP, ensemble=3)",Chemprop v2,train,361,CC(C)(C)NCC(O)COc1cccc2c1CCC(=O)N2,1.0,0.7512582,
tdc_bioavailability_ma,"Chemprop v2 (AttentiveFP, ensemble=3)",Chemprop v2,train,362,CNC(=O)Oc1ccc2c(c1)[C@]1(C)CCN(C)[C@@H]1N2C,0.0,0.7891264,
tdc_bioavailability_ma,"Chemprop v2 (AttentiveFP, ensemble=3)",Chemprop v2,train,363,CCC(C)(C)C(=O)O[C@H]1C[C@@H](C)C=C2C=C[C@H](C)[C@H](CC[C@@H]3C[C@@H](O)CC(=O)O3)[C@H]21,0.0,0.6871977,
tdc_bioavailability_ma,"Chemprop v2 (AttentiveFP, ensemble=3)",Chemprop v2,train,364,CC[C@H](C)C(=O)O[C@H]1C[C@@H](C)C=C2C=C[C@H](C)[C@H](CC[C@@H]3C[C@@H](O)CC(=O)O3)[C@H]21,0.0,0.6779742,
tdc_bioavailability_ma,"Chemprop v2 (AttentiveFP, ensemble=3)",Chemprop v2,train,365,CNC1=Nc2ccc(Cl)cc2C(c2ccccc2)=[N+]([O-])C1,1.0,0.8407329,
tdc_bioavailability_ma,"Chemprop v2 (AttentiveFP, ensemble=3)",Chemprop v2,train,366,CCOc1cc(CC(=O)N[C@@H](CC(C)C)c2ccccc2N2CCCCC2)ccc1C(=O)O,1.0,0.7816198,
tdc_bioavailability_ma,"Chemprop v2 (AttentiveFP, ensemble=3)",Chemprop v2,train,367,CNC(=C[N+](=O)[O-])NCCSCc1csc(CN(C)C)n1,1.0,0.75439554,
tdc_bioavailability_ma,"Chemprop v2 (AttentiveFP, ensemble=3)",Chemprop v2,train,368,NC(N)=Nc1nc(CSCCC(N)=NS(N)(=O)=O)cs1,1.0,0.75863,
tdc_bioavailability_ma,"Chemprop v2 (AttentiveFP, ensemble=3)",Chemprop v2,train,369,Cc1ncsc1CCCl,1.0,0.8348219,
tdc_bioavailability_ma,"Chemprop v2 (AttentiveFP, ensemble=3)",Chemprop v2,train,370,CC(CN(C)C)CN1c2ccccc2CCc2ccccc21,1.0,0.85330534,
tdc_bioavailability_ma,"Chemprop v2 (AttentiveFP, ensemble=3)",Chemprop v2,train,371,CN(C)CCCN1c2ccccc2CCc2ccc(Cl)cc21,1.0,0.8555954,
tdc_bioavailability_ma,"Chemprop v2 (AttentiveFP, ensemble=3)",Chemprop v2,train,372,CNCCCN1c2ccccc2CCc2ccccc21,1.0,0.8553605,
tdc_bioavailability_ma,"Chemprop v2 (AttentiveFP, ensemble=3)",Chemprop v2,train,373,CN(C)CCCN1c2ccccc2CCc2ccccc21,1.0,0.853596,
tdc_bioavailability_ma,"Chemprop v2 (AttentiveFP, ensemble=3)",Chemprop v2,train,374,Cc1ccnc2c1NC(=O)c1cccnc1N2C1CC1,1.0,0.85777634,
tdc_bioavailability_ma,"Chemprop v2 (AttentiveFP, ensemble=3)",Chemprop v2,train,375,CN(CCCCCCN(C)C(=O)Oc1ccc[n+](C)c1)C(=O)Oc1ccc[n+](C)c1,0.0,0.7714307,
tdc_bioavailability_ma,"Chemprop v2 (AttentiveFP, ensemble=3)",Chemprop v2,train,376,Cc1cnc(C(=O)NCCc2ccc(S(=O)(=O)NC(=O)NC3CCCCC3)cc2)cn1,1.0,0.79289883,
tdc_bioavailability_ma,"Chemprop v2 (AttentiveFP, ensemble=3)",Chemprop v2,train,377,Nc1c(CC(=O)O)cccc1C(=O)c1ccc(Br)cc1,1.0,0.8131106,
tdc_bioavailability_ma,"Chemprop v2 (AttentiveFP, ensemble=3)",Chemprop v2,train,378,CC(C(=O)O)c1cccc(C(=O)c2ccccc2)c1,1.0,0.8200043,
tdc_bioavailability_ma,"Chemprop v2 (AttentiveFP, ensemble=3)",Chemprop v2,train,379,Cc1ccc(C(=O)c2cc(O)c(O)c([N+](=O)[O-])c2)cc1,1.0,0.80664444,
tdc_bioavailability_ma,"Chemprop v2 (AttentiveFP, ensemble=3)",Chemprop v2,train,380,CC(CN1CCN(CCOCCO)CC1)CN1c2ccccc2Sc2ccccc21,0.0,0.79303557,
tdc_bioavailability_ma,"Chemprop v2 (AttentiveFP, ensemble=3)",Chemprop v2,train,381,OCCN1CCN(CCCN2c3ccccc3Sc3ccc(Cl)cc32)CC1,1.0,0.82253104,
tdc_bioavailability_ma,"Chemprop v2 (AttentiveFP, ensemble=3)",Chemprop v2,train,382,OCCN1CCN(CCCN2c3ccccc3Sc3ccc(C(F)(F)F)cc32)CC1,0.0,0.82456857,
tdc_bioavailability_ma,"Chemprop v2 (AttentiveFP, ensemble=3)",Chemprop v2,train,383,CN1CCN(CCCN2c3ccccc3Sc3ccc(Cl)cc32)CC1,0.0,0.83595943,
tdc_bioavailability_ma,"Chemprop v2 (AttentiveFP, ensemble=3)",Chemprop v2,train,384,NC(=O)N1c2ccccc2CC(=O)c2ccccc21,1.0,0.8376651,
tdc_bioavailability_ma,"Chemprop v2 (AttentiveFP, ensemble=3)",Chemprop v2,train,385,CC(CCc1ccccc1)NCC(O)c1ccc(O)c(C(N)=O)c1,1.0,0.7599702,
tdc_bioavailability_ma,"Chemprop v2 (AttentiveFP, ensemble=3)",Chemprop v2,train,386,C[C@H]1O[C@H](O[C@H]2[C@H](O)[C@@H](O)[C@@H](O[C@@H]([C@H](O)[C@@H](O)C=O)[C@H](O)CO)O[C@@H]2CO)[C@H](O)[C@@H](O)[C@@H]1N[C@H]1C=C(CO)[C@@H](O)[C@H](O)[C@H]1O,0.0,0.41603127,
tdc_bioavailability_ma,"Chemprop v2 (AttentiveFP, ensemble=3)",Chemprop v2,train,387,CN(C)CCCN1c2ccccc2Sc2ccc(Cl)cc21,1.0,0.8561433,
tdc_bioavailability_ma,"Chemprop v2 (AttentiveFP, ensemble=3)",Chemprop v2,train,388,CCC(=O)c1ccc2c(c1)N(CC(C)N(C)C)c1ccccc1S2,1.0,0.83294797,
tdc_bioavailability_ma,"Chemprop v2 (AttentiveFP, ensemble=3)",Chemprop v2,train,389,COc1ccc2c(c1)N(C[C@H](C)CN(C)C)c1ccccc1S2,1.0,0.84193563,
tdc_bioavailability_ma,"Chemprop v2 (AttentiveFP, ensemble=3)",Chemprop v2,train,390,CC(CN1c2ccccc2Sc2ccccc21)N(C)C,1.0,0.8521385,
tdc_bioavailability_ma,"Chemprop v2 (AttentiveFP, ensemble=3)",Chemprop v2,train,391,CCCCc1nc(Cl)c(CO)n1Cc1ccc(-c2ccccc2-c2nn[nH]n2)cc1,1.0,0.86181706,
tdc_bioavailability_ma,"Chemprop v2 (AttentiveFP, ensemble=3)",Chemprop v2,train,392,O=C1OC2(c3ccc(O)cc3Oc3cc(O)ccc32)c2ccccc21,1.0,0.8351588,
tdc_bioavailability_ma,"Chemprop v2 (AttentiveFP, ensemble=3)",Chemprop v2,train,393,Nc1c(Br)cc(Br)cc1CN[C@H]1CC[C@H](O)CC1,1.0,0.761147,
tdc_bioavailability_ma,"Chemprop v2 (AttentiveFP, ensemble=3)",Chemprop v2,train,394,CC1(C)S[C@@H]2[C@H](NC(=O)[C@H](NC(=O)N3CCNC3=O)c3ccccc3)C(=O)N2[C@H]1C(=O)O,0.0,0.777833,
tdc_bioavailability_ma,"Chemprop v2 (AttentiveFP, ensemble=3)",Chemprop v2,train,395,COc1cc2nc(N3CCN(C(=O)C4COc5ccccc5O4)CC3)nc(N)c2cc1OC,1.0,0.83291537,
tdc_bioavailability_ma,"Chemprop v2 (AttentiveFP, ensemble=3)",Chemprop v2,train,396,C[C@@H]1O[C@@H]1P(=O)(O)O,1.0,0.7097624,
tdc_bioavailability_ma,"Chemprop v2 (AttentiveFP, ensemble=3)",Chemprop v2,train,397,OCC(S)CS,0.0,0.78775597,
tdc_bioavailability_ma,"Chemprop v2 (AttentiveFP, ensemble=3)",Chemprop v2,train,398,CC[C@@H](CO)NCCN[C@@H](CC)CO,1.0,0.6796608,
tdc_bioavailability_ma,"Chemprop v2 (AttentiveFP, ensemble=3)",Chemprop v2,train,399,CN(C)C(=N)NC(=N)N,1.0,0.7747741,
tdc_bioavailability_ma,"Chemprop v2 (AttentiveFP, ensemble=3)",Chemprop v2,train,400,N[C@@H](CCS)C(=O)O,1.0,0.7681353,
tdc_bioavailability_ma,"Chemprop v2 (AttentiveFP, ensemble=3)",Chemprop v2,train,401,CS(=O)(=O)OCCCCOS(C)(=O)=O,1.0,0.71481186,
tdc_bioavailability_ma,"Chemprop v2 (AttentiveFP, ensemble=3)",Chemprop v2,train,402,CC(C)(S)[C@@H](N)C(=O)O,1.0,0.7629652,
tdc_bioavailability_ma,"Chemprop v2 (AttentiveFP, ensemble=3)",Chemprop v2,train,403,CCO,1.0,0.8164642,
tdc_bioavailability_ma,"Chemprop v2 (AttentiveFP, ensemble=3)",Chemprop v2,train,404,OC[C@@H](O)[C@@H](O)[C@H](O)[C@H](O)CO,0.0,0.63831687,
tdc_bioavailability_ma,"Chemprop v2 (AttentiveFP, ensemble=3)",Chemprop v2,train,405,NCCCC(N)(C(=O)O)C(F)F,1.0,0.7339308,
tdc_bioavailability_ma,"Chemprop v2 (AttentiveFP, ensemble=3)",Chemprop v2,train,406,CC(S)C(=O)NCC(=O)O,1.0,0.7575886,
tdc_bioavailability_ma,"Chemprop v2 (AttentiveFP, ensemble=3)",Chemprop v2,train,407,NC(=O)NO,1.0,0.7878907,
tdc_bioavailability_ma,"Chemprop v2 (AttentiveFP, ensemble=3)",Chemprop v2,train,408,C=CC(N)CCC(=O)O,1.0,0.7648899,
tdc_bioavailability_ma,"Chemprop v2 (AttentiveFP, ensemble=3)",Chemprop v2,train,409,CC(=O)N[C@@H](CS)C(=O)O,0.0,0.75825506,
tdc_bioavailability_ma,"Chemprop v2 (AttentiveFP, ensemble=3)",Chemprop v2,train,410,CCCCCN(C)CCC(O)(P(=O)(O)O)P(=O)(O)O,0.0,0.65972143,
tdc_bioavailability_ma,"Chemprop v2 (AttentiveFP, ensemble=3)",Chemprop v2,train,411,CC(=O)NCCCS(=O)(=O)O,0.0,0.7388194,
tdc_bioavailability_ma,"Chemprop v2 (AttentiveFP, ensemble=3)",Chemprop v2,train,412,O=C(O)P(=O)(O)O,0.0,0.76503533,
tdc_bioavailability_ma,"Chemprop v2 (AttentiveFP, ensemble=3)",Chemprop v2,train,413,CS(=O)(=O)OC[C@H](O)[C@@H](O)COS(C)(=O)=O,1.0,0.68081737,
tdc_bioavailability_ma,"Chemprop v2 (AttentiveFP, ensemble=3)",Chemprop v2,train,414,CC(C)c1c(C(=O)Nc2ccccc2)c(-c2ccccc2)c(-c2ccc(F)cc2)n1CC[C@@H](O)C[C@@H](O)CC(=O)O,0.0,0.8271108,
tdc_bioavailability_ma,"Chemprop v2 (AttentiveFP, ensemble=3)",Chemprop v2,train,415,Cc1c(C)c2c(c(C)c1O)CCC(C)(COc1ccc(CC3SC(=O)NC3=O)cc1)O2,1.0,0.8014739,
tdc_bioavailability_ma,"Chemprop v2 (AttentiveFP, ensemble=3)",Chemprop v2,train,416,O=c1ccc2ccccc2o1,0.0,0.8460006,
tdc_bioavailability_ma,"Chemprop v2 (AttentiveFP, ensemble=3)",Chemprop v2,train,417,CC[C@H]1OC(=O)[C@H](C)[C@@H](O[C@H]2C[C@@](C)(OC)[C@@H](O)[C@H](C)O2)[C@H](C)[C@@H](O[C@@H]2O[C@H](C)C[C@H](N(C)C)[C@H]2O)[C@](C)(O)C[C@@H](C)CN(C)[C@H](C)[C@@H](O)[C@]1(C)O,1.0,0.67166215,
tdc_bioavailability_ma,"Chemprop v2 (AttentiveFP, ensemble=3)",Chemprop v2,train,418,O=P1(NCCCl)OCCCN1CCCl,1.0,0.7496476,
tdc_bioavailability_ma,"Chemprop v2 (AttentiveFP, ensemble=3)",Chemprop v2,train,419,O=P1(N(CCCl)CCCl)NCCCO1,1.0,0.7462225,
tdc_bioavailability_ma,"Chemprop v2 (AttentiveFP, ensemble=3)",Chemprop v2,train,420,CCN(C(C)=O)c1cccc(-c2ccnc3c(C#N)cnn23)c1,1.0,0.8554302,
tdc_bioavailability_ma,"Chemprop v2 (AttentiveFP, ensemble=3)",Chemprop v2,train,421,CC(C)(Sc1cc(C(C)(C)C)c(O)c(C(C)(C)C)c1)Sc1cc(C(C)(C)C)c(O)c(C(C)(C)C)c1,0.0,0.7863843,
tdc_bioavailability_ma,"Chemprop v2 (AttentiveFP, ensemble=3)",Chemprop v2,train,422,CN(c1nccc(=O)[nH]1)C1CCN(c2nc3ccccc3n2Cc2ccc(F)cc2)CC1,1.0,0.86956096,
tdc_bioavailability_ma,"Chemprop v2 (AttentiveFP, ensemble=3)",Chemprop v2,train,423,COC(=O)C1=C(C)NC(C)=C(C(=O)OC(C)C)C1c1cccc2nonc12,0.0,0.78344685,
tdc_bioavailability_ma,"Chemprop v2 (AttentiveFP, ensemble=3)",Chemprop v2,train,424,c1ccc([C@H]2CN3CCSC3=N2)cc1,1.0,0.8255636,
tdc_bioavailability_ma,"Chemprop v2 (AttentiveFP, ensemble=3)",Chemprop v2,train,425,COc1cc2nc(N3CCN(C(=O)C4CCCO4)CC3)nc(N)c2cc1OC,1.0,0.786733,
tdc_bioavailability_ma,"Chemprop v2 (AttentiveFP, ensemble=3)",Chemprop v2,train,426,CCOC(=O)n1ccn(C)c1=S,0.0,0.80934167,
tdc_bioavailability_ma,"Chemprop v2 (AttentiveFP, ensemble=3)",Chemprop v2,train,427,Cn1cc[nH]c1=S,1.0,0.8507521,
tdc_bioavailability_ma,"Chemprop v2 (AttentiveFP, ensemble=3)",Chemprop v2,train,428,CC(C)(C)NC(=O)[C@@H]1CN(Cc2cccnc2)CCN1C[C@@H](O)C[C@@H](Cc1ccccc1)C(=O)N[C@H]1c2ccccc2C[C@H]1O,0.0,0.77961063,
tdc_bioavailability_ma,"Chemprop v2 (AttentiveFP, ensemble=3)",Chemprop v2,train,429,CN(C)C(=O)Oc1ccc[n+](C)c1,0.0,0.7973607,
tdc_bioavailability_ma,"Chemprop v2 (AttentiveFP, ensemble=3)",Chemprop v2,train,430,Cc1ccc(Nc2c(F)cccc2Cl)c(CC(=O)O)c1,1.0,0.83642906,
tdc_bioavailability_ma,"Chemprop v2 (AttentiveFP, ensemble=3)",Chemprop v2,train,431,O=C(O)Cc1ccccc1Nc1c(Cl)cccc1Cl,1.0,0.8371718,
tdc_bioavailability_ma,"Chemprop v2 (AttentiveFP, ensemble=3)",Chemprop v2,train,432,COc1ccc2c3c1O[C@H]1C[C@@H](O)C=C[C@@]31CCN(C)C2,1.0,0.8006132,
tdc_bioavailability_ma,"Chemprop v2 (AttentiveFP, ensemble=3)",Chemprop v2,train,433,O=C1C(CCS(=O)c2ccccc2)C(=O)N(c2ccccc2)N1c1ccccc1,1.0,0.84016633,
tdc_bioavailability_ma,"Chemprop v2 (AttentiveFP, ensemble=3)",Chemprop v2,train,434,CN1C(C(=O)Nc2ccccn2)=C(O)c2sccc2S1(=O)=O,1.0,0.8218176,
tdc_bioavailability_ma,"Chemprop v2 (AttentiveFP, ensemble=3)",Chemprop v2,train,435,CCCN[C@H]1CCc2nc(N)sc2C1,1.0,0.78699714,
tdc_bioavailability_ma,"Chemprop v2 (AttentiveFP, ensemble=3)",Chemprop v2,train,436,O=C(O)CCc1nc(-c2ccccc2)c(-c2ccccc2)o1,1.0,0.85259753,
tdc_bioavailability_ma,"Chemprop v2 (AttentiveFP, ensemble=3)",Chemprop v2,train,437,O=C(C1CCCCC1)N1CC(=O)N2CCc3ccccc3C2C1,0.0,0.7495568,
tdc_bioavailability_ma,"Chemprop v2 (AttentiveFP, ensemble=3)",Chemprop v2,train,438,C=CC1=C(C(=O)O)N2C(=O)[C@@H](NC(=O)/C(=N\O)c3csc(N)n3)[C@H]2SC1,1.0,0.75177956,
tdc_bioavailability_ma,"Chemprop v2 (AttentiveFP, ensemble=3)",Chemprop v2,train,439,C=CC1=C(C(=O)O)N2C(=O)[C@@H](NC(=O)/C(=N\OCC(=O)O)c3csc(N)n3)[C@H]2SC1,1.0,0.75445825,
tdc_bioavailability_ma,"Chemprop v2 (AttentiveFP, ensemble=3)",Chemprop v2,train,440,CO/N=C(\C(=O)N[C@@H]1C(=O)N2C(C(=O)O)=CCS[C@H]12)c1csc(N)n1,0.0,0.7521011,
tdc_bioavailability_ma,"Chemprop v2 (AttentiveFP, ensemble=3)",Chemprop v2,train,441,O=c1n(CCCN2CCN(c3cccc(Cl)c3)CC2)nc2ccccn12,1.0,0.84561247,
tdc_bioavailability_ma,"Chemprop v2 (AttentiveFP, ensemble=3)",Chemprop v2,train,442,CC(=O)S[C@@H]1CC2=CC(=O)CC[C@]2(C)[C@H]2CC[C@@]3(C)[C@@H](CC[C@@]34CCC(=O)O4)[C@H]12,1.0,0.71493024,
tdc_bioavailability_ma,"Chemprop v2 (AttentiveFP, ensemble=3)",Chemprop v2,train,443,CN(C)CCc1c[nH]c2ccc(CS(=O)(=O)N3CCCC3)cc12,1.0,0.7997649,
tdc_bioavailability_ma,"Chemprop v2 (AttentiveFP, ensemble=3)",Chemprop v2,train,444,CC1(C)S[C@@H]2[C@H](NC(=O)[C@H](N)c3ccccc3)C(=O)N2[C@H]1C(=O)O,1.0,0.73799485,
tdc_bioavailability_ma,"Chemprop v2 (AttentiveFP, ensemble=3)",Chemprop v2,train,445,CC1(C)S[C@@H]2[C@H](NC(=O)[C@H](N)c3ccc(O)cc3)C(=O)N2[C@H]1C(=O)O,1.0,0.7142094,
tdc_bioavailability_ma,"Chemprop v2 (AttentiveFP, ensemble=3)",Chemprop v2,train,446,CC1(C)S[C@@H]2[C@H](NC(=O)[C@H](N=[N+]=[N-])c3ccccc3)C(=O)N2[C@H]1C(=O)O,1.0,0.78309125,
tdc_bioavailability_ma,"Chemprop v2 (AttentiveFP, ensemble=3)",Chemprop v2,train,447,CCOC(=O)[N-]c1c[n+](N2CCOCC2)no1,1.0,0.77805823,
tdc_bioavailability_ma,"Chemprop v2 (AttentiveFP, ensemble=3)",Chemprop v2,train,448,COc1ccnc(CS(=O)c2nc3ccc(OC(F)F)cc3[nH]2)c1OC,1.0,0.84625715,
tdc_bioavailability_ma,"Chemprop v2 (AttentiveFP, ensemble=3)",Chemprop v2,train,449,COc1ccc2nc(S(=O)Cc3ncc(C)c(OC)c3C)[nH]c2c1,1.0,0.8466444,
tdc_bioavailability_ma,"Chemprop v2 (AttentiveFP, ensemble=3)",Chemprop v2,train,450,Cc1c(OCC(F)(F)F)ccnc1CS(=O)c1nc2ccccc2[nH]1,1.0,0.8525141,
tdc_bioavailability_ma,"Chemprop v2 (AttentiveFP, ensemble=3)",Chemprop v2,train,451,COCCCOc1ccnc(CS(=O)c2nc3ccccc3[nH]2)c1C,1.0,0.8262331,
tdc_bioavailability_ma,"Chemprop v2 (AttentiveFP, ensemble=3)",Chemprop v2,train,452,CN1CC[C@]23c4c5ccc(O)c4O[C@H]2C(=O)CC[C@H]3[C@H]1C5,1.0,0.74496526,
tdc_bioavailability_ma,"Chemprop v2 (AttentiveFP, ensemble=3)",Chemprop v2,train,453,COc1ccc2c3c1O[C@H]1C(=O)CC[C@@]4(O)[C@@H](C2)N(C)CC[C@]314,1.0,0.7589385,
tdc_bioavailability_ma,"Chemprop v2 (AttentiveFP, ensemble=3)",Chemprop v2,train,454,C=CCN1CC[C@]23c4c5ccc(O)c4O[C@H]2C(=O)CC[C@@]3(O)[C@H]1C5,0.0,0.7373182,
tdc_bioavailability_ma,"Chemprop v2 (AttentiveFP, ensemble=3)",Chemprop v2,train,455,CC(=O)NC[C@H]1CN(c2ccc(N3CCOCC3)c(F)c2)C(=O)O1,1.0,0.7902598,
tdc_bioavailability_ma,"Chemprop v2 (AttentiveFP, ensemble=3)",Chemprop v2,train,456,CC/C(=C(\c1ccccc1)c1ccc(OCCN(C)C)cc1)c1ccccc1,1.0,0.8569746,
tdc_bioavailability_ma,"Chemprop v2 (AttentiveFP, ensemble=3)",Chemprop v2,train,457,CN(C)CCOc1ccc(/C(=C(/CCCl)c2ccccc2)c2ccccc2)cc1,1.0,0.85519713,
tdc_bioavailability_ma,"Chemprop v2 (AttentiveFP, ensemble=3)",Chemprop v2,train,458,CCC(CO)NC(=O)[C@@H]1C=C2c3cccc4c3c(cn4C)C[C@H]2N(C)C1,0.0,0.794812,
tdc_bioavailability_ma,"Chemprop v2 (AttentiveFP, ensemble=3)",Chemprop v2,train,459,CCN(CC)C(=O)N[C@H]1C=C2c3cccc4[nH]cc(c34)C[C@H]2N(C)C1,0.0,0.81722397,
tdc_bioavailability_ma,"Chemprop v2 (AttentiveFP, ensemble=3)",Chemprop v2,train,460,CCN(CC)CC#CCOC(=O)C(O)(c1ccccc1)C1CCCCC1,0.0,0.72499734,
tdc_bioavailability_ma,"Chemprop v2 (AttentiveFP, ensemble=3)",Chemprop v2,train,461,COc1ccc(C(CN(C)C)C2(O)CCCCC2)cc1,1.0,0.75784945,
tdc_bioavailability_ma,"Chemprop v2 (AttentiveFP, ensemble=3)",Chemprop v2,train,462,C[C@H]1[C@H](NC(=O)/C(=N\OC(C)(C)C(=O)O)c2csc([NH3+])n2)C(=O)N1S(=O)(=O)[O-],0.0,0.7078015,
tdc_bioavailability_ma,"Chemprop v2 (AttentiveFP, ensemble=3)",Chemprop v2,train,463,Nc1nc2c(ncn2COC(CO)CO)c(=O)[nH]1,0.0,0.7747852,
tdc_bioavailability_ma,"Chemprop v2 (AttentiveFP, ensemble=3)",Chemprop v2,train,464,NS(=O)(=O)c1cc(C2(O)NC(=O)c3ccccc32)ccc1Cl,1.0,0.8224022,
tdc_bioavailability_ma,"Chemprop v2 (AttentiveFP, ensemble=3)",Chemprop v2,train,465,Oc1ncnc2[nH]ncc12,1.0,0.8368452,
tdc_bioavailability_ma,"Chemprop v2 (AttentiveFP, ensemble=3)",Chemprop v2,train,466,NS(=O)(=O)c1cc(-c2nn[nH]n2)c(NCc2cccs2)cc1Cl,0.0,0.83485055,
tdc_bioavailability_ma,"Chemprop v2 (AttentiveFP, ensemble=3)",Chemprop v2,train,467,CC1Cc2ccccc2N1NC(=O)c1ccc(Cl)c(S(N)(=O)=O)c1,1.0,0.82581633,
tdc_bioavailability_ma,"Chemprop v2 (AttentiveFP, ensemble=3)",Chemprop v2,train,468,Cc1ccc(NC(=O)c2ccc(CN3CCN(C)CC3)cc2)cc1Nc1nccc(-c2cccnc2)n1,1.0,0.8738482,
tdc_bioavailability_ma,"Chemprop v2 (AttentiveFP, ensemble=3)",Chemprop v2,train,469,CN1[C@@H]2CC[C@H]1C[C@@H](OC(=O)C(CO)c1ccccc1)C2,1.0,0.7224271,
tdc_bioavailability_ma,"Chemprop v2 (AttentiveFP, ensemble=3)",Chemprop v2,train,470,CCc1ccc(CCOc2ccc(CC3SC(=O)NC3=O)cc2)nc1,1.0,0.80844134,
tdc_bioavailability_ma,"Chemprop v2 (AttentiveFP, ensemble=3)",Chemprop v2,train,471,COc1cc([C@@H]2c3cc4c(cc3[C@@H](O[C@@H]3O[C@@H]5CO[C@@H](C)O[C@H]5[C@H](O)[C@H]3O)[C@H]3COC(=O)[C@H]23)OCO4)cc(OC)c1O,1.0,0.76979584,
tdc_bioavailability_ma,"Chemprop v2 (AttentiveFP, ensemble=3)",Chemprop v2,train,472,Nc1[nH]c(=O)ncc1F,1.0,0.83626986,
tdc_bioavailability_ma,"Chemprop v2 (AttentiveFP, ensemble=3)",Chemprop v2,train,473,CN1[C@@H]2C[C@@H](OC(=O)[C@H](CO)c3ccccc3)C[C@H]1[C@@H]1O[C@@H]12,1.0,0.69858867,
tdc_bioavailability_ma,"Chemprop v2 (AttentiveFP, ensemble=3)",Chemprop v2,train,474,CC(C)[C@H]1CC[C@H](C(=O)N[C@H](Cc2ccccc2)C(=O)O)CC1,1.0,0.7181759,
tdc_bioavailability_ma,"Chemprop v2 (AttentiveFP, ensemble=3)",Chemprop v2,train,475,CSc1ccc(C(=O)c2[nH]c(=O)[nH]c2C)cc1,1.0,0.83252543,
tdc_bioavailability_ma,"Chemprop v2 (AttentiveFP, ensemble=3)",Chemprop v2,train,476,CCC[C@@H]1C[C@@H](C(=O)NC(C(C)Cl)[C@H]2O[C@H](SC)[C@H](O)[C@@H](O)[C@H]2O)N(C)C1,1.0,0.6370449,
tdc_bioavailability_ma,"Chemprop v2 (AttentiveFP, ensemble=3)",Chemprop v2,train,477,CCC[C@@H]1C[C@@H](C(=O)N[C@@H]([C@H]2O[C@H](SC)[C@H](O)[C@@H](O)[C@H]2O)[C@@H](C)O)N(C)C1,1.0,0.6042609,
tdc_bioavailability_ma,"Chemprop v2 (AttentiveFP, ensemble=3)",Chemprop v2,train,478,CC(=O)Nc1nnc(S(N)(=O)=O)s1,1.0,0.791238,
tdc_bioavailability_ma,"Chemprop v2 (AttentiveFP, ensemble=3)",Chemprop v2,train,479,CN1C(C(=O)Nc2ccccn2)=C(O)c2ccccc2S1(=O)=O,1.0,0.82990116,
tdc_bioavailability_ma,"Chemprop v2 (AttentiveFP, ensemble=3)",Chemprop v2,train,480,CC(C)NCC(O)COc1cccc2[nH]ccc12,1.0,0.7883077,
tdc_bioavailability_ma,"Chemprop v2 (AttentiveFP, ensemble=3)",Chemprop v2,train,481,COc1ccc2[nH]cc(CCNC(C)=O)c2c1,0.0,0.80774236,
tdc_bioavailability_ma,"Chemprop v2 (AttentiveFP, ensemble=3)",Chemprop v2,train,482,Cc1cc2c(OCC(O)CNC(C)C)cccc2[nH]1,1.0,0.7901495,
tdc_bioavailability_ma,"Chemprop v2 (AttentiveFP, ensemble=3)",Chemprop v2,train,483,CNS(=O)(=O)Cc1ccc2[nH]cc(CCN(C)C)c2c1,0.0,0.80709666,
tdc_bioavailability_ma,"Chemprop v2 (AttentiveFP, ensemble=3)",Chemprop v2,train,484,Cc1ncc([N+](=O)[O-])n1CCO,1.0,0.80376244,
tdc_bioavailability_ma,"Chemprop v2 (AttentiveFP, ensemble=3)",Chemprop v2,train,485,CCS(=O)(=O)CCn1c([N+](=O)[O-])cnc1C,1.0,0.7698922,
tdc_bioavailability_ma,"Chemprop v2 (AttentiveFP, ensemble=3)",Chemprop v2,train,486,CN/C(=N/C#N)NCCSCc1nc[nH]c1C,1.0,0.7981796,
tdc_bioavailability_ma,"Chemprop v2 (AttentiveFP, ensemble=3)",Chemprop v2,train,487,CN1CCN2c3ncccc3Cc3ccccc3C2C1,1.0,0.843221,
tdc_bioavailability_ma,"Chemprop v2 (AttentiveFP, ensemble=3)",Chemprop v2,train,488,CC(C)(O)c1ccccc1CC[C@@H](SCC1(CC(=O)O)CC1)c1cccc(/C=C/c2ccc3ccc(Cl)cc3n2)c1,1.0,0.8648269,
tdc_bioavailability_ma,"Chemprop v2 (AttentiveFP, ensemble=3)",Chemprop v2,train,489,OC(Cn1cncn1)(Cn1cncn1)c1ccc(F)cc1F,1.0,0.8221778,
tdc_bioavailability_ma,"Chemprop v2 (AttentiveFP, ensemble=3)",Chemprop v2,train,490,CC[C@H]1OC(=O)[C@H](C)[C@@H](O[C@H]2C[C@@](C)(OC)[C@@H](O)[C@H](C)O2)[C@H](C)[C@@H](O[C@@H]2O[C@H](C)C[C@H](N(C)C)[C@H]2O)[C@](C)(O)C[C@@H](C)C(=NOCOCCOC)[C@H](C)[C@@H](O)[C@]1(C)O,1.0,0.689101,
tdc_bioavailability_ma,"Chemprop v2 (AttentiveFP, ensemble=3)",Chemprop v2,train,491,CN(C)CCCC1(c2ccc(F)cc2)OCc2cc(C#N)ccc21,1.0,0.8346837,
tdc_bioavailability_ma,"Chemprop v2 (AttentiveFP, ensemble=3)",Chemprop v2,train,492,Clc1ccc2nsnc2c1NC1=NCCN1,1.0,0.8569904,
tdc_bioavailability_ma,"Chemprop v2 (AttentiveFP, ensemble=3)",Chemprop v2,train,493,CC(=O)N[C@H]1[C@H]([C@H](O)[C@H](O)CO)OC(C(=O)O)=C[C@@H]1N=C(N)N,0.0,0.63024396,
tdc_bioavailability_ma,"Chemprop v2 (AttentiveFP, ensemble=3)",Chemprop v2,train,494,O=c1[nH]cc(F)c(=O)[nH]1,1.0,0.8357291,
tdc_bioavailability_ma,"Chemprop v2 (AttentiveFP, ensemble=3)",Chemprop v2,train,495,Fc1ccc([C@@H]2CCNC[C@H]2COc2ccc3c(c2)OCO3)cc1,1.0,0.8080422,
tdc_bioavailability_ma,"Chemprop v2 (AttentiveFP, ensemble=3)",Chemprop v2,train,496,CCC1=C[C@@H]2CN(C1)Cc1c([nH]c3ccccc13)[C@@](C(=O)OC)(c1cc3c(cc1OC)N(C)[C@H]1[C@@](O)(C(=O)OC)[C@H](OC(C)=O)[C@]4(CC)C=CCN5CC[C@]31[C@@H]54)C2,1.0,0.8859624,
tdc_bioavailability_ma,"Chemprop v2 (AttentiveFP, ensemble=3)",Chemprop v2,train,497,C[C@H](CS)C(=O)N1CCC[C@H]1C(=O)O,1.0,0.7278046,
tdc_bioavailability_ma,"Chemprop v2 (AttentiveFP, ensemble=3)",Chemprop v2,train,498,CCCCC(=O)N(Cc1ccc(-c2ccccc2-c2nn[nH]n2)cc1)[C@H](C(=O)O)C(C)C,1.0,0.7927683,
tdc_bioavailability_ma,"Chemprop v2 (AttentiveFP, ensemble=3)",Chemprop v2,train,499,C[C@@H]1O[C@@H](O[C@H]2C[C@@H](O)[C@]3(CO)[C@H]4[C@H](O)C[C@]5(C)[C@@H](C6=CC(=O)OC6)CC[C@]5(O)[C@@H]4CC[C@]3(O)C2)[C@H](O)[C@H](O)[C@H]1O,0.0,0.60157555,
tdc_bioavailability_ma,"Chemprop v2 (AttentiveFP, ensemble=3)",Chemprop v2,train,500,CN1CCC[C@@H]1CCO[C@](C)(c1ccccc1)c1ccc(Cl)cc1,1.0,0.8155816,
tdc_bioavailability_ma,"Chemprop v2 (AttentiveFP, ensemble=3)",Chemprop v2,train,501,CC[C@H]1OC(=O)[C@H](C)[C@@H](O[C@H]2C[C@@](C)(OC)[C@@H](O)[C@H](C)O2)[C@H](C)[C@@H](O[C@@H]2O[C@H](C)C[C@H](N(C)C)[C@H]2O)[C@](C)(O)C[C@@H](C)[C@@H]2N[C@@H](COCCOC)O[C@H]([C@H]2C)[C@]1(C)O,0.0,0.68054754,
tdc_bioavailability_ma,"Chemprop v2 (AttentiveFP, ensemble=3)",Chemprop v2,train,502,COCC(=O)O[C@]1(CCN(C)CCCc2nc3ccccc3[nH]2)CCc2cc(F)ccc2[C@@H]1C(C)C,1.0,0.819719,
tdc_bioavailability_ma,"Chemprop v2 (AttentiveFP, ensemble=3)",Chemprop v2,train,503,CCC1=C(C)CN(C(=O)NCCc2ccc(S(=O)(=O)NC(=O)N[C@H]3CC[C@H](C)CC3)cc2)C1=O,1.0,0.7972184,
tdc_bioavailability_ma,"Chemprop v2 (AttentiveFP, ensemble=3)",Chemprop v2,train,504,COc1ccc(Cc2nccc3cc(OC)c(OC)cc23)cc1OC,1.0,0.84958917,
tdc_bioavailability_ma,"Chemprop v2 (AttentiveFP, ensemble=3)",Chemprop v2,train,505,Nc1cc(N2CCCCC2)nc(N)[n+]1[O-],1.0,0.7609701,
tdc_bioavailability_ma,"Chemprop v2 (AttentiveFP, ensemble=3)",Chemprop v2,train,506,CNCCC(Oc1ccc(C(F)(F)F)cc1)c1ccccc1,1.0,0.82591075,
tdc_bioavailability_ma,"Chemprop v2 (AttentiveFP, ensemble=3)",Chemprop v2,train,507,CNCC[C@@H](Oc1ccccc1C)c1ccccc1,1.0,0.82813424,
tdc_bioavailability_ma,"Chemprop v2 (AttentiveFP, ensemble=3)",Chemprop v2,train,508,CS(=O)(=O)c1ccc(C2=C(c3ccccc3)C(=O)OC2)cc1,1.0,0.81574917,
tdc_bioavailability_ma,"Chemprop v2 (AttentiveFP, ensemble=3)",Chemprop v2,train,509,O=C(O)CCCC[C@@H]1SC[C@@H]2NC(=O)N[C@@H]21,1.0,0.7099425,
tdc_bioavailability_ma,"Chemprop v2 (AttentiveFP, ensemble=3)",Chemprop v2,train,510,CC(C)(C)NCC(O)COc1cccc2c1SCCC2,1.0,0.7697122,
tdc_bioavailability_ma,"Chemprop v2 (AttentiveFP, ensemble=3)",Chemprop v2,train,511,CC#CCC(C)[C@H](O)/C=C/[C@@H]1[C@H]2C/C(=C/CCCC(=O)O)C[C@H]2C[C@H]1O,0.0,0.6696673,
tdc_bioavailability_ma,"Chemprop v2 (AttentiveFP, ensemble=3)",Chemprop v2,test,0,C[C@]12CCC3=C4CCC(=O)C=C4CC[C@H]3[C@@H]1CC[C@@]2(O)CC#N,1.0,0.7434786,
tdc_bioavailability_ma,"Chemprop v2 (AttentiveFP, ensemble=3)",Chemprop v2,test,1,O=C(NCC1CCCCN1)c1cc(OCC(F)(F)F)ccc1OCC(F)(F)F,1.0,0.8054667,
tdc_bioavailability_ma,"Chemprop v2 (AttentiveFP, ensemble=3)",Chemprop v2,test,2,O=C(c1ccc(OCCN2CCCCC2)cc1)c1c(-c2ccc(O)cc2)sc2cc(O)ccc12,0.0,0.8215115,
tdc_bioavailability_ma,"Chemprop v2 (AttentiveFP, ensemble=3)",Chemprop v2,test,3,O=C(O[C@@H]1C[C@@H]2C[C@H]3C[C@H](C1)N2CC3=O)c1c[nH]c2ccccc12,1.0,0.76652193,
tdc_bioavailability_ma,"Chemprop v2 (AttentiveFP, ensemble=3)",Chemprop v2,test,4,Cc1ccsc1C(=CCCN1CCC[C@@H](C(=O)O)C1)c1sccc1C,1.0,0.7735634,
tdc_bioavailability_ma,"Chemprop v2 (AttentiveFP, ensemble=3)",Chemprop v2,test,5,COc1ccc(C(=O)Nc2ccccc2CCC2CCCCN2C)cc1,1.0,0.79265356,
tdc_bioavailability_ma,"Chemprop v2 (AttentiveFP, ensemble=3)",Chemprop v2,test,6,COc1c(N2C[C@@H]3CCCN[C@@H]3C2)c(F)cc2c(=O)c(C(=O)O)cn(C3CC3)c12,1.0,0.825229,
tdc_bioavailability_ma,"Chemprop v2 (AttentiveFP, ensemble=3)",Chemprop v2,test,7,CO[C@H]1/C=C/O[C@@]2(C)Oc3c(C)c(O)c4c(c3C2=O)C2=NC3(CCN(CC(C)C)CC3)NC2=C(NC(=O)/C(C)=C\C=C\[C@H](C)[C@H](O)[C@@H](C)[C@@H](O)[C@@H](C)[C@H](OC(C)=O)[C@@H]1C)C4=O,0.0,0.78018624,
tdc_bioavailability_ma,"Chemprop v2 (AttentiveFP, ensemble=3)",Chemprop v2,test,8,COc1cc([C@@H]2c3cc4c(cc3[C@@H](O[C@@H]3O[C@@H]5CO[C@@H](c6cccs6)O[C@H]5[C@H](O)[C@H]3O)[C@H]3COC(=O)[C@H]23)OCO4)cc(OC)c1O,1.0,0.79793024,
tdc_bioavailability_ma,"Chemprop v2 (AttentiveFP, ensemble=3)",Chemprop v2,test,9,CN(C)CCc1c[nH]c2ccc(C[C@H]3COC(=O)N3)cc12,1.0,0.8182814,
tdc_bioavailability_ma,"Chemprop v2 (AttentiveFP, ensemble=3)",Chemprop v2,test,10,COC(=O)C(c1ccccc1)C1CCCCN1,0.0,0.7563651,
tdc_bioavailability_ma,"Chemprop v2 (AttentiveFP, ensemble=3)",Chemprop v2,test,11,COc1ccc([C@@H]2Sc3ccccc3N(CCN(C)C)C(=O)[C@@H]2OC(C)=O)cc1,1.0,0.7982256,
tdc_bioavailability_ma,"Chemprop v2 (AttentiveFP, ensemble=3)",Chemprop v2,test,12,Cc1cc(C)nc(NS(=O)(=O)c2ccc(N)cc2)n1,1.0,0.8295389,
tdc_bioavailability_ma,"Chemprop v2 (AttentiveFP, ensemble=3)",Chemprop v2,test,13,Nc1ccc(S(=O)(=O)Nc2ncccn2)cc1,1.0,0.8252738,
tdc_bioavailability_ma,"Chemprop v2 (AttentiveFP, ensemble=3)",Chemprop v2,test,14,C#Cc1cccc(Nc2ncnc3cc(OCCOC)c(OCCOC)cc23)c1,1.0,0.83628607,
tdc_bioavailability_ma,"Chemprop v2 (AttentiveFP, ensemble=3)",Chemprop v2,test,15,OC(CCN1CCCCC1)(c1ccccc1)C1CCCCC1,1.0,0.72623783,
tdc_bioavailability_ma,"Chemprop v2 (AttentiveFP, ensemble=3)",Chemprop v2,test,16,Cc1cc(NS(=O)(=O)c2ccc(N)cc2)no1,1.0,0.8211753,
tdc_bioavailability_ma,"Chemprop v2 (AttentiveFP, ensemble=3)",Chemprop v2,test,17,CCOC(=O)C1=C(COCCN)NC(C)=C(C(=O)OC)C1c1ccccc1Cl,1.0,0.74511814,
tdc_bioavailability_ma,"Chemprop v2 (AttentiveFP, ensemble=3)",Chemprop v2,test,18,COC(=O)C1=C(C#N)NC(C)=C(C(=O)OC(C)C)C1c1cccc([N+](=O)[O-])c1,0.0,0.74330777,
tdc_bioavailability_ma,"Chemprop v2 (AttentiveFP, ensemble=3)",Chemprop v2,test,19,COC(=O)C1=C(C)NC(C)=C(C(=O)OC)C1c1ccccc1[N+](=O)[O-],1.0,0.76410127,
tdc_bioavailability_ma,"Chemprop v2 (AttentiveFP, ensemble=3)",Chemprop v2,test,20,CCOC(=O)C1=C(C)NC(C)=C(C(=O)OC)C1c1cccc([N+](=O)[O-])c1,0.0,0.74199724,
tdc_bioavailability_ma,"Chemprop v2 (AttentiveFP, ensemble=3)",Chemprop v2,test,21,CCOC(=O)C1=C(C)NC(C)=C(C(=O)OC)C1c1cccc(Cl)c1Cl,0.0,0.7808592,
tdc_bioavailability_ma,"Chemprop v2 (AttentiveFP, ensemble=3)",Chemprop v2,test,22,CCOC(=O)C1=C(C)NC(C)=C(C(=O)OCC)C1c1ccccc1/C=C/C(=O)OC(C)(C)C,0.0,0.7512551,
tdc_bioavailability_ma,"Chemprop v2 (AttentiveFP, ensemble=3)",Chemprop v2,test,23,COCCOC(=O)C1=C(C)NC(C)=C(C(=O)OC(C)C)C1c1cccc([N+](=O)[O-])c1,0.0,0.72456163,
tdc_bioavailability_ma,"Chemprop v2 (AttentiveFP, ensemble=3)",Chemprop v2,test,24,COC(=O)C1=C(C)NC(C)=C(C(=O)OCC(C)C)C1c1ccccc1[N+](=O)[O-],0.0,0.7525952,
tdc_bioavailability_ma,"Chemprop v2 (AttentiveFP, ensemble=3)",Chemprop v2,test,25,CC(C)(C)NCC(O)COc1ccc(NC(=O)NC2CCCCC2)cc1,1.0,0.7225008,
tdc_bioavailability_ma,"Chemprop v2 (AttentiveFP, ensemble=3)",Chemprop v2,test,26,Cc1cnc(NC(=O)C2=C(O)c3ccccc3S(=O)(=O)N2C)s1,1.0,0.81805485,
tdc_bioavailability_ma,"Chemprop v2 (AttentiveFP, ensemble=3)",Chemprop v2,test,27,CN1C(=O)C(O)N=C(c2ccccc2Cl)c2cc(Cl)ccc21,1.0,0.8410141,
tdc_bioavailability_ma,"Chemprop v2 (AttentiveFP, ensemble=3)",Chemprop v2,test,28,O=C1Nc2ccc(Cl)cc2C(c2ccccc2)=NC1O,1.0,0.8312592,
tdc_bioavailability_ma,"Chemprop v2 (AttentiveFP, ensemble=3)",Chemprop v2,test,29,CN1C(=O)C(O)N=C(c2ccccc2)c2cc(Cl)ccc21,1.0,0.8336455,
tdc_bioavailability_ma,"Chemprop v2 (AttentiveFP, ensemble=3)",Chemprop v2,test,30,O=C1CN=C(c2ccccc2)c2cc([N+](=O)[O-])ccc2N1,1.0,0.8219045,
tdc_bioavailability_ma,"Chemprop v2 (AttentiveFP, ensemble=3)",Chemprop v2,test,31,CN1C(=O)CN=C(c2ccccc2)c2cc(Cl)ccc21,1.0,0.85001963,
tdc_bioavailability_ma,"Chemprop v2 (AttentiveFP, ensemble=3)",Chemprop v2,test,32,CN1C(=O)CN=C(c2ccccc2F)c2cc([N+](=O)[O-])ccc21,1.0,0.8301043,
tdc_bioavailability_ma,"Chemprop v2 (AttentiveFP, ensemble=3)",Chemprop v2,test,33,O=C1CN=C(c2ccccc2Cl)c2cc([N+](=O)[O-])ccc2N1,1.0,0.8256987,
tdc_bioavailability_ma,"Chemprop v2 (AttentiveFP, ensemble=3)",Chemprop v2,test,34,O=C1Nc2ccc(Cl)cc2C(c2ccccc2Cl)=NC1O,1.0,0.83749205,
tdc_bioavailability_ma,"Chemprop v2 (AttentiveFP, ensemble=3)",Chemprop v2,test,35,CCN(CC)CCN1C(=O)CN=C(c2ccccc2F)c2cc(Cl)ccc21,1.0,0.830157,
tdc_bioavailability_ma,"Chemprop v2 (AttentiveFP, ensemble=3)",Chemprop v2,test,36,CN1C[C@H](CNC(=O)OCc2ccccc2)C[C@@H]2c3cccc4c3c(cn4C)C[C@H]21,1.0,0.83623004,
tdc_bioavailability_ma,"Chemprop v2 (AttentiveFP, ensemble=3)",Chemprop v2,test,37,O=C(O)COCCN1CCN(C(c2ccccc2)c2ccc(Cl)cc2)CC1,1.0,0.7766778,
tdc_bioavailability_ma,"Chemprop v2 (AttentiveFP, ensemble=3)",Chemprop v2,test,38,NS(=O)(=O)c1cc2c(cc1Cl)N=C(CSCc1ccccc1)NS2(=O)=O,0.0,0.85219574,
tdc_bioavailability_ma,"Chemprop v2 (AttentiveFP, ensemble=3)",Chemprop v2,test,39,O=C1CC2(CCCC2)CC(=O)N1CCCCN1CCN(c2ncccn2)CC1,0.0,0.7434547,
tdc_bioavailability_ma,"Chemprop v2 (AttentiveFP, ensemble=3)",Chemprop v2,test,40,N[C@@H](C(=O)N[C@@H]1C(=O)N2C(C(=O)O)=C(Cl)CC[C@H]12)c1ccccc1,1.0,0.7529529,
tdc_bioavailability_ma,"Chemprop v2 (AttentiveFP, ensemble=3)",Chemprop v2,test,41,CC[C@]12CCCN3CCc4c(n(c5ccccc45)[C@@](O)(C(=O)OC)C1)[C@@H]32,0.0,0.79612607,
tdc_bioavailability_ma,"Chemprop v2 (AttentiveFP, ensemble=3)",Chemprop v2,test,42,Nc1nc(NC2CC2)c2ncn([C@H]3C=C[C@@H](CO)C3)c2n1,1.0,0.80582815,
tdc_bioavailability_ma,"Chemprop v2 (AttentiveFP, ensemble=3)",Chemprop v2,test,43,Cc1ncc2n1-c1ccc(Cl)cc1C(c1ccccc1F)=NC2,1.0,0.88135976,
tdc_bioavailability_ma,"Chemprop v2 (AttentiveFP, ensemble=3)",Chemprop v2,test,44,CCn1cc(C(=O)O)c(=O)c2cc(F)c(N3CCNCC3)nc21,1.0,0.82950926,
tdc_bioavailability_ma,"Chemprop v2 (AttentiveFP, ensemble=3)",Chemprop v2,test,45,CC1=C(CC(=O)O)c2cc(F)ccc2/C1=C\c1ccc(S(C)=O)cc1,1.0,0.82909924,
tdc_bioavailability_ma,"Chemprop v2 (AttentiveFP, ensemble=3)",Chemprop v2,test,46,CCOc1ccc2ccccc2c1C(=O)N[C@@H]1C(=O)N2[C@@H]1SC(C)(C)[C@@H]2C(=O)O,1.0,0.7885005,
tdc_bioavailability_ma,"Chemprop v2 (AttentiveFP, ensemble=3)",Chemprop v2,test,47,C=C[C@H]1CN2CC[C@H]1C[C@H]2[C@H](O)c1ccnc2ccc(OC)cc12,1.0,0.7871949,
tdc_bioavailability_ma,"Chemprop v2 (AttentiveFP, ensemble=3)",Chemprop v2,test,48,C=C[C@H]1CN2CC[C@H]1C[C@@H]2[C@@H](O)c1ccnc2ccc(OC)cc12,1.0,0.78713864,
tdc_bioavailability_ma,"Chemprop v2 (AttentiveFP, ensemble=3)",Chemprop v2,test,49,CC(C)[N+]1(C)[C@@H]2CC[C@H]1C[C@@H](OC(=O)C(CO)c1ccccc1)C2,0.0,0.6823139,
tdc_bioavailability_ma,"Chemprop v2 (AttentiveFP, ensemble=3)",Chemprop v2,test,50,CCCCc1oc2ccccc2c1C(=O)c1cc(I)c(OCCN(CC)CC)c(I)c1,1.0,0.83266574,
tdc_bioavailability_ma,"Chemprop v2 (AttentiveFP, ensemble=3)",Chemprop v2,test,51,N#Cc1ccccc1OCC(O)CNCCNC(=O)Cc1ccc(O)cc1,0.0,0.7410185,
tdc_bioavailability_ma,"Chemprop v2 (AttentiveFP, ensemble=3)",Chemprop v2,test,52,C[C@@H]1C[C@H]2[C@@H]3C[C@H](F)C4=CC(=O)C=C[C@]4(C)[C@H]3[C@@H](O)C[C@]2(C)[C@H]1C(=O)CO,1.0,0.6897909,
tdc_bioavailability_ma,"Chemprop v2 (AttentiveFP, ensemble=3)",Chemprop v2,test,53,C[C@@H]1C[C@H]2[C@@H]3CCC4=CC(=O)C=C[C@]4(C)[C@@]3(F)[C@@H](O)C[C@]2(C)[C@@]1(O)C(=O)CO,1.0,0.6958451,
tdc_bioavailability_ma,"Chemprop v2 (AttentiveFP, ensemble=3)",Chemprop v2,test,54,C[C@]12C=CC(=O)C=C1CC[C@@H]1[C@@H]2[C@@H](O)C[C@@]2(C)[C@H]1CC[C@]2(O)C(=O)CO,1.0,0.68659204,
tdc_bioavailability_ma,"Chemprop v2 (AttentiveFP, ensemble=3)",Chemprop v2,test,55,C[C@H]1C[C@@H]2[C@H]([C@@H](O)C[C@@]3(C)[C@H]2CC[C@]3(O)C(=O)CO)[C@@]2(C)C=CC(=O)C=C12,1.0,0.6845096,
tdc_bioavailability_ma,"Chemprop v2 (AttentiveFP, ensemble=3)",Chemprop v2,test,56,C[C@H]1C[C@H]2[C@@H]3CCC4=CC(=O)C=C[C@]4(C)[C@@]3(F)[C@@H](O)C[C@]2(C)[C@@]1(O)C(=O)CO,1.0,0.69626397,
tdc_bioavailability_ma,"Chemprop v2 (AttentiveFP, ensemble=3)",Chemprop v2,test,57,Cc1nccn1CC1CCc2c(c3ccccc3n2C)C1=O,1.0,0.8484147,
tdc_bioavailability_ma,"Chemprop v2 (AttentiveFP, ensemble=3)",Chemprop v2,test,58,C[C@@H](c1ncncc1F)[C@](O)(Cn1cncn1)c1ccc(F)cc1F,1.0,0.8390661,
tdc_bioavailability_ma,"Chemprop v2 (AttentiveFP, ensemble=3)",Chemprop v2,test,59,CCC(=O)N(c1ccccc1)C1(COC)CCN(CCn2nnn(CC)c2=O)CC1,0.0,0.7718761,
tdc_bioavailability_ma,"Chemprop v2 (AttentiveFP, ensemble=3)",Chemprop v2,test,60,CCN1CCCC1CNC(=O)c1cc(S(N)(=O)=O)ccc1OC,1.0,0.75013256,
tdc_bioavailability_ma,"Chemprop v2 (AttentiveFP, ensemble=3)",Chemprop v2,test,61,CCN1CCCC1CNC(=O)c1cc(S(=O)(=O)CC)c(N)cc1OC,1.0,0.72898835,
tdc_bioavailability_ma,"Chemprop v2 (AttentiveFP, ensemble=3)",Chemprop v2,test,62,CCN(CC)CCCN(c1ccccc1)C1Cc2ccccc2C1,1.0,0.8257642,
tdc_bioavailability_ma,"Chemprop v2 (AttentiveFP, ensemble=3)",Chemprop v2,test,63,OCCN1CCN(CC/C=C2/c3ccccc3Sc3ccc(C(F)(F)F)cc32)CC1,1.0,0.8253402,
tdc_bioavailability_ma,"Chemprop v2 (AttentiveFP, ensemble=3)",Chemprop v2,test,64,CCOc1nc2cccc(C(=O)O)c2n1Cc1ccc(-c2ccccc2-c2nnn[nH]2)cc1,1.0,0.89126676,
tdc_bioavailability_ma,"Chemprop v2 (AttentiveFP, ensemble=3)",Chemprop v2,test,65,COc1cc2c(cc1OC)C1CC(=O)C(CC(C)C)CN1CC2,0.0,0.76259875,
tdc_bioavailability_ma,"Chemprop v2 (AttentiveFP, ensemble=3)",Chemprop v2,test,66,CN(C)CCc1c[nH]c2ccc(Cn3cncn3)cc12,1.0,0.8517506,
tdc_bioavailability_ma,"Chemprop v2 (AttentiveFP, ensemble=3)",Chemprop v2,test,67,CCOC(=O)[C@H](CCc1ccccc1)N[C@@H](C)C(=O)N(CC(=O)O)C1Cc2ccccc2C1,1.0,0.74570847,
tdc_bioavailability_ma,"Chemprop v2 (AttentiveFP, ensemble=3)",Chemprop v2,test,68,N[C@@H]1CONC1=O,1.0,0.7789938,
tdc_bioavailability_ma,"Chemprop v2 (AttentiveFP, ensemble=3)",Chemprop v2,test,69,C=C1CC[C@@]2(O)[C@H]3Cc4ccc(O)c5c4[C@@]2(CCN3CC2CC2)[C@H]1O5,1.0,0.74237895,
tdc_bioavailability_ma,"Chemprop v2 (AttentiveFP, ensemble=3)",Chemprop v2,test,70,CN1c2ccccc2C(NCCCCCCC(=O)O)c2ccc(Cl)cc2S1(=O)=O,1.0,0.8052466,
tdc_bioavailability_ma,"Chemprop v2 (AttentiveFP, ensemble=3)",Chemprop v2,test,71,CCOC(=O)c1ncn2c1CN(C)C(=O)c1cc(F)ccc1-2,1.0,0.81969386,
tdc_bioavailability_ma,"Chemprop v2 (AttentiveFP, ensemble=3)",Chemprop v2,test,72,CCCCc1ncc(/C=C(\Cc2cccs2)C(=O)O)n1Cc1ccc(C(=O)O)cc1,0.0,0.82014203,
tdc_bioavailability_ma,"Chemprop v2 (AttentiveFP, ensemble=3)",Chemprop v2,test,73,O=C(O)c1cc(/N=N/c2ccc(O)c(C(=O)O)c2)ccc1O,0.0,0.75857425,
tdc_bioavailability_ma,"Chemprop v2 (AttentiveFP, ensemble=3)",Chemprop v2,test,74,CSc1ccc2c(c1)N(CCC1CCCCN1C)c1ccccc1S2,1.0,0.83314395,
tdc_bioavailability_ma,"Chemprop v2 (AttentiveFP, ensemble=3)",Chemprop v2,test,75,CNS(=O)(=O)CCc1ccc2[nH]cc(C3CCN(C)CC3)c2c1,1.0,0.7886477,
tdc_bioavailability_ma,"Chemprop v2 (AttentiveFP, ensemble=3)",Chemprop v2,test,76,COc1cc2c(cc1OC)C(=O)C(CC1CCN(Cc3ccccc3)CC1)C2,1.0,0.7856229,
tdc_bioavailability_ma,"Chemprop v2 (AttentiveFP, ensemble=3)",Chemprop v2,test,77,CN1CCN(CC(=O)N2c3ccccc3C(=O)Nc3cccnc32)CC1,0.0,0.8289301,
tdc_bioavailability_ma,"Chemprop v2 (AttentiveFP, ensemble=3)",Chemprop v2,test,78,CN1CCCC(n2nc(Cc3ccc(Cl)cc3)c3ccccc3c2=O)CC1,1.0,0.8416565,
tdc_bioavailability_ma,"Chemprop v2 (AttentiveFP, ensemble=3)",Chemprop v2,test,79,CC(=O)OCC1=C(C(=O)O)N2C(=O)[C@@H](NC(=O)CC#N)[C@H]2SC1,0.0,0.71854323,
tdc_bioavailability_ma,"Chemprop v2 (AttentiveFP, ensemble=3)",Chemprop v2,test,80,CC(C)NCC(O)COc1cccc2ccccc12,1.0,0.79275274,
tdc_bioavailability_ma,"Chemprop v2 (AttentiveFP, ensemble=3)",Chemprop v2,test,81,COc1ccc2cc([C@H](C)C(=O)O)ccc2c1,1.0,0.81489545,
tdc_bioavailability_ma,"Chemprop v2 (AttentiveFP, ensemble=3)",Chemprop v2,test,82,COc1ccc2cc(CCC(C)=O)ccc2c1,1.0,0.81991464,
tdc_bioavailability_ma,"Chemprop v2 (AttentiveFP, ensemble=3)",Chemprop v2,test,83,CCN(CC)C(=O)C1(c2ccccc2)CC1CN,1.0,0.7601394,
tdc_bioavailability_ma,"Chemprop v2 (AttentiveFP, ensemble=3)",Chemprop v2,test,84,CC(C)(Oc1ccc(C2CC2(Cl)Cl)cc1)C(=O)O,1.0,0.78822047,
tdc_bioavailability_ma,"Chemprop v2 (AttentiveFP, ensemble=3)",Chemprop v2,test,85,CO[C@H]1O[C@@H]2O[C@@]3(C)CC[C@H]4[C@H](C)CC[C@@H]([C@H]1C)[C@@]24OO3,1.0,0.69548434,
tdc_bioavailability_ma,"Chemprop v2 (AttentiveFP, ensemble=3)",Chemprop v2,test,86,CN1CCN2c3ccccc3Cc3ccccc3C2C1,1.0,0.843468,
tdc_bioavailability_ma,"Chemprop v2 (AttentiveFP, ensemble=3)",Chemprop v2,test,87,Cc1c(O)cccc1C(=O)N[C@@H](CSc1ccccc1)[C@H](O)CN1C[C@H]2CCCC[C@H]2C[C@H]1C(=O)NC(C)(C)C,1.0,0.7463291,
tdc_bioavailability_ma,"Chemprop v2 (AttentiveFP, ensemble=3)",Chemprop v2,test,88,Cc1nnc2n1-c1sc(Br)cc1C(c1ccccc1Cl)=NC2,1.0,0.88156885,
tdc_bioavailability_ma,"Chemprop v2 (AttentiveFP, ensemble=3)",Chemprop v2,test,89,CCOc1ccccc1O[C@H](c1ccccc1)[C@H]1CNCCO1,1.0,0.8127591,
tdc_bioavailability_ma,"Chemprop v2 (AttentiveFP, ensemble=3)",Chemprop v2,test,90,CCn1cc(C(=O)O)c(=O)c2cc(F)c(N3CCN(C)CC3)cc21,1.0,0.8232362,
tdc_bioavailability_ma,"Chemprop v2 (AttentiveFP, ensemble=3)",Chemprop v2,test,91,CCn1cc(C(=O)O)c(=O)c2cc(F)c(N3CCNC(C)C3)c(F)c21,1.0,0.8291898,
tdc_bioavailability_ma,"Chemprop v2 (AttentiveFP, ensemble=3)",Chemprop v2,test,92,CCn1cc(C(=O)O)c(=O)c2cc(F)c(N3CCNCC3)cc21,1.0,0.82334805,
tdc_bioavailability_ma,"Chemprop v2 (AttentiveFP, ensemble=3)",Chemprop v2,test,93,Cc1ccc(C(=O)c2ccc(CC(=O)O)n2C)cc1,1.0,0.8152287,
tdc_bioavailability_ma,"Chemprop v2 (AttentiveFP, ensemble=3)",Chemprop v2,test,94,CC(C)N1CCC(N(C(=O)Cc2ccccc2)c2ccc(Cl)cc2)CC1,0.0,0.7966735,
tdc_bioavailability_ma,"Chemprop v2 (AttentiveFP, ensemble=3)",Chemprop v2,test,95,COc1ccc(Cl)cc1C(=O)NCCc1ccc(S(=O)(=O)NC(=O)NC2CCCCC2)cc1,1.0,0.8035918,
tdc_bioavailability_ma,"Chemprop v2 (AttentiveFP, ensemble=3)",Chemprop v2,test,96,COc1cccc2c1C(=O)c1c(O)c3c(c(O)c1C2=O)C[C@@](O)(C(=O)CO)C[C@@H]3O[C@H]1C[C@H](N)[C@H](O)[C@H](C)O1,0.0,0.7352269,
tdc_bioavailability_ma,"Chemprop v2 (AttentiveFP, ensemble=3)",Chemprop v2,test,97,CC(=O)[C@]1(O)Cc2c(O)c3c(c(O)c2[C@@H](O[C@H]2C[C@H](N)[C@H](O)[C@H](C)O2)C1)C(=O)c1ccccc1C3=O,1.0,0.7408004,
tdc_bioavailability_ma,"Chemprop v2 (AttentiveFP, ensemble=3)",Chemprop v2,test,98,COc1cccc2c1C(=O)c1c(O)c3c(c(O)c1C2=O)C[C@@](O)(C(=O)CO)C[C@@H]3O[C@H]1C[C@H](N)[C@@H](O)[C@H](C)O1,0.0,0.7354683,
tdc_bioavailability_ma,"Chemprop v2 (AttentiveFP, ensemble=3)",Chemprop v2,test,99,COc1cccc(C(=O)CCN[C@@H](C)[C@H](O)c2ccccc2)c1,1.0,0.78571147,
tdc_bioavailability_ma,"Chemprop v2 (AttentiveFP, ensemble=3)",Chemprop v2,test,100,Cc1nc2n(c(=O)c1CCN1CCC(c3noc4cc(F)ccc34)CC1)CCCC2,1.0,0.8348155,
tdc_bioavailability_ma,"Chemprop v2 (AttentiveFP, ensemble=3)",Chemprop v2,test,101,CN1CC[C@]23c4c5ccc(O)c4O[C@H]2[C@@H](O)C=C[C@H]3[C@H]1C5,1.0,0.7475607,
tdc_bioavailability_ma,"Chemprop v2 (AttentiveFP, ensemble=3)",Chemprop v2,test,102,COc1ccc2c3c1O[C@H]1[C@@H](O)C=C[C@H]4[C@@H](C2)N(C)CC[C@@]341,1.0,0.7728133,
tdc_bioavailability_ma,"Chemprop v2 (AttentiveFP, ensemble=3)",Chemprop v2,test,103,C=CC[C@@H]1/C=C(\C)C[C@H](C)C[C@H](OC)[C@H]2O[C@@](O)(C(=O)C(=O)N3CCCC[C@H]3C(=O)O[C@H](/C(C)=C/[C@@H]3CC[C@@H](O)[C@H](OC)C3)[C@H](C)[C@@H](O)CC1=O)[C@H](C)C[C@@H]2OC,1.0,0.7072424,
tdc_bioavailability_ma,"Chemprop v2 (AttentiveFP, ensemble=3)",Chemprop v2,test,104,C#C[C@]1(O)CC[C@H]2[C@@H]3CCc4cc(O)ccc4[C@H]3[C@@H](OC)C[C@@]21C,1.0,0.751976,
tdc_bioavailability_ma,"Chemprop v2 (AttentiveFP, ensemble=3)",Chemprop v2,test,105,C[C@]12CC[C@@H]3c4ccc(O)cc4CC[C@H]3[C@@H]1CC[C@@H]2O,0.0,0.7381626,
tdc_bioavailability_ma,"Chemprop v2 (AttentiveFP, ensemble=3)",Chemprop v2,test,106,CC(=O)O[C@H]1C[C@@H]2CC[C@@H]3[C@H](CC[C@@]4(C)[C@H]3C[C@H]([N+]3(C)CCCCC3)[C@@H]4OC(C)=O)[C@@]2(C)C[C@@H]1[N+]1(C)CCCCC1,0.0,0.6175046,
tdc_bioavailability_ma,"Chemprop v2 (AttentiveFP, ensemble=3)",Chemprop v2,test,107,CO/N=C(\C(=O)N[C@@H]1C(=O)N2C(C(=O)O)=C(CSc3nc(C)c(CC(=O)O)s3)CS[C@H]12)c1csc(N)n1,0.0,0.78308743,
tdc_bioavailability_ma,"Chemprop v2 (AttentiveFP, ensemble=3)",Chemprop v2,test,108,CNCCCC12CCC(c3ccccc31)c1ccccc12,1.0,0.83566326,
tdc_bioavailability_ma,"Chemprop v2 (AttentiveFP, ensemble=3)",Chemprop v2,test,109,C=CCN1CCCC1CNC(=O)c1cc2n[nH]nc2cc1OC,1.0,0.79150957,
tdc_bioavailability_ma,"Chemprop v2 (AttentiveFP, ensemble=3)",Chemprop v2,test,110,C#C[C@]1(O)CC[C@H]2[C@@H]3CCC4=CC(=O)CC[C@@H]4[C@H]3CC[C@@]21CC,1.0,0.7460702,
tdc_bioavailability_ma,"Chemprop v2 (AttentiveFP, ensemble=3)",Chemprop v2,test,111,C[C@]12CC[C@H]3[C@@H](CCC4=CC(=O)CC[C@@]43C)[C@@H]1CC[C@@H]2O,0.0,0.7145843,
tdc_bioavailability_ma,"Chemprop v2 (AttentiveFP, ensemble=3)",Chemprop v2,test,112,C#CC1(O)CCC2C3CCC4=CC(=O)CCC4C3CCC21CC,1.0,0.7394855,
tdc_bioavailability_ma,"Chemprop v2 (AttentiveFP, ensemble=3)",Chemprop v2,test,113,CC(=O)[C@H]1CC[C@H]2[C@@H]3CCC4=CC(=O)CC[C@]4(C)[C@H]3CC[C@]12C,1.0,0.7325363,
tdc_bioavailability_ma,"Chemprop v2 (AttentiveFP, ensemble=3)",Chemprop v2,test,114,N/N=c1/cc2c(n[nH]1)CCN(C(=O)c1ccccc1)C2,1.0,0.824392,
tdc_bioavailability_ma,"Chemprop v2 (AttentiveFP, ensemble=3)",Chemprop v2,test,115,COc1ccc2c(c1)c(CC(=O)O)c(C)n2C(=O)c1ccc(Cl)cc1,1.0,0.8345213,
tdc_bioavailability_ma,"Chemprop v2 (AttentiveFP, ensemble=3)",Chemprop v2,test,116,CC(C(=O)O)c1ccc(C(=O)c2cccs2)cc1,1.0,0.7980168,
tdc_bioavailability_ma,"Chemprop v2 (AttentiveFP, ensemble=3)",Chemprop v2,test,117,CCOC(=O)CN[C@@H](C(=O)N1CC[C@H]1C(=O)NCc1ccc(/C(N)=N/O)cc1)C1CCCCC1,1.0,0.71179247,
tdc_bioavailability_ma,"Chemprop v2 (AttentiveFP, ensemble=3)",Chemprop v2,test,118,N=C(N)c1ccc(CNC(=O)[C@@H]2CCN2C(=O)[C@H](NCC(=O)O)C2CCCCC2)cc1,0.0,0.697551,
tdc_bioavailability_ma,"Chemprop v2 (AttentiveFP, ensemble=3)",Chemprop v2,test,119,Cc1ccc(S(=O)(=O)NC(=O)NN2CC3CCCC3C2)cc1,1.0,0.7648805,
tdc_bioavailability_ma,"Chemprop v2 (AttentiveFP, ensemble=3)",Chemprop v2,test,120,CCOC(=O)[C@H](CCc1ccccc1)N[C@@H](C)C(=O)N1[C@H](C(=O)O)C[C@H]2CCCC[C@@H]21,0.0,0.6963555,
tdc_bioavailability_ma,"Chemprop v2 (AttentiveFP, ensemble=3)",Chemprop v2,test,121,O=C1CC[C@@]2(O)[C@H]3Cc4ccc(O)c5c4[C@@]2(CCN3CC2CC2)[C@H]1O5,1.0,0.734438,
tdc_bioavailability_ma,"Chemprop v2 (AttentiveFP, ensemble=3)",Chemprop v2,test,122,COc1ccccc1OCCNCC(O)COc1cccc2[nH]c3ccccc3c12,1.0,0.8339233,
tdc_bioavailability_ma,"Chemprop v2 (AttentiveFP, ensemble=3)",Chemprop v2,test,123,CN(C)CCC=C1c2ccccc2COc2ccccc21,1.0,0.8449761,
tdc_bioavailability_ma,"Chemprop v2 (AttentiveFP, ensemble=3)",Chemprop v2,test,124,Nc1nnc(-c2cccc(Cl)c2Cl)c(N)n1,1.0,0.8525924,
tdc_bioavailability_ma,"Chemprop v2 (AttentiveFP, ensemble=3)",Chemprop v2,test,125,CO/N=C(\C(=O)N[C@@H]1C(=O)N2C(C(=O)O)=C(CSc3nc(=O)c(=O)[nH]n3C)CS[C@H]12)c1csc(N)n1,0.0,0.7977614,
tdc_bioavailability_ma,"Chemprop v2 (AttentiveFP, ensemble=3)",Chemprop v2,test,126,Cc1ccc2c(-c3ccccc3)nc(=O)n(C(C)C)c2c1,0.0,0.8619709,
tdc_bioavailability_ma,"Chemprop v2 (AttentiveFP, ensemble=3)",Chemprop v2,test,127,O=C1NCC2(CCN(CCc3ccccc3)CC2)O1,1.0,0.7729726,
tdc_bioavailability_ma,"Chemprop v2 (D-MPNN + Selected descriptors, ensemble=3)",Chemprop v2,train,0,CC[N+](C)(C)c1cccc(O)c1,0.0,0.22439708,
tdc_bioavailability_ma,"Chemprop v2 (D-MPNN + Selected descriptors, ensemble=3)",Chemprop v2,train,1,C[C@H](N)[C@H](O)c1ccccc1,1.0,0.8237908,
tdc_bioavailability_ma,"Chemprop v2 (D-MPNN + Selected descriptors, ensemble=3)",Chemprop v2,train,2,Cc1cccc(C)c1NC(=O)C(C)N,1.0,0.85916954,
tdc_bioavailability_ma,"Chemprop v2 (D-MPNN + Selected descriptors, ensemble=3)",Chemprop v2,train,3,CC(C)(C)NCC(O)c1ccccc1Cl,1.0,0.85985106,
tdc_bioavailability_ma,"Chemprop v2 (D-MPNN + Selected descriptors, ensemble=3)",Chemprop v2,train,4,CCN(CC)CCNC(=O)c1cc(Cl)c(N)cc1OC,1.0,0.9039016,
tdc_bioavailability_ma,"Chemprop v2 (D-MPNN + Selected descriptors, ensemble=3)",Chemprop v2,train,5,CC[N+](C)(C)Cc1ccccc1Br,1.0,0.25944993,
tdc_bioavailability_ma,"Chemprop v2 (D-MPNN + Selected descriptors, ensemble=3)",Chemprop v2,train,6,CCOc1ccc(NC(C)=O)cc1,1.0,0.8477146,
tdc_bioavailability_ma,"Chemprop v2 (D-MPNN + Selected descriptors, ensemble=3)",Chemprop v2,train,7,C[C@](N)(Cc1ccc(O)c(O)c1)C(=O)O,1.0,0.7668541,
tdc_bioavailability_ma,"Chemprop v2 (D-MPNN + Selected descriptors, ensemble=3)",Chemprop v2,train,8,O=C(O)CCCc1ccc(N(CCCl)CCCl)cc1,1.0,0.8759025,
tdc_bioavailability_ma,"Chemprop v2 (D-MPNN + Selected descriptors, ensemble=3)",Chemprop v2,train,9,CCNC(C)Cc1cccc(C(F)(F)F)c1,1.0,0.879895,
tdc_bioavailability_ma,"Chemprop v2 (D-MPNN + Selected descriptors, ensemble=3)",Chemprop v2,train,10,CCN(CC)CCNC(=O)c1ccc(N)cc1,1.0,0.8721197,
tdc_bioavailability_ma,"Chemprop v2 (D-MPNN + Selected descriptors, ensemble=3)",Chemprop v2,train,11,CN(C)C(=O)Oc1cccc([N+](C)(C)C)c1,0.0,0.29818484,
tdc_bioavailability_ma,"Chemprop v2 (D-MPNN + Selected descriptors, ensemble=3)",Chemprop v2,train,12,Cc1ccc(C)c(OCCCC(C)(C)C(=O)O)c1,1.0,0.8847863,
tdc_bioavailability_ma,"Chemprop v2 (D-MPNN + Selected descriptors, ensemble=3)",Chemprop v2,train,13,CC(=O)Nc1ccc(O)cc1,1.0,0.7808862,
tdc_bioavailability_ma,"Chemprop v2 (D-MPNN + Selected descriptors, ensemble=3)",Chemprop v2,train,14,CC(C)NCC(O)COc1ccc(CC(N)=O)cc1,1.0,0.7790847,
tdc_bioavailability_ma,"Chemprop v2 (D-MPNN + Selected descriptors, ensemble=3)",Chemprop v2,train,15,CC(C)Cc1ccc(C(C)C(=O)O)cc1,1.0,0.803998,
tdc_bioavailability_ma,"Chemprop v2 (D-MPNN + Selected descriptors, ensemble=3)",Chemprop v2,train,16,COCCCC/C(=N\OCCN)c1ccc(C(F)(F)F)cc1,1.0,0.8602994,
tdc_bioavailability_ma,"Chemprop v2 (D-MPNN + Selected descriptors, ensemble=3)",Chemprop v2,train,17,NC[C@H](O)c1ccc(O)c(O)c1,0.0,0.7388358,
tdc_bioavailability_ma,"Chemprop v2 (D-MPNN + Selected descriptors, ensemble=3)",Chemprop v2,train,18,NCC(O)c1cccc(O)c1,0.0,0.7804174,
tdc_bioavailability_ma,"Chemprop v2 (D-MPNN + Selected descriptors, ensemble=3)",Chemprop v2,train,19,CN[C@@H](C)[C@@H](O)c1ccccc1,1.0,0.8437545,
tdc_bioavailability_ma,"Chemprop v2 (D-MPNN + Selected descriptors, ensemble=3)",Chemprop v2,train,20,CCOC(=O)C(C)(C)Oc1ccc(Cl)cc1,0.0,0.79884243,
tdc_bioavailability_ma,"Chemprop v2 (D-MPNN + Selected descriptors, ensemble=3)",Chemprop v2,train,21,Cc1cccc(C)c1OCC(C)N,1.0,0.86763436,
tdc_bioavailability_ma,"Chemprop v2 (D-MPNN + Selected descriptors, ensemble=3)",Chemprop v2,train,22,COc1cc(C)c(/C=C/C(C)=C/C=C/C(C)=C/C(=O)O)c(C)c1C,1.0,0.7318724,
tdc_bioavailability_ma,"Chemprop v2 (D-MPNN + Selected descriptors, ensemble=3)",Chemprop v2,train,23,CCCN(CCC)S(=O)(=O)c1ccc(C(=O)O)cc1,1.0,0.89146113,
tdc_bioavailability_ma,"Chemprop v2 (D-MPNN + Selected descriptors, ensemble=3)",Chemprop v2,train,24,CC(C)NC[C@H](O)COc1ccc(O)cc1,1.0,0.7673324,
tdc_bioavailability_ma,"Chemprop v2 (D-MPNN + Selected descriptors, ensemble=3)",Chemprop v2,train,25,CCN(CC)CC(=O)Nc1c(C)cccc1C,1.0,0.8886895,
tdc_bioavailability_ma,"Chemprop v2 (D-MPNN + Selected descriptors, ensemble=3)",Chemprop v2,train,26,CCCCNC(=O)NS(=O)(=O)c1ccc(C)cc1,1.0,0.8868973,
tdc_bioavailability_ma,"Chemprop v2 (D-MPNN + Selected descriptors, ensemble=3)",Chemprop v2,train,27,C=CCc1ccccc1OCC(O)CNC(C)C,0.0,0.80649656,
tdc_bioavailability_ma,"Chemprop v2 (D-MPNN + Selected descriptors, ensemble=3)",Chemprop v2,train,28,NC(=O)OCC(COC(N)=O)c1ccccc1,1.0,0.87602025,
tdc_bioavailability_ma,"Chemprop v2 (D-MPNN + Selected descriptors, ensemble=3)",Chemprop v2,train,29,CCCCCCCN(CC)CCCC(O)c1ccc(NS(C)(=O)=O)cc1,0.0,0.7295467,
tdc_bioavailability_ma,"Chemprop v2 (D-MPNN + Selected descriptors, ensemble=3)",Chemprop v2,train,30,N[C@@H](Cc1ccc(O)c(O)c1)C(=O)O,1.0,0.7425167,
tdc_bioavailability_ma,"Chemprop v2 (D-MPNN + Selected descriptors, ensemble=3)",Chemprop v2,train,31,CNC[C@H](O)c1cccc(O)c1,1.0,0.7975089,
tdc_bioavailability_ma,"Chemprop v2 (D-MPNN + Selected descriptors, ensemble=3)",Chemprop v2,train,32,C#CCN(C)[C@H](C)Cc1ccccc1,0.0,0.7257128,
tdc_bioavailability_ma,"Chemprop v2 (D-MPNN + Selected descriptors, ensemble=3)",Chemprop v2,train,33,CCCC(=O)Nc1ccc(OCC(O)CNC(C)C)c(C(C)=O)c1,1.0,0.76170397,
tdc_bioavailability_ma,"Chemprop v2 (D-MPNN + Selected descriptors, ensemble=3)",Chemprop v2,train,34,CC(C)NCC(O)COc1ccc(COCCOC(C)C)cc1,1.0,0.8182678,
tdc_bioavailability_ma,"Chemprop v2 (D-MPNN + Selected descriptors, ensemble=3)",Chemprop v2,train,35,CCN(C)C(=O)Oc1cccc([C@H](C)N(C)C)c1,1.0,0.8976045,
tdc_bioavailability_ma,"Chemprop v2 (D-MPNN + Selected descriptors, ensemble=3)",Chemprop v2,train,36,CCN(CC)C(=O)/C(C#N)=C/c1cc(O)c(O)c([N+](=O)[O-])c1,1.0,0.73727465,
tdc_bioavailability_ma,"Chemprop v2 (D-MPNN + Selected descriptors, ensemble=3)",Chemprop v2,train,37,CC(C)(C)NCC(O)c1cc(O)cc(O)c1,0.0,0.81881243,
tdc_bioavailability_ma,"Chemprop v2 (D-MPNN + Selected descriptors, ensemble=3)",Chemprop v2,train,38,CCN(CC)CCNC(=O)c1cc(Br)c(N)cc1OC,1.0,0.8997204,
tdc_bioavailability_ma,"Chemprop v2 (D-MPNN + Selected descriptors, ensemble=3)",Chemprop v2,train,39,CCN(CC)C(=O)Nc1ccc(OCC(O)CNC(C)(C)C)c(C(C)=O)c1,1.0,0.8187199,
tdc_bioavailability_ma,"Chemprop v2 (D-MPNN + Selected descriptors, ensemble=3)",Chemprop v2,train,40,NCC(CC(=O)O)c1ccc(Cl)cc1,1.0,0.8610153,
tdc_bioavailability_ma,"Chemprop v2 (D-MPNN + Selected descriptors, ensemble=3)",Chemprop v2,train,41,CC(NC(C)(C)C)C(=O)c1cccc(Cl)c1,1.0,0.89439934,
tdc_bioavailability_ma,"Chemprop v2 (D-MPNN + Selected descriptors, ensemble=3)",Chemprop v2,train,42,N=C(N)NC(=O)Cc1c(Cl)cccc1Cl,1.0,0.8378789,
tdc_bioavailability_ma,"Chemprop v2 (D-MPNN + Selected descriptors, ensemble=3)",Chemprop v2,train,43,O=C(N[C@H](CO)[C@H](O)c1ccc([N+](=O)[O-])cc1)C(Cl)Cl,1.0,0.7399192,
tdc_bioavailability_ma,"Chemprop v2 (D-MPNN + Selected descriptors, ensemble=3)",Chemprop v2,train,44,N[C@@H](Cc1ccc(N(CCCl)CCCl)cc1)C(=O)O,1.0,0.8834538,
tdc_bioavailability_ma,"Chemprop v2 (D-MPNN + Selected descriptors, ensemble=3)",Chemprop v2,train,45,C=CCOc1ccccc1OCC(O)CNC(C)C,1.0,0.80999637,
tdc_bioavailability_ma,"Chemprop v2 (D-MPNN + Selected descriptors, ensemble=3)",Chemprop v2,train,46,COCCc1ccc(OCC(O)CNC(C)C)cc1,1.0,0.82098955,
tdc_bioavailability_ma,"Chemprop v2 (D-MPNN + Selected descriptors, ensemble=3)",Chemprop v2,train,47,CC(C)NCC(O)c1ccc(NS(C)(=O)=O)cc1,1.0,0.88043433,
tdc_bioavailability_ma,"Chemprop v2 (D-MPNN + Selected descriptors, ensemble=3)",Chemprop v2,train,48,CC(=O)Nc1ccc(OCC(O)CNC(C)C)cc1,1.0,0.7930624,
tdc_bioavailability_ma,"Chemprop v2 (D-MPNN + Selected descriptors, ensemble=3)",Chemprop v2,train,49,CCOC(=O)Nc1ccc2c(c1)N(C(=O)CCN1CCOCC1)c1ccccc1S2,1.0,0.81630343,
tdc_bioavailability_ma,"Chemprop v2 (D-MPNN + Selected descriptors, ensemble=3)",Chemprop v2,train,50,COC(=O)[C@H]1[C@@H](OC(=O)c2ccccc2)C[C@@H]2CC[C@H]1N2C,1.0,0.79557705,
tdc_bioavailability_ma,"Chemprop v2 (D-MPNN + Selected descriptors, ensemble=3)",Chemprop v2,train,51,NS(=O)(=O)c1cc2c(cc1Cl)NCNS2(=O)=O,1.0,0.89547604,
tdc_bioavailability_ma,"Chemprop v2 (D-MPNN + Selected descriptors, ensemble=3)",Chemprop v2,train,52,NS(=O)(=O)c1cc2c(cc1C(F)(F)F)NCNS2(=O)=O,1.0,0.91631675,
tdc_bioavailability_ma,"Chemprop v2 (D-MPNN + Selected descriptors, ensemble=3)",Chemprop v2,train,53,O=C1CN(/N=C/c2ccc([N+](=O)[O-])o2)C(=O)N1,1.0,0.84239036,
tdc_bioavailability_ma,"Chemprop v2 (D-MPNN + Selected descriptors, ensemble=3)",Chemprop v2,train,54,CCCCNc1cc(C(=O)O)cc(S(N)(=O)=O)c1Oc1ccccc1,1.0,0.87467265,
tdc_bioavailability_ma,"Chemprop v2 (D-MPNN + Selected descriptors, ensemble=3)",Chemprop v2,train,55,CC(C(=O)O)c1cccc(Oc2ccccc2)c1,1.0,0.8781102,
tdc_bioavailability_ma,"Chemprop v2 (D-MPNN + Selected descriptors, ensemble=3)",Chemprop v2,train,56,COc1ccc([C@@H]2CC(=O)c3c(O)cc(O[C@@H]4O[C@H](CO[C@@H]5O[C@@H](C)[C@H](O)[C@@H](O)[C@H]5O)[C@@H](O)[C@H](O)[C@H]4O)cc3O2)cc1O,0.0,0.100699924,
tdc_bioavailability_ma,"Chemprop v2 (D-MPNN + Selected descriptors, ensemble=3)",Chemprop v2,train,57,CCCc1nc2c(C)cc(-c3nc4ccccc4n3C)cc2n1Cc1ccc(-c2ccccc2C(=O)O)cc1,1.0,0.68914396,
tdc_bioavailability_ma,"Chemprop v2 (D-MPNN + Selected descriptors, ensemble=3)",Chemprop v2,train,58,CC(C)N(CCC(C(N)=O)(c1ccccc1)c1ccccn1)C(C)C,1.0,0.8960848,
tdc_bioavailability_ma,"Chemprop v2 (D-MPNN + Selected descriptors, ensemble=3)",Chemprop v2,train,59,CN(C)CCC(c1ccc(Cl)cc1)c1ccccn1,1.0,0.8795456,
tdc_bioavailability_ma,"Chemprop v2 (D-MPNN + Selected descriptors, ensemble=3)",Chemprop v2,train,60,CN(C)CCC(c1ccccc1)c1ccccn1,1.0,0.8612258,
tdc_bioavailability_ma,"Chemprop v2 (D-MPNN + Selected descriptors, ensemble=3)",Chemprop v2,train,61,CCN(CC)c1cc(C)nc2ncnn12,1.0,0.8941603,
tdc_bioavailability_ma,"Chemprop v2 (D-MPNN + Selected descriptors, ensemble=3)",Chemprop v2,train,62,CC[C@H]1OC(=O)[C@H](C)[C@@H](O[C@H]2C[C@@](C)(OC)[C@@H](O)[C@H](C)O2)[C@H](C)[C@@H](O[C@@H]2O[C@H](C)C[C@H](N(C)C)[C@H]2O)[C@](C)(OC)C[C@@H](C)C(=O)[C@H](C)[C@@H](O)[C@]1(C)O,1.0,0.7019476,
tdc_bioavailability_ma,"Chemprop v2 (D-MPNN + Selected descriptors, ensemble=3)",Chemprop v2,train,63,CC[C@H]1OC(=O)[C@H](C)[C@@H](O[C@H]2C[C@@](C)(OC)[C@@H](O)[C@H](C)O2)[C@H](C)[C@@H](O[C@@H]2O[C@H](C)C[C@H](N(C)C)[C@H]2O)[C@](C)(O)C[C@@H](C)C(=O)[C@H](C)[C@@H](O)[C@]1(C)O,1.0,0.5821894,
tdc_bioavailability_ma,"Chemprop v2 (D-MPNN + Selected descriptors, ensemble=3)",Chemprop v2,train,64,COc1ccccc1Oc1c(NS(=O)(=O)c2ccc(C(C)(C)C)cc2)nc(-c2ncccn2)nc1OCCO,1.0,0.7705123,
tdc_bioavailability_ma,"Chemprop v2 (D-MPNN + Selected descriptors, ensemble=3)",Chemprop v2,train,65,Nc1nc(=O)c2ncn(COCCO)c2[nH]1,0.0,0.7907584,
tdc_bioavailability_ma,"Chemprop v2 (D-MPNN + Selected descriptors, ensemble=3)",Chemprop v2,train,66,Nc1nc(=O)c2ncn(CCC(CO)CO)c2[nH]1,1.0,0.5780647,
tdc_bioavailability_ma,"Chemprop v2 (D-MPNN + Selected descriptors, ensemble=3)",Chemprop v2,train,67,CCCc1c2oc(C(=O)O)cc(=O)c2cc2c(=O)cc(C(=O)O)n(CC)c12,0.0,0.84545994,
tdc_bioavailability_ma,"Chemprop v2 (D-MPNN + Selected descriptors, ensemble=3)",Chemprop v2,train,68,CN1[C@@H]2CC[C@H]1C[C@@H](OC(=O)c1c[nH]c3ccccc13)C2,1.0,0.93353254,
tdc_bioavailability_ma,"Chemprop v2 (D-MPNN + Selected descriptors, ensemble=3)",Chemprop v2,train,69,Nc1nc2ccc(OC(F)(F)F)cc2s1,1.0,0.8934664,
tdc_bioavailability_ma,"Chemprop v2 (D-MPNN + Selected descriptors, ensemble=3)",Chemprop v2,train,70,CO/N=C(\C(=O)N[C@@H]1C(=O)N2C(C(=O)O)=C(COC(N)=O)CS[C@H]12)c1ccco1,1.0,0.31500313,
tdc_bioavailability_ma,"Chemprop v2 (D-MPNN + Selected descriptors, ensemble=3)",Chemprop v2,train,71,c1ccc(C2(N3CCCCC3)CCCCC2)cc1,1.0,0.78279305,
tdc_bioavailability_ma,"Chemprop v2 (D-MPNN + Selected descriptors, ensemble=3)",Chemprop v2,train,72,NCC[C@H](O)C(=O)N[C@@H]1C[C@H](N)[C@@H](O[C@H]2O[C@H](CN)[C@@H](O)[C@H](O)[C@H]2O)[C@H](O)[C@H]1O[C@H]1O[C@H](CO)[C@@H](O)[C@H](N)[C@H]1O,0.0,0.018867552,
tdc_bioavailability_ma,"Chemprop v2 (D-MPNN + Selected descriptors, ensemble=3)",Chemprop v2,train,73,NCC[C@H](O)C(=O)N[C@@H]1C[C@H](N)[C@@H](O[C@H]2O[C@H](CN)CC[C@H]2N)[C@H](O)[C@H]1O[C@H]1O[C@H](CO)[C@@H](O)[C@H](N)[C@H]1O,0.0,0.032150283,
tdc_bioavailability_ma,"Chemprop v2 (D-MPNN + Selected descriptors, ensemble=3)",Chemprop v2,train,74,NC[C@H]1O[C@H](O[C@H]2[C@H](O)[C@@H](O[C@H]3O[C@H](CO)[C@@H](O)[C@H](N)[C@H]3O)[C@H](N)C[C@@H]2N)[C@H](N)C[C@@H]1O,0.0,0.026110766,
tdc_bioavailability_ma,"Chemprop v2 (D-MPNN + Selected descriptors, ensemble=3)",Chemprop v2,train,75,NC[C@H]1O[C@H](O[C@H]2[C@H](O)[C@@H](O[C@H]3O[C@H](CO)[C@@H](O)[C@H](N)[C@H]3O)[C@H](N)C[C@@H]2N)[C@H](O)[C@@H](O)[C@@H]1O,0.0,0.026287993,
tdc_bioavailability_ma,"Chemprop v2 (D-MPNN + Selected descriptors, ensemble=3)",Chemprop v2,train,76,CCC[C@H](N[C@@H](C)C(=O)N1[C@H](C(=O)O)C[C@@H]2CCCC[C@@H]21)C(=O)OCC,1.0,0.68173474,
tdc_bioavailability_ma,"Chemprop v2 (D-MPNN + Selected descriptors, ensemble=3)",Chemprop v2,train,77,C#C[C@]1(O)C=C[C@H]2[C@@H]3CCC4=CC(=O)CC[C@@H]4[C@H]3CC[C@@]21CC,1.0,0.6156488,
tdc_bioavailability_ma,"Chemprop v2 (D-MPNN + Selected descriptors, ensemble=3)",Chemprop v2,train,78,N=C(N)c1ccc(OCCCCCOc2ccc(C(=N)N)cc2)cc1,0.0,0.70540386,
tdc_bioavailability_ma,"Chemprop v2 (D-MPNN + Selected descriptors, ensemble=3)",Chemprop v2,train,79,COc1ccc2c(c1OC)C(=O)O[C@@H]2[C@H]1c2c(cc3c(c2OC)OCO3)CCN1C,1.0,0.7488788,
tdc_bioavailability_ma,"Chemprop v2 (D-MPNN + Selected descriptors, ensemble=3)",Chemprop v2,train,80,Cc1nnc2n1-c1ccc(Cl)cc1C(c1ccccc1)=NC2,1.0,0.9163868,
tdc_bioavailability_ma,"Chemprop v2 (D-MPNN + Selected descriptors, ensemble=3)",Chemprop v2,train,81,CN(C)Cc1nnc2n1-c1ccc(Cl)cc1C(c1ccccc1)=NC2,1.0,0.930357,
tdc_bioavailability_ma,"Chemprop v2 (D-MPNN + Selected descriptors, ensemble=3)",Chemprop v2,train,82,Cc1nnc2n1-c1ccc(Cl)cc1C(c1ccccc1Cl)=NC2,1.0,0.9235814,
tdc_bioavailability_ma,"Chemprop v2 (D-MPNN + Selected descriptors, ensemble=3)",Chemprop v2,train,83,C[N+]1(CC2CC2)[C@@H]2C[C@@H](OC(=O)[C@H](CO)c3ccccc3)C[C@H]1[C@@H]1O[C@@H]12,0.0,0.046174105,
tdc_bioavailability_ma,"Chemprop v2 (D-MPNN + Selected descriptors, ensemble=3)",Chemprop v2,train,84,CN1C[C@H](C(=O)N[C@]2(C)O[C@@]3(O)[C@@H]4CCCN4C(=O)[C@H](Cc4ccccc4)N3C2=O)C=C2c3cccc4[nH]cc(c34)C[C@H]21,0.0,0.027091771,
tdc_bioavailability_ma,"Chemprop v2 (D-MPNN + Selected descriptors, ensemble=3)",Chemprop v2,train,85,Cc1cc(=O)n(-c2ccccc2)n1C,1.0,0.8521473,
tdc_bioavailability_ma,"Chemprop v2 (D-MPNN + Selected descriptors, ensemble=3)",Chemprop v2,train,86,CC(C)(Oc1ccc(CCNC(=O)c2ccc(Cl)cc2)cc1)C(=O)O,1.0,0.8967311,
tdc_bioavailability_ma,"Chemprop v2 (D-MPNN + Selected descriptors, ensemble=3)",Chemprop v2,train,87,O=C1C(O)=C([C@H]2CC[C@H](c3ccc(Cl)cc3)CC2)C(=O)c2ccccc21,0.0,0.84009856,
tdc_bioavailability_ma,"Chemprop v2 (D-MPNN + Selected descriptors, ensemble=3)",Chemprop v2,train,88,O=C(O)[C@H](CCc1ccccc1)N[C@H]1CCCN2CCC[C@@H](C(=O)O)N2C1=O,1.0,0.72161883,
tdc_bioavailability_ma,"Chemprop v2 (D-MPNN + Selected descriptors, ensemble=3)",Chemprop v2,train,89,CCOC(=O)[C@H](CCc1ccccc1)N[C@H]1CCCN2CCC[C@@H](C(=O)O)N2C1=O,1.0,0.8939498,
tdc_bioavailability_ma,"Chemprop v2 (D-MPNN + Selected descriptors, ensemble=3)",Chemprop v2,train,90,O=C(CCCN1CCC(O)(c2ccc(Cl)cc2)CC1)c1ccc(F)cc1,1.0,0.62270266,
tdc_bioavailability_ma,"Chemprop v2 (D-MPNN + Selected descriptors, ensemble=3)",Chemprop v2,train,91,COc1ccc(CCN(C)CCCC(C#N)(c2ccc(OC)c(OC)c2)C(C)C)cc1OC,1.0,0.6028549,
tdc_bioavailability_ma,"Chemprop v2 (D-MPNN + Selected descriptors, ensemble=3)",Chemprop v2,train,92,COc1ccc(CCN(C)CCCC(C#N)(c2cc(OC)c(OC)c(OC)c2)C(C)C)cc1OC,0.0,0.77294517,
tdc_bioavailability_ma,"Chemprop v2 (D-MPNN + Selected descriptors, ensemble=3)",Chemprop v2,train,93,CCC(=O)O[C@@H](O[P@](=O)(CCCCc1ccccc1)CC(=O)N1C[C@H](C2CCCCC2)C[C@H]1C(=O)O)C(C)C,1.0,0.2681499,
tdc_bioavailability_ma,"Chemprop v2 (D-MPNN + Selected descriptors, ensemble=3)",Chemprop v2,train,94,Cc1nnc(SCC2=C(C(=O)O)N3C(=O)[C@@H](NC(=O)Cn4cnnn4)[C@H]3SC2)s1,1.0,0.8192932,
tdc_bioavailability_ma,"Chemprop v2 (D-MPNN + Selected descriptors, ensemble=3)",Chemprop v2,train,95,COc1ccc(C2CNC(=O)C2)cc1OC1CCCC1,1.0,0.9012816,
tdc_bioavailability_ma,"Chemprop v2 (D-MPNN + Selected descriptors, ensemble=3)",Chemprop v2,train,96,C#C[C@]1(O)CC[C@H]2[C@@H]3CCC4=CCCC[C@@H]4[C@H]3CC[C@@]21C,1.0,0.58478326,
tdc_bioavailability_ma,"Chemprop v2 (D-MPNN + Selected descriptors, ensemble=3)",Chemprop v2,train,97,Nc1nc(F)nc2c1ncn2[C@@H]1O[C@H](CO)[C@@H](O)[C@@H]1O,1.0,0.57386553,
tdc_bioavailability_ma,"Chemprop v2 (D-MPNN + Selected descriptors, ensemble=3)",Chemprop v2,train,98,Nc1ncnc2c1ncn2[C@@H]1O[C@H](CO)[C@@H](O)[C@@H]1O,0.0,0.561506,
tdc_bioavailability_ma,"Chemprop v2 (D-MPNN + Selected descriptors, ensemble=3)",Chemprop v2,train,99,Nc1nc(Cl)nc2c1ncn2[C@H]1C[C@H](O)[C@@H](CO)O1,1.0,0.8225665,
tdc_bioavailability_ma,"Chemprop v2 (D-MPNN + Selected descriptors, ensemble=3)",Chemprop v2,train,100,NS(=O)(=O)Cc1noc2ccccc12,1.0,0.8825767,
tdc_bioavailability_ma,"Chemprop v2 (D-MPNN + Selected descriptors, ensemble=3)",Chemprop v2,train,101,NS(=O)(=O)c1cc2c(cc1Cl)NC=NS2(=O)=O,0.0,0.90685767,
tdc_bioavailability_ma,"Chemprop v2 (D-MPNN + Selected descriptors, ensemble=3)",Chemprop v2,train,102,CC1=NS(=O)(=O)c2cc(Cl)ccc2N1,1.0,0.88550395,
tdc_bioavailability_ma,"Chemprop v2 (D-MPNN + Selected descriptors, ensemble=3)",Chemprop v2,train,103,Nc1ccc(S(=O)(=O)c2ccc(N)cc2)cc1,1.0,0.88408923,
tdc_bioavailability_ma,"Chemprop v2 (D-MPNN + Selected descriptors, ensemble=3)",Chemprop v2,train,104,Cc1onc(-c2ccccc2Cl)c1C(=O)N[C@@H]1C(=O)N2[C@@H]1SC(C)(C)[C@@H]2C(=O)O,1.0,0.878752,
tdc_bioavailability_ma,"Chemprop v2 (D-MPNN + Selected descriptors, ensemble=3)",Chemprop v2,train,105,Cc1onc(-c2ccccc2)c1C(=O)N[C@@H]1C(=O)N2[C@@H]1SC(C)(C)[C@@H]2C(=O)O,1.0,0.8756023,
tdc_bioavailability_ma,"Chemprop v2 (D-MPNN + Selected descriptors, ensemble=3)",Chemprop v2,train,106,Cc1onc(-c2c(Cl)cccc2Cl)c1C(=O)N[C@@H]1C(=O)N2[C@@H]1SC(C)(C)[C@@H]2C(=O)O,1.0,0.8805186,
tdc_bioavailability_ma,"Chemprop v2 (D-MPNN + Selected descriptors, ensemble=3)",Chemprop v2,train,107,O=C(O)CCC(=O)c1ccc(-c2ccccc2)cc1,1.0,0.85655385,
tdc_bioavailability_ma,"Chemprop v2 (D-MPNN + Selected descriptors, ensemble=3)",Chemprop v2,train,108,O=C(O)c1cc(-c2ccc(F)cc2F)ccc1O,1.0,0.8645075,
tdc_bioavailability_ma,"Chemprop v2 (D-MPNN + Selected descriptors, ensemble=3)",Chemprop v2,train,109,CC(C(=O)O)c1ccc(-c2ccccc2)c(F)c1,1.0,0.8817847,
tdc_bioavailability_ma,"Chemprop v2 (D-MPNN + Selected descriptors, ensemble=3)",Chemprop v2,train,110,CN(C)C(=O)C(CCN1CCC(O)(c2ccc(Cl)cc2)CC1)(c1ccccc1)c1ccccc1,1.0,0.2390017,
tdc_bioavailability_ma,"Chemprop v2 (D-MPNN + Selected descriptors, ensemble=3)",Chemprop v2,train,111,COc1cc2nc(N3CCN(C(=O)c4ccco4)CC3)nc(N)c2cc1OC,1.0,0.7768875,
tdc_bioavailability_ma,"Chemprop v2 (D-MPNN + Selected descriptors, ensemble=3)",Chemprop v2,train,112,O=C(NCCNCC(O)COc1ccc(O)cc1)N1CCOCC1,0.0,0.4549713,
tdc_bioavailability_ma,"Chemprop v2 (D-MPNN + Selected descriptors, ensemble=3)",Chemprop v2,train,113,CC1=C(C(=O)O)N2C(=O)[C@@H](NC(=O)[C@H](N)c3ccc(O)cc3)[C@H]2SC1,1.0,0.7957902,
tdc_bioavailability_ma,"Chemprop v2 (D-MPNN + Selected descriptors, ensemble=3)",Chemprop v2,train,114,CC1=C(C(=O)O)N2C(=O)[C@@H](NC(=O)[C@H](N)c3ccccc3)[C@H]2SC1,1.0,0.84597516,
tdc_bioavailability_ma,"Chemprop v2 (D-MPNN + Selected descriptors, ensemble=3)",Chemprop v2,train,115,CC=CC1=C(C(=O)O)N2C(=O)[C@@H](NC(=O)[C@H](N)c3ccc(O)cc3)[C@H]2SC1,1.0,0.79862064,
tdc_bioavailability_ma,"Chemprop v2 (D-MPNN + Selected descriptors, ensemble=3)",Chemprop v2,train,116,N[C@@H](C(=O)N[C@@H]1C(=O)N2C(C(=O)O)=C(Cl)CS[C@H]12)c1ccccc1,1.0,0.6429856,
tdc_bioavailability_ma,"Chemprop v2 (D-MPNN + Selected descriptors, ensemble=3)",Chemprop v2,train,117,CN1CCN(C2=Nc3cc(Cl)ccc3Nc3ccccc32)CC1,1.0,0.91206,
tdc_bioavailability_ma,"Chemprop v2 (D-MPNN + Selected descriptors, ensemble=3)",Chemprop v2,train,118,CN(C)CCN(Cc1cccs1)c1ccccn1,0.0,0.852531,
tdc_bioavailability_ma,"Chemprop v2 (D-MPNN + Selected descriptors, ensemble=3)",Chemprop v2,train,119,CCC(=O)N(c1ccccc1)C1CCN(CCc2ccccc2)CC1,0.0,0.7160068,
tdc_bioavailability_ma,"Chemprop v2 (D-MPNN + Selected descriptors, ensemble=3)",Chemprop v2,train,120,CC(C)(C)NC(=O)[C@@H]1C[C@@H]2CCCC[C@@H]2CN1C[C@@H](O)[C@H](Cc1ccccc1)NC(=O)[C@H](CC(N)=O)NC(=O)c1ccc2ccccc2n1,0.0,0.29835245,
tdc_bioavailability_ma,"Chemprop v2 (D-MPNN + Selected descriptors, ensemble=3)",Chemprop v2,train,121,CO[C@@H]1[C@@H](O[C@@H]2O[C@H](C)[C@@H](O[C@H]3C[C@@](C)(O)[C@@H](O)[C@H](C)O3)[C@H](N(C)C)[C@H]2O)[C@@H](CC=O)C[C@@H](C)[C@@H](O[C@H]2CC[C@H](N(C)C)[C@H](C)O2)/C=C/C=C/C[C@@H](C)OC(=O)C[C@H]1O,1.0,0.4778863,
tdc_bioavailability_ma,"Chemprop v2 (D-MPNN + Selected descriptors, ensemble=3)",Chemprop v2,train,122,CN(C)CC(Oc1ccccc1)Oc1ccccc1,1.0,0.8910382,
tdc_bioavailability_ma,"Chemprop v2 (D-MPNN + Selected descriptors, ensemble=3)",Chemprop v2,train,123,CN1CCC[C@@H]1Cc1c[nH]c2ccc(CCS(=O)(=O)c3ccccc3)cc12,1.0,0.8935323,
tdc_bioavailability_ma,"Chemprop v2 (D-MPNN + Selected descriptors, ensemble=3)",Chemprop v2,train,124,OC(CNCC(O)C1CCc2cc(F)ccc2O1)C1CCc2cc(F)ccc2O1,1.0,0.51276857,
tdc_bioavailability_ma,"Chemprop v2 (D-MPNN + Selected descriptors, ensemble=3)",Chemprop v2,train,125,O=C(NC1CCN(CCc2c[nH]c3ccccc23)CC1)c1ccccc1,0.0,0.6998598,
tdc_bioavailability_ma,"Chemprop v2 (D-MPNN + Selected descriptors, ensemble=3)",Chemprop v2,train,126,NC(=O)c1ncn([C@@H]2O[C@H](CO)[C@@H](O)[C@H]2O)n1,1.0,0.49897227,
tdc_bioavailability_ma,"Chemprop v2 (D-MPNN + Selected descriptors, ensemble=3)",Chemprop v2,train,127,CC(C)NCC(O)COc1ccc(CCOCC2CC2)cc1,1.0,0.8303063,
tdc_bioavailability_ma,"Chemprop v2 (D-MPNN + Selected descriptors, ensemble=3)",Chemprop v2,train,128,C[C@@H](O)[C@H]1C(=O)N2C(C(=O)O)=C(S[C@@H]3CN[C@H](C(=O)N(C)C)C3)[C@H](C)[C@H]12,0.0,0.1107764,
tdc_bioavailability_ma,"Chemprop v2 (D-MPNN + Selected descriptors, ensemble=3)",Chemprop v2,train,129,C[C@@H]1O[C@@H](O[C@@H]2C=C3CC[C@@H]4[C@H](CC[C@]5(C)[C@@H](c6ccc(=O)oc6)CC[C@]45O)[C@@]3(C)CC2)[C@H](O)[C@H](O)[C@H]1O,0.0,0.2574143,
tdc_bioavailability_ma,"Chemprop v2 (D-MPNN + Selected descriptors, ensemble=3)",Chemprop v2,train,130,Nc1ccn([C@@H]2O[C@H](CO)[C@@H](O)[C@@H]2O)c(=O)n1,0.0,0.37647256,
tdc_bioavailability_ma,"Chemprop v2 (D-MPNN + Selected descriptors, ensemble=3)",Chemprop v2,train,131,Nc1ccn([C@H]2CC[C@@H](CO)O2)c(=O)n1,1.0,0.85335636,
tdc_bioavailability_ma,"Chemprop v2 (D-MPNN + Selected descriptors, ensemble=3)",Chemprop v2,train,132,Cc1cc2c(s1)Nc1ccccc1N=C2N1CCN(C)CC1,1.0,0.8561818,
tdc_bioavailability_ma,"Chemprop v2 (D-MPNN + Selected descriptors, ensemble=3)",Chemprop v2,train,133,O=C1NS(=O)(=O)c2ccccc21,1.0,0.76571566,
tdc_bioavailability_ma,"Chemprop v2 (D-MPNN + Selected descriptors, ensemble=3)",Chemprop v2,train,134,Cn1nnc2c(C(N)=O)ncn2c1=O,1.0,0.85974646,
tdc_bioavailability_ma,"Chemprop v2 (D-MPNN + Selected descriptors, ensemble=3)",Chemprop v2,train,135,CC1=CC[C@@H](C(C)(C)O)C[C@@H]1O,1.0,0.8061714,
tdc_bioavailability_ma,"Chemprop v2 (D-MPNN + Selected descriptors, ensemble=3)",Chemprop v2,train,136,CC1=C(/C=C/C(C)=C/C=C/C(C)=C\C(=O)O)C(C)(C)CCC1,1.0,0.82033086,
tdc_bioavailability_ma,"Chemprop v2 (D-MPNN + Selected descriptors, ensemble=3)",Chemprop v2,train,137,C[C@H]1O[C@@H](O[C@H]2[C@@H](O)C[C@H](O[C@H]3[C@@H](O)C[C@H](O[C@H]4CC[C@@]5(C)[C@H](CC[C@@H]6[C@@H]5C[C@@H](O)[C@]5(C)[C@@H](C7=CC(=O)OC7)CC[C@]65O)C4)O[C@@H]3C)O[C@@H]2C)C[C@H](O)[C@@H]1O,1.0,0.2231154,
tdc_bioavailability_ma,"Chemprop v2 (D-MPNN + Selected descriptors, ensemble=3)",Chemprop v2,train,138,C[C@H]1O[C@@H](O[C@H]2[C@@H](O)C[C@H](O[C@H]3[C@@H](O)C[C@H](O[C@H]4CC[C@@]5(C)[C@H](CC[C@@H]6[C@@H]5CC[C@]5(C)[C@@H](C7=CC(=O)OC7)CC[C@]65O)C4)O[C@@H]3C)O[C@@H]2C)C[C@H](O)[C@@H]1O,1.0,0.2676703,
tdc_bioavailability_ma,"Chemprop v2 (D-MPNN + Selected descriptors, ensemble=3)",Chemprop v2,train,139,N[C@@H]1[C@H]2CN(c3nc4c(cc3F)c(=O)c(C(=O)O)cn4-c3ccc(F)cc3F)C[C@@H]12,1.0,0.7841551,
tdc_bioavailability_ma,"Chemprop v2 (D-MPNN + Selected descriptors, ensemble=3)",Chemprop v2,train,140,CN(C)CCCOc1nn(Cc2ccccc2)c2ccccc12,1.0,0.8983424,
tdc_bioavailability_ma,"Chemprop v2 (D-MPNN + Selected descriptors, ensemble=3)",Chemprop v2,train,141,CC(C)=CCN1CC[C@@]2(C)c3cc(O)ccc3C[C@@H]1[C@@H]2C,0.0,0.5590649,
tdc_bioavailability_ma,"Chemprop v2 (D-MPNN + Selected descriptors, ensemble=3)",Chemprop v2,train,142,CN(C)CCCOC1(Cc2ccccc2)CCCCCC1,1.0,0.7338845,
tdc_bioavailability_ma,"Chemprop v2 (D-MPNN + Selected descriptors, ensemble=3)",Chemprop v2,train,143,CC[N+]1(C)[C@@H]2C[C@@H](OC(=O)[C@H](CO)c3ccccc3)C[C@H]1[C@@H]1O[C@@H]12,0.0,0.08018277,
tdc_bioavailability_ma,"Chemprop v2 (D-MPNN + Selected descriptors, ensemble=3)",Chemprop v2,train,144,NS(=O)(=O)c1cc(C(=O)O)cc(N2CCCC2)c1Oc1ccccc1,1.0,0.9158697,
tdc_bioavailability_ma,"Chemprop v2 (D-MPNN + Selected descriptors, ensemble=3)",Chemprop v2,train,145,CC[C@@H](C(N)=O)N1CCCC1=O,1.0,0.8603675,
tdc_bioavailability_ma,"Chemprop v2 (D-MPNN + Selected descriptors, ensemble=3)",Chemprop v2,train,146,COc1cc2nc(N(C)CCCNC(=O)C3CCCO3)nc(N)c2cc1OC,1.0,0.87351817,
tdc_bioavailability_ma,"Chemprop v2 (D-MPNN + Selected descriptors, ensemble=3)",Chemprop v2,train,147,CN1CCOC(c2ccccc2)c2ccccc2C1,1.0,0.90068036,
tdc_bioavailability_ma,"Chemprop v2 (D-MPNN + Selected descriptors, ensemble=3)",Chemprop v2,train,148,CC(C)(C)NC(=O)[C@H]1CC[C@H]2[C@@H]3CC[C@H]4NC(=O)C=C[C@]4(C)[C@H]3CC[C@]12C,1.0,0.50610775,
tdc_bioavailability_ma,"Chemprop v2 (D-MPNN + Selected descriptors, ensemble=3)",Chemprop v2,train,149,COc1ccc2c3c1O[C@H]1[C@@H](O)CC[C@H]4[C@@H](C2)N(C)CC[C@@]341,0.0,0.6199272,
tdc_bioavailability_ma,"Chemprop v2 (D-MPNN + Selected descriptors, ensemble=3)",Chemprop v2,train,150,NC(N)=NCCN1CCCCCCC1,0.0,0.6847833,
tdc_bioavailability_ma,"Chemprop v2 (D-MPNN + Selected descriptors, ensemble=3)",Chemprop v2,train,151,NC12CC3CC(CC(C3)C1)C2,1.0,0.8861564,
tdc_bioavailability_ma,"Chemprop v2 (D-MPNN + Selected descriptors, ensemble=3)",Chemprop v2,train,152,O=C1c2ccccc2C(=O)C1c1ccccc1,1.0,0.81525755,
tdc_bioavailability_ma,"Chemprop v2 (D-MPNN + Selected descriptors, ensemble=3)",Chemprop v2,train,153,CN(C)CCOC1=Cc2ccccc2Sc2ccc(Cl)cc21,0.0,0.91517764,
tdc_bioavailability_ma,"Chemprop v2 (D-MPNN + Selected descriptors, ensemble=3)",Chemprop v2,train,154,Cc1noc(NS(=O)(=O)c2ccc(N)cc2)c1C,1.0,0.90800923,
tdc_bioavailability_ma,"Chemprop v2 (D-MPNN + Selected descriptors, ensemble=3)",Chemprop v2,train,155,Cc1ccccc1N1C(=O)c2cc(S(N)(=O)=O)c(Cl)cc2NC1C,1.0,0.9370795,
tdc_bioavailability_ma,"Chemprop v2 (D-MPNN + Selected descriptors, ensemble=3)",Chemprop v2,train,156,O=C(c1ccccc1)c1ccc2n1CCC2C(=O)O,1.0,0.83927894,
tdc_bioavailability_ma,"Chemprop v2 (D-MPNN + Selected descriptors, ensemble=3)",Chemprop v2,train,157,CC(C)(C)NC[C@H](O)COc1ccccc1C1CCCC1,1.0,0.88931996,
tdc_bioavailability_ma,"Chemprop v2 (D-MPNN + Selected descriptors, ensemble=3)",Chemprop v2,train,158,CCC1(c2ccccc2)C(=O)NCNC1=O,1.0,0.8843313,
tdc_bioavailability_ma,"Chemprop v2 (D-MPNN + Selected descriptors, ensemble=3)",Chemprop v2,train,159,c1ccc(C2(c3ccccc3)CC2C2=NCCN2)cc1,1.0,0.9095256,
tdc_bioavailability_ma,"Chemprop v2 (D-MPNN + Selected descriptors, ensemble=3)",Chemprop v2,train,160,NC(=O)N1c2ccccc2C=Cc2ccccc21,1.0,0.87169915,
tdc_bioavailability_ma,"Chemprop v2 (D-MPNN + Selected descriptors, ensemble=3)",Chemprop v2,train,161,CCOc1ccc(/C=C2\NCCc3cc(OCC)c(OCC)cc32)cc1OCC,1.0,0.92151755,
tdc_bioavailability_ma,"Chemprop v2 (D-MPNN + Selected descriptors, ensemble=3)",Chemprop v2,train,162,CN(Cc1cnc2nc(N)nc(N)c2n1)c1ccc(C(=O)N[C@@H](CCC(=O)O)C(=O)O)cc1,1.0,0.78455406,
tdc_bioavailability_ma,"Chemprop v2 (D-MPNN + Selected descriptors, ensemble=3)",Chemprop v2,train,163,NC[C@@H]1O[C@H](O[C@H]2[C@@H](O)[C@H](O[C@@H]3[C@@H](O)[C@H](N)C[C@H](N)[C@H]3O[C@H]3O[C@H](CO)[C@@H](O)[C@H](O)[C@H]3N)O[C@@H]2CO)[C@H](N)[C@@H](O)[C@@H]1O,0.0,0.011112571,
tdc_bioavailability_ma,"Chemprop v2 (D-MPNN + Selected descriptors, ensemble=3)",Chemprop v2,train,164,Cc1cn([C@H]2C=C[C@@H](CO)O2)c(=O)[nH]c1=O,1.0,0.8307367,
tdc_bioavailability_ma,"Chemprop v2 (D-MPNN + Selected descriptors, ensemble=3)",Chemprop v2,train,165,CC(C)(C)NCC(O)COc1cccc2c1C[C@H](O)[C@H](O)C2,1.0,0.73377997,
tdc_bioavailability_ma,"Chemprop v2 (D-MPNN + Selected descriptors, ensemble=3)",Chemprop v2,train,166,O=C(NCCN1CCOCC1)c1ccc(Cl)cc1,1.0,0.8203085,
tdc_bioavailability_ma,"Chemprop v2 (D-MPNN + Selected descriptors, ensemble=3)",Chemprop v2,train,167,CC1(C)S[C@@H]2[C@H](N=CN3CCCCCC3)C(=O)N2[C@H]1C(=O)O,0.0,0.6147534,
tdc_bioavailability_ma,"Chemprop v2 (D-MPNN + Selected descriptors, ensemble=3)",Chemprop v2,train,168,Cn1c(=O)c2c(ncn2C)n(C)c1=O,1.0,0.85302734,
tdc_bioavailability_ma,"Chemprop v2 (D-MPNN + Selected descriptors, ensemble=3)",Chemprop v2,train,169,CC(=O)CCCCn1c(=O)c2c(ncn2C)n(C)c1=O,1.0,0.9005184,
tdc_bioavailability_ma,"Chemprop v2 (D-MPNN + Selected descriptors, ensemble=3)",Chemprop v2,train,170,Cn1c(=O)c2[nH]cnc2n(C)c1=O,1.0,0.84698725,
tdc_bioavailability_ma,"Chemprop v2 (D-MPNN + Selected descriptors, ensemble=3)",Chemprop v2,train,171,CC(O)Cn1cnc2c1c(=O)n(C)c(=O)n2C,1.0,0.88502485,
tdc_bioavailability_ma,"Chemprop v2 (D-MPNN + Selected descriptors, ensemble=3)",Chemprop v2,train,172,CC[C@H]1OC(=O)[C@H](C)C(=O)[C@H](C)[C@@H](O[C@@H]2O[C@H](C)C[C@H](N(C)C)[C@H]2O)[C@](C)(OC)C[C@@H](C)C(=O)[C@H](C)[C@H]2N(CCCCn3cnc(-c4cccnc4)c3)C(=O)O[C@]12C,1.0,0.8408486,
tdc_bioavailability_ma,"Chemprop v2 (D-MPNN + Selected descriptors, ensemble=3)",Chemprop v2,train,173,N[C@H]1C(O)O[C@H](CO)[C@@H](O)[C@@H]1O,1.0,0.24399632,
tdc_bioavailability_ma,"Chemprop v2 (D-MPNN + Selected descriptors, ensemble=3)",Chemprop v2,train,174,CN(N=O)C(=O)N[C@@H]1[C@@H](O)[C@H](O)[C@@H](CO)O[C@@H]1O,1.0,0.22417153,
tdc_bioavailability_ma,"Chemprop v2 (D-MPNN + Selected descriptors, ensemble=3)",Chemprop v2,train,175,CC[P](CC)(CC)=[Au][S][C@@H]1O[C@H](COC(C)=O)[C@@H](OC(C)=O)[C@H](OC(C)=O)[C@H]1OC(C)=O,0.0,0.038211327,
tdc_bioavailability_ma,"Chemprop v2 (D-MPNN + Selected descriptors, ensemble=3)",Chemprop v2,train,176,Oc1c(Cl)cc(Cl)c2cccnc12,1.0,0.86693144,
tdc_bioavailability_ma,"Chemprop v2 (D-MPNN + Selected descriptors, ensemble=3)",Chemprop v2,train,177,CCN(CCO)CCCC(C)Nc1ccnc2cc(Cl)ccc12,1.0,0.75141424,
tdc_bioavailability_ma,"Chemprop v2 (D-MPNN + Selected descriptors, ensemble=3)",Chemprop v2,train,178,CCN(CC)CCCC(C)Nc1ccnc2cc(Cl)ccc12,1.0,0.9164322,
tdc_bioavailability_ma,"Chemprop v2 (D-MPNN + Selected descriptors, ensemble=3)",Chemprop v2,train,179,COc1cc(NC(C)CCCN)c2ncccc2c1,1.0,0.8617628,
tdc_bioavailability_ma,"Chemprop v2 (D-MPNN + Selected descriptors, ensemble=3)",Chemprop v2,train,180,O=c1[nH]c2ccccc2n1CCCN1CCC(n2c(=O)[nH]c3cc(Cl)ccc32)CC1,0.0,0.8003767,
tdc_bioavailability_ma,"Chemprop v2 (D-MPNN + Selected descriptors, ensemble=3)",Chemprop v2,train,181,COC(=O)C1=C(C)NC(C)=C(C(=O)O[C@H]2CCN(Cc3ccccc3)C2)[C@H]1c1cccc([N+](=O)[O-])c1,0.0,0.61227727,
tdc_bioavailability_ma,"Chemprop v2 (D-MPNN + Selected descriptors, ensemble=3)",Chemprop v2,train,182,O=C(NCCO[N+](=O)[O-])c1cccnc1,1.0,0.7824206,
tdc_bioavailability_ma,"Chemprop v2 (D-MPNN + Selected descriptors, ensemble=3)",Chemprop v2,train,183,COc1nc(C(Cl)(Cl)Cl)c(Cl)c(OC)c1Cl,1.0,0.930077,
tdc_bioavailability_ma,"Chemprop v2 (D-MPNN + Selected descriptors, ensemble=3)",Chemprop v2,train,184,NNC(=O)c1ccncc1,1.0,0.7358467,
tdc_bioavailability_ma,"Chemprop v2 (D-MPNN + Selected descriptors, ensemble=3)",Chemprop v2,train,185,Clc1ccc(COC(Cn2ccnc2)c2ccc(Cl)cc2Cl)c(Cl)c1,1.0,0.8773162,
tdc_bioavailability_ma,"Chemprop v2 (D-MPNN + Selected descriptors, ensemble=3)",Chemprop v2,train,186,CN1CCc2cccc3c2[C@H]1Cc1ccc(O)c(O)c1-3,0.0,0.6785488,
tdc_bioavailability_ma,"Chemprop v2 (D-MPNN + Selected descriptors, ensemble=3)",Chemprop v2,train,187,COC1=CC(=O)C[C@@H](C)[C@]12Oc1c(Cl)c(OC)cc(OC)c1C2=O,1.0,0.8842261,
tdc_bioavailability_ma,"Chemprop v2 (D-MPNN + Selected descriptors, ensemble=3)",Chemprop v2,train,188,Cn1cnc([N+](=O)[O-])c1Sc1ncnc2nc[nH]c12,1.0,0.8755975,
tdc_bioavailability_ma,"Chemprop v2 (D-MPNN + Selected descriptors, ensemble=3)",Chemprop v2,train,189,O=C(c1ccc(F)cc1)C1CCN(CCn2c(=O)[nH]c3ccccc3c2=O)CC1,1.0,0.81140465,
tdc_bioavailability_ma,"Chemprop v2 (D-MPNN + Selected descriptors, ensemble=3)",Chemprop v2,train,190,COc1ccc(CCN2CCC(Nc3nc4ccccc4n3Cc3ccc(F)cc3)CC2)cc1,0.0,0.44348168,
tdc_bioavailability_ma,"Chemprop v2 (D-MPNN + Selected descriptors, ensemble=3)",Chemprop v2,train,191,CNC(=C[N+](=O)[O-])NCCSCc1ccc(CN(C)C)o1,1.0,0.84027165,
tdc_bioavailability_ma,"Chemprop v2 (D-MPNN + Selected descriptors, ensemble=3)",Chemprop v2,train,192,CN(CCOc1ccc(NS(C)(=O)=O)cc1)CCc1ccc(NS(C)(=O)=O)cc1,1.0,0.8454642,
tdc_bioavailability_ma,"Chemprop v2 (D-MPNN + Selected descriptors, ensemble=3)",Chemprop v2,train,193,CCOc1ccccc1OCCN[C@H](C)Cc1ccc(OC)c(S(N)(=O)=O)c1,1.0,0.7266383,
tdc_bioavailability_ma,"Chemprop v2 (D-MPNN + Selected descriptors, ensemble=3)",Chemprop v2,train,194,O=C(CCCN1CC=C(n2c(=O)[nH]c3ccccc32)CC1)c1ccc(F)cc1,1.0,0.7949834,
tdc_bioavailability_ma,"Chemprop v2 (D-MPNN + Selected descriptors, ensemble=3)",Chemprop v2,train,195,CN1C[C@H](C(=O)N[C@]2(C)O[C@@]3(O)[C@@H]4CCCN4C(=O)[C@H](Cc4ccccc4)N3C2=O)C[C@@H]2c3cccc4[nH]cc(c34)C[C@H]21,0.0,0.13721097,
tdc_bioavailability_ma,"Chemprop v2 (D-MPNN + Selected descriptors, ensemble=3)",Chemprop v2,train,196,Nc1ncnc2c1ncn2CCOCP(=O)(O)O,0.0,0.8361079,
tdc_bioavailability_ma,"Chemprop v2 (D-MPNN + Selected descriptors, ensemble=3)",Chemprop v2,train,197,C[C@H](Cn1cnc2c(N)ncnc21)OCP(=O)(O)O,1.0,0.8768818,
tdc_bioavailability_ma,"Chemprop v2 (D-MPNN + Selected descriptors, ensemble=3)",Chemprop v2,train,198,CC(=O)OCC(CCn1cnc2cnc(N)nc21)COC(C)=O,1.0,0.9017307,
tdc_bioavailability_ma,"Chemprop v2 (D-MPNN + Selected descriptors, ensemble=3)",Chemprop v2,train,199,C[C@H](NCCc1ccc(O)cc1)[C@H](O)c1ccc(O)cc1,1.0,0.84100467,
tdc_bioavailability_ma,"Chemprop v2 (D-MPNN + Selected descriptors, ensemble=3)",Chemprop v2,train,200,CC(Cc1ccc(O)cc1)NCC(O)c1cc(O)cc(O)c1,0.0,0.7928631,
tdc_bioavailability_ma,"Chemprop v2 (D-MPNN + Selected descriptors, ensemble=3)",Chemprop v2,train,201,S=c1nc[nH]c2nc[nH]c12,0.0,0.8132915,
tdc_bioavailability_ma,"Chemprop v2 (D-MPNN + Selected descriptors, ensemble=3)",Chemprop v2,train,202,CCc1c2c(nc3ccc(OC(=O)N4CCC(N5CCCCC5)CC4)cc13)-c1cc3c(c(=O)n1C2)COC(=O)[C@]3(O)CC,0.0,0.5104969,
tdc_bioavailability_ma,"Chemprop v2 (D-MPNN + Selected descriptors, ensemble=3)",Chemprop v2,train,203,C=CCNc1nc(NCC=C)nc(N2CCN(C(c3ccc(F)cc3)c3ccc(F)cc3)CC2)n1,1.0,0.92078847,
tdc_bioavailability_ma,"Chemprop v2 (D-MPNN + Selected descriptors, ensemble=3)",Chemprop v2,train,204,CC(C)N=c1cc2n(-c3ccc(Cl)cc3)c3ccccc3nc-2cc1Nc1ccc(Cl)cc1,1.0,0.8391657,
tdc_bioavailability_ma,"Chemprop v2 (D-MPNN + Selected descriptors, ensemble=3)",Chemprop v2,train,205,CCOC(=O)[C@H](CCc1ccccc1)N[C@@H](C)C(=O)N1Cc2ccccc2C[C@H]1C(=O)O,1.0,0.79257035,
tdc_bioavailability_ma,"Chemprop v2 (D-MPNN + Selected descriptors, ensemble=3)",Chemprop v2,train,206,O=C(CCCN1CCC(n2c(O)nc3ccccc32)CC1)c1ccc(F)cc1,1.0,0.77576405,
tdc_bioavailability_ma,"Chemprop v2 (D-MPNN + Selected descriptors, ensemble=3)",Chemprop v2,train,207,CC(C)n1c(/C=C/[C@H](O)C[C@H](O)CC(=O)O)c(-c2ccc(F)cc2)c2ccccc21,1.0,0.77804184,
tdc_bioavailability_ma,"Chemprop v2 (D-MPNN + Selected descriptors, ensemble=3)",Chemprop v2,train,208,CC1(C)O[C@@H]2C[C@H]3[C@@H]4C[C@H](F)C5=CC(=O)C=C[C@]5(C)[C@H]4[C@@H](O)C[C@]3(C)[C@]2(C(=O)CO)O1,0.0,0.31540015,
tdc_bioavailability_ma,"Chemprop v2 (D-MPNN + Selected descriptors, ensemble=3)",Chemprop v2,train,209,CCCC1O[C@@H]2C[C@H]3[C@@H]4CCC5=CC(=O)C=C[C@]5(C)[C@H]4[C@@H](O)C[C@]3(C)[C@]2(C(=O)CO)O1,0.0,0.30594635,
tdc_bioavailability_ma,"Chemprop v2 (D-MPNN + Selected descriptors, ensemble=3)",Chemprop v2,train,210,COc1cc2c(c(OC)c1OC)-c1ccc(OC)c(=O)cc1C(NC(C)=O)CC2,1.0,0.89605683,
tdc_bioavailability_ma,"Chemprop v2 (D-MPNN + Selected descriptors, ensemble=3)",Chemprop v2,train,211,C=C1/C(=C\C=C2/CCC[C@]3(C)[C@@H]([C@H](C)CCCC(C)(C)O)CC[C@@H]23)C[C@@H](O)C[C@@H]1O,1.0,0.48541096,
tdc_bioavailability_ma,"Chemprop v2 (D-MPNN + Selected descriptors, ensemble=3)",Chemprop v2,train,212,CO[C@]12CC[C@@]3(C[C@@H]1[C@](C)(O)C(C)(C)C)[C@H]1Cc4ccc(O)c5c4[C@@]3(CCN1CC1CC1)[C@H]2O5,1.0,0.60462385,
tdc_bioavailability_ma,"Chemprop v2 (D-MPNN + Selected descriptors, ensemble=3)",Chemprop v2,train,213,CC(C)(O/N=C(\C(=O)N[C@@H]1C(=O)N2C(C(=O)[O-])=C(C[n+]3ccccc3)CS[C@H]12)c1csc(N)n1)C(=O)O,0.0,0.3655039,
tdc_bioavailability_ma,"Chemprop v2 (D-MPNN + Selected descriptors, ensemble=3)",Chemprop v2,train,214,CCC1(c2cccc(O)c2)CCCCN(C)C1,0.0,0.69897676,
tdc_bioavailability_ma,"Chemprop v2 (D-MPNN + Selected descriptors, ensemble=3)",Chemprop v2,train,215,C[C@@H](O[C@H]1OCCN(Cc2n[nH]c(=O)[nH]2)[C@H]1c1ccc(F)cc1)c1cc(C(F)(F)F)cc(C(F)(F)F)c1,1.0,0.94374496,
tdc_bioavailability_ma,"Chemprop v2 (D-MPNN + Selected descriptors, ensemble=3)",Chemprop v2,train,216,CC1(C)S[C@@H]2[C@H](NC(=O)[C@H](C(=O)O)c3ccsc3)C(=O)N2[C@H]1C(=O)O,0.0,0.5805853,
tdc_bioavailability_ma,"Chemprop v2 (D-MPNN + Selected descriptors, ensemble=3)",Chemprop v2,train,217,COc1ccccc1N1CCN(CCCNc2cc(=O)n(C)c(=O)n2C)CC1,1.0,0.74183506,
tdc_bioavailability_ma,"Chemprop v2 (D-MPNN + Selected descriptors, ensemble=3)",Chemprop v2,train,218,NS(=O)(=O)c1cc(C(=O)O)c(NCc2ccco2)cc1Cl,1.0,0.89421016,
tdc_bioavailability_ma,"Chemprop v2 (D-MPNN + Selected descriptors, ensemble=3)",Chemprop v2,train,219,CCOC(=O)C1(c2ccccc2)CCN(C)CC1,1.0,0.78545374,
tdc_bioavailability_ma,"Chemprop v2 (D-MPNN + Selected descriptors, ensemble=3)",Chemprop v2,train,220,CCC(=O)C1(c2cccc(O)c2)CCN(C)CC1,1.0,0.70162505,
tdc_bioavailability_ma,"Chemprop v2 (D-MPNN + Selected descriptors, ensemble=3)",Chemprop v2,train,221,CN[C@@H]1CCc2[nH]c3ccc(C(N)=O)cc3c2C1,1.0,0.88787156,
tdc_bioavailability_ma,"Chemprop v2 (D-MPNN + Selected descriptors, ensemble=3)",Chemprop v2,train,222,CN1CCN(C(=O)OC2c3nccnc3C(=O)N2c2ccc(Cl)cn2)CC1,1.0,0.94140893,
tdc_bioavailability_ma,"Chemprop v2 (D-MPNN + Selected descriptors, ensemble=3)",Chemprop v2,train,223,CCOC(=O)[C@H](CCc1ccccc1)N[C@@H](C)C(=O)N1[C@H](C(=O)O)C[C@@H]2CCC[C@@H]21,1.0,0.681837,
tdc_bioavailability_ma,"Chemprop v2 (D-MPNN + Selected descriptors, ensemble=3)",Chemprop v2,train,224,CC(=O)O[C@H]1C[C@@H]2CC[C@@H]3[C@H](CC[C@@]4(C)[C@H]3C[C@H]([N+]3(C)CCCCC3)[C@@H]4OC(C)=O)[C@@]2(C)C[C@@H]1N1CCCCC1,0.0,0.044743065,
tdc_bioavailability_ma,"Chemprop v2 (D-MPNN + Selected descriptors, ensemble=3)",Chemprop v2,train,225,CC(C)C[C@H]1C(=O)N2CCC[C@H]2[C@]2(O)O[C@](NC(=O)[C@@H]3C=C4c5cccc6[nH]c(Br)c(c56)C[C@H]4N(C)C3)(C(C)C)C(=O)N12,0.0,0.050552737,
tdc_bioavailability_ma,"Chemprop v2 (D-MPNN + Selected descriptors, ensemble=3)",Chemprop v2,train,226,CCCNCC(O)COc1ccccc1C(=O)CCc1ccccc1,0.0,0.83773464,
tdc_bioavailability_ma,"Chemprop v2 (D-MPNN + Selected descriptors, ensemble=3)",Chemprop v2,train,227,CCCN(CCC)CCc1cccc2c1CC(=O)N2,1.0,0.7154334,
tdc_bioavailability_ma,"Chemprop v2 (D-MPNN + Selected descriptors, ensemble=3)",Chemprop v2,train,228,C[C@@H](O)[C@@H]1NC(=O)[C@H](CCCCN)NC(=O)[C@@H](Cc2c[nH]c3ccccc23)NC(=O)[C@H](Cc2ccccc2)NC(=O)[C@@H](NC(=O)[C@H](N)Cc2ccccc2)CSSC[C@@H](C(=O)N[C@H](CO)[C@@H](C)O)NC1=O,0.0,0.094228804,
tdc_bioavailability_ma,"Chemprop v2 (D-MPNN + Selected descriptors, ensemble=3)",Chemprop v2,train,229,CN(C)[C@@H]1C(O)=C(C(N)=O)C(=O)[C@@]2(O)C(O)=C3C(=O)c4c(O)ccc(Cl)c4[C@@](C)(O)[C@H]3C[C@@H]12,1.0,0.7928861,
tdc_bioavailability_ma,"Chemprop v2 (D-MPNN + Selected descriptors, ensemble=3)",Chemprop v2,train,230,CN(C)[C@@H]1C(O)=C(C(N)=O)C(=O)[C@@]2(O)C(O)=C3C(=O)c4c(O)ccc(Cl)c4[C@@H](O)[C@H]3C[C@@H]12,1.0,0.78187084,
tdc_bioavailability_ma,"Chemprop v2 (D-MPNN + Selected descriptors, ensemble=3)",Chemprop v2,train,231,CN(C)c1ccc(O)c2c1C[C@H]1C[C@H]3[C@H](N(C)C)C(O)=C(C(N)=O)C(=O)[C@@]3(O)C(O)=C1C2=O,1.0,0.5727327,
tdc_bioavailability_ma,"Chemprop v2 (D-MPNN + Selected descriptors, ensemble=3)",Chemprop v2,train,232,CN(C)[C@@H]1C(O)=C(C(N)=O)C(=O)[C@@]2(O)C(O)=C3C(=O)c4c(O)cccc4[C@@](C)(O)[C@H]3C[C@@H]12,1.0,0.7446421,
tdc_bioavailability_ma,"Chemprop v2 (D-MPNN + Selected descriptors, ensemble=3)",Chemprop v2,train,233,CN(C)[C@@H]1C(O)=C(C(N)=O)C(=O)[C@@]2(O)C(O)=C3C(=O)c4c(O)cccc4[C@@](C)(O)[C@H]3[C@H](O)[C@@H]12,1.0,0.39831743,
tdc_bioavailability_ma,"Chemprop v2 (D-MPNN + Selected descriptors, ensemble=3)",Chemprop v2,train,234,C[C@H]1c2cccc(O)c2C(=O)C2=C(O)[C@]3(O)C(=O)C(C(N)=O)=C(O)[C@@H](N(C)C)[C@@H]3[C@@H](O)[C@@H]21,1.0,0.47394407,
tdc_bioavailability_ma,"Chemprop v2 (D-MPNN + Selected descriptors, ensemble=3)",Chemprop v2,train,235,CN(C)CC/C=C1/c2ccccc2Sc2ccc(Cl)cc21,1.0,0.8938704,
tdc_bioavailability_ma,"Chemprop v2 (D-MPNN + Selected descriptors, ensemble=3)",Chemprop v2,train,236,CC1(C)O[C@@H]2[C@@H](CO[C@@]3(COS(N)(=O)=O)OC(C)(C)O[C@@H]23)O1,1.0,0.9092199,
tdc_bioavailability_ma,"Chemprop v2 (D-MPNN + Selected descriptors, ensemble=3)",Chemprop v2,train,237,Clc1ccc2c(c1)C(N1CCNCC1)=Nc1ccccc1O2,1.0,0.9278054,
tdc_bioavailability_ma,"Chemprop v2 (D-MPNN + Selected descriptors, ensemble=3)",Chemprop v2,train,238,COc1cc(OC)c(C(=O)CCCN2CCCC2)c(OC)c1,1.0,0.786146,
tdc_bioavailability_ma,"Chemprop v2 (D-MPNN + Selected descriptors, ensemble=3)",Chemprop v2,train,239,C[C@@H](NCCCc1cccc(C(F)(F)F)c1)c1cccc2ccccc12,0.0,0.8644886,
tdc_bioavailability_ma,"Chemprop v2 (D-MPNN + Selected descriptors, ensemble=3)",Chemprop v2,train,240,C[C@@H]1CN(c2c(F)c(N)c3c(=O)c(C(=O)O)cn(C4CC4)c3c2F)C[C@H](C)N1,1.0,0.92096025,
tdc_bioavailability_ma,"Chemprop v2 (D-MPNN + Selected descriptors, ensemble=3)",Chemprop v2,train,241,COc1c(N2CCNC(C)C2)c(F)cc2c(=O)c(C(=O)O)cn(C3CC3)c12,1.0,0.8908429,
tdc_bioavailability_ma,"Chemprop v2 (D-MPNN + Selected descriptors, ensemble=3)",Chemprop v2,train,242,O=C(O)c1cn(C2CC2)c2cc(N3CCNCC3)c(F)cc2c1=O,1.0,0.925414,
tdc_bioavailability_ma,"Chemprop v2 (D-MPNN + Selected descriptors, ensemble=3)",Chemprop v2,train,243,CCCN1C[C@H](CSC)C[C@@H]2c3cccc4[nH]cc(c34)C[C@H]21,1.0,0.7106144,
tdc_bioavailability_ma,"Chemprop v2 (D-MPNN + Selected descriptors, ensemble=3)",Chemprop v2,train,244,CCN(CC)C(=O)N[C@H]1C[C@@H]2c3cccc4[nH]cc(c34)C[C@H]2N(C)C1,0.0,0.85238594,
tdc_bioavailability_ma,"Chemprop v2 (D-MPNN + Selected descriptors, ensemble=3)",Chemprop v2,train,245,C=CCN1C[C@H](C(=O)N(CCCN(C)C)C(=O)NCC)C[C@@H]2c3cccc4[nH]cc(c34)C[C@H]21,1.0,0.8001973,
tdc_bioavailability_ma,"Chemprop v2 (D-MPNN + Selected descriptors, ensemble=3)",Chemprop v2,train,246,CC[C@@]1(O)C(=O)OCc2c1cc1n(c2=O)Cc2cc3c(CN(C)C)c(O)ccc3nc2-1,1.0,0.75270677,
tdc_bioavailability_ma,"Chemprop v2 (D-MPNN + Selected descriptors, ensemble=3)",Chemprop v2,train,247,O=c1[nH]c2ccccc2n1C1CCN(CCCC(c2ccc(F)cc2)c2ccc(F)cc2)CC1,1.0,0.6080984,
tdc_bioavailability_ma,"Chemprop v2 (D-MPNN + Selected descriptors, ensemble=3)",Chemprop v2,train,248,Clc1cccc(Cl)c1NC1=NCCN1,1.0,0.89561325,
tdc_bioavailability_ma,"Chemprop v2 (D-MPNN + Selected descriptors, ensemble=3)",Chemprop v2,train,249,N=C(N)NC(=O)c1nc(Cl)c(N)nc1N,1.0,0.7887147,
tdc_bioavailability_ma,"Chemprop v2 (D-MPNN + Selected descriptors, ensemble=3)",Chemprop v2,train,250,CCC(C(=O)O)c1ccc(N2Cc3ccccc3C2=O)cc1,1.0,0.9116387,
tdc_bioavailability_ma,"Chemprop v2 (D-MPNN + Selected descriptors, ensemble=3)",Chemprop v2,train,251,N[C@@H]1CN(c2c(F)cc3c(=O)c(C(=O)O)cn([C@@H]4C[C@@H]4F)c3c2Cl)CC12CC2.N[C@@H]1CN(c2c(F)cc3c(=O)c(C(=O)O)cn([C@@H]4C[C@@H]4F)c3c2Cl)CC12CC2.O.O.O,1.0,0.8413345,
tdc_bioavailability_ma,"Chemprop v2 (D-MPNN + Selected descriptors, ensemble=3)",Chemprop v2,train,252,CCc1cccc2cc(C(O)CNC(C)(C)C)oc12,1.0,0.9019591,
tdc_bioavailability_ma,"Chemprop v2 (D-MPNN + Selected descriptors, ensemble=3)",Chemprop v2,train,253,CC(C)(C)NC[C@H](O)COc1nsnc1N1CCOCC1,1.0,0.84063005,
tdc_bioavailability_ma,"Chemprop v2 (D-MPNN + Selected descriptors, ensemble=3)",Chemprop v2,train,254,CCc1cccc2c3c([nH]c12)C(CC)(CC(=O)O)OCC3,1.0,0.86102724,
tdc_bioavailability_ma,"Chemprop v2 (D-MPNN + Selected descriptors, ensemble=3)",Chemprop v2,train,255,CC1CN(c2cc3c(cc2F)c(=O)c(C(=O)O)cn3-c2ccc(F)cc2F)CCN1,1.0,0.9123141,
tdc_bioavailability_ma,"Chemprop v2 (D-MPNN + Selected descriptors, ensemble=3)",Chemprop v2,train,256,OC[C@H]1O[C@@H](O[C@@H]2[C@@H](CO)O[C@](O)(CO)[C@H]2O)[C@H](O)[C@@H](O)[C@H]1O,0.0,0.029509487,
tdc_bioavailability_ma,"Chemprop v2 (D-MPNN + Selected descriptors, ensemble=3)",Chemprop v2,train,257,OC[C@@H]1O[C@@](O)(CO)[C@H](O)[C@H]1O,1.0,0.2616141,
tdc_bioavailability_ma,"Chemprop v2 (D-MPNN + Selected descriptors, ensemble=3)",Chemprop v2,train,258,NS(=O)(=O)c1cc2c(cc1Cl)NC(CC1CCCC1)NS2(=O)=O,1.0,0.935837,
tdc_bioavailability_ma,"Chemprop v2 (D-MPNN + Selected descriptors, ensemble=3)",Chemprop v2,train,259,COc1cc(N)c(Cl)cc1C(=O)N[C@@H]1CCN(CCCOc2ccc(F)cc2)C[C@@H]1OC,1.0,0.4795378,
tdc_bioavailability_ma,"Chemprop v2 (D-MPNN + Selected descriptors, ensemble=3)",Chemprop v2,train,260,CCOc1ccccc1OCC1CNCCO1,1.0,0.86120963,
tdc_bioavailability_ma,"Chemprop v2 (D-MPNN + Selected descriptors, ensemble=3)",Chemprop v2,train,261,COC(=O)Nc1nc2ccc(C(=O)c3ccccc3)cc2[nH]1,1.0,0.8076337,
tdc_bioavailability_ma,"Chemprop v2 (D-MPNN + Selected descriptors, ensemble=3)",Chemprop v2,train,262,C[C@@H](O)[C@H]1C(=O)N2C(C(=O)O)=C(SCC/N=C/N)C[C@H]12,0.0,0.2850729,
tdc_bioavailability_ma,"Chemprop v2 (D-MPNN + Selected descriptors, ensemble=3)",Chemprop v2,train,263,Cn1c(CCCC(=O)O)nc2cc(N(CCCl)CCCl)ccc21,1.0,0.8960588,
tdc_bioavailability_ma,"Chemprop v2 (D-MPNN + Selected descriptors, ensemble=3)",Chemprop v2,train,264,COC(=O)C1=C(C)NC(C)=C(C(=O)OCCN(C)Cc2ccccc2)C1c1cccc([N+](=O)[O-])c1,1.0,0.7445962,
tdc_bioavailability_ma,"Chemprop v2 (D-MPNN + Selected descriptors, ensemble=3)",Chemprop v2,train,265,CC(C)Nc1cccnc1N1CCN(C(=O)c2cc3cc(NS(C)(=O)=O)ccc3[nH]2)CC1,1.0,0.8564884,
tdc_bioavailability_ma,"Chemprop v2 (D-MPNN + Selected descriptors, ensemble=3)",Chemprop v2,train,266,Nc1ccn([C@@H]2CS[C@H](CO)O2)c(=O)n1,1.0,0.7779575,
tdc_bioavailability_ma,"Chemprop v2 (D-MPNN + Selected descriptors, ensemble=3)",Chemprop v2,train,267,CN(C)CCC=C1c2ccccc2CCc2ccccc21,1.0,0.9054405,
tdc_bioavailability_ma,"Chemprop v2 (D-MPNN + Selected descriptors, ensemble=3)",Chemprop v2,train,268,CNCCC=C1c2ccccc2CCc2ccccc21,1.0,0.9000353,
tdc_bioavailability_ma,"Chemprop v2 (D-MPNN + Selected descriptors, ensemble=3)",Chemprop v2,train,269,CCOC(=O)C1(c2ccccc2)CCN(CCC(O)c2ccccc2)CC1,0.0,0.35441616,
tdc_bioavailability_ma,"Chemprop v2 (D-MPNN + Selected descriptors, ensemble=3)",Chemprop v2,train,270,CCC1(c2ccccc2)C(=O)NC(=O)NC1=O,1.0,0.89444494,
tdc_bioavailability_ma,"Chemprop v2 (D-MPNN + Selected descriptors, ensemble=3)",Chemprop v2,train,271,CCCCC1C(=O)N(c2ccccc2)N(c2ccccc2)C1=O,1.0,0.9232405,
tdc_bioavailability_ma,"Chemprop v2 (D-MPNN + Selected descriptors, ensemble=3)",Chemprop v2,train,272,Cc1ccc(-c2nc3ccc(C)cn3c2CC(=O)N(C)C)cc1,1.0,0.8911338,
tdc_bioavailability_ma,"Chemprop v2 (D-MPNN + Selected descriptors, ensemble=3)",Chemprop v2,train,273,C[C@H](CN1CCOCC1)C(C(=O)N1CCCC1)(c1ccccc1)c1ccccc1,1.0,0.3375527,
tdc_bioavailability_ma,"Chemprop v2 (D-MPNN + Selected descriptors, ensemble=3)",Chemprop v2,train,274,COc1ccc(CCNCC(O)COc2cccc(C)c2)cc1OC,1.0,0.6815142,
tdc_bioavailability_ma,"Chemprop v2 (D-MPNN + Selected descriptors, ensemble=3)",Chemprop v2,train,275,CN[C@@H]1[C@H](O[C@H]2[C@H](O[C@H]3[C@H](O)[C@@H](O)[C@H](NC(=N)N)[C@@H](O)[C@@H]3NC(=N)N)O[C@@H](C)[C@]2(O)C=O)O[C@@H](CO)[C@H](O)[C@H]1O,0.0,0.030562663,
tdc_bioavailability_ma,"Chemprop v2 (D-MPNN + Selected descriptors, ensemble=3)",Chemprop v2,train,276,COc1cc2c(N)nc(N3CCN(C(=O)OCC(C)(C)O)CC3)nc2c(OC)c1OC,1.0,0.9277847,
tdc_bioavailability_ma,"Chemprop v2 (D-MPNN + Selected descriptors, ensemble=3)",Chemprop v2,train,277,CCc1nn(CCCN2CCN(c3cccc(Cl)c3)CC2)c(=O)n1CCOc1ccccc1,0.0,0.54768556,
tdc_bioavailability_ma,"Chemprop v2 (D-MPNN + Selected descriptors, ensemble=3)",Chemprop v2,train,278,OCCN(CCO)c1nc(N2CCCCC2)c2nc(N(CCO)CCO)nc(N3CCCCC3)c2n1,1.0,0.6457972,
tdc_bioavailability_ma,"Chemprop v2 (D-MPNN + Selected descriptors, ensemble=3)",Chemprop v2,train,279,CC(C)(C(=O)O)c1ccc(C(O)CCCN2CCC(C(O)(c3ccccc3)c3ccccc3)CC2)cc1,1.0,0.3721954,
tdc_bioavailability_ma,"Chemprop v2 (D-MPNN + Selected descriptors, ensemble=3)",Chemprop v2,train,280,CC(C)(C)c1ccc(C(O)CCCN2CCC(C(O)(c3ccccc3)c3ccccc3)CC2)cc1,0.0,0.5576157,
tdc_bioavailability_ma,"Chemprop v2 (D-MPNN + Selected descriptors, ensemble=3)",Chemprop v2,train,281,COc1cccc([C@@]2(O)CCCC[C@@H]2CN(C)C)c1,1.0,0.7033538,
tdc_bioavailability_ma,"Chemprop v2 (D-MPNN + Selected descriptors, ensemble=3)",Chemprop v2,train,282,CCOC(=O)[C@H](CCc1ccccc1)N[C@H]1CCc2ccccc2N(CC(=O)O)C1=O,1.0,0.88862103,
tdc_bioavailability_ma,"Chemprop v2 (D-MPNN + Selected descriptors, ensemble=3)",Chemprop v2,train,283,CCc1nc(N)nc(N)c1-c1ccc(Cl)cc1,1.0,0.909203,
tdc_bioavailability_ma,"Chemprop v2 (D-MPNN + Selected descriptors, ensemble=3)",Chemprop v2,train,284,CN(C)CCC=C1c2ccccc2C=Cc2ccccc21,1.0,0.88402945,
tdc_bioavailability_ma,"Chemprop v2 (D-MPNN + Selected descriptors, ensemble=3)",Chemprop v2,train,285,CN1C(=O)NC(=O)C(C)(C2=CCCCC2)C1=O,1.0,0.8573355,
tdc_bioavailability_ma,"Chemprop v2 (D-MPNN + Selected descriptors, ensemble=3)",Chemprop v2,train,286,Cc1cc(O)c2c(=O)c3c(O)cc(O)c4c5c(O)cc(O)c6c(=O)c7c(O)cc(C)c8c1c2c(c34)c(c78)c65,0.0,0.6348763,
tdc_bioavailability_ma,"Chemprop v2 (D-MPNN + Selected descriptors, ensemble=3)",Chemprop v2,train,287,CC(C)COCC(CN(Cc1ccccc1)c1ccccc1)N1CCCC1,1.0,0.80782294,
tdc_bioavailability_ma,"Chemprop v2 (D-MPNN + Selected descriptors, ensemble=3)",Chemprop v2,train,288,CC[C@H](C)C(=O)O[C@H]1C[C@H](O)C=C2C=C[C@H](C)[C@H](CC[C@@H](O)C[C@@H](O)CC(=O)O)[C@H]21,0.0,0.13371037,
tdc_bioavailability_ma,"Chemprop v2 (D-MPNN + Selected descriptors, ensemble=3)",Chemprop v2,train,289,N#Cc1ccc(C(c2ccc(C#N)cc2)n2cncn2)cc1,1.0,0.90995437,
tdc_bioavailability_ma,"Chemprop v2 (D-MPNN + Selected descriptors, ensemble=3)",Chemprop v2,train,290,CCN1CC(CCN2CCOCC2)C(c2ccccc2)(c2ccccc2)C1=O,1.0,0.55072457,
tdc_bioavailability_ma,"Chemprop v2 (D-MPNN + Selected descriptors, ensemble=3)",Chemprop v2,train,291,COc1cc(NCc2ccc3nc(N)nc(N)c3c2C)cc(OC)c1OC,1.0,0.9158916,
tdc_bioavailability_ma,"Chemprop v2 (D-MPNN + Selected descriptors, ensemble=3)",Chemprop v2,train,292,CCCc1cc(=O)[nH]c(=S)[nH]1,1.0,0.7723234,
tdc_bioavailability_ma,"Chemprop v2 (D-MPNN + Selected descriptors, ensemble=3)",Chemprop v2,train,293,C#C[C@]1(O)CC[C@H]2[C@@H]3CCC4=CCCC[C@@H]4[C@H]3C(=C)C[C@@]21CC,0.0,0.6084365,
tdc_bioavailability_ma,"Chemprop v2 (D-MPNN + Selected descriptors, ensemble=3)",Chemprop v2,train,294,CC(C)c1nc(N(C)S(C)(=O)=O)nc(-c2ccc(F)cc2)c1/C=C/[C@@H](O)C[C@@H](O)CC(=O)O,0.0,0.823427,
tdc_bioavailability_ma,"Chemprop v2 (D-MPNN + Selected descriptors, ensemble=3)",Chemprop v2,train,295,Cc1onc(-c2ccccc2)c1-c1ccc(S(N)(=O)=O)cc1,1.0,0.9148957,
tdc_bioavailability_ma,"Chemprop v2 (D-MPNN + Selected descriptors, ensemble=3)",Chemprop v2,train,296,O=c1ccn([C@@H]2O[C@H](CO)[C@@H](O)[C@H]2O)c(=O)[nH]1,0.0,0.3563865,
tdc_bioavailability_ma,"Chemprop v2 (D-MPNN + Selected descriptors, ensemble=3)",Chemprop v2,train,297,Cc1cn([C@H]2C[C@H](N=[N+]=[N-])[C@@H](CO)O2)c(=O)[nH]c1=O,1.0,0.81446767,
tdc_bioavailability_ma,"Chemprop v2 (D-MPNN + Selected descriptors, ensemble=3)",Chemprop v2,train,298,CNCCCC1c2ccccc2C=Cc2ccccc21,1.0,0.8982982,
tdc_bioavailability_ma,"Chemprop v2 (D-MPNN + Selected descriptors, ensemble=3)",Chemprop v2,train,299,CC(C)(Cc1c[nH]c2ccccc12)NCC(O)COc1ccccc1C#N,1.0,0.851206,
tdc_bioavailability_ma,"Chemprop v2 (D-MPNN + Selected descriptors, ensemble=3)",Chemprop v2,train,300,OC(CCN1CCCCC1)(c1ccccc1)C1CC2C=CC1C2,1.0,0.76512814,
tdc_bioavailability_ma,"Chemprop v2 (D-MPNN + Selected descriptors, ensemble=3)",Chemprop v2,train,301,N[C@@H](C(=O)N[C@@H]1C(=O)N2C(C(=O)O)=C(CSc3c[nH]nn3)CS[C@H]12)c1ccc(O)cc1,1.0,0.74915665,
tdc_bioavailability_ma,"Chemprop v2 (D-MPNN + Selected descriptors, ensemble=3)",Chemprop v2,train,302,CCOC(=O)Nc1ccc(NCc2ccc(F)cc2)nc1N,1.0,0.90678066,
tdc_bioavailability_ma,"Chemprop v2 (D-MPNN + Selected descriptors, ensemble=3)",Chemprop v2,train,303,O=C1Cc2cc(CCN3CCN(c4nsc5ccccc45)CC3)c(Cl)cc2N1,1.0,0.6211516,
tdc_bioavailability_ma,"Chemprop v2 (D-MPNN + Selected descriptors, ensemble=3)",Chemprop v2,train,304,COCc1c(C(C)C)nc(C(C)C)c(/C=C/[C@@H](O)C[C@@H](O)CC(=O)O)c1-c1ccc(F)cc1,1.0,0.6398305,
tdc_bioavailability_ma,"Chemprop v2 (D-MPNN + Selected descriptors, ensemble=3)",Chemprop v2,train,305,O=C(O)c1cc(/N=N/c2ccc(S(=O)(=O)Nc3ccccn3)cc2)ccc1O,1.0,0.8516204,
tdc_bioavailability_ma,"Chemprop v2 (D-MPNN + Selected descriptors, ensemble=3)",Chemprop v2,train,306,COc1cc2ncnc(Nc3ccc(F)c(Cl)c3)c2cc1OCCCN1CCOCC1,1.0,0.668824,
tdc_bioavailability_ma,"Chemprop v2 (D-MPNN + Selected descriptors, ensemble=3)",Chemprop v2,train,307,COc1nc(C)nc(Cl)c1NC1=NCCN1,1.0,0.90860337,
tdc_bioavailability_ma,"Chemprop v2 (D-MPNN + Selected descriptors, ensemble=3)",Chemprop v2,train,308,CCOC(=O)C1=C[C@]2(CC)CCCN3CCc4c(n1c1ccccc41)[C@@H]32,0.0,0.5716481,
tdc_bioavailability_ma,"Chemprop v2 (D-MPNN + Selected descriptors, ensemble=3)",Chemprop v2,train,309,NCCCC[C@H](N[C@@H](CCc1ccccc1)C(=O)O)C(=O)N1CCC[C@H]1C(=O)O,1.0,0.60918075,
tdc_bioavailability_ma,"Chemprop v2 (D-MPNN + Selected descriptors, ensemble=3)",Chemprop v2,train,310,CCOC(=O)[C@H](CCc1ccccc1)N[C@@H](C)C(=O)N1CCC[C@H]1C(=O)O,1.0,0.8752169,
tdc_bioavailability_ma,"Chemprop v2 (D-MPNN + Selected descriptors, ensemble=3)",Chemprop v2,train,311,COC(=O)[C@H]1[C@H]2C[C@@H]3c4[nH]c5cc(OC)ccc5c4CCN3C[C@H]2C[C@@H](OC(=O)c2cc(OC)c(OC)c(OC)c2)[C@@H]1OC,1.0,0.13278818,
tdc_bioavailability_ma,"Chemprop v2 (D-MPNN + Selected descriptors, ensemble=3)",Chemprop v2,train,312,CCCCC[C@H](O)/C=C/[C@H]1[C@H](O)CC(=O)[C@@H]1CCCCCCC(=O)O,0.0,0.30306625,
tdc_bioavailability_ma,"Chemprop v2 (D-MPNN + Selected descriptors, ensemble=3)",Chemprop v2,train,313,CCCCC(C)(O)C/C=C/[C@H]1[C@H](O)CC(=O)[C@@H]1CCCCCCC(=O)OC,1.0,0.5174103,
tdc_bioavailability_ma,"Chemprop v2 (D-MPNN + Selected descriptors, ensemble=3)",Chemprop v2,train,314,CO[C@@]1(NC(=O)Cc2cccs2)C(=O)N2C(C(=O)O)=C(COC(N)=O)CS[C@@H]21,0.0,0.39424893,
tdc_bioavailability_ma,"Chemprop v2 (D-MPNN + Selected descriptors, ensemble=3)",Chemprop v2,train,315,C=CC[N@@+]12CC[C@@]34c5ccccc5N5/C=C6/[C@H]7C[C@H]8[C@@]9(CC[N@@+]8(CC=C)C/C7=C/CO)c7ccccc7N(/C=C(/[C@@H](C[C@@H]31)/C(=C\CO)C2)[C@H]54)[C@@H]69,0.0,0.011054977,
tdc_bioavailability_ma,"Chemprop v2 (D-MPNN + Selected descriptors, ensemble=3)",Chemprop v2,train,316,Cc1[nH]c(=O)c(C#N)cc1-c1ccncc1,1.0,0.8804934,
tdc_bioavailability_ma,"Chemprop v2 (D-MPNN + Selected descriptors, ensemble=3)",Chemprop v2,train,317,Nc1cc(-c2ccncc2)c[nH]c1=O,1.0,0.85304254,
tdc_bioavailability_ma,"Chemprop v2 (D-MPNN + Selected descriptors, ensemble=3)",Chemprop v2,train,318,CCC(C)n1ncn(-c2ccc(N3CCN(c4ccc(OC[C@H]5CO[C@](Cn6cncn6)(c6ccc(Cl)cc6Cl)O5)cc4)CC3)cc2)c1=O,1.0,0.4764813,
tdc_bioavailability_ma,"Chemprop v2 (D-MPNN + Selected descriptors, ensemble=3)",Chemprop v2,train,319,CC(C)c1nc(CN(C)C(=O)N[C@H](C(=O)N[C@@H](Cc2ccccc2)C[C@H](O)[C@H](Cc2ccccc2)NC(=O)OCc2cncs2)C(C)C)cs1,1.0,0.45935193,
tdc_bioavailability_ma,"Chemprop v2 (D-MPNN + Selected descriptors, ensemble=3)",Chemprop v2,train,320,CC(=O)CC(c1ccccc1)c1c(O)c2ccccc2oc1=O,1.0,0.8830945,
tdc_bioavailability_ma,"Chemprop v2 (D-MPNN + Selected descriptors, ensemble=3)",Chemprop v2,train,321,CN(C)CCOC(c1ccccc1)c1ccccc1,1.0,0.89367175,
tdc_bioavailability_ma,"Chemprop v2 (D-MPNN + Selected descriptors, ensemble=3)",Chemprop v2,train,322,Clc1ccc(C(c2ccccc2Cl)C(Cl)Cl)cc1,1.0,0.90079546,
tdc_bioavailability_ma,"Chemprop v2 (D-MPNN + Selected descriptors, ensemble=3)",Chemprop v2,train,323,Cc1ccccc1C(OCCN(C)C)c1ccccc1,1.0,0.9010313,
tdc_bioavailability_ma,"Chemprop v2 (D-MPNN + Selected descriptors, ensemble=3)",Chemprop v2,train,324,CCC(=O)C(CC(C)N(C)C)(c1ccccc1)c1ccccc1,1.0,0.85602474,
tdc_bioavailability_ma,"Chemprop v2 (D-MPNN + Selected descriptors, ensemble=3)",Chemprop v2,train,325,CC[N+](C)(C)C(C)CC(c1ccccc1)c1ccccc1,0.0,0.18315732,
tdc_bioavailability_ma,"Chemprop v2 (D-MPNN + Selected descriptors, ensemble=3)",Chemprop v2,train,326,CC(CC(c1ccccc1)c1ccccc1)NC(C)(C)C,1.0,0.9113667,
tdc_bioavailability_ma,"Chemprop v2 (D-MPNN + Selected descriptors, ensemble=3)",Chemprop v2,train,327,CNCCCCOc1ccccc1Cc1ccccc1,0.0,0.88708496,
tdc_bioavailability_ma,"Chemprop v2 (D-MPNN + Selected descriptors, ensemble=3)",Chemprop v2,train,328,OC(CCN1CCCC1)(c1ccccc1)C1CCCCC1,1.0,0.75653297,
tdc_bioavailability_ma,"Chemprop v2 (D-MPNN + Selected descriptors, ensemble=3)",Chemprop v2,train,329,CC#C[C@]1(O)CC[C@H]2[C@@H]3CCC4=CC(=O)CCC4=C3[C@@H](c3ccc(N(C)C)cc3)C[C@@]21C,1.0,0.85151196,
tdc_bioavailability_ma,"Chemprop v2 (D-MPNN + Selected descriptors, ensemble=3)",Chemprop v2,train,330,Nc1nc(N)c2nc(-c3ccccc3)c(N)nc2n1,1.0,0.89509416,
tdc_bioavailability_ma,"Chemprop v2 (D-MPNN + Selected descriptors, ensemble=3)",Chemprop v2,train,331,O=C1NC(=O)C(c2ccccc2)(c2ccccc2)N1,1.0,0.90393907,
tdc_bioavailability_ma,"Chemprop v2 (D-MPNN + Selected descriptors, ensemble=3)",Chemprop v2,train,332,CN1CCC[C@H]1c1cccnc1,1.0,0.85896236,
tdc_bioavailability_ma,"Chemprop v2 (D-MPNN + Selected descriptors, ensemble=3)",Chemprop v2,train,333,OCCOCCN1CCN(C2=Nc3ccccc3Sc3ccccc32)CC1,1.0,0.70683736,
tdc_bioavailability_ma,"Chemprop v2 (D-MPNN + Selected descriptors, ensemble=3)",Chemprop v2,train,334,OC(c1cc(C(F)(F)F)nc2c(C(F)(F)F)cccc12)C1CCCCN1,1.0,0.9187347,
tdc_bioavailability_ma,"Chemprop v2 (D-MPNN + Selected descriptors, ensemble=3)",Chemprop v2,train,335,Oc1ccc2c3c1O[C@H]1[C@@H](O)CC[C@@]4(O)[C@@H](C2)N(CC2CCC2)CC[C@]314,0.0,0.19044971,
tdc_bioavailability_ma,"Chemprop v2 (D-MPNN + Selected descriptors, ensemble=3)",Chemprop v2,train,336,O=c1nc[nH]c2c1ncn2[C@H]1CC[C@@H](CO)O1,1.0,0.8684022,
tdc_bioavailability_ma,"Chemprop v2 (D-MPNN + Selected descriptors, ensemble=3)",Chemprop v2,train,337,COc1ccc(OC)c(Cc2cnc3nc(N)nc(N)c3c2C)c1,1.0,0.92653275,
tdc_bioavailability_ma,"Chemprop v2 (D-MPNN + Selected descriptors, ensemble=3)",Chemprop v2,train,338,COc1cc(Cc2cnc(N)nc2N)cc(OC)c1OC,1.0,0.9231041,
tdc_bioavailability_ma,"Chemprop v2 (D-MPNN + Selected descriptors, ensemble=3)",Chemprop v2,train,339,C[C@@H]1[C@H](O)[C@@H](C)/C=C/C=C/CC/C=C/C=C/C=C/C=C/C(O[C@H]2O[C@H](C)[C@@H](O)[C@H](N)[C@@H]2O)CC2O[C@](O)(CC(O)C(O)CCC(O)CC(O)CC(O)CC(=O)O[C@H]1C)CC(O)C2C(=O)O,0.0,0.013183651,
tdc_bioavailability_ma,"Chemprop v2 (D-MPNN + Selected descriptors, ensemble=3)",Chemprop v2,train,340,NNc1nncc2ccccc12,1.0,0.8141331,
tdc_bioavailability_ma,"Chemprop v2 (D-MPNN + Selected descriptors, ensemble=3)",Chemprop v2,train,341,Nc1c2c(nc3ccccc13)CCCC2,1.0,0.87708086,
tdc_bioavailability_ma,"Chemprop v2 (D-MPNN + Selected descriptors, ensemble=3)",Chemprop v2,train,342,Cc1[nH]cnc1CN1CCc2c(c3ccccc3n2C)C1=O,1.0,0.7260737,
tdc_bioavailability_ma,"Chemprop v2 (D-MPNN + Selected descriptors, ensemble=3)",Chemprop v2,train,343,CNC1(c2ccccc2Cl)CCCCC1=O,0.0,0.9167864,
tdc_bioavailability_ma,"Chemprop v2 (D-MPNN + Selected descriptors, ensemble=3)",Chemprop v2,train,344,NC1CCN(c2c(F)cc3c(=O)c(C(=O)O)cn(C4CC4)c3c2Cl)C1,1.0,0.9302409,
tdc_bioavailability_ma,"Chemprop v2 (D-MPNN + Selected descriptors, ensemble=3)",Chemprop v2,train,345,CCCc1nn(C)c2c(=O)[nH]c(-c3cc(S(=O)(=O)N4CCN(C)CC4)ccc3OCC)nc12,1.0,0.91972065,
tdc_bioavailability_ma,"Chemprop v2 (D-MPNN + Selected descriptors, ensemble=3)",Chemprop v2,train,346,CS(=O)(=O)c1ccc2c(c1)N(CCCN1CCC(C(N)=O)CC1)c1ccccc1S2,0.0,0.8364728,
tdc_bioavailability_ma,"Chemprop v2 (D-MPNN + Selected descriptors, ensemble=3)",Chemprop v2,train,347,CN(C)S(=O)(=O)c1ccc2c(c1)N(CCCN1CCC(CCO)CC1)c1ccccc1S2,1.0,0.77911884,
tdc_bioavailability_ma,"Chemprop v2 (D-MPNN + Selected descriptors, ensemble=3)",Chemprop v2,train,348,CC(C)(C#N)c1cc(Cn2cncn2)cc(C(C)(C)C#N)c1,1.0,0.91111654,
tdc_bioavailability_ma,"Chemprop v2 (D-MPNN + Selected descriptors, ensemble=3)",Chemprop v2,train,349,C=C1C[C@@H]2[C@H](CC[C@]3(C)C(=O)CC[C@@H]23)[C@@]2(C)C=CC(=O)C=C12,1.0,0.49214634,
tdc_bioavailability_ma,"Chemprop v2 (D-MPNN + Selected descriptors, ensemble=3)",Chemprop v2,train,350,CCCC(C)C1(CC)C(=O)NC(=O)NC1=O,1.0,0.9006288,
tdc_bioavailability_ma,"Chemprop v2 (D-MPNN + Selected descriptors, ensemble=3)",Chemprop v2,train,351,CCC1(CCC(C)C)C(=O)NC(=O)NC1=O,1.0,0.8977491,
tdc_bioavailability_ma,"Chemprop v2 (D-MPNN + Selected descriptors, ensemble=3)",Chemprop v2,train,352,CN(CCOc1ccc(CC2SC(=O)NC2=O)cc1)c1ccccn1,1.0,0.9252289,
tdc_bioavailability_ma,"Chemprop v2 (D-MPNN + Selected descriptors, ensemble=3)",Chemprop v2,train,353,CC1COc2c(N3CCN(C)CC3)c(F)cc3c(=O)c(C(=O)O)cn1c23,1.0,0.9312539,
tdc_bioavailability_ma,"Chemprop v2 (D-MPNN + Selected descriptors, ensemble=3)",Chemprop v2,train,354,CCCCC1=NC2(CCCC2)C(=O)N1Cc1ccc(-c2ccccc2-c2nn[nH]n2)cc1,1.0,0.918787,
tdc_bioavailability_ma,"Chemprop v2 (D-MPNN + Selected descriptors, ensemble=3)",Chemprop v2,train,355,NS(=O)(=O)c1cc2c(cc1C(F)(F)F)NC(Cc1ccccc1)NS2(=O)=O,1.0,0.9348755,
tdc_bioavailability_ma,"Chemprop v2 (D-MPNN + Selected descriptors, ensemble=3)",Chemprop v2,train,356,CN1[C@@H]2CCC[C@H]1C[C@@H](NC(=O)c1nn(C)c3ccccc13)C2,1.0,0.93932605,
tdc_bioavailability_ma,"Chemprop v2 (D-MPNN + Selected descriptors, ensemble=3)",Chemprop v2,train,357,Cc1cccc(C)c1NC(=O)c1cc(S(N)(=O)=O)c(Cl)cc1O,1.0,0.9033117,
tdc_bioavailability_ma,"Chemprop v2 (D-MPNN + Selected descriptors, ensemble=3)",Chemprop v2,train,358,Cc1cnc(C(=O)O)c[n+]1[O-],1.0,0.7767766,
tdc_bioavailability_ma,"Chemprop v2 (D-MPNN + Selected descriptors, ensemble=3)",Chemprop v2,train,359,COC(=O)[C@@H]1[C@H]2C[C@H]3c4[nH]c5ccccc5c4CCN3C[C@@H]2CC[C@@H]1O,1.0,0.24656703,
tdc_bioavailability_ma,"Chemprop v2 (D-MPNN + Selected descriptors, ensemble=3)",Chemprop v2,train,360,NCC1(CC(=O)O)CCCCC1,1.0,0.7047207,
tdc_bioavailability_ma,"Chemprop v2 (D-MPNN + Selected descriptors, ensemble=3)",Chemprop v2,train,361,CC(C)(C)NCC(O)COc1cccc2c1CCC(=O)N2,1.0,0.8748556,
tdc_bioavailability_ma,"Chemprop v2 (D-MPNN + Selected descriptors, ensemble=3)",Chemprop v2,train,362,CNC(=O)Oc1ccc2c(c1)[C@]1(C)CCN(C)[C@@H]1N2C,0.0,0.63184553,
tdc_bioavailability_ma,"Chemprop v2 (D-MPNN + Selected descriptors, ensemble=3)",Chemprop v2,train,363,CCC(C)(C)C(=O)O[C@H]1C[C@@H](C)C=C2C=C[C@H](C)[C@H](CC[C@@H]3C[C@@H](O)CC(=O)O3)[C@H]21,0.0,0.4547757,
tdc_bioavailability_ma,"Chemprop v2 (D-MPNN + Selected descriptors, ensemble=3)",Chemprop v2,train,364,CC[C@H](C)C(=O)O[C@H]1C[C@@H](C)C=C2C=C[C@H](C)[C@H](CC[C@@H]3C[C@@H](O)CC(=O)O3)[C@H]21,0.0,0.5301406,
tdc_bioavailability_ma,"Chemprop v2 (D-MPNN + Selected descriptors, ensemble=3)",Chemprop v2,train,365,CNC1=Nc2ccc(Cl)cc2C(c2ccccc2)=[N+]([O-])C1,1.0,0.9008829,
tdc_bioavailability_ma,"Chemprop v2 (D-MPNN + Selected descriptors, ensemble=3)",Chemprop v2,train,366,CCOc1cc(CC(=O)N[C@@H](CC(C)C)c2ccccc2N2CCCCC2)ccc1C(=O)O,1.0,0.87521154,
tdc_bioavailability_ma,"Chemprop v2 (D-MPNN + Selected descriptors, ensemble=3)",Chemprop v2,train,367,CNC(=C[N+](=O)[O-])NCCSCc1csc(CN(C)C)n1,1.0,0.8256764,
tdc_bioavailability_ma,"Chemprop v2 (D-MPNN + Selected descriptors, ensemble=3)",Chemprop v2,train,368,NC(N)=Nc1nc(CSCCC(N)=NS(N)(=O)=O)cs1,1.0,0.7652107,
tdc_bioavailability_ma,"Chemprop v2 (D-MPNN + Selected descriptors, ensemble=3)",Chemprop v2,train,369,Cc1ncsc1CCCl,1.0,0.81191367,
tdc_bioavailability_ma,"Chemprop v2 (D-MPNN + Selected descriptors, ensemble=3)",Chemprop v2,train,370,CC(CN(C)C)CN1c2ccccc2CCc2ccccc21,1.0,0.9179737,
tdc_bioavailability_ma,"Chemprop v2 (D-MPNN + Selected descriptors, ensemble=3)",Chemprop v2,train,371,CN(C)CCCN1c2ccccc2CCc2ccc(Cl)cc21,1.0,0.92015797,
tdc_bioavailability_ma,"Chemprop v2 (D-MPNN + Selected descriptors, ensemble=3)",Chemprop v2,train,372,CNCCCN1c2ccccc2CCc2ccccc21,1.0,0.90182656,
tdc_bioavailability_ma,"Chemprop v2 (D-MPNN + Selected descriptors, ensemble=3)",Chemprop v2,train,373,CN(C)CCCN1c2ccccc2CCc2ccccc21,1.0,0.91089004,
tdc_bioavailability_ma,"Chemprop v2 (D-MPNN + Selected descriptors, ensemble=3)",Chemprop v2,train,374,Cc1ccnc2c1NC(=O)c1cccnc1N2C1CC1,1.0,0.9288128,
tdc_bioavailability_ma,"Chemprop v2 (D-MPNN + Selected descriptors, ensemble=3)",Chemprop v2,train,375,CN(CCCCCCN(C)C(=O)Oc1ccc[n+](C)c1)C(=O)Oc1ccc[n+](C)c1,0.0,0.25936294,
tdc_bioavailability_ma,"Chemprop v2 (D-MPNN + Selected descriptors, ensemble=3)",Chemprop v2,train,376,Cc1cnc(C(=O)NCCc2ccc(S(=O)(=O)NC(=O)NC3CCCCC3)cc2)cn1,1.0,0.9057608,
tdc_bioavailability_ma,"Chemprop v2 (D-MPNN + Selected descriptors, ensemble=3)",Chemprop v2,train,377,Nc1c(CC(=O)O)cccc1C(=O)c1ccc(Br)cc1,1.0,0.8432649,
tdc_bioavailability_ma,"Chemprop v2 (D-MPNN + Selected descriptors, ensemble=3)",Chemprop v2,train,378,CC(C(=O)O)c1cccc(C(=O)c2ccccc2)c1,1.0,0.86494064,
tdc_bioavailability_ma,"Chemprop v2 (D-MPNN + Selected descriptors, ensemble=3)",Chemprop v2,train,379,Cc1ccc(C(=O)c2cc(O)c(O)c([N+](=O)[O-])c2)cc1,1.0,0.7696168,
tdc_bioavailability_ma,"Chemprop v2 (D-MPNN + Selected descriptors, ensemble=3)",Chemprop v2,train,380,CC(CN1CCN(CCOCCO)CC1)CN1c2ccccc2Sc2ccccc21,0.0,0.46539417,
tdc_bioavailability_ma,"Chemprop v2 (D-MPNN + Selected descriptors, ensemble=3)",Chemprop v2,train,381,OCCN1CCN(CCCN2c3ccccc3Sc3ccc(Cl)cc32)CC1,1.0,0.7971716,
tdc_bioavailability_ma,"Chemprop v2 (D-MPNN + Selected descriptors, ensemble=3)",Chemprop v2,train,382,OCCN1CCN(CCCN2c3ccccc3Sc3ccc(C(F)(F)F)cc32)CC1,0.0,0.80486465,
tdc_bioavailability_ma,"Chemprop v2 (D-MPNN + Selected descriptors, ensemble=3)",Chemprop v2,train,383,CN1CCN(CCCN2c3ccccc3Sc3ccc(Cl)cc32)CC1,0.0,0.84486943,
tdc_bioavailability_ma,"Chemprop v2 (D-MPNN + Selected descriptors, ensemble=3)",Chemprop v2,train,384,NC(=O)N1c2ccccc2CC(=O)c2ccccc21,1.0,0.88945633,
tdc_bioavailability_ma,"Chemprop v2 (D-MPNN + Selected descriptors, ensemble=3)",Chemprop v2,train,385,CC(CCc1ccccc1)NCC(O)c1ccc(O)c(C(N)=O)c1,1.0,0.8444746,
tdc_bioavailability_ma,"Chemprop v2 (D-MPNN + Selected descriptors, ensemble=3)",Chemprop v2,train,386,C[C@H]1O[C@H](O[C@H]2[C@H](O)[C@@H](O)[C@@H](O[C@@H]([C@H](O)[C@@H](O)C=O)[C@H](O)CO)O[C@@H]2CO)[C@H](O)[C@@H](O)[C@@H]1N[C@H]1C=C(CO)[C@@H](O)[C@H](O)[C@H]1O,0.0,0.010191944,
tdc_bioavailability_ma,"Chemprop v2 (D-MPNN + Selected descriptors, ensemble=3)",Chemprop v2,train,387,CN(C)CCCN1c2ccccc2Sc2ccc(Cl)cc21,1.0,0.9116955,
tdc_bioavailability_ma,"Chemprop v2 (D-MPNN + Selected descriptors, ensemble=3)",Chemprop v2,train,388,CCC(=O)c1ccc2c(c1)N(CC(C)N(C)C)c1ccccc1S2,1.0,0.9051361,
tdc_bioavailability_ma,"Chemprop v2 (D-MPNN + Selected descriptors, ensemble=3)",Chemprop v2,train,389,COc1ccc2c(c1)N(C[C@H](C)CN(C)C)c1ccccc1S2,1.0,0.917995,
tdc_bioavailability_ma,"Chemprop v2 (D-MPNN + Selected descriptors, ensemble=3)",Chemprop v2,train,390,CC(CN1c2ccccc2Sc2ccccc21)N(C)C,1.0,0.9078682,
tdc_bioavailability_ma,"Chemprop v2 (D-MPNN + Selected descriptors, ensemble=3)",Chemprop v2,train,391,CCCCc1nc(Cl)c(CO)n1Cc1ccc(-c2ccccc2-c2nn[nH]n2)cc1,1.0,0.77713585,
tdc_bioavailability_ma,"Chemprop v2 (D-MPNN + Selected descriptors, ensemble=3)",Chemprop v2,train,392,O=C1OC2(c3ccc(O)cc3Oc3cc(O)ccc32)c2ccccc21,1.0,0.8773465,
tdc_bioavailability_ma,"Chemprop v2 (D-MPNN + Selected descriptors, ensemble=3)",Chemprop v2,train,393,Nc1c(Br)cc(Br)cc1CN[C@H]1CC[C@H](O)CC1,1.0,0.78715515,
tdc_bioavailability_ma,"Chemprop v2 (D-MPNN + Selected descriptors, ensemble=3)",Chemprop v2,train,394,CC1(C)S[C@@H]2[C@H](NC(=O)[C@H](NC(=O)N3CCNC3=O)c3ccccc3)C(=O)N2[C@H]1C(=O)O,0.0,0.6158726,
tdc_bioavailability_ma,"Chemprop v2 (D-MPNN + Selected descriptors, ensemble=3)",Chemprop v2,train,395,COc1cc2nc(N3CCN(C(=O)C4COc5ccccc5O4)CC3)nc(N)c2cc1OC,1.0,0.78859824,
tdc_bioavailability_ma,"Chemprop v2 (D-MPNN + Selected descriptors, ensemble=3)",Chemprop v2,train,396,C[C@@H]1O[C@@H]1P(=O)(O)O,1.0,0.6413147,
tdc_bioavailability_ma,"Chemprop v2 (D-MPNN + Selected descriptors, ensemble=3)",Chemprop v2,train,397,OCC(S)CS,0.0,0.66305715,
tdc_bioavailability_ma,"Chemprop v2 (D-MPNN + Selected descriptors, ensemble=3)",Chemprop v2,train,398,CC[C@@H](CO)NCCN[C@@H](CC)CO,1.0,0.55477667,
tdc_bioavailability_ma,"Chemprop v2 (D-MPNN + Selected descriptors, ensemble=3)",Chemprop v2,train,399,CN(C)C(=N)NC(=N)N,1.0,0.68049353,
tdc_bioavailability_ma,"Chemprop v2 (D-MPNN + Selected descriptors, ensemble=3)",Chemprop v2,train,400,N[C@@H](CCS)C(=O)O,1.0,0.6586047,
tdc_bioavailability_ma,"Chemprop v2 (D-MPNN + Selected descriptors, ensemble=3)",Chemprop v2,train,401,CS(=O)(=O)OCCCCOS(C)(=O)=O,1.0,0.7793643,
tdc_bioavailability_ma,"Chemprop v2 (D-MPNN + Selected descriptors, ensemble=3)",Chemprop v2,train,402,CC(C)(S)[C@@H](N)C(=O)O,1.0,0.7645361,
tdc_bioavailability_ma,"Chemprop v2 (D-MPNN + Selected descriptors, ensemble=3)",Chemprop v2,train,403,CCO,1.0,0.63989854,
tdc_bioavailability_ma,"Chemprop v2 (D-MPNN + Selected descriptors, ensemble=3)",Chemprop v2,train,404,OC[C@@H](O)[C@@H](O)[C@H](O)[C@H](O)CO,0.0,0.17041226,
tdc_bioavailability_ma,"Chemprop v2 (D-MPNN + Selected descriptors, ensemble=3)",Chemprop v2,train,405,NCCCC(N)(C(=O)O)C(F)F,1.0,0.8164181,
tdc_bioavailability_ma,"Chemprop v2 (D-MPNN + Selected descriptors, ensemble=3)",Chemprop v2,train,406,CC(S)C(=O)NCC(=O)O,1.0,0.49623498,
tdc_bioavailability_ma,"Chemprop v2 (D-MPNN + Selected descriptors, ensemble=3)",Chemprop v2,train,407,NC(=O)NO,1.0,0.6484134,
tdc_bioavailability_ma,"Chemprop v2 (D-MPNN + Selected descriptors, ensemble=3)",Chemprop v2,train,408,C=CC(N)CCC(=O)O,1.0,0.7678662,
tdc_bioavailability_ma,"Chemprop v2 (D-MPNN + Selected descriptors, ensemble=3)",Chemprop v2,train,409,CC(=O)N[C@@H](CS)C(=O)O,0.0,0.7151737,
tdc_bioavailability_ma,"Chemprop v2 (D-MPNN + Selected descriptors, ensemble=3)",Chemprop v2,train,410,CCCCCN(C)CCC(O)(P(=O)(O)O)P(=O)(O)O,0.0,0.23816216,
tdc_bioavailability_ma,"Chemprop v2 (D-MPNN + Selected descriptors, ensemble=3)",Chemprop v2,train,411,CC(=O)NCCCS(=O)(=O)O,0.0,0.5254982,
tdc_bioavailability_ma,"Chemprop v2 (D-MPNN + Selected descriptors, ensemble=3)",Chemprop v2,train,412,O=C(O)P(=O)(O)O,0.0,0.6712706,
tdc_bioavailability_ma,"Chemprop v2 (D-MPNN + Selected descriptors, ensemble=3)",Chemprop v2,train,413,CS(=O)(=O)OC[C@H](O)[C@@H](O)COS(C)(=O)=O,1.0,0.7134609,
tdc_bioavailability_ma,"Chemprop v2 (D-MPNN + Selected descriptors, ensemble=3)",Chemprop v2,train,414,CC(C)c1c(C(=O)Nc2ccccc2)c(-c2ccccc2)c(-c2ccc(F)cc2)n1CC[C@@H](O)C[C@@H](O)CC(=O)O,0.0,0.46790215,
tdc_bioavailability_ma,"Chemprop v2 (D-MPNN + Selected descriptors, ensemble=3)",Chemprop v2,train,415,Cc1c(C)c2c(c(C)c1O)CCC(C)(COc1ccc(CC3SC(=O)NC3=O)cc1)O2,1.0,0.8570468,
tdc_bioavailability_ma,"Chemprop v2 (D-MPNN + Selected descriptors, ensemble=3)",Chemprop v2,train,416,O=c1ccc2ccccc2o1,0.0,0.80096656,
tdc_bioavailability_ma,"Chemprop v2 (D-MPNN + Selected descriptors, ensemble=3)",Chemprop v2,train,417,CC[C@H]1OC(=O)[C@H](C)[C@@H](O[C@H]2C[C@@](C)(OC)[C@@H](O)[C@H](C)O2)[C@H](C)[C@@H](O[C@@H]2O[C@H](C)C[C@H](N(C)C)[C@H]2O)[C@](C)(O)C[C@@H](C)CN(C)[C@H](C)[C@@H](O)[C@]1(C)O,1.0,0.49078944,
tdc_bioavailability_ma,"Chemprop v2 (D-MPNN + Selected descriptors, ensemble=3)",Chemprop v2,train,418,O=P1(NCCCl)OCCCN1CCCl,1.0,0.8892713,
tdc_bioavailability_ma,"Chemprop v2 (D-MPNN + Selected descriptors, ensemble=3)",Chemprop v2,train,419,O=P1(N(CCCl)CCCl)NCCCO1,1.0,0.8844409,
tdc_bioavailability_ma,"Chemprop v2 (D-MPNN + Selected descriptors, ensemble=3)",Chemprop v2,train,420,CCN(C(C)=O)c1cccc(-c2ccnc3c(C#N)cnn23)c1,1.0,0.91072434,
tdc_bioavailability_ma,"Chemprop v2 (D-MPNN + Selected descriptors, ensemble=3)",Chemprop v2,train,421,CC(C)(Sc1cc(C(C)(C)C)c(O)c(C(C)(C)C)c1)Sc1cc(C(C)(C)C)c(O)c(C(C)(C)C)c1,0.0,0.8709707,
tdc_bioavailability_ma,"Chemprop v2 (D-MPNN + Selected descriptors, ensemble=3)",Chemprop v2,train,422,CN(c1nccc(=O)[nH]1)C1CCN(c2nc3ccccc3n2Cc2ccc(F)cc2)CC1,1.0,0.9239872,
tdc_bioavailability_ma,"Chemprop v2 (D-MPNN + Selected descriptors, ensemble=3)",Chemprop v2,train,423,COC(=O)C1=C(C)NC(C)=C(C(=O)OC(C)C)C1c1cccc2nonc12,0.0,0.70879775,
tdc_bioavailability_ma,"Chemprop v2 (D-MPNN + Selected descriptors, ensemble=3)",Chemprop v2,train,424,c1ccc([C@H]2CN3CCSC3=N2)cc1,1.0,0.82414645,
tdc_bioavailability_ma,"Chemprop v2 (D-MPNN + Selected descriptors, ensemble=3)",Chemprop v2,train,425,COc1cc2nc(N3CCN(C(=O)C4CCCO4)CC3)nc(N)c2cc1OC,1.0,0.9470601,
tdc_bioavailability_ma,"Chemprop v2 (D-MPNN + Selected descriptors, ensemble=3)",Chemprop v2,train,426,CCOC(=O)n1ccn(C)c1=S,0.0,0.7637775,
tdc_bioavailability_ma,"Chemprop v2 (D-MPNN + Selected descriptors, ensemble=3)",Chemprop v2,train,427,Cn1cc[nH]c1=S,1.0,0.76862353,
tdc_bioavailability_ma,"Chemprop v2 (D-MPNN + Selected descriptors, ensemble=3)",Chemprop v2,train,428,CC(C)(C)NC(=O)[C@@H]1CN(Cc2cccnc2)CCN1C[C@@H](O)C[C@@H](Cc1ccccc1)C(=O)N[C@H]1c2ccccc2C[C@H]1O,0.0,0.24183303,
tdc_bioavailability_ma,"Chemprop v2 (D-MPNN + Selected descriptors, ensemble=3)",Chemprop v2,train,429,CN(C)C(=O)Oc1ccc[n+](C)c1,0.0,0.63682985,
tdc_bioavailability_ma,"Chemprop v2 (D-MPNN + Selected descriptors, ensemble=3)",Chemprop v2,train,430,Cc1ccc(Nc2c(F)cccc2Cl)c(CC(=O)O)c1,1.0,0.9001746,
tdc_bioavailability_ma,"Chemprop v2 (D-MPNN + Selected descriptors, ensemble=3)",Chemprop v2,train,431,O=C(O)Cc1ccccc1Nc1c(Cl)cccc1Cl,1.0,0.89881426,
tdc_bioavailability_ma,"Chemprop v2 (D-MPNN + Selected descriptors, ensemble=3)",Chemprop v2,train,432,COc1ccc2c3c1O[C@H]1C[C@@H](O)C=C[C@@]31CCN(C)C2,1.0,0.90767574,
tdc_bioavailability_ma,"Chemprop v2 (D-MPNN + Selected descriptors, ensemble=3)",Chemprop v2,train,433,O=C1C(CCS(=O)c2ccccc2)C(=O)N(c2ccccc2)N1c1ccccc1,1.0,0.9151077,
tdc_bioavailability_ma,"Chemprop v2 (D-MPNN + Selected descriptors, ensemble=3)",Chemprop v2,train,434,CN1C(C(=O)Nc2ccccn2)=C(O)c2sccc2S1(=O)=O,1.0,0.8986969,
tdc_bioavailability_ma,"Chemprop v2 (D-MPNN + Selected descriptors, ensemble=3)",Chemprop v2,train,435,CCCN[C@H]1CCc2nc(N)sc2C1,1.0,0.88398784,
tdc_bioavailability_ma,"Chemprop v2 (D-MPNN + Selected descriptors, ensemble=3)",Chemprop v2,train,436,O=C(O)CCc1nc(-c2ccccc2)c(-c2ccccc2)o1,1.0,0.87219286,
tdc_bioavailability_ma,"Chemprop v2 (D-MPNN + Selected descriptors, ensemble=3)",Chemprop v2,train,437,O=C(C1CCCCC1)N1CC(=O)N2CCc3ccccc3C2C1,0.0,0.61798054,
tdc_bioavailability_ma,"Chemprop v2 (D-MPNN + Selected descriptors, ensemble=3)",Chemprop v2,train,438,C=CC1=C(C(=O)O)N2C(=O)[C@@H](NC(=O)/C(=N\O)c3csc(N)n3)[C@H]2SC1,1.0,0.6344567,
tdc_bioavailability_ma,"Chemprop v2 (D-MPNN + Selected descriptors, ensemble=3)",Chemprop v2,train,439,C=CC1=C(C(=O)O)N2C(=O)[C@@H](NC(=O)/C(=N\OCC(=O)O)c3csc(N)n3)[C@H]2SC1,1.0,0.4888374,
tdc_bioavailability_ma,"Chemprop v2 (D-MPNN + Selected descriptors, ensemble=3)",Chemprop v2,train,440,CO/N=C(\C(=O)N[C@@H]1C(=O)N2C(C(=O)O)=CCS[C@H]12)c1csc(N)n1,0.0,0.5835493,
tdc_bioavailability_ma,"Chemprop v2 (D-MPNN + Selected descriptors, ensemble=3)",Chemprop v2,train,441,O=c1n(CCCN2CCN(c3cccc(Cl)c3)CC2)nc2ccccn12,1.0,0.8352278,
tdc_bioavailability_ma,"Chemprop v2 (D-MPNN + Selected descriptors, ensemble=3)",Chemprop v2,train,442,CC(=O)S[C@@H]1CC2=CC(=O)CC[C@]2(C)[C@H]2CC[C@@]3(C)[C@@H](CC[C@@]34CCC(=O)O4)[C@H]12,1.0,0.69838524,
tdc_bioavailability_ma,"Chemprop v2 (D-MPNN + Selected descriptors, ensemble=3)",Chemprop v2,train,443,CN(C)CCc1c[nH]c2ccc(CS(=O)(=O)N3CCCC3)cc12,1.0,0.9083193,
tdc_bioavailability_ma,"Chemprop v2 (D-MPNN + Selected descriptors, ensemble=3)",Chemprop v2,train,444,CC1(C)S[C@@H]2[C@H](NC(=O)[C@H](N)c3ccccc3)C(=O)N2[C@H]1C(=O)O,1.0,0.763881,
tdc_bioavailability_ma,"Chemprop v2 (D-MPNN + Selected descriptors, ensemble=3)",Chemprop v2,train,445,CC1(C)S[C@@H]2[C@H](NC(=O)[C@H](N)c3ccc(O)cc3)C(=O)N2[C@H]1C(=O)O,1.0,0.69583297,
tdc_bioavailability_ma,"Chemprop v2 (D-MPNN + Selected descriptors, ensemble=3)",Chemprop v2,train,446,CC1(C)S[C@@H]2[C@H](NC(=O)[C@H](N=[N+]=[N-])c3ccccc3)C(=O)N2[C@H]1C(=O)O,1.0,0.67823577,
tdc_bioavailability_ma,"Chemprop v2 (D-MPNN + Selected descriptors, ensemble=3)",Chemprop v2,train,447,CCOC(=O)[N-]c1c[n+](N2CCOCC2)no1,1.0,0.900582,
tdc_bioavailability_ma,"Chemprop v2 (D-MPNN + Selected descriptors, ensemble=3)",Chemprop v2,train,448,COc1ccnc(CS(=O)c2nc3ccc(OC(F)F)cc3[nH]2)c1OC,1.0,0.9157817,
tdc_bioavailability_ma,"Chemprop v2 (D-MPNN + Selected descriptors, ensemble=3)",Chemprop v2,train,449,COc1ccc2nc(S(=O)Cc3ncc(C)c(OC)c3C)[nH]c2c1,1.0,0.91637784,
tdc_bioavailability_ma,"Chemprop v2 (D-MPNN + Selected descriptors, ensemble=3)",Chemprop v2,train,450,Cc1c(OCC(F)(F)F)ccnc1CS(=O)c1nc2ccccc2[nH]1,1.0,0.92501515,
tdc_bioavailability_ma,"Chemprop v2 (D-MPNN + Selected descriptors, ensemble=3)",Chemprop v2,train,451,COCCCOc1ccnc(CS(=O)c2nc3ccccc3[nH]2)c1C,1.0,0.7966786,
tdc_bioavailability_ma,"Chemprop v2 (D-MPNN + Selected descriptors, ensemble=3)",Chemprop v2,train,452,CN1CC[C@]23c4c5ccc(O)c4O[C@H]2C(=O)CC[C@H]3[C@H]1C5,1.0,0.8385127,
tdc_bioavailability_ma,"Chemprop v2 (D-MPNN + Selected descriptors, ensemble=3)",Chemprop v2,train,453,COc1ccc2c3c1O[C@H]1C(=O)CC[C@@]4(O)[C@@H](C2)N(C)CC[C@]314,1.0,0.71730876,
tdc_bioavailability_ma,"Chemprop v2 (D-MPNN + Selected descriptors, ensemble=3)",Chemprop v2,train,454,C=CCN1CC[C@]23c4c5ccc(O)c4O[C@H]2C(=O)CC[C@@]3(O)[C@H]1C5,0.0,0.5984923,
tdc_bioavailability_ma,"Chemprop v2 (D-MPNN + Selected descriptors, ensemble=3)",Chemprop v2,train,455,CC(=O)NC[C@H]1CN(c2ccc(N3CCOCC3)c(F)c2)C(=O)O1,1.0,0.93709534,
tdc_bioavailability_ma,"Chemprop v2 (D-MPNN + Selected descriptors, ensemble=3)",Chemprop v2,train,456,CC/C(=C(\c1ccccc1)c1ccc(OCCN(C)C)cc1)c1ccccc1,1.0,0.83912563,
tdc_bioavailability_ma,"Chemprop v2 (D-MPNN + Selected descriptors, ensemble=3)",Chemprop v2,train,457,CN(C)CCOc1ccc(/C(=C(/CCCl)c2ccccc2)c2ccccc2)cc1,1.0,0.81322783,
tdc_bioavailability_ma,"Chemprop v2 (D-MPNN + Selected descriptors, ensemble=3)",Chemprop v2,train,458,CCC(CO)NC(=O)[C@@H]1C=C2c3cccc4c3c(cn4C)C[C@H]2N(C)C1,0.0,0.20973136,
tdc_bioavailability_ma,"Chemprop v2 (D-MPNN + Selected descriptors, ensemble=3)",Chemprop v2,train,459,CCN(CC)C(=O)N[C@H]1C=C2c3cccc4[nH]cc(c34)C[C@H]2N(C)C1,0.0,0.39573336,
tdc_bioavailability_ma,"Chemprop v2 (D-MPNN + Selected descriptors, ensemble=3)",Chemprop v2,train,460,CCN(CC)CC#CCOC(=O)C(O)(c1ccccc1)C1CCCCC1,0.0,0.63097274,
tdc_bioavailability_ma,"Chemprop v2 (D-MPNN + Selected descriptors, ensemble=3)",Chemprop v2,train,461,COc1ccc(C(CN(C)C)C2(O)CCCCC2)cc1,1.0,0.6311639,
tdc_bioavailability_ma,"Chemprop v2 (D-MPNN + Selected descriptors, ensemble=3)",Chemprop v2,train,462,C[C@H]1[C@H](NC(=O)/C(=N\OC(C)(C)C(=O)O)c2csc([NH3+])n2)C(=O)N1S(=O)(=O)[O-],0.0,0.123156406,
tdc_bioavailability_ma,"Chemprop v2 (D-MPNN + Selected descriptors, ensemble=3)",Chemprop v2,train,463,Nc1nc2c(ncn2COC(CO)CO)c(=O)[nH]1,0.0,0.5855705,
tdc_bioavailability_ma,"Chemprop v2 (D-MPNN + Selected descriptors, ensemble=3)",Chemprop v2,train,464,NS(=O)(=O)c1cc(C2(O)NC(=O)c3ccccc32)ccc1Cl,1.0,0.8896439,
tdc_bioavailability_ma,"Chemprop v2 (D-MPNN + Selected descriptors, ensemble=3)",Chemprop v2,train,465,Oc1ncnc2[nH]ncc12,1.0,0.80426806,
tdc_bioavailability_ma,"Chemprop v2 (D-MPNN + Selected descriptors, ensemble=3)",Chemprop v2,train,466,NS(=O)(=O)c1cc(-c2nn[nH]n2)c(NCc2cccs2)cc1Cl,0.0,0.8681774,
tdc_bioavailability_ma,"Chemprop v2 (D-MPNN + Selected descriptors, ensemble=3)",Chemprop v2,train,467,CC1Cc2ccccc2N1NC(=O)c1ccc(Cl)c(S(N)(=O)=O)c1,1.0,0.8910532,
tdc_bioavailability_ma,"Chemprop v2 (D-MPNN + Selected descriptors, ensemble=3)",Chemprop v2,train,468,Cc1ccc(NC(=O)c2ccc(CN3CCN(C)CC3)cc2)cc1Nc1nccc(-c2cccnc2)n1,1.0,0.7605605,
tdc_bioavailability_ma,"Chemprop v2 (D-MPNN + Selected descriptors, ensemble=3)",Chemprop v2,train,469,CN1[C@@H]2CC[C@H]1C[C@@H](OC(=O)C(CO)c1ccccc1)C2,1.0,0.8953263,
tdc_bioavailability_ma,"Chemprop v2 (D-MPNN + Selected descriptors, ensemble=3)",Chemprop v2,train,470,CCc1ccc(CCOc2ccc(CC3SC(=O)NC3=O)cc2)nc1,1.0,0.92425203,
tdc_bioavailability_ma,"Chemprop v2 (D-MPNN + Selected descriptors, ensemble=3)",Chemprop v2,train,471,COc1cc([C@@H]2c3cc4c(cc3[C@@H](O[C@@H]3O[C@@H]5CO[C@@H](C)O[C@H]5[C@H](O)[C@H]3O)[C@H]3COC(=O)[C@H]23)OCO4)cc(OC)c1O,1.0,0.40907523,
tdc_bioavailability_ma,"Chemprop v2 (D-MPNN + Selected descriptors, ensemble=3)",Chemprop v2,train,472,Nc1[nH]c(=O)ncc1F,1.0,0.798731,
tdc_bioavailability_ma,"Chemprop v2 (D-MPNN + Selected descriptors, ensemble=3)",Chemprop v2,train,473,CN1[C@@H]2C[C@@H](OC(=O)[C@H](CO)c3ccccc3)C[C@H]1[C@@H]1O[C@@H]12,1.0,0.6067392,
tdc_bioavailability_ma,"Chemprop v2 (D-MPNN + Selected descriptors, ensemble=3)",Chemprop v2,train,474,CC(C)[C@H]1CC[C@H](C(=O)N[C@H](Cc2ccccc2)C(=O)O)CC1,1.0,0.8587087,
tdc_bioavailability_ma,"Chemprop v2 (D-MPNN + Selected descriptors, ensemble=3)",Chemprop v2,train,475,CSc1ccc(C(=O)c2[nH]c(=O)[nH]c2C)cc1,1.0,0.8538968,
tdc_bioavailability_ma,"Chemprop v2 (D-MPNN + Selected descriptors, ensemble=3)",Chemprop v2,train,476,CCC[C@@H]1C[C@@H](C(=O)NC(C(C)Cl)[C@H]2O[C@H](SC)[C@H](O)[C@@H](O)[C@H]2O)N(C)C1,1.0,0.3874805,
tdc_bioavailability_ma,"Chemprop v2 (D-MPNN + Selected descriptors, ensemble=3)",Chemprop v2,train,477,CCC[C@@H]1C[C@@H](C(=O)N[C@@H]([C@H]2O[C@H](SC)[C@H](O)[C@@H](O)[C@H]2O)[C@@H](C)O)N(C)C1,1.0,0.2573022,
tdc_bioavailability_ma,"Chemprop v2 (D-MPNN + Selected descriptors, ensemble=3)",Chemprop v2,train,478,CC(=O)Nc1nnc(S(N)(=O)=O)s1,1.0,0.7901087,
tdc_bioavailability_ma,"Chemprop v2 (D-MPNN + Selected descriptors, ensemble=3)",Chemprop v2,train,479,CN1C(C(=O)Nc2ccccn2)=C(O)c2ccccc2S1(=O)=O,1.0,0.9106512,
tdc_bioavailability_ma,"Chemprop v2 (D-MPNN + Selected descriptors, ensemble=3)",Chemprop v2,train,480,CC(C)NCC(O)COc1cccc2[nH]ccc12,1.0,0.8129206,
tdc_bioavailability_ma,"Chemprop v2 (D-MPNN + Selected descriptors, ensemble=3)",Chemprop v2,train,481,COc1ccc2[nH]cc(CCNC(C)=O)c2c1,0.0,0.87947243,
tdc_bioavailability_ma,"Chemprop v2 (D-MPNN + Selected descriptors, ensemble=3)",Chemprop v2,train,482,Cc1cc2c(OCC(O)CNC(C)C)cccc2[nH]1,1.0,0.8233662,
tdc_bioavailability_ma,"Chemprop v2 (D-MPNN + Selected descriptors, ensemble=3)",Chemprop v2,train,483,CNS(=O)(=O)Cc1ccc2[nH]cc(CCN(C)C)c2c1,0.0,0.8795841,
tdc_bioavailability_ma,"Chemprop v2 (D-MPNN + Selected descriptors, ensemble=3)",Chemprop v2,train,484,Cc1ncc([N+](=O)[O-])n1CCO,1.0,0.77779645,
tdc_bioavailability_ma,"Chemprop v2 (D-MPNN + Selected descriptors, ensemble=3)",Chemprop v2,train,485,CCS(=O)(=O)CCn1c([N+](=O)[O-])cnc1C,1.0,0.8203752,
tdc_bioavailability_ma,"Chemprop v2 (D-MPNN + Selected descriptors, ensemble=3)",Chemprop v2,train,486,CN/C(=N/C#N)NCCSCc1nc[nH]c1C,1.0,0.80294794,
tdc_bioavailability_ma,"Chemprop v2 (D-MPNN + Selected descriptors, ensemble=3)",Chemprop v2,train,487,CN1CCN2c3ncccc3Cc3ccccc3C2C1,1.0,0.67369986,
tdc_bioavailability_ma,"Chemprop v2 (D-MPNN + Selected descriptors, ensemble=3)",Chemprop v2,train,488,CC(C)(O)c1ccccc1CC[C@@H](SCC1(CC(=O)O)CC1)c1cccc(/C=C/c2ccc3ccc(Cl)cc3n2)c1,1.0,0.4177244,
tdc_bioavailability_ma,"Chemprop v2 (D-MPNN + Selected descriptors, ensemble=3)",Chemprop v2,train,489,OC(Cn1cncn1)(Cn1cncn1)c1ccc(F)cc1F,1.0,0.90939885,
tdc_bioavailability_ma,"Chemprop v2 (D-MPNN + Selected descriptors, ensemble=3)",Chemprop v2,train,490,CC[C@H]1OC(=O)[C@H](C)[C@@H](O[C@H]2C[C@@](C)(OC)[C@@H](O)[C@H](C)O2)[C@H](C)[C@@H](O[C@@H]2O[C@H](C)C[C@H](N(C)C)[C@H]2O)[C@](C)(O)C[C@@H](C)C(=NOCOCCOC)[C@H](C)[C@@H](O)[C@]1(C)O,1.0,0.58522016,
tdc_bioavailability_ma,"Chemprop v2 (D-MPNN + Selected descriptors, ensemble=3)",Chemprop v2,train,491,CN(C)CCCC1(c2ccc(F)cc2)OCc2cc(C#N)ccc21,1.0,0.9355896,
tdc_bioavailability_ma,"Chemprop v2 (D-MPNN + Selected descriptors, ensemble=3)",Chemprop v2,train,492,Clc1ccc2nsnc2c1NC1=NCCN1,1.0,0.91068244,
tdc_bioavailability_ma,"Chemprop v2 (D-MPNN + Selected descriptors, ensemble=3)",Chemprop v2,train,493,CC(=O)N[C@H]1[C@H]([C@H](O)[C@H](O)CO)OC(C(=O)O)=C[C@@H]1N=C(N)N,0.0,0.32834327,
tdc_bioavailability_ma,"Chemprop v2 (D-MPNN + Selected descriptors, ensemble=3)",Chemprop v2,train,494,O=c1[nH]cc(F)c(=O)[nH]1,1.0,0.79385036,
tdc_bioavailability_ma,"Chemprop v2 (D-MPNN + Selected descriptors, ensemble=3)",Chemprop v2,train,495,Fc1ccc([C@@H]2CCNC[C@H]2COc2ccc3c(c2)OCO3)cc1,1.0,0.88151383,
tdc_bioavailability_ma,"Chemprop v2 (D-MPNN + Selected descriptors, ensemble=3)",Chemprop v2,train,496,CCC1=C[C@@H]2CN(C1)Cc1c([nH]c3ccccc13)[C@@](C(=O)OC)(c1cc3c(cc1OC)N(C)[C@H]1[C@@](O)(C(=O)OC)[C@H](OC(C)=O)[C@]4(CC)C=CCN5CC[C@]31[C@@H]54)C2,1.0,0.28068554,
tdc_bioavailability_ma,"Chemprop v2 (D-MPNN + Selected descriptors, ensemble=3)",Chemprop v2,train,497,C[C@H](CS)C(=O)N1CCC[C@H]1C(=O)O,1.0,0.8422172,
tdc_bioavailability_ma,"Chemprop v2 (D-MPNN + Selected descriptors, ensemble=3)",Chemprop v2,train,498,CCCCC(=O)N(Cc1ccc(-c2ccccc2-c2nn[nH]n2)cc1)[C@H](C(=O)O)C(C)C,1.0,0.8727336,
tdc_bioavailability_ma,"Chemprop v2 (D-MPNN + Selected descriptors, ensemble=3)",Chemprop v2,train,499,C[C@@H]1O[C@@H](O[C@H]2C[C@@H](O)[C@]3(CO)[C@H]4[C@H](O)C[C@]5(C)[C@@H](C6=CC(=O)OC6)CC[C@]5(O)[C@@H]4CC[C@]3(O)C2)[C@H](O)[C@H](O)[C@H]1O,0.0,0.017753847,
tdc_bioavailability_ma,"Chemprop v2 (D-MPNN + Selected descriptors, ensemble=3)",Chemprop v2,train,500,CN1CCC[C@@H]1CCO[C@](C)(c1ccccc1)c1ccc(Cl)cc1,1.0,0.81481045,
tdc_bioavailability_ma,"Chemprop v2 (D-MPNN + Selected descriptors, ensemble=3)",Chemprop v2,train,501,CC[C@H]1OC(=O)[C@H](C)[C@@H](O[C@H]2C[C@@](C)(OC)[C@@H](O)[C@H](C)O2)[C@H](C)[C@@H](O[C@@H]2O[C@H](C)C[C@H](N(C)C)[C@H]2O)[C@](C)(O)C[C@@H](C)[C@@H]2N[C@@H](COCCOC)O[C@H]([C@H]2C)[C@]1(C)O,0.0,0.4319701,
tdc_bioavailability_ma,"Chemprop v2 (D-MPNN + Selected descriptors, ensemble=3)",Chemprop v2,train,502,COCC(=O)O[C@]1(CCN(C)CCCc2nc3ccccc3[nH]2)CCc2cc(F)ccc2[C@@H]1C(C)C,1.0,0.44774225,
tdc_bioavailability_ma,"Chemprop v2 (D-MPNN + Selected descriptors, ensemble=3)",Chemprop v2,train,503,CCC1=C(C)CN(C(=O)NCCc2ccc(S(=O)(=O)NC(=O)N[C@H]3CC[C@H](C)CC3)cc2)C1=O,1.0,0.8671619,
tdc_bioavailability_ma,"Chemprop v2 (D-MPNN + Selected descriptors, ensemble=3)",Chemprop v2,train,504,COc1ccc(Cc2nccc3cc(OC)c(OC)cc23)cc1OC,1.0,0.91000324,
tdc_bioavailability_ma,"Chemprop v2 (D-MPNN + Selected descriptors, ensemble=3)",Chemprop v2,train,505,Nc1cc(N2CCCCC2)nc(N)[n+]1[O-],1.0,0.87045497,
tdc_bioavailability_ma,"Chemprop v2 (D-MPNN + Selected descriptors, ensemble=3)",Chemprop v2,train,506,CNCCC(Oc1ccc(C(F)(F)F)cc1)c1ccccc1,1.0,0.92296344,
tdc_bioavailability_ma,"Chemprop v2 (D-MPNN + Selected descriptors, ensemble=3)",Chemprop v2,train,507,CNCC[C@@H](Oc1ccccc1C)c1ccccc1,1.0,0.89827186,
tdc_bioavailability_ma,"Chemprop v2 (D-MPNN + Selected descriptors, ensemble=3)",Chemprop v2,train,508,CS(=O)(=O)c1ccc(C2=C(c3ccccc3)C(=O)OC2)cc1,1.0,0.87974286,
tdc_bioavailability_ma,"Chemprop v2 (D-MPNN + Selected descriptors, ensemble=3)",Chemprop v2,train,509,O=C(O)CCCC[C@@H]1SC[C@@H]2NC(=O)N[C@@H]21,1.0,0.31567222,
tdc_bioavailability_ma,"Chemprop v2 (D-MPNN + Selected descriptors, ensemble=3)",Chemprop v2,train,510,CC(C)(C)NCC(O)COc1cccc2c1SCCC2,1.0,0.88456756,
tdc_bioavailability_ma,"Chemprop v2 (D-MPNN + Selected descriptors, ensemble=3)",Chemprop v2,train,511,CC#CCC(C)[C@H](O)/C=C/[C@@H]1[C@H]2C/C(=C/CCCC(=O)O)C[C@H]2C[C@H]1O,0.0,0.19425784,
tdc_bioavailability_ma,"Chemprop v2 (D-MPNN + Selected descriptors, ensemble=3)",Chemprop v2,test,0,C[C@]12CCC3=C4CCC(=O)C=C4CC[C@H]3[C@@H]1CC[C@@]2(O)CC#N,1.0,0.7818822,
tdc_bioavailability_ma,"Chemprop v2 (D-MPNN + Selected descriptors, ensemble=3)",Chemprop v2,test,1,O=C(NCC1CCCCN1)c1cc(OCC(F)(F)F)ccc1OCC(F)(F)F,1.0,0.9101327,
tdc_bioavailability_ma,"Chemprop v2 (D-MPNN + Selected descriptors, ensemble=3)",Chemprop v2,test,2,O=C(c1ccc(OCCN2CCCCC2)cc1)c1c(-c2ccc(O)cc2)sc2cc(O)ccc12,0.0,0.2694696,
tdc_bioavailability_ma,"Chemprop v2 (D-MPNN + Selected descriptors, ensemble=3)",Chemprop v2,test,3,O=C(O[C@@H]1C[C@@H]2C[C@H]3C[C@H](C1)N2CC3=O)c1c[nH]c2ccccc12,1.0,0.8059717,
tdc_bioavailability_ma,"Chemprop v2 (D-MPNN + Selected descriptors, ensemble=3)",Chemprop v2,test,4,Cc1ccsc1C(=CCCN1CCC[C@@H](C(=O)O)C1)c1sccc1C,1.0,0.70033544,
tdc_bioavailability_ma,"Chemprop v2 (D-MPNN + Selected descriptors, ensemble=3)",Chemprop v2,test,5,COc1ccc(C(=O)Nc2ccccc2CCC2CCCCN2C)cc1,1.0,0.7947418,
tdc_bioavailability_ma,"Chemprop v2 (D-MPNN + Selected descriptors, ensemble=3)",Chemprop v2,test,6,COc1c(N2C[C@@H]3CCCN[C@@H]3C2)c(F)cc2c(=O)c(C(=O)O)cn(C3CC3)c12,1.0,0.8958151,
tdc_bioavailability_ma,"Chemprop v2 (D-MPNN + Selected descriptors, ensemble=3)",Chemprop v2,test,7,CO[C@H]1/C=C/O[C@@]2(C)Oc3c(C)c(O)c4c(c3C2=O)C2=NC3(CCN(CC(C)C)CC3)NC2=C(NC(=O)/C(C)=C\C=C\[C@H](C)[C@H](O)[C@@H](C)[C@@H](O)[C@@H](C)[C@H](OC(C)=O)[C@@H]1C)C4=O,0.0,0.42410064,
tdc_bioavailability_ma,"Chemprop v2 (D-MPNN + Selected descriptors, ensemble=3)",Chemprop v2,test,8,COc1cc([C@@H]2c3cc4c(cc3[C@@H](O[C@@H]3O[C@@H]5CO[C@@H](c6cccs6)O[C@H]5[C@H](O)[C@H]3O)[C@H]3COC(=O)[C@H]23)OCO4)cc(OC)c1O,1.0,0.39905825,
tdc_bioavailability_ma,"Chemprop v2 (D-MPNN + Selected descriptors, ensemble=3)",Chemprop v2,test,9,CN(C)CCc1c[nH]c2ccc(C[C@H]3COC(=O)N3)cc12,1.0,0.8976634,
tdc_bioavailability_ma,"Chemprop v2 (D-MPNN + Selected descriptors, ensemble=3)",Chemprop v2,test,10,COC(=O)C(c1ccccc1)C1CCCCN1,0.0,0.8942198,
tdc_bioavailability_ma,"Chemprop v2 (D-MPNN + Selected descriptors, ensemble=3)",Chemprop v2,test,11,COc1ccc([C@@H]2Sc3ccccc3N(CCN(C)C)C(=O)[C@@H]2OC(C)=O)cc1,1.0,0.84322596,
tdc_bioavailability_ma,"Chemprop v2 (D-MPNN + Selected descriptors, ensemble=3)",Chemprop v2,test,12,Cc1cc(C)nc(NS(=O)(=O)c2ccc(N)cc2)n1,1.0,0.91014975,
tdc_bioavailability_ma,"Chemprop v2 (D-MPNN + Selected descriptors, ensemble=3)",Chemprop v2,test,13,Nc1ccc(S(=O)(=O)Nc2ncccn2)cc1,1.0,0.89351994,
tdc_bioavailability_ma,"Chemprop v2 (D-MPNN + Selected descriptors, ensemble=3)",Chemprop v2,test,14,C#Cc1cccc(Nc2ncnc3cc(OCCOC)c(OCCOC)cc23)c1,1.0,0.8284405,
tdc_bioavailability_ma,"Chemprop v2 (D-MPNN + Selected descriptors, ensemble=3)",Chemprop v2,test,15,OC(CCN1CCCCC1)(c1ccccc1)C1CCCCC1,1.0,0.7595172,
tdc_bioavailability_ma,"Chemprop v2 (D-MPNN + Selected descriptors, ensemble=3)",Chemprop v2,test,16,Cc1cc(NS(=O)(=O)c2ccc(N)cc2)no1,1.0,0.89766455,
tdc_bioavailability_ma,"Chemprop v2 (D-MPNN + Selected descriptors, ensemble=3)",Chemprop v2,test,17,CCOC(=O)C1=C(COCCN)NC(C)=C(C(=O)OC)C1c1ccccc1Cl,1.0,0.7744433,
tdc_bioavailability_ma,"Chemprop v2 (D-MPNN + Selected descriptors, ensemble=3)",Chemprop v2,test,18,COC(=O)C1=C(C#N)NC(C)=C(C(=O)OC(C)C)C1c1cccc([N+](=O)[O-])c1,0.0,0.58477247,
tdc_bioavailability_ma,"Chemprop v2 (D-MPNN + Selected descriptors, ensemble=3)",Chemprop v2,test,19,COC(=O)C1=C(C)NC(C)=C(C(=O)OC)C1c1ccccc1[N+](=O)[O-],1.0,0.7522955,
tdc_bioavailability_ma,"Chemprop v2 (D-MPNN + Selected descriptors, ensemble=3)",Chemprop v2,test,20,CCOC(=O)C1=C(C)NC(C)=C(C(=O)OC)C1c1cccc([N+](=O)[O-])c1,0.0,0.7513833,
tdc_bioavailability_ma,"Chemprop v2 (D-MPNN + Selected descriptors, ensemble=3)",Chemprop v2,test,21,CCOC(=O)C1=C(C)NC(C)=C(C(=O)OC)C1c1cccc(Cl)c1Cl,0.0,0.84478045,
tdc_bioavailability_ma,"Chemprop v2 (D-MPNN + Selected descriptors, ensemble=3)",Chemprop v2,test,22,CCOC(=O)C1=C(C)NC(C)=C(C(=O)OCC)C1c1ccccc1/C=C/C(=O)OC(C)(C)C,0.0,0.7204879,
tdc_bioavailability_ma,"Chemprop v2 (D-MPNN + Selected descriptors, ensemble=3)",Chemprop v2,test,23,COCCOC(=O)C1=C(C)NC(C)=C(C(=O)OC(C)C)C1c1cccc([N+](=O)[O-])c1,0.0,0.5319165,
tdc_bioavailability_ma,"Chemprop v2 (D-MPNN + Selected descriptors, ensemble=3)",Chemprop v2,test,24,COC(=O)C1=C(C)NC(C)=C(C(=O)OCC(C)C)C1c1ccccc1[N+](=O)[O-],0.0,0.75689477,
tdc_bioavailability_ma,"Chemprop v2 (D-MPNN + Selected descriptors, ensemble=3)",Chemprop v2,test,25,CC(C)(C)NCC(O)COc1ccc(NC(=O)NC2CCCCC2)cc1,1.0,0.84953547,
tdc_bioavailability_ma,"Chemprop v2 (D-MPNN + Selected descriptors, ensemble=3)",Chemprop v2,test,26,Cc1cnc(NC(=O)C2=C(O)c3ccccc3S(=O)(=O)N2C)s1,1.0,0.90263706,
tdc_bioavailability_ma,"Chemprop v2 (D-MPNN + Selected descriptors, ensemble=3)",Chemprop v2,test,27,CN1C(=O)C(O)N=C(c2ccccc2Cl)c2cc(Cl)ccc21,1.0,0.92917347,
tdc_bioavailability_ma,"Chemprop v2 (D-MPNN + Selected descriptors, ensemble=3)",Chemprop v2,test,28,O=C1Nc2ccc(Cl)cc2C(c2ccccc2)=NC1O,1.0,0.9094451,
tdc_bioavailability_ma,"Chemprop v2 (D-MPNN + Selected descriptors, ensemble=3)",Chemprop v2,test,29,CN1C(=O)C(O)N=C(c2ccccc2)c2cc(Cl)ccc21,1.0,0.91949207,
tdc_bioavailability_ma,"Chemprop v2 (D-MPNN + Selected descriptors, ensemble=3)",Chemprop v2,test,30,O=C1CN=C(c2ccccc2)c2cc([N+](=O)[O-])ccc2N1,1.0,0.90181637,
tdc_bioavailability_ma,"Chemprop v2 (D-MPNN + Selected descriptors, ensemble=3)",Chemprop v2,test,31,CN1C(=O)CN=C(c2ccccc2)c2cc(Cl)ccc21,1.0,0.91289073,
tdc_bioavailability_ma,"Chemprop v2 (D-MPNN + Selected descriptors, ensemble=3)",Chemprop v2,test,32,CN1C(=O)CN=C(c2ccccc2F)c2cc([N+](=O)[O-])ccc21,1.0,0.9117741,
tdc_bioavailability_ma,"Chemprop v2 (D-MPNN + Selected descriptors, ensemble=3)",Chemprop v2,test,33,O=C1CN=C(c2ccccc2Cl)c2cc([N+](=O)[O-])ccc2N1,1.0,0.91507554,
tdc_bioavailability_ma,"Chemprop v2 (D-MPNN + Selected descriptors, ensemble=3)",Chemprop v2,test,34,O=C1Nc2ccc(Cl)cc2C(c2ccccc2Cl)=NC1O,1.0,0.9216013,
tdc_bioavailability_ma,"Chemprop v2 (D-MPNN + Selected descriptors, ensemble=3)",Chemprop v2,test,35,CCN(CC)CCN1C(=O)CN=C(c2ccccc2F)c2cc(Cl)ccc21,1.0,0.93707085,
tdc_bioavailability_ma,"Chemprop v2 (D-MPNN + Selected descriptors, ensemble=3)",Chemprop v2,test,36,CN1C[C@H](CNC(=O)OCc2ccccc2)C[C@@H]2c3cccc4c3c(cn4C)C[C@H]21,1.0,0.81356716,
tdc_bioavailability_ma,"Chemprop v2 (D-MPNN + Selected descriptors, ensemble=3)",Chemprop v2,test,37,O=C(O)COCCN1CCN(C(c2ccccc2)c2ccc(Cl)cc2)CC1,1.0,0.790723,
tdc_bioavailability_ma,"Chemprop v2 (D-MPNN + Selected descriptors, ensemble=3)",Chemprop v2,test,38,NS(=O)(=O)c1cc2c(cc1Cl)N=C(CSCc1ccccc1)NS2(=O)=O,0.0,0.9339588,
tdc_bioavailability_ma,"Chemprop v2 (D-MPNN + Selected descriptors, ensemble=3)",Chemprop v2,test,39,O=C1CC2(CCCC2)CC(=O)N1CCCCN1CCN(c2ncccn2)CC1,0.0,0.81326455,
tdc_bioavailability_ma,"Chemprop v2 (D-MPNN + Selected descriptors, ensemble=3)",Chemprop v2,test,40,N[C@@H](C(=O)N[C@@H]1C(=O)N2C(C(=O)O)=C(Cl)CC[C@H]12)c1ccccc1,1.0,0.653845,
tdc_bioavailability_ma,"Chemprop v2 (D-MPNN + Selected descriptors, ensemble=3)",Chemprop v2,test,41,CC[C@]12CCCN3CCc4c(n(c5ccccc45)[C@@](O)(C(=O)OC)C1)[C@@H]32,0.0,0.3854973,
tdc_bioavailability_ma,"Chemprop v2 (D-MPNN + Selected descriptors, ensemble=3)",Chemprop v2,test,42,Nc1nc(NC2CC2)c2ncn([C@H]3C=C[C@@H](CO)C3)c2n1,1.0,0.8274854,
tdc_bioavailability_ma,"Chemprop v2 (D-MPNN + Selected descriptors, ensemble=3)",Chemprop v2,test,43,Cc1ncc2n1-c1ccc(Cl)cc1C(c1ccccc1F)=NC2,1.0,0.9127831,
tdc_bioavailability_ma,"Chemprop v2 (D-MPNN + Selected descriptors, ensemble=3)",Chemprop v2,test,44,CCn1cc(C(=O)O)c(=O)c2cc(F)c(N3CCNCC3)nc21,1.0,0.91968805,
tdc_bioavailability_ma,"Chemprop v2 (D-MPNN + Selected descriptors, ensemble=3)",Chemprop v2,test,45,CC1=C(CC(=O)O)c2cc(F)ccc2/C1=C\c1ccc(S(C)=O)cc1,1.0,0.9019534,
tdc_bioavailability_ma,"Chemprop v2 (D-MPNN + Selected descriptors, ensemble=3)",Chemprop v2,test,46,CCOc1ccc2ccccc2c1C(=O)N[C@@H]1C(=O)N2[C@@H]1SC(C)(C)[C@@H]2C(=O)O,1.0,0.7932088,
tdc_bioavailability_ma,"Chemprop v2 (D-MPNN + Selected descriptors, ensemble=3)",Chemprop v2,test,47,C=C[C@H]1CN2CC[C@H]1C[C@H]2[C@H](O)c1ccnc2ccc(OC)cc12,1.0,0.68628025,
tdc_bioavailability_ma,"Chemprop v2 (D-MPNN + Selected descriptors, ensemble=3)",Chemprop v2,test,48,C=C[C@H]1CN2CC[C@H]1C[C@@H]2[C@@H](O)c1ccnc2ccc(OC)cc12,1.0,0.685733,
tdc_bioavailability_ma,"Chemprop v2 (D-MPNN + Selected descriptors, ensemble=3)",Chemprop v2,test,49,CC(C)[N+]1(C)[C@@H]2CC[C@H]1C[C@@H](OC(=O)C(CO)c1ccccc1)C2,0.0,0.18124788,
tdc_bioavailability_ma,"Chemprop v2 (D-MPNN + Selected descriptors, ensemble=3)",Chemprop v2,test,50,CCCCc1oc2ccccc2c1C(=O)c1cc(I)c(OCCN(CC)CC)c(I)c1,1.0,0.53551096,
tdc_bioavailability_ma,"Chemprop v2 (D-MPNN + Selected descriptors, ensemble=3)",Chemprop v2,test,51,N#Cc1ccccc1OCC(O)CNCCNC(=O)Cc1ccc(O)cc1,0.0,0.34534028,
tdc_bioavailability_ma,"Chemprop v2 (D-MPNN + Selected descriptors, ensemble=3)",Chemprop v2,test,52,C[C@@H]1C[C@H]2[C@@H]3C[C@H](F)C4=CC(=O)C=C[C@]4(C)[C@H]3[C@@H](O)C[C@]2(C)[C@H]1C(=O)CO,1.0,0.46156815,
tdc_bioavailability_ma,"Chemprop v2 (D-MPNN + Selected descriptors, ensemble=3)",Chemprop v2,test,53,C[C@@H]1C[C@H]2[C@@H]3CCC4=CC(=O)C=C[C@]4(C)[C@@]3(F)[C@@H](O)C[C@]2(C)[C@@]1(O)C(=O)CO,1.0,0.79757977,
tdc_bioavailability_ma,"Chemprop v2 (D-MPNN + Selected descriptors, ensemble=3)",Chemprop v2,test,54,C[C@]12C=CC(=O)C=C1CC[C@@H]1[C@@H]2[C@@H](O)C[C@@]2(C)[C@H]1CC[C@]2(O)C(=O)CO,1.0,0.30312917,
tdc_bioavailability_ma,"Chemprop v2 (D-MPNN + Selected descriptors, ensemble=3)",Chemprop v2,test,55,C[C@H]1C[C@@H]2[C@H]([C@@H](O)C[C@@]3(C)[C@H]2CC[C@]3(O)C(=O)CO)[C@@]2(C)C=CC(=O)C=C12,1.0,0.31899047,
tdc_bioavailability_ma,"Chemprop v2 (D-MPNN + Selected descriptors, ensemble=3)",Chemprop v2,test,56,C[C@H]1C[C@H]2[C@@H]3CCC4=CC(=O)C=C[C@]4(C)[C@@]3(F)[C@@H](O)C[C@]2(C)[C@@]1(O)C(=O)CO,1.0,0.8001644,
tdc_bioavailability_ma,"Chemprop v2 (D-MPNN + Selected descriptors, ensemble=3)",Chemprop v2,test,57,Cc1nccn1CC1CCc2c(c3ccccc3n2C)C1=O,1.0,0.91602826,
tdc_bioavailability_ma,"Chemprop v2 (D-MPNN + Selected descriptors, ensemble=3)",Chemprop v2,test,58,C[C@@H](c1ncncc1F)[C@](O)(Cn1cncn1)c1ccc(F)cc1F,1.0,0.9291908,
tdc_bioavailability_ma,"Chemprop v2 (D-MPNN + Selected descriptors, ensemble=3)",Chemprop v2,test,59,CCC(=O)N(c1ccccc1)C1(COC)CCN(CCn2nnn(CC)c2=O)CC1,0.0,0.79890156,
tdc_bioavailability_ma,"Chemprop v2 (D-MPNN + Selected descriptors, ensemble=3)",Chemprop v2,test,60,CCN1CCCC1CNC(=O)c1cc(S(N)(=O)=O)ccc1OC,1.0,0.743236,
tdc_bioavailability_ma,"Chemprop v2 (D-MPNN + Selected descriptors, ensemble=3)",Chemprop v2,test,61,CCN1CCCC1CNC(=O)c1cc(S(=O)(=O)CC)c(N)cc1OC,1.0,0.73143834,
tdc_bioavailability_ma,"Chemprop v2 (D-MPNN + Selected descriptors, ensemble=3)",Chemprop v2,test,62,CCN(CC)CCCN(c1ccccc1)C1Cc2ccccc2C1,1.0,0.45292544,
tdc_bioavailability_ma,"Chemprop v2 (D-MPNN + Selected descriptors, ensemble=3)",Chemprop v2,test,63,OCCN1CCN(CC/C=C2/c3ccccc3Sc3ccc(C(F)(F)F)cc32)CC1,1.0,0.7755073,
tdc_bioavailability_ma,"Chemprop v2 (D-MPNN + Selected descriptors, ensemble=3)",Chemprop v2,test,64,CCOc1nc2cccc(C(=O)O)c2n1Cc1ccc(-c2ccccc2-c2nnn[nH]2)cc1,1.0,0.8619008,
tdc_bioavailability_ma,"Chemprop v2 (D-MPNN + Selected descriptors, ensemble=3)",Chemprop v2,test,65,COc1cc2c(cc1OC)C1CC(=O)C(CC(C)C)CN1CC2,0.0,0.6964057,
tdc_bioavailability_ma,"Chemprop v2 (D-MPNN + Selected descriptors, ensemble=3)",Chemprop v2,test,66,CN(C)CCc1c[nH]c2ccc(Cn3cncn3)cc12,1.0,0.86860085,
tdc_bioavailability_ma,"Chemprop v2 (D-MPNN + Selected descriptors, ensemble=3)",Chemprop v2,test,67,CCOC(=O)[C@H](CCc1ccccc1)N[C@@H](C)C(=O)N(CC(=O)O)C1Cc2ccccc2C1,1.0,0.5007285,
tdc_bioavailability_ma,"Chemprop v2 (D-MPNN + Selected descriptors, ensemble=3)",Chemprop v2,test,68,N[C@@H]1CONC1=O,1.0,0.74523336,
tdc_bioavailability_ma,"Chemprop v2 (D-MPNN + Selected descriptors, ensemble=3)",Chemprop v2,test,69,C=C1CC[C@@]2(O)[C@H]3Cc4ccc(O)c5c4[C@@]2(CCN3CC2CC2)[C@H]1O5,1.0,0.5189262,
tdc_bioavailability_ma,"Chemprop v2 (D-MPNN + Selected descriptors, ensemble=3)",Chemprop v2,test,70,CN1c2ccccc2C(NCCCCCCC(=O)O)c2ccc(Cl)cc2S1(=O)=O,1.0,0.76607466,
tdc_bioavailability_ma,"Chemprop v2 (D-MPNN + Selected descriptors, ensemble=3)",Chemprop v2,test,71,CCOC(=O)c1ncn2c1CN(C)C(=O)c1cc(F)ccc1-2,1.0,0.91841555,
tdc_bioavailability_ma,"Chemprop v2 (D-MPNN + Selected descriptors, ensemble=3)",Chemprop v2,test,72,CCCCc1ncc(/C=C(\Cc2cccs2)C(=O)O)n1Cc1ccc(C(=O)O)cc1,0.0,0.6880417,
tdc_bioavailability_ma,"Chemprop v2 (D-MPNN + Selected descriptors, ensemble=3)",Chemprop v2,test,73,O=C(O)c1cc(/N=N/c2ccc(O)c(C(=O)O)c2)ccc1O,0.0,0.76037616,
tdc_bioavailability_ma,"Chemprop v2 (D-MPNN + Selected descriptors, ensemble=3)",Chemprop v2,test,74,CSc1ccc2c(c1)N(CCC1CCCCN1C)c1ccccc1S2,1.0,0.7987624,
tdc_bioavailability_ma,"Chemprop v2 (D-MPNN + Selected descriptors, ensemble=3)",Chemprop v2,test,75,CNS(=O)(=O)CCc1ccc2[nH]cc(C3CCN(C)CC3)c2c1,1.0,0.8760297,
tdc_bioavailability_ma,"Chemprop v2 (D-MPNN + Selected descriptors, ensemble=3)",Chemprop v2,test,76,COc1cc2c(cc1OC)C(=O)C(CC1CCN(Cc3ccccc3)CC1)C2,1.0,0.48206758,
tdc_bioavailability_ma,"Chemprop v2 (D-MPNN + Selected descriptors, ensemble=3)",Chemprop v2,test,77,CN1CCN(CC(=O)N2c3ccccc3C(=O)Nc3cccnc32)CC1,0.0,0.85544306,
tdc_bioavailability_ma,"Chemprop v2 (D-MPNN + Selected descriptors, ensemble=3)",Chemprop v2,test,78,CN1CCCC(n2nc(Cc3ccc(Cl)cc3)c3ccccc3c2=O)CC1,1.0,0.8363802,
tdc_bioavailability_ma,"Chemprop v2 (D-MPNN + Selected descriptors, ensemble=3)",Chemprop v2,test,79,CC(=O)OCC1=C(C(=O)O)N2C(=O)[C@@H](NC(=O)CC#N)[C@H]2SC1,0.0,0.40110636,
tdc_bioavailability_ma,"Chemprop v2 (D-MPNN + Selected descriptors, ensemble=3)",Chemprop v2,test,80,CC(C)NCC(O)COc1cccc2ccccc12,1.0,0.836634,
tdc_bioavailability_ma,"Chemprop v2 (D-MPNN + Selected descriptors, ensemble=3)",Chemprop v2,test,81,COc1ccc2cc([C@H](C)C(=O)O)ccc2c1,1.0,0.87437487,
tdc_bioavailability_ma,"Chemprop v2 (D-MPNN + Selected descriptors, ensemble=3)",Chemprop v2,test,82,COc1ccc2cc(CCC(C)=O)ccc2c1,1.0,0.8714268,
tdc_bioavailability_ma,"Chemprop v2 (D-MPNN + Selected descriptors, ensemble=3)",Chemprop v2,test,83,CCN(CC)C(=O)C1(c2ccccc2)CC1CN,1.0,0.86624783,
tdc_bioavailability_ma,"Chemprop v2 (D-MPNN + Selected descriptors, ensemble=3)",Chemprop v2,test,84,CC(C)(Oc1ccc(C2CC2(Cl)Cl)cc1)C(=O)O,1.0,0.8772993,
tdc_bioavailability_ma,"Chemprop v2 (D-MPNN + Selected descriptors, ensemble=3)",Chemprop v2,test,85,CO[C@H]1O[C@@H]2O[C@@]3(C)CC[C@H]4[C@H](C)CC[C@@H]([C@H]1C)[C@@]24OO3,1.0,0.86358815,
tdc_bioavailability_ma,"Chemprop v2 (D-MPNN + Selected descriptors, ensemble=3)",Chemprop v2,test,86,CN1CCN2c3ccccc3Cc3ccccc3C2C1,1.0,0.65855795,
tdc_bioavailability_ma,"Chemprop v2 (D-MPNN + Selected descriptors, ensemble=3)",Chemprop v2,test,87,Cc1c(O)cccc1C(=O)N[C@@H](CSc1ccccc1)[C@H](O)CN1C[C@H]2CCCC[C@H]2C[C@H]1C(=O)NC(C)(C)C,1.0,0.30250493,
tdc_bioavailability_ma,"Chemprop v2 (D-MPNN + Selected descriptors, ensemble=3)",Chemprop v2,test,88,Cc1nnc2n1-c1sc(Br)cc1C(c1ccccc1Cl)=NC2,1.0,0.85232824,
tdc_bioavailability_ma,"Chemprop v2 (D-MPNN + Selected descriptors, ensemble=3)",Chemprop v2,test,89,CCOc1ccccc1O[C@H](c1ccccc1)[C@H]1CNCCO1,1.0,0.8953731,
tdc_bioavailability_ma,"Chemprop v2 (D-MPNN + Selected descriptors, ensemble=3)",Chemprop v2,test,90,CCn1cc(C(=O)O)c(=O)c2cc(F)c(N3CCN(C)CC3)cc21,1.0,0.923659,
tdc_bioavailability_ma,"Chemprop v2 (D-MPNN + Selected descriptors, ensemble=3)",Chemprop v2,test,91,CCn1cc(C(=O)O)c(=O)c2cc(F)c(N3CCNC(C)C3)c(F)c21,1.0,0.9267176,
tdc_bioavailability_ma,"Chemprop v2 (D-MPNN + Selected descriptors, ensemble=3)",Chemprop v2,test,92,CCn1cc(C(=O)O)c(=O)c2cc(F)c(N3CCNCC3)cc21,1.0,0.9146083,
tdc_bioavailability_ma,"Chemprop v2 (D-MPNN + Selected descriptors, ensemble=3)",Chemprop v2,test,93,Cc1ccc(C(=O)c2ccc(CC(=O)O)n2C)cc1,1.0,0.8270603,
tdc_bioavailability_ma,"Chemprop v2 (D-MPNN + Selected descriptors, ensemble=3)",Chemprop v2,test,94,CC(C)N1CCC(N(C(=O)Cc2ccccc2)c2ccc(Cl)cc2)CC1,0.0,0.87377596,
tdc_bioavailability_ma,"Chemprop v2 (D-MPNN + Selected descriptors, ensemble=3)",Chemprop v2,test,95,COc1ccc(Cl)cc1C(=O)NCCc1ccc(S(=O)(=O)NC(=O)NC2CCCCC2)cc1,1.0,0.8980207,
tdc_bioavailability_ma,"Chemprop v2 (D-MPNN + Selected descriptors, ensemble=3)",Chemprop v2,test,96,COc1cccc2c1C(=O)c1c(O)c3c(c(O)c1C2=O)C[C@@](O)(C(=O)CO)C[C@@H]3O[C@H]1C[C@H](N)[C@H](O)[C@H](C)O1,0.0,0.13875912,
tdc_bioavailability_ma,"Chemprop v2 (D-MPNN + Selected descriptors, ensemble=3)",Chemprop v2,test,97,CC(=O)[C@]1(O)Cc2c(O)c3c(c(O)c2[C@@H](O[C@H]2C[C@H](N)[C@H](O)[C@H](C)O2)C1)C(=O)c1ccccc1C3=O,1.0,0.37609673,
tdc_bioavailability_ma,"Chemprop v2 (D-MPNN + Selected descriptors, ensemble=3)",Chemprop v2,test,98,COc1cccc2c1C(=O)c1c(O)c3c(c(O)c1C2=O)C[C@@](O)(C(=O)CO)C[C@@H]3O[C@H]1C[C@H](N)[C@@H](O)[C@H](C)O1,0.0,0.13948245,
tdc_bioavailability_ma,"Chemprop v2 (D-MPNN + Selected descriptors, ensemble=3)",Chemprop v2,test,99,COc1cccc(C(=O)CCN[C@@H](C)[C@H](O)c2ccccc2)c1,1.0,0.8297426,
tdc_bioavailability_ma,"Chemprop v2 (D-MPNN + Selected descriptors, ensemble=3)",Chemprop v2,test,100,Cc1nc2n(c(=O)c1CCN1CCC(c3noc4cc(F)ccc34)CC1)CCCC2,1.0,0.778635,
tdc_bioavailability_ma,"Chemprop v2 (D-MPNN + Selected descriptors, ensemble=3)",Chemprop v2,test,101,CN1CC[C@]23c4c5ccc(O)c4O[C@H]2[C@@H](O)C=C[C@H]3[C@H]1C5,1.0,0.79134727,
tdc_bioavailability_ma,"Chemprop v2 (D-MPNN + Selected descriptors, ensemble=3)",Chemprop v2,test,102,COc1ccc2c3c1O[C@H]1[C@@H](O)C=C[C@H]4[C@@H](C2)N(C)CC[C@@]341,1.0,0.7699733,
tdc_bioavailability_ma,"Chemprop v2 (D-MPNN + Selected descriptors, ensemble=3)",Chemprop v2,test,103,C=CC[C@@H]1/C=C(\C)C[C@H](C)C[C@H](OC)[C@H]2O[C@@](O)(C(=O)C(=O)N3CCCC[C@H]3C(=O)O[C@H](/C(C)=C/[C@@H]3CC[C@@H](O)[C@H](OC)C3)[C@H](C)[C@@H](O)CC1=O)[C@H](C)C[C@@H]2OC,1.0,0.52464837,
tdc_bioavailability_ma,"Chemprop v2 (D-MPNN + Selected descriptors, ensemble=3)",Chemprop v2,test,104,C#C[C@]1(O)CC[C@H]2[C@@H]3CCc4cc(O)ccc4[C@H]3[C@@H](OC)C[C@@]21C,1.0,0.48661172,
tdc_bioavailability_ma,"Chemprop v2 (D-MPNN + Selected descriptors, ensemble=3)",Chemprop v2,test,105,C[C@]12CC[C@@H]3c4ccc(O)cc4CC[C@H]3[C@@H]1CC[C@@H]2O,0.0,0.6589552,
tdc_bioavailability_ma,"Chemprop v2 (D-MPNN + Selected descriptors, ensemble=3)",Chemprop v2,test,106,CC(=O)O[C@H]1C[C@@H]2CC[C@@H]3[C@H](CC[C@@]4(C)[C@H]3C[C@H]([N+]3(C)CCCCC3)[C@@H]4OC(C)=O)[C@@]2(C)C[C@@H]1[N+]1(C)CCCCC1,0.0,0.046494883,
tdc_bioavailability_ma,"Chemprop v2 (D-MPNN + Selected descriptors, ensemble=3)",Chemprop v2,test,107,CO/N=C(\C(=O)N[C@@H]1C(=O)N2C(C(=O)O)=C(CSc3nc(C)c(CC(=O)O)s3)CS[C@H]12)c1csc(N)n1,0.0,0.3403933,
tdc_bioavailability_ma,"Chemprop v2 (D-MPNN + Selected descriptors, ensemble=3)",Chemprop v2,test,108,CNCCCC12CCC(c3ccccc31)c1ccccc12,1.0,0.923011,
tdc_bioavailability_ma,"Chemprop v2 (D-MPNN + Selected descriptors, ensemble=3)",Chemprop v2,test,109,C=CCN1CCCC1CNC(=O)c1cc2n[nH]nc2cc1OC,1.0,0.81292987,
tdc_bioavailability_ma,"Chemprop v2 (D-MPNN + Selected descriptors, ensemble=3)",Chemprop v2,test,110,C#C[C@]1(O)CC[C@H]2[C@@H]3CCC4=CC(=O)CC[C@@H]4[C@H]3CC[C@@]21CC,1.0,0.6827378,
tdc_bioavailability_ma,"Chemprop v2 (D-MPNN + Selected descriptors, ensemble=3)",Chemprop v2,test,111,C[C@]12CC[C@H]3[C@@H](CCC4=CC(=O)CC[C@@]43C)[C@@H]1CC[C@@H]2O,0.0,0.7451112,
tdc_bioavailability_ma,"Chemprop v2 (D-MPNN + Selected descriptors, ensemble=3)",Chemprop v2,test,112,C#CC1(O)CCC2C3CCC4=CC(=O)CCC4C3CCC21CC,1.0,0.67002994,
tdc_bioavailability_ma,"Chemprop v2 (D-MPNN + Selected descriptors, ensemble=3)",Chemprop v2,test,113,CC(=O)[C@H]1CC[C@H]2[C@@H]3CCC4=CC(=O)CC[C@]4(C)[C@H]3CC[C@]12C,1.0,0.7528508,
tdc_bioavailability_ma,"Chemprop v2 (D-MPNN + Selected descriptors, ensemble=3)",Chemprop v2,test,114,N/N=c1/cc2c(n[nH]1)CCN(C(=O)c1ccccc1)C2,1.0,0.8642095,
tdc_bioavailability_ma,"Chemprop v2 (D-MPNN + Selected descriptors, ensemble=3)",Chemprop v2,test,115,COc1ccc2c(c1)c(CC(=O)O)c(C)n2C(=O)c1ccc(Cl)cc1,1.0,0.8857784,
tdc_bioavailability_ma,"Chemprop v2 (D-MPNN + Selected descriptors, ensemble=3)",Chemprop v2,test,116,CC(C(=O)O)c1ccc(C(=O)c2cccs2)cc1,1.0,0.7427902,
tdc_bioavailability_ma,"Chemprop v2 (D-MPNN + Selected descriptors, ensemble=3)",Chemprop v2,test,117,CCOC(=O)CN[C@@H](C(=O)N1CC[C@H]1C(=O)NCc1ccc(/C(N)=N/O)cc1)C1CCCCC1,1.0,0.482869,
tdc_bioavailability_ma,"Chemprop v2 (D-MPNN + Selected descriptors, ensemble=3)",Chemprop v2,test,118,N=C(N)c1ccc(CNC(=O)[C@@H]2CCN2C(=O)[C@H](NCC(=O)O)C2CCCCC2)cc1,0.0,0.5443836,
tdc_bioavailability_ma,"Chemprop v2 (D-MPNN + Selected descriptors, ensemble=3)",Chemprop v2,test,119,Cc1ccc(S(=O)(=O)NC(=O)NN2CC3CCCC3C2)cc1,1.0,0.8505781,
tdc_bioavailability_ma,"Chemprop v2 (D-MPNN + Selected descriptors, ensemble=3)",Chemprop v2,test,120,CCOC(=O)[C@H](CCc1ccccc1)N[C@@H](C)C(=O)N1[C@H](C(=O)O)C[C@H]2CCCC[C@@H]21,0.0,0.6876645,
tdc_bioavailability_ma,"Chemprop v2 (D-MPNN + Selected descriptors, ensemble=3)",Chemprop v2,test,121,O=C1CC[C@@]2(O)[C@H]3Cc4ccc(O)c5c4[C@@]2(CCN3CC2CC2)[C@H]1O5,1.0,0.5376337,
tdc_bioavailability_ma,"Chemprop v2 (D-MPNN + Selected descriptors, ensemble=3)",Chemprop v2,test,122,COc1ccccc1OCCNCC(O)COc1cccc2[nH]c3ccccc3c12,1.0,0.59074736,
tdc_bioavailability_ma,"Chemprop v2 (D-MPNN + Selected descriptors, ensemble=3)",Chemprop v2,test,123,CN(C)CCC=C1c2ccccc2COc2ccccc21,1.0,0.9093242,
tdc_bioavailability_ma,"Chemprop v2 (D-MPNN + Selected descriptors, ensemble=3)",Chemprop v2,test,124,Nc1nnc(-c2cccc(Cl)c2Cl)c(N)n1,1.0,0.9160492,
tdc_bioavailability_ma,"Chemprop v2 (D-MPNN + Selected descriptors, ensemble=3)",Chemprop v2,test,125,CO/N=C(\C(=O)N[C@@H]1C(=O)N2C(C(=O)O)=C(CSc3nc(=O)c(=O)[nH]n3C)CS[C@H]12)c1csc(N)n1,0.0,0.44701698,
tdc_bioavailability_ma,"Chemprop v2 (D-MPNN + Selected descriptors, ensemble=3)",Chemprop v2,test,126,Cc1ccc2c(-c3ccccc3)nc(=O)n(C(C)C)c2c1,0.0,0.8966444,
tdc_bioavailability_ma,"Chemprop v2 (D-MPNN + Selected descriptors, ensemble=3)",Chemprop v2,test,127,O=C1NCC2(CCN(CCc3ccccc3)CC2)O1,1.0,0.72126406,
