model,train_metric,performance_strength,diversity_strength
ChemML MLP (PyTorch),7.742074397538126,0.12916434906876978,0.03957422609611116
"Chemprop v2 (AttentiveFP, ensemble=1)",31.910401750904537,0.03133774396844295,0.12056054369031645
"MapLight + GNN (CatBoost, Strict Parity)",11.708397463965165,0.08540878485528797,0.04483830607891756
MapLight CatBoost (Strict Parity),13.852089531628765,0.07219127466052534,0.045391158246017305
