model,train_metric,performance_strength,diversity_strength
ChemML MLP (PyTorch),0.04787403301776351,20.888150359694016,0.003126309768028719
"Chemprop v2 (AttentiveFP, ensemble=1)",0.2225124173756104,4.494131212066056,0.002027288404779094
"MapLight + GNN (CatBoost, Strict Parity)",0.1150132036925788,8.69465389967678,0.0010153625920627
MapLight CatBoost (Strict Parity),0.14502732754644151,6.895252204656216,0.0009692019756137889
