model,train_metric,performance_strength,diversity_strength
"Chemprop v2 (AttentiveFP + Selected descriptors, ensemble=1)",0.3752432478908361,2.66493802518977,0.00627895292836389
"MapLight + GNN (CatBoost, Strict Parity)",3.2058242131480765e-07,3119322.625048157,0.007125884249552204
Tabular CNN,0.17871872315924625,5.595384648697137,0.007184865426167557
