Model,Weight,Abs normalized contribution,Workflow
SVR,-0.011219887646974014,0.008866211369710135,Conventional ML
Random forest,0.1740732093782864,0.13755662415816974,Conventional ML
AdaBoost,0.06336334637612873,0.05007116289746704,Conventional ML
Tabular MLP,0.15129555129642935,0.1195571987258485,Conventional ML
Tabular CNN,-0.06050280864268398,0.047810700674158345,Conventional ML
XGBoost,0.7398597100847597,0.5846540339744931,Conventional ML
TabPFNRegressor,-0.021007371297319333,0.016600504399368735,Conventional ML
"Chemprop v2 (AttentiveFP + Selected descriptors, ensemble=1)",-0.04414395847903707,0.03488356380078438,Chemprop v2
