model,workflow,train_r2,train_rmse,train_mae,train_spearman,test_r2,test_rmse,test_mae,test_spearman,primary_metric,primary_metric_value
"Ensemble (OOF Stacking (RidgeCV, 5-fold))",ensemble,0.9271726920963466,0.15162301295578726,0.12065477466630367,0.928225806451613,0.001370634405629123,0.6821758214897364,0.5398464806302208,0.6904761904761906,rmse,0.6821758214897364
ChemML MLP (PyTorch),ChemML deep learning,0.9330037622231746,0.14542638274947542,0.11989745943529614,0.9375290287563777,-0.24388018881106688,0.7613483864049478,0.571090094232068,0.6904761904761906,rmse,0.7613483864049478
Uni-Mol V1,Uni-Mol,0.3585286297175295,0.4499939068475357,0.36241616654233083,0.7435483870967743,-0.6710744402642226,0.8824539561904905,0.5820985328279602,0.11904761904761905,rmse,0.8824539561904905
