model,train_metric,performance_strength,diversity_strength
ChemML MLP (PyTorch),0.07691227418047909,13.001825919923292,0.00059421424151479
"Chemprop v2 (AttentiveFP, ensemble=1)",0.3436825796080953,2.909661586980376,0.0013001578803744755
Uni-Mol V1,0.1769057993733607,5.652725934040716,0.000572283208321613
XGBoost,0.13109616848711658,7.627987999498815,0.000543442940245248
