model,train_metric,performance_strength,diversity_strength
ChemML MLP (PyTorch),0.0005459755246801567,1831.5839351696577,9.766966939072398e-05
"Chemprop v2 (AttentiveFP, ensemble=1)",0.002992349247390338,334.1855904260211,0.00020658458280712399
ElasticNetCV,0.0008807812190441633,1135.3557255514766,0.00011552842236461999
TabPFNRegressor,0.0005744023028925327,1740.9400954074765,7.909193854038153e-05
Uni-Mol V1,0.00335014096061221,298.49490267933635,0.00010838348244471673
