model,train_metric,performance_strength,diversity_strength
ChemML MLP (PyTorch),0.13422751379949102,7.450037415531658,0.0008538141460844839
"Chemprop v2 (AttentiveFP + Selected descriptors, ensemble=1)",0.3427512961281612,2.9175673769766903,0.0006005542897820817
Extra trees,0.0006287514124426896,1590.4536836188015,0.0018915456867643302
Uni-Mol V1,0.3124592033018571,3.2004178127341993,0.0011547830306705127
