model,train_metric,performance_strength,diversity_strength
ChemML MLP (PyTorch),0.03331620126539404,30.015426789929762,0.009971243956123007
"Chemprop v2 (AttentiveFP, ensemble=1)",0.3505246380954373,2.8528665072830917,0.030562312343111405
"MapLight + GNN (CatBoost, Strict Parity)",0.13527347204868925,7.3924324174962255,0.010183020693315297
MapLight CatBoost (Strict Parity),0.15313459548164957,6.530203033839157,0.013085932674180381
