model,train_metric,performance_strength,diversity_strength
ChemML MLP (PyTorch),2.5611935541514086e-05,39044.2962961199,0.024344830622878077
"Chemprop v2 (AttentiveFP, ensemble=1)",0.0660538932039203,15.139153068734638,0.024780897025719766
HistGradientBoosting,7.991872479118367e-05,12512.712166177058,0.015413771233382627
"MapLight + GNN (CatBoost, Strict Parity)",0.03208618226591631,31.166063687865243,0.031163919788447573
