model,train_metric,performance_strength,diversity_strength
CatBoost,0.001979876663420921,505.0819672131266,0.01362957442335605
ChemML MLP (PyTorch),0.02477550578816401,40.36244541484717,0.01817285915977798
"Chemprop v2 (AttentiveFP + Selected descriptors, ensemble=1)",0.18933246781348045,5.281714285714286,0.027105932953756143
"MapLight + GNN (CatBoost, Strict Parity)",0.004273504273504258,234.00000000000082,0.042777812974003765
