model,train_metric,performance_strength,diversity_strength
ChemML MLP (PyTorch),0.036956072739230156,27.05915228212183,0.002036422148579993
"Chemprop v2 (AttentiveFP + Selected descriptors, ensemble=1)",0.09936733145604394,10.063669672384824,0.0024029381411460157
MapLight CatBoost (Strict Parity),0.09499374070598929,10.527009385755779,0.0024028795614476008
Uni-Mol V1,0.15570153292700795,6.422544346231933,0.00310462764127889
