model,train_metric,performance_strength,diversity_strength
ChemML MLP (PyTorch),0.08271928693772382,12.089079065114062,0.0008059716018657374
"Chemprop v2 (AttentiveFP + Selected descriptors, ensemble=1)",0.3034175697674433,3.295788048023909,0.00048302428959484347
Extra trees,0.0006287514124426896,1590.4536836188015,0.0005087427329696276
"MapLight + GNN (CatBoost, Strict Parity)",0.21044671875371534,4.751796587383691,0.001312454039889983
