model,train_metric,performance_strength,diversity_strength
CatBoost,0.004617481308886395,216.5682832490277,0.01319406782506099
ChemML MLP (PyTorch),7.556128294816666e-05,13234.290909088686,0.019578048389958424
"Chemprop v2 (AttentiveFP + Selected descriptors, ensemble=1)",0.09994147435175293,10.005855992082035,0.02425937374633519
"MapLight + GNN (CatBoost, Strict Parity)",0.014164305949008416,70.60000000000042,0.033265620480808555
