model,train_metric,performance_strength,diversity_strength
ChemML MLP (PyTorch),0.05001852044926751,19.992594563333277,0.006358501209042578
"Chemprop v2 (AttentiveFP + Selected descriptors, ensemble=1)",0.17912490823993094,5.58269650952473,0.019040518336825362
MapLight CatBoost (Strict Parity),0.15313459548164957,6.530203033839157,0.007053725224963409
Uni-Mol V1,0.2357538561778172,4.241712166293266,0.010938399061211372
