model,train_metric,performance_strength,diversity_strength
ChemML MLP (PyTorch),0.05529682986327026,18.0842193390227,0.0005214871508256372
"Chemprop v2 (AttentiveFP, ensemble=1)",0.4059936773300915,2.4630925451259036,0.0006949313927467737
"MapLight + GNN (CatBoost, Strict Parity)",0.11127811799536896,8.986492744616841,0.00032667050954316877
TabPFNRegressor,0.08915614925832775,11.216276255971135,0.000304510584418978
