model,workflow,train_r2,train_rmse,train_mae,train_spearman,test_r2,test_rmse,test_mae,test_spearman,primary_metric,primary_metric_value
ChemML MLP (PyTorch),ChemML deep learning,0.5163104272317447,0.8850781388605365,0.6770775730366405,0.6774351841428226,-1.2553111837791793,0.7553879348959184,0.6590581741871085,-0.15569978883230462,rmse,0.7553879348959184
"Ensemble (OOF Stacking (RidgeCV, 5-fold))",ensemble,0.8435710900219361,0.5033345715357257,0.4078580898363879,0.8921200750469044,-1.3471978562928797,0.7706224504971757,0.5876886770376214,0.309090909090909,rmse,0.7706224504971757
Uni-Mol V1,Uni-Mol,0.7578150731936081,0.6262847060904148,0.4848554703080367,0.9245778611632272,-2.08275791721435,0.883154158234541,0.7771503109437228,0.3696969696969697,rmse,0.883154158234541
Ensemble (Weighted average (inverse train RMSE)),ensemble,0.7769353038858899,0.6010542493893236,0.45975081055570766,0.9045028142589119,-0.6246225481701968,0.6411254921734354,0.49595095161287317,0.19999999999999998,rmse,0.6411254921734354
ChemML MLP (PyTorch),ChemML deep learning,0.5163104272317447,0.8850781388605365,0.6770775730366405,0.6774351841428226,-1.2553111837791793,0.7553879348959184,0.6590581741871085,-0.15569978883230462,rmse,0.7553879348959184
Uni-Mol V1,Uni-Mol,0.7578150731936081,0.6262847060904148,0.4848554703080367,0.9245778611632272,-2.08275791721435,0.883154158234541,0.7771503109437228,0.3696969696969697,rmse,0.883154158234541
