model,workflow,train_r2,train_rmse,train_mae,train_spearman,test_r2,test_rmse,test_mae,test_spearman,primary_metric,primary_metric_value
HistGradientBoosting,Conventional ML,0.0,1.2726185560645564,1.1334475587872597,,-0.44476738896935597,0.6045966999309014,0.4867183771498643,,rmse,0.6045966999309014
Ensemble (Weighted average (inverse train RMSE)),ensemble,0.9999027574029703,0.012549502974772642,0.009907360184208508,0.9998123827392121,-0.5118913704449206,0.6184820521873491,0.4413462865467482,0.35757575757575755,rmse,0.6184820521873491
MapLight CatBoost (Strict Parity),Conventional ML,0.9999964406667209,0.002400947031583682,0.0004906889860851339,1.0,-0.5291739412790133,0.6220069703178895,0.4447670728210328,0.35757575757575755,rmse,0.6220069703178895
SVR,Conventional ML,0.4879742753400792,0.9106345881138557,0.6560092673889334,0.6774351841428226,-0.6499857385614147,0.646110654102502,0.5142050517614052,-0.15569978883230462,rmse,0.646110654102502
TabPFNRegressor,Conventional ML,0.48762331375681833,0.9109466261562078,0.6883869276159542,0.6756173795342103,-0.951857267480962,0.7027337879504608,0.5534471302777335,-0.15569978883230462,rmse,0.7027337879504608
"Chemprop v2 (AttentiveFP, ensemble=1)",Chemprop v2,0.7174583079532292,0.6764559517423802,0.5036910204299752,0.8589118198874298,-1.1435495998603993,0.736433567253908,0.589923800788222,0.33333333333333326,rmse,0.736433567253908
Random forest,Conventional ML,0.5019588993563864,0.8981127120340554,0.7045356153571106,0.6756173795342103,-1.248921422256259,0.7543170910050055,0.6620426905922202,-0.15569978883230462,rmse,0.7543170910050055
"Chemprop v2 (AttentiveFP + Selected descriptors, ensemble=1)",Chemprop v2,0.5222483102678201,0.8796286523178878,0.7819973348328293,0.8035647279549719,-1.3174354214655546,0.7657211229827565,0.6708491348210683,-0.13939393939393938,rmse,0.7657211229827565
