model,train_metric,performance_strength,diversity_strength
ChemML MLP (PyTorch),0.8813643148984035,1.1346045932382365,0.0034579891436523446
"Chemprop v2 (AttentiveFP + Selected descriptors, ensemble=1)",1.0662130770437388,0.937898832354105,0.0032316131965433484
"MapLight + GNN (CatBoost, Strict Parity)",1.8783062210610615,0.5323945524894746,0.002160467098409346
MapLight CatBoost (Strict Parity),1.9929437984696492,0.501770296165845,0.005315118579812182
