model,train_metric,performance_strength,diversity_strength
ChemML MLP (PyTorch),4.185198033201942e-05,23893.731958842018,0.04564987087568478
"Chemprop v2 (AttentiveFP + Selected descriptors, ensemble=1)",0.046561073375033124,21.477168104466806,0.022878269086817418
"MapLight + GNN (CatBoost, Strict Parity)",0.03133546413650068,31.912723412804468,0.04111453143206528
XGBoost,0.001388685577956572,720.105411817903,0.01876437848527036
