model,workflow,train_r2,train_rmse,train_mae,train_spearman,test_r2,test_rmse,test_mae,test_spearman,primary_metric,primary_metric_value
"Chemprop v2 (AttentiveFP, ensemble=1)",Chemprop v2,0.06081912991532379,0.6893042636774647,0.5344664415344696,0.44752136752136745,-0.005337886083425225,0.6544096833228759,0.3965419284282847,0.39285714285714296,rmse,0.6544096833228759
HistGradientBoosting,Conventional ML,0.0,0.7112730371644846,0.5494051393898742,,-0.015927145339128757,0.6578471154718578,0.40710280800362064,,rmse,0.6578471154718578
"Ensemble (OOF Stacking (RidgeCV, 5-fold))",ensemble,0.9999999999997803,3.3340027793535075e-07,2.629125109508418e-07,0.9999999999999999,-0.05495615855253844,0.670364331195744,0.43364400156960975,-0.5714285714285715,rmse,0.670364331195744
CFA (Combinatorial Fusion),CFA fusion,0.9999999999994601,5.226233531343797e-07,3.319554247843717e-07,0.9999999999999999,-0.054956228672969676,0.6703643534745064,0.43364393874675244,-0.5714285714285715,rmse,0.6703643534745064
"Chemprop v2 (AttentiveFP + Selected descriptors, ensemble=1)",Chemprop v2,0.3153144519290144,0.5885480517436806,0.4547524351963005,0.6950427350427351,-0.19582107297870466,0.713718236213786,0.4569836844415031,0.7500000000000002,rmse,0.713718236213786
TabPFNRegressor,Conventional ML,0.6438840464208719,0.42445539775967206,0.3330876254120104,0.7417290331170394,-1.216082367471687,0.9715980656316735,0.7597675050296203,0.0,rmse,0.9715980656316735
AdaBoost,Conventional ML,0.6458763272204227,0.4232664305565476,0.3165876366087914,0.7417290331170394,-1.9396254169917686,1.1190247426077549,0.897197705685717,0.0,rmse,1.1190247426077549
Tabular CNN,Conventional ML,0.6017881786942716,0.4488419288208958,0.3173402146970622,0.725711670279169,-2.42219806320466,1.2073863535843055,0.9921693779702195,0.40089186286863665,rmse,1.2073863535843055
