model,workflow,train_r2,train_rmse,train_mae,train_spearman,test_r2,test_rmse,test_mae,test_spearman,primary_metric,primary_metric_value
Uni-Mol V1,Uni-Mol,0.46399508151860414,0.5207397536260684,0.4288885604142578,0.8482051282051282,0.021613898232874296,0.645578160081987,0.43447562005290663,0.28571428571428575,rmse,0.645578160081987
"Ensemble (OOF Stacking (RidgeCV, 5-fold))",ensemble,0.7672412751574959,0.3431542092521252,0.27852890373787564,0.8611965811965812,-0.4466575474583414,0.7850124796602719,0.552058643340892,0.21428571428571433,rmse,0.7850124796602719
ChemML MLP (PyTorch),ChemML deep learning,0.6532293401084959,0.41884903412496327,0.32552088656505024,0.7417290331170394,-1.5449839093991238,1.0412049228603966,0.8194861309157201,0.0,rmse,1.0412049228603966
Uni-Mol V1,Uni-Mol,0.46399508151860414,0.5207397536260684,0.4288885604142578,0.8482051282051282,0.021613898232874296,0.645578160081987,0.43447562005290663,0.28571428571428575,rmse,0.645578160081987
Ensemble (Weighted average (inverse train RMSE)),ensemble,0.6739025383332695,0.40617206877668416,0.2986224427538799,0.8557264957264956,-0.6153132451768721,0.8295108471390102,0.59909954294819,0.21428571428571433,rmse,0.8295108471390102
ChemML MLP (PyTorch),ChemML deep learning,0.6532293401084959,0.41884903412496327,0.32552088656505024,0.7417290331170394,-1.5449839093991238,1.0412049228603966,0.8194861309157201,0.0,rmse,1.0412049228603966
