model,train_metric,performance_strength,diversity_strength
ChemML MLP (PyTorch),2.5470592241274406,0.3926096380199307,0.0035123077428164573
"Chemprop v2 (AttentiveFP, ensemble=1)",5.243039947557149,0.1907290446005323,0.009060073419579671
"MapLight + GNN (CatBoost, Strict Parity)",3.556286356095875,0.2811922044145538,0.00414176843167222
MapLight CatBoost (Strict Parity),4.077383957068521,0.24525529371998628,0.0034439937846614983
