model,workflow,train_r2,train_rmse,train_mae,train_spearman,test_r2,test_rmse,test_mae,test_spearman,primary_metric,primary_metric_value
"Ensemble (OOF Stacking (RidgeCV, 5-fold))",ensemble,0.9619482579546983,0.24680592604743712,0.15779644301820883,0.961759234089742,0.3786817104236918,0.8743043206039695,0.667487312284461,0.5710291226439712,rmse,0.8743043206039695
ChemML MLP (PyTorch),ChemML deep learning,0.9619328303800931,0.24685595307345118,0.16859239681498464,0.9641346709873637,0.36948000469496023,0.8807547364937072,0.6683294176156014,0.5717306371826275,rmse,0.8807547364937072
Uni-Mol V1,Uni-Mol,0.6721569806989178,0.7244380980500443,0.5153509363323956,0.8091795843140589,0.16167205940858986,1.0155762266986683,0.8244888117105712,0.2297682504868955,rmse,1.0155762266986683
Ensemble (Weighted average (inverse train RMSE)),ensemble,0.9476255581802772,0.28955296409602493,0.20150536636951788,0.9561829128799776,0.46746469436130844,0.8094308605272386,0.627316034393537,0.5763044015166296,rmse,0.8094308605272386
ChemML MLP (PyTorch),ChemML deep learning,0.9619328303800931,0.24685595307345118,0.16859239681498464,0.9641346709873637,0.36948000469496023,0.8807547364937072,0.6683294176156014,0.5717306371826275,rmse,0.8807547364937072
Uni-Mol V1,Uni-Mol,0.6721569806989178,0.7244380980500443,0.5153509363323956,0.8091795843140589,0.16167205940858986,1.0155762266986683,0.8244888117105712,0.2297682504868955,rmse,1.0155762266986683
