Model,Weight,Abs normalized contribution,Workflow
ChemML MLP (PyTorch),0.9585206423310815,0.9636236633855483,ChemML deep learning
Uni-Mol V1,0.036183699988057816,0.036376336614451714,Uni-Mol
