model,train_metric,performance_strength,diversity_strength
ChemML MLP (PyTorch),0.050208161696165696,19.91708053466471,0.006364442945377398
"Chemprop v2 (AttentiveFP + Selected descriptors, ensemble=1)",0.10172048950137245,9.83086106744018,0.002562284328940325
MapLight CatBoost (Strict Parity),0.15124975132550098,6.611581118225602,0.0033025645721065505
Uni-Mol V1,0.13897106564704967,7.195742475917538,0.004916543285719009
