model,train_metric,performance_strength,diversity_strength
CatBoost,0.004617481308886395,216.5682832490277,0.010846210798928148
ChemML MLP (PyTorch),7.281359993194236e-05,13733.698113191533,0.012472215284489569
Uni-Mol V1,0.10636006187782143,9.402025368777295,0.012427293313371245
