model,train_metric,performance_strength,diversity_strength
ChemML MLP (PyTorch),7.426727902659636e-07,1346487.9999735593,0.007918037221678942
Uni-Mol V1,0.030693923748299268,32.579738198359514,0.013504365383503851
XGBoost,0.0,1000000000000.0,0.009420791925606381
