model,train_metric,performance_strength,diversity_strength
"Chemprop v2 (AttentiveFP, ensemble=1)",0.3937594031947732,2.539621890643078,0.005206949169859744
"MapLight + GNN (CatBoost, Strict Parity)",0.0547101583213347,18.278141220623034,0.009490770436453733
MapLight CatBoost (Strict Parity),0.13238010837245712,7.5540049958748865,0.0058344367013998515
