model,workflow,train_r2,train_rmse,train_mae,train_spearman,test_r2,test_rmse,test_mae,test_spearman,primary_metric,primary_metric_value
Uni-Mol V1,Uni-Mol,0.7434416858929934,0.4717380478571993,0.36566111399353873,0.8434127330585178,0.16203356904762134,0.7678355885589164,0.5795270334781886,0.5061084420041181,rmse,0.7678355885589164
"Ensemble (OOF Stacking (RidgeCV, 5-fold))",ensemble,0.9462036689850362,0.21601513833443614,0.1313615564108685,0.9698374558016964,0.048684225600289066,0.8181205016345406,0.6709270645641479,0.4328938337607918,rmse,0.8181205016345406
ChemML MLP (PyTorch),ChemML deep learning,0.9465256138111445,0.21536779570427617,0.13004300490049228,0.9695597261085902,0.011731208392234516,0.8338587060273542,0.6855682219936392,0.4252501535238233,rmse,0.8338587060273542
