model,train_metric,performance_strength,diversity_strength
ChemML MLP (PyTorch),0.038520988849464845,25.959873561602315,0.007390469238903738
"Chemprop v2 (AttentiveFP + Selected descriptors, ensemble=1)",0.2149237544593656,4.652812819669332,0.012248389462812044
"MapLight + GNN (CatBoost, Strict Parity)",0.1944772759548028,5.141988929505592,0.02297072468706857
Random forest,0.15340272888116138,6.51878885919092,0.007228022047022299
