model,train_metric,performance_strength,diversity_strength
ChemML MLP (PyTorch),0.0,1000000000000.0,0.0074937039736330795
TabPFNClassifier,0.0,1000000000000.0,0.00701691501832122
Uni-Mol V1,0.003589625811280972,278.5805687203776,0.012038064038522419
