model,train_metric,performance_strength,diversity_strength
ChemML MLP (PyTorch),0.0,1000000000000.0,0.014582821804438553
Extra trees,0.0,1000000000000.0,0.03201626692020041
Uni-Mol V1,0.17049808429118773,5.865168539325843,0.03456179426301412
