model,train_metric,performance_strength,diversity_strength
ChemML MLP (PyTorch),0.0024320092419729544,411.18264796919743,0.03580202731202454
"Chemprop v2 (AttentiveFP + Selected descriptors, ensemble=1)",0.12133720934550363,8.241494965922065,0.01729454934409631
"MapLight + GNN (CatBoost, Strict Parity)",0.09617237225370023,10.397996603037157,0.029765736976561055
XGBoost,0.0012294051758089397,813.4014885222906,0.017040832123037607
