model,train_metric,performance_strength,diversity_strength
"Chemprop v2 (AttentiveFP + Selected descriptors, ensemble=1)",0.4441584740681134,2.2514486571444907,0.06471477923379071
"MapLight + GNN (CatBoost, Strict Parity)",0.0006204466343704279,1611.7421621840335,0.03124413022368917
MapLight CatBoost (Strict Parity),0.003357581839592692,297.83339551339424,0.03357754384955696
