model,workflow,train_r2,train_rmse,train_mae,train_spearman,test_r2,test_rmse,test_mae,test_spearman,primary_metric,primary_metric_value
Uni-Mol V1,Uni-Mol,0.8110872267606583,0.5542167509937276,0.4091691696945695,0.8136132615333819,0.27577075057337785,1.0486866732538866,0.880517563247308,0.3058823529411765,rmse,1.0486866732538866
"Ensemble (OOF Stacking (RidgeCV, 5-fold))",ensemble,0.9146408403302927,0.3725409792110825,0.28180106984370507,0.8405833609251798,0.2228997882675925,1.086291127384951,0.8966516809126002,0.23823529411764705,rmse,1.086291127384951
ChemML MLP (PyTorch),ChemML deep learning,0.9136699879807405,0.3746535800972015,0.27495363944187357,0.8136823928368248,0.18129198493290666,1.1149932538206357,0.9123305594712128,0.10706985571417238,rmse,1.1149932538206357
Uni-Mol V1,Uni-Mol,0.8110872267606583,0.5542167509937276,0.4091691696945695,0.8136132615333819,0.27577075057337785,1.0486866732538866,0.880517563247308,0.3058823529411765,rmse,1.0486866732538866
Ensemble (Weighted average (inverse train RMSE)),ensemble,0.9088406495900369,0.38499013136373594,0.3004091402333752,0.872567426163161,0.26549896133368545,1.0560972841768161,0.8653478511412204,0.25,rmse,1.0560972841768161
ChemML MLP (PyTorch),ChemML deep learning,0.9136699879807405,0.3746535800972015,0.27495363944187357,0.8136823928368248,0.18129198493290666,1.1149932538206357,0.9123305594712128,0.10706985571417238,rmse,1.1149932538206357
