model,workflow,train_r2,train_rmse,train_mae,train_spearman,test_r2,test_rmse,test_mae,test_spearman,primary_metric,primary_metric_value
MapLight CatBoost (Strict Parity),Conventional ML,0.9997241709588711,0.021177221599423354,0.003357581839592692,0.9996794735513292,0.34997805061282994,0.9935088259346304,0.7507755541617117,0.4088235294117647,rmse,0.9935088259346304
"Ensemble (OOF Stacking (RidgeCV, 5-fold))",ensemble,0.9996738433409289,0.023028312335200765,0.008322251976946683,0.9996336839088985,0.34937905821708015,0.9939664775562772,0.7503703946552231,0.4088235294117647,rmse,0.9939664775562772
TabPFNRegressor,Conventional ML,0.905882086114198,0.39118764739577505,0.3149548487992787,0.8071656227675621,0.23828118018374733,1.0754867434479223,0.8688931344240536,0.3152612418250631,rmse,1.0754867434479223
AdaBoost,Conventional ML,0.8851404553652967,0.43214802383723794,0.35506843900908647,0.803745527369194,0.23538513531072003,1.0775292970326042,0.9163013933065838,0.2587521513092499,rmse,1.0775292970326042
ElasticNetCV,Conventional ML,0.8229253309573635,0.5365710110694484,0.43779986098600837,0.7712315123320054,0.2195566361134068,1.088625278723256,0.8799186606821876,0.3717703323408763,rmse,1.088625278723256
"Chemprop v2 (AttentiveFP + Selected descriptors, ensemble=1)",Chemprop v2,0.7496998842412865,0.6379395262001114,0.4441584740681134,0.733824809597545,0.05923792985234133,1.195219357397337,0.8415776901554932,0.15,rmse,1.195219357397337
Tabular CNN,Conventional ML,0.7344625953830717,0.6570703031605648,0.5165491517937582,0.6384255106129416,0.024938975619888337,1.2168123730397276,0.9830196041209027,0.30039042853142806,rmse,1.2168123730397276
