Model,Weight,Abs normalized contribution,Workflow
ElasticNetCV,-0.007886347275864125,0.007703679167473813,Conventional ML
AdaBoost,0.002646018242458581,0.0025847296470913163,Conventional ML
Tabular CNN,0.004381588977839357,0.004280100095556011,Conventional ML
MapLight CatBoost (Strict Parity),1.0037741200873,0.9805241269848335,Conventional ML
TabPFNRegressor,0.003975424727098442,0.003883343654639257,Conventional ML
"Chemprop v2 (AttentiveFP + Selected descriptors, ensemble=1)",-0.0010483018196794092,0.0010240204504060814,Chemprop v2
