feature,coefficient,abs_coefficient
fcfp6_bit_0458,4.2410754521361245,4.2410754521361245
morgan_bit_0132,3.8782484148526675,3.8782484148526675
fcfp6_bit_0415,3.5961717515003913,3.5961717515003913
topological_torsion_bit_0742,-3.2086525245745077,3.2086525245745077
ecfp6_bit_0848,-3.0674403884301547,3.0674403884301547
ecfp6_bit_0985,2.7728903111070276,2.7728903111070276
morgan_bit_0908,2.61043947224868,2.61043947224868
ecfp6_bit_0192,-2.523095077376286,2.523095077376286
ecfp6_bit_0196,2.5014956741887944,2.5014956741887944
ecfp6_bit_0669,2.4891033687627053,2.4891033687627053
fcfp6_bit_0819,2.4135217833690428,2.4135217833690428
morgan_bit_0856,-2.3556863901178557,2.3556863901178557
fcfp6_bit_0104,-2.2324199866499357,2.2324199866499357
topological_torsion_bit_0828,2.033857399951838,2.033857399951838
morgan_bit_0487,1.7216030960015203,1.7216030960015203
atom_pair_bit_0169,1.7054396200365074,1.7054396200365074
atom_pair_bit_0893,1.682229343852241,1.682229343852241
rdkit_fr_Ndealkylation1,1.676273374579775,1.676273374579775
atom_pair_bit_0508,1.5556555861020518,1.5556555861020518
fcfp6_bit_0331,1.5095709756635611,1.5095709756635611
maplight_morgan_0487,1.4918366835600476,1.4918366835600476
ecfp6_bit_0908,1.4599861867207355,1.4599861867207355
ecfp6_bit_0856,-1.4459018159305592,1.4459018159305592
ecfp6_bit_0132,1.4366726574830178,1.4366726574830178
topological_torsion_bit_0762,1.4010147451663284,1.4010147451663284
atom_pair_bit_0249,1.360426930469947,1.360426930469947
morgan_bit_0473,1.3427840442292742,1.3427840442292742
morgan_bit_0296,1.3204256432384749,1.3204256432384749
morgan_bit_0848,1.2918313033960602,1.2918313033960602
atom_pair_bit_0470,-1.2832506000724826,1.2832506000724826
ecfp6_bit_0487,1.2387008340765575,1.2387008340765575
maplight_morgan_0607,1.2346480904250678,1.2346480904250678
atom_pair_bit_0629,-1.2327017733678538,1.2327017733678538
rdk_path_bit_0291,1.216259737318372,1.216259737318372
morgan_bit_0006,1.1958361036669374,1.1958361036669374
fcfp6_bit_0057,1.1935316518496253,1.1935316518496253
atom_pair_bit_0526,1.1752311131377704,1.1752311131377704
ecfp6_bit_0473,1.168618640999832,1.168618640999832
fcfp6_bit_0874,1.1336849074405575,1.1336849074405575
atom_pair_bit_0869,-1.1236684534650223,1.1236684534650223
fcfp6_bit_0116,1.1149842711758806,1.1149842711758806
atom_pair_bit_0872,1.1082532696713565,1.1082532696713565
fcfp6_bit_0619,1.0875190798466419,1.0875190798466419
atom_pair_bit_0745,-1.0867314103781747,1.0867314103781747
atom_pair_bit_0172,1.0751523919061754,1.0751523919061754
atom_pair_bit_0544,1.0312470692552473,1.0312470692552473
atom_pair_bit_0098,-1.0192450349640314,1.0192450349640314
atom_pair_bit_0248,1.0059860225826376,1.0059860225826376
ecfp6_bit_0648,1.0049220575440998,1.0049220575440998
atom_pair_bit_0435,-0.944037100908055,0.944037100908055
atom_pair_bit_0381,-0.9374725213744782,0.9374725213744782
morgan_bit_0651,0.9282840767335283,0.9282840767335283
fcfp6_bit_0986,0.9273061508533602,0.9273061508533602
atom_pair_bit_0824,0.9250291368017872,0.9250291368017872
atom_pair_bit_0372,0.9226084527693397,0.9226084527693397
rdk_path_bit_0707,0.9205385994636747,0.9205385994636747
morgan_bit_0642,0.9176558766274375,0.9176558766274375
atom_pair_bit_0886,-0.90995500799408,0.90995500799408
rdkit_EState_VSA5,-0.9088355122699333,0.9088355122699333
atom_pair_bit_0988,-0.8915063496438153,0.8915063496438153
morgan_bit_0940,0.8890074067585887,0.8890074067585887
layered_bit_0760,0.8857974985472837,0.8857974985472837
maccs_bit_164,0.881842908569031,0.881842908569031
rdk_path_bit_0525,0.8650845763922801,0.8650845763922801
morgan_bit_0440,0.862567537170863,0.862567537170863
avalon_count_0654,0.8591604411782612,0.8591604411782612
atom_pair_bit_0749,-0.8558605795944194,0.8558605795944194
fcfp6_bit_0832,-0.8490654416602005,0.8490654416602005
topological_torsion_bit_0741,0.8485845705631012,0.8485845705631012
ecfp6_bit_0820,0.8436354611291779,0.8436354611291779
atom_pair_bit_0109,0.8405394516783026,0.8405394516783026
rdkit_EState_VSA4,0.8354633201646542,0.8354633201646542
fcfp6_bit_0965,0.8243602683641563,0.8243602683641563
morgan_bit_0163,0.8227753726914179,0.8227753726914179
atom_pair_bit_0812,0.8226845818086888,0.8226845818086888
ecfp6_bit_0296,0.8187394571940021,0.8187394571940021
ecfp6_bit_0054,0.8116604171083154,0.8116604171083154
atom_pair_bit_0400,0.804958495512274,0.804958495512274
rdk_path_bit_0311,0.7932123943934957,0.7932123943934957
atom_pair_bit_0809,0.7880536046763099,0.7880536046763099
layered_bit_0183,0.7732580050380972,0.7732580050380972
ecfp6_bit_0319,0.7569055188271698,0.7569055188271698
maplight_morgan_0716,-0.7565910340633397,0.7565910340633397
atom_pair_bit_0516,-0.74797653073834,0.74797653073834
fcfp6_bit_0194,0.7446573718052893,0.7446573718052893
avalon_count_0675,0.7404967457651842,0.7404967457651842
ecfp6_bit_0055,0.7373351465833875,0.7373351465833875
avalon_count_0169,0.7327206785542199,0.7327206785542199
atom_pair_bit_0804,-0.7254925606406549,0.7254925606406549
atom_pair_bit_0314,0.7233466109491931,0.7233466109491931
atom_pair_bit_0293,0.7172327502002797,0.7172327502002797
maplight_morgan_0940,0.7143807614931258,0.7143807614931258
atom_pair_bit_0292,0.7110606026653964,0.7110606026653964
fcfp6_bit_0589,-0.7058746628714205,0.7058746628714205
ecfp6_bit_0690,0.7053773373852377,0.7053773373852377
fcfp6_bit_0151,-0.6977553144065651,0.6977553144065651
morgan_bit_0615,0.6840439844196494,0.6840439844196494
rdk_path_bit_0315,0.6744514632193177,0.6744514632193177
atom_pair_bit_0808,0.6721084700401945,0.6721084700401945
atom_pair_bit_0481,0.6708208196891602,0.6708208196891602
maplight_morgan_0985,-0.664282241703583,0.664282241703583
avalon_count_0624,-0.6610166679513468,0.6610166679513468
atom_pair_bit_0560,0.6578989932142623,0.6578989932142623
atom_pair_bit_0585,-0.6562283502826883,0.6562283502826883
fcfp6_bit_0453,0.6557377365982083,0.6557377365982083
fcfp6_bit_0597,-0.6525633326080073,0.6525633326080073
morgan_bit_0300,-0.6470728332273334,0.6470728332273334
layered_bit_0092,0.6412050553817301,0.6412050553817301
maplight_morgan_0006,-0.6329513364355993,0.6329513364355993
rdk_path_bit_0338,0.6310499825881425,0.6310499825881425
fcfp6_bit_0435,-0.6309637095068182,0.6309637095068182
layered_bit_0917,0.6264510318205443,0.6264510318205443
fcfp6_bit_0239,0.6246533858513004,0.6246533858513004
fcfp6_bit_0805,0.6198774865695164,0.6198774865695164
maccs_bit_068,-0.6190507419009144,0.6190507419009144
atom_pair_bit_0268,-0.6129000124983962,0.6129000124983962
atom_pair_bit_0228,0.6107282445091153,0.6107282445091153
morgan_bit_0170,-0.6061416911050087,0.6061416911050087
atom_pair_bit_0878,-0.6040960733396852,0.6040960733396852
ecfp6_bit_0859,0.6008407842510876,0.6008407842510876
atom_pair_bit_0112,-0.5982107136078553,0.5982107136078553
fcfp6_bit_0272,0.5974502834014815,0.5974502834014815
avalon_count_0240,0.5931625422274238,0.5931625422274238
atom_pair_bit_0044,-0.587456793289238,0.587456793289238
ecfp6_bit_0393,0.5858360712200432,0.5858360712200432
fcfp6_bit_0662,0.5834784310698774,0.5834784310698774
ecfp6_bit_0246,-0.5811937441637888,0.5811937441637888
maplight_morgan_0473,0.5806730443799037,0.5806730443799037
morgan_bit_1021,0.5791459476322931,0.5791459476322931
layered_bit_0259,0.5722855285836066,0.5722855285836066
atom_pair_bit_0394,-0.571169888346311,0.571169888346311
morgan_bit_0044,0.5704767132642357,0.5704767132642357
fcfp6_bit_0884,-0.568673893031251,0.568673893031251
atom_pair_bit_0357,-0.566831664760718,0.566831664760718
topological_torsion_bit_0378,0.5655610381680337,0.5655610381680337
layered_bit_0709,0.5629856868607035,0.5629856868607035
morgan_bit_0830,0.5619985355578901,0.5619985355578901
ecfp6_bit_0163,0.5591473767463985,0.5591473767463985
ecfp6_bit_0594,0.5540768380856839,0.5540768380856839
fcfp6_bit_0153,0.5522183429442568,0.5522183429442568
ecfp6_bit_0161,-0.5489511243601316,0.5489511243601316
fcfp6_bit_0354,0.5487180957662812,0.5487180957662812
fcfp6_bit_0247,-0.5473275113480144,0.5473275113480144
ecfp6_bit_0440,0.5466620292938614,0.5466620292938614
morgan_bit_0490,0.5447215387675257,0.5447215387675257
layered_bit_0144,0.5438517165118804,0.5438517165118804
morgan_bit_0817,0.542152001132157,0.542152001132157
topological_torsion_bit_0738,-0.5400031605777802,0.5400031605777802
morgan_bit_0985,-0.5387494330227758,0.5387494330227758
erg_115,0.5386876140111418,0.5386876140111418
atom_pair_bit_0227,0.537134735665352,0.537134735665352
fcfp6_bit_0514,0.5369320096217901,0.5369320096217901
fcfp6_bit_0554,0.534132144997214,0.534132144997214
fcfp6_bit_0328,0.5337306734934666,0.5337306734934666
ecfp6_bit_0651,0.5316854709035466,0.5316854709035466
fcfp6_bit_0988,0.5294218933661168,0.5294218933661168
rdk_path_bit_0608,0.5245543194096635,0.5245543194096635
morgan_bit_0196,-0.523724735027857,0.523724735027857
topological_torsion_bit_0517,0.5231204497631996,0.5231204497631996
fcfp6_bit_0250,0.522897955019956,0.522897955019956
rdk_path_bit_0295,0.5194863394358599,0.5194863394358599
ecfp6_bit_0909,-0.5186692835008041,0.5186692835008041
atom_pair_bit_0433,0.5140501201031367,0.5140501201031367
ecfp6_bit_0300,-0.5119978289216627,0.5119978289216627
fcfp6_bit_0438,-0.5036870468575108,0.5036870468575108
fcfp6_bit_0683,-0.49930650196109433,0.49930650196109433
layered_bit_0682,0.49760193017926724,0.49760193017926724
fcfp6_bit_0015,0.49591069047059605,0.49591069047059605
atom_pair_bit_0024,-0.4929244818668671,0.4929244818668671
atom_pair_bit_0818,0.4900613197362223,0.4900613197362223
rdk_path_bit_0205,-0.48233145037654424,0.48233145037654424
morgan_bit_0222,0.4811051760751009,0.4811051760751009
atom_pair_bit_0784,-0.48088528068077974,0.48088528068077974
maccs_bit_141,-0.4807782938306826,0.4807782938306826
rdk_path_bit_0694,0.47619144814071646,0.47619144814071646
fcfp6_bit_0747,-0.4742356527242377,0.4742356527242377
layered_bit_0149,-0.4725134077960831,0.4725134077960831
ecfp6_bit_0051,-0.4718527553277285,0.4718527553277285
topological_torsion_bit_0260,-0.4715178509330584,0.4715178509330584
layered_bit_0699,0.47134776624683156,0.47134776624683156
layered_bit_0328,0.471345203006099,0.471345203006099
maccs_bit_054,0.47016011024174875,0.47016011024174875
atom_pair_bit_0880,0.46804440582604073,0.46804440582604073
layered_bit_0104,-0.46669508790966,0.46669508790966
ecfp6_bit_0593,0.46502128462651604,0.46502128462651604
atom_pair_bit_0058,-0.4639530413589011,0.4639530413589011
fcfp6_bit_0775,-0.46383915555423394,0.46383915555423394
ecfp6_bit_0765,0.4627395637715853,0.4627395637715853
topological_torsion_bit_0521,-0.46147586756907577,0.46147586756907577
fcfp6_bit_0469,-0.46097928376843944,0.46097928376843944
morgan_bit_0480,-0.4594437482376663,0.4594437482376663
rdk_path_bit_0739,-0.4588791707600666,0.4588791707600666
fcfp6_bit_0213,-0.4581722179068582,0.4581722179068582
fcfp6_bit_0114,-0.45653914327548134,0.45653914327548134
rdk_path_bit_0661,0.45620335712903387,0.45620335712903387
ecfp6_bit_0865,-0.45614231367830727,0.45614231367830727
rdk_path_bit_0083,0.45545142696518726,0.45545142696518726
layered_bit_0066,-0.45434994027985537,0.45434994027985537
fcfp6_bit_0268,-0.453683397456085,0.453683397456085
morgan_bit_0859,0.45363078112073224,0.45363078112073224
fcfp6_bit_0723,0.45357257748351626,0.45357257748351626
atom_pair_bit_0389,-0.45312595347233153,0.45312595347233153
topological_torsion_bit_0797,-0.4514828338829262,0.4514828338829262
maplight_morgan_0196,-0.4500028354620624,0.4500028354620624
morgan_bit_0191,0.44755755725753765,0.44755755725753765
morgan_bit_0788,-0.4473640355141982,0.4473640355141982
layered_bit_0921,-0.4458277880789296,0.4458277880789296
morgan_bit_0277,-0.44557783113161276,0.44557783113161276
topological_torsion_bit_0829,-0.44517727960274556,0.44517727960274556
fcfp6_bit_0203,0.4446473701541423,0.4446473701541423
layered_bit_0882,-0.44456373266693494,0.44456373266693494
fcfp6_bit_0196,0.44393372184395896,0.44393372184395896
atom_pair_bit_0700,-0.4420086494121101,0.4420086494121101
fcfp6_bit_0979,0.43947634637516075,0.43947634637516075
rdk_path_bit_0078,0.4375939182948219,0.4375939182948219
layered_bit_0139,-0.43725039715355035,0.43725039715355035
ecfp6_bit_0742,-0.43644351919113344,0.43644351919113344
ecfp6_bit_0217,-0.4363862420858893,0.4363862420858893
ecfp6_bit_0169,0.4355427420357977,0.4355427420357977
morgan_bit_0709,0.4351259082991288,0.4351259082991288
atom_pair_bit_1017,0.4347650079377129,0.4347650079377129
atom_pair_bit_0198,-0.43440103647607226,0.43440103647607226
ecfp6_bit_0418,-0.4339356239736217,0.4339356239736217
morgan_bit_0238,-0.43247012337443574,0.43247012337443574
atom_pair_bit_0797,-0.42948071978186303,0.42948071978186303
maplight_morgan_0582,0.4293519323557944,0.4293519323557944
fcfp6_bit_0260,-0.42913632484430675,0.42913632484430675
rdk_path_bit_0742,0.4286415786144103,0.4286415786144103
atom_pair_bit_0517,-0.4284032814925506,0.4284032814925506
ecfp6_bit_0427,-0.4283632965109449,0.4283632965109449
avalon_count_0313,0.4257890893079124,0.4257890893079124
atom_pair_bit_0744,0.42244393413931974,0.42244393413931974
fcfp6_bit_0099,0.4202986631210661,0.4202986631210661
atom_pair_bit_0753,-0.41974350680527844,0.41974350680527844
ecfp6_bit_0591,-0.4193377557536106,0.4193377557536106
fcfp6_bit_0383,0.4192255096520306,0.4192255096520306
atom_pair_bit_0612,-0.41806552922227624,0.41806552922227624
topological_torsion_bit_1005,0.4112884644080982,0.4112884644080982
morgan_bit_0288,0.4080715207149243,0.4080715207149243
atom_pair_bit_0082,-0.40698620356361553,0.40698620356361553
ecfp6_bit_0554,-0.4068309591771268,0.4068309591771268
morgan_bit_0854,0.40598286230082475,0.40598286230082475
rdk_path_bit_0077,0.40495451964138607,0.40495451964138607
layered_bit_0909,-0.4034577461796175,0.4034577461796175
atom_pair_bit_0450,-0.40175231232414876,0.40175231232414876
topological_torsion_bit_0881,0.4013805995802557,0.4013805995802557
rdk_path_bit_0246,-0.40040275924591356,0.40040275924591356
fcfp6_bit_0234,-0.3989598271144804,0.3989598271144804
ecfp6_bit_0689,0.39693032208877127,0.39693032208877127
fcfp6_bit_0222,-0.3966785457867023,0.3966785457867023
ecfp6_bit_0976,-0.3966424477679194,0.3966424477679194
topological_torsion_bit_0892,-0.3961770743167516,0.3961770743167516
fcfp6_bit_0858,0.39514052161916463,0.39514052161916463
atom_pair_bit_0221,-0.39487465000779304,0.39487465000779304
ecfp6_bit_0646,0.393781389519833,0.393781389519833
rdk_path_bit_0637,0.39325514273655043,0.39325514273655043
rdk_path_bit_0282,0.39302791379157487,0.39302791379157487
layered_bit_0028,-0.3905559589143474,0.3905559589143474
atom_pair_bit_0305,-0.3904385366302898,0.3904385366302898
maccs_bit_114,0.3887723435477998,0.3887723435477998
atom_pair_bit_0523,-0.38780643941589443,0.38780643941589443
layered_bit_0503,0.3854616340068678,0.3854616340068678
topological_torsion_bit_0016,-0.3849030617288982,0.3849030617288982
rdk_path_bit_0529,0.3840743237660352,0.3840743237660352
fcfp6_bit_0588,-0.3817581445445267,0.3817581445445267
layered_bit_0140,-0.38106190268220574,0.38106190268220574
atom_pair_bit_0290,-0.38077300901922906,0.38077300901922906
atom_pair_bit_0488,0.3805855528639879,0.3805855528639879
rdk_path_bit_0051,0.3782490253889082,0.3782490253889082
layered_bit_0700,0.37814181672829505,0.37814181672829505
rdk_path_bit_0579,-0.3770765716410657,0.3770765716410657
avalon_count_0836,0.3767540913155176,0.3767540913155176
rdkit_BCUT2D_MWHI,0.3755782732861442,0.3755782732861442
morgan_bit_0690,0.3753210103592821,0.3753210103592821
topological_torsion_bit_0201,0.3749239828362684,0.3749239828362684
ecfp6_bit_0807,0.37299710242978557,0.37299710242978557
fcfp6_bit_0002,-0.3727708868176236,0.3727708868176236
fcfp6_bit_0519,0.3723691331470694,0.3723691331470694
fcfp6_bit_0784,-0.37154036875964963,0.37154036875964963
rdk_path_bit_0167,0.3697595458254149,0.3697595458254149
fcfp6_bit_0592,-0.3693855513085913,0.3693855513085913
topological_torsion_bit_0900,-0.36920143232271035,0.36920143232271035
maplight_morgan_0284,-0.36739341125232217,0.36739341125232217
atom_pair_bit_0823,0.36719499872562955,0.36719499872562955
ecfp6_bit_0524,-0.36670041989862917,0.36670041989862917
fcfp6_bit_0539,0.3637194578689071,0.3637194578689071
fcfp6_bit_0698,-0.36345200769032465,0.36345200769032465
ecfp6_bit_1009,-0.36215718345793363,0.36215718345793363
topological_torsion_bit_0383,-0.3621111159473039,0.3621111159473039
ecfp6_bit_0940,0.36198500541062784,0.36198500541062784
layered_bit_0701,0.36182294882701943,0.36182294882701943
atom_pair_bit_0444,0.36127417591698047,0.36127417591698047
layered_bit_0830,0.3601111109493429,0.3601111109493429
atom_pair_bit_1013,0.36009406954214035,0.36009406954214035
erg_218,0.35842036667575805,0.35842036667575805
maccs_bit_131,-0.35784119569513123,0.35784119569513123
morgan_bit_1009,-0.3560426013656306,0.3560426013656306
layered_bit_0179,0.3560271365543379,0.3560271365543379
ecfp6_bit_0157,-0.3559962453533747,0.3559962453533747
ecfp6_bit_0224,-0.35582903834219,0.35582903834219
morgan_bit_0408,-0.35580575464399716,0.35580575464399716
topological_torsion_bit_0045,-0.35539897850496727,0.35539897850496727
rdk_path_bit_0734,-0.35481168084026005,0.35481168084026005
morgan_bit_0294,0.3520959300081408,0.3520959300081408
rdkit_BCUT2D_MRHI,0.35194744646112497,0.35194744646112497
topological_torsion_bit_0353,0.3517086083976608,0.3517086083976608
topological_torsion_bit_0796,-0.3509189280194553,0.3509189280194553
rdk_path_bit_0825,-0.3488745868898436,0.3488745868898436
fcfp6_bit_0678,-0.34865748709487077,0.34865748709487077
fcfp6_bit_0481,0.3484948313835441,0.3484948313835441
atom_pair_bit_0810,-0.34816697735463487,0.34816697735463487
erg_040,0.34771905425825894,0.34771905425825894
atom_pair_bit_0557,-0.34756877369783457,0.34756877369783457
ecfp6_bit_0288,0.3470337293563387,0.3470337293563387
ecfp6_bit_0006,0.3466319659957898,0.3466319659957898
rdk_path_bit_0281,0.3464309180190482,0.3464309180190482
atom_pair_bit_0694,-0.34609862478719955,0.34609862478719955
avalon_count_0994,0.34399187664337,0.34399187664337
fcfp6_bit_0610,-0.3438637566946544,0.3438637566946544
layered_bit_0914,0.3438572708279881,0.3438572708279881
atom_pair_bit_0025,-0.34359843094523296,0.34359843094523296
layered_bit_0655,-0.3426349095382422,0.3426349095382422
ecfp6_bit_0439,-0.3411903158497589,0.3411903158497589
rdk_path_bit_0027,-0.3378421457024992,0.3378421457024992
fcfp6_bit_0803,-0.3376324418733253,0.3376324418733253
rdk_path_bit_0344,0.3366693367680442,0.3366693367680442
maplight_morgan_0952,-0.33515526999787926,0.33515526999787926
atom_pair_bit_0857,0.3341014870391672,0.3341014870391672
morgan_bit_0694,0.33392611653771354,0.33392611653771354
fcfp6_bit_0299,-0.33230129559589605,0.33230129559589605
fcfp6_bit_0108,-0.33183190393596973,0.33183190393596973
rdk_path_bit_0932,-0.3316127635627339,0.3316127635627339
ecfp6_bit_0556,-0.3310999511696058,0.3310999511696058
maplight_morgan_0025,-0.32949842785432676,0.32949842785432676
atom_pair_bit_0980,-0.3291513167059259,0.3291513167059259
ecfp6_bit_0198,0.32895252791580676,0.32895252791580676
fcfp6_bit_0782,0.32863166019292445,0.32863166019292445
rdk_path_bit_0895,0.3282071647111268,0.3282071647111268
rdk_path_bit_0124,0.3280224800735025,0.3280224800735025
atom_pair_bit_0664,0.32694258001560855,0.32694258001560855
maplight_morgan_0719,-0.3257715835750045,0.3257715835750045
atom_pair_bit_0522,-0.3254151194906857,0.3254151194906857
fcfp6_bit_0039,-0.3253597426564086,0.3253597426564086
layered_bit_0249,-0.3252581515348601,0.3252581515348601
layered_bit_0432,-0.32512013750678254,0.32512013750678254
morgan_bit_0275,0.3250364956017806,0.3250364956017806
rdk_path_bit_0577,-0.3241535239577518,0.3241535239577518
avalon_count_0492,-0.32413221272785714,0.32413221272785714
ecfp6_bit_0687,0.3239236698645111,0.3239236698645111
fcfp6_bit_0852,-0.32364341279001513,0.32364341279001513
fcfp6_bit_0263,0.32329594664861205,0.32329594664861205
fcfp6_bit_1015,-0.32220886273355337,0.32220886273355337
atom_pair_bit_1000,-0.32058174964269076,0.32058174964269076
layered_bit_0952,-0.32053894960382284,0.32053894960382284
ecfp6_bit_1013,-0.32000228582301676,0.32000228582301676
atom_pair_bit_0568,-0.3198016381218937,0.3198016381218937
fcfp6_bit_0999,-0.3197920607411365,0.3197920607411365
maplight_morgan_0957,-0.31973042792697126,0.31973042792697126
atom_pair_bit_0720,-0.31966238469336256,0.31966238469336256
ecfp6_bit_0385,0.31927629291768833,0.31927629291768833
ecfp6_bit_0754,-0.3188486850356827,0.3188486850356827
rdk_path_bit_0123,-0.31838832366749537,0.31838832366749537
morgan_bit_0991,0.3176849816855266,0.3176849816855266
atom_pair_bit_0736,0.31765564835903976,0.31765564835903976
ecfp6_bit_0729,0.317546459563316,0.317546459563316
ecfp6_bit_0069,-0.3172543885336772,0.3172543885336772
rdk_path_bit_0756,0.31543990987092796,0.31543990987092796
fcfp6_bit_0929,0.3144699986004252,0.3144699986004252
avalon_count_0344,0.3144237826501186,0.3144237826501186
ecfp6_bit_0482,-0.3141740742028993,0.3141740742028993
fcfp6_bit_0744,0.31350257112303237,0.31350257112303237
avalon_count_0738,-0.31238341592511065,0.31238341592511065
morgan_bit_0313,-0.3120329099263879,0.3120329099263879
rdk_path_bit_0703,0.31189804753998696,0.31189804753998696
ecfp6_bit_0513,-0.31089622080245105,0.31089622080245105
ecfp6_bit_0819,-0.31062721315038505,0.31062721315038505
ecfp6_bit_0497,0.31016673068490663,0.31016673068490663
atom_pair_bit_0572,0.30954984640628824,0.30954984640628824
topological_torsion_bit_0520,-0.3090916170230876,0.3090916170230876
morgan_bit_0556,-0.30867169100269487,0.30867169100269487
topological_torsion_bit_0213,-0.3083675880106127,0.3083675880106127
morgan_bit_0928,-0.3081700202546063,0.3081700202546063
layered_bit_0758,-0.30738498012217924,0.30738498012217924
atom_pair_bit_0265,-0.3070647607113568,0.3070647607113568
layered_bit_0147,0.3066371997883202,0.3066371997883202
maplight_morgan_0490,0.3063836870346611,0.3063836870346611
fcfp6_bit_0394,-0.30620681098607383,0.30620681098607383
ecfp6_bit_0460,0.30613536919821727,0.30613536919821727
fcfp6_bit_0968,-0.3059591580287287,0.3059591580287287
morgan_bit_0855,-0.3051709724345155,0.3051709724345155
avalon_count_0644,-0.30511359994147136,0.30511359994147136
morgan_bit_0289,0.30494320886821374,0.30494320886821374
fcfp6_bit_0566,-0.3049255565299938,0.3049255565299938
ecfp6_bit_0685,0.30457676985103876,0.30457676985103876
fcfp6_bit_0926,0.3042995810966517,0.3042995810966517
rdk_path_bit_0937,-0.3037760390505293,0.3037760390505293
fcfp6_bit_0530,-0.3036472264567508,0.3036472264567508
fcfp6_bit_0174,0.30220942168703974,0.30220942168703974
rdk_path_bit_0485,-0.3016435318924404,0.3016435318924404
avalon_count_0992,0.30105590135386884,0.30105590135386884
atom_pair_bit_0423,0.3008238271776388,0.3008238271776388
topological_torsion_bit_0898,0.30051310963220196,0.30051310963220196
rdk_path_bit_0302,0.29933804687364834,0.29933804687364834
fcfp6_bit_0502,0.2991191128868206,0.2991191128868206
atom_pair_bit_1023,-0.29899070485104146,0.29899070485104146
fcfp6_bit_0801,-0.29875791513910854,0.29875791513910854
atom_pair_bit_0757,0.29870540857745576,0.29870540857745576
layered_bit_0593,-0.2986483882796638,0.2986483882796638
morgan_bit_0439,-0.29842538253050693,0.29842538253050693
rdk_path_bit_0626,-0.2981889729122386,0.2981889729122386
fcfp6_bit_1014,-0.29774277628931833,0.29774277628931833
topological_torsion_bit_0568,-0.29758921100922386,0.29758921100922386
rdk_path_bit_0794,-0.2967251383574324,0.2967251383574324
atom_pair_bit_0665,0.2962681473063451,0.2962681473063451
topological_torsion_bit_0745,0.2954608749036941,0.2954608749036941
rdk_path_bit_0305,-0.2952670478095058,0.2952670478095058
ecfp6_bit_0042,0.2951600992687923,0.2951600992687923
ecfp6_bit_1021,0.29510860152980706,0.29510860152980706
morgan_bit_0092,0.2949867135693936,0.2949867135693936
topological_torsion_bit_0352,-0.29445372933388025,0.29445372933388025
atom_pair_bit_0040,-0.2940365409022873,0.2940365409022873
ecfp6_bit_0501,0.29400554521547345,0.29400554521547345
ecfp6_bit_0883,0.2939063612596609,0.2939063612596609
morgan_bit_0033,0.293767210214041,0.293767210214041
atom_pair_bit_0313,-0.2936381497545283,0.2936381497545283
morgan_bit_0872,-0.2935239328040336,0.2935239328040336
fcfp6_bit_0031,0.2927851357335279,0.2927851357335279
morgan_bit_0227,-0.29274570051371873,0.29274570051371873
morgan_bit_0165,0.292386996058128,0.292386996058128
fcfp6_bit_0346,-0.2920268895636254,0.2920268895636254
ecfp6_bit_0642,0.29194692415922996,0.29194692415922996
fcfp6_bit_0546,0.290883397575254,0.290883397575254
layered_bit_0820,-0.2899185444079507,0.2899185444079507
atom_pair_bit_0610,0.28975074605350387,0.28975074605350387
fcfp6_bit_0048,-0.28944227155671176,0.28944227155671176
atom_pair_bit_0673,-0.2894053827036621,0.2894053827036621
fcfp6_bit_0657,-0.28873557804823563,0.28873557804823563
atom_pair_bit_0908,-0.28755536490236305,0.28755536490236305
rdk_path_bit_0037,-0.28745510979759237,0.28745510979759237
rdk_path_bit_0969,0.28738656812231933,0.28738656812231933
fcfp6_bit_1002,-0.28711851162807256,0.28711851162807256
morgan_bit_0280,0.286468434054853,0.286468434054853
morgan_bit_0460,0.2863312571317912,0.2863312571317912
layered_bit_1017,-0.2862586857216614,0.2862586857216614
atom_pair_bit_0315,-0.2856395825944665,0.2856395825944665
rdk_path_bit_0562,0.28545387064988853,0.28545387064988853
atom_pair_bit_0097,0.2854015096975739,0.2854015096975739
rdk_path_bit_0159,0.28517420175049946,0.28517420175049946
atom_pair_bit_0500,0.28459011966253756,0.28459011966253756
maplight_morgan_0440,-0.2842480783424114,0.2842480783424114
fcfp6_bit_0641,0.28404389902458105,0.28404389902458105
ecfp6_bit_0796,-0.28353614058127724,0.28353614058127724
fcfp6_bit_0440,0.28341925922804684,0.28341925922804684
topological_torsion_bit_0296,0.2831922036889718,0.2831922036889718
layered_bit_0405,-0.2830907654229608,0.2830907654229608
layered_bit_0218,-0.2827483002184631,0.2827483002184631
atom_pair_bit_0785,-0.2820817828785455,0.2820817828785455
layered_bit_0862,0.2818735919195843,0.2818735919195843
morgan_bit_0795,-0.2816168813270977,0.2816168813270977
topological_torsion_bit_0084,-0.28047017546529335,0.28047017546529335
rdk_path_bit_0993,-0.27964301636264244,0.27964301636264244
fcfp6_bit_0994,-0.27946569860720927,0.27946569860720927
rdk_path_bit_0953,0.2784834890887721,0.2784834890887721
morgan_bit_0986,-0.27826103405633756,0.27826103405633756
ecfp6_bit_0732,0.27766338755417436,0.27766338755417436
fcfp6_bit_0105,0.2775758927160875,0.2775758927160875
maccs_bit_090,-0.2775054727147585,0.2775054727147585
fcfp6_bit_0806,-0.27748892151644844,0.27748892151644844
morgan_bit_0118,-0.27699526408161634,0.27699526408161634
layered_bit_0074,0.27596063246688174,0.27596063246688174
rdk_path_bit_0244,-0.2756669967170459,0.2756669967170459
ecfp6_bit_0953,0.2756267250759194,0.2756267250759194
ecfp6_bit_0261,0.2756266352618037,0.2756266352618037
atom_pair_bit_0008,-0.2756162144389036,0.2756162144389036
rdk_path_bit_0411,-0.27492405445636303,0.27492405445636303
rdk_path_bit_0957,-0.2747125738375121,0.2747125738375121
fcfp6_bit_0238,0.27425049888394504,0.27425049888394504
morgan_bit_0284,-0.27384193531318096,0.27384193531318096
maplight_morgan_0480,-0.2736158124781422,0.2736158124781422
rdk_path_bit_0790,-0.27250148300614113,0.27250148300614113
atom_pair_bit_0387,-0.2720709088775227,0.2720709088775227
morgan_bit_0018,-0.2720239502863953,0.2720239502863953
morgan_bit_0807,0.2717093185223072,0.2717093185223072
maplight_morgan_1009,-0.27160562306971037,0.27160562306971037
morgan_bit_0214,-0.271241958181038,0.271241958181038
avalon_count_0585,0.2710085014518065,0.2710085014518065
rdk_path_bit_0506,0.2701718524761447,0.2701718524761447
atom_pair_bit_0041,-0.26985976054641486,0.26985976054641486
rdk_path_bit_0611,-0.26974348683476146,0.26974348683476146
fcfp6_bit_0615,0.2697098022660446,0.2697098022660446
fcfp6_bit_0810,-0.26908057142921143,0.26908057142921143
atom_pair_bit_0537,0.26863972916081363,0.26863972916081363
morgan_bit_0513,-0.26848108402358567,0.26848108402358567
fcfp6_bit_0853,0.2682390569642066,0.2682390569642066
layered_bit_0359,0.2675692753510951,0.2675692753510951
layered_bit_0527,-0.2674701695581711,0.2674701695581711
layered_bit_0606,-0.26739888731774974,0.26739888731774974
fcfp6_bit_0472,-0.2670664054056571,0.2670664054056571
ecfp6_bit_0265,0.2667600109122537,0.2667600109122537
fcfp6_bit_0503,0.2665740592078667,0.2665740592078667
atom_pair_bit_0332,-0.2661416405612386,0.2661416405612386
avalon_count_0311,-0.26604390635174935,0.26604390635174935
rdk_path_bit_0865,0.2657766759102679,0.2657766759102679
fcfp6_bit_0696,0.2657464241936112,0.2657464241936112
rdk_path_bit_0445,-0.26566300609988797,0.26566300609988797
layered_bit_0344,-0.2656484172694355,0.2656484172694355
atom_pair_bit_0384,0.26553311744809327,0.26553311744809327
rdk_path_bit_0559,0.26394273046203387,0.26394273046203387
rdk_path_bit_0645,0.2638508924945294,0.2638508924945294
atom_pair_bit_0903,-0.26307280322890514,0.26307280322890514
morgan_bit_0327,-0.262616501492128,0.262616501492128
morgan_bit_0121,-0.26252993486257453,0.26252993486257453
avalon_count_0733,0.2624068125914948,0.2624068125914948
atom_pair_bit_0561,-0.26235528224688565,0.26235528224688565
layered_bit_0238,-0.2608928125863298,0.2608928125863298
layered_bit_0551,-0.2606655552078674,0.2606655552078674
morgan_bit_0242,-0.2600984366713697,0.2600984366713697
ecfp6_bit_0722,0.2600387729656651,0.2600387729656651
atom_pair_bit_0680,-0.25917286212600954,0.25917286212600954
ecfp6_bit_0170,-0.25899291798401936,0.25899291798401936
layered_bit_0984,-0.2587859682197972,0.2587859682197972
morgan_bit_0952,-0.25870265276800924,0.25870265276800924
topological_torsion_bit_0665,0.2585161670539286,0.2585161670539286
ecfp6_bit_0160,0.25786458166916576,0.25786458166916576
fcfp6_bit_0137,-0.2573192244699121,0.2573192244699121
rdk_path_bit_0466,-0.25622407710429357,0.25622407710429357
fcfp6_bit_0465,-0.2559168069418023,0.2559168069418023
ecfp6_bit_0033,0.2557084371280539,0.2557084371280539
fcfp6_bit_0295,0.25556053814278307,0.25556053814278307
morgan_bit_0192,0.25528662950864667,0.25528662950864667
topological_torsion_bit_0129,0.2552796430260992,0.2552796430260992
ecfp6_bit_0191,0.25490261826416394,0.25490261826416394
atom_pair_bit_0084,-0.25386771732330643,0.25386771732330643
ecfp6_bit_0458,-0.2533294063967141,0.2533294063967141
rdk_path_bit_0461,0.253241246352679,0.253241246352679
layered_bit_0211,0.25290330095939945,0.25290330095939945
rdk_path_bit_0239,-0.25252782452702,0.25252782452702
topological_torsion_bit_0300,-0.2521462109959046,0.2521462109959046
fcfp6_bit_0820,-0.2515153016211775,0.2515153016211775
ecfp6_bit_0516,0.25123258372730667,0.25123258372730667
rdk_path_bit_0787,-0.25123148309148846,0.25123148309148846
rdk_path_bit_0363,-0.25122238496894395,0.25122238496894395
avalon_count_0195,0.2508977129597092,0.2508977129597092
fcfp6_bit_0264,0.2508062196902318,0.2508062196902318
layered_bit_0894,-0.2506560615166628,0.2506560615166628
maccs_bit_023,-0.25008370805641694,0.25008370805641694
fcfp6_bit_0370,-0.2500278026096095,0.2500278026096095
ecfp6_bit_0551,0.2497845908315135,0.2497845908315135
ecfp6_bit_0045,-0.24956447202262785,0.24956447202262785
atom_pair_bit_0337,0.2493892662937303,0.2493892662937303
rdk_path_bit_0912,-0.24854390909194224,0.24854390909194224
fcfp6_bit_0971,-0.2477893773901518,0.2477893773901518
rdk_path_bit_0328,-0.24756137234326628,0.24756137234326628
fcfp6_bit_0762,-0.2468465150376765,0.2468465150376765
fcfp6_bit_0413,-0.24626253203873066,0.24626253203873066
topological_torsion_bit_0032,0.24604253938028517,0.24604253938028517
rdk_path_bit_0223,-0.24573357489931322,0.24573357489931322
atom_pair_bit_0046,-0.24567331058254344,0.24567331058254344
rdk_path_bit_0607,-0.24548619239907038,0.24548619239907038
topological_torsion_bit_0976,-0.24508561296739728,0.24508561296739728
rdk_path_bit_0925,0.245030152306956,0.245030152306956
fcfp6_bit_0401,-0.2446575278096389,0.2446575278096389
atom_pair_bit_0034,-0.2445136055810367,0.2445136055810367
fcfp6_bit_0665,-0.2442299586912888,0.2442299586912888
ecfp6_bit_0537,0.24416531981837156,0.24416531981837156
avalon_count_0362,-0.24364854465322222,0.24364854465322222
fcfp6_bit_0526,-0.24336260012706426,0.24336260012706426
rdk_path_bit_0698,0.24316901813574476,0.24316901813574476
ecfp6_bit_0125,0.24312490821054175,0.24312490821054175
fcfp6_bit_0824,-0.242694393959023,0.242694393959023
morgan_bit_0860,-0.24241963126288518,0.24241963126288518
layered_bit_0520,-0.2421512442060298,0.2421512442060298
maplight_morgan_0191,0.24211985079237186,0.24211985079237186
morgan_bit_0066,-0.24204449422483343,0.24204449422483343
rdk_path_bit_0513,0.2420198417829195,0.2420198417829195
atom_pair_bit_0954,-0.2417925041580807,0.2417925041580807
fcfp6_bit_0517,0.2413459594625827,0.2413459594625827
rdk_path_bit_0618,-0.24126588392142823,0.24126588392142823
ecfp6_bit_0480,-0.24121696790483466,0.24121696790483466
topological_torsion_bit_0248,0.24052194675939656,0.24052194675939656
layered_bit_0316,-0.24034041510395843,0.24034041510395843
avalon_count_0308,-0.23903522704349894,0.23903522704349894
topological_torsion_bit_0472,0.23894254921057845,0.23894254921057845
rdk_path_bit_0839,-0.23892040564661862,0.23892040564661862
rdk_path_bit_0967,0.23856010538769948,0.23856010538769948
atom_pair_bit_0452,-0.23845876766183774,0.23845876766183774
maplight_morgan_1005,0.2383205248033309,0.2383205248033309
morgan_bit_0841,-0.23815532189405805,0.23815532189405805
rdk_path_bit_0623,0.23814393911743975,0.23814393911743975
morgan_bit_0630,-0.237709038058646,0.237709038058646
topological_torsion_bit_0250,-0.23752974879123798,0.23752974879123798
atom_pair_bit_0100,-0.23694356494923974,0.23694356494923974
ecfp6_bit_0982,0.23627034796202193,0.23627034796202193
ecfp6_bit_0242,-0.23622244335504747,0.23622244335504747
layered_bit_0131,0.2359435658047303,0.2359435658047303
ecfp6_bit_0113,0.23546814525608348,0.23546814525608348
rdk_path_bit_0782,-0.2351964775067816,0.2351964775067816
fcfp6_bit_0687,0.23462885115601037,0.23462885115601037
morgan_bit_1007,0.23405811420601494,0.23405811420601494
rdk_path_bit_0783,-0.2337859920590171,0.2337859920590171
topological_torsion_bit_0356,-0.23315771651391315,0.23315771651391315
ecfp6_bit_0986,-0.23287614875758328,0.23287614875758328
rdkit_EState_VSA3,-0.23267739908401008,0.23267739908401008
layered_bit_0683,-0.23179583372403778,0.23179583372403778
atom_pair_bit_0589,-0.2316839591892685,0.2316839591892685
fcfp6_bit_0319,-0.23147175984688545,0.23147175984688545
rdk_path_bit_0850,-0.2314483621522539,0.2314483621522539
fcfp6_bit_0765,-0.23124102189076565,0.23124102189076565
ecfp6_bit_0906,0.23085860919736562,0.23085860919736562
atom_pair_bit_0876,0.23013750544863176,0.23013750544863176
atom_pair_bit_0941,-0.22963308507229743,0.22963308507229743
fcfp6_bit_0872,0.22947254125930286,0.22947254125930286
topological_torsion_bit_0370,-0.2293911716474127,0.2293911716474127
topological_torsion_bit_0486,-0.22911876239351053,0.22911876239351053
ecfp6_bit_0121,-0.22887536074851952,0.22887536074851952
maplight_morgan_0258,-0.2283795374017079,0.2283795374017079
fcfp6_bit_0950,-0.22788787345391825,0.22788787345391825
topological_torsion_bit_0870,0.22779996480480846,0.22779996480480846
ecfp6_bit_0404,0.22757408784421887,0.22757408784421887
rdk_path_bit_0972,0.2269379171732013,0.2269379171732013
morgan_bit_0370,-0.2266100318813085,0.2266100318813085
maccs_bit_086,0.22637036279067096,0.22637036279067096
ecfp6_bit_0949,-0.22606419672061473,0.22606419672061473
ecfp6_bit_0284,-0.22596163419374304,0.22596163419374304
atom_pair_bit_0229,0.22590874496543423,0.22590874496543423
ecfp6_bit_0258,-0.2257219528240088,0.2257219528240088
fcfp6_bit_0135,-0.22552492832967724,0.22552492832967724
avalon_count_0755,0.2254943734988899,0.2254943734988899
morgan_bit_0516,0.22482968063364328,0.22482968063364328
ecfp6_bit_0835,-0.22459485851476085,0.22459485851476085
ecfp6_bit_0707,-0.22457002397667858,0.22457002397667858
ecfp6_bit_0400,-0.22456315748908648,0.22456315748908648
rdk_path_bit_0543,0.22448492122961106,0.22448492122961106
rdk_path_bit_0550,0.22438085275133557,0.22438085275133557
layered_bit_0502,-0.22421315528961624,0.22421315528961624
ecfp6_bit_0756,0.22382714584833555,0.22382714584833555
ecfp6_bit_0007,0.2237797626015003,0.2237797626015003
rdk_path_bit_0801,-0.22347547924218278,0.22347547924218278
topological_torsion_bit_0228,0.2231994352353715,0.2231994352353715
morgan_bit_0509,0.22289176596080423,0.22289176596080423
atom_pair_bit_0595,-0.22283572815526145,0.22283572815526145
maplight_morgan_0242,-0.22270419418388626,0.22270419418388626
maccs_bit_095,0.22265270647657967,0.22265270647657967
ecfp6_bit_0248,-0.22251959030530188,0.22251959030530188
maplight_morgan_0834,0.2223007213332956,0.2223007213332956
atom_pair_bit_0684,-0.2222906937591515,0.2222906937591515
rdk_path_bit_0446,-0.22227038902744867,0.22227038902744867
topological_torsion_bit_0033,-0.22185931997466732,0.22185931997466732
topological_torsion_bit_0724,-0.2218550941910202,0.2218550941910202
topological_torsion_bit_0329,-0.2218043737823937,0.2218043737823937
erg_244,-0.22137303617661955,0.22137303617661955
ecfp6_bit_0388,-0.22117022490209803,0.22117022490209803
layered_bit_0076,-0.22038990598955566,0.22038990598955566
maplight_morgan_0121,-0.22007340926310662,0.22007340926310662
morgan_bit_0960,-0.21955350833418988,0.21955350833418988
fcfp6_bit_0564,-0.2192662390922526,0.2192662390922526
rdk_path_bit_0015,-0.21807437519580333,0.21807437519580333
fcfp6_bit_0368,-0.21766651422139574,0.21766651422139574
fcfp6_bit_0200,-0.2172811034797558,0.2172811034797558
rdk_path_bit_0367,-0.21726268859831666,0.21726268859831666
atom_pair_bit_0333,0.21724625554582092,0.21724625554582092
morgan_bit_0558,0.21691234266708923,0.21691234266708923
fcfp6_bit_0363,-0.2163352883049758,0.2163352883049758
ecfp6_bit_0429,-0.2158605225913871,0.2158605225913871
maplight_morgan_0718,0.21583245577541996,0.21583245577541996
rdk_path_bit_0261,-0.21566583934244646,0.21566583934244646
ecfp6_bit_0935,-0.21564195670720324,0.21564195670720324
fcfp6_bit_0754,-0.21544916954456086,0.21544916954456086
rdk_path_bit_0709,0.21528141904723855,0.21528141904723855
maplight_morgan_0878,-0.21458262581649637,0.21458262581649637
rdk_path_bit_0428,-0.21434775403016335,0.21434775403016335
atom_pair_bit_0796,-0.21429761328258484,0.21429761328258484
atom_pair_bit_0480,-0.21367442249167806,0.21367442249167806
rdk_path_bit_0632,0.21367271877767666,0.21367271877767666
rdk_path_bit_0387,-0.21363716239303338,0.21363716239303338
layered_bit_0311,0.21360302699240077,0.21360302699240077
ecfp6_bit_0289,0.21318920285155848,0.21318920285155848
atom_pair_bit_0942,-0.21290015995704242,0.21290015995704242
avalon_count_0095,0.21251268119720834,0.21251268119720834
maplight_morgan_0664,-0.21226448706235707,0.21226448706235707
morgan_bit_0768,-0.2118283200518064,0.2118283200518064
rdk_path_bit_0065,0.21168186504682884,0.21168186504682884
avalon_count_0899,0.21148511795095049,0.21148511795095049
maccs_bit_159,-0.21087098614595676,0.21087098614595676
rdk_path_bit_0964,-0.21085855276054014,0.21085855276054014
ecfp6_bit_0214,-0.21081745040704114,0.21081745040704114
layered_bit_0471,-0.21079036519987995,0.21079036519987995
atom_pair_bit_0359,0.2104206590605508,0.2104206590605508
fcfp6_bit_0150,-0.21041724391695177,0.21041724391695177
atom_pair_bit_0054,-0.21016867610132223,0.21016867610132223
ecfp6_bit_0700,-0.2090968828891628,0.2090968828891628
maplight_morgan_0358,0.2090940607122395,0.2090940607122395
fcfp6_bit_0072,0.20874788634916366,0.20874788634916366
fcfp6_bit_0270,-0.20844644706856583,0.20844644706856583
rdk_path_bit_0542,0.20844049695830721,0.20844049695830721
morgan_bit_0422,-0.20826099865880707,0.20826099865880707
atom_pair_bit_0553,-0.2078173141017884,0.2078173141017884
ecfp6_bit_0952,-0.20763858121152082,0.20763858121152082
morgan_bit_0331,0.20745547887787105,0.20745547887787105
layered_bit_0716,-0.20742218874645363,0.20742218874645363
rdk_path_bit_0287,-0.20734230309697854,0.20734230309697854
morgan_bit_0158,-0.20711136142971853,0.20711136142971853
atom_pair_bit_0756,0.20688493630306165,0.20688493630306165
topological_torsion_bit_0901,-0.20667573236279055,0.20667573236279055
morgan_bit_0245,0.20666641061638472,0.20666641061638472
ecfp6_bit_0342,-0.2062379235013345,0.2062379235013345
atom_pair_bit_0779,-0.20617031842616726,0.20617031842616726
ecfp6_bit_0327,-0.2061697010689063,0.2061697010689063
atom_pair_bit_0717,-0.20564410555084936,0.20564410555084936
ecfp6_bit_0674,-0.2046586413630449,0.2046586413630449
rdk_path_bit_0043,-0.20463968858339343,0.20463968858339343
atom_pair_bit_0291,-0.20457441668976176,0.20457441668976176
ecfp6_bit_0335,0.2042837413625437,0.2042837413625437
fcfp6_bit_0307,0.2038556039793766,0.2038556039793766
ecfp6_bit_0895,0.20358090729560457,0.20358090729560457
maplight_morgan_0762,0.20334313529719097,0.20334313529719097
ecfp6_bit_0173,0.20221051064602732,0.20221051064602732
ecfp6_bit_0912,-0.202200955776812,0.202200955776812
rdk_path_bit_0057,-0.20191771962829852,0.20191771962829852
ecfp6_bit_0338,-0.2015845847565888,0.2015845847565888
ecfp6_bit_0229,-0.20154068923998456,0.20154068923998456
rdk_path_bit_0382,-0.20153905244855796,0.20153905244855796
ecfp6_bit_0237,-0.2010963901857344,0.2010963901857344
atom_pair_bit_0356,0.2004130696179799,0.2004130696179799
maplight_morgan_0422,-0.19965241536189843,0.19965241536189843
topological_torsion_bit_0328,-0.1992037186551796,0.1992037186551796
atom_pair_bit_0033,-0.19883481847960266,0.19883481847960266
maplight_morgan_0747,0.19852965626581412,0.19852965626581412
topological_torsion_bit_0821,-0.19811441789968198,0.19811441789968198
rdk_path_bit_0822,0.19807662164377174,0.19807662164377174
layered_bit_0499,-0.19800545778472842,0.19800545778472842
fcfp6_bit_0542,0.19788671364778943,0.19788671364778943
maplight_morgan_0366,-0.197825577498672,0.197825577498672
ecfp6_bit_0311,-0.1976947125094571,0.1976947125094571
fcfp6_bit_0479,-0.19743536309769552,0.19743536309769552
atom_pair_bit_0754,-0.19703297766251973,0.19703297766251973
avalon_count_0677,-0.1969705865986694,0.1969705865986694
rdk_path_bit_0680,0.19652280103732667,0.19652280103732667
maplight_morgan_0795,-0.1964866555084019,0.1964866555084019
rdk_path_bit_0231,0.1960740862700241,0.1960740862700241
atom_pair_bit_0765,-0.19582118916656255,0.19582118916656255
atom_pair_bit_0030,0.19546385993453239,0.19546385993453239
topological_torsion_bit_0174,-0.19543316442749853,0.19543316442749853
morgan_bit_0287,-0.19528899950636824,0.19528899950636824
erg_034,-0.19527791694082342,0.19527791694082342
rdk_path_bit_0945,-0.1946420595706815,0.1946420595706815
maplight_morgan_0706,-0.19446808773670646,0.19446808773670646
ecfp6_bit_0141,-0.1942288633069175,0.1942288633069175
fcfp6_bit_0795,0.19400031839215373,0.19400031839215373
rdk_path_bit_0815,0.19393061581713258,0.19393061581713258
layered_bit_0981,0.19382233683450617,0.19382233683450617
ecfp6_bit_0706,-0.1934350027731079,0.1934350027731079
avalon_count_0915,0.19321383086018054,0.19321383086018054
morgan_bit_0770,0.19302791503368616,0.19302791503368616
atom_pair_bit_0569,-0.19291971532418245,0.19291971532418245
maplight_morgan_0460,0.19281690715086702,0.19281690715086702
maplight_morgan_0060,0.19270878911633826,0.19270878911633826
topological_torsion_bit_0310,0.19270412923832278,0.19270412923832278
morgan_bit_0546,-0.19254699014785318,0.19254699014785318
ecfp6_bit_0315,-0.1923232112284054,0.1923232112284054
rdk_path_bit_0911,-0.19225662716783395,0.19225662716783395
fcfp6_bit_0198,0.19203335559678486,0.19203335559678486
atom_pair_bit_0466,0.19159231680236857,0.19159231680236857
fcfp6_bit_0452,-0.19150177933223914,0.19150177933223914
fcfp6_bit_0171,-0.19114465349739435,0.19114465349739435
atom_pair_bit_0885,0.19107322150869444,0.19107322150869444
fcfp6_bit_0915,-0.19071337117574796,0.19071337117574796
layered_bit_0561,0.19066393785512625,0.19066393785512625
ecfp6_bit_0860,-0.1902256623574843,0.1902256623574843
layered_bit_0618,-0.190201031884999,0.190201031884999
morgan_bit_0109,-0.18972986692185204,0.18972986692185204
morgan_bit_0040,0.18949108284840308,0.18949108284840308
topological_torsion_bit_0753,0.1891055933152121,0.1891055933152121
topological_torsion_bit_0282,0.1888821001215119,0.1888821001215119
atom_pair_bit_0503,-0.18870508545058978,0.18870508545058978
morgan_bit_0747,0.1885588163944502,0.1885588163944502
topological_torsion_bit_0596,0.1885442091236922,0.1885442091236922
rdk_path_bit_0215,-0.18835041962530363,0.18835041962530363
maplight_morgan_0700,-0.18815626914931166,0.18815626914931166
maplight_morgan_0231,0.18788323350008396,0.18788323350008396
fcfp6_bit_0543,-0.1878798271572018,0.1878798271572018
maccs_bit_071,-0.18761169616206702,0.18761169616206702
morgan_bit_0054,-0.1875493919116555,0.1875493919116555
fcfp6_bit_0405,-0.18712723230046913,0.18712723230046913
fcfp6_bit_0577,-0.18700932675666562,0.18700932675666562
rdk_path_bit_0532,-0.18677627505250746,0.18677627505250746
topological_torsion_bit_0620,0.1864691049087418,0.1864691049087418
morgan_bit_0384,0.18643047076356997,0.18643047076356997
fcfp6_bit_0318,-0.18638221143314934,0.18638221143314934
avalon_count_0898,-0.18627875684643552,0.18627875684643552
avalon_count_0014,-0.18550571159609378,0.18550571159609378
rdk_path_bit_0265,-0.1854826351461332,0.1854826351461332
rdk_path_bit_0998,-0.1853927811879517,0.1853927811879517
fcfp6_bit_0187,0.1853338889309559,0.1853338889309559
maplight_morgan_0844,0.18496737517471395,0.18496737517471395
morgan_bit_0030,0.18492585998420374,0.18492585998420374
rdk_path_bit_0541,0.18490957756765827,0.18490957756765827
ecfp6_bit_0528,-0.18485800250196394,0.18485800250196394
fcfp6_bit_0482,-0.18478304519791952,0.18478304519791952
maplight_morgan_0855,-0.1841391356256731,0.1841391356256731
morgan_bit_0818,0.18372181656951014,0.18372181656951014
atom_pair_bit_0984,-0.1835867745582898,0.1835867745582898
atom_pair_bit_0301,-0.18321005102248955,0.18321005102248955
rdk_path_bit_0982,-0.18273280591060745,0.18273280591060745
rdk_path_bit_0479,0.18238519887193738,0.18238519887193738
ecfp6_bit_0902,-0.18200878072250334,0.18200878072250334
topological_torsion_bit_0522,-0.1819485596804585,0.1819485596804585
morgan_bit_0748,0.18146686336846665,0.18146686336846665
atom_pair_bit_0129,0.18138424844292614,0.18138424844292614
morgan_bit_0482,-0.18136294999627,0.18136294999627
ecfp6_bit_0678,0.18126308589386386,0.18126308589386386
atom_pair_bit_0377,0.18116420704383984,0.18116420704383984
rdk_path_bit_0404,-0.18079544422877739,0.18079544422877739
atom_pair_bit_0858,-0.18074639693102723,0.18074639693102723
ecfp6_bit_0407,-0.18067833734646252,0.18067833734646252
atom_pair_bit_0535,0.18048100337528553,0.18048100337528553
morgan_bit_0636,0.1803962617806264,0.1803962617806264
atom_pair_bit_0752,-0.18016962912695586,0.18016962912695586
maccs_bit_027,0.18014675962145438,0.18014675962145438
fcfp6_bit_0311,0.17978516463249963,0.17978516463249963
ecfp6_bit_0747,0.17948367475853735,0.17948367475853735
atom_pair_bit_0617,0.1794609547796857,0.1794609547796857
fcfp6_bit_0016,-0.17937629534704927,0.17937629534704927
erg_203,-0.17931962227198656,0.17931962227198656
avalon_count_0709,-0.17916411261048748,0.17916411261048748
fcfp6_bit_1003,-0.17911900686471013,0.17911900686471013
fcfp6_bit_0959,0.17901725437283533,0.17901725437283533
ecfp6_bit_0277,-0.17886211322082365,0.17886211322082365
ecfp6_bit_0259,-0.17875460768319004,0.17875460768319004
rdk_path_bit_0876,0.17849242494047693,0.17849242494047693
morgan_bit_0324,0.17804948678957516,0.17804948678957516
atom_pair_bit_0834,0.17795799192004907,0.17795799192004907
rdk_path_bit_0845,-0.1777796810812991,0.1777796810812991
rdk_path_bit_0001,0.17777847694404458,0.17777847694404458
layered_bit_0745,0.17736983739684278,0.17736983739684278
morgan_bit_0835,-0.17689994235321047,0.17689994235321047
fcfp6_bit_0095,0.17680010939057103,0.17680010939057103
ecfp6_bit_0343,-0.1765863483010902,0.1765863483010902
fcfp6_bit_0344,-0.17648303964258416,0.17648303964258416
morgan_bit_0716,-0.17648090614788367,0.17648090614788367
morgan_bit_0051,-0.176387894368012,0.176387894368012
morgan_bit_0764,0.1762683166974911,0.1762683166974911
fcfp6_bit_0794,0.17614606802670343,0.17614606802670343
atom_pair_bit_0777,-0.1761425341104924,0.1761425341104924
layered_bit_0831,0.1761200499925201,0.1761200499925201
rdk_path_bit_0309,-0.17607888338963396,0.17607888338963396
ecfp6_bit_0267,-0.17604333257447932,0.17604333257447932
layered_bit_0875,-0.17602843957336814,0.17602843957336814
maplight_morgan_0324,0.1759618210314019,0.1759618210314019
ecfp6_bit_0933,0.1759015551595456,0.1759015551595456
ecfp6_bit_0660,0.17573838469973266,0.17573838469973266
layered_bit_0473,-0.17571996382056781,0.17571996382056781
layered_bit_0794,-0.17563090218641803,0.17563090218641803
topological_torsion_bit_0013,0.17543666842750713,0.17543666842750713
topological_torsion_bit_0654,0.1753663296284184,0.1753663296284184
rdk_path_bit_0431,-0.17484816605796227,0.17484816605796227
fcfp6_bit_0688,0.17450483683050064,0.17450483683050064
layered_bit_0994,-0.17405282128473026,0.17405282128473026
maccs_bit_139,0.1739419226323192,0.1739419226323192
maplight_morgan_0411,-0.17384472577223983,0.17384472577223983
topological_torsion_bit_0041,-0.17357471107361575,0.17357471107361575
layered_bit_0160,-0.17346745951298007,0.17346745951298007
morgan_bit_0045,-0.17331416988534656,0.17331416988534656
ecfp6_bit_0165,0.1732627158076753,0.1732627158076753
morgan_bit_0687,0.1732445504132605,0.1732445504132605
rdk_path_bit_0921,-0.17282179597347339,0.17282179597347339
maplight_morgan_0065,-0.1726489985831439,0.1726489985831439
layered_bit_0737,-0.1724866387320787,0.1724866387320787
ecfp6_bit_0455,0.17229203551754982,0.17229203551754982
ecfp6_bit_0844,0.17200532057532322,0.17200532057532322
avalon_count_1011,-0.17198982325341705,0.17198982325341705
maccs_bit_127,-0.17166483910527616,0.17166483910527616
topological_torsion_bit_0193,-0.1714844940566188,0.1714844940566188
ecfp6_bit_0585,-0.1714277969857656,0.1714277969857656
atom_pair_bit_0187,-0.17132928492440397,0.17132928492440397
fcfp6_bit_0256,0.171171081906924,0.171171081906924
fcfp6_bit_0995,0.171079736875592,0.171079736875592
fcfp6_bit_0087,0.17078690584823197,0.17078690584823197
rdk_path_bit_1013,-0.17052023144651438,0.17052023144651438
rdk_path_bit_0121,-0.17032808483905873,0.17032808483905873
layered_bit_0193,0.170290406673812,0.170290406673812
atom_pair_bit_0668,-0.17021142852143403,0.17021142852143403
topological_torsion_bit_0924,-0.17003211216069333,0.17003211216069333
fcfp6_bit_1013,0.16959177659012148,0.16959177659012148
avalon_count_0651,0.16919932732622608,0.16919932732622608
maplight_morgan_0245,0.16911879417552653,0.16911879417552653
rdk_path_bit_0786,-0.16890530874993911,0.16890530874993911
fcfp6_bit_0122,0.16872039036387554,0.16872039036387554
maplight_morgan_0928,-0.16870801096208793,0.16870801096208793
rdk_path_bit_0354,-0.16861998467202505,0.16861998467202505
morgan_bit_0305,-0.16819819302240654,0.16819819302240654
fcfp6_bit_0849,-0.167927021140118,0.167927021140118
layered_bit_0275,0.1675920787663574,0.1675920787663574
layered_bit_0169,-0.16754511557288812,0.16754511557288812
layered_bit_0806,-0.16754318929075582,0.16754318929075582
atom_pair_bit_0799,0.16753629482082535,0.16753629482082535
ecfp6_bit_0423,-0.16724814988460127,0.16724814988460127
fcfp6_bit_0706,-0.16710596860311858,0.16710596860311858
morgan_bit_0330,0.16687082478119825,0.16687082478119825
atom_pair_bit_0778,-0.16681323258055483,0.16681323258055483
ecfp6_bit_0369,-0.16662777108595503,0.16662777108595503
maplight_morgan_0993,0.16633101837885772,0.16633101837885772
avalon_count_1012,-0.16614242224887915,0.16614242224887915
maplight_morgan_0858,-0.16606695034833455,0.16606695034833455
ecfp6_bit_0822,-0.1660626198429179,0.1660626198429179
morgan_bit_0012,0.16596882595975043,0.16596882595975043
ecfp6_bit_0691,0.16589135673780023,0.16589135673780023
atom_pair_bit_0741,-0.16560982968237184,0.16560982968237184
atom_pair_bit_0166,0.1655938476736111,0.1655938476736111
layered_bit_0891,-0.1655686942918021,0.1655686942918021
morgan_bit_0431,-0.16544577596022356,0.16544577596022356
rdk_path_bit_0599,-0.16535900120132813,0.16535900120132813
rdk_path_bit_0138,-0.16532904283872363,0.16532904283872363
atom_pair_bit_0032,-0.1649949796652299,0.1649949796652299
ecfp6_bit_0041,0.16478878004765868,0.16478878004765868
topological_torsion_bit_0668,-0.16475143926552543,0.16475143926552543
topological_torsion_bit_0641,0.16450602377196014,0.16450602377196014
ecfp6_bit_0138,-0.16442548443888655,0.16442548443888655
ecfp6_bit_1007,0.16418731069708992,0.16418731069708992
atom_pair_bit_0164,-0.16370947536686145,0.16370947536686145
maplight_morgan_0513,-0.163684465896912,0.163684465896912
ecfp6_bit_0631,0.16356215315682826,0.16356215315682826
layered_bit_0646,-0.16346095991131285,0.16346095991131285
fcfp6_bit_0954,-0.1633574532576337,0.1633574532576337
rdk_path_bit_0863,-0.16333087889204814,0.16333087889204814
ecfp6_bit_0854,0.16297481532803115,0.16297481532803115
topological_torsion_bit_0342,-0.16290183676890904,0.16290183676890904
fcfp6_bit_1004,-0.16281339123572275,0.16281339123572275
layered_bit_0180,-0.16255671331771088,0.16255671331771088
topological_torsion_bit_0426,0.1624869179847166,0.1624869179847166
atom_pair_bit_0564,-0.16239216102311388,0.16239216102311388
rdk_path_bit_0489,-0.16225487949844367,0.16225487949844367
morgan_bit_0335,0.16223794647829487,0.16223794647829487
atom_pair_bit_0531,0.1622141227662198,0.1622141227662198
atom_pair_bit_0998,0.16216200961080832,0.16216200961080832
atom_pair_bit_0294,-0.16143807962304113,0.16143807962304113
layered_bit_0584,0.16096317678290678,0.16096317678290678
ecfp6_bit_0340,-0.16051083018229942,0.16051083018229942
ecfp6_bit_0673,0.16049454609454733,0.16049454609454733
fcfp6_bit_0873,0.16019517878803077,0.16019517878803077
ecfp6_bit_0654,0.16010671069508364,0.16010671069508364
maplight_morgan_0558,0.16000709318548553,0.16000709318548553
layered_bit_0082,-0.15964148039373371,0.15964148039373371
atom_pair_bit_0565,-0.15917701667393838,0.15917701667393838
atom_pair_bit_0740,-0.15916347749990817,0.15916347749990817
atom_pair_bit_0012,-0.15887210295334897,0.15887210295334897
ecfp6_bit_0488,-0.15885537626686783,0.15885537626686783
rdk_path_bit_0975,-0.15878453801691145,0.15878453801691145
morgan_bit_0042,0.15797987726186802,0.15797987726186802
rdk_path_bit_0572,-0.15787305288112233,0.15787305288112233
rdk_path_bit_0923,-0.15783865469117883,0.15783865469117883
maplight_morgan_0370,-0.15780074755446377,0.15780074755446377
morgan_bit_0918,0.15751319873736033,0.15751319873736033
ecfp6_bit_0078,-0.15737959239733293,0.15737959239733293
ecfp6_bit_0201,0.15737164105139606,0.15737164105139606
avalon_count_0249,0.15734650636237013,0.15734650636237013
ecfp6_bit_0794,-0.15716589483693566,0.15716589483693566
maplight_morgan_0448,-0.1571365252298688,0.1571365252298688
morgan_bit_0387,0.1570878472805418,0.1570878472805418
fcfp6_bit_0020,0.15707094871242916,0.15707094871242916
rdk_path_bit_0290,0.1570231073492393,0.1570231073492393
atom_pair_bit_0912,0.1569071675358055,0.1569071675358055
rdkit_EState_VSA6,-0.15669942430395595,0.15669942430395595
layered_bit_0214,0.1563670118224965,0.1563670118224965
rdk_path_bit_0702,0.155970542816015,0.155970542816015
fcfp6_bit_0293,-0.15594280466344249,0.15594280466344249
fcfp6_bit_0411,-0.155832245616699,0.155832245616699
maplight_morgan_0859,0.15582121894931977,0.15582121894931977
ecfp6_bit_0873,0.15570280077554724,0.15570280077554724
fcfp6_bit_0676,0.15540130314255654,0.15540130314255654
ecfp6_bit_0695,-0.15517520734516085,0.15517520734516085
maccs_bit_039,-0.15473799950002767,0.15473799950002767
maplight_morgan_0729,0.15472487899517978,0.15472487899517978
ecfp6_bit_0334,-0.15466448590324677,0.15466448590324677
morgan_bit_0507,0.15465400277486038,0.15465400277486038
atom_pair_bit_0907,-0.1545777044886577,0.1545777044886577
ecfp6_bit_0402,-0.1545669994391254,0.1545669994391254
maplight_morgan_0297,0.15444675978771297,0.15444675978771297
atom_pair_bit_0280,-0.15419310566922276,0.15419310566922276
fcfp6_bit_0912,-0.1539299879906667,0.1539299879906667
atom_pair_bit_0860,0.15388811470000105,0.15388811470000105
rdk_path_bit_0985,-0.1537980517744616,0.1537980517744616
erg_257,-0.1537302375624526,0.1537302375624526
morgan_bit_0972,0.15351770489968922,0.15351770489968922
atom_pair_bit_0787,0.15338710789633514,0.15338710789633514
atom_pair_bit_0780,-0.15328898319178216,0.15328898319178216
rdk_path_bit_0377,-0.15326910943933908,0.15326910943933908
rdk_path_bit_0854,0.15323647506735982,0.15323647506735982
morgan_bit_0154,-0.15315834778955803,0.15315834778955803
avalon_count_0576,-0.15301563217069705,0.15301563217069705
fcfp6_bit_0911,0.1523856141691728,0.1523856141691728
layered_bit_0717,-0.15238173639015404,0.15238173639015404
topological_torsion_bit_0763,-0.15196754139747748,0.15196754139747748
ecfp6_bit_0704,-0.151944198831559,0.151944198831559
fcfp6_bit_0648,-0.15186266993986725,0.15186266993986725
morgan_bit_0762,0.15179281211300252,0.15179281211300252
avalon_count_0682,0.1517301001854993,0.1517301001854993
fcfp6_bit_0090,0.15172597535184226,0.15172597535184226
morgan_bit_0916,0.15162973776354893,0.15162973776354893
ecfp6_bit_0027,-0.15159819657333168,0.15159819657333168
ecfp6_bit_0016,0.15130958866336097,0.15130958866336097
topological_torsion_bit_0453,-0.15092081640575405,0.15092081640575405
rdk_path_bit_0468,0.15090795725312237,0.15090795725312237
topological_torsion_bit_0445,0.15087897909622847,0.15087897909622847
morgan_bit_0146,0.1507776060277894,0.1507776060277894
avalon_count_0600,-0.15060150562178654,0.15060150562178654
avalon_count_0574,-0.1501735654437157,0.1501735654437157
ecfp6_bit_0294,0.150102599769104,0.150102599769104
atom_pair_bit_0586,0.14959743118753907,0.14959743118753907
fcfp6_bit_0812,0.14947647235218692,0.14947647235218692
topological_torsion_bit_0825,-0.1494723957063952,0.1494723957063952
layered_bit_0362,0.14929727894378936,0.14929727894378936
layered_bit_0954,0.14928786793572515,0.14928786793572515
avalon_count_0526,0.14926276965774096,0.14926276965774096
ecfp6_bit_1020,-0.1489809814740925,0.1489809814740925
fcfp6_bit_0148,-0.148865053653802,0.148865053653802
maplight_morgan_0596,-0.1488218786119075,0.1488218786119075
ecfp6_bit_0866,0.148711482813214,0.148711482813214
fcfp6_bit_0896,0.14857016214705887,0.14857016214705887
maplight_morgan_0042,0.14832143754444888,0.14832143754444888
morgan_bit_0845,-0.14830870639975224,0.14830870639975224
topological_torsion_bit_0809,0.14828614135931004,0.14828614135931004
atom_pair_bit_0137,-0.14822240214049942,0.14822240214049942
ecfp6_bit_0152,-0.14804824836356203,0.14804824836356203
fcfp6_bit_0462,-0.1477239942617236,0.1477239942617236
ecfp6_bit_0332,-0.14762388911372779,0.14762388911372779
ecfp6_bit_0782,0.1473513763011455,0.1473513763011455
morgan_bit_0086,-0.14731764928006025,0.14731764928006025
rdk_path_bit_0423,-0.14723415773064077,0.14723415773064077
rdk_path_bit_0812,-0.1470115594515249,0.1470115594515249
avalon_count_0117,-0.14673049123709547,0.14673049123709547
morgan_bit_0274,-0.1465086135395316,0.1465086135395316
morgan_bit_0664,-0.1463546388184791,0.1463546388184791
fcfp6_bit_0529,0.14624321716350158,0.14624321716350158
ecfp6_bit_0313,-0.14622381946345492,0.14622381946345492
ecfp6_bit_0710,0.1461348085020568,0.1461348085020568
ecfp6_bit_0426,-0.14580852047190285,0.14580852047190285
maplight_morgan_0109,-0.14575465140261484,0.14575465140261484
rdk_path_bit_0518,-0.14567259275387476,0.14567259275387476
fcfp6_bit_0209,0.14527436267982452,0.14527436267982452
rdk_path_bit_0081,0.14514741490629324,0.14514741490629324
layered_bit_0796,0.14510419977451194,0.14510419977451194
ecfp6_bit_0562,0.14507934889996849,0.14507934889996849
rdk_path_bit_0594,-0.14501454624616356,0.14501454624616356
avalon_count_0052,0.14475065424313108,0.14475065424313108
fcfp6_bit_0920,-0.1447437147777331,0.1447437147777331
layered_bit_0379,-0.14463789414931252,0.14463789414931252
topological_torsion_bit_0168,0.1444588852589505,0.1444588852589505
fcfp6_bit_0421,0.1444532880887807,0.1444532880887807
maplight_morgan_0830,0.14442787158330483,0.14442787158330483
morgan_bit_0464,-0.14386802486494096,0.14386802486494096
fcfp6_bit_0788,-0.1438005197683719,0.1438005197683719
maccs_bit_042,-0.14363869551921038,0.14363869551921038
rdk_path_bit_1020,-0.14302989703148447,0.14302989703148447
rdkit_fr_Ar_NH,0.14289258141878913,0.14289258141878913
ecfp6_bit_0093,-0.14245499673212456,0.14245499673212456
avalon_count_0555,0.14217669988105286,0.14217669988105286
rdk_path_bit_0154,-0.14198970369286926,0.14198970369286926
maplight_morgan_0172,-0.14180792909606957,0.14180792909606957
morgan_bit_0951,-0.14177639414268015,0.14177639414268015
ecfp6_bit_0394,0.14166522252934632,0.14166522252934632
ecfp6_bit_0174,0.14160422853331284,0.14160422853331284
fcfp6_bit_0682,-0.1414842822402395,0.1414842822402395
erg_047,0.14120918213803005,0.14120918213803005
fcfp6_bit_0898,0.141085488195469,0.141085488195469
ecfp6_bit_0795,-0.14097132251289382,0.14097132251289382
erg_110,-0.14091662087085585,0.14091662087085585
atom_pair_bit_0106,0.14085243372520814,0.14085243372520814
morgan_bit_0360,-0.14079259039863265,0.14079259039863265
fcfp6_bit_0193,-0.14064524930427555,0.14064524930427555
layered_bit_0647,-0.1406262442729528,0.1406262442729528
topological_torsion_bit_0536,-0.14061025064579896,0.14061025064579896
rdk_path_bit_0236,0.1405716506944137,0.1405716506944137
avalon_count_0251,0.14052422942822193,0.14052422942822193
fcfp6_bit_0595,-0.14045286737403315,0.14045286737403315
topological_torsion_bit_0249,0.1403459881346006,0.1403459881346006
ecfp6_bit_0655,-0.13892029310501597,0.13892029310501597
ecfp6_bit_0444,0.13860987636281166,0.13860987636281166
rdk_path_bit_0443,-0.13824946959240314,0.13824946959240314
ecfp6_bit_0219,-0.13790485599898433,0.13790485599898433
morgan_bit_0966,-0.1377871549360325,0.1377871549360325
fcfp6_bit_0167,-0.13777463801424952,0.13777463801424952
rdk_path_bit_0251,0.137655466057754,0.137655466057754
topological_torsion_bit_0185,0.13745797145739322,0.13745797145739322
morgan_bit_0254,0.1372042221678708,0.1372042221678708
avalon_count_0712,0.1369834858411194,0.1369834858411194
rdk_path_bit_0476,0.13690128655006376,0.13690128655006376
rdk_path_bit_0369,0.13673952562211744,0.13673952562211744
topological_torsion_bit_0000,-0.13662553658685658,0.13662553658685658
ecfp6_bit_0834,0.1364996706457984,0.1364996706457984
atom_pair_bit_0077,0.13646854950670875,0.13646854950670875
fcfp6_bit_0399,-0.1364331336518222,0.1364331336518222
fcfp6_bit_0941,-0.13639898710560305,0.13639898710560305
morgan_bit_0459,0.13631415492142349,0.13631415492142349
rdk_path_bit_0475,0.13616762171808153,0.13616762171808153
maplight_morgan_0438,-0.13613630238794813,0.13613630238794813
morgan_bit_0901,0.13612249910711552,0.13612249910711552
atom_pair_bit_0000,-0.1357805364859874,0.1357805364859874
fcfp6_bit_0041,0.13573530788912935,0.13573530788912935
fcfp6_bit_0960,-0.1355961572500473,0.1355961572500473
morgan_bit_0711,0.13548978553836147,0.13548978553836147
rdk_path_bit_0836,0.13533719139875436,0.13533719139875436
atom_pair_bit_0042,0.1352968040621562,0.1352968040621562
layered_bit_0533,-0.1352871619462153,0.1352871619462153
rdk_path_bit_0092,-0.13519298235299596,0.13519298235299596
morgan_bit_0909,0.13499970099343891,0.13499970099343891
avalon_count_0279,-0.13485049104908964,0.13485049104908964
layered_bit_0376,0.13476101433961235,0.13476101433961235
layered_bit_0459,0.13469129007215358,0.13469129007215358
maplight_morgan_0502,0.13462801242048383,0.13462801242048383
layered_bit_0050,0.13458528548611032,0.13458528548611032
rdk_path_bit_0207,0.1345519144846575,0.1345519144846575
fcfp6_bit_0919,0.13437329873269344,0.13437329873269344
ecfp6_bit_0351,-0.13435280644682163,0.13435280644682163
fcfp6_bit_0224,0.1343331044556387,0.1343331044556387
maplight_morgan_0588,-0.13430534336143074,0.13430534336143074
avalon_count_0748,0.13414319094755178,0.13414319094755178
atom_pair_bit_0259,-0.13410431656219796,0.13410431656219796
rdk_path_bit_0537,0.13396354895337767,0.13396354895337767
erg_235,0.1337917292782088,0.1337917292782088
layered_bit_0889,-0.13377252890009866,0.13377252890009866
morgan_bit_0200,0.1337399469814885,0.1337399469814885
rdkit_fr_N_O,-0.13358345275791833,0.13358345275791833
ecfp6_bit_0379,-0.13354466686690003,0.13354466686690003
fcfp6_bit_0011,0.1333277146561276,0.1333277146561276
ecfp6_bit_0035,0.13327467108672433,0.13327467108672433
atom_pair_bit_0243,0.13297218111245324,0.13297218111245324
atom_pair_bit_0979,0.13229846835401177,0.13229846835401177
rdk_path_bit_0181,0.1322468549554282,0.1322468549554282
fcfp6_bit_0674,0.13223543229706844,0.13223543229706844
atom_pair_bit_0244,-0.13217678638761193,0.13217678638761193
rdkit_fr_pyridine,0.13216102883552813,0.13216102883552813
ecfp6_bit_0517,0.13188351700514347,0.13188351700514347
rdk_path_bit_0699,-0.13181628857909672,0.13181628857909672
ecfp6_bit_0020,-0.13169338552861845,0.13169338552861845
atom_pair_bit_0469,0.13155505359798664,0.13155505359798664
ecfp6_bit_0922,0.13146269048761594,0.13146269048761594
morgan_bit_0420,-0.13123951295499525,0.13123951295499525
rdk_path_bit_0549,0.13122096402769143,0.13122096402769143
layered_bit_0957,0.13107970619622067,0.13107970619622067
layered_bit_0772,-0.1310047736064824,0.1310047736064824
topological_torsion_bit_0504,-0.13092996849651026,0.13092996849651026
ecfp6_bit_0490,0.13091584363695652,0.13091584363695652
rdk_path_bit_0250,-0.13083942826783512,0.13083942826783512
morgan_bit_0506,-0.1307588944289588,0.1307588944289588
morgan_bit_0152,-0.13033226099609987,0.13033226099609987
rdk_path_bit_0564,0.1302330696037978,0.1302330696037978
ecfp6_bit_0780,-0.13021476215101022,0.13021476215101022
morgan_bit_0591,-0.13013191567257335,0.13013191567257335
maplight_morgan_0642,0.12996704078404553,0.12996704078404553
morgan_bit_0857,-0.12969316137938414,0.12969316137938414
ecfp6_bit_0627,0.12955157879978532,0.12955157879978532
ecfp6_bit_0815,-0.12949492694225437,0.12949492694225437
atom_pair_bit_0078,0.12943730156685002,0.12943730156685002
rdk_path_bit_0139,-0.1293334904874482,0.1293334904874482
layered_bit_0483,0.12914689303569837,0.12914689303569837
fcfp6_bit_0974,-0.1288815744043431,0.1288815744043431
rdk_path_bit_0582,0.12876984066700894,0.12876984066700894
erg_200,-0.12875908146260917,0.12875908146260917
ecfp6_bit_0525,-0.128591869128935,0.128591869128935
fcfp6_bit_0772,-0.1284082931353961,0.1284082931353961
fcfp6_bit_0369,0.12840525099211728,0.12840525099211728
layered_bit_1003,0.1283759595621663,0.1283759595621663
layered_bit_0194,-0.12823079506776225,0.12823079506776225
ecfp6_bit_1012,-0.12757414087990462,0.12757414087990462
ecfp6_bit_0461,0.12753913380055124,0.12753913380055124
topological_torsion_bit_0617,0.12741247696334995,0.12741247696334995
maplight_morgan_0040,0.12723573691835788,0.12723573691835788
morgan_bit_0719,-0.12716524234414656,0.12716524234414656
rdk_path_bit_0907,0.12714391845971146,0.12714391845971146
fcfp6_bit_0010,0.12713110804116062,0.12713110804116062
morgan_bit_0712,0.127116580710773,0.127116580710773
maplight_morgan_0387,0.1270443120597146,0.1270443120597146
topological_torsion_bit_0108,0.12687673009994074,0.12687673009994074
layered_bit_0603,0.12676037421401617,0.12676037421401617
layered_bit_0463,-0.12670418167699243,0.12670418167699243
maplight_morgan_0872,-0.12646435756278554,0.12646435756278554
ecfp6_bit_0793,-0.12644390866702174,0.12644390866702174
layered_bit_0628,0.1263503166291531,0.1263503166291531
morgan_bit_0358,0.12614688461789608,0.12614688461789608
atom_pair_bit_0738,0.12594960067470365,0.12594960067470365
morgan_bit_0742,-0.12567710075593413,0.12567710075593413
avalon_count_0491,-0.12561698545841443,0.12561698545841443
ecfp6_bit_0788,-0.12546141703696062,0.12546141703696062
topological_torsion_bit_0628,-0.12543857830413643,0.12543857830413643
fcfp6_bit_0050,-0.12525639843037362,0.12525639843037362
maplight_morgan_0149,0.12490806354861662,0.12490806354861662
maplight_morgan_0556,-0.12485968460558902,0.12485968460558902
maccs_bit_082,-0.12478662419007094,0.12478662419007094
ecfp6_bit_0661,0.12473360706074109,0.12473360706074109
morgan_bit_0837,-0.12429299793805784,0.12429299793805784
rdk_path_bit_0406,-0.12428109289997524,0.12428109289997524
rdk_path_bit_0938,0.12407026677870202,0.12407026677870202
layered_bit_0797,-0.1240178281080047,0.1240178281080047
avalon_count_0341,0.12387746798711627,0.12387746798711627
ecfp6_bit_0156,0.1235240377678693,0.1235240377678693
avalon_count_0288,0.123377333551058,0.123377333551058
atom_pair_bit_0793,0.12295349569686008,0.12295349569686008
layered_bit_0243,0.12260796741082745,0.12260796741082745
rdk_path_bit_0831,0.12258473884583586,0.12258473884583586
layered_bit_0408,0.12245545852590158,0.12245545852590158
atom_pair_bit_0045,-0.12242022775476666,0.12242022775476666
ecfp6_bit_0711,-0.12228307326419051,0.12228307326419051
maplight_morgan_0714,-0.1221469888634518,0.1221469888634518
fcfp6_bit_0938,-0.12211038486691038,0.12211038486691038
atom_pair_bit_0152,-0.12205201964303983,0.12205201964303983
maplight_morgan_0711,0.12174351627570333,0.12174351627570333
ecfp6_bit_0207,0.12154372831945208,0.12154372831945208
ecfp6_bit_0493,0.12136507087500333,0.12136507087500333
morgan_bit_0172,-0.12133712456944927,0.12133712456944927
avalon_count_0919,0.12105216068741159,0.12105216068741159
atom_pair_bit_0513,-0.12103086258525848,0.12103086258525848
layered_bit_0752,-0.12098395847456624,0.12098395847456624
ecfp6_bit_0403,-0.12091406473401191,0.12091406473401191
morgan_bit_0491,-0.12088460732869903,0.12088460732869903
ecfp6_bit_0725,-0.12074678350020594,0.12074678350020594
ecfp6_bit_0744,-0.12054415047270327,0.12054415047270327
rdk_path_bit_0692,-0.12051395924772164,0.12051395924772164
rdk_path_bit_0169,-0.1203650992229701,0.1203650992229701
rdk_path_bit_0041,-0.11989176078524647,0.11989176078524647
fcfp6_bit_0859,-0.11984991413810712,0.11984991413810712
layered_bit_0859,-0.11979040321203717,0.11979040321203717
fcfp6_bit_0854,0.11978788211365013,0.11978788211365013
ecfp6_bit_0238,-0.11963034028705455,0.11963034028705455
rdk_path_bit_0110,-0.11924613614372252,0.11924613614372252
layered_bit_0172,0.1192210179473632,0.1192210179473632
layered_bit_0519,-0.1190220355326205,0.1190220355326205
atom_pair_bit_0114,0.1189750209952507,0.1189750209952507
fcfp6_bit_0749,0.11893978687093834,0.11893978687093834
atom_pair_bit_0672,-0.11893467341583547,0.11893467341583547
morgan_bit_0426,-0.11892913467435487,0.11892913467435487
maplight_morgan_0665,0.11889196040739596,0.11889196040739596
ecfp6_bit_0622,0.11856535238963256,0.11856535238963256
rdk_path_bit_0105,-0.11840005384235386,0.11840005384235386
layered_bit_0814,-0.11828378366993993,0.11828378366993993
ecfp6_bit_1010,0.1180522271868626,0.1180522271868626
atom_pair_bit_0150,-0.11797350595436835,0.11797350595436835
fcfp6_bit_0141,-0.11790675561870792,0.11790675561870792
rdk_path_bit_0729,-0.11759441200295359,0.11759441200295359
ecfp6_bit_0116,0.11753654340951926,0.11753654340951926
fcfp6_bit_0993,0.1175126984699964,0.1175126984699964
ecfp6_bit_0858,-0.11746046062560922,0.11746046062560922
morgan_bit_0477,0.11744712449537364,0.11744712449537364
maplight_morgan_0192,0.11721015274884365,0.11721015274884365
rdk_path_bit_0074,-0.1170366731406496,0.1170366731406496
ecfp6_bit_0135,-0.11668265836926589,0.11668265836926589
avalon_count_0170,-0.1164628231353915,0.1164628231353915
morgan_bit_0382,0.11634395043809852,0.11634395043809852
maccs_bit_128,-0.11607670716380893,0.11607670716380893
rdk_path_bit_0050,0.11607388293596041,0.11607388293596041
layered_bit_0815,0.1160049997946626,0.1160049997946626
avalon_count_0139,0.11597261849579353,0.11597261849579353
avalon_count_0686,0.1157843718835462,0.1157843718835462
morgan_bit_0978,0.11575310905870087,0.11575310905870087
ecfp6_bit_0417,-0.11549389221735443,0.11549389221735443
ecfp6_bit_0507,0.11540421479699409,0.11540421479699409
maplight_morgan_0261,-0.11536180339834838,0.11536180339834838
atom_pair_bit_0118,0.11525595320335814,0.11525595320335814
avalon_count_0361,-0.11521875957435378,0.11521875957435378
morgan_bit_0805,0.11509755390354078,0.11509755390354078
ecfp6_bit_0990,0.1149662102677796,0.1149662102677796
maplight_morgan_0591,-0.11480654526948478,0.11480654526948478
morgan_bit_0993,0.1147160719915533,0.1147160719915533
fcfp6_bit_0679,0.11460939299344776,0.11460939299344776
fcfp6_bit_0825,0.11448075132774066,0.11448075132774066
ecfp6_bit_0380,-0.11445888219652428,0.11445888219652428
morgan_bit_0734,0.11428490162571375,0.11428490162571375
rdk_path_bit_0303,-0.11423063006860479,0.11423063006860479
morgan_bit_0302,-0.11422426928261686,0.11422426928261686
morgan_bit_0529,-0.11420545710897782,0.11420545710897782
rdk_path_bit_0380,0.11411480864847307,0.11411480864847307
layered_bit_0678,-0.11392231605775327,0.11392231605775327
layered_bit_0412,-0.11383182012864147,0.11383182012864147
morgan_bit_0702,-0.11362904449901619,0.11362904449901619
morgan_bit_0286,-0.11353928458207982,0.11353928458207982
avalon_count_0938,0.11341853287899807,0.11341853287899807
morgan_bit_0160,0.11337073678036938,0.11337073678036938
topological_torsion_bit_0824,-0.11334125773989379,0.11334125773989379
layered_bit_0464,-0.11323220853077164,0.11323220853077164
atom_pair_bit_1016,0.11313075192249417,0.11313075192249417
rdk_path_bit_0229,0.11308904756797025,0.11308904756797025
topological_torsion_bit_0908,-0.11299322447267987,0.11299322447267987
ecfp6_bit_0392,-0.11293655144766139,0.11293655144766139
layered_bit_0096,-0.11276193062313684,0.11276193062313684
fcfp6_bit_0081,-0.11266529203528933,0.11266529203528933
ecfp6_bit_0545,0.11262734066919387,0.11262734066919387
rdk_path_bit_0570,0.1125822421859493,0.1125822421859493
topological_torsion_bit_0560,-0.1125578142434573,0.1125578142434573
atom_pair_bit_0819,-0.11240938559607723,0.11240938559607723
ecfp6_bit_0275,0.11237567240436587,0.11237567240436587
ecfp6_bit_0118,-0.11234772099260977,0.11234772099260977
atom_pair_bit_0875,-0.11229219236734278,0.11229219236734278
rdk_path_bit_0697,-0.11177080165758409,0.11177080165758409
erg_206,-0.11161820019416265,0.11161820019416265
avalon_count_0408,0.11136379436876477,0.11136379436876477
topological_torsion_bit_0788,-0.11135302675459173,0.11135302675459173
ecfp6_bit_1017,0.11128246553865775,0.11128246553865775
avalon_count_0218,-0.1112538103557277,0.1112538103557277
rdk_path_bit_0539,-0.11121475190719123,0.11121475190719123
atom_pair_bit_0392,-0.11104224873707862,0.11104224873707862
avalon_count_0640,0.11095877561957328,0.11095877561957328
maplight_morgan_0768,-0.11059509872569044,0.11059509872569044
avalon_count_0130,0.11053975018208187,0.11053975018208187
fcfp6_bit_0549,-0.11033647016610729,0.11033647016610729
atom_pair_bit_0567,0.11021071701118214,0.11021071701118214
maplight_morgan_0833,-0.11001168260768804,0.11001168260768804
rdk_path_bit_0224,-0.1100084990591933,0.1100084990591933
maplight_morgan_0219,-0.10994550003933166,0.10994550003933166
rdk_path_bit_0419,0.10977698003225038,0.10977698003225038
ecfp6_bit_0936,-0.10972874232974457,0.10972874232974457
ecfp6_bit_0310,-0.1090765133731423,0.1090765133731423
maccs_bit_038,-0.10888289382031312,0.10888289382031312
fcfp6_bit_0066,0.10870659496863877,0.10870659496863877
atom_pair_bit_0814,-0.1082176345183846,0.1082176345183846
layered_bit_0451,-0.10809263770349796,0.10809263770349796
rdk_path_bit_0682,-0.10805489099754219,0.10805489099754219
atom_pair_bit_0609,0.1076764422335127,0.1076764422335127
maplight_morgan_0288,0.10733987433374366,0.10733987433374366
morgan_bit_0502,0.10732819684979607,0.10732819684979607
maccs_bit_072,-0.10729125692452175,0.10729125692452175
maplight_morgan_0331,0.10723229259040844,0.10723229259040844
rdk_path_bit_0052,-0.10713087292043305,0.10713087292043305
fcfp6_bit_0776,-0.10712494582222824,0.10712494582222824
morgan_bit_0868,-0.1070145492933588,0.1070145492933588
rdk_path_bit_0726,-0.10695175806002266,0.10695175806002266
fcfp6_bit_0325,-0.10689612953851296,0.10689612953851296
topological_torsion_bit_0124,0.10685334118468429,0.10685334118468429
maplight_morgan_0734,0.10659418678021418,0.10659418678021418
morgan_bit_0186,-0.10650200405029983,0.10650200405029983
topological_torsion_bit_0437,0.10637173572865863,0.10637173572865863
rdk_path_bit_0602,-0.10634272372416848,0.10634272372416848
topological_torsion_bit_0614,-0.10634096888912058,0.10634096888912058
layered_bit_0970,0.10632171516694179,0.10632171516694179
avalon_count_0388,-0.10616864836919847,0.10616864836919847
fcfp6_bit_0534,0.1059242632827756,0.1059242632827756
morgan_bit_0706,-0.10565034008508728,0.10565034008508728
ecfp6_bit_0857,-0.10559428017706768,0.10559428017706768
avalon_count_0355,0.10558640925902146,0.10558640925902146
topological_torsion_bit_0804,-0.10541522452779109,0.10541522452779109
rdk_path_bit_0834,-0.10535785637339279,0.10535785637339279
ecfp6_bit_0775,0.10533917576085995,0.10533917576085995
morgan_bit_0168,0.10529762195505937,0.10529762195505937
ecfp6_bit_0588,-0.10516686048534826,0.10516686048534826
atom_pair_bit_0449,-0.10510898054520304,0.10510898054520304
fcfp6_bit_0429,0.105088873515533,0.105088873515533
erg_000,-0.10500219831742622,0.10500219831742622
atom_pair_bit_0704,0.10490869966252246,0.10490869966252246
ecfp6_bit_0063,-0.1047186088510351,0.1047186088510351
layered_bit_0069,0.10457022351938544,0.10457022351938544
topological_torsion_bit_0140,-0.10450711359153501,0.10450711359153501
layered_bit_0088,-0.104376403970866,0.104376403970866
rdk_path_bit_0292,0.10434449514650827,0.10434449514650827
ecfp6_bit_0386,-0.10429446355752038,0.10429446355752038
rdk_path_bit_0765,-0.10427460014201509,0.10427460014201509
ecfp6_bit_0994,0.10425153887063963,0.10425153887063963
morgan_bit_0794,-0.10419354830190657,0.10419354830190657
maplight_morgan_0045,-0.10413676886879446,0.10413676886879446
morgan_bit_0834,0.10370611354219499,0.10370611354219499
maplight_morgan_0062,-0.10370216099212132,0.10370216099212132
maplight_morgan_0931,-0.10361311644946142,0.10361311644946142
ecfp6_bit_0468,-0.1032873078818107,0.1032873078818107
atom_pair_bit_0524,-0.1032769675248575,0.1032769675248575
fcfp6_bit_0407,-0.10303259040604608,0.10303259040604608
ecfp6_bit_0881,0.10286006942078321,0.10286006942078321
fcfp6_bit_0829,-0.10282091907772588,0.10282091907772588
topological_torsion_bit_0854,0.10268318655521685,0.10268318655521685
fcfp6_bit_0594,-0.10267785648646191,0.10267785648646191
fcfp6_bit_0780,0.10256580821910713,0.10256580821910713
ecfp6_bit_0024,0.10253806527802546,0.10253806527802546
morgan_bit_0072,-0.1024518384802299,0.1024518384802299
fcfp6_bit_0738,-0.10235845966633614,0.10235845966633614
ecfp6_bit_0467,-0.10228025647431341,0.10228025647431341
ecfp6_bit_0391,0.10226366315276783,0.10226366315276783
morgan_bit_0032,-0.10185326089857306,0.10185326089857306
atom_pair_bit_0204,0.10177204806503888,0.10177204806503888
morgan_bit_0829,-0.1013047176196375,0.1013047176196375
fcfp6_bit_0757,0.10129531156778235,0.10129531156778235
rdk_path_bit_0994,-0.10127374088936716,0.10127374088936716
morgan_bit_0261,-0.10124502259965885,0.10124502259965885
fcfp6_bit_0443,-0.10103620314133822,0.10103620314133822
ecfp6_bit_0970,-0.10074988991690378,0.10074988991690378
avalon_count_0396,-0.100174766060922,0.100174766060922
rdk_path_bit_0288,0.09999541669622176,0.09999541669622176
ecfp6_bit_0009,0.09983144774536323,0.09983144774536323
erg_220,-0.09981420410430207,0.09981420410430207
ecfp6_bit_0222,0.0997951601829041,0.0997951601829041
morgan_bit_0024,0.09974892307645829,0.09974892307645829
maplight_morgan_0712,0.09955969547202907,0.09955969547202907
fcfp6_bit_0883,-0.0995288538864875,0.0995288538864875
fcfp6_bit_0958,-0.09928975966595464,0.09928975966595464
avalon_count_0035,0.09907767503270737,0.09907767503270737
fcfp6_bit_0525,-0.09904704145848867,0.09904704145848867
atom_pair_bit_0898,0.09899323861057012,0.09899323861057012
avalon_count_0183,-0.09874907199021708,0.09874907199021708
erg_179,-0.09863297749311904,0.09863297749311904
ecfp6_bit_0094,0.09857595753785708,0.09857595753785708
maplight_morgan_0458,-0.09856917105551306,0.09856917105551306
morgan_bit_0443,-0.09844572609702026,0.09844572609702026
fcfp6_bit_0334,0.09836685989470716,0.09836685989470716
ecfp6_bit_0715,-0.09818131230159494,0.09818131230159494
ecfp6_bit_0786,0.09780385001510156,0.09780385001510156
fcfp6_bit_0690,-0.09779398170565202,0.09779398170565202
atom_pair_bit_0272,-0.09773881671309746,0.09773881671309746
morgan_bit_0366,-0.09755605878607773,0.09755605878607773
fcfp6_bit_0607,-0.09752569464741463,0.09752569464741463
erg_247,0.09747058873933148,0.09747058873933148
morgan_bit_0424,-0.09745933018855683,0.09745933018855683
fcfp6_bit_0668,-0.09672637903084208,0.09672637903084208
morgan_bit_0375,0.09664942694253215,0.09664942694253215
fcfp6_bit_0991,-0.09649777846786228,0.09649777846786228
fcfp6_bit_0746,-0.09635732667699544,0.09635732667699544
fcfp6_bit_0634,-0.09622886973146473,0.09622886973146473
atom_pair_bit_0652,-0.09619175086349968,0.09619175086349968
topological_torsion_bit_0344,0.09616241268550811,0.09616241268550811
maplight_morgan_0122,-0.09602239372700148,0.09602239372700148
fcfp6_bit_0367,0.09590917903026457,0.09590917903026457
morgan_bit_0458,-0.09572347591364114,0.09572347591364114
atom_pair_bit_0802,0.09571857408660482,0.09571857408660482
rdk_path_bit_0651,0.09566358719376543,0.09566358719376543
fcfp6_bit_0975,-0.09548759569682606,0.09548759569682606
fcfp6_bit_0817,0.09525224810191982,0.09525224810191982
layered_bit_0668,0.09491868180246307,0.09491868180246307
topological_torsion_bit_0044,-0.09478726047399244,0.09478726047399244
topological_torsion_bit_0496,-0.09478115389355994,0.09478115389355994
rdk_path_bit_0407,-0.09475486738130497,0.09475486738130497
erg_191,-0.09452701575113297,0.09452701575113297
morgan_bit_0503,0.09450996081672143,0.09450996081672143
rdk_path_bit_0306,0.09435543398855288,0.09435543398855288
morgan_bit_0138,-0.09434185289587915,0.09434185289587915
rdk_path_bit_0853,-0.09425232110938954,0.09425232110938954
maplight_morgan_0881,0.09421108280830795,0.09421108280830795
maplight_morgan_0425,0.09420528026095222,0.09420528026095222
ecfp6_bit_0040,0.09419593014964384,0.09419593014964384
fcfp6_bit_0855,-0.09419454988739356,0.09419454988739356
ecfp6_bit_0104,-0.09394862278245458,0.09394862278245458
fcfp6_bit_0842,-0.09370849490413086,0.09370849490413086
rdk_path_bit_0048,-0.09370100439076956,0.09370100439076956
morgan_bit_0858,-0.09366647170223955,0.09366647170223955
morgan_bit_0125,0.09360033800331105,0.09360033800331105
morgan_bit_0293,0.09348419529645119,0.09348419529645119
maplight_morgan_0674,-0.09342888656375808,0.09342888656375808
maplight_morgan_0717,-0.09340547630499771,0.09340547630499771
ecfp6_bit_0783,0.09315993243261955,0.09315993243261955
morgan_bit_0700,-0.09290564915501152,0.09290564915501152
maplight_morgan_0032,-0.0928529125521386,0.0928529125521386
atom_pair_bit_0491,0.09272284866244306,0.09272284866244306
rdk_path_bit_0390,0.09239792053108192,0.09239792053108192
rdk_path_bit_0318,-0.09236784767615831,0.09236784767615831
layered_bit_0447,0.09232101750995618,0.09232101750995618
fcfp6_bit_0734,-0.09203331004212936,0.09203331004212936
ecfp6_bit_0712,0.09176268147063533,0.09176268147063533
rdk_path_bit_0657,0.09169862750930413,0.09169862750930413
maplight_morgan_0691,0.09145628858903197,0.09145628858903197
atom_pair_bit_0902,0.09125076841914763,0.09125076841914763
layered_bit_0156,-0.09119784828777894,0.09119784828777894
layered_bit_0345,-0.09062080268210468,0.09062080268210468
ecfp6_bit_0066,-0.09050132736370106,0.09050132736370106
morgan_bit_0587,0.09046471088141635,0.09046471088141635
ecfp6_bit_0370,-0.09037726519094526,0.09037726519094526
morgan_bit_0674,-0.09010914985461595,0.09010914985461595
maccs_bit_024,-0.09006132345131075,0.09006132345131075
morgan_bit_0498,0.0898793465948822,0.0898793465948822
atom_pair_bit_0052,-0.0898765046852747,0.0898765046852747
fcfp6_bit_0176,0.08985483145713179,0.08985483145713179
atom_pair_bit_0348,-0.08972791964273955,0.08972791964273955
ecfp6_bit_0215,-0.08967220551799067,0.08967220551799067
ecfp6_bit_0910,0.08956251444087422,0.08956251444087422
layered_bit_0675,0.08948617219066558,0.08948617219066558
rdk_path_bit_0644,-0.08948076625146728,0.08948076625146728
atom_pair_bit_0238,-0.0894311532031776,0.0894311532031776
fcfp6_bit_0459,0.08926058717574985,0.08926058717574985
avalon_count_0271,0.08917637289137989,0.08917637289137989
fcfp6_bit_0257,-0.08915936128445553,0.08915936128445553
fcfp6_bit_0856,-0.08870493733872026,0.08870493733872026
maplight_morgan_0775,0.08838211356819574,0.08838211356819574
layered_bit_0024,-0.08818358543669774,0.08818358543669774
avalon_count_0443,0.0880493814129212,0.0880493814129212
fcfp6_bit_0936,-0.08785105102094101,0.08785105102094101
atom_pair_bit_0157,0.08782213661722924,0.08782213661722924
ecfp6_bit_0146,0.087469075891653,0.087469075891653
rdk_path_bit_0333,-0.08737793041346582,0.08737793041346582
fcfp6_bit_0712,-0.08728550696873982,0.08728550696873982
morgan_bit_1017,0.08723272099249808,0.08723272099249808
maplight_morgan_0731,0.0872239996229267,0.0872239996229267
atom_pair_bit_0971,0.08699685502317515,0.08699685502317515
morgan_bit_0348,-0.08695026416576941,0.08695026416576941
avalon_count_0302,0.08664282227483096,0.08664282227483096
fcfp6_bit_0309,0.08654492175635888,0.08654492175635888
avalon_count_0920,0.0864791610012263,0.0864791610012263
ecfp6_bit_0617,0.08644364003873871,0.08644364003873871
rdk_path_bit_0171,-0.08639288949728421,0.08639288949728421
maccs_bit_098,0.08623065049008802,0.08623065049008802
avalon_count_0842,0.08605027508998386,0.08605027508998386
fcfp6_bit_0730,0.08593694456539501,0.08593694456539501
maplight_morgan_0531,0.08591980879534974,0.08591980879534974
atom_pair_bit_0163,0.085912401142191,0.085912401142191
rdk_path_bit_0536,0.08589403501747242,0.08589403501747242
atom_pair_bit_0648,0.08584632659762512,0.08584632659762512
maplight_morgan_0819,-0.08581287117396,0.08581287117396
rdk_path_bit_0396,0.08578171250187377,0.08578171250187377
fcfp6_bit_0710,-0.08577231901997213,0.08577231901997213
maplight_morgan_0003,-0.08567529947132478,0.08567529947132478
rdk_path_bit_0931,-0.0856280112839189,0.0856280112839189
fcfp6_bit_0591,-0.08557548816003718,0.08557548816003718
atom_pair_bit_0037,0.0854869735568676,0.0854869735568676
rdk_path_bit_0508,-0.08511573650201372,0.08511573650201372
morgan_bit_0645,0.0850798836245582,0.0850798836245582
avalon_count_0416,-0.08504949702252856,0.08504949702252856
maplight_morgan_0254,0.08498055072136382,0.08498055072136382
fcfp6_bit_0630,-0.08492703962236137,0.08492703962236137
avalon_count_0749,0.08480342723456563,0.08480342723456563
ecfp6_bit_0587,0.08478706077396297,0.08478706077396297
atom_pair_bit_0393,-0.08464448610460991,0.08464448610460991
ecfp6_bit_0031,-0.08458977950222796,0.08458977950222796
ecfp6_bit_0926,-0.08457406526216035,0.08457406526216035
topological_torsion_bit_0646,-0.08448410778043522,0.08448410778043522
ecfp6_bit_0731,0.08442172940686289,0.08442172940686289
rdk_path_bit_0097,0.0844175080729113,0.0844175080729113
atom_pair_bit_0321,0.08428592427305462,0.08428592427305462
atom_pair_bit_1004,0.0841433104703926,0.0841433104703926
avalon_count_0728,0.08381665478926491,0.08381665478926491
ecfp6_bit_0872,-0.08377458926220796,0.08377458926220796
morgan_bit_0715,-0.08323678630102462,0.08323678630102462
rdk_path_bit_1019,-0.08224836187760044,0.08224836187760044
avalon_count_0328,-0.08218059668153274,0.08218059668153274
ecfp6_bit_0131,-0.08196691495286318,0.08196691495286318
layered_bit_0242,0.08194946108808031,0.08194946108808031
ecfp6_bit_0827,-0.08189070980321052,0.08189070980321052
layered_bit_0944,0.08188902630651607,0.08188902630651607
layered_bit_0121,-0.08179525775520329,0.08179525775520329
ecfp6_bit_0316,0.08172344427669603,0.08172344427669603
layered_bit_0280,0.08164357356450588,0.08164357356450588
morgan_bit_0729,0.08146348457394742,0.08146348457394742
morgan_bit_0483,0.08117539734184409,0.08117539734184409
avalon_count_0141,0.08098104205005419,0.08098104205005419
ecfp6_bit_0880,0.08089774023698611,0.08089774023698611
ecfp6_bit_0074,-0.0808089876669485,0.0808089876669485
layered_bit_0205,-0.08071056994064235,0.08071056994064235
avalon_count_0262,-0.08063261572466866,0.08063261572466866
layered_bit_0369,-0.08058488136350961,0.08058488136350961
morgan_bit_0590,-0.08049018634887908,0.08049018634887908
maplight_morgan_0044,0.08048231530032979,0.08048231530032979
rdk_path_bit_0219,0.08005031962621847,0.08005031962621847
rdk_path_bit_0188,-0.07997060775988685,0.07997060775988685
maplight_morgan_0950,-0.0799051887210407,0.0799051887210407
fcfp6_bit_0764,-0.079869447234467,0.079869447234467
morgan_bit_0557,-0.07984591303553717,0.07984591303553717
fcfp6_bit_0771,-0.0798254032536273,0.0798254032536273
avalon_count_0668,0.07978875471370275,0.07978875471370275
erg_217,0.0794527672810482,0.0794527672810482
morgan_bit_0585,-0.0793570611324505,0.0793570611324505
maplight_morgan_0845,-0.07934561536384968,0.07934561536384968
ecfp6_bit_0150,0.07923151438400408,0.07923151438400408
avalon_count_0947,-0.07919813238199387,0.07919813238199387
avalon_count_0232,-0.07904572510157669,0.07904572510157669
rdk_path_bit_0832,0.07891336198641354,0.07891336198641354
ecfp6_bit_0875,0.07889838807472083,0.07889838807472083
avalon_count_0213,0.07885507854950868,0.07885507854950868
layered_bit_0332,0.07874888544869926,0.07874888544869926
atom_pair_bit_0406,-0.07862144660418265,0.07862144660418265
maplight_morgan_0635,0.07854026855853127,0.07854026855853127
ecfp6_bit_0200,0.07852320925840423,0.07852320925840423
maplight_morgan_0382,0.07843453375854358,0.07843453375854358
fcfp6_bit_0226,0.07838947759374215,0.07838947759374215
morgan_bit_0038,-0.07833763072521525,0.07833763072521525
atom_pair_bit_0863,-0.07817016110394123,0.07817016110394123
fcfp6_bit_0204,-0.07813609806018214,0.07813609806018214
fcfp6_bit_0192,0.07811329654624266,0.07811329654624266
ecfp6_bit_0527,0.07810538657856222,0.07810538657856222
ecfp6_bit_0491,-0.07803632021710373,0.07803632021710373
morgan_bit_0539,0.07794678358536793,0.07794678358536793
rdk_path_bit_0248,-0.07793351734053028,0.07793351734053028
topological_torsion_bit_0806,-0.07792981518950443,0.07792981518950443
ecfp6_bit_0112,-0.07761371684332108,0.07761371684332108
fcfp6_bit_0258,0.07758614348394717,0.07758614348394717
layered_bit_0482,0.07741263005852357,0.07741263005852357
maplight_morgan_0315,-0.07739182739178811,0.07739182739178811
fcfp6_bit_0437,-0.07734965510174426,0.07734965510174426
fcfp6_bit_0672,0.07728975846243641,0.07728975846243641
fcfp6_bit_0781,0.0772810136176849,0.0772810136176849
ecfp6_bit_0494,0.0772311303199095,0.0772311303199095
maccs_bit_146,-0.07713256662826326,0.07713256662826326
layered_bit_0707,-0.07701438286678834,0.07701438286678834
maplight_morgan_0327,-0.07688628403166278,0.07688628403166278
ecfp6_bit_0836,-0.07687469148726629,0.07687469148726629
rdk_path_bit_0179,0.07660330141619821,0.07660330141619821
morgan_bit_0757,-0.07655801736874526,0.07655801736874526
topological_torsion_bit_0952,0.07654933873278111,0.07654933873278111
morgan_bit_0812,0.07626936984774321,0.07626936984774321
ecfp6_bit_0000,-0.07615116023295239,0.07615116023295239
fcfp6_bit_0424,0.07600662907819664,0.07600662907819664
rdk_path_bit_0900,0.0759505425872956,0.0759505425872956
maplight_morgan_0961,0.0759358223661624,0.0759358223661624
maplight_morgan_0341,-0.07578603570538252,0.07578603570538252
fcfp6_bit_0518,-0.07576592636889065,0.07576592636889065
avalon_count_0216,-0.07557372664886887,0.07557372664886887
fcfp6_bit_0183,-0.075554471619608,0.075554471619608
topological_torsion_bit_0294,0.07554592880523357,0.07554592880523357
maplight_morgan_0545,0.07541967334233433,0.07541967334233433
ecfp6_bit_0999,-0.07540694722313043,0.07540694722313043
topological_torsion_bit_0365,0.0754003617676178,0.0754003617676178
atom_pair_bit_0475,0.07524995374308535,0.07524995374308535
fcfp6_bit_0475,0.07513791686183377,0.07513791686183377
fcfp6_bit_0501,0.07508368848104865,0.07508368848104865
avalon_count_0202,0.07490696600953829,0.07490696600953829
layered_bit_0129,-0.07461079674619935,0.07461079674619935
topological_torsion_bit_0600,-0.07455560227457544,0.07455560227457544
ecfp6_bit_0582,0.0745259640251321,0.0745259640251321
maplight_morgan_0372,0.07437230953228151,0.07437230953228151
rdk_path_bit_0200,-0.07434085672827344,0.07434085672827344
atom_pair_bit_0354,-0.07433357726273061,0.07433357726273061
ecfp6_bit_0668,-0.07415537932378363,0.07415537932378363
ecfp6_bit_0560,0.07405285776858285,0.07405285776858285
fcfp6_bit_0161,-0.07389046582373283,0.07389046582373283
fcfp6_bit_0507,0.07373923784344234,0.07373923784344234
atom_pair_bit_0133,0.07359215003905185,0.07359215003905185
rdk_path_bit_0487,-0.07347740504534683,0.07347740504534683
rdk_path_bit_0609,-0.07317729692950228,0.07317729692950228
layered_bit_0270,-0.07302033943566602,0.07302033943566602
ecfp6_bit_0913,-0.0729909533322811,0.0729909533322811
rdk_path_bit_0649,-0.07298322942977446,0.07298322942977446
avalon_count_0096,0.07287459798180478,0.07287459798180478
fcfp6_bit_0848,0.07276612979315565,0.07276612979315565
ecfp6_bit_0870,-0.07264385885738806,0.07264385885738806
fcfp6_bit_0236,-0.07230549904610102,0.07230549904610102
fcfp6_bit_0658,-0.07210114994105263,0.07210114994105263
topological_torsion_bit_0510,-0.07207335189296868,0.07207335189296868
morgan_bit_0618,0.07198863613127998,0.07198863613127998
ecfp6_bit_0218,0.0717636712559226,0.0717636712559226
ecfp6_bit_0483,0.07176123282881815,0.07176123282881815
fcfp6_bit_0816,0.07169324228795815,0.07169324228795815
rdk_path_bit_0688,-0.07159704264317372,0.07159704264317372
rdk_path_bit_0109,-0.07113691139003467,0.07113691139003467
topological_torsion_bit_0252,0.07052517608335088,0.07052517608335088
rdk_path_bit_0780,-0.07044495341078882,0.07044495341078882
fcfp6_bit_0347,0.07043431502165237,0.07043431502165237
atom_pair_bit_0626,0.07041920704137239,0.07041920704137239
morgan_bit_0139,-0.0704128389324961,0.0704128389324961
ecfp6_bit_0696,0.07015858440593149,0.07015858440593149
layered_bit_0117,0.0700285487250071,0.0700285487250071
atom_pair_bit_0693,0.06970545418301954,0.06970545418301954
fcfp6_bit_0728,-0.06969867511601573,0.06969867511601573
ecfp6_bit_0589,0.06965928598878623,0.06965928598878623
atom_pair_bit_0342,0.06964591982266768,0.06964591982266768
avalon_count_0835,0.06944492948654483,0.06944492948654483
morgan_bit_0218,0.06940651055699294,0.06940651055699294
morgan_bit_0582,0.06939010352589034,0.06939010352589034
atom_pair_bit_0713,-0.06934823891107508,0.06934823891107508
maplight_morgan_0431,-0.06933481695807514,0.06933481695807514
avalon_count_0403,0.0691248946130673,0.0691248946130673
fcfp6_bit_0895,-0.06898934925265679,0.06898934925265679
erg_222,0.06880276028234707,0.06880276028234707
atom_pair_bit_0236,-0.06878960782397017,0.06878960782397017
fcfp6_bit_0252,-0.06875225422039717,0.06875225422039717
fcfp6_bit_0215,-0.06864910991723089,0.06864910991723089
morgan_bit_0041,0.06856130763988026,0.06856130763988026
fcfp6_bit_0500,-0.06843586257761239,0.06843586257761239
morgan_bit_0285,0.06836598155949761,0.06836598155949761
rdk_path_bit_0600,0.06836131252083473,0.06836131252083473
fcfp6_bit_0073,0.06835302795043773,0.06835302795043773
layered_bit_1009,0.06825134240413905,0.06825134240413905
morgan_bit_0164,0.0680584185624594,0.0680584185624594
morgan_bit_0122,-0.06780375870900769,0.06780375870900769
morgan_bit_0927,-0.06766819461706124,0.06766819461706124
avalon_count_0192,-0.06753870814852864,0.06753870814852864
atom_pair_bit_0066,0.06750013419715553,0.06750013419715553
ecfp6_bit_0292,0.06715754228505948,0.06715754228505948
fcfp6_bit_0425,0.06710049416877611,0.06710049416877611
topological_torsion_bit_0957,0.06705976686543652,0.06705976686543652
layered_bit_0224,-0.06697554071359148,0.06697554071359148
ecfp6_bit_0282,-0.0669693506505781,0.0669693506505781
ecfp6_bit_0600,-0.066969012231364,0.066969012231364
topological_torsion_bit_0511,-0.06695759804708207,0.06695759804708207
topological_torsion_bit_0244,-0.06691300036052715,0.06691300036052715
layered_bit_0594,-0.06685609131253756,0.06685609131253756
topological_torsion_bit_0972,-0.06683276441031857,0.06683276441031857
layered_bit_0666,-0.0667457499412746,0.0667457499412746
morgan_bit_0881,0.06672334660565926,0.06672334660565926
avalon_count_0031,-0.06659834189352427,0.06659834189352427
morgan_bit_0732,0.06655758505178938,0.06655758505178938
atom_pair_bit_0276,0.06653098871157126,0.06653098871157126
fcfp6_bit_0759,0.06639855098925136,0.06639855098925136
ecfp6_bit_0893,-0.06638435300984472,0.06638435300984472
avalon_count_0670,-0.06633915544787372,0.06633915544787372
fcfp6_bit_0714,-0.06624969634152127,0.06624969634152127
morgan_bit_0775,0.06622225610390658,0.06622225610390658
ecfp6_bit_0607,0.06613655596428039,0.06613655596428039
ecfp6_bit_0918,0.06609077470333222,0.06609077470333222
ecfp6_bit_0420,-0.06572905872824837,0.06572905872824837
layered_bit_0851,-0.0655808464290716,0.0655808464290716
layered_bit_0297,-0.06554453693514671,0.06554453693514671
fcfp6_bit_0681,-0.06552119103370503,0.06552119103370503
maplight_morgan_0193,0.06550210328534842,0.06550210328534842
atom_pair_bit_0369,0.06548820546603952,0.06548820546603952
layered_bit_0956,0.06529137140278414,0.06529137140278414
maplight_morgan_0703,0.06528452456901862,0.06528452456901862
fcfp6_bit_0721,-0.06526458496917317,0.06526458496917317
maplight_morgan_0771,-0.06521999888338886,0.06521999888338886
morgan_bit_0822,-0.06504295040356234,0.06504295040356234
ecfp6_bit_0767,-0.06485242758306801,0.06485242758306801
topological_torsion_bit_0748,-0.06473025700590217,0.06473025700590217
rdk_path_bit_0575,-0.0645276235077251,0.0645276235077251
erg_221,-0.06436770722108162,0.06436770722108162
ecfp6_bit_0476,0.06435264903359487,0.06435264903359487
layered_bit_0942,-0.0643450789975626,0.0643450789975626
atom_pair_bit_0801,0.0641981036472258,0.0641981036472258
ecfp6_bit_0934,-0.06411125954396102,0.06411125954396102
ecfp6_bit_0928,-0.063974338659186,0.063974338659186
layered_bit_0902,-0.06386431409293547,0.06386431409293547
maccs_bit_124,-0.06385006740119668,0.06385006740119668
ecfp6_bit_0552,0.0638088655431686,0.0638088655431686
avalon_count_0607,-0.06378717874202706,0.06378717874202706
morgan_bit_0315,-0.06374952498321115,0.06374952498321115
ecfp6_bit_0995,-0.06368497292041923,0.06368497292041923
rdk_path_bit_0619,-0.06344147153919037,0.06344147153919037
erg_037,0.06341327010026614,0.06341327010026614
topological_torsion_bit_0001,-0.0633720640958204,0.0633720640958204
layered_bit_0421,0.06324118047879411,0.06324118047879411
erg_289,-0.06310042318561909,0.06310042318561909
fcfp6_bit_0374,-0.06307515990663248,0.06307515990663248
layered_bit_0786,-0.06294877589739956,0.06294877589739956
topological_torsion_bit_0060,-0.06282526031364137,0.06282526031364137
rdk_path_bit_1014,-0.0628206341019944,0.0628206341019944
atom_pair_bit_0485,0.06267655649340649,0.06267655649340649
fcfp6_bit_0593,-0.06260911111097794,0.06260911111097794
ecfp6_bit_0657,0.06258644938951023,0.06258644938951023
maplight_morgan_0471,-0.06257535362008113,0.06257535362008113
rdk_path_bit_0267,-0.06256294470471159,0.06256294470471159
ecfp6_bit_0373,-0.06248744609740659,0.06248744609740659
fcfp6_bit_0720,-0.06236541734133334,0.06236541734133334
rdk_path_bit_0595,-0.06229854428925205,0.06229854428925205
avalon_count_0966,0.062226135020859795,0.062226135020859795
rdk_path_bit_0727,-0.06192315060807934,0.06192315060807934
atom_pair_bit_0197,-0.06184923557932045,0.06184923557932045
topological_torsion_bit_0433,-0.06179980441874064,0.06179980441874064
topological_torsion_bit_0220,-0.061577620638721964,0.061577620638721964
topological_torsion_bit_0100,0.06144352941188247,0.06144352941188247
ecfp6_bit_0889,-0.0614022535462826,0.0614022535462826
atom_pair_bit_0967,0.061392839068917224,0.061392839068917224
fcfp6_bit_0790,-0.061249373332807944,0.061249373332807944
morgan_bit_0545,0.06114127014532834,0.06114127014532834
maplight_morgan_0227,-0.061134772023293406,0.061134772023293406
morgan_bit_0926,-0.060965727519352364,0.060965727519352364
rdk_path_bit_0438,-0.06086285612252005,0.06086285612252005
layered_bit_0440,0.06082759290252486,0.06082759290252486
avalon_count_0989,0.06076025654958759,0.06076025654958759
maccs_bit_136,0.06050857739278353,0.06050857739278353
maplight_morgan_0539,0.060447905692034946,0.060447905692034946
topological_torsion_bit_0024,-0.06037203001612349,0.06037203001612349
topological_torsion_bit_0436,0.06036811032871892,0.06036811032871892
layered_bit_0685,0.060244331495565136,0.060244331495565136
fcfp6_bit_0003,0.06023274283505257,0.06023274283505257
topological_torsion_bit_0572,-0.06018148623876168,0.06018148623876168
rdk_path_bit_0034,0.059969383073200676,0.059969383073200676
avalon_count_0577,0.05994841338520269,0.05994841338520269
rdk_path_bit_0625,-0.05993474490637598,0.05993474490637598
fcfp6_bit_0159,0.05985316721201845,0.05985316721201845
layered_bit_0522,-0.05981314942575031,0.05981314942575031
morgan_bit_0413,0.0596265588402681,0.0596265588402681
rdk_path_bit_0100,0.05955422020435057,0.05955422020435057
topological_torsion_bit_0981,-0.05950516995952542,0.05950516995952542
maplight_morgan_0021,0.059374145636466785,0.059374145636466785
maplight_morgan_0669,-0.05930702589661398,0.05930702589661398
atom_pair_bit_0273,0.05918923894039716,0.05918923894039716
topological_torsion_bit_0348,0.05913623199463747,0.05913623199463747
fcfp6_bit_0287,0.059110155382109494,0.059110155382109494
maplight_morgan_0832,-0.059102387612424666,0.059102387612424666
fcfp6_bit_0703,-0.05903668218845238,0.05903668218845238
avalon_count_0609,0.058918410269441564,0.058918410269441564
ecfp6_bit_0286,-0.058906758901233584,0.058906758901233584
morgan_bit_0124,0.05878981054006033,0.05878981054006033
maplight_morgan_0160,0.05865165941231457,0.05865165941231457
erg_224,-0.0583384595025605,0.0583384595025605
ecfp6_bit_0064,-0.058296253874123447,0.058296253874123447
rdk_path_bit_0959,-0.05827428790973105,0.05827428790973105
morgan_bit_0669,-0.05805448176553095,0.05805448176553095
layered_bit_0757,-0.05799305152099005,0.05799305152099005
maccs_bit_102,-0.057724275474896725,0.057724275474896725
avalon_count_0064,-0.0576955057910257,0.0576955057910257
layered_bit_0809,-0.057689885071845054,0.057689885071845054
avalon_count_0497,0.05766466242887979,0.05766466242887979
rdk_path_bit_0693,-0.05765626766989589,0.05765626766989589
avalon_count_0775,0.057400433243482325,0.057400433243482325
fcfp6_bit_0729,0.057385163730423176,0.057385163730423176
rdk_path_bit_0960,0.057322112100116895,0.057322112100116895
layered_bit_0765,0.05723402641641909,0.05723402641641909
morgan_bit_0588,-0.05717746087071792,0.05717746087071792
morgan_bit_0402,0.057109908844766695,0.057109908844766695
topological_torsion_bit_0664,0.057098415237846464,0.057098415237846464
morgan_bit_0774,-0.057019442944286826,0.057019442944286826
topological_torsion_bit_0116,0.056929926934562704,0.056929926934562704
rdk_path_bit_1004,-0.05689845242306367,0.05689845242306367
layered_bit_0588,0.05689773787780294,0.05689773787780294
fcfp6_bit_0834,-0.05680033521960077,0.05680033521960077
topological_torsion_bit_0432,0.05667457682138673,0.05667457682138673
ecfp6_bit_0126,0.056625152005423805,0.056625152005423805
ecfp6_bit_0708,-0.05659573981398278,0.05659573981398278
fcfp6_bit_0093,-0.05654360233080835,0.05654360233080835
rdk_path_bit_0784,-0.056516087570498946,0.056516087570498946
atom_pair_bit_0505,0.05637747924724649,0.05637747924724649
layered_bit_0581,0.05621922046302637,0.05621922046302637
fcfp6_bit_0532,-0.05583266005081963,0.05583266005081963
layered_bit_0272,-0.05579571483939441,0.05579571483939441
topological_torsion_bit_0761,0.05576703007358097,0.05576703007358097
avalon_count_0019,-0.05562359779097943,0.05562359779097943
ecfp6_bit_1003,0.055508253703809955,0.055508253703809955
rdk_path_bit_0440,-0.05534708771077833,0.05534708771077833
rdk_path_bit_0022,-0.055314015468200556,0.055314015468200556
ecfp6_bit_0140,-0.054553874864301126,0.054553874864301126
ecfp6_bit_0939,0.05445603803054952,0.05445603803054952
rdk_path_bit_0114,-0.05437617186600555,0.05437617186600555
ecfp6_bit_0944,0.054243628010546746,0.054243628010546746
maplight_morgan_0112,-0.05420903829240662,0.05420903829240662
topological_torsion_bit_0545,-0.05420039689599151,0.05420039689599151
fcfp6_bit_0350,-0.05417346968237307,0.05417346968237307
fcfp6_bit_0487,0.05412011058854535,0.05412011058854535
fcfp6_bit_0541,-0.054075546168346145,0.054075546168346145
fcfp6_bit_0643,-0.053952679120309675,0.053952679120309675
atom_pair_bit_0190,-0.053599109524467635,0.053599109524467635
rdk_path_bit_0533,-0.05324373764134359,0.05324373764134359
rdk_path_bit_0757,-0.0531901601556272,0.0531901601556272
atom_pair_bit_1006,0.05308285963777841,0.05308285963777841
maplight_morgan_0696,0.053064797112477094,0.053064797112477094
topological_torsion_bit_0373,-0.052974887260798714,0.052974887260798714
morgan_bit_1022,-0.052707785272938845,0.052707785272938845
ecfp6_bit_0434,-0.052657757479012544,0.052657757479012544
erg_065,-0.052468123466880116,0.052468123466880116
fcfp6_bit_0585,0.05243635001963943,0.05243635001963943
maplight_morgan_0028,-0.0522334735283119,0.0522334735283119
atom_pair_bit_0601,0.05221073437995449,0.05221073437995449
layered_bit_0939,-0.05207948708875544,0.05207948708875544
atom_pair_bit_0593,-0.05174371858798675,0.05174371858798675
layered_bit_0373,0.051665936087115685,0.051665936087115685
rdk_path_bit_0778,-0.05161410118991985,0.05161410118991985
maplight_morgan_0630,-0.051560665906598344,0.051560665906598344
avalon_count_0199,0.051519680378298155,0.051519680378298155
fcfp6_bit_0160,-0.05143619124923596,0.05143619124923596
avalon_count_0667,-0.05136691795310246,0.05136691795310246
atom_pair_bit_0798,-0.051343210006771,0.051343210006771
atom_pair_bit_0539,0.051318787081240026,0.051318787081240026
ecfp6_bit_0077,-0.051175140292326816,0.051175140292326816
atom_pair_bit_0361,-0.051144678187831714,0.051144678187831714
fcfp6_bit_0468,-0.05110705136010116,0.05110705136010116
layered_bit_0315,-0.050787284329708346,0.050787284329708346
topological_torsion_bit_0933,0.05053664500794908,0.05053664500794908
maplight_morgan_0381,-0.050277036960633806,0.050277036960633806
atom_pair_bit_0934,0.05014720020830668,0.05014720020830668
avalon_count_0860,0.05010395849153771,0.05010395849153771
rdk_path_bit_0864,0.050002915357530126,0.050002915357530126
layered_bit_0892,-0.04968138946065923,0.04968138946065923
avalon_count_0374,-0.049595738213844665,0.049595738213844665
erg_266,0.04955867545992004,0.04955867545992004
fcfp6_bit_0531,0.04926541561504717,0.04926541561504717
fcfp6_bit_0707,-0.04926405778473516,0.04926405778473516
fcfp6_bit_0433,-0.04915643384508671,0.04915643384508671
atom_pair_bit_0205,0.0491106456231957,0.0491106456231957
atom_pair_bit_0307,-0.0490669084600478,0.0490669084600478
fcfp6_bit_0864,-0.049051340453811904,0.049051340453811904
avalon_count_0622,-0.04901806562175042,0.04901806562175042
maccs_bit_129,-0.04897129008830821,0.04897129008830821
layered_bit_1008,0.04882077267532743,0.04882077267532743
morgan_bit_0279,-0.04870641005908213,0.04870641005908213
avalon_count_0950,0.04869454610644482,0.04869454610644482
atom_pair_bit_0718,-0.04855472457062008,0.04855472457062008
atom_pair_bit_0661,-0.04854338361318638,0.04854338361318638
rdk_path_bit_0005,0.04852832319112926,0.04852832319112926
morgan_bit_0562,0.048484293180672586,0.048484293180672586
ecfp6_bit_0184,-0.04827751637141917,0.04827751637141917
morgan_bit_0197,-0.04826458723243124,0.04826458723243124
rdk_path_bit_0997,-0.04806687687516418,0.04806687687516418
rdk_path_bit_0060,-0.04793888718681115,0.04793888718681115
layered_bit_0415,-0.04792163715563463,0.04792163715563463
rdk_path_bit_0047,0.04791336549292746,0.04791336549292746
layered_bit_0166,-0.047909201956756645,0.047909201956756645
rdk_path_bit_0430,-0.04770780537949318,0.04770780537949318
maplight_morgan_0835,-0.047660187428228924,0.047660187428228924
rdk_path_bit_0838,0.04756967284764621,0.04756967284764621
fcfp6_bit_0548,-0.047537036895005345,0.047537036895005345
avalon_count_0752,0.04751526835735426,0.04751526835735426
rdk_path_bit_0624,0.04750357578189131,0.04750357578189131
morgan_bit_0703,0.04748545554800532,0.04748545554800532
fcfp6_bit_0521,0.04747644478706988,0.04747644478706988
fcfp6_bit_0356,-0.04724399027277096,0.04724399027277096
morgan_bit_0683,0.047194162736938355,0.047194162736938355
layered_bit_0671,-0.04719155603676765,0.04719155603676765
morgan_bit_0912,-0.047053076539633046,0.047053076539633046
fcfp6_bit_0218,0.047030261476554196,0.047030261476554196
rdkit_PEOE_VSA4,-0.04696544233675456,0.04696544233675456
layered_bit_0832,0.046951920936361385,0.046951920936361385
morgan_bit_0268,0.04692535959996088,0.04692535959996088
fcfp6_bit_0861,0.04648563492075433,0.04648563492075433
fcfp6_bit_0476,-0.04634215283986791,0.04634215283986791
layered_bit_0799,-0.046298560402281426,0.046298560402281426
atom_pair_bit_0062,-0.04611191741625408,0.04611191741625408
fcfp6_bit_0205,-0.0460152976573095,0.0460152976573095
morgan_bit_0472,-0.04598469170472711,0.04598469170472711
atom_pair_bit_0458,0.04595365702415042,0.04595365702415042
ecfp6_bit_0930,-0.04592147923774434,0.04592147923774434
atom_pair_bit_0096,0.045892353924662316,0.045892353924662316
fcfp6_bit_0281,0.0457985873974197,0.0457985873974197
ecfp6_bit_0553,-0.0455942113784917,0.0455942113784917
topological_torsion_bit_0778,-0.045561684054883485,0.045561684054883485
layered_bit_0592,-0.0454990911627749,0.0454990911627749
morgan_bit_0405,-0.045425414869248254,0.045425414869248254
rdk_path_bit_0351,0.045333968121522634,0.045333968121522634
morgan_bit_0497,0.04528199099701552,0.04528199099701552
layered_bit_0679,-0.045199469744563035,0.045199469744563035
maplight_morgan_0041,0.04515946473307261,0.04515946473307261
ecfp6_bit_0681,-0.04498947459995117,0.04498947459995117
layered_bit_0397,-0.04492037465790438,0.04492037465790438
erg_032,0.04479998697665644,0.04479998697665644
topological_torsion_bit_0616,0.044787276228118386,0.044787276228118386
rdk_path_bit_0505,0.044630806161473385,0.044630806161473385
ecfp6_bit_0734,0.04449851092828034,0.04449851092828034
fcfp6_bit_0755,0.04443900105146325,0.04443900105146325
fcfp6_bit_0558,-0.04442521285313284,0.04442521285313284
fcfp6_bit_0211,-0.0443904317354275,0.0443904317354275
atom_pair_bit_0890,0.04436679307209644,0.04436679307209644
layered_bit_0014,-0.044363512014216955,0.044363512014216955
atom_pair_bit_0584,0.04377089980664503,0.04377089980664503
atom_pair_bit_0418,0.04361697176819684,0.04361697176819684
morgan_bit_0925,-0.043489467652327155,0.043489467652327155
fcfp6_bit_0467,0.04348492478991167,0.04348492478991167
rdk_path_bit_0403,0.04336352577848362,0.04336352577848362
atom_pair_bit_0644,-0.04335222148023819,0.04335222148023819
layered_bit_0018,0.043190414595359175,0.043190414595359175
rdk_path_bit_0868,0.043111821505175646,0.043111821505175646
fcfp6_bit_0924,0.04297921380781046,0.04297921380781046
topological_torsion_bit_0360,-0.0429453160001079,0.0429453160001079
morgan_bit_0062,-0.042855449463662584,0.042855449463662584
atom_pair_bit_0102,0.0427548788713328,0.0427548788713328
morgan_bit_0505,0.04271509477517466,0.04271509477517466
topological_torsion_bit_0581,0.042688502218335325,0.042688502218335325
ecfp6_bit_0442,0.04265724138382227,0.04265724138382227
rdk_path_bit_0134,-0.04262474874840821,0.04262474874840821
maplight_morgan_0953,0.04259873358457832,0.04259873358457832
avalon_count_0165,0.04249446526124761,0.04249446526124761
fcfp6_bit_0296,0.042403910334386445,0.042403910334386445
maccs_bit_041,-0.0422516478682758,0.0422516478682758
ecfp6_bit_0453,0.042208029174950534,0.042208029174950534
layered_bit_0542,-0.04211663909318181,0.04211663909318181
atom_pair_bit_0388,-0.042085917826042527,0.042085917826042527
rdk_path_bit_1010,0.04206769344785281,0.04206769344785281
avalon_count_0961,0.041952242129644615,0.041952242129644615
topological_torsion_bit_0005,-0.04192132746134235,0.04192132746134235
morgan_bit_0063,-0.04163475741127913,0.04163475741127913
rdk_path_bit_0449,0.041469686607647646,0.041469686607647646
morgan_bit_0900,-0.041266898575512106,0.041266898575512106
ecfp6_bit_0371,-0.04118306185672606,0.04118306185672606
maplight_morgan_0758,-0.040979379284562134,0.040979379284562134
atom_pair_bit_0641,-0.04082168326019871,0.04082168326019871
atom_pair_bit_0324,0.040774430244424904,0.040774430244424904
maplight_morgan_0550,-0.04072625063016793,0.04072625063016793
layered_bit_0706,-0.040714061714398606,0.040714061714398606
rdkit_fr_piperdine,-0.04069498865663627,0.04069498865663627
atom_pair_bit_0662,0.04063805417623568,0.04063805417623568
avalon_count_0187,-0.040515299053361195,0.040515299053361195
rdk_path_bit_0758,-0.04051487711552577,0.04051487711552577
layered_bit_0803,-0.04022706969868889,0.04022706969868889
rdk_path_bit_0984,-0.04017442682428027,0.04017442682428027
avalon_count_0587,0.040056139647345924,0.040056139647345924
ecfp6_bit_0227,-0.04003399615837411,0.04003399615837411
topological_torsion_bit_0050,0.040016214902965086,0.040016214902965086
maplight_morgan_0514,0.03999210013199394,0.03999210013199394
ecfp6_bit_0991,0.039951345861126454,0.039951345861126454
morgan_bit_0663,0.03976881980224468,0.03976881980224468
fcfp6_bit_0422,0.03964028951296533,0.03964028951296533
fcfp6_bit_1021,-0.03955084583315548,0.03955084583315548
atom_pair_bit_0002,0.039501764345066984,0.039501764345066984
rdk_path_bit_0971,0.039462201592575574,0.039462201592575574
morgan_bit_0031,-0.03928022108222396,0.03928022108222396
fcfp6_bit_0154,-0.039225435718515965,0.039225435718515965
ecfp6_bit_0387,0.03918752680995027,0.03918752680995027
atom_pair_bit_0411,0.03905089266442977,0.03905089266442977
rdk_path_bit_0337,0.03886631564415797,0.03886631564415797
erg_228,0.038732063188806995,0.038732063188806995
maplight_morgan_0380,-0.03872973316364651,0.03872973316364651
erg_227,0.03871629019449514,0.03871629019449514
maplight_morgan_0645,0.03866720963149532,0.03866720963149532
fcfp6_bit_0155,0.0386581285398175,0.0386581285398175
morgan_bit_0219,-0.03864765503075046,0.03864765503075046
layered_bit_0898,-0.038521261091060265,0.038521261091060265
atom_pair_bit_0130,0.038519894267435545,0.038519894267435545
rdk_path_bit_0232,-0.03846609596046602,0.03846609596046602
topological_torsion_bit_0812,0.038390229125553156,0.038390229125553156
ecfp6_bit_0023,-0.038213095859757906,0.038213095859757906
ecfp6_bit_0573,-0.038042760138000634,0.038042760138000634
rdk_path_bit_0681,-0.03803961553067266,0.03803961553067266
maccs_bit_014,0.03803190663493692,0.03803190663493692
rdk_path_bit_0793,0.03797076283414924,0.03797076283414924
ecfp6_bit_0308,-0.03795155227012115,0.03795155227012115
maccs_bit_046,0.03794368160475783,0.03794368160475783
rdk_path_bit_0712,0.03793052254886698,0.03793052254886698
atom_pair_bit_0603,0.03781485587785191,0.03781485587785191
morgan_bit_0957,-0.037791770154961754,0.037791770154961754
fcfp6_bit_0942,0.03775836507649317,0.03775836507649317
maplight_morgan_0186,-0.03772527358656866,0.03772527358656866
maplight_morgan_0118,-0.03760091972274785,0.03760091972274785
rdk_path_bit_0379,-0.03749435955589152,0.03749435955589152
atom_pair_bit_0590,0.03738512570334964,0.03738512570334964
ecfp6_bit_0845,-0.037238937684346045,0.037238937684346045
fcfp6_bit_0998,-0.03719781854925964,0.03719781854925964
atom_pair_bit_0103,-0.03719717101139831,0.03719717101139831
fcfp6_bit_0157,-0.03719210868035648,0.03719210868035648
avalon_count_0350,0.03710254137747451,0.03710254137747451
topological_torsion_bit_0697,-0.036997403478233507,0.036997403478233507
ecfp6_bit_0021,0.036888692666605334,0.036888692666605334
topological_torsion_bit_0132,0.03687759323891867,0.03687759323891867
atom_pair_bit_0653,-0.03669199458825615,0.03669199458825615
layered_bit_0148,0.03665339332686959,0.03665339332686959
morgan_bit_0917,-0.03660273052907952,0.03660273052907952
morgan_bit_0346,-0.03652801175499338,0.03652801175499338
atom_pair_bit_0635,0.03649144161729311,0.03649144161729311
ecfp6_bit_0643,-0.03646901615522306,0.03646901615522306
atom_pair_bit_0625,0.03644862542723282,0.03644862542723282
atom_pair_bit_0686,-0.0364182055644373,0.0364182055644373
maplight_morgan_0689,-0.03641602219498838,0.03641602219498838
fcfp6_bit_0488,0.036366091838298656,0.036366091838298656
ecfp6_bit_0430,-0.036212946005315425,0.036212946005315425
rdk_path_bit_0628,-0.036130902250353654,0.036130902250353654
atom_pair_bit_0126,0.03598595263628294,0.03598595263628294
avalon_count_0818,0.03596155550661006,0.03596155550661006
topological_torsion_bit_0384,-0.03592593320714237,0.03592593320714237
morgan_bit_0381,-0.03573098402783336,0.03573098402783336
morgan_bit_0696,0.03569710311615901,0.03569710311615901
avalon_count_0764,-0.03563691566879778,0.03563691566879778
layered_bit_0536,-0.03556828479502767,0.03556828479502767
avalon_count_0848,0.035450992762326446,0.035450992762326446
fcfp6_bit_0314,-0.035356682820201116,0.035356682820201116
rdk_path_bit_0198,-0.03534823133540169,0.03534823133540169
maplight_morgan_0767,-0.03516083174344323,0.03516083174344323
morgan_bit_0337,0.035152834496314456,0.035152834496314456
atom_pair_bit_0596,-0.03513643416578508,0.03513643416578508
ecfp6_bit_0103,-0.03504090437139154,0.03504090437139154
avalon_count_0278,-0.0349735393209134,0.0349735393209134
rdk_path_bit_0883,0.03492927689895887,0.03492927689895887
ecfp6_bit_0244,0.034887224472166786,0.034887224472166786
ecfp6_bit_0101,-0.034882726405911314,0.034882726405911314
morgan_bit_0853,0.034788879264936554,0.034788879264936554
atom_pair_bit_0447,-0.03475734320704294,0.03475734320704294
rdk_path_bit_0830,-0.03461697772608399,0.03461697772608399
maccs_bit_034,0.034530369194296445,0.034530369194296445
topological_torsion_bit_0541,-0.03436070694408681,0.03436070694408681
layered_bit_0248,0.03429817003935981,0.03429817003935981
fcfp6_bit_0275,-0.03414115772674267,0.03414115772674267
layered_bit_0001,0.03401831921558772,0.03401831921558772
morgan_bit_0449,0.033873363067774775,0.033873363067774775
layered_bit_0059,-0.03379638201747311,0.03379638201747311
layered_bit_0642,-0.033555419429805555,0.033555419429805555
topological_torsion_bit_0397,0.03355395816904126,0.03355395816904126
atom_pair_bit_0141,-0.0333189269550713,0.0333189269550713
morgan_bit_1020,-0.03328146258435976,0.03328146258435976
ecfp6_bit_0003,-0.03325113190445833,0.03325113190445833
topological_torsion_bit_0636,-0.0332424871896888,0.0332424871896888
morgan_bit_0526,0.033006717282438904,0.033006717282438904
morgan_bit_0278,0.03299632867114696,0.03299632867114696
morgan_bit_0766,0.032911768477173954,0.032911768477173954
layered_bit_0591,0.032901240028125285,0.032901240028125285
fcfp6_bit_0144,0.03288519641551742,0.03288519641551742
topological_torsion_bit_0200,0.03277337079425916,0.03277337079425916
rdk_path_bit_1007,-0.03276906004976156,0.03276906004976156
avalon_count_0428,-0.03267960207605596,0.03267960207605596
maplight_morgan_0643,0.03267022522824992,0.03267022522824992
morgan_bit_0889,-0.032638601560830774,0.032638601560830774
layered_bit_0454,0.032512628345134305,0.032512628345134305
rdk_path_bit_0137,0.0324466210100252,0.0324466210100252
ecfp6_bit_0741,0.03225937453700782,0.03225937453700782
layered_bit_0689,-0.03188310653702816,0.03188310653702816
atom_pair_bit_0751,0.031740535673071155,0.031740535673071155
ecfp6_bit_0405,-0.03167330019634149,0.03167330019634149
ecfp6_bit_0803,-0.031667558347326014,0.031667558347326014
layered_bit_0438,0.03156763771810059,0.03156763771810059
topological_torsion_bit_0276,0.031399002477347664,0.031399002477347664
rdk_path_bit_0755,-0.031350703773596854,0.031350703773596854
rdk_path_bit_0917,0.03127839097526183,0.03127839097526183
avalon_count_0166,-0.031220534848304157,0.031220534848304157
fcfp6_bit_0777,-0.031177248394100292,0.031177248394100292
atom_pair_bit_0877,0.0310266815943517,0.0310266815943517
rdk_path_bit_0591,-0.030942311897395557,0.030942311897395557
layered_bit_0170,0.030896355028539355,0.030896355028539355
ecfp6_bit_0144,-0.030838119021597072,0.030838119021597072
fcfp6_bit_0033,0.030715558811165573,0.030715558811165573
ecfp6_bit_0408,-0.03058101035988059,0.03058101035988059
rdk_path_bit_0274,-0.03048893278005381,0.03048893278005381
maplight_morgan_0394,0.03040890785024755,0.03040890785024755
topological_torsion_bit_0589,0.030327106292150206,0.030327106292150206
rdk_path_bit_0952,0.030316072835531865,0.030316072835531865
maplight_morgan_0900,-0.030273703022992135,0.030273703022992135
avalon_count_0903,-0.030122729613686745,0.030122729613686745
fcfp6_bit_0535,-0.030108564898481634,0.030108564898481634
fcfp6_bit_0951,0.029906824634358623,0.029906824634358623
avalon_count_0178,-0.029788303473309456,0.029788303473309456
rdk_path_bit_0666,-0.02978579920829827,0.02978579920829827
avalon_count_0795,-0.02969513141686252,0.02969513141686252
layered_bit_0337,0.029685910887488592,0.029685910887488592
fcfp6_bit_1017,0.029665854876149273,0.029665854876149273
rdk_path_bit_0477,0.02954652273145888,0.02954652273145888
rdk_path_bit_0170,-0.029345426514709713,0.029345426514709713
maccs_bit_079,-0.029285194651528144,0.029285194651528144
avalon_count_0931,0.02924837972227618,0.02924837972227618
layered_bit_0735,-0.02920767663826024,0.02920767663826024
atom_pair_bit_0029,-0.029174058507531193,0.029174058507531193
topological_torsion_bit_0861,0.029052832976598778,0.029052832976598778
morgan_bit_0087,-0.02890113684708949,0.02890113684708949
topological_torsion_bit_0820,-0.028841676072303864,0.028841676072303864
maplight_morgan_0978,0.02884113213222694,0.02884113213222694
rdk_path_bit_0073,0.028813118638159902,0.028813118638159902
ecfp6_bit_0235,0.028597166615381007,0.028597166615381007
fcfp6_bit_0713,-0.02857246704352805,0.02857246704352805
topological_torsion_bit_0956,0.028567293831669872,0.028567293831669872
morgan_bit_0231,0.02846635710805104,0.02846635710805104
ecfp6_bit_0862,0.02846620016664009,0.02846620016664009
morgan_bit_0025,-0.028415330260139402,0.028415330260139402
erg_201,-0.02836807284103605,0.02836807284103605
fcfp6_bit_0289,0.028362161432345333,0.028362161432345333
fcfp6_bit_0132,-0.028225121290893506,0.028225121290893506
morgan_bit_1005,0.028189087042942814,0.028189087042942814
ecfp6_bit_0459,0.028180052441025602,0.028180052441025602
fcfp6_bit_0661,-0.02809911356798423,0.02809911356798423
maplight_morgan_0328,0.028083523366863355,0.028083523366863355
morgan_bit_0787,-0.02805712347182634,0.02805712347182634
atom_pair_bit_0304,0.02800343488383832,0.02800343488383832
rdk_path_bit_0826,-0.027996775758889484,0.027996775758889484
layered_bit_0948,-0.027824444059276907,0.027824444059276907
maplight_morgan_0074,-0.02776521558530875,0.02776521558530875
rdk_path_bit_0501,0.027721574420828392,0.027721574420828392
morgan_bit_0386,-0.027681633975766267,0.027681633975766267
rdk_path_bit_0813,-0.02757907345440044,0.02757907345440044
atom_pair_bit_0267,0.02753180793023649,0.02753180793023649
fcfp6_bit_0984,-0.02746958392364773,0.02746958392364773
fcfp6_bit_0631,0.027268267430466328,0.027268267430466328
layered_bit_0934,0.027166233307104208,0.027166233307104208
fcfp6_bit_0827,0.027103288993687663,0.027103288993687663
atom_pair_bit_0076,0.02708804228860634,0.02708804228860634
ecfp6_bit_0867,0.026966473854080505,0.026966473854080505
avalon_count_0347,0.026679832835018923,0.026679832835018923
layered_bit_0744,-0.026667084502547646,0.026667084502547646
atom_pair_bit_0578,0.026595306100418204,0.026595306100418204
topological_torsion_bit_0877,0.02659308105400715,0.02659308105400715
fcfp6_bit_0375,0.026523999651890263,0.026523999651890263
ecfp6_bit_0180,0.026522071167263246,0.026522071167263246
avalon_count_0586,-0.02646233121973278,0.02646233121973278
ecfp6_bit_0095,0.02627848434227128,0.02627848434227128
ecfp6_bit_0182,0.026239982391497173,0.026239982391497173
fcfp6_bit_0689,-0.02623013051303241,0.02623013051303241
layered_bit_0928,-0.026155611983772014,0.026155611983772014
fcfp6_bit_0604,-0.026072272490042597,0.026072272490042597
ecfp6_bit_1004,0.026041658260658015,0.026041658260658015
layered_bit_0190,-0.02603824616731544,0.02603824616731544
fcfp6_bit_0408,-0.025983246202190738,0.025983246202190738
morgan_bit_0112,-0.02597974887251235,0.02597974887251235
layered_bit_0176,0.025979252426323794,0.025979252426323794
rdk_path_bit_0598,0.025901164774526697,0.025901164774526697
topological_torsion_bit_0233,-0.02586818299589139,0.02586818299589139
maplight_morgan_1007,0.025821166730998168,0.025821166730998168
layered_bit_0749,0.025771734289638637,0.025771734289638637
fcfp6_bit_0195,-0.025746864030437945,0.025746864030437945
atom_pair_bit_0059,0.025614283242832735,0.025614283242832735
morgan_bit_0475,-0.025575675403745137,0.025575675403745137
atom_pair_bit_0089,-0.0255337379823189,0.0255337379823189
morgan_bit_0635,0.025442048373406755,0.025442048373406755
layered_bit_0940,-0.025400414724461806,0.025400414724461806
morgan_bit_0844,0.025253297769406245,0.025253297769406245
topological_torsion_bit_0940,-0.02521276495873312,0.02521276495873312
layered_bit_0007,-0.02516158899286513,0.02516158899286513
topological_torsion_bit_0464,-0.025151064246809934,0.025151064246809934
morgan_bit_0571,0.025135780871041097,0.025135780871041097
rdkit_EState_VSA7,0.025134723531504956,0.025134723531504956
maplight_morgan_0325,-0.025122838952996586,0.025122838952996586
erg_109,-0.025045131529688427,0.025045131529688427
rdk_path_bit_0643,0.02503387808417495,0.02503387808417495
atom_pair_bit_0020,-0.0250250107812579,0.0250250107812579
layered_bit_0085,-0.024987939262861712,0.024987939262861712
ecfp6_bit_0151,0.02488706744653043,0.02488706744653043
fcfp6_bit_0060,0.02482811565233828,0.02482811565233828
morgan_bit_0323,0.024813804291644818,0.024813804291644818
fcfp6_bit_0963,0.02469638614153038,0.02469638614153038
avalon_count_0148,-0.02467791106507712,0.02467791106507712
atom_pair_bit_0696,0.024660527210808685,0.024660527210808685
rdk_path_bit_0460,0.024521102937770024,0.024521102937770024
avalon_count_0204,0.024438429191483247,0.024438429191483247
fcfp6_bit_0381,-0.024369283233515983,0.024369283233515983
topological_torsion_bit_0590,0.02433468570445276,0.02433468570445276
avalon_count_0368,0.024144621535342324,0.024144621535342324
ecfp6_bit_0882,0.024004780367428865,0.024004780367428865
maplight_morgan_0302,-0.023778794512774936,0.023778794512774936
ecfp6_bit_0798,-0.023771122714308618,0.023771122714308618
ecfp6_bit_0324,0.023503864881289967,0.023503864881289967
layered_bit_0114,0.023437447823719145,0.023437447823719145
ecfp6_bit_0914,-0.02333204122041831,0.02333204122041831
rdk_path_bit_0558,-0.023326576831668954,0.023326576831668954
topological_torsion_bit_0776,-0.023210520906801955,0.023210520906801955
layered_bit_0472,0.023182810587297056,0.023182810587297056
morgan_bit_0058,-0.023049565987868698,0.023049565987868698
rdkit_fr_para_hydroxylation,-0.02302371492913097,0.02302371492913097
fcfp6_bit_0907,0.022721367175292394,0.022721367175292394
topological_torsion_bit_0048,-0.02269180340395675,0.02269180340395675
morgan_bit_0059,0.02257153672262146,0.02257153672262146
fcfp6_bit_0705,-0.02254601789079075,0.02254601789079075
fcfp6_bit_0863,-0.022418385403912656,0.022418385403912656
topological_torsion_bit_0736,-0.022418110344578336,0.022418110344578336
topological_torsion_bit_0500,-0.02239566769454377,0.02239566769454377
fcfp6_bit_0483,-0.02236597535728567,0.02236597535728567
morgan_bit_0003,-0.022359974708137095,0.022359974708137095
ecfp6_bit_0688,0.02230431822780017,0.02230431822780017
ecfp6_bit_0666,-0.02226471789342183,0.02226471789342183
morgan_bit_0517,0.022247022490747,0.022247022490747
ecfp6_bit_0615,0.022237261781728593,0.022237261781728593
rdk_path_bit_0366,0.022206513038259882,0.022206513038259882
topological_torsion_bit_0501,-0.022072734455684983,0.022072734455684983
ecfp6_bit_0183,0.021972031032359805,0.021972031032359805
rdk_path_bit_0241,-0.021794012343701503,0.021794012343701503
rdk_path_bit_0576,0.021724956665531488,0.021724956665531488
fcfp6_bit_0839,-0.021684554798583517,0.021684554798583517
fcfp6_bit_0432,0.02166600002456577,0.02166600002456577
atom_pair_bit_0623,0.021657915390634143,0.021657915390634143
rdk_path_bit_0605,-0.021620841703208833,0.021620841703208833
maplight_morgan_0373,0.02152895888017688,0.02152895888017688
ecfp6_bit_0511,-0.021448773642887994,0.021448773642887994
avalon_count_1008,0.02144229307769503,0.02144229307769503
rdk_path_bit_0202,-0.021359646185945245,0.021359646185945245
rdk_path_bit_0484,-0.021322280722888217,0.021322280722888217
fcfp6_bit_0584,0.02130369572247247,0.02130369572247247
atom_pair_bit_0855,-0.021044797966525943,0.021044797966525943
topological_torsion_bit_0503,0.02103434194280526,0.02103434194280526
morgan_bit_0316,0.02095729128006077,0.02095729128006077
maplight_morgan_0917,-0.020773646566271016,0.020773646566271016
maplight_morgan_0503,0.020766685865588153,0.020766685865588153
layered_bit_0320,0.020739337211182565,0.020739337211182565
topological_torsion_bit_0452,0.02069002898595154,0.02069002898595154
fcfp6_bit_0673,0.020519695834533756,0.020519695834533756
erg_186,-0.02033429386850451,0.02033429386850451
maplight_morgan_0059,0.02017108845585532,0.02017108845585532
morgan_bit_0655,-0.02011535973034221,0.02011535973034221
avalon_count_0678,-0.02001890227187886,0.02001890227187886
ecfp6_bit_0984,0.020007366471446332,0.020007366471446332
erg_084,0.019932204725961456,0.019932204725961456
atom_pair_bit_0330,-0.01982523516445373,0.01982523516445373
topological_torsion_bit_0869,-0.019808919072372335,0.019808919072372335
layered_bit_0476,-0.019598184010074227,0.019598184010074227
erg_106,0.01919859371417292,0.01919859371417292
ecfp6_bit_0709,0.01909383083989882,0.01909383083989882
rdk_path_bit_0030,-0.01909315394013062,0.01909315394013062
topological_torsion_bit_0558,-0.019013052416209916,0.019013052416209916
fcfp6_bit_0869,-0.018887276901417883,0.018887276901417883
layered_bit_0834,-0.018867717343560374,0.018867717343560374
maplight_morgan_0912,-0.01881152636666442,0.01881152636666442
fcfp6_bit_0717,0.018750890729262316,0.018750890729262316
atom_pair_bit_0327,0.018641147548391256,0.018641147548391256
maplight_morgan_0214,-0.018365275910593937,0.018365275910593937
rdk_path_bit_0094,-0.01832778175633037,0.01832778175633037
ecfp6_bit_1011,0.01827702727495396,0.01827702727495396
rdk_path_bit_0014,0.01821342280438124,0.01821342280438124
fcfp6_bit_0659,-0.01813370823552057,0.01813370823552057
rdk_path_bit_0187,-0.01812736375756329,0.01812736375756329
morgan_bit_0060,0.018010644067532208,0.018010644067532208
ecfp6_bit_0592,-0.01798169656883959,0.01798169656883959
topological_torsion_bit_0146,0.017894053091792823,0.017894053091792823
morgan_bit_0064,-0.017871417691755126,0.017871417691755126
atom_pair_bit_0420,-0.01785182534236587,0.01785182534236587
fcfp6_bit_0456,-0.017728110913605353,0.017728110913605353
maplight_morgan_0096,-0.01729710839947231,0.01729710839947231
layered_bit_0264,-0.01726545619508316,0.01726545619508316
ecfp6_bit_0346,-0.017249252082502615,0.017249252082502615
ecfp6_bit_0018,-0.017103217584421945,0.017103217584421945
morgan_bit_0150,0.016845128804199593,0.016845128804199593
fcfp6_bit_0767,-0.016722157029971586,0.016722157029971586
layered_bit_0995,0.016702902161399465,0.016702902161399465
avalon_count_0973,-0.01667519066594575,0.01667519066594575
maplight_morgan_0360,-0.016653836603213516,0.016653836603213516
fcfp6_bit_0414,-0.016595659379778735,0.016595659379778735
ecfp6_bit_1022,-0.01653219805333388,0.01653219805333388
fcfp6_bit_1023,-0.01643778403676291,0.01643778403676291
fcfp6_bit_0199,-0.016384928659069205,0.016384928659069205
ecfp6_bit_0601,0.01630463576777394,0.01630463576777394
rdk_path_bit_0146,-0.016265434247912863,0.016265434247912863
topological_torsion_bit_0925,-0.016170026796785718,0.016170026796785718
topological_torsion_bit_0582,0.0158863038295883,0.0158863038295883
fcfp6_bit_0952,0.015779380316590496,0.015779380316590496
ecfp6_bit_0557,-0.015756772960436972,0.015756772960436972
maplight_morgan_0638,-0.015584790197694626,0.015584790197694626
ecfp6_bit_0422,-0.015518406010153281,0.015518406010153281
rdk_path_bit_0861,-0.015466194982433056,0.015466194982433056
rdk_path_bit_0352,-0.015308875649493809,0.015308875649493809
ecfp6_bit_0355,-0.015240278688394704,0.015240278688394704
atom_pair_bit_0977,-0.01523853690854557,0.01523853690854557
morgan_bit_0379,-0.01513706247332086,0.01513706247332086
rdk_path_bit_0000,0.01504671346526861,0.01504671346526861
ecfp6_bit_0257,0.015017605755563773,0.015017605755563773
layered_bit_0173,0.014620721074221221,0.014620721074221221
topological_torsion_bit_0261,0.014617298332336569,0.014617298332336569
ecfp6_bit_0813,0.014589274554305458,0.014589274554305458
layered_bit_0776,-0.014445254953034751,0.014445254953034751
morgan_bit_0371,-0.014401823200820058,0.014401823200820058
rdkit_fr_hdrzine,0.014311627602148125,0.014311627602148125
fcfp6_bit_0189,0.014223220693502093,0.014223220693502093
morgan_bit_0217,-0.014172223528615713,0.014172223528615713
ecfp6_bit_0245,0.01403101377299458,0.01403101377299458
rdk_path_bit_0009,-0.014028882625437285,0.014028882625437285
morgan_bit_0369,-0.013888893782589567,0.013888893782589567
morgan_bit_0016,0.013753025673097939,0.013753025673097939
atom_pair_bit_0424,-0.013673545828617824,0.013673545828617824
maplight_morgan_0009,0.013626702487638552,0.013626702487638552
erg_176,-0.013457368970878953,0.013457368970878953
morgan_bit_0345,-0.013145764625620742,0.013145764625620742
fcfp6_bit_0442,0.013102814940455421,0.013102814940455421
topological_torsion_bit_0368,-0.013056014200427546,0.013056014200427546
ecfp6_bit_0515,0.01303947010262844,0.01303947010262844
topological_torsion_bit_0864,0.012989353995946976,0.012989353995946976
maplight_morgan_0205,-0.012943935771090829,0.012943935771090829
ecfp6_bit_0290,-0.012840062566038552,0.012840062566038552
rdk_path_bit_0721,0.012714768358901113,0.012714768358901113
ecfp6_bit_0971,-0.012690047229635003,0.012690047229635003
morgan_bit_0258,-0.012603001021956255,0.012603001021956255
ecfp6_bit_0107,0.012510819310539682,0.012510819310539682
morgan_bit_0832,-0.01232848998365907,0.01232848998365907
maplight_morgan_0218,0.012257867423379186,0.012257867423379186
erg_063,-0.012246768693068219,0.012246768693068219
avalon_count_0487,0.012212364799657979,0.012212364799657979
ecfp6_bit_0590,-0.011947585443958617,0.011947585443958617
avalon_count_0366,0.01186903208489807,0.01186903208489807
rdk_path_bit_0759,0.01181411327876719,0.01181411327876719
fcfp6_bit_0474,-0.01169259631501468,0.01169259631501468
rdk_path_bit_0168,0.011691011042371626,0.011691011042371626
ecfp6_bit_0850,-0.011510588769594926,0.011510588769594926
rdk_path_bit_0370,0.011473512574921903,0.011473512574921903
rdk_path_bit_0840,-0.011469295284927069,0.011469295284927069
fcfp6_bit_0261,0.011342841236845225,0.011342841236845225
fcfp6_bit_0386,-0.0111870347000295,0.0111870347000295
maplight_morgan_0764,0.01091904758369683,0.01091904758369683
layered_bit_0343,-0.010777768475535819,0.010777768475535819
ecfp6_bit_0751,-0.010649792810882687,0.010649792810882687
morgan_bit_0349,-0.01051559678787352,0.01051559678787352
layered_bit_0423,0.01051277980330109,0.01051277980330109
rdk_path_bit_0823,-0.010424521864058475,0.010424521864058475
ecfp6_bit_0333,0.01042096627678129,0.01042096627678129
layered_bit_0064,-0.010353902703859993,0.010353902703859993
topological_torsion_bit_0417,0.010332425507532874,0.010332425507532874
fcfp6_bit_0650,0.01021972050629478,0.01021972050629478
layered_bit_0335,-0.01006739480194377,0.01006739480194377
atom_pair_bit_0208,0.009926526322076752,0.009926526322076752
morgan_bit_0605,0.009898399316118977,0.009898399316118977
rdk_path_bit_0463,-0.009684813138409125,0.009684813138409125
layered_bit_0870,0.009656922197013007,0.009656922197013007
ecfp6_bit_0186,-0.00959736260676611,0.00959736260676611
fcfp6_bit_0230,0.0095655569577634,0.0095655569577634
morgan_bit_0887,-0.009295798169749563,0.009295798169749563
ecfp6_bit_0841,-0.009291133658205374,0.009291133658205374
topological_torsion_bit_0313,0.009281790584370047,0.009281790584370047
erg_243,-0.009232144067329676,0.009232144067329676
maplight_morgan_0561,-0.009132731016482796,0.009132731016482796
morgan_bit_0717,-0.009064901766553847,0.009064901766553847
morgan_bit_0220,-0.008927372206731964,0.008927372206731964
rdk_path_bit_0122,0.008905134409556257,0.008905134409556257
morgan_bit_0935,-0.008834391001254032,0.008834391001254032
topological_torsion_bit_0361,-0.008739342359467236,0.008739342359467236
atom_pair_bit_0050,-0.008706833407925656,0.008706833407925656
atom_pair_bit_0758,0.008654484923577711,0.008654484923577711
morgan_bit_0953,0.008546723005428136,0.008546723005428136
fcfp6_bit_0303,0.008519672095715424,0.008519672095715424
ecfp6_bit_0810,0.008486040335196919,0.008486040335196919
maplight_morgan_0305,-0.008404608550382322,0.008404608550382322
maplight_morgan_0585,-0.008399762483991503,0.008399762483991503
layered_bit_0301,-0.00820012305239491,0.00820012305239491
rdk_path_bit_0700,0.00819739169578033,0.00819739169578033
maplight_morgan_0384,0.008177816120558658,0.008177816120558658
morgan_bit_0786,0.008155061202322447,0.008155061202322447
layered_bit_0073,0.007999918734811142,0.007999918734811142
topological_torsion_bit_0624,-0.007992805572364032,0.007992805572364032
ecfp6_bit_0043,0.007951580068414392,0.007951580068414392
rdk_path_bit_0148,0.00793439732627873,0.00793439732627873
morgan_bit_0550,-0.007878821361449498,0.007878821361449498
layered_bit_0684,-0.007851357536883255,0.007851357536883255
layered_bit_0407,0.007750896126696802,0.007750896126696802
morgan_bit_0235,0.007747510593064212,0.007747510593064212
ecfp6_bit_0225,0.007687728607359341,0.007687728607359341
atom_pair_bit_0883,-0.007522958571133999,0.007522958571133999
avalon_count_0834,0.007435672496322403,0.007435672496322403
layered_bit_0718,-0.007392039278941236,0.007392039278941236
topological_torsion_bit_0285,-0.007327096884373571,0.007327096884373571
avalon_count_0561,-0.007249283213022367,0.007249283213022367
maplight_morgan_0189,0.0071360929610393324,0.0071360929610393324
ecfp6_bit_0360,-0.007135208069262041,0.007135208069262041
ecfp6_bit_0713,-0.0070489058350373095,0.0070489058350373095
atom_pair_bit_0670,0.006976954268578626,0.006976954268578626
topological_torsion_bit_0477,-0.006961156032304477,0.006961156032304477
avalon_count_0239,0.006953955863116774,0.006953955863116774
maplight_morgan_0389,0.0068062932279830115,0.0068062932279830115
fcfp6_bit_0741,-0.00680093067093088,0.00680093067093088
atom_pair_bit_0542,-0.006797746668229025,0.006797746668229025
ecfp6_bit_0550,-0.006767898820272333,0.006767898820272333
layered_bit_0888,0.006710823932385874,0.006710823932385874
layered_bit_0842,0.00666519220205423,0.00666519220205423
fcfp6_bit_0046,0.006503401538600187,0.006503401538600187
maplight_morgan_0225,0.006162759983801228,0.006162759983801228
ecfp6_bit_0972,0.0061523746202526005,0.0061523746202526005
rdk_path_bit_0695,0.006138678207723239,0.006138678207723239
fcfp6_bit_0620,0.006102620926215028,0.006102620926215028
atom_pair_bit_0320,0.005969336803127992,0.005969336803127992
ecfp6_bit_0916,0.00579243091832841,0.00579243091832841
rdk_path_bit_0084,0.005777371623236915,0.005777371623236915
ecfp6_bit_0817,0.005745526149659396,0.005745526149659396
morgan_bit_0355,0.005703932009626675,0.005703932009626675
fcfp6_bit_0455,-0.005527824923863222,0.005527824923863222
layered_bit_0976,0.005420870515085716,0.005420870515085716
layered_bit_0633,-0.005412138138607128,0.005412138138607128
maplight_morgan_0621,0.00510659554713769,0.00510659554713769
morgan_bit_0710,0.004632505675088975,0.004632505675088975
rdk_path_bit_0284,0.0045553162489802125,0.0045553162489802125
ecfp6_bit_0072,-0.004538887494357958,0.004538887494357958
fcfp6_bit_0985,-0.00453844470137685,0.00453844470137685
ecfp6_bit_0569,0.00443590574373113,0.00443590574373113
erg_048,0.00439814052398018,0.00439814052398018
ecfp6_bit_0109,-0.004265682274216569,0.004265682274216569
ecfp6_bit_0774,-0.004263781879086148,0.004263781879086148
topological_torsion_bit_0431,-0.004151941177593718,0.004151941177593718
ecfp6_bit_0361,0.004141114917326546,0.004141114917326546
avalon_count_0744,-0.003974520514768979,0.003974520514768979
layered_bit_0968,0.0039331207528410005,0.0039331207528410005
morgan_bit_0486,0.003760456746067534,0.003760456746067534
rdk_path_bit_0677,-0.003642075505698431,0.003642075505698431
atom_pair_bit_0179,-0.0036225234786693527,0.0036225234786693527
fcfp6_bit_1000,-0.003548428421044487,0.003548428421044487
atom_pair_bit_0064,-0.003528324670986923,0.003528324670986923
layered_bit_0389,0.0034558890596809,0.0034558890596809
rdk_path_bit_1000,-0.0032643464982395,0.0032643464982395
rdk_path_bit_0844,-0.0032507773811950246,0.0032507773811950246
avalon_count_0598,0.003226806262475625,0.003226806262475625
atom_pair_bit_0931,-0.003148620379135963,0.003148620379135963
fcfp6_bit_0622,0.003072652024512753,0.003072652024512753
layered_bit_0837,-0.0030598647018716283,0.0030598647018716283
morgan_bit_0934,-0.002984909809520707,0.002984909809520707
layered_bit_0210,-0.002949186442827765,0.002949186442827765
rdk_path_bit_0781,-0.0029491588729495225,0.0029491588729495225
maplight_morgan_0316,0.0027412440611100626,0.0027412440611100626
morgan_bit_0229,-0.002719287677384815,0.002719287677384815
layered_bit_0304,-0.00254231954716531,0.00254231954716531
fcfp6_bit_0556,0.002433931119634643,0.002433931119634643
atom_pair_bit_0329,0.002380179681682932,0.002380179681682932
rdk_path_bit_0590,0.0023407450878032894,0.0023407450878032894
fcfp6_bit_0877,0.002327873823364977,0.002327873823364977
morgan_bit_0661,0.0023155850427164114,0.0023155850427164114
layered_bit_0127,-0.0022937477397494336,0.0022937477397494336
morgan_bit_0652,0.0022786857698240165,0.0022786857698240165
fcfp6_bit_0943,-0.002244527704155203,0.002244527704155203
erg_205,-0.002205698423868893,0.002205698423868893
atom_pair_bit_0953,-0.0022043919283346843,0.0022043919283346843
fcfp6_bit_0537,-0.002138387195359418,0.002138387195359418
layered_bit_0295,0.0021124276259801436,0.0021124276259801436
avalon_count_0037,0.001979794609383801,0.001979794609383801
morgan_bit_0708,-0.001975810982692044,0.001975810982692044
avalon_count_0306,-0.0019110910258941045,0.0019110910258941045
atom_pair_bit_0573,-0.0018307782342283144,0.0018307782342283144
avalon_count_0808,0.001768566686343021,0.001768566686343021
fcfp6_bit_0583,-0.0017233867496288002,0.0017233867496288002
topological_torsion_bit_0734,-0.0016825858025903812,0.0016825858025903812
avalon_count_0735,0.0016618828113501305,0.0016618828113501305
topological_torsion_bit_0610,0.0016063605947265933,0.0016063605947265933
erg_214,-0.0016007576154272137,0.0016007576154272137
maplight_morgan_0008,0.0015922769974386045,0.0015922769974386045
avalon_count_0716,0.0015443928526620305,0.0015443928526620305
morgan_bit_0828,0.0015146348091608836,0.0015146348091608836
layered_bit_0690,-0.0014307076935101038,0.0014307076935101038
ecfp6_bit_0382,0.00140237238378697,0.00140237238378697
maplight_morgan_0136,-0.001347598582191232,0.001347598582191232
maplight_morgan_0449,0.0012353393517693424,0.0012353393517693424
avalon_count_0198,-0.0011392637234197579,0.0011392637234197579
rdkit_PEOE_VSA3,0.00110321501286507,0.00110321501286507
atom_pair_bit_0240,0.0010898118778455322,0.0010898118778455322
topological_torsion_bit_0224,-0.0010187550881159294,0.0010187550881159294
maplight_morgan_0996,0.0008948858003975681,0.0008948858003975681
layered_bit_0819,0.0008783869462842855,0.0008783869462842855
layered_bit_0501,0.0007986186241452448,0.0007986186241452448
morgan_bit_0448,-0.0007093747855515305,0.0007093747855515305
rdk_path_bit_0768,0.0006815527962852075,0.0006815527962852075
ecfp6_bit_0287,-0.0006421079282919268,0.0006421079282919268
maplight_morgan_0815,-0.0005426325367334135,0.0005426325367334135
ecfp6_bit_0331,-0.0004303097761199389,0.0004303097761199389
fcfp6_bit_0612,-0.0003769014063394479,0.0003769014063394479
maplight_morgan_0200,0.0003252593425361701,0.0003252593425361701
ecfp6_bit_0137,0.0002423611827079769,0.0002423611827079769
ecfp6_bit_0987,-0.00020742941299760052,0.00020742941299760052
rdkit_HeavyAtomMolWt,0.0,0.0
rdkit_ExactMolWt,0.0,0.0
rdkit_TPSA,0.0,0.0
rdkit_SMR_VSA10,0.0,0.0
rdkit_VSA_EState7,0.0,0.0
rdkit_SMR_VSA2,-0.0,0.0
morgan_bit_0444,0.0,0.0
morgan_bit_0442,-0.0,0.0
maccs_bit_133,0.0,0.0
maccs_bit_144,-0.0,0.0
rdkit_SMR_VSA4,0.0,0.0
rdkit_SMR_VSA5,0.0,0.0
maccs_bit_134,-0.0,0.0
morgan_bit_0441,-0.0,0.0
rdkit_SMR_VSA6,-0.0,0.0
maccs_bit_137,0.0,0.0
morgan_bit_0438,-0.0,0.0
maccs_bit_135,-0.0,0.0
rdkit_VSA_EState5,-0.0,0.0
maccs_bit_162,0.0,0.0
rdkit_SMR_VSA3,-0.0,0.0
rdkit_SPS,0.0,0.0
morgan_bit_0447,-0.0,0.0
rdkit_MolWt,0.0,0.0
rdkit_qed,-0.0,0.0
rdkit_MinEStateIndex,0.0,0.0
morgan_bit_0451,-0.0,0.0
morgan_bit_0452,-0.0,0.0
maccs_bit_138,-0.0,0.0
rdkit_SlogP_VSA4,-0.0,0.0
rdkit_MinAbsEStateIndex,0.0,0.0
rdkit_VSA_EState8,0.0,0.0
morgan_bit_0446,-0.0,0.0
rdkit_SlogP_VSA5,-0.0,0.0
rdkit_SlogP_VSA6,0.0,0.0
rdkit_MaxAbsEStateIndex,-0.0,0.0
rdkit_SlogP_VSA7,-0.0,0.0
rdkit_SlogP_VSA8,0.0,0.0
rdkit_VSA_EState9,-0.0,0.0
maccs_bit_163,0.0,0.0
morgan_bit_0445,-0.0,0.0
maccs_bit_142,0.0,0.0
maccs_bit_140,-0.0,0.0
rdkit_SMR_VSA1,-0.0,0.0
rdkit_BertzCT,0.0,0.0
rdkit_Chi0,0.0,0.0
rdkit_Chi0n,0.0,0.0
rdkit_BCUT2D_LOGPLOW,-0.0,0.0
rdkit_Chi0v,0.0,0.0
rdkit_Chi1,0.0,0.0
rdkit_Chi1n,0.0,0.0
rdkit_Chi1v,0.0,0.0
rdkit_Chi2n,0.0,0.0
rdkit_Chi2v,0.0,0.0
rdkit_Chi3n,-0.0,0.0
rdkit_Chi3v,0.0,0.0
rdkit_BCUT2D_LOGPHI,-0.0,0.0
rdkit_SlogP_VSA11,-0.0,0.0
rdkit_Chi4n,-0.0,0.0
rdkit_Chi4v,0.0,0.0
rdkit_HallKierAlpha,0.0,0.0
rdkit_BCUT2D_CHGHI,-0.0,0.0
rdkit_BCUT2D_MWLOW,-0.0,0.0
rdkit_Kappa1,0.0,0.0
rdkit_Kappa2,0.0,0.0
rdkit_NumValenceElectrons,0.0,0.0
rdkit_MaxPartialCharge,-0.0,0.0
rdkit_MinPartialCharge,0.0,0.0
rdkit_MaxAbsPartialCharge,-0.0,0.0
rdkit_MinAbsPartialCharge,-0.0,0.0
rdkit_FpDensityMorgan3,-0.0,0.0
rdkit_FpDensityMorgan2,-0.0,0.0
rdkit_FpDensityMorgan1,-0.0,0.0
rdkit_BCUT2D_CHGLO,0.0,0.0
rdkit_SMR_VSA7,0.0,0.0
rdkit_SMR_VSA9,-0.0,0.0
rdkit_SlogP_VSA1,0.0,0.0
maccs_bit_161,-0.0,0.0
maccs_bit_158,-0.0,0.0
maccs_bit_157,-0.0,0.0
rdkit_SlogP_VSA10,-0.0,0.0
rdkit_SlogP_VSA12,0.0,0.0
rdkit_SlogP_VSA2,-0.0,0.0
maccs_bit_156,-0.0,0.0
maccs_bit_155,-0.0,0.0
maccs_bit_154,-0.0,0.0
rdkit_SlogP_VSA3,0.0,0.0
rdkit_BalabanJ,0.0,0.0
morgan_bit_0436,-0.0,0.0
rdkit_PEOE_VSA9,-0.0,0.0
rdkit_Kappa3,0.0,0.0
rdkit_LabuteASA,0.0,0.0
rdkit_PEOE_VSA1,-0.0,0.0
rdkit_PEOE_VSA10,0.0,0.0
rdkit_PEOE_VSA11,-0.0,0.0
rdkit_PEOE_VSA12,0.0,0.0
rdkit_AvgIpc,0.0,0.0
rdkit_PEOE_VSA13,-0.0,0.0
rdkit_BCUT2D_MRLOW,0.0,0.0
rdkit_PEOE_VSA14,0.0,0.0
rdkit_PEOE_VSA2,0.0,0.0
rdkit_PEOE_VSA5,0.0,0.0
rdkit_PEOE_VSA6,0.0,0.0
rdkit_PEOE_VSA7,0.0,0.0
rdkit_PEOE_VSA8,-0.0,0.0
morgan_bit_0437,-0.0,0.0
maccs_bit_008,0.0,0.0
maccs_bit_011,0.0,0.0
maccs_bit_013,-0.0,0.0
maccs_bit_016,-0.0,0.0
maccs_bit_017,0.0,0.0
maccs_bit_019,0.0,0.0
maccs_bit_022,-0.0,0.0
morgan_bit_0501,0.0,0.0
morgan_bit_0504,0.0,0.0
morgan_bit_0508,0.0,0.0
morgan_bit_0510,-0.0,0.0
rdkit_VSA_EState6,0.0,0.0
morgan_bit_0512,0.0,0.0
morgan_bit_0514,0.0,0.0
morgan_bit_0515,0.0,0.0
rdk_path_bit_1001,0.0,0.0
rdk_path_bit_1002,0.0,0.0
rdk_path_bit_1003,0.0,0.0
rdk_path_bit_1005,-0.0,0.0
rdk_path_bit_1006,-0.0,0.0
rdk_path_bit_1008,-0.0,0.0
rdk_path_bit_1009,-0.0,0.0
rdk_path_bit_0977,-0.0,0.0
rdk_path_bit_0978,-0.0,0.0
morgan_bit_0511,-0.0,0.0
maccs_bit_056,0.0,0.0
maccs_bit_057,0.0,0.0
morgan_bit_0485,0.0,0.0
morgan_bit_0488,-0.0,0.0
morgan_bit_0489,0.0,0.0
morgan_bit_0492,-0.0,0.0
morgan_bit_0493,0.0,0.0
morgan_bit_0494,-0.0,0.0
morgan_bit_0495,-0.0,0.0
morgan_bit_0496,-0.0,0.0
morgan_bit_0499,0.0,0.0
morgan_bit_0500,-0.0,0.0
rdk_path_bit_1023,0.0,0.0
maccs_bit_026,-0.0,0.0
maccs_bit_028,-0.0,0.0
maccs_bit_029,0.0,0.0
maccs_bit_030,0.0,0.0
rdk_path_bit_1011,-0.0,0.0
rdk_path_bit_1012,0.0,0.0
rdk_path_bit_1015,0.0,0.0
rdk_path_bit_1016,0.0,0.0
rdk_path_bit_1017,-0.0,0.0
rdk_path_bit_1018,0.0,0.0
rdk_path_bit_1021,-0.0,0.0
rdk_path_bit_1022,0.0,0.0
maccs_bit_025,0.0,0.0
rdk_path_bit_0973,-0.0,0.0
rdk_path_bit_0974,0.0,0.0
rdk_path_bit_0976,0.0,0.0
rdk_path_bit_0948,0.0,0.0
rdk_path_bit_0949,-0.0,0.0
rdk_path_bit_0950,-0.0,0.0
rdk_path_bit_0951,0.0,0.0
rdk_path_bit_0954,-0.0,0.0
rdk_path_bit_0955,0.0,0.0
rdk_path_bit_0956,0.0,0.0
rdk_path_bit_0958,0.0,0.0
rdk_path_bit_0979,0.0,0.0
rdk_path_bit_0962,0.0,0.0
rdk_path_bit_0963,-0.0,0.0
rdk_path_bit_0965,0.0,0.0
rdk_path_bit_0966,-0.0,0.0
rdk_path_bit_0968,0.0,0.0
morgan_bit_0518,-0.0,0.0
rdk_path_bit_0927,-0.0,0.0
rdk_path_bit_0928,-0.0,0.0
rdk_path_bit_0929,-0.0,0.0
rdk_path_bit_0930,-0.0,0.0
rdk_path_bit_0933,-0.0,0.0
rdk_path_bit_0935,0.0,0.0
rdk_path_bit_0961,0.0,0.0
rdk_path_bit_0980,-0.0,0.0
rdk_path_bit_0981,-0.0,0.0
rdk_path_bit_0983,-0.0,0.0
rdk_path_bit_0986,0.0,0.0
rdk_path_bit_0987,-0.0,0.0
rdk_path_bit_0988,0.0,0.0
rdk_path_bit_0989,-0.0,0.0
rdk_path_bit_0990,0.0,0.0
rdk_path_bit_0991,-0.0,0.0
rdk_path_bit_0992,0.0,0.0
rdk_path_bit_0995,-0.0,0.0
rdk_path_bit_0996,0.0,0.0
rdk_path_bit_0970,0.0,0.0
morgan_bit_0519,-0.0,0.0
morgan_bit_0520,0.0,0.0
morgan_bit_0521,-0.0,0.0
morgan_bit_0522,0.0,0.0
morgan_bit_0523,0.0,0.0
morgan_bit_0524,-0.0,0.0
morgan_bit_0525,-0.0,0.0
morgan_bit_0527,-0.0,0.0
morgan_bit_0528,-0.0,0.0
morgan_bit_0530,0.0,0.0
morgan_bit_0531,0.0,0.0
morgan_bit_0532,0.0,0.0
rdk_path_bit_0999,-0.0,0.0
maccs_bit_109,0.0,0.0
maccs_bit_110,-0.0,0.0
maccs_bit_111,0.0,0.0
maccs_bit_112,-0.0,0.0
maccs_bit_113,-0.0,0.0
maccs_bit_115,0.0,0.0
maccs_bit_116,0.0,0.0
maccs_bit_117,-0.0,0.0
maccs_bit_118,-0.0,0.0
maccs_bit_119,-0.0,0.0
maccs_bit_120,-0.0,0.0
maccs_bit_055,-0.0,0.0
maccs_bit_122,-0.0,0.0
maccs_bit_123,-0.0,0.0
maccs_bit_087,0.0,0.0
maccs_bit_088,0.0,0.0
maccs_bit_089,0.0,0.0
maccs_bit_091,-0.0,0.0
maccs_bit_092,-0.0,0.0
maccs_bit_093,-0.0,0.0
maccs_bit_094,-0.0,0.0
maccs_bit_096,-0.0,0.0
maccs_bit_097,-0.0,0.0
maccs_bit_099,0.0,0.0
maccs_bit_121,-0.0,0.0
maccs_bit_145,-0.0,0.0
maccs_bit_147,-0.0,0.0
maccs_bit_148,-0.0,0.0
maccs_bit_149,0.0,0.0
maccs_bit_150,-0.0,0.0
maccs_bit_151,0.0,0.0
maccs_bit_152,-0.0,0.0
maccs_bit_153,-0.0,0.0
morgan_bit_0453,0.0,0.0
morgan_bit_0454,0.0,0.0
morgan_bit_0455,0.0,0.0
morgan_bit_0456,-0.0,0.0
maccs_bit_108,0.0,0.0
morgan_bit_0461,0.0,0.0
morgan_bit_0462,0.0,0.0
morgan_bit_0463,-0.0,0.0
morgan_bit_0465,-0.0,0.0
morgan_bit_0466,-0.0,0.0
morgan_bit_0467,-0.0,0.0
morgan_bit_0468,-0.0,0.0
maccs_bit_125,-0.0,0.0
maccs_bit_126,-0.0,0.0
maccs_bit_130,0.0,0.0
maccs_bit_132,0.0,0.0
maccs_bit_107,0.0,0.0
morgan_bit_0457,0.0,0.0
morgan_bit_0474,-0.0,0.0
morgan_bit_0476,-0.0,0.0
morgan_bit_0478,0.0,0.0
morgan_bit_0479,0.0,0.0
morgan_bit_0481,0.0,0.0
morgan_bit_0484,0.0,0.0
maccs_bit_060,-0.0,0.0
maccs_bit_061,-0.0,0.0
maccs_bit_062,-0.0,0.0
maccs_bit_063,0.0,0.0
maccs_bit_064,0.0,0.0
maccs_bit_100,-0.0,0.0
maccs_bit_033,0.0,0.0
maccs_bit_036,0.0,0.0
maccs_bit_037,0.0,0.0
maccs_bit_043,-0.0,0.0
maccs_bit_045,0.0,0.0
maccs_bit_047,0.0,0.0
maccs_bit_048,-0.0,0.0
maccs_bit_049,-0.0,0.0
maccs_bit_050,0.0,0.0
maccs_bit_051,-0.0,0.0
maccs_bit_052,0.0,0.0
maccs_bit_053,0.0,0.0
maccs_bit_032,0.0,0.0
maccs_bit_101,0.0,0.0
maccs_bit_103,-0.0,0.0
maccs_bit_104,-0.0,0.0
maccs_bit_105,0.0,0.0
maccs_bit_106,0.0,0.0
maccs_bit_065,0.0,0.0
maccs_bit_066,-0.0,0.0
maccs_bit_067,-0.0,0.0
maccs_bit_069,-0.0,0.0
maccs_bit_070,0.0,0.0
maccs_bit_073,-0.0,0.0
maccs_bit_074,0.0,0.0
morgan_bit_0471,-0.0,0.0
maccs_bit_076,0.0,0.0
maccs_bit_077,0.0,0.0
maccs_bit_078,-0.0,0.0
maccs_bit_080,0.0,0.0
maccs_bit_081,0.0,0.0
maccs_bit_083,-0.0,0.0
maccs_bit_084,0.0,0.0
maccs_bit_085,-0.0,0.0
maccs_bit_058,-0.0,0.0
maccs_bit_059,0.0,0.0
morgan_bit_0469,0.0,0.0
morgan_bit_0470,0.0,0.0
maccs_bit_075,-0.0,0.0
maplight_morgan_0259,-0.0,0.0
maplight_morgan_0263,0.0,0.0
maplight_morgan_0265,0.0,0.0
maplight_morgan_0266,-0.0,0.0
maplight_morgan_0267,-0.0,0.0
maplight_morgan_0268,0.0,0.0
maplight_morgan_0269,-0.0,0.0
maplight_morgan_0270,-0.0,0.0
maplight_morgan_0271,0.0,0.0
maplight_morgan_0272,0.0,0.0
maplight_morgan_0276,-0.0,0.0
rdk_path_bit_0934,-0.0,0.0
maplight_morgan_0230,-0.0,0.0
maplight_morgan_0232,-0.0,0.0
maplight_morgan_0233,0.0,0.0
maplight_morgan_0235,0.0,0.0
maplight_morgan_0236,-0.0,0.0
maplight_morgan_0237,-0.0,0.0
maplight_morgan_0239,0.0,0.0
maplight_morgan_0241,0.0,0.0
maplight_morgan_0243,-0.0,0.0
maplight_morgan_0246,0.0,0.0
maplight_morgan_0248,0.0,0.0
maplight_morgan_0249,-0.0,0.0
maplight_morgan_0226,0.0,0.0
maplight_morgan_0304,0.0,0.0
maplight_morgan_0307,0.0,0.0
maplight_morgan_0308,-0.0,0.0
maplight_morgan_0309,0.0,0.0
maplight_morgan_0310,-0.0,0.0
maplight_morgan_0314,0.0,0.0
maplight_morgan_0278,0.0,0.0
maplight_morgan_0279,-0.0,0.0
morgan_bit_0372,0.0,0.0
morgan_bit_0373,0.0,0.0
morgan_bit_0374,-0.0,0.0
morgan_bit_0376,0.0,0.0
maplight_morgan_0257,0.0,0.0
morgan_bit_0378,-0.0,0.0
morgan_bit_0380,-0.0,0.0
morgan_bit_0383,-0.0,0.0
morgan_bit_0385,-0.0,0.0
maplight_morgan_0281,-0.0,0.0
maplight_morgan_0282,-0.0,0.0
maplight_morgan_0283,0.0,0.0
maplight_morgan_0285,0.0,0.0
maplight_morgan_0252,-0.0,0.0
maplight_morgan_0253,0.0,0.0
maplight_morgan_0255,0.0,0.0
maplight_morgan_0256,0.0,0.0
morgan_bit_0377,-0.0,0.0
morgan_bit_0390,0.0,0.0
morgan_bit_0391,0.0,0.0
morgan_bit_0392,-0.0,0.0
maplight_morgan_0169,0.0,0.0
maplight_morgan_0171,0.0,0.0
maplight_morgan_0173,-0.0,0.0
maplight_morgan_0175,0.0,0.0
maplight_morgan_0176,0.0,0.0
maplight_morgan_0177,0.0,0.0
maplight_morgan_0179,-0.0,0.0
maplight_morgan_0180,0.0,0.0
maplight_morgan_0181,0.0,0.0
maplight_morgan_0250,-0.0,0.0
maplight_morgan_0184,0.0,0.0
maplight_morgan_0187,0.0,0.0
maplight_morgan_0188,0.0,0.0
maplight_morgan_0190,-0.0,0.0
maplight_morgan_0197,-0.0,0.0
maplight_morgan_0140,0.0,0.0
maplight_morgan_0142,0.0,0.0
maplight_morgan_0143,0.0,0.0
maplight_morgan_0144,0.0,0.0
maplight_morgan_0145,0.0,0.0
maplight_morgan_0146,0.0,0.0
maplight_morgan_0147,0.0,0.0
maplight_morgan_0182,0.0,0.0
maplight_morgan_0251,-0.0,0.0
morgan_bit_0393,-0.0,0.0
morgan_bit_0394,0.0,0.0
morgan_bit_0395,0.0,0.0
morgan_bit_0396,0.0,0.0
morgan_bit_0397,-0.0,0.0
morgan_bit_0398,0.0,0.0
morgan_bit_0399,0.0,0.0
morgan_bit_0400,-0.0,0.0
morgan_bit_0401,0.0,0.0
morgan_bit_0403,-0.0,0.0
maplight_morgan_0220,-0.0,0.0
morgan_bit_0389,0.0,0.0
maplight_morgan_0222,0.0,0.0
maplight_morgan_0223,-0.0,0.0
maplight_morgan_0224,0.0,0.0
maplight_morgan_0201,-0.0,0.0
maplight_morgan_0202,-0.0,0.0
maplight_morgan_0203,-0.0,0.0
maplight_morgan_0208,-0.0,0.0
maplight_morgan_0210,0.0,0.0
maplight_morgan_0212,0.0,0.0
maplight_morgan_0213,-0.0,0.0
maplight_morgan_0216,0.0,0.0
morgan_bit_0388,-0.0,0.0
maplight_morgan_0221,0.0,0.0
maplight_morgan_0402,0.0,0.0
maplight_morgan_0403,-0.0,0.0
maplight_morgan_0404,-0.0,0.0
maplight_morgan_0406,0.0,0.0
maplight_morgan_0407,-0.0,0.0
maplight_morgan_0409,0.0,0.0
maplight_morgan_0410,-0.0,0.0
maplight_morgan_0412,0.0,0.0
maplight_morgan_0415,0.0,0.0
maplight_morgan_0416,0.0,0.0
maplight_morgan_0417,-0.0,0.0
maplight_morgan_0301,-0.0,0.0
maplight_morgan_0375,0.0,0.0
maplight_morgan_0376,0.0,0.0
maplight_morgan_0377,-0.0,0.0
maplight_morgan_0378,-0.0,0.0
maplight_morgan_0379,-0.0,0.0
maplight_morgan_0383,-0.0,0.0
maplight_morgan_0385,-0.0,0.0
maplight_morgan_0386,-0.0,0.0
maplight_morgan_0388,-0.0,0.0
maplight_morgan_0391,-0.0,0.0
maplight_morgan_0392,-0.0,0.0
maplight_morgan_0393,-0.0,0.0
maplight_morgan_0374,-0.0,0.0
maplight_morgan_0457,0.0,0.0
morgan_bit_0340,-0.0,0.0
morgan_bit_0341,-0.0,0.0
morgan_bit_0342,-0.0,0.0
morgan_bit_0343,-0.0,0.0
maplight_morgan_0418,0.0,0.0
maplight_morgan_0419,-0.0,0.0
maplight_morgan_0420,-0.0,0.0
maplight_morgan_0421,0.0,0.0
maplight_morgan_0423,-0.0,0.0
maplight_morgan_0426,-0.0,0.0
maplight_morgan_0428,-0.0,0.0
maplight_morgan_0401,0.0,0.0
maplight_morgan_0430,0.0,0.0
maplight_morgan_0432,-0.0,0.0
maplight_morgan_0433,0.0,0.0
maplight_morgan_0435,0.0,0.0
maplight_morgan_0436,-0.0,0.0
maplight_morgan_0437,0.0,0.0
maplight_morgan_0441,-0.0,0.0
maplight_morgan_0443,-0.0,0.0
maplight_morgan_0397,-0.0,0.0
maplight_morgan_0398,0.0,0.0
maplight_morgan_0399,0.0,0.0
maplight_morgan_0400,-0.0,0.0
maplight_morgan_0429,-0.0,0.0
maplight_morgan_0364,-0.0,0.0
morgan_bit_0356,0.0,0.0
maplight_morgan_0317,-0.0,0.0
maplight_morgan_0318,-0.0,0.0
maplight_morgan_0319,0.0,0.0
maplight_morgan_0320,-0.0,0.0
maplight_morgan_0321,-0.0,0.0
maplight_morgan_0322,0.0,0.0
maplight_morgan_0326,0.0,0.0
maplight_morgan_0329,-0.0,0.0
maplight_morgan_0332,-0.0,0.0
maplight_morgan_0333,0.0,0.0
maplight_morgan_0395,0.0,0.0
maplight_morgan_0335,0.0,0.0
maplight_morgan_0338,-0.0,0.0
maplight_morgan_0339,0.0,0.0
maplight_morgan_0342,0.0,0.0
maplight_morgan_0343,0.0,0.0
maplight_morgan_0289,0.0,0.0
maplight_morgan_0290,-0.0,0.0
maplight_morgan_0292,0.0,0.0
maplight_morgan_0294,-0.0,0.0
maplight_morgan_0295,-0.0,0.0
maplight_morgan_0298,0.0,0.0
maplight_morgan_0299,-0.0,0.0
maplight_morgan_0334,-0.0,0.0
morgan_bit_0357,0.0,0.0
morgan_bit_0359,-0.0,0.0
morgan_bit_0361,0.0,0.0
morgan_bit_0362,0.0,0.0
morgan_bit_0363,0.0,0.0
morgan_bit_0364,-0.0,0.0
morgan_bit_0365,0.0,0.0
morgan_bit_0367,-0.0,0.0
morgan_bit_0368,0.0,0.0
maplight_morgan_0367,-0.0,0.0
maplight_morgan_0368,0.0,0.0
maplight_morgan_0369,-0.0,0.0
maplight_morgan_0363,0.0,0.0
maplight_morgan_0345,-0.0,0.0
maplight_morgan_0346,-0.0,0.0
maplight_morgan_0347,0.0,0.0
maplight_morgan_0349,-0.0,0.0
maplight_morgan_0350,-0.0,0.0
maplight_morgan_0351,-0.0,0.0
maplight_morgan_0352,0.0,0.0
maplight_morgan_0354,0.0,0.0
maplight_morgan_0356,0.0,0.0
maplight_morgan_0357,-0.0,0.0
maplight_morgan_0361,0.0,0.0
maplight_morgan_0362,0.0,0.0
maplight_morgan_0371,-0.0,0.0
rdkit_fr_prisulfonamd,-0.0,0.0
morgan_bit_0421,0.0,0.0
rdkit_fr_benzene,-0.0,0.0
rdkit_fr_benzodiazepine,-0.0,0.0
rdkit_fr_bicyclic,0.0,0.0
rdkit_fr_dihydropyridine,0.0,0.0
rdkit_fr_epoxide,-0.0,0.0
rdkit_fr_ester,0.0,0.0
rdkit_fr_ether,-0.0,0.0
rdkit_fr_furan,0.0,0.0
rdkit_fr_guanido,-0.0,0.0
maplight_morgan_0148,-0.0,0.0
rdkit_fr_hdrzone,0.0,0.0
rdkit_fr_imidazole,-0.0,0.0
rdkit_fr_imide,0.0,0.0
rdkit_fr_ketone,0.0,0.0
rdkit_fr_ketone_Topliss,-0.0,0.0
rdkit_fr_Ar_N,-0.0,0.0
rdkit_fr_Ar_OH,-0.0,0.0
rdkit_fr_COO,-0.0,0.0
rdkit_fr_C_O,0.0,0.0
rdkit_fr_C_O_noCOO,-0.0,0.0
rdkit_fr_HOCCN,-0.0,0.0
rdkit_fr_Imine,-0.0,0.0
rdkit_fr_halogen,-0.0,0.0
morgan_bit_0429,0.0,0.0
morgan_bit_0430,0.0,0.0
morgan_bit_0432,-0.0,0.0
morgan_bit_0433,-0.0,0.0
morgan_bit_0434,0.0,0.0
morgan_bit_0435,0.0,0.0
rdkit_fr_quatN,-0.0,0.0
rdkit_fr_sulfide,0.0,0.0
rdkit_fr_sulfonamd,0.0,0.0
rdkit_fr_sulfone,-0.0,0.0
rdkit_fr_term_acetylene,0.0,0.0
rdkit_fr_tetrazole,-0.0,0.0
rdkit_fr_priamide,-0.0,0.0
rdkit_fr_lactone,0.0,0.0
rdkit_fr_methoxy,-0.0,0.0
rdkit_fr_morpholine,0.0,0.0
rdkit_fr_nitrile,-0.0,0.0
rdkit_fr_nitro,0.0,0.0
rdkit_fr_nitro_arom,0.0,0.0
rdkit_fr_nitro_arom_nonortho,0.0,0.0
rdkit_fr_oxime,0.0,0.0
rdkit_fr_phenol,-0.0,0.0
rdkit_fr_phenol_noOrthoHbond,-0.0,0.0
rdkit_fr_phos_acid,0.0,0.0
rdkit_fr_piperzine,-0.0,0.0
rdkit_fr_lactam,-0.0,0.0
rdkit_NHOHCount,0.0,0.0
rdkit_NOCount,-0.0,0.0
rdkit_NumAliphaticCarbocycles,-0.0,0.0
rdkit_NumAliphaticHeterocycles,-0.0,0.0
rdkit_NumAliphaticRings,-0.0,0.0
rdkit_NumAmideBonds,-0.0,0.0
rdkit_NumAromaticCarbocycles,-0.0,0.0
rdkit_NumAromaticHeterocycles,0.0,0.0
rdkit_NumAromaticRings,0.0,0.0
rdkit_NumAtomStereoCenters,0.0,0.0
rdkit_NumBridgeheadAtoms,0.0,0.0
rdkit_NumHAcceptors,-0.0,0.0
rdkit_fr_NH0,-0.0,0.0
rdkit_NumHeteroatoms,-0.0,0.0
rdkit_EState_VSA1,0.0,0.0
rdkit_EState_VSA10,-0.0,0.0
rdkit_EState_VSA11,0.0,0.0
rdkit_EState_VSA2,0.0,0.0
rdkit_EState_VSA8,0.0,0.0
rdkit_EState_VSA9,0.0,0.0
rdkit_VSA_EState1,-0.0,0.0
rdkit_VSA_EState10,0.0,0.0
rdkit_VSA_EState2,0.0,0.0
rdkit_VSA_EState3,-0.0,0.0
rdkit_VSA_EState4,0.0,0.0
rdkit_NumHDonors,0.0,0.0
rdkit_fr_NH1,0.0,0.0
rdkit_fr_NH2,0.0,0.0
rdkit_fr_Ndealkylation2,0.0,0.0
rdkit_fr_alkyl_halide,-0.0,0.0
rdkit_fr_allylic_oxid,0.0,0.0
rdkit_fr_amidine,0.0,0.0
rdkit_fr_aniline,-0.0,0.0
rdkit_fr_aryl_methyl,-0.0,0.0
rdkit_NumHeterocycles,-0.0,0.0
rdkit_NumRotatableBonds,-0.0,0.0
rdkit_NumSaturatedCarbocycles,-0.0,0.0
rdkit_NumSaturatedHeterocycles,-0.0,0.0
rdkit_HeavyAtomCount,0.0,0.0
rdkit_NumSpiroAtoms,-0.0,0.0
rdkit_NumUnspecifiedAtomStereoCenters,0.0,0.0
rdkit_Phi,0.0,0.0
rdkit_RingCount,-0.0,0.0
rdkit_MolLogP,-0.0,0.0
rdkit_MolMR,0.0,0.0
rdkit_fr_Al_COO,-0.0,0.0
rdkit_fr_Al_OH,0.0,0.0
rdkit_fr_Al_OH_noTert,0.0,0.0
rdkit_fr_ArN,-0.0,0.0
rdkit_fr_Ar_COO,-0.0,0.0
rdkit_FractionCSP3,-0.0,0.0
rdkit_NumSaturatedRings,-0.0,0.0
maplight_morgan_0086,-0.0,0.0
maplight_morgan_0087,-0.0,0.0
maplight_morgan_0090,0.0,0.0
maplight_morgan_0094,-0.0,0.0
maplight_morgan_0097,-0.0,0.0
maplight_morgan_0099,0.0,0.0
maplight_morgan_0100,-0.0,0.0
maplight_morgan_0102,0.0,0.0
maplight_morgan_0104,-0.0,0.0
maplight_morgan_0105,-0.0,0.0
maplight_morgan_0106,0.0,0.0
morgan_bit_0428,-0.0,0.0
morgan_bit_0410,-0.0,0.0
morgan_bit_0411,-0.0,0.0
morgan_bit_0412,0.0,0.0
morgan_bit_0414,0.0,0.0
morgan_bit_0415,0.0,0.0
morgan_bit_0416,-0.0,0.0
morgan_bit_0417,-0.0,0.0
morgan_bit_0418,0.0,0.0
morgan_bit_0419,-0.0,0.0
maplight_morgan_0073,0.0,0.0
maplight_morgan_0075,-0.0,0.0
maplight_morgan_0076,0.0,0.0
maplight_morgan_0108,-0.0,0.0
maplight_morgan_0151,0.0,0.0
maplight_morgan_0155,0.0,0.0
maplight_morgan_0156,0.0,0.0
maplight_morgan_0157,-0.0,0.0
maplight_morgan_0158,-0.0,0.0
maplight_morgan_0164,0.0,0.0
maplight_morgan_0166,0.0,0.0
maplight_morgan_0167,-0.0,0.0
maplight_morgan_0114,-0.0,0.0
maplight_morgan_0115,-0.0,0.0
maplight_morgan_0116,0.0,0.0
maplight_morgan_0117,-0.0,0.0
maplight_morgan_0085,0.0,0.0
maplight_morgan_0123,-0.0,0.0
maplight_morgan_0126,0.0,0.0
maplight_morgan_0128,-0.0,0.0
maplight_morgan_0129,0.0,0.0
maplight_morgan_0130,-0.0,0.0
maplight_morgan_0131,0.0,0.0
maplight_morgan_0133,-0.0,0.0
maplight_morgan_0134,0.0,0.0
maplight_morgan_0138,-0.0,0.0
maplight_morgan_0139,-0.0,0.0
maplight_morgan_0083,0.0,0.0
maplight_morgan_0084,0.0,0.0
maplight_morgan_0119,0.0,0.0
maplight_morgan_0033,-0.0,0.0
maplight_morgan_0034,0.0,0.0
maplight_morgan_0035,0.0,0.0
maplight_morgan_0036,0.0,0.0
maplight_morgan_0038,-0.0,0.0
maplight_morgan_0043,-0.0,0.0
maplight_morgan_0046,-0.0,0.0
maplight_morgan_0049,-0.0,0.0
rdkit_fr_thiazole,-0.0,0.0
rdkit_fr_thiophene,0.0,0.0
rdkit_fr_unbrch_alkane,0.0,0.0
rdkit_fr_urea,0.0,0.0
maplight_morgan_0077,-0.0,0.0
maplight_morgan_0002,0.0,0.0
maplight_morgan_0004,0.0,0.0
maplight_morgan_0005,-0.0,0.0
maplight_morgan_0007,0.0,0.0
maplight_morgan_0010,0.0,0.0
maplight_morgan_0011,0.0,0.0
maplight_morgan_0012,0.0,0.0
maplight_morgan_0013,0.0,0.0
maplight_morgan_0014,0.0,0.0
morgan_bit_0423,-0.0,0.0
morgan_bit_0425,0.0,0.0
morgan_bit_0427,-0.0,0.0
maplight_morgan_0001,-0.0,0.0
maplight_morgan_0078,-0.0,0.0
maplight_morgan_0079,0.0,0.0
maplight_morgan_0080,0.0,0.0
maplight_morgan_0052,0.0,0.0
maplight_morgan_0053,0.0,0.0
maplight_morgan_0054,-0.0,0.0
maplight_morgan_0056,-0.0,0.0
maplight_morgan_0058,-0.0,0.0
maplight_morgan_0063,-0.0,0.0
maplight_morgan_0064,0.0,0.0
maplight_morgan_0067,-0.0,0.0
maplight_morgan_0068,-0.0,0.0
maplight_morgan_0031,-0.0,0.0
maplight_morgan_0071,-0.0,0.0
morgan_bit_0404,0.0,0.0
morgan_bit_0406,0.0,0.0
morgan_bit_0407,-0.0,0.0
morgan_bit_0409,0.0,0.0
maplight_morgan_0015,-0.0,0.0
maplight_morgan_0017,0.0,0.0
maplight_morgan_0018,-0.0,0.0
maplight_morgan_0019,-0.0,0.0
maplight_morgan_0020,0.0,0.0
maplight_morgan_0023,-0.0,0.0
maplight_morgan_0026,-0.0,0.0
maplight_morgan_0069,-0.0,0.0
rdk_path_bit_0362,0.0,0.0
rdk_path_bit_0364,0.0,0.0
rdk_path_bit_0365,0.0,0.0
rdk_path_bit_0368,-0.0,0.0
rdk_path_bit_0347,0.0,0.0
rdk_path_bit_0348,0.0,0.0
rdk_path_bit_0349,-0.0,0.0
rdk_path_bit_0350,0.0,0.0
rdk_path_bit_0353,-0.0,0.0
rdk_path_bit_0355,-0.0,0.0
rdk_path_bit_0356,0.0,0.0
rdk_path_bit_0357,-0.0,0.0
rdk_path_bit_0879,0.0,0.0
rdk_path_bit_0359,0.0,0.0
rdk_path_bit_0360,0.0,0.0
morgan_bit_0744,0.0,0.0
morgan_bit_0745,-0.0,0.0
morgan_bit_0746,0.0,0.0
morgan_bit_0749,0.0,0.0
rdk_path_bit_0326,0.0,0.0
rdk_path_bit_0327,-0.0,0.0
rdk_path_bit_0329,-0.0,0.0
rdk_path_bit_0330,0.0,0.0
rdk_path_bit_0331,-0.0,0.0
rdk_path_bit_0332,0.0,0.0
rdk_path_bit_0358,0.0,0.0
rdk_path_bit_0371,0.0,0.0
rdk_path_bit_0372,0.0,0.0
rdk_path_bit_0373,-0.0,0.0
rdk_path_bit_0374,-0.0,0.0
rdk_path_bit_0375,0.0,0.0
rdk_path_bit_0376,-0.0,0.0
rdk_path_bit_0378,0.0,0.0
rdk_path_bit_0381,0.0,0.0
rdk_path_bit_0383,-0.0,0.0
rdk_path_bit_0384,-0.0,0.0
rdk_path_bit_0385,-0.0,0.0
rdk_path_bit_0386,-0.0,0.0
rdk_path_bit_0361,-0.0,0.0
rdk_path_bit_0389,0.0,0.0
rdk_path_bit_0391,-0.0,0.0
rdk_path_bit_0392,0.0,0.0
morgan_bit_0750,-0.0,0.0
morgan_bit_0751,-0.0,0.0
morgan_bit_0752,0.0,0.0
morgan_bit_0753,0.0,0.0
morgan_bit_0754,-0.0,0.0
morgan_bit_0755,0.0,0.0
morgan_bit_0756,0.0,0.0
morgan_bit_0758,-0.0,0.0
morgan_bit_0759,-0.0,0.0
rdk_path_bit_0388,-0.0,0.0
morgan_bit_0760,0.0,0.0
morgan_bit_0761,-0.0,0.0
morgan_bit_0765,0.0,0.0
morgan_bit_0767,-0.0,0.0
morgan_bit_0769,-0.0,0.0
morgan_bit_0771,-0.0,0.0
morgan_bit_0772,0.0,0.0
morgan_bit_0773,-0.0,0.0
morgan_bit_0776,0.0,0.0
rdk_path_bit_0297,0.0,0.0
rdk_path_bit_0298,-0.0,0.0
rdk_path_bit_0299,0.0,0.0
rdk_path_bit_0334,-0.0,0.0
rdk_path_bit_0301,-0.0,0.0
morgan_bit_0781,0.0,0.0
morgan_bit_0782,0.0,0.0
morgan_bit_0783,-0.0,0.0
morgan_bit_0784,0.0,0.0
morgan_bit_0785,0.0,0.0
morgan_bit_0789,-0.0,0.0
morgan_bit_0790,0.0,0.0
morgan_bit_0791,0.0,0.0
morgan_bit_0792,0.0,0.0
rdk_path_bit_0283,0.0,0.0
rdk_path_bit_0285,0.0,0.0
rdk_path_bit_0300,0.0,0.0
rdk_path_bit_0335,0.0,0.0
rdk_path_bit_0336,0.0,0.0
rdk_path_bit_0339,-0.0,0.0
rdk_path_bit_0340,-0.0,0.0
rdk_path_bit_0341,0.0,0.0
rdk_path_bit_0342,0.0,0.0
rdk_path_bit_0343,0.0,0.0
rdk_path_bit_0345,-0.0,0.0
rdk_path_bit_0346,0.0,0.0
rdk_path_bit_0304,0.0,0.0
rdk_path_bit_0307,0.0,0.0
rdk_path_bit_0308,-0.0,0.0
rdk_path_bit_0296,-0.0,0.0
rdk_path_bit_0312,0.0,0.0
rdk_path_bit_0313,0.0,0.0
rdk_path_bit_0314,0.0,0.0
rdk_path_bit_0316,0.0,0.0
rdk_path_bit_0317,0.0,0.0
rdk_path_bit_0319,0.0,0.0
rdk_path_bit_0320,-0.0,0.0
rdk_path_bit_0321,-0.0,0.0
rdk_path_bit_0322,0.0,0.0
rdk_path_bit_0323,0.0,0.0
rdk_path_bit_0324,-0.0,0.0
rdk_path_bit_0325,0.0,0.0
rdk_path_bit_0294,0.0,0.0
rdk_path_bit_0310,0.0,0.0
rdk_path_bit_0480,0.0,0.0
rdk_path_bit_0450,0.0,0.0
rdk_path_bit_0451,0.0,0.0
rdk_path_bit_0452,-0.0,0.0
rdk_path_bit_0453,-0.0,0.0
rdk_path_bit_0454,0.0,0.0
rdk_path_bit_0455,-0.0,0.0
rdk_path_bit_0456,0.0,0.0
rdk_path_bit_0457,-0.0,0.0
rdk_path_bit_0458,0.0,0.0
rdk_path_bit_0459,0.0,0.0
rdk_path_bit_0462,-0.0,0.0
rdk_path_bit_0397,-0.0,0.0
rdk_path_bit_0465,-0.0,0.0
rdk_path_bit_0467,-0.0,0.0
rdk_path_bit_0469,-0.0,0.0
morgan_bit_0714,-0.0,0.0
morgan_bit_0718,0.0,0.0
morgan_bit_0720,0.0,0.0
morgan_bit_0721,0.0,0.0
morgan_bit_0722,0.0,0.0
morgan_bit_0723,-0.0,0.0
morgan_bit_0724,0.0,0.0
morgan_bit_0725,0.0,0.0
morgan_bit_0726,0.0,0.0
rdk_path_bit_0464,-0.0,0.0
rdk_path_bit_0482,-0.0,0.0
rdk_path_bit_0483,0.0,0.0
rdk_path_bit_0486,-0.0,0.0
rdk_path_bit_0488,0.0,0.0
rdk_path_bit_0490,0.0,0.0
rdk_path_bit_0491,0.0,0.0
rdk_path_bit_0492,-0.0,0.0
rdk_path_bit_0493,0.0,0.0
rdk_path_bit_0494,0.0,0.0
rdk_path_bit_0495,-0.0,0.0
rdk_path_bit_0496,0.0,0.0
rdk_path_bit_0497,-0.0,0.0
rdk_path_bit_0478,0.0,0.0
rdk_path_bit_0499,-0.0,0.0
rdk_path_bit_0470,-0.0,0.0
rdk_path_bit_0471,-0.0,0.0
rdk_path_bit_0472,0.0,0.0
morgan_bit_0697,0.0,0.0
morgan_bit_0698,-0.0,0.0
morgan_bit_0699,-0.0,0.0
morgan_bit_0701,-0.0,0.0
morgan_bit_0704,-0.0,0.0
morgan_bit_0705,-0.0,0.0
morgan_bit_0707,-0.0,0.0
rdk_path_bit_0473,-0.0,0.0
rdk_path_bit_0474,0.0,0.0
rdk_path_bit_0498,0.0,0.0
rdk_path_bit_0408,0.0,0.0
rdk_path_bit_0409,-0.0,0.0
rdk_path_bit_0410,-0.0,0.0
rdk_path_bit_0412,0.0,0.0
rdk_path_bit_0413,-0.0,0.0
rdk_path_bit_0414,0.0,0.0
rdk_path_bit_0415,-0.0,0.0
rdk_path_bit_0416,0.0,0.0
rdk_path_bit_0417,-0.0,0.0
rdk_path_bit_0418,-0.0,0.0
morgan_bit_0728,0.0,0.0
morgan_bit_0730,-0.0,0.0
morgan_bit_0727,-0.0,0.0
morgan_bit_0733,0.0,0.0
morgan_bit_0735,-0.0,0.0
morgan_bit_0736,-0.0,0.0
morgan_bit_0737,-0.0,0.0
morgan_bit_0738,-0.0,0.0
morgan_bit_0739,-0.0,0.0
morgan_bit_0740,-0.0,0.0
morgan_bit_0741,0.0,0.0
morgan_bit_0743,0.0,0.0
rdk_path_bit_0393,0.0,0.0
rdk_path_bit_0394,-0.0,0.0
rdk_path_bit_0395,0.0,0.0
morgan_bit_0731,0.0,0.0
rdk_path_bit_0441,-0.0,0.0
rdk_path_bit_0442,0.0,0.0
rdk_path_bit_0444,0.0,0.0
rdk_path_bit_0447,0.0,0.0
rdk_path_bit_0448,0.0,0.0
rdk_path_bit_0420,-0.0,0.0
rdk_path_bit_0421,0.0,0.0
rdk_path_bit_0422,-0.0,0.0
rdk_path_bit_0424,0.0,0.0
rdk_path_bit_0425,-0.0,0.0
rdk_path_bit_0426,0.0,0.0
rdk_path_bit_0427,0.0,0.0
rdk_path_bit_0405,-0.0,0.0
rdk_path_bit_0432,-0.0,0.0
rdk_path_bit_0433,-0.0,0.0
rdk_path_bit_0434,-0.0,0.0
rdk_path_bit_0435,0.0,0.0
rdk_path_bit_0436,-0.0,0.0
rdk_path_bit_0437,-0.0,0.0
rdk_path_bit_0439,-0.0,0.0
morgan_bit_0713,-0.0,0.0
rdk_path_bit_0398,-0.0,0.0
rdk_path_bit_0399,0.0,0.0
rdk_path_bit_0400,-0.0,0.0
rdk_path_bit_0401,0.0,0.0
rdk_path_bit_0402,0.0,0.0
rdk_path_bit_0429,-0.0,0.0
rdk_path_bit_0141,-0.0,0.0
rdk_path_bit_0142,0.0,0.0
rdk_path_bit_0143,-0.0,0.0
rdk_path_bit_0144,-0.0,0.0
rdk_path_bit_0145,0.0,0.0
rdk_path_bit_0147,0.0,0.0
rdk_path_bit_0149,-0.0,0.0
morgan_bit_0826,-0.0,0.0
morgan_bit_0827,-0.0,0.0
morgan_bit_0831,0.0,0.0
morgan_bit_0833,-0.0,0.0
morgan_bit_0836,-0.0,0.0
rdk_path_bit_0286,0.0,0.0
morgan_bit_0839,-0.0,0.0
morgan_bit_0840,-0.0,0.0
rdk_path_bit_0125,0.0,0.0
rdk_path_bit_0126,0.0,0.0
rdk_path_bit_0127,-0.0,0.0
rdk_path_bit_0128,0.0,0.0
rdk_path_bit_0129,-0.0,0.0
rdk_path_bit_0102,0.0,0.0
rdk_path_bit_0103,-0.0,0.0
rdk_path_bit_0104,0.0,0.0
rdk_path_bit_0106,-0.0,0.0
rdk_path_bit_0107,-0.0,0.0
morgan_bit_0838,-0.0,0.0
morgan_bit_0824,0.0,0.0
rdk_path_bit_0172,-0.0,0.0
rdk_path_bit_0173,-0.0,0.0
rdk_path_bit_0174,-0.0,0.0
rdk_path_bit_0175,0.0,0.0
rdk_path_bit_0150,-0.0,0.0
rdk_path_bit_0151,0.0,0.0
rdk_path_bit_0152,0.0,0.0
rdk_path_bit_0153,-0.0,0.0
rdk_path_bit_0155,0.0,0.0
rdk_path_bit_0156,0.0,0.0
rdk_path_bit_0157,0.0,0.0
rdk_path_bit_0140,0.0,0.0
rdk_path_bit_0160,-0.0,0.0
rdk_path_bit_0161,-0.0,0.0
rdk_path_bit_0162,0.0,0.0
rdk_path_bit_0163,0.0,0.0
rdk_path_bit_0164,-0.0,0.0
rdk_path_bit_0165,-0.0,0.0
rdk_path_bit_0166,0.0,0.0
rdk_path_bit_0130,-0.0,0.0
rdk_path_bit_0131,0.0,0.0
rdk_path_bit_0132,0.0,0.0
rdk_path_bit_0133,0.0,0.0
rdk_path_bit_0135,-0.0,0.0
rdk_path_bit_0136,-0.0,0.0
rdk_path_bit_0158,-0.0,0.0
rdk_path_bit_0072,0.0,0.0
morgan_bit_0842,-0.0,0.0
morgan_bit_0843,-0.0,0.0
morgan_bit_0846,0.0,0.0
morgan_bit_0847,0.0,0.0
morgan_bit_0849,0.0,0.0
morgan_bit_0850,-0.0,0.0
morgan_bit_0851,-0.0,0.0
morgan_bit_0852,0.0,0.0
rdk_path_bit_0075,-0.0,0.0
rdk_path_bit_0076,-0.0,0.0
rdk_path_bit_0079,0.0,0.0
rdk_path_bit_0108,0.0,0.0
rdk_path_bit_0045,0.0,0.0
rdk_path_bit_0046,0.0,0.0
rdk_path_bit_0049,0.0,0.0
rdk_path_bit_0053,-0.0,0.0
rdk_path_bit_0054,0.0,0.0
rdk_path_bit_0055,0.0,0.0
rdk_path_bit_0056,0.0,0.0
rdk_path_bit_0058,-0.0,0.0
rdk_path_bit_0059,0.0,0.0
rdk_path_bit_0061,0.0,0.0
rdk_path_bit_0062,0.0,0.0
rdk_path_bit_0063,-0.0,0.0
rdk_path_bit_0080,0.0,0.0
rdk_path_bit_0111,-0.0,0.0
rdk_path_bit_0112,0.0,0.0
rdk_path_bit_0113,0.0,0.0
rdk_path_bit_0115,-0.0,0.0
rdk_path_bit_0116,0.0,0.0
rdk_path_bit_0117,-0.0,0.0
rdk_path_bit_0118,0.0,0.0
rdk_path_bit_0119,0.0,0.0
rdk_path_bit_0120,0.0,0.0
morgan_bit_0825,0.0,0.0
rdk_path_bit_0082,0.0,0.0
rdk_path_bit_0085,0.0,0.0
rdk_path_bit_0071,-0.0,0.0
rdk_path_bit_0087,-0.0,0.0
rdk_path_bit_0088,0.0,0.0
rdk_path_bit_0089,-0.0,0.0
rdk_path_bit_0090,-0.0,0.0
rdk_path_bit_0091,-0.0,0.0
rdk_path_bit_0093,-0.0,0.0
rdk_path_bit_0095,0.0,0.0
rdk_path_bit_0096,-0.0,0.0
rdk_path_bit_0098,0.0,0.0
rdk_path_bit_0099,0.0,0.0
rdk_path_bit_0101,0.0,0.0
rdk_path_bit_0069,-0.0,0.0
rdk_path_bit_0070,-0.0,0.0
rdk_path_bit_0086,-0.0,0.0
rdk_path_bit_0258,0.0,0.0
rdk_path_bit_0259,-0.0,0.0
rdk_path_bit_0260,-0.0,0.0
rdk_path_bit_0262,-0.0,0.0
rdk_path_bit_0263,0.0,0.0
rdk_path_bit_0264,-0.0,0.0
rdk_path_bit_0266,-0.0,0.0
rdk_path_bit_0221,-0.0,0.0
rdk_path_bit_0222,-0.0,0.0
rdk_path_bit_0225,0.0,0.0
rdk_path_bit_0226,-0.0,0.0
rdk_path_bit_0227,0.0,0.0
morgan_bit_0823,0.0,0.0
rdk_path_bit_0230,0.0,0.0
rdk_path_bit_0233,-0.0,0.0
rdk_path_bit_0234,0.0,0.0
rdk_path_bit_0235,-0.0,0.0
rdk_path_bit_0237,0.0,0.0
rdk_path_bit_0238,-0.0,0.0
rdk_path_bit_0240,-0.0,0.0
rdk_path_bit_0242,-0.0,0.0
rdk_path_bit_0243,-0.0,0.0
rdk_path_bit_0216,-0.0,0.0
morgan_bit_0793,0.0,0.0
morgan_bit_0796,0.0,0.0
rdk_path_bit_0228,-0.0,0.0
rdk_path_bit_0289,0.0,0.0
rdk_path_bit_0293,0.0,0.0
rdk_path_bit_0268,-0.0,0.0
rdk_path_bit_0269,-0.0,0.0
rdk_path_bit_0270,0.0,0.0
rdk_path_bit_0271,-0.0,0.0
rdk_path_bit_0272,-0.0,0.0
rdk_path_bit_0273,0.0,0.0
rdk_path_bit_0275,-0.0,0.0
rdk_path_bit_0276,-0.0,0.0
rdk_path_bit_0277,-0.0,0.0
rdk_path_bit_0278,0.0,0.0
rdk_path_bit_0257,0.0,0.0
rdk_path_bit_0280,-0.0,0.0
morgan_bit_0777,0.0,0.0
morgan_bit_0778,-0.0,0.0
morgan_bit_0779,0.0,0.0
morgan_bit_0780,-0.0,0.0
rdk_path_bit_0245,0.0,0.0
rdk_path_bit_0247,-0.0,0.0
rdk_path_bit_0249,0.0,0.0
rdk_path_bit_0252,-0.0,0.0
rdk_path_bit_0253,-0.0,0.0
rdk_path_bit_0254,-0.0,0.0
rdk_path_bit_0255,0.0,0.0
rdk_path_bit_0256,-0.0,0.0
rdk_path_bit_0279,-0.0,0.0
rdk_path_bit_0176,-0.0,0.0
rdk_path_bit_0177,0.0,0.0
rdk_path_bit_0178,0.0,0.0
rdk_path_bit_0180,-0.0,0.0
rdk_path_bit_0182,-0.0,0.0
rdk_path_bit_0183,-0.0,0.0
rdk_path_bit_0184,-0.0,0.0
rdk_path_bit_0185,0.0,0.0
rdk_path_bit_0186,0.0,0.0
rdk_path_bit_0189,-0.0,0.0
rdk_path_bit_0190,0.0,0.0
rdk_path_bit_0191,-0.0,0.0
morgan_bit_0797,-0.0,0.0
rdk_path_bit_0193,-0.0,0.0
rdk_path_bit_0194,0.0,0.0
morgan_bit_0809,0.0,0.0
morgan_bit_0810,0.0,0.0
morgan_bit_0811,-0.0,0.0
morgan_bit_0813,0.0,0.0
morgan_bit_0814,-0.0,0.0
morgan_bit_0815,-0.0,0.0
morgan_bit_0816,-0.0,0.0
morgan_bit_0819,-0.0,0.0
morgan_bit_0820,0.0,0.0
morgan_bit_0821,0.0,0.0
rdk_path_bit_0192,-0.0,0.0
morgan_bit_0798,-0.0,0.0
morgan_bit_0799,0.0,0.0
morgan_bit_0800,0.0,0.0
morgan_bit_0801,0.0,0.0
morgan_bit_0802,0.0,0.0
morgan_bit_0803,-0.0,0.0
morgan_bit_0804,0.0,0.0
morgan_bit_0806,-0.0,0.0
morgan_bit_0808,-0.0,0.0
rdk_path_bit_0217,0.0,0.0
rdk_path_bit_0218,-0.0,0.0
rdk_path_bit_0220,0.0,0.0
rdk_path_bit_0214,-0.0,0.0
rdk_path_bit_0196,0.0,0.0
rdk_path_bit_0197,0.0,0.0
rdk_path_bit_0199,-0.0,0.0
rdk_path_bit_0201,0.0,0.0
rdk_path_bit_0203,0.0,0.0
rdk_path_bit_0204,0.0,0.0
rdk_path_bit_0206,0.0,0.0
rdk_path_bit_0208,-0.0,0.0
rdk_path_bit_0209,-0.0,0.0
rdk_path_bit_0210,0.0,0.0
rdk_path_bit_0211,0.0,0.0
rdk_path_bit_0212,0.0,0.0
rdk_path_bit_0213,-0.0,0.0
rdk_path_bit_0195,0.0,0.0
rdk_path_bit_0785,-0.0,0.0
rdk_path_bit_0788,-0.0,0.0
rdk_path_bit_0789,-0.0,0.0
rdk_path_bit_0791,-0.0,0.0
rdk_path_bit_0792,0.0,0.0
rdk_path_bit_0795,0.0,0.0
rdk_path_bit_0796,0.0,0.0
rdk_path_bit_0797,0.0,0.0
rdk_path_bit_0798,0.0,0.0
rdk_path_bit_0799,-0.0,0.0
rdk_path_bit_0800,0.0,0.0
rdk_path_bit_0802,0.0,0.0
rdk_path_bit_0481,0.0,0.0
rdk_path_bit_0804,0.0,0.0
rdk_path_bit_0805,0.0,0.0
rdk_path_bit_0806,0.0,0.0
rdk_path_bit_0774,-0.0,0.0
rdk_path_bit_0775,0.0,0.0
rdk_path_bit_0776,-0.0,0.0
morgan_bit_0583,-0.0,0.0
morgan_bit_0584,-0.0,0.0
morgan_bit_0586,-0.0,0.0
morgan_bit_0589,-0.0,0.0
morgan_bit_0592,-0.0,0.0
morgan_bit_0593,0.0,0.0
rdk_path_bit_0803,0.0,0.0
morgan_bit_0574,0.0,0.0
morgan_bit_0575,-0.0,0.0
morgan_bit_0576,0.0,0.0
morgan_bit_0577,-0.0,0.0
morgan_bit_0578,-0.0,0.0
morgan_bit_0579,-0.0,0.0
morgan_bit_0580,0.0,0.0
morgan_bit_0581,-0.0,0.0
rdk_path_bit_0827,0.0,0.0
rdk_path_bit_0828,0.0,0.0
rdk_path_bit_0829,-0.0,0.0
rdk_path_bit_0807,-0.0,0.0
morgan_bit_0566,-0.0,0.0
rdk_path_bit_0809,0.0,0.0
rdk_path_bit_0810,0.0,0.0
rdk_path_bit_0811,0.0,0.0
rdk_path_bit_0814,0.0,0.0
rdk_path_bit_0816,-0.0,0.0
rdk_path_bit_0817,-0.0,0.0
rdk_path_bit_0818,0.0,0.0
rdk_path_bit_0819,0.0,0.0
rdk_path_bit_0820,0.0,0.0
rdk_path_bit_0821,-0.0,0.0
rdk_path_bit_0824,-0.0,0.0
morgan_bit_0565,-0.0,0.0
rdk_path_bit_0808,-0.0,0.0
rdk_path_bit_0745,-0.0,0.0
rdk_path_bit_0746,0.0,0.0
rdk_path_bit_0747,-0.0,0.0
rdk_path_bit_0748,0.0,0.0
rdk_path_bit_0749,-0.0,0.0
rdk_path_bit_0750,-0.0,0.0
rdk_path_bit_0751,0.0,0.0
rdk_path_bit_0752,0.0,0.0
morgan_bit_0602,-0.0,0.0
morgan_bit_0603,-0.0,0.0
morgan_bit_0604,-0.0,0.0
morgan_bit_0606,-0.0,0.0
morgan_bit_0594,0.0,0.0
morgan_bit_0608,0.0,0.0
morgan_bit_0609,0.0,0.0
morgan_bit_0610,0.0,0.0
morgan_bit_0611,0.0,0.0
morgan_bit_0612,-0.0,0.0
morgan_bit_0613,-0.0,0.0
rdk_path_bit_0730,-0.0,0.0
rdk_path_bit_0731,-0.0,0.0
rdk_path_bit_0732,-0.0,0.0
rdk_path_bit_0733,0.0,0.0
rdk_path_bit_0715,0.0,0.0
rdk_path_bit_0716,-0.0,0.0
morgan_bit_0607,0.0,0.0
morgan_bit_0595,0.0,0.0
morgan_bit_0596,-0.0,0.0
morgan_bit_0597,0.0,0.0
rdk_path_bit_0777,0.0,0.0
rdk_path_bit_0779,-0.0,0.0
rdk_path_bit_0753,0.0,0.0
rdk_path_bit_0754,-0.0,0.0
rdk_path_bit_0760,-0.0,0.0
rdk_path_bit_0761,-0.0,0.0
rdk_path_bit_0762,0.0,0.0
rdk_path_bit_0763,-0.0,0.0
rdk_path_bit_0764,-0.0,0.0
rdk_path_bit_0744,0.0,0.0
rdk_path_bit_0767,-0.0,0.0
rdk_path_bit_0769,0.0,0.0
rdk_path_bit_0770,0.0,0.0
rdk_path_bit_0771,0.0,0.0
rdk_path_bit_0772,-0.0,0.0
rdk_path_bit_0773,0.0,0.0
rdk_path_bit_0735,-0.0,0.0
rdk_path_bit_0736,-0.0,0.0
rdk_path_bit_0737,-0.0,0.0
rdk_path_bit_0738,0.0,0.0
rdk_path_bit_0740,-0.0,0.0
rdk_path_bit_0741,0.0,0.0
rdk_path_bit_0743,-0.0,0.0
rdk_path_bit_0766,0.0,0.0
rdk_path_bit_0903,0.0,0.0
rdk_path_bit_0904,0.0,0.0
rdk_path_bit_0905,0.0,0.0
rdk_path_bit_0906,0.0,0.0
rdk_path_bit_0908,0.0,0.0
rdk_path_bit_0909,-0.0,0.0
rdk_path_bit_0910,-0.0,0.0
rdk_path_bit_0913,-0.0,0.0
rdk_path_bit_0914,0.0,0.0
rdk_path_bit_0915,0.0,0.0
rdk_path_bit_0916,0.0,0.0
rdk_path_bit_0918,0.0,0.0
morgan_bit_0573,-0.0,0.0
rdk_path_bit_0920,-0.0,0.0
rdk_path_bit_0882,-0.0,0.0
rdk_path_bit_0884,-0.0,0.0
rdk_path_bit_0885,0.0,0.0
rdk_path_bit_0886,-0.0,0.0
rdk_path_bit_0887,-0.0,0.0
rdk_path_bit_0888,0.0,0.0
rdk_path_bit_0889,-0.0,0.0
rdk_path_bit_0890,0.0,0.0
rdk_path_bit_0891,0.0,0.0
rdk_path_bit_0892,0.0,0.0
rdk_path_bit_0893,0.0,0.0
rdk_path_bit_0919,-0.0,0.0
rdk_path_bit_0936,-0.0,0.0
rdk_path_bit_0939,-0.0,0.0
rdk_path_bit_0940,0.0,0.0
rdk_path_bit_0941,-0.0,0.0
rdk_path_bit_0942,-0.0,0.0
rdk_path_bit_0943,-0.0,0.0
rdk_path_bit_0944,-0.0,0.0
rdk_path_bit_0946,-0.0,0.0
rdk_path_bit_0947,0.0,0.0
morgan_bit_0533,-0.0,0.0
morgan_bit_0534,0.0,0.0
morgan_bit_0535,0.0,0.0
rdk_path_bit_0902,-0.0,0.0
morgan_bit_0537,-0.0,0.0
morgan_bit_0538,-0.0,0.0
morgan_bit_0540,0.0,0.0
morgan_bit_0541,-0.0,0.0
morgan_bit_0542,-0.0,0.0
morgan_bit_0543,0.0,0.0
morgan_bit_0544,-0.0,0.0
morgan_bit_0547,-0.0,0.0
morgan_bit_0548,0.0,0.0
rdk_path_bit_0922,0.0,0.0
rdk_path_bit_0924,0.0,0.0
rdk_path_bit_0926,-0.0,0.0
rdk_path_bit_0901,-0.0,0.0
morgan_bit_0536,0.0,0.0
morgan_bit_0561,-0.0,0.0
morgan_bit_0563,0.0,0.0
morgan_bit_0564,0.0,0.0
rdk_path_bit_0857,-0.0,0.0
rdk_path_bit_0858,0.0,0.0
rdk_path_bit_0859,-0.0,0.0
rdk_path_bit_0860,-0.0,0.0
rdk_path_bit_0833,0.0,0.0
rdk_path_bit_0835,-0.0,0.0
rdk_path_bit_0837,-0.0,0.0
rdk_path_bit_0841,0.0,0.0
rdk_path_bit_0842,0.0,0.0
rdk_path_bit_0894,-0.0,0.0
rdk_path_bit_0846,-0.0,0.0
rdk_path_bit_0847,0.0,0.0
rdk_path_bit_0848,0.0,0.0
rdk_path_bit_0849,-0.0,0.0
rdk_path_bit_0851,-0.0,0.0
rdk_path_bit_0852,-0.0,0.0
rdk_path_bit_0855,0.0,0.0
rdk_path_bit_0856,-0.0,0.0
morgan_bit_0567,-0.0,0.0
morgan_bit_0568,-0.0,0.0
morgan_bit_0569,0.0,0.0
morgan_bit_0570,0.0,0.0
rdk_path_bit_0843,0.0,0.0
rdk_path_bit_0896,0.0,0.0
rdk_path_bit_0897,-0.0,0.0
rdk_path_bit_0898,0.0,0.0
rdk_path_bit_0899,0.0,0.0
rdk_path_bit_0862,-0.0,0.0
rdk_path_bit_0866,0.0,0.0
rdk_path_bit_0867,0.0,0.0
rdk_path_bit_0869,0.0,0.0
rdk_path_bit_0870,0.0,0.0
rdk_path_bit_0871,0.0,0.0
rdk_path_bit_0872,0.0,0.0
rdk_path_bit_0873,-0.0,0.0
morgan_bit_0560,0.0,0.0
rdk_path_bit_0875,0.0,0.0
rdk_path_bit_0877,0.0,0.0
rdk_path_bit_0878,-0.0,0.0
maplight_morgan_0456,-0.0,0.0
rdk_path_bit_0880,-0.0,0.0
rdk_path_bit_0881,-0.0,0.0
morgan_bit_0549,-0.0,0.0
morgan_bit_0551,0.0,0.0
morgan_bit_0552,0.0,0.0
morgan_bit_0553,-0.0,0.0
morgan_bit_0554,-0.0,0.0
morgan_bit_0555,0.0,0.0
morgan_bit_0559,0.0,0.0
rdk_path_bit_0874,-0.0,0.0
rdk_path_bit_0561,-0.0,0.0
rdk_path_bit_0563,-0.0,0.0
rdk_path_bit_0565,-0.0,0.0
rdk_path_bit_0566,0.0,0.0
rdk_path_bit_0567,-0.0,0.0
rdk_path_bit_0568,0.0,0.0
rdk_path_bit_0569,0.0,0.0
rdk_path_bit_0571,-0.0,0.0
rdk_path_bit_0573,-0.0,0.0
rdk_path_bit_0574,0.0,0.0
rdk_path_bit_0578,-0.0,0.0
rdk_path_bit_0580,-0.0,0.0
rdk_path_bit_0717,-0.0,0.0
rdk_path_bit_0583,-0.0,0.0
morgan_bit_0665,0.0,0.0
morgan_bit_0666,-0.0,0.0
morgan_bit_0667,-0.0,0.0
morgan_bit_0668,-0.0,0.0
morgan_bit_0670,-0.0,0.0
morgan_bit_0672,-0.0,0.0
morgan_bit_0673,0.0,0.0
morgan_bit_0675,0.0,0.0
morgan_bit_0676,-0.0,0.0
morgan_bit_0677,-0.0,0.0
morgan_bit_0678,0.0,0.0
rdk_path_bit_0581,-0.0,0.0
morgan_bit_0654,0.0,0.0
morgan_bit_0656,-0.0,0.0
morgan_bit_0657,0.0,0.0
morgan_bit_0658,0.0,0.0
morgan_bit_0659,-0.0,0.0
morgan_bit_0660,0.0,0.0
rdk_path_bit_0601,-0.0,0.0
rdk_path_bit_0603,-0.0,0.0
rdk_path_bit_0604,0.0,0.0
rdk_path_bit_0606,0.0,0.0
rdk_path_bit_0610,-0.0,0.0
rdk_path_bit_0584,0.0,0.0
rdk_path_bit_0560,-0.0,0.0
rdk_path_bit_0586,0.0,0.0
rdk_path_bit_0587,-0.0,0.0
rdk_path_bit_0588,0.0,0.0
rdk_path_bit_0589,-0.0,0.0
rdk_path_bit_0592,0.0,0.0
rdk_path_bit_0593,-0.0,0.0
rdk_path_bit_0596,0.0,0.0
rdk_path_bit_0597,-0.0,0.0
morgan_bit_0646,-0.0,0.0
morgan_bit_0647,-0.0,0.0
morgan_bit_0648,-0.0,0.0
morgan_bit_0649,0.0,0.0
morgan_bit_0650,-0.0,0.0
rdk_path_bit_0585,0.0,0.0
morgan_bit_0691,0.0,0.0
morgan_bit_0692,-0.0,0.0
morgan_bit_0693,-0.0,0.0
morgan_bit_0695,-0.0,0.0
rdk_path_bit_0521,0.0,0.0
rdk_path_bit_0522,-0.0,0.0
rdk_path_bit_0523,-0.0,0.0
rdk_path_bit_0524,0.0,0.0
rdk_path_bit_0526,0.0,0.0
rdk_path_bit_0500,0.0,0.0
rdk_path_bit_0502,-0.0,0.0
rdk_path_bit_0503,-0.0,0.0
rdk_path_bit_0553,0.0,0.0
rdk_path_bit_0507,0.0,0.0
rdk_path_bit_0509,0.0,0.0
rdk_path_bit_0510,-0.0,0.0
rdk_path_bit_0511,0.0,0.0
rdk_path_bit_0512,-0.0,0.0
rdk_path_bit_0514,-0.0,0.0
rdk_path_bit_0515,-0.0,0.0
rdk_path_bit_0516,-0.0,0.0
rdk_path_bit_0517,-0.0,0.0
rdk_path_bit_0519,-0.0,0.0
rdk_path_bit_0520,0.0,0.0
morgan_bit_0679,-0.0,0.0
rdk_path_bit_0504,0.0,0.0
rdk_path_bit_0554,-0.0,0.0
rdk_path_bit_0555,-0.0,0.0
rdk_path_bit_0556,0.0,0.0
rdk_path_bit_0557,-0.0,0.0
rdk_path_bit_0527,-0.0,0.0
rdk_path_bit_0528,-0.0,0.0
rdk_path_bit_0530,0.0,0.0
rdk_path_bit_0531,0.0,0.0
rdk_path_bit_0534,-0.0,0.0
rdk_path_bit_0535,-0.0,0.0
rdk_path_bit_0538,0.0,0.0
rdk_path_bit_0540,-0.0,0.0
morgan_bit_0689,-0.0,0.0
rdk_path_bit_0545,0.0,0.0
rdk_path_bit_0546,0.0,0.0
rdk_path_bit_0547,0.0,0.0
rdk_path_bit_0548,0.0,0.0
rdk_path_bit_0551,0.0,0.0
rdk_path_bit_0552,0.0,0.0
morgan_bit_0662,0.0,0.0
morgan_bit_0680,-0.0,0.0
morgan_bit_0681,0.0,0.0
morgan_bit_0682,-0.0,0.0
morgan_bit_0684,0.0,0.0
morgan_bit_0685,-0.0,0.0
morgan_bit_0686,0.0,0.0
rdk_path_bit_0544,0.0,0.0
morgan_bit_0619,0.0,0.0
morgan_bit_0620,0.0,0.0
morgan_bit_0621,0.0,0.0
morgan_bit_0622,-0.0,0.0
morgan_bit_0623,0.0,0.0
morgan_bit_0624,0.0,0.0
morgan_bit_0625,0.0,0.0
morgan_bit_0626,-0.0,0.0
morgan_bit_0627,0.0,0.0
morgan_bit_0628,0.0,0.0
morgan_bit_0629,0.0,0.0
rdk_path_bit_0683,-0.0,0.0
morgan_bit_0653,-0.0,0.0
rdk_path_bit_0685,-0.0,0.0
rdk_path_bit_0686,-0.0,0.0
rdk_path_bit_0665,-0.0,0.0
rdk_path_bit_0667,-0.0,0.0
rdk_path_bit_0668,-0.0,0.0
rdk_path_bit_0669,-0.0,0.0
rdk_path_bit_0670,-0.0,0.0
rdk_path_bit_0671,0.0,0.0
rdk_path_bit_0672,-0.0,0.0
rdk_path_bit_0673,0.0,0.0
rdk_path_bit_0674,-0.0,0.0
rdk_path_bit_0675,-0.0,0.0
rdk_path_bit_0684,-0.0,0.0
rdk_path_bit_0718,-0.0,0.0
rdk_path_bit_0719,0.0,0.0
rdk_path_bit_0720,-0.0,0.0
rdk_path_bit_0722,0.0,0.0
rdk_path_bit_0723,-0.0,0.0
rdk_path_bit_0724,0.0,0.0
rdk_path_bit_0725,0.0,0.0
rdk_path_bit_0728,0.0,0.0
morgan_bit_0598,-0.0,0.0
morgan_bit_0599,-0.0,0.0
morgan_bit_0600,0.0,0.0
morgan_bit_0601,0.0,0.0
morgan_bit_0617,-0.0,0.0
rdk_path_bit_0689,0.0,0.0
rdk_path_bit_0690,0.0,0.0
rdk_path_bit_0691,0.0,0.0
rdk_path_bit_0696,0.0,0.0
rdk_path_bit_0701,0.0,0.0
rdk_path_bit_0704,-0.0,0.0
rdk_path_bit_0705,-0.0,0.0
rdk_path_bit_0706,-0.0,0.0
rdk_path_bit_0708,-0.0,0.0
rdk_path_bit_0710,0.0,0.0
rdk_path_bit_0711,0.0,0.0
rdk_path_bit_0713,-0.0,0.0
rdk_path_bit_0714,-0.0,0.0
rdk_path_bit_0687,-0.0,0.0
rdk_path_bit_0631,0.0,0.0
rdk_path_bit_0633,0.0,0.0
rdk_path_bit_0634,0.0,0.0
rdk_path_bit_0635,0.0,0.0
rdk_path_bit_0636,-0.0,0.0
rdk_path_bit_0638,0.0,0.0
rdk_path_bit_0639,0.0,0.0
rdk_path_bit_0640,0.0,0.0
rdk_path_bit_0641,-0.0,0.0
rdk_path_bit_0612,-0.0,0.0
rdk_path_bit_0613,-0.0,0.0
rdk_path_bit_0614,0.0,0.0
rdk_path_bit_0676,0.0,0.0
rdk_path_bit_0616,0.0,0.0
morgan_bit_0631,0.0,0.0
morgan_bit_0632,0.0,0.0
morgan_bit_0633,0.0,0.0
morgan_bit_0634,0.0,0.0
morgan_bit_0637,0.0,0.0
morgan_bit_0638,-0.0,0.0
morgan_bit_0639,0.0,0.0
morgan_bit_0640,-0.0,0.0
morgan_bit_0641,0.0,0.0
morgan_bit_0643,0.0,0.0
morgan_bit_0644,-0.0,0.0
rdk_path_bit_0615,-0.0,0.0
rdk_path_bit_0678,0.0,0.0
rdk_path_bit_0679,-0.0,0.0
morgan_bit_0614,-0.0,0.0
morgan_bit_0616,-0.0,0.0
rdk_path_bit_0642,0.0,0.0
rdk_path_bit_0646,0.0,0.0
rdk_path_bit_0647,0.0,0.0
rdk_path_bit_0648,0.0,0.0
rdk_path_bit_0650,-0.0,0.0
rdk_path_bit_0652,0.0,0.0
rdk_path_bit_0653,-0.0,0.0
rdk_path_bit_0654,0.0,0.0
rdk_path_bit_0630,0.0,0.0
rdk_path_bit_0656,-0.0,0.0
rdk_path_bit_0658,-0.0,0.0
rdk_path_bit_0659,0.0,0.0
rdk_path_bit_0660,-0.0,0.0
rdk_path_bit_0662,0.0,0.0
rdk_path_bit_0663,0.0,0.0
rdk_path_bit_0664,0.0,0.0
rdk_path_bit_0617,-0.0,0.0
rdk_path_bit_0620,-0.0,0.0
rdk_path_bit_0621,0.0,0.0
rdk_path_bit_0622,-0.0,0.0
rdk_path_bit_0627,-0.0,0.0
rdk_path_bit_0629,-0.0,0.0
rdk_path_bit_0655,-0.0,0.0
avalon_count_0740,0.0,0.0
avalon_count_0741,-0.0,0.0
avalon_count_0742,0.0,0.0
avalon_count_0743,-0.0,0.0
avalon_count_0745,0.0,0.0
avalon_count_0746,-0.0,0.0
avalon_count_0747,-0.0,0.0
avalon_count_0750,-0.0,0.0
avalon_count_0751,0.0,0.0
morgan_bit_0096,-0.0,0.0
morgan_bit_0097,-0.0,0.0
morgan_bit_0098,-0.0,0.0
morgan_bit_0338,-0.0,0.0
morgan_bit_0100,-0.0,0.0
avalon_count_0720,-0.0,0.0
avalon_count_0721,-0.0,0.0
avalon_count_0722,0.0,0.0
avalon_count_0723,0.0,0.0
avalon_count_0724,0.0,0.0
avalon_count_0725,0.0,0.0
avalon_count_0726,-0.0,0.0
avalon_count_0727,0.0,0.0
avalon_count_0729,-0.0,0.0
avalon_count_0730,0.0,0.0
avalon_count_0731,0.0,0.0
morgan_bit_0099,0.0,0.0
avalon_count_0767,0.0,0.0
avalon_count_0768,0.0,0.0
avalon_count_0769,0.0,0.0
avalon_count_0770,-0.0,0.0
avalon_count_0771,-0.0,0.0
avalon_count_0772,0.0,0.0
avalon_count_0773,0.0,0.0
avalon_count_0774,0.0,0.0
avalon_count_0776,0.0,0.0
avalon_count_0777,0.0,0.0
morgan_bit_0101,-0.0,0.0
morgan_bit_0102,-0.0,0.0
avalon_count_0739,-0.0,0.0
morgan_bit_0104,0.0,0.0
morgan_bit_0105,-0.0,0.0
morgan_bit_0106,0.0,0.0
morgan_bit_0107,0.0,0.0
morgan_bit_0108,-0.0,0.0
morgan_bit_0110,-0.0,0.0
morgan_bit_0111,0.0,0.0
avalon_count_0753,0.0,0.0
avalon_count_0754,-0.0,0.0
avalon_count_0756,-0.0,0.0
avalon_count_0757,-0.0,0.0
avalon_count_0758,0.0,0.0
avalon_count_0759,-0.0,0.0
morgan_bit_0103,-0.0,0.0
avalon_count_0695,-0.0,0.0
avalon_count_0696,0.0,0.0
avalon_count_0697,-0.0,0.0
avalon_count_0698,0.0,0.0
avalon_count_0699,0.0,0.0
avalon_count_0700,0.0,0.0
avalon_count_0701,-0.0,0.0
avalon_count_0663,0.0,0.0
avalon_count_0664,0.0,0.0
avalon_count_0665,0.0,0.0
avalon_count_0666,-0.0,0.0
avalon_count_0669,0.0,0.0
avalon_count_0732,0.0,0.0
avalon_count_0672,-0.0,0.0
avalon_count_0673,-0.0,0.0
avalon_count_0674,0.0,0.0
avalon_count_0676,-0.0,0.0
avalon_count_0679,0.0,0.0
avalon_count_0680,-0.0,0.0
avalon_count_0681,-0.0,0.0
avalon_count_0683,0.0,0.0
avalon_count_0684,-0.0,0.0
morgan_bit_0115,0.0,0.0
morgan_bit_0116,0.0,0.0
morgan_bit_0117,0.0,0.0
avalon_count_0671,-0.0,0.0
avalon_count_0734,0.0,0.0
avalon_count_0736,0.0,0.0
avalon_count_0737,-0.0,0.0
avalon_count_0702,-0.0,0.0
avalon_count_0703,-0.0,0.0
avalon_count_0704,-0.0,0.0
avalon_count_0705,0.0,0.0
avalon_count_0706,-0.0,0.0
avalon_count_0707,0.0,0.0
avalon_count_0708,0.0,0.0
avalon_count_0710,-0.0,0.0
avalon_count_0711,-0.0,0.0
avalon_count_0694,0.0,0.0
avalon_count_0714,0.0,0.0
avalon_count_0715,-0.0,0.0
avalon_count_0717,0.0,0.0
avalon_count_0718,0.0,0.0
avalon_count_0719,0.0,0.0
avalon_count_0685,0.0,0.0
avalon_count_0687,0.0,0.0
avalon_count_0688,-0.0,0.0
avalon_count_0689,0.0,0.0
avalon_count_0690,-0.0,0.0
avalon_count_0691,0.0,0.0
avalon_count_0692,-0.0,0.0
avalon_count_0693,0.0,0.0
avalon_count_0713,-0.0,0.0
avalon_count_0852,-0.0,0.0
avalon_count_0853,-0.0,0.0
avalon_count_0854,0.0,0.0
avalon_count_0855,0.0,0.0
avalon_count_0856,0.0,0.0
avalon_count_0857,-0.0,0.0
avalon_count_0858,-0.0,0.0
avalon_count_0859,-0.0,0.0
avalon_count_0861,-0.0,0.0
avalon_count_0862,0.0,0.0
avalon_count_0863,0.0,0.0
avalon_count_0864,-0.0,0.0
avalon_count_0766,-0.0,0.0
avalon_count_0829,-0.0,0.0
avalon_count_0830,0.0,0.0
avalon_count_0831,-0.0,0.0
avalon_count_0832,-0.0,0.0
avalon_count_0833,0.0,0.0
avalon_count_0837,0.0,0.0
avalon_count_0838,-0.0,0.0
avalon_count_0839,0.0,0.0
avalon_count_0840,0.0,0.0
avalon_count_0841,0.0,0.0
avalon_count_0843,0.0,0.0
avalon_count_0844,-0.0,0.0
avalon_count_0828,-0.0,0.0
avalon_count_0890,0.0,0.0
avalon_count_0891,0.0,0.0
avalon_count_0892,0.0,0.0
avalon_count_0893,-0.0,0.0
avalon_count_0894,-0.0,0.0
avalon_count_0895,0.0,0.0
avalon_count_0896,-0.0,0.0
avalon_count_0865,-0.0,0.0
avalon_count_0866,-0.0,0.0
avalon_count_0867,0.0,0.0
avalon_count_0868,0.0,0.0
avalon_count_0869,-0.0,0.0
avalon_count_0851,0.0,0.0
avalon_count_0871,0.0,0.0
avalon_count_0872,-0.0,0.0
avalon_count_0873,0.0,0.0
avalon_count_0874,-0.0,0.0
avalon_count_0875,0.0,0.0
avalon_count_0876,-0.0,0.0
avalon_count_0877,0.0,0.0
avalon_count_0878,-0.0,0.0
avalon_count_0879,0.0,0.0
avalon_count_0880,0.0,0.0
avalon_count_0847,0.0,0.0
avalon_count_0849,0.0,0.0
avalon_count_0850,-0.0,0.0
avalon_count_0870,-0.0,0.0
avalon_count_0805,0.0,0.0
avalon_count_0806,-0.0,0.0
avalon_count_0807,-0.0,0.0
avalon_count_0809,0.0,0.0
avalon_count_0810,-0.0,0.0
avalon_count_0778,-0.0,0.0
avalon_count_0779,-0.0,0.0
avalon_count_0780,0.0,0.0
avalon_count_0781,-0.0,0.0
avalon_count_0782,0.0,0.0
avalon_count_0783,0.0,0.0
avalon_count_0784,-0.0,0.0
avalon_count_0845,-0.0,0.0
avalon_count_0786,0.0,0.0
avalon_count_0787,-0.0,0.0
avalon_count_0788,0.0,0.0
avalon_count_0789,-0.0,0.0
avalon_count_0790,0.0,0.0
avalon_count_0791,0.0,0.0
avalon_count_0792,-0.0,0.0
avalon_count_0793,0.0,0.0
avalon_count_0760,-0.0,0.0
avalon_count_0761,0.0,0.0
avalon_count_0762,-0.0,0.0
avalon_count_0763,0.0,0.0
avalon_count_0765,-0.0,0.0
avalon_count_0785,0.0,0.0
avalon_count_0846,0.0,0.0
avalon_count_0811,0.0,0.0
avalon_count_0812,-0.0,0.0
avalon_count_0813,-0.0,0.0
avalon_count_0814,0.0,0.0
avalon_count_0815,0.0,0.0
avalon_count_0816,-0.0,0.0
avalon_count_0817,0.0,0.0
avalon_count_0819,0.0,0.0
avalon_count_0820,0.0,0.0
avalon_count_0821,-0.0,0.0
avalon_count_0822,-0.0,0.0
avalon_count_0804,-0.0,0.0
avalon_count_0824,-0.0,0.0
avalon_count_0825,0.0,0.0
avalon_count_0826,0.0,0.0
avalon_count_0827,-0.0,0.0
avalon_count_0794,-0.0,0.0
avalon_count_0796,0.0,0.0
avalon_count_0797,-0.0,0.0
avalon_count_0798,-0.0,0.0
avalon_count_0799,-0.0,0.0
avalon_count_0800,0.0,0.0
avalon_count_0801,0.0,0.0
avalon_count_0802,-0.0,0.0
avalon_count_0803,0.0,0.0
avalon_count_0823,0.0,0.0
avalon_count_0536,0.0,0.0
avalon_count_0537,0.0,0.0
avalon_count_0538,-0.0,0.0
avalon_count_0539,0.0,0.0
avalon_count_0507,-0.0,0.0
avalon_count_0508,-0.0,0.0
avalon_count_0509,0.0,0.0
avalon_count_0510,-0.0,0.0
avalon_count_0511,-0.0,0.0
avalon_count_0512,-0.0,0.0
avalon_count_0513,0.0,0.0
avalon_count_0514,0.0,0.0
morgan_bit_0119,-0.0,0.0
avalon_count_0516,-0.0,0.0
avalon_count_0517,0.0,0.0
avalon_count_0518,0.0,0.0
avalon_count_0519,0.0,0.0
avalon_count_0520,-0.0,0.0
avalon_count_0521,0.0,0.0
avalon_count_0522,-0.0,0.0
avalon_count_0488,0.0,0.0
avalon_count_0489,0.0,0.0
avalon_count_0490,0.0,0.0
avalon_count_0493,-0.0,0.0
avalon_count_0494,-0.0,0.0
avalon_count_0515,-0.0,0.0
avalon_count_0541,0.0,0.0
avalon_count_0542,0.0,0.0
avalon_count_0543,-0.0,0.0
avalon_count_0544,0.0,0.0
avalon_count_0545,0.0,0.0
avalon_count_0546,-0.0,0.0
avalon_count_0547,0.0,0.0
avalon_count_0549,-0.0,0.0
avalon_count_0550,0.0,0.0
avalon_count_0551,-0.0,0.0
avalon_count_0552,0.0,0.0
avalon_count_0553,0.0,0.0
avalon_count_0535,0.0,0.0
avalon_count_0556,0.0,0.0
avalon_count_0557,-0.0,0.0
avalon_count_0523,0.0,0.0
avalon_count_0524,-0.0,0.0
avalon_count_0525,-0.0,0.0
avalon_count_0527,0.0,0.0
avalon_count_0528,0.0,0.0
avalon_count_0529,0.0,0.0
avalon_count_0530,0.0,0.0
avalon_count_0531,-0.0,0.0
avalon_count_0532,0.0,0.0
avalon_count_0533,0.0,0.0
avalon_count_0534,0.0,0.0
avalon_count_0554,-0.0,0.0
avalon_count_0458,0.0,0.0
avalon_count_0459,0.0,0.0
avalon_count_0460,-0.0,0.0
avalon_count_0461,0.0,0.0
avalon_count_0462,-0.0,0.0
avalon_count_0463,0.0,0.0
avalon_count_0464,0.0,0.0
avalon_count_0465,0.0,0.0
avalon_count_0466,-0.0,0.0
avalon_count_0467,0.0,0.0
avalon_count_0468,0.0,0.0
avalon_count_0469,0.0,0.0
avalon_count_0495,0.0,0.0
avalon_count_0471,0.0,0.0
avalon_count_0439,-0.0,0.0
avalon_count_0440,0.0,0.0
avalon_count_0441,-0.0,0.0
avalon_count_0442,0.0,0.0
avalon_count_0444,0.0,0.0
avalon_count_0445,-0.0,0.0
avalon_count_0446,-0.0,0.0
avalon_count_0447,0.0,0.0
avalon_count_0448,-0.0,0.0
avalon_count_0449,0.0,0.0
avalon_count_0450,0.0,0.0
avalon_count_0470,0.0,0.0
avalon_count_0496,0.0,0.0
avalon_count_0498,-0.0,0.0
avalon_count_0499,0.0,0.0
avalon_count_0500,-0.0,0.0
avalon_count_0501,-0.0,0.0
avalon_count_0502,-0.0,0.0
avalon_count_0503,0.0,0.0
avalon_count_0504,-0.0,0.0
avalon_count_0505,0.0,0.0
avalon_count_0506,-0.0,0.0
avalon_count_0472,-0.0,0.0
avalon_count_0473,0.0,0.0
avalon_count_0457,0.0,0.0
avalon_count_0475,0.0,0.0
avalon_count_0476,-0.0,0.0
avalon_count_0477,-0.0,0.0
avalon_count_0478,-0.0,0.0
avalon_count_0479,0.0,0.0
avalon_count_0480,-0.0,0.0
avalon_count_0481,0.0,0.0
avalon_count_0482,0.0,0.0
avalon_count_0483,0.0,0.0
avalon_count_0484,-0.0,0.0
avalon_count_0485,-0.0,0.0
avalon_count_0486,-0.0,0.0
avalon_count_0456,-0.0,0.0
avalon_count_0474,0.0,0.0
morgan_bit_0114,-0.0,0.0
avalon_count_0619,-0.0,0.0
avalon_count_0620,-0.0,0.0
avalon_count_0621,-0.0,0.0
avalon_count_0623,0.0,0.0
avalon_count_0625,-0.0,0.0
avalon_count_0626,0.0,0.0
avalon_count_0627,0.0,0.0
avalon_count_0628,-0.0,0.0
avalon_count_0629,0.0,0.0
avalon_count_0630,-0.0,0.0
avalon_count_0631,-0.0,0.0
avalon_count_0540,-0.0,0.0
avalon_count_0633,-0.0,0.0
avalon_count_0634,0.0,0.0
avalon_count_0635,-0.0,0.0
avalon_count_0636,-0.0,0.0
avalon_count_0601,0.0,0.0
avalon_count_0602,0.0,0.0
avalon_count_0603,-0.0,0.0
avalon_count_0604,-0.0,0.0
avalon_count_0605,-0.0,0.0
avalon_count_0606,0.0,0.0
avalon_count_0608,0.0,0.0
avalon_count_0610,0.0,0.0
avalon_count_0632,0.0,0.0
morgan_bit_0120,-0.0,0.0
morgan_bit_0123,0.0,0.0
morgan_bit_0126,-0.0,0.0
morgan_bit_0127,-0.0,0.0
morgan_bit_0128,-0.0,0.0
avalon_count_0656,0.0,0.0
avalon_count_0657,0.0,0.0
avalon_count_0658,-0.0,0.0
avalon_count_0659,-0.0,0.0
avalon_count_0660,-0.0,0.0
avalon_count_0661,0.0,0.0
avalon_count_0662,0.0,0.0
avalon_count_0655,-0.0,0.0
avalon_count_0638,-0.0,0.0
avalon_count_0639,-0.0,0.0
avalon_count_0641,-0.0,0.0
avalon_count_0642,0.0,0.0
avalon_count_0643,0.0,0.0
avalon_count_0645,-0.0,0.0
avalon_count_0646,0.0,0.0
avalon_count_0647,-0.0,0.0
avalon_count_0648,-0.0,0.0
avalon_count_0649,0.0,0.0
avalon_count_0650,0.0,0.0
avalon_count_0652,-0.0,0.0
avalon_count_0653,0.0,0.0
avalon_count_0637,-0.0,0.0
morgan_bit_0135,-0.0,0.0
morgan_bit_0136,-0.0,0.0
morgan_bit_0137,0.0,0.0
morgan_bit_0140,-0.0,0.0
morgan_bit_0141,-0.0,0.0
morgan_bit_0142,0.0,0.0
morgan_bit_0143,0.0,0.0
morgan_bit_0144,-0.0,0.0
avalon_count_0578,0.0,0.0
avalon_count_0579,0.0,0.0
avalon_count_0580,0.0,0.0
avalon_count_0558,0.0,0.0
avalon_count_0611,-0.0,0.0
avalon_count_0560,-0.0,0.0
avalon_count_0562,0.0,0.0
avalon_count_0563,0.0,0.0
avalon_count_0564,0.0,0.0
avalon_count_0565,-0.0,0.0
avalon_count_0566,0.0,0.0
avalon_count_0567,-0.0,0.0
avalon_count_0569,0.0,0.0
avalon_count_0570,-0.0,0.0
avalon_count_0571,0.0,0.0
avalon_count_0572,0.0,0.0
avalon_count_0573,0.0,0.0
avalon_count_0575,-0.0,0.0
avalon_count_0559,-0.0,0.0
avalon_count_0612,-0.0,0.0
avalon_count_0613,-0.0,0.0
avalon_count_0614,-0.0,0.0
avalon_count_0615,0.0,0.0
avalon_count_0616,0.0,0.0
avalon_count_0617,-0.0,0.0
avalon_count_0618,0.0,0.0
avalon_count_0581,0.0,0.0
avalon_count_0582,0.0,0.0
avalon_count_0583,0.0,0.0
avalon_count_0584,-0.0,0.0
avalon_count_0588,0.0,0.0
morgan_bit_0134,0.0,0.0
avalon_count_0590,-0.0,0.0
avalon_count_0591,-0.0,0.0
avalon_count_0592,-0.0,0.0
avalon_count_0593,-0.0,0.0
avalon_count_0594,0.0,0.0
avalon_count_0595,0.0,0.0
avalon_count_0596,-0.0,0.0
avalon_count_0597,-0.0,0.0
avalon_count_0599,0.0,0.0
morgan_bit_0129,0.0,0.0
morgan_bit_0130,-0.0,0.0
morgan_bit_0131,0.0,0.0
morgan_bit_0133,0.0,0.0
avalon_count_0589,0.0,0.0
erg_175,-0.0,0.0
morgan_bit_0048,0.0,0.0
erg_145,-0.0,0.0
erg_146,-0.0,0.0
erg_147,-0.0,0.0
erg_148,-0.0,0.0
erg_149,-0.0,0.0
erg_150,-0.0,0.0
erg_151,-0.0,0.0
erg_152,-0.0,0.0
erg_153,-0.0,0.0
erg_154,0.0,0.0
avalon_count_0889,0.0,0.0
erg_156,-0.0,0.0
erg_157,0.0,0.0
erg_158,0.0,0.0
erg_159,-0.0,0.0
erg_160,0.0,0.0
erg_129,-0.0,0.0
erg_130,-0.0,0.0
erg_131,0.0,0.0
erg_132,0.0,0.0
erg_133,0.0,0.0
erg_134,0.0,0.0
erg_135,-0.0,0.0
erg_155,-0.0,0.0
morgan_bit_0050,-0.0,0.0
morgan_bit_0052,0.0,0.0
morgan_bit_0053,0.0,0.0
morgan_bit_0055,-0.0,0.0
morgan_bit_0056,-0.0,0.0
morgan_bit_0057,-0.0,0.0
morgan_bit_0061,0.0,0.0
erg_177,-0.0,0.0
erg_178,-0.0,0.0
erg_180,0.0,0.0
erg_181,0.0,0.0
erg_182,0.0,0.0
erg_174,-0.0,0.0
erg_161,-0.0,0.0
erg_162,-0.0,0.0
erg_163,-0.0,0.0
erg_164,0.0,0.0
erg_165,-0.0,0.0
erg_166,-0.0,0.0
erg_167,0.0,0.0
erg_168,0.0,0.0
erg_169,0.0,0.0
erg_170,0.0,0.0
erg_171,-0.0,0.0
erg_172,0.0,0.0
erg_173,0.0,0.0
erg_183,0.0,0.0
erg_097,0.0,0.0
erg_098,-0.0,0.0
erg_099,-0.0,0.0
erg_100,-0.0,0.0
erg_101,-0.0,0.0
erg_102,-0.0,0.0
erg_103,-0.0,0.0
erg_104,0.0,0.0
erg_105,0.0,0.0
erg_107,0.0,0.0
erg_108,-0.0,0.0
erg_111,-0.0,0.0
erg_136,-0.0,0.0
erg_079,-0.0,0.0
erg_080,-0.0,0.0
erg_081,-0.0,0.0
erg_082,-0.0,0.0
erg_083,0.0,0.0
erg_085,0.0,0.0
erg_086,-0.0,0.0
erg_087,-0.0,0.0
erg_088,-0.0,0.0
erg_089,-0.0,0.0
erg_090,-0.0,0.0
erg_091,-0.0,0.0
erg_078,0.0,0.0
erg_137,0.0,0.0
erg_138,-0.0,0.0
erg_139,-0.0,0.0
erg_140,-0.0,0.0
erg_141,-0.0,0.0
erg_142,-0.0,0.0
erg_143,0.0,0.0
erg_144,0.0,0.0
erg_112,0.0,0.0
erg_113,-0.0,0.0
erg_114,0.0,0.0
erg_116,0.0,0.0
erg_096,-0.0,0.0
erg_118,-0.0,0.0
erg_119,-0.0,0.0
erg_120,-0.0,0.0
erg_121,0.0,0.0
erg_122,0.0,0.0
erg_123,0.0,0.0
erg_124,0.0,0.0
erg_125,-0.0,0.0
erg_126,-0.0,0.0
erg_127,0.0,0.0
erg_128,0.0,0.0
erg_094,-0.0,0.0
erg_095,0.0,0.0
erg_117,-0.0,0.0
erg_311,0.0,0.0
erg_312,0.0,0.0
erg_313,0.0,0.0
morgan_bit_0007,0.0,0.0
erg_260,-0.0,0.0
erg_261,-0.0,0.0
erg_262,0.0,0.0
erg_263,-0.0,0.0
erg_264,-0.0,0.0
erg_265,-0.0,0.0
erg_267,0.0,0.0
erg_268,0.0,0.0
morgan_bit_0049,-0.0,0.0
erg_270,-0.0,0.0
erg_271,-0.0,0.0
erg_272,-0.0,0.0
erg_273,0.0,0.0
erg_274,0.0,0.0
morgan_bit_0017,0.0,0.0
erg_241,0.0,0.0
erg_242,0.0,0.0
erg_245,-0.0,0.0
erg_246,0.0,0.0
erg_248,0.0,0.0
erg_249,-0.0,0.0
erg_269,-0.0,0.0
erg_291,-0.0,0.0
erg_292,-0.0,0.0
erg_293,0.0,0.0
erg_294,-0.0,0.0
erg_295,-0.0,0.0
erg_296,0.0,0.0
erg_297,-0.0,0.0
erg_298,-0.0,0.0
erg_299,0.0,0.0
erg_300,0.0,0.0
erg_301,0.0,0.0
erg_302,0.0,0.0
erg_310,0.0,0.0
erg_304,0.0,0.0
morgan_bit_0009,0.0,0.0
morgan_bit_0010,0.0,0.0
erg_283,0.0,0.0
erg_284,0.0,0.0
erg_285,-0.0,0.0
erg_286,-0.0,0.0
erg_287,-0.0,0.0
erg_288,-0.0,0.0
erg_290,-0.0,0.0
erg_307,-0.0,0.0
erg_308,0.0,0.0
erg_309,0.0,0.0
erg_303,0.0,0.0
morgan_bit_0036,0.0,0.0
morgan_bit_0037,0.0,0.0
morgan_bit_0039,-0.0,0.0
morgan_bit_0043,-0.0,0.0
morgan_bit_0046,0.0,0.0
morgan_bit_0047,0.0,0.0
erg_208,-0.0,0.0
erg_209,-0.0,0.0
erg_210,0.0,0.0
erg_211,0.0,0.0
erg_212,0.0,0.0
erg_184,0.0,0.0
erg_250,-0.0,0.0
erg_187,0.0,0.0
erg_188,0.0,0.0
erg_189,0.0,0.0
erg_190,-0.0,0.0
erg_192,-0.0,0.0
erg_193,-0.0,0.0
erg_194,-0.0,0.0
erg_195,-0.0,0.0
erg_196,0.0,0.0
erg_197,0.0,0.0
erg_198,0.0,0.0
erg_199,0.0,0.0
erg_202,-0.0,0.0
erg_185,0.0,0.0
erg_251,0.0,0.0
erg_252,-0.0,0.0
erg_253,0.0,0.0
erg_254,0.0,0.0
erg_255,-0.0,0.0
erg_256,-0.0,0.0
erg_258,-0.0,0.0
erg_259,-0.0,0.0
erg_213,-0.0,0.0
erg_215,-0.0,0.0
erg_216,0.0,0.0
erg_219,-0.0,0.0
morgan_bit_0035,0.0,0.0
erg_230,0.0,0.0
erg_231,0.0,0.0
erg_232,-0.0,0.0
erg_233,-0.0,0.0
erg_234,0.0,0.0
erg_236,0.0,0.0
erg_237,0.0,0.0
erg_238,0.0,0.0
erg_239,0.0,0.0
erg_240,0.0,0.0
erg_204,-0.0,0.0
erg_207,-0.0,0.0
morgan_bit_0034,0.0,0.0
erg_223,-0.0,0.0
avalon_count_0969,0.0,0.0
avalon_count_0970,0.0,0.0
avalon_count_0971,0.0,0.0
avalon_count_0972,-0.0,0.0
avalon_count_0974,0.0,0.0
avalon_count_0975,-0.0,0.0
avalon_count_0940,-0.0,0.0
avalon_count_0941,-0.0,0.0
avalon_count_0942,0.0,0.0
avalon_count_0943,0.0,0.0
avalon_count_0944,-0.0,0.0
avalon_count_0945,-0.0,0.0
erg_092,-0.0,0.0
avalon_count_0948,0.0,0.0
avalon_count_0949,-0.0,0.0
avalon_count_0951,0.0,0.0
avalon_count_0952,0.0,0.0
avalon_count_0953,0.0,0.0
avalon_count_0954,-0.0,0.0
avalon_count_0955,0.0,0.0
avalon_count_0956,0.0,0.0
avalon_count_0957,-0.0,0.0
avalon_count_0922,-0.0,0.0
avalon_count_0923,0.0,0.0
avalon_count_0924,0.0,0.0
avalon_count_0946,-0.0,0.0
avalon_count_1009,-0.0,0.0
avalon_count_1010,-0.0,0.0
avalon_count_0976,-0.0,0.0
avalon_count_0977,0.0,0.0
avalon_count_0978,0.0,0.0
avalon_count_0979,-0.0,0.0
avalon_count_0980,0.0,0.0
avalon_count_0981,-0.0,0.0
avalon_count_0982,0.0,0.0
avalon_count_0983,0.0,0.0
avalon_count_0984,-0.0,0.0
avalon_count_0985,0.0,0.0
avalon_count_0968,-0.0,0.0
avalon_count_0987,0.0,0.0
avalon_count_0988,0.0,0.0
avalon_count_0990,0.0,0.0
avalon_count_0991,-0.0,0.0
avalon_count_0993,-0.0,0.0
avalon_count_0958,0.0,0.0
avalon_count_0959,0.0,0.0
avalon_count_0960,0.0,0.0
avalon_count_0962,0.0,0.0
avalon_count_0963,0.0,0.0
avalon_count_0964,-0.0,0.0
avalon_count_0965,0.0,0.0
avalon_count_0967,-0.0,0.0
avalon_count_0986,0.0,0.0
avalon_count_0921,-0.0,0.0
avalon_count_0897,0.0,0.0
avalon_count_0900,-0.0,0.0
avalon_count_0901,-0.0,0.0
avalon_count_0902,0.0,0.0
avalon_count_0904,0.0,0.0
avalon_count_0905,-0.0,0.0
avalon_count_0906,-0.0,0.0
avalon_count_0907,0.0,0.0
avalon_count_0908,0.0,0.0
avalon_count_0909,-0.0,0.0
avalon_count_0910,-0.0,0.0
avalon_count_0925,-0.0,0.0
morgan_bit_0080,-0.0,0.0
morgan_bit_0081,-0.0,0.0
morgan_bit_0082,0.0,0.0
morgan_bit_0083,0.0,0.0
avalon_count_0881,-0.0,0.0
avalon_count_0882,0.0,0.0
avalon_count_0883,0.0,0.0
avalon_count_0884,0.0,0.0
avalon_count_0885,0.0,0.0
avalon_count_0886,-0.0,0.0
avalon_count_0887,0.0,0.0
avalon_count_0888,0.0,0.0
avalon_count_0911,0.0,0.0
avalon_count_0926,-0.0,0.0
avalon_count_0927,0.0,0.0
avalon_count_0928,0.0,0.0
avalon_count_0929,0.0,0.0
avalon_count_0930,-0.0,0.0
avalon_count_0932,-0.0,0.0
avalon_count_0933,0.0,0.0
avalon_count_0934,0.0,0.0
avalon_count_0935,0.0,0.0
avalon_count_0936,0.0,0.0
avalon_count_0937,0.0,0.0
avalon_count_0939,-0.0,0.0
avalon_count_0918,-0.0,0.0
morgan_bit_0085,0.0,0.0
morgan_bit_0088,-0.0,0.0
morgan_bit_0089,0.0,0.0
morgan_bit_0090,0.0,0.0
morgan_bit_0091,-0.0,0.0
morgan_bit_0093,-0.0,0.0
morgan_bit_0094,0.0,0.0
morgan_bit_0095,0.0,0.0
avalon_count_0912,-0.0,0.0
avalon_count_0913,0.0,0.0
avalon_count_0914,-0.0,0.0
avalon_count_0916,0.0,0.0
avalon_count_0917,0.0,0.0
morgan_bit_0084,0.0,0.0
erg_057,0.0,0.0
erg_058,-0.0,0.0
erg_059,-0.0,0.0
erg_060,-0.0,0.0
erg_024,-0.0,0.0
erg_025,-0.0,0.0
erg_026,-0.0,0.0
erg_027,-0.0,0.0
erg_028,-0.0,0.0
erg_029,-0.0,0.0
erg_030,-0.0,0.0
erg_031,-0.0,0.0
avalon_count_1007,-0.0,0.0
erg_035,-0.0,0.0
erg_036,-0.0,0.0
erg_038,0.0,0.0
erg_039,0.0,0.0
erg_041,0.0,0.0
erg_042,-0.0,0.0
erg_043,-0.0,0.0
erg_008,0.0,0.0
erg_009,-0.0,0.0
erg_010,-0.0,0.0
erg_011,-0.0,0.0
erg_012,-0.0,0.0
erg_033,-0.0,0.0
erg_093,-0.0,0.0
erg_061,-0.0,0.0
erg_062,-0.0,0.0
erg_064,-0.0,0.0
erg_066,-0.0,0.0
erg_067,-0.0,0.0
erg_068,-0.0,0.0
erg_069,-0.0,0.0
erg_070,-0.0,0.0
erg_071,-0.0,0.0
erg_072,-0.0,0.0
erg_073,-0.0,0.0
erg_056,0.0,0.0
erg_075,0.0,0.0
erg_076,0.0,0.0
erg_077,0.0,0.0
erg_044,0.0,0.0
erg_045,0.0,0.0
erg_046,0.0,0.0
erg_049,-0.0,0.0
erg_050,-0.0,0.0
erg_051,-0.0,0.0
erg_052,-0.0,0.0
erg_053,-0.0,0.0
erg_054,0.0,0.0
erg_055,0.0,0.0
erg_074,-0.0,0.0
avalon_count_1014,0.0,0.0
avalon_count_1015,-0.0,0.0
avalon_count_1016,-0.0,0.0
avalon_count_1017,0.0,0.0
avalon_count_1018,-0.0,0.0
avalon_count_1019,-0.0,0.0
avalon_count_1020,-0.0,0.0
avalon_count_1021,-0.0,0.0
avalon_count_1022,-0.0,0.0
avalon_count_1023,0.0,0.0
morgan_bit_0065,-0.0,0.0
morgan_bit_0067,-0.0,0.0
erg_013,-0.0,0.0
morgan_bit_0069,-0.0,0.0
avalon_count_0995,0.0,0.0
avalon_count_0996,-0.0,0.0
avalon_count_0997,-0.0,0.0
avalon_count_0998,0.0,0.0
avalon_count_0999,-0.0,0.0
avalon_count_1000,-0.0,0.0
avalon_count_1001,0.0,0.0
avalon_count_1002,0.0,0.0
avalon_count_1003,0.0,0.0
avalon_count_1004,0.0,0.0
avalon_count_1005,0.0,0.0
avalon_count_1006,0.0,0.0
morgan_bit_0068,-0.0,0.0
erg_014,-0.0,0.0
erg_015,0.0,0.0
erg_016,0.0,0.0
erg_017,0.0,0.0
erg_018,-0.0,0.0
erg_019,-0.0,0.0
erg_020,-0.0,0.0
erg_021,-0.0,0.0
erg_022,0.0,0.0
erg_023,-0.0,0.0
morgan_bit_0070,-0.0,0.0
morgan_bit_0071,-0.0,0.0
avalon_count_1013,0.0,0.0
morgan_bit_0074,-0.0,0.0
morgan_bit_0075,-0.0,0.0
morgan_bit_0076,0.0,0.0
morgan_bit_0077,-0.0,0.0
morgan_bit_0078,-0.0,0.0
morgan_bit_0079,-0.0,0.0
erg_001,0.0,0.0
erg_002,0.0,0.0
erg_003,-0.0,0.0
erg_004,-0.0,0.0
erg_005,-0.0,0.0
erg_006,-0.0,0.0
erg_007,0.0,0.0
morgan_bit_0073,0.0,0.0
maplight_morgan_0849,0.0,0.0
maplight_morgan_0852,0.0,0.0
maplight_morgan_0857,-0.0,0.0
morgan_bit_0243,-0.0,0.0
morgan_bit_0244,0.0,0.0
maplight_morgan_0807,-0.0,0.0
maplight_morgan_0808,-0.0,0.0
maplight_morgan_0809,-0.0,0.0
maplight_morgan_0812,0.0,0.0
maplight_morgan_0813,0.0,0.0
maplight_morgan_0814,-0.0,0.0
maplight_morgan_0816,-0.0,0.0
avalon_count_0451,-0.0,0.0
maplight_morgan_0821,0.0,0.0
maplight_morgan_0822,-0.0,0.0
maplight_morgan_0823,0.0,0.0
maplight_morgan_0824,0.0,0.0
maplight_morgan_0825,-0.0,0.0
maplight_morgan_0826,-0.0,0.0
maplight_morgan_0827,0.0,0.0
maplight_morgan_0785,0.0,0.0
maplight_morgan_0786,0.0,0.0
maplight_morgan_0787,-0.0,0.0
maplight_morgan_0789,-0.0,0.0
maplight_morgan_0790,0.0,0.0
maplight_morgan_0820,0.0,0.0
maplight_morgan_0893,-0.0,0.0
morgan_bit_0246,0.0,0.0
morgan_bit_0248,0.0,0.0
morgan_bit_0249,0.0,0.0
morgan_bit_0250,-0.0,0.0
morgan_bit_0251,0.0,0.0
morgan_bit_0252,-0.0,0.0
morgan_bit_0253,-0.0,0.0
morgan_bit_0255,-0.0,0.0
morgan_bit_0256,0.0,0.0
morgan_bit_0257,0.0,0.0
maplight_morgan_0861,-0.0,0.0
maplight_morgan_0847,-0.0,0.0
maplight_morgan_0863,-0.0,0.0
maplight_morgan_0864,-0.0,0.0
maplight_morgan_0865,-0.0,0.0
maplight_morgan_0829,-0.0,0.0
maplight_morgan_0831,-0.0,0.0
maplight_morgan_0836,-0.0,0.0
maplight_morgan_0837,-0.0,0.0
maplight_morgan_0838,-0.0,0.0
maplight_morgan_0840,-0.0,0.0
maplight_morgan_0841,-0.0,0.0
maplight_morgan_0842,-0.0,0.0
maplight_morgan_0843,-0.0,0.0
maplight_morgan_0846,0.0,0.0
maplight_morgan_0862,0.0,0.0
maplight_morgan_0752,-0.0,0.0
maplight_morgan_0753,0.0,0.0
maplight_morgan_0754,-0.0,0.0
maplight_morgan_0755,0.0,0.0
maplight_morgan_0759,-0.0,0.0
maplight_morgan_0760,0.0,0.0
maplight_morgan_0766,0.0,0.0
maplight_morgan_0769,-0.0,0.0
maplight_morgan_0770,0.0,0.0
maplight_morgan_0772,-0.0,0.0
maplight_morgan_0774,-0.0,0.0
morgan_bit_0259,-0.0,0.0
maplight_morgan_0792,0.0,0.0
morgan_bit_0263,0.0,0.0
maplight_morgan_0727,-0.0,0.0
maplight_morgan_0728,0.0,0.0
maplight_morgan_0730,0.0,0.0
maplight_morgan_0732,0.0,0.0
maplight_morgan_0735,-0.0,0.0
maplight_morgan_0736,-0.0,0.0
maplight_morgan_0737,-0.0,0.0
maplight_morgan_0738,-0.0,0.0
maplight_morgan_0739,0.0,0.0
maplight_morgan_0740,0.0,0.0
maplight_morgan_0741,0.0,0.0
morgan_bit_0260,0.0,0.0
maplight_morgan_0793,0.0,0.0
maplight_morgan_0794,-0.0,0.0
maplight_morgan_0797,0.0,0.0
maplight_morgan_0798,-0.0,0.0
maplight_morgan_0799,-0.0,0.0
maplight_morgan_0801,0.0,0.0
maplight_morgan_0802,-0.0,0.0
maplight_morgan_0803,-0.0,0.0
maplight_morgan_0804,0.0,0.0
maplight_morgan_0806,0.0,0.0
morgan_bit_0264,0.0,0.0
morgan_bit_0265,0.0,0.0
maplight_morgan_0751,-0.0,0.0
morgan_bit_0267,-0.0,0.0
morgan_bit_0269,-0.0,0.0
morgan_bit_0270,0.0,0.0
morgan_bit_0271,0.0,0.0
morgan_bit_0272,0.0,0.0
morgan_bit_0273,0.0,0.0
maplight_morgan_0776,0.0,0.0
maplight_morgan_0778,-0.0,0.0
maplight_morgan_0779,0.0,0.0
maplight_morgan_0780,-0.0,0.0
maplight_morgan_0782,0.0,0.0
maplight_morgan_0783,-0.0,0.0
maplight_morgan_0784,0.0,0.0
morgan_bit_0266,-0.0,0.0
maplight_morgan_1002,0.0,0.0
maplight_morgan_1003,-0.0,0.0
maplight_morgan_1004,0.0,0.0
maplight_morgan_1008,0.0,0.0
maplight_morgan_0974,-0.0,0.0
maplight_morgan_0975,-0.0,0.0
maplight_morgan_0976,-0.0,0.0
maplight_morgan_0977,0.0,0.0
maplight_morgan_0979,-0.0,0.0
maplight_morgan_0980,0.0,0.0
maplight_morgan_0981,-0.0,0.0
maplight_morgan_0982,0.0,0.0
maplight_morgan_0891,0.0,0.0
maplight_morgan_0984,0.0,0.0
maplight_morgan_0990,0.0,0.0
maplight_morgan_0992,-0.0,0.0
morgan_bit_0226,0.0,0.0
morgan_bit_0228,0.0,0.0
morgan_bit_0230,-0.0,0.0
maplight_morgan_0949,-0.0,0.0
maplight_morgan_0954,0.0,0.0
maplight_morgan_0955,-0.0,0.0
maplight_morgan_0956,0.0,0.0
maplight_morgan_0958,-0.0,0.0
maplight_morgan_0959,-0.0,0.0
maplight_morgan_0983,0.0,0.0
avalon_count_0026,0.0,0.0
maplight_morgan_1011,0.0,0.0
maplight_morgan_1013,-0.0,0.0
maplight_morgan_1014,-0.0,0.0
maplight_morgan_1015,0.0,0.0
maplight_morgan_1017,-0.0,0.0
maplight_morgan_1019,0.0,0.0
maplight_morgan_1023,-0.0,0.0
avalon_count_0000,0.0,0.0
avalon_count_0001,0.0,0.0
avalon_count_0002,0.0,0.0
avalon_count_0003,-0.0,0.0
maplight_morgan_0999,0.0,0.0
avalon_count_0005,-0.0,0.0
avalon_count_0006,-0.0,0.0
avalon_count_0007,-0.0,0.0
avalon_count_0008,0.0,0.0
morgan_bit_0232,0.0,0.0
morgan_bit_0233,-0.0,0.0
morgan_bit_0234,0.0,0.0
morgan_bit_0236,-0.0,0.0
morgan_bit_0237,-0.0,0.0
morgan_bit_0239,0.0,0.0
morgan_bit_0240,0.0,0.0
morgan_bit_0241,0.0,0.0
maplight_morgan_0997,-0.0,0.0
avalon_count_0004,0.0,0.0
maplight_morgan_0897,0.0,0.0
maplight_morgan_0898,0.0,0.0
maplight_morgan_0899,0.0,0.0
maplight_morgan_0902,0.0,0.0
maplight_morgan_0903,0.0,0.0
maplight_morgan_0904,-0.0,0.0
maplight_morgan_0906,0.0,0.0
maplight_morgan_0910,-0.0,0.0
maplight_morgan_0911,-0.0,0.0
maplight_morgan_0913,0.0,0.0
maplight_morgan_0914,0.0,0.0
maplight_morgan_0915,0.0,0.0
maplight_morgan_0960,-0.0,0.0
maplight_morgan_0869,-0.0,0.0
maplight_morgan_0874,-0.0,0.0
maplight_morgan_0875,0.0,0.0
maplight_morgan_0879,-0.0,0.0
maplight_morgan_0880,-0.0,0.0
maplight_morgan_0882,0.0,0.0
maplight_morgan_0884,-0.0,0.0
maplight_morgan_0885,-0.0,0.0
maplight_morgan_0886,-0.0,0.0
maplight_morgan_0887,-0.0,0.0
maplight_morgan_0888,-0.0,0.0
maplight_morgan_0889,-0.0,0.0
maplight_morgan_0890,-0.0,0.0
maplight_morgan_0868,-0.0,0.0
maplight_morgan_0964,-0.0,0.0
maplight_morgan_0965,-0.0,0.0
maplight_morgan_0966,-0.0,0.0
maplight_morgan_0967,0.0,0.0
maplight_morgan_0968,0.0,0.0
maplight_morgan_0969,-0.0,0.0
maplight_morgan_0970,0.0,0.0
maplight_morgan_0971,-0.0,0.0
maplight_morgan_0973,0.0,0.0
maplight_morgan_0918,0.0,0.0
maplight_morgan_0922,0.0,0.0
maplight_morgan_0924,0.0,0.0
maplight_morgan_0896,0.0,0.0
maplight_morgan_0927,-0.0,0.0
maplight_morgan_0930,-0.0,0.0
maplight_morgan_0932,0.0,0.0
maplight_morgan_0934,-0.0,0.0
maplight_morgan_0935,0.0,0.0
maplight_morgan_0937,0.0,0.0
maplight_morgan_0938,-0.0,0.0
maplight_morgan_0939,0.0,0.0
maplight_morgan_0941,0.0,0.0
maplight_morgan_0946,-0.0,0.0
maplight_morgan_0947,0.0,0.0
maplight_morgan_0948,-0.0,0.0
maplight_morgan_0895,-0.0,0.0
maplight_morgan_0926,-0.0,0.0
maplight_morgan_0543,0.0,0.0
maplight_morgan_0544,-0.0,0.0
maplight_morgan_0547,-0.0,0.0
maplight_morgan_0549,-0.0,0.0
maplight_morgan_0551,0.0,0.0
maplight_morgan_0552,0.0,0.0
maplight_morgan_0555,0.0,0.0
maplight_morgan_0557,-0.0,0.0
maplight_morgan_0560,0.0,0.0
maplight_morgan_0520,0.0,0.0
morgan_bit_0325,-0.0,0.0
morgan_bit_0326,0.0,0.0
maplight_morgan_0744,0.0,0.0
morgan_bit_0329,-0.0,0.0
morgan_bit_0332,-0.0,0.0
morgan_bit_0333,0.0,0.0
morgan_bit_0334,-0.0,0.0
morgan_bit_0336,-0.0,0.0
rdk_path_bit_0064,0.0,0.0
morgan_bit_0339,0.0,0.0
maplight_morgan_0521,-0.0,0.0
maplight_morgan_0523,0.0,0.0
maplight_morgan_0524,-0.0,0.0
maplight_morgan_0525,-0.0,0.0
maplight_morgan_0527,-0.0,0.0
morgan_bit_0328,0.0,0.0
maplight_morgan_0603,0.0,0.0
maplight_morgan_0606,-0.0,0.0
maplight_morgan_0608,0.0,0.0
maplight_morgan_0609,0.0,0.0
maplight_morgan_0610,0.0,0.0
maplight_morgan_0562,0.0,0.0
maplight_morgan_0563,0.0,0.0
maplight_morgan_0564,0.0,0.0
maplight_morgan_0565,-0.0,0.0
maplight_morgan_0568,-0.0,0.0
maplight_morgan_0569,0.0,0.0
maplight_morgan_0570,0.0,0.0
maplight_morgan_0542,-0.0,0.0
maplight_morgan_0574,0.0,0.0
maplight_morgan_0575,-0.0,0.0
maplight_morgan_0577,-0.0,0.0
maplight_morgan_0578,-0.0,0.0
maplight_morgan_0579,0.0,0.0
maplight_morgan_0580,0.0,0.0
maplight_morgan_0581,-0.0,0.0
maplight_morgan_0583,-0.0,0.0
maplight_morgan_0533,-0.0,0.0
maplight_morgan_0534,0.0,0.0
maplight_morgan_0536,0.0,0.0
maplight_morgan_0540,0.0,0.0
maplight_morgan_0541,-0.0,0.0
maplight_morgan_0573,-0.0,0.0
maplight_morgan_0488,-0.0,0.0
maplight_morgan_0489,0.0,0.0
maplight_morgan_0492,0.0,0.0
morgan_bit_0344,-0.0,0.0
morgan_bit_0347,0.0,0.0
morgan_bit_0350,-0.0,0.0
morgan_bit_0351,-0.0,0.0
morgan_bit_0352,0.0,0.0
morgan_bit_0353,-0.0,0.0
morgan_bit_0354,0.0,0.0
maplight_morgan_0461,0.0,0.0
maplight_morgan_0462,0.0,0.0
maplight_morgan_0494,-0.0,0.0
maplight_morgan_0464,-0.0,0.0
maplight_morgan_0466,-0.0,0.0
maplight_morgan_0467,-0.0,0.0
maplight_morgan_0444,0.0,0.0
maplight_morgan_0445,-0.0,0.0
maplight_morgan_0446,0.0,0.0
maplight_morgan_0447,-0.0,0.0
maplight_morgan_0451,-0.0,0.0
maplight_morgan_0452,-0.0,0.0
maplight_morgan_0453,0.0,0.0
maplight_morgan_0454,0.0,0.0
maplight_morgan_0455,0.0,0.0
maplight_morgan_0463,0.0,0.0
maplight_morgan_0495,-0.0,0.0
maplight_morgan_0497,0.0,0.0
maplight_morgan_0499,0.0,0.0
maplight_morgan_0504,0.0,0.0
maplight_morgan_0505,0.0,0.0
maplight_morgan_0506,-0.0,0.0
maplight_morgan_0507,0.0,0.0
maplight_morgan_0510,0.0,0.0
maplight_morgan_0511,-0.0,0.0
maplight_morgan_0512,-0.0,0.0
maplight_morgan_0515,0.0,0.0
maplight_morgan_0516,0.0,0.0
maplight_morgan_0486,0.0,0.0
maplight_morgan_0519,-0.0,0.0
maplight_morgan_0469,0.0,0.0
maplight_morgan_0470,0.0,0.0
maplight_morgan_0474,-0.0,0.0
maplight_morgan_0476,-0.0,0.0
maplight_morgan_0477,0.0,0.0
maplight_morgan_0478,0.0,0.0
maplight_morgan_0479,-0.0,0.0
maplight_morgan_0481,0.0,0.0
maplight_morgan_0482,-0.0,0.0
maplight_morgan_0483,0.0,0.0
maplight_morgan_0484,-0.0,0.0
maplight_morgan_0485,-0.0,0.0
maplight_morgan_0517,0.0,0.0
morgan_bit_0301,-0.0,0.0
morgan_bit_0303,-0.0,0.0
morgan_bit_0304,0.0,0.0
morgan_bit_0306,-0.0,0.0
morgan_bit_0307,-0.0,0.0
maplight_morgan_0697,0.0,0.0
maplight_morgan_0698,-0.0,0.0
maplight_morgan_0699,-0.0,0.0
maplight_morgan_0704,-0.0,0.0
maplight_morgan_0666,-0.0,0.0
maplight_morgan_0667,-0.0,0.0
maplight_morgan_0668,-0.0,0.0
maplight_morgan_0600,0.0,0.0
maplight_morgan_0673,0.0,0.0
maplight_morgan_0675,-0.0,0.0
maplight_morgan_0676,-0.0,0.0
maplight_morgan_0677,-0.0,0.0
maplight_morgan_0678,0.0,0.0
maplight_morgan_0679,-0.0,0.0
maplight_morgan_0680,-0.0,0.0
maplight_morgan_0682,-0.0,0.0
maplight_morgan_0684,0.0,0.0
maplight_morgan_0687,0.0,0.0
maplight_morgan_0692,-0.0,0.0
maplight_morgan_0693,-0.0,0.0
maplight_morgan_0670,-0.0,0.0
maplight_morgan_0745,-0.0,0.0
maplight_morgan_0746,0.0,0.0
maplight_morgan_0749,0.0,0.0
maplight_morgan_0750,-0.0,0.0
maplight_morgan_0705,-0.0,0.0
maplight_morgan_0708,-0.0,0.0
maplight_morgan_0710,0.0,0.0
maplight_morgan_0713,-0.0,0.0
maplight_morgan_0715,-0.0,0.0
morgan_bit_0276,-0.0,0.0
morgan_bit_0281,-0.0,0.0
morgan_bit_0282,-0.0,0.0
morgan_bit_0299,-0.0,0.0
morgan_bit_0290,-0.0,0.0
morgan_bit_0291,0.0,0.0
maplight_morgan_0721,0.0,0.0
maplight_morgan_0722,0.0,0.0
maplight_morgan_0723,0.0,0.0
maplight_morgan_0725,-0.0,0.0
maplight_morgan_0726,-0.0,0.0
maplight_morgan_0694,0.0,0.0
maplight_morgan_0695,-0.0,0.0
morgan_bit_0292,0.0,0.0
morgan_bit_0295,-0.0,0.0
morgan_bit_0297,0.0,0.0
morgan_bit_0298,0.0,0.0
morgan_bit_0283,-0.0,0.0
maplight_morgan_0636,0.0,0.0
maplight_morgan_0637,0.0,0.0
maplight_morgan_0611,0.0,0.0
maplight_morgan_0612,-0.0,0.0
maplight_morgan_0613,-0.0,0.0
maplight_morgan_0614,0.0,0.0
maplight_morgan_0619,-0.0,0.0
maplight_morgan_0620,0.0,0.0
maplight_morgan_0622,-0.0,0.0
maplight_morgan_0623,0.0,0.0
maplight_morgan_0624,0.0,0.0
maplight_morgan_0625,-0.0,0.0
maplight_morgan_0639,-0.0,0.0
maplight_morgan_0628,0.0,0.0
maplight_morgan_0629,0.0,0.0
maplight_morgan_0632,0.0,0.0
morgan_bit_0308,-0.0,0.0
maplight_morgan_0584,-0.0,0.0
maplight_morgan_0586,-0.0,0.0
maplight_morgan_0587,0.0,0.0
maplight_morgan_0590,-0.0,0.0
maplight_morgan_0592,-0.0,0.0
maplight_morgan_0594,0.0,0.0
maplight_morgan_0597,-0.0,0.0
maplight_morgan_0598,-0.0,0.0
maplight_morgan_0599,-0.0,0.0
maplight_morgan_0627,0.0,0.0
maplight_morgan_0640,-0.0,0.0
maplight_morgan_0641,0.0,0.0
maplight_morgan_0644,-0.0,0.0
maplight_morgan_0646,0.0,0.0
maplight_morgan_0647,-0.0,0.0
maplight_morgan_0648,0.0,0.0
maplight_morgan_0649,0.0,0.0
maplight_morgan_0650,0.0,0.0
maplight_morgan_0652,0.0,0.0
maplight_morgan_0656,-0.0,0.0
maplight_morgan_0659,-0.0,0.0
maplight_morgan_0661,0.0,0.0
maplight_morgan_0634,0.0,0.0
maplight_morgan_0663,0.0,0.0
morgan_bit_0309,0.0,0.0
morgan_bit_0310,-0.0,0.0
morgan_bit_0311,-0.0,0.0
morgan_bit_0312,-0.0,0.0
morgan_bit_0314,0.0,0.0
morgan_bit_0317,0.0,0.0
morgan_bit_0318,-0.0,0.0
morgan_bit_0319,0.0,0.0
morgan_bit_0320,-0.0,0.0
morgan_bit_0321,-0.0,0.0
morgan_bit_0322,0.0,0.0
maplight_morgan_0633,0.0,0.0
maplight_morgan_0662,0.0,0.0
avalon_count_0300,-0.0,0.0
avalon_count_0301,0.0,0.0
avalon_count_0303,-0.0,0.0
avalon_count_0304,-0.0,0.0
avalon_count_0305,0.0,0.0
avalon_count_0307,-0.0,0.0
avalon_count_0309,0.0,0.0
avalon_count_0310,-0.0,0.0
avalon_count_0312,-0.0,0.0
avalon_count_0314,0.0,0.0
avalon_count_0315,0.0,0.0
avalon_count_0277,-0.0,0.0
avalon_count_0025,0.0,0.0
avalon_count_0281,-0.0,0.0
avalon_count_0282,-0.0,0.0
avalon_count_0283,-0.0,0.0
avalon_count_0284,-0.0,0.0
avalon_count_0285,-0.0,0.0
avalon_count_0286,-0.0,0.0
avalon_count_0287,-0.0,0.0
avalon_count_0289,0.0,0.0
avalon_count_0290,-0.0,0.0
avalon_count_0291,0.0,0.0
avalon_count_0292,-0.0,0.0
avalon_count_0293,0.0,0.0
avalon_count_0280,0.0,0.0
morgan_bit_0175,-0.0,0.0
morgan_bit_0176,0.0,0.0
avalon_count_0334,0.0,0.0
avalon_count_0335,-0.0,0.0
avalon_count_0336,-0.0,0.0
avalon_count_0337,-0.0,0.0
avalon_count_0338,0.0,0.0
avalon_count_0316,-0.0,0.0
avalon_count_0317,-0.0,0.0
avalon_count_0318,0.0,0.0
avalon_count_0319,0.0,0.0
avalon_count_0320,-0.0,0.0
avalon_count_0299,0.0,0.0
avalon_count_0322,0.0,0.0
avalon_count_0323,-0.0,0.0
avalon_count_0324,-0.0,0.0
avalon_count_0325,-0.0,0.0
avalon_count_0326,-0.0,0.0
avalon_count_0327,0.0,0.0
avalon_count_0329,0.0,0.0
avalon_count_0330,-0.0,0.0
avalon_count_0331,0.0,0.0
avalon_count_0332,0.0,0.0
avalon_count_0296,0.0,0.0
avalon_count_0297,0.0,0.0
avalon_count_0298,0.0,0.0
avalon_count_0321,-0.0,0.0
avalon_count_0267,0.0,0.0
avalon_count_0268,-0.0,0.0
avalon_count_0269,-0.0,0.0
morgan_bit_0177,-0.0,0.0
morgan_bit_0178,0.0,0.0
morgan_bit_0179,-0.0,0.0
avalon_count_0237,-0.0,0.0
avalon_count_0238,0.0,0.0
avalon_count_0241,0.0,0.0
avalon_count_0242,-0.0,0.0
avalon_count_0243,0.0,0.0
avalon_count_0244,0.0,0.0
avalon_count_0294,-0.0,0.0
avalon_count_0246,-0.0,0.0
avalon_count_0247,-0.0,0.0
avalon_count_0248,-0.0,0.0
avalon_count_0250,-0.0,0.0
avalon_count_0252,-0.0,0.0
avalon_count_0253,-0.0,0.0
avalon_count_0254,0.0,0.0
avalon_count_0255,-0.0,0.0
avalon_count_0220,-0.0,0.0
avalon_count_0221,-0.0,0.0
avalon_count_0222,-0.0,0.0
avalon_count_0223,-0.0,0.0
avalon_count_0245,-0.0,0.0
avalon_count_0295,0.0,0.0
morgan_bit_0180,0.0,0.0
morgan_bit_0181,-0.0,0.0
morgan_bit_0182,0.0,0.0
morgan_bit_0184,0.0,0.0
morgan_bit_0185,0.0,0.0
morgan_bit_0187,0.0,0.0
morgan_bit_0188,0.0,0.0
morgan_bit_0189,0.0,0.0
morgan_bit_0190,-0.0,0.0
morgan_bit_0193,0.0,0.0
avalon_count_0270,-0.0,0.0
avalon_count_0266,0.0,0.0
avalon_count_0273,-0.0,0.0
avalon_count_0274,-0.0,0.0
avalon_count_0275,-0.0,0.0
avalon_count_0276,0.0,0.0
avalon_count_0256,-0.0,0.0
avalon_count_0257,0.0,0.0
avalon_count_0258,-0.0,0.0
avalon_count_0259,0.0,0.0
avalon_count_0260,-0.0,0.0
avalon_count_0261,0.0,0.0
avalon_count_0263,-0.0,0.0
avalon_count_0264,-0.0,0.0
avalon_count_0265,0.0,0.0
avalon_count_0272,0.0,0.0
morgan_bit_0159,-0.0,0.0
avalon_count_0414,0.0,0.0
avalon_count_0415,0.0,0.0
avalon_count_0417,0.0,0.0
avalon_count_0418,-0.0,0.0
avalon_count_0419,0.0,0.0
avalon_count_0420,-0.0,0.0
avalon_count_0421,-0.0,0.0
avalon_count_0398,-0.0,0.0
avalon_count_0399,0.0,0.0
avalon_count_0400,0.0,0.0
avalon_count_0401,0.0,0.0
morgan_bit_0174,-0.0,0.0
avalon_count_0404,-0.0,0.0
avalon_count_0405,-0.0,0.0
avalon_count_0406,0.0,0.0
avalon_count_0407,-0.0,0.0
avalon_count_0409,0.0,0.0
avalon_count_0410,0.0,0.0
avalon_count_0411,0.0,0.0
avalon_count_0412,-0.0,0.0
avalon_count_0413,0.0,0.0
morgan_bit_0145,0.0,0.0
morgan_bit_0147,0.0,0.0
avalon_count_0380,0.0,0.0
avalon_count_0402,-0.0,0.0
avalon_count_0452,-0.0,0.0
avalon_count_0453,-0.0,0.0
avalon_count_0454,-0.0,0.0
avalon_count_0455,-0.0,0.0
avalon_count_0422,-0.0,0.0
avalon_count_0423,0.0,0.0
avalon_count_0424,0.0,0.0
avalon_count_0425,0.0,0.0
avalon_count_0426,-0.0,0.0
avalon_count_0427,-0.0,0.0
avalon_count_0429,0.0,0.0
avalon_count_0430,0.0,0.0
morgan_bit_0157,-0.0,0.0
avalon_count_0432,-0.0,0.0
avalon_count_0433,-0.0,0.0
avalon_count_0434,0.0,0.0
avalon_count_0435,0.0,0.0
avalon_count_0436,0.0,0.0
avalon_count_0437,-0.0,0.0
avalon_count_0438,-0.0,0.0
morgan_bit_0148,-0.0,0.0
morgan_bit_0149,0.0,0.0
morgan_bit_0151,0.0,0.0
morgan_bit_0153,-0.0,0.0
morgan_bit_0155,-0.0,0.0
morgan_bit_0156,0.0,0.0
avalon_count_0431,-0.0,0.0
avalon_count_0378,-0.0,0.0
avalon_count_0379,-0.0,0.0
avalon_count_0339,0.0,0.0
avalon_count_0340,0.0,0.0
avalon_count_0342,0.0,0.0
avalon_count_0343,0.0,0.0
avalon_count_0345,-0.0,0.0
avalon_count_0346,-0.0,0.0
avalon_count_0348,-0.0,0.0
avalon_count_0349,-0.0,0.0
avalon_count_0351,-0.0,0.0
avalon_count_0352,-0.0,0.0
avalon_count_0381,0.0,0.0
avalon_count_0354,0.0,0.0
avalon_count_0356,-0.0,0.0
avalon_count_0357,-0.0,0.0
avalon_count_0358,0.0,0.0
avalon_count_0359,0.0,0.0
avalon_count_0333,-0.0,0.0
morgan_bit_0161,-0.0,0.0
morgan_bit_0162,-0.0,0.0
morgan_bit_0166,-0.0,0.0
morgan_bit_0167,-0.0,0.0
morgan_bit_0169,0.0,0.0
morgan_bit_0171,0.0,0.0
morgan_bit_0173,0.0,0.0
avalon_count_0353,-0.0,0.0
avalon_count_0382,0.0,0.0
avalon_count_0383,0.0,0.0
avalon_count_0384,-0.0,0.0
avalon_count_0385,-0.0,0.0
avalon_count_0386,-0.0,0.0
avalon_count_0387,-0.0,0.0
avalon_count_0389,-0.0,0.0
avalon_count_0390,-0.0,0.0
avalon_count_0391,0.0,0.0
avalon_count_0392,-0.0,0.0
avalon_count_0393,0.0,0.0
avalon_count_0394,0.0,0.0
avalon_count_0377,0.0,0.0
avalon_count_0397,-0.0,0.0
avalon_count_0360,0.0,0.0
avalon_count_0363,-0.0,0.0
avalon_count_0364,0.0,0.0
avalon_count_0365,-0.0,0.0
avalon_count_0367,0.0,0.0
avalon_count_0369,0.0,0.0
avalon_count_0370,-0.0,0.0
avalon_count_0371,0.0,0.0
avalon_count_0372,-0.0,0.0
avalon_count_0373,0.0,0.0
avalon_count_0375,-0.0,0.0
avalon_count_0376,0.0,0.0
avalon_count_0395,0.0,0.0
morgan_bit_0211,-0.0,0.0
morgan_bit_0212,-0.0,0.0
avalon_count_0079,-0.0,0.0
avalon_count_0080,0.0,0.0
avalon_count_0081,0.0,0.0
avalon_count_0082,-0.0,0.0
avalon_count_0083,0.0,0.0
avalon_count_0084,0.0,0.0
avalon_count_0085,-0.0,0.0
avalon_count_0086,0.0,0.0
avalon_count_0087,0.0,0.0
avalon_count_0088,0.0,0.0
avalon_count_0224,-0.0,0.0
avalon_count_0090,0.0,0.0
avalon_count_0091,0.0,0.0
avalon_count_0092,-0.0,0.0
avalon_count_0093,0.0,0.0
avalon_count_0094,-0.0,0.0
avalon_count_0062,0.0,0.0
avalon_count_0063,-0.0,0.0
avalon_count_0065,0.0,0.0
avalon_count_0066,0.0,0.0
avalon_count_0067,-0.0,0.0
avalon_count_0068,0.0,0.0
avalon_count_0069,-0.0,0.0
avalon_count_0089,0.0,0.0
morgan_bit_0215,-0.0,0.0
morgan_bit_0216,0.0,0.0
morgan_bit_0221,-0.0,0.0
morgan_bit_0223,0.0,0.0
morgan_bit_0224,0.0,0.0
morgan_bit_0225,0.0,0.0
avalon_count_0110,0.0,0.0
avalon_count_0111,0.0,0.0
avalon_count_0112,-0.0,0.0
avalon_count_0113,-0.0,0.0
avalon_count_0114,-0.0,0.0
avalon_count_0115,-0.0,0.0
morgan_bit_0210,0.0,0.0
avalon_count_0097,-0.0,0.0
avalon_count_0098,-0.0,0.0
avalon_count_0099,0.0,0.0
avalon_count_0100,-0.0,0.0
avalon_count_0101,0.0,0.0
avalon_count_0102,0.0,0.0
avalon_count_0103,0.0,0.0
avalon_count_0104,0.0,0.0
avalon_count_0105,-0.0,0.0
avalon_count_0106,0.0,0.0
avalon_count_0107,0.0,0.0
avalon_count_0108,-0.0,0.0
avalon_count_0109,0.0,0.0
avalon_count_0116,-0.0,0.0
avalon_count_0030,0.0,0.0
avalon_count_0032,0.0,0.0
avalon_count_0033,-0.0,0.0
avalon_count_0034,0.0,0.0
avalon_count_0036,-0.0,0.0
avalon_count_0038,-0.0,0.0
avalon_count_0039,0.0,0.0
avalon_count_0040,-0.0,0.0
avalon_count_0041,0.0,0.0
avalon_count_0042,0.0,0.0
avalon_count_0043,-0.0,0.0
avalon_count_0044,-0.0,0.0
avalon_count_0070,0.0,0.0
avalon_count_0010,-0.0,0.0
avalon_count_0011,0.0,0.0
avalon_count_0012,-0.0,0.0
avalon_count_0013,0.0,0.0
avalon_count_0015,-0.0,0.0
avalon_count_0016,-0.0,0.0
avalon_count_0017,0.0,0.0
avalon_count_0018,0.0,0.0
avalon_count_0020,-0.0,0.0
avalon_count_0021,-0.0,0.0
avalon_count_0022,-0.0,0.0
avalon_count_0023,0.0,0.0
avalon_count_0024,-0.0,0.0
avalon_count_0009,0.0,0.0
avalon_count_0071,-0.0,0.0
avalon_count_0072,0.0,0.0
avalon_count_0073,-0.0,0.0
avalon_count_0074,0.0,0.0
avalon_count_0075,0.0,0.0
avalon_count_0076,0.0,0.0
avalon_count_0077,-0.0,0.0
avalon_count_0078,0.0,0.0
avalon_count_0045,-0.0,0.0
avalon_count_0046,-0.0,0.0
avalon_count_0047,0.0,0.0
avalon_count_0048,-0.0,0.0
avalon_count_0029,-0.0,0.0
avalon_count_0050,0.0,0.0
avalon_count_0051,0.0,0.0
avalon_count_0053,0.0,0.0
avalon_count_0054,0.0,0.0
avalon_count_0055,-0.0,0.0
avalon_count_0056,0.0,0.0
avalon_count_0057,-0.0,0.0
avalon_count_0058,-0.0,0.0
avalon_count_0059,0.0,0.0
avalon_count_0060,0.0,0.0
avalon_count_0061,0.0,0.0
avalon_count_0027,0.0,0.0
avalon_count_0028,0.0,0.0
avalon_count_0049,-0.0,0.0
morgan_bit_0201,0.0,0.0
morgan_bit_0202,-0.0,0.0
morgan_bit_0203,-0.0,0.0
morgan_bit_0204,0.0,0.0
morgan_bit_0205,-0.0,0.0
morgan_bit_0206,-0.0,0.0
morgan_bit_0207,0.0,0.0
morgan_bit_0208,-0.0,0.0
morgan_bit_0209,0.0,0.0
avalon_count_0190,-0.0,0.0
avalon_count_0191,-0.0,0.0
avalon_count_0193,0.0,0.0
morgan_bit_0213,-0.0,0.0
avalon_count_0196,-0.0,0.0
avalon_count_0197,0.0,0.0
avalon_count_0174,0.0,0.0
avalon_count_0175,-0.0,0.0
avalon_count_0176,0.0,0.0
avalon_count_0177,0.0,0.0
avalon_count_0179,-0.0,0.0
avalon_count_0180,0.0,0.0
avalon_count_0181,-0.0,0.0
avalon_count_0182,0.0,0.0
avalon_count_0184,0.0,0.0
avalon_count_0185,0.0,0.0
avalon_count_0194,0.0,0.0
avalon_count_0225,-0.0,0.0
avalon_count_0226,-0.0,0.0
avalon_count_0227,0.0,0.0
avalon_count_0228,-0.0,0.0
avalon_count_0229,-0.0,0.0
avalon_count_0230,-0.0,0.0
avalon_count_0231,-0.0,0.0
avalon_count_0233,0.0,0.0
avalon_count_0234,-0.0,0.0
avalon_count_0235,-0.0,0.0
avalon_count_0236,-0.0,0.0
avalon_count_0200,-0.0,0.0
morgan_bit_0199,0.0,0.0
avalon_count_0203,0.0,0.0
avalon_count_0205,0.0,0.0
avalon_count_0206,-0.0,0.0
avalon_count_0207,-0.0,0.0
avalon_count_0208,0.0,0.0
avalon_count_0209,0.0,0.0
avalon_count_0210,0.0,0.0
avalon_count_0211,-0.0,0.0
avalon_count_0212,0.0,0.0
avalon_count_0214,0.0,0.0
avalon_count_0215,0.0,0.0
avalon_count_0217,-0.0,0.0
avalon_count_0219,0.0,0.0
avalon_count_0201,0.0,0.0
avalon_count_0143,-0.0,0.0
avalon_count_0144,0.0,0.0
avalon_count_0145,0.0,0.0
avalon_count_0146,0.0,0.0
avalon_count_0147,-0.0,0.0
avalon_count_0149,0.0,0.0
avalon_count_0150,0.0,0.0
avalon_count_0151,0.0,0.0
avalon_count_0152,-0.0,0.0
avalon_count_0153,-0.0,0.0
avalon_count_0118,-0.0,0.0
avalon_count_0119,-0.0,0.0
avalon_count_0186,0.0,0.0
avalon_count_0121,-0.0,0.0
avalon_count_0122,-0.0,0.0
avalon_count_0123,0.0,0.0
avalon_count_0124,0.0,0.0
avalon_count_0125,0.0,0.0
avalon_count_0126,0.0,0.0
avalon_count_0127,-0.0,0.0
avalon_count_0128,0.0,0.0
avalon_count_0129,-0.0,0.0
avalon_count_0131,0.0,0.0
avalon_count_0132,-0.0,0.0
avalon_count_0133,-0.0,0.0
avalon_count_0134,0.0,0.0
avalon_count_0120,0.0,0.0
avalon_count_0188,-0.0,0.0
avalon_count_0189,-0.0,0.0
morgan_bit_0194,-0.0,0.0
morgan_bit_0195,-0.0,0.0
morgan_bit_0198,0.0,0.0
avalon_count_0154,-0.0,0.0
avalon_count_0155,-0.0,0.0
avalon_count_0156,-0.0,0.0
avalon_count_0157,0.0,0.0
avalon_count_0158,-0.0,0.0
avalon_count_0159,-0.0,0.0
avalon_count_0160,0.0,0.0
avalon_count_0142,-0.0,0.0
avalon_count_0162,0.0,0.0
avalon_count_0163,0.0,0.0
avalon_count_0164,0.0,0.0
avalon_count_0167,-0.0,0.0
avalon_count_0168,-0.0,0.0
avalon_count_0171,0.0,0.0
avalon_count_0172,0.0,0.0
avalon_count_0173,-0.0,0.0
avalon_count_0135,-0.0,0.0
avalon_count_0136,0.0,0.0
avalon_count_0137,-0.0,0.0
avalon_count_0138,0.0,0.0
avalon_count_0140,-0.0,0.0
avalon_count_0161,0.0,0.0
layered_bit_0351,-0.0,0.0
layered_bit_0352,-0.0,0.0
layered_bit_0353,-0.0,0.0
layered_bit_0355,0.0,0.0
layered_bit_0327,0.0,0.0
layered_bit_0329,0.0,0.0
layered_bit_0330,0.0,0.0
layered_bit_0331,-0.0,0.0
layered_bit_0334,0.0,0.0
layered_bit_0336,0.0,0.0
layered_bit_0339,0.0,0.0
layered_bit_0340,-0.0,0.0
topological_torsion_bit_1016,0.0,0.0
layered_bit_0342,0.0,0.0
layered_bit_0346,-0.0,0.0
layered_bit_0347,-0.0,0.0
layered_bit_0348,0.0,0.0
ecfp6_bit_0670,-0.0,0.0
layered_bit_0307,0.0,0.0
layered_bit_0308,-0.0,0.0
layered_bit_0309,0.0,0.0
layered_bit_0310,0.0,0.0
layered_bit_0312,0.0,0.0
layered_bit_0313,0.0,0.0
layered_bit_0314,-0.0,0.0
layered_bit_0341,0.0,0.0
layered_bit_0358,-0.0,0.0
layered_bit_0361,-0.0,0.0
layered_bit_0363,0.0,0.0
layered_bit_0364,-0.0,0.0
layered_bit_0365,-0.0,0.0
layered_bit_0366,0.0,0.0
layered_bit_0367,0.0,0.0
layered_bit_0368,0.0,0.0
layered_bit_0371,-0.0,0.0
layered_bit_0372,-0.0,0.0
layered_bit_0374,0.0,0.0
layered_bit_0375,0.0,0.0
layered_bit_0350,-0.0,0.0
layered_bit_0378,-0.0,0.0
ecfp6_bit_0671,-0.0,0.0
ecfp6_bit_0672,-0.0,0.0
ecfp6_bit_0675,0.0,0.0
ecfp6_bit_0676,-0.0,0.0
ecfp6_bit_0677,-0.0,0.0
ecfp6_bit_0679,-0.0,0.0
ecfp6_bit_0680,0.0,0.0
ecfp6_bit_0682,0.0,0.0
ecfp6_bit_0683,-0.0,0.0
ecfp6_bit_0684,0.0,0.0
layered_bit_0349,0.0,0.0
layered_bit_0377,0.0,0.0
layered_bit_0279,-0.0,0.0
layered_bit_0281,0.0,0.0
layered_bit_0282,0.0,0.0
layered_bit_0283,-0.0,0.0
layered_bit_0284,0.0,0.0
layered_bit_0285,0.0,0.0
layered_bit_0286,0.0,0.0
layered_bit_0287,-0.0,0.0
layered_bit_0288,-0.0,0.0
layered_bit_0261,0.0,0.0
layered_bit_0262,-0.0,0.0
layered_bit_0263,0.0,0.0
layered_bit_0317,-0.0,0.0
ecfp6_bit_0692,-0.0,0.0
ecfp6_bit_0693,-0.0,0.0
ecfp6_bit_0694,0.0,0.0
ecfp6_bit_0697,0.0,0.0
ecfp6_bit_0698,-0.0,0.0
ecfp6_bit_0699,-0.0,0.0
layered_bit_0265,-0.0,0.0
layered_bit_0266,-0.0,0.0
layered_bit_0267,-0.0,0.0
layered_bit_0268,-0.0,0.0
layered_bit_0240,0.0,0.0
layered_bit_0241,-0.0,0.0
ecfp6_bit_0686,0.0,0.0
layered_bit_0319,0.0,0.0
layered_bit_0321,-0.0,0.0
layered_bit_0322,-0.0,0.0
layered_bit_0323,0.0,0.0
layered_bit_0324,0.0,0.0
layered_bit_0325,0.0,0.0
layered_bit_0326,-0.0,0.0
layered_bit_0289,0.0,0.0
layered_bit_0290,-0.0,0.0
layered_bit_0291,-0.0,0.0
layered_bit_0292,0.0,0.0
layered_bit_0293,0.0,0.0
layered_bit_0278,-0.0,0.0
layered_bit_0296,0.0,0.0
layered_bit_0298,0.0,0.0
layered_bit_0299,-0.0,0.0
layered_bit_0300,-0.0,0.0
layered_bit_0302,-0.0,0.0
layered_bit_0303,0.0,0.0
layered_bit_0306,0.0,0.0
layered_bit_0269,-0.0,0.0
layered_bit_0271,0.0,0.0
layered_bit_0273,-0.0,0.0
layered_bit_0274,0.0,0.0
layered_bit_0276,0.0,0.0
layered_bit_0277,-0.0,0.0
layered_bit_0294,0.0,0.0
layered_bit_0474,0.0,0.0
layered_bit_0443,-0.0,0.0
layered_bit_0444,-0.0,0.0
layered_bit_0445,-0.0,0.0
layered_bit_0448,0.0,0.0
layered_bit_0449,-0.0,0.0
layered_bit_0450,0.0,0.0
layered_bit_0452,-0.0,0.0
layered_bit_0453,-0.0,0.0
layered_bit_0455,0.0,0.0
layered_bit_0456,0.0,0.0
layered_bit_0457,-0.0,0.0
layered_bit_0357,0.0,0.0
layered_bit_0461,0.0,0.0
layered_bit_0462,0.0,0.0
layered_bit_0465,0.0,0.0
ecfp6_bit_0637,0.0,0.0
layered_bit_0424,-0.0,0.0
layered_bit_0425,-0.0,0.0
layered_bit_0426,0.0,0.0
layered_bit_0427,0.0,0.0
layered_bit_0428,-0.0,0.0
layered_bit_0429,-0.0,0.0
layered_bit_0430,-0.0,0.0
layered_bit_0431,0.0,0.0
layered_bit_0458,0.0,0.0
layered_bit_0479,-0.0,0.0
layered_bit_0480,-0.0,0.0
layered_bit_0481,0.0,0.0
layered_bit_0484,-0.0,0.0
layered_bit_0485,-0.0,0.0
layered_bit_0487,0.0,0.0
layered_bit_0488,-0.0,0.0
layered_bit_0489,-0.0,0.0
layered_bit_0490,-0.0,0.0
layered_bit_0491,0.0,0.0
layered_bit_0492,-0.0,0.0
layered_bit_0493,-0.0,0.0
layered_bit_0470,0.0,0.0
ecfp6_bit_0639,0.0,0.0
ecfp6_bit_0640,0.0,0.0
ecfp6_bit_0641,-0.0,0.0
ecfp6_bit_0644,-0.0,0.0
ecfp6_bit_0645,0.0,0.0
ecfp6_bit_0647,-0.0,0.0
ecfp6_bit_0649,0.0,0.0
ecfp6_bit_0650,-0.0,0.0
ecfp6_bit_0652,0.0,0.0
layered_bit_0466,-0.0,0.0
layered_bit_0467,-0.0,0.0
layered_bit_0468,0.0,0.0
layered_bit_0469,-0.0,0.0
ecfp6_bit_0638,0.0,0.0
layered_bit_0403,0.0,0.0
layered_bit_0404,0.0,0.0
layered_bit_0406,-0.0,0.0
layered_bit_0409,0.0,0.0
layered_bit_0410,0.0,0.0
layered_bit_0411,0.0,0.0
layered_bit_0413,-0.0,0.0
layered_bit_0414,-0.0,0.0
ecfp6_bit_0653,0.0,0.0
layered_bit_0380,-0.0,0.0
layered_bit_0381,0.0,0.0
layered_bit_0382,0.0,0.0
layered_bit_0433,0.0,0.0
layered_bit_0384,-0.0,0.0
layered_bit_0385,-0.0,0.0
layered_bit_0386,-0.0,0.0
layered_bit_0387,0.0,0.0
layered_bit_0388,-0.0,0.0
layered_bit_0390,0.0,0.0
layered_bit_0391,-0.0,0.0
layered_bit_0392,-0.0,0.0
layered_bit_0393,-0.0,0.0
layered_bit_0394,-0.0,0.0
layered_bit_0395,-0.0,0.0
layered_bit_0356,0.0,0.0
layered_bit_0383,-0.0,0.0
layered_bit_0434,-0.0,0.0
layered_bit_0435,-0.0,0.0
layered_bit_0436,0.0,0.0
layered_bit_0437,0.0,0.0
layered_bit_0439,0.0,0.0
layered_bit_0441,-0.0,0.0
layered_bit_0442,0.0,0.0
ecfp6_bit_0656,0.0,0.0
ecfp6_bit_0658,0.0,0.0
ecfp6_bit_0659,-0.0,0.0
ecfp6_bit_0662,-0.0,0.0
ecfp6_bit_0663,-0.0,0.0
layered_bit_0402,0.0,0.0
ecfp6_bit_0665,0.0,0.0
ecfp6_bit_0667,0.0,0.0
layered_bit_0416,0.0,0.0
layered_bit_0417,0.0,0.0
layered_bit_0418,0.0,0.0
layered_bit_0419,-0.0,0.0
layered_bit_0420,0.0,0.0
layered_bit_0422,-0.0,0.0
layered_bit_0396,-0.0,0.0
layered_bit_0398,-0.0,0.0
layered_bit_0399,-0.0,0.0
layered_bit_0400,0.0,0.0
layered_bit_0401,0.0,0.0
ecfp6_bit_0664,-0.0,0.0
layered_bit_0124,0.0,0.0
layered_bit_0125,-0.0,0.0
layered_bit_0126,0.0,0.0
ecfp6_bit_0753,-0.0,0.0
ecfp6_bit_0755,0.0,0.0
ecfp6_bit_0757,-0.0,0.0
ecfp6_bit_0758,0.0,0.0
ecfp6_bit_0759,0.0,0.0
ecfp6_bit_0760,0.0,0.0
ecfp6_bit_0761,-0.0,0.0
ecfp6_bit_0762,-0.0,0.0
ecfp6_bit_0763,0.0,0.0
layered_bit_0244,-0.0,0.0
layered_bit_0101,-0.0,0.0
layered_bit_0102,0.0,0.0
layered_bit_0103,-0.0,0.0
layered_bit_0105,-0.0,0.0
layered_bit_0106,-0.0,0.0
layered_bit_0107,-0.0,0.0
layered_bit_0086,0.0,0.0
layered_bit_0087,0.0,0.0
layered_bit_0089,-0.0,0.0
layered_bit_0090,0.0,0.0
layered_bit_0091,0.0,0.0
layered_bit_0093,0.0,0.0
ecfp6_bit_0764,0.0,0.0
layered_bit_0130,-0.0,0.0
layered_bit_0132,-0.0,0.0
layered_bit_0133,0.0,0.0
layered_bit_0134,-0.0,0.0
layered_bit_0135,0.0,0.0
layered_bit_0136,0.0,0.0
layered_bit_0137,-0.0,0.0
layered_bit_0141,0.0,0.0
layered_bit_0142,-0.0,0.0
layered_bit_0143,0.0,0.0
layered_bit_0145,0.0,0.0
layered_bit_0146,0.0,0.0
layered_bit_0123,0.0,0.0
ecfp6_bit_0735,0.0,0.0
layered_bit_0108,-0.0,0.0
layered_bit_0109,0.0,0.0
layered_bit_0110,-0.0,0.0
layered_bit_0111,-0.0,0.0
layered_bit_0112,0.0,0.0
layered_bit_0113,0.0,0.0
layered_bit_0115,-0.0,0.0
layered_bit_0116,0.0,0.0
layered_bit_0118,-0.0,0.0
layered_bit_0119,0.0,0.0
layered_bit_0120,-0.0,0.0
layered_bit_0122,0.0,0.0
ecfp6_bit_0733,-0.0,0.0
layered_bit_0049,0.0,0.0
layered_bit_0051,-0.0,0.0
layered_bit_0052,-0.0,0.0
layered_bit_0053,0.0,0.0
layered_bit_0054,-0.0,0.0
layered_bit_0055,0.0,0.0
layered_bit_0056,-0.0,0.0
layered_bit_0057,-0.0,0.0
layered_bit_0058,-0.0,0.0
layered_bit_0060,-0.0,0.0
layered_bit_0061,-0.0,0.0
layered_bit_0025,0.0,0.0
layered_bit_0094,-0.0,0.0
layered_bit_0027,0.0,0.0
layered_bit_0029,0.0,0.0
layered_bit_0030,0.0,0.0
layered_bit_0031,-0.0,0.0
layered_bit_0032,-0.0,0.0
layered_bit_0033,0.0,0.0
layered_bit_0034,-0.0,0.0
layered_bit_0035,-0.0,0.0
layered_bit_0036,0.0,0.0
layered_bit_0037,-0.0,0.0
layered_bit_0038,-0.0,0.0
layered_bit_0040,-0.0,0.0
layered_bit_0026,-0.0,0.0
layered_bit_0095,-0.0,0.0
layered_bit_0097,0.0,0.0
layered_bit_0098,-0.0,0.0
layered_bit_0099,-0.0,0.0
layered_bit_0100,0.0,0.0
ecfp6_bit_0749,0.0,0.0
ecfp6_bit_0750,-0.0,0.0
ecfp6_bit_0752,-0.0,0.0
layered_bit_0062,-0.0,0.0
layered_bit_0063,-0.0,0.0
layered_bit_0065,-0.0,0.0
layered_bit_0067,-0.0,0.0
layered_bit_0047,-0.0,0.0
layered_bit_0070,0.0,0.0
layered_bit_0071,0.0,0.0
layered_bit_0072,0.0,0.0
layered_bit_0077,0.0,0.0
layered_bit_0078,-0.0,0.0
layered_bit_0079,-0.0,0.0
layered_bit_0081,0.0,0.0
layered_bit_0083,-0.0,0.0
layered_bit_0084,0.0,0.0
layered_bit_0043,-0.0,0.0
layered_bit_0044,-0.0,0.0
layered_bit_0045,-0.0,0.0
layered_bit_0046,0.0,0.0
layered_bit_0068,0.0,0.0
layered_bit_0212,-0.0,0.0
layered_bit_0213,-0.0,0.0
layered_bit_0215,0.0,0.0
layered_bit_0217,-0.0,0.0
layered_bit_0219,-0.0,0.0
layered_bit_0220,0.0,0.0
layered_bit_0221,-0.0,0.0
layered_bit_0222,-0.0,0.0
layered_bit_0223,0.0,0.0
layered_bit_0225,0.0,0.0
layered_bit_0226,-0.0,0.0
layered_bit_0227,0.0,0.0
layered_bit_0128,-0.0,0.0
layered_bit_0229,-0.0,0.0
layered_bit_0230,0.0,0.0
layered_bit_0188,-0.0,0.0
layered_bit_0189,0.0,0.0
layered_bit_0191,-0.0,0.0
layered_bit_0192,-0.0,0.0
layered_bit_0195,-0.0,0.0
layered_bit_0196,-0.0,0.0
layered_bit_0197,0.0,0.0
layered_bit_0198,-0.0,0.0
layered_bit_0200,-0.0,0.0
layered_bit_0201,0.0,0.0
layered_bit_0228,-0.0,0.0
layered_bit_0245,0.0,0.0
layered_bit_0246,-0.0,0.0
layered_bit_0247,-0.0,0.0
layered_bit_0250,-0.0,0.0
layered_bit_0251,-0.0,0.0
layered_bit_0252,0.0,0.0
layered_bit_0253,-0.0,0.0
layered_bit_0254,-0.0,0.0
layered_bit_0255,0.0,0.0
layered_bit_0256,-0.0,0.0
layered_bit_0257,0.0,0.0
layered_bit_0258,-0.0,0.0
layered_bit_0239,-0.0,0.0
layered_bit_0231,-0.0,0.0
layered_bit_0232,-0.0,0.0
ecfp6_bit_0701,-0.0,0.0
ecfp6_bit_0702,-0.0,0.0
ecfp6_bit_0703,0.0,0.0
ecfp6_bit_0705,-0.0,0.0
ecfp6_bit_0714,-0.0,0.0
ecfp6_bit_0716,-0.0,0.0
layered_bit_0233,-0.0,0.0
layered_bit_0234,0.0,0.0
layered_bit_0235,-0.0,0.0
layered_bit_0236,0.0,0.0
layered_bit_0237,0.0,0.0
layered_bit_0260,0.0,0.0
layered_bit_0165,-0.0,0.0
layered_bit_0167,-0.0,0.0
layered_bit_0168,0.0,0.0
layered_bit_0171,0.0,0.0
layered_bit_0174,0.0,0.0
layered_bit_0175,0.0,0.0
layered_bit_0177,0.0,0.0
layered_bit_0178,-0.0,0.0
layered_bit_0181,-0.0,0.0
ecfp6_bit_0736,-0.0,0.0
ecfp6_bit_0737,0.0,0.0
ecfp6_bit_0738,-0.0,0.0
layered_bit_0202,-0.0,0.0
ecfp6_bit_0740,0.0,0.0
ecfp6_bit_0743,0.0,0.0
ecfp6_bit_0745,-0.0,0.0
ecfp6_bit_0746,0.0,0.0
ecfp6_bit_0748,0.0,0.0
layered_bit_0150,-0.0,0.0
layered_bit_0151,0.0,0.0
layered_bit_0152,-0.0,0.0
layered_bit_0153,0.0,0.0
layered_bit_0154,0.0,0.0
layered_bit_0155,0.0,0.0
layered_bit_0157,0.0,0.0
ecfp6_bit_0739,-0.0,0.0
layered_bit_0204,-0.0,0.0
layered_bit_0206,0.0,0.0
layered_bit_0207,-0.0,0.0
layered_bit_0208,-0.0,0.0
layered_bit_0209,-0.0,0.0
ecfp6_bit_0717,-0.0,0.0
ecfp6_bit_0718,-0.0,0.0
ecfp6_bit_0719,-0.0,0.0
ecfp6_bit_0720,0.0,0.0
ecfp6_bit_0721,0.0,0.0
ecfp6_bit_0723,-0.0,0.0
ecfp6_bit_0724,0.0,0.0
layered_bit_0164,0.0,0.0
ecfp6_bit_0727,-0.0,0.0
ecfp6_bit_0728,0.0,0.0
ecfp6_bit_0730,0.0,0.0
layered_bit_0182,-0.0,0.0
layered_bit_0184,0.0,0.0
layered_bit_0185,-0.0,0.0
layered_bit_0186,0.0,0.0
layered_bit_0187,0.0,0.0
layered_bit_0158,-0.0,0.0
layered_bit_0159,-0.0,0.0
layered_bit_0161,-0.0,0.0
layered_bit_0162,0.0,0.0
layered_bit_0163,0.0,0.0
ecfp6_bit_0726,0.0,0.0
layered_bit_0792,-0.0,0.0
layered_bit_0793,0.0,0.0
layered_bit_0795,-0.0,0.0
layered_bit_0798,-0.0,0.0
layered_bit_0800,-0.0,0.0
layered_bit_0802,-0.0,0.0
layered_bit_0804,-0.0,0.0
layered_bit_0805,0.0,0.0
layered_bit_0808,-0.0,0.0
layered_bit_0810,-0.0,0.0
layered_bit_0811,0.0,0.0
layered_bit_0812,0.0,0.0
layered_bit_0478,0.0,0.0
ecfp6_bit_0561,-0.0,0.0
ecfp6_bit_0563,-0.0,0.0
ecfp6_bit_0564,-0.0,0.0
ecfp6_bit_0565,-0.0,0.0
ecfp6_bit_0566,-0.0,0.0
ecfp6_bit_0567,-0.0,0.0
ecfp6_bit_0568,-0.0,0.0
ecfp6_bit_0570,0.0,0.0
ecfp6_bit_0571,0.0,0.0
ecfp6_bit_0572,0.0,0.0
layered_bit_0783,0.0,0.0
layered_bit_0784,-0.0,0.0
ecfp6_bit_0559,0.0,0.0
layered_bit_0827,-0.0,0.0
layered_bit_0828,0.0,0.0
layered_bit_0829,-0.0,0.0
layered_bit_0833,-0.0,0.0
layered_bit_0835,0.0,0.0
layered_bit_0836,0.0,0.0
layered_bit_0838,-0.0,0.0
layered_bit_0839,0.0,0.0
layered_bit_0840,-0.0,0.0
layered_bit_0816,-0.0,0.0
layered_bit_0817,0.0,0.0
ecfp6_bit_0541,0.0,0.0
layered_bit_0791,0.0,0.0
ecfp6_bit_0543,0.0,0.0
ecfp6_bit_0544,-0.0,0.0
ecfp6_bit_0546,0.0,0.0
ecfp6_bit_0547,-0.0,0.0
ecfp6_bit_0548,0.0,0.0
ecfp6_bit_0549,-0.0,0.0
ecfp6_bit_0555,0.0,0.0
layered_bit_0818,-0.0,0.0
layered_bit_0821,-0.0,0.0
layered_bit_0822,-0.0,0.0
layered_bit_0788,0.0,0.0
layered_bit_0789,0.0,0.0
layered_bit_0790,-0.0,0.0
ecfp6_bit_0542,-0.0,0.0
layered_bit_0763,0.0,0.0
layered_bit_0764,0.0,0.0
layered_bit_0766,0.0,0.0
layered_bit_0767,-0.0,0.0
ecfp6_bit_0576,0.0,0.0
ecfp6_bit_0577,-0.0,0.0
ecfp6_bit_0578,-0.0,0.0
ecfp6_bit_0579,-0.0,0.0
ecfp6_bit_0580,-0.0,0.0
ecfp6_bit_0581,-0.0,0.0
ecfp6_bit_0583,-0.0,0.0
ecfp6_bit_0584,0.0,0.0
layered_bit_0785,0.0,0.0
layered_bit_0733,-0.0,0.0
layered_bit_0734,0.0,0.0
layered_bit_0736,-0.0,0.0
layered_bit_0739,-0.0,0.0
layered_bit_0740,-0.0,0.0
layered_bit_0741,0.0,0.0
layered_bit_0742,-0.0,0.0
layered_bit_0719,0.0,0.0
layered_bit_0720,0.0,0.0
layered_bit_0721,0.0,0.0
layered_bit_0722,-0.0,0.0
layered_bit_0723,0.0,0.0
ecfp6_bit_0586,-0.0,0.0
layered_bit_0787,0.0,0.0
layered_bit_0768,-0.0,0.0
layered_bit_0769,-0.0,0.0
layered_bit_0770,0.0,0.0
layered_bit_0771,-0.0,0.0
layered_bit_0773,0.0,0.0
layered_bit_0774,-0.0,0.0
layered_bit_0775,-0.0,0.0
layered_bit_0777,-0.0,0.0
layered_bit_0778,-0.0,0.0
layered_bit_0779,-0.0,0.0
layered_bit_0780,-0.0,0.0
layered_bit_0762,-0.0,0.0
layered_bit_0782,-0.0,0.0
ecfp6_bit_0558,0.0,0.0
layered_bit_0743,0.0,0.0
layered_bit_0746,-0.0,0.0
layered_bit_0747,-0.0,0.0
layered_bit_0748,-0.0,0.0
layered_bit_0750,0.0,0.0
layered_bit_0751,-0.0,0.0
layered_bit_0753,0.0,0.0
layered_bit_0754,0.0,0.0
layered_bit_0755,-0.0,0.0
layered_bit_0756,0.0,0.0
layered_bit_0761,0.0,0.0
layered_bit_0781,-0.0,0.0
layered_bit_0912,-0.0,0.0
layered_bit_0913,0.0,0.0
layered_bit_0916,-0.0,0.0
layered_bit_0918,0.0,0.0
layered_bit_0919,-0.0,0.0
layered_bit_0920,-0.0,0.0
layered_bit_0922,0.0,0.0
layered_bit_0923,-0.0,0.0
layered_bit_0924,0.0,0.0
layered_bit_0925,0.0,0.0
layered_bit_0926,-0.0,0.0
layered_bit_0927,0.0,0.0
layered_bit_0826,0.0,0.0
ecfp6_bit_0530,-0.0,0.0
ecfp6_bit_0531,0.0,0.0
ecfp6_bit_0532,0.0,0.0
ecfp6_bit_0533,-0.0,0.0
ecfp6_bit_0534,0.0,0.0
ecfp6_bit_0535,-0.0,0.0
ecfp6_bit_0536,-0.0,0.0
ecfp6_bit_0538,-0.0,0.0
ecfp6_bit_0539,0.0,0.0
ecfp6_bit_0540,0.0,0.0
layered_bit_0901,0.0,0.0
layered_bit_0903,-0.0,0.0
layered_bit_0930,-0.0,0.0
ecfp6_bit_0522,0.0,0.0
ecfp6_bit_0523,-0.0,0.0
layered_bit_0951,-0.0,0.0
layered_bit_0953,0.0,0.0
layered_bit_0958,-0.0,0.0
layered_bit_0959,0.0,0.0
layered_bit_0960,-0.0,0.0
layered_bit_0962,0.0,0.0
layered_bit_0931,-0.0,0.0
layered_bit_0932,-0.0,0.0
layered_bit_0933,-0.0,0.0
layered_bit_0935,0.0,0.0
layered_bit_0911,-0.0,0.0
layered_bit_0937,-0.0,0.0
layered_bit_0938,0.0,0.0
layered_bit_0941,-0.0,0.0
layered_bit_0943,-0.0,0.0
layered_bit_0945,-0.0,0.0
layered_bit_0946,0.0,0.0
layered_bit_0947,0.0,0.0
layered_bit_0949,0.0,0.0
layered_bit_0950,-0.0,0.0
ecfp6_bit_0509,0.0,0.0
ecfp6_bit_0510,-0.0,0.0
layered_bit_0908,0.0,0.0
layered_bit_0910,-0.0,0.0
layered_bit_0936,-0.0,0.0
layered_bit_0874,0.0,0.0
layered_bit_0876,0.0,0.0
layered_bit_0877,-0.0,0.0
layered_bit_0878,-0.0,0.0
layered_bit_0879,0.0,0.0
layered_bit_0880,-0.0,0.0
layered_bit_0843,-0.0,0.0
layered_bit_0844,0.0,0.0
layered_bit_0845,-0.0,0.0
layered_bit_0846,-0.0,0.0
layered_bit_0847,0.0,0.0
layered_bit_0848,0.0,0.0
layered_bit_0904,-0.0,0.0
layered_bit_0850,-0.0,0.0
layered_bit_0852,0.0,0.0
layered_bit_0853,0.0,0.0
layered_bit_0854,0.0,0.0
layered_bit_0855,-0.0,0.0
layered_bit_0856,-0.0,0.0
layered_bit_0857,-0.0,0.0
layered_bit_0858,0.0,0.0
layered_bit_0860,0.0,0.0
layered_bit_0823,0.0,0.0
layered_bit_0824,-0.0,0.0
layered_bit_0825,-0.0,0.0
layered_bit_0849,-0.0,0.0
layered_bit_0905,0.0,0.0
layered_bit_0906,-0.0,0.0
layered_bit_0907,0.0,0.0
layered_bit_0881,0.0,0.0
layered_bit_0883,0.0,0.0
layered_bit_0884,0.0,0.0
layered_bit_0885,-0.0,0.0
layered_bit_0886,-0.0,0.0
layered_bit_0887,0.0,0.0
layered_bit_0890,0.0,0.0
layered_bit_0893,0.0,0.0
layered_bit_0895,-0.0,0.0
layered_bit_0873,0.0,0.0
layered_bit_0897,0.0,0.0
layered_bit_0899,-0.0,0.0
layered_bit_0900,-0.0,0.0
ecfp6_bit_0526,0.0,0.0
ecfp6_bit_0529,-0.0,0.0
layered_bit_0861,-0.0,0.0
layered_bit_0863,-0.0,0.0
layered_bit_0865,0.0,0.0
layered_bit_0866,0.0,0.0
layered_bit_0868,-0.0,0.0
layered_bit_0869,-0.0,0.0
layered_bit_0871,0.0,0.0
layered_bit_0872,0.0,0.0
layered_bit_0896,-0.0,0.0
layered_bit_0560,-0.0,0.0
layered_bit_0562,-0.0,0.0
layered_bit_0563,0.0,0.0
layered_bit_0564,0.0,0.0
layered_bit_0565,0.0,0.0
layered_bit_0567,-0.0,0.0
layered_bit_0568,0.0,0.0
layered_bit_0569,0.0,0.0
layered_bit_0570,0.0,0.0
layered_bit_0571,0.0,0.0
layered_bit_0572,-0.0,0.0
layered_bit_0573,0.0,0.0
layered_bit_0724,-0.0,0.0
layered_bit_0539,0.0,0.0
layered_bit_0540,0.0,0.0
layered_bit_0541,0.0,0.0
layered_bit_0543,-0.0,0.0
layered_bit_0544,0.0,0.0
layered_bit_0545,0.0,0.0
layered_bit_0546,-0.0,0.0
layered_bit_0547,-0.0,0.0
layered_bit_0548,-0.0,0.0
layered_bit_0549,-0.0,0.0
layered_bit_0550,0.0,0.0
layered_bit_0552,-0.0,0.0
layered_bit_0574,0.0,0.0
layered_bit_0608,0.0,0.0
layered_bit_0609,0.0,0.0
layered_bit_0611,0.0,0.0
layered_bit_0612,-0.0,0.0
layered_bit_0613,-0.0,0.0
layered_bit_0614,-0.0,0.0
layered_bit_0615,0.0,0.0
layered_bit_0616,-0.0,0.0
layered_bit_0575,-0.0,0.0
layered_bit_0576,-0.0,0.0
layered_bit_0577,-0.0,0.0
layered_bit_0578,0.0,0.0
layered_bit_0559,-0.0,0.0
layered_bit_0580,0.0,0.0
layered_bit_0582,-0.0,0.0
layered_bit_0583,-0.0,0.0
layered_bit_0585,0.0,0.0
layered_bit_0586,-0.0,0.0
layered_bit_0587,0.0,0.0
layered_bit_0589,0.0,0.0
layered_bit_0590,0.0,0.0
layered_bit_0595,-0.0,0.0
layered_bit_0596,0.0,0.0
layered_bit_0597,0.0,0.0
layered_bit_0557,-0.0,0.0
layered_bit_0558,0.0,0.0
layered_bit_0579,-0.0,0.0
layered_bit_0525,0.0,0.0
layered_bit_0526,-0.0,0.0
layered_bit_0528,0.0,0.0
layered_bit_0529,-0.0,0.0
layered_bit_0530,-0.0,0.0
layered_bit_0531,-0.0,0.0
ecfp6_bit_0621,0.0,0.0
ecfp6_bit_0623,-0.0,0.0
layered_bit_0494,0.0,0.0
layered_bit_0495,-0.0,0.0
layered_bit_0496,0.0,0.0
layered_bit_0497,-0.0,0.0
layered_bit_0553,-0.0,0.0
layered_bit_0500,-0.0,0.0
layered_bit_0504,0.0,0.0
layered_bit_0505,0.0,0.0
layered_bit_0506,0.0,0.0
layered_bit_0507,-0.0,0.0
layered_bit_0508,0.0,0.0
layered_bit_0509,0.0,0.0
layered_bit_0510,0.0,0.0
layered_bit_0512,-0.0,0.0
layered_bit_0513,0.0,0.0
layered_bit_0475,-0.0,0.0
layered_bit_0477,-0.0,0.0
layered_bit_0498,-0.0,0.0
layered_bit_0554,-0.0,0.0
layered_bit_0555,0.0,0.0
layered_bit_0556,-0.0,0.0
ecfp6_bit_0624,0.0,0.0
ecfp6_bit_0625,-0.0,0.0
ecfp6_bit_0626,-0.0,0.0
ecfp6_bit_0628,0.0,0.0
ecfp6_bit_0629,0.0,0.0
ecfp6_bit_0630,-0.0,0.0
ecfp6_bit_0632,0.0,0.0
ecfp6_bit_0633,-0.0,0.0
ecfp6_bit_0634,0.0,0.0
layered_bit_0524,-0.0,0.0
ecfp6_bit_0636,-0.0,0.0
layered_bit_0532,0.0,0.0
layered_bit_0534,0.0,0.0
layered_bit_0535,-0.0,0.0
layered_bit_0537,-0.0,0.0
layered_bit_0538,-0.0,0.0
layered_bit_0514,-0.0,0.0
layered_bit_0515,0.0,0.0
layered_bit_0516,0.0,0.0
layered_bit_0517,-0.0,0.0
layered_bit_0518,0.0,0.0
layered_bit_0521,-0.0,0.0
layered_bit_0523,0.0,0.0
ecfp6_bit_0635,-0.0,0.0
layered_bit_0672,-0.0,0.0
layered_bit_0673,-0.0,0.0
layered_bit_0676,-0.0,0.0
layered_bit_0677,0.0,0.0
layered_bit_0680,0.0,0.0
layered_bit_0681,-0.0,0.0
layered_bit_0686,-0.0,0.0
layered_bit_0687,0.0,0.0
layered_bit_0688,-0.0,0.0
layered_bit_0691,0.0,0.0
layered_bit_0692,-0.0,0.0
layered_bit_0693,-0.0,0.0
layered_bit_0607,0.0,0.0
layered_bit_0662,-0.0,0.0
layered_bit_0664,0.0,0.0
layered_bit_0665,-0.0,0.0
ecfp6_bit_0595,-0.0,0.0
ecfp6_bit_0596,-0.0,0.0
ecfp6_bit_0597,0.0,0.0
ecfp6_bit_0598,-0.0,0.0
ecfp6_bit_0599,0.0,0.0
ecfp6_bit_0602,-0.0,0.0
ecfp6_bit_0603,-0.0,0.0
ecfp6_bit_0604,0.0,0.0
layered_bit_0667,0.0,0.0
layered_bit_0661,-0.0,0.0
layered_bit_0725,0.0,0.0
layered_bit_0727,0.0,0.0
layered_bit_0728,-0.0,0.0
layered_bit_0729,-0.0,0.0
layered_bit_0730,0.0,0.0
layered_bit_0731,0.0,0.0
layered_bit_0732,0.0,0.0
ecfp6_bit_0574,-0.0,0.0
ecfp6_bit_0575,-0.0,0.0
layered_bit_0694,0.0,0.0
layered_bit_0695,-0.0,0.0
layered_bit_0696,-0.0,0.0
layered_bit_0670,0.0,0.0
layered_bit_0698,-0.0,0.0
layered_bit_0702,0.0,0.0
layered_bit_0703,0.0,0.0
layered_bit_0704,0.0,0.0
layered_bit_0705,-0.0,0.0
layered_bit_0708,0.0,0.0
layered_bit_0710,-0.0,0.0
layered_bit_0711,-0.0,0.0
layered_bit_0712,0.0,0.0
layered_bit_0713,-0.0,0.0
layered_bit_0714,0.0,0.0
layered_bit_0715,-0.0,0.0
layered_bit_0669,-0.0,0.0
layered_bit_0697,-0.0,0.0
layered_bit_0636,0.0,0.0
layered_bit_0637,0.0,0.0
layered_bit_0617,-0.0,0.0
layered_bit_0619,-0.0,0.0
layered_bit_0620,0.0,0.0
layered_bit_0621,-0.0,0.0
layered_bit_0622,0.0,0.0
layered_bit_0623,0.0,0.0
layered_bit_0624,-0.0,0.0
layered_bit_0625,-0.0,0.0
layered_bit_0626,-0.0,0.0
layered_bit_0627,0.0,0.0
layered_bit_0638,0.0,0.0
ecfp6_bit_0605,0.0,0.0
ecfp6_bit_0606,0.0,0.0
ecfp6_bit_0608,-0.0,0.0
ecfp6_bit_0609,-0.0,0.0
ecfp6_bit_0610,0.0,0.0
layered_bit_0598,0.0,0.0
layered_bit_0599,0.0,0.0
layered_bit_0600,-0.0,0.0
layered_bit_0601,0.0,0.0
layered_bit_0602,-0.0,0.0
layered_bit_0604,-0.0,0.0
layered_bit_0605,-0.0,0.0
layered_bit_0629,0.0,0.0
layered_bit_0639,-0.0,0.0
layered_bit_0640,0.0,0.0
layered_bit_0641,0.0,0.0
layered_bit_0643,0.0,0.0
layered_bit_0645,-0.0,0.0
layered_bit_0649,-0.0,0.0
layered_bit_0650,0.0,0.0
layered_bit_0651,0.0,0.0
layered_bit_0652,-0.0,0.0
layered_bit_0653,0.0,0.0
layered_bit_0654,0.0,0.0
layered_bit_0656,-0.0,0.0
layered_bit_0635,-0.0,0.0
layered_bit_0659,0.0,0.0
layered_bit_0660,-0.0,0.0
ecfp6_bit_0611,0.0,0.0
ecfp6_bit_0612,-0.0,0.0
ecfp6_bit_0613,0.0,0.0
ecfp6_bit_0614,-0.0,0.0
ecfp6_bit_0616,-0.0,0.0
ecfp6_bit_0618,0.0,0.0
ecfp6_bit_0619,0.0,0.0
ecfp6_bit_0620,0.0,0.0
layered_bit_0630,-0.0,0.0
layered_bit_0632,-0.0,0.0
layered_bit_0634,0.0,0.0
layered_bit_0658,0.0,0.0
fcfp6_bit_0470,0.0,0.0
fcfp6_bit_0441,-0.0,0.0
fcfp6_bit_0444,0.0,0.0
fcfp6_bit_0445,-0.0,0.0
fcfp6_bit_0446,-0.0,0.0
fcfp6_bit_0447,0.0,0.0
fcfp6_bit_0448,-0.0,0.0
fcfp6_bit_0449,0.0,0.0
fcfp6_bit_0450,-0.0,0.0
fcfp6_bit_0451,-0.0,0.0
fcfp6_bit_0454,-0.0,0.0
fcfp6_bit_0457,-0.0,0.0
layered_bit_0041,0.0,0.0
fcfp6_bit_0461,-0.0,0.0
fcfp6_bit_0065,0.0,0.0
fcfp6_bit_0067,-0.0,0.0
fcfp6_bit_0068,-0.0,0.0
fcfp6_bit_0069,0.0,0.0
fcfp6_bit_0070,-0.0,0.0
fcfp6_bit_0071,-0.0,0.0
fcfp6_bit_0074,0.0,0.0
fcfp6_bit_0075,0.0,0.0
fcfp6_bit_0076,-0.0,0.0
fcfp6_bit_0077,0.0,0.0
fcfp6_bit_0078,0.0,0.0
fcfp6_bit_0460,-0.0,0.0
fcfp6_bit_0480,-0.0,0.0
fcfp6_bit_0484,-0.0,0.0
fcfp6_bit_0485,-0.0,0.0
fcfp6_bit_0486,0.0,0.0
fcfp6_bit_0489,0.0,0.0
fcfp6_bit_0490,-0.0,0.0
fcfp6_bit_0491,0.0,0.0
fcfp6_bit_0492,-0.0,0.0
fcfp6_bit_0493,-0.0,0.0
fcfp6_bit_0494,0.0,0.0
fcfp6_bit_0495,-0.0,0.0
fcfp6_bit_0463,-0.0,0.0
fcfp6_bit_0466,0.0,0.0
fcfp6_bit_0049,0.0,0.0
fcfp6_bit_0051,-0.0,0.0
fcfp6_bit_0052,-0.0,0.0
fcfp6_bit_0053,-0.0,0.0
fcfp6_bit_0054,-0.0,0.0
fcfp6_bit_0055,-0.0,0.0
fcfp6_bit_0056,-0.0,0.0
fcfp6_bit_0058,-0.0,0.0
fcfp6_bit_0059,-0.0,0.0
fcfp6_bit_0061,0.0,0.0
fcfp6_bit_0063,-0.0,0.0
fcfp6_bit_0464,-0.0,0.0
fcfp6_bit_0047,-0.0,0.0
fcfp6_bit_0092,0.0,0.0
fcfp6_bit_0094,0.0,0.0
fcfp6_bit_0400,0.0,0.0
fcfp6_bit_0402,0.0,0.0
fcfp6_bit_0403,-0.0,0.0
fcfp6_bit_0404,-0.0,0.0
fcfp6_bit_0406,0.0,0.0
fcfp6_bit_0380,-0.0,0.0
fcfp6_bit_0382,-0.0,0.0
fcfp6_bit_0384,0.0,0.0
fcfp6_bit_0385,-0.0,0.0
fcfp6_bit_0387,-0.0,0.0
fcfp6_bit_0079,-0.0,0.0
fcfp6_bit_0389,0.0,0.0
fcfp6_bit_0390,-0.0,0.0
fcfp6_bit_0391,-0.0,0.0
fcfp6_bit_0392,0.0,0.0
fcfp6_bit_0393,-0.0,0.0
fcfp6_bit_0395,-0.0,0.0
fcfp6_bit_0396,-0.0,0.0
fcfp6_bit_0397,-0.0,0.0
fcfp6_bit_0398,-0.0,0.0
fcfp6_bit_0100,0.0,0.0
fcfp6_bit_0101,0.0,0.0
fcfp6_bit_0102,-0.0,0.0
fcfp6_bit_0388,-0.0,0.0
fcfp6_bit_0434,-0.0,0.0
fcfp6_bit_0436,-0.0,0.0
fcfp6_bit_0439,-0.0,0.0
fcfp6_bit_0409,0.0,0.0
fcfp6_bit_0410,0.0,0.0
fcfp6_bit_0412,-0.0,0.0
fcfp6_bit_0416,0.0,0.0
fcfp6_bit_0417,-0.0,0.0
fcfp6_bit_0418,0.0,0.0
fcfp6_bit_0419,-0.0,0.0
fcfp6_bit_0420,0.0,0.0
fcfp6_bit_0423,0.0,0.0
fcfp6_bit_0091,0.0,0.0
fcfp6_bit_0427,-0.0,0.0
fcfp6_bit_0428,-0.0,0.0
fcfp6_bit_0430,-0.0,0.0
fcfp6_bit_0431,0.0,0.0
fcfp6_bit_0064,-0.0,0.0
fcfp6_bit_0080,-0.0,0.0
fcfp6_bit_0082,-0.0,0.0
fcfp6_bit_0083,-0.0,0.0
fcfp6_bit_0084,-0.0,0.0
fcfp6_bit_0085,-0.0,0.0
fcfp6_bit_0086,-0.0,0.0
fcfp6_bit_0088,0.0,0.0
fcfp6_bit_0089,0.0,0.0
fcfp6_bit_0426,0.0,0.0
fcfp6_bit_0001,0.0,0.0
fcfp6_bit_0004,0.0,0.0
fcfp6_bit_0005,0.0,0.0
fcfp6_bit_0006,-0.0,0.0
fcfp6_bit_0007,-0.0,0.0
fcfp6_bit_0008,-0.0,0.0
fcfp6_bit_0009,-0.0,0.0
fcfp6_bit_0012,-0.0,0.0
fcfp6_bit_0013,0.0,0.0
fcfp6_bit_0560,-0.0,0.0
fcfp6_bit_0561,-0.0,0.0
fcfp6_bit_0562,0.0,0.0
fcfp6_bit_0478,0.0,0.0
fcfp6_bit_0565,0.0,0.0
fcfp6_bit_0567,0.0,0.0
fcfp6_bit_0538,-0.0,0.0
fcfp6_bit_0540,0.0,0.0
fcfp6_bit_0544,0.0,0.0
fcfp6_bit_0545,-0.0,0.0
fcfp6_bit_0547,0.0,0.0
fcfp6_bit_0550,0.0,0.0
fcfp6_bit_0551,0.0,0.0
fcfp6_bit_0552,-0.0,0.0
fcfp6_bit_0553,0.0,0.0
fcfp6_bit_0555,0.0,0.0
fcfp6_bit_0563,0.0,0.0
ecfp6_bit_1006,0.0,0.0
ecfp6_bit_1008,0.0,0.0
ecfp6_bit_1014,-0.0,0.0
ecfp6_bit_1015,0.0,0.0
ecfp6_bit_1016,-0.0,0.0
ecfp6_bit_1018,0.0,0.0
ecfp6_bit_1019,-0.0,0.0
fcfp6_bit_0596,0.0,0.0
fcfp6_bit_0598,-0.0,0.0
fcfp6_bit_0599,0.0,0.0
fcfp6_bit_0600,0.0,0.0
fcfp6_bit_0601,0.0,0.0
fcfp6_bit_0000,0.0,0.0
fcfp6_bit_0569,0.0,0.0
fcfp6_bit_0570,0.0,0.0
fcfp6_bit_0571,-0.0,0.0
fcfp6_bit_0572,-0.0,0.0
fcfp6_bit_0573,-0.0,0.0
fcfp6_bit_0574,0.0,0.0
fcfp6_bit_0575,0.0,0.0
fcfp6_bit_0576,0.0,0.0
fcfp6_bit_0578,0.0,0.0
fcfp6_bit_0579,0.0,0.0
fcfp6_bit_0580,-0.0,0.0
fcfp6_bit_0581,0.0,0.0
fcfp6_bit_0582,0.0,0.0
fcfp6_bit_0568,0.0,0.0
fcfp6_bit_0515,-0.0,0.0
fcfp6_bit_0516,-0.0,0.0
fcfp6_bit_0520,-0.0,0.0
fcfp6_bit_0522,-0.0,0.0
fcfp6_bit_0523,-0.0,0.0
fcfp6_bit_0524,0.0,0.0
fcfp6_bit_0527,0.0,0.0
fcfp6_bit_0032,-0.0,0.0
fcfp6_bit_0034,-0.0,0.0
fcfp6_bit_0035,0.0,0.0
fcfp6_bit_0036,-0.0,0.0
fcfp6_bit_0037,-0.0,0.0
fcfp6_bit_0557,-0.0,0.0
fcfp6_bit_0040,-0.0,0.0
fcfp6_bit_0042,0.0,0.0
fcfp6_bit_0043,0.0,0.0
fcfp6_bit_0044,0.0,0.0
fcfp6_bit_0045,0.0,0.0
fcfp6_bit_0496,0.0,0.0
fcfp6_bit_0497,-0.0,0.0
fcfp6_bit_0498,0.0,0.0
fcfp6_bit_0499,0.0,0.0
fcfp6_bit_0471,0.0,0.0
fcfp6_bit_0473,0.0,0.0
fcfp6_bit_0477,0.0,0.0
fcfp6_bit_0038,0.0,0.0
fcfp6_bit_0559,0.0,0.0
ecfp6_bit_1023,-0.0,0.0
fcfp6_bit_0014,-0.0,0.0
fcfp6_bit_0017,0.0,0.0
fcfp6_bit_0018,0.0,0.0
fcfp6_bit_0019,0.0,0.0
fcfp6_bit_0021,0.0,0.0
fcfp6_bit_0022,-0.0,0.0
fcfp6_bit_0024,-0.0,0.0
fcfp6_bit_0025,-0.0,0.0
fcfp6_bit_0026,0.0,0.0
fcfp6_bit_0027,0.0,0.0
fcfp6_bit_0513,0.0,0.0
fcfp6_bit_0029,-0.0,0.0
fcfp6_bit_0030,0.0,0.0
fcfp6_bit_0528,0.0,0.0
fcfp6_bit_0533,-0.0,0.0
fcfp6_bit_0536,-0.0,0.0
fcfp6_bit_0504,-0.0,0.0
fcfp6_bit_0505,0.0,0.0
fcfp6_bit_0506,-0.0,0.0
fcfp6_bit_0508,0.0,0.0
fcfp6_bit_0509,-0.0,0.0
fcfp6_bit_0510,-0.0,0.0
fcfp6_bit_0511,0.0,0.0
fcfp6_bit_0512,0.0,0.0
fcfp6_bit_0028,0.0,0.0
fcfp6_bit_0241,-0.0,0.0
fcfp6_bit_0242,-0.0,0.0
fcfp6_bit_0243,0.0,0.0
fcfp6_bit_0244,0.0,0.0
fcfp6_bit_0245,0.0,0.0
fcfp6_bit_0164,0.0,0.0
fcfp6_bit_0165,-0.0,0.0
fcfp6_bit_0166,-0.0,0.0
fcfp6_bit_0168,0.0,0.0
fcfp6_bit_0169,-0.0,0.0
fcfp6_bit_0170,-0.0,0.0
fcfp6_bit_0172,-0.0,0.0
fcfp6_bit_0103,-0.0,0.0
fcfp6_bit_0175,-0.0,0.0
fcfp6_bit_0225,-0.0,0.0
fcfp6_bit_0227,-0.0,0.0
fcfp6_bit_0228,0.0,0.0
fcfp6_bit_0229,-0.0,0.0
fcfp6_bit_0231,0.0,0.0
fcfp6_bit_0232,-0.0,0.0
fcfp6_bit_0201,0.0,0.0
fcfp6_bit_0202,0.0,0.0
fcfp6_bit_0206,-0.0,0.0
fcfp6_bit_0207,0.0,0.0
fcfp6_bit_0208,0.0,0.0
fcfp6_bit_0173,-0.0,0.0
fcfp6_bit_0278,0.0,0.0
fcfp6_bit_0246,-0.0,0.0
fcfp6_bit_0248,-0.0,0.0
fcfp6_bit_0249,0.0,0.0
fcfp6_bit_0251,0.0,0.0
fcfp6_bit_0253,0.0,0.0
fcfp6_bit_0254,0.0,0.0
fcfp6_bit_0255,-0.0,0.0
fcfp6_bit_0259,0.0,0.0
fcfp6_bit_0262,-0.0,0.0
fcfp6_bit_0265,0.0,0.0
fcfp6_bit_0266,-0.0,0.0
fcfp6_bit_0240,0.0,0.0
fcfp6_bit_0269,0.0,0.0
fcfp6_bit_0271,-0.0,0.0
fcfp6_bit_0128,0.0,0.0
fcfp6_bit_0233,0.0,0.0
fcfp6_bit_0235,-0.0,0.0
fcfp6_bit_0237,-0.0,0.0
fcfp6_bit_0145,0.0,0.0
fcfp6_bit_0146,-0.0,0.0
fcfp6_bit_0147,-0.0,0.0
fcfp6_bit_0149,-0.0,0.0
fcfp6_bit_0152,-0.0,0.0
fcfp6_bit_0156,-0.0,0.0
fcfp6_bit_0158,-0.0,0.0
fcfp6_bit_0267,0.0,0.0
morgan_bit_0022,0.0,0.0
morgan_bit_0023,-0.0,0.0
morgan_bit_0026,-0.0,0.0
morgan_bit_0027,-0.0,0.0
morgan_bit_0028,-0.0,0.0
morgan_bit_0029,-0.0,0.0
erg_275,0.0,0.0
erg_276,-0.0,0.0
erg_277,-0.0,0.0
erg_278,-0.0,0.0
erg_279,-0.0,0.0
erg_280,-0.0,0.0
fcfp6_bit_0210,-0.0,0.0
morgan_bit_0005,0.0,0.0
morgan_bit_0004,0.0,0.0
morgan_bit_0002,0.0,0.0
morgan_bit_0001,-0.0,0.0
morgan_bit_0000,-0.0,0.0
erg_314,0.0,0.0
morgan_bit_0015,-0.0,0.0
erg_281,0.0,0.0
erg_282,0.0,0.0
erg_305,0.0,0.0
morgan_bit_0019,-0.0,0.0
morgan_bit_0014,0.0,0.0
morgan_bit_0011,0.0,0.0
fcfp6_bit_0212,-0.0,0.0
fcfp6_bit_0214,-0.0,0.0
fcfp6_bit_0216,-0.0,0.0
fcfp6_bit_0217,-0.0,0.0
fcfp6_bit_0219,0.0,0.0
fcfp6_bit_0220,0.0,0.0
fcfp6_bit_0221,0.0,0.0
fcfp6_bit_0223,-0.0,0.0
fcfp6_bit_0162,0.0,0.0
fcfp6_bit_0163,-0.0,0.0
erg_306,-0.0,0.0
fcfp6_bit_0177,0.0,0.0
morgan_bit_0021,0.0,0.0
fcfp6_bit_0179,-0.0,0.0
fcfp6_bit_0180,-0.0,0.0
fcfp6_bit_0181,0.0,0.0
fcfp6_bit_0182,-0.0,0.0
fcfp6_bit_0184,-0.0,0.0
fcfp6_bit_0185,0.0,0.0
fcfp6_bit_0186,-0.0,0.0
fcfp6_bit_0188,0.0,0.0
fcfp6_bit_0190,0.0,0.0
fcfp6_bit_0191,-0.0,0.0
fcfp6_bit_0197,-0.0,0.0
morgan_bit_0008,0.0,0.0
morgan_bit_0020,0.0,0.0
fcfp6_bit_0178,-0.0,0.0
fcfp6_bit_0098,-0.0,0.0
fcfp6_bit_0329,0.0,0.0
fcfp6_bit_0330,0.0,0.0
fcfp6_bit_0332,0.0,0.0
fcfp6_bit_0333,0.0,0.0
fcfp6_bit_0335,0.0,0.0
fcfp6_bit_0336,0.0,0.0
fcfp6_bit_0337,-0.0,0.0
fcfp6_bit_0338,0.0,0.0
fcfp6_bit_0339,0.0,0.0
fcfp6_bit_0340,0.0,0.0
fcfp6_bit_0341,0.0,0.0
fcfp6_bit_0277,-0.0,0.0
fcfp6_bit_0343,0.0,0.0
fcfp6_bit_0345,-0.0,0.0
fcfp6_bit_0348,0.0,0.0
fcfp6_bit_0349,-0.0,0.0
fcfp6_bit_0118,0.0,0.0
fcfp6_bit_0119,0.0,0.0
fcfp6_bit_0120,0.0,0.0
fcfp6_bit_0121,0.0,0.0
fcfp6_bit_0123,-0.0,0.0
fcfp6_bit_0124,0.0,0.0
fcfp6_bit_0125,0.0,0.0
fcfp6_bit_0126,-0.0,0.0
fcfp6_bit_0342,-0.0,0.0
fcfp6_bit_0106,0.0,0.0
fcfp6_bit_0107,-0.0,0.0
fcfp6_bit_0109,-0.0,0.0
fcfp6_bit_0110,-0.0,0.0
fcfp6_bit_0111,0.0,0.0
fcfp6_bit_0371,0.0,0.0
fcfp6_bit_0372,-0.0,0.0
fcfp6_bit_0373,0.0,0.0
fcfp6_bit_0376,0.0,0.0
fcfp6_bit_0377,0.0,0.0
fcfp6_bit_0378,-0.0,0.0
fcfp6_bit_0379,-0.0,0.0
fcfp6_bit_0097,0.0,0.0
fcfp6_bit_0352,0.0,0.0
fcfp6_bit_0353,0.0,0.0
fcfp6_bit_0355,0.0,0.0
fcfp6_bit_0357,-0.0,0.0
fcfp6_bit_0358,-0.0,0.0
fcfp6_bit_0359,-0.0,0.0
fcfp6_bit_0360,0.0,0.0
fcfp6_bit_0361,0.0,0.0
fcfp6_bit_0362,-0.0,0.0
fcfp6_bit_0364,0.0,0.0
fcfp6_bit_0365,-0.0,0.0
fcfp6_bit_0366,0.0,0.0
fcfp6_bit_0096,0.0,0.0
fcfp6_bit_0351,0.0,0.0
fcfp6_bit_0285,-0.0,0.0
fcfp6_bit_0286,0.0,0.0
fcfp6_bit_0288,0.0,0.0
fcfp6_bit_0290,-0.0,0.0
fcfp6_bit_0291,-0.0,0.0
fcfp6_bit_0292,-0.0,0.0
fcfp6_bit_0294,-0.0,0.0
fcfp6_bit_0297,-0.0,0.0
fcfp6_bit_0298,0.0,0.0
fcfp6_bit_0300,0.0,0.0
fcfp6_bit_0301,-0.0,0.0
fcfp6_bit_0129,0.0,0.0
fcfp6_bit_0127,0.0,0.0
fcfp6_bit_0131,-0.0,0.0
fcfp6_bit_0133,-0.0,0.0
fcfp6_bit_0134,0.0,0.0
fcfp6_bit_0136,-0.0,0.0
fcfp6_bit_0138,0.0,0.0
fcfp6_bit_0139,-0.0,0.0
fcfp6_bit_0140,0.0,0.0
fcfp6_bit_0142,0.0,0.0
fcfp6_bit_0143,0.0,0.0
fcfp6_bit_0273,0.0,0.0
fcfp6_bit_0274,-0.0,0.0
fcfp6_bit_0276,0.0,0.0
fcfp6_bit_0130,-0.0,0.0
fcfp6_bit_0320,-0.0,0.0
fcfp6_bit_0321,0.0,0.0
fcfp6_bit_0322,-0.0,0.0
fcfp6_bit_0323,-0.0,0.0
fcfp6_bit_0324,0.0,0.0
fcfp6_bit_0326,-0.0,0.0
fcfp6_bit_0327,0.0,0.0
fcfp6_bit_0302,-0.0,0.0
fcfp6_bit_0304,-0.0,0.0
fcfp6_bit_0305,-0.0,0.0
fcfp6_bit_0306,-0.0,0.0
fcfp6_bit_0308,-0.0,0.0
fcfp6_bit_0284,0.0,0.0
fcfp6_bit_0312,-0.0,0.0
fcfp6_bit_0313,0.0,0.0
fcfp6_bit_0315,-0.0,0.0
fcfp6_bit_0316,0.0,0.0
fcfp6_bit_0317,-0.0,0.0
fcfp6_bit_0112,0.0,0.0
fcfp6_bit_0113,0.0,0.0
fcfp6_bit_0115,-0.0,0.0
fcfp6_bit_0117,-0.0,0.0
fcfp6_bit_0279,0.0,0.0
fcfp6_bit_0280,-0.0,0.0
fcfp6_bit_0282,0.0,0.0
fcfp6_bit_0283,-0.0,0.0
fcfp6_bit_0310,-0.0,0.0
fcfp6_bit_0918,0.0,0.0
fcfp6_bit_0921,0.0,0.0
fcfp6_bit_0893,0.0,0.0
fcfp6_bit_0894,0.0,0.0
fcfp6_bit_0897,-0.0,0.0
fcfp6_bit_0899,0.0,0.0
fcfp6_bit_0900,-0.0,0.0
fcfp6_bit_0901,0.0,0.0
fcfp6_bit_0902,-0.0,0.0
fcfp6_bit_0903,0.0,0.0
fcfp6_bit_0904,-0.0,0.0
fcfp6_bit_0905,0.0,0.0
fcfp6_bit_0590,-0.0,0.0
fcfp6_bit_0908,0.0,0.0
fcfp6_bit_0909,-0.0,0.0
fcfp6_bit_0910,-0.0,0.0
ecfp6_bit_0829,-0.0,0.0
ecfp6_bit_0830,0.0,0.0
fcfp6_bit_0875,0.0,0.0
fcfp6_bit_0876,-0.0,0.0
fcfp6_bit_0878,-0.0,0.0
fcfp6_bit_0879,0.0,0.0
fcfp6_bit_0880,-0.0,0.0
fcfp6_bit_0881,-0.0,0.0
fcfp6_bit_0882,-0.0,0.0
fcfp6_bit_0906,0.0,0.0
fcfp6_bit_0922,-0.0,0.0
fcfp6_bit_0923,0.0,0.0
fcfp6_bit_0925,0.0,0.0
fcfp6_bit_0927,-0.0,0.0
fcfp6_bit_0928,-0.0,0.0
fcfp6_bit_0930,0.0,0.0
fcfp6_bit_0931,0.0,0.0
fcfp6_bit_0932,-0.0,0.0
fcfp6_bit_0933,-0.0,0.0
fcfp6_bit_0934,0.0,0.0
fcfp6_bit_0935,0.0,0.0
fcfp6_bit_0937,-0.0,0.0
fcfp6_bit_0917,0.0,0.0
fcfp6_bit_0940,0.0,0.0
ecfp6_bit_0831,0.0,0.0
ecfp6_bit_0832,-0.0,0.0
ecfp6_bit_0833,-0.0,0.0
ecfp6_bit_0837,-0.0,0.0
ecfp6_bit_0838,-0.0,0.0
ecfp6_bit_0839,-0.0,0.0
ecfp6_bit_0840,-0.0,0.0
ecfp6_bit_0842,-0.0,0.0
ecfp6_bit_0843,-0.0,0.0
fcfp6_bit_0913,-0.0,0.0
fcfp6_bit_0914,0.0,0.0
fcfp6_bit_0916,0.0,0.0
fcfp6_bit_0939,0.0,0.0
ecfp6_bit_0868,-0.0,0.0
ecfp6_bit_0869,0.0,0.0
ecfp6_bit_0871,-0.0,0.0
ecfp6_bit_0874,-0.0,0.0
ecfp6_bit_0876,0.0,0.0
ecfp6_bit_0877,-0.0,0.0
fcfp6_bit_0850,0.0,0.0
fcfp6_bit_0851,0.0,0.0
fcfp6_bit_0857,0.0,0.0
fcfp6_bit_0860,-0.0,0.0
fcfp6_bit_0821,-0.0,0.0
fcfp6_bit_0822,-0.0,0.0
fcfp6_bit_0885,-0.0,0.0
fcfp6_bit_0826,-0.0,0.0
fcfp6_bit_0828,-0.0,0.0
fcfp6_bit_0830,0.0,0.0
fcfp6_bit_0831,0.0,0.0
fcfp6_bit_0833,-0.0,0.0
fcfp6_bit_0835,0.0,0.0
fcfp6_bit_0836,-0.0,0.0
fcfp6_bit_0837,0.0,0.0
fcfp6_bit_0838,-0.0,0.0
fcfp6_bit_0840,0.0,0.0
fcfp6_bit_0841,0.0,0.0
fcfp6_bit_0843,-0.0,0.0
fcfp6_bit_0823,0.0,0.0
fcfp6_bit_0886,-0.0,0.0
fcfp6_bit_0887,-0.0,0.0
fcfp6_bit_0888,0.0,0.0
fcfp6_bit_0889,-0.0,0.0
fcfp6_bit_0890,-0.0,0.0
fcfp6_bit_0891,0.0,0.0
fcfp6_bit_0892,-0.0,0.0
fcfp6_bit_0862,0.0,0.0
ecfp6_bit_0846,0.0,0.0
ecfp6_bit_0847,0.0,0.0
ecfp6_bit_0851,-0.0,0.0
ecfp6_bit_0852,0.0,0.0
ecfp6_bit_0864,-0.0,0.0
ecfp6_bit_0855,-0.0,0.0
ecfp6_bit_0861,-0.0,0.0
fcfp6_bit_0865,0.0,0.0
fcfp6_bit_0866,-0.0,0.0
fcfp6_bit_0867,-0.0,0.0
fcfp6_bit_0868,0.0,0.0
fcfp6_bit_0870,-0.0,0.0
fcfp6_bit_0871,0.0,0.0
fcfp6_bit_0844,0.0,0.0
fcfp6_bit_0845,0.0,0.0
fcfp6_bit_0846,0.0,0.0
fcfp6_bit_0847,-0.0,0.0
ecfp6_bit_0863,0.0,0.0
ecfp6_bit_0853,0.0,0.0
layered_bit_0013,0.0,0.0
layered_bit_0015,-0.0,0.0
ecfp6_bit_0766,0.0,0.0
ecfp6_bit_0768,0.0,0.0
fcfp6_bit_0997,0.0,0.0
fcfp6_bit_1001,0.0,0.0
fcfp6_bit_1005,0.0,0.0
fcfp6_bit_1006,0.0,0.0
fcfp6_bit_1007,0.0,0.0
fcfp6_bit_1008,-0.0,0.0
fcfp6_bit_1009,0.0,0.0
fcfp6_bit_1010,0.0,0.0
fcfp6_bit_0949,0.0,0.0
fcfp6_bit_1012,0.0,0.0
fcfp6_bit_1016,-0.0,0.0
fcfp6_bit_1018,0.0,0.0
fcfp6_bit_1019,-0.0,0.0
fcfp6_bit_1020,-0.0,0.0
fcfp6_bit_1022,-0.0,0.0
fcfp6_bit_0982,0.0,0.0
fcfp6_bit_0983,-0.0,0.0
fcfp6_bit_0987,-0.0,0.0
fcfp6_bit_0989,-0.0,0.0
fcfp6_bit_0990,0.0,0.0
ecfp6_bit_0781,0.0,0.0
fcfp6_bit_1011,-0.0,0.0
layered_bit_0042,-0.0,0.0
ecfp6_bit_0769,0.0,0.0
ecfp6_bit_0770,-0.0,0.0
ecfp6_bit_0771,-0.0,0.0
ecfp6_bit_0772,-0.0,0.0
ecfp6_bit_0773,-0.0,0.0
ecfp6_bit_0776,-0.0,0.0
ecfp6_bit_0777,0.0,0.0
ecfp6_bit_0778,-0.0,0.0
ecfp6_bit_0779,-0.0,0.0
layered_bit_0016,0.0,0.0
layered_bit_0017,0.0,0.0
layered_bit_0012,0.0,0.0
layered_bit_0021,-0.0,0.0
layered_bit_0022,-0.0,0.0
layered_bit_0023,0.0,0.0
layered_bit_0000,-0.0,0.0
layered_bit_0002,-0.0,0.0
layered_bit_0003,0.0,0.0
layered_bit_0004,0.0,0.0
layered_bit_0005,-0.0,0.0
layered_bit_0006,-0.0,0.0
layered_bit_0008,0.0,0.0
layered_bit_0009,0.0,0.0
layered_bit_0010,-0.0,0.0
layered_bit_0011,0.0,0.0
layered_bit_0019,-0.0,0.0
fcfp6_bit_0961,-0.0,0.0
fcfp6_bit_0962,0.0,0.0
fcfp6_bit_0964,0.0,0.0
fcfp6_bit_0966,-0.0,0.0
fcfp6_bit_0967,-0.0,0.0
fcfp6_bit_0969,-0.0,0.0
fcfp6_bit_0970,-0.0,0.0
fcfp6_bit_0972,-0.0,0.0
fcfp6_bit_0973,0.0,0.0
ecfp6_bit_0797,-0.0,0.0
ecfp6_bit_0799,-0.0,0.0
ecfp6_bit_0814,-0.0,0.0
ecfp6_bit_0784,0.0,0.0
ecfp6_bit_0818,0.0,0.0
ecfp6_bit_0821,0.0,0.0
ecfp6_bit_0823,0.0,0.0
ecfp6_bit_0824,0.0,0.0
ecfp6_bit_0825,0.0,0.0
ecfp6_bit_0826,0.0,0.0
ecfp6_bit_0828,0.0,0.0
fcfp6_bit_0944,0.0,0.0
fcfp6_bit_0945,-0.0,0.0
fcfp6_bit_0946,0.0,0.0
fcfp6_bit_0947,0.0,0.0
fcfp6_bit_0948,0.0,0.0
ecfp6_bit_0816,-0.0,0.0
ecfp6_bit_0785,0.0,0.0
ecfp6_bit_0787,-0.0,0.0
ecfp6_bit_0789,-0.0,0.0
ecfp6_bit_0790,-0.0,0.0
ecfp6_bit_0791,0.0,0.0
ecfp6_bit_0792,0.0,0.0
fcfp6_bit_0992,0.0,0.0
fcfp6_bit_0996,-0.0,0.0
ecfp6_bit_0800,-0.0,0.0
ecfp6_bit_0801,-0.0,0.0
ecfp6_bit_0802,-0.0,0.0
ecfp6_bit_0804,0.0,0.0
fcfp6_bit_0957,0.0,0.0
ecfp6_bit_0806,-0.0,0.0
ecfp6_bit_0808,0.0,0.0
ecfp6_bit_0809,0.0,0.0
ecfp6_bit_0811,0.0,0.0
ecfp6_bit_0812,-0.0,0.0
fcfp6_bit_0976,0.0,0.0
fcfp6_bit_0977,0.0,0.0
fcfp6_bit_0978,-0.0,0.0
fcfp6_bit_0980,0.0,0.0
fcfp6_bit_0981,-0.0,0.0
fcfp6_bit_0953,-0.0,0.0
fcfp6_bit_0955,0.0,0.0
fcfp6_bit_0956,-0.0,0.0
ecfp6_bit_0805,0.0,0.0
ecfp6_bit_0959,-0.0,0.0
ecfp6_bit_0960,-0.0,0.0
ecfp6_bit_0961,0.0,0.0
ecfp6_bit_0962,0.0,0.0
ecfp6_bit_0977,0.0,0.0
ecfp6_bit_0978,0.0,0.0
ecfp6_bit_0979,0.0,0.0
ecfp6_bit_0980,-0.0,0.0
ecfp6_bit_0981,0.0,0.0
ecfp6_bit_0983,0.0,0.0
ecfp6_bit_0988,-0.0,0.0
ecfp6_bit_0989,-0.0,0.0
fcfp6_bit_0809,0.0,0.0
fcfp6_bit_0677,0.0,0.0
fcfp6_bit_0680,-0.0,0.0
fcfp6_bit_0684,-0.0,0.0
fcfp6_bit_0685,0.0,0.0
fcfp6_bit_0652,-0.0,0.0
fcfp6_bit_0653,-0.0,0.0
fcfp6_bit_0654,-0.0,0.0
fcfp6_bit_0655,-0.0,0.0
fcfp6_bit_0656,-0.0,0.0
fcfp6_bit_0660,-0.0,0.0
fcfp6_bit_0663,-0.0,0.0
fcfp6_bit_0664,0.0,0.0
fcfp6_bit_0675,-0.0,0.0
fcfp6_bit_0722,0.0,0.0
ecfp6_bit_0963,0.0,0.0
ecfp6_bit_0964,0.0,0.0
ecfp6_bit_0965,-0.0,0.0
ecfp6_bit_0966,-0.0,0.0
ecfp6_bit_0967,0.0,0.0
ecfp6_bit_0968,-0.0,0.0
ecfp6_bit_0969,-0.0,0.0
ecfp6_bit_0973,0.0,0.0
fcfp6_bit_0704,-0.0,0.0
fcfp6_bit_0708,-0.0,0.0
fcfp6_bit_0709,-0.0,0.0
ecfp6_bit_0958,-0.0,0.0
fcfp6_bit_0715,0.0,0.0
fcfp6_bit_0716,-0.0,0.0
fcfp6_bit_0686,0.0,0.0
fcfp6_bit_0691,-0.0,0.0
fcfp6_bit_0692,0.0,0.0
fcfp6_bit_0693,0.0,0.0
fcfp6_bit_0694,0.0,0.0
fcfp6_bit_0695,0.0,0.0
fcfp6_bit_0697,-0.0,0.0
fcfp6_bit_0699,0.0,0.0
fcfp6_bit_0700,-0.0,0.0
fcfp6_bit_0701,-0.0,0.0
fcfp6_bit_0702,0.0,0.0
fcfp6_bit_0711,0.0,0.0
ecfp6_bit_1000,-0.0,0.0
ecfp6_bit_1001,0.0,0.0
ecfp6_bit_1002,-0.0,0.0
ecfp6_bit_1005,0.0,0.0
fcfp6_bit_0624,0.0,0.0
fcfp6_bit_0625,0.0,0.0
fcfp6_bit_0626,0.0,0.0
fcfp6_bit_0627,-0.0,0.0
fcfp6_bit_0628,0.0,0.0
fcfp6_bit_0629,0.0,0.0
fcfp6_bit_0602,0.0,0.0
fcfp6_bit_0603,0.0,0.0
fcfp6_bit_0666,0.0,0.0
fcfp6_bit_0606,-0.0,0.0
fcfp6_bit_0608,-0.0,0.0
fcfp6_bit_0609,-0.0,0.0
fcfp6_bit_0611,-0.0,0.0
fcfp6_bit_0613,-0.0,0.0
fcfp6_bit_0614,-0.0,0.0
fcfp6_bit_0616,0.0,0.0
fcfp6_bit_0617,-0.0,0.0
fcfp6_bit_0618,-0.0,0.0
fcfp6_bit_0621,0.0,0.0
fcfp6_bit_0586,0.0,0.0
fcfp6_bit_0587,-0.0,0.0
fcfp6_bit_0605,0.0,0.0
fcfp6_bit_0667,-0.0,0.0
fcfp6_bit_0669,0.0,0.0
fcfp6_bit_0670,-0.0,0.0
fcfp6_bit_0671,-0.0,0.0
ecfp6_bit_0974,-0.0,0.0
ecfp6_bit_0975,0.0,0.0
fcfp6_bit_0632,0.0,0.0
fcfp6_bit_0633,0.0,0.0
fcfp6_bit_0635,-0.0,0.0
fcfp6_bit_0636,-0.0,0.0
fcfp6_bit_0637,0.0,0.0
fcfp6_bit_0638,0.0,0.0
ecfp6_bit_0998,-0.0,0.0
fcfp6_bit_0640,-0.0,0.0
fcfp6_bit_0642,0.0,0.0
fcfp6_bit_0644,0.0,0.0
fcfp6_bit_0645,-0.0,0.0
fcfp6_bit_0646,0.0,0.0
fcfp6_bit_0647,0.0,0.0
fcfp6_bit_0649,0.0,0.0
fcfp6_bit_0651,0.0,0.0
fcfp6_bit_0623,-0.0,0.0
ecfp6_bit_0992,-0.0,0.0
ecfp6_bit_0993,-0.0,0.0
ecfp6_bit_0996,0.0,0.0
ecfp6_bit_0997,-0.0,0.0
fcfp6_bit_0639,0.0,0.0
fcfp6_bit_0802,-0.0,0.0
fcfp6_bit_0804,0.0,0.0
fcfp6_bit_0807,-0.0,0.0
fcfp6_bit_0808,0.0,0.0
fcfp6_bit_0773,-0.0,0.0
fcfp6_bit_0774,0.0,0.0
fcfp6_bit_0778,0.0,0.0
fcfp6_bit_0779,0.0,0.0
fcfp6_bit_0783,0.0,0.0
fcfp6_bit_0785,0.0,0.0
fcfp6_bit_0786,-0.0,0.0
fcfp6_bit_0787,0.0,0.0
ecfp6_bit_0957,-0.0,0.0
fcfp6_bit_0791,0.0,0.0
fcfp6_bit_0792,0.0,0.0
fcfp6_bit_0793,0.0,0.0
fcfp6_bit_0796,0.0,0.0
fcfp6_bit_0797,0.0,0.0
fcfp6_bit_0798,0.0,0.0
fcfp6_bit_0799,-0.0,0.0
fcfp6_bit_0763,-0.0,0.0
fcfp6_bit_0766,0.0,0.0
ecfp6_bit_0911,-0.0,0.0
ecfp6_bit_0915,-0.0,0.0
ecfp6_bit_0917,-0.0,0.0
fcfp6_bit_0789,0.0,0.0
fcfp6_bit_0811,-0.0,0.0
fcfp6_bit_0813,0.0,0.0
fcfp6_bit_0814,-0.0,0.0
fcfp6_bit_0815,0.0,0.0
ecfp6_bit_0878,0.0,0.0
ecfp6_bit_0879,-0.0,0.0
ecfp6_bit_0884,-0.0,0.0
ecfp6_bit_0885,0.0,0.0
ecfp6_bit_0886,-0.0,0.0
ecfp6_bit_0887,-0.0,0.0
ecfp6_bit_0888,-0.0,0.0
ecfp6_bit_0890,0.0,0.0
fcfp6_bit_0800,-0.0,0.0
ecfp6_bit_0892,0.0,0.0
fcfp6_bit_0818,-0.0,0.0
ecfp6_bit_0894,-0.0,0.0
ecfp6_bit_0896,0.0,0.0
ecfp6_bit_0897,0.0,0.0
ecfp6_bit_0898,-0.0,0.0
ecfp6_bit_0899,0.0,0.0
ecfp6_bit_0900,0.0,0.0
ecfp6_bit_0901,0.0,0.0
ecfp6_bit_0903,-0.0,0.0
ecfp6_bit_0904,-0.0,0.0
ecfp6_bit_0905,0.0,0.0
ecfp6_bit_0907,0.0,0.0
ecfp6_bit_0891,0.0,0.0
fcfp6_bit_0727,0.0,0.0
fcfp6_bit_0731,0.0,0.0
fcfp6_bit_0732,-0.0,0.0
fcfp6_bit_0733,0.0,0.0
fcfp6_bit_0735,0.0,0.0
fcfp6_bit_0736,0.0,0.0
fcfp6_bit_0737,-0.0,0.0
fcfp6_bit_0739,0.0,0.0
fcfp6_bit_0740,0.0,0.0
fcfp6_bit_0742,0.0,0.0
fcfp6_bit_0743,0.0,0.0
fcfp6_bit_0745,-0.0,0.0
ecfp6_bit_0919,-0.0,0.0
fcfp6_bit_0719,-0.0,0.0
ecfp6_bit_0942,-0.0,0.0
ecfp6_bit_0943,0.0,0.0
ecfp6_bit_0945,0.0,0.0
ecfp6_bit_0946,-0.0,0.0
ecfp6_bit_0947,0.0,0.0
ecfp6_bit_0948,-0.0,0.0
ecfp6_bit_0950,-0.0,0.0
ecfp6_bit_0951,-0.0,0.0
ecfp6_bit_0954,0.0,0.0
ecfp6_bit_0955,-0.0,0.0
ecfp6_bit_0956,0.0,0.0
fcfp6_bit_0718,0.0,0.0
ecfp6_bit_0920,-0.0,0.0
ecfp6_bit_0921,-0.0,0.0
ecfp6_bit_0923,0.0,0.0
ecfp6_bit_0924,0.0,0.0
ecfp6_bit_0925,-0.0,0.0
fcfp6_bit_0768,0.0,0.0
fcfp6_bit_0769,-0.0,0.0
fcfp6_bit_0770,-0.0,0.0
fcfp6_bit_0748,0.0,0.0
fcfp6_bit_0750,-0.0,0.0
fcfp6_bit_0751,-0.0,0.0
ecfp6_bit_0927,-0.0,0.0
fcfp6_bit_0726,0.0,0.0
ecfp6_bit_0931,-0.0,0.0
ecfp6_bit_0932,0.0,0.0
ecfp6_bit_0937,0.0,0.0
ecfp6_bit_0938,0.0,0.0
ecfp6_bit_0941,0.0,0.0
fcfp6_bit_0752,-0.0,0.0
fcfp6_bit_0753,0.0,0.0
fcfp6_bit_0756,0.0,0.0
fcfp6_bit_0758,0.0,0.0
fcfp6_bit_0760,0.0,0.0
fcfp6_bit_0761,0.0,0.0
fcfp6_bit_0724,0.0,0.0
fcfp6_bit_0725,-0.0,0.0
ecfp6_bit_0929,0.0,0.0
topological_torsion_bit_0184,-0.0,0.0
topological_torsion_bit_0188,0.0,0.0
topological_torsion_bit_0189,0.0,0.0
topological_torsion_bit_0192,0.0,0.0
topological_torsion_bit_0196,0.0,0.0
topological_torsion_bit_0197,0.0,0.0
topological_torsion_bit_0204,-0.0,0.0
topological_torsion_bit_0208,-0.0,0.0
topological_torsion_bit_0209,-0.0,0.0
topological_torsion_bit_0210,0.0,0.0
topological_torsion_bit_0148,-0.0,0.0
topological_torsion_bit_0149,0.0,0.0
ecfp6_bit_0521,0.0,0.0
topological_torsion_bit_0152,-0.0,0.0
topological_torsion_bit_0153,-0.0,0.0
topological_torsion_bit_0156,-0.0,0.0
topological_torsion_bit_0157,-0.0,0.0
topological_torsion_bit_0158,-0.0,0.0
topological_torsion_bit_0159,0.0,0.0
topological_torsion_bit_0160,-0.0,0.0
topological_torsion_bit_0161,-0.0,0.0
topological_torsion_bit_0164,-0.0,0.0
topological_torsion_bit_0165,-0.0,0.0
topological_torsion_bit_0169,-0.0,0.0
topological_torsion_bit_0172,0.0,0.0
topological_torsion_bit_0150,0.0,0.0
topological_torsion_bit_0253,0.0,0.0
topological_torsion_bit_0256,0.0,0.0
topological_torsion_bit_0257,0.0,0.0
topological_torsion_bit_0264,0.0,0.0
topological_torsion_bit_0265,-0.0,0.0
ecfp6_bit_0013,-0.0,0.0
ecfp6_bit_0014,0.0,0.0
ecfp6_bit_0015,-0.0,0.0
ecfp6_bit_0017,0.0,0.0
ecfp6_bit_0019,-0.0,0.0
ecfp6_bit_0022,0.0,0.0
ecfp6_bit_0025,-0.0,0.0
topological_torsion_bit_0181,0.0,0.0
ecfp6_bit_0028,0.0,0.0
topological_torsion_bit_0211,0.0,0.0
topological_torsion_bit_0212,-0.0,0.0
topological_torsion_bit_0216,0.0,0.0
topological_torsion_bit_0217,0.0,0.0
topological_torsion_bit_0218,0.0,0.0
topological_torsion_bit_0221,-0.0,0.0
topological_torsion_bit_0173,0.0,0.0
topological_torsion_bit_0176,0.0,0.0
topological_torsion_bit_0177,0.0,0.0
topological_torsion_bit_0178,-0.0,0.0
topological_torsion_bit_0180,0.0,0.0
ecfp6_bit_0026,-0.0,0.0
topological_torsion_bit_0120,0.0,0.0
topological_torsion_bit_0121,0.0,0.0
ecfp6_bit_0029,-0.0,0.0
topological_torsion_bit_0036,0.0,0.0
topological_torsion_bit_0037,-0.0,0.0
topological_torsion_bit_0040,0.0,0.0
topological_torsion_bit_0049,-0.0,0.0
topological_torsion_bit_0052,-0.0,0.0
topological_torsion_bit_0053,0.0,0.0
topological_torsion_bit_0056,0.0,0.0
topological_torsion_bit_0061,-0.0,0.0
topological_torsion_bit_0064,0.0,0.0
ecfp6_bit_0030,0.0,0.0
topological_torsion_bit_0066,-0.0,0.0
topological_torsion_bit_0067,-0.0,0.0
topological_torsion_bit_0068,0.0,0.0
topological_torsion_bit_0069,-0.0,0.0
topological_torsion_bit_0072,-0.0,0.0
topological_torsion_bit_0076,-0.0,0.0
ecfp6_bit_0046,-0.0,0.0
ecfp6_bit_0047,-0.0,0.0
ecfp6_bit_0048,0.0,0.0
ecfp6_bit_0049,0.0,0.0
ecfp6_bit_0050,-0.0,0.0
ecfp6_bit_0052,0.0,0.0
topological_torsion_bit_0065,0.0,0.0
ecfp6_bit_0032,-0.0,0.0
ecfp6_bit_0034,0.0,0.0
ecfp6_bit_0036,0.0,0.0
ecfp6_bit_0037,0.0,0.0
ecfp6_bit_0038,-0.0,0.0
ecfp6_bit_0039,0.0,0.0
ecfp6_bit_0044,0.0,0.0
topological_torsion_bit_0125,0.0,0.0
topological_torsion_bit_0128,0.0,0.0
topological_torsion_bit_0133,0.0,0.0
topological_torsion_bit_0136,-0.0,0.0
topological_torsion_bit_0141,0.0,0.0
topological_torsion_bit_0113,0.0,0.0
topological_torsion_bit_0145,-0.0,0.0
topological_torsion_bit_0077,-0.0,0.0
topological_torsion_bit_0080,0.0,0.0
topological_torsion_bit_0081,-0.0,0.0
topological_torsion_bit_0085,0.0,0.0
topological_torsion_bit_0088,0.0,0.0
topological_torsion_bit_0089,-0.0,0.0
topological_torsion_bit_0092,0.0,0.0
topological_torsion_bit_0093,-0.0,0.0
topological_torsion_bit_0096,-0.0,0.0
topological_torsion_bit_0104,-0.0,0.0
topological_torsion_bit_0105,0.0,0.0
topological_torsion_bit_0112,-0.0,0.0
topological_torsion_bit_0144,-0.0,0.0
topological_torsion_bit_0369,-0.0,0.0
topological_torsion_bit_0372,-0.0,0.0
topological_torsion_bit_0374,0.0,0.0
topological_torsion_bit_0376,0.0,0.0
topological_torsion_bit_0377,-0.0,0.0
topological_torsion_bit_0379,-0.0,0.0
topological_torsion_bit_0380,0.0,0.0
topological_torsion_bit_0381,-0.0,0.0
topological_torsion_bit_0333,0.0,0.0
morgan_bit_1004,0.0,0.0
morgan_bit_1006,0.0,0.0
morgan_bit_1008,0.0,0.0
topological_torsion_bit_0251,0.0,0.0
morgan_bit_1011,0.0,0.0
morgan_bit_1012,-0.0,0.0
morgan_bit_1013,-0.0,0.0
morgan_bit_1014,-0.0,0.0
morgan_bit_1015,0.0,0.0
morgan_bit_1018,-0.0,0.0
morgan_bit_1019,-0.0,0.0
topological_torsion_bit_0336,-0.0,0.0
topological_torsion_bit_0337,0.0,0.0
topological_torsion_bit_0340,-0.0,0.0
topological_torsion_bit_0341,0.0,0.0
topological_torsion_bit_0305,0.0,0.0
morgan_bit_1010,-0.0,0.0
topological_torsion_bit_0428,-0.0,0.0
topological_torsion_bit_0429,0.0,0.0
morgan_bit_0987,-0.0,0.0
morgan_bit_0988,-0.0,0.0
morgan_bit_0989,0.0,0.0
topological_torsion_bit_0382,-0.0,0.0
topological_torsion_bit_0385,-0.0,0.0
topological_torsion_bit_0388,0.0,0.0
topological_torsion_bit_0389,0.0,0.0
topological_torsion_bit_0390,0.0,0.0
topological_torsion_bit_0391,0.0,0.0
topological_torsion_bit_0392,-0.0,0.0
topological_torsion_bit_0364,-0.0,0.0
topological_torsion_bit_0396,0.0,0.0
topological_torsion_bit_0398,-0.0,0.0
topological_torsion_bit_0400,0.0,0.0
topological_torsion_bit_0401,0.0,0.0
topological_torsion_bit_0404,0.0,0.0
topological_torsion_bit_0405,-0.0,0.0
topological_torsion_bit_0408,0.0,0.0
topological_torsion_bit_0409,-0.0,0.0
topological_torsion_bit_0345,0.0,0.0
topological_torsion_bit_0346,-0.0,0.0
topological_torsion_bit_0349,0.0,0.0
topological_torsion_bit_0357,-0.0,0.0
topological_torsion_bit_0362,0.0,0.0
topological_torsion_bit_0393,-0.0,0.0
topological_torsion_bit_0304,0.0,0.0
morgan_bit_1023,-0.0,0.0
ecfp6_bit_0001,-0.0,0.0
ecfp6_bit_0002,0.0,0.0
ecfp6_bit_0004,0.0,0.0
ecfp6_bit_0005,0.0,0.0
ecfp6_bit_0008,0.0,0.0
ecfp6_bit_0010,0.0,0.0
ecfp6_bit_0011,0.0,0.0
ecfp6_bit_0012,-0.0,0.0
topological_torsion_bit_0266,0.0,0.0
topological_torsion_bit_0268,0.0,0.0
topological_torsion_bit_0308,0.0,0.0
topological_torsion_bit_0270,0.0,0.0
topological_torsion_bit_0272,-0.0,0.0
topological_torsion_bit_0273,-0.0,0.0
topological_torsion_bit_0274,0.0,0.0
topological_torsion_bit_0229,0.0,0.0
topological_torsion_bit_0232,0.0,0.0
topological_torsion_bit_0236,-0.0,0.0
topological_torsion_bit_0237,-0.0,0.0
topological_torsion_bit_0238,0.0,0.0
topological_torsion_bit_0240,0.0,0.0
topological_torsion_bit_0241,0.0,0.0
topological_torsion_bit_0245,-0.0,0.0
topological_torsion_bit_0269,0.0,0.0
topological_torsion_bit_0309,-0.0,0.0
topological_torsion_bit_0312,0.0,0.0
topological_torsion_bit_0314,-0.0,0.0
topological_torsion_bit_0316,0.0,0.0
topological_torsion_bit_0317,0.0,0.0
topological_torsion_bit_0320,0.0,0.0
topological_torsion_bit_0321,-0.0,0.0
topological_torsion_bit_0322,-0.0,0.0
topological_torsion_bit_0323,-0.0,0.0
topological_torsion_bit_0324,-0.0,0.0
topological_torsion_bit_0325,-0.0,0.0
topological_torsion_bit_0330,-0.0,0.0
topological_torsion_bit_0302,0.0,0.0
topological_torsion_bit_0277,0.0,0.0
topological_torsion_bit_0280,0.0,0.0
topological_torsion_bit_0281,-0.0,0.0
topological_torsion_bit_0284,0.0,0.0
topological_torsion_bit_0286,0.0,0.0
topological_torsion_bit_0288,0.0,0.0
topological_torsion_bit_0289,-0.0,0.0
topological_torsion_bit_0290,0.0,0.0
topological_torsion_bit_0292,-0.0,0.0
topological_torsion_bit_0293,0.0,0.0
topological_torsion_bit_0297,-0.0,0.0
topological_torsion_bit_0298,0.0,0.0
topological_torsion_bit_0301,0.0,0.0
topological_torsion_bit_0332,0.0,0.0
atom_pair_bit_0884,-0.0,0.0
atom_pair_bit_0887,0.0,0.0
atom_pair_bit_0888,0.0,0.0
atom_pair_bit_0889,-0.0,0.0
atom_pair_bit_0891,-0.0,0.0
atom_pair_bit_0892,-0.0,0.0
atom_pair_bit_0894,-0.0,0.0
atom_pair_bit_0895,0.0,0.0
atom_pair_bit_0896,-0.0,0.0
atom_pair_bit_0897,-0.0,0.0
atom_pair_bit_0899,-0.0,0.0
atom_pair_bit_0900,0.0,0.0
ecfp6_bit_0053,-0.0,0.0
atom_pair_bit_0904,0.0,0.0
atom_pair_bit_0905,0.0,0.0
atom_pair_bit_0871,0.0,0.0
atom_pair_bit_0873,-0.0,0.0
atom_pair_bit_0874,-0.0,0.0
ecfp6_bit_0096,-0.0,0.0
ecfp6_bit_0097,0.0,0.0
ecfp6_bit_0098,-0.0,0.0
ecfp6_bit_0099,0.0,0.0
ecfp6_bit_0100,-0.0,0.0
ecfp6_bit_0102,-0.0,0.0
ecfp6_bit_0105,-0.0,0.0
atom_pair_bit_0901,0.0,0.0
atom_pair_bit_0929,-0.0,0.0
atom_pair_bit_0930,0.0,0.0
atom_pair_bit_0932,0.0,0.0
atom_pair_bit_0933,-0.0,0.0
atom_pair_bit_0935,0.0,0.0
atom_pair_bit_0936,-0.0,0.0
atom_pair_bit_0937,-0.0,0.0
atom_pair_bit_0938,0.0,0.0
atom_pair_bit_0939,0.0,0.0
atom_pair_bit_0940,-0.0,0.0
atom_pair_bit_0943,-0.0,0.0
atom_pair_bit_0906,-0.0,0.0
atom_pair_bit_0924,-0.0,0.0
atom_pair_bit_0910,0.0,0.0
atom_pair_bit_0911,0.0,0.0
atom_pair_bit_0913,0.0,0.0
atom_pair_bit_0914,-0.0,0.0
atom_pair_bit_0915,-0.0,0.0
atom_pair_bit_0916,-0.0,0.0
atom_pair_bit_0917,-0.0,0.0
atom_pair_bit_0918,-0.0,0.0
atom_pair_bit_0919,-0.0,0.0
atom_pair_bit_0920,-0.0,0.0
atom_pair_bit_0921,-0.0,0.0
atom_pair_bit_0922,-0.0,0.0
atom_pair_bit_0923,0.0,0.0
atom_pair_bit_0909,-0.0,0.0
ecfp6_bit_0123,-0.0,0.0
ecfp6_bit_0124,-0.0,0.0
atom_pair_bit_0844,0.0,0.0
atom_pair_bit_0845,0.0,0.0
atom_pair_bit_0846,0.0,0.0
atom_pair_bit_0847,0.0,0.0
atom_pair_bit_0848,0.0,0.0
atom_pair_bit_0849,-0.0,0.0
atom_pair_bit_0828,0.0,0.0
atom_pair_bit_0829,-0.0,0.0
atom_pair_bit_0830,0.0,0.0
atom_pair_bit_0831,0.0,0.0
ecfp6_bit_0106,0.0,0.0
atom_pair_bit_0833,0.0,0.0
atom_pair_bit_0835,0.0,0.0
atom_pair_bit_0836,-0.0,0.0
atom_pair_bit_0837,-0.0,0.0
atom_pair_bit_0838,-0.0,0.0
atom_pair_bit_0839,-0.0,0.0
atom_pair_bit_0840,-0.0,0.0
atom_pair_bit_0841,0.0,0.0
atom_pair_bit_0842,0.0,0.0
atom_pair_bit_0843,-0.0,0.0
atom_pair_bit_0800,-0.0,0.0
atom_pair_bit_0803,0.0,0.0
atom_pair_bit_0832,-0.0,0.0
ecfp6_bit_0108,-0.0,0.0
atom_pair_bit_0879,-0.0,0.0
atom_pair_bit_0881,-0.0,0.0
atom_pair_bit_0882,0.0,0.0
atom_pair_bit_0850,-0.0,0.0
atom_pair_bit_0851,0.0,0.0
atom_pair_bit_0852,-0.0,0.0
atom_pair_bit_0853,-0.0,0.0
atom_pair_bit_0854,-0.0,0.0
atom_pair_bit_0856,0.0,0.0
atom_pair_bit_0859,-0.0,0.0
atom_pair_bit_0861,-0.0,0.0
ecfp6_bit_0122,0.0,0.0
atom_pair_bit_0864,-0.0,0.0
atom_pair_bit_0865,0.0,0.0
atom_pair_bit_0866,-0.0,0.0
atom_pair_bit_0867,0.0,0.0
atom_pair_bit_0868,0.0,0.0
atom_pair_bit_0870,-0.0,0.0
ecfp6_bit_0110,-0.0,0.0
ecfp6_bit_0111,0.0,0.0
ecfp6_bit_0114,-0.0,0.0
ecfp6_bit_0115,-0.0,0.0
ecfp6_bit_0117,0.0,0.0
ecfp6_bit_0119,-0.0,0.0
ecfp6_bit_0120,-0.0,0.0
atom_pair_bit_0862,0.0,0.0
ecfp6_bit_0062,0.0,0.0
ecfp6_bit_0065,-0.0,0.0
ecfp6_bit_0067,0.0,0.0
ecfp6_bit_0068,-0.0,0.0
ecfp6_bit_0070,0.0,0.0
ecfp6_bit_0071,0.0,0.0
ecfp6_bit_0073,-0.0,0.0
ecfp6_bit_0075,0.0,0.0
ecfp6_bit_0076,-0.0,0.0
atom_pair_bit_1005,0.0,0.0
atom_pair_bit_1007,0.0,0.0
atom_pair_bit_1008,-0.0,0.0
atom_pair_bit_0928,-0.0,0.0
atom_pair_bit_0983,0.0,0.0
atom_pair_bit_0985,-0.0,0.0
atom_pair_bit_0986,-0.0,0.0
atom_pair_bit_0987,-0.0,0.0
atom_pair_bit_0989,-0.0,0.0
atom_pair_bit_0990,-0.0,0.0
atom_pair_bit_0991,0.0,0.0
atom_pair_bit_0992,-0.0,0.0
atom_pair_bit_0993,-0.0,0.0
atom_pair_bit_0994,0.0,0.0
atom_pair_bit_0995,-0.0,0.0
atom_pair_bit_0996,-0.0,0.0
atom_pair_bit_1009,-0.0,0.0
ecfp6_bit_0056,-0.0,0.0
ecfp6_bit_0057,0.0,0.0
ecfp6_bit_0058,0.0,0.0
ecfp6_bit_0059,0.0,0.0
ecfp6_bit_0060,0.0,0.0
topological_torsion_bit_0025,-0.0,0.0
topological_torsion_bit_0028,-0.0,0.0
topological_torsion_bit_0029,0.0,0.0
topological_torsion_bit_0030,0.0,0.0
atom_pair_bit_1010,-0.0,0.0
atom_pair_bit_1011,0.0,0.0
atom_pair_bit_1012,-0.0,0.0
ecfp6_bit_0061,0.0,0.0
atom_pair_bit_1015,-0.0,0.0
atom_pair_bit_1018,0.0,0.0
atom_pair_bit_1019,0.0,0.0
atom_pair_bit_1020,0.0,0.0
atom_pair_bit_1021,0.0,0.0
atom_pair_bit_1022,-0.0,0.0
topological_torsion_bit_0004,0.0,0.0
topological_torsion_bit_0008,0.0,0.0
topological_torsion_bit_0009,0.0,0.0
topological_torsion_bit_0012,-0.0,0.0
topological_torsion_bit_0014,0.0,0.0
topological_torsion_bit_0020,-0.0,0.0
atom_pair_bit_1003,0.0,0.0
atom_pair_bit_1014,0.0,0.0
atom_pair_bit_0956,0.0,0.0
atom_pair_bit_0957,-0.0,0.0
atom_pair_bit_0958,0.0,0.0
atom_pair_bit_0959,-0.0,0.0
atom_pair_bit_0960,-0.0,0.0
atom_pair_bit_0961,-0.0,0.0
atom_pair_bit_0962,0.0,0.0
atom_pair_bit_0944,-0.0,0.0
atom_pair_bit_0945,-0.0,0.0
atom_pair_bit_0946,0.0,0.0
atom_pair_bit_0947,0.0,0.0
atom_pair_bit_0948,0.0,0.0
atom_pair_bit_0997,0.0,0.0
atom_pair_bit_0950,-0.0,0.0
atom_pair_bit_0951,-0.0,0.0
atom_pair_bit_0952,-0.0,0.0
atom_pair_bit_0955,-0.0,0.0
ecfp6_bit_0079,-0.0,0.0
ecfp6_bit_0080,-0.0,0.0
ecfp6_bit_0081,-0.0,0.0
ecfp6_bit_0082,0.0,0.0
ecfp6_bit_0083,0.0,0.0
atom_pair_bit_0925,-0.0,0.0
atom_pair_bit_0926,-0.0,0.0
atom_pair_bit_0927,-0.0,0.0
atom_pair_bit_0949,-0.0,0.0
atom_pair_bit_0999,-0.0,0.0
atom_pair_bit_1001,-0.0,0.0
atom_pair_bit_1002,0.0,0.0
atom_pair_bit_0963,0.0,0.0
atom_pair_bit_0964,0.0,0.0
atom_pair_bit_0965,0.0,0.0
atom_pair_bit_0966,0.0,0.0
atom_pair_bit_0968,0.0,0.0
atom_pair_bit_0969,0.0,0.0
atom_pair_bit_0970,-0.0,0.0
atom_pair_bit_0972,0.0,0.0
atom_pair_bit_0973,0.0,0.0
ecfp6_bit_0092,0.0,0.0
atom_pair_bit_0975,0.0,0.0
atom_pair_bit_0976,0.0,0.0
atom_pair_bit_0978,-0.0,0.0
atom_pair_bit_0981,-0.0,0.0
atom_pair_bit_0982,-0.0,0.0
ecfp6_bit_0084,-0.0,0.0
ecfp6_bit_0085,-0.0,0.0
ecfp6_bit_0086,-0.0,0.0
ecfp6_bit_0087,-0.0,0.0
ecfp6_bit_0088,-0.0,0.0
ecfp6_bit_0089,0.0,0.0
ecfp6_bit_0090,-0.0,0.0
ecfp6_bit_0091,0.0,0.0
atom_pair_bit_0974,-0.0,0.0
topological_torsion_bit_0884,-0.0,0.0
topological_torsion_bit_0885,-0.0,0.0
topological_torsion_bit_0888,-0.0,0.0
topological_torsion_bit_0889,-0.0,0.0
morgan_bit_0890,-0.0,0.0
morgan_bit_0891,-0.0,0.0
topological_torsion_bit_0816,0.0,0.0
topological_torsion_bit_0817,-0.0,0.0
topological_torsion_bit_0818,0.0,0.0
topological_torsion_bit_0832,0.0,0.0
topological_torsion_bit_0833,0.0,0.0
topological_torsion_bit_0836,-0.0,0.0
topological_torsion_bit_0425,0.0,0.0
topological_torsion_bit_0840,0.0,0.0
topological_torsion_bit_0844,0.0,0.0
topological_torsion_bit_0845,0.0,0.0
topological_torsion_bit_0848,-0.0,0.0
topological_torsion_bit_0849,0.0,0.0
topological_torsion_bit_0850,0.0,0.0
topological_torsion_bit_0852,-0.0,0.0
topological_torsion_bit_0853,-0.0,0.0
topological_torsion_bit_0856,0.0,0.0
topological_torsion_bit_0800,-0.0,0.0
topological_torsion_bit_0801,0.0,0.0
topological_torsion_bit_0802,-0.0,0.0
topological_torsion_bit_0837,0.0,0.0
topological_torsion_bit_0942,0.0,0.0
topological_torsion_bit_0943,-0.0,0.0
topological_torsion_bit_0944,-0.0,0.0
morgan_bit_0892,0.0,0.0
morgan_bit_0893,-0.0,0.0
morgan_bit_0894,-0.0,0.0
morgan_bit_0895,-0.0,0.0
morgan_bit_0896,-0.0,0.0
morgan_bit_0897,0.0,0.0
morgan_bit_0898,0.0,0.0
morgan_bit_0899,0.0,0.0
morgan_bit_0902,0.0,0.0
topological_torsion_bit_0880,0.0,0.0
morgan_bit_0904,-0.0,0.0
topological_torsion_bit_0896,0.0,0.0
topological_torsion_bit_0897,-0.0,0.0
topological_torsion_bit_0904,-0.0,0.0
topological_torsion_bit_0905,0.0,0.0
topological_torsion_bit_0906,0.0,0.0
topological_torsion_bit_0857,-0.0,0.0
topological_torsion_bit_0860,-0.0,0.0
topological_torsion_bit_0865,0.0,0.0
topological_torsion_bit_0868,0.0,0.0
topological_torsion_bit_0872,0.0,0.0
topological_torsion_bit_0873,-0.0,0.0
topological_torsion_bit_0876,-0.0,0.0
morgan_bit_0903,0.0,0.0
topological_torsion_bit_0795,-0.0,0.0
morgan_bit_0922,0.0,0.0
morgan_bit_0924,0.0,0.0
morgan_bit_0929,0.0,0.0
morgan_bit_0930,-0.0,0.0
morgan_bit_0931,-0.0,0.0
morgan_bit_0932,-0.0,0.0
morgan_bit_0933,0.0,0.0
morgan_bit_0936,-0.0,0.0
morgan_bit_0937,-0.0,0.0
morgan_bit_0938,0.0,0.0
topological_torsion_bit_0752,-0.0,0.0
morgan_bit_0905,0.0,0.0
topological_torsion_bit_0757,-0.0,0.0
topological_torsion_bit_0760,0.0,0.0
topological_torsion_bit_0720,0.0,0.0
topological_torsion_bit_0721,-0.0,0.0
topological_torsion_bit_0722,0.0,0.0
topological_torsion_bit_0725,0.0,0.0
topological_torsion_bit_0726,-0.0,0.0
topological_torsion_bit_0728,-0.0,0.0
topological_torsion_bit_0729,0.0,0.0
topological_torsion_bit_0730,-0.0,0.0
topological_torsion_bit_0732,-0.0,0.0
topological_torsion_bit_0733,-0.0,0.0
topological_torsion_bit_0756,0.0,0.0
morgan_bit_0906,0.0,0.0
morgan_bit_0910,-0.0,0.0
morgan_bit_0911,-0.0,0.0
morgan_bit_0913,0.0,0.0
morgan_bit_0914,0.0,0.0
morgan_bit_0915,0.0,0.0
morgan_bit_0919,-0.0,0.0
morgan_bit_0920,-0.0,0.0
morgan_bit_0921,-0.0,0.0
topological_torsion_bit_0805,-0.0,0.0
topological_torsion_bit_0808,-0.0,0.0
topological_torsion_bit_0813,-0.0,0.0
topological_torsion_bit_0794,-0.0,0.0
topological_torsion_bit_0765,-0.0,0.0
topological_torsion_bit_0768,-0.0,0.0
topological_torsion_bit_0769,0.0,0.0
topological_torsion_bit_0772,0.0,0.0
topological_torsion_bit_0777,-0.0,0.0
topological_torsion_bit_0779,-0.0,0.0
topological_torsion_bit_0780,0.0,0.0
topological_torsion_bit_0781,-0.0,0.0
topological_torsion_bit_0784,0.0,0.0
topological_torsion_bit_0789,0.0,0.0
topological_torsion_bit_0790,0.0,0.0
topological_torsion_bit_0792,0.0,0.0
topological_torsion_bit_0793,0.0,0.0
topological_torsion_bit_0764,0.0,0.0
rdk_path_bit_0026,0.0,0.0
rdk_path_bit_0028,-0.0,0.0
rdk_path_bit_0029,-0.0,0.0
rdk_path_bit_0031,0.0,0.0
rdk_path_bit_0032,0.0,0.0
rdk_path_bit_0033,0.0,0.0
rdk_path_bit_0035,0.0,0.0
morgan_bit_0879,-0.0,0.0
morgan_bit_0880,0.0,0.0
morgan_bit_0882,0.0,0.0
morgan_bit_0883,0.0,0.0
morgan_bit_0884,-0.0,0.0
topological_torsion_bit_0941,0.0,0.0
morgan_bit_0886,-0.0,0.0
morgan_bit_0888,-0.0,0.0
rdk_path_bit_0010,-0.0,0.0
rdk_path_bit_0011,-0.0,0.0
rdk_path_bit_0012,0.0,0.0
rdk_path_bit_0013,-0.0,0.0
rdk_path_bit_0016,-0.0,0.0
topological_torsion_bit_1020,0.0,0.0
topological_torsion_bit_1021,0.0,0.0
topological_torsion_bit_1022,0.0,0.0
rdk_path_bit_0002,0.0,0.0
rdk_path_bit_0003,-0.0,0.0
morgan_bit_0885,0.0,0.0
rdk_path_bit_0066,-0.0,0.0
rdk_path_bit_0067,-0.0,0.0
rdk_path_bit_0068,-0.0,0.0
rdk_path_bit_0036,0.0,0.0
rdk_path_bit_0038,-0.0,0.0
rdk_path_bit_0039,0.0,0.0
rdk_path_bit_0040,0.0,0.0
morgan_bit_0861,-0.0,0.0
morgan_bit_0862,0.0,0.0
morgan_bit_0863,0.0,0.0
morgan_bit_0864,-0.0,0.0
morgan_bit_0865,-0.0,0.0
rdk_path_bit_0025,0.0,0.0
morgan_bit_0867,0.0,0.0
morgan_bit_0869,-0.0,0.0
morgan_bit_0870,-0.0,0.0
morgan_bit_0871,-0.0,0.0
rdk_path_bit_0042,-0.0,0.0
rdk_path_bit_0044,0.0,0.0
rdk_path_bit_0017,0.0,0.0
rdk_path_bit_0018,0.0,0.0
rdk_path_bit_0019,-0.0,0.0
rdk_path_bit_0020,0.0,0.0
rdk_path_bit_0021,-0.0,0.0
rdk_path_bit_0023,-0.0,0.0
rdk_path_bit_0024,-0.0,0.0
morgan_bit_0866,-0.0,0.0
topological_torsion_bit_0949,-0.0,0.0
topological_torsion_bit_0950,-0.0,0.0
topological_torsion_bit_0953,0.0,0.0
topological_torsion_bit_0960,0.0,0.0
topological_torsion_bit_0961,-0.0,0.0
topological_torsion_bit_0964,0.0,0.0
topological_torsion_bit_0965,-0.0,0.0
topological_torsion_bit_0968,-0.0,0.0
topological_torsion_bit_0973,-0.0,0.0
topological_torsion_bit_0980,0.0,0.0
topological_torsion_bit_0984,-0.0,0.0
topological_torsion_bit_0985,0.0,0.0
rdk_path_bit_0004,-0.0,0.0
topological_torsion_bit_0988,-0.0,0.0
topological_torsion_bit_0909,-0.0,0.0
topological_torsion_bit_0912,0.0,0.0
topological_torsion_bit_0913,0.0,0.0
topological_torsion_bit_0916,0.0,0.0
topological_torsion_bit_0920,-0.0,0.0
topological_torsion_bit_0921,0.0,0.0
topological_torsion_bit_0928,-0.0,0.0
topological_torsion_bit_0929,0.0,0.0
topological_torsion_bit_0932,-0.0,0.0
topological_torsion_bit_0936,0.0,0.0
topological_torsion_bit_0937,-0.0,0.0
topological_torsion_bit_0986,0.0,0.0
rdk_path_bit_0006,-0.0,0.0
rdk_path_bit_0007,0.0,0.0
rdk_path_bit_0008,0.0,0.0
morgan_bit_0873,0.0,0.0
morgan_bit_0874,-0.0,0.0
morgan_bit_0875,0.0,0.0
morgan_bit_0876,-0.0,0.0
morgan_bit_0877,-0.0,0.0
morgan_bit_0878,0.0,0.0
topological_torsion_bit_0989,-0.0,0.0
topological_torsion_bit_0990,0.0,0.0
topological_torsion_bit_0992,-0.0,0.0
topological_torsion_bit_0948,0.0,0.0
topological_torsion_bit_0996,0.0,0.0
topological_torsion_bit_0997,-0.0,0.0
topological_torsion_bit_1000,0.0,0.0
topological_torsion_bit_1001,0.0,0.0
topological_torsion_bit_1004,0.0,0.0
topological_torsion_bit_1008,-0.0,0.0
topological_torsion_bit_1009,0.0,0.0
topological_torsion_bit_1012,-0.0,0.0
topological_torsion_bit_1013,0.0,0.0
topological_torsion_bit_1014,-0.0,0.0
morgan_bit_0013,0.0,0.0
topological_torsion_bit_1017,0.0,0.0
topological_torsion_bit_0945,-0.0,0.0
topological_torsion_bit_0993,0.0,0.0
topological_torsion_bit_0516,-0.0,0.0
topological_torsion_bit_0524,-0.0,0.0
topological_torsion_bit_0525,0.0,0.0
topological_torsion_bit_0526,0.0,0.0
topological_torsion_bit_0528,-0.0,0.0
topological_torsion_bit_0529,0.0,0.0
topological_torsion_bit_0530,0.0,0.0
topological_torsion_bit_0532,-0.0,0.0
topological_torsion_bit_0533,0.0,0.0
topological_torsion_bit_0534,-0.0,0.0
morgan_bit_0971,-0.0,0.0
morgan_bit_0973,0.0,0.0
topological_torsion_bit_0735,0.0,0.0
morgan_bit_0975,-0.0,0.0
morgan_bit_0976,-0.0,0.0
morgan_bit_0977,0.0,0.0
morgan_bit_0979,0.0,0.0
morgan_bit_0980,-0.0,0.0
morgan_bit_0981,-0.0,0.0
morgan_bit_0982,0.0,0.0
morgan_bit_0983,0.0,0.0
morgan_bit_0984,0.0,0.0
topological_torsion_bit_0502,0.0,0.0
topological_torsion_bit_0505,-0.0,0.0
topological_torsion_bit_0473,0.0,0.0
morgan_bit_0974,-0.0,0.0
topological_torsion_bit_0584,-0.0,0.0
topological_torsion_bit_0585,-0.0,0.0
topological_torsion_bit_0586,-0.0,0.0
topological_torsion_bit_0588,0.0,0.0
morgan_bit_0955,-0.0,0.0
morgan_bit_0956,0.0,0.0
topological_torsion_bit_0537,0.0,0.0
topological_torsion_bit_0538,0.0,0.0
topological_torsion_bit_0540,-0.0,0.0
topological_torsion_bit_0542,-0.0,0.0
topological_torsion_bit_0544,-0.0,0.0
topological_torsion_bit_0546,0.0,0.0
topological_torsion_bit_0515,-0.0,0.0
topological_torsion_bit_0549,-0.0,0.0
topological_torsion_bit_0550,-0.0,0.0
topological_torsion_bit_0552,0.0,0.0
topological_torsion_bit_0553,0.0,0.0
topological_torsion_bit_0554,-0.0,0.0
topological_torsion_bit_0556,-0.0,0.0
topological_torsion_bit_0557,0.0,0.0
topological_torsion_bit_0561,-0.0,0.0
topological_torsion_bit_0508,-0.0,0.0
topological_torsion_bit_0509,0.0,0.0
topological_torsion_bit_0512,-0.0,0.0
topological_torsion_bit_0513,0.0,0.0
topological_torsion_bit_0514,0.0,0.0
topological_torsion_bit_0548,-0.0,0.0
topological_torsion_bit_0470,-0.0,0.0
morgan_bit_0990,0.0,0.0
morgan_bit_0992,0.0,0.0
morgan_bit_0994,0.0,0.0
morgan_bit_0996,0.0,0.0
morgan_bit_0997,-0.0,0.0
morgan_bit_0998,-0.0,0.0
morgan_bit_0999,0.0,0.0
morgan_bit_1000,-0.0,0.0
morgan_bit_1001,-0.0,0.0
morgan_bit_1002,-0.0,0.0
morgan_bit_1003,0.0,0.0
topological_torsion_bit_0474,-0.0,0.0
topological_torsion_bit_0434,0.0,0.0
topological_torsion_bit_0440,0.0,0.0
topological_torsion_bit_0441,0.0,0.0
topological_torsion_bit_0410,0.0,0.0
topological_torsion_bit_0412,0.0,0.0
topological_torsion_bit_0413,0.0,0.0
topological_torsion_bit_0414,-0.0,0.0
topological_torsion_bit_0416,0.0,0.0
topological_torsion_bit_0420,-0.0,0.0
topological_torsion_bit_0421,0.0,0.0
topological_torsion_bit_0422,-0.0,0.0
topological_torsion_bit_0424,-0.0,0.0
topological_torsion_bit_0430,0.0,0.0
topological_torsion_bit_0476,-0.0,0.0
topological_torsion_bit_0478,0.0,0.0
topological_torsion_bit_0480,-0.0,0.0
topological_torsion_bit_0481,0.0,0.0
topological_torsion_bit_0484,0.0,0.0
topological_torsion_bit_0485,-0.0,0.0
topological_torsion_bit_0488,0.0,0.0
topological_torsion_bit_0489,0.0,0.0
topological_torsion_bit_0492,-0.0,0.0
topological_torsion_bit_0493,-0.0,0.0
topological_torsion_bit_0497,-0.0,0.0
topological_torsion_bit_0498,0.0,0.0
topological_torsion_bit_0469,0.0,0.0
topological_torsion_bit_0444,-0.0,0.0
topological_torsion_bit_0446,0.0,0.0
topological_torsion_bit_0448,0.0,0.0
topological_torsion_bit_0449,0.0,0.0
topological_torsion_bit_0450,0.0,0.0
topological_torsion_bit_0454,-0.0,0.0
topological_torsion_bit_0456,-0.0,0.0
topological_torsion_bit_0457,-0.0,0.0
topological_torsion_bit_0460,0.0,0.0
topological_torsion_bit_0461,0.0,0.0
topological_torsion_bit_0465,0.0,0.0
topological_torsion_bit_0466,0.0,0.0
topological_torsion_bit_0468,-0.0,0.0
topological_torsion_bit_0499,0.0,0.0
topological_torsion_bit_0680,0.0,0.0
topological_torsion_bit_0684,0.0,0.0
topological_torsion_bit_0685,0.0,0.0
topological_torsion_bit_0686,-0.0,0.0
topological_torsion_bit_0687,0.0,0.0
topological_torsion_bit_0688,0.0,0.0
topological_torsion_bit_0689,0.0,0.0
topological_torsion_bit_0690,-0.0,0.0
topological_torsion_bit_0692,0.0,0.0
morgan_bit_0942,-0.0,0.0
morgan_bit_0943,0.0,0.0
morgan_bit_0944,0.0,0.0
topological_torsion_bit_0580,-0.0,0.0
morgan_bit_0946,-0.0,0.0
morgan_bit_0947,0.0,0.0
morgan_bit_0948,-0.0,0.0
morgan_bit_0949,-0.0,0.0
morgan_bit_0950,-0.0,0.0
morgan_bit_0954,0.0,0.0
topological_torsion_bit_0656,0.0,0.0
topological_torsion_bit_0657,0.0,0.0
topological_torsion_bit_0660,-0.0,0.0
topological_torsion_bit_0661,-0.0,0.0
topological_torsion_bit_0662,0.0,0.0
topological_torsion_bit_0634,-0.0,0.0
morgan_bit_0945,-0.0,0.0
topological_torsion_bit_0737,-0.0,0.0
topological_torsion_bit_0740,0.0,0.0
topological_torsion_bit_0744,0.0,0.0
topological_torsion_bit_0749,0.0,0.0
topological_torsion_bit_0693,0.0,0.0
topological_torsion_bit_0694,-0.0,0.0
topological_torsion_bit_0695,0.0,0.0
topological_torsion_bit_0696,-0.0,0.0
topological_torsion_bit_0700,0.0,0.0
topological_torsion_bit_0701,0.0,0.0
topological_torsion_bit_0702,0.0,0.0
topological_torsion_bit_0703,0.0,0.0
topological_torsion_bit_0677,-0.0,0.0
topological_torsion_bit_0705,-0.0,0.0
topological_torsion_bit_0708,0.0,0.0
topological_torsion_bit_0709,-0.0,0.0
topological_torsion_bit_0712,-0.0,0.0
topological_torsion_bit_0713,0.0,0.0
topological_torsion_bit_0716,-0.0,0.0
topological_torsion_bit_0717,-0.0,0.0
topological_torsion_bit_0666,0.0,0.0
topological_torsion_bit_0669,0.0,0.0
topological_torsion_bit_0670,0.0,0.0
topological_torsion_bit_0672,-0.0,0.0
topological_torsion_bit_0673,0.0,0.0
topological_torsion_bit_0676,-0.0,0.0
topological_torsion_bit_0704,0.0,0.0
topological_torsion_bit_0633,-0.0,0.0
morgan_bit_0958,-0.0,0.0
morgan_bit_0959,-0.0,0.0
morgan_bit_0961,0.0,0.0
morgan_bit_0962,0.0,0.0
morgan_bit_0963,0.0,0.0
morgan_bit_0964,0.0,0.0
morgan_bit_0965,-0.0,0.0
morgan_bit_0967,0.0,0.0
morgan_bit_0968,0.0,0.0
morgan_bit_0969,-0.0,0.0
morgan_bit_0970,-0.0,0.0
topological_torsion_bit_0635,0.0,0.0
topological_torsion_bit_0593,-0.0,0.0
topological_torsion_bit_0597,-0.0,0.0
topological_torsion_bit_0598,0.0,0.0
topological_torsion_bit_0599,0.0,0.0
topological_torsion_bit_0562,0.0,0.0
topological_torsion_bit_0564,-0.0,0.0
topological_torsion_bit_0565,0.0,0.0
topological_torsion_bit_0569,0.0,0.0
topological_torsion_bit_0573,0.0,0.0
topological_torsion_bit_0576,0.0,0.0
topological_torsion_bit_0577,0.0,0.0
topological_torsion_bit_0578,0.0,0.0
topological_torsion_bit_0592,-0.0,0.0
topological_torsion_bit_0637,0.0,0.0
topological_torsion_bit_0638,0.0,0.0
topological_torsion_bit_0639,-0.0,0.0
topological_torsion_bit_0640,0.0,0.0
topological_torsion_bit_0644,-0.0,0.0
topological_torsion_bit_0645,0.0,0.0
topological_torsion_bit_0648,-0.0,0.0
topological_torsion_bit_0649,-0.0,0.0
topological_torsion_bit_0650,0.0,0.0
topological_torsion_bit_0652,-0.0,0.0
topological_torsion_bit_0653,0.0,0.0
topological_torsion_bit_0655,0.0,0.0
topological_torsion_bit_0632,-0.0,0.0
morgan_bit_0941,0.0,0.0
topological_torsion_bit_0604,0.0,0.0
topological_torsion_bit_0605,0.0,0.0
topological_torsion_bit_0608,-0.0,0.0
topological_torsion_bit_0609,0.0,0.0
topological_torsion_bit_0612,-0.0,0.0
topological_torsion_bit_0613,0.0,0.0
topological_torsion_bit_0615,-0.0,0.0
topological_torsion_bit_0621,0.0,0.0
topological_torsion_bit_0622,0.0,0.0
topological_torsion_bit_0625,0.0,0.0
topological_torsion_bit_0626,0.0,0.0
topological_torsion_bit_0629,-0.0,0.0
morgan_bit_0939,0.0,0.0
atom_pair_bit_0235,-0.0,0.0
atom_pair_bit_0237,0.0,0.0
atom_pair_bit_0239,-0.0,0.0
atom_pair_bit_0241,0.0,0.0
atom_pair_bit_0242,0.0,0.0
atom_pair_bit_0213,-0.0,0.0
atom_pair_bit_0214,-0.0,0.0
atom_pair_bit_0215,0.0,0.0
atom_pair_bit_0216,-0.0,0.0
atom_pair_bit_0217,0.0,0.0
atom_pair_bit_0218,-0.0,0.0
atom_pair_bit_0219,0.0,0.0
atom_pair_bit_0805,0.0,0.0
atom_pair_bit_0222,0.0,0.0
atom_pair_bit_0223,0.0,0.0
atom_pair_bit_0224,0.0,0.0
atom_pair_bit_0225,0.0,0.0
atom_pair_bit_0226,0.0,0.0
atom_pair_bit_0230,0.0,0.0
atom_pair_bit_0231,-0.0,0.0
atom_pair_bit_0232,0.0,0.0
atom_pair_bit_0193,-0.0,0.0
atom_pair_bit_0194,-0.0,0.0
atom_pair_bit_0195,-0.0,0.0
atom_pair_bit_0196,0.0,0.0
atom_pair_bit_0220,-0.0,0.0
atom_pair_bit_0271,0.0,0.0
atom_pair_bit_0274,0.0,0.0
atom_pair_bit_0245,-0.0,0.0
atom_pair_bit_0246,0.0,0.0
atom_pair_bit_0247,0.0,0.0
atom_pair_bit_0250,-0.0,0.0
atom_pair_bit_0251,0.0,0.0
atom_pair_bit_0252,0.0,0.0
atom_pair_bit_0253,0.0,0.0
atom_pair_bit_0254,0.0,0.0
atom_pair_bit_0255,-0.0,0.0
atom_pair_bit_0256,-0.0,0.0
ecfp6_bit_0396,-0.0,0.0
atom_pair_bit_0258,-0.0,0.0
atom_pair_bit_0260,-0.0,0.0
atom_pair_bit_0261,-0.0,0.0
atom_pair_bit_0262,-0.0,0.0
atom_pair_bit_0263,-0.0,0.0
atom_pair_bit_0233,-0.0,0.0
atom_pair_bit_0234,0.0,0.0
ecfp6_bit_0381,0.0,0.0
ecfp6_bit_0383,-0.0,0.0
ecfp6_bit_0384,-0.0,0.0
ecfp6_bit_0389,0.0,0.0
ecfp6_bit_0390,0.0,0.0
ecfp6_bit_0395,0.0,0.0
atom_pair_bit_0257,0.0,0.0
atom_pair_bit_0167,0.0,0.0
atom_pair_bit_0168,-0.0,0.0
atom_pair_bit_0170,-0.0,0.0
atom_pair_bit_0171,-0.0,0.0
atom_pair_bit_0173,-0.0,0.0
atom_pair_bit_0174,0.0,0.0
atom_pair_bit_0175,0.0,0.0
atom_pair_bit_0176,0.0,0.0
atom_pair_bit_0177,0.0,0.0
atom_pair_bit_0178,0.0,0.0
atom_pair_bit_0180,-0.0,0.0
atom_pair_bit_0181,-0.0,0.0
atom_pair_bit_0199,0.0,0.0
atom_pair_bit_0183,-0.0,0.0
ecfp6_bit_0414,0.0,0.0
ecfp6_bit_0415,0.0,0.0
ecfp6_bit_0416,0.0,0.0
ecfp6_bit_0419,-0.0,0.0
ecfp6_bit_0421,0.0,0.0
ecfp6_bit_0424,-0.0,0.0
ecfp6_bit_0425,0.0,0.0
ecfp6_bit_0428,-0.0,0.0
atom_pair_bit_0155,-0.0,0.0
atom_pair_bit_0156,-0.0,0.0
atom_pair_bit_0158,-0.0,0.0
atom_pair_bit_0182,-0.0,0.0
atom_pair_bit_0200,-0.0,0.0
atom_pair_bit_0201,-0.0,0.0
atom_pair_bit_0202,-0.0,0.0
atom_pair_bit_0203,-0.0,0.0
atom_pair_bit_0206,0.0,0.0
atom_pair_bit_0207,0.0,0.0
atom_pair_bit_0209,0.0,0.0
atom_pair_bit_0210,0.0,0.0
atom_pair_bit_0211,-0.0,0.0
atom_pair_bit_0212,-0.0,0.0
atom_pair_bit_0184,0.0,0.0
atom_pair_bit_0185,-0.0,0.0
atom_pair_bit_0165,-0.0,0.0
ecfp6_bit_0397,-0.0,0.0
ecfp6_bit_0398,-0.0,0.0
ecfp6_bit_0399,0.0,0.0
ecfp6_bit_0401,0.0,0.0
ecfp6_bit_0406,-0.0,0.0
ecfp6_bit_0409,0.0,0.0
ecfp6_bit_0410,-0.0,0.0
ecfp6_bit_0411,-0.0,0.0
ecfp6_bit_0412,-0.0,0.0
atom_pair_bit_0188,0.0,0.0
atom_pair_bit_0189,0.0,0.0
atom_pair_bit_0191,-0.0,0.0
atom_pair_bit_0192,-0.0,0.0
atom_pair_bit_0186,-0.0,0.0
ecfp6_bit_0341,-0.0,0.0
ecfp6_bit_0344,-0.0,0.0
ecfp6_bit_0345,-0.0,0.0
ecfp6_bit_0347,-0.0,0.0
ecfp6_bit_0348,-0.0,0.0
atom_pair_bit_0347,-0.0,0.0
atom_pair_bit_0349,0.0,0.0
atom_pair_bit_0350,-0.0,0.0
atom_pair_bit_0323,0.0,0.0
atom_pair_bit_0325,-0.0,0.0
atom_pair_bit_0326,-0.0,0.0
atom_pair_bit_0328,-0.0,0.0
atom_pair_bit_0270,-0.0,0.0
atom_pair_bit_0334,0.0,0.0
atom_pair_bit_0335,-0.0,0.0
atom_pair_bit_0336,0.0,0.0
atom_pair_bit_0338,-0.0,0.0
atom_pair_bit_0339,-0.0,0.0
atom_pair_bit_0340,-0.0,0.0
atom_pair_bit_0341,0.0,0.0
atom_pair_bit_0343,-0.0,0.0
ecfp6_bit_0356,0.0,0.0
ecfp6_bit_0357,0.0,0.0
ecfp6_bit_0358,0.0,0.0
ecfp6_bit_0359,-0.0,0.0
atom_pair_bit_0331,0.0,0.0
ecfp6_bit_0325,-0.0,0.0
ecfp6_bit_0326,-0.0,0.0
ecfp6_bit_0328,-0.0,0.0
ecfp6_bit_0329,-0.0,0.0
ecfp6_bit_0330,0.0,0.0
atom_pair_bit_0351,0.0,0.0
atom_pair_bit_0352,-0.0,0.0
atom_pair_bit_0353,-0.0,0.0
atom_pair_bit_0355,0.0,0.0
atom_pair_bit_0358,0.0,0.0
atom_pair_bit_0360,-0.0,0.0
atom_pair_bit_0362,-0.0,0.0
ecfp6_bit_0339,-0.0,0.0
atom_pair_bit_0364,0.0,0.0
atom_pair_bit_0365,0.0,0.0
atom_pair_bit_0366,0.0,0.0
atom_pair_bit_0367,0.0,0.0
atom_pair_bit_0368,0.0,0.0
atom_pair_bit_0370,0.0,0.0
atom_pair_bit_0371,-0.0,0.0
atom_pair_bit_0373,-0.0,0.0
atom_pair_bit_0344,0.0,0.0
atom_pair_bit_0345,-0.0,0.0
atom_pair_bit_0346,0.0,0.0
ecfp6_bit_0336,0.0,0.0
ecfp6_bit_0337,-0.0,0.0
atom_pair_bit_0363,-0.0,0.0
atom_pair_bit_0281,-0.0,0.0
atom_pair_bit_0282,-0.0,0.0
atom_pair_bit_0283,0.0,0.0
atom_pair_bit_0284,-0.0,0.0
atom_pair_bit_0285,0.0,0.0
atom_pair_bit_0286,0.0,0.0
atom_pair_bit_0287,-0.0,0.0
atom_pair_bit_0288,0.0,0.0
atom_pair_bit_0289,-0.0,0.0
atom_pair_bit_0295,0.0,0.0
atom_pair_bit_0296,-0.0,0.0
atom_pair_bit_0297,-0.0,0.0
ecfp6_bit_0362,-0.0,0.0
atom_pair_bit_0266,-0.0,0.0
ecfp6_bit_0365,0.0,0.0
ecfp6_bit_0366,-0.0,0.0
ecfp6_bit_0367,-0.0,0.0
ecfp6_bit_0368,0.0,0.0
ecfp6_bit_0372,0.0,0.0
ecfp6_bit_0374,0.0,0.0
ecfp6_bit_0375,-0.0,0.0
ecfp6_bit_0376,-0.0,0.0
ecfp6_bit_0377,0.0,0.0
ecfp6_bit_0378,-0.0,0.0
atom_pair_bit_0269,-0.0,0.0
atom_pair_bit_0264,0.0,0.0
ecfp6_bit_0363,0.0,0.0
ecfp6_bit_0364,-0.0,0.0
atom_pair_bit_0316,-0.0,0.0
atom_pair_bit_0317,0.0,0.0
atom_pair_bit_0318,-0.0,0.0
atom_pair_bit_0319,0.0,0.0
atom_pair_bit_0322,-0.0,0.0
atom_pair_bit_0298,0.0,0.0
atom_pair_bit_0299,0.0,0.0
atom_pair_bit_0300,0.0,0.0
atom_pair_bit_0302,-0.0,0.0
atom_pair_bit_0303,0.0,0.0
atom_pair_bit_0279,0.0,0.0
atom_pair_bit_0308,0.0,0.0
atom_pair_bit_0309,-0.0,0.0
atom_pair_bit_0310,-0.0,0.0
atom_pair_bit_0311,0.0,0.0
atom_pair_bit_0312,-0.0,0.0
ecfp6_bit_0349,-0.0,0.0
ecfp6_bit_0350,-0.0,0.0
ecfp6_bit_0352,0.0,0.0
ecfp6_bit_0353,-0.0,0.0
ecfp6_bit_0354,-0.0,0.0
atom_pair_bit_0275,-0.0,0.0
atom_pair_bit_0277,0.0,0.0
atom_pair_bit_0278,0.0,0.0
atom_pair_bit_0306,-0.0,0.0
atom_pair_bit_0009,0.0,0.0
atom_pair_bit_0010,0.0,0.0
atom_pair_bit_0011,0.0,0.0
atom_pair_bit_0013,-0.0,0.0
atom_pair_bit_0014,0.0,0.0
atom_pair_bit_0015,0.0,0.0
atom_pair_bit_0016,-0.0,0.0
atom_pair_bit_0017,0.0,0.0
atom_pair_bit_0018,-0.0,0.0
atom_pair_bit_0019,-0.0,0.0
atom_pair_bit_0021,0.0,0.0
atom_pair_bit_0022,0.0,0.0
atom_pair_bit_0159,0.0,0.0
ecfp6_bit_0499,0.0,0.0
ecfp6_bit_0500,-0.0,0.0
ecfp6_bit_0502,0.0,0.0
ecfp6_bit_0503,0.0,0.0
ecfp6_bit_0504,0.0,0.0
ecfp6_bit_0505,0.0,0.0
ecfp6_bit_0506,-0.0,0.0
ecfp6_bit_0508,-0.0,0.0
layered_bit_1019,0.0,0.0
layered_bit_1020,-0.0,0.0
layered_bit_1021,0.0,0.0
layered_bit_1022,-0.0,0.0
ecfp6_bit_0498,0.0,0.0
ecfp6_bit_0471,0.0,0.0
ecfp6_bit_0472,-0.0,0.0
ecfp6_bit_0474,-0.0,0.0
ecfp6_bit_0475,-0.0,0.0
atom_pair_bit_0043,0.0,0.0
atom_pair_bit_0047,-0.0,0.0
atom_pair_bit_0048,-0.0,0.0
atom_pair_bit_0023,-0.0,0.0
atom_pair_bit_0026,0.0,0.0
ecfp6_bit_0477,0.0,0.0
ecfp6_bit_0478,-0.0,0.0
ecfp6_bit_0479,0.0,0.0
atom_pair_bit_0007,-0.0,0.0
ecfp6_bit_0484,0.0,0.0
ecfp6_bit_0485,0.0,0.0
ecfp6_bit_0486,0.0,0.0
ecfp6_bit_0489,0.0,0.0
ecfp6_bit_0492,0.0,0.0
atom_pair_bit_0027,-0.0,0.0
atom_pair_bit_0028,0.0,0.0
atom_pair_bit_0031,0.0,0.0
atom_pair_bit_0035,-0.0,0.0
atom_pair_bit_0036,0.0,0.0
atom_pair_bit_0004,0.0,0.0
atom_pair_bit_0005,0.0,0.0
atom_pair_bit_0006,-0.0,0.0
ecfp6_bit_0481,0.0,0.0
layered_bit_0992,0.0,0.0
layered_bit_0996,0.0,0.0
layered_bit_0997,0.0,0.0
layered_bit_0998,0.0,0.0
layered_bit_0999,0.0,0.0
layered_bit_1000,-0.0,0.0
layered_bit_0963,0.0,0.0
layered_bit_0964,0.0,0.0
layered_bit_0965,0.0,0.0
layered_bit_0966,-0.0,0.0
layered_bit_0967,0.0,0.0
layered_bit_0969,0.0,0.0
layered_bit_1023,0.0,0.0
layered_bit_0972,0.0,0.0
layered_bit_0973,0.0,0.0
layered_bit_0974,0.0,0.0
layered_bit_0975,0.0,0.0
layered_bit_0977,-0.0,0.0
layered_bit_0979,-0.0,0.0
layered_bit_0980,-0.0,0.0
ecfp6_bit_0512,0.0,0.0
ecfp6_bit_0514,0.0,0.0
ecfp6_bit_0518,-0.0,0.0
ecfp6_bit_0519,-0.0,0.0
ecfp6_bit_0520,0.0,0.0
layered_bit_0971,-0.0,0.0
atom_pair_bit_0001,-0.0,0.0
atom_pair_bit_0003,0.0,0.0
layered_bit_1001,0.0,0.0
layered_bit_1002,0.0,0.0
layered_bit_1004,-0.0,0.0
layered_bit_1005,-0.0,0.0
layered_bit_1006,0.0,0.0
layered_bit_1007,-0.0,0.0
layered_bit_1010,0.0,0.0
layered_bit_1011,-0.0,0.0
layered_bit_1012,0.0,0.0
layered_bit_1013,-0.0,0.0
layered_bit_0991,0.0,0.0
layered_bit_1015,-0.0,0.0
layered_bit_1016,0.0,0.0
layered_bit_1018,0.0,0.0
ecfp6_bit_0495,-0.0,0.0
ecfp6_bit_0496,-0.0,0.0
layered_bit_0982,0.0,0.0
layered_bit_0983,-0.0,0.0
layered_bit_0985,-0.0,0.0
layered_bit_0986,0.0,0.0
layered_bit_0987,0.0,0.0
layered_bit_0988,0.0,0.0
layered_bit_0989,0.0,0.0
layered_bit_0990,0.0,0.0
layered_bit_1014,-0.0,0.0
atom_pair_bit_0124,0.0,0.0
atom_pair_bit_0125,0.0,0.0
atom_pair_bit_0127,-0.0,0.0
atom_pair_bit_0128,-0.0,0.0
atom_pair_bit_0131,0.0,0.0
atom_pair_bit_0132,0.0,0.0
atom_pair_bit_0134,0.0,0.0
atom_pair_bit_0135,-0.0,0.0
atom_pair_bit_0104,-0.0,0.0
atom_pair_bit_0105,-0.0,0.0
ecfp6_bit_0431,-0.0,0.0
ecfp6_bit_0432,0.0,0.0
ecfp6_bit_0470,-0.0,0.0
ecfp6_bit_0435,-0.0,0.0
ecfp6_bit_0436,-0.0,0.0
ecfp6_bit_0437,0.0,0.0
ecfp6_bit_0438,-0.0,0.0
ecfp6_bit_0441,-0.0,0.0
ecfp6_bit_0443,-0.0,0.0
atom_pair_bit_0107,0.0,0.0
atom_pair_bit_0108,-0.0,0.0
atom_pair_bit_0110,0.0,0.0
atom_pair_bit_0111,-0.0,0.0
atom_pair_bit_0113,-0.0,0.0
ecfp6_bit_0447,-0.0,0.0
ecfp6_bit_0433,-0.0,0.0
atom_pair_bit_0160,0.0,0.0
atom_pair_bit_0161,-0.0,0.0
atom_pair_bit_0162,-0.0,0.0
atom_pair_bit_0136,-0.0,0.0
atom_pair_bit_0138,-0.0,0.0
atom_pair_bit_0139,-0.0,0.0
atom_pair_bit_0140,0.0,0.0
atom_pair_bit_0142,0.0,0.0
atom_pair_bit_0143,-0.0,0.0
atom_pair_bit_0144,-0.0,0.0
atom_pair_bit_0145,0.0,0.0
atom_pair_bit_0146,0.0,0.0
atom_pair_bit_0123,-0.0,0.0
atom_pair_bit_0148,0.0,0.0
atom_pair_bit_0149,0.0,0.0
atom_pair_bit_0151,-0.0,0.0
atom_pair_bit_0153,-0.0,0.0
atom_pair_bit_0154,-0.0,0.0
ecfp6_bit_0413,-0.0,0.0
atom_pair_bit_0115,0.0,0.0
atom_pair_bit_0116,0.0,0.0
atom_pair_bit_0117,0.0,0.0
atom_pair_bit_0119,-0.0,0.0
atom_pair_bit_0120,-0.0,0.0
atom_pair_bit_0121,-0.0,0.0
atom_pair_bit_0122,0.0,0.0
atom_pair_bit_0147,-0.0,0.0
atom_pair_bit_0090,0.0,0.0
ecfp6_bit_0445,-0.0,0.0
ecfp6_bit_0446,0.0,0.0
atom_pair_bit_0049,-0.0,0.0
atom_pair_bit_0051,-0.0,0.0
atom_pair_bit_0053,0.0,0.0
atom_pair_bit_0055,0.0,0.0
atom_pair_bit_0056,-0.0,0.0
atom_pair_bit_0057,-0.0,0.0
atom_pair_bit_0060,-0.0,0.0
atom_pair_bit_0061,0.0,0.0
atom_pair_bit_0063,-0.0,0.0
ecfp6_bit_0448,-0.0,0.0
atom_pair_bit_0067,0.0,0.0
atom_pair_bit_0068,0.0,0.0
atom_pair_bit_0069,0.0,0.0
atom_pair_bit_0070,0.0,0.0
atom_pair_bit_0038,-0.0,0.0
atom_pair_bit_0039,0.0,0.0
ecfp6_bit_0462,-0.0,0.0
ecfp6_bit_0463,-0.0,0.0
ecfp6_bit_0464,-0.0,0.0
ecfp6_bit_0465,0.0,0.0
ecfp6_bit_0466,-0.0,0.0
ecfp6_bit_0469,-0.0,0.0
atom_pair_bit_0065,-0.0,0.0
ecfp6_bit_0449,0.0,0.0
ecfp6_bit_0450,-0.0,0.0
ecfp6_bit_0451,-0.0,0.0
ecfp6_bit_0452,-0.0,0.0
ecfp6_bit_0454,0.0,0.0
ecfp6_bit_0456,-0.0,0.0
ecfp6_bit_0457,0.0,0.0
atom_pair_bit_0091,-0.0,0.0
atom_pair_bit_0092,-0.0,0.0
atom_pair_bit_0093,0.0,0.0
atom_pair_bit_0094,-0.0,0.0
atom_pair_bit_0095,-0.0,0.0
atom_pair_bit_0088,-0.0,0.0
atom_pair_bit_0101,-0.0,0.0
atom_pair_bit_0071,0.0,0.0
atom_pair_bit_0072,-0.0,0.0
atom_pair_bit_0073,-0.0,0.0
atom_pair_bit_0074,-0.0,0.0
atom_pair_bit_0075,-0.0,0.0
atom_pair_bit_0079,0.0,0.0
atom_pair_bit_0080,0.0,0.0
atom_pair_bit_0081,-0.0,0.0
atom_pair_bit_0083,0.0,0.0
atom_pair_bit_0085,0.0,0.0
atom_pair_bit_0086,0.0,0.0
atom_pair_bit_0087,-0.0,0.0
atom_pair_bit_0099,0.0,0.0
atom_pair_bit_0687,0.0,0.0
atom_pair_bit_0688,-0.0,0.0
atom_pair_bit_0689,0.0,0.0
atom_pair_bit_0690,-0.0,0.0
atom_pair_bit_0658,0.0,0.0
atom_pair_bit_0659,0.0,0.0
atom_pair_bit_0660,-0.0,0.0
atom_pair_bit_0666,-0.0,0.0
atom_pair_bit_0667,0.0,0.0
atom_pair_bit_0669,0.0,0.0
atom_pair_bit_0671,-0.0,0.0
atom_pair_bit_0674,-0.0,0.0
ecfp6_bit_0323,0.0,0.0
atom_pair_bit_0676,0.0,0.0
atom_pair_bit_0677,0.0,0.0
atom_pair_bit_0678,-0.0,0.0
atom_pair_bit_0679,-0.0,0.0
atom_pair_bit_0681,0.0,0.0
atom_pair_bit_0682,-0.0,0.0
atom_pair_bit_0650,-0.0,0.0
ecfp6_bit_0205,0.0,0.0
ecfp6_bit_0206,-0.0,0.0
ecfp6_bit_0208,0.0,0.0
ecfp6_bit_0209,0.0,0.0
ecfp6_bit_0210,-0.0,0.0
atom_pair_bit_0675,-0.0,0.0
atom_pair_bit_0692,0.0,0.0
atom_pair_bit_0695,0.0,0.0
atom_pair_bit_0697,0.0,0.0
atom_pair_bit_0698,-0.0,0.0
atom_pair_bit_0699,-0.0,0.0
atom_pair_bit_0701,-0.0,0.0
atom_pair_bit_0702,-0.0,0.0
atom_pair_bit_0703,-0.0,0.0
atom_pair_bit_0705,0.0,0.0
atom_pair_bit_0706,0.0,0.0
atom_pair_bit_0707,0.0,0.0
atom_pair_bit_0708,-0.0,0.0
atom_pair_bit_0685,-0.0,0.0
atom_pair_bit_0710,0.0,0.0
atom_pair_bit_0711,0.0,0.0
atom_pair_bit_0683,-0.0,0.0
ecfp6_bit_0189,0.0,0.0
ecfp6_bit_0190,-0.0,0.0
ecfp6_bit_0193,-0.0,0.0
ecfp6_bit_0194,-0.0,0.0
ecfp6_bit_0195,0.0,0.0
ecfp6_bit_0197,-0.0,0.0
ecfp6_bit_0199,-0.0,0.0
ecfp6_bit_0202,-0.0,0.0
ecfp6_bit_0203,-0.0,0.0
ecfp6_bit_0204,-0.0,0.0
atom_pair_bit_0709,-0.0,0.0
atom_pair_bit_0611,-0.0,0.0
atom_pair_bit_0613,-0.0,0.0
atom_pair_bit_0614,0.0,0.0
atom_pair_bit_0615,-0.0,0.0
atom_pair_bit_0616,-0.0,0.0
atom_pair_bit_0618,0.0,0.0
atom_pair_bit_0619,0.0,0.0
atom_pair_bit_0620,0.0,0.0
atom_pair_bit_0621,0.0,0.0
atom_pair_bit_0622,-0.0,0.0
atom_pair_bit_0624,-0.0,0.0
atom_pair_bit_0627,-0.0,0.0
ecfp6_bit_0211,0.0,0.0
atom_pair_bit_0600,0.0,0.0
atom_pair_bit_0602,0.0,0.0
ecfp6_bit_0221,0.0,0.0
ecfp6_bit_0223,-0.0,0.0
ecfp6_bit_0226,0.0,0.0
ecfp6_bit_0228,0.0,0.0
ecfp6_bit_0230,-0.0,0.0
ecfp6_bit_0231,0.0,0.0
ecfp6_bit_0232,-0.0,0.0
ecfp6_bit_0233,-0.0,0.0
ecfp6_bit_0234,0.0,0.0
ecfp6_bit_0236,-0.0,0.0
atom_pair_bit_0628,0.0,0.0
ecfp6_bit_0212,-0.0,0.0
ecfp6_bit_0213,-0.0,0.0
ecfp6_bit_0216,0.0,0.0
ecfp6_bit_0220,-0.0,0.0
atom_pair_bit_0651,-0.0,0.0
atom_pair_bit_0654,-0.0,0.0
atom_pair_bit_0655,-0.0,0.0
atom_pair_bit_0656,-0.0,0.0
atom_pair_bit_0657,-0.0,0.0
atom_pair_bit_0630,0.0,0.0
atom_pair_bit_0631,-0.0,0.0
atom_pair_bit_0632,-0.0,0.0
atom_pair_bit_0608,0.0,0.0
atom_pair_bit_0634,0.0,0.0
atom_pair_bit_0636,-0.0,0.0
atom_pair_bit_0637,0.0,0.0
atom_pair_bit_0638,-0.0,0.0
atom_pair_bit_0639,0.0,0.0
atom_pair_bit_0640,-0.0,0.0
atom_pair_bit_0642,-0.0,0.0
atom_pair_bit_0643,0.0,0.0
atom_pair_bit_0645,-0.0,0.0
atom_pair_bit_0646,0.0,0.0
atom_pair_bit_0647,-0.0,0.0
atom_pair_bit_0649,0.0,0.0
atom_pair_bit_0607,-0.0,0.0
atom_pair_bit_0633,-0.0,0.0
ecfp6_bit_0139,-0.0,0.0
atom_pair_bit_0774,-0.0,0.0
atom_pair_bit_0775,-0.0,0.0
atom_pair_bit_0776,-0.0,0.0
ecfp6_bit_0142,-0.0,0.0
ecfp6_bit_0143,0.0,0.0
ecfp6_bit_0145,0.0,0.0
ecfp6_bit_0147,0.0,0.0
ecfp6_bit_0148,-0.0,0.0
ecfp6_bit_0149,0.0,0.0
ecfp6_bit_0153,0.0,0.0
ecfp6_bit_0154,-0.0,0.0
atom_pair_bit_0691,-0.0,0.0
atom_pair_bit_0781,-0.0,0.0
atom_pair_bit_0782,-0.0,0.0
atom_pair_bit_0783,0.0,0.0
atom_pair_bit_0786,-0.0,0.0
atom_pair_bit_0755,0.0,0.0
atom_pair_bit_0759,-0.0,0.0
atom_pair_bit_0760,0.0,0.0
atom_pair_bit_0761,0.0,0.0
atom_pair_bit_0762,-0.0,0.0
atom_pair_bit_0763,-0.0,0.0
atom_pair_bit_0764,0.0,0.0
atom_pair_bit_0766,-0.0,0.0
ecfp6_bit_0155,-0.0,0.0
atom_pair_bit_0806,-0.0,0.0
atom_pair_bit_0807,0.0,0.0
atom_pair_bit_0811,0.0,0.0
atom_pair_bit_0813,-0.0,0.0
atom_pair_bit_0815,-0.0,0.0
atom_pair_bit_0816,0.0,0.0
atom_pair_bit_0817,-0.0,0.0
atom_pair_bit_0820,0.0,0.0
atom_pair_bit_0821,0.0,0.0
atom_pair_bit_0822,0.0,0.0
atom_pair_bit_0825,0.0,0.0
atom_pair_bit_0826,0.0,0.0
ecfp6_bit_0136,-0.0,0.0
atom_pair_bit_0788,0.0,0.0
atom_pair_bit_0789,0.0,0.0
atom_pair_bit_0790,-0.0,0.0
atom_pair_bit_0791,-0.0,0.0
atom_pair_bit_0792,0.0,0.0
atom_pair_bit_0794,0.0,0.0
atom_pair_bit_0795,0.0,0.0
ecfp6_bit_0127,0.0,0.0
ecfp6_bit_0128,-0.0,0.0
ecfp6_bit_0129,-0.0,0.0
ecfp6_bit_0130,-0.0,0.0
ecfp6_bit_0133,0.0,0.0
ecfp6_bit_0134,0.0,0.0
atom_pair_bit_0827,0.0,0.0
ecfp6_bit_0181,0.0,0.0
ecfp6_bit_0185,0.0,0.0
ecfp6_bit_0187,0.0,0.0
ecfp6_bit_0188,0.0,0.0
atom_pair_bit_0732,-0.0,0.0
atom_pair_bit_0733,-0.0,0.0
atom_pair_bit_0734,-0.0,0.0
atom_pair_bit_0735,-0.0,0.0
atom_pair_bit_0737,-0.0,0.0
atom_pair_bit_0712,-0.0,0.0
atom_pair_bit_0714,0.0,0.0
atom_pair_bit_0715,0.0,0.0
atom_pair_bit_0767,0.0,0.0
atom_pair_bit_0719,-0.0,0.0
atom_pair_bit_0721,0.0,0.0
atom_pair_bit_0722,0.0,0.0
atom_pair_bit_0723,0.0,0.0
atom_pair_bit_0724,-0.0,0.0
atom_pair_bit_0725,-0.0,0.0
atom_pair_bit_0726,0.0,0.0
atom_pair_bit_0727,0.0,0.0
atom_pair_bit_0728,-0.0,0.0
atom_pair_bit_0729,-0.0,0.0
atom_pair_bit_0730,0.0,0.0
atom_pair_bit_0731,0.0,0.0
atom_pair_bit_0716,0.0,0.0
atom_pair_bit_0768,-0.0,0.0
atom_pair_bit_0769,0.0,0.0
atom_pair_bit_0770,-0.0,0.0
atom_pair_bit_0771,0.0,0.0
atom_pair_bit_0772,-0.0,0.0
atom_pair_bit_0773,-0.0,0.0
atom_pair_bit_0739,-0.0,0.0
atom_pair_bit_0742,-0.0,0.0
atom_pair_bit_0743,-0.0,0.0
atom_pair_bit_0746,0.0,0.0
atom_pair_bit_0747,-0.0,0.0
ecfp6_bit_0158,-0.0,0.0
ecfp6_bit_0179,-0.0,0.0
ecfp6_bit_0162,0.0,0.0
ecfp6_bit_0164,0.0,0.0
ecfp6_bit_0166,-0.0,0.0
ecfp6_bit_0167,-0.0,0.0
ecfp6_bit_0168,0.0,0.0
ecfp6_bit_0171,0.0,0.0
ecfp6_bit_0172,-0.0,0.0
atom_pair_bit_0748,-0.0,0.0
atom_pair_bit_0750,0.0,0.0
ecfp6_bit_0175,-0.0,0.0
ecfp6_bit_0176,0.0,0.0
ecfp6_bit_0177,0.0,0.0
ecfp6_bit_0178,0.0,0.0
ecfp6_bit_0159,-0.0,0.0
atom_pair_bit_0463,-0.0,0.0
atom_pair_bit_0464,-0.0,0.0
atom_pair_bit_0465,-0.0,0.0
atom_pair_bit_0467,0.0,0.0
atom_pair_bit_0468,-0.0,0.0
atom_pair_bit_0471,0.0,0.0
atom_pair_bit_0472,-0.0,0.0
atom_pair_bit_0442,0.0,0.0
ecfp6_bit_0301,-0.0,0.0
ecfp6_bit_0302,-0.0,0.0
ecfp6_bit_0303,0.0,0.0
ecfp6_bit_0304,0.0,0.0
atom_pair_bit_0604,0.0,0.0
ecfp6_bit_0306,-0.0,0.0
ecfp6_bit_0307,-0.0,0.0
ecfp6_bit_0309,-0.0,0.0
ecfp6_bit_0312,0.0,0.0
ecfp6_bit_0314,0.0,0.0
atom_pair_bit_0443,-0.0,0.0
atom_pair_bit_0445,0.0,0.0
atom_pair_bit_0446,-0.0,0.0
atom_pair_bit_0448,-0.0,0.0
atom_pair_bit_0451,0.0,0.0
atom_pair_bit_0425,0.0,0.0
atom_pair_bit_0426,0.0,0.0
ecfp6_bit_0305,-0.0,0.0
atom_pair_bit_0498,0.0,0.0
atom_pair_bit_0499,-0.0,0.0
atom_pair_bit_0501,0.0,0.0
atom_pair_bit_0502,-0.0,0.0
atom_pair_bit_0473,-0.0,0.0
atom_pair_bit_0474,-0.0,0.0
ecfp6_bit_0285,0.0,0.0
ecfp6_bit_0291,0.0,0.0
ecfp6_bit_0293,0.0,0.0
ecfp6_bit_0295,-0.0,0.0
ecfp6_bit_0297,0.0,0.0
ecfp6_bit_0298,0.0,0.0
atom_pair_bit_0462,-0.0,0.0
atom_pair_bit_0476,0.0,0.0
atom_pair_bit_0477,0.0,0.0
atom_pair_bit_0478,0.0,0.0
atom_pair_bit_0479,0.0,0.0
atom_pair_bit_0482,0.0,0.0
atom_pair_bit_0453,-0.0,0.0
atom_pair_bit_0454,0.0,0.0
atom_pair_bit_0455,-0.0,0.0
atom_pair_bit_0456,-0.0,0.0
atom_pair_bit_0457,0.0,0.0
atom_pair_bit_0459,0.0,0.0
atom_pair_bit_0460,0.0,0.0
atom_pair_bit_0461,-0.0,0.0
ecfp6_bit_0299,-0.0,0.0
atom_pair_bit_0379,0.0,0.0
atom_pair_bit_0380,0.0,0.0
atom_pair_bit_0382,0.0,0.0
atom_pair_bit_0383,-0.0,0.0
atom_pair_bit_0385,0.0,0.0
atom_pair_bit_0386,-0.0,0.0
atom_pair_bit_0390,0.0,0.0
atom_pair_bit_0391,0.0,0.0
atom_pair_bit_0395,-0.0,0.0
atom_pair_bit_0396,-0.0,0.0
atom_pair_bit_0397,-0.0,0.0
atom_pair_bit_0398,-0.0,0.0
atom_pair_bit_0427,0.0,0.0
atom_pair_bit_0401,-0.0,0.0
atom_pair_bit_0402,-0.0,0.0
atom_pair_bit_0403,0.0,0.0
atom_pair_bit_0374,0.0,0.0
atom_pair_bit_0375,-0.0,0.0
atom_pair_bit_0376,-0.0,0.0
atom_pair_bit_0378,0.0,0.0
ecfp6_bit_0317,-0.0,0.0
ecfp6_bit_0318,-0.0,0.0
ecfp6_bit_0320,-0.0,0.0
ecfp6_bit_0321,-0.0,0.0
ecfp6_bit_0322,0.0,0.0
atom_pair_bit_0399,-0.0,0.0
atom_pair_bit_0428,-0.0,0.0
atom_pair_bit_0429,0.0,0.0
atom_pair_bit_0430,0.0,0.0
atom_pair_bit_0431,-0.0,0.0
atom_pair_bit_0432,-0.0,0.0
atom_pair_bit_0434,-0.0,0.0
atom_pair_bit_0436,-0.0,0.0
atom_pair_bit_0437,-0.0,0.0
atom_pair_bit_0438,0.0,0.0
atom_pair_bit_0439,-0.0,0.0
atom_pair_bit_0440,-0.0,0.0
atom_pair_bit_0441,0.0,0.0
atom_pair_bit_0422,-0.0,0.0
atom_pair_bit_0405,-0.0,0.0
atom_pair_bit_0407,0.0,0.0
atom_pair_bit_0408,0.0,0.0
atom_pair_bit_0409,0.0,0.0
atom_pair_bit_0410,0.0,0.0
atom_pair_bit_0412,0.0,0.0
atom_pair_bit_0413,0.0,0.0
atom_pair_bit_0414,-0.0,0.0
atom_pair_bit_0415,-0.0,0.0
atom_pair_bit_0416,0.0,0.0
atom_pair_bit_0417,0.0,0.0
atom_pair_bit_0419,0.0,0.0
atom_pair_bit_0421,0.0,0.0
atom_pair_bit_0404,-0.0,0.0
ecfp6_bit_0250,-0.0,0.0
ecfp6_bit_0251,-0.0,0.0
ecfp6_bit_0252,0.0,0.0
atom_pair_bit_0571,-0.0,0.0
atom_pair_bit_0574,-0.0,0.0
ecfp6_bit_0253,-0.0,0.0
ecfp6_bit_0254,0.0,0.0
ecfp6_bit_0255,-0.0,0.0
ecfp6_bit_0256,-0.0,0.0
ecfp6_bit_0260,-0.0,0.0
ecfp6_bit_0262,0.0,0.0
ecfp6_bit_0263,0.0,0.0
atom_pair_bit_0497,-0.0,0.0
ecfp6_bit_0266,-0.0,0.0
ecfp6_bit_0268,0.0,0.0
atom_pair_bit_0555,0.0,0.0
atom_pair_bit_0556,-0.0,0.0
atom_pair_bit_0558,-0.0,0.0
atom_pair_bit_0559,0.0,0.0
atom_pair_bit_0562,0.0,0.0
atom_pair_bit_0534,0.0,0.0
atom_pair_bit_0536,0.0,0.0
atom_pair_bit_0538,-0.0,0.0
atom_pair_bit_0540,-0.0,0.0
atom_pair_bit_0541,0.0,0.0
ecfp6_bit_0264,-0.0,0.0
atom_pair_bit_0605,0.0,0.0
atom_pair_bit_0606,0.0,0.0
atom_pair_bit_0575,0.0,0.0
atom_pair_bit_0576,-0.0,0.0
atom_pair_bit_0577,-0.0,0.0
atom_pair_bit_0579,-0.0,0.0
atom_pair_bit_0580,-0.0,0.0
atom_pair_bit_0581,0.0,0.0
atom_pair_bit_0582,-0.0,0.0
atom_pair_bit_0583,0.0,0.0
atom_pair_bit_0587,-0.0,0.0
atom_pair_bit_0588,-0.0,0.0
ecfp6_bit_0249,-0.0,0.0
atom_pair_bit_0592,0.0,0.0
atom_pair_bit_0594,-0.0,0.0
atom_pair_bit_0597,-0.0,0.0
atom_pair_bit_0598,-0.0,0.0
atom_pair_bit_0599,0.0,0.0
atom_pair_bit_0563,0.0,0.0
atom_pair_bit_0566,-0.0,0.0
atom_pair_bit_0570,0.0,0.0
ecfp6_bit_0239,0.0,0.0
ecfp6_bit_0240,0.0,0.0
ecfp6_bit_0241,0.0,0.0
ecfp6_bit_0243,-0.0,0.0
ecfp6_bit_0247,-0.0,0.0
atom_pair_bit_0591,0.0,0.0
atom_pair_bit_0507,0.0,0.0
atom_pair_bit_0509,0.0,0.0
atom_pair_bit_0510,0.0,0.0
atom_pair_bit_0511,0.0,0.0
atom_pair_bit_0512,-0.0,0.0
atom_pair_bit_0514,-0.0,0.0
atom_pair_bit_0515,-0.0,0.0
atom_pair_bit_0518,-0.0,0.0
atom_pair_bit_0519,-0.0,0.0
atom_pair_bit_0520,-0.0,0.0
atom_pair_bit_0521,-0.0,0.0
ecfp6_bit_0269,-0.0,0.0
atom_pair_bit_0543,0.0,0.0
ecfp6_bit_0271,-0.0,0.0
atom_pair_bit_0483,-0.0,0.0
atom_pair_bit_0484,0.0,0.0
atom_pair_bit_0486,0.0,0.0
atom_pair_bit_0487,-0.0,0.0
atom_pair_bit_0489,-0.0,0.0
atom_pair_bit_0490,-0.0,0.0
atom_pair_bit_0492,0.0,0.0
atom_pair_bit_0493,0.0,0.0
atom_pair_bit_0494,0.0,0.0
atom_pair_bit_0495,-0.0,0.0
atom_pair_bit_0496,-0.0,0.0
ecfp6_bit_0270,0.0,0.0
atom_pair_bit_0545,0.0,0.0
atom_pair_bit_0546,0.0,0.0
atom_pair_bit_0547,0.0,0.0
atom_pair_bit_0548,-0.0,0.0
atom_pair_bit_0549,-0.0,0.0
atom_pair_bit_0550,-0.0,0.0
atom_pair_bit_0551,-0.0,0.0
atom_pair_bit_0552,-0.0,0.0
atom_pair_bit_0554,0.0,0.0
ecfp6_bit_0272,-0.0,0.0
ecfp6_bit_0273,-0.0,0.0
ecfp6_bit_0274,-0.0,0.0
atom_pair_bit_0506,-0.0,0.0
ecfp6_bit_0278,0.0,0.0
ecfp6_bit_0279,-0.0,0.0
ecfp6_bit_0280,0.0,0.0
ecfp6_bit_0281,0.0,0.0
ecfp6_bit_0283,-0.0,0.0
atom_pair_bit_0525,-0.0,0.0
atom_pair_bit_0527,0.0,0.0
atom_pair_bit_0528,-0.0,0.0
atom_pair_bit_0529,-0.0,0.0
atom_pair_bit_0530,0.0,0.0
atom_pair_bit_0532,0.0,0.0
atom_pair_bit_0533,-0.0,0.0
atom_pair_bit_0504,0.0,0.0
ecfp6_bit_0276,-0.0,0.0
