model,workflow,train_r2,train_rmse,train_mae,train_spearman,test_r2,test_rmse,test_mae,test_spearman,primary_metric,primary_metric_value
Uni-Mol V1,Uni-Mol,0.029795414353393945,0.7792790369798333,0.6489779946596651,0.08771929824561404,-0.40439974774417253,0.3565096234968938,0.22003162496748557,0.0,rmse,0.3565096234968938
"Ensemble (OOF Stacking (RidgeCV, 5-fold))",ensemble,0.475441582115003,0.5730048033373148,0.4867855423195272,0.4964912280701754,-1.1267428452378745,0.438715901933954,0.3266516607044456,-0.49999999999999994,rmse,0.438715901933954
ChemML MLP (PyTorch),ChemML deep learning,0.5550765739299828,0.5277205040110825,0.448084253750208,0.6951769696111552,-1.1630286589031447,0.4424426888204686,0.3375776795236206,-0.5797509043642028,rmse,0.4424426888204686
