model,workflow,train_r2,train_rmse,train_mae,train_spearman,test_r2,test_rmse,test_mae,test_spearman,primary_metric,primary_metric_value
"Ensemble (OOF Stacking (RidgeCV, 5-fold))",ensemble,0.7634674031372652,0.3847749869277405,0.2986588352019806,0.9315789473684211,0.6401382153885029,0.18046531787620027,0.1623345575845776,0.49999999999999994,rmse,0.18046531787620027
"Chemprop v2 (AttentiveFP, ensemble=1)",Chemprop v2,0.8455157937092194,0.31095917478061497,0.2543948148233591,0.9421052631578948,0.6336367044566048,0.1820882259278235,0.14328323980057728,0.7,rmse,0.1820882259278235
Tabular CNN,Conventional ML,0.4901854016468107,0.564894655332659,0.4712226099239237,0.6951769696111552,0.049486372161150816,0.29329527064495037,0.2508490814443756,0.05270462766947298,rmse,0.29329527064495037
"Chemprop v2 (AttentiveFP, ensemble=1)",Chemprop v2,0.8455157937092194,0.31095917478061497,0.2543948148233591,0.9421052631578948,0.6336367044566048,0.1820882259278235,0.14328323980057728,0.7,rmse,0.1820882259278235
Ensemble (Weighted average (inverse train RMSE)),ensemble,0.835387244459924,0.32099116174176223,0.26999363296530887,0.9526315789473684,0.5369242585294591,0.2047160539126,0.17725894603720582,0.49999999999999994,rmse,0.2047160539126
Tabular CNN,Conventional ML,0.4901854016468107,0.564894655332659,0.4712226099239237,0.6951769696111552,0.049486372161150816,0.29329527064495037,0.2508490814443756,0.05270462766947298,rmse,0.29329527064495037
