model,train_metric,performance_strength,diversity_strength
ChemML MLP (PyTorch),0.025658369408369408,38.973637961335676,0.01643268501889426
Extra trees,0.02367424242424243,42.23999999999999,0.033880687700196824
Uni-Mol V1,0.04973845598845594,20.10516772438805,0.031116684211585262
