model,train_metric,performance_strength,diversity_strength
ChemML MLP (PyTorch),0.0001296427477721629,7713.50512993926,0.02889659846383184
"MapLight + GNN (CatBoost, Strict Parity)",0.09617237225370023,10.397996603037157,0.024420111469713193
Uni-Mol V1,0.07645752693981234,13.079157017296726,0.0154407891692837
XGBoost,0.0011312471242934663,883.9801476839658,0.01308035825234935
