model,train_metric,performance_strength,diversity_strength
ChemML MLP (PyTorch),0.0011596538066864048,862.3263203502089,6.268240983990425e-05
"Chemprop v2 (AttentiveFP + Selected descriptors, ensemble=1)",0.019683626500000016,50.803646370753846,0.000107000433951786
"MapLight + GNN (CatBoost, Strict Parity)",0.006589338917620502,151.76029226936672,0.00014836571562560494
TabPFNRegressor,0.010231083059310905,97.74136268886406,5.276414449200947e-05
