Model,Weight,Abs normalized contribution,Workflow
SVR,0.008590449101802733,0.008502356036957173,Conventional ML
AdaBoost,-0.0038062693512870283,0.0037672369411290733,Conventional ML
Tabular CNN,0.000774106773604899,0.0007661684880279256,Conventional ML
TabPFNRegressor,0.9853271088827853,0.9752228077143301,Conventional ML
"Chemprop v2 (AttentiveFP, ensemble=1)",0.011863083996871637,0.011741430819555745,Chemprop v2
