model,workflow,train_r2,train_rmse,train_mae,train_spearman,test_r2,test_rmse,test_mae,test_spearman,primary_metric,primary_metric_value
TabPFNRegressor,Conventional ML,0.9996277556809849,0.013241966918316904,0.010231083059310905,0.9997570400500526,0.9872072570801558,0.07969104389929785,0.06346587009429934,0.9917156022979664,rmse,0.07969104389929785
"Ensemble (OOF Stacking (RidgeCV, 5-fold))",ensemble,0.9996349566792992,0.013113259709303179,0.010106724179729819,0.999765009032525,0.9870387840843293,0.08021406993115371,0.06390146007560318,0.9917756124398232,rmse,0.08021406993115371
AdaBoost,Conventional ML,0.9658543812514326,0.12682531590961332,0.1058572337983873,0.9852192788346371,0.9486179328904231,0.1597104986333813,0.12913046133132172,0.9773370359211511,rmse,0.1597104986333813
SVR,Conventional ML,0.9864561151981183,0.0798748553940667,0.07275253002017751,0.9948553658077367,0.8968791753276784,0.22625639771015008,0.16386209493456222,0.9614524877595558,rmse,0.22625639771015008
"Chemprop v2 (AttentiveFP, ensemble=1)",Chemprop v2,0.8791271006197791,0.23861785046633846,0.186790166,0.9382115571367494,0.8599298865118581,0.26369410426813356,0.21033449699999998,0.9236581004181104,rmse,0.26369410426813356
Tabular CNN,Conventional ML,0.4902792586427478,0.4900096268398487,0.3822065321445465,0.7173105192312506,0.2581646721782064,0.6068501104977871,0.48716641349792483,0.6062704611514054,rmse,0.6068501104977871
