model,workflow,train_r2,train_rmse,train_mae,train_spearman,test_r2,test_rmse,test_mae,test_spearman,primary_metric,primary_metric_value
"Ensemble (OOF Stacking (RidgeCV, 5-fold))",ensemble,0.2685997284641122,0.4733118225784099,0.4047872072165837,0.6176470588235294,0.4297773603934789,0.49897787107236846,0.41866663201675236,0.6000000000000001,rmse,0.49897787107236846
ChemML MLP (PyTorch),ChemML deep learning,0.4600414562861277,0.4066773665933096,0.325775458973083,0.7638428387783323,0.3751180852332392,0.5223457138794328,0.38712359115870887,0.8944271909999159,rmse,0.5223457138794328
Uni-Mol V1,Uni-Mol,0.13819935986813392,0.5137752747200153,0.4095144569959702,0.5710784313725491,0.08289923962257695,0.6328016230838315,0.44816734092986,0.6000000000000001,rmse,0.6328016230838315
