model,workflow,train_r2,train_rmse,train_mae,train_spearman,test_r2,test_rmse,test_mae,test_spearman,primary_metric,primary_metric_value
ChemML MLP (PyTorch),ChemML deep learning,0.4600414562861277,0.4066773665933096,0.325775458973083,0.7638428387783323,0.3751180852332392,0.5223457138794328,0.38712359115870887,0.8944271909999159,rmse,0.5223457138794328
Ensemble (Weighted average (inverse train RMSE)),ensemble,0.41178389291688877,0.42446144701194705,0.3467284449377796,0.7622549019607844,0.3087355199767102,0.5493905418747469,0.39603874962077845,0.6000000000000001,rmse,0.5493905418747469
Uni-Mol V1,Uni-Mol,0.13819935986813392,0.5137752747200153,0.4095144569959702,0.5710784313725491,0.08289923962257695,0.6328016230838315,0.44816734092986,0.6000000000000001,rmse,0.6328016230838315
