Model,Weight,Abs normalized contribution,Workflow
SVR,0.0006676829277758589,0.0006655077353508863,Conventional ML
AdaBoost,0.0013455048896033883,0.0013411214735807888,Conventional ML
Tabular MLP,-0.00018798853642332247,0.00018737610315088307,Conventional ML
MapLight CatBoost (Strict Parity),0.99999940817779,0.9967415876657525,Conventional ML
TabPFNRegressor,-0.001063115505940404,0.0010596520643887447,Conventional ML
"Chemprop v2 (AttentiveFP, ensemble=1)",7.10867799735837e-07,7.085519186659208e-07,Chemprop v2
"Chemprop v2 (AttentiveFP + Selected descriptors, ensemble=1)",-4.059631415698206e-06,4.046405857373654e-06,Chemprop v2
