model,train_metric,performance_strength,diversity_strength
ChemML MLP (PyTorch),0.0,1000000000000.0,0.022389016128312806
Random forest,-2.220446049250313e-16,1000000000000.0,0.011222309407405422
Uni-Mol V1,0.2308367243015319,4.332066325346672,0.025982821529683616
