model,train_metric,performance_strength,diversity_strength
CatBoost,0.0009879527317373515,1012.1941747571899,0.002422273987132897
ChemML MLP (PyTorch),0.000939993861264532,1063.8367346939312,0.00347139567713495
Uni-Mol V1,0.00954381522406389,104.77989949748692,0.0050530894753542865
