model,train_metric,performance_strength,diversity_strength
ChemML MLP (PyTorch),0.4443319670906801,2.250569560744474,0.03365695949349684
"Chemprop v2 (AttentiveFP, ensemble=1)",0.2891307727553055,3.458642573636777,0.03549427724224411
"MapLight + GNN (CatBoost, Strict Parity)",0.007836078688047698,127.61484918793518,0.08148256379296183
TabPFNClassifier,0.5461435892534947,1.83102030249383,0.04626194665490633
