model,train_metric,performance_strength,diversity_strength
ChemML MLP (PyTorch),0.001117173719406137,895.1159364289165,0.00017174224972920098
"Chemprop v2 (AttentiveFP + Selected descriptors, ensemble=1)",0.023094566750000007,43.30022774729038,0.0003976380459253384
HistGradientBoosting,0.003772673247264362,265.06403668144844,0.00016320913404864208
Uni-Mol V1,0.08796066014766693,11.368718678568536,0.00047579995191958884
