Model,Weight,Abs normalized contribution,Workflow
SVR,0.023811777993060446,0.023331836878432804,conventional
AdaBoost,-0.01933694655879492,0.018947198439707474,conventional
Tabular CNN,-0.0015935942240616896,0.0015614743467310998,conventional
"Chemprop v2 (AttentiveFP, ensemble=1)",0.003803674045023797,0.00372700864181951,Chemprop v2
Uni-Mol V1,0.015264241371831133,0.01495658114502753,Uni-Mol
TabPFNRegressor,0.9567599899661019,0.9374759005482816,conventional
