model,train_metric,performance_strength,diversity_strength
"Chemprop v2 (AttentiveFP + Selected descriptors, ensemble=1)",0.29118822121142923,3.434204844686725,0.08904801844953007
"MapLight + GNN (CatBoost, Strict Parity)",3.7716954678149174e-07,2651327.5224188156,0.06462219430245698
Tabular MLP,0.3093644298583773,3.232433672021654,0.14633324852052806
