model,workflow,train_r2,train_rmse,train_mae,train_spearman,test_r2,test_rmse,test_mae,test_spearman,primary_metric,primary_metric_value
Tabular MLP,Conventional ML,0.575820511572132,0.3750682552874976,0.3093644298583773,0.6926166836914287,-0.4582255877641992,0.4343738162133013,0.38638039369716237,,rmse,0.4343738162133013
AdaBoost,Conventional ML,0.4563308419684867,0.42462232552885687,0.3567181189467636,0.6926166836914287,-0.4998732471653551,0.4405331154492741,0.3928753409376323,,rmse,0.4405331154492741
Random forest,Conventional ML,0.5580866782871894,0.3828282896900831,0.32967234985749727,0.6926166836914287,-0.5451764309842679,0.4471367013806948,0.3996400617949397,,rmse,0.4471367013806948
Ensemble (Weighted average (inverse train RMSE)),ensemble,0.9999999999435776,4.325749819269644e-06,3.69247757489137e-06,1.0,-1.720470479701809,0.5932985540304678,0.49497746417427757,-0.09999999999999999,rmse,0.5932985540304678
CFA (Combinatorial Fusion),CFA fusion,0.9999999999979496,8.246180805106613e-07,6.415762813412329e-07,1.0,-1.7204853628138133,0.5933001769329806,0.49497734445142133,-0.09999999999999999,rmse,0.5933001769329806
HistGradientBoosting,Conventional ML,0.0,0.5758846149080538,0.4981979012993295,,-1.7987728049098002,0.6017763332119777,0.5297445100898127,,rmse,0.6017763332119777
"Chemprop v2 (AttentiveFP + Selected descriptors, ensemble=1)",Chemprop v2,0.6326613298687573,0.3490348571763742,0.29118822121142923,0.7684210526315788,-2.266789699372224,0.650147459460497,0.6178268905650517,-0.09999999999999999,rmse,0.650147459460497
"Chemprop v2 (AttentiveFP, ensemble=1)",Chemprop v2,0.8051605182469614,0.2541990710481589,0.2106996385398962,0.8511278195488721,-3.850325466071796,0.7922034362124833,0.626076685560046,-0.09999999999999999,rmse,0.7922034362124833
