model,workflow,train_r2,train_rmse,train_mae,train_spearman,test_r2,test_rmse,test_mae,test_spearman,primary_metric,primary_metric_value
ChemML MLP (PyTorch),ChemML deep learning,0.5773599192250431,0.374387048673037,0.31029962933687816,0.6926166836914287,-0.5427392471656596,0.4467839311843589,0.39928346414699145,,rmse,0.4467839311843589
"Ensemble (OOF Stacking (RidgeCV, 5-fold))",ensemble,0.9374035113100228,0.1440822435720354,0.1248613030399357,0.9353383458646616,-1.5618193266885525,0.5757388419389835,0.5169216644823236,-0.3,rmse,0.5757388419389835
Uni-Mol V1,Uni-Mol,0.8898650867264694,0.191116411960175,0.15031082254498182,0.9413533834586465,-2.503113668676391,0.673253152710138,0.5679991855157811,-0.3,rmse,0.673253152710138
ChemML MLP (PyTorch),ChemML deep learning,0.5773599192250431,0.374387048673037,0.31029962933687816,0.6926166836914287,-0.5427392471656596,0.4467839311843589,0.39928346414699145,,rmse,0.4467839311843589
Ensemble (Weighted average (inverse train RMSE)),ensemble,0.9301132477081175,0.15224144789880864,0.12482423422057169,0.9443609022556391,-1.339142014563813,0.5501480473628222,0.5109803597190818,-0.3,rmse,0.5501480473628222
Uni-Mol V1,Uni-Mol,0.8898650867264694,0.191116411960175,0.15031082254498182,0.9413533834586465,-2.503113668676391,0.673253152710138,0.5679991855157811,-0.3,rmse,0.673253152710138
