model,train_metric,performance_strength,diversity_strength
ChemML MLP (PyTorch),0.00031928445197570987,3132.0034339663894,0.028245818366710265
HistGradientBoosting,0.00016177406259088034,6181.460637042645,0.013832724771754125
"MapLight + GNN (CatBoost, Strict Parity)",0.05142346997018543,19.446373427926687,0.029019495547555934
Uni-Mol V1,0.061943942740500635,16.14362850923554,0.020328198543247546
