model,train_metric,performance_strength,diversity_strength
CatBoost,0.0009879527317373515,1012.1941747571899,0.0027141691986543085
ChemML MLP (PyTorch),0.000939993861264643,1063.8367346938057,0.0032459842880052762
"Chemprop v2 (AttentiveFP + Selected descriptors, ensemble=1)",0.003146101903008014,317.853658536582,0.004056597851478844
"MapLight + GNN (CatBoost, Strict Parity)",0.08333333333333326,12.00000000000001,0.007649409996326348
