model,train_metric,performance_strength,diversity_strength
ChemML MLP (PyTorch),0.0005443933676262713,1836.9070225089604,0.00010941107493155587
"Chemprop v2 (AttentiveFP, ensemble=1)",0.003193584437496233,313.1277783855933,0.0002925452923845643
"MapLight + GNN (CatBoost, Strict Parity)",0.0003079453243845254,3247.3297069817477,0.00016202065337809666
TabPFNRegressor,0.0008380372831943472,1193.2643332863418,9.431192164967564e-05
