model,workflow,train_r2,train_rmse,train_mae,train_spearman,test_r2,test_rmse,test_mae,test_spearman,primary_metric,primary_metric_value
TabPFNRegressor,Conventional ML,0.998800606969471,0.0010643118516500795,0.0008380372831943472,0.9991353382648064,0.9740367512677125,0.005034827104495882,0.0037682051362915516,0.9886468646864686,rmse,0.005034827104495882
Ensemble (Weighted average (inverse train RMSE)),ensemble,0.9967032332623325,0.0017645430064827097,0.0013933422487711522,0.998078581561006,0.9684607932642901,0.005549200637158968,0.00392655996170983,0.9889468946894688,rmse,0.005549200637158968
"Chemprop v2 (AttentiveFP, ensemble=1)",Chemprop v2,0.9817837251014656,0.004147801110839045,0.003193584437496233,0.9901658438645763,0.9560349988034518,0.006551769186511153,0.00457881499581021,0.9832703270327032,rmse,0.006551769186511153
Random forest,Conventional ML,0.9868625843892149,0.003522435971026314,0.0026649578967814303,0.9942223383479633,0.8857308925965474,0.010562566641100201,0.007945456174245443,0.9574677467746774,rmse,0.010562566641100201
AdaBoost,Conventional ML,0.9206968886331621,0.008654326010919968,0.0069466829688725,0.9633865534908189,0.8467514214854076,0.012232163346285161,0.009134931488030297,0.9516582958330951,rmse,0.012232163346285161
