model,workflow,train_r2,train_rmse,train_mae,train_spearman,test_r2,test_rmse,test_mae,test_spearman,primary_metric,primary_metric_value
"Ensemble (OOF Stacking (RidgeCV, 5-fold))",ensemble,0.9999999999809817,3.442271438286019e-06,1.4626544418102611e-06,0.9999874089509763,0.4433712412106732,0.4383931726652041,0.3287465121333464,0.7107142857142856,rmse,0.4383931726652041
"MapLight + GNN (CatBoost, Strict Parity)",MapLight + GNN,0.9999999999835247,3.2038746065937146e-06,6.270958243797151e-07,0.9999874089509763,0.4433706613986824,0.43839340099112867,0.3287467745853267,0.7107142857142856,rmse,0.43839340099112867
"Chemprop v2 (AttentiveFP, ensemble=1)",Chemprop v2,0.5014254175751865,0.5573446917354586,0.4085817920062701,0.7388977726879764,0.24055580002630095,0.5120694851163811,0.4016331320256186,0.532142857142857,rmse,0.5120694851163811
HistGradientBoosting,Conventional ML,0.1038121351747513,0.7472369369457377,0.5366822461861795,0.412537733112102,0.14623688536946522,0.5429372708581276,0.45324395034881254,0.5354496700964051,rmse,0.5429372708581276
AdaBoost,Conventional ML,0.689456152573872,0.43986587117432724,0.3480225474669012,0.7913338505248282,0.14469118288448157,0.5434285312410563,0.4709561981289049,0.3374244502373405,rmse,0.5434285312410563
