model,workflow,train_r2,train_rmse,train_mae,train_spearman,test_r2,test_rmse,test_mae,test_spearman,primary_metric,primary_metric_value
Uni-Mol V1,Uni-Mol,0.526402058576909,0.543204932785325,0.3899953581554042,0.8203978846638125,0.010514967256969432,0.584501427645103,0.5182167257384953,0.35357142857142854,rmse,0.584501427645103
"Ensemble (OOF Stacking (RidgeCV, 5-fold))",ensemble,0.7968984737126156,0.35572582530111857,0.26335807718334436,0.8819581723417286,-0.10855418986397414,0.618670524760929,0.5524131716652367,0.475,rmse,0.618670524760929
ChemML MLP (PyTorch),ChemML deep learning,0.7264435186255054,0.41284051065249655,0.30162896959093594,0.8063419061765683,-0.6676155215335176,0.7588028020765697,0.592941141618954,0.3757307061198878,rmse,0.7588028020765697
Uni-Mol V1,Uni-Mol,0.526402058576909,0.543204932785325,0.3899953581554042,0.8203978846638125,0.010514967256969432,0.584501427645103,0.5182167257384953,0.35357142857142854,rmse,0.584501427645103
Ensemble (Weighted average (inverse train RMSE)),ensemble,0.7479532439135774,0.3962774486722197,0.29284717450821246,0.8837572399899268,-0.060228786459346706,0.6050353608698734,0.5185593194647783,0.4428571428571427,rmse,0.6050353608698734
ChemML MLP (PyTorch),ChemML deep learning,0.7264435186255054,0.41284051065249655,0.30162896959093594,0.8063419061765683,-0.6676155215335176,0.7588028020765697,0.592941141618954,0.3757307061198878,rmse,0.7588028020765697
