model,train_metric,performance_strength,diversity_strength
"Chemprop v2 (AttentiveFP + Selected descriptors, ensemble=1)",0.31502079111988895,3.1743936533364403,0.010270360958820415
HistGradientBoosting,0.261443585046843,3.8249169503272737,0.020990919426229843
"MapLight + GNN (CatBoost, Strict Parity)",0.5606303510698823,1.7837064976800558,0.0182550158199251
