model,workflow,train_r2,train_rmse,train_mae,train_spearman,test_r2,test_rmse,test_mae,test_spearman,primary_metric,primary_metric_value
Ensemble (Weighted average (inverse train RMSE)),ensemble,0.9705095867572492,0.24594594753360002,0.17891850449760155,0.979737437070017,0.8697589234789773,0.581993432127635,0.5112320352404173,0.8926657155643604,rmse,0.581993432127635
ChemML MLP (PyTorch),ChemML deep learning,0.9799387471085865,0.20285152091430905,0.13453254705719633,0.9840323175467179,0.8501614726017186,0.6242461076186353,0.46890667501615535,0.8710326003537109,rmse,0.6242461076186353
Uni-Mol V1,Uni-Mol,0.5507417899710453,0.9599469943261101,0.7210236054194604,0.735014663693548,0.49672545752034525,1.144054138137967,0.9589832351103886,0.8555579352713417,rmse,1.144054138137967
