model,train_metric,performance_strength,diversity_strength
"Chemprop v2 (AttentiveFP + Selected descriptors, ensemble=1)",0.1229560211622568,8.132989263538116,0.0071133052917928975
"MapLight + GNN (CatBoost, Strict Parity)",0.10550701135245341,9.47804309098882,0.004396295267908142
SVR,0.07122449233041608,14.040114113568132,0.007724440804621093
