model,workflow,train_r2,train_rmse,train_mae,train_spearman,test_r2,test_rmse,test_mae,test_spearman,primary_metric,primary_metric_value
ChemML MLP (PyTorch),ChemML deep learning,0.9180748288609488,0.08456957259913273,0.06433541298062985,0.9114568138479596,-0.420297616795265,0.4035701301541611,0.22096956291501163,0.2886095449264386,rmse,0.4035701301541611
"Ensemble (OOF Stacking (RidgeCV, 5-fold))",ensemble,0.9129300397413372,0.08718457005938651,0.06698739074104729,0.9073572951967153,-0.42330146422913684,0.403996668506342,0.22024209966641226,0.24428873411315405,rmse,0.403996668506342
Uni-Mol V1,Uni-Mol,0.7508258055051948,0.14748810261241846,0.11690861404226388,0.8390283687879757,-0.48208524498020733,0.41225499609437866,0.22671127279112463,-0.10304337433172579,rmse,0.41225499609437866
Ensemble (Weighted average (inverse train RMSE)),ensemble,0.8962468522356246,0.09517132110028247,0.07396902900784412,0.9007061659274024,-0.41920676487312436,0.4034151204542415,0.21485453301847948,0.15358236870405043,rmse,0.4034151204542415
ChemML MLP (PyTorch),ChemML deep learning,0.9180748288609488,0.08456957259913273,0.06433541298062985,0.9114568138479596,-0.420297616795265,0.4035701301541611,0.22096956291501163,0.2886095449264386,rmse,0.4035701301541611
Uni-Mol V1,Uni-Mol,0.7508258055051948,0.14748810261241846,0.11690861404226388,0.8390283687879757,-0.48208524498020733,0.41225499609437866,0.22671127279112463,-0.10304337433172579,rmse,0.41225499609437866
