model,train_metric,performance_strength,diversity_strength
"Chemprop v2 (AttentiveFP, ensemble=1)",0.39263194516438604,2.546914514511352,0.10592614833085476
ElasticNetCV,1.0972468761069527,0.9113719271163605,0.21363363406153435
"MapLight + GNN (CatBoost, Strict Parity)",4.882182022972029e-07,2048264.4753815422,0.11161752814619487
