model,workflow,train_r2,train_rmse,train_mae,train_spearman,test_r2,test_rmse,test_mae,test_spearman,primary_metric,primary_metric_value
Extra trees,conventional,0.2966451416657746,1.2862598927450524,1.0910155496821101,0.575649675601062,0.7825890492359852,0.5425393415582147,0.4471837070810352,0.8944271909999159,rmse,0.5425393415582147
Tabular MLP,conventional,0.22922500077070784,1.3464966954360427,1.1257834406483669,0.575649675601062,0.7187429679033505,0.6170810689636389,0.5674944594665086,0.8944271909999159,rmse,0.6170810689636389
Ensemble (Weighted average (inverse train RMSE)),ensemble,0.9999999999965135,2.8637877529127327e-06,2.520807755214976e-06,1.0,0.5247464166980871,0.8021456420215767,0.5730235577398755,0.7999999999999999,rmse,0.8021456420215767
MapLight CatBoost (Strict Parity),conventional,0.9999999999998428,6.081045713024867e-07,4.951046512899512e-07,1.0,0.5247460524286889,0.8021459494333086,0.5730237615389653,0.7999999999999999,rmse,0.8021459494333086
"Chemprop v2 (AttentiveFP, ensemble=1)",Chemprop v2,0.8841621176450676,0.521995533492562,0.39263194516438604,0.9558823529411765,0.43894286337670363,0.8715535452473891,0.6265126839537306,0.7999999999999999,rmse,0.8715535452473891
Tabular CNN,conventional,0.08844723115813824,1.4643078461608559,1.2899524324030003,0.575649675601062,0.29336802396679174,0.9781088114178735,0.816418369434355,0.8944271909999159,rmse,0.9781088114178735
"Chemprop v2 (AttentiveFP + Selected descriptors, ensemble=1)",Chemprop v2,0.4613077032666508,1.1256720031034502,0.999124745447652,0.8406862745098039,0.0046462424297998295,1.1608584272810565,0.9238855339537307,0.7999999999999999,rmse,1.1608584272810565
