model,workflow,train_r2,train_rmse,train_mae,train_spearman,test_r2,test_rmse,test_mae,test_spearman,primary_metric,primary_metric_value
ChemML MLP (PyTorch),ChemML deep learning,0.2966435953871652,1.2862613066224442,1.0911546748459935,0.575649675601062,0.7819736042203083,0.5433067066880584,0.4471837070810352,0.8944271909999159,rmse,0.5433067066880584
Ensemble (Weighted average (inverse train RMSE)),ensemble,0.16458493518897,1.4018212316564393,1.2775610388234822,0.11519607843137256,0.3196275113140705,0.9597627727102368,0.7739865315911445,0.7999999999999999,rmse,0.9597627727102368
Uni-Mol V1,Uni-Mol,-0.21315776334162062,1.6892740981910555,1.5594442986919157,-0.37500000000000006,-1.1399378676351257,1.7021236668490427,1.3607389400674026,-0.7999999999999999,rmse,1.7021236668490427
