model,train_metric,performance_strength,diversity_strength
"Chemprop v2 (AttentiveFP, ensemble=1)",0.37972076915985437,2.6335141009340504,0.0044488552148406815
"MapLight + GNN (CatBoost, Strict Parity)",2.6497087544348646e-07,3773999.683271915,0.0022292877112767193
MapLight CatBoost (Strict Parity),0.0010717557316522743,933.0484274232414,0.0022221065243047235
