model,workflow,train_r2,train_rmse,train_mae,train_spearman,test_r2,test_rmse,test_mae,test_spearman,primary_metric,primary_metric_value
Ensemble (Weighted average (inverse train RMSE)),ensemble,0.8288696936631086,0.34822982398689756,0.2601135055698805,0.9309936114439353,-0.05411877399562792,0.596332324457191,0.4557732044319997,0.07692307692307693,rmse,0.596332324457191
Uni-Mol V1,Uni-Mol,0.6902455810900847,0.46850179026801825,0.34691392262354753,0.8889017378176042,-0.29957819691915666,0.6621323170810542,0.5393184578615325,-0.25874125874125875,rmse,0.6621323170810542
ChemML MLP (PyTorch),ChemML deep learning,0.7685792190078587,0.4049521199733988,0.3198600137102335,0.8319405165014276,-0.3203141576168511,0.6673938757490968,0.5371653848012693,0.17583760347716312,rmse,0.6673938757490968
