model,workflow,train_r2,train_rmse,train_mae,train_spearman,test_r2,test_rmse,test_mae,test_spearman,primary_metric,primary_metric_value
"Ensemble (OOF Stacking (RidgeCV, 5-fold))",ensemble,0.8656548910535855,0.308541388333558,0.2619821821748233,0.9384521989409088,-0.1694301458034133,0.6281027855920019,0.4834558131660958,0.034965034965034975,rmse,0.6281027855920019
Uni-Mol V1,Uni-Mol,0.6902455810900847,0.46850179026801825,0.34691392262354753,0.8889017378176042,-0.29957819691915666,0.6621323170810542,0.5393184578615325,-0.25874125874125875,rmse,0.6621323170810542
ChemML MLP (PyTorch),ChemML deep learning,0.7685792190078587,0.4049521199733988,0.3198600137102335,0.8319405165014276,-0.3203141576168511,0.6673938757490968,0.5371653848012693,0.17583760347716312,rmse,0.6673938757490968
