model,workflow,train_r2,train_rmse,train_mae,train_spearman,test_r2,test_rmse,test_mae,test_spearman,primary_metric,primary_metric_value
"Chemprop v2 (AttentiveFP, ensemble=1)",Chemprop v2,0.5651509469474438,0.5551006856694787,0.37972076915985437,0.747882397467849,0.09041880278973347,0.5539420246520724,0.4229474972338059,0.3706293706293707,rmse,0.5539420246520724
"Chemprop v2 (AttentiveFP + Selected descriptors, ensemble=1)",Chemprop v2,0.42983252546647455,0.6356290230338877,0.5177377118948483,0.8260530199167497,0.001964142944099967,0.5802520044185403,0.45238063245901544,0.4125874125874127,rmse,0.5802520044185403
"Ensemble (OOF Stacking (RidgeCV, 5-fold))",ensemble,0.6491029533227379,0.49864601876188874,0.3864237616856525,0.7970281290370543,-0.020321085938064698,0.58669448784491,0.458490558118869,0.44755244755244755,rmse,0.58669448784491
