model,train_metric,performance_strength,diversity_strength
AdaBoost,0.06477116972553743,15.438967741935476,0.03202197752728939
ChemML MLP (PyTorch),3.343028114866087e-05,29913.000000003216,0.034800079283315105
Uni-Mol V1,0.03406545649048898,29.35525024533866,0.032073960521613
