model,train_metric,performance_strength,diversity_strength
"Chemprop v2 (AttentiveFP + Selected descriptors, ensemble=1)",0.5149633355636776,1.9418858216486472,0.023302817830633395
"MapLight + GNN (CatBoost, Strict Parity)",0.044640338833487565,22.401263658192402,0.023188740200172506
MapLight CatBoost (Strict Parity),0.11355596925013557,8.806230148916686,0.009920786479595128
