model,workflow,train_r2,train_rmse,train_mae,train_spearman,test_r2,test_rmse,test_mae,test_spearman,primary_metric,primary_metric_value
Uni-Mol V1,Uni-Mol,0.733526381286419,0.47943947020370997,0.37026223116059487,0.8294335209442397,0.20373860533003552,0.7671862729038061,0.6020370389216414,0.5084293814825699,rmse,0.7671862729038061
"Ensemble (OOF Stacking (RidgeCV, 5-fold))",ensemble,0.9452748787507409,0.21727013848206256,0.13612064636464927,0.962651755008523,-0.21903996652535174,0.9492529719808773,0.6952107559908138,0.39380285369118756,rmse,0.9492529719808773
ChemML MLP (PyTorch),ChemML deep learning,0.94399721629714,0.2197917982900855,0.13800623330035627,0.9620441428692321,-0.30044056095709704,0.9804337363742667,0.7198778141460341,0.37636725764848017,rmse,0.9804337363742667
Uni-Mol V1,Uni-Mol,0.733526381286419,0.47943947020370997,0.37026223116059487,0.8294335209442397,0.20373860533003552,0.7671862729038061,0.6020370389216414,0.5084293814825699,rmse,0.7671862729038061
Ensemble (Weighted average (inverse train RMSE)),ensemble,0.9323535415990083,0.24156232838324537,0.17568220400582354,0.9578101903209157,-0.015928450555298568,0.8665718052202439,0.6466096818481339,0.44467300094687695,rmse,0.8665718052202439
ChemML MLP (PyTorch),ChemML deep learning,0.94399721629714,0.2197917982900855,0.13800623330035627,0.9620441428692321,-0.30044056095709704,0.9804337363742667,0.7198778141460341,0.37636725764848017,rmse,0.9804337363742667
