model,train_metric,performance_strength,diversity_strength
CatBoost,0.001979876663420921,505.0819672131266,0.010553164468736114
ChemML MLP (PyTorch),0.024688953802877833,40.503943908851916,0.009299633007608365
Uni-Mol V1,0.06220923942442924,16.074782608695667,0.015893946442524585
