model,train_metric,performance_strength,diversity_strength
ChemML MLP (PyTorch),0.4443319670906801,2.250569560744474,0.014769111331800422
TabPFNClassifier,0.5275363849931878,1.8956038454350657,0.025431804392210634
Uni-Mol V1,0.14157146324984915,7.063570419097618,0.019373201550688543
