model,train_metric,performance_strength,diversity_strength
ChemML MLP (PyTorch),1.6447554322729374e-05,60799.31279619303,0.04827357556101752
"MapLight + GNN (CatBoost, Strict Parity)",0.03238731963717156,30.876281557189447,0.031879572801629216
Uni-Mol V1,0.02842262107757998,35.18324356048954,0.035242342297383024
XGBoost,0.01881719089023748,53.14289501727958,0.03383414410845848
