Model,Weight,Abs normalized contribution,Workflow
ChemML MLP (PyTorch),0.949556279218541,0.9438086080482934,ChemML deep learning
Uni-Mol V1,0.056533590190610994,0.056191391951706623,Uni-Mol
