model,workflow,train_r2,train_rmse,train_mae,train_spearman,test_r2,test_rmse,test_mae,test_spearman,primary_metric,primary_metric_value
Uni-Mol V1,Uni-Mol,0.8638835245632396,0.24294653770094235,0.1770662333581824,0.9327049694359876,0.4912915575941804,0.47350497559347116,0.3754701826400105,0.6986290888957573,rmse,0.47350497559347116
"Ensemble (OOF Stacking (RidgeCV, 5-fold))",ensemble,0.9871222416979297,0.07472664798194116,0.041332252718002505,0.9923533042175755,0.46544450512463276,0.48538513677174433,0.3792386951662392,0.6848124825666173,rmse,0.48538513677174433
ChemML MLP (PyTorch),ChemML deep learning,0.9867889758519318,0.07568740403789401,0.041671176646247025,0.9921540340404911,0.4508195483824423,0.491980182548914,0.38537299225002963,0.6757159182002063,rmse,0.491980182548914
