model,train_metric,performance_strength,diversity_strength
ChemML MLP (PyTorch),0.03552637027268897,28.148104980168878,0.0068023945649997655
"Chemprop v2 (AttentiveFP + Selected descriptors, ensemble=1)",0.2178241381674834,4.590859435564975,0.01275375450912671
Random forest,0.15326311897405498,6.524726931658517,0.006806855890085068
Uni-Mol V1,0.2637341861935379,3.7916965351854803,0.019450731149145296
