model,train_metric,performance_strength,diversity_strength
ChemML MLP (PyTorch),1.1639517746658554,0.8591421240687379,0.03944050702349395
"Chemprop v2 (AttentiveFP, ensemble=1)",26.947494427775254,0.03710920147623382,0.10218161470798313
"MapLight + GNN (CatBoost, Strict Parity)",6.879044777601607,0.14536902031166196,0.04373389184942081
"Voting Regressor (KNN, SVM)",9.399823876700497,0.10638497200769016,0.030591259115273637
