model,workflow,train_r2,train_rmse,train_mae,train_spearman,test_r2,test_rmse,test_mae,test_spearman,primary_metric,primary_metric_value
Uni-Mol V1,Uni-Mol,0.9294980035649678,0.17329260533581364,0.11382838815960952,0.9725201207432783,0.5404105445658915,0.4400313907363977,0.3304002644655272,0.712478589870283,rmse,0.4400313907363977
"Ensemble (OOF Stacking (RidgeCV, 5-fold))",ensemble,0.967118765676884,0.11834594435240055,0.050521929202320105,0.9887224467150193,0.31882704582615373,0.5357070097141275,0.40802198102820136,0.5914231034273819,rmse,0.5357070097141275
ChemML MLP (PyTorch),ChemML deep learning,0.966200768947765,0.11998659622365446,0.05349365828707954,0.9886074464998463,0.28398373420265843,0.5492373654389031,0.4197792275602825,0.5642857472490542,rmse,0.5492373654389031
