model,train_metric,performance_strength,diversity_strength
ChemML MLP (PyTorch),0.00010734104834386748,9316.100554528739,0.04209078356182347
"Chemprop v2 (AttentiveFP + Selected descriptors, ensemble=1)",0.035846394285218075,27.896808589542534,0.025460935560904247
"MapLight + GNN (CatBoost, Strict Parity)",0.015183103590421299,65.86268703526986,0.03236286261537006
SVC,0.000500118015629436,1999.5280488774736,0.018711482182874672
