model,train_metric,performance_strength,diversity_strength
CatBoost,0.2827268263243855,3.5369830765639976,0.00556234494222881
"Chemprop v2 (AttentiveFP + Selected descriptors, ensemble=1)",0.13686010105689211,7.306731416077975,0.0022261788845113484
"MapLight + GNN (CatBoost, Strict Parity)",0.2303443902966859,4.341325606896655,0.004058789087271281
