model,workflow,train_r2,train_rmse,train_mae,train_spearman,test_r2,test_rmse,test_mae,test_spearman,primary_metric,primary_metric_value
Ensemble (Weighted average (inverse train RMSE)),ensemble,0.9811153079626729,0.1206011183328528,0.07716225039756322,0.9886031846399005,0.49050705958020935,0.6306918284699145,0.4832990925458832,0.5887661769657161,rmse,0.6306918284699145
Uni-Mol V1,Uni-Mol,0.8513813070351912,0.3383242286487766,0.21450282338082355,0.9237451265749025,0.4416823501427688,0.6602201841012867,0.4894334371663771,0.5973226015242198,rmse,0.6602201841012867
ChemML MLP (PyTorch),ChemML deep learning,0.9860364578635685,0.10370368324373891,0.06854334604802628,0.9919022621633049,0.422680711590107,0.6713610672340841,0.5195791382657162,0.5388148523365711,rmse,0.6713610672340841
