model,workflow,train_r2,train_rmse,train_mae,train_spearman,test_r2,test_rmse,test_mae,test_spearman,primary_metric,primary_metric_value
Uni-Mol V1,Uni-Mol,0.8513813070351912,0.3383242286487766,0.21450282338082355,0.9237451265749025,0.4416823501427688,0.6602201841012867,0.4894334371663771,0.5973226015242198,rmse,0.6602201841012867
"Ensemble (OOF Stacking (RidgeCV, 5-fold))",ensemble,0.9870288465510167,0.09995066319226349,0.0634912426420953,0.9918804364037328,0.4367863967651803,0.6631086399849496,0.5127593988549066,0.5429738079369204,rmse,0.6631086399849496
ChemML MLP (PyTorch),ChemML deep learning,0.9860364578635685,0.10370368324373891,0.06854334604802628,0.9919022621633049,0.422680711590107,0.6713610672340841,0.5195791382657162,0.5388148523365711,rmse,0.6713610672340841
