Model,Weight,Abs normalized contribution,Workflow
ChemML MLP (PyTorch),0.9554803164573968,0.9800942657021294,ChemML deep learning
Uni-Mol V1,0.019405824492423562,0.01990573429787061,Uni-Mol
