model,train_metric,performance_strength,diversity_strength
AdaBoost,0.015160349854227428,65.96153846153837,0.0803147748282932
ChemML MLP (PyTorch),5.8309037900938776e-05,17149.999999981133,0.029425466339171303
"Chemprop v2 (AttentiveFP + Selected descriptors, ensemble=1)",0.0005247813411078939,1905.5555555554752,0.026460837124259413
"MapLight + GNN (CatBoost, Strict Parity)",0.0028571428571427804,350.0000000000094,0.035764095761807425
