model,train_metric,performance_strength,diversity_strength
ChemML MLP (PyTorch),0.03023634034803018,33.072785545131204,0.004629299707275957
"Chemprop v2 (AttentiveFP + Selected descriptors, ensemble=1)",0.14878139173966434,6.72127063947477,0.0036488702158529195
HistGradientBoosting,0.08287501436276425,12.066362916364092,0.002196817109139942
"MapLight + GNN (CatBoost, Strict Parity)",0.175012283005031,5.713884664719524,0.004106891757368326
