model,train_metric,performance_strength,diversity_strength
ChemML MLP (PyTorch),0.06199723126567919,16.12975256450825,0.0011696474168503502
"Chemprop v2 (AttentiveFP, ensemble=1)",0.407014661619222,2.456913950032441,0.0009058213616089888
TabPFNRegressor,0.07938460789003689,12.596900414060045,0.00047611142660461734
Uni-Mol V1,0.26307041710769025,3.801263597003539,0.0005924196576150572
