model,train_metric,performance_strength,diversity_strength
ChemML MLP (PyTorch),0.0830486228833352,12.04113885674874,0.0006355948077751963
"Chemprop v2 (AttentiveFP, ensemble=1)",0.3282463405676637,3.0464924552414407,0.0011425919465611557
"MapLight + GNN (CatBoost, Strict Parity)",0.2380996148508021,4.199922795451053,0.0003780017684737004
XGBoost,0.1313705598401291,7.612055556564166,0.0005587790080853373
