model,train_metric,performance_strength,diversity_strength
ChemML MLP (PyTorch),2.610674540981517e-05,38304.27670329359,0.041369602123727305
"MapLight + GNN (CatBoost, Strict Parity)",0.042011305322851134,23.803116620993727,0.034907690418050384
Uni-Mol V1,0.017555824123313135,56.96115391541528,0.021162586113862472
XGBoost,0.00043665726356323376,2290.1256510420712,0.016345920653857426
