model,train_metric,performance_strength,diversity_strength
ChemML MLP (PyTorch),0.07526647119184524,13.28612839375875,0.0013243824404185391
"Chemprop v2 (AttentiveFP + Selected descriptors, ensemble=1)",0.11748977529142092,8.511378947824236,0.0006716117884259073
HistGradientBoosting,0.1428785257878412,6.9989523932021065,0.0005181354251603466
Uni-Mol V1,0.1722983014434665,5.803887743653202,0.0009629798884988348
