model,train_metric,performance_strength,diversity_strength
ChemML MLP (PyTorch),0.00040042788651062367,2497.328566983981,0.03726862380495061
"Chemprop v2 (AttentiveFP + Selected descriptors, ensemble=1)",0.09368666722074659,10.67387740075947,0.024915787671823158
"MapLight + GNN (CatBoost, Strict Parity)",0.042011305322851134,23.803116620993727,0.03995394468237193
XGBoost,0.00048736393042503323,2051.8547589845098,0.017660722390363315
