model,train_metric,performance_strength,diversity_strength
ChemML MLP (PyTorch),0.08578429261653663,11.657145725617724,0.0033778153308631938
"Chemprop v2 (AttentiveFP, ensemble=1)",0.33024350970035554,3.028068593709363,0.0014899024026157226
Uni-Mol V1,0.16171573015726093,6.18369034989699,0.0014591596906985487
XGBoost,0.1613377855182481,6.198176061409341,0.0016106743111411307
