model,train_metric,performance_strength,diversity_strength
ChemML MLP (PyTorch),0.00045452029871284605,2200.1217609684218,0.05301238732904223
"MapLight + GNN (CatBoost, Strict Parity)",0.03318051793972476,30.13816727685159,0.026418930114131076
Uni-Mol V1,0.002751247807904922,363.47143907821993,0.02375027780352011
XGBoost,0.018214104120619745,54.902508153992834,0.029505058478134467
