dataset,model,workflow,split,row_index,smiles,observed,predicted,oof_signature
tdc_skin_reaction,"Chemprop v2 (D-MPNN, ensemble=3)",Chemprop v2,train,0,CC(=O)OCC(=O)C1(O)C(C)CC2C3CCC4=CC(=O)C=CC4(C)C3=CCC21C,0.0,0.6153916,
tdc_skin_reaction,"Chemprop v2 (D-MPNN, ensemble=3)",Chemprop v2,train,1,CCCOc1ccc(Br)c(C(=O)c2ccc(OC)cc2O)c1,0.0,0.472994,
tdc_skin_reaction,"Chemprop v2 (D-MPNN, ensemble=3)",Chemprop v2,train,2,CC=C(C)C=O,0.0,0.7097222,
tdc_skin_reaction,"Chemprop v2 (D-MPNN, ensemble=3)",Chemprop v2,train,3,O=C1C([PH](c2ccccc2)(c2ccccc2)c2ccccc2)CCN1c1ccccc1,0.0,0.37944803,
tdc_skin_reaction,"Chemprop v2 (D-MPNN, ensemble=3)",Chemprop v2,train,4,C=C(C=CCC(C)C)CC,0.0,0.8104728,
tdc_skin_reaction,"Chemprop v2 (D-MPNN, ensemble=3)",Chemprop v2,train,5,C=CC1(C)CC(OC(=O)CSC2CC3CCC(C2)N3C)C2(C)C(C)CCC3(CCC(=O)C32)C(C)C1O,0.0,0.3676724,
tdc_skin_reaction,"Chemprop v2 (D-MPNN, ensemble=3)",Chemprop v2,train,6,CCCCc1ccc(C(=O)CC(=O)c2cc(C)c(C)c(C)c2C)cc1,0.0,0.50001645,
tdc_skin_reaction,"Chemprop v2 (D-MPNN, ensemble=3)",Chemprop v2,train,7,CC(C)(CC1Cc2ccccc2C1)NCC(O)COc1cc(CCC(=O)O)cc(F)c1F,0.0,0.45275894,
tdc_skin_reaction,"Chemprop v2 (D-MPNN, ensemble=3)",Chemprop v2,train,8,CCOc1ccc(C(=O)Cc2ccc(S(C)(=O)=O)cc2)cc1,0.0,0.48134708,
tdc_skin_reaction,"Chemprop v2 (D-MPNN, ensemble=3)",Chemprop v2,train,9,CC(C)(C)OC(=O)N1CC(F)CC1C(N)=O,0.0,0.6319073,
tdc_skin_reaction,"Chemprop v2 (D-MPNN, ensemble=3)",Chemprop v2,train,10,CC(C)(C)OC(=O)N1CC(F)CC1C(=O)O,0.0,0.60041404,
tdc_skin_reaction,"Chemprop v2 (D-MPNN, ensemble=3)",Chemprop v2,train,11,Cc1nc(COc2ccc(CC(NC(=O)OC(C)(C)C)C3CO3)cc2)cs1,0.0,0.46553373,
tdc_skin_reaction,"Chemprop v2 (D-MPNN, ensemble=3)",Chemprop v2,train,12,CC(C)(C)OC(=O)NC(C(=O)N1CC(F)CC1C#N)C(c1ccc(F)cc1)c1ccc(F)cc1,0.0,0.4263747,
tdc_skin_reaction,"Chemprop v2 (D-MPNN, ensemble=3)",Chemprop v2,train,13,O=c1[nH]c(=S)[nH]c2c1CCC2,0.0,0.5249009,
tdc_skin_reaction,"Chemprop v2 (D-MPNN, ensemble=3)",Chemprop v2,train,14,Cc1ccc(C)c(C(=O)CC(=O)c2cc(C)ccc2C)c1,0.0,0.48272267,
tdc_skin_reaction,"Chemprop v2 (D-MPNN, ensemble=3)",Chemprop v2,train,15,CC1C(c2ccccc2)NC(=O)N1C,0.0,0.50027853,
tdc_skin_reaction,"Chemprop v2 (D-MPNN, ensemble=3)",Chemprop v2,train,16,CCCOc1ccc2c(c1)C(O)(c1ccc(OC)cc1OCc1ccccc1)C(C(=O)N1C(=O)N(C)C(C)C1c1ccccc1)C2c1ccc2c(c1)OCO2,0.0,0.26725748,
tdc_skin_reaction,"Chemprop v2 (D-MPNN, ensemble=3)",Chemprop v2,train,17,N#CC1CC(F)CN1C(=O)C(N)C(c1ccc(F)cc1)c1ccc(F)cc1,0.0,0.42564836,
tdc_skin_reaction,"Chemprop v2 (D-MPNN, ensemble=3)",Chemprop v2,train,18,CCCOc1ccc(C=CC(=O)N2C(=O)N(C)C(C)C2c2ccccc2)c(C(=O)c2ccc(OC)cc2OCc2ccccc2)c1,0.0,0.37148514,
tdc_skin_reaction,"Chemprop v2 (D-MPNN, ensemble=3)",Chemprop v2,train,19,COc1ccc(C2(C#N)CCC(=O)CC2)cc1OC1CCCC1,0.0,0.4587586,
tdc_skin_reaction,"Chemprop v2 (D-MPNN, ensemble=3)",Chemprop v2,train,20,CC(=O)c1ccc(Cc2ccc(F)cc2)o1,0.0,0.48783615,
tdc_skin_reaction,"Chemprop v2 (D-MPNN, ensemble=3)",Chemprop v2,train,21,CCOc1ccc(-c2nn3ncccc3c2-c2ccc(S(C)(=O)=O)cc2)cc1,0.0,0.3996664,
tdc_skin_reaction,"Chemprop v2 (D-MPNN, ensemble=3)",Chemprop v2,train,22,CC(=O)CCCN1C(=O)c2ccccc2C1=O,0.0,0.69558424,
tdc_skin_reaction,"Chemprop v2 (D-MPNN, ensemble=3)",Chemprop v2,train,23,CC(C)(C)N(Cc1ccccc1)CC(O)c1ccc(O)c(CO)c1,0.0,0.47123268,
tdc_skin_reaction,"Chemprop v2 (D-MPNN, ensemble=3)",Chemprop v2,train,24,Cc1nc(COc2ccc(CC(NC(=O)OC3COC4OCCC34)C(O)CN(CC(C)C)S(=O)(=O)c3ccc4c(c3)OCO4)cc2)cs1,0.0,0.35803428,
tdc_skin_reaction,"Chemprop v2 (D-MPNN, ensemble=3)",Chemprop v2,train,25,CC(C)N(C(=O)Cn1c(=O)c(=NOCc2ccccc2)c(=O)n(-c2ccccc2)c2ccccc21)c1ccccc1,0.0,0.3628137,
tdc_skin_reaction,"Chemprop v2 (D-MPNN, ensemble=3)",Chemprop v2,train,26,Cc1c2ccc(N)cc2nn1C,0.0,0.4935465,
tdc_skin_reaction,"Chemprop v2 (D-MPNN, ensemble=3)",Chemprop v2,train,27,COc1cc(C)c2c(Oc3cccc(C(F)(F)F)c3)c(OC)cc(N)c2n1,0.0,0.41145864,
tdc_skin_reaction,"Chemprop v2 (D-MPNN, ensemble=3)",Chemprop v2,train,28,COc1cc(C)c2c(Oc3cccc(C(F)(F)F)c3)c(OC)cc(NC(C)CCCN3C(=O)c4ccccc4C3=O)c2n1,0.0,0.37813905,
tdc_skin_reaction,"Chemprop v2 (D-MPNN, ensemble=3)",Chemprop v2,train,29,CC(=O)C1CCCCC1=O,0.0,0.6675891,
tdc_skin_reaction,"Chemprop v2 (D-MPNN, ensemble=3)",Chemprop v2,train,30,CS(=O)(=O)CCN,0.0,0.7793396,
tdc_skin_reaction,"Chemprop v2 (D-MPNN, ensemble=3)",Chemprop v2,train,31,COc1ccc2nc(Cl)cc(C)c2c1,0.0,0.4854755,
tdc_skin_reaction,"Chemprop v2 (D-MPNN, ensemble=3)",Chemprop v2,train,32,C=C(C)C(=O)OCC(C)O,0.0,0.7120418,
tdc_skin_reaction,"Chemprop v2 (D-MPNN, ensemble=3)",Chemprop v2,train,33,CCC(C)C1C(=O)NC(C2Cc3ccccc3C2)C(=O)N1C(C(=O)N1CCOCC1)c1coc(C)n1,0.0,0.40776047,
tdc_skin_reaction,"Chemprop v2 (D-MPNN, ensemble=3)",Chemprop v2,train,34,CC(C)N(C(=O)CN1C(=O)C(N)C(=O)N(c2ccccc2)c2ccccc21)c1ccccc1,0.0,0.4454516,
tdc_skin_reaction,"Chemprop v2 (D-MPNN, ensemble=3)",Chemprop v2,train,35,O=C(O)c1c(O)c(-c2ccccc2)nc2ccccc12,0.0,0.44136116,
tdc_skin_reaction,"Chemprop v2 (D-MPNN, ensemble=3)",Chemprop v2,train,36,CC1C=CC(C(C)C)CC1,0.0,0.6219046,
tdc_skin_reaction,"Chemprop v2 (D-MPNN, ensemble=3)",Chemprop v2,train,37,O=Cc1ccc(-c2ccc(C(F)(F)F)cc2)cc1,0.0,0.47048688,
tdc_skin_reaction,"Chemprop v2 (D-MPNN, ensemble=3)",Chemprop v2,train,38,CCCCN1C(=O)C(C(O)C2CCCCC2)NC(=O)C12CCN(Cc1ccc(Oc3ccc(C(=O)O)cc3)cc1)CC2,0.0,0.41630015,
tdc_skin_reaction,"Chemprop v2 (D-MPNN, ensemble=3)",Chemprop v2,train,39,COc1ccc(C2(C#N)CCC(C(=O)O)CC2)cc1OC1CCCC1,0.0,0.44387475,
tdc_skin_reaction,"Chemprop v2 (D-MPNN, ensemble=3)",Chemprop v2,train,40,NC(=O)C1CC(F)CN1,0.0,0.5591063,
tdc_skin_reaction,"Chemprop v2 (D-MPNN, ensemble=3)",Chemprop v2,train,41,C=C1CC(C(=C)C)CCC1C,0.0,0.6773827,
tdc_skin_reaction,"Chemprop v2 (D-MPNN, ensemble=3)",Chemprop v2,train,42,C=C1CCC(C(C)C)CC1,0.0,0.6457031,
tdc_skin_reaction,"Chemprop v2 (D-MPNN, ensemble=3)",Chemprop v2,train,43,Cc1ccc(Nc2nccc(N(C)c3ccc4c(C)n(C)nc4c3)n2)cc1S(N)(=O)=O,0.0,0.39323902,
tdc_skin_reaction,"Chemprop v2 (D-MPNN, ensemble=3)",Chemprop v2,train,44,COc1cc(C)c2c(Cl)c(OC)ccc2n1,0.0,0.475422,
tdc_skin_reaction,"Chemprop v2 (D-MPNN, ensemble=3)",Chemprop v2,train,45,Cc1cc2c(cc1C(F)(F)F)NCC2,0.0,0.49475288,
tdc_skin_reaction,"Chemprop v2 (D-MPNN, ensemble=3)",Chemprop v2,train,46,OCCCCCCCl,0.0,0.76512104,
tdc_skin_reaction,"Chemprop v2 (D-MPNN, ensemble=3)",Chemprop v2,train,47,C=CC1(C)CC(OC(=O)CO)C2(C)C(C)CCC3(CCC(=O)C32)C(C)C1O,0.0,0.418126,
tdc_skin_reaction,"Chemprop v2 (D-MPNN, ensemble=3)",Chemprop v2,train,48,O=c1[nH]cnc2ccc(I)cc12,0.0,0.4984512,
tdc_skin_reaction,"Chemprop v2 (D-MPNN, ensemble=3)",Chemprop v2,train,49,COc1ccc2[nH]c(=O)cc(C)c2c1,0.0,0.48721656,
tdc_skin_reaction,"Chemprop v2 (D-MPNN, ensemble=3)",Chemprop v2,train,50,COc1cc(N)c2nccc(C)c2c1,0.0,0.48487666,
tdc_skin_reaction,"Chemprop v2 (D-MPNN, ensemble=3)",Chemprop v2,train,51,Cc1ccc2oc(=O)ccc2c1,0.0,0.49751762,
tdc_skin_reaction,"Chemprop v2 (D-MPNN, ensemble=3)",Chemprop v2,train,52,COc1ccc(Nc2ccc(CCNCC(O)c3ccc(O)c4[nH]c(=O)ccc34)cc2)cc1-c1ccccc1,0.0,0.34293175,
tdc_skin_reaction,"Chemprop v2 (D-MPNN, ensemble=3)",Chemprop v2,train,53,O=C(O)CCCCC(=O)O,0.0,0.7514767,
tdc_skin_reaction,"Chemprop v2 (D-MPNN, ensemble=3)",Chemprop v2,train,54,CCNc1nc(Cl)nc(NC(C)C)n1,0.0,0.51184225,
tdc_skin_reaction,"Chemprop v2 (D-MPNN, ensemble=3)",Chemprop v2,train,55,CCCCBr,0.0,0.7115894,
tdc_skin_reaction,"Chemprop v2 (D-MPNN, ensemble=3)",Chemprop v2,train,56,CCCCCCCCCBr,0.0,0.85908747,
tdc_skin_reaction,"Chemprop v2 (D-MPNN, ensemble=3)",Chemprop v2,train,57,C=C1CC=C(C(C)C)CC1,0.0,0.7363939,
tdc_skin_reaction,"Chemprop v2 (D-MPNN, ensemble=3)",Chemprop v2,train,58,CCCCO,0.0,0.6657693,
tdc_skin_reaction,"Chemprop v2 (D-MPNN, ensemble=3)",Chemprop v2,train,59,CCCCCCCCCCl,0.0,0.8489807,
tdc_skin_reaction,"Chemprop v2 (D-MPNN, ensemble=3)",Chemprop v2,train,60,CCC1OC(=O)C(C)C(OC2CC(C)(OC)C(O)C(C)O2)C(C)C(OC2OC(C)CC(N(C)C)C2O)C(C)(OC)CC(C)C(=O)C(C)C(O)C1(C)O,0.0,0.28982258,
tdc_skin_reaction,"Chemprop v2 (D-MPNN, ensemble=3)",Chemprop v2,train,61,O=c1ccc2ccccc2o1,0.0,0.502206,
tdc_skin_reaction,"Chemprop v2 (D-MPNN, ensemble=3)",Chemprop v2,train,62,Nc1cc[nH]c(=O)n1,0.0,0.5423376,
tdc_skin_reaction,"Chemprop v2 (D-MPNN, ensemble=3)",Chemprop v2,train,63,COC(=O)CCC(C#N)(CCC(=O)OC)c1ccc(OC)c(OC2CCCC2)c1,0.0,0.58542174,
tdc_skin_reaction,"Chemprop v2 (D-MPNN, ensemble=3)",Chemprop v2,train,64,COC(=O)OC,0.0,0.6468975,
tdc_skin_reaction,"Chemprop v2 (D-MPNN, ensemble=3)",Chemprop v2,train,65,CCOC(=O)C(=NOC(C)(C)C(=O)OC(C)(C)C)c1csc(NC(c2ccccc2)(c2ccccc2)c2ccccc2)n1,0.0,0.4497049,
tdc_skin_reaction,"Chemprop v2 (D-MPNN, ensemble=3)",Chemprop v2,train,66,CCOC(=O)c1nnc[nH]1,0.0,0.5560586,
tdc_skin_reaction,"Chemprop v2 (D-MPNN, ensemble=3)",Chemprop v2,train,67,CCOC(=O)CC(=O)c1cc(F)c(Cl)nc1Cl,0.0,0.6025231,
tdc_skin_reaction,"Chemprop v2 (D-MPNN, ensemble=3)",Chemprop v2,train,68,O=C(O)C=CC(=O)O,0.0,0.6853799,
tdc_skin_reaction,"Chemprop v2 (D-MPNN, ensemble=3)",Chemprop v2,train,69,O=C(C(=O)c1ccco1)c1ccco1,0.0,0.51113003,
tdc_skin_reaction,"Chemprop v2 (D-MPNN, ensemble=3)",Chemprop v2,train,70,OCC(O)CO,0.0,0.5641355,
tdc_skin_reaction,"Chemprop v2 (D-MPNN, ensemble=3)",Chemprop v2,train,71,CCCCCC,0.0,0.7417453,
tdc_skin_reaction,"Chemprop v2 (D-MPNN, ensemble=3)",Chemprop v2,train,72,CCCCCCI,0.0,0.7709951,
tdc_skin_reaction,"Chemprop v2 (D-MPNN, ensemble=3)",Chemprop v2,train,73,CCCCCCCCCCCCCCCCCCI,0.0,0.96629626,
tdc_skin_reaction,"Chemprop v2 (D-MPNN, ensemble=3)",Chemprop v2,train,74,CC(C)O,0.0,0.60834235,
tdc_skin_reaction,"Chemprop v2 (D-MPNN, ensemble=3)",Chemprop v2,train,75,CC(C)N(C#N)C#N,0.0,0.5977184,
tdc_skin_reaction,"Chemprop v2 (D-MPNN, ensemble=3)",Chemprop v2,train,76,NCC1OC(OC2C(N)CC(N)C(OC3OC(CO)C(O)C(N)C3O)C2O)C(O)C(O)C1O,0.0,0.34819654,
tdc_skin_reaction,"Chemprop v2 (D-MPNN, ensemble=3)",Chemprop v2,train,77,CC(O)C(=O)O,0.0,0.5897591,
tdc_skin_reaction,"Chemprop v2 (D-MPNN, ensemble=3)",Chemprop v2,train,78,Cc1c2ccc(Nc3ccnc(Cl)n3)cc2nn1C,0.0,0.44777384,
tdc_skin_reaction,"Chemprop v2 (D-MPNN, ensemble=3)",Chemprop v2,train,79,Cc1c2ccc(N(C)c3ccnc(Cl)n3)cc2nn1C,0.0,0.44319215,
tdc_skin_reaction,"Chemprop v2 (D-MPNN, ensemble=3)",Chemprop v2,train,80,CCCCN1CCC(CNC(=O)c2c3n(c4ccccc24)CCCO3)CC1,0.0,0.51523453,
tdc_skin_reaction,"Chemprop v2 (D-MPNN, ensemble=3)",Chemprop v2,train,81,CC(C)(C)OC(=O)NC(C(=O)O)C(c1ccc(F)cc1)c1ccc(F)cc1,0.0,0.46302626,
tdc_skin_reaction,"Chemprop v2 (D-MPNN, ensemble=3)",Chemprop v2,train,82,O=CNc1cc(C(O)CBr)ccc1OCc1ccccc1,0.0,0.46331212,
tdc_skin_reaction,"Chemprop v2 (D-MPNN, ensemble=3)",Chemprop v2,train,83,CCCCCCCC(=O)O,0.0,0.8091355,
tdc_skin_reaction,"Chemprop v2 (D-MPNN, ensemble=3)",Chemprop v2,train,84,CCOc1cc(Oc2ccc(C(F)(F)F)cc2Cl)ccc1[N+](=O)[O-],0.0,0.46168995,
tdc_skin_reaction,"Chemprop v2 (D-MPNN, ensemble=3)",Chemprop v2,train,85,C=CC(=O)OCC(CO)(COC(=O)C=C)COC(=O)C=C,0.0,0.82871246,
tdc_skin_reaction,"Chemprop v2 (D-MPNN, ensemble=3)",Chemprop v2,train,86,Cc1cc(F)ccc1C1CC(=O)C=CN1C(=O)OCc1ccccc1,0.0,0.48008177,
tdc_skin_reaction,"Chemprop v2 (D-MPNN, ensemble=3)",Chemprop v2,train,87,CC(O)CO,0.0,0.5810077,
tdc_skin_reaction,"Chemprop v2 (D-MPNN, ensemble=3)",Chemprop v2,train,88,Fc1ccc(Oc2ccnc3cc(Cl)cc(Cl)c23)cc1,0.0,0.44766963,
tdc_skin_reaction,"Chemprop v2 (D-MPNN, ensemble=3)",Chemprop v2,train,89,COC1C=COC2(C)Oc3c(C)c(O)c4c(O)c(cc(O)c4c3C2=O)NC(=O)C(C)=CC=CC(C)C(O)C(C)C(O)C(C)C(OC(C)=O)C1C,0.0,0.34331107,
tdc_skin_reaction,"Chemprop v2 (D-MPNN, ensemble=3)",Chemprop v2,train,90,O=C1NS(=O)(=O)c2ccccc21,0.0,0.54940295,
tdc_skin_reaction,"Chemprop v2 (D-MPNN, ensemble=3)",Chemprop v2,train,91,O=C(O)CCC(=O)O,0.0,0.678765,
tdc_skin_reaction,"Chemprop v2 (D-MPNN, ensemble=3)",Chemprop v2,train,92,O=C(O)C(O)C(O)C(=O)O,0.0,0.5406663,
tdc_skin_reaction,"Chemprop v2 (D-MPNN, ensemble=3)",Chemprop v2,train,93,C=CC(=O)OCC(CC)(COC(=O)C=C)COC(=O)C=C,0.0,0.8559513,
tdc_skin_reaction,"Chemprop v2 (D-MPNN, ensemble=3)",Chemprop v2,train,94,C=C(Cl)Cl,0.0,0.6427867,
tdc_skin_reaction,"Chemprop v2 (D-MPNN, ensemble=3)",Chemprop v2,train,95,CCCCCCCC=CC=O,1.0,0.8516371,
tdc_skin_reaction,"Chemprop v2 (D-MPNN, ensemble=3)",Chemprop v2,train,96,O=c1[nH]sc2ccccc12,1.0,0.51161915,
tdc_skin_reaction,"Chemprop v2 (D-MPNN, ensemble=3)",Chemprop v2,train,97,N#CCCC(Br)(C#N)CBr,1.0,0.7674791,
tdc_skin_reaction,"Chemprop v2 (D-MPNN, ensemble=3)",Chemprop v2,train,98,C=CC(=O)N1C(=O)N(C)C(C)C1c1ccccc1,1.0,0.551042,
tdc_skin_reaction,"Chemprop v2 (D-MPNN, ensemble=3)",Chemprop v2,train,99,C(CCCOCC1CO1)CCOCC1CO1,1.0,0.72188616,
tdc_skin_reaction,"Chemprop v2 (D-MPNN, ensemble=3)",Chemprop v2,train,100,OCCCCCCCCCCCCBr,1.0,0.91209346,
tdc_skin_reaction,"Chemprop v2 (D-MPNN, ensemble=3)",Chemprop v2,train,101,O=C1C=CC2(O)C3Cc4ccc(O)c5c4C2(CCN3)C1O5,1.0,0.42168447,
tdc_skin_reaction,"Chemprop v2 (D-MPNN, ensemble=3)",Chemprop v2,train,102,CCCCCCCCCCCCCCCCCCCl,1.0,0.9653304,
tdc_skin_reaction,"Chemprop v2 (D-MPNN, ensemble=3)",Chemprop v2,train,103,CCCCCCCCCCI,1.0,0.8739593,
tdc_skin_reaction,"Chemprop v2 (D-MPNN, ensemble=3)",Chemprop v2,train,104,CN(N=O)C(=N)N[N+](=O)[O-],1.0,0.7515762,
tdc_skin_reaction,"Chemprop v2 (D-MPNN, ensemble=3)",Chemprop v2,train,105,Oc1cccc2ccccc12,1.0,0.49602652,
tdc_skin_reaction,"Chemprop v2 (D-MPNN, ensemble=3)",Chemprop v2,train,106,CCCC=CC=O,1.0,0.73590994,
tdc_skin_reaction,"Chemprop v2 (D-MPNN, ensemble=3)",Chemprop v2,train,107,CN(C)CCOC(C)(c1ccccc1)c1ccc(Br)cc1,1.0,0.49873254,
tdc_skin_reaction,"Chemprop v2 (D-MPNN, ensemble=3)",Chemprop v2,train,108,CC(C)(C)N(CC(=O)c1ccc(O)c(CO)c1)Cc1ccccc1,1.0,0.5103558,
tdc_skin_reaction,"Chemprop v2 (D-MPNN, ensemble=3)",Chemprop v2,train,109,C=CC(=O)OCC(CC)CCCC,1.0,0.8299484,
tdc_skin_reaction,"Chemprop v2 (D-MPNN, ensemble=3)",Chemprop v2,train,110,C=CC(=O)OCCO,1.0,0.691042,
tdc_skin_reaction,"Chemprop v2 (D-MPNN, ensemble=3)",Chemprop v2,train,111,Sc1nc2ccccc2s1,1.0,0.50689983,
tdc_skin_reaction,"Chemprop v2 (D-MPNN, ensemble=3)",Chemprop v2,train,112,CCCCCCCCCC(C)C=O,1.0,0.88612956,
tdc_skin_reaction,"Chemprop v2 (D-MPNN, ensemble=3)",Chemprop v2,train,113,CC(CC(=O)Cl)CC(C)(C)C,1.0,0.7907924,
tdc_skin_reaction,"Chemprop v2 (D-MPNN, ensemble=3)",Chemprop v2,train,114,CC1(C)CC(CBr)C(=O)O1,1.0,0.6444959,
tdc_skin_reaction,"Chemprop v2 (D-MPNN, ensemble=3)",Chemprop v2,train,115,CN(C)CCCN,1.0,0.751246,
tdc_skin_reaction,"Chemprop v2 (D-MPNN, ensemble=3)",Chemprop v2,train,116,Nc1cc(F)cc(-c2cccnc2)c1,1.0,0.48834643,
tdc_skin_reaction,"Chemprop v2 (D-MPNN, ensemble=3)",Chemprop v2,train,117,Cn1sc(Cl)cc1=O,1.0,0.5567947,
tdc_skin_reaction,"Chemprop v2 (D-MPNN, ensemble=3)",Chemprop v2,train,118,CC(=O)C(=O)CC(C)C,1.0,0.77257013,
tdc_skin_reaction,"Chemprop v2 (D-MPNN, ensemble=3)",Chemprop v2,train,119,C=CCC1(C)C=C(OC)C(=O)CC1,1.0,0.7776124,
tdc_skin_reaction,"Chemprop v2 (D-MPNN, ensemble=3)",Chemprop v2,train,120,CCN(CC)CCCCCCO,1.0,0.85398644,
tdc_skin_reaction,"Chemprop v2 (D-MPNN, ensemble=3)",Chemprop v2,train,121,CCC=CCCCCC=O,1.0,0.82512087,
tdc_skin_reaction,"Chemprop v2 (D-MPNN, ensemble=3)",Chemprop v2,train,122,O=C(O)c1ccc2c(c1)C(=O)OC2=O,1.0,0.5379002,
tdc_skin_reaction,"Chemprop v2 (D-MPNN, ensemble=3)",Chemprop v2,train,123,O=C(OCc1ccccc1)c1ccccc1,1.0,0.49344912,
tdc_skin_reaction,"Chemprop v2 (D-MPNN, ensemble=3)",Chemprop v2,train,124,CC(C)(c1ccc(OCC2CO2)cc1)c1ccc(OCC2CO2)cc1,1.0,0.42559966,
tdc_skin_reaction,"Chemprop v2 (D-MPNN, ensemble=3)",Chemprop v2,train,125,C=C1C=CC(C(C)C)CC1,1.0,0.6890417,
tdc_skin_reaction,"Chemprop v2 (D-MPNN, ensemble=3)",Chemprop v2,train,126,O=CC=C(c1ccccc1)c1ccccc1,1.0,0.5093495,
tdc_skin_reaction,"Chemprop v2 (D-MPNN, ensemble=3)",Chemprop v2,train,127,CCCCCCCCCCCCCCCCCCCCCCBr,1.0,0.9838055,
tdc_skin_reaction,"Chemprop v2 (D-MPNN, ensemble=3)",Chemprop v2,train,128,CCCCCCCCCCCCBr,1.0,0.91265804,
tdc_skin_reaction,"Chemprop v2 (D-MPNN, ensemble=3)",Chemprop v2,train,129,CCCCCCCCCCCCCCCCCCCCBr,1.0,0.9771816,
tdc_skin_reaction,"Chemprop v2 (D-MPNN, ensemble=3)",Chemprop v2,train,130,CCCCCCCCCCCCCCCCCBr,1.0,0.96199346,
tdc_skin_reaction,"Chemprop v2 (D-MPNN, ensemble=3)",Chemprop v2,train,131,CCCCCCCCCCCCCCCCBr,1.0,0.9550162,
tdc_skin_reaction,"Chemprop v2 (D-MPNN, ensemble=3)",Chemprop v2,train,132,CCCCCCBr,1.0,0.7799769,
tdc_skin_reaction,"Chemprop v2 (D-MPNN, ensemble=3)",Chemprop v2,train,133,CCCCCCCCCCCCCCCCCCBr,1.0,0.96791714,
tdc_skin_reaction,"Chemprop v2 (D-MPNN, ensemble=3)",Chemprop v2,train,134,CCCCCCCCCCCCCCCBr,1.0,0.9468126,
tdc_skin_reaction,"Chemprop v2 (D-MPNN, ensemble=3)",Chemprop v2,train,135,CCCCCCCCCCCCCCBr,1.0,0.93718165,
tdc_skin_reaction,"Chemprop v2 (D-MPNN, ensemble=3)",Chemprop v2,train,136,CCCCCCCCCCCCCBr,1.0,0.92588496,
tdc_skin_reaction,"Chemprop v2 (D-MPNN, ensemble=3)",Chemprop v2,train,137,CCCCCCCCCCCBr,1.0,0.8972738,
tdc_skin_reaction,"Chemprop v2 (D-MPNN, ensemble=3)",Chemprop v2,train,138,C=CC(=O)OCCCC,1.0,0.7628284,
tdc_skin_reaction,"Chemprop v2 (D-MPNN, ensemble=3)",Chemprop v2,train,139,CCCCOCC1CO1,1.0,0.666465,
tdc_skin_reaction,"Chemprop v2 (D-MPNN, ensemble=3)",Chemprop v2,train,140,CCCCCCCCCCCC1=NC(C)(C)C(=O)O1,1.0,0.92913586,
tdc_skin_reaction,"Chemprop v2 (D-MPNN, ensemble=3)",Chemprop v2,train,141,CCCCC1=NC(C)(C)C(=O)O1,1.0,0.7953761,
tdc_skin_reaction,"Chemprop v2 (D-MPNN, ensemble=3)",Chemprop v2,train,142,CCCCCCCCCCCCCCCl,1.0,0.932281,
tdc_skin_reaction,"Chemprop v2 (D-MPNN, ensemble=3)",Chemprop v2,train,143,CC(C)=CCCC(C)=CC=O,1.0,0.8351049,
tdc_skin_reaction,"Chemprop v2 (D-MPNN, ensemble=3)",Chemprop v2,train,144,CCCCCCCCCCCCCCCCCl,1.0,0.95143944,
tdc_skin_reaction,"Chemprop v2 (D-MPNN, ensemble=3)",Chemprop v2,train,145,CCOS(=O)(=O)OCC,1.0,0.7600393,
tdc_skin_reaction,"Chemprop v2 (D-MPNN, ensemble=3)",Chemprop v2,train,146,CCC(C=O)CC,1.0,0.724411,
tdc_skin_reaction,"Chemprop v2 (D-MPNN, ensemble=3)",Chemprop v2,train,147,NCCNCCN,1.0,0.7372956,
tdc_skin_reaction,"Chemprop v2 (D-MPNN, ensemble=3)",Chemprop v2,train,148,NCCCNCCCN,1.0,0.801213,
tdc_skin_reaction,"Chemprop v2 (D-MPNN, ensemble=3)",Chemprop v2,train,149,CCCCCCCCCCCCOS(C)(=O)=O,1.0,0.939092,
tdc_skin_reaction,"Chemprop v2 (D-MPNN, ensemble=3)",Chemprop v2,train,150,CCOC(=O)CC1CC2CCC(C1)N2C,1.0,0.5682085,
tdc_skin_reaction,"Chemprop v2 (D-MPNN, ensemble=3)",Chemprop v2,train,151,C=CC(=O)OCC,1.0,0.7079635,
tdc_skin_reaction,"Chemprop v2 (D-MPNN, ensemble=3)",Chemprop v2,train,152,CCC(O)C(CO)CO,1.0,0.588703,
tdc_skin_reaction,"Chemprop v2 (D-MPNN, ensemble=3)",Chemprop v2,train,153,C=C(C)C(=O)OCCOC(=O)C(=C)C,1.0,0.8314187,
tdc_skin_reaction,"Chemprop v2 (D-MPNN, ensemble=3)",Chemprop v2,train,154,C=C(C)C(=O)O,1.0,0.6818864,
tdc_skin_reaction,"Chemprop v2 (D-MPNN, ensemble=3)",Chemprop v2,train,155,O=C1OC2(c3ccc(O)cc3Oc3cc(O)ccc32)c2ccc(N=C=S)cc21,1.0,0.3971922,
tdc_skin_reaction,"Chemprop v2 (D-MPNN, ensemble=3)",Chemprop v2,train,156,CC(CC=O)CCCC(C)(C)O,1.0,0.800035,
tdc_skin_reaction,"Chemprop v2 (D-MPNN, ensemble=3)",Chemprop v2,train,157,CCCCCCCCCCCCI,1.0,0.9084919,
tdc_skin_reaction,"Chemprop v2 (D-MPNN, ensemble=3)",Chemprop v2,train,158,CCCCCCCCCCCCCCCCI,1.0,0.95277566,
tdc_skin_reaction,"Chemprop v2 (D-MPNN, ensemble=3)",Chemprop v2,train,159,CCCCCCCCCI,1.0,0.8527506,
tdc_skin_reaction,"Chemprop v2 (D-MPNN, ensemble=3)",Chemprop v2,train,160,CCCCCCCCCCCCCCI,1.0,0.93411225,
tdc_skin_reaction,"Chemprop v2 (D-MPNN, ensemble=3)",Chemprop v2,train,161,CC(C)CCCCCC(=O)Cl,1.0,0.8396041,
tdc_skin_reaction,"Chemprop v2 (D-MPNN, ensemble=3)",Chemprop v2,train,162,CCCCCCCCCCCCCC(=O)OC(C)C,1.0,0.9375224,
tdc_skin_reaction,"Chemprop v2 (D-MPNN, ensemble=3)",Chemprop v2,train,163,C=C(C)C1CC=C(C)CC1,1.0,0.6995764,
tdc_skin_reaction,"Chemprop v2 (D-MPNN, ensemble=3)",Chemprop v2,train,164,C=CC(C)(O)CCC=C(C)C=O,1.0,0.81314254,
tdc_skin_reaction,"Chemprop v2 (D-MPNN, ensemble=3)",Chemprop v2,train,165,CCCCCC=CCC=CCCCCCCCC(=O)O,1.0,0.9471944,
tdc_skin_reaction,"Chemprop v2 (D-MPNN, ensemble=3)",Chemprop v2,train,166,CCCCCCC#CC(=O)OC,1.0,0.804058,
tdc_skin_reaction,"Chemprop v2 (D-MPNN, ensemble=3)",Chemprop v2,train,167,C=CC(=O)OC,1.0,0.68652695,
tdc_skin_reaction,"Chemprop v2 (D-MPNN, ensemble=3)",Chemprop v2,train,168,CCCCCCCCCCCCCCC=CS(=O)(=O)OC,1.0,0.96860576,
tdc_skin_reaction,"Chemprop v2 (D-MPNN, ensemble=3)",Chemprop v2,train,169,C=C(C)C(=O)OC,1.0,0.72345304,
tdc_skin_reaction,"Chemprop v2 (D-MPNN, ensemble=3)",Chemprop v2,train,170,CCCCCCCCC(=O)Cl,1.0,0.85876614,
tdc_skin_reaction,"Chemprop v2 (D-MPNN, ensemble=3)",Chemprop v2,train,171,FOC1=C2CCC(C2)C1,1.0,0.6147525,
tdc_skin_reaction,"Chemprop v2 (D-MPNN, ensemble=3)",Chemprop v2,train,172,CCCCCCCCO,1.0,0.80438405,
tdc_skin_reaction,"Chemprop v2 (D-MPNN, ensemble=3)",Chemprop v2,train,173,CCCCCCCCC=CCCCCCCCC(=O)O,1.0,0.95469123,
tdc_skin_reaction,"Chemprop v2 (D-MPNN, ensemble=3)",Chemprop v2,train,174,CCOC=C1N=C(c2ccccc2)OC1=O,1.0,0.66909856,
tdc_skin_reaction,"Chemprop v2 (D-MPNN, ensemble=3)",Chemprop v2,train,175,CCCCCCCCCCCCCCCC(=O)Cl,1.0,0.95462847,
tdc_skin_reaction,"Chemprop v2 (D-MPNN, ensemble=3)",Chemprop v2,train,176,O=C(Oc1ccccc1)c1ccccc1,1.0,0.49532166,
tdc_skin_reaction,"Chemprop v2 (D-MPNN, ensemble=3)",Chemprop v2,train,177,CC(CCCCN)C(C)(C)N,1.0,0.8333242,
tdc_skin_reaction,"Chemprop v2 (D-MPNN, ensemble=3)",Chemprop v2,train,178,C=CCCCCCCCCC(=O)O,1.0,0.87470055,
tdc_skin_reaction,"Chemprop v2 (D-MPNN, ensemble=3)",Chemprop v2,train,179,CC=CC=CC=O,1.0,0.7157933,
tdc_skin_reaction,"Chemprop v2 (D-MPNN, ensemble=3)",Chemprop v2,train,180,CN1C2CCC1CC(O)C2,1.0,0.5145788,
tdc_skin_reaction,"Chemprop v2 (D-MPNN, ensemble=3)",Chemprop v2,train,181,CC(C)N(C(=O)CN1C(=O)C(NC(=O)Nc2cccc(C(=O)OC(C)(C)C)c2)C(=O)N(c2ccccc2)c2ccccc21)c1ccccc1,1.0,0.40321612,
tdc_skin_reaction,"Chemprop v2 (D-MPNN, ensemble=3)",Chemprop v2,train,182,NC1CCCCC1N,1.0,0.6127426,
tdc_skin_reaction,"Chemprop v2 (D-MPNN, ensemble=3)",Chemprop v2,train,183,O=S(=O)(Cl)c1ccc2c(c1)OCO2,1.0,0.52603555,
tdc_skin_reaction,"Chemprop v2 (D-MPNN, ensemble=3)",Chemprop v2,train,184,O=C(O)CCCCCCCCCCCBr,1.0,0.9140494,
tdc_skin_reaction,"Chemprop v2 (D-MPNN, ensemble=3)",Chemprop v2,train,185,ClCc1ccc2ccc3cccc4ccc1c2c34,1.0,0.43789852,
tdc_skin_reaction,"Chemprop v2 (D-MPNN, ensemble=3)",Chemprop v2,train,186,Cc1cc(=O)n(-c2ccc(C)c(C)c2)[nH]1,1.0,0.4838328,
tdc_skin_reaction,"Chemprop v2 (D-MPNN, ensemble=3)",Chemprop v2,train,187,CCC(C)(C)C1CCC(CC=O)CC1,1.0,0.6627226,
tdc_skin_reaction,"Chemprop v2 (D-MPNN, ensemble=3)",Chemprop v2,train,188,CC(C)(C)C(=O)CC(=O)C(C)(C)C,1.0,0.8521242,
tdc_skin_reaction,"Chemprop v2 (D-MPNN, ensemble=3)",Chemprop v2,train,189,C=C(C)C(=O)OCC(O)COc1ccc(C(C)(C)c2ccc(OCC(O)COC(=O)C(=C)C)cc2)cc1,1.0,0.57076544,
tdc_skin_reaction,"Chemprop v2 (D-MPNN, ensemble=3)",Chemprop v2,train,190,Clc1nc(Cl)nc(Cl)n1,1.0,0.53564423,
tdc_skin_reaction,"Chemprop v2 (D-MPNN, ensemble=3)",Chemprop v2,train,191,Clc1ccnc(Cl)n1,1.0,0.53967404,
tdc_skin_reaction,"Chemprop v2 (D-MPNN, ensemble=3)",Chemprop v2,train,192,CCC=CC=CC=O,1.0,0.74889946,
tdc_skin_reaction,"Chemprop v2 (D-MPNN, ensemble=3)",Chemprop v2,train,193,CC1=C(C=O)C(C)(C)CC=C1,1.0,0.7759102,
tdc_skin_reaction,"Chemprop v2 (D-MPNN, ensemble=3)",Chemprop v2,train,194,COc1cc(C)c2c(Oc3cccc(C(F)(F)F)c3)c(OC)cc([N+](=O)[O-])c2n1,1.0,0.41277865,
tdc_skin_reaction,"Chemprop v2 (D-MPNN, ensemble=3)",Chemprop v2,train,195,Nc1ccccc1Nc1ccccc1,1.0,0.49296865,
tdc_skin_reaction,"Chemprop v2 (D-MPNN, ensemble=3)",Chemprop v2,train,196,CCCCCCCCCCCCC(Br)C(=O)O,1.0,0.92778057,
tdc_skin_reaction,"Chemprop v2 (D-MPNN, ensemble=3)",Chemprop v2,train,197,O=[N+]([O-])c1ccc(OCc2cccc(F)c2)c(Cl)c1,1.0,0.48725787,
tdc_skin_reaction,"Chemprop v2 (D-MPNN, ensemble=3)",Chemprop v2,train,198,Cc1nc2ccccc2c(=O)o1,1.0,0.49706224,
tdc_skin_reaction,"Chemprop v2 (D-MPNN, ensemble=3)",Chemprop v2,train,199,O=C(Nc1ccc(Cl)c(Cl)c1)c1cc(Cl)cc(Cl)c1O,1.0,0.4744551,
tdc_skin_reaction,"Chemprop v2 (D-MPNN, ensemble=3)",Chemprop v2,train,200,O=C1CCc2ccccc2O1,1.0,0.52758306,
tdc_skin_reaction,"Chemprop v2 (D-MPNN, ensemble=3)",Chemprop v2,train,201,CC1(C)CC(N)CC(C)(CN)C1,1.0,0.64178914,
tdc_skin_reaction,"Chemprop v2 (D-MPNN, ensemble=3)",Chemprop v2,train,202,C=C1NS(=O)(=O)N=C1c1ccccc1,1.0,0.6694451,
tdc_skin_reaction,"Chemprop v2 (D-MPNN, ensemble=3)",Chemprop v2,train,203,CCC=C1OC(=O)c2ccccc21,1.0,0.5801143,
tdc_skin_reaction,"Chemprop v2 (D-MPNN, ensemble=3)",Chemprop v2,train,204,CC(C)(O)CCCC1=CCC(C=O)CC1,1.0,0.77166337,
tdc_skin_reaction,"Chemprop v2 (D-MPNN, ensemble=3)",Chemprop v2,train,205,O=C(C(=O)c1ccccc1)C1=CCC(Br)(Br)C=C1,1.0,0.77361745,
tdc_skin_reaction,"Chemprop v2 (D-MPNN, ensemble=3)",Chemprop v2,train,206,CC(Br)CCCN1C(=O)c2ccccc2C1=O,1.0,0.70431024,
tdc_skin_reaction,"Chemprop v2 (D-MPNN, ensemble=3)",Chemprop v2,train,207,Clc1ncnc2ccc(I)cc12,1.0,0.495828,
tdc_skin_reaction,"Chemprop v2 (D-MPNN, ensemble=3)",Chemprop v2,train,208,CC(I)CCCN1C(=O)c2ccccc2C1=O,1.0,0.68532604,
tdc_skin_reaction,"Chemprop v2 (D-MPNN, ensemble=3)",Chemprop v2,train,209,C=C1CC(C(=C)C)CC=C1C,1.0,0.7567938,
tdc_skin_reaction,"Chemprop v2 (D-MPNN, ensemble=3)",Chemprop v2,train,210,C=C1CC(C)(C)OC1=O,1.0,0.705584,
tdc_skin_reaction,"Chemprop v2 (D-MPNN, ensemble=3)",Chemprop v2,train,211,O=C(O)c1cccc(-c2cc(Cl)cc([N+](=O)[O-])c2O)c1,1.0,0.47485992,
tdc_skin_reaction,"Chemprop v2 (D-MPNN, ensemble=3)",Chemprop v2,train,212,COc1cc(C)c2c(Cl)c(OC)cc([N+](=O)[O-])c2n1,1.0,0.47752526,
tdc_skin_reaction,"Chemprop v2 (D-MPNN, ensemble=3)",Chemprop v2,train,213,COc1cc([N+](=O)[O-])c2[nH]c(=O)cc(C)c2c1Cl,1.0,0.48722848,
tdc_skin_reaction,"Chemprop v2 (D-MPNN, ensemble=3)",Chemprop v2,train,214,COc1cc2c(cc1C(F)(F)F)NCC2,1.0,0.48858953,
tdc_skin_reaction,"Chemprop v2 (D-MPNN, ensemble=3)",Chemprop v2,train,215,Cc1ncccc1Oc1ccc(N)cn1,1.0,0.4835451,
tdc_skin_reaction,"Chemprop v2 (D-MPNN, ensemble=3)",Chemprop v2,train,216,CCN(CC)CCCCCCBr,1.0,0.878743,
tdc_skin_reaction,"Chemprop v2 (D-MPNN, ensemble=3)",Chemprop v2,train,217,Cc1c2ccccc2c(C)c2c1ccc1ccccc12,1.0,0.42727888,
tdc_skin_reaction,"Chemprop v2 (D-MPNN, ensemble=3)",Chemprop v2,train,218,CON=C1CN(c2nc3c(cc2F)c(=O)c(C(=O)O)cn3C2CC2)CC1CN,1.0,0.44221509,
tdc_skin_reaction,"Chemprop v2 (D-MPNN, ensemble=3)",Chemprop v2,train,219,CCCCCCCC(Br)CCCCCC,1.0,0.9293134,
tdc_skin_reaction,"Chemprop v2 (D-MPNN, ensemble=3)",Chemprop v2,train,220,CCCCCn1c(=O)[nH]c(=O)c2[nH]c(Cl)nc21,1.0,0.5426015,
tdc_skin_reaction,"Chemprop v2 (D-MPNN, ensemble=3)",Chemprop v2,train,221,CC(C)C1=CC2=CCC3C(C)(C(=O)O)CCCC3(C)C2CC1,1.0,0.5684213,
tdc_skin_reaction,"Chemprop v2 (D-MPNN, ensemble=3)",Chemprop v2,train,222,CC1=CCC(C(C)C)C=C1,1.0,0.6910345,
tdc_skin_reaction,"Chemprop v2 (D-MPNN, ensemble=3)",Chemprop v2,train,223,CC1=CC=C(C(C)C)CC1,1.0,0.74552625,
tdc_skin_reaction,"Chemprop v2 (D-MPNN, ensemble=3)",Chemprop v2,train,224,CCC1OC(=O)C(C)C(OC2CC(C)(OC)C(O)C(C)O2)C(C)C(OC2OC(C)CC(N(C)C)C2O)C(C)(O)CC(C)CN(C)C(C)C(O)C1(C)O,1.0,0.28560022,
tdc_skin_reaction,"Chemprop v2 (D-MPNN, ensemble=3)",Chemprop v2,train,225,N=C1CC(=Nc2ccc(N)cc2)C(=N)CC1=Nc1ccc(N)cc1,1.0,0.55641484,
tdc_skin_reaction,"Chemprop v2 (D-MPNN, ensemble=3)",Chemprop v2,train,226,c1ccc2c(c1)cc1ccc3cccc4ccc2c1c34,1.0,0.41201147,
tdc_skin_reaction,"Chemprop v2 (D-MPNN, ensemble=3)",Chemprop v2,train,227,O=C1C=CC(=O)C=C1,1.0,0.7592299,
tdc_skin_reaction,"Chemprop v2 (D-MPNN, ensemble=3)",Chemprop v2,train,228,O=C1CCO1,1.0,0.6200325,
tdc_skin_reaction,"Chemprop v2 (D-MPNN, ensemble=3)",Chemprop v2,train,229,CC(=O)C(C)=O,1.0,0.7153394,
tdc_skin_reaction,"Chemprop v2 (D-MPNN, ensemble=3)",Chemprop v2,train,230,CCCCCCCCCCCCCCCC1=NC(C)(C)C(=O)O1,1.0,0.9633489,
tdc_skin_reaction,"Chemprop v2 (D-MPNN, ensemble=3)",Chemprop v2,train,231,CCCCCCCCCCCCCCCCCC1=NC(C)(C)C(=O)O1,1.0,0.97383577,
tdc_skin_reaction,"Chemprop v2 (D-MPNN, ensemble=3)",Chemprop v2,train,232,CCCCCCC1=NC(C)(C)C(=O)O1,1.0,0.84617823,
tdc_skin_reaction,"Chemprop v2 (D-MPNN, ensemble=3)",Chemprop v2,train,233,CCCCCCCCCC1=NC(C)(C)C(=O)O1,1.0,0.90255445,
tdc_skin_reaction,"Chemprop v2 (D-MPNN, ensemble=3)",Chemprop v2,train,234,C=C(C)C1CCC(C)=C(N=O)C1,1.0,0.7368551,
tdc_skin_reaction,"Chemprop v2 (D-MPNN, ensemble=3)",Chemprop v2,train,235,Clc1ccccc1C(c1ccccc1)(c1ccccc1)n1ccnc1,1.0,0.4026972,
tdc_skin_reaction,"Chemprop v2 (D-MPNN, ensemble=3)",Chemprop v2,train,236,C(=NC1CCCCC1)=NC1CCCCC1,1.0,0.63362336,
tdc_skin_reaction,"Chemprop v2 (D-MPNN, ensemble=3)",Chemprop v2,train,237,CCOC(=O)C=CC(=O)OCC,1.0,0.7869038,
tdc_skin_reaction,"Chemprop v2 (D-MPNN, ensemble=3)",Chemprop v2,train,238,COS(=O)(=O)OC,1.0,0.7060229,
tdc_skin_reaction,"Chemprop v2 (D-MPNN, ensemble=3)",Chemprop v2,train,239,CS(C)=O,1.0,0.65689796,
tdc_skin_reaction,"Chemprop v2 (D-MPNN, ensemble=3)",Chemprop v2,train,240,CN1C2CCC1CC(OS(C)(=O)=O)C2,1.0,0.5624055,
tdc_skin_reaction,"Chemprop v2 (D-MPNN, ensemble=3)",Chemprop v2,train,241,C=CC(=O)OCC(COC(=O)C=C)C(CC)OC(=O)C=C,1.0,0.8077205,
tdc_skin_reaction,"Chemprop v2 (D-MPNN, ensemble=3)",Chemprop v2,train,242,NCCN,1.0,0.6728881,
tdc_skin_reaction,"Chemprop v2 (D-MPNN, ensemble=3)",Chemprop v2,train,243,CC(C)=CCCC(C)=CCCC(C)=CC=O,1.0,0.9137652,
tdc_skin_reaction,"Chemprop v2 (D-MPNN, ensemble=3)",Chemprop v2,train,244,CC(C)=CCCC(C)=CCO,1.0,0.82514596,
tdc_skin_reaction,"Chemprop v2 (D-MPNN, ensemble=3)",Chemprop v2,train,245,O=CCCCC=O,1.0,0.74095196,
tdc_skin_reaction,"Chemprop v2 (D-MPNN, ensemble=3)",Chemprop v2,train,246,O=C(CS)OCC(O)CO,1.0,0.6310092,
tdc_skin_reaction,"Chemprop v2 (D-MPNN, ensemble=3)",Chemprop v2,train,247,O=CC=O,1.0,0.64087546,
tdc_skin_reaction,"Chemprop v2 (D-MPNN, ensemble=3)",Chemprop v2,train,248,NCCNCCO,1.0,0.6966362,
tdc_skin_reaction,"Chemprop v2 (D-MPNN, ensemble=3)",Chemprop v2,train,249,O=C(NCNC(=O)NC1C(=O)NC(=O)N1CO)NC1C(=O)NC(=O)N1CO,1.0,0.6665742,
tdc_skin_reaction,"Chemprop v2 (D-MPNN, ensemble=3)",Chemprop v2,train,250,CCCCNC(=O)OC#CCI,1.0,0.7529852,
tdc_skin_reaction,"Chemprop v2 (D-MPNN, ensemble=3)",Chemprop v2,train,251,CCCCCCCCCCCCOS(=O)(=O)O,1.0,0.9238498,
tdc_skin_reaction,"Chemprop v2 (D-MPNN, ensemble=3)",Chemprop v2,train,252,CCC=CCC=CCC=CCCCCCCCC(=O)O,1.0,0.93991023,
tdc_skin_reaction,"Chemprop v2 (D-MPNN, ensemble=3)",Chemprop v2,train,253,CCCCCCCCCCCCS(=O)(=O)OC,1.0,0.94518995,
tdc_skin_reaction,"Chemprop v2 (D-MPNN, ensemble=3)",Chemprop v2,train,254,CCCCCCCCCCCCCCCCS(=O)(=O)OC,1.0,0.9719205,
tdc_skin_reaction,"Chemprop v2 (D-MPNN, ensemble=3)",Chemprop v2,train,255,COS(C)(=O)=O,1.0,0.70773286,
tdc_skin_reaction,"Chemprop v2 (D-MPNN, ensemble=3)",Chemprop v2,train,256,COC(=O)C(C)=O,1.0,0.70865434,
tdc_skin_reaction,"Chemprop v2 (D-MPNN, ensemble=3)",Chemprop v2,train,257,CCCCCCCCCCCCCCCCC(CS(=O)(=O)O)C(=O)OC,1.0,0.97305346,
tdc_skin_reaction,"Chemprop v2 (D-MPNN, ensemble=3)",Chemprop v2,train,258,CCN(CC)CCN(Cc1ccc(-c2ccc(C(F)(F)F)cc2)cc1)C(=O)Cn1c(SCc2ccc(F)cc2)nc(=O)c2c1CCC2,1.0,0.43166992,
tdc_skin_reaction,"Chemprop v2 (D-MPNN, ensemble=3)",Chemprop v2,train,259,CCN(N=O)C(N)=O,1.0,0.73008394,
tdc_skin_reaction,"Chemprop v2 (D-MPNN, ensemble=3)",Chemprop v2,train,260,CC(C)N(C(=O)CNc1ccccc1Nc1ccccc1)c1ccccc1,1.0,0.43686187,
tdc_skin_reaction,"Chemprop v2 (D-MPNN, ensemble=3)",Chemprop v2,train,261,CN(N=O)C(N)=O,1.0,0.70900035,
tdc_skin_reaction,"Chemprop v2 (D-MPNN, ensemble=3)",Chemprop v2,train,262,CCCCCCCCC=CCCCCCCCCOS(C)(=O)=O,1.0,0.97388226,
tdc_skin_reaction,"Chemprop v2 (D-MPNN, ensemble=3)",Chemprop v2,train,263,COC1=CC=C2C3Cc4ccc(O)c5c4C2(CCN3C)C1O5,1.0,0.44589892,
tdc_skin_reaction,"Chemprop v2 (D-MPNN, ensemble=3)",Chemprop v2,train,264,O=C(O)C(=O)O,1.0,0.62308764,
tdc_skin_reaction,"Chemprop v2 (D-MPNN, ensemble=3)",Chemprop v2,train,265,O=c1[nH]cco1,1.0,0.5521013,
tdc_skin_reaction,"Chemprop v2 (D-MPNN, ensemble=3)",Chemprop v2,train,266,CC1(C)SC2C(NC(=O)Cc3ccccc3)C(=O)N2C1C(=O)O,1.0,0.4686853,
tdc_skin_reaction,"Chemprop v2 (D-MPNN, ensemble=3)",Chemprop v2,train,267,C=C(C)C1CC=C(C=O)CC1,1.0,0.7236689,
tdc_skin_reaction,"Chemprop v2 (D-MPNN, ensemble=3)",Chemprop v2,train,268,CC(C)(C)c1ccc(OCC2CO2)cc1,1.0,0.49461237,
tdc_skin_reaction,"Chemprop v2 (D-MPNN, ensemble=3)",Chemprop v2,train,269,c1ccncc1,1.0,0.5484608,
tdc_skin_reaction,"Chemprop v2 (D-MPNN, ensemble=3)",Chemprop v2,train,270,C=C(C)C1CC=C(C)C(=O)C1,1.0,0.74200326,
tdc_skin_reaction,"Chemprop v2 (D-MPNN, ensemble=3)",Chemprop v2,train,271,O=C(Oc1ccc([N+](=O)[O-])cc1)OC1COC2OCCC12,1.0,0.468611,
tdc_skin_reaction,"Chemprop v2 (D-MPNN, ensemble=3)",Chemprop v2,train,272,CCOC(=S)S,1.0,0.68609256,
tdc_skin_reaction,"Chemprop v2 (D-MPNN, ensemble=3)",Chemprop v2,train,273,CCCCCCCCCCCC(=O)OC(C)C(=O)OC(C)C(=O)O,1.0,0.9087029,
tdc_skin_reaction,"Chemprop v2 (D-MPNN, ensemble=3)",Chemprop v2,train,274,CC(C)=CCCC(C)=CCCC(C)=CCCC=C(C)CCC=C(C)CCC=C(C)C,1.0,0.9883747,
tdc_skin_reaction,"Chemprop v2 (D-MPNN, ensemble=3)",Chemprop v2,train,275,CN(C)C(=S)SSC(=S)N(C)C,1.0,0.8690396,
tdc_skin_reaction,"Chemprop v2 (D-MPNN, ensemble=3)",Chemprop v2,train,276,C=CCCCCCCCCC=O,1.0,0.8814929,
tdc_skin_reaction,"Chemprop v2 (D-MPNN, ensemble=3)",Chemprop v2,train,277,C=Cc1ccncc1,1.0,0.54337764,
tdc_skin_reaction,"Chemprop v2 (D-MPNN, ensemble=3)",Chemprop v2,train,278,C[N+](C)(C)c1ccc2c(c1)C(=NNc1ccc(N)c([N+](=O)[O-])c1)C(=O)C=C2,0.0,0.5152303,
tdc_skin_reaction,"Chemprop v2 (D-MPNN, ensemble=3)",Chemprop v2,train,279,CCCCCCCCC(=O)O,0.0,0.83535546,
tdc_skin_reaction,"Chemprop v2 (D-MPNN, ensemble=3)",Chemprop v2,train,280,CNC1C(OC2C(OC3C(O)C(O)C(NC(=N)N)C(O)C3NC(=N)N)OC(C)C2(O)C=O)OC(CO)C(O)C1O,0.0,0.31900528,
tdc_skin_reaction,"Chemprop v2 (D-MPNN, ensemble=3)",Chemprop v2,train,281,O=C1OC(=O)C2CCCCC12,1.0,0.5788794,
tdc_skin_reaction,"Chemprop v2 (D-MPNN, ensemble=3)",Chemprop v2,train,282,Cc1cc(=O)n(-c2ccccc2)[nH]1,1.0,0.49346888,
tdc_skin_reaction,"Chemprop v2 (D-MPNN, ensemble=3)",Chemprop v2,train,283,O=C(OOC(=O)c1ccccc1)c1ccccc1,1.0,0.4945859,
tdc_skin_reaction,"Chemprop v2 (D-MPNN, ensemble=3)",Chemprop v2,train,284,O=c1c(-c2ccccc2)c1-c1ccccc1,1.0,0.46998897,
tdc_skin_reaction,"Chemprop v2 (D-MPNN, ensemble=3)",Chemprop v2,train,285,Nc1ccc(N)c2c1C(=O)c1ccccc1C2=O,1.0,0.489966,
tdc_skin_reaction,"Chemprop v2 (D-MPNN, ensemble=3)",Chemprop v2,train,286,O=C1C=CC(=O)O1,1.0,0.71066976,
tdc_skin_reaction,"Chemprop v2 (D-MPNN, ensemble=3)",Chemprop v2,train,287,O=C1OC(=O)c2ccccc21,1.0,0.5481753,
tdc_skin_reaction,"Chemprop v2 (D-MPNN, ensemble=3)",Chemprop v2,train,288,O=c1c(O)c(O)c1=O,1.0,0.5485996,
tdc_skin_reaction,"Chemprop v2 (D-MPNN, ensemble=3)",Chemprop v2,test,0,CCOCc1cc(OC)c(B(O)O)c(OC)c1,0.0,0.49949083,
tdc_skin_reaction,"Chemprop v2 (D-MPNN, ensemble=3)",Chemprop v2,test,1,COc1cc(C(=O)CC(=O)C(C)(C)C)cc(OC)c1OC,0.0,0.6378104,
tdc_skin_reaction,"Chemprop v2 (D-MPNN, ensemble=3)",Chemprop v2,test,2,CNC(C)c1cc(C(F)(F)F)cc(C(F)(F)F)c1,0.0,0.47898173,
tdc_skin_reaction,"Chemprop v2 (D-MPNN, ensemble=3)",Chemprop v2,test,3,CCC(N)c1ccccc1,0.0,0.5363223,
tdc_skin_reaction,"Chemprop v2 (D-MPNN, ensemble=3)",Chemprop v2,test,4,O=C(O)C(=NOCc1ccccc1)C(=O)O,0.0,0.6106371,
tdc_skin_reaction,"Chemprop v2 (D-MPNN, ensemble=3)",Chemprop v2,test,5,CCCOc1ccc(Br)c(C(=O)O)c1,0.0,0.536128,
tdc_skin_reaction,"Chemprop v2 (D-MPNN, ensemble=3)",Chemprop v2,test,6,NS(=O)(=O)c1cccc(CCCCOCCCCCCBr)c1,0.0,0.8135732,
tdc_skin_reaction,"Chemprop v2 (D-MPNN, ensemble=3)",Chemprop v2,test,7,COc1ccc(C=O)cc1O,0.0,0.5194102,
tdc_skin_reaction,"Chemprop v2 (D-MPNN, ensemble=3)",Chemprop v2,test,8,CCCOc1cccc(C(=O)O)c1,0.0,0.5342586,
tdc_skin_reaction,"Chemprop v2 (D-MPNN, ensemble=3)",Chemprop v2,test,9,O=C(O)c1ccc(O)cc1,0.0,0.52596134,
tdc_skin_reaction,"Chemprop v2 (D-MPNN, ensemble=3)",Chemprop v2,test,10,COc1ccc(C(C)=O)cc1,0.0,0.53026676,
tdc_skin_reaction,"Chemprop v2 (D-MPNN, ensemble=3)",Chemprop v2,test,11,Cc1ccc(N)cc1S(N)(=O)=O,0.0,0.5489622,
tdc_skin_reaction,"Chemprop v2 (D-MPNN, ensemble=3)",Chemprop v2,test,12,COc1cc(CC#N)c([N+](=O)[O-])cc1C(F)(F)F,0.0,0.5058973,
tdc_skin_reaction,"Chemprop v2 (D-MPNN, ensemble=3)",Chemprop v2,test,13,Nc1ccccc1C(=O)O,0.0,0.5338327,
tdc_skin_reaction,"Chemprop v2 (D-MPNN, ensemble=3)",Chemprop v2,test,14,O=Cc1ccccc1,0.0,0.54466695,
tdc_skin_reaction,"Chemprop v2 (D-MPNN, ensemble=3)",Chemprop v2,test,15,CCOC(=O)c1ccc(N)cc1,0.0,0.5537257,
tdc_skin_reaction,"Chemprop v2 (D-MPNN, ensemble=3)",Chemprop v2,test,16,Clc1ccccc1,0.0,0.54630595,
tdc_skin_reaction,"Chemprop v2 (D-MPNN, ensemble=3)",Chemprop v2,test,17,CCOC(=O)c1ccccc1C(=O)OCC,0.0,0.5772709,
tdc_skin_reaction,"Chemprop v2 (D-MPNN, ensemble=3)",Chemprop v2,test,18,CCOC(=O)CC(=O)c1ccccc1,0.0,0.61710864,
tdc_skin_reaction,"Chemprop v2 (D-MPNN, ensemble=3)",Chemprop v2,test,19,CCOc1cc(C=O)ccc1O,0.0,0.5190284,
tdc_skin_reaction,"Chemprop v2 (D-MPNN, ensemble=3)",Chemprop v2,test,20,C=CCc1ccc(O)c(OC(C)C)c1,0.0,0.5164574,
tdc_skin_reaction,"Chemprop v2 (D-MPNN, ensemble=3)",Chemprop v2,test,21,CCC(=O)c1cccc(Cl)c1,0.0,0.55399793,
tdc_skin_reaction,"Chemprop v2 (D-MPNN, ensemble=3)",Chemprop v2,test,22,COC(=O)c1ccc(O)cc1,0.0,0.5350538,
tdc_skin_reaction,"Chemprop v2 (D-MPNN, ensemble=3)",Chemprop v2,test,23,COC(=O)c1ccccc1O,0.0,0.5345495,
tdc_skin_reaction,"Chemprop v2 (D-MPNN, ensemble=3)",Chemprop v2,test,24,CCOC(=O)C(Cc1ccc(O)cc1)NC(=O)OC(C)(C)C,0.0,0.61789185,
tdc_skin_reaction,"Chemprop v2 (D-MPNN, ensemble=3)",Chemprop v2,test,25,CCCOC(=O)c1ccc(O)cc1,0.0,0.5624956,
tdc_skin_reaction,"Chemprop v2 (D-MPNN, ensemble=3)",Chemprop v2,test,26,O=C(O)c1ccccc1O,0.0,0.5254596,
tdc_skin_reaction,"Chemprop v2 (D-MPNN, ensemble=3)",Chemprop v2,test,27,Nc1ccc(S(N)(=O)=O)cc1,0.0,0.54876107,
tdc_skin_reaction,"Chemprop v2 (D-MPNN, ensemble=3)",Chemprop v2,test,28,Nc1ccc(S(=O)(=O)O)cc1,0.0,0.53212905,
tdc_skin_reaction,"Chemprop v2 (D-MPNN, ensemble=3)",Chemprop v2,test,29,CC(C)(C)OC(=O)c1cccc(N)c1,0.0,0.5724204,
tdc_skin_reaction,"Chemprop v2 (D-MPNN, ensemble=3)",Chemprop v2,test,30,COc1cc(C=O)ccc1O,0.0,0.5194737,
tdc_skin_reaction,"Chemprop v2 (D-MPNN, ensemble=3)",Chemprop v2,test,31,CC=Cc1ccc(OC)cc1,1.0,0.53713816,
tdc_skin_reaction,"Chemprop v2 (D-MPNN, ensemble=3)",Chemprop v2,test,32,CCCCCC(=O)CC(=O)c1ccccc1,1.0,0.7441452,
tdc_skin_reaction,"Chemprop v2 (D-MPNN, ensemble=3)",Chemprop v2,test,33,CCc1ccc(CC)c(C(=O)CC(C)=O)c1,1.0,0.5833492,
tdc_skin_reaction,"Chemprop v2 (D-MPNN, ensemble=3)",Chemprop v2,test,34,CC(=O)CC(=O)c1cc(C)ccc1C,1.0,0.5884864,
tdc_skin_reaction,"Chemprop v2 (D-MPNN, ensemble=3)",Chemprop v2,test,35,O=[N+]([O-])c1ccc(Cl)c([N+](=O)[O-])c1,1.0,0.58143073,
tdc_skin_reaction,"Chemprop v2 (D-MPNN, ensemble=3)",Chemprop v2,test,36,Nc1ccc(NCCO)c([N+](=O)[O-])c1,1.0,0.54847044,
tdc_skin_reaction,"Chemprop v2 (D-MPNN, ensemble=3)",Chemprop v2,test,37,Nc1ccc(OCCO)c(N)c1,1.0,0.52396196,
tdc_skin_reaction,"Chemprop v2 (D-MPNN, ensemble=3)",Chemprop v2,test,38,Nc1ccccc1O,1.0,0.5337675,
tdc_skin_reaction,"Chemprop v2 (D-MPNN, ensemble=3)",Chemprop v2,test,39,O=Cc1cc(O)ccc1Br,1.0,0.53405005,
tdc_skin_reaction,"Chemprop v2 (D-MPNN, ensemble=3)",Chemprop v2,test,40,COc1cc(C)ccc1O,1.0,0.5199451,
tdc_skin_reaction,"Chemprop v2 (D-MPNN, ensemble=3)",Chemprop v2,test,41,Nc1ccc(N)c([N+](=O)[O-])c1,1.0,0.55585504,
tdc_skin_reaction,"Chemprop v2 (D-MPNN, ensemble=3)",Chemprop v2,test,42,CCCCCCCCC(=O)NCCC(CCC(=O)O)c1ccccc1S(=O)(=O)O,1.0,0.8423863,
tdc_skin_reaction,"Chemprop v2 (D-MPNN, ensemble=3)",Chemprop v2,test,43,Nc1ccc(Cl)c(Cl)c1,1.0,0.5392397,
tdc_skin_reaction,"Chemprop v2 (D-MPNN, ensemble=3)",Chemprop v2,test,44,C=CCc1cc(C)c(OC)c(O)c1,1.0,0.51605433,
tdc_skin_reaction,"Chemprop v2 (D-MPNN, ensemble=3)",Chemprop v2,test,45,O=C(CC(=O)C(F)(F)F)c1ccccc1,1.0,0.6006531,
tdc_skin_reaction,"Chemprop v2 (D-MPNN, ensemble=3)",Chemprop v2,test,46,C=CCc1ccc(OC)cc1,1.0,0.5351917,
tdc_skin_reaction,"Chemprop v2 (D-MPNN, ensemble=3)",Chemprop v2,test,47,CNc1ccc(O)cc1,1.0,0.52727383,
tdc_skin_reaction,"Chemprop v2 (D-MPNN, ensemble=3)",Chemprop v2,test,48,Nc1ccc(N)cc1,1.0,0.54143673,
tdc_skin_reaction,"Chemprop v2 (D-MPNN, ensemble=3)",Chemprop v2,test,49,Cc1ccc(N)cc1O,1.0,0.528007,
tdc_skin_reaction,"Chemprop v2 (D-MPNN, ensemble=3)",Chemprop v2,test,50,C=CCc1cc(OC)c(O)cc1C,1.0,0.5167445,
tdc_skin_reaction,"Chemprop v2 (D-MPNN, ensemble=3)",Chemprop v2,test,51,C=CCc1cc(C)c(O)c(OC)c1,1.0,0.51566696,
tdc_skin_reaction,"Chemprop v2 (D-MPNN, ensemble=3)",Chemprop v2,test,52,CC=Cc1cc(C)c(O)c(OC)c1,1.0,0.5179587,
tdc_skin_reaction,"Chemprop v2 (D-MPNN, ensemble=3)",Chemprop v2,test,53,CCCCCC(C=O)=Cc1ccccc1,1.0,0.7397614,
tdc_skin_reaction,"Chemprop v2 (D-MPNN, ensemble=3)",Chemprop v2,test,54,CCCCC(C=O)=Cc1ccccc1,1.0,0.7049115,
tdc_skin_reaction,"Chemprop v2 (D-MPNN, ensemble=3)",Chemprop v2,test,55,CCCCCCC(C=O)=Cc1ccccc1,1.0,0.7717903,
tdc_skin_reaction,"Chemprop v2 (D-MPNN, ensemble=3)",Chemprop v2,test,56,CC(C=O)=Cc1ccccc1,1.0,0.5974825,
tdc_skin_reaction,"Chemprop v2 (D-MPNN, ensemble=3)",Chemprop v2,test,57,CC(C=O)c1ccccc1,1.0,0.5317325,
tdc_skin_reaction,"Chemprop v2 (D-MPNN, ensemble=3)",Chemprop v2,test,58,Nc1ccccc1,1.0,0.5458484,
tdc_skin_reaction,"Chemprop v2 (D-MPNN, ensemble=3)",Chemprop v2,test,59,BrCc1ccccc1,1.0,0.54325825,
tdc_skin_reaction,"Chemprop v2 (D-MPNN, ensemble=3)",Chemprop v2,test,60,CC(=O)C=Cc1ccccc1,1.0,0.601741,
tdc_skin_reaction,"Chemprop v2 (D-MPNN, ensemble=3)",Chemprop v2,test,61,OCC=Cc1ccccc1,1.0,0.5592552,
tdc_skin_reaction,"Chemprop v2 (D-MPNN, ensemble=3)",Chemprop v2,test,62,O=CC=Cc1ccccc1,1.0,0.56954116,
tdc_skin_reaction,"Chemprop v2 (D-MPNN, ensemble=3)",Chemprop v2,test,63,CC(C=O)Cc1ccc(C(C)C)cc1,1.0,0.5412586,
tdc_skin_reaction,"Chemprop v2 (D-MPNN, ensemble=3)",Chemprop v2,test,64,CCCc1ccc(O)c(OC)c1,1.0,0.522177,
tdc_skin_reaction,"Chemprop v2 (D-MPNN, ensemble=3)",Chemprop v2,test,65,CC=CC(=O)Oc1c(C(C)CCCCCC)cc([N+](=O)[O-])cc1[N+](=O)[O-],1.0,0.747657,
tdc_skin_reaction,"Chemprop v2 (D-MPNN, ensemble=3)",Chemprop v2,test,66,C=CCc1ccc(O)c(OC)c1,1.0,0.52159804,
tdc_skin_reaction,"Chemprop v2 (D-MPNN, ensemble=3)",Chemprop v2,test,67,CC=Cc1ccc(O)c(OC)c1,1.0,0.5239237,
tdc_skin_reaction,"Chemprop v2 (D-MPNN, ensemble=3)",Chemprop v2,test,68,CC=Cc1ccc(O)c(OC(C)C)c1,1.0,0.51875746,
tdc_skin_reaction,"Chemprop v2 (D-MPNN, ensemble=3)",Chemprop v2,test,69,CCCCCCCCCCCCOC(=O)c1cc(O)c(O)c(O)c1,1.0,0.83863705,
tdc_skin_reaction,"Chemprop v2 (D-MPNN, ensemble=3)",Chemprop v2,test,70,CNc1cccc(NC)c1,1.0,0.52636117,
tdc_skin_reaction,"Chemprop v2 (D-MPNN, ensemble=3)",Chemprop v2,test,71,COc1ccc(NC(=O)CC(C)=O)cc1,1.0,0.5947053,
tdc_skin_reaction,"Chemprop v2 (D-MPNN, ensemble=3)",Chemprop v2,test,72,Oc1cccc(O)c1,1.0,0.52897954,
tdc_skin_reaction,"Chemprop v2 (D-MPNN, ensemble=3)",Chemprop v2,test,73,COc1ccc(C=O)cc1OC,1.0,0.518756,
tdc_skin_reaction,"Chemprop v2 (D-MPNN, ensemble=3)",Chemprop v2,test,74,O=Cc1cc(O)ccc1C=C(CC(=O)O)C(=O)O,1.0,0.59938824,
tdc_skin_reaction,"Chemprop v2 (D-MPNN, ensemble=3)",Chemprop v2,test,75,CC(=O)CC(=O)c1cc(C)c(C)c(C)c1C,1.0,0.57869154,
tdc_skin_reaction,"Chemprop v2 (D-MPNN, ensemble=3)",Chemprop v2,test,76,CCC(=O)C=Cc1ccc(OC)cc1,1.0,0.6201314,
tdc_skin_reaction,"Chemprop v2 (D-MPNN, ensemble=3)",Chemprop v2,test,77,Oc1ccc(O)cc1,1.0,0.52856916,
tdc_skin_reaction,"Chemprop v2 (D-MPNN, ensemble=3)",Chemprop v2,test,78,CC(=O)C(=O)c1ccccc1,1.0,0.58431774,
tdc_skin_reaction,"Chemprop v2 (D-MPNN, ensemble=3)",Chemprop v2,test,79,CC(=O)C(C)C(=O)c1ccccc1,1.0,0.595452,
tdc_skin_reaction,"Chemprop v2 (D-MPNN, ensemble=3)",Chemprop v2,test,80,O=[N+]([O-])c1ccc(S(=O)(=O)O)c([N+](=O)[O-])c1,1.0,0.57932144,
tdc_skin_reaction,"Chemprop v2 (D-MPNN, ensemble=3)",Chemprop v2,test,81,Cc1cc(N)ccc1N,1.0,0.53614384,
tdc_skin_reaction,"Chemprop v2 (D-MPNN, ensemble=3)",Chemprop v2,test,82,Nc1cc([N+](=O)[O-])cc(Cl)c1O,1.0,0.53768545,
tdc_skin_reaction,"Chemprop v2 (D-MPNN, ensemble=3)",Chemprop v2,test,83,Cc1ccc(NCCO)cc1O,1.0,0.5205832,
tdc_skin_reaction,"Chemprop v2 (D-MPNN, ensemble=3)",Chemprop v2,test,84,Nc1cccc(O)c1,1.0,0.5351572,
tdc_skin_reaction,"Chemprop v2 (D-MPNN, ensemble=3)",Chemprop v2,test,85,O=C(Cl)c1ccc(F)c(Cl)c1,1.0,0.53662825,
tdc_skin_reaction,"Chemprop v2 (D-MPNN, ensemble=3)",Chemprop v2,test,86,CCOC(=O)CC(=O)c1cc(C)c(C)c(C)c1C,1.0,0.596772,
tdc_skin_reaction,"Chemprop v2 (D-MPNN, ensemble=3)",Chemprop v2,test,87,CC=Cc1ccc(O)c(OC)c1C,1.0,0.51908094,
tdc_skin_reaction,"Chemprop v2 (D-MPNN, ensemble=3)",Chemprop v2,test,88,Nc1cccc(N)c1,1.0,0.5418522,
tdc_skin_reaction,"Chemprop v2 (D-MPNN, ensemble=3)",Chemprop v2,test,89,CCOC(=O)c1ccc(CBr)cc1,1.0,0.55087763,
tdc_skin_reaction,"Chemprop v2 (D-MPNN, ensemble=3)",Chemprop v2,test,90,CCN(CCNS(C)(=O)=O)c1ccc(N)c(C)c1,1.0,0.66497046,
tdc_skin_reaction,"Chemprop v2 (D-MPNN, ensemble=3)",Chemprop v2,test,91,N#CSc1ccc(N)c([N+](=O)[O-])c1,1.0,0.5481523,
tdc_skin_reaction,"Chemprop v2 (D-MPNN, ensemble=3)",Chemprop v2,test,92,O=[N+]([O-])c1ccc(CBr)cc1,1.0,0.54997885,
tdc_skin_reaction,"Chemprop v2 (D-MPNN, ensemble=3)",Chemprop v2,test,93,CC(C)CC=C(C=O)c1ccccc1,1.0,0.64050156,
tdc_skin_reaction,"Chemprop v2 (D-MPNN, ensemble=3)",Chemprop v2,test,94,CCCCCCCCCCCCCC[N+](C)(C)Cc1ccccc1,1.0,0.9290245,
tdc_skin_reaction,"Chemprop v2 (D-MPNN, ensemble=3)",Chemprop v2,test,95,N#Cc1c(Cl)c(Cl)c(Cl)c(C#N)c1Cl,1.0,0.52107143,
tdc_skin_reaction,"Chemprop v2 (D-MPNN, ensemble=3)",Chemprop v2,test,96,CCCc1ccc(OC)c(O)c1,1.0,0.5217376,
tdc_skin_reaction,"Chemprop v2 (D-MPNN, ensemble=3)",Chemprop v2,test,97,CCOC(=O)c1ccc(I)cc1,1.0,0.5550816,
tdc_skin_reaction,"Chemprop v2 (D-MPNN, ensemble=3)",Chemprop v2,test,98,CC=Cc1ccc(OC(C)C)c(OC)c1,1.0,0.51834184,
tdc_skin_reaction,"Chemprop v2 (D-MPNN, ensemble=3)",Chemprop v2,test,99,COC(=O)c1ccc(CBr)cc1,1.0,0.539851,
tdc_skin_reaction,"Chemprop v2 (D-MPNN, ensemble=3)",Chemprop v2,test,100,NCc1cccc(CN)c1,1.0,0.5328123,
tdc_skin_reaction,"Chemprop v2 (D-MPNN, ensemble=3)",Chemprop v2,test,101,CC(C)N(C(=N)N)C(=N)Nc1ccc(Cl)c(Cl)c1,1.0,0.5883419,
tdc_skin_reaction,"Chemprop v2 (D-MPNN, ensemble=3)",Chemprop v2,test,102,Oc1c(Cl)c(Cl)c(Cl)c(Cl)c1Cl,1.0,0.52791923,
tdc_skin_reaction,"Chemprop v2 (D-MPNN, ensemble=3)",Chemprop v2,test,103,O=CCc1ccccc1,1.0,0.5454695,
tdc_skin_reaction,"Chemprop v2 (D-MPNN, ensemble=3)",Chemprop v2,test,104,Cc1ccc(CCC=O)cc1,1.0,0.55979127,
tdc_skin_reaction,"Chemprop v2 (D-MPNN, ensemble=3)",Chemprop v2,test,105,CC(C=O)Cc1ccc(C(C)(C)C)cc1,1.0,0.5416475,
tdc_skin_reaction,"Chemprop v2 (D-MPNN, ensemble=3)",Chemprop v2,test,106,CC(CC(=O)Oc1ccc(S(=O)(=O)O)cc1)CC(C)(C)C,1.0,0.6725685,
tdc_skin_reaction,"Chemprop v2 (D-MPNN, ensemble=3)",Chemprop v2,test,107,CCCN(CCC)c1c([N+](=O)[O-])cc(C(F)(F)F)cc1[N+](=O)[O-],1.0,0.6376384,
tdc_skin_reaction,"Chemprop v2 (D-MPNN, ensemble=3)",Chemprop v2,test,108,CCOC(=O)C(C)(C)Oc1ccc(Cl)cc1,0.0,0.56848997,
tdc_skin_reaction,"Chemprop v2 (D-MPNN, ensemble=3)",Chemprop v2,test,109,Cc1cccc(O)c1O,1.0,0.52012545,
tdc_skin_reaction,"Chemprop v2 (D-MPNN, ensemble=3)",Chemprop v2,test,110,Cc1cc(O)ccc1N,1.0,0.52938235,
tdc_skin_reaction,"Chemprop v2 (D-MPNN, ensemble=3)",Chemprop v2,test,111,O=C(O)Cc1ccc(C(=O)O)cc1,1.0,0.5265456,
tdc_skin_reaction,"Chemprop v2 (D-MPNN, ensemble=3)",Chemprop v2,test,112,Nc1ccc(N(CO)CCO)cc1[N+](=O)[O-],1.0,0.5387517,
tdc_skin_reaction,"Chemprop v2 (D-MPNN, ensemble=3)",Chemprop v2,test,113,CN(C)c1ccc(N=O)cc1,1.0,0.5295215,
tdc_skin_reaction,"Chemprop v2 (D-MPNN, ensemble=3)",Chemprop v2,test,114,CCCOC(=O)c1cc(O)c(O)c(O)c1,1.0,0.53103614,
tdc_skin_reaction,"Chemprop v2 (D-MPNN + RDKit2D, ensemble=3)",Chemprop v2,train,0,CC(=O)OCC(=O)C1(O)C(C)CC2C3CCC4=CC(=O)C=CC4(C)C3=CCC21C,0.0,0.37905073,
tdc_skin_reaction,"Chemprop v2 (D-MPNN + RDKit2D, ensemble=3)",Chemprop v2,train,1,CCCOc1ccc(Br)c(C(=O)c2ccc(OC)cc2O)c1,0.0,0.44073424,
tdc_skin_reaction,"Chemprop v2 (D-MPNN + RDKit2D, ensemble=3)",Chemprop v2,train,2,CC=C(C)C=O,0.0,0.63579726,
tdc_skin_reaction,"Chemprop v2 (D-MPNN + RDKit2D, ensemble=3)",Chemprop v2,train,3,O=C1C([PH](c2ccccc2)(c2ccccc2)c2ccccc2)CCN1c1ccccc1,0.0,0.55007356,
tdc_skin_reaction,"Chemprop v2 (D-MPNN + RDKit2D, ensemble=3)",Chemprop v2,train,4,C=C(C=CCC(C)C)CC,0.0,0.64451104,
tdc_skin_reaction,"Chemprop v2 (D-MPNN + RDKit2D, ensemble=3)",Chemprop v2,train,5,C=CC1(C)CC(OC(=O)CSC2CC3CCC(C2)N3C)C2(C)C(C)CCC3(CCC(=O)C32)C(C)C1O,0.0,0.3871707,
tdc_skin_reaction,"Chemprop v2 (D-MPNN + RDKit2D, ensemble=3)",Chemprop v2,train,6,CCCCc1ccc(C(=O)CC(=O)c2cc(C)c(C)c(C)c2C)cc1,0.0,0.43940285,
tdc_skin_reaction,"Chemprop v2 (D-MPNN + RDKit2D, ensemble=3)",Chemprop v2,train,7,CC(C)(CC1Cc2ccccc2C1)NCC(O)COc1cc(CCC(=O)O)cc(F)c1F,0.0,0.3645923,
tdc_skin_reaction,"Chemprop v2 (D-MPNN + RDKit2D, ensemble=3)",Chemprop v2,train,8,CCOc1ccc(C(=O)Cc2ccc(S(C)(=O)=O)cc2)cc1,0.0,0.42185235,
tdc_skin_reaction,"Chemprop v2 (D-MPNN + RDKit2D, ensemble=3)",Chemprop v2,train,9,CC(C)(C)OC(=O)N1CC(F)CC1C(N)=O,0.0,0.44820285,
tdc_skin_reaction,"Chemprop v2 (D-MPNN + RDKit2D, ensemble=3)",Chemprop v2,train,10,CC(C)(C)OC(=O)N1CC(F)CC1C(=O)O,0.0,0.46148077,
tdc_skin_reaction,"Chemprop v2 (D-MPNN + RDKit2D, ensemble=3)",Chemprop v2,train,11,Cc1nc(COc2ccc(CC(NC(=O)OC(C)(C)C)C3CO3)cc2)cs1,0.0,0.3885907,
tdc_skin_reaction,"Chemprop v2 (D-MPNN + RDKit2D, ensemble=3)",Chemprop v2,train,12,CC(C)(C)OC(=O)NC(C(=O)N1CC(F)CC1C#N)C(c1ccc(F)cc1)c1ccc(F)cc1,0.0,0.3336644,
tdc_skin_reaction,"Chemprop v2 (D-MPNN + RDKit2D, ensemble=3)",Chemprop v2,train,13,O=c1[nH]c(=S)[nH]c2c1CCC2,0.0,0.5185492,
tdc_skin_reaction,"Chemprop v2 (D-MPNN + RDKit2D, ensemble=3)",Chemprop v2,train,14,Cc1ccc(C)c(C(=O)CC(=O)c2cc(C)ccc2C)c1,0.0,0.4480051,
tdc_skin_reaction,"Chemprop v2 (D-MPNN + RDKit2D, ensemble=3)",Chemprop v2,train,15,CC1C(c2ccccc2)NC(=O)N1C,0.0,0.5034349,
tdc_skin_reaction,"Chemprop v2 (D-MPNN + RDKit2D, ensemble=3)",Chemprop v2,train,16,CCCOc1ccc2c(c1)C(O)(c1ccc(OC)cc1OCc1ccccc1)C(C(=O)N1C(=O)N(C)C(C)C1c1ccccc1)C2c1ccc2c(c1)OCO2,0.0,0.18882549,
tdc_skin_reaction,"Chemprop v2 (D-MPNN + RDKit2D, ensemble=3)",Chemprop v2,train,17,N#CC1CC(F)CN1C(=O)C(N)C(c1ccc(F)cc1)c1ccc(F)cc1,0.0,0.38837993,
tdc_skin_reaction,"Chemprop v2 (D-MPNN + RDKit2D, ensemble=3)",Chemprop v2,train,18,CCCOc1ccc(C=CC(=O)N2C(=O)N(C)C(C)C2c2ccccc2)c(C(=O)c2ccc(OC)cc2OCc2ccccc2)c1,0.0,0.27244002,
tdc_skin_reaction,"Chemprop v2 (D-MPNN + RDKit2D, ensemble=3)",Chemprop v2,train,19,COc1ccc(C2(C#N)CCC(=O)CC2)cc1OC1CCCC1,0.0,0.39918685,
tdc_skin_reaction,"Chemprop v2 (D-MPNN + RDKit2D, ensemble=3)",Chemprop v2,train,20,CC(=O)c1ccc(Cc2ccc(F)cc2)o1,0.0,0.48113537,
tdc_skin_reaction,"Chemprop v2 (D-MPNN + RDKit2D, ensemble=3)",Chemprop v2,train,21,CCOc1ccc(-c2nn3ncccc3c2-c2ccc(S(C)(=O)=O)cc2)cc1,0.0,0.3907309,
tdc_skin_reaction,"Chemprop v2 (D-MPNN + RDKit2D, ensemble=3)",Chemprop v2,train,22,CC(=O)CCCN1C(=O)c2ccccc2C1=O,0.0,0.49345973,
tdc_skin_reaction,"Chemprop v2 (D-MPNN + RDKit2D, ensemble=3)",Chemprop v2,train,23,CC(C)(C)N(Cc1ccccc1)CC(O)c1ccc(O)c(CO)c1,0.0,0.4422277,
tdc_skin_reaction,"Chemprop v2 (D-MPNN + RDKit2D, ensemble=3)",Chemprop v2,train,24,Cc1nc(COc2ccc(CC(NC(=O)OC3COC4OCCC34)C(O)CN(CC(C)C)S(=O)(=O)c3ccc4c(c3)OCO4)cc2)cs1,0.0,0.22874862,
tdc_skin_reaction,"Chemprop v2 (D-MPNN + RDKit2D, ensemble=3)",Chemprop v2,train,25,CC(C)N(C(=O)Cn1c(=O)c(=NOCc2ccccc2)c(=O)n(-c2ccccc2)c2ccccc21)c1ccccc1,0.0,0.3218263,
tdc_skin_reaction,"Chemprop v2 (D-MPNN + RDKit2D, ensemble=3)",Chemprop v2,train,26,Cc1c2ccc(N)cc2nn1C,0.0,0.52957463,
tdc_skin_reaction,"Chemprop v2 (D-MPNN + RDKit2D, ensemble=3)",Chemprop v2,train,27,COc1cc(C)c2c(Oc3cccc(C(F)(F)F)c3)c(OC)cc(N)c2n1,0.0,0.38689852,
tdc_skin_reaction,"Chemprop v2 (D-MPNN + RDKit2D, ensemble=3)",Chemprop v2,train,28,COc1cc(C)c2c(Oc3cccc(C(F)(F)F)c3)c(OC)cc(NC(C)CCCN3C(=O)c4ccccc4C3=O)c2n1,0.0,0.28514242,
tdc_skin_reaction,"Chemprop v2 (D-MPNN + RDKit2D, ensemble=3)",Chemprop v2,train,29,CC(=O)C1CCCCC1=O,0.0,0.5397611,
tdc_skin_reaction,"Chemprop v2 (D-MPNN + RDKit2D, ensemble=3)",Chemprop v2,train,30,CS(=O)(=O)CCN,0.0,0.5621097,
tdc_skin_reaction,"Chemprop v2 (D-MPNN + RDKit2D, ensemble=3)",Chemprop v2,train,31,COc1ccc2nc(Cl)cc(C)c2c1,0.0,0.52924913,
tdc_skin_reaction,"Chemprop v2 (D-MPNN + RDKit2D, ensemble=3)",Chemprop v2,train,32,C=C(C)C(=O)OCC(C)O,0.0,0.5700256,
tdc_skin_reaction,"Chemprop v2 (D-MPNN + RDKit2D, ensemble=3)",Chemprop v2,train,33,CCC(C)C1C(=O)NC(C2Cc3ccccc3C2)C(=O)N1C(C(=O)N1CCOCC1)c1coc(C)n1,0.0,0.25937545,
tdc_skin_reaction,"Chemprop v2 (D-MPNN + RDKit2D, ensemble=3)",Chemprop v2,train,34,CC(C)N(C(=O)CN1C(=O)C(N)C(=O)N(c2ccccc2)c2ccccc21)c1ccccc1,0.0,0.36600986,
tdc_skin_reaction,"Chemprop v2 (D-MPNN + RDKit2D, ensemble=3)",Chemprop v2,train,35,O=C(O)c1c(O)c(-c2ccccc2)nc2ccccc12,0.0,0.45966318,
tdc_skin_reaction,"Chemprop v2 (D-MPNN + RDKit2D, ensemble=3)",Chemprop v2,train,36,CC1C=CC(C(C)C)CC1,0.0,0.62892157,
tdc_skin_reaction,"Chemprop v2 (D-MPNN + RDKit2D, ensemble=3)",Chemprop v2,train,37,O=Cc1ccc(-c2ccc(C(F)(F)F)cc2)cc1,0.0,0.5229883,
tdc_skin_reaction,"Chemprop v2 (D-MPNN + RDKit2D, ensemble=3)",Chemprop v2,train,38,CCCCN1C(=O)C(C(O)C2CCCCC2)NC(=O)C12CCN(Cc1ccc(Oc3ccc(C(=O)O)cc3)cc1)CC2,0.0,0.2493906,
tdc_skin_reaction,"Chemprop v2 (D-MPNN + RDKit2D, ensemble=3)",Chemprop v2,train,39,COc1ccc(C2(C#N)CCC(C(=O)O)CC2)cc1OC1CCCC1,0.0,0.38211015,
tdc_skin_reaction,"Chemprop v2 (D-MPNN + RDKit2D, ensemble=3)",Chemprop v2,train,40,NC(=O)C1CC(F)CN1,0.0,0.53893256,
tdc_skin_reaction,"Chemprop v2 (D-MPNN + RDKit2D, ensemble=3)",Chemprop v2,train,41,C=C1CC(C(=C)C)CCC1C,0.0,0.60963374,
tdc_skin_reaction,"Chemprop v2 (D-MPNN + RDKit2D, ensemble=3)",Chemprop v2,train,42,C=C1CCC(C(C)C)CC1,0.0,0.6150033,
tdc_skin_reaction,"Chemprop v2 (D-MPNN + RDKit2D, ensemble=3)",Chemprop v2,train,43,Cc1ccc(Nc2nccc(N(C)c3ccc4c(C)n(C)nc4c3)n2)cc1S(N)(=O)=O,0.0,0.3442962,
tdc_skin_reaction,"Chemprop v2 (D-MPNN + RDKit2D, ensemble=3)",Chemprop v2,train,44,COc1cc(C)c2c(Cl)c(OC)ccc2n1,0.0,0.49491838,
tdc_skin_reaction,"Chemprop v2 (D-MPNN + RDKit2D, ensemble=3)",Chemprop v2,train,45,Cc1cc2c(cc1C(F)(F)F)NCC2,0.0,0.52152735,
tdc_skin_reaction,"Chemprop v2 (D-MPNN + RDKit2D, ensemble=3)",Chemprop v2,train,46,OCCCCCCCl,0.0,0.6120748,
tdc_skin_reaction,"Chemprop v2 (D-MPNN + RDKit2D, ensemble=3)",Chemprop v2,train,47,C=CC1(C)CC(OC(=O)CO)C2(C)C(C)CCC3(CCC(=O)C32)C(C)C1O,0.0,0.37062278,
tdc_skin_reaction,"Chemprop v2 (D-MPNN + RDKit2D, ensemble=3)",Chemprop v2,train,48,O=c1[nH]cnc2ccc(I)cc12,0.0,0.5428095,
tdc_skin_reaction,"Chemprop v2 (D-MPNN + RDKit2D, ensemble=3)",Chemprop v2,train,49,COc1ccc2[nH]c(=O)cc(C)c2c1,0.0,0.5031643,
tdc_skin_reaction,"Chemprop v2 (D-MPNN + RDKit2D, ensemble=3)",Chemprop v2,train,50,COc1cc(N)c2nccc(C)c2c1,0.0,0.51741296,
tdc_skin_reaction,"Chemprop v2 (D-MPNN + RDKit2D, ensemble=3)",Chemprop v2,train,51,Cc1ccc2oc(=O)ccc2c1,0.0,0.5487005,
tdc_skin_reaction,"Chemprop v2 (D-MPNN + RDKit2D, ensemble=3)",Chemprop v2,train,52,COc1ccc(Nc2ccc(CCNCC(O)c3ccc(O)c4[nH]c(=O)ccc34)cc2)cc1-c1ccccc1,0.0,0.31885675,
tdc_skin_reaction,"Chemprop v2 (D-MPNN + RDKit2D, ensemble=3)",Chemprop v2,train,53,O=C(O)CCCCC(=O)O,0.0,0.529417,
tdc_skin_reaction,"Chemprop v2 (D-MPNN + RDKit2D, ensemble=3)",Chemprop v2,train,54,CCNc1nc(Cl)nc(NC(C)C)n1,0.0,0.49247956,
tdc_skin_reaction,"Chemprop v2 (D-MPNN + RDKit2D, ensemble=3)",Chemprop v2,train,55,CCCCBr,0.0,0.65473574,
tdc_skin_reaction,"Chemprop v2 (D-MPNN + RDKit2D, ensemble=3)",Chemprop v2,train,56,CCCCCCCCCBr,0.0,0.65867275,
tdc_skin_reaction,"Chemprop v2 (D-MPNN + RDKit2D, ensemble=3)",Chemprop v2,train,57,C=C1CC=C(C(C)C)CC1,0.0,0.62695235,
tdc_skin_reaction,"Chemprop v2 (D-MPNN + RDKit2D, ensemble=3)",Chemprop v2,train,58,CCCCO,0.0,0.62852544,
tdc_skin_reaction,"Chemprop v2 (D-MPNN + RDKit2D, ensemble=3)",Chemprop v2,train,59,CCCCCCCCCCl,0.0,0.6498175,
tdc_skin_reaction,"Chemprop v2 (D-MPNN + RDKit2D, ensemble=3)",Chemprop v2,train,60,CCC1OC(=O)C(C)C(OC2CC(C)(OC)C(O)C(C)O2)C(C)C(OC2OC(C)CC(N(C)C)C2O)C(C)(OC)CC(C)C(=O)C(C)C(O)C1(C)O,0.0,0.23751217,
tdc_skin_reaction,"Chemprop v2 (D-MPNN + RDKit2D, ensemble=3)",Chemprop v2,train,61,O=c1ccc2ccccc2o1,0.0,0.56615144,
tdc_skin_reaction,"Chemprop v2 (D-MPNN + RDKit2D, ensemble=3)",Chemprop v2,train,62,Nc1cc[nH]c(=O)n1,0.0,0.5445626,
tdc_skin_reaction,"Chemprop v2 (D-MPNN + RDKit2D, ensemble=3)",Chemprop v2,train,63,COC(=O)CCC(C#N)(CCC(=O)OC)c1ccc(OC)c(OC2CCCC2)c1,0.0,0.3620974,
tdc_skin_reaction,"Chemprop v2 (D-MPNN + RDKit2D, ensemble=3)",Chemprop v2,train,64,COC(=O)OC,0.0,0.5940588,
tdc_skin_reaction,"Chemprop v2 (D-MPNN + RDKit2D, ensemble=3)",Chemprop v2,train,65,CCOC(=O)C(=NOC(C)(C)C(=O)OC(C)(C)C)c1csc(NC(c2ccccc2)(c2ccccc2)c2ccccc2)n1,0.0,0.34390643,
tdc_skin_reaction,"Chemprop v2 (D-MPNN + RDKit2D, ensemble=3)",Chemprop v2,train,66,CCOC(=O)c1nnc[nH]1,0.0,0.5336611,
tdc_skin_reaction,"Chemprop v2 (D-MPNN + RDKit2D, ensemble=3)",Chemprop v2,train,67,CCOC(=O)CC(=O)c1cc(F)c(Cl)nc1Cl,0.0,0.49850067,
tdc_skin_reaction,"Chemprop v2 (D-MPNN + RDKit2D, ensemble=3)",Chemprop v2,train,68,O=C(O)C=CC(=O)O,0.0,0.5549801,
tdc_skin_reaction,"Chemprop v2 (D-MPNN + RDKit2D, ensemble=3)",Chemprop v2,train,69,O=C(C(=O)c1ccco1)c1ccco1,0.0,0.4739214,
tdc_skin_reaction,"Chemprop v2 (D-MPNN + RDKit2D, ensemble=3)",Chemprop v2,train,70,OCC(O)CO,0.0,0.5815267,
tdc_skin_reaction,"Chemprop v2 (D-MPNN + RDKit2D, ensemble=3)",Chemprop v2,train,71,CCCCCC,0.0,0.6606429,
tdc_skin_reaction,"Chemprop v2 (D-MPNN + RDKit2D, ensemble=3)",Chemprop v2,train,72,CCCCCCI,0.0,0.6631661,
tdc_skin_reaction,"Chemprop v2 (D-MPNN + RDKit2D, ensemble=3)",Chemprop v2,train,73,CCCCCCCCCCCCCCCCCCI,0.0,0.6940513,
tdc_skin_reaction,"Chemprop v2 (D-MPNN + RDKit2D, ensemble=3)",Chemprop v2,train,74,CC(C)O,0.0,0.61794233,
tdc_skin_reaction,"Chemprop v2 (D-MPNN + RDKit2D, ensemble=3)",Chemprop v2,train,75,CC(C)N(C#N)C#N,0.0,0.559742,
tdc_skin_reaction,"Chemprop v2 (D-MPNN + RDKit2D, ensemble=3)",Chemprop v2,train,76,NCC1OC(OC2C(N)CC(N)C(OC3OC(CO)C(O)C(N)C3O)C2O)C(O)C(O)C1O,0.0,0.26267484,
tdc_skin_reaction,"Chemprop v2 (D-MPNN + RDKit2D, ensemble=3)",Chemprop v2,train,77,CC(O)C(=O)O,0.0,0.5710559,
tdc_skin_reaction,"Chemprop v2 (D-MPNN + RDKit2D, ensemble=3)",Chemprop v2,train,78,Cc1c2ccc(Nc3ccnc(Cl)n3)cc2nn1C,0.0,0.46211612,
tdc_skin_reaction,"Chemprop v2 (D-MPNN + RDKit2D, ensemble=3)",Chemprop v2,train,79,Cc1c2ccc(N(C)c3ccnc(Cl)n3)cc2nn1C,0.0,0.46889654,
tdc_skin_reaction,"Chemprop v2 (D-MPNN + RDKit2D, ensemble=3)",Chemprop v2,train,80,CCCCN1CCC(CNC(=O)c2c3n(c4ccccc24)CCCO3)CC1,0.0,0.39379427,
tdc_skin_reaction,"Chemprop v2 (D-MPNN + RDKit2D, ensemble=3)",Chemprop v2,train,81,CC(C)(C)OC(=O)NC(C(=O)O)C(c1ccc(F)cc1)c1ccc(F)cc1,0.0,0.40727353,
tdc_skin_reaction,"Chemprop v2 (D-MPNN + RDKit2D, ensemble=3)",Chemprop v2,train,82,O=CNc1cc(C(O)CBr)ccc1OCc1ccccc1,0.0,0.4469879,
tdc_skin_reaction,"Chemprop v2 (D-MPNN + RDKit2D, ensemble=3)",Chemprop v2,train,83,CCCCCCCC(=O)O,0.0,0.56980675,
tdc_skin_reaction,"Chemprop v2 (D-MPNN + RDKit2D, ensemble=3)",Chemprop v2,train,84,CCOc1cc(Oc2ccc(C(F)(F)F)cc2Cl)ccc1[N+](=O)[O-],0.0,0.48524427,
tdc_skin_reaction,"Chemprop v2 (D-MPNN + RDKit2D, ensemble=3)",Chemprop v2,train,85,C=CC(=O)OCC(CO)(COC(=O)C=C)COC(=O)C=C,0.0,0.4763112,
tdc_skin_reaction,"Chemprop v2 (D-MPNN + RDKit2D, ensemble=3)",Chemprop v2,train,86,Cc1cc(F)ccc1C1CC(=O)C=CN1C(=O)OCc1ccccc1,0.0,0.43872333,
tdc_skin_reaction,"Chemprop v2 (D-MPNN + RDKit2D, ensemble=3)",Chemprop v2,train,87,CC(O)CO,0.0,0.6079898,
tdc_skin_reaction,"Chemprop v2 (D-MPNN + RDKit2D, ensemble=3)",Chemprop v2,train,88,Fc1ccc(Oc2ccnc3cc(Cl)cc(Cl)c23)cc1,0.0,0.49710372,
tdc_skin_reaction,"Chemprop v2 (D-MPNN + RDKit2D, ensemble=3)",Chemprop v2,train,89,COC1C=COC2(C)Oc3c(C)c(O)c4c(O)c(cc(O)c4c3C2=O)NC(=O)C(C)=CC=CC(C)C(O)C(C)C(O)C(C)C(OC(C)=O)C1C,0.0,0.22101708,
tdc_skin_reaction,"Chemprop v2 (D-MPNN + RDKit2D, ensemble=3)",Chemprop v2,train,90,O=C1NS(=O)(=O)c2ccccc21,0.0,0.53124094,
tdc_skin_reaction,"Chemprop v2 (D-MPNN + RDKit2D, ensemble=3)",Chemprop v2,train,91,O=C(O)CCC(=O)O,0.0,0.55314404,
tdc_skin_reaction,"Chemprop v2 (D-MPNN + RDKit2D, ensemble=3)",Chemprop v2,train,92,O=C(O)C(O)C(O)C(=O)O,0.0,0.50848097,
tdc_skin_reaction,"Chemprop v2 (D-MPNN + RDKit2D, ensemble=3)",Chemprop v2,train,93,C=CC(=O)OCC(CC)(COC(=O)C=C)COC(=O)C=C,0.0,0.493234,
tdc_skin_reaction,"Chemprop v2 (D-MPNN + RDKit2D, ensemble=3)",Chemprop v2,train,94,C=C(Cl)Cl,0.0,0.66548663,
tdc_skin_reaction,"Chemprop v2 (D-MPNN + RDKit2D, ensemble=3)",Chemprop v2,train,95,CCCCCCCC=CC=O,1.0,0.6218557,
tdc_skin_reaction,"Chemprop v2 (D-MPNN + RDKit2D, ensemble=3)",Chemprop v2,train,96,O=c1[nH]sc2ccccc12,1.0,0.56952333,
tdc_skin_reaction,"Chemprop v2 (D-MPNN + RDKit2D, ensemble=3)",Chemprop v2,train,97,N#CCCC(Br)(C#N)CBr,1.0,0.56801987,
tdc_skin_reaction,"Chemprop v2 (D-MPNN + RDKit2D, ensemble=3)",Chemprop v2,train,98,C=CC(=O)N1C(=O)N(C)C(C)C1c1ccccc1,1.0,0.5037799,
tdc_skin_reaction,"Chemprop v2 (D-MPNN + RDKit2D, ensemble=3)",Chemprop v2,train,99,C(CCCOCC1CO1)CCOCC1CO1,1.0,0.5616253,
tdc_skin_reaction,"Chemprop v2 (D-MPNN + RDKit2D, ensemble=3)",Chemprop v2,train,100,OCCCCCCCCCCCCBr,1.0,0.62029153,
tdc_skin_reaction,"Chemprop v2 (D-MPNN + RDKit2D, ensemble=3)",Chemprop v2,train,101,O=C1C=CC2(O)C3Cc4ccc(O)c5c4C2(CCN3)C1O5,1.0,0.43006575,
tdc_skin_reaction,"Chemprop v2 (D-MPNN + RDKit2D, ensemble=3)",Chemprop v2,train,102,CCCCCCCCCCCCCCCCCCCl,1.0,0.6819434,
tdc_skin_reaction,"Chemprop v2 (D-MPNN + RDKit2D, ensemble=3)",Chemprop v2,train,103,CCCCCCCCCCI,1.0,0.67057943,
tdc_skin_reaction,"Chemprop v2 (D-MPNN + RDKit2D, ensemble=3)",Chemprop v2,train,104,CN(N=O)C(=N)N[N+](=O)[O-],1.0,0.55548674,
tdc_skin_reaction,"Chemprop v2 (D-MPNN + RDKit2D, ensemble=3)",Chemprop v2,train,105,Oc1cccc2ccccc12,1.0,0.57940334,
tdc_skin_reaction,"Chemprop v2 (D-MPNN + RDKit2D, ensemble=3)",Chemprop v2,train,106,CCCC=CC=O,1.0,0.635287,
tdc_skin_reaction,"Chemprop v2 (D-MPNN + RDKit2D, ensemble=3)",Chemprop v2,train,107,CN(C)CCOC(C)(c1ccccc1)c1ccc(Br)cc1,1.0,0.5490682,
tdc_skin_reaction,"Chemprop v2 (D-MPNN + RDKit2D, ensemble=3)",Chemprop v2,train,108,CC(C)(C)N(CC(=O)c1ccc(O)c(CO)c1)Cc1ccccc1,1.0,0.42624894,
tdc_skin_reaction,"Chemprop v2 (D-MPNN + RDKit2D, ensemble=3)",Chemprop v2,train,109,C=CC(=O)OCC(CC)CCCC,1.0,0.5776982,
tdc_skin_reaction,"Chemprop v2 (D-MPNN + RDKit2D, ensemble=3)",Chemprop v2,train,110,C=CC(=O)OCCO,1.0,0.5942414,
tdc_skin_reaction,"Chemprop v2 (D-MPNN + RDKit2D, ensemble=3)",Chemprop v2,train,111,Sc1nc2ccccc2s1,1.0,0.6408934,
tdc_skin_reaction,"Chemprop v2 (D-MPNN + RDKit2D, ensemble=3)",Chemprop v2,train,112,CCCCCCCCCC(C)C=O,1.0,0.6117659,
tdc_skin_reaction,"Chemprop v2 (D-MPNN + RDKit2D, ensemble=3)",Chemprop v2,train,113,CC(CC(=O)Cl)CC(C)(C)C,1.0,0.5739936,
tdc_skin_reaction,"Chemprop v2 (D-MPNN + RDKit2D, ensemble=3)",Chemprop v2,train,114,CC1(C)CC(CBr)C(=O)O1,1.0,0.58039194,
tdc_skin_reaction,"Chemprop v2 (D-MPNN + RDKit2D, ensemble=3)",Chemprop v2,train,115,CN(C)CCCN,1.0,0.60678846,
tdc_skin_reaction,"Chemprop v2 (D-MPNN + RDKit2D, ensemble=3)",Chemprop v2,train,116,Nc1cc(F)cc(-c2cccnc2)c1,1.0,0.53174305,
tdc_skin_reaction,"Chemprop v2 (D-MPNN + RDKit2D, ensemble=3)",Chemprop v2,train,117,Cn1sc(Cl)cc1=O,1.0,0.5789984,
tdc_skin_reaction,"Chemprop v2 (D-MPNN + RDKit2D, ensemble=3)",Chemprop v2,train,118,CC(=O)C(=O)CC(C)C,1.0,0.5703104,
tdc_skin_reaction,"Chemprop v2 (D-MPNN + RDKit2D, ensemble=3)",Chemprop v2,train,119,C=CCC1(C)C=C(OC)C(=O)CC1,1.0,0.54250616,
tdc_skin_reaction,"Chemprop v2 (D-MPNN + RDKit2D, ensemble=3)",Chemprop v2,train,120,CCN(CC)CCCCCCO,1.0,0.58970714,
tdc_skin_reaction,"Chemprop v2 (D-MPNN + RDKit2D, ensemble=3)",Chemprop v2,train,121,CCC=CCCCCC=O,1.0,0.6246156,
tdc_skin_reaction,"Chemprop v2 (D-MPNN + RDKit2D, ensemble=3)",Chemprop v2,train,122,O=C(O)c1ccc2c(c1)C(=O)OC2=O,1.0,0.5441198,
tdc_skin_reaction,"Chemprop v2 (D-MPNN + RDKit2D, ensemble=3)",Chemprop v2,train,123,O=C(OCc1ccccc1)c1ccccc1,1.0,0.53823835,
tdc_skin_reaction,"Chemprop v2 (D-MPNN + RDKit2D, ensemble=3)",Chemprop v2,train,124,CC(C)(c1ccc(OCC2CO2)cc1)c1ccc(OCC2CO2)cc1,1.0,0.4703116,
tdc_skin_reaction,"Chemprop v2 (D-MPNN + RDKit2D, ensemble=3)",Chemprop v2,train,125,C=C1C=CC(C(C)C)CC1,1.0,0.6283855,
tdc_skin_reaction,"Chemprop v2 (D-MPNN + RDKit2D, ensemble=3)",Chemprop v2,train,126,O=CC=C(c1ccccc1)c1ccccc1,1.0,0.5665993,
tdc_skin_reaction,"Chemprop v2 (D-MPNN + RDKit2D, ensemble=3)",Chemprop v2,train,127,CCCCCCCCCCCCCCCCCCCCCCBr,1.0,0.69796944,
tdc_skin_reaction,"Chemprop v2 (D-MPNN + RDKit2D, ensemble=3)",Chemprop v2,train,128,CCCCCCCCCCCCBr,1.0,0.6669731,
tdc_skin_reaction,"Chemprop v2 (D-MPNN + RDKit2D, ensemble=3)",Chemprop v2,train,129,CCCCCCCCCCCCCCCCCCCCBr,1.0,0.6921296,
tdc_skin_reaction,"Chemprop v2 (D-MPNN + RDKit2D, ensemble=3)",Chemprop v2,train,130,CCCCCCCCCCCCCCCCCBr,1.0,0.6825752,
tdc_skin_reaction,"Chemprop v2 (D-MPNN + RDKit2D, ensemble=3)",Chemprop v2,train,131,CCCCCCCCCCCCCCCCBr,1.0,0.6794011,
tdc_skin_reaction,"Chemprop v2 (D-MPNN + RDKit2D, ensemble=3)",Chemprop v2,train,132,CCCCCCBr,1.0,0.6538944,
tdc_skin_reaction,"Chemprop v2 (D-MPNN + RDKit2D, ensemble=3)",Chemprop v2,train,133,CCCCCCCCCCCCCCCCCCBr,1.0,0.68564564,
tdc_skin_reaction,"Chemprop v2 (D-MPNN + RDKit2D, ensemble=3)",Chemprop v2,train,134,CCCCCCCCCCCCCCCBr,1.0,0.67632455,
tdc_skin_reaction,"Chemprop v2 (D-MPNN + RDKit2D, ensemble=3)",Chemprop v2,train,135,CCCCCCCCCCCCCCBr,1.0,0.67314744,
tdc_skin_reaction,"Chemprop v2 (D-MPNN + RDKit2D, ensemble=3)",Chemprop v2,train,136,CCCCCCCCCCCCCBr,1.0,0.66992193,
tdc_skin_reaction,"Chemprop v2 (D-MPNN + RDKit2D, ensemble=3)",Chemprop v2,train,137,CCCCCCCCCCCBr,1.0,0.664211,
tdc_skin_reaction,"Chemprop v2 (D-MPNN + RDKit2D, ensemble=3)",Chemprop v2,train,138,C=CC(=O)OCCCC,1.0,0.6022458,
tdc_skin_reaction,"Chemprop v2 (D-MPNN + RDKit2D, ensemble=3)",Chemprop v2,train,139,CCCCOCC1CO1,1.0,0.59917384,
tdc_skin_reaction,"Chemprop v2 (D-MPNN + RDKit2D, ensemble=3)",Chemprop v2,train,140,CCCCCCCCCCCC1=NC(C)(C)C(=O)O1,1.0,0.5609262,
tdc_skin_reaction,"Chemprop v2 (D-MPNN + RDKit2D, ensemble=3)",Chemprop v2,train,141,CCCCC1=NC(C)(C)C(=O)O1,1.0,0.5703128,
tdc_skin_reaction,"Chemprop v2 (D-MPNN + RDKit2D, ensemble=3)",Chemprop v2,train,142,CCCCCCCCCCCCCCCl,1.0,0.6674672,
tdc_skin_reaction,"Chemprop v2 (D-MPNN + RDKit2D, ensemble=3)",Chemprop v2,train,143,CC(C)=CCCC(C)=CC=O,1.0,0.6208095,
tdc_skin_reaction,"Chemprop v2 (D-MPNN + RDKit2D, ensemble=3)",Chemprop v2,train,144,CCCCCCCCCCCCCCCCCl,1.0,0.6749659,
tdc_skin_reaction,"Chemprop v2 (D-MPNN + RDKit2D, ensemble=3)",Chemprop v2,train,145,CCOS(=O)(=O)OCC,1.0,0.57879865,
tdc_skin_reaction,"Chemprop v2 (D-MPNN + RDKit2D, ensemble=3)",Chemprop v2,train,146,CCC(C=O)CC,1.0,0.6177346,
tdc_skin_reaction,"Chemprop v2 (D-MPNN + RDKit2D, ensemble=3)",Chemprop v2,train,147,NCCNCCN,1.0,0.5889872,
tdc_skin_reaction,"Chemprop v2 (D-MPNN + RDKit2D, ensemble=3)",Chemprop v2,train,148,NCCCNCCCN,1.0,0.589974,
tdc_skin_reaction,"Chemprop v2 (D-MPNN + RDKit2D, ensemble=3)",Chemprop v2,train,149,CCCCCCCCCCCCOS(C)(=O)=O,1.0,0.6050733,
tdc_skin_reaction,"Chemprop v2 (D-MPNN + RDKit2D, ensemble=3)",Chemprop v2,train,150,CCOC(=O)CC1CC2CCC(C1)N2C,1.0,0.535826,
tdc_skin_reaction,"Chemprop v2 (D-MPNN + RDKit2D, ensemble=3)",Chemprop v2,train,151,C=CC(=O)OCC,1.0,0.610905,
tdc_skin_reaction,"Chemprop v2 (D-MPNN + RDKit2D, ensemble=3)",Chemprop v2,train,152,CCC(O)C(CO)CO,1.0,0.55843717,
tdc_skin_reaction,"Chemprop v2 (D-MPNN + RDKit2D, ensemble=3)",Chemprop v2,train,153,C=C(C)C(=O)OCCOC(=O)C(=C)C,1.0,0.5422443,
tdc_skin_reaction,"Chemprop v2 (D-MPNN + RDKit2D, ensemble=3)",Chemprop v2,train,154,C=C(C)C(=O)O,1.0,0.59133273,
tdc_skin_reaction,"Chemprop v2 (D-MPNN + RDKit2D, ensemble=3)",Chemprop v2,train,155,O=C1OC2(c3ccc(O)cc3Oc3cc(O)ccc32)c2ccc(N=C=S)cc21,1.0,0.4477357,
tdc_skin_reaction,"Chemprop v2 (D-MPNN + RDKit2D, ensemble=3)",Chemprop v2,train,156,CC(CC=O)CCCC(C)(C)O,1.0,0.5773757,
tdc_skin_reaction,"Chemprop v2 (D-MPNN + RDKit2D, ensemble=3)",Chemprop v2,train,157,CCCCCCCCCCCCI,1.0,0.6765744,
tdc_skin_reaction,"Chemprop v2 (D-MPNN + RDKit2D, ensemble=3)",Chemprop v2,train,158,CCCCCCCCCCCCCCCCI,1.0,0.687722,
tdc_skin_reaction,"Chemprop v2 (D-MPNN + RDKit2D, ensemble=3)",Chemprop v2,train,159,CCCCCCCCCI,1.0,0.66749793,
tdc_skin_reaction,"Chemprop v2 (D-MPNN + RDKit2D, ensemble=3)",Chemprop v2,train,160,CCCCCCCCCCCCCCI,1.0,0.68180054,
tdc_skin_reaction,"Chemprop v2 (D-MPNN + RDKit2D, ensemble=3)",Chemprop v2,train,161,CC(C)CCCCCC(=O)Cl,1.0,0.585632,
tdc_skin_reaction,"Chemprop v2 (D-MPNN + RDKit2D, ensemble=3)",Chemprop v2,train,162,CCCCCCCCCCCCCC(=O)OC(C)C,1.0,0.58837885,
tdc_skin_reaction,"Chemprop v2 (D-MPNN + RDKit2D, ensemble=3)",Chemprop v2,train,163,C=C(C)C1CC=C(C)CC1,1.0,0.6237761,
tdc_skin_reaction,"Chemprop v2 (D-MPNN + RDKit2D, ensemble=3)",Chemprop v2,train,164,C=CC(C)(O)CCC=C(C)C=O,1.0,0.58583456,
tdc_skin_reaction,"Chemprop v2 (D-MPNN + RDKit2D, ensemble=3)",Chemprop v2,train,165,CCCCCC=CCC=CCCCCCCCC(=O)O,1.0,0.58734095,
tdc_skin_reaction,"Chemprop v2 (D-MPNN + RDKit2D, ensemble=3)",Chemprop v2,train,166,CCCCCCC#CC(=O)OC,1.0,0.58543193,
tdc_skin_reaction,"Chemprop v2 (D-MPNN + RDKit2D, ensemble=3)",Chemprop v2,train,167,C=CC(=O)OC,1.0,0.61704296,
tdc_skin_reaction,"Chemprop v2 (D-MPNN + RDKit2D, ensemble=3)",Chemprop v2,train,168,CCCCCCCCCCCCCCC=CS(=O)(=O)OC,1.0,0.61506957,
tdc_skin_reaction,"Chemprop v2 (D-MPNN + RDKit2D, ensemble=3)",Chemprop v2,train,169,C=C(C)C(=O)OC,1.0,0.60139734,
tdc_skin_reaction,"Chemprop v2 (D-MPNN + RDKit2D, ensemble=3)",Chemprop v2,train,170,CCCCCCCCC(=O)Cl,1.0,0.5939758,
tdc_skin_reaction,"Chemprop v2 (D-MPNN + RDKit2D, ensemble=3)",Chemprop v2,train,171,FOC1=C2CCC(C2)C1,1.0,0.5816768,
tdc_skin_reaction,"Chemprop v2 (D-MPNN + RDKit2D, ensemble=3)",Chemprop v2,train,172,CCCCCCCCO,1.0,0.613609,
tdc_skin_reaction,"Chemprop v2 (D-MPNN + RDKit2D, ensemble=3)",Chemprop v2,train,173,CCCCCCCCC=CCCCCCCCC(=O)O,1.0,0.58976585,
tdc_skin_reaction,"Chemprop v2 (D-MPNN + RDKit2D, ensemble=3)",Chemprop v2,train,174,CCOC=C1N=C(c2ccccc2)OC1=O,1.0,0.52894527,
tdc_skin_reaction,"Chemprop v2 (D-MPNN + RDKit2D, ensemble=3)",Chemprop v2,train,175,CCCCCCCCCCCCCCCC(=O)Cl,1.0,0.61604047,
tdc_skin_reaction,"Chemprop v2 (D-MPNN + RDKit2D, ensemble=3)",Chemprop v2,train,176,O=C(Oc1ccccc1)c1ccccc1,1.0,0.5313561,
tdc_skin_reaction,"Chemprop v2 (D-MPNN + RDKit2D, ensemble=3)",Chemprop v2,train,177,CC(CCCCN)C(C)(C)N,1.0,0.5805623,
tdc_skin_reaction,"Chemprop v2 (D-MPNN + RDKit2D, ensemble=3)",Chemprop v2,train,178,C=CCCCCCCCCC(=O)O,1.0,0.56703013,
tdc_skin_reaction,"Chemprop v2 (D-MPNN + RDKit2D, ensemble=3)",Chemprop v2,train,179,CC=CC=CC=O,1.0,0.6400779,
tdc_skin_reaction,"Chemprop v2 (D-MPNN + RDKit2D, ensemble=3)",Chemprop v2,train,180,CN1C2CCC1CC(O)C2,1.0,0.58216745,
tdc_skin_reaction,"Chemprop v2 (D-MPNN + RDKit2D, ensemble=3)",Chemprop v2,train,181,CC(C)N(C(=O)CN1C(=O)C(NC(=O)Nc2cccc(C(=O)OC(C)(C)C)c2)C(=O)N(c2ccccc2)c2ccccc21)c1ccccc1,1.0,0.23992853,
tdc_skin_reaction,"Chemprop v2 (D-MPNN + RDKit2D, ensemble=3)",Chemprop v2,train,182,NC1CCCCC1N,1.0,0.5718812,
tdc_skin_reaction,"Chemprop v2 (D-MPNN + RDKit2D, ensemble=3)",Chemprop v2,train,183,O=S(=O)(Cl)c1ccc2c(c1)OCO2,1.0,0.5224902,
tdc_skin_reaction,"Chemprop v2 (D-MPNN + RDKit2D, ensemble=3)",Chemprop v2,train,184,O=C(O)CCCCCCCCCCCBr,1.0,0.5808697,
tdc_skin_reaction,"Chemprop v2 (D-MPNN + RDKit2D, ensemble=3)",Chemprop v2,train,185,ClCc1ccc2ccc3cccc4ccc1c2c34,1.0,0.60860133,
tdc_skin_reaction,"Chemprop v2 (D-MPNN + RDKit2D, ensemble=3)",Chemprop v2,train,186,Cc1cc(=O)n(-c2ccc(C)c(C)c2)[nH]1,1.0,0.47889444,
tdc_skin_reaction,"Chemprop v2 (D-MPNN + RDKit2D, ensemble=3)",Chemprop v2,train,187,CCC(C)(C)C1CCC(CC=O)CC1,1.0,0.5710663,
tdc_skin_reaction,"Chemprop v2 (D-MPNN + RDKit2D, ensemble=3)",Chemprop v2,train,188,CC(C)(C)C(=O)CC(=O)C(C)(C)C,1.0,0.55650043,
tdc_skin_reaction,"Chemprop v2 (D-MPNN + RDKit2D, ensemble=3)",Chemprop v2,train,189,C=C(C)C(=O)OCC(O)COc1ccc(C(C)(C)c2ccc(OCC(O)COC(=O)C(=C)C)cc2)cc1,1.0,0.3262986,
tdc_skin_reaction,"Chemprop v2 (D-MPNN + RDKit2D, ensemble=3)",Chemprop v2,train,190,Clc1nc(Cl)nc(Cl)n1,1.0,0.5698509,
tdc_skin_reaction,"Chemprop v2 (D-MPNN + RDKit2D, ensemble=3)",Chemprop v2,train,191,Clc1ccnc(Cl)n1,1.0,0.5902038,
tdc_skin_reaction,"Chemprop v2 (D-MPNN + RDKit2D, ensemble=3)",Chemprop v2,train,192,CCC=CC=CC=O,1.0,0.63613516,
tdc_skin_reaction,"Chemprop v2 (D-MPNN + RDKit2D, ensemble=3)",Chemprop v2,train,193,CC1=C(C=O)C(C)(C)CC=C1,1.0,0.5974358,
tdc_skin_reaction,"Chemprop v2 (D-MPNN + RDKit2D, ensemble=3)",Chemprop v2,train,194,COc1cc(C)c2c(Oc3cccc(C(F)(F)F)c3)c(OC)cc([N+](=O)[O-])c2n1,1.0,0.41997704,
tdc_skin_reaction,"Chemprop v2 (D-MPNN + RDKit2D, ensemble=3)",Chemprop v2,train,195,Nc1ccccc1Nc1ccccc1,1.0,0.54799455,
tdc_skin_reaction,"Chemprop v2 (D-MPNN + RDKit2D, ensemble=3)",Chemprop v2,train,196,CCCCCCCCCCCCC(Br)C(=O)O,1.0,0.5858798,
tdc_skin_reaction,"Chemprop v2 (D-MPNN + RDKit2D, ensemble=3)",Chemprop v2,train,197,O=[N+]([O-])c1ccc(OCc2cccc(F)c2)c(Cl)c1,1.0,0.53129745,
tdc_skin_reaction,"Chemprop v2 (D-MPNN + RDKit2D, ensemble=3)",Chemprop v2,train,198,Cc1nc2ccccc2c(=O)o1,1.0,0.5373695,
tdc_skin_reaction,"Chemprop v2 (D-MPNN + RDKit2D, ensemble=3)",Chemprop v2,train,199,O=C(Nc1ccc(Cl)c(Cl)c1)c1cc(Cl)cc(Cl)c1O,1.0,0.50016284,
tdc_skin_reaction,"Chemprop v2 (D-MPNN + RDKit2D, ensemble=3)",Chemprop v2,train,200,O=C1CCc2ccccc2O1,1.0,0.55793554,
tdc_skin_reaction,"Chemprop v2 (D-MPNN + RDKit2D, ensemble=3)",Chemprop v2,train,201,CC1(C)CC(N)CC(C)(CN)C1,1.0,0.55366296,
tdc_skin_reaction,"Chemprop v2 (D-MPNN + RDKit2D, ensemble=3)",Chemprop v2,train,202,C=C1NS(=O)(=O)N=C1c1ccccc1,1.0,0.53974706,
tdc_skin_reaction,"Chemprop v2 (D-MPNN + RDKit2D, ensemble=3)",Chemprop v2,train,203,CCC=C1OC(=O)c2ccccc21,1.0,0.57052493,
tdc_skin_reaction,"Chemprop v2 (D-MPNN + RDKit2D, ensemble=3)",Chemprop v2,train,204,CC(C)(O)CCCC1=CCC(C=O)CC1,1.0,0.56444615,
tdc_skin_reaction,"Chemprop v2 (D-MPNN + RDKit2D, ensemble=3)",Chemprop v2,train,205,O=C(C(=O)c1ccccc1)C1=CCC(Br)(Br)C=C1,1.0,0.5172681,
tdc_skin_reaction,"Chemprop v2 (D-MPNN + RDKit2D, ensemble=3)",Chemprop v2,train,206,CC(Br)CCCN1C(=O)c2ccccc2C1=O,1.0,0.53045034,
tdc_skin_reaction,"Chemprop v2 (D-MPNN + RDKit2D, ensemble=3)",Chemprop v2,train,207,Clc1ncnc2ccc(I)cc12,1.0,0.5840823,
tdc_skin_reaction,"Chemprop v2 (D-MPNN + RDKit2D, ensemble=3)",Chemprop v2,train,208,CC(I)CCCN1C(=O)c2ccccc2C1=O,1.0,0.53764087,
tdc_skin_reaction,"Chemprop v2 (D-MPNN + RDKit2D, ensemble=3)",Chemprop v2,train,209,C=C1CC(C(=C)C)CC=C1C,1.0,0.6196103,
tdc_skin_reaction,"Chemprop v2 (D-MPNN + RDKit2D, ensemble=3)",Chemprop v2,train,210,C=C1CC(C)(C)OC1=O,1.0,0.5877101,
tdc_skin_reaction,"Chemprop v2 (D-MPNN + RDKit2D, ensemble=3)",Chemprop v2,train,211,O=C(O)c1cccc(-c2cc(Cl)cc([N+](=O)[O-])c2O)c1,1.0,0.51710224,
tdc_skin_reaction,"Chemprop v2 (D-MPNN + RDKit2D, ensemble=3)",Chemprop v2,train,212,COc1cc(C)c2c(Cl)c(OC)cc([N+](=O)[O-])c2n1,1.0,0.48906627,
tdc_skin_reaction,"Chemprop v2 (D-MPNN + RDKit2D, ensemble=3)",Chemprop v2,train,213,COc1cc([N+](=O)[O-])c2[nH]c(=O)cc(C)c2c1Cl,1.0,0.49229363,
tdc_skin_reaction,"Chemprop v2 (D-MPNN + RDKit2D, ensemble=3)",Chemprop v2,train,214,COc1cc2c(cc1C(F)(F)F)NCC2,1.0,0.50912285,
tdc_skin_reaction,"Chemprop v2 (D-MPNN + RDKit2D, ensemble=3)",Chemprop v2,train,215,Cc1ncccc1Oc1ccc(N)cn1,1.0,0.50425744,
tdc_skin_reaction,"Chemprop v2 (D-MPNN + RDKit2D, ensemble=3)",Chemprop v2,train,216,CCN(CC)CCCCCCBr,1.0,0.62902206,
tdc_skin_reaction,"Chemprop v2 (D-MPNN + RDKit2D, ensemble=3)",Chemprop v2,train,217,Cc1c2ccccc2c(C)c2c1ccc1ccccc12,1.0,0.59536785,
tdc_skin_reaction,"Chemprop v2 (D-MPNN + RDKit2D, ensemble=3)",Chemprop v2,train,218,CON=C1CN(c2nc3c(cc2F)c(=O)c(C(=O)O)cn3C2CC2)CC1CN,1.0,0.39928642,
tdc_skin_reaction,"Chemprop v2 (D-MPNN + RDKit2D, ensemble=3)",Chemprop v2,train,219,CCCCCCCC(Br)CCCCCC,1.0,0.6628144,
tdc_skin_reaction,"Chemprop v2 (D-MPNN + RDKit2D, ensemble=3)",Chemprop v2,train,220,CCCCCn1c(=O)[nH]c(=O)c2[nH]c(Cl)nc21,1.0,0.4480141,
tdc_skin_reaction,"Chemprop v2 (D-MPNN + RDKit2D, ensemble=3)",Chemprop v2,train,221,CC(C)C1=CC2=CCC3C(C)(C(=O)O)CCCC3(C)C2CC1,1.0,0.49416566,
tdc_skin_reaction,"Chemprop v2 (D-MPNN + RDKit2D, ensemble=3)",Chemprop v2,train,222,CC1=CCC(C(C)C)C=C1,1.0,0.63392705,
tdc_skin_reaction,"Chemprop v2 (D-MPNN + RDKit2D, ensemble=3)",Chemprop v2,train,223,CC1=CC=C(C(C)C)CC1,1.0,0.63135844,
tdc_skin_reaction,"Chemprop v2 (D-MPNN + RDKit2D, ensemble=3)",Chemprop v2,train,224,CCC1OC(=O)C(C)C(OC2CC(C)(OC)C(O)C(C)O2)C(C)C(OC2OC(C)CC(N(C)C)C2O)C(C)(O)CC(C)CN(C)C(C)C(O)C1(C)O,1.0,0.26331267,
tdc_skin_reaction,"Chemprop v2 (D-MPNN + RDKit2D, ensemble=3)",Chemprop v2,train,225,N=C1CC(=Nc2ccc(N)cc2)C(=N)CC1=Nc1ccc(N)cc1,1.0,0.4556137,
tdc_skin_reaction,"Chemprop v2 (D-MPNN + RDKit2D, ensemble=3)",Chemprop v2,train,226,c1ccc2c(c1)cc1ccc3cccc4ccc2c1c34,1.0,0.6132304,
tdc_skin_reaction,"Chemprop v2 (D-MPNN + RDKit2D, ensemble=3)",Chemprop v2,train,227,O=C1C=CC(=O)C=C1,1.0,0.5898355,
tdc_skin_reaction,"Chemprop v2 (D-MPNN + RDKit2D, ensemble=3)",Chemprop v2,train,228,O=C1CCO1,1.0,0.612809,
tdc_skin_reaction,"Chemprop v2 (D-MPNN + RDKit2D, ensemble=3)",Chemprop v2,train,229,CC(=O)C(C)=O,1.0,0.5989826,
tdc_skin_reaction,"Chemprop v2 (D-MPNN + RDKit2D, ensemble=3)",Chemprop v2,train,230,CCCCCCCCCCCCCCCC1=NC(C)(C)C(=O)O1,1.0,0.5668281,
tdc_skin_reaction,"Chemprop v2 (D-MPNN + RDKit2D, ensemble=3)",Chemprop v2,train,231,CCCCCCCCCCCCCCCCCC1=NC(C)(C)C(=O)O1,1.0,0.57082754,
tdc_skin_reaction,"Chemprop v2 (D-MPNN + RDKit2D, ensemble=3)",Chemprop v2,train,232,CCCCCCC1=NC(C)(C)C(=O)O1,1.0,0.5640144,
tdc_skin_reaction,"Chemprop v2 (D-MPNN + RDKit2D, ensemble=3)",Chemprop v2,train,233,CCCCCCCCCC1=NC(C)(C)C(=O)O1,1.0,0.56036335,
tdc_skin_reaction,"Chemprop v2 (D-MPNN + RDKit2D, ensemble=3)",Chemprop v2,train,234,C=C(C)C1CCC(C)=C(N=O)C1,1.0,0.58532375,
tdc_skin_reaction,"Chemprop v2 (D-MPNN + RDKit2D, ensemble=3)",Chemprop v2,train,235,Clc1ccccc1C(c1ccccc1)(c1ccccc1)n1ccnc1,1.0,0.5128124,
tdc_skin_reaction,"Chemprop v2 (D-MPNN + RDKit2D, ensemble=3)",Chemprop v2,train,236,C(=NC1CCCCC1)=NC1CCCCC1,1.0,0.59903514,
tdc_skin_reaction,"Chemprop v2 (D-MPNN + RDKit2D, ensemble=3)",Chemprop v2,train,237,CCOC(=O)C=CC(=O)OCC,1.0,0.56011516,
tdc_skin_reaction,"Chemprop v2 (D-MPNN + RDKit2D, ensemble=3)",Chemprop v2,train,238,COS(=O)(=O)OC,1.0,0.6079395,
tdc_skin_reaction,"Chemprop v2 (D-MPNN + RDKit2D, ensemble=3)",Chemprop v2,train,239,CS(C)=O,1.0,0.6364963,
tdc_skin_reaction,"Chemprop v2 (D-MPNN + RDKit2D, ensemble=3)",Chemprop v2,train,240,CN1C2CCC1CC(OS(C)(=O)=O)C2,1.0,0.54154205,
tdc_skin_reaction,"Chemprop v2 (D-MPNN + RDKit2D, ensemble=3)",Chemprop v2,train,241,C=CC(=O)OCC(COC(=O)C=C)C(CC)OC(=O)C=C,1.0,0.49315277,
tdc_skin_reaction,"Chemprop v2 (D-MPNN + RDKit2D, ensemble=3)",Chemprop v2,train,242,NCCN,1.0,0.6177693,
tdc_skin_reaction,"Chemprop v2 (D-MPNN + RDKit2D, ensemble=3)",Chemprop v2,train,243,CC(C)=CCCC(C)=CCCC(C)=CC=O,1.0,0.6076186,
tdc_skin_reaction,"Chemprop v2 (D-MPNN + RDKit2D, ensemble=3)",Chemprop v2,train,244,CC(C)=CCCC(C)=CCO,1.0,0.6071144,
tdc_skin_reaction,"Chemprop v2 (D-MPNN + RDKit2D, ensemble=3)",Chemprop v2,train,245,O=CCCCC=O,1.0,0.6160694,
tdc_skin_reaction,"Chemprop v2 (D-MPNN + RDKit2D, ensemble=3)",Chemprop v2,train,246,O=C(CS)OCC(O)CO,1.0,0.5797186,
tdc_skin_reaction,"Chemprop v2 (D-MPNN + RDKit2D, ensemble=3)",Chemprop v2,train,247,O=CC=O,1.0,0.626667,
tdc_skin_reaction,"Chemprop v2 (D-MPNN + RDKit2D, ensemble=3)",Chemprop v2,train,248,NCCNCCO,1.0,0.5815026,
tdc_skin_reaction,"Chemprop v2 (D-MPNN + RDKit2D, ensemble=3)",Chemprop v2,train,249,O=C(NCNC(=O)NC1C(=O)NC(=O)N1CO)NC1C(=O)NC(=O)N1CO,1.0,0.26314297,
tdc_skin_reaction,"Chemprop v2 (D-MPNN + RDKit2D, ensemble=3)",Chemprop v2,train,250,CCCCNC(=O)OC#CCI,1.0,0.58059597,
tdc_skin_reaction,"Chemprop v2 (D-MPNN + RDKit2D, ensemble=3)",Chemprop v2,train,251,CCCCCCCCCCCCOS(=O)(=O)O,1.0,0.59314555,
tdc_skin_reaction,"Chemprop v2 (D-MPNN + RDKit2D, ensemble=3)",Chemprop v2,train,252,CCC=CCC=CCC=CCCCCCCCC(=O)O,1.0,0.5836413,
tdc_skin_reaction,"Chemprop v2 (D-MPNN + RDKit2D, ensemble=3)",Chemprop v2,train,253,CCCCCCCCCCCCS(=O)(=O)OC,1.0,0.6024434,
tdc_skin_reaction,"Chemprop v2 (D-MPNN + RDKit2D, ensemble=3)",Chemprop v2,train,254,CCCCCCCCCCCCCCCCS(=O)(=O)OC,1.0,0.61530113,
tdc_skin_reaction,"Chemprop v2 (D-MPNN + RDKit2D, ensemble=3)",Chemprop v2,train,255,COS(C)(=O)=O,1.0,0.6190596,
tdc_skin_reaction,"Chemprop v2 (D-MPNN + RDKit2D, ensemble=3)",Chemprop v2,train,256,COC(=O)C(C)=O,1.0,0.58714026,
tdc_skin_reaction,"Chemprop v2 (D-MPNN + RDKit2D, ensemble=3)",Chemprop v2,train,257,CCCCCCCCCCCCCCCCC(CS(=O)(=O)O)C(=O)OC,1.0,0.5648355,
tdc_skin_reaction,"Chemprop v2 (D-MPNN + RDKit2D, ensemble=3)",Chemprop v2,train,258,CCN(CC)CCN(Cc1ccc(-c2ccc(C(F)(F)F)cc2)cc1)C(=O)Cn1c(SCc2ccc(F)cc2)nc(=O)c2c1CCC2,1.0,0.36658278,
tdc_skin_reaction,"Chemprop v2 (D-MPNN + RDKit2D, ensemble=3)",Chemprop v2,train,259,CCN(N=O)C(N)=O,1.0,0.55774975,
tdc_skin_reaction,"Chemprop v2 (D-MPNN + RDKit2D, ensemble=3)",Chemprop v2,train,260,CC(C)N(C(=O)CNc1ccccc1Nc1ccccc1)c1ccccc1,1.0,0.41818357,
tdc_skin_reaction,"Chemprop v2 (D-MPNN + RDKit2D, ensemble=3)",Chemprop v2,train,261,CN(N=O)C(N)=O,1.0,0.5680759,
tdc_skin_reaction,"Chemprop v2 (D-MPNN + RDKit2D, ensemble=3)",Chemprop v2,train,262,CCCCCCCCC=CCCCCCCCCOS(C)(=O)=O,1.0,0.6128498,
tdc_skin_reaction,"Chemprop v2 (D-MPNN + RDKit2D, ensemble=3)",Chemprop v2,train,263,COC1=CC=C2C3Cc4ccc(O)c5c4C2(CCN3C)C1O5,1.0,0.45026684,
tdc_skin_reaction,"Chemprop v2 (D-MPNN + RDKit2D, ensemble=3)",Chemprop v2,train,264,O=C(O)C(=O)O,1.0,0.5736847,
tdc_skin_reaction,"Chemprop v2 (D-MPNN + RDKit2D, ensemble=3)",Chemprop v2,train,265,O=c1[nH]cco1,1.0,0.618884,
tdc_skin_reaction,"Chemprop v2 (D-MPNN + RDKit2D, ensemble=3)",Chemprop v2,train,266,CC1(C)SC2C(NC(=O)Cc3ccccc3)C(=O)N2C1C(=O)O,1.0,0.50747424,
tdc_skin_reaction,"Chemprop v2 (D-MPNN + RDKit2D, ensemble=3)",Chemprop v2,train,267,C=C(C)C1CC=C(C=O)CC1,1.0,0.60048914,
tdc_skin_reaction,"Chemprop v2 (D-MPNN + RDKit2D, ensemble=3)",Chemprop v2,train,268,CC(C)(C)c1ccc(OCC2CO2)cc1,1.0,0.54635644,
tdc_skin_reaction,"Chemprop v2 (D-MPNN + RDKit2D, ensemble=3)",Chemprop v2,train,269,c1ccncc1,1.0,0.63500565,
tdc_skin_reaction,"Chemprop v2 (D-MPNN + RDKit2D, ensemble=3)",Chemprop v2,train,270,C=C(C)C1CC=C(C)C(=O)C1,1.0,0.5695177,
tdc_skin_reaction,"Chemprop v2 (D-MPNN + RDKit2D, ensemble=3)",Chemprop v2,train,271,O=C(Oc1ccc([N+](=O)[O-])cc1)OC1COC2OCCC12,1.0,0.47397628,
tdc_skin_reaction,"Chemprop v2 (D-MPNN + RDKit2D, ensemble=3)",Chemprop v2,train,272,CCOC(=S)S,1.0,0.6583106,
tdc_skin_reaction,"Chemprop v2 (D-MPNN + RDKit2D, ensemble=3)",Chemprop v2,train,273,CCCCCCCCCCCC(=O)OC(C)C(=O)OC(C)C(=O)O,1.0,0.5034788,
tdc_skin_reaction,"Chemprop v2 (D-MPNN + RDKit2D, ensemble=3)",Chemprop v2,train,274,CC(C)=CCCC(C)=CCCC(C)=CCCC=C(C)CCC=C(C)CCC=C(C)C,1.0,0.6398372,
tdc_skin_reaction,"Chemprop v2 (D-MPNN + RDKit2D, ensemble=3)",Chemprop v2,train,275,CN(C)C(=S)SSC(=S)N(C)C,1.0,0.60325366,
tdc_skin_reaction,"Chemprop v2 (D-MPNN + RDKit2D, ensemble=3)",Chemprop v2,train,276,C=CCCCCCCCCC=O,1.0,0.62414056,
tdc_skin_reaction,"Chemprop v2 (D-MPNN + RDKit2D, ensemble=3)",Chemprop v2,train,277,C=Cc1ccncc1,1.0,0.6241055,
tdc_skin_reaction,"Chemprop v2 (D-MPNN + RDKit2D, ensemble=3)",Chemprop v2,train,278,C[N+](C)(C)c1ccc2c(c1)C(=NNc1ccc(N)c([N+](=O)[O-])c1)C(=O)C=C2,0.0,0.42369428,
tdc_skin_reaction,"Chemprop v2 (D-MPNN + RDKit2D, ensemble=3)",Chemprop v2,train,279,CCCCCCCCC(=O)O,0.0,0.56796044,
tdc_skin_reaction,"Chemprop v2 (D-MPNN + RDKit2D, ensemble=3)",Chemprop v2,train,280,CNC1C(OC2C(OC3C(O)C(O)C(NC(=N)N)C(O)C3NC(=N)N)OC(C)C2(O)C=O)OC(CO)C(O)C1O,0.0,0.20201445,
tdc_skin_reaction,"Chemprop v2 (D-MPNN + RDKit2D, ensemble=3)",Chemprop v2,train,281,O=C1OC(=O)C2CCCCC12,1.0,0.5579287,
tdc_skin_reaction,"Chemprop v2 (D-MPNN + RDKit2D, ensemble=3)",Chemprop v2,train,282,Cc1cc(=O)n(-c2ccccc2)[nH]1,1.0,0.51716167,
tdc_skin_reaction,"Chemprop v2 (D-MPNN + RDKit2D, ensemble=3)",Chemprop v2,train,283,O=C(OOC(=O)c1ccccc1)c1ccccc1,1.0,0.49992517,
tdc_skin_reaction,"Chemprop v2 (D-MPNN + RDKit2D, ensemble=3)",Chemprop v2,train,284,O=c1c(-c2ccccc2)c1-c1ccccc1,1.0,0.54757303,
tdc_skin_reaction,"Chemprop v2 (D-MPNN + RDKit2D, ensemble=3)",Chemprop v2,train,285,Nc1ccc(N)c2c1C(=O)c1ccccc1C2=O,1.0,0.4681441,
tdc_skin_reaction,"Chemprop v2 (D-MPNN + RDKit2D, ensemble=3)",Chemprop v2,train,286,O=C1C=CC(=O)O1,1.0,0.615727,
tdc_skin_reaction,"Chemprop v2 (D-MPNN + RDKit2D, ensemble=3)",Chemprop v2,train,287,O=C1OC(=O)c2ccccc21,1.0,0.58321875,
tdc_skin_reaction,"Chemprop v2 (D-MPNN + RDKit2D, ensemble=3)",Chemprop v2,train,288,O=c1c(O)c(O)c1=O,1.0,0.5631595,
tdc_skin_reaction,"Chemprop v2 (D-MPNN + RDKit2D, ensemble=3)",Chemprop v2,test,0,CCOCc1cc(OC)c(B(O)O)c(OC)c1,0.0,0.47283116,
tdc_skin_reaction,"Chemprop v2 (D-MPNN + RDKit2D, ensemble=3)",Chemprop v2,test,1,COc1cc(C(=O)CC(=O)C(C)(C)C)cc(OC)c1OC,0.0,0.4193916,
tdc_skin_reaction,"Chemprop v2 (D-MPNN + RDKit2D, ensemble=3)",Chemprop v2,test,2,CNC(C)c1cc(C(F)(F)F)cc(C(F)(F)F)c1,0.0,0.5403554,
tdc_skin_reaction,"Chemprop v2 (D-MPNN + RDKit2D, ensemble=3)",Chemprop v2,test,3,CCC(N)c1ccccc1,0.0,0.5986211,
tdc_skin_reaction,"Chemprop v2 (D-MPNN + RDKit2D, ensemble=3)",Chemprop v2,test,4,O=C(O)C(=NOCc1ccccc1)C(=O)O,0.0,0.50054765,
tdc_skin_reaction,"Chemprop v2 (D-MPNN + RDKit2D, ensemble=3)",Chemprop v2,test,5,CCCOc1ccc(Br)c(C(=O)O)c1,0.0,0.52755636,
tdc_skin_reaction,"Chemprop v2 (D-MPNN + RDKit2D, ensemble=3)",Chemprop v2,test,6,NS(=O)(=O)c1cccc(CCCCOCCCCCCBr)c1,0.0,0.49104166,
tdc_skin_reaction,"Chemprop v2 (D-MPNN + RDKit2D, ensemble=3)",Chemprop v2,test,7,COc1ccc(C=O)cc1O,0.0,0.546918,
tdc_skin_reaction,"Chemprop v2 (D-MPNN + RDKit2D, ensemble=3)",Chemprop v2,test,8,CCCOc1cccc(C(=O)O)c1,0.0,0.53584814,
tdc_skin_reaction,"Chemprop v2 (D-MPNN + RDKit2D, ensemble=3)",Chemprop v2,test,9,O=C(O)c1ccc(O)cc1,0.0,0.5596568,
tdc_skin_reaction,"Chemprop v2 (D-MPNN + RDKit2D, ensemble=3)",Chemprop v2,test,10,COc1ccc(C(C)=O)cc1,0.0,0.53974265,
tdc_skin_reaction,"Chemprop v2 (D-MPNN + RDKit2D, ensemble=3)",Chemprop v2,test,11,Cc1ccc(N)cc1S(N)(=O)=O,0.0,0.50313765,
tdc_skin_reaction,"Chemprop v2 (D-MPNN + RDKit2D, ensemble=3)",Chemprop v2,test,12,COc1cc(CC#N)c([N+](=O)[O-])cc1C(F)(F)F,0.0,0.5061219,
tdc_skin_reaction,"Chemprop v2 (D-MPNN + RDKit2D, ensemble=3)",Chemprop v2,test,13,Nc1ccccc1C(=O)O,0.0,0.55502445,
tdc_skin_reaction,"Chemprop v2 (D-MPNN + RDKit2D, ensemble=3)",Chemprop v2,test,14,O=Cc1ccccc1,0.0,0.6218796,
tdc_skin_reaction,"Chemprop v2 (D-MPNN + RDKit2D, ensemble=3)",Chemprop v2,test,15,CCOC(=O)c1ccc(N)cc1,0.0,0.53669435,
tdc_skin_reaction,"Chemprop v2 (D-MPNN + RDKit2D, ensemble=3)",Chemprop v2,test,16,Clc1ccccc1,0.0,0.6442291,
tdc_skin_reaction,"Chemprop v2 (D-MPNN + RDKit2D, ensemble=3)",Chemprop v2,test,17,CCOC(=O)c1ccccc1C(=O)OCC,0.0,0.51316553,
tdc_skin_reaction,"Chemprop v2 (D-MPNN + RDKit2D, ensemble=3)",Chemprop v2,test,18,CCOC(=O)CC(=O)c1ccccc1,0.0,0.5298397,
tdc_skin_reaction,"Chemprop v2 (D-MPNN + RDKit2D, ensemble=3)",Chemprop v2,test,19,CCOc1cc(C=O)ccc1O,0.0,0.5435218,
tdc_skin_reaction,"Chemprop v2 (D-MPNN + RDKit2D, ensemble=3)",Chemprop v2,test,20,C=CCc1ccc(O)c(OC(C)C)c1,0.0,0.5337782,
tdc_skin_reaction,"Chemprop v2 (D-MPNN + RDKit2D, ensemble=3)",Chemprop v2,test,21,CCC(=O)c1cccc(Cl)c1,0.0,0.56821984,
tdc_skin_reaction,"Chemprop v2 (D-MPNN + RDKit2D, ensemble=3)",Chemprop v2,test,22,COC(=O)c1ccc(O)cc1,0.0,0.5563999,
tdc_skin_reaction,"Chemprop v2 (D-MPNN + RDKit2D, ensemble=3)",Chemprop v2,test,23,COC(=O)c1ccccc1O,0.0,0.5501258,
tdc_skin_reaction,"Chemprop v2 (D-MPNN + RDKit2D, ensemble=3)",Chemprop v2,test,24,CCOC(=O)C(Cc1ccc(O)cc1)NC(=O)OC(C)(C)C,0.0,0.4460137,
tdc_skin_reaction,"Chemprop v2 (D-MPNN + RDKit2D, ensemble=3)",Chemprop v2,test,25,CCCOC(=O)c1ccc(O)cc1,0.0,0.5381928,
tdc_skin_reaction,"Chemprop v2 (D-MPNN + RDKit2D, ensemble=3)",Chemprop v2,test,26,O=C(O)c1ccccc1O,0.0,0.55771327,
tdc_skin_reaction,"Chemprop v2 (D-MPNN + RDKit2D, ensemble=3)",Chemprop v2,test,27,Nc1ccc(S(N)(=O)=O)cc1,0.0,0.51783496,
tdc_skin_reaction,"Chemprop v2 (D-MPNN + RDKit2D, ensemble=3)",Chemprop v2,test,28,Nc1ccc(S(=O)(=O)O)cc1,0.0,0.5491986,
tdc_skin_reaction,"Chemprop v2 (D-MPNN + RDKit2D, ensemble=3)",Chemprop v2,test,29,CC(C)(C)OC(=O)c1cccc(N)c1,0.0,0.5193189,
tdc_skin_reaction,"Chemprop v2 (D-MPNN + RDKit2D, ensemble=3)",Chemprop v2,test,30,COc1cc(C=O)ccc1O,0.0,0.5509519,
tdc_skin_reaction,"Chemprop v2 (D-MPNN + RDKit2D, ensemble=3)",Chemprop v2,test,31,CC=Cc1ccc(OC)cc1,1.0,0.57726806,
tdc_skin_reaction,"Chemprop v2 (D-MPNN + RDKit2D, ensemble=3)",Chemprop v2,test,32,CCCCCC(=O)CC(=O)c1ccccc1,1.0,0.5295584,
tdc_skin_reaction,"Chemprop v2 (D-MPNN + RDKit2D, ensemble=3)",Chemprop v2,test,33,CCc1ccc(CC)c(C(=O)CC(C)=O)c1,1.0,0.5087099,
tdc_skin_reaction,"Chemprop v2 (D-MPNN + RDKit2D, ensemble=3)",Chemprop v2,test,34,CC(=O)CC(=O)c1cc(C)ccc1C,1.0,0.51420015,
tdc_skin_reaction,"Chemprop v2 (D-MPNN + RDKit2D, ensemble=3)",Chemprop v2,test,35,O=[N+]([O-])c1ccc(Cl)c([N+](=O)[O-])c1,1.0,0.59985477,
tdc_skin_reaction,"Chemprop v2 (D-MPNN + RDKit2D, ensemble=3)",Chemprop v2,test,36,Nc1ccc(NCCO)c([N+](=O)[O-])c1,1.0,0.50913805,
tdc_skin_reaction,"Chemprop v2 (D-MPNN + RDKit2D, ensemble=3)",Chemprop v2,test,37,Nc1ccc(OCCO)c(N)c1,1.0,0.5109388,
tdc_skin_reaction,"Chemprop v2 (D-MPNN + RDKit2D, ensemble=3)",Chemprop v2,test,38,Nc1ccccc1O,1.0,0.5739592,
tdc_skin_reaction,"Chemprop v2 (D-MPNN + RDKit2D, ensemble=3)",Chemprop v2,test,39,O=Cc1cc(O)ccc1Br,1.0,0.56674165,
tdc_skin_reaction,"Chemprop v2 (D-MPNN + RDKit2D, ensemble=3)",Chemprop v2,test,40,COc1cc(C)ccc1O,1.0,0.55094963,
tdc_skin_reaction,"Chemprop v2 (D-MPNN + RDKit2D, ensemble=3)",Chemprop v2,test,41,Nc1ccc(N)c([N+](=O)[O-])c1,1.0,0.5389181,
tdc_skin_reaction,"Chemprop v2 (D-MPNN + RDKit2D, ensemble=3)",Chemprop v2,test,42,CCCCCCCCC(=O)NCCC(CCC(=O)O)c1ccccc1S(=O)(=O)O,1.0,0.42756745,
tdc_skin_reaction,"Chemprop v2 (D-MPNN + RDKit2D, ensemble=3)",Chemprop v2,test,43,Nc1ccc(Cl)c(Cl)c1,1.0,0.5920345,
tdc_skin_reaction,"Chemprop v2 (D-MPNN + RDKit2D, ensemble=3)",Chemprop v2,test,44,C=CCc1cc(C)c(OC)c(O)c1,1.0,0.53215474,
tdc_skin_reaction,"Chemprop v2 (D-MPNN + RDKit2D, ensemble=3)",Chemprop v2,test,45,O=C(CC(=O)C(F)(F)F)c1ccccc1,1.0,0.5156835,
tdc_skin_reaction,"Chemprop v2 (D-MPNN + RDKit2D, ensemble=3)",Chemprop v2,test,46,C=CCc1ccc(OC)cc1,1.0,0.5796016,
tdc_skin_reaction,"Chemprop v2 (D-MPNN + RDKit2D, ensemble=3)",Chemprop v2,test,47,CNc1ccc(O)cc1,1.0,0.57812184,
tdc_skin_reaction,"Chemprop v2 (D-MPNN + RDKit2D, ensemble=3)",Chemprop v2,test,48,Nc1ccc(N)cc1,1.0,0.59328717,
tdc_skin_reaction,"Chemprop v2 (D-MPNN + RDKit2D, ensemble=3)",Chemprop v2,test,49,Cc1ccc(N)cc1O,1.0,0.55834335,
tdc_skin_reaction,"Chemprop v2 (D-MPNN + RDKit2D, ensemble=3)",Chemprop v2,test,50,C=CCc1cc(OC)c(O)cc1C,1.0,0.53297335,
tdc_skin_reaction,"Chemprop v2 (D-MPNN + RDKit2D, ensemble=3)",Chemprop v2,test,51,C=CCc1cc(C)c(O)c(OC)c1,1.0,0.5339858,
tdc_skin_reaction,"Chemprop v2 (D-MPNN + RDKit2D, ensemble=3)",Chemprop v2,test,52,CC=Cc1cc(C)c(O)c(OC)c1,1.0,0.53466177,
tdc_skin_reaction,"Chemprop v2 (D-MPNN + RDKit2D, ensemble=3)",Chemprop v2,test,53,CCCCCC(C=O)=Cc1ccccc1,1.0,0.5831771,
tdc_skin_reaction,"Chemprop v2 (D-MPNN + RDKit2D, ensemble=3)",Chemprop v2,test,54,CCCCC(C=O)=Cc1ccccc1,1.0,0.5850677,
tdc_skin_reaction,"Chemprop v2 (D-MPNN + RDKit2D, ensemble=3)",Chemprop v2,test,55,CCCCCCC(C=O)=Cc1ccccc1,1.0,0.57950884,
tdc_skin_reaction,"Chemprop v2 (D-MPNN + RDKit2D, ensemble=3)",Chemprop v2,test,56,CC(C=O)=Cc1ccccc1,1.0,0.60171944,
tdc_skin_reaction,"Chemprop v2 (D-MPNN + RDKit2D, ensemble=3)",Chemprop v2,test,57,CC(C=O)c1ccccc1,1.0,0.6023874,
tdc_skin_reaction,"Chemprop v2 (D-MPNN + RDKit2D, ensemble=3)",Chemprop v2,test,58,Nc1ccccc1,1.0,0.6115115,
tdc_skin_reaction,"Chemprop v2 (D-MPNN + RDKit2D, ensemble=3)",Chemprop v2,test,59,BrCc1ccccc1,1.0,0.6468713,
tdc_skin_reaction,"Chemprop v2 (D-MPNN + RDKit2D, ensemble=3)",Chemprop v2,test,60,CC(=O)C=Cc1ccccc1,1.0,0.5854297,
tdc_skin_reaction,"Chemprop v2 (D-MPNN + RDKit2D, ensemble=3)",Chemprop v2,test,61,OCC=Cc1ccccc1,1.0,0.5958969,
tdc_skin_reaction,"Chemprop v2 (D-MPNN + RDKit2D, ensemble=3)",Chemprop v2,test,62,O=CC=Cc1ccccc1,1.0,0.61018974,
tdc_skin_reaction,"Chemprop v2 (D-MPNN + RDKit2D, ensemble=3)",Chemprop v2,test,63,CC(C=O)Cc1ccc(C(C)C)cc1,1.0,0.57923037,
tdc_skin_reaction,"Chemprop v2 (D-MPNN + RDKit2D, ensemble=3)",Chemprop v2,test,64,CCCc1ccc(O)c(OC)c1,1.0,0.5384936,
tdc_skin_reaction,"Chemprop v2 (D-MPNN + RDKit2D, ensemble=3)",Chemprop v2,test,65,CC=CC(=O)Oc1c(C(C)CCCCCC)cc([N+](=O)[O-])cc1[N+](=O)[O-],1.0,0.5061507,
tdc_skin_reaction,"Chemprop v2 (D-MPNN + RDKit2D, ensemble=3)",Chemprop v2,test,66,C=CCc1ccc(O)c(OC)c1,1.0,0.54939646,
tdc_skin_reaction,"Chemprop v2 (D-MPNN + RDKit2D, ensemble=3)",Chemprop v2,test,67,CC=Cc1ccc(O)c(OC)c1,1.0,0.549824,
tdc_skin_reaction,"Chemprop v2 (D-MPNN + RDKit2D, ensemble=3)",Chemprop v2,test,68,CC=Cc1ccc(O)c(OC(C)C)c1,1.0,0.5361383,
tdc_skin_reaction,"Chemprop v2 (D-MPNN + RDKit2D, ensemble=3)",Chemprop v2,test,69,CCCCCCCCCCCCOC(=O)c1cc(O)c(O)c(O)c1,1.0,0.47705328,
tdc_skin_reaction,"Chemprop v2 (D-MPNN + RDKit2D, ensemble=3)",Chemprop v2,test,70,CNc1cccc(NC)c1,1.0,0.5844024,
tdc_skin_reaction,"Chemprop v2 (D-MPNN + RDKit2D, ensemble=3)",Chemprop v2,test,71,COc1ccc(NC(=O)CC(C)=O)cc1,1.0,0.48781833,
tdc_skin_reaction,"Chemprop v2 (D-MPNN + RDKit2D, ensemble=3)",Chemprop v2,test,72,Oc1cccc(O)c1,1.0,0.58922863,
tdc_skin_reaction,"Chemprop v2 (D-MPNN + RDKit2D, ensemble=3)",Chemprop v2,test,73,COc1ccc(C=O)cc1OC,1.0,0.532625,
tdc_skin_reaction,"Chemprop v2 (D-MPNN + RDKit2D, ensemble=3)",Chemprop v2,test,74,O=Cc1cc(O)ccc1C=C(CC(=O)O)C(=O)O,1.0,0.46502772,
tdc_skin_reaction,"Chemprop v2 (D-MPNN + RDKit2D, ensemble=3)",Chemprop v2,test,75,CC(=O)CC(=O)c1cc(C)c(C)c(C)c1C,1.0,0.5023858,
tdc_skin_reaction,"Chemprop v2 (D-MPNN + RDKit2D, ensemble=3)",Chemprop v2,test,76,CCC(=O)C=Cc1ccc(OC)cc1,1.0,0.5293682,
tdc_skin_reaction,"Chemprop v2 (D-MPNN + RDKit2D, ensemble=3)",Chemprop v2,test,77,Oc1ccc(O)cc1,1.0,0.59221536,
tdc_skin_reaction,"Chemprop v2 (D-MPNN + RDKit2D, ensemble=3)",Chemprop v2,test,78,CC(=O)C(=O)c1ccccc1,1.0,0.55682963,
tdc_skin_reaction,"Chemprop v2 (D-MPNN + RDKit2D, ensemble=3)",Chemprop v2,test,79,CC(=O)C(C)C(=O)c1ccccc1,1.0,0.5358169,
tdc_skin_reaction,"Chemprop v2 (D-MPNN + RDKit2D, ensemble=3)",Chemprop v2,test,80,O=[N+]([O-])c1ccc(S(=O)(=O)O)c([N+](=O)[O-])c1,1.0,0.55423117,
tdc_skin_reaction,"Chemprop v2 (D-MPNN + RDKit2D, ensemble=3)",Chemprop v2,test,81,Cc1cc(N)ccc1N,1.0,0.5687062,
tdc_skin_reaction,"Chemprop v2 (D-MPNN + RDKit2D, ensemble=3)",Chemprop v2,test,82,Nc1cc([N+](=O)[O-])cc(Cl)c1O,1.0,0.5428581,
tdc_skin_reaction,"Chemprop v2 (D-MPNN + RDKit2D, ensemble=3)",Chemprop v2,test,83,Cc1ccc(NCCO)cc1O,1.0,0.5297344,
tdc_skin_reaction,"Chemprop v2 (D-MPNN + RDKit2D, ensemble=3)",Chemprop v2,test,84,Nc1cccc(O)c1,1.0,0.5779524,
tdc_skin_reaction,"Chemprop v2 (D-MPNN + RDKit2D, ensemble=3)",Chemprop v2,test,85,O=C(Cl)c1ccc(F)c(Cl)c1,1.0,0.56378335,
tdc_skin_reaction,"Chemprop v2 (D-MPNN + RDKit2D, ensemble=3)",Chemprop v2,test,86,CCOC(=O)CC(=O)c1cc(C)c(C)c(C)c1C,1.0,0.4778315,
tdc_skin_reaction,"Chemprop v2 (D-MPNN + RDKit2D, ensemble=3)",Chemprop v2,test,87,CC=Cc1ccc(O)c(OC)c1C,1.0,0.5419972,
tdc_skin_reaction,"Chemprop v2 (D-MPNN + RDKit2D, ensemble=3)",Chemprop v2,test,88,Nc1cccc(N)c1,1.0,0.588777,
tdc_skin_reaction,"Chemprop v2 (D-MPNN + RDKit2D, ensemble=3)",Chemprop v2,test,89,CCOC(=O)c1ccc(CBr)cc1,1.0,0.55913043,
tdc_skin_reaction,"Chemprop v2 (D-MPNN + RDKit2D, ensemble=3)",Chemprop v2,test,90,CCN(CCNS(C)(=O)=O)c1ccc(N)c(C)c1,1.0,0.45916095,
tdc_skin_reaction,"Chemprop v2 (D-MPNN + RDKit2D, ensemble=3)",Chemprop v2,test,91,N#CSc1ccc(N)c([N+](=O)[O-])c1,1.0,0.55149543,
tdc_skin_reaction,"Chemprop v2 (D-MPNN + RDKit2D, ensemble=3)",Chemprop v2,test,92,O=[N+]([O-])c1ccc(CBr)cc1,1.0,0.6009439,
tdc_skin_reaction,"Chemprop v2 (D-MPNN + RDKit2D, ensemble=3)",Chemprop v2,test,93,CC(C)CC=C(C=O)c1ccccc1,1.0,0.5823783,
tdc_skin_reaction,"Chemprop v2 (D-MPNN + RDKit2D, ensemble=3)",Chemprop v2,test,94,CCCCCCCCCCCCCC[N+](C)(C)Cc1ccccc1,1.0,0.59737843,
tdc_skin_reaction,"Chemprop v2 (D-MPNN + RDKit2D, ensemble=3)",Chemprop v2,test,95,N#Cc1c(Cl)c(Cl)c(Cl)c(C#N)c1Cl,1.0,0.54672223,
tdc_skin_reaction,"Chemprop v2 (D-MPNN + RDKit2D, ensemble=3)",Chemprop v2,test,96,CCCc1ccc(OC)c(O)c1,1.0,0.53775746,
tdc_skin_reaction,"Chemprop v2 (D-MPNN + RDKit2D, ensemble=3)",Chemprop v2,test,97,CCOC(=O)c1ccc(I)cc1,1.0,0.5627581,
tdc_skin_reaction,"Chemprop v2 (D-MPNN + RDKit2D, ensemble=3)",Chemprop v2,test,98,CC=Cc1ccc(OC(C)C)c(OC)c1,1.0,0.5269483,
tdc_skin_reaction,"Chemprop v2 (D-MPNN + RDKit2D, ensemble=3)",Chemprop v2,test,99,COC(=O)c1ccc(CBr)cc1,1.0,0.5651695,
tdc_skin_reaction,"Chemprop v2 (D-MPNN + RDKit2D, ensemble=3)",Chemprop v2,test,100,NCc1cccc(CN)c1,1.0,0.58819175,
tdc_skin_reaction,"Chemprop v2 (D-MPNN + RDKit2D, ensemble=3)",Chemprop v2,test,101,CC(C)N(C(=N)N)C(=N)Nc1ccc(Cl)c(Cl)c1,1.0,0.49180302,
tdc_skin_reaction,"Chemprop v2 (D-MPNN + RDKit2D, ensemble=3)",Chemprop v2,test,102,Oc1c(Cl)c(Cl)c(Cl)c(Cl)c1Cl,1.0,0.5885042,
tdc_skin_reaction,"Chemprop v2 (D-MPNN + RDKit2D, ensemble=3)",Chemprop v2,test,103,O=CCc1ccccc1,1.0,0.6114535,
tdc_skin_reaction,"Chemprop v2 (D-MPNN + RDKit2D, ensemble=3)",Chemprop v2,test,104,Cc1ccc(CCC=O)cc1,1.0,0.5839503,
tdc_skin_reaction,"Chemprop v2 (D-MPNN + RDKit2D, ensemble=3)",Chemprop v2,test,105,CC(C=O)Cc1ccc(C(C)(C)C)cc1,1.0,0.5731912,
tdc_skin_reaction,"Chemprop v2 (D-MPNN + RDKit2D, ensemble=3)",Chemprop v2,test,106,CC(CC(=O)Oc1ccc(S(=O)(=O)O)cc1)CC(C)(C)C,1.0,0.47909364,
tdc_skin_reaction,"Chemprop v2 (D-MPNN + RDKit2D, ensemble=3)",Chemprop v2,test,107,CCCN(CCC)c1c([N+](=O)[O-])cc(C(F)(F)F)cc1[N+](=O)[O-],1.0,0.52435917,
tdc_skin_reaction,"Chemprop v2 (D-MPNN + RDKit2D, ensemble=3)",Chemprop v2,test,108,CCOC(=O)C(C)(C)Oc1ccc(Cl)cc1,0.0,0.50484014,
tdc_skin_reaction,"Chemprop v2 (D-MPNN + RDKit2D, ensemble=3)",Chemprop v2,test,109,Cc1cccc(O)c1O,1.0,0.55235255,
tdc_skin_reaction,"Chemprop v2 (D-MPNN + RDKit2D, ensemble=3)",Chemprop v2,test,110,Cc1cc(O)ccc1N,1.0,0.5588574,
tdc_skin_reaction,"Chemprop v2 (D-MPNN + RDKit2D, ensemble=3)",Chemprop v2,test,111,O=C(O)Cc1ccc(C(=O)O)cc1,1.0,0.5342116,
tdc_skin_reaction,"Chemprop v2 (D-MPNN + RDKit2D, ensemble=3)",Chemprop v2,test,112,Nc1ccc(N(CO)CCO)cc1[N+](=O)[O-],1.0,0.4901583,
tdc_skin_reaction,"Chemprop v2 (D-MPNN + RDKit2D, ensemble=3)",Chemprop v2,test,113,CN(C)c1ccc(N=O)cc1,1.0,0.5738386,
tdc_skin_reaction,"Chemprop v2 (D-MPNN + RDKit2D, ensemble=3)",Chemprop v2,test,114,CCCOC(=O)c1cc(O)c(O)c(O)c1,1.0,0.4994049,
tdc_skin_reaction,"Chemprop v2 (CMPNN, ensemble=3)",Chemprop v2,train,0,CC(=O)OCC(=O)C1(O)C(C)CC2C3CCC4=CC(=O)C=CC4(C)C3=CCC21C,0.0,0.5560457,
tdc_skin_reaction,"Chemprop v2 (CMPNN, ensemble=3)",Chemprop v2,train,1,CCCOc1ccc(Br)c(C(=O)c2ccc(OC)cc2O)c1,0.0,0.4883059,
tdc_skin_reaction,"Chemprop v2 (CMPNN, ensemble=3)",Chemprop v2,train,2,CC=C(C)C=O,0.0,0.63534975,
tdc_skin_reaction,"Chemprop v2 (CMPNN, ensemble=3)",Chemprop v2,train,3,O=C1C([PH](c2ccccc2)(c2ccccc2)c2ccccc2)CCN1c1ccccc1,0.0,0.3791431,
tdc_skin_reaction,"Chemprop v2 (CMPNN, ensemble=3)",Chemprop v2,train,4,C=C(C=CCC(C)C)CC,0.0,0.7150635,
tdc_skin_reaction,"Chemprop v2 (CMPNN, ensemble=3)",Chemprop v2,train,5,C=CC1(C)CC(OC(=O)CSC2CC3CCC(C2)N3C)C2(C)C(C)CCC3(CCC(=O)C32)C(C)C1O,0.0,0.42886338,
tdc_skin_reaction,"Chemprop v2 (CMPNN, ensemble=3)",Chemprop v2,train,6,CCCCc1ccc(C(=O)CC(=O)c2cc(C)c(C)c(C)c2C)cc1,0.0,0.5400946,
tdc_skin_reaction,"Chemprop v2 (CMPNN, ensemble=3)",Chemprop v2,train,7,CC(C)(CC1Cc2ccccc2C1)NCC(O)COc1cc(CCC(=O)O)cc(F)c1F,0.0,0.4969759,
tdc_skin_reaction,"Chemprop v2 (CMPNN, ensemble=3)",Chemprop v2,train,8,CCOc1ccc(C(=O)Cc2ccc(S(C)(=O)=O)cc2)cc1,0.0,0.51704556,
tdc_skin_reaction,"Chemprop v2 (CMPNN, ensemble=3)",Chemprop v2,train,9,CC(C)(C)OC(=O)N1CC(F)CC1C(N)=O,0.0,0.59963363,
tdc_skin_reaction,"Chemprop v2 (CMPNN, ensemble=3)",Chemprop v2,train,10,CC(C)(C)OC(=O)N1CC(F)CC1C(=O)O,0.0,0.5863318,
tdc_skin_reaction,"Chemprop v2 (CMPNN, ensemble=3)",Chemprop v2,train,11,Cc1nc(COc2ccc(CC(NC(=O)OC(C)(C)C)C3CO3)cc2)cs1,0.0,0.4534674,
tdc_skin_reaction,"Chemprop v2 (CMPNN, ensemble=3)",Chemprop v2,train,12,CC(C)(C)OC(=O)NC(C(=O)N1CC(F)CC1C#N)C(c1ccc(F)cc1)c1ccc(F)cc1,0.0,0.4206322,
tdc_skin_reaction,"Chemprop v2 (CMPNN, ensemble=3)",Chemprop v2,train,13,O=c1[nH]c(=S)[nH]c2c1CCC2,0.0,0.52037627,
tdc_skin_reaction,"Chemprop v2 (CMPNN, ensemble=3)",Chemprop v2,train,14,Cc1ccc(C)c(C(=O)CC(=O)c2cc(C)ccc2C)c1,0.0,0.48236033,
tdc_skin_reaction,"Chemprop v2 (CMPNN, ensemble=3)",Chemprop v2,train,15,CC1C(c2ccccc2)NC(=O)N1C,0.0,0.49918595,
tdc_skin_reaction,"Chemprop v2 (CMPNN, ensemble=3)",Chemprop v2,train,16,CCCOc1ccc2c(c1)C(O)(c1ccc(OC)cc1OCc1ccccc1)C(C(=O)N1C(=O)N(C)C(C)C1c1ccccc1)C2c1ccc2c(c1)OCO2,0.0,0.2720386,
tdc_skin_reaction,"Chemprop v2 (CMPNN, ensemble=3)",Chemprop v2,train,17,N#CC1CC(F)CN1C(=O)C(N)C(c1ccc(F)cc1)c1ccc(F)cc1,0.0,0.42232653,
tdc_skin_reaction,"Chemprop v2 (CMPNN, ensemble=3)",Chemprop v2,train,18,CCCOc1ccc(C=CC(=O)N2C(=O)N(C)C(C)C2c2ccccc2)c(C(=O)c2ccc(OC)cc2OCc2ccccc2)c1,0.0,0.38448706,
tdc_skin_reaction,"Chemprop v2 (CMPNN, ensemble=3)",Chemprop v2,train,19,COc1ccc(C2(C#N)CCC(=O)CC2)cc1OC1CCCC1,0.0,0.5667167,
tdc_skin_reaction,"Chemprop v2 (CMPNN, ensemble=3)",Chemprop v2,train,20,CC(=O)c1ccc(Cc2ccc(F)cc2)o1,0.0,0.48725176,
tdc_skin_reaction,"Chemprop v2 (CMPNN, ensemble=3)",Chemprop v2,train,21,CCOc1ccc(-c2nn3ncccc3c2-c2ccc(S(C)(=O)=O)cc2)cc1,0.0,0.4078727,
tdc_skin_reaction,"Chemprop v2 (CMPNN, ensemble=3)",Chemprop v2,train,22,CC(=O)CCCN1C(=O)c2ccccc2C1=O,0.0,0.66001815,
tdc_skin_reaction,"Chemprop v2 (CMPNN, ensemble=3)",Chemprop v2,train,23,CC(C)(C)N(Cc1ccccc1)CC(O)c1ccc(O)c(CO)c1,0.0,0.48030767,
tdc_skin_reaction,"Chemprop v2 (CMPNN, ensemble=3)",Chemprop v2,train,24,Cc1nc(COc2ccc(CC(NC(=O)OC3COC4OCCC34)C(O)CN(CC(C)C)S(=O)(=O)c3ccc4c(c3)OCO4)cc2)cs1,0.0,0.37469462,
tdc_skin_reaction,"Chemprop v2 (CMPNN, ensemble=3)",Chemprop v2,train,25,CC(C)N(C(=O)Cn1c(=O)c(=NOCc2ccccc2)c(=O)n(-c2ccccc2)c2ccccc21)c1ccccc1,0.0,0.34419343,
tdc_skin_reaction,"Chemprop v2 (CMPNN, ensemble=3)",Chemprop v2,train,26,Cc1c2ccc(N)cc2nn1C,0.0,0.4831601,
tdc_skin_reaction,"Chemprop v2 (CMPNN, ensemble=3)",Chemprop v2,train,27,COc1cc(C)c2c(Oc3cccc(C(F)(F)F)c3)c(OC)cc(N)c2n1,0.0,0.39739275,
tdc_skin_reaction,"Chemprop v2 (CMPNN, ensemble=3)",Chemprop v2,train,28,COc1cc(C)c2c(Oc3cccc(C(F)(F)F)c3)c(OC)cc(NC(C)CCCN3C(=O)c4ccccc4C3=O)c2n1,0.0,0.3786253,
tdc_skin_reaction,"Chemprop v2 (CMPNN, ensemble=3)",Chemprop v2,train,29,CC(=O)C1CCCCC1=O,0.0,0.667898,
tdc_skin_reaction,"Chemprop v2 (CMPNN, ensemble=3)",Chemprop v2,train,30,CS(=O)(=O)CCN,0.0,0.74140996,
tdc_skin_reaction,"Chemprop v2 (CMPNN, ensemble=3)",Chemprop v2,train,31,COc1ccc2nc(Cl)cc(C)c2c1,0.0,0.4750125,
tdc_skin_reaction,"Chemprop v2 (CMPNN, ensemble=3)",Chemprop v2,train,32,C=C(C)C(=O)OCC(C)O,0.0,0.64523613,
tdc_skin_reaction,"Chemprop v2 (CMPNN, ensemble=3)",Chemprop v2,train,33,CCC(C)C1C(=O)NC(C2Cc3ccccc3C2)C(=O)N1C(C(=O)N1CCOCC1)c1coc(C)n1,0.0,0.43423414,
tdc_skin_reaction,"Chemprop v2 (CMPNN, ensemble=3)",Chemprop v2,train,34,CC(C)N(C(=O)CN1C(=O)C(N)C(=O)N(c2ccccc2)c2ccccc21)c1ccccc1,0.0,0.42806157,
tdc_skin_reaction,"Chemprop v2 (CMPNN, ensemble=3)",Chemprop v2,train,35,O=C(O)c1c(O)c(-c2ccccc2)nc2ccccc12,0.0,0.4342606,
tdc_skin_reaction,"Chemprop v2 (CMPNN, ensemble=3)",Chemprop v2,train,36,CC1C=CC(C(C)C)CC1,0.0,0.5554114,
tdc_skin_reaction,"Chemprop v2 (CMPNN, ensemble=3)",Chemprop v2,train,37,O=Cc1ccc(-c2ccc(C(F)(F)F)cc2)cc1,0.0,0.4644477,
tdc_skin_reaction,"Chemprop v2 (CMPNN, ensemble=3)",Chemprop v2,train,38,CCCCN1C(=O)C(C(O)C2CCCCC2)NC(=O)C12CCN(Cc1ccc(Oc3ccc(C(=O)O)cc3)cc1)CC2,0.0,0.5830596,
tdc_skin_reaction,"Chemprop v2 (CMPNN, ensemble=3)",Chemprop v2,train,39,COc1ccc(C2(C#N)CCC(C(=O)O)CC2)cc1OC1CCCC1,0.0,0.52287173,
tdc_skin_reaction,"Chemprop v2 (CMPNN, ensemble=3)",Chemprop v2,train,40,NC(=O)C1CC(F)CN1,0.0,0.56272155,
tdc_skin_reaction,"Chemprop v2 (CMPNN, ensemble=3)",Chemprop v2,train,41,C=C1CC(C(=C)C)CCC1C,0.0,0.63135993,
tdc_skin_reaction,"Chemprop v2 (CMPNN, ensemble=3)",Chemprop v2,train,42,C=C1CCC(C(C)C)CC1,0.0,0.6423629,
tdc_skin_reaction,"Chemprop v2 (CMPNN, ensemble=3)",Chemprop v2,train,43,Cc1ccc(Nc2nccc(N(C)c3ccc4c(C)n(C)nc4c3)n2)cc1S(N)(=O)=O,0.0,0.38947156,
tdc_skin_reaction,"Chemprop v2 (CMPNN, ensemble=3)",Chemprop v2,train,44,COc1cc(C)c2c(Cl)c(OC)ccc2n1,0.0,0.4651409,
tdc_skin_reaction,"Chemprop v2 (CMPNN, ensemble=3)",Chemprop v2,train,45,Cc1cc2c(cc1C(F)(F)F)NCC2,0.0,0.4939195,
tdc_skin_reaction,"Chemprop v2 (CMPNN, ensemble=3)",Chemprop v2,train,46,OCCCCCCCl,0.0,0.78104234,
tdc_skin_reaction,"Chemprop v2 (CMPNN, ensemble=3)",Chemprop v2,train,47,C=CC1(C)CC(OC(=O)CO)C2(C)C(C)CCC3(CCC(=O)C32)C(C)C1O,0.0,0.4715617,
tdc_skin_reaction,"Chemprop v2 (CMPNN, ensemble=3)",Chemprop v2,train,48,O=c1[nH]cnc2ccc(I)cc12,0.0,0.48497853,
tdc_skin_reaction,"Chemprop v2 (CMPNN, ensemble=3)",Chemprop v2,train,49,COc1ccc2[nH]c(=O)cc(C)c2c1,0.0,0.47650775,
tdc_skin_reaction,"Chemprop v2 (CMPNN, ensemble=3)",Chemprop v2,train,50,COc1cc(N)c2nccc(C)c2c1,0.0,0.47519168,
tdc_skin_reaction,"Chemprop v2 (CMPNN, ensemble=3)",Chemprop v2,train,51,Cc1ccc2oc(=O)ccc2c1,0.0,0.48629382,
tdc_skin_reaction,"Chemprop v2 (CMPNN, ensemble=3)",Chemprop v2,train,52,COc1ccc(Nc2ccc(CCNCC(O)c3ccc(O)c4[nH]c(=O)ccc34)cc2)cc1-c1ccccc1,0.0,0.34550843,
tdc_skin_reaction,"Chemprop v2 (CMPNN, ensemble=3)",Chemprop v2,train,53,O=C(O)CCCCC(=O)O,0.0,0.7473536,
tdc_skin_reaction,"Chemprop v2 (CMPNN, ensemble=3)",Chemprop v2,train,54,CCNc1nc(Cl)nc(NC(C)C)n1,0.0,0.514693,
tdc_skin_reaction,"Chemprop v2 (CMPNN, ensemble=3)",Chemprop v2,train,55,CCCCBr,0.0,0.69652396,
tdc_skin_reaction,"Chemprop v2 (CMPNN, ensemble=3)",Chemprop v2,train,56,CCCCCCCCCBr,0.0,0.8489833,
tdc_skin_reaction,"Chemprop v2 (CMPNN, ensemble=3)",Chemprop v2,train,57,C=C1CC=C(C(C)C)CC1,0.0,0.6780849,
tdc_skin_reaction,"Chemprop v2 (CMPNN, ensemble=3)",Chemprop v2,train,58,CCCCO,0.0,0.680953,
tdc_skin_reaction,"Chemprop v2 (CMPNN, ensemble=3)",Chemprop v2,train,59,CCCCCCCCCCl,0.0,0.84548664,
tdc_skin_reaction,"Chemprop v2 (CMPNN, ensemble=3)",Chemprop v2,train,60,CCC1OC(=O)C(C)C(OC2CC(C)(OC)C(O)C(C)O2)C(C)C(OC2OC(C)CC(N(C)C)C2O)C(C)(OC)CC(C)C(=O)C(C)C(O)C1(C)O,0.0,0.31128922,
tdc_skin_reaction,"Chemprop v2 (CMPNN, ensemble=3)",Chemprop v2,train,61,O=c1ccc2ccccc2o1,0.0,0.49239388,
tdc_skin_reaction,"Chemprop v2 (CMPNN, ensemble=3)",Chemprop v2,train,62,Nc1cc[nH]c(=O)n1,0.0,0.52854323,
tdc_skin_reaction,"Chemprop v2 (CMPNN, ensemble=3)",Chemprop v2,train,63,COC(=O)CCC(C#N)(CCC(=O)OC)c1ccc(OC)c(OC2CCCC2)c1,0.0,0.66909075,
tdc_skin_reaction,"Chemprop v2 (CMPNN, ensemble=3)",Chemprop v2,train,64,COC(=O)OC,0.0,0.603637,
tdc_skin_reaction,"Chemprop v2 (CMPNN, ensemble=3)",Chemprop v2,train,65,CCOC(=O)C(=NOC(C)(C)C(=O)OC(C)(C)C)c1csc(NC(c2ccccc2)(c2ccccc2)c2ccccc2)n1,0.0,0.4226772,
tdc_skin_reaction,"Chemprop v2 (CMPNN, ensemble=3)",Chemprop v2,train,66,CCOC(=O)c1nnc[nH]1,0.0,0.56309277,
tdc_skin_reaction,"Chemprop v2 (CMPNN, ensemble=3)",Chemprop v2,train,67,CCOC(=O)CC(=O)c1cc(F)c(Cl)nc1Cl,0.0,0.5717891,
tdc_skin_reaction,"Chemprop v2 (CMPNN, ensemble=3)",Chemprop v2,train,68,O=C(O)C=CC(=O)O,0.0,0.635466,
tdc_skin_reaction,"Chemprop v2 (CMPNN, ensemble=3)",Chemprop v2,train,69,O=C(C(=O)c1ccco1)c1ccco1,0.0,0.51114744,
tdc_skin_reaction,"Chemprop v2 (CMPNN, ensemble=3)",Chemprop v2,train,70,OCC(O)CO,0.0,0.5870464,
tdc_skin_reaction,"Chemprop v2 (CMPNN, ensemble=3)",Chemprop v2,train,71,CCCCCC,0.0,0.7353181,
tdc_skin_reaction,"Chemprop v2 (CMPNN, ensemble=3)",Chemprop v2,train,72,CCCCCCI,0.0,0.7653015,
tdc_skin_reaction,"Chemprop v2 (CMPNN, ensemble=3)",Chemprop v2,train,73,CCCCCCCCCCCCCCCCCCI,0.0,0.9601242,
tdc_skin_reaction,"Chemprop v2 (CMPNN, ensemble=3)",Chemprop v2,train,74,CC(C)O,0.0,0.56408465,
tdc_skin_reaction,"Chemprop v2 (CMPNN, ensemble=3)",Chemprop v2,train,75,CC(C)N(C#N)C#N,0.0,0.56637406,
tdc_skin_reaction,"Chemprop v2 (CMPNN, ensemble=3)",Chemprop v2,train,76,NCC1OC(OC2C(N)CC(N)C(OC3OC(CO)C(O)C(N)C3O)C2O)C(O)C(O)C1O,0.0,0.364398,
tdc_skin_reaction,"Chemprop v2 (CMPNN, ensemble=3)",Chemprop v2,train,77,CC(O)C(=O)O,0.0,0.5735279,
tdc_skin_reaction,"Chemprop v2 (CMPNN, ensemble=3)",Chemprop v2,train,78,Cc1c2ccc(Nc3ccnc(Cl)n3)cc2nn1C,0.0,0.43145397,
tdc_skin_reaction,"Chemprop v2 (CMPNN, ensemble=3)",Chemprop v2,train,79,Cc1c2ccc(N(C)c3ccnc(Cl)n3)cc2nn1C,0.0,0.43009353,
tdc_skin_reaction,"Chemprop v2 (CMPNN, ensemble=3)",Chemprop v2,train,80,CCCCN1CCC(CNC(=O)c2c3n(c4ccccc24)CCCO3)CC1,0.0,0.62683576,
tdc_skin_reaction,"Chemprop v2 (CMPNN, ensemble=3)",Chemprop v2,train,81,CC(C)(C)OC(=O)NC(C(=O)O)C(c1ccc(F)cc1)c1ccc(F)cc1,0.0,0.45500574,
tdc_skin_reaction,"Chemprop v2 (CMPNN, ensemble=3)",Chemprop v2,train,82,O=CNc1cc(C(O)CBr)ccc1OCc1ccccc1,0.0,0.46968386,
tdc_skin_reaction,"Chemprop v2 (CMPNN, ensemble=3)",Chemprop v2,train,83,CCCCCCCC(=O)O,0.0,0.8046145,
tdc_skin_reaction,"Chemprop v2 (CMPNN, ensemble=3)",Chemprop v2,train,84,CCOc1cc(Oc2ccc(C(F)(F)F)cc2Cl)ccc1[N+](=O)[O-],0.0,0.47895733,
tdc_skin_reaction,"Chemprop v2 (CMPNN, ensemble=3)",Chemprop v2,train,85,C=CC(=O)OCC(CO)(COC(=O)C=C)COC(=O)C=C,0.0,0.7914048,
tdc_skin_reaction,"Chemprop v2 (CMPNN, ensemble=3)",Chemprop v2,train,86,Cc1cc(F)ccc1C1CC(=O)C=CN1C(=O)OCc1ccccc1,0.0,0.47758445,
tdc_skin_reaction,"Chemprop v2 (CMPNN, ensemble=3)",Chemprop v2,train,87,CC(O)CO,0.0,0.57466114,
tdc_skin_reaction,"Chemprop v2 (CMPNN, ensemble=3)",Chemprop v2,train,88,Fc1ccc(Oc2ccnc3cc(Cl)cc(Cl)c23)cc1,0.0,0.42907968,
tdc_skin_reaction,"Chemprop v2 (CMPNN, ensemble=3)",Chemprop v2,train,89,COC1C=COC2(C)Oc3c(C)c(O)c4c(O)c(cc(O)c4c3C2=O)NC(=O)C(C)=CC=CC(C)C(O)C(C)C(O)C(C)C(OC(C)=O)C1C,0.0,0.3190048,
tdc_skin_reaction,"Chemprop v2 (CMPNN, ensemble=3)",Chemprop v2,train,90,O=C1NS(=O)(=O)c2ccccc21,0.0,0.53968996,
tdc_skin_reaction,"Chemprop v2 (CMPNN, ensemble=3)",Chemprop v2,train,91,O=C(O)CCC(=O)O,0.0,0.6734672,
tdc_skin_reaction,"Chemprop v2 (CMPNN, ensemble=3)",Chemprop v2,train,92,O=C(O)C(O)C(O)C(=O)O,0.0,0.5588806,
tdc_skin_reaction,"Chemprop v2 (CMPNN, ensemble=3)",Chemprop v2,train,93,C=CC(=O)OCC(CC)(COC(=O)C=C)COC(=O)C=C,0.0,0.8055081,
tdc_skin_reaction,"Chemprop v2 (CMPNN, ensemble=3)",Chemprop v2,train,94,C=C(Cl)Cl,0.0,0.61151123,
tdc_skin_reaction,"Chemprop v2 (CMPNN, ensemble=3)",Chemprop v2,train,95,CCCCCCCC=CC=O,1.0,0.82146627,
tdc_skin_reaction,"Chemprop v2 (CMPNN, ensemble=3)",Chemprop v2,train,96,O=c1[nH]sc2ccccc12,1.0,0.49858007,
tdc_skin_reaction,"Chemprop v2 (CMPNN, ensemble=3)",Chemprop v2,train,97,N#CCCC(Br)(C#N)CBr,1.0,0.6937916,
tdc_skin_reaction,"Chemprop v2 (CMPNN, ensemble=3)",Chemprop v2,train,98,C=CC(=O)N1C(=O)N(C)C(C)C1c1ccccc1,1.0,0.5299383,
tdc_skin_reaction,"Chemprop v2 (CMPNN, ensemble=3)",Chemprop v2,train,99,C(CCCOCC1CO1)CCOCC1CO1,1.0,0.7679309,
tdc_skin_reaction,"Chemprop v2 (CMPNN, ensemble=3)",Chemprop v2,train,100,OCCCCCCCCCCCCBr,1.0,0.9108413,
tdc_skin_reaction,"Chemprop v2 (CMPNN, ensemble=3)",Chemprop v2,train,101,O=C1C=CC2(O)C3Cc4ccc(O)c5c4C2(CCN3)C1O5,1.0,0.42306232,
tdc_skin_reaction,"Chemprop v2 (CMPNN, ensemble=3)",Chemprop v2,train,102,CCCCCCCCCCCCCCCCCCCl,1.0,0.9596997,
tdc_skin_reaction,"Chemprop v2 (CMPNN, ensemble=3)",Chemprop v2,train,103,CCCCCCCCCCI,1.0,0.86793774,
tdc_skin_reaction,"Chemprop v2 (CMPNN, ensemble=3)",Chemprop v2,train,104,CN(N=O)C(=N)N[N+](=O)[O-],1.0,0.68936557,
tdc_skin_reaction,"Chemprop v2 (CMPNN, ensemble=3)",Chemprop v2,train,105,Oc1cccc2ccccc12,1.0,0.4903141,
tdc_skin_reaction,"Chemprop v2 (CMPNN, ensemble=3)",Chemprop v2,train,106,CCCC=CC=O,1.0,0.69115406,
tdc_skin_reaction,"Chemprop v2 (CMPNN, ensemble=3)",Chemprop v2,train,107,CN(C)CCOC(C)(c1ccccc1)c1ccc(Br)cc1,1.0,0.5127065,
tdc_skin_reaction,"Chemprop v2 (CMPNN, ensemble=3)",Chemprop v2,train,108,CC(C)(C)N(CC(=O)c1ccc(O)c(CO)c1)Cc1ccccc1,1.0,0.51066285,
tdc_skin_reaction,"Chemprop v2 (CMPNN, ensemble=3)",Chemprop v2,train,109,C=CC(=O)OCC(CC)CCCC,1.0,0.77765656,
tdc_skin_reaction,"Chemprop v2 (CMPNN, ensemble=3)",Chemprop v2,train,110,C=CC(=O)OCCO,1.0,0.6672518,
tdc_skin_reaction,"Chemprop v2 (CMPNN, ensemble=3)",Chemprop v2,train,111,Sc1nc2ccccc2s1,1.0,0.49597836,
tdc_skin_reaction,"Chemprop v2 (CMPNN, ensemble=3)",Chemprop v2,train,112,CCCCCCCCCC(C)C=O,1.0,0.84835905,
tdc_skin_reaction,"Chemprop v2 (CMPNN, ensemble=3)",Chemprop v2,train,113,CC(CC(=O)Cl)CC(C)(C)C,1.0,0.70799494,
tdc_skin_reaction,"Chemprop v2 (CMPNN, ensemble=3)",Chemprop v2,train,114,CC1(C)CC(CBr)C(=O)O1,1.0,0.5879488,
tdc_skin_reaction,"Chemprop v2 (CMPNN, ensemble=3)",Chemprop v2,train,115,CN(C)CCCN,1.0,0.71431184,
tdc_skin_reaction,"Chemprop v2 (CMPNN, ensemble=3)",Chemprop v2,train,116,Nc1cc(F)cc(-c2cccnc2)c1,1.0,0.47735083,
tdc_skin_reaction,"Chemprop v2 (CMPNN, ensemble=3)",Chemprop v2,train,117,Cn1sc(Cl)cc1=O,1.0,0.53094834,
tdc_skin_reaction,"Chemprop v2 (CMPNN, ensemble=3)",Chemprop v2,train,118,CC(=O)C(=O)CC(C)C,1.0,0.66597503,
tdc_skin_reaction,"Chemprop v2 (CMPNN, ensemble=3)",Chemprop v2,train,119,C=CCC1(C)C=C(OC)C(=O)CC1,1.0,0.70472616,
tdc_skin_reaction,"Chemprop v2 (CMPNN, ensemble=3)",Chemprop v2,train,120,CCN(CC)CCCCCCO,1.0,0.84161776,
tdc_skin_reaction,"Chemprop v2 (CMPNN, ensemble=3)",Chemprop v2,train,121,CCC=CCCCCC=O,1.0,0.7939957,
tdc_skin_reaction,"Chemprop v2 (CMPNN, ensemble=3)",Chemprop v2,train,122,O=C(O)c1ccc2c(c1)C(=O)OC2=O,1.0,0.5269549,
tdc_skin_reaction,"Chemprop v2 (CMPNN, ensemble=3)",Chemprop v2,train,123,O=C(OCc1ccccc1)c1ccccc1,1.0,0.49571887,
tdc_skin_reaction,"Chemprop v2 (CMPNN, ensemble=3)",Chemprop v2,train,124,CC(C)(c1ccc(OCC2CO2)cc1)c1ccc(OCC2CO2)cc1,1.0,0.42852768,
tdc_skin_reaction,"Chemprop v2 (CMPNN, ensemble=3)",Chemprop v2,train,125,C=C1C=CC(C(C)C)CC1,1.0,0.6065596,
tdc_skin_reaction,"Chemprop v2 (CMPNN, ensemble=3)",Chemprop v2,train,126,O=CC=C(c1ccccc1)c1ccccc1,1.0,0.5001814,
tdc_skin_reaction,"Chemprop v2 (CMPNN, ensemble=3)",Chemprop v2,train,127,CCCCCCCCCCCCCCCCCCCCCCBr,1.0,0.97815555,
tdc_skin_reaction,"Chemprop v2 (CMPNN, ensemble=3)",Chemprop v2,train,128,CCCCCCCCCCCCBr,1.0,0.9031021,
tdc_skin_reaction,"Chemprop v2 (CMPNN, ensemble=3)",Chemprop v2,train,129,CCCCCCCCCCCCCCCCCCCCBr,1.0,0.970696,
tdc_skin_reaction,"Chemprop v2 (CMPNN, ensemble=3)",Chemprop v2,train,130,CCCCCCCCCCCCCCCCCBr,1.0,0.9542346,
tdc_skin_reaction,"Chemprop v2 (CMPNN, ensemble=3)",Chemprop v2,train,131,CCCCCCCCCCCCCCCCBr,1.0,0.9468481,
tdc_skin_reaction,"Chemprop v2 (CMPNN, ensemble=3)",Chemprop v2,train,132,CCCCCCBr,1.0,0.7681357,
tdc_skin_reaction,"Chemprop v2 (CMPNN, ensemble=3)",Chemprop v2,train,133,CCCCCCCCCCCCCCCCCCBr,1.0,0.9605759,
tdc_skin_reaction,"Chemprop v2 (CMPNN, ensemble=3)",Chemprop v2,train,134,CCCCCCCCCCCCCCCBr,1.0,0.93824524,
tdc_skin_reaction,"Chemprop v2 (CMPNN, ensemble=3)",Chemprop v2,train,135,CCCCCCCCCCCCCCBr,1.0,0.9282291,
tdc_skin_reaction,"Chemprop v2 (CMPNN, ensemble=3)",Chemprop v2,train,136,CCCCCCCCCCCCCBr,1.0,0.9165887,
tdc_skin_reaction,"Chemprop v2 (CMPNN, ensemble=3)",Chemprop v2,train,137,CCCCCCCCCCCBr,1.0,0.88752794,
tdc_skin_reaction,"Chemprop v2 (CMPNN, ensemble=3)",Chemprop v2,train,138,C=CC(=O)OCCCC,1.0,0.7225072,
tdc_skin_reaction,"Chemprop v2 (CMPNN, ensemble=3)",Chemprop v2,train,139,CCCCOCC1CO1,1.0,0.6876979,
tdc_skin_reaction,"Chemprop v2 (CMPNN, ensemble=3)",Chemprop v2,train,140,CCCCCCCCCCCC1=NC(C)(C)C(=O)O1,1.0,0.89006186,
tdc_skin_reaction,"Chemprop v2 (CMPNN, ensemble=3)",Chemprop v2,train,141,CCCCC1=NC(C)(C)C(=O)O1,1.0,0.7072354,
tdc_skin_reaction,"Chemprop v2 (CMPNN, ensemble=3)",Chemprop v2,train,142,CCCCCCCCCCCCCCCl,1.0,0.9265721,
tdc_skin_reaction,"Chemprop v2 (CMPNN, ensemble=3)",Chemprop v2,train,143,CC(C)=CCCC(C)=CC=O,1.0,0.7565083,
tdc_skin_reaction,"Chemprop v2 (CMPNN, ensemble=3)",Chemprop v2,train,144,CCCCCCCCCCCCCCCCCl,1.0,0.9456417,
tdc_skin_reaction,"Chemprop v2 (CMPNN, ensemble=3)",Chemprop v2,train,145,CCOS(=O)(=O)OCC,1.0,0.70611495,
tdc_skin_reaction,"Chemprop v2 (CMPNN, ensemble=3)",Chemprop v2,train,146,CCC(C=O)CC,1.0,0.65467924,
tdc_skin_reaction,"Chemprop v2 (CMPNN, ensemble=3)",Chemprop v2,train,147,NCCNCCN,1.0,0.72633857,
tdc_skin_reaction,"Chemprop v2 (CMPNN, ensemble=3)",Chemprop v2,train,148,NCCCNCCCN,1.0,0.7919741,
tdc_skin_reaction,"Chemprop v2 (CMPNN, ensemble=3)",Chemprop v2,train,149,CCCCCCCCCCCCOS(C)(=O)=O,1.0,0.92330027,
tdc_skin_reaction,"Chemprop v2 (CMPNN, ensemble=3)",Chemprop v2,train,150,CCOC(=O)CC1CC2CCC(C1)N2C,1.0,0.58708125,
tdc_skin_reaction,"Chemprop v2 (CMPNN, ensemble=3)",Chemprop v2,train,151,C=CC(=O)OCC,1.0,0.64530754,
tdc_skin_reaction,"Chemprop v2 (CMPNN, ensemble=3)",Chemprop v2,train,152,CCC(O)C(CO)CO,1.0,0.6012741,
tdc_skin_reaction,"Chemprop v2 (CMPNN, ensemble=3)",Chemprop v2,train,153,C=C(C)C(=O)OCCOC(=O)C(=C)C,1.0,0.73472196,
tdc_skin_reaction,"Chemprop v2 (CMPNN, ensemble=3)",Chemprop v2,train,154,C=C(C)C(=O)O,1.0,0.6352008,
tdc_skin_reaction,"Chemprop v2 (CMPNN, ensemble=3)",Chemprop v2,train,155,O=C1OC2(c3ccc(O)cc3Oc3cc(O)ccc32)c2ccc(N=C=S)cc21,1.0,0.377116,
tdc_skin_reaction,"Chemprop v2 (CMPNN, ensemble=3)",Chemprop v2,train,156,CC(CC=O)CCCC(C)(C)O,1.0,0.7414184,
tdc_skin_reaction,"Chemprop v2 (CMPNN, ensemble=3)",Chemprop v2,train,157,CCCCCCCCCCCCI,1.0,0.9018906,
tdc_skin_reaction,"Chemprop v2 (CMPNN, ensemble=3)",Chemprop v2,train,158,CCCCCCCCCCCCCCCCI,1.0,0.9462163,
tdc_skin_reaction,"Chemprop v2 (CMPNN, ensemble=3)",Chemprop v2,train,159,CCCCCCCCCI,1.0,0.84707314,
tdc_skin_reaction,"Chemprop v2 (CMPNN, ensemble=3)",Chemprop v2,train,160,CCCCCCCCCCCCCCI,1.0,0.9273519,
tdc_skin_reaction,"Chemprop v2 (CMPNN, ensemble=3)",Chemprop v2,train,161,CC(C)CCCCCC(=O)Cl,1.0,0.7843793,
tdc_skin_reaction,"Chemprop v2 (CMPNN, ensemble=3)",Chemprop v2,train,162,CCCCCCCCCCCCCC(=O)OC(C)C,1.0,0.91630197,
tdc_skin_reaction,"Chemprop v2 (CMPNN, ensemble=3)",Chemprop v2,train,163,C=C(C)C1CC=C(C)CC1,1.0,0.6653362,
tdc_skin_reaction,"Chemprop v2 (CMPNN, ensemble=3)",Chemprop v2,train,164,C=CC(C)(O)CCC=C(C)C=O,1.0,0.73129344,
tdc_skin_reaction,"Chemprop v2 (CMPNN, ensemble=3)",Chemprop v2,train,165,CCCCCC=CCC=CCCCCCCCC(=O)O,1.0,0.9321162,
tdc_skin_reaction,"Chemprop v2 (CMPNN, ensemble=3)",Chemprop v2,train,166,CCCCCCC#CC(=O)OC,1.0,0.76933956,
tdc_skin_reaction,"Chemprop v2 (CMPNN, ensemble=3)",Chemprop v2,train,167,C=CC(=O)OC,1.0,0.62108403,
tdc_skin_reaction,"Chemprop v2 (CMPNN, ensemble=3)",Chemprop v2,train,168,CCCCCCCCCCCCCCC=CS(=O)(=O)OC,1.0,0.9502061,
tdc_skin_reaction,"Chemprop v2 (CMPNN, ensemble=3)",Chemprop v2,train,169,C=C(C)C(=O)OC,1.0,0.64451605,
tdc_skin_reaction,"Chemprop v2 (CMPNN, ensemble=3)",Chemprop v2,train,170,CCCCCCCCC(=O)Cl,1.0,0.8398897,
tdc_skin_reaction,"Chemprop v2 (CMPNN, ensemble=3)",Chemprop v2,train,171,FOC1=C2CCC(C2)C1,1.0,0.6240992,
tdc_skin_reaction,"Chemprop v2 (CMPNN, ensemble=3)",Chemprop v2,train,172,CCCCCCCCO,1.0,0.815079,
tdc_skin_reaction,"Chemprop v2 (CMPNN, ensemble=3)",Chemprop v2,train,173,CCCCCCCCC=CCCCCCCCC(=O)O,1.0,0.94538647,
tdc_skin_reaction,"Chemprop v2 (CMPNN, ensemble=3)",Chemprop v2,train,174,CCOC=C1N=C(c2ccccc2)OC1=O,1.0,0.59635395,
tdc_skin_reaction,"Chemprop v2 (CMPNN, ensemble=3)",Chemprop v2,train,175,CCCCCCCCCCCCCCCC(=O)Cl,1.0,0.9439318,
tdc_skin_reaction,"Chemprop v2 (CMPNN, ensemble=3)",Chemprop v2,train,176,O=C(Oc1ccccc1)c1ccccc1,1.0,0.49235025,
tdc_skin_reaction,"Chemprop v2 (CMPNN, ensemble=3)",Chemprop v2,train,177,CC(CCCCN)C(C)(C)N,1.0,0.74616843,
tdc_skin_reaction,"Chemprop v2 (CMPNN, ensemble=3)",Chemprop v2,train,178,C=CCCCCCCCCC(=O)O,1.0,0.8642466,
tdc_skin_reaction,"Chemprop v2 (CMPNN, ensemble=3)",Chemprop v2,train,179,CC=CC=CC=O,1.0,0.64045066,
tdc_skin_reaction,"Chemprop v2 (CMPNN, ensemble=3)",Chemprop v2,train,180,CN1C2CCC1CC(O)C2,1.0,0.527771,
tdc_skin_reaction,"Chemprop v2 (CMPNN, ensemble=3)",Chemprop v2,train,181,CC(C)N(C(=O)CN1C(=O)C(NC(=O)Nc2cccc(C(=O)OC(C)(C)C)c2)C(=O)N(c2ccccc2)c2ccccc21)c1ccccc1,1.0,0.38297305,
tdc_skin_reaction,"Chemprop v2 (CMPNN, ensemble=3)",Chemprop v2,train,182,NC1CCCCC1N,1.0,0.6117358,
tdc_skin_reaction,"Chemprop v2 (CMPNN, ensemble=3)",Chemprop v2,train,183,O=S(=O)(Cl)c1ccc2c(c1)OCO2,1.0,0.53517246,
tdc_skin_reaction,"Chemprop v2 (CMPNN, ensemble=3)",Chemprop v2,train,184,O=C(O)CCCCCCCCCCCBr,1.0,0.9057253,
tdc_skin_reaction,"Chemprop v2 (CMPNN, ensemble=3)",Chemprop v2,train,185,ClCc1ccc2ccc3cccc4ccc1c2c34,1.0,0.42531893,
tdc_skin_reaction,"Chemprop v2 (CMPNN, ensemble=3)",Chemprop v2,train,186,Cc1cc(=O)n(-c2ccc(C)c(C)c2)[nH]1,1.0,0.47089148,
tdc_skin_reaction,"Chemprop v2 (CMPNN, ensemble=3)",Chemprop v2,train,187,CCC(C)(C)C1CCC(CC=O)CC1,1.0,0.6797797,
tdc_skin_reaction,"Chemprop v2 (CMPNN, ensemble=3)",Chemprop v2,train,188,CC(C)(C)C(=O)CC(=O)C(C)(C)C,1.0,0.7208293,
tdc_skin_reaction,"Chemprop v2 (CMPNN, ensemble=3)",Chemprop v2,train,189,C=C(C)C(=O)OCC(O)COc1ccc(C(C)(C)c2ccc(OCC(O)COC(=O)C(=C)C)cc2)cc1,1.0,0.536933,
tdc_skin_reaction,"Chemprop v2 (CMPNN, ensemble=3)",Chemprop v2,train,190,Clc1nc(Cl)nc(Cl)n1,1.0,0.5181897,
tdc_skin_reaction,"Chemprop v2 (CMPNN, ensemble=3)",Chemprop v2,train,191,Clc1ccnc(Cl)n1,1.0,0.5261485,
tdc_skin_reaction,"Chemprop v2 (CMPNN, ensemble=3)",Chemprop v2,train,192,CCC=CC=CC=O,1.0,0.67564946,
tdc_skin_reaction,"Chemprop v2 (CMPNN, ensemble=3)",Chemprop v2,train,193,CC1=C(C=O)C(C)(C)CC=C1,1.0,0.6501489,
tdc_skin_reaction,"Chemprop v2 (CMPNN, ensemble=3)",Chemprop v2,train,194,COc1cc(C)c2c(Oc3cccc(C(F)(F)F)c3)c(OC)cc([N+](=O)[O-])c2n1,1.0,0.41530368,
tdc_skin_reaction,"Chemprop v2 (CMPNN, ensemble=3)",Chemprop v2,train,195,Nc1ccccc1Nc1ccccc1,1.0,0.48392662,
tdc_skin_reaction,"Chemprop v2 (CMPNN, ensemble=3)",Chemprop v2,train,196,CCCCCCCCCCCCC(Br)C(=O)O,1.0,0.9021425,
tdc_skin_reaction,"Chemprop v2 (CMPNN, ensemble=3)",Chemprop v2,train,197,O=[N+]([O-])c1ccc(OCc2cccc(F)c2)c(Cl)c1,1.0,0.49571335,
tdc_skin_reaction,"Chemprop v2 (CMPNN, ensemble=3)",Chemprop v2,train,198,Cc1nc2ccccc2c(=O)o1,1.0,0.4845338,
tdc_skin_reaction,"Chemprop v2 (CMPNN, ensemble=3)",Chemprop v2,train,199,O=C(Nc1ccc(Cl)c(Cl)c1)c1cc(Cl)cc(Cl)c1O,1.0,0.45932257,
tdc_skin_reaction,"Chemprop v2 (CMPNN, ensemble=3)",Chemprop v2,train,200,O=C1CCc2ccccc2O1,1.0,0.533035,
tdc_skin_reaction,"Chemprop v2 (CMPNN, ensemble=3)",Chemprop v2,train,201,CC1(C)CC(N)CC(C)(CN)C1,1.0,0.65281904,
tdc_skin_reaction,"Chemprop v2 (CMPNN, ensemble=3)",Chemprop v2,train,202,C=C1NS(=O)(=O)N=C1c1ccccc1,1.0,0.5980401,
tdc_skin_reaction,"Chemprop v2 (CMPNN, ensemble=3)",Chemprop v2,train,203,CCC=C1OC(=O)c2ccccc21,1.0,0.56169564,
tdc_skin_reaction,"Chemprop v2 (CMPNN, ensemble=3)",Chemprop v2,train,204,CC(C)(O)CCCC1=CCC(C=O)CC1,1.0,0.74503356,
tdc_skin_reaction,"Chemprop v2 (CMPNN, ensemble=3)",Chemprop v2,train,205,O=C(C(=O)c1ccccc1)C1=CCC(Br)(Br)C=C1,1.0,0.6129021,
tdc_skin_reaction,"Chemprop v2 (CMPNN, ensemble=3)",Chemprop v2,train,206,CC(Br)CCCN1C(=O)c2ccccc2C1=O,1.0,0.62981576,
tdc_skin_reaction,"Chemprop v2 (CMPNN, ensemble=3)",Chemprop v2,train,207,Clc1ncnc2ccc(I)cc12,1.0,0.48341343,
tdc_skin_reaction,"Chemprop v2 (CMPNN, ensemble=3)",Chemprop v2,train,208,CC(I)CCCN1C(=O)c2ccccc2C1=O,1.0,0.6228432,
tdc_skin_reaction,"Chemprop v2 (CMPNN, ensemble=3)",Chemprop v2,train,209,C=C1CC(C(=C)C)CC=C1C,1.0,0.6646635,
tdc_skin_reaction,"Chemprop v2 (CMPNN, ensemble=3)",Chemprop v2,train,210,C=C1CC(C)(C)OC1=O,1.0,0.6248098,
tdc_skin_reaction,"Chemprop v2 (CMPNN, ensemble=3)",Chemprop v2,train,211,O=C(O)c1cccc(-c2cc(Cl)cc([N+](=O)[O-])c2O)c1,1.0,0.4893416,
tdc_skin_reaction,"Chemprop v2 (CMPNN, ensemble=3)",Chemprop v2,train,212,COc1cc(C)c2c(Cl)c(OC)cc([N+](=O)[O-])c2n1,1.0,0.48236886,
tdc_skin_reaction,"Chemprop v2 (CMPNN, ensemble=3)",Chemprop v2,train,213,COc1cc([N+](=O)[O-])c2[nH]c(=O)cc(C)c2c1Cl,1.0,0.48730254,
tdc_skin_reaction,"Chemprop v2 (CMPNN, ensemble=3)",Chemprop v2,train,214,COc1cc2c(cc1C(F)(F)F)NCC2,1.0,0.49025536,
tdc_skin_reaction,"Chemprop v2 (CMPNN, ensemble=3)",Chemprop v2,train,215,Cc1ncccc1Oc1ccc(N)cn1,1.0,0.47401214,
tdc_skin_reaction,"Chemprop v2 (CMPNN, ensemble=3)",Chemprop v2,train,216,CCN(CC)CCCCCCBr,1.0,0.85041493,
tdc_skin_reaction,"Chemprop v2 (CMPNN, ensemble=3)",Chemprop v2,train,217,Cc1c2ccccc2c(C)c2c1ccc1ccccc12,1.0,0.40843356,
tdc_skin_reaction,"Chemprop v2 (CMPNN, ensemble=3)",Chemprop v2,train,218,CON=C1CN(c2nc3c(cc2F)c(=O)c(C(=O)O)cn3C2CC2)CC1CN,1.0,0.4498705,
tdc_skin_reaction,"Chemprop v2 (CMPNN, ensemble=3)",Chemprop v2,train,219,CCCCCCCC(Br)CCCCCC,1.0,0.89885575,
tdc_skin_reaction,"Chemprop v2 (CMPNN, ensemble=3)",Chemprop v2,train,220,CCCCCn1c(=O)[nH]c(=O)c2[nH]c(Cl)nc21,1.0,0.56203264,
tdc_skin_reaction,"Chemprop v2 (CMPNN, ensemble=3)",Chemprop v2,train,221,CC(C)C1=CC2=CCC3C(C)(C(=O)O)CCCC3(C)C2CC1,1.0,0.56338996,
tdc_skin_reaction,"Chemprop v2 (CMPNN, ensemble=3)",Chemprop v2,train,222,CC1=CCC(C(C)C)C=C1,1.0,0.58404076,
tdc_skin_reaction,"Chemprop v2 (CMPNN, ensemble=3)",Chemprop v2,train,223,CC1=CC=C(C(C)C)CC1,1.0,0.6524202,
tdc_skin_reaction,"Chemprop v2 (CMPNN, ensemble=3)",Chemprop v2,train,224,CCC1OC(=O)C(C)C(OC2CC(C)(OC)C(O)C(C)O2)C(C)C(OC2OC(C)CC(N(C)C)C2O)C(C)(O)CC(C)CN(C)C(C)C(O)C1(C)O,1.0,0.30962396,
tdc_skin_reaction,"Chemprop v2 (CMPNN, ensemble=3)",Chemprop v2,train,225,N=C1CC(=Nc2ccc(N)cc2)C(=N)CC1=Nc1ccc(N)cc1,1.0,0.5236423,
tdc_skin_reaction,"Chemprop v2 (CMPNN, ensemble=3)",Chemprop v2,train,226,c1ccc2c(c1)cc1ccc3cccc4ccc2c1c34,1.0,0.39339566,
tdc_skin_reaction,"Chemprop v2 (CMPNN, ensemble=3)",Chemprop v2,train,227,O=C1C=CC(=O)C=C1,1.0,0.6393289,
tdc_skin_reaction,"Chemprop v2 (CMPNN, ensemble=3)",Chemprop v2,train,228,O=C1CCO1,1.0,0.61062557,
tdc_skin_reaction,"Chemprop v2 (CMPNN, ensemble=3)",Chemprop v2,train,229,CC(=O)C(C)=O,1.0,0.63539916,
tdc_skin_reaction,"Chemprop v2 (CMPNN, ensemble=3)",Chemprop v2,train,230,CCCCCCCCCCCCCCCC1=NC(C)(C)C(=O)O1,1.0,0.9399643,
tdc_skin_reaction,"Chemprop v2 (CMPNN, ensemble=3)",Chemprop v2,train,231,CCCCCCCCCCCCCCCCCC1=NC(C)(C)C(=O)O1,1.0,0.95568436,
tdc_skin_reaction,"Chemprop v2 (CMPNN, ensemble=3)",Chemprop v2,train,232,CCCCCCC1=NC(C)(C)C(=O)O1,1.0,0.7743521,
tdc_skin_reaction,"Chemprop v2 (CMPNN, ensemble=3)",Chemprop v2,train,233,CCCCCCCCCC1=NC(C)(C)C(=O)O1,1.0,0.85221195,
tdc_skin_reaction,"Chemprop v2 (CMPNN, ensemble=3)",Chemprop v2,train,234,C=C(C)C1CCC(C)=C(N=O)C1,1.0,0.67921925,
tdc_skin_reaction,"Chemprop v2 (CMPNN, ensemble=3)",Chemprop v2,train,235,Clc1ccccc1C(c1ccccc1)(c1ccccc1)n1ccnc1,1.0,0.3971958,
tdc_skin_reaction,"Chemprop v2 (CMPNN, ensemble=3)",Chemprop v2,train,236,C(=NC1CCCCC1)=NC1CCCCC1,1.0,0.7241223,
tdc_skin_reaction,"Chemprop v2 (CMPNN, ensemble=3)",Chemprop v2,train,237,CCOC(=O)C=CC(=O)OCC,1.0,0.69490975,
tdc_skin_reaction,"Chemprop v2 (CMPNN, ensemble=3)",Chemprop v2,train,238,COS(=O)(=O)OC,1.0,0.65094715,
tdc_skin_reaction,"Chemprop v2 (CMPNN, ensemble=3)",Chemprop v2,train,239,CS(C)=O,1.0,0.6212228,
tdc_skin_reaction,"Chemprop v2 (CMPNN, ensemble=3)",Chemprop v2,train,240,CN1C2CCC1CC(OS(C)(=O)=O)C2,1.0,0.5830763,
tdc_skin_reaction,"Chemprop v2 (CMPNN, ensemble=3)",Chemprop v2,train,241,C=CC(=O)OCC(COC(=O)C=C)C(CC)OC(=O)C=C,1.0,0.7054596,
tdc_skin_reaction,"Chemprop v2 (CMPNN, ensemble=3)",Chemprop v2,train,242,NCCN,1.0,0.6603703,
tdc_skin_reaction,"Chemprop v2 (CMPNN, ensemble=3)",Chemprop v2,train,243,CC(C)=CCCC(C)=CCCC(C)=CC=O,1.0,0.84211916,
tdc_skin_reaction,"Chemprop v2 (CMPNN, ensemble=3)",Chemprop v2,train,244,CC(C)=CCCC(C)=CCO,1.0,0.769434,
tdc_skin_reaction,"Chemprop v2 (CMPNN, ensemble=3)",Chemprop v2,train,245,O=CCCCC=O,1.0,0.7151752,
tdc_skin_reaction,"Chemprop v2 (CMPNN, ensemble=3)",Chemprop v2,train,246,O=C(CS)OCC(O)CO,1.0,0.6383055,
tdc_skin_reaction,"Chemprop v2 (CMPNN, ensemble=3)",Chemprop v2,train,247,O=CC=O,1.0,0.5945647,
tdc_skin_reaction,"Chemprop v2 (CMPNN, ensemble=3)",Chemprop v2,train,248,NCCNCCO,1.0,0.70871925,
tdc_skin_reaction,"Chemprop v2 (CMPNN, ensemble=3)",Chemprop v2,train,249,O=C(NCNC(=O)NC1C(=O)NC(=O)N1CO)NC1C(=O)NC(=O)N1CO,1.0,0.63912255,
tdc_skin_reaction,"Chemprop v2 (CMPNN, ensemble=3)",Chemprop v2,train,250,CCCCNC(=O)OC#CCI,1.0,0.722279,
tdc_skin_reaction,"Chemprop v2 (CMPNN, ensemble=3)",Chemprop v2,train,251,CCCCCCCCCCCCOS(=O)(=O)O,1.0,0.91677094,
tdc_skin_reaction,"Chemprop v2 (CMPNN, ensemble=3)",Chemprop v2,train,252,CCC=CCC=CCC=CCCCCCCCC(=O)O,1.0,0.91563845,
tdc_skin_reaction,"Chemprop v2 (CMPNN, ensemble=3)",Chemprop v2,train,253,CCCCCCCCCCCCS(=O)(=O)OC,1.0,0.92622185,
tdc_skin_reaction,"Chemprop v2 (CMPNN, ensemble=3)",Chemprop v2,train,254,CCCCCCCCCCCCCCCCS(=O)(=O)OC,1.0,0.9593313,
tdc_skin_reaction,"Chemprop v2 (CMPNN, ensemble=3)",Chemprop v2,train,255,COS(C)(=O)=O,1.0,0.65662664,
tdc_skin_reaction,"Chemprop v2 (CMPNN, ensemble=3)",Chemprop v2,train,256,COC(=O)C(C)=O,1.0,0.6344413,
tdc_skin_reaction,"Chemprop v2 (CMPNN, ensemble=3)",Chemprop v2,train,257,CCCCCCCCCCCCCCCCC(CS(=O)(=O)O)C(=O)OC,1.0,0.96048063,
tdc_skin_reaction,"Chemprop v2 (CMPNN, ensemble=3)",Chemprop v2,train,258,CCN(CC)CCN(Cc1ccc(-c2ccc(C(F)(F)F)cc2)cc1)C(=O)Cn1c(SCc2ccc(F)cc2)nc(=O)c2c1CCC2,1.0,0.4628841,
tdc_skin_reaction,"Chemprop v2 (CMPNN, ensemble=3)",Chemprop v2,train,259,CCN(N=O)C(N)=O,1.0,0.66277313,
tdc_skin_reaction,"Chemprop v2 (CMPNN, ensemble=3)",Chemprop v2,train,260,CC(C)N(C(=O)CNc1ccccc1Nc1ccccc1)c1ccccc1,1.0,0.43882003,
tdc_skin_reaction,"Chemprop v2 (CMPNN, ensemble=3)",Chemprop v2,train,261,CN(N=O)C(N)=O,1.0,0.63834673,
tdc_skin_reaction,"Chemprop v2 (CMPNN, ensemble=3)",Chemprop v2,train,262,CCCCCCCCC=CCCCCCCCCOS(C)(=O)=O,1.0,0.9611664,
tdc_skin_reaction,"Chemprop v2 (CMPNN, ensemble=3)",Chemprop v2,train,263,COC1=CC=C2C3Cc4ccc(O)c5c4C2(CCN3C)C1O5,1.0,0.44099498,
tdc_skin_reaction,"Chemprop v2 (CMPNN, ensemble=3)",Chemprop v2,train,264,O=C(O)C(=O)O,1.0,0.61511856,
tdc_skin_reaction,"Chemprop v2 (CMPNN, ensemble=3)",Chemprop v2,train,265,O=c1[nH]cco1,1.0,0.5408593,
tdc_skin_reaction,"Chemprop v2 (CMPNN, ensemble=3)",Chemprop v2,train,266,CC1(C)SC2C(NC(=O)Cc3ccccc3)C(=O)N2C1C(=O)O,1.0,0.4711032,
tdc_skin_reaction,"Chemprop v2 (CMPNN, ensemble=3)",Chemprop v2,train,267,C=C(C)C1CC=C(C=O)CC1,1.0,0.6676071,
tdc_skin_reaction,"Chemprop v2 (CMPNN, ensemble=3)",Chemprop v2,train,268,CC(C)(C)c1ccc(OCC2CO2)cc1,1.0,0.50224453,
tdc_skin_reaction,"Chemprop v2 (CMPNN, ensemble=3)",Chemprop v2,train,269,c1ccncc1,1.0,0.5411222,
tdc_skin_reaction,"Chemprop v2 (CMPNN, ensemble=3)",Chemprop v2,train,270,C=C(C)C1CC=C(C)C(=O)C1,1.0,0.6558997,
tdc_skin_reaction,"Chemprop v2 (CMPNN, ensemble=3)",Chemprop v2,train,271,O=C(Oc1ccc([N+](=O)[O-])cc1)OC1COC2OCCC12,1.0,0.5011479,
tdc_skin_reaction,"Chemprop v2 (CMPNN, ensemble=3)",Chemprop v2,train,272,CCOC(=S)S,1.0,0.6276191,
tdc_skin_reaction,"Chemprop v2 (CMPNN, ensemble=3)",Chemprop v2,train,273,CCCCCCCCCCCC(=O)OC(C)C(=O)OC(C)C(=O)O,1.0,0.8877644,
tdc_skin_reaction,"Chemprop v2 (CMPNN, ensemble=3)",Chemprop v2,train,274,CC(C)=CCCC(C)=CCCC(C)=CCCC=C(C)CCC=C(C)CCC=C(C)C,1.0,0.95994073,
tdc_skin_reaction,"Chemprop v2 (CMPNN, ensemble=3)",Chemprop v2,train,275,CN(C)C(=S)SSC(=S)N(C)C,1.0,0.69474095,
tdc_skin_reaction,"Chemprop v2 (CMPNN, ensemble=3)",Chemprop v2,train,276,C=CCCCCCCCCC=O,1.0,0.8652561,
tdc_skin_reaction,"Chemprop v2 (CMPNN, ensemble=3)",Chemprop v2,train,277,C=Cc1ccncc1,1.0,0.53817576,
tdc_skin_reaction,"Chemprop v2 (CMPNN, ensemble=3)",Chemprop v2,train,278,C[N+](C)(C)c1ccc2c(c1)C(=NNc1ccc(N)c([N+](=O)[O-])c1)C(=O)C=C2,0.0,0.5405449,
tdc_skin_reaction,"Chemprop v2 (CMPNN, ensemble=3)",Chemprop v2,train,279,CCCCCCCCC(=O)O,0.0,0.83062226,
tdc_skin_reaction,"Chemprop v2 (CMPNN, ensemble=3)",Chemprop v2,train,280,CNC1C(OC2C(OC3C(O)C(O)C(NC(=N)N)C(O)C3NC(=N)N)OC(C)C2(O)C=O)OC(CO)C(O)C1O,0.0,0.34297368,
tdc_skin_reaction,"Chemprop v2 (CMPNN, ensemble=3)",Chemprop v2,train,281,O=C1OC(=O)C2CCCCC12,1.0,0.5940915,
tdc_skin_reaction,"Chemprop v2 (CMPNN, ensemble=3)",Chemprop v2,train,282,Cc1cc(=O)n(-c2ccccc2)[nH]1,1.0,0.48308945,
tdc_skin_reaction,"Chemprop v2 (CMPNN, ensemble=3)",Chemprop v2,train,283,O=C(OOC(=O)c1ccccc1)c1ccccc1,1.0,0.49883828,
tdc_skin_reaction,"Chemprop v2 (CMPNN, ensemble=3)",Chemprop v2,train,284,O=c1c(-c2ccccc2)c1-c1ccccc1,1.0,0.45560277,
tdc_skin_reaction,"Chemprop v2 (CMPNN, ensemble=3)",Chemprop v2,train,285,Nc1ccc(N)c2c1C(=O)c1ccccc1C2=O,1.0,0.46326068,
tdc_skin_reaction,"Chemprop v2 (CMPNN, ensemble=3)",Chemprop v2,train,286,O=C1C=CC(=O)O1,1.0,0.6234644,
tdc_skin_reaction,"Chemprop v2 (CMPNN, ensemble=3)",Chemprop v2,train,287,O=C1OC(=O)c2ccccc21,1.0,0.5314877,
tdc_skin_reaction,"Chemprop v2 (CMPNN, ensemble=3)",Chemprop v2,train,288,O=c1c(O)c(O)c1=O,1.0,0.52777267,
tdc_skin_reaction,"Chemprop v2 (CMPNN, ensemble=3)",Chemprop v2,test,0,CCOCc1cc(OC)c(B(O)O)c(OC)c1,0.0,0.5240063,
tdc_skin_reaction,"Chemprop v2 (CMPNN, ensemble=3)",Chemprop v2,test,1,COc1cc(C(=O)CC(=O)C(C)(C)C)cc(OC)c1OC,0.0,0.574451,
tdc_skin_reaction,"Chemprop v2 (CMPNN, ensemble=3)",Chemprop v2,test,2,CNC(C)c1cc(C(F)(F)F)cc(C(F)(F)F)c1,0.0,0.47763178,
tdc_skin_reaction,"Chemprop v2 (CMPNN, ensemble=3)",Chemprop v2,test,3,CCC(N)c1ccccc1,0.0,0.5400184,
tdc_skin_reaction,"Chemprop v2 (CMPNN, ensemble=3)",Chemprop v2,test,4,O=C(O)C(=NOCc1ccccc1)C(=O)O,0.0,0.59717506,
tdc_skin_reaction,"Chemprop v2 (CMPNN, ensemble=3)",Chemprop v2,test,5,CCCOc1ccc(Br)c(C(=O)O)c1,0.0,0.56437355,
tdc_skin_reaction,"Chemprop v2 (CMPNN, ensemble=3)",Chemprop v2,test,6,NS(=O)(=O)c1cccc(CCCCOCCCCCCBr)c1,0.0,0.8535204,
tdc_skin_reaction,"Chemprop v2 (CMPNN, ensemble=3)",Chemprop v2,test,7,COc1ccc(C=O)cc1O,0.0,0.5168686,
tdc_skin_reaction,"Chemprop v2 (CMPNN, ensemble=3)",Chemprop v2,test,8,CCCOc1cccc(C(=O)O)c1,0.0,0.5719474,
tdc_skin_reaction,"Chemprop v2 (CMPNN, ensemble=3)",Chemprop v2,test,9,O=C(O)c1ccc(O)cc1,0.0,0.5281177,
tdc_skin_reaction,"Chemprop v2 (CMPNN, ensemble=3)",Chemprop v2,test,10,COc1ccc(C(C)=O)cc1,0.0,0.5318939,
tdc_skin_reaction,"Chemprop v2 (CMPNN, ensemble=3)",Chemprop v2,test,11,Cc1ccc(N)cc1S(N)(=O)=O,0.0,0.55931926,
tdc_skin_reaction,"Chemprop v2 (CMPNN, ensemble=3)",Chemprop v2,test,12,COc1cc(CC#N)c([N+](=O)[O-])cc1C(F)(F)F,0.0,0.527981,
tdc_skin_reaction,"Chemprop v2 (CMPNN, ensemble=3)",Chemprop v2,test,13,Nc1ccccc1C(=O)O,0.0,0.5319252,
tdc_skin_reaction,"Chemprop v2 (CMPNN, ensemble=3)",Chemprop v2,test,14,O=Cc1ccccc1,0.0,0.53750575,
tdc_skin_reaction,"Chemprop v2 (CMPNN, ensemble=3)",Chemprop v2,test,15,CCOC(=O)c1ccc(N)cc1,0.0,0.55173665,
tdc_skin_reaction,"Chemprop v2 (CMPNN, ensemble=3)",Chemprop v2,test,16,Clc1ccccc1,0.0,0.53614753,
tdc_skin_reaction,"Chemprop v2 (CMPNN, ensemble=3)",Chemprop v2,test,17,CCOC(=O)c1ccccc1C(=O)OCC,0.0,0.5837578,
tdc_skin_reaction,"Chemprop v2 (CMPNN, ensemble=3)",Chemprop v2,test,18,CCOC(=O)CC(=O)c1ccccc1,0.0,0.6030764,
tdc_skin_reaction,"Chemprop v2 (CMPNN, ensemble=3)",Chemprop v2,test,19,CCOc1cc(C=O)ccc1O,0.0,0.5269672,
tdc_skin_reaction,"Chemprop v2 (CMPNN, ensemble=3)",Chemprop v2,test,20,C=CCc1ccc(O)c(OC(C)C)c1,0.0,0.52446824,
tdc_skin_reaction,"Chemprop v2 (CMPNN, ensemble=3)",Chemprop v2,test,21,CCC(=O)c1cccc(Cl)c1,0.0,0.5564201,
tdc_skin_reaction,"Chemprop v2 (CMPNN, ensemble=3)",Chemprop v2,test,22,COC(=O)c1ccc(O)cc1,0.0,0.5320948,
tdc_skin_reaction,"Chemprop v2 (CMPNN, ensemble=3)",Chemprop v2,test,23,COC(=O)c1ccccc1O,0.0,0.5321323,
tdc_skin_reaction,"Chemprop v2 (CMPNN, ensemble=3)",Chemprop v2,test,24,CCOC(=O)C(Cc1ccc(O)cc1)NC(=O)OC(C)(C)C,0.0,0.56943053,
tdc_skin_reaction,"Chemprop v2 (CMPNN, ensemble=3)",Chemprop v2,test,25,CCCOC(=O)c1ccc(O)cc1,0.0,0.5844634,
tdc_skin_reaction,"Chemprop v2 (CMPNN, ensemble=3)",Chemprop v2,test,26,O=C(O)c1ccccc1O,0.0,0.52814525,
tdc_skin_reaction,"Chemprop v2 (CMPNN, ensemble=3)",Chemprop v2,test,27,Nc1ccc(S(N)(=O)=O)cc1,0.0,0.56883925,
tdc_skin_reaction,"Chemprop v2 (CMPNN, ensemble=3)",Chemprop v2,test,28,Nc1ccc(S(=O)(=O)O)cc1,0.0,0.54727936,
tdc_skin_reaction,"Chemprop v2 (CMPNN, ensemble=3)",Chemprop v2,test,29,CC(C)(C)OC(=O)c1cccc(N)c1,0.0,0.53950846,
tdc_skin_reaction,"Chemprop v2 (CMPNN, ensemble=3)",Chemprop v2,test,30,COc1cc(C=O)ccc1O,0.0,0.5168908,
tdc_skin_reaction,"Chemprop v2 (CMPNN, ensemble=3)",Chemprop v2,test,31,CC=Cc1ccc(OC)cc1,1.0,0.5337431,
tdc_skin_reaction,"Chemprop v2 (CMPNN, ensemble=3)",Chemprop v2,test,32,CCCCCC(=O)CC(=O)c1ccccc1,1.0,0.74265414,
tdc_skin_reaction,"Chemprop v2 (CMPNN, ensemble=3)",Chemprop v2,test,33,CCc1ccc(CC)c(C(=O)CC(C)=O)c1,1.0,0.5959297,
tdc_skin_reaction,"Chemprop v2 (CMPNN, ensemble=3)",Chemprop v2,test,34,CC(=O)CC(=O)c1cc(C)ccc1C,1.0,0.5744906,
tdc_skin_reaction,"Chemprop v2 (CMPNN, ensemble=3)",Chemprop v2,test,35,O=[N+]([O-])c1ccc(Cl)c([N+](=O)[O-])c1,1.0,0.61202323,
tdc_skin_reaction,"Chemprop v2 (CMPNN, ensemble=3)",Chemprop v2,test,36,Nc1ccc(NCCO)c([N+](=O)[O-])c1,1.0,0.5973076,
tdc_skin_reaction,"Chemprop v2 (CMPNN, ensemble=3)",Chemprop v2,test,37,Nc1ccc(OCCO)c(N)c1,1.0,0.54398614,
tdc_skin_reaction,"Chemprop v2 (CMPNN, ensemble=3)",Chemprop v2,test,38,Nc1ccccc1O,1.0,0.5269241,
tdc_skin_reaction,"Chemprop v2 (CMPNN, ensemble=3)",Chemprop v2,test,39,O=Cc1cc(O)ccc1Br,1.0,0.5217367,
tdc_skin_reaction,"Chemprop v2 (CMPNN, ensemble=3)",Chemprop v2,test,40,COc1cc(C)ccc1O,1.0,0.5162687,
tdc_skin_reaction,"Chemprop v2 (CMPNN, ensemble=3)",Chemprop v2,test,41,Nc1ccc(N)c([N+](=O)[O-])c1,1.0,0.5629373,
tdc_skin_reaction,"Chemprop v2 (CMPNN, ensemble=3)",Chemprop v2,test,42,CCCCCCCCC(=O)NCCC(CCC(=O)O)c1ccccc1S(=O)(=O)O,1.0,0.8648327,
tdc_skin_reaction,"Chemprop v2 (CMPNN, ensemble=3)",Chemprop v2,test,43,Nc1ccc(Cl)c(Cl)c1,1.0,0.5228688,
tdc_skin_reaction,"Chemprop v2 (CMPNN, ensemble=3)",Chemprop v2,test,44,C=CCc1cc(C)c(OC)c(O)c1,1.0,0.5274789,
tdc_skin_reaction,"Chemprop v2 (CMPNN, ensemble=3)",Chemprop v2,test,45,O=C(CC(=O)C(F)(F)F)c1ccccc1,1.0,0.57902163,
tdc_skin_reaction,"Chemprop v2 (CMPNN, ensemble=3)",Chemprop v2,test,46,C=CCc1ccc(OC)cc1,1.0,0.5462312,
tdc_skin_reaction,"Chemprop v2 (CMPNN, ensemble=3)",Chemprop v2,test,47,CNc1ccc(O)cc1,1.0,0.5234536,
tdc_skin_reaction,"Chemprop v2 (CMPNN, ensemble=3)",Chemprop v2,test,48,Nc1ccc(N)cc1,1.0,0.53000903,
tdc_skin_reaction,"Chemprop v2 (CMPNN, ensemble=3)",Chemprop v2,test,49,Cc1ccc(N)cc1O,1.0,0.5202434,
tdc_skin_reaction,"Chemprop v2 (CMPNN, ensemble=3)",Chemprop v2,test,50,C=CCc1cc(OC)c(O)cc1C,1.0,0.52736485,
tdc_skin_reaction,"Chemprop v2 (CMPNN, ensemble=3)",Chemprop v2,test,51,C=CCc1cc(C)c(O)c(OC)c1,1.0,0.5274117,
tdc_skin_reaction,"Chemprop v2 (CMPNN, ensemble=3)",Chemprop v2,test,52,CC=Cc1cc(C)c(O)c(OC)c1,1.0,0.516234,
tdc_skin_reaction,"Chemprop v2 (CMPNN, ensemble=3)",Chemprop v2,test,53,CCCCCC(C=O)=Cc1ccccc1,1.0,0.7167642,
tdc_skin_reaction,"Chemprop v2 (CMPNN, ensemble=3)",Chemprop v2,test,54,CCCCC(C=O)=Cc1ccccc1,1.0,0.67972654,
tdc_skin_reaction,"Chemprop v2 (CMPNN, ensemble=3)",Chemprop v2,test,55,CCCCCCC(C=O)=Cc1ccccc1,1.0,0.7509435,
tdc_skin_reaction,"Chemprop v2 (CMPNN, ensemble=3)",Chemprop v2,test,56,CC(C=O)=Cc1ccccc1,1.0,0.565787,
tdc_skin_reaction,"Chemprop v2 (CMPNN, ensemble=3)",Chemprop v2,test,57,CC(C=O)c1ccccc1,1.0,0.52616006,
tdc_skin_reaction,"Chemprop v2 (CMPNN, ensemble=3)",Chemprop v2,test,58,Nc1ccccc1,1.0,0.53645563,
tdc_skin_reaction,"Chemprop v2 (CMPNN, ensemble=3)",Chemprop v2,test,59,BrCc1ccccc1,1.0,0.54333925,
tdc_skin_reaction,"Chemprop v2 (CMPNN, ensemble=3)",Chemprop v2,test,60,CC(=O)C=Cc1ccccc1,1.0,0.56469536,
tdc_skin_reaction,"Chemprop v2 (CMPNN, ensemble=3)",Chemprop v2,test,61,OCC=Cc1ccccc1,1.0,0.55738086,
tdc_skin_reaction,"Chemprop v2 (CMPNN, ensemble=3)",Chemprop v2,test,62,O=CC=Cc1ccccc1,1.0,0.55002713,
tdc_skin_reaction,"Chemprop v2 (CMPNN, ensemble=3)",Chemprop v2,test,63,CC(C=O)Cc1ccc(C(C)C)cc1,1.0,0.5216467,
tdc_skin_reaction,"Chemprop v2 (CMPNN, ensemble=3)",Chemprop v2,test,64,CCCc1ccc(O)c(OC)c1,1.0,0.54819703,
tdc_skin_reaction,"Chemprop v2 (CMPNN, ensemble=3)",Chemprop v2,test,65,CC=CC(=O)Oc1c(C(C)CCCCCC)cc([N+](=O)[O-])cc1[N+](=O)[O-],1.0,0.782702,
tdc_skin_reaction,"Chemprop v2 (CMPNN, ensemble=3)",Chemprop v2,test,66,C=CCc1ccc(O)c(OC)c1,1.0,0.5351061,
tdc_skin_reaction,"Chemprop v2 (CMPNN, ensemble=3)",Chemprop v2,test,67,CC=Cc1ccc(O)c(OC)c1,1.0,0.52338225,
tdc_skin_reaction,"Chemprop v2 (CMPNN, ensemble=3)",Chemprop v2,test,68,CC=Cc1ccc(O)c(OC(C)C)c1,1.0,0.5132592,
tdc_skin_reaction,"Chemprop v2 (CMPNN, ensemble=3)",Chemprop v2,test,69,CCCCCCCCCCCCOC(=O)c1cc(O)c(O)c(O)c1,1.0,0.8551077,
tdc_skin_reaction,"Chemprop v2 (CMPNN, ensemble=3)",Chemprop v2,test,70,CNc1cccc(NC)c1,1.0,0.52275485,
tdc_skin_reaction,"Chemprop v2 (CMPNN, ensemble=3)",Chemprop v2,test,71,COc1ccc(NC(=O)CC(C)=O)cc1,1.0,0.5857923,
tdc_skin_reaction,"Chemprop v2 (CMPNN, ensemble=3)",Chemprop v2,test,72,Oc1cccc(O)c1,1.0,0.52414995,
tdc_skin_reaction,"Chemprop v2 (CMPNN, ensemble=3)",Chemprop v2,test,73,COc1ccc(C=O)cc1OC,1.0,0.51586765,
tdc_skin_reaction,"Chemprop v2 (CMPNN, ensemble=3)",Chemprop v2,test,74,O=Cc1cc(O)ccc1C=C(CC(=O)O)C(=O)O,1.0,0.5887058,
tdc_skin_reaction,"Chemprop v2 (CMPNN, ensemble=3)",Chemprop v2,test,75,CC(=O)CC(=O)c1cc(C)c(C)c(C)c1C,1.0,0.5557285,
tdc_skin_reaction,"Chemprop v2 (CMPNN, ensemble=3)",Chemprop v2,test,76,CCC(=O)C=Cc1ccc(OC)cc1,1.0,0.5827107,
tdc_skin_reaction,"Chemprop v2 (CMPNN, ensemble=3)",Chemprop v2,test,77,Oc1ccc(O)cc1,1.0,0.5241659,
tdc_skin_reaction,"Chemprop v2 (CMPNN, ensemble=3)",Chemprop v2,test,78,CC(=O)C(=O)c1ccccc1,1.0,0.5665709,
tdc_skin_reaction,"Chemprop v2 (CMPNN, ensemble=3)",Chemprop v2,test,79,CC(=O)C(C)C(=O)c1ccccc1,1.0,0.5468108,
tdc_skin_reaction,"Chemprop v2 (CMPNN, ensemble=3)",Chemprop v2,test,80,O=[N+]([O-])c1ccc(S(=O)(=O)O)c([N+](=O)[O-])c1,1.0,0.63990206,
tdc_skin_reaction,"Chemprop v2 (CMPNN, ensemble=3)",Chemprop v2,test,81,Cc1cc(N)ccc1N,1.0,0.5232367,
tdc_skin_reaction,"Chemprop v2 (CMPNN, ensemble=3)",Chemprop v2,test,82,Nc1cc([N+](=O)[O-])cc(Cl)c1O,1.0,0.5492847,
tdc_skin_reaction,"Chemprop v2 (CMPNN, ensemble=3)",Chemprop v2,test,83,Cc1ccc(NCCO)cc1O,1.0,0.5445079,
tdc_skin_reaction,"Chemprop v2 (CMPNN, ensemble=3)",Chemprop v2,test,84,Nc1cccc(O)c1,1.0,0.5270252,
tdc_skin_reaction,"Chemprop v2 (CMPNN, ensemble=3)",Chemprop v2,test,85,O=C(Cl)c1ccc(F)c(Cl)c1,1.0,0.52764386,
tdc_skin_reaction,"Chemprop v2 (CMPNN, ensemble=3)",Chemprop v2,test,86,CCOC(=O)CC(=O)c1cc(C)c(C)c(C)c1C,1.0,0.56565666,
tdc_skin_reaction,"Chemprop v2 (CMPNN, ensemble=3)",Chemprop v2,test,87,CC=Cc1ccc(O)c(OC)c1C,1.0,0.5164318,
tdc_skin_reaction,"Chemprop v2 (CMPNN, ensemble=3)",Chemprop v2,test,88,Nc1cccc(N)c1,1.0,0.53004736,
tdc_skin_reaction,"Chemprop v2 (CMPNN, ensemble=3)",Chemprop v2,test,89,CCOC(=O)c1ccc(CBr)cc1,1.0,0.5609582,
tdc_skin_reaction,"Chemprop v2 (CMPNN, ensemble=3)",Chemprop v2,test,90,CCN(CCNS(C)(=O)=O)c1ccc(N)c(C)c1,1.0,0.6578573,
tdc_skin_reaction,"Chemprop v2 (CMPNN, ensemble=3)",Chemprop v2,test,91,N#CSc1ccc(N)c([N+](=O)[O-])c1,1.0,0.55646056,
tdc_skin_reaction,"Chemprop v2 (CMPNN, ensemble=3)",Chemprop v2,test,92,O=[N+]([O-])c1ccc(CBr)cc1,1.0,0.57989264,
tdc_skin_reaction,"Chemprop v2 (CMPNN, ensemble=3)",Chemprop v2,test,93,CC(C)CC=C(C=O)c1ccccc1,1.0,0.5846071,
tdc_skin_reaction,"Chemprop v2 (CMPNN, ensemble=3)",Chemprop v2,test,94,CCCCCCCCCCCCCC[N+](C)(C)Cc1ccccc1,1.0,0.93436235,
tdc_skin_reaction,"Chemprop v2 (CMPNN, ensemble=3)",Chemprop v2,test,95,N#Cc1c(Cl)c(Cl)c(Cl)c(C#N)c1Cl,1.0,0.49172464,
tdc_skin_reaction,"Chemprop v2 (CMPNN, ensemble=3)",Chemprop v2,test,96,CCCc1ccc(OC)c(O)c1,1.0,0.54816335,
tdc_skin_reaction,"Chemprop v2 (CMPNN, ensemble=3)",Chemprop v2,test,97,CCOC(=O)c1ccc(I)cc1,1.0,0.5516505,
tdc_skin_reaction,"Chemprop v2 (CMPNN, ensemble=3)",Chemprop v2,test,98,CC=Cc1ccc(OC(C)C)c(OC)c1,1.0,0.51226866,
tdc_skin_reaction,"Chemprop v2 (CMPNN, ensemble=3)",Chemprop v2,test,99,COC(=O)c1ccc(CBr)cc1,1.0,0.54254264,
tdc_skin_reaction,"Chemprop v2 (CMPNN, ensemble=3)",Chemprop v2,test,100,NCc1cccc(CN)c1,1.0,0.5448242,
tdc_skin_reaction,"Chemprop v2 (CMPNN, ensemble=3)",Chemprop v2,test,101,CC(C)N(C(=N)N)C(=N)Nc1ccc(Cl)c(Cl)c1,1.0,0.541295,
tdc_skin_reaction,"Chemprop v2 (CMPNN, ensemble=3)",Chemprop v2,test,102,Oc1c(Cl)c(Cl)c(Cl)c(Cl)c1Cl,1.0,0.5005937,
tdc_skin_reaction,"Chemprop v2 (CMPNN, ensemble=3)",Chemprop v2,test,103,O=CCc1ccccc1,1.0,0.54949266,
tdc_skin_reaction,"Chemprop v2 (CMPNN, ensemble=3)",Chemprop v2,test,104,Cc1ccc(CCC=O)cc1,1.0,0.57239,
tdc_skin_reaction,"Chemprop v2 (CMPNN, ensemble=3)",Chemprop v2,test,105,CC(C=O)Cc1ccc(C(C)(C)C)cc1,1.0,0.52987975,
tdc_skin_reaction,"Chemprop v2 (CMPNN, ensemble=3)",Chemprop v2,test,106,CC(CC(=O)Oc1ccc(S(=O)(=O)O)cc1)CC(C)(C)C,1.0,0.645977,
tdc_skin_reaction,"Chemprop v2 (CMPNN, ensemble=3)",Chemprop v2,test,107,CCCN(CCC)c1c([N+](=O)[O-])cc(C(F)(F)F)cc1[N+](=O)[O-],1.0,0.7080693,
tdc_skin_reaction,"Chemprop v2 (CMPNN, ensemble=3)",Chemprop v2,test,108,CCOC(=O)C(C)(C)Oc1ccc(Cl)cc1,0.0,0.5588452,
tdc_skin_reaction,"Chemprop v2 (CMPNN, ensemble=3)",Chemprop v2,test,109,Cc1cccc(O)c1O,1.0,0.51725894,
tdc_skin_reaction,"Chemprop v2 (CMPNN, ensemble=3)",Chemprop v2,test,110,Cc1cc(O)ccc1N,1.0,0.5203648,
tdc_skin_reaction,"Chemprop v2 (CMPNN, ensemble=3)",Chemprop v2,test,111,O=C(O)Cc1ccc(C(=O)O)cc1,1.0,0.5443926,
tdc_skin_reaction,"Chemprop v2 (CMPNN, ensemble=3)",Chemprop v2,test,112,Nc1ccc(N(CO)CCO)cc1[N+](=O)[O-],1.0,0.61414963,
tdc_skin_reaction,"Chemprop v2 (CMPNN, ensemble=3)",Chemprop v2,test,113,CN(C)c1ccc(N=O)cc1,1.0,0.5291345,
tdc_skin_reaction,"Chemprop v2 (CMPNN, ensemble=3)",Chemprop v2,test,114,CCCOC(=O)c1cc(O)c(O)c(O)c1,1.0,0.5573344,
tdc_skin_reaction,"Chemprop v2 (AttentiveFP, ensemble=3)",Chemprop v2,train,0,CC(=O)OCC(=O)C1(O)C(C)CC2C3CCC4=CC(=O)C=CC4(C)C3=CCC21C,0.0,0.39264515,
tdc_skin_reaction,"Chemprop v2 (AttentiveFP, ensemble=3)",Chemprop v2,train,1,CCCOc1ccc(Br)c(C(=O)c2ccc(OC)cc2O)c1,0.0,0.4442143,
tdc_skin_reaction,"Chemprop v2 (AttentiveFP, ensemble=3)",Chemprop v2,train,2,CC=C(C)C=O,0.0,0.63382524,
tdc_skin_reaction,"Chemprop v2 (AttentiveFP, ensemble=3)",Chemprop v2,train,3,O=C1C([PH](c2ccccc2)(c2ccccc2)c2ccccc2)CCN1c1ccccc1,0.0,0.55752105,
tdc_skin_reaction,"Chemprop v2 (AttentiveFP, ensemble=3)",Chemprop v2,train,4,C=C(C=CCC(C)C)CC,0.0,0.6430485,
tdc_skin_reaction,"Chemprop v2 (AttentiveFP, ensemble=3)",Chemprop v2,train,5,C=CC1(C)CC(OC(=O)CSC2CC3CCC(C2)N3C)C2(C)C(C)CCC3(CCC(=O)C32)C(C)C1O,0.0,0.4032116,
tdc_skin_reaction,"Chemprop v2 (AttentiveFP, ensemble=3)",Chemprop v2,train,6,CCCCc1ccc(C(=O)CC(=O)c2cc(C)c(C)c(C)c2C)cc1,0.0,0.4457542,
tdc_skin_reaction,"Chemprop v2 (AttentiveFP, ensemble=3)",Chemprop v2,train,7,CC(C)(CC1Cc2ccccc2C1)NCC(O)COc1cc(CCC(=O)O)cc(F)c1F,0.0,0.37534472,
tdc_skin_reaction,"Chemprop v2 (AttentiveFP, ensemble=3)",Chemprop v2,train,8,CCOc1ccc(C(=O)Cc2ccc(S(C)(=O)=O)cc2)cc1,0.0,0.4284804,
tdc_skin_reaction,"Chemprop v2 (AttentiveFP, ensemble=3)",Chemprop v2,train,9,CC(C)(C)OC(=O)N1CC(F)CC1C(N)=O,0.0,0.45195615,
tdc_skin_reaction,"Chemprop v2 (AttentiveFP, ensemble=3)",Chemprop v2,train,10,CC(C)(C)OC(=O)N1CC(F)CC1C(=O)O,0.0,0.46666965,
tdc_skin_reaction,"Chemprop v2 (AttentiveFP, ensemble=3)",Chemprop v2,train,11,Cc1nc(COc2ccc(CC(NC(=O)OC(C)(C)C)C3CO3)cc2)cs1,0.0,0.3964373,
tdc_skin_reaction,"Chemprop v2 (AttentiveFP, ensemble=3)",Chemprop v2,train,12,CC(C)(C)OC(=O)NC(C(=O)N1CC(F)CC1C#N)C(c1ccc(F)cc1)c1ccc(F)cc1,0.0,0.344918,
tdc_skin_reaction,"Chemprop v2 (AttentiveFP, ensemble=3)",Chemprop v2,train,13,O=c1[nH]c(=S)[nH]c2c1CCC2,0.0,0.5209985,
tdc_skin_reaction,"Chemprop v2 (AttentiveFP, ensemble=3)",Chemprop v2,train,14,Cc1ccc(C)c(C(=O)CC(=O)c2cc(C)ccc2C)c1,0.0,0.45253825,
tdc_skin_reaction,"Chemprop v2 (AttentiveFP, ensemble=3)",Chemprop v2,train,15,CC1C(c2ccccc2)NC(=O)N1C,0.0,0.5074475,
tdc_skin_reaction,"Chemprop v2 (AttentiveFP, ensemble=3)",Chemprop v2,train,16,CCCOc1ccc2c(c1)C(O)(c1ccc(OC)cc1OCc1ccccc1)C(C(=O)N1C(=O)N(C)C(C)C1c1ccccc1)C2c1ccc2c(c1)OCO2,0.0,0.20750363,
tdc_skin_reaction,"Chemprop v2 (AttentiveFP, ensemble=3)",Chemprop v2,train,17,N#CC1CC(F)CN1C(=O)C(N)C(c1ccc(F)cc1)c1ccc(F)cc1,0.0,0.3979213,
tdc_skin_reaction,"Chemprop v2 (AttentiveFP, ensemble=3)",Chemprop v2,train,18,CCCOc1ccc(C=CC(=O)N2C(=O)N(C)C(C)C2c2ccccc2)c(C(=O)c2ccc(OC)cc2OCc2ccccc2)c1,0.0,0.2859787,
tdc_skin_reaction,"Chemprop v2 (AttentiveFP, ensemble=3)",Chemprop v2,train,19,COc1ccc(C2(C#N)CCC(=O)CC2)cc1OC1CCCC1,0.0,0.4084377,
tdc_skin_reaction,"Chemprop v2 (AttentiveFP, ensemble=3)",Chemprop v2,train,20,CC(=O)c1ccc(Cc2ccc(F)cc2)o1,0.0,0.4844946,
tdc_skin_reaction,"Chemprop v2 (AttentiveFP, ensemble=3)",Chemprop v2,train,21,CCOc1ccc(-c2nn3ncccc3c2-c2ccc(S(C)(=O)=O)cc2)cc1,0.0,0.3992151,
tdc_skin_reaction,"Chemprop v2 (AttentiveFP, ensemble=3)",Chemprop v2,train,22,CC(=O)CCCN1C(=O)c2ccccc2C1=O,0.0,0.49711046,
tdc_skin_reaction,"Chemprop v2 (AttentiveFP, ensemble=3)",Chemprop v2,train,23,CC(C)(C)N(Cc1ccccc1)CC(O)c1ccc(O)c(CO)c1,0.0,0.44838262,
tdc_skin_reaction,"Chemprop v2 (AttentiveFP, ensemble=3)",Chemprop v2,train,24,Cc1nc(COc2ccc(CC(NC(=O)OC3COC4OCCC34)C(O)CN(CC(C)C)S(=O)(=O)c3ccc4c(c3)OCO4)cc2)cs1,0.0,0.24449177,
tdc_skin_reaction,"Chemprop v2 (AttentiveFP, ensemble=3)",Chemprop v2,train,25,CC(C)N(C(=O)Cn1c(=O)c(=NOCc2ccccc2)c(=O)n(-c2ccccc2)c2ccccc21)c1ccccc1,0.0,0.33258432,
tdc_skin_reaction,"Chemprop v2 (AttentiveFP, ensemble=3)",Chemprop v2,train,26,Cc1c2ccc(N)cc2nn1C,0.0,0.53150773,
tdc_skin_reaction,"Chemprop v2 (AttentiveFP, ensemble=3)",Chemprop v2,train,27,COc1cc(C)c2c(Oc3cccc(C(F)(F)F)c3)c(OC)cc(N)c2n1,0.0,0.3931885,
tdc_skin_reaction,"Chemprop v2 (AttentiveFP, ensemble=3)",Chemprop v2,train,28,COc1cc(C)c2c(Oc3cccc(C(F)(F)F)c3)c(OC)cc(NC(C)CCCN3C(=O)c4ccccc4C3=O)c2n1,0.0,0.29556847,
tdc_skin_reaction,"Chemprop v2 (AttentiveFP, ensemble=3)",Chemprop v2,train,29,CC(=O)C1CCCCC1=O,0.0,0.5413801,
tdc_skin_reaction,"Chemprop v2 (AttentiveFP, ensemble=3)",Chemprop v2,train,30,CS(=O)(=O)CCN,0.0,0.56176,
tdc_skin_reaction,"Chemprop v2 (AttentiveFP, ensemble=3)",Chemprop v2,train,31,COc1ccc2nc(Cl)cc(C)c2c1,0.0,0.5321071,
tdc_skin_reaction,"Chemprop v2 (AttentiveFP, ensemble=3)",Chemprop v2,train,32,C=C(C)C(=O)OCC(C)O,0.0,0.5710347,
tdc_skin_reaction,"Chemprop v2 (AttentiveFP, ensemble=3)",Chemprop v2,train,33,CCC(C)C1C(=O)NC(C2Cc3ccccc3C2)C(=O)N1C(C(=O)N1CCOCC1)c1coc(C)n1,0.0,0.27068245,
tdc_skin_reaction,"Chemprop v2 (AttentiveFP, ensemble=3)",Chemprop v2,train,34,CC(C)N(C(=O)CN1C(=O)C(N)C(=O)N(c2ccccc2)c2ccccc21)c1ccccc1,0.0,0.37469983,
tdc_skin_reaction,"Chemprop v2 (AttentiveFP, ensemble=3)",Chemprop v2,train,35,O=C(O)c1c(O)c(-c2ccccc2)nc2ccccc12,0.0,0.46367764,
tdc_skin_reaction,"Chemprop v2 (AttentiveFP, ensemble=3)",Chemprop v2,train,36,CC1C=CC(C(C)C)CC1,0.0,0.6291607,
tdc_skin_reaction,"Chemprop v2 (AttentiveFP, ensemble=3)",Chemprop v2,train,37,O=Cc1ccc(-c2ccc(C(F)(F)F)cc2)cc1,0.0,0.52728844,
tdc_skin_reaction,"Chemprop v2 (AttentiveFP, ensemble=3)",Chemprop v2,train,38,CCCCN1C(=O)C(C(O)C2CCCCC2)NC(=O)C12CCN(Cc1ccc(Oc3ccc(C(=O)O)cc3)cc1)CC2,0.0,0.2636762,
tdc_skin_reaction,"Chemprop v2 (AttentiveFP, ensemble=3)",Chemprop v2,train,39,COc1ccc(C2(C#N)CCC(C(=O)O)CC2)cc1OC1CCCC1,0.0,0.39215744,
tdc_skin_reaction,"Chemprop v2 (AttentiveFP, ensemble=3)",Chemprop v2,train,40,NC(=O)C1CC(F)CN1,0.0,0.54025626,
tdc_skin_reaction,"Chemprop v2 (AttentiveFP, ensemble=3)",Chemprop v2,train,41,C=C1CC(C(=C)C)CCC1C,0.0,0.6105534,
tdc_skin_reaction,"Chemprop v2 (AttentiveFP, ensemble=3)",Chemprop v2,train,42,C=C1CCC(C(C)C)CC1,0.0,0.61555463,
tdc_skin_reaction,"Chemprop v2 (AttentiveFP, ensemble=3)",Chemprop v2,train,43,Cc1ccc(Nc2nccc(N(C)c3ccc4c(C)n(C)nc4c3)n2)cc1S(N)(=O)=O,0.0,0.3536131,
tdc_skin_reaction,"Chemprop v2 (AttentiveFP, ensemble=3)",Chemprop v2,train,44,COc1cc(C)c2c(Cl)c(OC)ccc2n1,0.0,0.4984429,
tdc_skin_reaction,"Chemprop v2 (AttentiveFP, ensemble=3)",Chemprop v2,train,45,Cc1cc2c(cc1C(F)(F)F)NCC2,0.0,0.5259253,
tdc_skin_reaction,"Chemprop v2 (AttentiveFP, ensemble=3)",Chemprop v2,train,46,OCCCCCCCl,0.0,0.6109192,
tdc_skin_reaction,"Chemprop v2 (AttentiveFP, ensemble=3)",Chemprop v2,train,47,C=CC1(C)CC(OC(=O)CO)C2(C)C(C)CCC3(CCC(=O)C32)C(C)C1O,0.0,0.38489464,
tdc_skin_reaction,"Chemprop v2 (AttentiveFP, ensemble=3)",Chemprop v2,train,48,O=c1[nH]cnc2ccc(I)cc12,0.0,0.5444697,
tdc_skin_reaction,"Chemprop v2 (AttentiveFP, ensemble=3)",Chemprop v2,train,49,COc1ccc2[nH]c(=O)cc(C)c2c1,0.0,0.5064423,
tdc_skin_reaction,"Chemprop v2 (AttentiveFP, ensemble=3)",Chemprop v2,train,50,COc1cc(N)c2nccc(C)c2c1,0.0,0.51982313,
tdc_skin_reaction,"Chemprop v2 (AttentiveFP, ensemble=3)",Chemprop v2,train,51,Cc1ccc2oc(=O)ccc2c1,0.0,0.5502643,
tdc_skin_reaction,"Chemprop v2 (AttentiveFP, ensemble=3)",Chemprop v2,train,52,COc1ccc(Nc2ccc(CCNCC(O)c3ccc(O)c4[nH]c(=O)ccc34)cc2)cc1-c1ccccc1,0.0,0.32964852,
tdc_skin_reaction,"Chemprop v2 (AttentiveFP, ensemble=3)",Chemprop v2,train,53,O=C(O)CCCCC(=O)O,0.0,0.5311491,
tdc_skin_reaction,"Chemprop v2 (AttentiveFP, ensemble=3)",Chemprop v2,train,54,CCNc1nc(Cl)nc(NC(C)C)n1,0.0,0.49424663,
tdc_skin_reaction,"Chemprop v2 (AttentiveFP, ensemble=3)",Chemprop v2,train,55,CCCCBr,0.0,0.6514635,
tdc_skin_reaction,"Chemprop v2 (AttentiveFP, ensemble=3)",Chemprop v2,train,56,CCCCCCCCCBr,0.0,0.65631646,
tdc_skin_reaction,"Chemprop v2 (AttentiveFP, ensemble=3)",Chemprop v2,train,57,C=C1CC=C(C(C)C)CC1,0.0,0.6267471,
tdc_skin_reaction,"Chemprop v2 (AttentiveFP, ensemble=3)",Chemprop v2,train,58,CCCCO,0.0,0.6264613,
tdc_skin_reaction,"Chemprop v2 (AttentiveFP, ensemble=3)",Chemprop v2,train,59,CCCCCCCCCCl,0.0,0.6483459,
tdc_skin_reaction,"Chemprop v2 (AttentiveFP, ensemble=3)",Chemprop v2,train,60,CCC1OC(=O)C(C)C(OC2CC(C)(OC)C(O)C(C)O2)C(C)C(OC2OC(C)CC(N(C)C)C2O)C(C)(OC)CC(C)C(=O)C(C)C(O)C1(C)O,0.0,0.25748846,
tdc_skin_reaction,"Chemprop v2 (AttentiveFP, ensemble=3)",Chemprop v2,train,61,O=c1ccc2ccccc2o1,0.0,0.5668788,
tdc_skin_reaction,"Chemprop v2 (AttentiveFP, ensemble=3)",Chemprop v2,train,62,Nc1cc[nH]c(=O)n1,0.0,0.54503435,
tdc_skin_reaction,"Chemprop v2 (AttentiveFP, ensemble=3)",Chemprop v2,train,63,COC(=O)CCC(C#N)(CCC(=O)OC)c1ccc(OC)c(OC2CCCC2)c1,0.0,0.37315464,
tdc_skin_reaction,"Chemprop v2 (AttentiveFP, ensemble=3)",Chemprop v2,train,64,COC(=O)OC,0.0,0.59263253,
tdc_skin_reaction,"Chemprop v2 (AttentiveFP, ensemble=3)",Chemprop v2,train,65,CCOC(=O)C(=NOC(C)(C)C(=O)OC(C)(C)C)c1csc(NC(c2ccccc2)(c2ccccc2)c2ccccc2)n1,0.0,0.3563049,
tdc_skin_reaction,"Chemprop v2 (AttentiveFP, ensemble=3)",Chemprop v2,train,66,CCOC(=O)c1nnc[nH]1,0.0,0.5341367,
tdc_skin_reaction,"Chemprop v2 (AttentiveFP, ensemble=3)",Chemprop v2,train,67,CCOC(=O)CC(=O)c1cc(F)c(Cl)nc1Cl,0.0,0.50166744,
tdc_skin_reaction,"Chemprop v2 (AttentiveFP, ensemble=3)",Chemprop v2,train,68,O=C(O)C=CC(=O)O,0.0,0.55569464,
tdc_skin_reaction,"Chemprop v2 (AttentiveFP, ensemble=3)",Chemprop v2,train,69,O=C(C(=O)c1ccco1)c1ccco1,0.0,0.4768208,
tdc_skin_reaction,"Chemprop v2 (AttentiveFP, ensemble=3)",Chemprop v2,train,70,OCC(O)CO,0.0,0.58107305,
tdc_skin_reaction,"Chemprop v2 (AttentiveFP, ensemble=3)",Chemprop v2,train,71,CCCCCC,0.0,0.65793324,
tdc_skin_reaction,"Chemprop v2 (AttentiveFP, ensemble=3)",Chemprop v2,train,72,CCCCCCI,0.0,0.6599105,
tdc_skin_reaction,"Chemprop v2 (AttentiveFP, ensemble=3)",Chemprop v2,train,73,CCCCCCCCCCCCCCCCCCI,0.0,0.6926589,
tdc_skin_reaction,"Chemprop v2 (AttentiveFP, ensemble=3)",Chemprop v2,train,74,CC(C)O,0.0,0.6167689,
tdc_skin_reaction,"Chemprop v2 (AttentiveFP, ensemble=3)",Chemprop v2,train,75,CC(C)N(C#N)C#N,0.0,0.56064385,
tdc_skin_reaction,"Chemprop v2 (AttentiveFP, ensemble=3)",Chemprop v2,train,76,NCC1OC(OC2C(N)CC(N)C(OC3OC(CO)C(O)C(N)C3O)C2O)C(O)C(O)C1O,0.0,0.27929482,
tdc_skin_reaction,"Chemprop v2 (AttentiveFP, ensemble=3)",Chemprop v2,train,77,CC(O)C(=O)O,0.0,0.5707616,
tdc_skin_reaction,"Chemprop v2 (AttentiveFP, ensemble=3)",Chemprop v2,train,78,Cc1c2ccc(Nc3ccnc(Cl)n3)cc2nn1C,0.0,0.46551856,
tdc_skin_reaction,"Chemprop v2 (AttentiveFP, ensemble=3)",Chemprop v2,train,79,Cc1c2ccc(N(C)c3ccnc(Cl)n3)cc2nn1C,0.0,0.47293153,
tdc_skin_reaction,"Chemprop v2 (AttentiveFP, ensemble=3)",Chemprop v2,train,80,CCCCN1CCC(CNC(=O)c2c3n(c4ccccc24)CCCO3)CC1,0.0,0.40436533,
tdc_skin_reaction,"Chemprop v2 (AttentiveFP, ensemble=3)",Chemprop v2,train,81,CC(C)(C)OC(=O)NC(C(=O)O)C(c1ccc(F)cc1)c1ccc(F)cc1,0.0,0.41537938,
tdc_skin_reaction,"Chemprop v2 (AttentiveFP, ensemble=3)",Chemprop v2,train,82,O=CNc1cc(C(O)CBr)ccc1OCc1ccccc1,0.0,0.45169675,
tdc_skin_reaction,"Chemprop v2 (AttentiveFP, ensemble=3)",Chemprop v2,train,83,CCCCCCCC(=O)O,0.0,0.5706836,
tdc_skin_reaction,"Chemprop v2 (AttentiveFP, ensemble=3)",Chemprop v2,train,84,CCOc1cc(Oc2ccc(C(F)(F)F)cc2Cl)ccc1[N+](=O)[O-],0.0,0.49172243,
tdc_skin_reaction,"Chemprop v2 (AttentiveFP, ensemble=3)",Chemprop v2,train,85,C=CC(=O)OCC(CO)(COC(=O)C=C)COC(=O)C=C,0.0,0.48204216,
tdc_skin_reaction,"Chemprop v2 (AttentiveFP, ensemble=3)",Chemprop v2,train,86,Cc1cc(F)ccc1C1CC(=O)C=CN1C(=O)OCc1ccccc1,0.0,0.44573703,
tdc_skin_reaction,"Chemprop v2 (AttentiveFP, ensemble=3)",Chemprop v2,train,87,CC(O)CO,0.0,0.60693455,
tdc_skin_reaction,"Chemprop v2 (AttentiveFP, ensemble=3)",Chemprop v2,train,88,Fc1ccc(Oc2ccnc3cc(Cl)cc(Cl)c23)cc1,0.0,0.50196004,
tdc_skin_reaction,"Chemprop v2 (AttentiveFP, ensemble=3)",Chemprop v2,train,89,COC1C=COC2(C)Oc3c(C)c(O)c4c(O)c(cc(O)c4c3C2=O)NC(=O)C(C)=CC=CC(C)C(O)C(C)C(O)C(C)C(OC(C)=O)C1C,0.0,0.2345684,
tdc_skin_reaction,"Chemprop v2 (AttentiveFP, ensemble=3)",Chemprop v2,train,90,O=C1NS(=O)(=O)c2ccccc21,0.0,0.5342444,
tdc_skin_reaction,"Chemprop v2 (AttentiveFP, ensemble=3)",Chemprop v2,train,91,O=C(O)CCC(=O)O,0.0,0.55398124,
tdc_skin_reaction,"Chemprop v2 (AttentiveFP, ensemble=3)",Chemprop v2,train,92,O=C(O)C(O)C(O)C(=O)O,0.0,0.5115236,
tdc_skin_reaction,"Chemprop v2 (AttentiveFP, ensemble=3)",Chemprop v2,train,93,C=CC(=O)OCC(CC)(COC(=O)C=C)COC(=O)C=C,0.0,0.4985682,
tdc_skin_reaction,"Chemprop v2 (AttentiveFP, ensemble=3)",Chemprop v2,train,94,C=C(Cl)Cl,0.0,0.6630187,
tdc_skin_reaction,"Chemprop v2 (AttentiveFP, ensemble=3)",Chemprop v2,train,95,CCCCCCCC=CC=O,1.0,0.6207616,
tdc_skin_reaction,"Chemprop v2 (AttentiveFP, ensemble=3)",Chemprop v2,train,96,O=c1[nH]sc2ccccc12,1.0,0.5700422,
tdc_skin_reaction,"Chemprop v2 (AttentiveFP, ensemble=3)",Chemprop v2,train,97,N#CCCC(Br)(C#N)CBr,1.0,0.5693774,
tdc_skin_reaction,"Chemprop v2 (AttentiveFP, ensemble=3)",Chemprop v2,train,98,C=CC(=O)N1C(=O)N(C)C(C)C1c1ccccc1,1.0,0.5093239,
tdc_skin_reaction,"Chemprop v2 (AttentiveFP, ensemble=3)",Chemprop v2,train,99,C(CCCOCC1CO1)CCOCC1CO1,1.0,0.56563896,
tdc_skin_reaction,"Chemprop v2 (AttentiveFP, ensemble=3)",Chemprop v2,train,100,OCCCCCCCCCCCCBr,1.0,0.6198716,
tdc_skin_reaction,"Chemprop v2 (AttentiveFP, ensemble=3)",Chemprop v2,train,101,O=C1C=CC2(O)C3Cc4ccc(O)c5c4C2(CCN3)C1O5,1.0,0.43763754,
tdc_skin_reaction,"Chemprop v2 (AttentiveFP, ensemble=3)",Chemprop v2,train,102,CCCCCCCCCCCCCCCCCCCl,1.0,0.6813364,
tdc_skin_reaction,"Chemprop v2 (AttentiveFP, ensemble=3)",Chemprop v2,train,103,CCCCCCCCCCI,1.0,0.66830665,
tdc_skin_reaction,"Chemprop v2 (AttentiveFP, ensemble=3)",Chemprop v2,train,104,CN(N=O)C(=N)N[N+](=O)[O-],1.0,0.5485234,
tdc_skin_reaction,"Chemprop v2 (AttentiveFP, ensemble=3)",Chemprop v2,train,105,Oc1cccc2ccccc12,1.0,0.58030415,
tdc_skin_reaction,"Chemprop v2 (AttentiveFP, ensemble=3)",Chemprop v2,train,106,CCCC=CC=O,1.0,0.6333854,
tdc_skin_reaction,"Chemprop v2 (AttentiveFP, ensemble=3)",Chemprop v2,train,107,CN(C)CCOC(C)(c1ccccc1)c1ccc(Br)cc1,1.0,0.5538275,
tdc_skin_reaction,"Chemprop v2 (AttentiveFP, ensemble=3)",Chemprop v2,train,108,CC(C)(C)N(CC(=O)c1ccc(O)c(CO)c1)Cc1ccccc1,1.0,0.43210188,
tdc_skin_reaction,"Chemprop v2 (AttentiveFP, ensemble=3)",Chemprop v2,train,109,C=CC(=O)OCC(CC)CCCC,1.0,0.57912517,
tdc_skin_reaction,"Chemprop v2 (AttentiveFP, ensemble=3)",Chemprop v2,train,110,C=CC(=O)OCCO,1.0,0.59379715,
tdc_skin_reaction,"Chemprop v2 (AttentiveFP, ensemble=3)",Chemprop v2,train,111,Sc1nc2ccccc2s1,1.0,0.6388565,
tdc_skin_reaction,"Chemprop v2 (AttentiveFP, ensemble=3)",Chemprop v2,train,112,CCCCCCCCCC(C)C=O,1.0,0.61254936,
tdc_skin_reaction,"Chemprop v2 (AttentiveFP, ensemble=3)",Chemprop v2,train,113,CC(CC(=O)Cl)CC(C)(C)C,1.0,0.57493466,
tdc_skin_reaction,"Chemprop v2 (AttentiveFP, ensemble=3)",Chemprop v2,train,114,CC1(C)CC(CBr)C(=O)O1,1.0,0.5825515,
tdc_skin_reaction,"Chemprop v2 (AttentiveFP, ensemble=3)",Chemprop v2,train,115,CN(C)CCCN,1.0,0.60592276,
tdc_skin_reaction,"Chemprop v2 (AttentiveFP, ensemble=3)",Chemprop v2,train,116,Nc1cc(F)cc(-c2cccnc2)c1,1.0,0.5346249,
tdc_skin_reaction,"Chemprop v2 (AttentiveFP, ensemble=3)",Chemprop v2,train,117,Cn1sc(Cl)cc1=O,1.0,0.5790637,
tdc_skin_reaction,"Chemprop v2 (AttentiveFP, ensemble=3)",Chemprop v2,train,118,CC(=O)C(=O)CC(C)C,1.0,0.570769,
tdc_skin_reaction,"Chemprop v2 (AttentiveFP, ensemble=3)",Chemprop v2,train,119,C=CCC1(C)C=C(OC)C(=O)CC1,1.0,0.5451757,
tdc_skin_reaction,"Chemprop v2 (AttentiveFP, ensemble=3)",Chemprop v2,train,120,CCN(CC)CCCCCCO,1.0,0.5904736,
tdc_skin_reaction,"Chemprop v2 (AttentiveFP, ensemble=3)",Chemprop v2,train,121,CCC=CCCCCC=O,1.0,0.6235352,
tdc_skin_reaction,"Chemprop v2 (AttentiveFP, ensemble=3)",Chemprop v2,train,122,O=C(O)c1ccc2c(c1)C(=O)OC2=O,1.0,0.54631716,
tdc_skin_reaction,"Chemprop v2 (AttentiveFP, ensemble=3)",Chemprop v2,train,123,O=C(OCc1ccccc1)c1ccccc1,1.0,0.5416391,
tdc_skin_reaction,"Chemprop v2 (AttentiveFP, ensemble=3)",Chemprop v2,train,124,CC(C)(c1ccc(OCC2CO2)cc1)c1ccc(OCC2CO2)cc1,1.0,0.4786605,
tdc_skin_reaction,"Chemprop v2 (AttentiveFP, ensemble=3)",Chemprop v2,train,125,C=C1C=CC(C(C)C)CC1,1.0,0.62826174,
tdc_skin_reaction,"Chemprop v2 (AttentiveFP, ensemble=3)",Chemprop v2,train,126,O=CC=C(c1ccccc1)c1ccccc1,1.0,0.5699685,
tdc_skin_reaction,"Chemprop v2 (AttentiveFP, ensemble=3)",Chemprop v2,train,127,CCCCCCCCCCCCCCCCCCCCCCBr,1.0,0.69678754,
tdc_skin_reaction,"Chemprop v2 (AttentiveFP, ensemble=3)",Chemprop v2,train,128,CCCCCCCCCCCCBr,1.0,0.66481274,
tdc_skin_reaction,"Chemprop v2 (AttentiveFP, ensemble=3)",Chemprop v2,train,129,CCCCCCCCCCCCCCCCCCCCBr,1.0,0.69080305,
tdc_skin_reaction,"Chemprop v2 (AttentiveFP, ensemble=3)",Chemprop v2,train,130,CCCCCCCCCCCCCCCCCBr,1.0,0.681303,
tdc_skin_reaction,"Chemprop v2 (AttentiveFP, ensemble=3)",Chemprop v2,train,131,CCCCCCCCCCCCCCCCBr,1.0,0.6779967,
tdc_skin_reaction,"Chemprop v2 (AttentiveFP, ensemble=3)",Chemprop v2,train,132,CCCCCCBr,1.0,0.6512731,
tdc_skin_reaction,"Chemprop v2 (AttentiveFP, ensemble=3)",Chemprop v2,train,133,CCCCCCCCCCCCCCCCCCBr,1.0,0.684406,
tdc_skin_reaction,"Chemprop v2 (AttentiveFP, ensemble=3)",Chemprop v2,train,134,CCCCCCCCCCCCCCCBr,1.0,0.67476726,
tdc_skin_reaction,"Chemprop v2 (AttentiveFP, ensemble=3)",Chemprop v2,train,135,CCCCCCCCCCCCCCBr,1.0,0.6714075,
tdc_skin_reaction,"Chemprop v2 (AttentiveFP, ensemble=3)",Chemprop v2,train,136,CCCCCCCCCCCCCBr,1.0,0.66800815,
tdc_skin_reaction,"Chemprop v2 (AttentiveFP, ensemble=3)",Chemprop v2,train,137,CCCCCCCCCCCBr,1.0,0.66175,
tdc_skin_reaction,"Chemprop v2 (AttentiveFP, ensemble=3)",Chemprop v2,train,138,C=CC(=O)OCCCC,1.0,0.6016095,
tdc_skin_reaction,"Chemprop v2 (AttentiveFP, ensemble=3)",Chemprop v2,train,139,CCCCOCC1CO1,1.0,0.5994833,
tdc_skin_reaction,"Chemprop v2 (AttentiveFP, ensemble=3)",Chemprop v2,train,140,CCCCCCCCCCCC1=NC(C)(C)C(=O)O1,1.0,0.56570315,
tdc_skin_reaction,"Chemprop v2 (AttentiveFP, ensemble=3)",Chemprop v2,train,141,CCCCC1=NC(C)(C)C(=O)O1,1.0,0.57284826,
tdc_skin_reaction,"Chemprop v2 (AttentiveFP, ensemble=3)",Chemprop v2,train,142,CCCCCCCCCCCCCCCl,1.0,0.66664475,
tdc_skin_reaction,"Chemprop v2 (AttentiveFP, ensemble=3)",Chemprop v2,train,143,CC(C)=CCCC(C)=CC=O,1.0,0.62002134,
tdc_skin_reaction,"Chemprop v2 (AttentiveFP, ensemble=3)",Chemprop v2,train,144,CCCCCCCCCCCCCCCCCl,1.0,0.67416066,
tdc_skin_reaction,"Chemprop v2 (AttentiveFP, ensemble=3)",Chemprop v2,train,145,CCOS(=O)(=O)OCC,1.0,0.5789709,
tdc_skin_reaction,"Chemprop v2 (AttentiveFP, ensemble=3)",Chemprop v2,train,146,CCC(C=O)CC,1.0,0.6171458,
tdc_skin_reaction,"Chemprop v2 (AttentiveFP, ensemble=3)",Chemprop v2,train,147,NCCNCCN,1.0,0.5879772,
tdc_skin_reaction,"Chemprop v2 (AttentiveFP, ensemble=3)",Chemprop v2,train,148,NCCCNCCCN,1.0,0.5896736,
tdc_skin_reaction,"Chemprop v2 (AttentiveFP, ensemble=3)",Chemprop v2,train,149,CCCCCCCCCCCCOS(C)(=O)=O,1.0,0.6068285,
tdc_skin_reaction,"Chemprop v2 (AttentiveFP, ensemble=3)",Chemprop v2,train,150,CCOC(=O)CC1CC2CCC(C1)N2C,1.0,0.54134625,
tdc_skin_reaction,"Chemprop v2 (AttentiveFP, ensemble=3)",Chemprop v2,train,151,C=CC(=O)OCC,1.0,0.60960823,
tdc_skin_reaction,"Chemprop v2 (AttentiveFP, ensemble=3)",Chemprop v2,train,152,CCC(O)C(CO)CO,1.0,0.56023395,
tdc_skin_reaction,"Chemprop v2 (AttentiveFP, ensemble=3)",Chemprop v2,train,153,C=C(C)C(=O)OCCOC(=O)C(=C)C,1.0,0.5436987,
tdc_skin_reaction,"Chemprop v2 (AttentiveFP, ensemble=3)",Chemprop v2,train,154,C=C(C)C(=O)O,1.0,0.59100485,
tdc_skin_reaction,"Chemprop v2 (AttentiveFP, ensemble=3)",Chemprop v2,train,155,O=C1OC2(c3ccc(O)cc3Oc3cc(O)ccc32)c2ccc(N=C=S)cc21,1.0,0.45304012,
tdc_skin_reaction,"Chemprop v2 (AttentiveFP, ensemble=3)",Chemprop v2,train,156,CC(CC=O)CCCC(C)(C)O,1.0,0.57919925,
tdc_skin_reaction,"Chemprop v2 (AttentiveFP, ensemble=3)",Chemprop v2,train,157,CCCCCCCCCCCCI,1.0,0.6745116,
tdc_skin_reaction,"Chemprop v2 (AttentiveFP, ensemble=3)",Chemprop v2,train,158,CCCCCCCCCCCCCCCCI,1.0,0.68620044,
tdc_skin_reaction,"Chemprop v2 (AttentiveFP, ensemble=3)",Chemprop v2,train,159,CCCCCCCCCI,1.0,0.6650279,
tdc_skin_reaction,"Chemprop v2 (AttentiveFP, ensemble=3)",Chemprop v2,train,160,CCCCCCCCCCCCCCI,1.0,0.67998856,
tdc_skin_reaction,"Chemprop v2 (AttentiveFP, ensemble=3)",Chemprop v2,train,161,CC(C)CCCCCC(=O)Cl,1.0,0.5860024,
tdc_skin_reaction,"Chemprop v2 (AttentiveFP, ensemble=3)",Chemprop v2,train,162,CCCCCCCCCCCCCC(=O)OC(C)C,1.0,0.5907626,
tdc_skin_reaction,"Chemprop v2 (AttentiveFP, ensemble=3)",Chemprop v2,train,163,C=C(C)C1CC=C(C)CC1,1.0,0.62355316,
tdc_skin_reaction,"Chemprop v2 (AttentiveFP, ensemble=3)",Chemprop v2,train,164,C=CC(C)(O)CCC=C(C)C=O,1.0,0.58679336,
tdc_skin_reaction,"Chemprop v2 (AttentiveFP, ensemble=3)",Chemprop v2,train,165,CCCCCC=CCC=CCCCCCCCC(=O)O,1.0,0.5889697,
tdc_skin_reaction,"Chemprop v2 (AttentiveFP, ensemble=3)",Chemprop v2,train,166,CCCCCCC#CC(=O)OC,1.0,0.5855709,
tdc_skin_reaction,"Chemprop v2 (AttentiveFP, ensemble=3)",Chemprop v2,train,167,C=CC(=O)OC,1.0,0.6151332,
tdc_skin_reaction,"Chemprop v2 (AttentiveFP, ensemble=3)",Chemprop v2,train,168,CCCCCCCCCCCCCCC=CS(=O)(=O)OC,1.0,0.61716723,
tdc_skin_reaction,"Chemprop v2 (AttentiveFP, ensemble=3)",Chemprop v2,train,169,C=C(C)C(=O)OC,1.0,0.6004002,
tdc_skin_reaction,"Chemprop v2 (AttentiveFP, ensemble=3)",Chemprop v2,train,170,CCCCCCCCC(=O)Cl,1.0,0.5937868,
tdc_skin_reaction,"Chemprop v2 (AttentiveFP, ensemble=3)",Chemprop v2,train,171,FOC1=C2CCC(C2)C1,1.0,0.582086,
tdc_skin_reaction,"Chemprop v2 (AttentiveFP, ensemble=3)",Chemprop v2,train,172,CCCCCCCCO,1.0,0.6127273,
tdc_skin_reaction,"Chemprop v2 (AttentiveFP, ensemble=3)",Chemprop v2,train,173,CCCCCCCCC=CCCCCCCCC(=O)O,1.0,0.59176254,
tdc_skin_reaction,"Chemprop v2 (AttentiveFP, ensemble=3)",Chemprop v2,train,174,CCOC=C1N=C(c2ccccc2)OC1=O,1.0,0.53342146,
tdc_skin_reaction,"Chemprop v2 (AttentiveFP, ensemble=3)",Chemprop v2,train,175,CCCCCCCCCCCCCCCC(=O)Cl,1.0,0.6164194,
tdc_skin_reaction,"Chemprop v2 (AttentiveFP, ensemble=3)",Chemprop v2,train,176,O=C(Oc1ccccc1)c1ccccc1,1.0,0.534195,
tdc_skin_reaction,"Chemprop v2 (AttentiveFP, ensemble=3)",Chemprop v2,train,177,CC(CCCCN)C(C)(C)N,1.0,0.5814859,
tdc_skin_reaction,"Chemprop v2 (AttentiveFP, ensemble=3)",Chemprop v2,train,178,C=CCCCCCCCCC(=O)O,1.0,0.56809145,
tdc_skin_reaction,"Chemprop v2 (AttentiveFP, ensemble=3)",Chemprop v2,train,179,CC=CC=CC=O,1.0,0.6378872,
tdc_skin_reaction,"Chemprop v2 (AttentiveFP, ensemble=3)",Chemprop v2,train,180,CN1C2CCC1CC(O)C2,1.0,0.5845265,
tdc_skin_reaction,"Chemprop v2 (AttentiveFP, ensemble=3)",Chemprop v2,train,181,CC(C)N(C(=O)CN1C(=O)C(NC(=O)Nc2cccc(C(=O)OC(C)(C)C)c2)C(=O)N(c2ccccc2)c2ccccc21)c1ccccc1,1.0,0.25283697,
tdc_skin_reaction,"Chemprop v2 (AttentiveFP, ensemble=3)",Chemprop v2,train,182,NC1CCCCC1N,1.0,0.5724596,
tdc_skin_reaction,"Chemprop v2 (AttentiveFP, ensemble=3)",Chemprop v2,train,183,O=S(=O)(Cl)c1ccc2c(c1)OCO2,1.0,0.52661204,
tdc_skin_reaction,"Chemprop v2 (AttentiveFP, ensemble=3)",Chemprop v2,train,184,O=C(O)CCCCCCCCCCCBr,1.0,0.58195955,
tdc_skin_reaction,"Chemprop v2 (AttentiveFP, ensemble=3)",Chemprop v2,train,185,ClCc1ccc2ccc3cccc4ccc1c2c34,1.0,0.61134577,
tdc_skin_reaction,"Chemprop v2 (AttentiveFP, ensemble=3)",Chemprop v2,train,186,Cc1cc(=O)n(-c2ccc(C)c(C)c2)[nH]1,1.0,0.48185864,
tdc_skin_reaction,"Chemprop v2 (AttentiveFP, ensemble=3)",Chemprop v2,train,187,CCC(C)(C)C1CCC(CC=O)CC1,1.0,0.57425463,
tdc_skin_reaction,"Chemprop v2 (AttentiveFP, ensemble=3)",Chemprop v2,train,188,CC(C)(C)C(=O)CC(=O)C(C)(C)C,1.0,0.5586665,
tdc_skin_reaction,"Chemprop v2 (AttentiveFP, ensemble=3)",Chemprop v2,train,189,C=C(C)C(=O)OCC(O)COc1ccc(C(C)(C)c2ccc(OCC(O)COC(=O)C(=C)C)cc2)cc1,1.0,0.33866677,
tdc_skin_reaction,"Chemprop v2 (AttentiveFP, ensemble=3)",Chemprop v2,train,190,Clc1nc(Cl)nc(Cl)n1,1.0,0.5684187,
tdc_skin_reaction,"Chemprop v2 (AttentiveFP, ensemble=3)",Chemprop v2,train,191,Clc1ccnc(Cl)n1,1.0,0.58974534,
tdc_skin_reaction,"Chemprop v2 (AttentiveFP, ensemble=3)",Chemprop v2,train,192,CCC=CC=CC=O,1.0,0.6343574,
tdc_skin_reaction,"Chemprop v2 (AttentiveFP, ensemble=3)",Chemprop v2,train,193,CC1=C(C=O)C(C)(C)CC=C1,1.0,0.59864634,
tdc_skin_reaction,"Chemprop v2 (AttentiveFP, ensemble=3)",Chemprop v2,train,194,COc1cc(C)c2c(Oc3cccc(C(F)(F)F)c3)c(OC)cc([N+](=O)[O-])c2n1,1.0,0.42761973,
tdc_skin_reaction,"Chemprop v2 (AttentiveFP, ensemble=3)",Chemprop v2,train,195,Nc1ccccc1Nc1ccccc1,1.0,0.54887915,
tdc_skin_reaction,"Chemprop v2 (AttentiveFP, ensemble=3)",Chemprop v2,train,196,CCCCCCCCCCCCC(Br)C(=O)O,1.0,0.5872553,
tdc_skin_reaction,"Chemprop v2 (AttentiveFP, ensemble=3)",Chemprop v2,train,197,O=[N+]([O-])c1ccc(OCc2cccc(F)c2)c(Cl)c1,1.0,0.5342993,
tdc_skin_reaction,"Chemprop v2 (AttentiveFP, ensemble=3)",Chemprop v2,train,198,Cc1nc2ccccc2c(=O)o1,1.0,0.5393922,
tdc_skin_reaction,"Chemprop v2 (AttentiveFP, ensemble=3)",Chemprop v2,train,199,O=C(Nc1ccc(Cl)c(Cl)c1)c1cc(Cl)cc(Cl)c1O,1.0,0.503117,
tdc_skin_reaction,"Chemprop v2 (AttentiveFP, ensemble=3)",Chemprop v2,train,200,O=C1CCc2ccccc2O1,1.0,0.56038976,
tdc_skin_reaction,"Chemprop v2 (AttentiveFP, ensemble=3)",Chemprop v2,train,201,CC1(C)CC(N)CC(C)(CN)C1,1.0,0.5575186,
tdc_skin_reaction,"Chemprop v2 (AttentiveFP, ensemble=3)",Chemprop v2,train,202,C=C1NS(=O)(=O)N=C1c1ccccc1,1.0,0.54390854,
tdc_skin_reaction,"Chemprop v2 (AttentiveFP, ensemble=3)",Chemprop v2,train,203,CCC=C1OC(=O)c2ccccc21,1.0,0.5729031,
tdc_skin_reaction,"Chemprop v2 (AttentiveFP, ensemble=3)",Chemprop v2,train,204,CC(C)(O)CCCC1=CCC(C=O)CC1,1.0,0.56735843,
tdc_skin_reaction,"Chemprop v2 (AttentiveFP, ensemble=3)",Chemprop v2,train,205,O=C(C(=O)c1ccccc1)C1=CCC(Br)(Br)C=C1,1.0,0.52136594,
tdc_skin_reaction,"Chemprop v2 (AttentiveFP, ensemble=3)",Chemprop v2,train,206,CC(Br)CCCN1C(=O)c2ccccc2C1=O,1.0,0.53386384,
tdc_skin_reaction,"Chemprop v2 (AttentiveFP, ensemble=3)",Chemprop v2,train,207,Clc1ncnc2ccc(I)cc12,1.0,0.5849835,
tdc_skin_reaction,"Chemprop v2 (AttentiveFP, ensemble=3)",Chemprop v2,train,208,CC(I)CCCN1C(=O)c2ccccc2C1=O,1.0,0.54131585,
tdc_skin_reaction,"Chemprop v2 (AttentiveFP, ensemble=3)",Chemprop v2,train,209,C=C1CC(C(=C)C)CC=C1C,1.0,0.61957985,
tdc_skin_reaction,"Chemprop v2 (AttentiveFP, ensemble=3)",Chemprop v2,train,210,C=C1CC(C)(C)OC1=O,1.0,0.5896134,
tdc_skin_reaction,"Chemprop v2 (AttentiveFP, ensemble=3)",Chemprop v2,train,211,O=C(O)c1cccc(-c2cc(Cl)cc([N+](=O)[O-])c2O)c1,1.0,0.5203222,
tdc_skin_reaction,"Chemprop v2 (AttentiveFP, ensemble=3)",Chemprop v2,train,212,COc1cc(C)c2c(Cl)c(OC)cc([N+](=O)[O-])c2n1,1.0,0.49298558,
tdc_skin_reaction,"Chemprop v2 (AttentiveFP, ensemble=3)",Chemprop v2,train,213,COc1cc([N+](=O)[O-])c2[nH]c(=O)cc(C)c2c1Cl,1.0,0.49681032,
tdc_skin_reaction,"Chemprop v2 (AttentiveFP, ensemble=3)",Chemprop v2,train,214,COc1cc2c(cc1C(F)(F)F)NCC2,1.0,0.5141928,
tdc_skin_reaction,"Chemprop v2 (AttentiveFP, ensemble=3)",Chemprop v2,train,215,Cc1ncccc1Oc1ccc(N)cn1,1.0,0.50652784,
tdc_skin_reaction,"Chemprop v2 (AttentiveFP, ensemble=3)",Chemprop v2,train,216,CCN(CC)CCCCCCBr,1.0,0.6282604,
tdc_skin_reaction,"Chemprop v2 (AttentiveFP, ensemble=3)",Chemprop v2,train,217,Cc1c2ccccc2c(C)c2c1ccc1ccccc12,1.0,0.59834856,
tdc_skin_reaction,"Chemprop v2 (AttentiveFP, ensemble=3)",Chemprop v2,train,218,CON=C1CN(c2nc3c(cc2F)c(=O)c(C(=O)O)cn3C2CC2)CC1CN,1.0,0.41018224,
tdc_skin_reaction,"Chemprop v2 (AttentiveFP, ensemble=3)",Chemprop v2,train,219,CCCCCCCC(Br)CCCCCC,1.0,0.66210586,
tdc_skin_reaction,"Chemprop v2 (AttentiveFP, ensemble=3)",Chemprop v2,train,220,CCCCCn1c(=O)[nH]c(=O)c2[nH]c(Cl)nc21,1.0,0.44944438,
tdc_skin_reaction,"Chemprop v2 (AttentiveFP, ensemble=3)",Chemprop v2,train,221,CC(C)C1=CC2=CCC3C(C)(C(=O)O)CCCC3(C)C2CC1,1.0,0.5022292,
tdc_skin_reaction,"Chemprop v2 (AttentiveFP, ensemble=3)",Chemprop v2,train,222,CC1=CCC(C(C)C)C=C1,1.0,0.63334364,
tdc_skin_reaction,"Chemprop v2 (AttentiveFP, ensemble=3)",Chemprop v2,train,223,CC1=CC=C(C(C)C)CC1,1.0,0.6307016,
tdc_skin_reaction,"Chemprop v2 (AttentiveFP, ensemble=3)",Chemprop v2,train,224,CCC1OC(=O)C(C)C(OC2CC(C)(OC)C(O)C(C)O2)C(C)C(OC2OC(C)CC(N(C)C)C2O)C(C)(O)CC(C)CN(C)C(C)C(O)C1(C)O,1.0,0.28497747,
tdc_skin_reaction,"Chemprop v2 (AttentiveFP, ensemble=3)",Chemprop v2,train,225,N=C1CC(=Nc2ccc(N)cc2)C(=N)CC1=Nc1ccc(N)cc1,1.0,0.4629189,
tdc_skin_reaction,"Chemprop v2 (AttentiveFP, ensemble=3)",Chemprop v2,train,226,c1ccc2c(c1)cc1ccc3cccc4ccc2c1c34,1.0,0.61628777,
tdc_skin_reaction,"Chemprop v2 (AttentiveFP, ensemble=3)",Chemprop v2,train,227,O=C1C=CC(=O)C=C1,1.0,0.5893028,
tdc_skin_reaction,"Chemprop v2 (AttentiveFP, ensemble=3)",Chemprop v2,train,228,O=C1CCO1,1.0,0.61182564,
tdc_skin_reaction,"Chemprop v2 (AttentiveFP, ensemble=3)",Chemprop v2,train,229,CC(=O)C(C)=O,1.0,0.5975278,
tdc_skin_reaction,"Chemprop v2 (AttentiveFP, ensemble=3)",Chemprop v2,train,230,CCCCCCCCCCCCCCCC1=NC(C)(C)C(=O)O1,1.0,0.57255954,
tdc_skin_reaction,"Chemprop v2 (AttentiveFP, ensemble=3)",Chemprop v2,train,231,CCCCCCCCCCCCCCCCCC1=NC(C)(C)C(=O)O1,1.0,0.5767587,
tdc_skin_reaction,"Chemprop v2 (AttentiveFP, ensemble=3)",Chemprop v2,train,232,CCCCCCC1=NC(C)(C)C(=O)O1,1.0,0.56696737,
tdc_skin_reaction,"Chemprop v2 (AttentiveFP, ensemble=3)",Chemprop v2,train,233,CCCCCCCCCC1=NC(C)(C)C(=O)O1,1.0,0.5642447,
tdc_skin_reaction,"Chemprop v2 (AttentiveFP, ensemble=3)",Chemprop v2,train,234,C=C(C)C1CCC(C)=C(N=O)C1,1.0,0.5857883,
tdc_skin_reaction,"Chemprop v2 (AttentiveFP, ensemble=3)",Chemprop v2,train,235,Clc1ccccc1C(c1ccccc1)(c1ccccc1)n1ccnc1,1.0,0.5173871,
tdc_skin_reaction,"Chemprop v2 (AttentiveFP, ensemble=3)",Chemprop v2,train,236,C(=NC1CCCCC1)=NC1CCCCC1,1.0,0.6023558,
tdc_skin_reaction,"Chemprop v2 (AttentiveFP, ensemble=3)",Chemprop v2,train,237,CCOC(=O)C=CC(=O)OCC,1.0,0.5608625,
tdc_skin_reaction,"Chemprop v2 (AttentiveFP, ensemble=3)",Chemprop v2,train,238,COS(=O)(=O)OC,1.0,0.60736924,
tdc_skin_reaction,"Chemprop v2 (AttentiveFP, ensemble=3)",Chemprop v2,train,239,CS(C)=O,1.0,0.6334674,
tdc_skin_reaction,"Chemprop v2 (AttentiveFP, ensemble=3)",Chemprop v2,train,240,CN1C2CCC1CC(OS(C)(=O)=O)C2,1.0,0.5462801,
tdc_skin_reaction,"Chemprop v2 (AttentiveFP, ensemble=3)",Chemprop v2,train,241,C=CC(=O)OCC(COC(=O)C=C)C(CC)OC(=O)C=C,1.0,0.4980367,
tdc_skin_reaction,"Chemprop v2 (AttentiveFP, ensemble=3)",Chemprop v2,train,242,NCCN,1.0,0.6149051,
tdc_skin_reaction,"Chemprop v2 (AttentiveFP, ensemble=3)",Chemprop v2,train,243,CC(C)=CCCC(C)=CCCC(C)=CC=O,1.0,0.60805506,
tdc_skin_reaction,"Chemprop v2 (AttentiveFP, ensemble=3)",Chemprop v2,train,244,CC(C)=CCCC(C)=CCO,1.0,0.60702056,
tdc_skin_reaction,"Chemprop v2 (AttentiveFP, ensemble=3)",Chemprop v2,train,245,O=CCCCC=O,1.0,0.6143833,
tdc_skin_reaction,"Chemprop v2 (AttentiveFP, ensemble=3)",Chemprop v2,train,246,O=C(CS)OCC(O)CO,1.0,0.5791679,
tdc_skin_reaction,"Chemprop v2 (AttentiveFP, ensemble=3)",Chemprop v2,train,247,O=CC=O,1.0,0.6232312,
tdc_skin_reaction,"Chemprop v2 (AttentiveFP, ensemble=3)",Chemprop v2,train,248,NCCNCCO,1.0,0.5810911,
tdc_skin_reaction,"Chemprop v2 (AttentiveFP, ensemble=3)",Chemprop v2,train,249,O=C(NCNC(=O)NC1C(=O)NC(=O)N1CO)NC1C(=O)NC(=O)N1CO,1.0,0.27504155,
tdc_skin_reaction,"Chemprop v2 (AttentiveFP, ensemble=3)",Chemprop v2,train,250,CCCCNC(=O)OC#CCI,1.0,0.5801355,
tdc_skin_reaction,"Chemprop v2 (AttentiveFP, ensemble=3)",Chemprop v2,train,251,CCCCCCCCCCCCOS(=O)(=O)O,1.0,0.59503835,
tdc_skin_reaction,"Chemprop v2 (AttentiveFP, ensemble=3)",Chemprop v2,train,252,CCC=CCC=CCC=CCCCCCCCC(=O)O,1.0,0.5854533,
tdc_skin_reaction,"Chemprop v2 (AttentiveFP, ensemble=3)",Chemprop v2,train,253,CCCCCCCCCCCCS(=O)(=O)OC,1.0,0.6046072,
tdc_skin_reaction,"Chemprop v2 (AttentiveFP, ensemble=3)",Chemprop v2,train,254,CCCCCCCCCCCCCCCCS(=O)(=O)OC,1.0,0.61757725,
tdc_skin_reaction,"Chemprop v2 (AttentiveFP, ensemble=3)",Chemprop v2,train,255,COS(C)(=O)=O,1.0,0.6176233,
tdc_skin_reaction,"Chemprop v2 (AttentiveFP, ensemble=3)",Chemprop v2,train,256,COC(=O)C(C)=O,1.0,0.58650345,
tdc_skin_reaction,"Chemprop v2 (AttentiveFP, ensemble=3)",Chemprop v2,train,257,CCCCCCCCCCCCCCCCC(CS(=O)(=O)O)C(=O)OC,1.0,0.57053965,
tdc_skin_reaction,"Chemprop v2 (AttentiveFP, ensemble=3)",Chemprop v2,train,258,CCN(CC)CCN(Cc1ccc(-c2ccc(C(F)(F)F)cc2)cc1)C(=O)Cn1c(SCc2ccc(F)cc2)nc(=O)c2c1CCC2,1.0,0.38011912,
tdc_skin_reaction,"Chemprop v2 (AttentiveFP, ensemble=3)",Chemprop v2,train,259,CCN(N=O)C(N)=O,1.0,0.5543792,
tdc_skin_reaction,"Chemprop v2 (AttentiveFP, ensemble=3)",Chemprop v2,train,260,CC(C)N(C(=O)CNc1ccccc1Nc1ccccc1)c1ccccc1,1.0,0.42471793,
tdc_skin_reaction,"Chemprop v2 (AttentiveFP, ensemble=3)",Chemprop v2,train,261,CN(N=O)C(N)=O,1.0,0.5640019,
tdc_skin_reaction,"Chemprop v2 (AttentiveFP, ensemble=3)",Chemprop v2,train,262,CCCCCCCCC=CCCCCCCCCOS(C)(=O)=O,1.0,0.6149467,
tdc_skin_reaction,"Chemprop v2 (AttentiveFP, ensemble=3)",Chemprop v2,train,263,COC1=CC=C2C3Cc4ccc(O)c5c4C2(CCN3C)C1O5,1.0,0.4571463,
tdc_skin_reaction,"Chemprop v2 (AttentiveFP, ensemble=3)",Chemprop v2,train,264,O=C(O)C(=O)O,1.0,0.57410985,
tdc_skin_reaction,"Chemprop v2 (AttentiveFP, ensemble=3)",Chemprop v2,train,265,O=c1[nH]cco1,1.0,0.61659926,
tdc_skin_reaction,"Chemprop v2 (AttentiveFP, ensemble=3)",Chemprop v2,train,266,CC1(C)SC2C(NC(=O)Cc3ccccc3)C(=O)N2C1C(=O)O,1.0,0.5109956,
tdc_skin_reaction,"Chemprop v2 (AttentiveFP, ensemble=3)",Chemprop v2,train,267,C=C(C)C1CC=C(C=O)CC1,1.0,0.6011951,
tdc_skin_reaction,"Chemprop v2 (AttentiveFP, ensemble=3)",Chemprop v2,train,268,CC(C)(C)c1ccc(OCC2CO2)cc1,1.0,0.55002457,
tdc_skin_reaction,"Chemprop v2 (AttentiveFP, ensemble=3)",Chemprop v2,train,269,c1ccncc1,1.0,0.63369775,
tdc_skin_reaction,"Chemprop v2 (AttentiveFP, ensemble=3)",Chemprop v2,train,270,C=C(C)C1CC=C(C)C(=O)C1,1.0,0.5708241,
tdc_skin_reaction,"Chemprop v2 (AttentiveFP, ensemble=3)",Chemprop v2,train,271,O=C(Oc1ccc([N+](=O)[O-])cc1)OC1COC2OCCC12,1.0,0.48011145,
tdc_skin_reaction,"Chemprop v2 (AttentiveFP, ensemble=3)",Chemprop v2,train,272,CCOC(=S)S,1.0,0.6534112,
tdc_skin_reaction,"Chemprop v2 (AttentiveFP, ensemble=3)",Chemprop v2,train,273,CCCCCCCCCCCC(=O)OC(C)C(=O)OC(C)C(=O)O,1.0,0.5090137,
tdc_skin_reaction,"Chemprop v2 (AttentiveFP, ensemble=3)",Chemprop v2,train,274,CC(C)=CCCC(C)=CCCC(C)=CCCC=C(C)CCC=C(C)CCC=C(C)C,1.0,0.64012235,
tdc_skin_reaction,"Chemprop v2 (AttentiveFP, ensemble=3)",Chemprop v2,train,275,CN(C)C(=S)SSC(=S)N(C)C,1.0,0.6018445,
tdc_skin_reaction,"Chemprop v2 (AttentiveFP, ensemble=3)",Chemprop v2,train,276,C=CCCCCCCCCC=O,1.0,0.6237307,
tdc_skin_reaction,"Chemprop v2 (AttentiveFP, ensemble=3)",Chemprop v2,train,277,C=Cc1ccncc1,1.0,0.6240366,
tdc_skin_reaction,"Chemprop v2 (AttentiveFP, ensemble=3)",Chemprop v2,train,278,C[N+](C)(C)c1ccc2c(c1)C(=NNc1ccc(N)c([N+](=O)[O-])c1)C(=O)C=C2,0.0,0.43084884,
tdc_skin_reaction,"Chemprop v2 (AttentiveFP, ensemble=3)",Chemprop v2,train,279,CCCCCCCCC(=O)O,0.0,0.5685532,
tdc_skin_reaction,"Chemprop v2 (AttentiveFP, ensemble=3)",Chemprop v2,train,280,CNC1C(OC2C(OC3C(O)C(O)C(NC(=N)N)C(O)C3NC(=N)N)OC(C)C2(O)C=O)OC(CO)C(O)C1O,0.0,0.21769984,
tdc_skin_reaction,"Chemprop v2 (AttentiveFP, ensemble=3)",Chemprop v2,train,281,O=C1OC(=O)C2CCCCC12,1.0,0.56031513,
tdc_skin_reaction,"Chemprop v2 (AttentiveFP, ensemble=3)",Chemprop v2,train,282,Cc1cc(=O)n(-c2ccccc2)[nH]1,1.0,0.51951593,
tdc_skin_reaction,"Chemprop v2 (AttentiveFP, ensemble=3)",Chemprop v2,train,283,O=C(OOC(=O)c1ccccc1)c1ccccc1,1.0,0.50307065,
tdc_skin_reaction,"Chemprop v2 (AttentiveFP, ensemble=3)",Chemprop v2,train,284,O=c1c(-c2ccccc2)c1-c1ccccc1,1.0,0.5509103,
tdc_skin_reaction,"Chemprop v2 (AttentiveFP, ensemble=3)",Chemprop v2,train,285,Nc1ccc(N)c2c1C(=O)c1ccccc1C2=O,1.0,0.47223702,
tdc_skin_reaction,"Chemprop v2 (AttentiveFP, ensemble=3)",Chemprop v2,train,286,O=C1C=CC(=O)O1,1.0,0.6150518,
tdc_skin_reaction,"Chemprop v2 (AttentiveFP, ensemble=3)",Chemprop v2,train,287,O=C1OC(=O)c2ccccc21,1.0,0.58381146,
tdc_skin_reaction,"Chemprop v2 (AttentiveFP, ensemble=3)",Chemprop v2,train,288,O=c1c(O)c(O)c1=O,1.0,0.5634057,
tdc_skin_reaction,"Chemprop v2 (AttentiveFP, ensemble=3)",Chemprop v2,test,0,CCOCc1cc(OC)c(B(O)O)c(OC)c1,0.0,0.47703293,
tdc_skin_reaction,"Chemprop v2 (AttentiveFP, ensemble=3)",Chemprop v2,test,1,COc1cc(C(=O)CC(=O)C(C)(C)C)cc(OC)c1OC,0.0,0.4248033,
tdc_skin_reaction,"Chemprop v2 (AttentiveFP, ensemble=3)",Chemprop v2,test,2,CNC(C)c1cc(C(F)(F)F)cc(C(F)(F)F)c1,0.0,0.54523474,
tdc_skin_reaction,"Chemprop v2 (AttentiveFP, ensemble=3)",Chemprop v2,test,3,CCC(N)c1ccccc1,0.0,0.5986649,
tdc_skin_reaction,"Chemprop v2 (AttentiveFP, ensemble=3)",Chemprop v2,test,4,O=C(O)C(=NOCc1ccccc1)C(=O)O,0.0,0.5049048,
tdc_skin_reaction,"Chemprop v2 (AttentiveFP, ensemble=3)",Chemprop v2,test,5,CCCOc1ccc(Br)c(C(=O)O)c1,0.0,0.5293885,
tdc_skin_reaction,"Chemprop v2 (AttentiveFP, ensemble=3)",Chemprop v2,test,6,NS(=O)(=O)c1cccc(CCCCOCCCCCCBr)c1,0.0,0.49621186,
tdc_skin_reaction,"Chemprop v2 (AttentiveFP, ensemble=3)",Chemprop v2,test,7,COc1ccc(C=O)cc1O,0.0,0.54757756,
tdc_skin_reaction,"Chemprop v2 (AttentiveFP, ensemble=3)",Chemprop v2,test,8,CCCOc1cccc(C(=O)O)c1,0.0,0.53760445,
tdc_skin_reaction,"Chemprop v2 (AttentiveFP, ensemble=3)",Chemprop v2,test,9,O=C(O)c1ccc(O)cc1,0.0,0.56033784,
tdc_skin_reaction,"Chemprop v2 (AttentiveFP, ensemble=3)",Chemprop v2,test,10,COc1ccc(C(C)=O)cc1,0.0,0.5404968,
tdc_skin_reaction,"Chemprop v2 (AttentiveFP, ensemble=3)",Chemprop v2,test,11,Cc1ccc(N)cc1S(N)(=O)=O,0.0,0.50450325,
tdc_skin_reaction,"Chemprop v2 (AttentiveFP, ensemble=3)",Chemprop v2,test,12,COc1cc(CC#N)c([N+](=O)[O-])cc1C(F)(F)F,0.0,0.5118819,
tdc_skin_reaction,"Chemprop v2 (AttentiveFP, ensemble=3)",Chemprop v2,test,13,Nc1ccccc1C(=O)O,0.0,0.55556494,
tdc_skin_reaction,"Chemprop v2 (AttentiveFP, ensemble=3)",Chemprop v2,test,14,O=Cc1ccccc1,0.0,0.62146616,
tdc_skin_reaction,"Chemprop v2 (AttentiveFP, ensemble=3)",Chemprop v2,test,15,CCOC(=O)c1ccc(N)cc1,0.0,0.5380223,
tdc_skin_reaction,"Chemprop v2 (AttentiveFP, ensemble=3)",Chemprop v2,test,16,Clc1ccccc1,0.0,0.64267296,
tdc_skin_reaction,"Chemprop v2 (AttentiveFP, ensemble=3)",Chemprop v2,test,17,CCOC(=O)c1ccccc1C(=O)OCC,0.0,0.5157168,
tdc_skin_reaction,"Chemprop v2 (AttentiveFP, ensemble=3)",Chemprop v2,test,18,CCOC(=O)CC(=O)c1ccccc1,0.0,0.5315409,
tdc_skin_reaction,"Chemprop v2 (AttentiveFP, ensemble=3)",Chemprop v2,test,19,CCOc1cc(C=O)ccc1O,0.0,0.5444975,
tdc_skin_reaction,"Chemprop v2 (AttentiveFP, ensemble=3)",Chemprop v2,test,20,C=CCc1ccc(O)c(OC(C)C)c1,0.0,0.53606933,
tdc_skin_reaction,"Chemprop v2 (AttentiveFP, ensemble=3)",Chemprop v2,test,21,CCC(=O)c1cccc(Cl)c1,0.0,0.5691786,
tdc_skin_reaction,"Chemprop v2 (AttentiveFP, ensemble=3)",Chemprop v2,test,22,COC(=O)c1ccc(O)cc1,0.0,0.55759937,
tdc_skin_reaction,"Chemprop v2 (AttentiveFP, ensemble=3)",Chemprop v2,test,23,COC(=O)c1ccccc1O,0.0,0.5515651,
tdc_skin_reaction,"Chemprop v2 (AttentiveFP, ensemble=3)",Chemprop v2,test,24,CCOC(=O)C(Cc1ccc(O)cc1)NC(=O)OC(C)(C)C,0.0,0.45072755,
tdc_skin_reaction,"Chemprop v2 (AttentiveFP, ensemble=3)",Chemprop v2,test,25,CCCOC(=O)c1ccc(O)cc1,0.0,0.54025704,
tdc_skin_reaction,"Chemprop v2 (AttentiveFP, ensemble=3)",Chemprop v2,test,26,O=C(O)c1ccccc1O,0.0,0.558655,
tdc_skin_reaction,"Chemprop v2 (AttentiveFP, ensemble=3)",Chemprop v2,test,27,Nc1ccc(S(N)(=O)=O)cc1,0.0,0.51853305,
tdc_skin_reaction,"Chemprop v2 (AttentiveFP, ensemble=3)",Chemprop v2,test,28,Nc1ccc(S(=O)(=O)O)cc1,0.0,0.5505759,
tdc_skin_reaction,"Chemprop v2 (AttentiveFP, ensemble=3)",Chemprop v2,test,29,CC(C)(C)OC(=O)c1cccc(N)c1,0.0,0.5226994,
tdc_skin_reaction,"Chemprop v2 (AttentiveFP, ensemble=3)",Chemprop v2,test,30,COc1cc(C=O)ccc1O,0.0,0.55155015,
tdc_skin_reaction,"Chemprop v2 (AttentiveFP, ensemble=3)",Chemprop v2,test,31,CC=Cc1ccc(OC)cc1,1.0,0.5777872,
tdc_skin_reaction,"Chemprop v2 (AttentiveFP, ensemble=3)",Chemprop v2,test,32,CCCCCC(=O)CC(=O)c1ccccc1,1.0,0.53165084,
tdc_skin_reaction,"Chemprop v2 (AttentiveFP, ensemble=3)",Chemprop v2,test,33,CCc1ccc(CC)c(C(=O)CC(C)=O)c1,1.0,0.5115073,
tdc_skin_reaction,"Chemprop v2 (AttentiveFP, ensemble=3)",Chemprop v2,test,34,CC(=O)CC(=O)c1cc(C)ccc1C,1.0,0.51664704,
tdc_skin_reaction,"Chemprop v2 (AttentiveFP, ensemble=3)",Chemprop v2,test,35,O=[N+]([O-])c1ccc(Cl)c([N+](=O)[O-])c1,1.0,0.5989726,
tdc_skin_reaction,"Chemprop v2 (AttentiveFP, ensemble=3)",Chemprop v2,test,36,Nc1ccc(NCCO)c([N+](=O)[O-])c1,1.0,0.5110575,
tdc_skin_reaction,"Chemprop v2 (AttentiveFP, ensemble=3)",Chemprop v2,test,37,Nc1ccc(OCCO)c(N)c1,1.0,0.5130324,
tdc_skin_reaction,"Chemprop v2 (AttentiveFP, ensemble=3)",Chemprop v2,test,38,Nc1ccccc1O,1.0,0.573356,
tdc_skin_reaction,"Chemprop v2 (AttentiveFP, ensemble=3)",Chemprop v2,test,39,O=Cc1cc(O)ccc1Br,1.0,0.56787217,
tdc_skin_reaction,"Chemprop v2 (AttentiveFP, ensemble=3)",Chemprop v2,test,40,COc1cc(C)ccc1O,1.0,0.55113673,
tdc_skin_reaction,"Chemprop v2 (AttentiveFP, ensemble=3)",Chemprop v2,test,41,Nc1ccc(N)c([N+](=O)[O-])c1,1.0,0.53858685,
tdc_skin_reaction,"Chemprop v2 (AttentiveFP, ensemble=3)",Chemprop v2,test,42,CCCCCCCCC(=O)NCCC(CCC(=O)O)c1ccccc1S(=O)(=O)O,1.0,0.43565798,
tdc_skin_reaction,"Chemprop v2 (AttentiveFP, ensemble=3)",Chemprop v2,test,43,Nc1ccc(Cl)c(Cl)c1,1.0,0.5905588,
tdc_skin_reaction,"Chemprop v2 (AttentiveFP, ensemble=3)",Chemprop v2,test,44,C=CCc1cc(C)c(OC)c(O)c1,1.0,0.5335116,
tdc_skin_reaction,"Chemprop v2 (AttentiveFP, ensemble=3)",Chemprop v2,test,45,O=C(CC(=O)C(F)(F)F)c1ccccc1,1.0,0.5195405,
tdc_skin_reaction,"Chemprop v2 (AttentiveFP, ensemble=3)",Chemprop v2,test,46,C=CCc1ccc(OC)cc1,1.0,0.58018357,
tdc_skin_reaction,"Chemprop v2 (AttentiveFP, ensemble=3)",Chemprop v2,test,47,CNc1ccc(O)cc1,1.0,0.5785789,
tdc_skin_reaction,"Chemprop v2 (AttentiveFP, ensemble=3)",Chemprop v2,test,48,Nc1ccc(N)cc1,1.0,0.5922827,
tdc_skin_reaction,"Chemprop v2 (AttentiveFP, ensemble=3)",Chemprop v2,test,49,Cc1ccc(N)cc1O,1.0,0.5584752,
tdc_skin_reaction,"Chemprop v2 (AttentiveFP, ensemble=3)",Chemprop v2,test,50,C=CCc1cc(OC)c(O)cc1C,1.0,0.5347534,
tdc_skin_reaction,"Chemprop v2 (AttentiveFP, ensemble=3)",Chemprop v2,test,51,C=CCc1cc(C)c(O)c(OC)c1,1.0,0.53607917,
tdc_skin_reaction,"Chemprop v2 (AttentiveFP, ensemble=3)",Chemprop v2,test,52,CC=Cc1cc(C)c(O)c(OC)c1,1.0,0.5356558,
tdc_skin_reaction,"Chemprop v2 (AttentiveFP, ensemble=3)",Chemprop v2,test,53,CCCCCC(C=O)=Cc1ccccc1,1.0,0.58490586,
tdc_skin_reaction,"Chemprop v2 (AttentiveFP, ensemble=3)",Chemprop v2,test,54,CCCCC(C=O)=Cc1ccccc1,1.0,0.5865665,
tdc_skin_reaction,"Chemprop v2 (AttentiveFP, ensemble=3)",Chemprop v2,test,55,CCCCCCC(C=O)=Cc1ccccc1,1.0,0.5818155,
tdc_skin_reaction,"Chemprop v2 (AttentiveFP, ensemble=3)",Chemprop v2,test,56,CC(C=O)=Cc1ccccc1,1.0,0.60211015,
tdc_skin_reaction,"Chemprop v2 (AttentiveFP, ensemble=3)",Chemprop v2,test,57,CC(C=O)c1ccccc1,1.0,0.60352004,
tdc_skin_reaction,"Chemprop v2 (AttentiveFP, ensemble=3)",Chemprop v2,test,58,Nc1ccccc1,1.0,0.6099113,
tdc_skin_reaction,"Chemprop v2 (AttentiveFP, ensemble=3)",Chemprop v2,test,59,BrCc1ccccc1,1.0,0.64555115,
tdc_skin_reaction,"Chemprop v2 (AttentiveFP, ensemble=3)",Chemprop v2,test,60,CC(=O)C=Cc1ccccc1,1.0,0.5862037,
tdc_skin_reaction,"Chemprop v2 (AttentiveFP, ensemble=3)",Chemprop v2,test,61,OCC=Cc1ccccc1,1.0,0.59626955,
tdc_skin_reaction,"Chemprop v2 (AttentiveFP, ensemble=3)",Chemprop v2,test,62,O=CC=Cc1ccccc1,1.0,0.6103618,
tdc_skin_reaction,"Chemprop v2 (AttentiveFP, ensemble=3)",Chemprop v2,test,63,CC(C=O)Cc1ccc(C(C)C)cc1,1.0,0.5810873,
tdc_skin_reaction,"Chemprop v2 (AttentiveFP, ensemble=3)",Chemprop v2,test,64,CCCc1ccc(O)c(OC)c1,1.0,0.53929025,
tdc_skin_reaction,"Chemprop v2 (AttentiveFP, ensemble=3)",Chemprop v2,test,65,CC=CC(=O)Oc1c(C(C)CCCCCC)cc([N+](=O)[O-])cc1[N+](=O)[O-],1.0,0.51005787,
tdc_skin_reaction,"Chemprop v2 (AttentiveFP, ensemble=3)",Chemprop v2,test,66,C=CCc1ccc(O)c(OC)c1,1.0,0.55034953,
tdc_skin_reaction,"Chemprop v2 (AttentiveFP, ensemble=3)",Chemprop v2,test,67,CC=Cc1ccc(O)c(OC)c1,1.0,0.5502963,
tdc_skin_reaction,"Chemprop v2 (AttentiveFP, ensemble=3)",Chemprop v2,test,68,CC=Cc1ccc(O)c(OC(C)C)c1,1.0,0.53745633,
tdc_skin_reaction,"Chemprop v2 (AttentiveFP, ensemble=3)",Chemprop v2,test,69,CCCCCCCCCCCCOC(=O)c1cc(O)c(O)c(O)c1,1.0,0.4823114,
tdc_skin_reaction,"Chemprop v2 (AttentiveFP, ensemble=3)",Chemprop v2,test,70,CNc1cccc(NC)c1,1.0,0.58453554,
tdc_skin_reaction,"Chemprop v2 (AttentiveFP, ensemble=3)",Chemprop v2,test,71,COc1ccc(NC(=O)CC(C)=O)cc1,1.0,0.49008667,
tdc_skin_reaction,"Chemprop v2 (AttentiveFP, ensemble=3)",Chemprop v2,test,72,Oc1cccc(O)c1,1.0,0.5896633,
tdc_skin_reaction,"Chemprop v2 (AttentiveFP, ensemble=3)",Chemprop v2,test,73,COc1ccc(C=O)cc1OC,1.0,0.5335223,
tdc_skin_reaction,"Chemprop v2 (AttentiveFP, ensemble=3)",Chemprop v2,test,74,O=Cc1cc(O)ccc1C=C(CC(=O)O)C(=O)O,1.0,0.4697899,
tdc_skin_reaction,"Chemprop v2 (AttentiveFP, ensemble=3)",Chemprop v2,test,75,CC(=O)CC(=O)c1cc(C)c(C)c(C)c1C,1.0,0.5059301,
tdc_skin_reaction,"Chemprop v2 (AttentiveFP, ensemble=3)",Chemprop v2,test,76,CCC(=O)C=Cc1ccc(OC)cc1,1.0,0.53122574,
tdc_skin_reaction,"Chemprop v2 (AttentiveFP, ensemble=3)",Chemprop v2,test,77,Oc1ccc(O)cc1,1.0,0.5922046,
tdc_skin_reaction,"Chemprop v2 (AttentiveFP, ensemble=3)",Chemprop v2,test,78,CC(=O)C(=O)c1ccccc1,1.0,0.5580494,
tdc_skin_reaction,"Chemprop v2 (AttentiveFP, ensemble=3)",Chemprop v2,test,79,CC(=O)C(C)C(=O)c1ccccc1,1.0,0.53786546,
tdc_skin_reaction,"Chemprop v2 (AttentiveFP, ensemble=3)",Chemprop v2,test,80,O=[N+]([O-])c1ccc(S(=O)(=O)O)c([N+](=O)[O-])c1,1.0,0.55499536,
tdc_skin_reaction,"Chemprop v2 (AttentiveFP, ensemble=3)",Chemprop v2,test,81,Cc1cc(N)ccc1N,1.0,0.5686515,
tdc_skin_reaction,"Chemprop v2 (AttentiveFP, ensemble=3)",Chemprop v2,test,82,Nc1cc([N+](=O)[O-])cc(Cl)c1O,1.0,0.54299015,
tdc_skin_reaction,"Chemprop v2 (AttentiveFP, ensemble=3)",Chemprop v2,test,83,Cc1ccc(NCCO)cc1O,1.0,0.5320918,
tdc_skin_reaction,"Chemprop v2 (AttentiveFP, ensemble=3)",Chemprop v2,test,84,Nc1cccc(O)c1,1.0,0.5777834,
tdc_skin_reaction,"Chemprop v2 (AttentiveFP, ensemble=3)",Chemprop v2,test,85,O=C(Cl)c1ccc(F)c(Cl)c1,1.0,0.56558627,
tdc_skin_reaction,"Chemprop v2 (AttentiveFP, ensemble=3)",Chemprop v2,test,86,CCOC(=O)CC(=O)c1cc(C)c(C)c(C)c1C,1.0,0.4824071,
tdc_skin_reaction,"Chemprop v2 (AttentiveFP, ensemble=3)",Chemprop v2,test,87,CC=Cc1ccc(O)c(OC)c1C,1.0,0.5436141,
tdc_skin_reaction,"Chemprop v2 (AttentiveFP, ensemble=3)",Chemprop v2,test,88,Nc1cccc(N)c1,1.0,0.58782905,
tdc_skin_reaction,"Chemprop v2 (AttentiveFP, ensemble=3)",Chemprop v2,test,89,CCOC(=O)c1ccc(CBr)cc1,1.0,0.56141615,
tdc_skin_reaction,"Chemprop v2 (AttentiveFP, ensemble=3)",Chemprop v2,test,90,CCN(CCNS(C)(=O)=O)c1ccc(N)c(C)c1,1.0,0.46316287,
tdc_skin_reaction,"Chemprop v2 (AttentiveFP, ensemble=3)",Chemprop v2,test,91,N#CSc1ccc(N)c([N+](=O)[O-])c1,1.0,0.5500914,
tdc_skin_reaction,"Chemprop v2 (AttentiveFP, ensemble=3)",Chemprop v2,test,92,O=[N+]([O-])c1ccc(CBr)cc1,1.0,0.599873,
tdc_skin_reaction,"Chemprop v2 (AttentiveFP, ensemble=3)",Chemprop v2,test,93,CC(C)CC=C(C=O)c1ccccc1,1.0,0.5844981,
tdc_skin_reaction,"Chemprop v2 (AttentiveFP, ensemble=3)",Chemprop v2,test,94,CCCCCCCCCCCCCC[N+](C)(C)Cc1ccccc1,1.0,0.6001602,
tdc_skin_reaction,"Chemprop v2 (AttentiveFP, ensemble=3)",Chemprop v2,test,95,N#Cc1c(Cl)c(Cl)c(Cl)c(C#N)c1Cl,1.0,0.5482035,
tdc_skin_reaction,"Chemprop v2 (AttentiveFP, ensemble=3)",Chemprop v2,test,96,CCCc1ccc(OC)c(O)c1,1.0,0.53868073,
tdc_skin_reaction,"Chemprop v2 (AttentiveFP, ensemble=3)",Chemprop v2,test,97,CCOC(=O)c1ccc(I)cc1,1.0,0.56482506,
tdc_skin_reaction,"Chemprop v2 (AttentiveFP, ensemble=3)",Chemprop v2,test,98,CC=Cc1ccc(OC(C)C)c(OC)c1,1.0,0.5296059,
tdc_skin_reaction,"Chemprop v2 (AttentiveFP, ensemble=3)",Chemprop v2,test,99,COC(=O)c1ccc(CBr)cc1,1.0,0.56653714,
tdc_skin_reaction,"Chemprop v2 (AttentiveFP, ensemble=3)",Chemprop v2,test,100,NCc1cccc(CN)c1,1.0,0.5881207,
tdc_skin_reaction,"Chemprop v2 (AttentiveFP, ensemble=3)",Chemprop v2,test,101,CC(C)N(C(=N)N)C(=N)Nc1ccc(Cl)c(Cl)c1,1.0,0.49433398,
tdc_skin_reaction,"Chemprop v2 (AttentiveFP, ensemble=3)",Chemprop v2,test,102,Oc1c(Cl)c(Cl)c(Cl)c(Cl)c1Cl,1.0,0.58786625,
tdc_skin_reaction,"Chemprop v2 (AttentiveFP, ensemble=3)",Chemprop v2,test,103,O=CCc1ccccc1,1.0,0.61156887,
tdc_skin_reaction,"Chemprop v2 (AttentiveFP, ensemble=3)",Chemprop v2,test,104,Cc1ccc(CCC=O)cc1,1.0,0.58476037,
tdc_skin_reaction,"Chemprop v2 (AttentiveFP, ensemble=3)",Chemprop v2,test,105,CC(C=O)Cc1ccc(C(C)(C)C)cc1,1.0,0.57561946,
tdc_skin_reaction,"Chemprop v2 (AttentiveFP, ensemble=3)",Chemprop v2,test,106,CC(CC(=O)Oc1ccc(S(=O)(=O)O)cc1)CC(C)(C)C,1.0,0.48500708,
tdc_skin_reaction,"Chemprop v2 (AttentiveFP, ensemble=3)",Chemprop v2,test,107,CCCN(CCC)c1c([N+](=O)[O-])cc(C(F)(F)F)cc1[N+](=O)[O-],1.0,0.5298042,
tdc_skin_reaction,"Chemprop v2 (AttentiveFP, ensemble=3)",Chemprop v2,test,108,CCOC(=O)C(C)(C)Oc1ccc(Cl)cc1,0.0,0.50773364,
tdc_skin_reaction,"Chemprop v2 (AttentiveFP, ensemble=3)",Chemprop v2,test,109,Cc1cccc(O)c1O,1.0,0.5532095,
tdc_skin_reaction,"Chemprop v2 (AttentiveFP, ensemble=3)",Chemprop v2,test,110,Cc1cc(O)ccc1N,1.0,0.55880386,
tdc_skin_reaction,"Chemprop v2 (AttentiveFP, ensemble=3)",Chemprop v2,test,111,O=C(O)Cc1ccc(C(=O)O)cc1,1.0,0.53627527,
tdc_skin_reaction,"Chemprop v2 (AttentiveFP, ensemble=3)",Chemprop v2,test,112,Nc1ccc(N(CO)CCO)cc1[N+](=O)[O-],1.0,0.49288145,
tdc_skin_reaction,"Chemprop v2 (AttentiveFP, ensemble=3)",Chemprop v2,test,113,CN(C)c1ccc(N=O)cc1,1.0,0.5743632,
tdc_skin_reaction,"Chemprop v2 (AttentiveFP, ensemble=3)",Chemprop v2,test,114,CCCOC(=O)c1cc(O)c(O)c(O)c1,1.0,0.50275916,
tdc_skin_reaction,"Chemprop v2 (D-MPNN + Selected descriptors, ensemble=3)",Chemprop v2,train,0,CC(=O)OCC(=O)C1(O)C(C)CC2C3CCC4=CC(=O)C=CC4(C)C3=CCC21C,0.0,0.020977834,
tdc_skin_reaction,"Chemprop v2 (D-MPNN + Selected descriptors, ensemble=3)",Chemprop v2,train,1,CCCOc1ccc(Br)c(C(=O)c2ccc(OC)cc2O)c1,0.0,0.16895257,
tdc_skin_reaction,"Chemprop v2 (D-MPNN + Selected descriptors, ensemble=3)",Chemprop v2,train,2,CC=C(C)C=O,0.0,0.8129511,
tdc_skin_reaction,"Chemprop v2 (D-MPNN + Selected descriptors, ensemble=3)",Chemprop v2,train,3,O=C1C([PH](c2ccccc2)(c2ccccc2)c2ccccc2)CCN1c1ccccc1,0.0,0.55253357,
tdc_skin_reaction,"Chemprop v2 (D-MPNN + Selected descriptors, ensemble=3)",Chemprop v2,train,4,C=C(C=CCC(C)C)CC,0.0,0.87947696,
tdc_skin_reaction,"Chemprop v2 (D-MPNN + Selected descriptors, ensemble=3)",Chemprop v2,train,5,C=CC1(C)CC(OC(=O)CSC2CC3CCC(C2)N3C)C2(C)C(C)CCC3(CCC(=O)C32)C(C)C1O,0.0,0.09097471,
tdc_skin_reaction,"Chemprop v2 (D-MPNN + Selected descriptors, ensemble=3)",Chemprop v2,train,6,CCCCc1ccc(C(=O)CC(=O)c2cc(C)c(C)c(C)c2C)cc1,0.0,0.09921364,
tdc_skin_reaction,"Chemprop v2 (D-MPNN + Selected descriptors, ensemble=3)",Chemprop v2,train,7,CC(C)(CC1Cc2ccccc2C1)NCC(O)COc1cc(CCC(=O)O)cc(F)c1F,0.0,0.17181285,
tdc_skin_reaction,"Chemprop v2 (D-MPNN + Selected descriptors, ensemble=3)",Chemprop v2,train,8,CCOc1ccc(C(=O)Cc2ccc(S(C)(=O)=O)cc2)cc1,0.0,0.24942888,
tdc_skin_reaction,"Chemprop v2 (D-MPNN + Selected descriptors, ensemble=3)",Chemprop v2,train,9,CC(C)(C)OC(=O)N1CC(F)CC1C(N)=O,0.0,0.20248835,
tdc_skin_reaction,"Chemprop v2 (D-MPNN + Selected descriptors, ensemble=3)",Chemprop v2,train,10,CC(C)(C)OC(=O)N1CC(F)CC1C(=O)O,0.0,0.15441526,
tdc_skin_reaction,"Chemprop v2 (D-MPNN + Selected descriptors, ensemble=3)",Chemprop v2,train,11,Cc1nc(COc2ccc(CC(NC(=O)OC(C)(C)C)C3CO3)cc2)cs1,0.0,0.008428981,
tdc_skin_reaction,"Chemprop v2 (D-MPNN + Selected descriptors, ensemble=3)",Chemprop v2,train,12,CC(C)(C)OC(=O)NC(C(=O)N1CC(F)CC1C#N)C(c1ccc(F)cc1)c1ccc(F)cc1,0.0,0.034369145,
tdc_skin_reaction,"Chemprop v2 (D-MPNN + Selected descriptors, ensemble=3)",Chemprop v2,train,13,O=c1[nH]c(=S)[nH]c2c1CCC2,0.0,0.65211684,
tdc_skin_reaction,"Chemprop v2 (D-MPNN + Selected descriptors, ensemble=3)",Chemprop v2,train,14,Cc1ccc(C)c(C(=O)CC(=O)c2cc(C)ccc2C)c1,0.0,0.09095242,
tdc_skin_reaction,"Chemprop v2 (D-MPNN + Selected descriptors, ensemble=3)",Chemprop v2,train,15,CC1C(c2ccccc2)NC(=O)N1C,0.0,0.21759276,
tdc_skin_reaction,"Chemprop v2 (D-MPNN + Selected descriptors, ensemble=3)",Chemprop v2,train,16,CCCOc1ccc2c(c1)C(O)(c1ccc(OC)cc1OCc1ccccc1)C(C(=O)N1C(=O)N(C)C(C)C1c1ccccc1)C2c1ccc2c(c1)OCO2,0.0,0.039819077,
tdc_skin_reaction,"Chemprop v2 (D-MPNN + Selected descriptors, ensemble=3)",Chemprop v2,train,17,N#CC1CC(F)CN1C(=O)C(N)C(c1ccc(F)cc1)c1ccc(F)cc1,0.0,0.020312786,
tdc_skin_reaction,"Chemprop v2 (D-MPNN + Selected descriptors, ensemble=3)",Chemprop v2,train,18,CCCOc1ccc(C=CC(=O)N2C(=O)N(C)C(C)C2c2ccccc2)c(C(=O)c2ccc(OC)cc2OCc2ccccc2)c1,0.0,0.014192499,
tdc_skin_reaction,"Chemprop v2 (D-MPNN + Selected descriptors, ensemble=3)",Chemprop v2,train,19,COc1ccc(C2(C#N)CCC(=O)CC2)cc1OC1CCCC1,0.0,0.05951182,
tdc_skin_reaction,"Chemprop v2 (D-MPNN + Selected descriptors, ensemble=3)",Chemprop v2,train,20,CC(=O)c1ccc(Cc2ccc(F)cc2)o1,0.0,0.28157106,
tdc_skin_reaction,"Chemprop v2 (D-MPNN + Selected descriptors, ensemble=3)",Chemprop v2,train,21,CCOc1ccc(-c2nn3ncccc3c2-c2ccc(S(C)(=O)=O)cc2)cc1,0.0,0.092342414,
tdc_skin_reaction,"Chemprop v2 (D-MPNN + Selected descriptors, ensemble=3)",Chemprop v2,train,22,CC(=O)CCCN1C(=O)c2ccccc2C1=O,0.0,0.7508745,
tdc_skin_reaction,"Chemprop v2 (D-MPNN + Selected descriptors, ensemble=3)",Chemprop v2,train,23,CC(C)(C)N(Cc1ccccc1)CC(O)c1ccc(O)c(CO)c1,0.0,0.054098994,
tdc_skin_reaction,"Chemprop v2 (D-MPNN + Selected descriptors, ensemble=3)",Chemprop v2,train,24,Cc1nc(COc2ccc(CC(NC(=O)OC3COC4OCCC34)C(O)CN(CC(C)C)S(=O)(=O)c3ccc4c(c3)OCO4)cc2)cs1,0.0,0.0026148546,
tdc_skin_reaction,"Chemprop v2 (D-MPNN + Selected descriptors, ensemble=3)",Chemprop v2,train,25,CC(C)N(C(=O)Cn1c(=O)c(=NOCc2ccccc2)c(=O)n(-c2ccccc2)c2ccccc21)c1ccccc1,0.0,0.13713795,
tdc_skin_reaction,"Chemprop v2 (D-MPNN + Selected descriptors, ensemble=3)",Chemprop v2,train,26,Cc1c2ccc(N)cc2nn1C,0.0,0.17312849,
tdc_skin_reaction,"Chemprop v2 (D-MPNN + Selected descriptors, ensemble=3)",Chemprop v2,train,27,COc1cc(C)c2c(Oc3cccc(C(F)(F)F)c3)c(OC)cc(N)c2n1,0.0,0.088911496,
tdc_skin_reaction,"Chemprop v2 (D-MPNN + Selected descriptors, ensemble=3)",Chemprop v2,train,28,COc1cc(C)c2c(Oc3cccc(C(F)(F)F)c3)c(OC)cc(NC(C)CCCN3C(=O)c4ccccc4C3=O)c2n1,0.0,0.08947104,
tdc_skin_reaction,"Chemprop v2 (D-MPNN + Selected descriptors, ensemble=3)",Chemprop v2,train,29,CC(=O)C1CCCCC1=O,0.0,0.6698876,
tdc_skin_reaction,"Chemprop v2 (D-MPNN + Selected descriptors, ensemble=3)",Chemprop v2,train,30,CS(=O)(=O)CCN,0.0,0.8272564,
tdc_skin_reaction,"Chemprop v2 (D-MPNN + Selected descriptors, ensemble=3)",Chemprop v2,train,31,COc1ccc2nc(Cl)cc(C)c2c1,0.0,0.2083276,
tdc_skin_reaction,"Chemprop v2 (D-MPNN + Selected descriptors, ensemble=3)",Chemprop v2,train,32,C=C(C)C(=O)OCC(C)O,0.0,0.49326125,
tdc_skin_reaction,"Chemprop v2 (D-MPNN + Selected descriptors, ensemble=3)",Chemprop v2,train,33,CCC(C)C1C(=O)NC(C2Cc3ccccc3C2)C(=O)N1C(C(=O)N1CCOCC1)c1coc(C)n1,0.0,0.005627614,
tdc_skin_reaction,"Chemprop v2 (D-MPNN + Selected descriptors, ensemble=3)",Chemprop v2,train,34,CC(C)N(C(=O)CN1C(=O)C(N)C(=O)N(c2ccccc2)c2ccccc21)c1ccccc1,0.0,0.3306342,
tdc_skin_reaction,"Chemprop v2 (D-MPNN + Selected descriptors, ensemble=3)",Chemprop v2,train,35,O=C(O)c1c(O)c(-c2ccccc2)nc2ccccc12,0.0,0.061012466,
tdc_skin_reaction,"Chemprop v2 (D-MPNN + Selected descriptors, ensemble=3)",Chemprop v2,train,36,CC1C=CC(C(C)C)CC1,0.0,0.6448305,
tdc_skin_reaction,"Chemprop v2 (D-MPNN + Selected descriptors, ensemble=3)",Chemprop v2,train,37,O=Cc1ccc(-c2ccc(C(F)(F)F)cc2)cc1,0.0,0.7674679,
tdc_skin_reaction,"Chemprop v2 (D-MPNN + Selected descriptors, ensemble=3)",Chemprop v2,train,38,CCCCN1C(=O)C(C(O)C2CCCCC2)NC(=O)C12CCN(Cc1ccc(Oc3ccc(C(=O)O)cc3)cc1)CC2,0.0,0.1425875,
tdc_skin_reaction,"Chemprop v2 (D-MPNN + Selected descriptors, ensemble=3)",Chemprop v2,train,39,COc1ccc(C2(C#N)CCC(C(=O)O)CC2)cc1OC1CCCC1,0.0,0.022588864,
tdc_skin_reaction,"Chemprop v2 (D-MPNN + Selected descriptors, ensemble=3)",Chemprop v2,train,40,NC(=O)C1CC(F)CN1,0.0,0.390249,
tdc_skin_reaction,"Chemprop v2 (D-MPNN + Selected descriptors, ensemble=3)",Chemprop v2,train,41,C=C1CC(C(=C)C)CCC1C,0.0,0.3224312,
tdc_skin_reaction,"Chemprop v2 (D-MPNN + Selected descriptors, ensemble=3)",Chemprop v2,train,42,C=C1CCC(C(C)C)CC1,0.0,0.87168807,
tdc_skin_reaction,"Chemprop v2 (D-MPNN + Selected descriptors, ensemble=3)",Chemprop v2,train,43,Cc1ccc(Nc2nccc(N(C)c3ccc4c(C)n(C)nc4c3)n2)cc1S(N)(=O)=O,0.0,0.0038889004,
tdc_skin_reaction,"Chemprop v2 (D-MPNN + Selected descriptors, ensemble=3)",Chemprop v2,train,44,COc1cc(C)c2c(Cl)c(OC)ccc2n1,0.0,0.25578868,
tdc_skin_reaction,"Chemprop v2 (D-MPNN + Selected descriptors, ensemble=3)",Chemprop v2,train,45,Cc1cc2c(cc1C(F)(F)F)NCC2,0.0,0.48645532,
tdc_skin_reaction,"Chemprop v2 (D-MPNN + Selected descriptors, ensemble=3)",Chemprop v2,train,46,OCCCCCCCl,0.0,0.8196699,
tdc_skin_reaction,"Chemprop v2 (D-MPNN + Selected descriptors, ensemble=3)",Chemprop v2,train,47,C=CC1(C)CC(OC(=O)CO)C2(C)C(C)CCC3(CCC(=O)C32)C(C)C1O,0.0,0.108595766,
tdc_skin_reaction,"Chemprop v2 (D-MPNN + Selected descriptors, ensemble=3)",Chemprop v2,train,48,O=c1[nH]cnc2ccc(I)cc12,0.0,0.3531289,
tdc_skin_reaction,"Chemprop v2 (D-MPNN + Selected descriptors, ensemble=3)",Chemprop v2,train,49,COc1ccc2[nH]c(=O)cc(C)c2c1,0.0,0.41912365,
tdc_skin_reaction,"Chemprop v2 (D-MPNN + Selected descriptors, ensemble=3)",Chemprop v2,train,50,COc1cc(N)c2nccc(C)c2c1,0.0,0.24806382,
tdc_skin_reaction,"Chemprop v2 (D-MPNN + Selected descriptors, ensemble=3)",Chemprop v2,train,51,Cc1ccc2oc(=O)ccc2c1,0.0,0.4973582,
tdc_skin_reaction,"Chemprop v2 (D-MPNN + Selected descriptors, ensemble=3)",Chemprop v2,train,52,COc1ccc(Nc2ccc(CCNCC(O)c3ccc(O)c4[nH]c(=O)ccc34)cc2)cc1-c1ccccc1,0.0,0.018113362,
tdc_skin_reaction,"Chemprop v2 (D-MPNN + Selected descriptors, ensemble=3)",Chemprop v2,train,53,O=C(O)CCCCC(=O)O,0.0,0.22812027,
tdc_skin_reaction,"Chemprop v2 (D-MPNN + Selected descriptors, ensemble=3)",Chemprop v2,train,54,CCNc1nc(Cl)nc(NC(C)C)n1,0.0,0.8387168,
tdc_skin_reaction,"Chemprop v2 (D-MPNN + Selected descriptors, ensemble=3)",Chemprop v2,train,55,CCCCBr,0.0,0.7682245,
tdc_skin_reaction,"Chemprop v2 (D-MPNN + Selected descriptors, ensemble=3)",Chemprop v2,train,56,CCCCCCCCCBr,0.0,0.86679244,
tdc_skin_reaction,"Chemprop v2 (D-MPNN + Selected descriptors, ensemble=3)",Chemprop v2,train,57,C=C1CC=C(C(C)C)CC1,0.0,0.90561104,
tdc_skin_reaction,"Chemprop v2 (D-MPNN + Selected descriptors, ensemble=3)",Chemprop v2,train,58,CCCCO,0.0,0.7602999,
tdc_skin_reaction,"Chemprop v2 (D-MPNN + Selected descriptors, ensemble=3)",Chemprop v2,train,59,CCCCCCCCCCl,0.0,0.86482763,
tdc_skin_reaction,"Chemprop v2 (D-MPNN + Selected descriptors, ensemble=3)",Chemprop v2,train,60,CCC1OC(=O)C(C)C(OC2CC(C)(OC)C(O)C(C)O2)C(C)C(OC2OC(C)CC(N(C)C)C2O)C(C)(OC)CC(C)C(=O)C(C)C(O)C1(C)O,0.0,0.22513877,
tdc_skin_reaction,"Chemprop v2 (D-MPNN + Selected descriptors, ensemble=3)",Chemprop v2,train,61,O=c1ccc2ccccc2o1,0.0,0.12592582,
tdc_skin_reaction,"Chemprop v2 (D-MPNN + Selected descriptors, ensemble=3)",Chemprop v2,train,62,Nc1cc[nH]c(=O)n1,0.0,0.75851613,
tdc_skin_reaction,"Chemprop v2 (D-MPNN + Selected descriptors, ensemble=3)",Chemprop v2,train,63,COC(=O)CCC(C#N)(CCC(=O)OC)c1ccc(OC)c(OC2CCCC2)c1,0.0,0.017058022,
tdc_skin_reaction,"Chemprop v2 (D-MPNN + Selected descriptors, ensemble=3)",Chemprop v2,train,64,COC(=O)OC,0.0,0.80481714,
tdc_skin_reaction,"Chemprop v2 (D-MPNN + Selected descriptors, ensemble=3)",Chemprop v2,train,65,CCOC(=O)C(=NOC(C)(C)C(=O)OC(C)(C)C)c1csc(NC(c2ccccc2)(c2ccccc2)c2ccccc2)n1,0.0,0.18114443,
tdc_skin_reaction,"Chemprop v2 (D-MPNN + Selected descriptors, ensemble=3)",Chemprop v2,train,66,CCOC(=O)c1nnc[nH]1,0.0,0.10048971,
tdc_skin_reaction,"Chemprop v2 (D-MPNN + Selected descriptors, ensemble=3)",Chemprop v2,train,67,CCOC(=O)CC(=O)c1cc(F)c(Cl)nc1Cl,0.0,0.13161758,
tdc_skin_reaction,"Chemprop v2 (D-MPNN + Selected descriptors, ensemble=3)",Chemprop v2,train,68,O=C(O)C=CC(=O)O,0.0,0.22093113,
tdc_skin_reaction,"Chemprop v2 (D-MPNN + Selected descriptors, ensemble=3)",Chemprop v2,train,69,O=C(C(=O)c1ccco1)c1ccco1,0.0,0.11822147,
tdc_skin_reaction,"Chemprop v2 (D-MPNN + Selected descriptors, ensemble=3)",Chemprop v2,train,70,OCC(O)CO,0.0,0.4004096,
tdc_skin_reaction,"Chemprop v2 (D-MPNN + Selected descriptors, ensemble=3)",Chemprop v2,train,71,CCCCCC,0.0,0.7952199,
tdc_skin_reaction,"Chemprop v2 (D-MPNN + Selected descriptors, ensemble=3)",Chemprop v2,train,72,CCCCCCI,0.0,0.81206274,
tdc_skin_reaction,"Chemprop v2 (D-MPNN + Selected descriptors, ensemble=3)",Chemprop v2,train,73,CCCCCCCCCCCCCCCCCCI,0.0,0.9543738,
tdc_skin_reaction,"Chemprop v2 (D-MPNN + Selected descriptors, ensemble=3)",Chemprop v2,train,74,CC(C)O,0.0,0.3890321,
tdc_skin_reaction,"Chemprop v2 (D-MPNN + Selected descriptors, ensemble=3)",Chemprop v2,train,75,CC(C)N(C#N)C#N,0.0,0.19412865,
tdc_skin_reaction,"Chemprop v2 (D-MPNN + Selected descriptors, ensemble=3)",Chemprop v2,train,76,NCC1OC(OC2C(N)CC(N)C(OC3OC(CO)C(O)C(N)C3O)C2O)C(O)C(O)C1O,0.0,0.5536855,
tdc_skin_reaction,"Chemprop v2 (D-MPNN + Selected descriptors, ensemble=3)",Chemprop v2,train,77,CC(O)C(=O)O,0.0,0.4222202,
tdc_skin_reaction,"Chemprop v2 (D-MPNN + Selected descriptors, ensemble=3)",Chemprop v2,train,78,Cc1c2ccc(Nc3ccnc(Cl)n3)cc2nn1C,0.0,0.078087784,
tdc_skin_reaction,"Chemprop v2 (D-MPNN + Selected descriptors, ensemble=3)",Chemprop v2,train,79,Cc1c2ccc(N(C)c3ccnc(Cl)n3)cc2nn1C,0.0,0.06966185,
tdc_skin_reaction,"Chemprop v2 (D-MPNN + Selected descriptors, ensemble=3)",Chemprop v2,train,80,CCCCN1CCC(CNC(=O)c2c3n(c4ccccc24)CCCO3)CC1,0.0,0.049134534,
tdc_skin_reaction,"Chemprop v2 (D-MPNN + Selected descriptors, ensemble=3)",Chemprop v2,train,81,CC(C)(C)OC(=O)NC(C(=O)O)C(c1ccc(F)cc1)c1ccc(F)cc1,0.0,0.15941094,
tdc_skin_reaction,"Chemprop v2 (D-MPNN + Selected descriptors, ensemble=3)",Chemprop v2,train,82,O=CNc1cc(C(O)CBr)ccc1OCc1ccccc1,0.0,0.019615186,
tdc_skin_reaction,"Chemprop v2 (D-MPNN + Selected descriptors, ensemble=3)",Chemprop v2,train,83,CCCCCCCC(=O)O,0.0,0.8670936,
tdc_skin_reaction,"Chemprop v2 (D-MPNN + Selected descriptors, ensemble=3)",Chemprop v2,train,84,CCOc1cc(Oc2ccc(C(F)(F)F)cc2Cl)ccc1[N+](=O)[O-],0.0,0.11858765,
tdc_skin_reaction,"Chemprop v2 (D-MPNN + Selected descriptors, ensemble=3)",Chemprop v2,train,85,C=CC(=O)OCC(CO)(COC(=O)C=C)COC(=O)C=C,0.0,0.05006412,
tdc_skin_reaction,"Chemprop v2 (D-MPNN + Selected descriptors, ensemble=3)",Chemprop v2,train,86,Cc1cc(F)ccc1C1CC(=O)C=CN1C(=O)OCc1ccccc1,0.0,0.1063221,
tdc_skin_reaction,"Chemprop v2 (D-MPNN + Selected descriptors, ensemble=3)",Chemprop v2,train,87,CC(O)CO,0.0,0.39348376,
tdc_skin_reaction,"Chemprop v2 (D-MPNN + Selected descriptors, ensemble=3)",Chemprop v2,train,88,Fc1ccc(Oc2ccnc3cc(Cl)cc(Cl)c23)cc1,0.0,0.06410428,
tdc_skin_reaction,"Chemprop v2 (D-MPNN + Selected descriptors, ensemble=3)",Chemprop v2,train,89,COC1C=COC2(C)Oc3c(C)c(O)c4c(O)c(cc(O)c4c3C2=O)NC(=O)C(C)=CC=CC(C)C(O)C(C)C(O)C(C)C(OC(C)=O)C1C,0.0,0.14205562,
tdc_skin_reaction,"Chemprop v2 (D-MPNN + Selected descriptors, ensemble=3)",Chemprop v2,train,90,O=C1NS(=O)(=O)c2ccccc21,0.0,0.7368013,
tdc_skin_reaction,"Chemprop v2 (D-MPNN + Selected descriptors, ensemble=3)",Chemprop v2,train,91,O=C(O)CCC(=O)O,0.0,0.18705745,
tdc_skin_reaction,"Chemprop v2 (D-MPNN + Selected descriptors, ensemble=3)",Chemprop v2,train,92,O=C(O)C(O)C(O)C(=O)O,0.0,0.029704446,
tdc_skin_reaction,"Chemprop v2 (D-MPNN + Selected descriptors, ensemble=3)",Chemprop v2,train,93,C=CC(=O)OCC(CC)(COC(=O)C=C)COC(=O)C=C,0.0,0.051693767,
tdc_skin_reaction,"Chemprop v2 (D-MPNN + Selected descriptors, ensemble=3)",Chemprop v2,train,94,C=C(Cl)Cl,0.0,0.7440734,
tdc_skin_reaction,"Chemprop v2 (D-MPNN + Selected descriptors, ensemble=3)",Chemprop v2,train,95,CCCCCCCC=CC=O,1.0,0.8899507,
tdc_skin_reaction,"Chemprop v2 (D-MPNN + Selected descriptors, ensemble=3)",Chemprop v2,train,96,O=c1[nH]sc2ccccc12,1.0,0.82644767,
tdc_skin_reaction,"Chemprop v2 (D-MPNN + Selected descriptors, ensemble=3)",Chemprop v2,train,97,N#CCCC(Br)(C#N)CBr,1.0,0.8775737,
tdc_skin_reaction,"Chemprop v2 (D-MPNN + Selected descriptors, ensemble=3)",Chemprop v2,train,98,C=CC(=O)N1C(=O)N(C)C(C)C1c1ccccc1,1.0,0.32104167,
tdc_skin_reaction,"Chemprop v2 (D-MPNN + Selected descriptors, ensemble=3)",Chemprop v2,train,99,C(CCCOCC1CO1)CCOCC1CO1,1.0,0.9366243,
tdc_skin_reaction,"Chemprop v2 (D-MPNN + Selected descriptors, ensemble=3)",Chemprop v2,train,100,OCCCCCCCCCCCCBr,1.0,0.9112339,
tdc_skin_reaction,"Chemprop v2 (D-MPNN + Selected descriptors, ensemble=3)",Chemprop v2,train,101,O=C1C=CC2(O)C3Cc4ccc(O)c5c4C2(CCN3)C1O5,1.0,0.36533856,
tdc_skin_reaction,"Chemprop v2 (D-MPNN + Selected descriptors, ensemble=3)",Chemprop v2,train,102,CCCCCCCCCCCCCCCCCCCl,1.0,0.9537511,
tdc_skin_reaction,"Chemprop v2 (D-MPNN + Selected descriptors, ensemble=3)",Chemprop v2,train,103,CCCCCCCCCCI,1.0,0.8811813,
tdc_skin_reaction,"Chemprop v2 (D-MPNN + Selected descriptors, ensemble=3)",Chemprop v2,train,104,CN(N=O)C(=N)N[N+](=O)[O-],1.0,0.85859877,
tdc_skin_reaction,"Chemprop v2 (D-MPNN + Selected descriptors, ensemble=3)",Chemprop v2,train,105,Oc1cccc2ccccc12,1.0,0.9234509,
tdc_skin_reaction,"Chemprop v2 (D-MPNN + Selected descriptors, ensemble=3)",Chemprop v2,train,106,CCCC=CC=O,1.0,0.8262101,
tdc_skin_reaction,"Chemprop v2 (D-MPNN + Selected descriptors, ensemble=3)",Chemprop v2,train,107,CN(C)CCOC(C)(c1ccccc1)c1ccc(Br)cc1,1.0,0.95277816,
tdc_skin_reaction,"Chemprop v2 (D-MPNN + Selected descriptors, ensemble=3)",Chemprop v2,train,108,CC(C)(C)N(CC(=O)c1ccc(O)c(CO)c1)Cc1ccccc1,1.0,0.4201196,
tdc_skin_reaction,"Chemprop v2 (D-MPNN + Selected descriptors, ensemble=3)",Chemprop v2,train,109,C=CC(=O)OCC(CC)CCCC,1.0,0.900307,
tdc_skin_reaction,"Chemprop v2 (D-MPNN + Selected descriptors, ensemble=3)",Chemprop v2,train,110,C=CC(=O)OCCO,1.0,0.84551984,
tdc_skin_reaction,"Chemprop v2 (D-MPNN + Selected descriptors, ensemble=3)",Chemprop v2,train,111,Sc1nc2ccccc2s1,1.0,0.82940227,
tdc_skin_reaction,"Chemprop v2 (D-MPNN + Selected descriptors, ensemble=3)",Chemprop v2,train,112,CCCCCCCCCC(C)C=O,1.0,0.90578276,
tdc_skin_reaction,"Chemprop v2 (D-MPNN + Selected descriptors, ensemble=3)",Chemprop v2,train,113,CC(CC(=O)Cl)CC(C)(C)C,1.0,0.84088063,
tdc_skin_reaction,"Chemprop v2 (D-MPNN + Selected descriptors, ensemble=3)",Chemprop v2,train,114,CC1(C)CC(CBr)C(=O)O1,1.0,0.90700674,
tdc_skin_reaction,"Chemprop v2 (D-MPNN + Selected descriptors, ensemble=3)",Chemprop v2,train,115,CN(C)CCCN,1.0,0.79846674,
tdc_skin_reaction,"Chemprop v2 (D-MPNN + Selected descriptors, ensemble=3)",Chemprop v2,train,116,Nc1cc(F)cc(-c2cccnc2)c1,1.0,0.8636232,
tdc_skin_reaction,"Chemprop v2 (D-MPNN + Selected descriptors, ensemble=3)",Chemprop v2,train,117,Cn1sc(Cl)cc1=O,1.0,0.87409496,
tdc_skin_reaction,"Chemprop v2 (D-MPNN + Selected descriptors, ensemble=3)",Chemprop v2,train,118,CC(=O)C(=O)CC(C)C,1.0,0.8691926,
tdc_skin_reaction,"Chemprop v2 (D-MPNN + Selected descriptors, ensemble=3)",Chemprop v2,train,119,C=CCC1(C)C=C(OC)C(=O)CC1,1.0,0.91195434,
tdc_skin_reaction,"Chemprop v2 (D-MPNN + Selected descriptors, ensemble=3)",Chemprop v2,train,120,CCN(CC)CCCCCCO,1.0,0.8817065,
tdc_skin_reaction,"Chemprop v2 (D-MPNN + Selected descriptors, ensemble=3)",Chemprop v2,train,121,CCC=CCCCCC=O,1.0,0.8706445,
tdc_skin_reaction,"Chemprop v2 (D-MPNN + Selected descriptors, ensemble=3)",Chemprop v2,train,122,O=C(O)c1ccc2c(c1)C(=O)OC2=O,1.0,0.88219136,
tdc_skin_reaction,"Chemprop v2 (D-MPNN + Selected descriptors, ensemble=3)",Chemprop v2,train,123,O=C(OCc1ccccc1)c1ccccc1,1.0,0.87422115,
tdc_skin_reaction,"Chemprop v2 (D-MPNN + Selected descriptors, ensemble=3)",Chemprop v2,train,124,CC(C)(c1ccc(OCC2CO2)cc1)c1ccc(OCC2CO2)cc1,1.0,0.9466276,
tdc_skin_reaction,"Chemprop v2 (D-MPNN + Selected descriptors, ensemble=3)",Chemprop v2,train,125,C=C1C=CC(C(C)C)CC1,1.0,0.9065054,
tdc_skin_reaction,"Chemprop v2 (D-MPNN + Selected descriptors, ensemble=3)",Chemprop v2,train,126,O=CC=C(c1ccccc1)c1ccccc1,1.0,0.9517934,
tdc_skin_reaction,"Chemprop v2 (D-MPNN + Selected descriptors, ensemble=3)",Chemprop v2,train,127,CCCCCCCCCCCCCCCCCCCCCCBr,1.0,0.9531915,
tdc_skin_reaction,"Chemprop v2 (D-MPNN + Selected descriptors, ensemble=3)",Chemprop v2,train,128,CCCCCCCCCCCCBr,1.0,0.90670085,
tdc_skin_reaction,"Chemprop v2 (D-MPNN + Selected descriptors, ensemble=3)",Chemprop v2,train,129,CCCCCCCCCCCCCCCCCCCCBr,1.0,0.9639368,
tdc_skin_reaction,"Chemprop v2 (D-MPNN + Selected descriptors, ensemble=3)",Chemprop v2,train,130,CCCCCCCCCCCCCCCCCBr,1.0,0.9487726,
tdc_skin_reaction,"Chemprop v2 (D-MPNN + Selected descriptors, ensemble=3)",Chemprop v2,train,131,CCCCCCCCCCCCCCCCBr,1.0,0.9422884,
tdc_skin_reaction,"Chemprop v2 (D-MPNN + Selected descriptors, ensemble=3)",Chemprop v2,train,132,CCCCCCBr,1.0,0.81272346,
tdc_skin_reaction,"Chemprop v2 (D-MPNN + Selected descriptors, ensemble=3)",Chemprop v2,train,133,CCCCCCCCCCCCCCCCCCBr,1.0,0.9544911,
tdc_skin_reaction,"Chemprop v2 (D-MPNN + Selected descriptors, ensemble=3)",Chemprop v2,train,134,CCCCCCCCCCCCCCCBr,1.0,0.9349468,
tdc_skin_reaction,"Chemprop v2 (D-MPNN + Selected descriptors, ensemble=3)",Chemprop v2,train,135,CCCCCCCCCCCCCCBr,1.0,0.92665476,
tdc_skin_reaction,"Chemprop v2 (D-MPNN + Selected descriptors, ensemble=3)",Chemprop v2,train,136,CCCCCCCCCCCCCBr,1.0,0.9172779,
tdc_skin_reaction,"Chemprop v2 (D-MPNN + Selected descriptors, ensemble=3)",Chemprop v2,train,137,CCCCCCCCCCCBr,1.0,0.8948262,
tdc_skin_reaction,"Chemprop v2 (D-MPNN + Selected descriptors, ensemble=3)",Chemprop v2,train,138,C=CC(=O)OCCCC,1.0,0.8498542,
tdc_skin_reaction,"Chemprop v2 (D-MPNN + Selected descriptors, ensemble=3)",Chemprop v2,train,139,CCCCOCC1CO1,1.0,0.8597932,
tdc_skin_reaction,"Chemprop v2 (D-MPNN + Selected descriptors, ensemble=3)",Chemprop v2,train,140,CCCCCCCCCCCC1=NC(C)(C)C(=O)O1,1.0,0.98788244,
tdc_skin_reaction,"Chemprop v2 (D-MPNN + Selected descriptors, ensemble=3)",Chemprop v2,train,141,CCCCC1=NC(C)(C)C(=O)O1,1.0,0.9715647,
tdc_skin_reaction,"Chemprop v2 (D-MPNN + Selected descriptors, ensemble=3)",Chemprop v2,train,142,CCCCCCCCCCCCCCCl,1.0,0.92546946,
tdc_skin_reaction,"Chemprop v2 (D-MPNN + Selected descriptors, ensemble=3)",Chemprop v2,train,143,CC(C)=CCCC(C)=CC=O,1.0,0.89308053,
tdc_skin_reaction,"Chemprop v2 (D-MPNN + Selected descriptors, ensemble=3)",Chemprop v2,train,144,CCCCCCCCCCCCCCCCCl,1.0,0.94134504,
tdc_skin_reaction,"Chemprop v2 (D-MPNN + Selected descriptors, ensemble=3)",Chemprop v2,train,145,CCOS(=O)(=O)OCC,1.0,0.9520283,
tdc_skin_reaction,"Chemprop v2 (D-MPNN + Selected descriptors, ensemble=3)",Chemprop v2,train,146,CCC(C=O)CC,1.0,0.81678224,
tdc_skin_reaction,"Chemprop v2 (D-MPNN + Selected descriptors, ensemble=3)",Chemprop v2,train,147,NCCNCCN,1.0,0.78457636,
tdc_skin_reaction,"Chemprop v2 (D-MPNN + Selected descriptors, ensemble=3)",Chemprop v2,train,148,NCCCNCCCN,1.0,0.8241603,
tdc_skin_reaction,"Chemprop v2 (D-MPNN + Selected descriptors, ensemble=3)",Chemprop v2,train,149,CCCCCCCCCCCCOS(C)(=O)=O,1.0,0.97091097,
tdc_skin_reaction,"Chemprop v2 (D-MPNN + Selected descriptors, ensemble=3)",Chemprop v2,train,150,CCOC(=O)CC1CC2CCC(C1)N2C,1.0,0.80948895,
tdc_skin_reaction,"Chemprop v2 (D-MPNN + Selected descriptors, ensemble=3)",Chemprop v2,train,151,C=CC(=O)OCC,1.0,0.83440334,
tdc_skin_reaction,"Chemprop v2 (D-MPNN + Selected descriptors, ensemble=3)",Chemprop v2,train,152,CCC(O)C(CO)CO,1.0,0.46303225,
tdc_skin_reaction,"Chemprop v2 (D-MPNN + Selected descriptors, ensemble=3)",Chemprop v2,train,153,C=C(C)C(=O)OCCOC(=O)C(=C)C,1.0,0.92824936,
tdc_skin_reaction,"Chemprop v2 (D-MPNN + Selected descriptors, ensemble=3)",Chemprop v2,train,154,C=C(C)C(=O)O,1.0,0.8200448,
tdc_skin_reaction,"Chemprop v2 (D-MPNN + Selected descriptors, ensemble=3)",Chemprop v2,train,155,O=C1OC2(c3ccc(O)cc3Oc3cc(O)ccc32)c2ccc(N=C=S)cc21,1.0,0.7714823,
tdc_skin_reaction,"Chemprop v2 (D-MPNN + Selected descriptors, ensemble=3)",Chemprop v2,train,156,CC(CC=O)CCCC(C)(C)O,1.0,0.88441324,
tdc_skin_reaction,"Chemprop v2 (D-MPNN + Selected descriptors, ensemble=3)",Chemprop v2,train,157,CCCCCCCCCCCCI,1.0,0.906419,
tdc_skin_reaction,"Chemprop v2 (D-MPNN + Selected descriptors, ensemble=3)",Chemprop v2,train,158,CCCCCCCCCCCCCCCCI,1.0,0.9421323,
tdc_skin_reaction,"Chemprop v2 (D-MPNN + Selected descriptors, ensemble=3)",Chemprop v2,train,159,CCCCCCCCCI,1.0,0.8663726,
tdc_skin_reaction,"Chemprop v2 (D-MPNN + Selected descriptors, ensemble=3)",Chemprop v2,train,160,CCCCCCCCCCCCCCI,1.0,0.92644525,
tdc_skin_reaction,"Chemprop v2 (D-MPNN + Selected descriptors, ensemble=3)",Chemprop v2,train,161,CC(C)CCCCCC(=O)Cl,1.0,0.8751528,
tdc_skin_reaction,"Chemprop v2 (D-MPNN + Selected descriptors, ensemble=3)",Chemprop v2,train,162,CCCCCCCCCCCCCC(=O)OC(C)C,1.0,0.9538258,
tdc_skin_reaction,"Chemprop v2 (D-MPNN + Selected descriptors, ensemble=3)",Chemprop v2,train,163,C=C(C)C1CC=C(C)CC1,1.0,0.8812329,
tdc_skin_reaction,"Chemprop v2 (D-MPNN + Selected descriptors, ensemble=3)",Chemprop v2,train,164,C=CC(C)(O)CCC=C(C)C=O,1.0,0.908297,
tdc_skin_reaction,"Chemprop v2 (D-MPNN + Selected descriptors, ensemble=3)",Chemprop v2,train,165,CCCCCC=CCC=CCCCCCCCC(=O)O,1.0,0.96088856,
tdc_skin_reaction,"Chemprop v2 (D-MPNN + Selected descriptors, ensemble=3)",Chemprop v2,train,166,CCCCCCC#CC(=O)OC,1.0,0.66068816,
tdc_skin_reaction,"Chemprop v2 (D-MPNN + Selected descriptors, ensemble=3)",Chemprop v2,train,167,C=CC(=O)OC,1.0,0.81813246,
tdc_skin_reaction,"Chemprop v2 (D-MPNN + Selected descriptors, ensemble=3)",Chemprop v2,train,168,CCCCCCCCCCCCCCC=CS(=O)(=O)OC,1.0,0.98368996,
tdc_skin_reaction,"Chemprop v2 (D-MPNN + Selected descriptors, ensemble=3)",Chemprop v2,train,169,C=C(C)C(=O)OC,1.0,0.8469159,
tdc_skin_reaction,"Chemprop v2 (D-MPNN + Selected descriptors, ensemble=3)",Chemprop v2,train,170,CCCCCCCCC(=O)Cl,1.0,0.8817685,
tdc_skin_reaction,"Chemprop v2 (D-MPNN + Selected descriptors, ensemble=3)",Chemprop v2,train,171,FOC1=C2CCC(C2)C1,1.0,0.9329314,
tdc_skin_reaction,"Chemprop v2 (D-MPNN + Selected descriptors, ensemble=3)",Chemprop v2,train,172,CCCCCCCCO,1.0,0.84372026,
tdc_skin_reaction,"Chemprop v2 (D-MPNN + Selected descriptors, ensemble=3)",Chemprop v2,train,173,CCCCCCCCC=CCCCCCCCC(=O)O,1.0,0.95987946,
tdc_skin_reaction,"Chemprop v2 (D-MPNN + Selected descriptors, ensemble=3)",Chemprop v2,train,174,CCOC=C1N=C(c2ccccc2)OC1=O,1.0,0.96455306,
tdc_skin_reaction,"Chemprop v2 (D-MPNN + Selected descriptors, ensemble=3)",Chemprop v2,train,175,CCCCCCCCCCCCCCCC(=O)Cl,1.0,0.94840735,
tdc_skin_reaction,"Chemprop v2 (D-MPNN + Selected descriptors, ensemble=3)",Chemprop v2,train,176,O=C(Oc1ccccc1)c1ccccc1,1.0,0.9411097,
tdc_skin_reaction,"Chemprop v2 (D-MPNN + Selected descriptors, ensemble=3)",Chemprop v2,train,177,CC(CCCCN)C(C)(C)N,1.0,0.8793511,
tdc_skin_reaction,"Chemprop v2 (D-MPNN + Selected descriptors, ensemble=3)",Chemprop v2,train,178,C=CCCCCCCCCC(=O)O,1.0,0.9083856,
tdc_skin_reaction,"Chemprop v2 (D-MPNN + Selected descriptors, ensemble=3)",Chemprop v2,train,179,CC=CC=CC=O,1.0,0.8358671,
tdc_skin_reaction,"Chemprop v2 (D-MPNN + Selected descriptors, ensemble=3)",Chemprop v2,train,180,CN1C2CCC1CC(O)C2,1.0,0.6991624,
tdc_skin_reaction,"Chemprop v2 (D-MPNN + Selected descriptors, ensemble=3)",Chemprop v2,train,181,CC(C)N(C(=O)CN1C(=O)C(NC(=O)Nc2cccc(C(=O)OC(C)(C)C)c2)C(=O)N(c2ccccc2)c2ccccc21)c1ccccc1,1.0,0.6973388,
tdc_skin_reaction,"Chemprop v2 (D-MPNN + Selected descriptors, ensemble=3)",Chemprop v2,train,182,NC1CCCCC1N,1.0,0.8302627,
tdc_skin_reaction,"Chemprop v2 (D-MPNN + Selected descriptors, ensemble=3)",Chemprop v2,train,183,O=S(=O)(Cl)c1ccc2c(c1)OCO2,1.0,0.7471743,
tdc_skin_reaction,"Chemprop v2 (D-MPNN + Selected descriptors, ensemble=3)",Chemprop v2,train,184,O=C(O)CCCCCCCCCCCBr,1.0,0.9245486,
tdc_skin_reaction,"Chemprop v2 (D-MPNN + Selected descriptors, ensemble=3)",Chemprop v2,train,185,ClCc1ccc2ccc3cccc4ccc1c2c34,1.0,0.9618697,
tdc_skin_reaction,"Chemprop v2 (D-MPNN + Selected descriptors, ensemble=3)",Chemprop v2,train,186,Cc1cc(=O)n(-c2ccc(C)c(C)c2)[nH]1,1.0,0.95986015,
tdc_skin_reaction,"Chemprop v2 (D-MPNN + Selected descriptors, ensemble=3)",Chemprop v2,train,187,CCC(C)(C)C1CCC(CC=O)CC1,1.0,0.9180944,
tdc_skin_reaction,"Chemprop v2 (D-MPNN + Selected descriptors, ensemble=3)",Chemprop v2,train,188,CC(C)(C)C(=O)CC(=O)C(C)(C)C,1.0,0.9172326,
tdc_skin_reaction,"Chemprop v2 (D-MPNN + Selected descriptors, ensemble=3)",Chemprop v2,train,189,C=C(C)C(=O)OCC(O)COc1ccc(C(C)(C)c2ccc(OCC(O)COC(=O)C(=C)C)cc2)cc1,1.0,0.47910857,
tdc_skin_reaction,"Chemprop v2 (D-MPNN + Selected descriptors, ensemble=3)",Chemprop v2,train,190,Clc1nc(Cl)nc(Cl)n1,1.0,0.89581424,
tdc_skin_reaction,"Chemprop v2 (D-MPNN + Selected descriptors, ensemble=3)",Chemprop v2,train,191,Clc1ccnc(Cl)n1,1.0,0.84200287,
tdc_skin_reaction,"Chemprop v2 (D-MPNN + Selected descriptors, ensemble=3)",Chemprop v2,train,192,CCC=CC=CC=O,1.0,0.8536574,
tdc_skin_reaction,"Chemprop v2 (D-MPNN + Selected descriptors, ensemble=3)",Chemprop v2,train,193,CC1=C(C=O)C(C)(C)CC=C1,1.0,0.93737966,
tdc_skin_reaction,"Chemprop v2 (D-MPNN + Selected descriptors, ensemble=3)",Chemprop v2,train,194,COc1cc(C)c2c(Oc3cccc(C(F)(F)F)c3)c(OC)cc([N+](=O)[O-])c2n1,1.0,0.114290535,
tdc_skin_reaction,"Chemprop v2 (D-MPNN + Selected descriptors, ensemble=3)",Chemprop v2,train,195,Nc1ccccc1Nc1ccccc1,1.0,0.93377525,
tdc_skin_reaction,"Chemprop v2 (D-MPNN + Selected descriptors, ensemble=3)",Chemprop v2,train,196,CCCCCCCCCCCCC(Br)C(=O)O,1.0,0.90546036,
tdc_skin_reaction,"Chemprop v2 (D-MPNN + Selected descriptors, ensemble=3)",Chemprop v2,train,197,O=[N+]([O-])c1ccc(OCc2cccc(F)c2)c(Cl)c1,1.0,0.6801807,
tdc_skin_reaction,"Chemprop v2 (D-MPNN + Selected descriptors, ensemble=3)",Chemprop v2,train,198,Cc1nc2ccccc2c(=O)o1,1.0,0.5709706,
tdc_skin_reaction,"Chemprop v2 (D-MPNN + Selected descriptors, ensemble=3)",Chemprop v2,train,199,O=C(Nc1ccc(Cl)c(Cl)c1)c1cc(Cl)cc(Cl)c1O,1.0,0.78798,
tdc_skin_reaction,"Chemprop v2 (D-MPNN + Selected descriptors, ensemble=3)",Chemprop v2,train,200,O=C1CCc2ccccc2O1,1.0,0.8173459,
tdc_skin_reaction,"Chemprop v2 (D-MPNN + Selected descriptors, ensemble=3)",Chemprop v2,train,201,CC1(C)CC(N)CC(C)(CN)C1,1.0,0.89010745,
tdc_skin_reaction,"Chemprop v2 (D-MPNN + Selected descriptors, ensemble=3)",Chemprop v2,train,202,C=C1NS(=O)(=O)N=C1c1ccccc1,1.0,0.92428833,
tdc_skin_reaction,"Chemprop v2 (D-MPNN + Selected descriptors, ensemble=3)",Chemprop v2,train,203,CCC=C1OC(=O)c2ccccc21,1.0,0.90761304,
tdc_skin_reaction,"Chemprop v2 (D-MPNN + Selected descriptors, ensemble=3)",Chemprop v2,train,204,CC(C)(O)CCCC1=CCC(C=O)CC1,1.0,0.9413827,
tdc_skin_reaction,"Chemprop v2 (D-MPNN + Selected descriptors, ensemble=3)",Chemprop v2,train,205,O=C(C(=O)c1ccccc1)C1=CCC(Br)(Br)C=C1,1.0,0.8797783,
tdc_skin_reaction,"Chemprop v2 (D-MPNN + Selected descriptors, ensemble=3)",Chemprop v2,train,206,CC(Br)CCCN1C(=O)c2ccccc2C1=O,1.0,0.7524515,
tdc_skin_reaction,"Chemprop v2 (D-MPNN + Selected descriptors, ensemble=3)",Chemprop v2,train,207,Clc1ncnc2ccc(I)cc12,1.0,0.58016133,
tdc_skin_reaction,"Chemprop v2 (D-MPNN + Selected descriptors, ensemble=3)",Chemprop v2,train,208,CC(I)CCCN1C(=O)c2ccccc2C1=O,1.0,0.85561347,
tdc_skin_reaction,"Chemprop v2 (D-MPNN + Selected descriptors, ensemble=3)",Chemprop v2,train,209,C=C1CC(C(=C)C)CC=C1C,1.0,0.90313655,
tdc_skin_reaction,"Chemprop v2 (D-MPNN + Selected descriptors, ensemble=3)",Chemprop v2,train,210,C=C1CC(C)(C)OC1=O,1.0,0.88386434,
tdc_skin_reaction,"Chemprop v2 (D-MPNN + Selected descriptors, ensemble=3)",Chemprop v2,train,211,O=C(O)c1cccc(-c2cc(Cl)cc([N+](=O)[O-])c2O)c1,1.0,0.88748974,
tdc_skin_reaction,"Chemprop v2 (D-MPNN + Selected descriptors, ensemble=3)",Chemprop v2,train,212,COc1cc(C)c2c(Cl)c(OC)cc([N+](=O)[O-])c2n1,1.0,0.24879283,
tdc_skin_reaction,"Chemprop v2 (D-MPNN + Selected descriptors, ensemble=3)",Chemprop v2,train,213,COc1cc([N+](=O)[O-])c2[nH]c(=O)cc(C)c2c1Cl,1.0,0.6805956,
tdc_skin_reaction,"Chemprop v2 (D-MPNN + Selected descriptors, ensemble=3)",Chemprop v2,train,214,COc1cc2c(cc1C(F)(F)F)NCC2,1.0,0.59985286,
tdc_skin_reaction,"Chemprop v2 (D-MPNN + Selected descriptors, ensemble=3)",Chemprop v2,train,215,Cc1ncccc1Oc1ccc(N)cn1,1.0,0.9171743,
tdc_skin_reaction,"Chemprop v2 (D-MPNN + Selected descriptors, ensemble=3)",Chemprop v2,train,216,CCN(CC)CCCCCCBr,1.0,0.8867707,
tdc_skin_reaction,"Chemprop v2 (D-MPNN + Selected descriptors, ensemble=3)",Chemprop v2,train,217,Cc1c2ccccc2c(C)c2c1ccc1ccccc12,1.0,0.92832446,
tdc_skin_reaction,"Chemprop v2 (D-MPNN + Selected descriptors, ensemble=3)",Chemprop v2,train,218,CON=C1CN(c2nc3c(cc2F)c(=O)c(C(=O)O)cn3C2CC2)CC1CN,1.0,0.43871126,
tdc_skin_reaction,"Chemprop v2 (D-MPNN + Selected descriptors, ensemble=3)",Chemprop v2,train,219,CCCCCCCC(Br)CCCCCC,1.0,0.88385636,
tdc_skin_reaction,"Chemprop v2 (D-MPNN + Selected descriptors, ensemble=3)",Chemprop v2,train,220,CCCCCn1c(=O)[nH]c(=O)c2[nH]c(Cl)nc21,1.0,0.4610074,
tdc_skin_reaction,"Chemprop v2 (D-MPNN + Selected descriptors, ensemble=3)",Chemprop v2,train,221,CC(C)C1=CC2=CCC3C(C)(C(=O)O)CCCC3(C)C2CC1,1.0,0.9709435,
tdc_skin_reaction,"Chemprop v2 (D-MPNN + Selected descriptors, ensemble=3)",Chemprop v2,train,222,CC1=CCC(C(C)C)C=C1,1.0,0.84885424,
tdc_skin_reaction,"Chemprop v2 (D-MPNN + Selected descriptors, ensemble=3)",Chemprop v2,train,223,CC1=CC=C(C(C)C)CC1,1.0,0.9122912,
tdc_skin_reaction,"Chemprop v2 (D-MPNN + Selected descriptors, ensemble=3)",Chemprop v2,train,224,CCC1OC(=O)C(C)C(OC2CC(C)(OC)C(O)C(C)O2)C(C)C(OC2OC(C)CC(N(C)C)C2O)C(C)(O)CC(C)CN(C)C(C)C(O)C1(C)O,1.0,0.17993176,
tdc_skin_reaction,"Chemprop v2 (D-MPNN + Selected descriptors, ensemble=3)",Chemprop v2,train,225,N=C1CC(=Nc2ccc(N)cc2)C(=N)CC1=Nc1ccc(N)cc1,1.0,0.87182826,
tdc_skin_reaction,"Chemprop v2 (D-MPNN + Selected descriptors, ensemble=3)",Chemprop v2,train,226,c1ccc2c(c1)cc1ccc3cccc4ccc2c1c34,1.0,0.9567771,
tdc_skin_reaction,"Chemprop v2 (D-MPNN + Selected descriptors, ensemble=3)",Chemprop v2,train,227,O=C1C=CC(=O)C=C1,1.0,0.9039256,
tdc_skin_reaction,"Chemprop v2 (D-MPNN + Selected descriptors, ensemble=3)",Chemprop v2,train,228,O=C1CCO1,1.0,0.8048353,
tdc_skin_reaction,"Chemprop v2 (D-MPNN + Selected descriptors, ensemble=3)",Chemprop v2,train,229,CC(=O)C(C)=O,1.0,0.82020855,
tdc_skin_reaction,"Chemprop v2 (D-MPNN + Selected descriptors, ensemble=3)",Chemprop v2,train,230,CCCCCCCCCCCCCCCC1=NC(C)(C)C(=O)O1,1.0,0.99248666,
tdc_skin_reaction,"Chemprop v2 (D-MPNN + Selected descriptors, ensemble=3)",Chemprop v2,train,231,CCCCCCCCCCCCCCCCCC1=NC(C)(C)C(=O)O1,1.0,0.99405986,
tdc_skin_reaction,"Chemprop v2 (D-MPNN + Selected descriptors, ensemble=3)",Chemprop v2,train,232,CCCCCCC1=NC(C)(C)C(=O)O1,1.0,0.97767997,
tdc_skin_reaction,"Chemprop v2 (D-MPNN + Selected descriptors, ensemble=3)",Chemprop v2,train,233,CCCCCCCCCC1=NC(C)(C)C(=O)O1,1.0,0.9740691,
tdc_skin_reaction,"Chemprop v2 (D-MPNN + Selected descriptors, ensemble=3)",Chemprop v2,train,234,C=C(C)C1CCC(C)=C(N=O)C1,1.0,0.9075462,
tdc_skin_reaction,"Chemprop v2 (D-MPNN + Selected descriptors, ensemble=3)",Chemprop v2,train,235,Clc1ccccc1C(c1ccccc1)(c1ccccc1)n1ccnc1,1.0,0.70448846,
tdc_skin_reaction,"Chemprop v2 (D-MPNN + Selected descriptors, ensemble=3)",Chemprop v2,train,236,C(=NC1CCCCC1)=NC1CCCCC1,1.0,0.95296985,
tdc_skin_reaction,"Chemprop v2 (D-MPNN + Selected descriptors, ensemble=3)",Chemprop v2,train,237,CCOC(=O)C=CC(=O)OCC,1.0,0.9095512,
tdc_skin_reaction,"Chemprop v2 (D-MPNN + Selected descriptors, ensemble=3)",Chemprop v2,train,238,COS(=O)(=O)OC,1.0,0.941811,
tdc_skin_reaction,"Chemprop v2 (D-MPNN + Selected descriptors, ensemble=3)",Chemprop v2,train,239,CS(C)=O,1.0,0.7586643,
tdc_skin_reaction,"Chemprop v2 (D-MPNN + Selected descriptors, ensemble=3)",Chemprop v2,train,240,CN1C2CCC1CC(OS(C)(=O)=O)C2,1.0,0.913337,
tdc_skin_reaction,"Chemprop v2 (D-MPNN + Selected descriptors, ensemble=3)",Chemprop v2,train,241,C=CC(=O)OCC(COC(=O)C=C)C(CC)OC(=O)C=C,1.0,0.9504399,
tdc_skin_reaction,"Chemprop v2 (D-MPNN + Selected descriptors, ensemble=3)",Chemprop v2,train,242,NCCN,1.0,0.73657495,
tdc_skin_reaction,"Chemprop v2 (D-MPNN + Selected descriptors, ensemble=3)",Chemprop v2,train,243,CC(C)=CCCC(C)=CCCC(C)=CC=O,1.0,0.94206333,
tdc_skin_reaction,"Chemprop v2 (D-MPNN + Selected descriptors, ensemble=3)",Chemprop v2,train,244,CC(C)=CCCC(C)=CCO,1.0,0.88222486,
tdc_skin_reaction,"Chemprop v2 (D-MPNN + Selected descriptors, ensemble=3)",Chemprop v2,train,245,O=CCCCC=O,1.0,0.81086653,
tdc_skin_reaction,"Chemprop v2 (D-MPNN + Selected descriptors, ensemble=3)",Chemprop v2,train,246,O=C(CS)OCC(O)CO,1.0,0.43808603,
tdc_skin_reaction,"Chemprop v2 (D-MPNN + Selected descriptors, ensemble=3)",Chemprop v2,train,247,O=CC=O,1.0,0.7555752,
tdc_skin_reaction,"Chemprop v2 (D-MPNN + Selected descriptors, ensemble=3)",Chemprop v2,train,248,NCCNCCO,1.0,0.78115314,
tdc_skin_reaction,"Chemprop v2 (D-MPNN + Selected descriptors, ensemble=3)",Chemprop v2,train,249,O=C(NCNC(=O)NC1C(=O)NC(=O)N1CO)NC1C(=O)NC(=O)N1CO,1.0,0.9343994,
tdc_skin_reaction,"Chemprop v2 (D-MPNN + Selected descriptors, ensemble=3)",Chemprop v2,train,250,CCCCNC(=O)OC#CCI,1.0,0.8998103,
tdc_skin_reaction,"Chemprop v2 (D-MPNN + Selected descriptors, ensemble=3)",Chemprop v2,train,251,CCCCCCCCCCCCOS(=O)(=O)O,1.0,0.9637108,
tdc_skin_reaction,"Chemprop v2 (D-MPNN + Selected descriptors, ensemble=3)",Chemprop v2,train,252,CCC=CCC=CCC=CCCCCCCCC(=O)O,1.0,0.96195763,
tdc_skin_reaction,"Chemprop v2 (D-MPNN + Selected descriptors, ensemble=3)",Chemprop v2,train,253,CCCCCCCCCCCCS(=O)(=O)OC,1.0,0.9434307,
tdc_skin_reaction,"Chemprop v2 (D-MPNN + Selected descriptors, ensemble=3)",Chemprop v2,train,254,CCCCCCCCCCCCCCCCS(=O)(=O)OC,1.0,0.96449393,
tdc_skin_reaction,"Chemprop v2 (D-MPNN + Selected descriptors, ensemble=3)",Chemprop v2,train,255,COS(C)(=O)=O,1.0,0.89355564,
tdc_skin_reaction,"Chemprop v2 (D-MPNN + Selected descriptors, ensemble=3)",Chemprop v2,train,256,COC(=O)C(C)=O,1.0,0.84849113,
tdc_skin_reaction,"Chemprop v2 (D-MPNN + Selected descriptors, ensemble=3)",Chemprop v2,train,257,CCCCCCCCCCCCCCCCC(CS(=O)(=O)O)C(=O)OC,1.0,0.8229072,
tdc_skin_reaction,"Chemprop v2 (D-MPNN + Selected descriptors, ensemble=3)",Chemprop v2,train,258,CCN(CC)CCN(Cc1ccc(-c2ccc(C(F)(F)F)cc2)cc1)C(=O)Cn1c(SCc2ccc(F)cc2)nc(=O)c2c1CCC2,1.0,0.49177086,
tdc_skin_reaction,"Chemprop v2 (D-MPNN + Selected descriptors, ensemble=3)",Chemprop v2,train,259,CCN(N=O)C(N)=O,1.0,0.86789083,
tdc_skin_reaction,"Chemprop v2 (D-MPNN + Selected descriptors, ensemble=3)",Chemprop v2,train,260,CC(C)N(C(=O)CNc1ccccc1Nc1ccccc1)c1ccccc1,1.0,0.66164964,
tdc_skin_reaction,"Chemprop v2 (D-MPNN + Selected descriptors, ensemble=3)",Chemprop v2,train,261,CN(N=O)C(N)=O,1.0,0.84936506,
tdc_skin_reaction,"Chemprop v2 (D-MPNN + Selected descriptors, ensemble=3)",Chemprop v2,train,262,CCCCCCCCC=CCCCCCCCCOS(C)(=O)=O,1.0,0.9866667,
tdc_skin_reaction,"Chemprop v2 (D-MPNN + Selected descriptors, ensemble=3)",Chemprop v2,train,263,COC1=CC=C2C3Cc4ccc(O)c5c4C2(CCN3C)C1O5,1.0,0.6870226,
tdc_skin_reaction,"Chemprop v2 (D-MPNN + Selected descriptors, ensemble=3)",Chemprop v2,train,264,O=C(O)C(=O)O,1.0,0.82360965,
tdc_skin_reaction,"Chemprop v2 (D-MPNN + Selected descriptors, ensemble=3)",Chemprop v2,train,265,O=c1[nH]cco1,1.0,0.88536876,
tdc_skin_reaction,"Chemprop v2 (D-MPNN + Selected descriptors, ensemble=3)",Chemprop v2,train,266,CC1(C)SC2C(NC(=O)Cc3ccccc3)C(=O)N2C1C(=O)O,1.0,0.7100296,
tdc_skin_reaction,"Chemprop v2 (D-MPNN + Selected descriptors, ensemble=3)",Chemprop v2,train,267,C=C(C)C1CC=C(C=O)CC1,1.0,0.8999021,
tdc_skin_reaction,"Chemprop v2 (D-MPNN + Selected descriptors, ensemble=3)",Chemprop v2,train,268,CC(C)(C)c1ccc(OCC2CO2)cc1,1.0,0.9377987,
tdc_skin_reaction,"Chemprop v2 (D-MPNN + Selected descriptors, ensemble=3)",Chemprop v2,train,269,c1ccncc1,1.0,0.82469463,
tdc_skin_reaction,"Chemprop v2 (D-MPNN + Selected descriptors, ensemble=3)",Chemprop v2,train,270,C=C(C)C1CC=C(C)C(=O)C1,1.0,0.9011061,
tdc_skin_reaction,"Chemprop v2 (D-MPNN + Selected descriptors, ensemble=3)",Chemprop v2,train,271,O=C(Oc1ccc([N+](=O)[O-])cc1)OC1COC2OCCC12,1.0,0.94353247,
tdc_skin_reaction,"Chemprop v2 (D-MPNN + Selected descriptors, ensemble=3)",Chemprop v2,train,272,CCOC(=S)S,1.0,0.79791707,
tdc_skin_reaction,"Chemprop v2 (D-MPNN + Selected descriptors, ensemble=3)",Chemprop v2,train,273,CCCCCCCCCCCC(=O)OC(C)C(=O)OC(C)C(=O)O,1.0,0.9288172,
tdc_skin_reaction,"Chemprop v2 (D-MPNN + Selected descriptors, ensemble=3)",Chemprop v2,train,274,CC(C)=CCCC(C)=CCCC(C)=CCCC=C(C)CCC=C(C)CCC=C(C)C,1.0,0.9354506,
tdc_skin_reaction,"Chemprop v2 (D-MPNN + Selected descriptors, ensemble=3)",Chemprop v2,train,275,CN(C)C(=S)SSC(=S)N(C)C,1.0,0.84411526,
tdc_skin_reaction,"Chemprop v2 (D-MPNN + Selected descriptors, ensemble=3)",Chemprop v2,train,276,C=CCCCCCCCCC=O,1.0,0.8969727,
tdc_skin_reaction,"Chemprop v2 (D-MPNN + Selected descriptors, ensemble=3)",Chemprop v2,train,277,C=Cc1ccncc1,1.0,0.68768317,
tdc_skin_reaction,"Chemprop v2 (D-MPNN + Selected descriptors, ensemble=3)",Chemprop v2,train,278,C[N+](C)(C)c1ccc2c(c1)C(=NNc1ccc(N)c([N+](=O)[O-])c1)C(=O)C=C2,0.0,0.078129366,
tdc_skin_reaction,"Chemprop v2 (D-MPNN + Selected descriptors, ensemble=3)",Chemprop v2,train,279,CCCCCCCCC(=O)O,0.0,0.88165027,
tdc_skin_reaction,"Chemprop v2 (D-MPNN + Selected descriptors, ensemble=3)",Chemprop v2,train,280,CNC1C(OC2C(OC3C(O)C(O)C(NC(=N)N)C(O)C3NC(=N)N)OC(C)C2(O)C=O)OC(CO)C(O)C1O,0.0,0.016409429,
tdc_skin_reaction,"Chemprop v2 (D-MPNN + Selected descriptors, ensemble=3)",Chemprop v2,train,281,O=C1OC(=O)C2CCCCC12,1.0,0.744721,
tdc_skin_reaction,"Chemprop v2 (D-MPNN + Selected descriptors, ensemble=3)",Chemprop v2,train,282,Cc1cc(=O)n(-c2ccccc2)[nH]1,1.0,0.94842386,
tdc_skin_reaction,"Chemprop v2 (D-MPNN + Selected descriptors, ensemble=3)",Chemprop v2,train,283,O=C(OOC(=O)c1ccccc1)c1ccccc1,1.0,0.8252113,
tdc_skin_reaction,"Chemprop v2 (D-MPNN + Selected descriptors, ensemble=3)",Chemprop v2,train,284,O=c1c(-c2ccccc2)c1-c1ccccc1,1.0,0.8864093,
tdc_skin_reaction,"Chemprop v2 (D-MPNN + Selected descriptors, ensemble=3)",Chemprop v2,train,285,Nc1ccc(N)c2c1C(=O)c1ccccc1C2=O,1.0,0.89022255,
tdc_skin_reaction,"Chemprop v2 (D-MPNN + Selected descriptors, ensemble=3)",Chemprop v2,train,286,O=C1C=CC(=O)O1,1.0,0.9404889,
tdc_skin_reaction,"Chemprop v2 (D-MPNN + Selected descriptors, ensemble=3)",Chemprop v2,train,287,O=C1OC(=O)c2ccccc21,1.0,0.9403104,
tdc_skin_reaction,"Chemprop v2 (D-MPNN + Selected descriptors, ensemble=3)",Chemprop v2,train,288,O=c1c(O)c(O)c1=O,1.0,0.8545168,
tdc_skin_reaction,"Chemprop v2 (D-MPNN + Selected descriptors, ensemble=3)",Chemprop v2,test,0,CCOCc1cc(OC)c(B(O)O)c(OC)c1,0.0,0.4452269,
tdc_skin_reaction,"Chemprop v2 (D-MPNN + Selected descriptors, ensemble=3)",Chemprop v2,test,1,COc1cc(C(=O)CC(=O)C(C)(C)C)cc(OC)c1OC,0.0,0.14324063,
tdc_skin_reaction,"Chemprop v2 (D-MPNN + Selected descriptors, ensemble=3)",Chemprop v2,test,2,CNC(C)c1cc(C(F)(F)F)cc(C(F)(F)F)c1,0.0,0.7447999,
tdc_skin_reaction,"Chemprop v2 (D-MPNN + Selected descriptors, ensemble=3)",Chemprop v2,test,3,CCC(N)c1ccccc1,0.0,0.7088334,
tdc_skin_reaction,"Chemprop v2 (D-MPNN + Selected descriptors, ensemble=3)",Chemprop v2,test,4,O=C(O)C(=NOCc1ccccc1)C(=O)O,0.0,0.49117807,
tdc_skin_reaction,"Chemprop v2 (D-MPNN + Selected descriptors, ensemble=3)",Chemprop v2,test,5,CCCOc1ccc(Br)c(C(=O)O)c1,0.0,0.8357102,
tdc_skin_reaction,"Chemprop v2 (D-MPNN + Selected descriptors, ensemble=3)",Chemprop v2,test,6,NS(=O)(=O)c1cccc(CCCCOCCCCCCBr)c1,0.0,0.48804608,
tdc_skin_reaction,"Chemprop v2 (D-MPNN + Selected descriptors, ensemble=3)",Chemprop v2,test,7,COc1ccc(C=O)cc1O,0.0,0.91678745,
tdc_skin_reaction,"Chemprop v2 (D-MPNN + Selected descriptors, ensemble=3)",Chemprop v2,test,8,CCCOc1cccc(C(=O)O)c1,0.0,0.8112828,
tdc_skin_reaction,"Chemprop v2 (D-MPNN + Selected descriptors, ensemble=3)",Chemprop v2,test,9,O=C(O)c1ccc(O)cc1,0.0,0.90231127,
tdc_skin_reaction,"Chemprop v2 (D-MPNN + Selected descriptors, ensemble=3)",Chemprop v2,test,10,COc1ccc(C(C)=O)cc1,0.0,0.73129183,
tdc_skin_reaction,"Chemprop v2 (D-MPNN + Selected descriptors, ensemble=3)",Chemprop v2,test,11,Cc1ccc(N)cc1S(N)(=O)=O,0.0,0.7786007,
tdc_skin_reaction,"Chemprop v2 (D-MPNN + Selected descriptors, ensemble=3)",Chemprop v2,test,12,COc1cc(CC#N)c([N+](=O)[O-])cc1C(F)(F)F,0.0,0.35999265,
tdc_skin_reaction,"Chemprop v2 (D-MPNN + Selected descriptors, ensemble=3)",Chemprop v2,test,13,Nc1ccccc1C(=O)O,0.0,0.90896565,
tdc_skin_reaction,"Chemprop v2 (D-MPNN + Selected descriptors, ensemble=3)",Chemprop v2,test,14,O=Cc1ccccc1,0.0,0.8671463,
tdc_skin_reaction,"Chemprop v2 (D-MPNN + Selected descriptors, ensemble=3)",Chemprop v2,test,15,CCOC(=O)c1ccc(N)cc1,0.0,0.86313206,
tdc_skin_reaction,"Chemprop v2 (D-MPNN + Selected descriptors, ensemble=3)",Chemprop v2,test,16,Clc1ccccc1,0.0,0.8386782,
tdc_skin_reaction,"Chemprop v2 (D-MPNN + Selected descriptors, ensemble=3)",Chemprop v2,test,17,CCOC(=O)c1ccccc1C(=O)OCC,0.0,0.94794726,
tdc_skin_reaction,"Chemprop v2 (D-MPNN + Selected descriptors, ensemble=3)",Chemprop v2,test,18,CCOC(=O)CC(=O)c1ccccc1,0.0,0.5202662,
tdc_skin_reaction,"Chemprop v2 (D-MPNN + Selected descriptors, ensemble=3)",Chemprop v2,test,19,CCOc1cc(C=O)ccc1O,0.0,0.7447002,
tdc_skin_reaction,"Chemprop v2 (D-MPNN + Selected descriptors, ensemble=3)",Chemprop v2,test,20,C=CCc1ccc(O)c(OC(C)C)c1,0.0,0.1563253,
tdc_skin_reaction,"Chemprop v2 (D-MPNN + Selected descriptors, ensemble=3)",Chemprop v2,test,21,CCC(=O)c1cccc(Cl)c1,0.0,0.32098183,
tdc_skin_reaction,"Chemprop v2 (D-MPNN + Selected descriptors, ensemble=3)",Chemprop v2,test,22,COC(=O)c1ccc(O)cc1,0.0,0.9134075,
tdc_skin_reaction,"Chemprop v2 (D-MPNN + Selected descriptors, ensemble=3)",Chemprop v2,test,23,COC(=O)c1ccccc1O,0.0,0.91704106,
tdc_skin_reaction,"Chemprop v2 (D-MPNN + Selected descriptors, ensemble=3)",Chemprop v2,test,24,CCOC(=O)C(Cc1ccc(O)cc1)NC(=O)OC(C)(C)C,0.0,0.34667706,
tdc_skin_reaction,"Chemprop v2 (D-MPNN + Selected descriptors, ensemble=3)",Chemprop v2,test,25,CCCOC(=O)c1ccc(O)cc1,0.0,0.92596215,
tdc_skin_reaction,"Chemprop v2 (D-MPNN + Selected descriptors, ensemble=3)",Chemprop v2,test,26,O=C(O)c1ccccc1O,0.0,0.9067671,
tdc_skin_reaction,"Chemprop v2 (D-MPNN + Selected descriptors, ensemble=3)",Chemprop v2,test,27,Nc1ccc(S(N)(=O)=O)cc1,0.0,0.8093787,
tdc_skin_reaction,"Chemprop v2 (D-MPNN + Selected descriptors, ensemble=3)",Chemprop v2,test,28,Nc1ccc(S(=O)(=O)O)cc1,0.0,0.8543121,
tdc_skin_reaction,"Chemprop v2 (D-MPNN + Selected descriptors, ensemble=3)",Chemprop v2,test,29,CC(C)(C)OC(=O)c1cccc(N)c1,0.0,0.849988,
tdc_skin_reaction,"Chemprop v2 (D-MPNN + Selected descriptors, ensemble=3)",Chemprop v2,test,30,COc1cc(C=O)ccc1O,0.0,0.88609546,
tdc_skin_reaction,"Chemprop v2 (D-MPNN + Selected descriptors, ensemble=3)",Chemprop v2,test,31,CC=Cc1ccc(OC)cc1,1.0,0.74583167,
tdc_skin_reaction,"Chemprop v2 (D-MPNN + Selected descriptors, ensemble=3)",Chemprop v2,test,32,CCCCCC(=O)CC(=O)c1ccccc1,1.0,0.5262112,
tdc_skin_reaction,"Chemprop v2 (D-MPNN + Selected descriptors, ensemble=3)",Chemprop v2,test,33,CCc1ccc(CC)c(C(=O)CC(C)=O)c1,1.0,0.33660457,
tdc_skin_reaction,"Chemprop v2 (D-MPNN + Selected descriptors, ensemble=3)",Chemprop v2,test,34,CC(=O)CC(=O)c1cc(C)ccc1C,1.0,0.29071048,
tdc_skin_reaction,"Chemprop v2 (D-MPNN + Selected descriptors, ensemble=3)",Chemprop v2,test,35,O=[N+]([O-])c1ccc(Cl)c([N+](=O)[O-])c1,1.0,0.826044,
tdc_skin_reaction,"Chemprop v2 (D-MPNN + Selected descriptors, ensemble=3)",Chemprop v2,test,36,Nc1ccc(NCCO)c([N+](=O)[O-])c1,1.0,0.8071595,
tdc_skin_reaction,"Chemprop v2 (D-MPNN + Selected descriptors, ensemble=3)",Chemprop v2,test,37,Nc1ccc(OCCO)c(N)c1,1.0,0.91725945,
tdc_skin_reaction,"Chemprop v2 (D-MPNN + Selected descriptors, ensemble=3)",Chemprop v2,test,38,Nc1ccccc1O,1.0,0.8726542,
tdc_skin_reaction,"Chemprop v2 (D-MPNN + Selected descriptors, ensemble=3)",Chemprop v2,test,39,O=Cc1cc(O)ccc1Br,1.0,0.90874094,
tdc_skin_reaction,"Chemprop v2 (D-MPNN + Selected descriptors, ensemble=3)",Chemprop v2,test,40,COc1cc(C)ccc1O,1.0,0.8673835,
tdc_skin_reaction,"Chemprop v2 (D-MPNN + Selected descriptors, ensemble=3)",Chemprop v2,test,41,Nc1ccc(N)c([N+](=O)[O-])c1,1.0,0.77851534,
tdc_skin_reaction,"Chemprop v2 (D-MPNN + Selected descriptors, ensemble=3)",Chemprop v2,test,42,CCCCCCCCC(=O)NCCC(CCC(=O)O)c1ccccc1S(=O)(=O)O,1.0,0.41865435,
tdc_skin_reaction,"Chemprop v2 (D-MPNN + Selected descriptors, ensemble=3)",Chemprop v2,test,43,Nc1ccc(Cl)c(Cl)c1,1.0,0.89314336,
tdc_skin_reaction,"Chemprop v2 (D-MPNN + Selected descriptors, ensemble=3)",Chemprop v2,test,44,C=CCc1cc(C)c(OC)c(O)c1,1.0,0.224124,
tdc_skin_reaction,"Chemprop v2 (D-MPNN + Selected descriptors, ensemble=3)",Chemprop v2,test,45,O=C(CC(=O)C(F)(F)F)c1ccccc1,1.0,0.43708673,
tdc_skin_reaction,"Chemprop v2 (D-MPNN + Selected descriptors, ensemble=3)",Chemprop v2,test,46,C=CCc1ccc(OC)cc1,1.0,0.17912608,
tdc_skin_reaction,"Chemprop v2 (D-MPNN + Selected descriptors, ensemble=3)",Chemprop v2,test,47,CNc1ccc(O)cc1,1.0,0.8776192,
tdc_skin_reaction,"Chemprop v2 (D-MPNN + Selected descriptors, ensemble=3)",Chemprop v2,test,48,Nc1ccc(N)cc1,1.0,0.8701482,
tdc_skin_reaction,"Chemprop v2 (D-MPNN + Selected descriptors, ensemble=3)",Chemprop v2,test,49,Cc1ccc(N)cc1O,1.0,0.8204243,
tdc_skin_reaction,"Chemprop v2 (D-MPNN + Selected descriptors, ensemble=3)",Chemprop v2,test,50,C=CCc1cc(OC)c(O)cc1C,1.0,0.18047905,
tdc_skin_reaction,"Chemprop v2 (D-MPNN + Selected descriptors, ensemble=3)",Chemprop v2,test,51,C=CCc1cc(C)c(O)c(OC)c1,1.0,0.18072057,
tdc_skin_reaction,"Chemprop v2 (D-MPNN + Selected descriptors, ensemble=3)",Chemprop v2,test,52,CC=Cc1cc(C)c(O)c(OC)c1,1.0,0.81869316,
tdc_skin_reaction,"Chemprop v2 (D-MPNN + Selected descriptors, ensemble=3)",Chemprop v2,test,53,CCCCCC(C=O)=Cc1ccccc1,1.0,0.850869,
tdc_skin_reaction,"Chemprop v2 (D-MPNN + Selected descriptors, ensemble=3)",Chemprop v2,test,54,CCCCC(C=O)=Cc1ccccc1,1.0,0.83574206,
tdc_skin_reaction,"Chemprop v2 (D-MPNN + Selected descriptors, ensemble=3)",Chemprop v2,test,55,CCCCCCC(C=O)=Cc1ccccc1,1.0,0.86490124,
tdc_skin_reaction,"Chemprop v2 (D-MPNN + Selected descriptors, ensemble=3)",Chemprop v2,test,56,CC(C=O)=Cc1ccccc1,1.0,0.91257316,
tdc_skin_reaction,"Chemprop v2 (D-MPNN + Selected descriptors, ensemble=3)",Chemprop v2,test,57,CC(C=O)c1ccccc1,1.0,0.81096023,
tdc_skin_reaction,"Chemprop v2 (D-MPNN + Selected descriptors, ensemble=3)",Chemprop v2,test,58,Nc1ccccc1,1.0,0.8419637,
tdc_skin_reaction,"Chemprop v2 (D-MPNN + Selected descriptors, ensemble=3)",Chemprop v2,test,59,BrCc1ccccc1,1.0,0.8366468,
tdc_skin_reaction,"Chemprop v2 (D-MPNN + Selected descriptors, ensemble=3)",Chemprop v2,test,60,CC(=O)C=Cc1ccccc1,1.0,0.8630769,
tdc_skin_reaction,"Chemprop v2 (D-MPNN + Selected descriptors, ensemble=3)",Chemprop v2,test,61,OCC=Cc1ccccc1,1.0,0.8917597,
tdc_skin_reaction,"Chemprop v2 (D-MPNN + Selected descriptors, ensemble=3)",Chemprop v2,test,62,O=CC=Cc1ccccc1,1.0,0.89920443,
tdc_skin_reaction,"Chemprop v2 (D-MPNN + Selected descriptors, ensemble=3)",Chemprop v2,test,63,CC(C=O)Cc1ccc(C(C)C)cc1,1.0,0.78035563,
tdc_skin_reaction,"Chemprop v2 (D-MPNN + Selected descriptors, ensemble=3)",Chemprop v2,test,64,CCCc1ccc(O)c(OC)c1,1.0,0.66891146,
tdc_skin_reaction,"Chemprop v2 (D-MPNN + Selected descriptors, ensemble=3)",Chemprop v2,test,65,CC=CC(=O)Oc1c(C(C)CCCCCC)cc([N+](=O)[O-])cc1[N+](=O)[O-],1.0,0.87774307,
tdc_skin_reaction,"Chemprop v2 (D-MPNN + Selected descriptors, ensemble=3)",Chemprop v2,test,66,C=CCc1ccc(O)c(OC)c1,1.0,0.17037766,
tdc_skin_reaction,"Chemprop v2 (D-MPNN + Selected descriptors, ensemble=3)",Chemprop v2,test,67,CC=Cc1ccc(O)c(OC)c1,1.0,0.79493403,
tdc_skin_reaction,"Chemprop v2 (D-MPNN + Selected descriptors, ensemble=3)",Chemprop v2,test,68,CC=Cc1ccc(O)c(OC(C)C)c1,1.0,0.78843564,
tdc_skin_reaction,"Chemprop v2 (D-MPNN + Selected descriptors, ensemble=3)",Chemprop v2,test,69,CCCCCCCCCCCCOC(=O)c1cc(O)c(O)c(O)c1,1.0,0.9280856,
tdc_skin_reaction,"Chemprop v2 (D-MPNN + Selected descriptors, ensemble=3)",Chemprop v2,test,70,CNc1cccc(NC)c1,1.0,0.8908666,
tdc_skin_reaction,"Chemprop v2 (D-MPNN + Selected descriptors, ensemble=3)",Chemprop v2,test,71,COc1ccc(NC(=O)CC(C)=O)cc1,1.0,0.7846713,
tdc_skin_reaction,"Chemprop v2 (D-MPNN + Selected descriptors, ensemble=3)",Chemprop v2,test,72,Oc1cccc(O)c1,1.0,0.8268698,
tdc_skin_reaction,"Chemprop v2 (D-MPNN + Selected descriptors, ensemble=3)",Chemprop v2,test,73,COc1ccc(C=O)cc1OC,1.0,0.70594245,
tdc_skin_reaction,"Chemprop v2 (D-MPNN + Selected descriptors, ensemble=3)",Chemprop v2,test,74,O=Cc1cc(O)ccc1C=C(CC(=O)O)C(=O)O,1.0,0.19091992,
tdc_skin_reaction,"Chemprop v2 (D-MPNN + Selected descriptors, ensemble=3)",Chemprop v2,test,75,CC(=O)CC(=O)c1cc(C)c(C)c(C)c1C,1.0,0.34967217,
tdc_skin_reaction,"Chemprop v2 (D-MPNN + Selected descriptors, ensemble=3)",Chemprop v2,test,76,CCC(=O)C=Cc1ccc(OC)cc1,1.0,0.7098193,
tdc_skin_reaction,"Chemprop v2 (D-MPNN + Selected descriptors, ensemble=3)",Chemprop v2,test,77,Oc1ccc(O)cc1,1.0,0.86336106,
tdc_skin_reaction,"Chemprop v2 (D-MPNN + Selected descriptors, ensemble=3)",Chemprop v2,test,78,CC(=O)C(=O)c1ccccc1,1.0,0.8597761,
tdc_skin_reaction,"Chemprop v2 (D-MPNN + Selected descriptors, ensemble=3)",Chemprop v2,test,79,CC(=O)C(C)C(=O)c1ccccc1,1.0,0.71047455,
tdc_skin_reaction,"Chemprop v2 (D-MPNN + Selected descriptors, ensemble=3)",Chemprop v2,test,80,O=[N+]([O-])c1ccc(S(=O)(=O)O)c([N+](=O)[O-])c1,1.0,0.8501436,
tdc_skin_reaction,"Chemprop v2 (D-MPNN + Selected descriptors, ensemble=3)",Chemprop v2,test,81,Cc1cc(N)ccc1N,1.0,0.8937338,
tdc_skin_reaction,"Chemprop v2 (D-MPNN + Selected descriptors, ensemble=3)",Chemprop v2,test,82,Nc1cc([N+](=O)[O-])cc(Cl)c1O,1.0,0.86346954,
tdc_skin_reaction,"Chemprop v2 (D-MPNN + Selected descriptors, ensemble=3)",Chemprop v2,test,83,Cc1ccc(NCCO)cc1O,1.0,0.70164996,
tdc_skin_reaction,"Chemprop v2 (D-MPNN + Selected descriptors, ensemble=3)",Chemprop v2,test,84,Nc1cccc(O)c1,1.0,0.868242,
tdc_skin_reaction,"Chemprop v2 (D-MPNN + Selected descriptors, ensemble=3)",Chemprop v2,test,85,O=C(Cl)c1ccc(F)c(Cl)c1,1.0,0.82013804,
tdc_skin_reaction,"Chemprop v2 (D-MPNN + Selected descriptors, ensemble=3)",Chemprop v2,test,86,CCOC(=O)CC(=O)c1cc(C)c(C)c(C)c1C,1.0,0.4354237,
tdc_skin_reaction,"Chemprop v2 (D-MPNN + Selected descriptors, ensemble=3)",Chemprop v2,test,87,CC=Cc1ccc(O)c(OC)c1C,1.0,0.79232615,
tdc_skin_reaction,"Chemprop v2 (D-MPNN + Selected descriptors, ensemble=3)",Chemprop v2,test,88,Nc1cccc(N)c1,1.0,0.87151915,
tdc_skin_reaction,"Chemprop v2 (D-MPNN + Selected descriptors, ensemble=3)",Chemprop v2,test,89,CCOC(=O)c1ccc(CBr)cc1,1.0,0.91025376,
tdc_skin_reaction,"Chemprop v2 (D-MPNN + Selected descriptors, ensemble=3)",Chemprop v2,test,90,CCN(CCNS(C)(=O)=O)c1ccc(N)c(C)c1,1.0,0.8242135,
tdc_skin_reaction,"Chemprop v2 (D-MPNN + Selected descriptors, ensemble=3)",Chemprop v2,test,91,N#CSc1ccc(N)c([N+](=O)[O-])c1,1.0,0.3175765,
tdc_skin_reaction,"Chemprop v2 (D-MPNN + Selected descriptors, ensemble=3)",Chemprop v2,test,92,O=[N+]([O-])c1ccc(CBr)cc1,1.0,0.83556587,
tdc_skin_reaction,"Chemprop v2 (D-MPNN + Selected descriptors, ensemble=3)",Chemprop v2,test,93,CC(C)CC=C(C=O)c1ccccc1,1.0,0.8964777,
tdc_skin_reaction,"Chemprop v2 (D-MPNN + Selected descriptors, ensemble=3)",Chemprop v2,test,94,CCCCCCCCCCCCCC[N+](C)(C)Cc1ccccc1,1.0,0.9754009,
tdc_skin_reaction,"Chemprop v2 (D-MPNN + Selected descriptors, ensemble=3)",Chemprop v2,test,95,N#Cc1c(Cl)c(Cl)c(Cl)c(C#N)c1Cl,1.0,0.91974336,
tdc_skin_reaction,"Chemprop v2 (D-MPNN + Selected descriptors, ensemble=3)",Chemprop v2,test,96,CCCc1ccc(OC)c(O)c1,1.0,0.7404213,
tdc_skin_reaction,"Chemprop v2 (D-MPNN + Selected descriptors, ensemble=3)",Chemprop v2,test,97,CCOC(=O)c1ccc(I)cc1,1.0,0.85103244,
tdc_skin_reaction,"Chemprop v2 (D-MPNN + Selected descriptors, ensemble=3)",Chemprop v2,test,98,CC=Cc1ccc(OC(C)C)c(OC)c1,1.0,0.8309965,
tdc_skin_reaction,"Chemprop v2 (D-MPNN + Selected descriptors, ensemble=3)",Chemprop v2,test,99,COC(=O)c1ccc(CBr)cc1,1.0,0.9044182,
tdc_skin_reaction,"Chemprop v2 (D-MPNN + Selected descriptors, ensemble=3)",Chemprop v2,test,100,NCc1cccc(CN)c1,1.0,0.69210404,
tdc_skin_reaction,"Chemprop v2 (D-MPNN + Selected descriptors, ensemble=3)",Chemprop v2,test,101,CC(C)N(C(=N)N)C(=N)Nc1ccc(Cl)c(Cl)c1,1.0,0.7940035,
tdc_skin_reaction,"Chemprop v2 (D-MPNN + Selected descriptors, ensemble=3)",Chemprop v2,test,102,Oc1c(Cl)c(Cl)c(Cl)c(Cl)c1Cl,1.0,0.9122305,
tdc_skin_reaction,"Chemprop v2 (D-MPNN + Selected descriptors, ensemble=3)",Chemprop v2,test,103,O=CCc1ccccc1,1.0,0.8742934,
tdc_skin_reaction,"Chemprop v2 (D-MPNN + Selected descriptors, ensemble=3)",Chemprop v2,test,104,Cc1ccc(CCC=O)cc1,1.0,0.84006244,
tdc_skin_reaction,"Chemprop v2 (D-MPNN + Selected descriptors, ensemble=3)",Chemprop v2,test,105,CC(C=O)Cc1ccc(C(C)(C)C)cc1,1.0,0.80297804,
tdc_skin_reaction,"Chemprop v2 (D-MPNN + Selected descriptors, ensemble=3)",Chemprop v2,test,106,CC(CC(=O)Oc1ccc(S(=O)(=O)O)cc1)CC(C)(C)C,1.0,0.9027867,
tdc_skin_reaction,"Chemprop v2 (D-MPNN + Selected descriptors, ensemble=3)",Chemprop v2,test,107,CCCN(CCC)c1c([N+](=O)[O-])cc(C(F)(F)F)cc1[N+](=O)[O-],1.0,0.7989662,
tdc_skin_reaction,"Chemprop v2 (D-MPNN + Selected descriptors, ensemble=3)",Chemprop v2,test,108,CCOC(=O)C(C)(C)Oc1ccc(Cl)cc1,0.0,0.94217616,
tdc_skin_reaction,"Chemprop v2 (D-MPNN + Selected descriptors, ensemble=3)",Chemprop v2,test,109,Cc1cccc(O)c1O,1.0,0.89212626,
tdc_skin_reaction,"Chemprop v2 (D-MPNN + Selected descriptors, ensemble=3)",Chemprop v2,test,110,Cc1cc(O)ccc1N,1.0,0.8912945,
tdc_skin_reaction,"Chemprop v2 (D-MPNN + Selected descriptors, ensemble=3)",Chemprop v2,test,111,O=C(O)Cc1ccc(C(=O)O)cc1,1.0,0.32329014,
tdc_skin_reaction,"Chemprop v2 (D-MPNN + Selected descriptors, ensemble=3)",Chemprop v2,test,112,Nc1ccc(N(CO)CCO)cc1[N+](=O)[O-],1.0,0.6553533,
tdc_skin_reaction,"Chemprop v2 (D-MPNN + Selected descriptors, ensemble=3)",Chemprop v2,test,113,CN(C)c1ccc(N=O)cc1,1.0,0.8923313,
tdc_skin_reaction,"Chemprop v2 (D-MPNN + Selected descriptors, ensemble=3)",Chemprop v2,test,114,CCCOC(=O)c1cc(O)c(O)c(O)c1,1.0,0.8281889,
tdc_skin_reaction,"Chemprop v2 (D-MPNN, ensemble=3)",Chemprop v2,oof,0,CC(=O)OCC(=O)C1(O)C(C)CC2C3CCC4=CC(=O)C=CC4(C)C3=CCC21C,0.0,0.5261221,88cdcb438761d8c5
tdc_skin_reaction,"Chemprop v2 (D-MPNN, ensemble=3)",Chemprop v2,oof,1,CCCOc1ccc(Br)c(C(=O)c2ccc(OC)cc2O)c1,0.0,0.51667005,88cdcb438761d8c5
tdc_skin_reaction,"Chemprop v2 (D-MPNN, ensemble=3)",Chemprop v2,oof,2,CC=C(C)C=O,0.0,0.50314754,88cdcb438761d8c5
tdc_skin_reaction,"Chemprop v2 (D-MPNN, ensemble=3)",Chemprop v2,oof,3,O=C1C([PH](c2ccccc2)(c2ccccc2)c2ccccc2)CCN1c1ccccc1,0.0,0.34158242,88cdcb438761d8c5
tdc_skin_reaction,"Chemprop v2 (D-MPNN, ensemble=3)",Chemprop v2,oof,4,C=C(C=CCC(C)C)CC,0.0,0.7477059,88cdcb438761d8c5
tdc_skin_reaction,"Chemprop v2 (D-MPNN, ensemble=3)",Chemprop v2,oof,5,C=CC1(C)CC(OC(=O)CSC2CC3CCC(C2)N3C)C2(C)C(C)CCC3(CCC(=O)C32)C(C)C1O,0.0,0.35485888,88cdcb438761d8c5
tdc_skin_reaction,"Chemprop v2 (D-MPNN, ensemble=3)",Chemprop v2,oof,6,CCCCc1ccc(C(=O)CC(=O)c2cc(C)c(C)c(C)c2C)cc1,0.0,0.4603928,88cdcb438761d8c5
tdc_skin_reaction,"Chemprop v2 (D-MPNN, ensemble=3)",Chemprop v2,oof,7,CC(C)(CC1Cc2ccccc2C1)NCC(O)COc1cc(CCC(=O)O)cc(F)c1F,0.0,0.4234116,88cdcb438761d8c5
tdc_skin_reaction,"Chemprop v2 (D-MPNN, ensemble=3)",Chemprop v2,oof,8,CCOc1ccc(C(=O)Cc2ccc(S(C)(=O)=O)cc2)cc1,0.0,0.46742502,88cdcb438761d8c5
tdc_skin_reaction,"Chemprop v2 (D-MPNN, ensemble=3)",Chemprop v2,oof,9,CC(C)(C)OC(=O)N1CC(F)CC1C(N)=O,0.0,0.778461,88cdcb438761d8c5
tdc_skin_reaction,"Chemprop v2 (D-MPNN, ensemble=3)",Chemprop v2,oof,10,CC(C)(C)OC(=O)N1CC(F)CC1C(=O)O,0.0,0.7118826,88cdcb438761d8c5
tdc_skin_reaction,"Chemprop v2 (D-MPNN, ensemble=3)",Chemprop v2,oof,11,Cc1nc(COc2ccc(CC(NC(=O)OC(C)(C)C)C3CO3)cc2)cs1,0.0,0.39355886,88cdcb438761d8c5
tdc_skin_reaction,"Chemprop v2 (D-MPNN, ensemble=3)",Chemprop v2,oof,12,CC(C)(C)OC(=O)NC(C(=O)N1CC(F)CC1C#N)C(c1ccc(F)cc1)c1ccc(F)cc1,0.0,0.47511384,88cdcb438761d8c5
tdc_skin_reaction,"Chemprop v2 (D-MPNN, ensemble=3)",Chemprop v2,oof,13,O=c1[nH]c(=S)[nH]c2c1CCC2,0.0,0.508696,88cdcb438761d8c5
tdc_skin_reaction,"Chemprop v2 (D-MPNN, ensemble=3)",Chemprop v2,oof,14,Cc1ccc(C)c(C(=O)CC(=O)c2cc(C)ccc2C)c1,0.0,0.44942608,88cdcb438761d8c5
tdc_skin_reaction,"Chemprop v2 (D-MPNN, ensemble=3)",Chemprop v2,oof,15,CC1C(c2ccccc2)NC(=O)N1C,0.0,0.4638439,88cdcb438761d8c5
tdc_skin_reaction,"Chemprop v2 (D-MPNN, ensemble=3)",Chemprop v2,oof,16,CCCOc1ccc2c(c1)C(O)(c1ccc(OC)cc1OCc1ccccc1)C(C(=O)N1C(=O)N(C)C(C)C1c1ccccc1)C2c1ccc2c(c1)OCO2,0.0,0.5358191,88cdcb438761d8c5
tdc_skin_reaction,"Chemprop v2 (D-MPNN, ensemble=3)",Chemprop v2,oof,17,N#CC1CC(F)CN1C(=O)C(N)C(c1ccc(F)cc1)c1ccc(F)cc1,0.0,0.40948474,88cdcb438761d8c5
tdc_skin_reaction,"Chemprop v2 (D-MPNN, ensemble=3)",Chemprop v2,oof,18,CCCOc1ccc(C=CC(=O)N2C(=O)N(C)C(C)C2c2ccccc2)c(C(=O)c2ccc(OC)cc2OCc2ccccc2)c1,0.0,0.3386954,88cdcb438761d8c5
tdc_skin_reaction,"Chemprop v2 (D-MPNN, ensemble=3)",Chemprop v2,oof,19,COc1ccc(C2(C#N)CCC(=O)CC2)cc1OC1CCCC1,0.0,0.43395445,88cdcb438761d8c5
tdc_skin_reaction,"Chemprop v2 (D-MPNN, ensemble=3)",Chemprop v2,oof,20,CC(=O)c1ccc(Cc2ccc(F)cc2)o1,0.0,0.474678,88cdcb438761d8c5
tdc_skin_reaction,"Chemprop v2 (D-MPNN, ensemble=3)",Chemprop v2,oof,21,CCOc1ccc(-c2nn3ncccc3c2-c2ccc(S(C)(=O)=O)cc2)cc1,0.0,0.49060687,88cdcb438761d8c5
tdc_skin_reaction,"Chemprop v2 (D-MPNN, ensemble=3)",Chemprop v2,oof,22,CC(=O)CCCN1C(=O)c2ccccc2C1=O,0.0,0.51459664,88cdcb438761d8c5
tdc_skin_reaction,"Chemprop v2 (D-MPNN, ensemble=3)",Chemprop v2,oof,23,CC(C)(C)N(Cc1ccccc1)CC(O)c1ccc(O)c(CO)c1,0.0,0.5862313,88cdcb438761d8c5
tdc_skin_reaction,"Chemprop v2 (D-MPNN, ensemble=3)",Chemprop v2,oof,24,Cc1nc(COc2ccc(CC(NC(=O)OC3COC4OCCC34)C(O)CN(CC(C)C)S(=O)(=O)c3ccc4c(c3)OCO4)cc2)cs1,0.0,0.44499207,88cdcb438761d8c5
tdc_skin_reaction,"Chemprop v2 (D-MPNN, ensemble=3)",Chemprop v2,oof,25,CC(C)N(C(=O)Cn1c(=O)c(=NOCc2ccccc2)c(=O)n(-c2ccccc2)c2ccccc21)c1ccccc1,0.0,0.52597255,88cdcb438761d8c5
tdc_skin_reaction,"Chemprop v2 (D-MPNN, ensemble=3)",Chemprop v2,oof,26,Cc1c2ccc(N)cc2nn1C,0.0,0.4660077,88cdcb438761d8c5
tdc_skin_reaction,"Chemprop v2 (D-MPNN, ensemble=3)",Chemprop v2,oof,27,COc1cc(C)c2c(Oc3cccc(C(F)(F)F)c3)c(OC)cc(N)c2n1,0.0,0.30568805,88cdcb438761d8c5
tdc_skin_reaction,"Chemprop v2 (D-MPNN, ensemble=3)",Chemprop v2,oof,28,COc1cc(C)c2c(Oc3cccc(C(F)(F)F)c3)c(OC)cc(NC(C)CCCN3C(=O)c4ccccc4C3=O)c2n1,0.0,0.52872974,88cdcb438761d8c5
tdc_skin_reaction,"Chemprop v2 (D-MPNN, ensemble=3)",Chemprop v2,oof,29,CC(=O)C1CCCCC1=O,0.0,0.6414346,88cdcb438761d8c5
tdc_skin_reaction,"Chemprop v2 (D-MPNN, ensemble=3)",Chemprop v2,oof,30,CS(=O)(=O)CCN,0.0,0.7742236,88cdcb438761d8c5
tdc_skin_reaction,"Chemprop v2 (D-MPNN, ensemble=3)",Chemprop v2,oof,31,COc1ccc2nc(Cl)cc(C)c2c1,0.0,0.44109857,88cdcb438761d8c5
tdc_skin_reaction,"Chemprop v2 (D-MPNN, ensemble=3)",Chemprop v2,oof,32,C=C(C)C(=O)OCC(C)O,0.0,0.6573134,88cdcb438761d8c5
tdc_skin_reaction,"Chemprop v2 (D-MPNN, ensemble=3)",Chemprop v2,oof,33,CCC(C)C1C(=O)NC(C2Cc3ccccc3C2)C(=O)N1C(C(=O)N1CCOCC1)c1coc(C)n1,0.0,0.5276082,88cdcb438761d8c5
tdc_skin_reaction,"Chemprop v2 (D-MPNN, ensemble=3)",Chemprop v2,oof,34,CC(C)N(C(=O)CN1C(=O)C(N)C(=O)N(c2ccccc2)c2ccccc21)c1ccccc1,0.0,0.515094,88cdcb438761d8c5
tdc_skin_reaction,"Chemprop v2 (D-MPNN, ensemble=3)",Chemprop v2,oof,35,O=C(O)c1c(O)c(-c2ccccc2)nc2ccccc12,0.0,0.3723359,88cdcb438761d8c5
tdc_skin_reaction,"Chemprop v2 (D-MPNN, ensemble=3)",Chemprop v2,oof,36,CC1C=CC(C(C)C)CC1,0.0,0.62282246,88cdcb438761d8c5
tdc_skin_reaction,"Chemprop v2 (D-MPNN, ensemble=3)",Chemprop v2,oof,37,O=Cc1ccc(-c2ccc(C(F)(F)F)cc2)cc1,0.0,0.5143732,88cdcb438761d8c5
tdc_skin_reaction,"Chemprop v2 (D-MPNN, ensemble=3)",Chemprop v2,oof,38,CCCCN1C(=O)C(C(O)C2CCCCC2)NC(=O)C12CCN(Cc1ccc(Oc3ccc(C(=O)O)cc3)cc1)CC2,0.0,0.29316238,88cdcb438761d8c5
tdc_skin_reaction,"Chemprop v2 (D-MPNN, ensemble=3)",Chemprop v2,oof,39,COc1ccc(C2(C#N)CCC(C(=O)O)CC2)cc1OC1CCCC1,0.0,0.52119446,88cdcb438761d8c5
tdc_skin_reaction,"Chemprop v2 (D-MPNN, ensemble=3)",Chemprop v2,oof,40,NC(=O)C1CC(F)CN1,0.0,0.68298,88cdcb438761d8c5
tdc_skin_reaction,"Chemprop v2 (D-MPNN, ensemble=3)",Chemprop v2,oof,41,C=C1CC(C(=C)C)CCC1C,0.0,0.6032361,88cdcb438761d8c5
tdc_skin_reaction,"Chemprop v2 (D-MPNN, ensemble=3)",Chemprop v2,oof,42,C=C1CCC(C(C)C)CC1,0.0,0.6184819,88cdcb438761d8c5
tdc_skin_reaction,"Chemprop v2 (D-MPNN, ensemble=3)",Chemprop v2,oof,43,Cc1ccc(Nc2nccc(N(C)c3ccc4c(C)n(C)nc4c3)n2)cc1S(N)(=O)=O,0.0,0.36909246,88cdcb438761d8c5
tdc_skin_reaction,"Chemprop v2 (D-MPNN, ensemble=3)",Chemprop v2,oof,44,COc1cc(C)c2c(Cl)c(OC)ccc2n1,0.0,0.40941584,88cdcb438761d8c5
tdc_skin_reaction,"Chemprop v2 (D-MPNN, ensemble=3)",Chemprop v2,oof,45,Cc1cc2c(cc1C(F)(F)F)NCC2,0.0,0.42744112,88cdcb438761d8c5
tdc_skin_reaction,"Chemprop v2 (D-MPNN, ensemble=3)",Chemprop v2,oof,46,OCCCCCCCl,0.0,0.7787876,88cdcb438761d8c5
tdc_skin_reaction,"Chemprop v2 (D-MPNN, ensemble=3)",Chemprop v2,oof,47,C=CC1(C)CC(OC(=O)CO)C2(C)C(C)CCC3(CCC(=O)C32)C(C)C1O,0.0,0.26475027,88cdcb438761d8c5
tdc_skin_reaction,"Chemprop v2 (D-MPNN, ensemble=3)",Chemprop v2,oof,48,O=c1[nH]cnc2ccc(I)cc12,0.0,0.5127473,88cdcb438761d8c5
tdc_skin_reaction,"Chemprop v2 (D-MPNN, ensemble=3)",Chemprop v2,oof,49,COc1ccc2[nH]c(=O)cc(C)c2c1,0.0,0.4516463,88cdcb438761d8c5
tdc_skin_reaction,"Chemprop v2 (D-MPNN, ensemble=3)",Chemprop v2,oof,50,COc1cc(N)c2nccc(C)c2c1,0.0,0.43785957,88cdcb438761d8c5
tdc_skin_reaction,"Chemprop v2 (D-MPNN, ensemble=3)",Chemprop v2,oof,51,Cc1ccc2oc(=O)ccc2c1,0.0,0.50487155,88cdcb438761d8c5
tdc_skin_reaction,"Chemprop v2 (D-MPNN, ensemble=3)",Chemprop v2,oof,52,COc1ccc(Nc2ccc(CCNCC(O)c3ccc(O)c4[nH]c(=O)ccc34)cc2)cc1-c1ccccc1,0.0,0.41383886,88cdcb438761d8c5
tdc_skin_reaction,"Chemprop v2 (D-MPNN, ensemble=3)",Chemprop v2,oof,53,O=C(O)CCCCC(=O)O,0.0,0.66930073,88cdcb438761d8c5
tdc_skin_reaction,"Chemprop v2 (D-MPNN, ensemble=3)",Chemprop v2,oof,54,CCNc1nc(Cl)nc(NC(C)C)n1,0.0,0.51093477,88cdcb438761d8c5
tdc_skin_reaction,"Chemprop v2 (D-MPNN, ensemble=3)",Chemprop v2,oof,55,CCCCBr,0.0,0.70887876,88cdcb438761d8c5
tdc_skin_reaction,"Chemprop v2 (D-MPNN, ensemble=3)",Chemprop v2,oof,56,CCCCCCCCCBr,0.0,0.5082038,88cdcb438761d8c5
tdc_skin_reaction,"Chemprop v2 (D-MPNN, ensemble=3)",Chemprop v2,oof,57,C=C1CC=C(C(C)C)CC1,0.0,0.69186735,88cdcb438761d8c5
tdc_skin_reaction,"Chemprop v2 (D-MPNN, ensemble=3)",Chemprop v2,oof,58,CCCCO,0.0,0.50244856,88cdcb438761d8c5
tdc_skin_reaction,"Chemprop v2 (D-MPNN, ensemble=3)",Chemprop v2,oof,59,CCCCCCCCCCl,0.0,0.50816983,88cdcb438761d8c5
tdc_skin_reaction,"Chemprop v2 (D-MPNN, ensemble=3)",Chemprop v2,oof,60,CCC1OC(=O)C(C)C(OC2CC(C)(OC)C(O)C(C)O2)C(C)C(OC2OC(C)CC(N(C)C)C2O)C(C)(OC)CC(C)C(=O)C(C)C(O)C1(C)O,0.0,0.53961664,88cdcb438761d8c5
tdc_skin_reaction,"Chemprop v2 (D-MPNN, ensemble=3)",Chemprop v2,oof,61,O=c1ccc2ccccc2o1,0.0,0.51446027,88cdcb438761d8c5
tdc_skin_reaction,"Chemprop v2 (D-MPNN, ensemble=3)",Chemprop v2,oof,62,Nc1cc[nH]c(=O)n1,0.0,0.5145281,88cdcb438761d8c5
tdc_skin_reaction,"Chemprop v2 (D-MPNN, ensemble=3)",Chemprop v2,oof,63,COC(=O)CCC(C#N)(CCC(=O)OC)c1ccc(OC)c(OC2CCCC2)c1,0.0,0.45505342,88cdcb438761d8c5
tdc_skin_reaction,"Chemprop v2 (D-MPNN, ensemble=3)",Chemprop v2,oof,64,COC(=O)OC,0.0,0.65505487,88cdcb438761d8c5
tdc_skin_reaction,"Chemprop v2 (D-MPNN, ensemble=3)",Chemprop v2,oof,65,CCOC(=O)C(=NOC(C)(C)C(=O)OC(C)(C)C)c1csc(NC(c2ccccc2)(c2ccccc2)c2ccccc2)n1,0.0,0.5287671,88cdcb438761d8c5
tdc_skin_reaction,"Chemprop v2 (D-MPNN, ensemble=3)",Chemprop v2,oof,66,CCOC(=O)c1nnc[nH]1,0.0,0.5566756,88cdcb438761d8c5
tdc_skin_reaction,"Chemprop v2 (D-MPNN, ensemble=3)",Chemprop v2,oof,67,CCOC(=O)CC(=O)c1cc(F)c(Cl)nc1Cl,0.0,0.6190995,88cdcb438761d8c5
tdc_skin_reaction,"Chemprop v2 (D-MPNN, ensemble=3)",Chemprop v2,oof,68,O=C(O)C=CC(=O)O,0.0,0.5049427,88cdcb438761d8c5
tdc_skin_reaction,"Chemprop v2 (D-MPNN, ensemble=3)",Chemprop v2,oof,69,O=C(C(=O)c1ccco1)c1ccco1,0.0,0.511285,88cdcb438761d8c5
tdc_skin_reaction,"Chemprop v2 (D-MPNN, ensemble=3)",Chemprop v2,oof,70,OCC(O)CO,0.0,0.5827573,88cdcb438761d8c5
tdc_skin_reaction,"Chemprop v2 (D-MPNN, ensemble=3)",Chemprop v2,oof,71,CCCCCC,0.0,0.76126355,88cdcb438761d8c5
tdc_skin_reaction,"Chemprop v2 (D-MPNN, ensemble=3)",Chemprop v2,oof,72,CCCCCCI,0.0,0.7961758,88cdcb438761d8c5
tdc_skin_reaction,"Chemprop v2 (D-MPNN, ensemble=3)",Chemprop v2,oof,73,CCCCCCCCCCCCCCCCCCI,0.0,0.95134324,88cdcb438761d8c5
tdc_skin_reaction,"Chemprop v2 (D-MPNN, ensemble=3)",Chemprop v2,oof,74,CC(C)O,0.0,0.6542377,88cdcb438761d8c5
tdc_skin_reaction,"Chemprop v2 (D-MPNN, ensemble=3)",Chemprop v2,oof,75,CC(C)N(C#N)C#N,0.0,0.74135906,88cdcb438761d8c5
tdc_skin_reaction,"Chemprop v2 (D-MPNN, ensemble=3)",Chemprop v2,oof,76,NCC1OC(OC2C(N)CC(N)C(OC3OC(CO)C(O)C(N)C3O)C2O)C(O)C(O)C1O,0.0,0.32635388,88cdcb438761d8c5
tdc_skin_reaction,"Chemprop v2 (D-MPNN, ensemble=3)",Chemprop v2,oof,77,CC(O)C(=O)O,0.0,0.58000165,88cdcb438761d8c5
tdc_skin_reaction,"Chemprop v2 (D-MPNN, ensemble=3)",Chemprop v2,oof,78,Cc1c2ccc(Nc3ccnc(Cl)n3)cc2nn1C,0.0,0.45059976,88cdcb438761d8c5
tdc_skin_reaction,"Chemprop v2 (D-MPNN, ensemble=3)",Chemprop v2,oof,79,Cc1c2ccc(N(C)c3ccnc(Cl)n3)cc2nn1C,0.0,0.4373249,88cdcb438761d8c5
tdc_skin_reaction,"Chemprop v2 (D-MPNN, ensemble=3)",Chemprop v2,oof,80,CCCCN1CCC(CNC(=O)c2c3n(c4ccccc24)CCCO3)CC1,0.0,0.5233354,88cdcb438761d8c5
tdc_skin_reaction,"Chemprop v2 (D-MPNN, ensemble=3)",Chemprop v2,oof,81,CC(C)(C)OC(=O)NC(C(=O)O)C(c1ccc(F)cc1)c1ccc(F)cc1,0.0,0.40668508,88cdcb438761d8c5
tdc_skin_reaction,"Chemprop v2 (D-MPNN, ensemble=3)",Chemprop v2,oof,82,O=CNc1cc(C(O)CBr)ccc1OCc1ccccc1,0.0,0.42910013,88cdcb438761d8c5
tdc_skin_reaction,"Chemprop v2 (D-MPNN, ensemble=3)",Chemprop v2,oof,83,CCCCCCCC(=O)O,0.0,0.7928152,88cdcb438761d8c5
tdc_skin_reaction,"Chemprop v2 (D-MPNN, ensemble=3)",Chemprop v2,oof,84,CCOc1cc(Oc2ccc(C(F)(F)F)cc2Cl)ccc1[N+](=O)[O-],0.0,0.45236292,88cdcb438761d8c5
tdc_skin_reaction,"Chemprop v2 (D-MPNN, ensemble=3)",Chemprop v2,oof,85,C=CC(=O)OCC(CO)(COC(=O)C=C)COC(=O)C=C,0.0,0.5167752,88cdcb438761d8c5
tdc_skin_reaction,"Chemprop v2 (D-MPNN, ensemble=3)",Chemprop v2,oof,86,Cc1cc(F)ccc1C1CC(=O)C=CN1C(=O)OCc1ccccc1,0.0,0.39396107,88cdcb438761d8c5
tdc_skin_reaction,"Chemprop v2 (D-MPNN, ensemble=3)",Chemprop v2,oof,87,CC(O)CO,0.0,0.6402696,88cdcb438761d8c5
tdc_skin_reaction,"Chemprop v2 (D-MPNN, ensemble=3)",Chemprop v2,oof,88,Fc1ccc(Oc2ccnc3cc(Cl)cc(Cl)c23)cc1,0.0,0.3830398,88cdcb438761d8c5
tdc_skin_reaction,"Chemprop v2 (D-MPNN, ensemble=3)",Chemprop v2,oof,89,COC1C=COC2(C)Oc3c(C)c(O)c4c(O)c(cc(O)c4c3C2=O)NC(=O)C(C)=CC=CC(C)C(O)C(C)C(O)C(C)C(OC(C)=O)C1C,0.0,0.24444155,88cdcb438761d8c5
tdc_skin_reaction,"Chemprop v2 (D-MPNN, ensemble=3)",Chemprop v2,oof,90,O=C1NS(=O)(=O)c2ccccc21,0.0,0.5691659,88cdcb438761d8c5
tdc_skin_reaction,"Chemprop v2 (D-MPNN, ensemble=3)",Chemprop v2,oof,91,O=C(O)CCC(=O)O,0.0,0.6999143,88cdcb438761d8c5
tdc_skin_reaction,"Chemprop v2 (D-MPNN, ensemble=3)",Chemprop v2,oof,92,O=C(O)C(O)C(O)C(=O)O,0.0,0.55885863,88cdcb438761d8c5
tdc_skin_reaction,"Chemprop v2 (D-MPNN, ensemble=3)",Chemprop v2,oof,93,C=CC(=O)OCC(CC)(COC(=O)C=C)COC(=O)C=C,0.0,0.767494,88cdcb438761d8c5
tdc_skin_reaction,"Chemprop v2 (D-MPNN, ensemble=3)",Chemprop v2,oof,94,C=C(Cl)Cl,0.0,0.6875594,88cdcb438761d8c5
tdc_skin_reaction,"Chemprop v2 (D-MPNN, ensemble=3)",Chemprop v2,oof,95,CCCCCCCC=CC=O,1.0,0.8014845,88cdcb438761d8c5
tdc_skin_reaction,"Chemprop v2 (D-MPNN, ensemble=3)",Chemprop v2,oof,96,O=c1[nH]sc2ccccc12,1.0,0.524956,88cdcb438761d8c5
tdc_skin_reaction,"Chemprop v2 (D-MPNN, ensemble=3)",Chemprop v2,oof,97,N#CCCC(Br)(C#N)CBr,1.0,0.507531,88cdcb438761d8c5
tdc_skin_reaction,"Chemprop v2 (D-MPNN, ensemble=3)",Chemprop v2,oof,98,C=CC(=O)N1C(=O)N(C)C(C)C1c1ccccc1,1.0,0.44008338,88cdcb438761d8c5
tdc_skin_reaction,"Chemprop v2 (D-MPNN, ensemble=3)",Chemprop v2,oof,99,C(CCCOCC1CO1)CCOCC1CO1,1.0,0.6543968,88cdcb438761d8c5
tdc_skin_reaction,"Chemprop v2 (D-MPNN, ensemble=3)",Chemprop v2,oof,100,OCCCCCCCCCCCCBr,1.0,0.86980313,88cdcb438761d8c5
tdc_skin_reaction,"Chemprop v2 (D-MPNN, ensemble=3)",Chemprop v2,oof,101,O=C1C=CC2(O)C3Cc4ccc(O)c5c4C2(CCN3)C1O5,1.0,0.33938614,88cdcb438761d8c5
tdc_skin_reaction,"Chemprop v2 (D-MPNN, ensemble=3)",Chemprop v2,oof,102,CCCCCCCCCCCCCCCCCCCl,1.0,0.9643739,88cdcb438761d8c5
tdc_skin_reaction,"Chemprop v2 (D-MPNN, ensemble=3)",Chemprop v2,oof,103,CCCCCCCCCCI,1.0,0.8546121,88cdcb438761d8c5
tdc_skin_reaction,"Chemprop v2 (D-MPNN, ensemble=3)",Chemprop v2,oof,104,CN(N=O)C(=N)N[N+](=O)[O-],1.0,0.73567563,88cdcb438761d8c5
tdc_skin_reaction,"Chemprop v2 (D-MPNN, ensemble=3)",Chemprop v2,oof,105,Oc1cccc2ccccc12,1.0,0.48432168,88cdcb438761d8c5
tdc_skin_reaction,"Chemprop v2 (D-MPNN, ensemble=3)",Chemprop v2,oof,106,CCCC=CC=O,1.0,0.7002016,88cdcb438761d8c5
tdc_skin_reaction,"Chemprop v2 (D-MPNN, ensemble=3)",Chemprop v2,oof,107,CN(C)CCOC(C)(c1ccccc1)c1ccc(Br)cc1,1.0,0.4540088,88cdcb438761d8c5
tdc_skin_reaction,"Chemprop v2 (D-MPNN, ensemble=3)",Chemprop v2,oof,108,CC(C)(C)N(CC(=O)c1ccc(O)c(CO)c1)Cc1ccccc1,1.0,0.59101915,88cdcb438761d8c5
tdc_skin_reaction,"Chemprop v2 (D-MPNN, ensemble=3)",Chemprop v2,oof,109,C=CC(=O)OCC(CC)CCCC,1.0,0.79747134,88cdcb438761d8c5
tdc_skin_reaction,"Chemprop v2 (D-MPNN, ensemble=3)",Chemprop v2,oof,110,C=CC(=O)OCCO,1.0,0.6334973,88cdcb438761d8c5
tdc_skin_reaction,"Chemprop v2 (D-MPNN, ensemble=3)",Chemprop v2,oof,111,Sc1nc2ccccc2s1,1.0,0.51453954,88cdcb438761d8c5
tdc_skin_reaction,"Chemprop v2 (D-MPNN, ensemble=3)",Chemprop v2,oof,112,CCCCCCCCCC(C)C=O,1.0,0.8298087,88cdcb438761d8c5
tdc_skin_reaction,"Chemprop v2 (D-MPNN, ensemble=3)",Chemprop v2,oof,113,CC(CC(=O)Cl)CC(C)(C)C,1.0,0.7681647,88cdcb438761d8c5
tdc_skin_reaction,"Chemprop v2 (D-MPNN, ensemble=3)",Chemprop v2,oof,114,CC1(C)CC(CBr)C(=O)O1,1.0,0.68131065,88cdcb438761d8c5
tdc_skin_reaction,"Chemprop v2 (D-MPNN, ensemble=3)",Chemprop v2,oof,115,CN(C)CCCN,1.0,0.7382533,88cdcb438761d8c5
tdc_skin_reaction,"Chemprop v2 (D-MPNN, ensemble=3)",Chemprop v2,oof,116,Nc1cc(F)cc(-c2cccnc2)c1,1.0,0.5108655,88cdcb438761d8c5
tdc_skin_reaction,"Chemprop v2 (D-MPNN, ensemble=3)",Chemprop v2,oof,117,Cn1sc(Cl)cc1=O,1.0,0.5056576,88cdcb438761d8c5
tdc_skin_reaction,"Chemprop v2 (D-MPNN, ensemble=3)",Chemprop v2,oof,118,CC(=O)C(=O)CC(C)C,1.0,0.5069868,88cdcb438761d8c5
tdc_skin_reaction,"Chemprop v2 (D-MPNN, ensemble=3)",Chemprop v2,oof,119,C=CCC1(C)C=C(OC)C(=O)CC1,1.0,0.6691079,88cdcb438761d8c5
tdc_skin_reaction,"Chemprop v2 (D-MPNN, ensemble=3)",Chemprop v2,oof,120,CCN(CC)CCCCCCO,1.0,0.81052136,88cdcb438761d8c5
tdc_skin_reaction,"Chemprop v2 (D-MPNN, ensemble=3)",Chemprop v2,oof,121,CCC=CCCCCC=O,1.0,0.8352403,88cdcb438761d8c5
tdc_skin_reaction,"Chemprop v2 (D-MPNN, ensemble=3)",Chemprop v2,oof,122,O=C(O)c1ccc2c(c1)C(=O)OC2=O,1.0,0.46424496,88cdcb438761d8c5
tdc_skin_reaction,"Chemprop v2 (D-MPNN, ensemble=3)",Chemprop v2,oof,123,O=C(OCc1ccccc1)c1ccccc1,1.0,0.5491273,88cdcb438761d8c5
tdc_skin_reaction,"Chemprop v2 (D-MPNN, ensemble=3)",Chemprop v2,oof,124,CC(C)(c1ccc(OCC2CO2)cc1)c1ccc(OCC2CO2)cc1,1.0,0.36396515,88cdcb438761d8c5
tdc_skin_reaction,"Chemprop v2 (D-MPNN, ensemble=3)",Chemprop v2,oof,125,C=C1C=CC(C(C)C)CC1,1.0,0.50904536,88cdcb438761d8c5
tdc_skin_reaction,"Chemprop v2 (D-MPNN, ensemble=3)",Chemprop v2,oof,126,O=CC=C(c1ccccc1)c1ccccc1,1.0,0.5122538,88cdcb438761d8c5
tdc_skin_reaction,"Chemprop v2 (D-MPNN, ensemble=3)",Chemprop v2,oof,127,CCCCCCCCCCCCCCCCCCCCCCBr,1.0,0.958935,88cdcb438761d8c5
tdc_skin_reaction,"Chemprop v2 (D-MPNN, ensemble=3)",Chemprop v2,oof,128,CCCCCCCCCCCCBr,1.0,0.89127225,88cdcb438761d8c5
tdc_skin_reaction,"Chemprop v2 (D-MPNN, ensemble=3)",Chemprop v2,oof,129,CCCCCCCCCCCCCCCCCCCCBr,1.0,0.9419728,88cdcb438761d8c5
tdc_skin_reaction,"Chemprop v2 (D-MPNN, ensemble=3)",Chemprop v2,oof,130,CCCCCCCCCCCCCCCCCBr,1.0,0.9452093,88cdcb438761d8c5
tdc_skin_reaction,"Chemprop v2 (D-MPNN, ensemble=3)",Chemprop v2,oof,131,CCCCCCCCCCCCCCCCBr,1.0,0.91980106,88cdcb438761d8c5
tdc_skin_reaction,"Chemprop v2 (D-MPNN, ensemble=3)",Chemprop v2,oof,132,CCCCCCBr,1.0,0.7558518,88cdcb438761d8c5
tdc_skin_reaction,"Chemprop v2 (D-MPNN, ensemble=3)",Chemprop v2,oof,133,CCCCCCCCCCCCCCCCCCBr,1.0,0.51656604,88cdcb438761d8c5
tdc_skin_reaction,"Chemprop v2 (D-MPNN, ensemble=3)",Chemprop v2,oof,134,CCCCCCCCCCCCCCCBr,1.0,0.513971,88cdcb438761d8c5
tdc_skin_reaction,"Chemprop v2 (D-MPNN, ensemble=3)",Chemprop v2,oof,135,CCCCCCCCCCCCCCBr,1.0,0.94097185,88cdcb438761d8c5
tdc_skin_reaction,"Chemprop v2 (D-MPNN, ensemble=3)",Chemprop v2,oof,136,CCCCCCCCCCCCCBr,1.0,0.8767453,88cdcb438761d8c5
tdc_skin_reaction,"Chemprop v2 (D-MPNN, ensemble=3)",Chemprop v2,oof,137,CCCCCCCCCCCBr,1.0,0.85913944,88cdcb438761d8c5
tdc_skin_reaction,"Chemprop v2 (D-MPNN, ensemble=3)",Chemprop v2,oof,138,C=CC(=O)OCCCC,1.0,0.69564533,88cdcb438761d8c5
tdc_skin_reaction,"Chemprop v2 (D-MPNN, ensemble=3)",Chemprop v2,oof,139,CCCCOCC1CO1,1.0,0.62756056,88cdcb438761d8c5
tdc_skin_reaction,"Chemprop v2 (D-MPNN, ensemble=3)",Chemprop v2,oof,140,CCCCCCCCCCCC1=NC(C)(C)C(=O)O1,1.0,0.8865206,88cdcb438761d8c5
tdc_skin_reaction,"Chemprop v2 (D-MPNN, ensemble=3)",Chemprop v2,oof,141,CCCCC1=NC(C)(C)C(=O)O1,1.0,0.7102046,88cdcb438761d8c5
tdc_skin_reaction,"Chemprop v2 (D-MPNN, ensemble=3)",Chemprop v2,oof,142,CCCCCCCCCCCCCCCl,1.0,0.8805146,88cdcb438761d8c5
tdc_skin_reaction,"Chemprop v2 (D-MPNN, ensemble=3)",Chemprop v2,oof,143,CC(C)=CCCC(C)=CC=O,1.0,0.8354563,88cdcb438761d8c5
tdc_skin_reaction,"Chemprop v2 (D-MPNN, ensemble=3)",Chemprop v2,oof,144,CCCCCCCCCCCCCCCCCl,1.0,0.51482975,88cdcb438761d8c5
tdc_skin_reaction,"Chemprop v2 (D-MPNN, ensemble=3)",Chemprop v2,oof,145,CCOS(=O)(=O)OCC,1.0,0.50691867,88cdcb438761d8c5
tdc_skin_reaction,"Chemprop v2 (D-MPNN, ensemble=3)",Chemprop v2,oof,146,CCC(C=O)CC,1.0,0.6883745,88cdcb438761d8c5
tdc_skin_reaction,"Chemprop v2 (D-MPNN, ensemble=3)",Chemprop v2,oof,147,NCCNCCN,1.0,0.5043641,88cdcb438761d8c5
tdc_skin_reaction,"Chemprop v2 (D-MPNN, ensemble=3)",Chemprop v2,oof,148,NCCCNCCCN,1.0,0.77443767,88cdcb438761d8c5
tdc_skin_reaction,"Chemprop v2 (D-MPNN, ensemble=3)",Chemprop v2,oof,149,CCCCCCCCCCCCOS(C)(=O)=O,1.0,0.51483846,88cdcb438761d8c5
tdc_skin_reaction,"Chemprop v2 (D-MPNN, ensemble=3)",Chemprop v2,oof,150,CCOC(=O)CC1CC2CCC(C1)N2C,1.0,0.49586424,88cdcb438761d8c5
tdc_skin_reaction,"Chemprop v2 (D-MPNN, ensemble=3)",Chemprop v2,oof,151,C=CC(=O)OCC,1.0,0.5042252,88cdcb438761d8c5
tdc_skin_reaction,"Chemprop v2 (D-MPNN, ensemble=3)",Chemprop v2,oof,152,CCC(O)C(CO)CO,1.0,0.50716394,88cdcb438761d8c5
tdc_skin_reaction,"Chemprop v2 (D-MPNN, ensemble=3)",Chemprop v2,oof,153,C=C(C)C(=O)OCCOC(=O)C(=C)C,1.0,0.691318,88cdcb438761d8c5
tdc_skin_reaction,"Chemprop v2 (D-MPNN, ensemble=3)",Chemprop v2,oof,154,C=C(C)C(=O)O,1.0,0.6412384,88cdcb438761d8c5
tdc_skin_reaction,"Chemprop v2 (D-MPNN, ensemble=3)",Chemprop v2,oof,155,O=C1OC2(c3ccc(O)cc3Oc3cc(O)ccc32)c2ccc(N=C=S)cc21,1.0,0.29429707,88cdcb438761d8c5
tdc_skin_reaction,"Chemprop v2 (D-MPNN, ensemble=3)",Chemprop v2,oof,156,CC(CC=O)CCCC(C)(C)O,1.0,0.510492,88cdcb438761d8c5
tdc_skin_reaction,"Chemprop v2 (D-MPNN, ensemble=3)",Chemprop v2,oof,157,CCCCCCCCCCCCI,1.0,0.9168799,88cdcb438761d8c5
tdc_skin_reaction,"Chemprop v2 (D-MPNN, ensemble=3)",Chemprop v2,oof,158,CCCCCCCCCCCCCCCCI,1.0,0.9359887,88cdcb438761d8c5
tdc_skin_reaction,"Chemprop v2 (D-MPNN, ensemble=3)",Chemprop v2,oof,159,CCCCCCCCCI,1.0,0.80192184,88cdcb438761d8c5
tdc_skin_reaction,"Chemprop v2 (D-MPNN, ensemble=3)",Chemprop v2,oof,160,CCCCCCCCCCCCCCI,1.0,0.8893173,88cdcb438761d8c5
tdc_skin_reaction,"Chemprop v2 (D-MPNN, ensemble=3)",Chemprop v2,oof,161,CC(C)CCCCCC(=O)Cl,1.0,0.7772781,88cdcb438761d8c5
tdc_skin_reaction,"Chemprop v2 (D-MPNN, ensemble=3)",Chemprop v2,oof,162,CCCCCCCCCCCCCC(=O)OC(C)C,1.0,0.88093734,88cdcb438761d8c5
tdc_skin_reaction,"Chemprop v2 (D-MPNN, ensemble=3)",Chemprop v2,oof,163,C=C(C)C1CC=C(C)CC1,1.0,0.64131624,88cdcb438761d8c5
tdc_skin_reaction,"Chemprop v2 (D-MPNN, ensemble=3)",Chemprop v2,oof,164,C=CC(C)(O)CCC=C(C)C=O,1.0,0.81082517,88cdcb438761d8c5
tdc_skin_reaction,"Chemprop v2 (D-MPNN, ensemble=3)",Chemprop v2,oof,165,CCCCCC=CCC=CCCCCCCCC(=O)O,1.0,0.89096063,88cdcb438761d8c5
tdc_skin_reaction,"Chemprop v2 (D-MPNN, ensemble=3)",Chemprop v2,oof,166,CCCCCCC#CC(=O)OC,1.0,0.50920844,88cdcb438761d8c5
tdc_skin_reaction,"Chemprop v2 (D-MPNN, ensemble=3)",Chemprop v2,oof,167,C=CC(=O)OC,1.0,0.72024554,88cdcb438761d8c5
tdc_skin_reaction,"Chemprop v2 (D-MPNN, ensemble=3)",Chemprop v2,oof,168,CCCCCCCCCCCCCCC=CS(=O)(=O)OC,1.0,0.936559,88cdcb438761d8c5
tdc_skin_reaction,"Chemprop v2 (D-MPNN, ensemble=3)",Chemprop v2,oof,169,C=C(C)C(=O)OC,1.0,0.68304783,88cdcb438761d8c5
tdc_skin_reaction,"Chemprop v2 (D-MPNN, ensemble=3)",Chemprop v2,oof,170,CCCCCCCCC(=O)Cl,1.0,0.82887506,88cdcb438761d8c5
tdc_skin_reaction,"Chemprop v2 (D-MPNN, ensemble=3)",Chemprop v2,oof,171,FOC1=C2CCC(C2)C1,1.0,0.5394433,88cdcb438761d8c5
tdc_skin_reaction,"Chemprop v2 (D-MPNN, ensemble=3)",Chemprop v2,oof,172,CCCCCCCCO,1.0,0.7686642,88cdcb438761d8c5
tdc_skin_reaction,"Chemprop v2 (D-MPNN, ensemble=3)",Chemprop v2,oof,173,CCCCCCCCC=CCCCCCCCC(=O)O,1.0,0.9439263,88cdcb438761d8c5
tdc_skin_reaction,"Chemprop v2 (D-MPNN, ensemble=3)",Chemprop v2,oof,174,CCOC=C1N=C(c2ccccc2)OC1=O,1.0,0.6146007,88cdcb438761d8c5
tdc_skin_reaction,"Chemprop v2 (D-MPNN, ensemble=3)",Chemprop v2,oof,175,CCCCCCCCCCCCCCCC(=O)Cl,1.0,0.9172099,88cdcb438761d8c5
tdc_skin_reaction,"Chemprop v2 (D-MPNN, ensemble=3)",Chemprop v2,oof,176,O=C(Oc1ccccc1)c1ccccc1,1.0,0.49271488,88cdcb438761d8c5
tdc_skin_reaction,"Chemprop v2 (D-MPNN, ensemble=3)",Chemprop v2,oof,177,CC(CCCCN)C(C)(C)N,1.0,0.8057861,88cdcb438761d8c5
tdc_skin_reaction,"Chemprop v2 (D-MPNN, ensemble=3)",Chemprop v2,oof,178,C=CCCCCCCCCC(=O)O,1.0,0.510634,88cdcb438761d8c5
tdc_skin_reaction,"Chemprop v2 (D-MPNN, ensemble=3)",Chemprop v2,oof,179,CC=CC=CC=O,1.0,0.66753316,88cdcb438761d8c5
tdc_skin_reaction,"Chemprop v2 (D-MPNN, ensemble=3)",Chemprop v2,oof,180,CN1C2CCC1CC(O)C2,1.0,0.4853718,88cdcb438761d8c5
tdc_skin_reaction,"Chemprop v2 (D-MPNN, ensemble=3)",Chemprop v2,oof,181,CC(C)N(C(=O)CN1C(=O)C(NC(=O)Nc2cccc(C(=O)OC(C)(C)C)c2)C(=O)N(c2ccccc2)c2ccccc21)c1ccccc1,1.0,0.26086864,88cdcb438761d8c5
tdc_skin_reaction,"Chemprop v2 (D-MPNN, ensemble=3)",Chemprop v2,oof,182,NC1CCCCC1N,1.0,0.5072832,88cdcb438761d8c5
tdc_skin_reaction,"Chemprop v2 (D-MPNN, ensemble=3)",Chemprop v2,oof,183,O=S(=O)(Cl)c1ccc2c(c1)OCO2,1.0,0.51299393,88cdcb438761d8c5
tdc_skin_reaction,"Chemprop v2 (D-MPNN, ensemble=3)",Chemprop v2,oof,184,O=C(O)CCCCCCCCCCCBr,1.0,0.898499,88cdcb438761d8c5
tdc_skin_reaction,"Chemprop v2 (D-MPNN, ensemble=3)",Chemprop v2,oof,185,ClCc1ccc2ccc3cccc4ccc1c2c34,1.0,0.40813223,88cdcb438761d8c5
tdc_skin_reaction,"Chemprop v2 (D-MPNN, ensemble=3)",Chemprop v2,oof,186,Cc1cc(=O)n(-c2ccc(C)c(C)c2)[nH]1,1.0,0.5121805,88cdcb438761d8c5
tdc_skin_reaction,"Chemprop v2 (D-MPNN, ensemble=3)",Chemprop v2,oof,187,CCC(C)(C)C1CCC(CC=O)CC1,1.0,0.513906,88cdcb438761d8c5
tdc_skin_reaction,"Chemprop v2 (D-MPNN, ensemble=3)",Chemprop v2,oof,188,CC(C)(C)C(=O)CC(=O)C(C)(C)C,1.0,0.74232644,88cdcb438761d8c5
tdc_skin_reaction,"Chemprop v2 (D-MPNN, ensemble=3)",Chemprop v2,oof,189,C=C(C)C(=O)OCC(O)COc1ccc(C(C)(C)c2ccc(OCC(O)COC(=O)C(=C)C)cc2)cc1,1.0,0.44012472,88cdcb438761d8c5
tdc_skin_reaction,"Chemprop v2 (D-MPNN, ensemble=3)",Chemprop v2,oof,190,Clc1nc(Cl)nc(Cl)n1,1.0,0.5061743,88cdcb438761d8c5
tdc_skin_reaction,"Chemprop v2 (D-MPNN, ensemble=3)",Chemprop v2,oof,191,Clc1ccnc(Cl)n1,1.0,0.5661846,88cdcb438761d8c5
tdc_skin_reaction,"Chemprop v2 (D-MPNN, ensemble=3)",Chemprop v2,oof,192,CCC=CC=CC=O,1.0,0.7746995,88cdcb438761d8c5
tdc_skin_reaction,"Chemprop v2 (D-MPNN, ensemble=3)",Chemprop v2,oof,193,CC1=C(C=O)C(C)(C)CC=C1,1.0,0.6632834,88cdcb438761d8c5
tdc_skin_reaction,"Chemprop v2 (D-MPNN, ensemble=3)",Chemprop v2,oof,194,COc1cc(C)c2c(Oc3cccc(C(F)(F)F)c3)c(OC)cc([N+](=O)[O-])c2n1,1.0,0.29575565,88cdcb438761d8c5
tdc_skin_reaction,"Chemprop v2 (D-MPNN, ensemble=3)",Chemprop v2,oof,195,Nc1ccccc1Nc1ccccc1,1.0,0.57712454,88cdcb438761d8c5
tdc_skin_reaction,"Chemprop v2 (D-MPNN, ensemble=3)",Chemprop v2,oof,196,CCCCCCCCCCCCC(Br)C(=O)O,1.0,0.5146366,88cdcb438761d8c5
tdc_skin_reaction,"Chemprop v2 (D-MPNN, ensemble=3)",Chemprop v2,oof,197,O=[N+]([O-])c1ccc(OCc2cccc(F)c2)c(Cl)c1,1.0,0.43748602,88cdcb438761d8c5
tdc_skin_reaction,"Chemprop v2 (D-MPNN, ensemble=3)",Chemprop v2,oof,198,Cc1nc2ccccc2c(=O)o1,1.0,0.45236102,88cdcb438761d8c5
tdc_skin_reaction,"Chemprop v2 (D-MPNN, ensemble=3)",Chemprop v2,oof,199,O=C(Nc1ccc(Cl)c(Cl)c1)c1cc(Cl)cc(Cl)c1O,1.0,0.46834692,88cdcb438761d8c5
tdc_skin_reaction,"Chemprop v2 (D-MPNN, ensemble=3)",Chemprop v2,oof,200,O=C1CCc2ccccc2O1,1.0,0.5416886,88cdcb438761d8c5
tdc_skin_reaction,"Chemprop v2 (D-MPNN, ensemble=3)",Chemprop v2,oof,201,CC1(C)CC(N)CC(C)(CN)C1,1.0,0.5125436,88cdcb438761d8c5
tdc_skin_reaction,"Chemprop v2 (D-MPNN, ensemble=3)",Chemprop v2,oof,202,C=C1NS(=O)(=O)N=C1c1ccccc1,1.0,0.61101127,88cdcb438761d8c5
tdc_skin_reaction,"Chemprop v2 (D-MPNN, ensemble=3)",Chemprop v2,oof,203,CCC=C1OC(=O)c2ccccc21,1.0,0.4861755,88cdcb438761d8c5
tdc_skin_reaction,"Chemprop v2 (D-MPNN, ensemble=3)",Chemprop v2,oof,204,CC(C)(O)CCCC1=CCC(C=O)CC1,1.0,0.68884045,88cdcb438761d8c5
tdc_skin_reaction,"Chemprop v2 (D-MPNN, ensemble=3)",Chemprop v2,oof,205,O=C(C(=O)c1ccccc1)C1=CCC(Br)(Br)C=C1,1.0,0.6561906,88cdcb438761d8c5
tdc_skin_reaction,"Chemprop v2 (D-MPNN, ensemble=3)",Chemprop v2,oof,206,CC(Br)CCCN1C(=O)c2ccccc2C1=O,1.0,0.5148497,88cdcb438761d8c5
tdc_skin_reaction,"Chemprop v2 (D-MPNN, ensemble=3)",Chemprop v2,oof,207,Clc1ncnc2ccc(I)cc12,1.0,0.5094026,88cdcb438761d8c5
tdc_skin_reaction,"Chemprop v2 (D-MPNN, ensemble=3)",Chemprop v2,oof,208,CC(I)CCCN1C(=O)c2ccccc2C1=O,1.0,0.51484483,88cdcb438761d8c5
tdc_skin_reaction,"Chemprop v2 (D-MPNN, ensemble=3)",Chemprop v2,oof,209,C=C1CC(C(=C)C)CC=C1C,1.0,0.50985926,88cdcb438761d8c5
tdc_skin_reaction,"Chemprop v2 (D-MPNN, ensemble=3)",Chemprop v2,oof,210,C=C1CC(C)(C)OC1=O,1.0,0.5084042,88cdcb438761d8c5
tdc_skin_reaction,"Chemprop v2 (D-MPNN, ensemble=3)",Chemprop v2,oof,211,O=C(O)c1cccc(-c2cc(Cl)cc([N+](=O)[O-])c2O)c1,1.0,0.51514316,88cdcb438761d8c5
tdc_skin_reaction,"Chemprop v2 (D-MPNN, ensemble=3)",Chemprop v2,oof,212,COc1cc(C)c2c(Cl)c(OC)cc([N+](=O)[O-])c2n1,1.0,0.38678265,88cdcb438761d8c5
tdc_skin_reaction,"Chemprop v2 (D-MPNN, ensemble=3)",Chemprop v2,oof,213,COc1cc([N+](=O)[O-])c2[nH]c(=O)cc(C)c2c1Cl,1.0,0.41343644,88cdcb438761d8c5
tdc_skin_reaction,"Chemprop v2 (D-MPNN, ensemble=3)",Chemprop v2,oof,214,COc1cc2c(cc1C(F)(F)F)NCC2,1.0,0.42736337,88cdcb438761d8c5
tdc_skin_reaction,"Chemprop v2 (D-MPNN, ensemble=3)",Chemprop v2,oof,215,Cc1ncccc1Oc1ccc(N)cn1,1.0,0.46252665,88cdcb438761d8c5
tdc_skin_reaction,"Chemprop v2 (D-MPNN, ensemble=3)",Chemprop v2,oof,216,CCN(CC)CCCCCCBr,1.0,0.8462673,88cdcb438761d8c5
tdc_skin_reaction,"Chemprop v2 (D-MPNN, ensemble=3)",Chemprop v2,oof,217,Cc1c2ccccc2c(C)c2c1ccc1ccccc12,1.0,0.34215924,88cdcb438761d8c5
tdc_skin_reaction,"Chemprop v2 (D-MPNN, ensemble=3)",Chemprop v2,oof,218,CON=C1CN(c2nc3c(cc2F)c(=O)c(C(=O)O)cn3C2CC2)CC1CN,1.0,0.39673543,88cdcb438761d8c5
tdc_skin_reaction,"Chemprop v2 (D-MPNN, ensemble=3)",Chemprop v2,oof,219,CCCCCCCC(Br)CCCCCC,1.0,0.94770974,88cdcb438761d8c5
tdc_skin_reaction,"Chemprop v2 (D-MPNN, ensemble=3)",Chemprop v2,oof,220,CCCCCn1c(=O)[nH]c(=O)c2[nH]c(Cl)nc21,1.0,0.5464299,88cdcb438761d8c5
tdc_skin_reaction,"Chemprop v2 (D-MPNN, ensemble=3)",Chemprop v2,oof,221,CC(C)C1=CC2=CCC3C(C)(C(=O)O)CCCC3(C)C2CC1,1.0,0.37165165,88cdcb438761d8c5
tdc_skin_reaction,"Chemprop v2 (D-MPNN, ensemble=3)",Chemprop v2,oof,222,CC1=CCC(C(C)C)C=C1,1.0,0.6793709,88cdcb438761d8c5
tdc_skin_reaction,"Chemprop v2 (D-MPNN, ensemble=3)",Chemprop v2,oof,223,CC1=CC=C(C(C)C)CC1,1.0,0.6813266,88cdcb438761d8c5
tdc_skin_reaction,"Chemprop v2 (D-MPNN, ensemble=3)",Chemprop v2,oof,224,CCC1OC(=O)C(C)C(OC2CC(C)(OC)C(O)C(C)O2)C(C)C(OC2OC(C)CC(N(C)C)C2O)C(C)(O)CC(C)CN(C)C(C)C(O)C1(C)O,1.0,0.5397498,88cdcb438761d8c5
tdc_skin_reaction,"Chemprop v2 (D-MPNN, ensemble=3)",Chemprop v2,oof,225,N=C1CC(=Nc2ccc(N)cc2)C(=N)CC1=Nc1ccc(N)cc1,1.0,0.517989,88cdcb438761d8c5
tdc_skin_reaction,"Chemprop v2 (D-MPNN, ensemble=3)",Chemprop v2,oof,226,c1ccc2c(c1)cc1ccc3cccc4ccc2c1c34,1.0,0.5156607,88cdcb438761d8c5
tdc_skin_reaction,"Chemprop v2 (D-MPNN, ensemble=3)",Chemprop v2,oof,227,O=C1C=CC(=O)C=C1,1.0,0.5860391,88cdcb438761d8c5
tdc_skin_reaction,"Chemprop v2 (D-MPNN, ensemble=3)",Chemprop v2,oof,228,O=C1CCO1,1.0,0.58524716,88cdcb438761d8c5
tdc_skin_reaction,"Chemprop v2 (D-MPNN, ensemble=3)",Chemprop v2,oof,229,CC(=O)C(C)=O,1.0,0.7430911,88cdcb438761d8c5
tdc_skin_reaction,"Chemprop v2 (D-MPNN, ensemble=3)",Chemprop v2,oof,230,CCCCCCCCCCCCCCCC1=NC(C)(C)C(=O)O1,1.0,0.9381733,88cdcb438761d8c5
tdc_skin_reaction,"Chemprop v2 (D-MPNN, ensemble=3)",Chemprop v2,oof,231,CCCCCCCCCCCCCCCCCC1=NC(C)(C)C(=O)O1,1.0,0.95485395,88cdcb438761d8c5
tdc_skin_reaction,"Chemprop v2 (D-MPNN, ensemble=3)",Chemprop v2,oof,232,CCCCCCC1=NC(C)(C)C(=O)O1,1.0,0.77327996,88cdcb438761d8c5
tdc_skin_reaction,"Chemprop v2 (D-MPNN, ensemble=3)",Chemprop v2,oof,233,CCCCCCCCCC1=NC(C)(C)C(=O)O1,1.0,0.8486299,88cdcb438761d8c5
tdc_skin_reaction,"Chemprop v2 (D-MPNN, ensemble=3)",Chemprop v2,oof,234,C=C(C)C1CCC(C)=C(N=O)C1,1.0,0.67578983,88cdcb438761d8c5
tdc_skin_reaction,"Chemprop v2 (D-MPNN, ensemble=3)",Chemprop v2,oof,235,Clc1ccccc1C(c1ccccc1)(c1ccccc1)n1ccnc1,1.0,0.33808804,88cdcb438761d8c5
tdc_skin_reaction,"Chemprop v2 (D-MPNN, ensemble=3)",Chemprop v2,oof,236,C(=NC1CCCCC1)=NC1CCCCC1,1.0,0.5142162,88cdcb438761d8c5
tdc_skin_reaction,"Chemprop v2 (D-MPNN, ensemble=3)",Chemprop v2,oof,237,CCOC(=O)C=CC(=O)OCC,1.0,0.66409844,88cdcb438761d8c5
tdc_skin_reaction,"Chemprop v2 (D-MPNN, ensemble=3)",Chemprop v2,oof,238,COS(=O)(=O)OC,1.0,0.5047552,88cdcb438761d8c5
tdc_skin_reaction,"Chemprop v2 (D-MPNN, ensemble=3)",Chemprop v2,oof,239,CS(C)=O,1.0,0.6864752,88cdcb438761d8c5
tdc_skin_reaction,"Chemprop v2 (D-MPNN, ensemble=3)",Chemprop v2,oof,240,CN1C2CCC1CC(OS(C)(=O)=O)C2,1.0,0.55702454,88cdcb438761d8c5
tdc_skin_reaction,"Chemprop v2 (D-MPNN, ensemble=3)",Chemprop v2,oof,241,C=CC(=O)OCC(COC(=O)C=C)C(CC)OC(=O)C=C,1.0,0.7104055,88cdcb438761d8c5
tdc_skin_reaction,"Chemprop v2 (D-MPNN, ensemble=3)",Chemprop v2,oof,242,NCCN,1.0,0.6874003,88cdcb438761d8c5
tdc_skin_reaction,"Chemprop v2 (D-MPNN, ensemble=3)",Chemprop v2,oof,243,CC(C)=CCCC(C)=CCCC(C)=CC=O,1.0,0.83428764,88cdcb438761d8c5
tdc_skin_reaction,"Chemprop v2 (D-MPNN, ensemble=3)",Chemprop v2,oof,244,CC(C)=CCCC(C)=CCO,1.0,0.81192493,88cdcb438761d8c5
tdc_skin_reaction,"Chemprop v2 (D-MPNN, ensemble=3)",Chemprop v2,oof,245,O=CCCCC=O,1.0,0.5040858,88cdcb438761d8c5
tdc_skin_reaction,"Chemprop v2 (D-MPNN, ensemble=3)",Chemprop v2,oof,246,O=C(CS)OCC(O)CO,1.0,0.66405344,88cdcb438761d8c5
tdc_skin_reaction,"Chemprop v2 (D-MPNN, ensemble=3)",Chemprop v2,oof,247,O=CC=O,1.0,0.63987726,88cdcb438761d8c5
tdc_skin_reaction,"Chemprop v2 (D-MPNN, ensemble=3)",Chemprop v2,oof,248,NCCNCCO,1.0,0.68001586,88cdcb438761d8c5
tdc_skin_reaction,"Chemprop v2 (D-MPNN, ensemble=3)",Chemprop v2,oof,249,O=C(NCNC(=O)NC1C(=O)NC(=O)N1CO)NC1C(=O)NC(=O)N1CO,1.0,0.40441915,88cdcb438761d8c5
tdc_skin_reaction,"Chemprop v2 (D-MPNN, ensemble=3)",Chemprop v2,oof,250,CCCCNC(=O)OC#CCI,1.0,0.72011065,88cdcb438761d8c5
tdc_skin_reaction,"Chemprop v2 (D-MPNN, ensemble=3)",Chemprop v2,oof,251,CCCCCCCCCCCCOS(=O)(=O)O,1.0,0.9053977,88cdcb438761d8c5
tdc_skin_reaction,"Chemprop v2 (D-MPNN, ensemble=3)",Chemprop v2,oof,252,CCC=CCC=CCC=CCCCCCCCC(=O)O,1.0,0.88004375,88cdcb438761d8c5
tdc_skin_reaction,"Chemprop v2 (D-MPNN, ensemble=3)",Chemprop v2,oof,253,CCCCCCCCCCCCS(=O)(=O)OC,1.0,0.96973675,88cdcb438761d8c5
tdc_skin_reaction,"Chemprop v2 (D-MPNN, ensemble=3)",Chemprop v2,oof,254,CCCCCCCCCCCCCCCCS(=O)(=O)OC,1.0,0.5182006,88cdcb438761d8c5
tdc_skin_reaction,"Chemprop v2 (D-MPNN, ensemble=3)",Chemprop v2,oof,255,COS(C)(=O)=O,1.0,0.73833513,88cdcb438761d8c5
tdc_skin_reaction,"Chemprop v2 (D-MPNN, ensemble=3)",Chemprop v2,oof,256,COC(=O)C(C)=O,1.0,0.6920691,88cdcb438761d8c5
tdc_skin_reaction,"Chemprop v2 (D-MPNN, ensemble=3)",Chemprop v2,oof,257,CCCCCCCCCCCCCCCCC(CS(=O)(=O)O)C(=O)OC,1.0,0.9818511,88cdcb438761d8c5
tdc_skin_reaction,"Chemprop v2 (D-MPNN, ensemble=3)",Chemprop v2,oof,258,CCN(CC)CCN(Cc1ccc(-c2ccc(C(F)(F)F)cc2)cc1)C(=O)Cn1c(SCc2ccc(F)cc2)nc(=O)c2c1CCC2,1.0,0.26189837,88cdcb438761d8c5
tdc_skin_reaction,"Chemprop v2 (D-MPNN, ensemble=3)",Chemprop v2,oof,259,CCN(N=O)C(N)=O,1.0,0.67766213,88cdcb438761d8c5
tdc_skin_reaction,"Chemprop v2 (D-MPNN, ensemble=3)",Chemprop v2,oof,260,CC(C)N(C(=O)CNc1ccccc1Nc1ccccc1)c1ccccc1,1.0,0.40225992,88cdcb438761d8c5
tdc_skin_reaction,"Chemprop v2 (D-MPNN, ensemble=3)",Chemprop v2,oof,261,CN(N=O)C(N)=O,1.0,0.67326266,88cdcb438761d8c5
tdc_skin_reaction,"Chemprop v2 (D-MPNN, ensemble=3)",Chemprop v2,oof,262,CCCCCCCCC=CCCCCCCCCOS(C)(=O)=O,1.0,0.9501689,88cdcb438761d8c5
tdc_skin_reaction,"Chemprop v2 (D-MPNN, ensemble=3)",Chemprop v2,oof,263,COC1=CC=C2C3Cc4ccc(O)c5c4C2(CCN3C)C1O5,1.0,0.3407726,88cdcb438761d8c5
tdc_skin_reaction,"Chemprop v2 (D-MPNN, ensemble=3)",Chemprop v2,oof,264,O=C(O)C(=O)O,1.0,0.5710618,88cdcb438761d8c5
tdc_skin_reaction,"Chemprop v2 (D-MPNN, ensemble=3)",Chemprop v2,oof,265,O=c1[nH]cco1,1.0,0.5293684,88cdcb438761d8c5
tdc_skin_reaction,"Chemprop v2 (D-MPNN, ensemble=3)",Chemprop v2,oof,266,CC1(C)SC2C(NC(=O)Cc3ccccc3)C(=O)N2C1C(=O)O,1.0,0.5198452,88cdcb438761d8c5
tdc_skin_reaction,"Chemprop v2 (D-MPNN, ensemble=3)",Chemprop v2,oof,267,C=C(C)C1CC=C(C=O)CC1,1.0,0.6395816,88cdcb438761d8c5
tdc_skin_reaction,"Chemprop v2 (D-MPNN, ensemble=3)",Chemprop v2,oof,268,CC(C)(C)c1ccc(OCC2CO2)cc1,1.0,0.45407364,88cdcb438761d8c5
tdc_skin_reaction,"Chemprop v2 (D-MPNN, ensemble=3)",Chemprop v2,oof,269,c1ccncc1,1.0,0.5497205,88cdcb438761d8c5
tdc_skin_reaction,"Chemprop v2 (D-MPNN, ensemble=3)",Chemprop v2,oof,270,C=C(C)C1CC=C(C)C(=O)C1,1.0,0.65970993,88cdcb438761d8c5
tdc_skin_reaction,"Chemprop v2 (D-MPNN, ensemble=3)",Chemprop v2,oof,271,O=C(Oc1ccc([N+](=O)[O-])cc1)OC1COC2OCCC12,1.0,0.42598736,88cdcb438761d8c5
tdc_skin_reaction,"Chemprop v2 (D-MPNN, ensemble=3)",Chemprop v2,oof,272,CCOC(=S)S,1.0,0.66986924,88cdcb438761d8c5
tdc_skin_reaction,"Chemprop v2 (D-MPNN, ensemble=3)",Chemprop v2,oof,273,CCCCCCCCCCCC(=O)OC(C)C(=O)OC(C)C(=O)O,1.0,0.86944133,88cdcb438761d8c5
tdc_skin_reaction,"Chemprop v2 (D-MPNN, ensemble=3)",Chemprop v2,oof,274,CC(C)=CCCC(C)=CCCC(C)=CCCC=C(C)CCC=C(C)CCC=C(C)C,1.0,0.52218366,88cdcb438761d8c5
tdc_skin_reaction,"Chemprop v2 (D-MPNN, ensemble=3)",Chemprop v2,oof,275,CN(C)C(=S)SSC(=S)N(C)C,1.0,0.9428752,88cdcb438761d8c5
tdc_skin_reaction,"Chemprop v2 (D-MPNN, ensemble=3)",Chemprop v2,oof,276,C=CCCCCCCCCC=O,1.0,0.8502292,88cdcb438761d8c5
tdc_skin_reaction,"Chemprop v2 (D-MPNN, ensemble=3)",Chemprop v2,oof,277,C=Cc1ccncc1,1.0,0.543661,88cdcb438761d8c5
tdc_skin_reaction,"Chemprop v2 (D-MPNN, ensemble=3)",Chemprop v2,oof,278,C[N+](C)(C)c1ccc2c(c1)C(=NNc1ccc(N)c([N+](=O)[O-])c1)C(=O)C=C2,0.0,0.4941992,88cdcb438761d8c5
tdc_skin_reaction,"Chemprop v2 (D-MPNN, ensemble=3)",Chemprop v2,oof,279,CCCCCCCCC(=O)O,0.0,0.7747099,88cdcb438761d8c5
tdc_skin_reaction,"Chemprop v2 (D-MPNN, ensemble=3)",Chemprop v2,oof,280,CNC1C(OC2C(OC3C(O)C(O)C(NC(=N)N)C(O)C3NC(=N)N)OC(C)C2(O)C=O)OC(CO)C(O)C1O,0.0,0.27409995,88cdcb438761d8c5
tdc_skin_reaction,"Chemprop v2 (D-MPNN, ensemble=3)",Chemprop v2,oof,281,O=C1OC(=O)C2CCCCC12,1.0,0.61042994,88cdcb438761d8c5
tdc_skin_reaction,"Chemprop v2 (D-MPNN, ensemble=3)",Chemprop v2,oof,282,Cc1cc(=O)n(-c2ccccc2)[nH]1,1.0,0.51027775,88cdcb438761d8c5
tdc_skin_reaction,"Chemprop v2 (D-MPNN, ensemble=3)",Chemprop v2,oof,283,O=C(OOC(=O)c1ccccc1)c1ccccc1,1.0,0.45502603,88cdcb438761d8c5
tdc_skin_reaction,"Chemprop v2 (D-MPNN, ensemble=3)",Chemprop v2,oof,284,O=c1c(-c2ccccc2)c1-c1ccccc1,1.0,0.43290424,88cdcb438761d8c5
tdc_skin_reaction,"Chemprop v2 (D-MPNN, ensemble=3)",Chemprop v2,oof,285,Nc1ccc(N)c2c1C(=O)c1ccccc1C2=O,1.0,0.47339845,88cdcb438761d8c5
tdc_skin_reaction,"Chemprop v2 (D-MPNN, ensemble=3)",Chemprop v2,oof,286,O=C1C=CC(=O)O1,1.0,0.6738623,88cdcb438761d8c5
tdc_skin_reaction,"Chemprop v2 (D-MPNN, ensemble=3)",Chemprop v2,oof,287,O=C1OC(=O)c2ccccc21,1.0,0.48570314,88cdcb438761d8c5
tdc_skin_reaction,"Chemprop v2 (D-MPNN, ensemble=3)",Chemprop v2,oof,288,O=c1c(O)c(O)c1=O,1.0,0.5007024,88cdcb438761d8c5
tdc_skin_reaction,"Chemprop v2 (D-MPNN + RDKit2D, ensemble=3)",Chemprop v2,oof,0,CC(=O)OCC(=O)C1(O)C(C)CC2C3CCC4=CC(=O)C=CC4(C)C3=CCC21C,0.0,0.3858734,88cdcb438761d8c5
tdc_skin_reaction,"Chemprop v2 (D-MPNN + RDKit2D, ensemble=3)",Chemprop v2,oof,1,CCCOc1ccc(Br)c(C(=O)c2ccc(OC)cc2O)c1,0.0,0.4280273,88cdcb438761d8c5
tdc_skin_reaction,"Chemprop v2 (D-MPNN + RDKit2D, ensemble=3)",Chemprop v2,oof,2,CC=C(C)C=O,0.0,0.67253417,88cdcb438761d8c5
tdc_skin_reaction,"Chemprop v2 (D-MPNN + RDKit2D, ensemble=3)",Chemprop v2,oof,3,O=C1C([PH](c2ccccc2)(c2ccccc2)c2ccccc2)CCN1c1ccccc1,0.0,0.65746903,88cdcb438761d8c5
tdc_skin_reaction,"Chemprop v2 (D-MPNN + RDKit2D, ensemble=3)",Chemprop v2,oof,4,C=C(C=CCC(C)C)CC,0.0,0.6199556,88cdcb438761d8c5
tdc_skin_reaction,"Chemprop v2 (D-MPNN + RDKit2D, ensemble=3)",Chemprop v2,oof,5,C=CC1(C)CC(OC(=O)CSC2CC3CCC(C2)N3C)C2(C)C(C)CCC3(CCC(=O)C32)C(C)C1O,0.0,0.51594347,88cdcb438761d8c5
tdc_skin_reaction,"Chemprop v2 (D-MPNN + RDKit2D, ensemble=3)",Chemprop v2,oof,6,CCCCc1ccc(C(=O)CC(=O)c2cc(C)c(C)c(C)c2C)cc1,0.0,0.46021903,88cdcb438761d8c5
tdc_skin_reaction,"Chemprop v2 (D-MPNN + RDKit2D, ensemble=3)",Chemprop v2,oof,7,CC(C)(CC1Cc2ccccc2C1)NCC(O)COc1cc(CCC(=O)O)cc(F)c1F,0.0,0.30494428,88cdcb438761d8c5
tdc_skin_reaction,"Chemprop v2 (D-MPNN + RDKit2D, ensemble=3)",Chemprop v2,oof,8,CCOc1ccc(C(=O)Cc2ccc(S(C)(=O)=O)cc2)cc1,0.0,0.44643608,88cdcb438761d8c5
tdc_skin_reaction,"Chemprop v2 (D-MPNN + RDKit2D, ensemble=3)",Chemprop v2,oof,9,CC(C)(C)OC(=O)N1CC(F)CC1C(N)=O,0.0,0.56511706,88cdcb438761d8c5
tdc_skin_reaction,"Chemprop v2 (D-MPNN + RDKit2D, ensemble=3)",Chemprop v2,oof,10,CC(C)(C)OC(=O)N1CC(F)CC1C(=O)O,0.0,0.5353808,88cdcb438761d8c5
tdc_skin_reaction,"Chemprop v2 (D-MPNN + RDKit2D, ensemble=3)",Chemprop v2,oof,11,Cc1nc(COc2ccc(CC(NC(=O)OC(C)(C)C)C3CO3)cc2)cs1,0.0,0.42330015,88cdcb438761d8c5
tdc_skin_reaction,"Chemprop v2 (D-MPNN + RDKit2D, ensemble=3)",Chemprop v2,oof,12,CC(C)(C)OC(=O)NC(C(=O)N1CC(F)CC1C#N)C(c1ccc(F)cc1)c1ccc(F)cc1,0.0,0.28611258,88cdcb438761d8c5
tdc_skin_reaction,"Chemprop v2 (D-MPNN + RDKit2D, ensemble=3)",Chemprop v2,oof,13,O=c1[nH]c(=S)[nH]c2c1CCC2,0.0,0.43533075,88cdcb438761d8c5
tdc_skin_reaction,"Chemprop v2 (D-MPNN + RDKit2D, ensemble=3)",Chemprop v2,oof,14,Cc1ccc(C)c(C(=O)CC(=O)c2cc(C)ccc2C)c1,0.0,0.47686386,88cdcb438761d8c5
tdc_skin_reaction,"Chemprop v2 (D-MPNN + RDKit2D, ensemble=3)",Chemprop v2,oof,15,CC1C(c2ccccc2)NC(=O)N1C,0.0,0.6099554,88cdcb438761d8c5
tdc_skin_reaction,"Chemprop v2 (D-MPNN + RDKit2D, ensemble=3)",Chemprop v2,oof,16,CCCOc1ccc2c(c1)C(O)(c1ccc(OC)cc1OCc1ccccc1)C(C(=O)N1C(=O)N(C)C(C)C1c1ccccc1)C2c1ccc2c(c1)OCO2,0.0,0.6418457,88cdcb438761d8c5
tdc_skin_reaction,"Chemprop v2 (D-MPNN + RDKit2D, ensemble=3)",Chemprop v2,oof,17,N#CC1CC(F)CN1C(=O)C(N)C(c1ccc(F)cc1)c1ccc(F)cc1,0.0,0.36818948,88cdcb438761d8c5
tdc_skin_reaction,"Chemprop v2 (D-MPNN + RDKit2D, ensemble=3)",Chemprop v2,oof,18,CCCOc1ccc(C=CC(=O)N2C(=O)N(C)C(C)C2c2ccccc2)c(C(=O)c2ccc(OC)cc2OCc2ccccc2)c1,0.0,0.2888322,88cdcb438761d8c5
tdc_skin_reaction,"Chemprop v2 (D-MPNN + RDKit2D, ensemble=3)",Chemprop v2,oof,19,COc1ccc(C2(C#N)CCC(=O)CC2)cc1OC1CCCC1,0.0,0.39334098,88cdcb438761d8c5
tdc_skin_reaction,"Chemprop v2 (D-MPNN + RDKit2D, ensemble=3)",Chemprop v2,oof,20,CC(=O)c1ccc(Cc2ccc(F)cc2)o1,0.0,0.5197111,88cdcb438761d8c5
tdc_skin_reaction,"Chemprop v2 (D-MPNN + RDKit2D, ensemble=3)",Chemprop v2,oof,21,CCOc1ccc(-c2nn3ncccc3c2-c2ccc(S(C)(=O)=O)cc2)cc1,0.0,0.3773966,88cdcb438761d8c5
tdc_skin_reaction,"Chemprop v2 (D-MPNN + RDKit2D, ensemble=3)",Chemprop v2,oof,22,CC(=O)CCCN1C(=O)c2ccccc2C1=O,0.0,0.53890365,88cdcb438761d8c5
tdc_skin_reaction,"Chemprop v2 (D-MPNN + RDKit2D, ensemble=3)",Chemprop v2,oof,23,CC(C)(C)N(Cc1ccccc1)CC(O)c1ccc(O)c(CO)c1,0.0,0.48903045,88cdcb438761d8c5
tdc_skin_reaction,"Chemprop v2 (D-MPNN + RDKit2D, ensemble=3)",Chemprop v2,oof,24,Cc1nc(COc2ccc(CC(NC(=O)OC3COC4OCCC34)C(O)CN(CC(C)C)S(=O)(=O)c3ccc4c(c3)OCO4)cc2)cs1,0.0,0.1399816,88cdcb438761d8c5
tdc_skin_reaction,"Chemprop v2 (D-MPNN + RDKit2D, ensemble=3)",Chemprop v2,oof,25,CC(C)N(C(=O)Cn1c(=O)c(=NOCc2ccccc2)c(=O)n(-c2ccccc2)c2ccccc21)c1ccccc1,0.0,0.34706068,88cdcb438761d8c5
tdc_skin_reaction,"Chemprop v2 (D-MPNN + RDKit2D, ensemble=3)",Chemprop v2,oof,26,Cc1c2ccc(N)cc2nn1C,0.0,0.5653659,88cdcb438761d8c5
tdc_skin_reaction,"Chemprop v2 (D-MPNN + RDKit2D, ensemble=3)",Chemprop v2,oof,27,COc1cc(C)c2c(Oc3cccc(C(F)(F)F)c3)c(OC)cc(N)c2n1,0.0,0.2760341,88cdcb438761d8c5
tdc_skin_reaction,"Chemprop v2 (D-MPNN + RDKit2D, ensemble=3)",Chemprop v2,oof,28,COc1cc(C)c2c(Oc3cccc(C(F)(F)F)c3)c(OC)cc(NC(C)CCCN3C(=O)c4ccccc4C3=O)c2n1,0.0,0.3153291,88cdcb438761d8c5
tdc_skin_reaction,"Chemprop v2 (D-MPNN + RDKit2D, ensemble=3)",Chemprop v2,oof,29,CC(=O)C1CCCCC1=O,0.0,0.54766726,88cdcb438761d8c5
tdc_skin_reaction,"Chemprop v2 (D-MPNN + RDKit2D, ensemble=3)",Chemprop v2,oof,30,CS(=O)(=O)CCN,0.0,0.6526003,88cdcb438761d8c5
tdc_skin_reaction,"Chemprop v2 (D-MPNN + RDKit2D, ensemble=3)",Chemprop v2,oof,31,COc1ccc2nc(Cl)cc(C)c2c1,0.0,0.5672725,88cdcb438761d8c5
tdc_skin_reaction,"Chemprop v2 (D-MPNN + RDKit2D, ensemble=3)",Chemprop v2,oof,32,C=C(C)C(=O)OCC(C)O,0.0,0.7016227,88cdcb438761d8c5
tdc_skin_reaction,"Chemprop v2 (D-MPNN + RDKit2D, ensemble=3)",Chemprop v2,oof,33,CCC(C)C1C(=O)NC(C2Cc3ccccc3C2)C(=O)N1C(C(=O)N1CCOCC1)c1coc(C)n1,0.0,0.29525843,88cdcb438761d8c5
tdc_skin_reaction,"Chemprop v2 (D-MPNN + RDKit2D, ensemble=3)",Chemprop v2,oof,34,CC(C)N(C(=O)CN1C(=O)C(N)C(=O)N(c2ccccc2)c2ccccc21)c1ccccc1,0.0,0.41937208,88cdcb438761d8c5
tdc_skin_reaction,"Chemprop v2 (D-MPNN + RDKit2D, ensemble=3)",Chemprop v2,oof,35,O=C(O)c1c(O)c(-c2ccccc2)nc2ccccc12,0.0,0.4738256,88cdcb438761d8c5
tdc_skin_reaction,"Chemprop v2 (D-MPNN + RDKit2D, ensemble=3)",Chemprop v2,oof,36,CC1C=CC(C(C)C)CC1,0.0,0.8891773,88cdcb438761d8c5
tdc_skin_reaction,"Chemprop v2 (D-MPNN + RDKit2D, ensemble=3)",Chemprop v2,oof,37,O=Cc1ccc(-c2ccc(C(F)(F)F)cc2)cc1,0.0,0.55244845,88cdcb438761d8c5
tdc_skin_reaction,"Chemprop v2 (D-MPNN + RDKit2D, ensemble=3)",Chemprop v2,oof,38,CCCCN1C(=O)C(C(O)C2CCCCC2)NC(=O)C12CCN(Cc1ccc(Oc3ccc(C(=O)O)cc3)cc1)CC2,0.0,0.08288231,88cdcb438761d8c5
tdc_skin_reaction,"Chemprop v2 (D-MPNN + RDKit2D, ensemble=3)",Chemprop v2,oof,39,COc1ccc(C2(C#N)CCC(C(=O)O)CC2)cc1OC1CCCC1,0.0,0.36206147,88cdcb438761d8c5
tdc_skin_reaction,"Chemprop v2 (D-MPNN + RDKit2D, ensemble=3)",Chemprop v2,oof,40,NC(=O)C1CC(F)CN1,0.0,0.69449306,88cdcb438761d8c5
tdc_skin_reaction,"Chemprop v2 (D-MPNN + RDKit2D, ensemble=3)",Chemprop v2,oof,41,C=C1CC(C(=C)C)CCC1C,0.0,0.8717107,88cdcb438761d8c5
tdc_skin_reaction,"Chemprop v2 (D-MPNN + RDKit2D, ensemble=3)",Chemprop v2,oof,42,C=C1CCC(C(C)C)CC1,0.0,0.87072295,88cdcb438761d8c5
tdc_skin_reaction,"Chemprop v2 (D-MPNN + RDKit2D, ensemble=3)",Chemprop v2,oof,43,Cc1ccc(Nc2nccc(N(C)c3ccc4c(C)n(C)nc4c3)n2)cc1S(N)(=O)=O,0.0,0.4092387,88cdcb438761d8c5
tdc_skin_reaction,"Chemprop v2 (D-MPNN + RDKit2D, ensemble=3)",Chemprop v2,oof,44,COc1cc(C)c2c(Cl)c(OC)ccc2n1,0.0,0.48976645,88cdcb438761d8c5
tdc_skin_reaction,"Chemprop v2 (D-MPNN + RDKit2D, ensemble=3)",Chemprop v2,oof,45,Cc1cc2c(cc1C(F)(F)F)NCC2,0.0,0.5571497,88cdcb438761d8c5
tdc_skin_reaction,"Chemprop v2 (D-MPNN + RDKit2D, ensemble=3)",Chemprop v2,oof,46,OCCCCCCCl,0.0,0.75837237,88cdcb438761d8c5
tdc_skin_reaction,"Chemprop v2 (D-MPNN + RDKit2D, ensemble=3)",Chemprop v2,oof,47,C=CC1(C)CC(OC(=O)CO)C2(C)C(C)CCC3(CCC(=O)C32)C(C)C1O,0.0,0.34081936,88cdcb438761d8c5
tdc_skin_reaction,"Chemprop v2 (D-MPNN + RDKit2D, ensemble=3)",Chemprop v2,oof,48,O=c1[nH]cnc2ccc(I)cc12,0.0,0.57510084,88cdcb438761d8c5
tdc_skin_reaction,"Chemprop v2 (D-MPNN + RDKit2D, ensemble=3)",Chemprop v2,oof,49,COc1ccc2[nH]c(=O)cc(C)c2c1,0.0,0.4349424,88cdcb438761d8c5
tdc_skin_reaction,"Chemprop v2 (D-MPNN + RDKit2D, ensemble=3)",Chemprop v2,oof,50,COc1cc(N)c2nccc(C)c2c1,0.0,0.5488585,88cdcb438761d8c5
tdc_skin_reaction,"Chemprop v2 (D-MPNN + RDKit2D, ensemble=3)",Chemprop v2,oof,51,Cc1ccc2oc(=O)ccc2c1,0.0,0.55937636,88cdcb438761d8c5
tdc_skin_reaction,"Chemprop v2 (D-MPNN + RDKit2D, ensemble=3)",Chemprop v2,oof,52,COc1ccc(Nc2ccc(CCNCC(O)c3ccc(O)c4[nH]c(=O)ccc34)cc2)cc1-c1ccccc1,0.0,0.33858427,88cdcb438761d8c5
tdc_skin_reaction,"Chemprop v2 (D-MPNN + RDKit2D, ensemble=3)",Chemprop v2,oof,53,O=C(O)CCCCC(=O)O,0.0,0.5081351,88cdcb438761d8c5
tdc_skin_reaction,"Chemprop v2 (D-MPNN + RDKit2D, ensemble=3)",Chemprop v2,oof,54,CCNc1nc(Cl)nc(NC(C)C)n1,0.0,0.49097538,88cdcb438761d8c5
tdc_skin_reaction,"Chemprop v2 (D-MPNN + RDKit2D, ensemble=3)",Chemprop v2,oof,55,CCCCBr,0.0,0.7975773,88cdcb438761d8c5
tdc_skin_reaction,"Chemprop v2 (D-MPNN + RDKit2D, ensemble=3)",Chemprop v2,oof,56,CCCCCCCCCBr,0.0,0.6913616,88cdcb438761d8c5
tdc_skin_reaction,"Chemprop v2 (D-MPNN + RDKit2D, ensemble=3)",Chemprop v2,oof,57,C=C1CC=C(C(C)C)CC1,0.0,0.7947893,88cdcb438761d8c5
tdc_skin_reaction,"Chemprop v2 (D-MPNN + RDKit2D, ensemble=3)",Chemprop v2,oof,58,CCCCO,0.0,0.6504402,88cdcb438761d8c5
tdc_skin_reaction,"Chemprop v2 (D-MPNN + RDKit2D, ensemble=3)",Chemprop v2,oof,59,CCCCCCCCCCl,0.0,0.6824071,88cdcb438761d8c5
tdc_skin_reaction,"Chemprop v2 (D-MPNN + RDKit2D, ensemble=3)",Chemprop v2,oof,60,CCC1OC(=O)C(C)C(OC2CC(C)(OC)C(O)C(C)O2)C(C)C(OC2OC(C)CC(N(C)C)C2O)C(C)(OC)CC(C)C(=O)C(C)C(O)C1(C)O,0.0,0.25730982,88cdcb438761d8c5
tdc_skin_reaction,"Chemprop v2 (D-MPNN + RDKit2D, ensemble=3)",Chemprop v2,oof,61,O=c1ccc2ccccc2o1,0.0,0.57097876,88cdcb438761d8c5
tdc_skin_reaction,"Chemprop v2 (D-MPNN + RDKit2D, ensemble=3)",Chemprop v2,oof,62,Nc1cc[nH]c(=O)n1,0.0,0.54964966,88cdcb438761d8c5
tdc_skin_reaction,"Chemprop v2 (D-MPNN + RDKit2D, ensemble=3)",Chemprop v2,oof,63,COC(=O)CCC(C#N)(CCC(=O)OC)c1ccc(OC)c(OC2CCCC2)c1,0.0,0.3169211,88cdcb438761d8c5
tdc_skin_reaction,"Chemprop v2 (D-MPNN + RDKit2D, ensemble=3)",Chemprop v2,oof,64,COC(=O)OC,0.0,0.5942809,88cdcb438761d8c5
tdc_skin_reaction,"Chemprop v2 (D-MPNN + RDKit2D, ensemble=3)",Chemprop v2,oof,65,CCOC(=O)C(=NOC(C)(C)C(=O)OC(C)(C)C)c1csc(NC(c2ccccc2)(c2ccccc2)c2ccccc2)n1,0.0,0.37316373,88cdcb438761d8c5
tdc_skin_reaction,"Chemprop v2 (D-MPNN + RDKit2D, ensemble=3)",Chemprop v2,oof,66,CCOC(=O)c1nnc[nH]1,0.0,0.610161,88cdcb438761d8c5
tdc_skin_reaction,"Chemprop v2 (D-MPNN + RDKit2D, ensemble=3)",Chemprop v2,oof,67,CCOC(=O)CC(=O)c1cc(F)c(Cl)nc1Cl,0.0,0.5337741,88cdcb438761d8c5
tdc_skin_reaction,"Chemprop v2 (D-MPNN + RDKit2D, ensemble=3)",Chemprop v2,oof,68,O=C(O)C=CC(=O)O,0.0,0.5778162,88cdcb438761d8c5
tdc_skin_reaction,"Chemprop v2 (D-MPNN + RDKit2D, ensemble=3)",Chemprop v2,oof,69,O=C(C(=O)c1ccco1)c1ccco1,0.0,0.46777627,88cdcb438761d8c5
tdc_skin_reaction,"Chemprop v2 (D-MPNN + RDKit2D, ensemble=3)",Chemprop v2,oof,70,OCC(O)CO,0.0,0.6901903,88cdcb438761d8c5
tdc_skin_reaction,"Chemprop v2 (D-MPNN + RDKit2D, ensemble=3)",Chemprop v2,oof,71,CCCCCC,0.0,0.8362867,88cdcb438761d8c5
tdc_skin_reaction,"Chemprop v2 (D-MPNN + RDKit2D, ensemble=3)",Chemprop v2,oof,72,CCCCCCI,0.0,0.82699996,88cdcb438761d8c5
tdc_skin_reaction,"Chemprop v2 (D-MPNN + RDKit2D, ensemble=3)",Chemprop v2,oof,73,CCCCCCCCCCCCCCCCCCI,0.0,0.64389694,88cdcb438761d8c5
tdc_skin_reaction,"Chemprop v2 (D-MPNN + RDKit2D, ensemble=3)",Chemprop v2,oof,74,CC(C)O,0.0,0.9928904,88cdcb438761d8c5
tdc_skin_reaction,"Chemprop v2 (D-MPNN + RDKit2D, ensemble=3)",Chemprop v2,oof,75,CC(C)N(C#N)C#N,0.0,0.74243355,88cdcb438761d8c5
tdc_skin_reaction,"Chemprop v2 (D-MPNN + RDKit2D, ensemble=3)",Chemprop v2,oof,76,NCC1OC(OC2C(N)CC(N)C(OC3OC(CO)C(O)C(N)C3O)C2O)C(O)C(O)C1O,0.0,0.24593358,88cdcb438761d8c5
tdc_skin_reaction,"Chemprop v2 (D-MPNN + RDKit2D, ensemble=3)",Chemprop v2,oof,77,CC(O)C(=O)O,0.0,0.5918789,88cdcb438761d8c5
tdc_skin_reaction,"Chemprop v2 (D-MPNN + RDKit2D, ensemble=3)",Chemprop v2,oof,78,Cc1c2ccc(Nc3ccnc(Cl)n3)cc2nn1C,0.0,0.5123928,88cdcb438761d8c5
tdc_skin_reaction,"Chemprop v2 (D-MPNN + RDKit2D, ensemble=3)",Chemprop v2,oof,79,Cc1c2ccc(N(C)c3ccnc(Cl)n3)cc2nn1C,0.0,0.51696366,88cdcb438761d8c5
tdc_skin_reaction,"Chemprop v2 (D-MPNN + RDKit2D, ensemble=3)",Chemprop v2,oof,80,CCCCN1CCC(CNC(=O)c2c3n(c4ccccc24)CCCO3)CC1,0.0,0.4029607,88cdcb438761d8c5
tdc_skin_reaction,"Chemprop v2 (D-MPNN + RDKit2D, ensemble=3)",Chemprop v2,oof,81,CC(C)(C)OC(=O)NC(C(=O)O)C(c1ccc(F)cc1)c1ccc(F)cc1,0.0,0.4422694,88cdcb438761d8c5
tdc_skin_reaction,"Chemprop v2 (D-MPNN + RDKit2D, ensemble=3)",Chemprop v2,oof,82,O=CNc1cc(C(O)CBr)ccc1OCc1ccccc1,0.0,0.38277936,88cdcb438761d8c5
tdc_skin_reaction,"Chemprop v2 (D-MPNN + RDKit2D, ensemble=3)",Chemprop v2,oof,83,CCCCCCCC(=O)O,0.0,0.56229585,88cdcb438761d8c5
tdc_skin_reaction,"Chemprop v2 (D-MPNN + RDKit2D, ensemble=3)",Chemprop v2,oof,84,CCOc1cc(Oc2ccc(C(F)(F)F)cc2Cl)ccc1[N+](=O)[O-],0.0,0.5014869,88cdcb438761d8c5
tdc_skin_reaction,"Chemprop v2 (D-MPNN + RDKit2D, ensemble=3)",Chemprop v2,oof,85,C=CC(=O)OCC(CO)(COC(=O)C=C)COC(=O)C=C,0.0,0.54862136,88cdcb438761d8c5
tdc_skin_reaction,"Chemprop v2 (D-MPNN + RDKit2D, ensemble=3)",Chemprop v2,oof,86,Cc1cc(F)ccc1C1CC(=O)C=CN1C(=O)OCc1ccccc1,0.0,0.4171156,88cdcb438761d8c5
tdc_skin_reaction,"Chemprop v2 (D-MPNN + RDKit2D, ensemble=3)",Chemprop v2,oof,87,CC(O)CO,0.0,0.7436002,88cdcb438761d8c5
tdc_skin_reaction,"Chemprop v2 (D-MPNN + RDKit2D, ensemble=3)",Chemprop v2,oof,88,Fc1ccc(Oc2ccnc3cc(Cl)cc(Cl)c23)cc1,0.0,0.51150507,88cdcb438761d8c5
tdc_skin_reaction,"Chemprop v2 (D-MPNN + RDKit2D, ensemble=3)",Chemprop v2,oof,89,COC1C=COC2(C)Oc3c(C)c(O)c4c(O)c(cc(O)c4c3C2=O)NC(=O)C(C)=CC=CC(C)C(O)C(C)C(O)C(C)C(OC(C)=O)C1C,0.0,0.113621734,88cdcb438761d8c5
tdc_skin_reaction,"Chemprop v2 (D-MPNN + RDKit2D, ensemble=3)",Chemprop v2,oof,90,O=C1NS(=O)(=O)c2ccccc21,0.0,0.559714,88cdcb438761d8c5
tdc_skin_reaction,"Chemprop v2 (D-MPNN + RDKit2D, ensemble=3)",Chemprop v2,oof,91,O=C(O)CCC(=O)O,0.0,0.67140955,88cdcb438761d8c5
tdc_skin_reaction,"Chemprop v2 (D-MPNN + RDKit2D, ensemble=3)",Chemprop v2,oof,92,O=C(O)C(O)C(O)C(=O)O,0.0,0.604502,88cdcb438761d8c5
tdc_skin_reaction,"Chemprop v2 (D-MPNN + RDKit2D, ensemble=3)",Chemprop v2,oof,93,C=CC(=O)OCC(CC)(COC(=O)C=C)COC(=O)C=C,0.0,0.5045549,88cdcb438761d8c5
tdc_skin_reaction,"Chemprop v2 (D-MPNN + RDKit2D, ensemble=3)",Chemprop v2,oof,94,C=C(Cl)Cl,0.0,0.8177627,88cdcb438761d8c5
tdc_skin_reaction,"Chemprop v2 (D-MPNN + RDKit2D, ensemble=3)",Chemprop v2,oof,95,CCCCCCCC=CC=O,1.0,0.8654749,88cdcb438761d8c5
tdc_skin_reaction,"Chemprop v2 (D-MPNN + RDKit2D, ensemble=3)",Chemprop v2,oof,96,O=c1[nH]sc2ccccc12,1.0,0.5913034,88cdcb438761d8c5
tdc_skin_reaction,"Chemprop v2 (D-MPNN + RDKit2D, ensemble=3)",Chemprop v2,oof,97,N#CCCC(Br)(C#N)CBr,1.0,0.52756065,88cdcb438761d8c5
tdc_skin_reaction,"Chemprop v2 (D-MPNN + RDKit2D, ensemble=3)",Chemprop v2,oof,98,C=CC(=O)N1C(=O)N(C)C(C)C1c1ccccc1,1.0,0.57619184,88cdcb438761d8c5
tdc_skin_reaction,"Chemprop v2 (D-MPNN + RDKit2D, ensemble=3)",Chemprop v2,oof,99,C(CCCOCC1CO1)CCOCC1CO1,1.0,0.736312,88cdcb438761d8c5
tdc_skin_reaction,"Chemprop v2 (D-MPNN + RDKit2D, ensemble=3)",Chemprop v2,oof,100,OCCCCCCCCCCCCBr,1.0,0.86844796,88cdcb438761d8c5
tdc_skin_reaction,"Chemprop v2 (D-MPNN + RDKit2D, ensemble=3)",Chemprop v2,oof,101,O=C1C=CC2(O)C3Cc4ccc(O)c5c4C2(CCN3)C1O5,1.0,0.47390425,88cdcb438761d8c5
tdc_skin_reaction,"Chemprop v2 (D-MPNN + RDKit2D, ensemble=3)",Chemprop v2,oof,102,CCCCCCCCCCCCCCCCCCCl,1.0,0.87215656,88cdcb438761d8c5
tdc_skin_reaction,"Chemprop v2 (D-MPNN + RDKit2D, ensemble=3)",Chemprop v2,oof,103,CCCCCCCCCCI,1.0,0.6339955,88cdcb438761d8c5
tdc_skin_reaction,"Chemprop v2 (D-MPNN + RDKit2D, ensemble=3)",Chemprop v2,oof,104,CN(N=O)C(=N)N[N+](=O)[O-],1.0,0.5473103,88cdcb438761d8c5
tdc_skin_reaction,"Chemprop v2 (D-MPNN + RDKit2D, ensemble=3)",Chemprop v2,oof,105,Oc1cccc2ccccc12,1.0,0.7036341,88cdcb438761d8c5
tdc_skin_reaction,"Chemprop v2 (D-MPNN + RDKit2D, ensemble=3)",Chemprop v2,oof,106,CCCC=CC=O,1.0,0.61526567,88cdcb438761d8c5
tdc_skin_reaction,"Chemprop v2 (D-MPNN + RDKit2D, ensemble=3)",Chemprop v2,oof,107,CN(C)CCOC(C)(c1ccccc1)c1ccc(Br)cc1,1.0,0.5357553,88cdcb438761d8c5
tdc_skin_reaction,"Chemprop v2 (D-MPNN + RDKit2D, ensemble=3)",Chemprop v2,oof,108,CC(C)(C)N(CC(=O)c1ccc(O)c(CO)c1)Cc1ccccc1,1.0,0.46757075,88cdcb438761d8c5
tdc_skin_reaction,"Chemprop v2 (D-MPNN + RDKit2D, ensemble=3)",Chemprop v2,oof,109,C=CC(=O)OCC(CC)CCCC,1.0,0.732939,88cdcb438761d8c5
tdc_skin_reaction,"Chemprop v2 (D-MPNN + RDKit2D, ensemble=3)",Chemprop v2,oof,110,C=CC(=O)OCCO,1.0,0.7157807,88cdcb438761d8c5
tdc_skin_reaction,"Chemprop v2 (D-MPNN + RDKit2D, ensemble=3)",Chemprop v2,oof,111,Sc1nc2ccccc2s1,1.0,0.6412199,88cdcb438761d8c5
tdc_skin_reaction,"Chemprop v2 (D-MPNN + RDKit2D, ensemble=3)",Chemprop v2,oof,112,CCCCCCCCCC(C)C=O,1.0,0.792983,88cdcb438761d8c5
tdc_skin_reaction,"Chemprop v2 (D-MPNN + RDKit2D, ensemble=3)",Chemprop v2,oof,113,CC(CC(=O)Cl)CC(C)(C)C,1.0,0.5612102,88cdcb438761d8c5
tdc_skin_reaction,"Chemprop v2 (D-MPNN + RDKit2D, ensemble=3)",Chemprop v2,oof,114,CC1(C)CC(CBr)C(=O)O1,1.0,0.7382627,88cdcb438761d8c5
tdc_skin_reaction,"Chemprop v2 (D-MPNN + RDKit2D, ensemble=3)",Chemprop v2,oof,115,CN(C)CCCN,1.0,0.77702093,88cdcb438761d8c5
tdc_skin_reaction,"Chemprop v2 (D-MPNN + RDKit2D, ensemble=3)",Chemprop v2,oof,116,Nc1cc(F)cc(-c2cccnc2)c1,1.0,0.504625,88cdcb438761d8c5
tdc_skin_reaction,"Chemprop v2 (D-MPNN + RDKit2D, ensemble=3)",Chemprop v2,oof,117,Cn1sc(Cl)cc1=O,1.0,0.5780001,88cdcb438761d8c5
tdc_skin_reaction,"Chemprop v2 (D-MPNN + RDKit2D, ensemble=3)",Chemprop v2,oof,118,CC(=O)C(=O)CC(C)C,1.0,0.60521024,88cdcb438761d8c5
tdc_skin_reaction,"Chemprop v2 (D-MPNN + RDKit2D, ensemble=3)",Chemprop v2,oof,119,C=CCC1(C)C=C(OC)C(=O)CC1,1.0,0.5361229,88cdcb438761d8c5
tdc_skin_reaction,"Chemprop v2 (D-MPNN + RDKit2D, ensemble=3)",Chemprop v2,oof,120,CCN(CC)CCCCCCO,1.0,0.7350721,88cdcb438761d8c5
tdc_skin_reaction,"Chemprop v2 (D-MPNN + RDKit2D, ensemble=3)",Chemprop v2,oof,121,CCC=CCCCCC=O,1.0,0.7853686,88cdcb438761d8c5
tdc_skin_reaction,"Chemprop v2 (D-MPNN + RDKit2D, ensemble=3)",Chemprop v2,oof,122,O=C(O)c1ccc2c(c1)C(=O)OC2=O,1.0,0.6205425,88cdcb438761d8c5
tdc_skin_reaction,"Chemprop v2 (D-MPNN + RDKit2D, ensemble=3)",Chemprop v2,oof,123,O=C(OCc1ccccc1)c1ccccc1,1.0,0.62649137,88cdcb438761d8c5
tdc_skin_reaction,"Chemprop v2 (D-MPNN + RDKit2D, ensemble=3)",Chemprop v2,oof,124,CC(C)(c1ccc(OCC2CO2)cc1)c1ccc(OCC2CO2)cc1,1.0,0.46249738,88cdcb438761d8c5
tdc_skin_reaction,"Chemprop v2 (D-MPNN + RDKit2D, ensemble=3)",Chemprop v2,oof,125,C=C1C=CC(C(C)C)CC1,1.0,0.65197116,88cdcb438761d8c5
tdc_skin_reaction,"Chemprop v2 (D-MPNN + RDKit2D, ensemble=3)",Chemprop v2,oof,126,O=CC=C(c1ccccc1)c1ccccc1,1.0,0.5883818,88cdcb438761d8c5
tdc_skin_reaction,"Chemprop v2 (D-MPNN + RDKit2D, ensemble=3)",Chemprop v2,oof,127,CCCCCCCCCCCCCCCCCCCCCCBr,1.0,0.97437865,88cdcb438761d8c5
tdc_skin_reaction,"Chemprop v2 (D-MPNN + RDKit2D, ensemble=3)",Chemprop v2,oof,128,CCCCCCCCCCCCBr,1.0,0.62896943,88cdcb438761d8c5
tdc_skin_reaction,"Chemprop v2 (D-MPNN + RDKit2D, ensemble=3)",Chemprop v2,oof,129,CCCCCCCCCCCCCCCCCCCCBr,1.0,0.91030043,88cdcb438761d8c5
tdc_skin_reaction,"Chemprop v2 (D-MPNN + RDKit2D, ensemble=3)",Chemprop v2,oof,130,CCCCCCCCCCCCCCCCCBr,1.0,0.63646275,88cdcb438761d8c5
tdc_skin_reaction,"Chemprop v2 (D-MPNN + RDKit2D, ensemble=3)",Chemprop v2,oof,131,CCCCCCCCCCCCCCCCBr,1.0,0.94992495,88cdcb438761d8c5
tdc_skin_reaction,"Chemprop v2 (D-MPNN + RDKit2D, ensemble=3)",Chemprop v2,oof,132,CCCCCCBr,1.0,0.8054287,88cdcb438761d8c5
tdc_skin_reaction,"Chemprop v2 (D-MPNN + RDKit2D, ensemble=3)",Chemprop v2,oof,133,CCCCCCCCCCCCCCCCCCBr,1.0,0.72782284,88cdcb438761d8c5
tdc_skin_reaction,"Chemprop v2 (D-MPNN + RDKit2D, ensemble=3)",Chemprop v2,oof,134,CCCCCCCCCCCCCCCBr,1.0,0.7172925,88cdcb438761d8c5
tdc_skin_reaction,"Chemprop v2 (D-MPNN + RDKit2D, ensemble=3)",Chemprop v2,oof,135,CCCCCCCCCCCCCCBr,1.0,0.8584406,88cdcb438761d8c5
tdc_skin_reaction,"Chemprop v2 (D-MPNN + RDKit2D, ensemble=3)",Chemprop v2,oof,136,CCCCCCCCCCCCCBr,1.0,0.86187834,88cdcb438761d8c5
tdc_skin_reaction,"Chemprop v2 (D-MPNN + RDKit2D, ensemble=3)",Chemprop v2,oof,137,CCCCCCCCCCCBr,1.0,0.91169435,88cdcb438761d8c5
tdc_skin_reaction,"Chemprop v2 (D-MPNN + RDKit2D, ensemble=3)",Chemprop v2,oof,138,C=CC(=O)OCCCC,1.0,0.72799534,88cdcb438761d8c5
tdc_skin_reaction,"Chemprop v2 (D-MPNN + RDKit2D, ensemble=3)",Chemprop v2,oof,139,CCCCOCC1CO1,1.0,0.5818729,88cdcb438761d8c5
tdc_skin_reaction,"Chemprop v2 (D-MPNN + RDKit2D, ensemble=3)",Chemprop v2,oof,140,CCCCCCCCCCCC1=NC(C)(C)C(=O)O1,1.0,0.6982221,88cdcb438761d8c5
tdc_skin_reaction,"Chemprop v2 (D-MPNN + RDKit2D, ensemble=3)",Chemprop v2,oof,141,CCCCC1=NC(C)(C)C(=O)O1,1.0,0.684732,88cdcb438761d8c5
tdc_skin_reaction,"Chemprop v2 (D-MPNN + RDKit2D, ensemble=3)",Chemprop v2,oof,142,CCCCCCCCCCCCCCCl,1.0,0.859672,88cdcb438761d8c5
tdc_skin_reaction,"Chemprop v2 (D-MPNN + RDKit2D, ensemble=3)",Chemprop v2,oof,143,CC(C)=CCCC(C)=CC=O,1.0,0.77444726,88cdcb438761d8c5
tdc_skin_reaction,"Chemprop v2 (D-MPNN + RDKit2D, ensemble=3)",Chemprop v2,oof,144,CCCCCCCCCCCCCCCCCl,1.0,0.7121067,88cdcb438761d8c5
tdc_skin_reaction,"Chemprop v2 (D-MPNN + RDKit2D, ensemble=3)",Chemprop v2,oof,145,CCOS(=O)(=O)OCC,1.0,0.61389345,88cdcb438761d8c5
tdc_skin_reaction,"Chemprop v2 (D-MPNN + RDKit2D, ensemble=3)",Chemprop v2,oof,146,CCC(C=O)CC,1.0,0.6007269,88cdcb438761d8c5
tdc_skin_reaction,"Chemprop v2 (D-MPNN + RDKit2D, ensemble=3)",Chemprop v2,oof,147,NCCNCCN,1.0,0.5912393,88cdcb438761d8c5
tdc_skin_reaction,"Chemprop v2 (D-MPNN + RDKit2D, ensemble=3)",Chemprop v2,oof,148,NCCCNCCCN,1.0,0.78474283,88cdcb438761d8c5
tdc_skin_reaction,"Chemprop v2 (D-MPNN + RDKit2D, ensemble=3)",Chemprop v2,oof,149,CCCCCCCCCCCCOS(C)(=O)=O,1.0,0.6469218,88cdcb438761d8c5
tdc_skin_reaction,"Chemprop v2 (D-MPNN + RDKit2D, ensemble=3)",Chemprop v2,oof,150,CCOC(=O)CC1CC2CCC(C1)N2C,1.0,0.7100224,88cdcb438761d8c5
tdc_skin_reaction,"Chemprop v2 (D-MPNN + RDKit2D, ensemble=3)",Chemprop v2,oof,151,C=CC(=O)OCC,1.0,0.65073925,88cdcb438761d8c5
tdc_skin_reaction,"Chemprop v2 (D-MPNN + RDKit2D, ensemble=3)",Chemprop v2,oof,152,CCC(O)C(CO)CO,1.0,0.56998473,88cdcb438761d8c5
tdc_skin_reaction,"Chemprop v2 (D-MPNN + RDKit2D, ensemble=3)",Chemprop v2,oof,153,C=C(C)C(=O)OCCOC(=O)C(=C)C,1.0,0.64741284,88cdcb438761d8c5
tdc_skin_reaction,"Chemprop v2 (D-MPNN + RDKit2D, ensemble=3)",Chemprop v2,oof,154,C=C(C)C(=O)O,1.0,0.6807351,88cdcb438761d8c5
tdc_skin_reaction,"Chemprop v2 (D-MPNN + RDKit2D, ensemble=3)",Chemprop v2,oof,155,O=C1OC2(c3ccc(O)cc3Oc3cc(O)ccc32)c2ccc(N=C=S)cc21,1.0,0.3198377,88cdcb438761d8c5
tdc_skin_reaction,"Chemprop v2 (D-MPNN + RDKit2D, ensemble=3)",Chemprop v2,oof,156,CC(CC=O)CCCC(C)(C)O,1.0,0.61191744,88cdcb438761d8c5
tdc_skin_reaction,"Chemprop v2 (D-MPNN + RDKit2D, ensemble=3)",Chemprop v2,oof,157,CCCCCCCCCCCCI,1.0,0.85790867,88cdcb438761d8c5
tdc_skin_reaction,"Chemprop v2 (D-MPNN + RDKit2D, ensemble=3)",Chemprop v2,oof,158,CCCCCCCCCCCCCCCCI,1.0,0.6416272,88cdcb438761d8c5
tdc_skin_reaction,"Chemprop v2 (D-MPNN + RDKit2D, ensemble=3)",Chemprop v2,oof,159,CCCCCCCCCI,1.0,0.83939743,88cdcb438761d8c5
tdc_skin_reaction,"Chemprop v2 (D-MPNN + RDKit2D, ensemble=3)",Chemprop v2,oof,160,CCCCCCCCCCCCCCI,1.0,0.9455368,88cdcb438761d8c5
tdc_skin_reaction,"Chemprop v2 (D-MPNN + RDKit2D, ensemble=3)",Chemprop v2,oof,161,CC(C)CCCCCC(=O)Cl,1.0,0.80052567,88cdcb438761d8c5
tdc_skin_reaction,"Chemprop v2 (D-MPNN + RDKit2D, ensemble=3)",Chemprop v2,oof,162,CCCCCCCCCCCCCC(=O)OC(C)C,1.0,0.8894207,88cdcb438761d8c5
tdc_skin_reaction,"Chemprop v2 (D-MPNN + RDKit2D, ensemble=3)",Chemprop v2,oof,163,C=C(C)C1CC=C(C)CC1,1.0,0.87067026,88cdcb438761d8c5
tdc_skin_reaction,"Chemprop v2 (D-MPNN + RDKit2D, ensemble=3)",Chemprop v2,oof,164,C=CC(C)(O)CCC=C(C)C=O,1.0,0.7319681,88cdcb438761d8c5
tdc_skin_reaction,"Chemprop v2 (D-MPNN + RDKit2D, ensemble=3)",Chemprop v2,oof,165,CCCCCC=CCC=CCCCCCCCC(=O)O,1.0,0.86040217,88cdcb438761d8c5
tdc_skin_reaction,"Chemprop v2 (D-MPNN + RDKit2D, ensemble=3)",Chemprop v2,oof,166,CCCCCCC#CC(=O)OC,1.0,0.61824036,88cdcb438761d8c5
tdc_skin_reaction,"Chemprop v2 (D-MPNN + RDKit2D, ensemble=3)",Chemprop v2,oof,167,C=CC(=O)OC,1.0,0.7647664,88cdcb438761d8c5
tdc_skin_reaction,"Chemprop v2 (D-MPNN + RDKit2D, ensemble=3)",Chemprop v2,oof,168,CCCCCCCCCCCCCCC=CS(=O)(=O)OC,1.0,0.579041,88cdcb438761d8c5
tdc_skin_reaction,"Chemprop v2 (D-MPNN + RDKit2D, ensemble=3)",Chemprop v2,oof,169,C=C(C)C(=O)OC,1.0,0.72250175,88cdcb438761d8c5
tdc_skin_reaction,"Chemprop v2 (D-MPNN + RDKit2D, ensemble=3)",Chemprop v2,oof,170,CCCCCCCCC(=O)Cl,1.0,0.7614116,88cdcb438761d8c5
tdc_skin_reaction,"Chemprop v2 (D-MPNN + RDKit2D, ensemble=3)",Chemprop v2,oof,171,FOC1=C2CCC(C2)C1,1.0,0.7546098,88cdcb438761d8c5
tdc_skin_reaction,"Chemprop v2 (D-MPNN + RDKit2D, ensemble=3)",Chemprop v2,oof,172,CCCCCCCCO,1.0,0.80743104,88cdcb438761d8c5
tdc_skin_reaction,"Chemprop v2 (D-MPNN + RDKit2D, ensemble=3)",Chemprop v2,oof,173,CCCCCCCCC=CCCCCCCCC(=O)O,1.0,0.7416474,88cdcb438761d8c5
tdc_skin_reaction,"Chemprop v2 (D-MPNN + RDKit2D, ensemble=3)",Chemprop v2,oof,174,CCOC=C1N=C(c2ccccc2)OC1=O,1.0,0.5339201,88cdcb438761d8c5
tdc_skin_reaction,"Chemprop v2 (D-MPNN + RDKit2D, ensemble=3)",Chemprop v2,oof,175,CCCCCCCCCCCCCCCC(=O)Cl,1.0,0.8287194,88cdcb438761d8c5
tdc_skin_reaction,"Chemprop v2 (D-MPNN + RDKit2D, ensemble=3)",Chemprop v2,oof,176,O=C(Oc1ccccc1)c1ccccc1,1.0,0.53451806,88cdcb438761d8c5
tdc_skin_reaction,"Chemprop v2 (D-MPNN + RDKit2D, ensemble=3)",Chemprop v2,oof,177,CC(CCCCN)C(C)(C)N,1.0,0.7353614,88cdcb438761d8c5
tdc_skin_reaction,"Chemprop v2 (D-MPNN + RDKit2D, ensemble=3)",Chemprop v2,oof,178,C=CCCCCCCCCC(=O)O,1.0,0.60117936,88cdcb438761d8c5
tdc_skin_reaction,"Chemprop v2 (D-MPNN + RDKit2D, ensemble=3)",Chemprop v2,oof,179,CC=CC=CC=O,1.0,0.7911654,88cdcb438761d8c5
tdc_skin_reaction,"Chemprop v2 (D-MPNN + RDKit2D, ensemble=3)",Chemprop v2,oof,180,CN1C2CCC1CC(O)C2,1.0,0.755492,88cdcb438761d8c5
tdc_skin_reaction,"Chemprop v2 (D-MPNN + RDKit2D, ensemble=3)",Chemprop v2,oof,181,CC(C)N(C(=O)CN1C(=O)C(NC(=O)Nc2cccc(C(=O)OC(C)(C)C)c2)C(=O)N(c2ccccc2)c2ccccc21)c1ccccc1,1.0,0.04213984,88cdcb438761d8c5
tdc_skin_reaction,"Chemprop v2 (D-MPNN + RDKit2D, ensemble=3)",Chemprop v2,oof,182,NC1CCCCC1N,1.0,0.573666,88cdcb438761d8c5
tdc_skin_reaction,"Chemprop v2 (D-MPNN + RDKit2D, ensemble=3)",Chemprop v2,oof,183,O=S(=O)(Cl)c1ccc2c(c1)OCO2,1.0,0.5544816,88cdcb438761d8c5
tdc_skin_reaction,"Chemprop v2 (D-MPNN + RDKit2D, ensemble=3)",Chemprop v2,oof,184,O=C(O)CCCCCCCCCCCBr,1.0,0.7096074,88cdcb438761d8c5
tdc_skin_reaction,"Chemprop v2 (D-MPNN + RDKit2D, ensemble=3)",Chemprop v2,oof,185,ClCc1ccc2ccc3cccc4ccc1c2c34,1.0,0.76551986,88cdcb438761d8c5
tdc_skin_reaction,"Chemprop v2 (D-MPNN + RDKit2D, ensemble=3)",Chemprop v2,oof,186,Cc1cc(=O)n(-c2ccc(C)c(C)c2)[nH]1,1.0,0.47097716,88cdcb438761d8c5
tdc_skin_reaction,"Chemprop v2 (D-MPNN + RDKit2D, ensemble=3)",Chemprop v2,oof,187,CCC(C)(C)C1CCC(CC=O)CC1,1.0,0.6024863,88cdcb438761d8c5
tdc_skin_reaction,"Chemprop v2 (D-MPNN + RDKit2D, ensemble=3)",Chemprop v2,oof,188,CC(C)(C)C(=O)CC(=O)C(C)(C)C,1.0,0.7412681,88cdcb438761d8c5
tdc_skin_reaction,"Chemprop v2 (D-MPNN + RDKit2D, ensemble=3)",Chemprop v2,oof,189,C=C(C)C(=O)OCC(O)COc1ccc(C(C)(C)c2ccc(OCC(O)COC(=O)C(=C)C)cc2)cc1,1.0,0.3509121,88cdcb438761d8c5
tdc_skin_reaction,"Chemprop v2 (D-MPNN + RDKit2D, ensemble=3)",Chemprop v2,oof,190,Clc1nc(Cl)nc(Cl)n1,1.0,0.5489355,88cdcb438761d8c5
tdc_skin_reaction,"Chemprop v2 (D-MPNN + RDKit2D, ensemble=3)",Chemprop v2,oof,191,Clc1ccnc(Cl)n1,1.0,0.6884622,88cdcb438761d8c5
tdc_skin_reaction,"Chemprop v2 (D-MPNN + RDKit2D, ensemble=3)",Chemprop v2,oof,192,CCC=CC=CC=O,1.0,0.8026807,88cdcb438761d8c5
tdc_skin_reaction,"Chemprop v2 (D-MPNN + RDKit2D, ensemble=3)",Chemprop v2,oof,193,CC1=C(C=O)C(C)(C)CC=C1,1.0,0.7406253,88cdcb438761d8c5
tdc_skin_reaction,"Chemprop v2 (D-MPNN + RDKit2D, ensemble=3)",Chemprop v2,oof,194,COc1cc(C)c2c(Oc3cccc(C(F)(F)F)c3)c(OC)cc([N+](=O)[O-])c2n1,1.0,0.3028327,88cdcb438761d8c5
tdc_skin_reaction,"Chemprop v2 (D-MPNN + RDKit2D, ensemble=3)",Chemprop v2,oof,195,Nc1ccccc1Nc1ccccc1,1.0,0.6579573,88cdcb438761d8c5
tdc_skin_reaction,"Chemprop v2 (D-MPNN + RDKit2D, ensemble=3)",Chemprop v2,oof,196,CCCCCCCCCCCCC(Br)C(=O)O,1.0,0.6233394,88cdcb438761d8c5
tdc_skin_reaction,"Chemprop v2 (D-MPNN + RDKit2D, ensemble=3)",Chemprop v2,oof,197,O=[N+]([O-])c1ccc(OCc2cccc(F)c2)c(Cl)c1,1.0,0.5939994,88cdcb438761d8c5
tdc_skin_reaction,"Chemprop v2 (D-MPNN + RDKit2D, ensemble=3)",Chemprop v2,oof,198,Cc1nc2ccccc2c(=O)o1,1.0,0.57531923,88cdcb438761d8c5
tdc_skin_reaction,"Chemprop v2 (D-MPNN + RDKit2D, ensemble=3)",Chemprop v2,oof,199,O=C(Nc1ccc(Cl)c(Cl)c1)c1cc(Cl)cc(Cl)c1O,1.0,0.5243991,88cdcb438761d8c5
tdc_skin_reaction,"Chemprop v2 (D-MPNN + RDKit2D, ensemble=3)",Chemprop v2,oof,200,O=C1CCc2ccccc2O1,1.0,0.6472643,88cdcb438761d8c5
tdc_skin_reaction,"Chemprop v2 (D-MPNN + RDKit2D, ensemble=3)",Chemprop v2,oof,201,CC1(C)CC(N)CC(C)(CN)C1,1.0,0.54885566,88cdcb438761d8c5
tdc_skin_reaction,"Chemprop v2 (D-MPNN + RDKit2D, ensemble=3)",Chemprop v2,oof,202,C=C1NS(=O)(=O)N=C1c1ccccc1,1.0,0.62957716,88cdcb438761d8c5
tdc_skin_reaction,"Chemprop v2 (D-MPNN + RDKit2D, ensemble=3)",Chemprop v2,oof,203,CCC=C1OC(=O)c2ccccc21,1.0,0.7368439,88cdcb438761d8c5
tdc_skin_reaction,"Chemprop v2 (D-MPNN + RDKit2D, ensemble=3)",Chemprop v2,oof,204,CC(C)(O)CCCC1=CCC(C=O)CC1,1.0,0.77970743,88cdcb438761d8c5
tdc_skin_reaction,"Chemprop v2 (D-MPNN + RDKit2D, ensemble=3)",Chemprop v2,oof,205,O=C(C(=O)c1ccccc1)C1=CCC(Br)(Br)C=C1,1.0,0.5149013,88cdcb438761d8c5
tdc_skin_reaction,"Chemprop v2 (D-MPNN + RDKit2D, ensemble=3)",Chemprop v2,oof,206,CC(Br)CCCN1C(=O)c2ccccc2C1=O,1.0,0.5584941,88cdcb438761d8c5
tdc_skin_reaction,"Chemprop v2 (D-MPNN + RDKit2D, ensemble=3)",Chemprop v2,oof,207,Clc1ncnc2ccc(I)cc12,1.0,0.5559942,88cdcb438761d8c5
tdc_skin_reaction,"Chemprop v2 (D-MPNN + RDKit2D, ensemble=3)",Chemprop v2,oof,208,CC(I)CCCN1C(=O)c2ccccc2C1=O,1.0,0.5611161,88cdcb438761d8c5
tdc_skin_reaction,"Chemprop v2 (D-MPNN + RDKit2D, ensemble=3)",Chemprop v2,oof,209,C=C1CC(C(=C)C)CC=C1C,1.0,0.6458096,88cdcb438761d8c5
tdc_skin_reaction,"Chemprop v2 (D-MPNN + RDKit2D, ensemble=3)",Chemprop v2,oof,210,C=C1CC(C)(C)OC1=O,1.0,0.6379192,88cdcb438761d8c5
tdc_skin_reaction,"Chemprop v2 (D-MPNN + RDKit2D, ensemble=3)",Chemprop v2,oof,211,O=C(O)c1cccc(-c2cc(Cl)cc([N+](=O)[O-])c2O)c1,1.0,0.48052594,88cdcb438761d8c5
tdc_skin_reaction,"Chemprop v2 (D-MPNN + RDKit2D, ensemble=3)",Chemprop v2,oof,212,COc1cc(C)c2c(Cl)c(OC)cc([N+](=O)[O-])c2n1,1.0,0.46174046,88cdcb438761d8c5
tdc_skin_reaction,"Chemprop v2 (D-MPNN + RDKit2D, ensemble=3)",Chemprop v2,oof,213,COc1cc([N+](=O)[O-])c2[nH]c(=O)cc(C)c2c1Cl,1.0,0.4007373,88cdcb438761d8c5
tdc_skin_reaction,"Chemprop v2 (D-MPNN + RDKit2D, ensemble=3)",Chemprop v2,oof,214,COc1cc2c(cc1C(F)(F)F)NCC2,1.0,0.52334946,88cdcb438761d8c5
tdc_skin_reaction,"Chemprop v2 (D-MPNN + RDKit2D, ensemble=3)",Chemprop v2,oof,215,Cc1ncccc1Oc1ccc(N)cn1,1.0,0.43458685,88cdcb438761d8c5
tdc_skin_reaction,"Chemprop v2 (D-MPNN + RDKit2D, ensemble=3)",Chemprop v2,oof,216,CCN(CC)CCCCCCBr,1.0,0.79181737,88cdcb438761d8c5
tdc_skin_reaction,"Chemprop v2 (D-MPNN + RDKit2D, ensemble=3)",Chemprop v2,oof,217,Cc1c2ccccc2c(C)c2c1ccc1ccccc12,1.0,0.7034789,88cdcb438761d8c5
tdc_skin_reaction,"Chemprop v2 (D-MPNN + RDKit2D, ensemble=3)",Chemprop v2,oof,218,CON=C1CN(c2nc3c(cc2F)c(=O)c(C(=O)O)cn3C2CC2)CC1CN,1.0,0.30332127,88cdcb438761d8c5
tdc_skin_reaction,"Chemprop v2 (D-MPNN + RDKit2D, ensemble=3)",Chemprop v2,oof,219,CCCCCCCC(Br)CCCCCC,1.0,0.84380054,88cdcb438761d8c5
tdc_skin_reaction,"Chemprop v2 (D-MPNN + RDKit2D, ensemble=3)",Chemprop v2,oof,220,CCCCCn1c(=O)[nH]c(=O)c2[nH]c(Cl)nc21,1.0,0.4471079,88cdcb438761d8c5
tdc_skin_reaction,"Chemprop v2 (D-MPNN + RDKit2D, ensemble=3)",Chemprop v2,oof,221,CC(C)C1=CC2=CCC3C(C)(C(=O)O)CCCC3(C)C2CC1,1.0,0.51205975,88cdcb438761d8c5
tdc_skin_reaction,"Chemprop v2 (D-MPNN + RDKit2D, ensemble=3)",Chemprop v2,oof,222,CC1=CCC(C(C)C)C=C1,1.0,0.7987774,88cdcb438761d8c5
tdc_skin_reaction,"Chemprop v2 (D-MPNN + RDKit2D, ensemble=3)",Chemprop v2,oof,223,CC1=CC=C(C(C)C)CC1,1.0,0.8044758,88cdcb438761d8c5
tdc_skin_reaction,"Chemprop v2 (D-MPNN + RDKit2D, ensemble=3)",Chemprop v2,oof,224,CCC1OC(=O)C(C)C(OC2CC(C)(OC)C(O)C(C)O2)C(C)C(OC2OC(C)CC(N(C)C)C2O)C(C)(O)CC(C)CN(C)C(C)C(O)C1(C)O,1.0,0.2804538,88cdcb438761d8c5
tdc_skin_reaction,"Chemprop v2 (D-MPNN + RDKit2D, ensemble=3)",Chemprop v2,oof,225,N=C1CC(=Nc2ccc(N)cc2)C(=N)CC1=Nc1ccc(N)cc1,1.0,0.38271782,88cdcb438761d8c5
tdc_skin_reaction,"Chemprop v2 (D-MPNN + RDKit2D, ensemble=3)",Chemprop v2,oof,226,c1ccc2c(c1)cc1ccc3cccc4ccc2c1c34,1.0,0.59665394,88cdcb438761d8c5
tdc_skin_reaction,"Chemprop v2 (D-MPNN + RDKit2D, ensemble=3)",Chemprop v2,oof,227,O=C1C=CC(=O)C=C1,1.0,0.7062037,88cdcb438761d8c5
tdc_skin_reaction,"Chemprop v2 (D-MPNN + RDKit2D, ensemble=3)",Chemprop v2,oof,228,O=C1CCO1,1.0,0.8009756,88cdcb438761d8c5
tdc_skin_reaction,"Chemprop v2 (D-MPNN + RDKit2D, ensemble=3)",Chemprop v2,oof,229,CC(=O)C(C)=O,1.0,0.73819906,88cdcb438761d8c5
tdc_skin_reaction,"Chemprop v2 (D-MPNN + RDKit2D, ensemble=3)",Chemprop v2,oof,230,CCCCCCCCCCCCCCCC1=NC(C)(C)C(=O)O1,1.0,0.7246707,88cdcb438761d8c5
tdc_skin_reaction,"Chemprop v2 (D-MPNN + RDKit2D, ensemble=3)",Chemprop v2,oof,231,CCCCCCCCCCCCCCCCCC1=NC(C)(C)C(=O)O1,1.0,0.7387082,88cdcb438761d8c5
tdc_skin_reaction,"Chemprop v2 (D-MPNN + RDKit2D, ensemble=3)",Chemprop v2,oof,232,CCCCCCC1=NC(C)(C)C(=O)O1,1.0,0.6823223,88cdcb438761d8c5
tdc_skin_reaction,"Chemprop v2 (D-MPNN + RDKit2D, ensemble=3)",Chemprop v2,oof,233,CCCCCCCCCC1=NC(C)(C)C(=O)O1,1.0,0.6878805,88cdcb438761d8c5
tdc_skin_reaction,"Chemprop v2 (D-MPNN + RDKit2D, ensemble=3)",Chemprop v2,oof,234,C=C(C)C1CCC(C)=C(N=O)C1,1.0,0.80419046,88cdcb438761d8c5
tdc_skin_reaction,"Chemprop v2 (D-MPNN + RDKit2D, ensemble=3)",Chemprop v2,oof,235,Clc1ccccc1C(c1ccccc1)(c1ccccc1)n1ccnc1,1.0,0.59880596,88cdcb438761d8c5
tdc_skin_reaction,"Chemprop v2 (D-MPNN + RDKit2D, ensemble=3)",Chemprop v2,oof,236,C(=NC1CCCCC1)=NC1CCCCC1,1.0,0.62725943,88cdcb438761d8c5
tdc_skin_reaction,"Chemprop v2 (D-MPNN + RDKit2D, ensemble=3)",Chemprop v2,oof,237,CCOC(=O)C=CC(=O)OCC,1.0,0.6617405,88cdcb438761d8c5
tdc_skin_reaction,"Chemprop v2 (D-MPNN + RDKit2D, ensemble=3)",Chemprop v2,oof,238,COS(=O)(=O)OC,1.0,0.63773376,88cdcb438761d8c5
tdc_skin_reaction,"Chemprop v2 (D-MPNN + RDKit2D, ensemble=3)",Chemprop v2,oof,239,CS(C)=O,1.0,0.8339541,88cdcb438761d8c5
tdc_skin_reaction,"Chemprop v2 (D-MPNN + RDKit2D, ensemble=3)",Chemprop v2,oof,240,CN1C2CCC1CC(OS(C)(=O)=O)C2,1.0,0.7086637,88cdcb438761d8c5
tdc_skin_reaction,"Chemprop v2 (D-MPNN + RDKit2D, ensemble=3)",Chemprop v2,oof,241,C=CC(=O)OCC(COC(=O)C=C)C(CC)OC(=O)C=C,1.0,0.5057046,88cdcb438761d8c5
tdc_skin_reaction,"Chemprop v2 (D-MPNN + RDKit2D, ensemble=3)",Chemprop v2,oof,242,NCCN,1.0,0.76282316,88cdcb438761d8c5
tdc_skin_reaction,"Chemprop v2 (D-MPNN + RDKit2D, ensemble=3)",Chemprop v2,oof,243,CC(C)=CCCC(C)=CCCC(C)=CC=O,1.0,0.5814896,88cdcb438761d8c5
tdc_skin_reaction,"Chemprop v2 (D-MPNN + RDKit2D, ensemble=3)",Chemprop v2,oof,244,CC(C)=CCCC(C)=CCO,1.0,0.75709695,88cdcb438761d8c5
tdc_skin_reaction,"Chemprop v2 (D-MPNN + RDKit2D, ensemble=3)",Chemprop v2,oof,245,O=CCCCC=O,1.0,0.65391225,88cdcb438761d8c5
tdc_skin_reaction,"Chemprop v2 (D-MPNN + RDKit2D, ensemble=3)",Chemprop v2,oof,246,O=C(CS)OCC(O)CO,1.0,0.6776657,88cdcb438761d8c5
tdc_skin_reaction,"Chemprop v2 (D-MPNN + RDKit2D, ensemble=3)",Chemprop v2,oof,247,O=CC=O,1.0,0.6063872,88cdcb438761d8c5
tdc_skin_reaction,"Chemprop v2 (D-MPNN + RDKit2D, ensemble=3)",Chemprop v2,oof,248,NCCNCCO,1.0,0.57352495,88cdcb438761d8c5
tdc_skin_reaction,"Chemprop v2 (D-MPNN + RDKit2D, ensemble=3)",Chemprop v2,oof,249,O=C(NCNC(=O)NC1C(=O)NC(=O)N1CO)NC1C(=O)NC(=O)N1CO,1.0,0.024092695,88cdcb438761d8c5
tdc_skin_reaction,"Chemprop v2 (D-MPNN + RDKit2D, ensemble=3)",Chemprop v2,oof,250,CCCCNC(=O)OC#CCI,1.0,0.57678753,88cdcb438761d8c5
tdc_skin_reaction,"Chemprop v2 (D-MPNN + RDKit2D, ensemble=3)",Chemprop v2,oof,251,CCCCCCCCCCCCOS(=O)(=O)O,1.0,0.5686061,88cdcb438761d8c5
tdc_skin_reaction,"Chemprop v2 (D-MPNN + RDKit2D, ensemble=3)",Chemprop v2,oof,252,CCC=CCC=CCC=CCCCCCCCC(=O)O,1.0,0.8501646,88cdcb438761d8c5
tdc_skin_reaction,"Chemprop v2 (D-MPNN + RDKit2D, ensemble=3)",Chemprop v2,oof,253,CCCCCCCCCCCCS(=O)(=O)OC,1.0,0.7597687,88cdcb438761d8c5
tdc_skin_reaction,"Chemprop v2 (D-MPNN + RDKit2D, ensemble=3)",Chemprop v2,oof,254,CCCCCCCCCCCCCCCCS(=O)(=O)OC,1.0,0.66758704,88cdcb438761d8c5
tdc_skin_reaction,"Chemprop v2 (D-MPNN + RDKit2D, ensemble=3)",Chemprop v2,oof,255,COS(C)(=O)=O,1.0,0.7715177,88cdcb438761d8c5
tdc_skin_reaction,"Chemprop v2 (D-MPNN + RDKit2D, ensemble=3)",Chemprop v2,oof,256,COC(=O)C(C)=O,1.0,0.68195254,88cdcb438761d8c5
tdc_skin_reaction,"Chemprop v2 (D-MPNN + RDKit2D, ensemble=3)",Chemprop v2,oof,257,CCCCCCCCCCCCCCCCC(CS(=O)(=O)O)C(=O)OC,1.0,0.70181537,88cdcb438761d8c5
tdc_skin_reaction,"Chemprop v2 (D-MPNN + RDKit2D, ensemble=3)",Chemprop v2,oof,258,CCN(CC)CCN(Cc1ccc(-c2ccc(C(F)(F)F)cc2)cc1)C(=O)Cn1c(SCc2ccc(F)cc2)nc(=O)c2c1CCC2,1.0,0.13343298,88cdcb438761d8c5
tdc_skin_reaction,"Chemprop v2 (D-MPNN + RDKit2D, ensemble=3)",Chemprop v2,oof,259,CCN(N=O)C(N)=O,1.0,0.519339,88cdcb438761d8c5
tdc_skin_reaction,"Chemprop v2 (D-MPNN + RDKit2D, ensemble=3)",Chemprop v2,oof,260,CC(C)N(C(=O)CNc1ccccc1Nc1ccccc1)c1ccccc1,1.0,0.4354194,88cdcb438761d8c5
tdc_skin_reaction,"Chemprop v2 (D-MPNN + RDKit2D, ensemble=3)",Chemprop v2,oof,261,CN(N=O)C(N)=O,1.0,0.5278341,88cdcb438761d8c5
tdc_skin_reaction,"Chemprop v2 (D-MPNN + RDKit2D, ensemble=3)",Chemprop v2,oof,262,CCCCCCCCC=CCCCCCCCCOS(C)(=O)=O,1.0,0.5727856,88cdcb438761d8c5
tdc_skin_reaction,"Chemprop v2 (D-MPNN + RDKit2D, ensemble=3)",Chemprop v2,oof,263,COC1=CC=C2C3Cc4ccc(O)c5c4C2(CCN3C)C1O5,1.0,0.44015193,88cdcb438761d8c5
tdc_skin_reaction,"Chemprop v2 (D-MPNN + RDKit2D, ensemble=3)",Chemprop v2,oof,264,O=C(O)C(=O)O,1.0,0.52214044,88cdcb438761d8c5
tdc_skin_reaction,"Chemprop v2 (D-MPNN + RDKit2D, ensemble=3)",Chemprop v2,oof,265,O=c1[nH]cco1,1.0,0.5797839,88cdcb438761d8c5
tdc_skin_reaction,"Chemprop v2 (D-MPNN + RDKit2D, ensemble=3)",Chemprop v2,oof,266,CC1(C)SC2C(NC(=O)Cc3ccccc3)C(=O)N2C1C(=O)O,1.0,0.46022138,88cdcb438761d8c5
tdc_skin_reaction,"Chemprop v2 (D-MPNN + RDKit2D, ensemble=3)",Chemprop v2,oof,267,C=C(C)C1CC=C(C=O)CC1,1.0,0.84166163,88cdcb438761d8c5
tdc_skin_reaction,"Chemprop v2 (D-MPNN + RDKit2D, ensemble=3)",Chemprop v2,oof,268,CC(C)(C)c1ccc(OCC2CO2)cc1,1.0,0.7301531,88cdcb438761d8c5
tdc_skin_reaction,"Chemprop v2 (D-MPNN + RDKit2D, ensemble=3)",Chemprop v2,oof,269,c1ccncc1,1.0,0.62056273,88cdcb438761d8c5
tdc_skin_reaction,"Chemprop v2 (D-MPNN + RDKit2D, ensemble=3)",Chemprop v2,oof,270,C=C(C)C1CC=C(C)C(=O)C1,1.0,0.55909485,88cdcb438761d8c5
tdc_skin_reaction,"Chemprop v2 (D-MPNN + RDKit2D, ensemble=3)",Chemprop v2,oof,271,O=C(Oc1ccc([N+](=O)[O-])cc1)OC1COC2OCCC12,1.0,0.54018545,88cdcb438761d8c5
tdc_skin_reaction,"Chemprop v2 (D-MPNN + RDKit2D, ensemble=3)",Chemprop v2,oof,272,CCOC(=S)S,1.0,0.6579029,88cdcb438761d8c5
tdc_skin_reaction,"Chemprop v2 (D-MPNN + RDKit2D, ensemble=3)",Chemprop v2,oof,273,CCCCCCCCCCCC(=O)OC(C)C(=O)OC(C)C(=O)O,1.0,0.5653055,88cdcb438761d8c5
tdc_skin_reaction,"Chemprop v2 (D-MPNN + RDKit2D, ensemble=3)",Chemprop v2,oof,274,CC(C)=CCCC(C)=CCCC(C)=CCCC=C(C)CCC=C(C)CCC=C(C)C,1.0,0.68643934,88cdcb438761d8c5
tdc_skin_reaction,"Chemprop v2 (D-MPNN + RDKit2D, ensemble=3)",Chemprop v2,oof,275,CN(C)C(=S)SSC(=S)N(C)C,1.0,0.74639726,88cdcb438761d8c5
tdc_skin_reaction,"Chemprop v2 (D-MPNN + RDKit2D, ensemble=3)",Chemprop v2,oof,276,C=CCCCCCCCCC=O,1.0,0.59533364,88cdcb438761d8c5
tdc_skin_reaction,"Chemprop v2 (D-MPNN + RDKit2D, ensemble=3)",Chemprop v2,oof,277,C=Cc1ccncc1,1.0,0.6159278,88cdcb438761d8c5
tdc_skin_reaction,"Chemprop v2 (D-MPNN + RDKit2D, ensemble=3)",Chemprop v2,oof,278,C[N+](C)(C)c1ccc2c(c1)C(=NNc1ccc(N)c([N+](=O)[O-])c1)C(=O)C=C2,0.0,0.4394908,88cdcb438761d8c5
tdc_skin_reaction,"Chemprop v2 (D-MPNN + RDKit2D, ensemble=3)",Chemprop v2,oof,279,CCCCCCCCC(=O)O,0.0,0.735864,88cdcb438761d8c5
tdc_skin_reaction,"Chemprop v2 (D-MPNN + RDKit2D, ensemble=3)",Chemprop v2,oof,280,CNC1C(OC2C(OC3C(O)C(O)C(NC(=N)N)C(O)C3NC(=N)N)OC(C)C2(O)C=O)OC(CO)C(O)C1O,0.0,0.23252593,88cdcb438761d8c5
tdc_skin_reaction,"Chemprop v2 (D-MPNN + RDKit2D, ensemble=3)",Chemprop v2,oof,281,O=C1OC(=O)C2CCCCC12,1.0,0.7483074,88cdcb438761d8c5
tdc_skin_reaction,"Chemprop v2 (D-MPNN + RDKit2D, ensemble=3)",Chemprop v2,oof,282,Cc1cc(=O)n(-c2ccccc2)[nH]1,1.0,0.5192413,88cdcb438761d8c5
tdc_skin_reaction,"Chemprop v2 (D-MPNN + RDKit2D, ensemble=3)",Chemprop v2,oof,283,O=C(OOC(=O)c1ccccc1)c1ccccc1,1.0,0.5386476,88cdcb438761d8c5
tdc_skin_reaction,"Chemprop v2 (D-MPNN + RDKit2D, ensemble=3)",Chemprop v2,oof,284,O=c1c(-c2ccccc2)c1-c1ccccc1,1.0,0.63046426,88cdcb438761d8c5
tdc_skin_reaction,"Chemprop v2 (D-MPNN + RDKit2D, ensemble=3)",Chemprop v2,oof,285,Nc1ccc(N)c2c1C(=O)c1ccccc1C2=O,1.0,0.47263885,88cdcb438761d8c5
tdc_skin_reaction,"Chemprop v2 (D-MPNN + RDKit2D, ensemble=3)",Chemprop v2,oof,286,O=C1C=CC(=O)O1,1.0,0.6123407,88cdcb438761d8c5
tdc_skin_reaction,"Chemprop v2 (D-MPNN + RDKit2D, ensemble=3)",Chemprop v2,oof,287,O=C1OC(=O)c2ccccc21,1.0,0.7637148,88cdcb438761d8c5
tdc_skin_reaction,"Chemprop v2 (D-MPNN + RDKit2D, ensemble=3)",Chemprop v2,oof,288,O=c1c(O)c(O)c1=O,1.0,0.61890024,88cdcb438761d8c5
tdc_skin_reaction,"Chemprop v2 (AttentiveFP, ensemble=3)",Chemprop v2,oof,0,CC(=O)OCC(=O)C1(O)C(C)CC2C3CCC4=CC(=O)C=CC4(C)C3=CCC21C,0.0,0.41581467,88cdcb438761d8c5
tdc_skin_reaction,"Chemprop v2 (AttentiveFP, ensemble=3)",Chemprop v2,oof,1,CCCOc1ccc(Br)c(C(=O)c2ccc(OC)cc2O)c1,0.0,0.45020354,88cdcb438761d8c5
tdc_skin_reaction,"Chemprop v2 (AttentiveFP, ensemble=3)",Chemprop v2,oof,2,CC=C(C)C=O,0.0,0.6150572,88cdcb438761d8c5
tdc_skin_reaction,"Chemprop v2 (AttentiveFP, ensemble=3)",Chemprop v2,oof,3,O=C1C([PH](c2ccccc2)(c2ccccc2)c2ccccc2)CCN1c1ccccc1,0.0,0.5827114,88cdcb438761d8c5
tdc_skin_reaction,"Chemprop v2 (AttentiveFP, ensemble=3)",Chemprop v2,oof,4,C=C(C=CCC(C)C)CC,0.0,0.6187524,88cdcb438761d8c5
tdc_skin_reaction,"Chemprop v2 (AttentiveFP, ensemble=3)",Chemprop v2,oof,5,C=CC1(C)CC(OC(=O)CSC2CC3CCC(C2)N3C)C2(C)C(C)CCC3(CCC(=O)C32)C(C)C1O,0.0,0.5493695,88cdcb438761d8c5
tdc_skin_reaction,"Chemprop v2 (AttentiveFP, ensemble=3)",Chemprop v2,oof,6,CCCCc1ccc(C(=O)CC(=O)c2cc(C)c(C)c(C)c2C)cc1,0.0,0.46526173,88cdcb438761d8c5
tdc_skin_reaction,"Chemprop v2 (AttentiveFP, ensemble=3)",Chemprop v2,oof,7,CC(C)(CC1Cc2ccccc2C1)NCC(O)COc1cc(CCC(=O)O)cc(F)c1F,0.0,0.31864336,88cdcb438761d8c5
tdc_skin_reaction,"Chemprop v2 (AttentiveFP, ensemble=3)",Chemprop v2,oof,8,CCOc1ccc(C(=O)Cc2ccc(S(C)(=O)=O)cc2)cc1,0.0,0.45122874,88cdcb438761d8c5
tdc_skin_reaction,"Chemprop v2 (AttentiveFP, ensemble=3)",Chemprop v2,oof,9,CC(C)(C)OC(=O)N1CC(F)CC1C(N)=O,0.0,0.58052224,88cdcb438761d8c5
tdc_skin_reaction,"Chemprop v2 (AttentiveFP, ensemble=3)",Chemprop v2,oof,10,CC(C)(C)OC(=O)N1CC(F)CC1C(=O)O,0.0,0.5505072,88cdcb438761d8c5
tdc_skin_reaction,"Chemprop v2 (AttentiveFP, ensemble=3)",Chemprop v2,oof,11,Cc1nc(COc2ccc(CC(NC(=O)OC(C)(C)C)C3CO3)cc2)cs1,0.0,0.43011937,88cdcb438761d8c5
tdc_skin_reaction,"Chemprop v2 (AttentiveFP, ensemble=3)",Chemprop v2,oof,12,CC(C)(C)OC(=O)NC(C(=O)N1CC(F)CC1C#N)C(c1ccc(F)cc1)c1ccc(F)cc1,0.0,0.30218026,88cdcb438761d8c5
tdc_skin_reaction,"Chemprop v2 (AttentiveFP, ensemble=3)",Chemprop v2,oof,13,O=c1[nH]c(=S)[nH]c2c1CCC2,0.0,0.4453216,88cdcb438761d8c5
tdc_skin_reaction,"Chemprop v2 (AttentiveFP, ensemble=3)",Chemprop v2,oof,14,Cc1ccc(C)c(C(=O)CC(=O)c2cc(C)ccc2C)c1,0.0,0.48013103,88cdcb438761d8c5
tdc_skin_reaction,"Chemprop v2 (AttentiveFP, ensemble=3)",Chemprop v2,oof,15,CC1C(c2ccccc2)NC(=O)N1C,0.0,0.6336556,88cdcb438761d8c5
tdc_skin_reaction,"Chemprop v2 (AttentiveFP, ensemble=3)",Chemprop v2,oof,16,CCCOc1ccc2c(c1)C(O)(c1ccc(OC)cc1OCc1ccccc1)C(C(=O)N1C(=O)N(C)C(C)C1c1ccccc1)C2c1ccc2c(c1)OCO2,0.0,0.6537116,88cdcb438761d8c5
tdc_skin_reaction,"Chemprop v2 (AttentiveFP, ensemble=3)",Chemprop v2,oof,17,N#CC1CC(F)CN1C(=O)C(N)C(c1ccc(F)cc1)c1ccc(F)cc1,0.0,0.3803722,88cdcb438761d8c5
tdc_skin_reaction,"Chemprop v2 (AttentiveFP, ensemble=3)",Chemprop v2,oof,18,CCCOc1ccc(C=CC(=O)N2C(=O)N(C)C(C)C2c2ccccc2)c(C(=O)c2ccc(OC)cc2OCc2ccccc2)c1,0.0,0.30172205,88cdcb438761d8c5
tdc_skin_reaction,"Chemprop v2 (AttentiveFP, ensemble=3)",Chemprop v2,oof,19,COc1ccc(C2(C#N)CCC(=O)CC2)cc1OC1CCCC1,0.0,0.41115046,88cdcb438761d8c5
tdc_skin_reaction,"Chemprop v2 (AttentiveFP, ensemble=3)",Chemprop v2,oof,20,CC(=O)c1ccc(Cc2ccc(F)cc2)o1,0.0,0.5224285,88cdcb438761d8c5
tdc_skin_reaction,"Chemprop v2 (AttentiveFP, ensemble=3)",Chemprop v2,oof,21,CCOc1ccc(-c2nn3ncccc3c2-c2ccc(S(C)(=O)=O)cc2)cc1,0.0,0.34170058,88cdcb438761d8c5
tdc_skin_reaction,"Chemprop v2 (AttentiveFP, ensemble=3)",Chemprop v2,oof,22,CC(=O)CCCN1C(=O)c2ccccc2C1=O,0.0,0.5190244,88cdcb438761d8c5
tdc_skin_reaction,"Chemprop v2 (AttentiveFP, ensemble=3)",Chemprop v2,oof,23,CC(C)(C)N(Cc1ccccc1)CC(O)c1ccc(O)c(CO)c1,0.0,0.48959908,88cdcb438761d8c5
tdc_skin_reaction,"Chemprop v2 (AttentiveFP, ensemble=3)",Chemprop v2,oof,24,Cc1nc(COc2ccc(CC(NC(=O)OC3COC4OCCC34)C(O)CN(CC(C)C)S(=O)(=O)c3ccc4c(c3)OCO4)cc2)cs1,0.0,0.1016958,88cdcb438761d8c5
tdc_skin_reaction,"Chemprop v2 (AttentiveFP, ensemble=3)",Chemprop v2,oof,25,CC(C)N(C(=O)Cn1c(=O)c(=NOCc2ccccc2)c(=O)n(-c2ccccc2)c2ccccc21)c1ccccc1,0.0,0.40331376,88cdcb438761d8c5
tdc_skin_reaction,"Chemprop v2 (AttentiveFP, ensemble=3)",Chemprop v2,oof,26,Cc1c2ccc(N)cc2nn1C,0.0,0.5442927,88cdcb438761d8c5
tdc_skin_reaction,"Chemprop v2 (AttentiveFP, ensemble=3)",Chemprop v2,oof,27,COc1cc(C)c2c(Oc3cccc(C(F)(F)F)c3)c(OC)cc(N)c2n1,0.0,0.28262612,88cdcb438761d8c5
tdc_skin_reaction,"Chemprop v2 (AttentiveFP, ensemble=3)",Chemprop v2,oof,28,COc1cc(C)c2c(Oc3cccc(C(F)(F)F)c3)c(OC)cc(NC(C)CCCN3C(=O)c4ccccc4C3=O)c2n1,0.0,0.39426568,88cdcb438761d8c5
tdc_skin_reaction,"Chemprop v2 (AttentiveFP, ensemble=3)",Chemprop v2,oof,29,CC(=O)C1CCCCC1=O,0.0,0.5482363,88cdcb438761d8c5
tdc_skin_reaction,"Chemprop v2 (AttentiveFP, ensemble=3)",Chemprop v2,oof,30,CS(=O)(=O)CCN,0.0,0.6474834,88cdcb438761d8c5
tdc_skin_reaction,"Chemprop v2 (AttentiveFP, ensemble=3)",Chemprop v2,oof,31,COc1ccc2nc(Cl)cc(C)c2c1,0.0,0.5709855,88cdcb438761d8c5
tdc_skin_reaction,"Chemprop v2 (AttentiveFP, ensemble=3)",Chemprop v2,oof,32,C=C(C)C(=O)OCC(C)O,0.0,0.6890972,88cdcb438761d8c5
tdc_skin_reaction,"Chemprop v2 (AttentiveFP, ensemble=3)",Chemprop v2,oof,33,CCC(C)C1C(=O)NC(C2Cc3ccccc3C2)C(=O)N1C(C(=O)N1CCOCC1)c1coc(C)n1,0.0,0.34656236,88cdcb438761d8c5
tdc_skin_reaction,"Chemprop v2 (AttentiveFP, ensemble=3)",Chemprop v2,oof,34,CC(C)N(C(=O)CN1C(=O)C(N)C(=O)N(c2ccccc2)c2ccccc21)c1ccccc1,0.0,0.41811237,88cdcb438761d8c5
tdc_skin_reaction,"Chemprop v2 (AttentiveFP, ensemble=3)",Chemprop v2,oof,35,O=C(O)c1c(O)c(-c2ccccc2)nc2ccccc12,0.0,0.47978485,88cdcb438761d8c5
tdc_skin_reaction,"Chemprop v2 (AttentiveFP, ensemble=3)",Chemprop v2,oof,36,CC1C=CC(C(C)C)CC1,0.0,0.8807885,88cdcb438761d8c5
tdc_skin_reaction,"Chemprop v2 (AttentiveFP, ensemble=3)",Chemprop v2,oof,37,O=Cc1ccc(-c2ccc(C(F)(F)F)cc2)cc1,0.0,0.537038,88cdcb438761d8c5
tdc_skin_reaction,"Chemprop v2 (AttentiveFP, ensemble=3)",Chemprop v2,oof,38,CCCCN1C(=O)C(C(O)C2CCCCC2)NC(=O)C12CCN(Cc1ccc(Oc3ccc(C(=O)O)cc3)cc1)CC2,0.0,0.064397685,88cdcb438761d8c5
tdc_skin_reaction,"Chemprop v2 (AttentiveFP, ensemble=3)",Chemprop v2,oof,39,COc1ccc(C2(C#N)CCC(C(=O)O)CC2)cc1OC1CCCC1,0.0,0.40482628,88cdcb438761d8c5
tdc_skin_reaction,"Chemprop v2 (AttentiveFP, ensemble=3)",Chemprop v2,oof,40,NC(=O)C1CC(F)CN1,0.0,0.6989281,88cdcb438761d8c5
tdc_skin_reaction,"Chemprop v2 (AttentiveFP, ensemble=3)",Chemprop v2,oof,41,C=C1CC(C(=C)C)CCC1C,0.0,0.8618419,88cdcb438761d8c5
tdc_skin_reaction,"Chemprop v2 (AttentiveFP, ensemble=3)",Chemprop v2,oof,42,C=C1CCC(C(C)C)CC1,0.0,0.86248,88cdcb438761d8c5
tdc_skin_reaction,"Chemprop v2 (AttentiveFP, ensemble=3)",Chemprop v2,oof,43,Cc1ccc(Nc2nccc(N(C)c3ccc4c(C)n(C)nc4c3)n2)cc1S(N)(=O)=O,0.0,0.41886294,88cdcb438761d8c5
tdc_skin_reaction,"Chemprop v2 (AttentiveFP, ensemble=3)",Chemprop v2,oof,44,COc1cc(C)c2c(Cl)c(OC)ccc2n1,0.0,0.49489293,88cdcb438761d8c5
tdc_skin_reaction,"Chemprop v2 (AttentiveFP, ensemble=3)",Chemprop v2,oof,45,Cc1cc2c(cc1C(F)(F)F)NCC2,0.0,0.56353873,88cdcb438761d8c5
tdc_skin_reaction,"Chemprop v2 (AttentiveFP, ensemble=3)",Chemprop v2,oof,46,OCCCCCCCl,0.0,0.79447436,88cdcb438761d8c5
tdc_skin_reaction,"Chemprop v2 (AttentiveFP, ensemble=3)",Chemprop v2,oof,47,C=CC1(C)CC(OC(=O)CO)C2(C)C(C)CCC3(CCC(=O)C32)C(C)C1O,0.0,0.3127406,88cdcb438761d8c5
tdc_skin_reaction,"Chemprop v2 (AttentiveFP, ensemble=3)",Chemprop v2,oof,48,O=c1[nH]cnc2ccc(I)cc12,0.0,0.57748103,88cdcb438761d8c5
tdc_skin_reaction,"Chemprop v2 (AttentiveFP, ensemble=3)",Chemprop v2,oof,49,COc1ccc2[nH]c(=O)cc(C)c2c1,0.0,0.44282445,88cdcb438761d8c5
tdc_skin_reaction,"Chemprop v2 (AttentiveFP, ensemble=3)",Chemprop v2,oof,50,COc1cc(N)c2nccc(C)c2c1,0.0,0.55188686,88cdcb438761d8c5
tdc_skin_reaction,"Chemprop v2 (AttentiveFP, ensemble=3)",Chemprop v2,oof,51,Cc1ccc2oc(=O)ccc2c1,0.0,0.5612582,88cdcb438761d8c5
tdc_skin_reaction,"Chemprop v2 (AttentiveFP, ensemble=3)",Chemprop v2,oof,52,COc1ccc(Nc2ccc(CCNCC(O)c3ccc(O)c4[nH]c(=O)ccc34)cc2)cc1-c1ccccc1,0.0,0.2988042,88cdcb438761d8c5
tdc_skin_reaction,"Chemprop v2 (AttentiveFP, ensemble=3)",Chemprop v2,oof,53,O=C(O)CCCCC(=O)O,0.0,0.50186557,88cdcb438761d8c5
tdc_skin_reaction,"Chemprop v2 (AttentiveFP, ensemble=3)",Chemprop v2,oof,54,CCNc1nc(Cl)nc(NC(C)C)n1,0.0,0.49421954,88cdcb438761d8c5
tdc_skin_reaction,"Chemprop v2 (AttentiveFP, ensemble=3)",Chemprop v2,oof,55,CCCCBr,0.0,0.7943577,88cdcb438761d8c5
tdc_skin_reaction,"Chemprop v2 (AttentiveFP, ensemble=3)",Chemprop v2,oof,56,CCCCCCCCCBr,0.0,0.62115186,88cdcb438761d8c5
tdc_skin_reaction,"Chemprop v2 (AttentiveFP, ensemble=3)",Chemprop v2,oof,57,C=C1CC=C(C(C)C)CC1,0.0,0.8324191,88cdcb438761d8c5
tdc_skin_reaction,"Chemprop v2 (AttentiveFP, ensemble=3)",Chemprop v2,oof,58,CCCCO,0.0,0.60579413,88cdcb438761d8c5
tdc_skin_reaction,"Chemprop v2 (AttentiveFP, ensemble=3)",Chemprop v2,oof,59,CCCCCCCCCCl,0.0,0.6188242,88cdcb438761d8c5
tdc_skin_reaction,"Chemprop v2 (AttentiveFP, ensemble=3)",Chemprop v2,oof,60,CCC1OC(=O)C(C)C(OC2CC(C)(OC)C(O)C(C)O2)C(C)C(OC2OC(C)CC(N(C)C)C2O)C(C)(OC)CC(C)C(=O)C(C)C(O)C1(C)O,0.0,0.34922674,88cdcb438761d8c5
tdc_skin_reaction,"Chemprop v2 (AttentiveFP, ensemble=3)",Chemprop v2,oof,61,O=c1ccc2ccccc2o1,0.0,0.57282376,88cdcb438761d8c5
tdc_skin_reaction,"Chemprop v2 (AttentiveFP, ensemble=3)",Chemprop v2,oof,62,Nc1cc[nH]c(=O)n1,0.0,0.536118,88cdcb438761d8c5
tdc_skin_reaction,"Chemprop v2 (AttentiveFP, ensemble=3)",Chemprop v2,oof,63,COC(=O)CCC(C#N)(CCC(=O)OC)c1ccc(OC)c(OC2CCCC2)c1,0.0,0.28977495,88cdcb438761d8c5
tdc_skin_reaction,"Chemprop v2 (AttentiveFP, ensemble=3)",Chemprop v2,oof,64,COC(=O)OC,0.0,0.59296775,88cdcb438761d8c5
tdc_skin_reaction,"Chemprop v2 (AttentiveFP, ensemble=3)",Chemprop v2,oof,65,CCOC(=O)C(=NOC(C)(C)C(=O)OC(C)(C)C)c1csc(NC(c2ccccc2)(c2ccccc2)c2ccccc2)n1,0.0,0.42376363,88cdcb438761d8c5
tdc_skin_reaction,"Chemprop v2 (AttentiveFP, ensemble=3)",Chemprop v2,oof,66,CCOC(=O)c1nnc[nH]1,0.0,0.6198036,88cdcb438761d8c5
tdc_skin_reaction,"Chemprop v2 (AttentiveFP, ensemble=3)",Chemprop v2,oof,67,CCOC(=O)CC(=O)c1cc(F)c(Cl)nc1Cl,0.0,0.5373862,88cdcb438761d8c5
tdc_skin_reaction,"Chemprop v2 (AttentiveFP, ensemble=3)",Chemprop v2,oof,68,O=C(O)C=CC(=O)O,0.0,0.5658359,88cdcb438761d8c5
tdc_skin_reaction,"Chemprop v2 (AttentiveFP, ensemble=3)",Chemprop v2,oof,69,O=C(C(=O)c1ccco1)c1ccco1,0.0,0.48042336,88cdcb438761d8c5
tdc_skin_reaction,"Chemprop v2 (AttentiveFP, ensemble=3)",Chemprop v2,oof,70,OCC(O)CO,0.0,0.6925127,88cdcb438761d8c5
tdc_skin_reaction,"Chemprop v2 (AttentiveFP, ensemble=3)",Chemprop v2,oof,71,CCCCCC,0.0,0.8655853,88cdcb438761d8c5
tdc_skin_reaction,"Chemprop v2 (AttentiveFP, ensemble=3)",Chemprop v2,oof,72,CCCCCCI,0.0,0.8588806,88cdcb438761d8c5
tdc_skin_reaction,"Chemprop v2 (AttentiveFP, ensemble=3)",Chemprop v2,oof,73,CCCCCCCCCCCCCCCCCCI,0.0,0.64250356,88cdcb438761d8c5
tdc_skin_reaction,"Chemprop v2 (AttentiveFP, ensemble=3)",Chemprop v2,oof,74,CC(C)O,0.0,0.9991431,88cdcb438761d8c5
tdc_skin_reaction,"Chemprop v2 (AttentiveFP, ensemble=3)",Chemprop v2,oof,75,CC(C)N(C#N)C#N,0.0,0.7267577,88cdcb438761d8c5
tdc_skin_reaction,"Chemprop v2 (AttentiveFP, ensemble=3)",Chemprop v2,oof,76,NCC1OC(OC2C(N)CC(N)C(OC3OC(CO)C(O)C(N)C3O)C2O)C(O)C(O)C1O,0.0,0.2137956,88cdcb438761d8c5
tdc_skin_reaction,"Chemprop v2 (AttentiveFP, ensemble=3)",Chemprop v2,oof,77,CC(O)C(=O)O,0.0,0.5836243,88cdcb438761d8c5
tdc_skin_reaction,"Chemprop v2 (AttentiveFP, ensemble=3)",Chemprop v2,oof,78,Cc1c2ccc(Nc3ccnc(Cl)n3)cc2nn1C,0.0,0.51770115,88cdcb438761d8c5
tdc_skin_reaction,"Chemprop v2 (AttentiveFP, ensemble=3)",Chemprop v2,oof,79,Cc1c2ccc(N(C)c3ccnc(Cl)n3)cc2nn1C,0.0,0.5228735,88cdcb438761d8c5
tdc_skin_reaction,"Chemprop v2 (AttentiveFP, ensemble=3)",Chemprop v2,oof,80,CCCCN1CCC(CNC(=O)c2c3n(c4ccccc24)CCCO3)CC1,0.0,0.42312387,88cdcb438761d8c5
tdc_skin_reaction,"Chemprop v2 (AttentiveFP, ensemble=3)",Chemprop v2,oof,81,CC(C)(C)OC(=O)NC(C(=O)O)C(c1ccc(F)cc1)c1ccc(F)cc1,0.0,0.45087838,88cdcb438761d8c5
tdc_skin_reaction,"Chemprop v2 (AttentiveFP, ensemble=3)",Chemprop v2,oof,82,O=CNc1cc(C(O)CBr)ccc1OCc1ccccc1,0.0,0.3578799,88cdcb438761d8c5
tdc_skin_reaction,"Chemprop v2 (AttentiveFP, ensemble=3)",Chemprop v2,oof,83,CCCCCCCC(=O)O,0.0,0.5623361,88cdcb438761d8c5
tdc_skin_reaction,"Chemprop v2 (AttentiveFP, ensemble=3)",Chemprop v2,oof,84,CCOc1cc(Oc2ccc(C(F)(F)F)cc2Cl)ccc1[N+](=O)[O-],0.0,0.5054061,88cdcb438761d8c5
tdc_skin_reaction,"Chemprop v2 (AttentiveFP, ensemble=3)",Chemprop v2,oof,85,C=CC(=O)OCC(CO)(COC(=O)C=C)COC(=O)C=C,0.0,0.524031,88cdcb438761d8c5
tdc_skin_reaction,"Chemprop v2 (AttentiveFP, ensemble=3)",Chemprop v2,oof,86,Cc1cc(F)ccc1C1CC(=O)C=CN1C(=O)OCc1ccccc1,0.0,0.39424682,88cdcb438761d8c5
tdc_skin_reaction,"Chemprop v2 (AttentiveFP, ensemble=3)",Chemprop v2,oof,87,CC(O)CO,0.0,0.76438594,88cdcb438761d8c5
tdc_skin_reaction,"Chemprop v2 (AttentiveFP, ensemble=3)",Chemprop v2,oof,88,Fc1ccc(Oc2ccnc3cc(Cl)cc(Cl)c23)cc1,0.0,0.51395047,88cdcb438761d8c5
tdc_skin_reaction,"Chemprop v2 (AttentiveFP, ensemble=3)",Chemprop v2,oof,89,COC1C=COC2(C)Oc3c(C)c(O)c4c(O)c(cc(O)c4c3C2=O)NC(=O)C(C)=CC=CC(C)C(O)C(C)C(O)C(C)C(OC(C)=O)C1C,0.0,0.077361755,88cdcb438761d8c5
tdc_skin_reaction,"Chemprop v2 (AttentiveFP, ensemble=3)",Chemprop v2,oof,90,O=C1NS(=O)(=O)c2ccccc21,0.0,0.562828,88cdcb438761d8c5
tdc_skin_reaction,"Chemprop v2 (AttentiveFP, ensemble=3)",Chemprop v2,oof,91,O=C(O)CCC(=O)O,0.0,0.67597556,88cdcb438761d8c5
tdc_skin_reaction,"Chemprop v2 (AttentiveFP, ensemble=3)",Chemprop v2,oof,92,O=C(O)C(O)C(O)C(=O)O,0.0,0.6131111,88cdcb438761d8c5
tdc_skin_reaction,"Chemprop v2 (AttentiveFP, ensemble=3)",Chemprop v2,oof,93,C=CC(=O)OCC(CC)(COC(=O)C=C)COC(=O)C=C,0.0,0.50868326,88cdcb438761d8c5
tdc_skin_reaction,"Chemprop v2 (AttentiveFP, ensemble=3)",Chemprop v2,oof,94,C=C(Cl)Cl,0.0,0.8142536,88cdcb438761d8c5
tdc_skin_reaction,"Chemprop v2 (AttentiveFP, ensemble=3)",Chemprop v2,oof,95,CCCCCCCC=CC=O,1.0,0.85767394,88cdcb438761d8c5
tdc_skin_reaction,"Chemprop v2 (AttentiveFP, ensemble=3)",Chemprop v2,oof,96,O=c1[nH]sc2ccccc12,1.0,0.5918769,88cdcb438761d8c5
tdc_skin_reaction,"Chemprop v2 (AttentiveFP, ensemble=3)",Chemprop v2,oof,97,N#CCCC(Br)(C#N)CBr,1.0,0.5229747,88cdcb438761d8c5
tdc_skin_reaction,"Chemprop v2 (AttentiveFP, ensemble=3)",Chemprop v2,oof,98,C=CC(=O)N1C(=O)N(C)C(C)C1c1ccccc1,1.0,0.5892568,88cdcb438761d8c5
tdc_skin_reaction,"Chemprop v2 (AttentiveFP, ensemble=3)",Chemprop v2,oof,99,C(CCCOCC1CO1)CCOCC1CO1,1.0,0.7467397,88cdcb438761d8c5
tdc_skin_reaction,"Chemprop v2 (AttentiveFP, ensemble=3)",Chemprop v2,oof,100,OCCCCCCCCCCCCBr,1.0,0.86158276,88cdcb438761d8c5
tdc_skin_reaction,"Chemprop v2 (AttentiveFP, ensemble=3)",Chemprop v2,oof,101,O=C1C=CC2(O)C3Cc4ccc(O)c5c4C2(CCN3)C1O5,1.0,0.4874793,88cdcb438761d8c5
tdc_skin_reaction,"Chemprop v2 (AttentiveFP, ensemble=3)",Chemprop v2,oof,102,CCCCCCCCCCCCCCCCCCCl,1.0,0.9096629,88cdcb438761d8c5
tdc_skin_reaction,"Chemprop v2 (AttentiveFP, ensemble=3)",Chemprop v2,oof,103,CCCCCCCCCCI,1.0,0.63203555,88cdcb438761d8c5
tdc_skin_reaction,"Chemprop v2 (AttentiveFP, ensemble=3)",Chemprop v2,oof,104,CN(N=O)C(=N)N[N+](=O)[O-],1.0,0.5479834,88cdcb438761d8c5
tdc_skin_reaction,"Chemprop v2 (AttentiveFP, ensemble=3)",Chemprop v2,oof,105,Oc1cccc2ccccc12,1.0,0.68917805,88cdcb438761d8c5
tdc_skin_reaction,"Chemprop v2 (AttentiveFP, ensemble=3)",Chemprop v2,oof,106,CCCC=CC=O,1.0,0.61369175,88cdcb438761d8c5
tdc_skin_reaction,"Chemprop v2 (AttentiveFP, ensemble=3)",Chemprop v2,oof,107,CN(C)CCOC(C)(c1ccccc1)c1ccc(Br)cc1,1.0,0.53956,88cdcb438761d8c5
tdc_skin_reaction,"Chemprop v2 (AttentiveFP, ensemble=3)",Chemprop v2,oof,108,CC(C)(C)N(CC(=O)c1ccc(O)c(CO)c1)Cc1ccccc1,1.0,0.46592066,88cdcb438761d8c5
tdc_skin_reaction,"Chemprop v2 (AttentiveFP, ensemble=3)",Chemprop v2,oof,109,C=CC(=O)OCC(CC)CCCC,1.0,0.74203944,88cdcb438761d8c5
tdc_skin_reaction,"Chemprop v2 (AttentiveFP, ensemble=3)",Chemprop v2,oof,110,C=CC(=O)OCCO,1.0,0.7054991,88cdcb438761d8c5
tdc_skin_reaction,"Chemprop v2 (AttentiveFP, ensemble=3)",Chemprop v2,oof,111,Sc1nc2ccccc2s1,1.0,0.64033645,88cdcb438761d8c5
tdc_skin_reaction,"Chemprop v2 (AttentiveFP, ensemble=3)",Chemprop v2,oof,112,CCCCCCCCCC(C)C=O,1.0,0.8007937,88cdcb438761d8c5
tdc_skin_reaction,"Chemprop v2 (AttentiveFP, ensemble=3)",Chemprop v2,oof,113,CC(CC(=O)Cl)CC(C)(C)C,1.0,0.56183046,88cdcb438761d8c5
tdc_skin_reaction,"Chemprop v2 (AttentiveFP, ensemble=3)",Chemprop v2,oof,114,CC1(C)CC(CBr)C(=O)O1,1.0,0.7454222,88cdcb438761d8c5
tdc_skin_reaction,"Chemprop v2 (AttentiveFP, ensemble=3)",Chemprop v2,oof,115,CN(C)CCCN,1.0,0.77187556,88cdcb438761d8c5
tdc_skin_reaction,"Chemprop v2 (AttentiveFP, ensemble=3)",Chemprop v2,oof,116,Nc1cc(F)cc(-c2cccnc2)c1,1.0,0.5151907,88cdcb438761d8c5
tdc_skin_reaction,"Chemprop v2 (AttentiveFP, ensemble=3)",Chemprop v2,oof,117,Cn1sc(Cl)cc1=O,1.0,0.5578585,88cdcb438761d8c5
tdc_skin_reaction,"Chemprop v2 (AttentiveFP, ensemble=3)",Chemprop v2,oof,118,CC(=O)C(=O)CC(C)C,1.0,0.55986285,88cdcb438761d8c5
tdc_skin_reaction,"Chemprop v2 (AttentiveFP, ensemble=3)",Chemprop v2,oof,119,C=CCC1(C)C=C(OC)C(=O)CC1,1.0,0.53834534,88cdcb438761d8c5
tdc_skin_reaction,"Chemprop v2 (AttentiveFP, ensemble=3)",Chemprop v2,oof,120,CCN(CC)CCCCCCO,1.0,0.74501306,88cdcb438761d8c5
tdc_skin_reaction,"Chemprop v2 (AttentiveFP, ensemble=3)",Chemprop v2,oof,121,CCC=CCCCCC=O,1.0,0.82075363,88cdcb438761d8c5
tdc_skin_reaction,"Chemprop v2 (AttentiveFP, ensemble=3)",Chemprop v2,oof,122,O=C(O)c1ccc2c(c1)C(=O)OC2=O,1.0,0.59193605,88cdcb438761d8c5
tdc_skin_reaction,"Chemprop v2 (AttentiveFP, ensemble=3)",Chemprop v2,oof,123,O=C(OCc1ccccc1)c1ccccc1,1.0,0.6495956,88cdcb438761d8c5
tdc_skin_reaction,"Chemprop v2 (AttentiveFP, ensemble=3)",Chemprop v2,oof,124,CC(C)(c1ccc(OCC2CO2)cc1)c1ccc(OCC2CO2)cc1,1.0,0.46596932,88cdcb438761d8c5
tdc_skin_reaction,"Chemprop v2 (AttentiveFP, ensemble=3)",Chemprop v2,oof,125,C=C1C=CC(C(C)C)CC1,1.0,0.5973069,88cdcb438761d8c5
tdc_skin_reaction,"Chemprop v2 (AttentiveFP, ensemble=3)",Chemprop v2,oof,126,O=CC=C(c1ccccc1)c1ccccc1,1.0,0.5494366,88cdcb438761d8c5
tdc_skin_reaction,"Chemprop v2 (AttentiveFP, ensemble=3)",Chemprop v2,oof,127,CCCCCCCCCCCCCCCCCCCCCCBr,1.0,0.96986705,88cdcb438761d8c5
tdc_skin_reaction,"Chemprop v2 (AttentiveFP, ensemble=3)",Chemprop v2,oof,128,CCCCCCCCCCCCBr,1.0,0.6272248,88cdcb438761d8c5
tdc_skin_reaction,"Chemprop v2 (AttentiveFP, ensemble=3)",Chemprop v2,oof,129,CCCCCCCCCCCCCCCCCCCCBr,1.0,0.91420823,88cdcb438761d8c5
tdc_skin_reaction,"Chemprop v2 (AttentiveFP, ensemble=3)",Chemprop v2,oof,130,CCCCCCCCCCCCCCCCCBr,1.0,0.6350394,88cdcb438761d8c5
tdc_skin_reaction,"Chemprop v2 (AttentiveFP, ensemble=3)",Chemprop v2,oof,131,CCCCCCCCCCCCCCCCBr,1.0,0.94451064,88cdcb438761d8c5
tdc_skin_reaction,"Chemprop v2 (AttentiveFP, ensemble=3)",Chemprop v2,oof,132,CCCCCCBr,1.0,0.8042944,88cdcb438761d8c5
tdc_skin_reaction,"Chemprop v2 (AttentiveFP, ensemble=3)",Chemprop v2,oof,133,CCCCCCCCCCCCCCCCCCBr,1.0,0.6399534,88cdcb438761d8c5
tdc_skin_reaction,"Chemprop v2 (AttentiveFP, ensemble=3)",Chemprop v2,oof,134,CCCCCCCCCCCCCCCBr,1.0,0.6333525,88cdcb438761d8c5
tdc_skin_reaction,"Chemprop v2 (AttentiveFP, ensemble=3)",Chemprop v2,oof,135,CCCCCCCCCCCCCCBr,1.0,0.8944993,88cdcb438761d8c5
tdc_skin_reaction,"Chemprop v2 (AttentiveFP, ensemble=3)",Chemprop v2,oof,136,CCCCCCCCCCCCCBr,1.0,0.86548465,88cdcb438761d8c5
tdc_skin_reaction,"Chemprop v2 (AttentiveFP, ensemble=3)",Chemprop v2,oof,137,CCCCCCCCCCCBr,1.0,0.9071199,88cdcb438761d8c5
tdc_skin_reaction,"Chemprop v2 (AttentiveFP, ensemble=3)",Chemprop v2,oof,138,C=CC(=O)OCCCC,1.0,0.7588766,88cdcb438761d8c5
tdc_skin_reaction,"Chemprop v2 (AttentiveFP, ensemble=3)",Chemprop v2,oof,139,CCCCOCC1CO1,1.0,0.5810346,88cdcb438761d8c5
tdc_skin_reaction,"Chemprop v2 (AttentiveFP, ensemble=3)",Chemprop v2,oof,140,CCCCCCCCCCCC1=NC(C)(C)C(=O)O1,1.0,0.7584686,88cdcb438761d8c5
tdc_skin_reaction,"Chemprop v2 (AttentiveFP, ensemble=3)",Chemprop v2,oof,141,CCCCC1=NC(C)(C)C(=O)O1,1.0,0.729719,88cdcb438761d8c5
tdc_skin_reaction,"Chemprop v2 (AttentiveFP, ensemble=3)",Chemprop v2,oof,142,CCCCCCCCCCCCCCCl,1.0,0.86435264,88cdcb438761d8c5
tdc_skin_reaction,"Chemprop v2 (AttentiveFP, ensemble=3)",Chemprop v2,oof,143,CC(C)=CCCC(C)=CC=O,1.0,0.809191,88cdcb438761d8c5
tdc_skin_reaction,"Chemprop v2 (AttentiveFP, ensemble=3)",Chemprop v2,oof,144,CCCCCCCCCCCCCCCCCl,1.0,0.63659096,88cdcb438761d8c5
tdc_skin_reaction,"Chemprop v2 (AttentiveFP, ensemble=3)",Chemprop v2,oof,145,CCOS(=O)(=O)OCC,1.0,0.5726869,88cdcb438761d8c5
tdc_skin_reaction,"Chemprop v2 (AttentiveFP, ensemble=3)",Chemprop v2,oof,146,CCC(C=O)CC,1.0,0.5999076,88cdcb438761d8c5
tdc_skin_reaction,"Chemprop v2 (AttentiveFP, ensemble=3)",Chemprop v2,oof,147,NCCNCCN,1.0,0.55684566,88cdcb438761d8c5
tdc_skin_reaction,"Chemprop v2 (AttentiveFP, ensemble=3)",Chemprop v2,oof,148,NCCCNCCCN,1.0,0.7764918,88cdcb438761d8c5
tdc_skin_reaction,"Chemprop v2 (AttentiveFP, ensemble=3)",Chemprop v2,oof,149,CCCCCCCCCCCCOS(C)(=O)=O,1.0,0.58159834,88cdcb438761d8c5
tdc_skin_reaction,"Chemprop v2 (AttentiveFP, ensemble=3)",Chemprop v2,oof,150,CCOC(=O)CC1CC2CCC(C1)N2C,1.0,0.6811606,88cdcb438761d8c5
tdc_skin_reaction,"Chemprop v2 (AttentiveFP, ensemble=3)",Chemprop v2,oof,151,C=CC(=O)OCC,1.0,0.6035656,88cdcb438761d8c5
tdc_skin_reaction,"Chemprop v2 (AttentiveFP, ensemble=3)",Chemprop v2,oof,152,CCC(O)C(CO)CO,1.0,0.54819626,88cdcb438761d8c5
tdc_skin_reaction,"Chemprop v2 (AttentiveFP, ensemble=3)",Chemprop v2,oof,153,C=C(C)C(=O)OCCOC(=O)C(=C)C,1.0,0.68412685,88cdcb438761d8c5
tdc_skin_reaction,"Chemprop v2 (AttentiveFP, ensemble=3)",Chemprop v2,oof,154,C=C(C)C(=O)O,1.0,0.6697383,88cdcb438761d8c5
tdc_skin_reaction,"Chemprop v2 (AttentiveFP, ensemble=3)",Chemprop v2,oof,155,O=C1OC2(c3ccc(O)cc3Oc3cc(O)ccc32)c2ccc(N=C=S)cc21,1.0,0.3261369,88cdcb438761d8c5
tdc_skin_reaction,"Chemprop v2 (AttentiveFP, ensemble=3)",Chemprop v2,oof,156,CC(CC=O)CCCC(C)(C)O,1.0,0.562365,88cdcb438761d8c5
tdc_skin_reaction,"Chemprop v2 (AttentiveFP, ensemble=3)",Chemprop v2,oof,157,CCCCCCCCCCCCI,1.0,0.89200664,88cdcb438761d8c5
tdc_skin_reaction,"Chemprop v2 (AttentiveFP, ensemble=3)",Chemprop v2,oof,158,CCCCCCCCCCCCCCCCI,1.0,0.64008856,88cdcb438761d8c5
tdc_skin_reaction,"Chemprop v2 (AttentiveFP, ensemble=3)",Chemprop v2,oof,159,CCCCCCCCCI,1.0,0.8400452,88cdcb438761d8c5
tdc_skin_reaction,"Chemprop v2 (AttentiveFP, ensemble=3)",Chemprop v2,oof,160,CCCCCCCCCCCCCCI,1.0,0.94078046,88cdcb438761d8c5
tdc_skin_reaction,"Chemprop v2 (AttentiveFP, ensemble=3)",Chemprop v2,oof,161,CC(C)CCCCCC(=O)Cl,1.0,0.7932687,88cdcb438761d8c5
tdc_skin_reaction,"Chemprop v2 (AttentiveFP, ensemble=3)",Chemprop v2,oof,162,CCCCCCCCCCCCCC(=O)OC(C)C,1.0,0.8757183,88cdcb438761d8c5
tdc_skin_reaction,"Chemprop v2 (AttentiveFP, ensemble=3)",Chemprop v2,oof,163,C=C(C)C1CC=C(C)CC1,1.0,0.8620286,88cdcb438761d8c5
tdc_skin_reaction,"Chemprop v2 (AttentiveFP, ensemble=3)",Chemprop v2,oof,164,C=CC(C)(O)CCC=C(C)C=O,1.0,0.7406063,88cdcb438761d8c5
tdc_skin_reaction,"Chemprop v2 (AttentiveFP, ensemble=3)",Chemprop v2,oof,165,CCCCCC=CCC=CCCCCCCCC(=O)O,1.0,0.8441077,88cdcb438761d8c5
tdc_skin_reaction,"Chemprop v2 (AttentiveFP, ensemble=3)",Chemprop v2,oof,166,CCCCCCC#CC(=O)OC,1.0,0.5707275,88cdcb438761d8c5
tdc_skin_reaction,"Chemprop v2 (AttentiveFP, ensemble=3)",Chemprop v2,oof,167,C=CC(=O)OC,1.0,0.7610321,88cdcb438761d8c5
tdc_skin_reaction,"Chemprop v2 (AttentiveFP, ensemble=3)",Chemprop v2,oof,168,CCCCCCCCCCCCCCC=CS(=O)(=O)OC,1.0,0.5805426,88cdcb438761d8c5
tdc_skin_reaction,"Chemprop v2 (AttentiveFP, ensemble=3)",Chemprop v2,oof,169,C=C(C)C(=O)OC,1.0,0.74776554,88cdcb438761d8c5
tdc_skin_reaction,"Chemprop v2 (AttentiveFP, ensemble=3)",Chemprop v2,oof,170,CCCCCCCCC(=O)Cl,1.0,0.76784736,88cdcb438761d8c5
tdc_skin_reaction,"Chemprop v2 (AttentiveFP, ensemble=3)",Chemprop v2,oof,171,FOC1=C2CCC(C2)C1,1.0,0.740866,88cdcb438761d8c5
tdc_skin_reaction,"Chemprop v2 (AttentiveFP, ensemble=3)",Chemprop v2,oof,172,CCCCCCCCO,1.0,0.80298525,88cdcb438761d8c5
tdc_skin_reaction,"Chemprop v2 (AttentiveFP, ensemble=3)",Chemprop v2,oof,173,CCCCCCCCC=CCCCCCCCC(=O)O,1.0,0.79531384,88cdcb438761d8c5
tdc_skin_reaction,"Chemprop v2 (AttentiveFP, ensemble=3)",Chemprop v2,oof,174,CCOC=C1N=C(c2ccccc2)OC1=O,1.0,0.5375851,88cdcb438761d8c5
tdc_skin_reaction,"Chemprop v2 (AttentiveFP, ensemble=3)",Chemprop v2,oof,175,CCCCCCCCCCCCCCCC(=O)Cl,1.0,0.83711004,88cdcb438761d8c5
tdc_skin_reaction,"Chemprop v2 (AttentiveFP, ensemble=3)",Chemprop v2,oof,176,O=C(Oc1ccccc1)c1ccccc1,1.0,0.5367584,88cdcb438761d8c5
tdc_skin_reaction,"Chemprop v2 (AttentiveFP, ensemble=3)",Chemprop v2,oof,177,CC(CCCCN)C(C)(C)N,1.0,0.7444548,88cdcb438761d8c5
tdc_skin_reaction,"Chemprop v2 (AttentiveFP, ensemble=3)",Chemprop v2,oof,178,C=CCCCCCCCCC(=O)O,1.0,0.5552325,88cdcb438761d8c5
tdc_skin_reaction,"Chemprop v2 (AttentiveFP, ensemble=3)",Chemprop v2,oof,179,CC=CC=CC=O,1.0,0.81580585,88cdcb438761d8c5
tdc_skin_reaction,"Chemprop v2 (AttentiveFP, ensemble=3)",Chemprop v2,oof,180,CN1C2CCC1CC(O)C2,1.0,0.7386715,88cdcb438761d8c5
tdc_skin_reaction,"Chemprop v2 (AttentiveFP, ensemble=3)",Chemprop v2,oof,181,CC(C)N(C(=O)CN1C(=O)C(NC(=O)Nc2cccc(C(=O)OC(C)(C)C)c2)C(=O)N(c2ccccc2)c2ccccc21)c1ccccc1,1.0,0.03305653,88cdcb438761d8c5
tdc_skin_reaction,"Chemprop v2 (AttentiveFP, ensemble=3)",Chemprop v2,oof,182,NC1CCCCC1N,1.0,0.5376029,88cdcb438761d8c5
tdc_skin_reaction,"Chemprop v2 (AttentiveFP, ensemble=3)",Chemprop v2,oof,183,O=S(=O)(Cl)c1ccc2c(c1)OCO2,1.0,0.56149393,88cdcb438761d8c5
tdc_skin_reaction,"Chemprop v2 (AttentiveFP, ensemble=3)",Chemprop v2,oof,184,O=C(O)CCCCCCCCCCCBr,1.0,0.76018554,88cdcb438761d8c5
tdc_skin_reaction,"Chemprop v2 (AttentiveFP, ensemble=3)",Chemprop v2,oof,185,ClCc1ccc2ccc3cccc4ccc1c2c34,1.0,0.737279,88cdcb438761d8c5
tdc_skin_reaction,"Chemprop v2 (AttentiveFP, ensemble=3)",Chemprop v2,oof,186,Cc1cc(=O)n(-c2ccc(C)c(C)c2)[nH]1,1.0,0.48660955,88cdcb438761d8c5
tdc_skin_reaction,"Chemprop v2 (AttentiveFP, ensemble=3)",Chemprop v2,oof,187,CCC(C)(C)C1CCC(CC=O)CC1,1.0,0.55020314,88cdcb438761d8c5
tdc_skin_reaction,"Chemprop v2 (AttentiveFP, ensemble=3)",Chemprop v2,oof,188,CC(C)(C)C(=O)CC(=O)C(C)(C)C,1.0,0.7256513,88cdcb438761d8c5
tdc_skin_reaction,"Chemprop v2 (AttentiveFP, ensemble=3)",Chemprop v2,oof,189,C=C(C)C(=O)OCC(O)COc1ccc(C(C)(C)c2ccc(OCC(O)COC(=O)C(=C)C)cc2)cc1,1.0,0.35973418,88cdcb438761d8c5
tdc_skin_reaction,"Chemprop v2 (AttentiveFP, ensemble=3)",Chemprop v2,oof,190,Clc1nc(Cl)nc(Cl)n1,1.0,0.5356967,88cdcb438761d8c5
tdc_skin_reaction,"Chemprop v2 (AttentiveFP, ensemble=3)",Chemprop v2,oof,191,Clc1ccnc(Cl)n1,1.0,0.70822525,88cdcb438761d8c5
tdc_skin_reaction,"Chemprop v2 (AttentiveFP, ensemble=3)",Chemprop v2,oof,192,CCC=CC=CC=O,1.0,0.8003629,88cdcb438761d8c5
tdc_skin_reaction,"Chemprop v2 (AttentiveFP, ensemble=3)",Chemprop v2,oof,193,CC1=C(C=O)C(C)(C)CC=C1,1.0,0.7774992,88cdcb438761d8c5
tdc_skin_reaction,"Chemprop v2 (AttentiveFP, ensemble=3)",Chemprop v2,oof,194,COc1cc(C)c2c(Oc3cccc(C(F)(F)F)c3)c(OC)cc([N+](=O)[O-])c2n1,1.0,0.31016865,88cdcb438761d8c5
tdc_skin_reaction,"Chemprop v2 (AttentiveFP, ensemble=3)",Chemprop v2,oof,195,Nc1ccccc1Nc1ccccc1,1.0,0.6790162,88cdcb438761d8c5
tdc_skin_reaction,"Chemprop v2 (AttentiveFP, ensemble=3)",Chemprop v2,oof,196,CCCCCCCCCCCCC(Br)C(=O)O,1.0,0.5624135,88cdcb438761d8c5
tdc_skin_reaction,"Chemprop v2 (AttentiveFP, ensemble=3)",Chemprop v2,oof,197,O=[N+]([O-])c1ccc(OCc2cccc(F)c2)c(Cl)c1,1.0,0.5561984,88cdcb438761d8c5
tdc_skin_reaction,"Chemprop v2 (AttentiveFP, ensemble=3)",Chemprop v2,oof,198,Cc1nc2ccccc2c(=O)o1,1.0,0.5784414,88cdcb438761d8c5
tdc_skin_reaction,"Chemprop v2 (AttentiveFP, ensemble=3)",Chemprop v2,oof,199,O=C(Nc1ccc(Cl)c(Cl)c1)c1cc(Cl)cc(Cl)c1O,1.0,0.5275435,88cdcb438761d8c5
tdc_skin_reaction,"Chemprop v2 (AttentiveFP, ensemble=3)",Chemprop v2,oof,200,O=C1CCc2ccccc2O1,1.0,0.67015177,88cdcb438761d8c5
tdc_skin_reaction,"Chemprop v2 (AttentiveFP, ensemble=3)",Chemprop v2,oof,201,CC1(C)CC(N)CC(C)(CN)C1,1.0,0.52181244,88cdcb438761d8c5
tdc_skin_reaction,"Chemprop v2 (AttentiveFP, ensemble=3)",Chemprop v2,oof,202,C=C1NS(=O)(=O)N=C1c1ccccc1,1.0,0.6601282,88cdcb438761d8c5
tdc_skin_reaction,"Chemprop v2 (AttentiveFP, ensemble=3)",Chemprop v2,oof,203,CCC=C1OC(=O)c2ccccc21,1.0,0.71357495,88cdcb438761d8c5
tdc_skin_reaction,"Chemprop v2 (AttentiveFP, ensemble=3)",Chemprop v2,oof,204,CC(C)(O)CCCC1=CCC(C=O)CC1,1.0,0.7631922,88cdcb438761d8c5
tdc_skin_reaction,"Chemprop v2 (AttentiveFP, ensemble=3)",Chemprop v2,oof,205,O=C(C(=O)c1ccccc1)C1=CCC(Br)(Br)C=C1,1.0,0.51809376,88cdcb438761d8c5
tdc_skin_reaction,"Chemprop v2 (AttentiveFP, ensemble=3)",Chemprop v2,oof,206,CC(Br)CCCN1C(=O)c2ccccc2C1=O,1.0,0.53226304,88cdcb438761d8c5
tdc_skin_reaction,"Chemprop v2 (AttentiveFP, ensemble=3)",Chemprop v2,oof,207,Clc1ncnc2ccc(I)cc12,1.0,0.54925793,88cdcb438761d8c5
tdc_skin_reaction,"Chemprop v2 (AttentiveFP, ensemble=3)",Chemprop v2,oof,208,CC(I)CCCN1C(=O)c2ccccc2C1=O,1.0,0.5342779,88cdcb438761d8c5
tdc_skin_reaction,"Chemprop v2 (AttentiveFP, ensemble=3)",Chemprop v2,oof,209,C=C1CC(C(=C)C)CC=C1C,1.0,0.58828706,88cdcb438761d8c5
tdc_skin_reaction,"Chemprop v2 (AttentiveFP, ensemble=3)",Chemprop v2,oof,210,C=C1CC(C)(C)OC1=O,1.0,0.5872316,88cdcb438761d8c5
tdc_skin_reaction,"Chemprop v2 (AttentiveFP, ensemble=3)",Chemprop v2,oof,211,O=C(O)c1cccc(-c2cc(Cl)cc([N+](=O)[O-])c2O)c1,1.0,0.49718764,88cdcb438761d8c5
tdc_skin_reaction,"Chemprop v2 (AttentiveFP, ensemble=3)",Chemprop v2,oof,212,COc1cc(C)c2c(Cl)c(OC)cc([N+](=O)[O-])c2n1,1.0,0.4633353,88cdcb438761d8c5
tdc_skin_reaction,"Chemprop v2 (AttentiveFP, ensemble=3)",Chemprop v2,oof,213,COc1cc([N+](=O)[O-])c2[nH]c(=O)cc(C)c2c1Cl,1.0,0.40356383,88cdcb438761d8c5
tdc_skin_reaction,"Chemprop v2 (AttentiveFP, ensemble=3)",Chemprop v2,oof,214,COc1cc2c(cc1C(F)(F)F)NCC2,1.0,0.5170364,88cdcb438761d8c5
tdc_skin_reaction,"Chemprop v2 (AttentiveFP, ensemble=3)",Chemprop v2,oof,215,Cc1ncccc1Oc1ccc(N)cn1,1.0,0.40866992,88cdcb438761d8c5
tdc_skin_reaction,"Chemprop v2 (AttentiveFP, ensemble=3)",Chemprop v2,oof,216,CCN(CC)CCCCCCBr,1.0,0.79640704,88cdcb438761d8c5
tdc_skin_reaction,"Chemprop v2 (AttentiveFP, ensemble=3)",Chemprop v2,oof,217,Cc1c2ccccc2c(C)c2c1ccc1ccccc12,1.0,0.7088557,88cdcb438761d8c5
tdc_skin_reaction,"Chemprop v2 (AttentiveFP, ensemble=3)",Chemprop v2,oof,218,CON=C1CN(c2nc3c(cc2F)c(=O)c(C(=O)O)cn3C2CC2)CC1CN,1.0,0.31390747,88cdcb438761d8c5
tdc_skin_reaction,"Chemprop v2 (AttentiveFP, ensemble=3)",Chemprop v2,oof,219,CCCCCCCC(Br)CCCCCC,1.0,0.88326144,88cdcb438761d8c5
tdc_skin_reaction,"Chemprop v2 (AttentiveFP, ensemble=3)",Chemprop v2,oof,220,CCCCCn1c(=O)[nH]c(=O)c2[nH]c(Cl)nc21,1.0,0.44082126,88cdcb438761d8c5
tdc_skin_reaction,"Chemprop v2 (AttentiveFP, ensemble=3)",Chemprop v2,oof,221,CC(C)C1=CC2=CCC3C(C)(C(=O)O)CCCC3(C)C2CC1,1.0,0.5259411,88cdcb438761d8c5
tdc_skin_reaction,"Chemprop v2 (AttentiveFP, ensemble=3)",Chemprop v2,oof,222,CC1=CCC(C(C)C)C=C1,1.0,0.83551836,88cdcb438761d8c5
tdc_skin_reaction,"Chemprop v2 (AttentiveFP, ensemble=3)",Chemprop v2,oof,223,CC1=CC=C(C(C)C)CC1,1.0,0.8409775,88cdcb438761d8c5
tdc_skin_reaction,"Chemprop v2 (AttentiveFP, ensemble=3)",Chemprop v2,oof,224,CCC1OC(=O)C(C)C(OC2CC(C)(OC)C(O)C(C)O2)C(C)C(OC2OC(C)CC(N(C)C)C2O)C(C)(O)CC(C)CN(C)C(C)C(O)C1(C)O,1.0,0.36702168,88cdcb438761d8c5
tdc_skin_reaction,"Chemprop v2 (AttentiveFP, ensemble=3)",Chemprop v2,oof,225,N=C1CC(=Nc2ccc(N)cc2)C(=N)CC1=Nc1ccc(N)cc1,1.0,0.42266512,88cdcb438761d8c5
tdc_skin_reaction,"Chemprop v2 (AttentiveFP, ensemble=3)",Chemprop v2,oof,226,c1ccc2c(c1)cc1ccc3cccc4ccc2c1c34,1.0,0.5719072,88cdcb438761d8c5
tdc_skin_reaction,"Chemprop v2 (AttentiveFP, ensemble=3)",Chemprop v2,oof,227,O=C1C=CC(=O)C=C1,1.0,0.7333223,88cdcb438761d8c5
tdc_skin_reaction,"Chemprop v2 (AttentiveFP, ensemble=3)",Chemprop v2,oof,228,O=C1CCO1,1.0,0.7929897,88cdcb438761d8c5
tdc_skin_reaction,"Chemprop v2 (AttentiveFP, ensemble=3)",Chemprop v2,oof,229,CC(=O)C(C)=O,1.0,0.7368181,88cdcb438761d8c5
tdc_skin_reaction,"Chemprop v2 (AttentiveFP, ensemble=3)",Chemprop v2,oof,230,CCCCCCCCCCCCCCCC1=NC(C)(C)C(=O)O1,1.0,0.78817385,88cdcb438761d8c5
tdc_skin_reaction,"Chemprop v2 (AttentiveFP, ensemble=3)",Chemprop v2,oof,231,CCCCCCCCCCCCCCCCCC1=NC(C)(C)C(=O)O1,1.0,0.8016483,88cdcb438761d8c5
tdc_skin_reaction,"Chemprop v2 (AttentiveFP, ensemble=3)",Chemprop v2,oof,232,CCCCCCC1=NC(C)(C)C(=O)O1,1.0,0.7327005,88cdcb438761d8c5
tdc_skin_reaction,"Chemprop v2 (AttentiveFP, ensemble=3)",Chemprop v2,oof,233,CCCCCCCCCC1=NC(C)(C)C(=O)O1,1.0,0.7448511,88cdcb438761d8c5
tdc_skin_reaction,"Chemprop v2 (AttentiveFP, ensemble=3)",Chemprop v2,oof,234,C=C(C)C1CCC(C)=C(N=O)C1,1.0,0.7875228,88cdcb438761d8c5
tdc_skin_reaction,"Chemprop v2 (AttentiveFP, ensemble=3)",Chemprop v2,oof,235,Clc1ccccc1C(c1ccccc1)(c1ccccc1)n1ccnc1,1.0,0.6051689,88cdcb438761d8c5
tdc_skin_reaction,"Chemprop v2 (AttentiveFP, ensemble=3)",Chemprop v2,oof,236,C(=NC1CCCCC1)=NC1CCCCC1,1.0,0.57892513,88cdcb438761d8c5
tdc_skin_reaction,"Chemprop v2 (AttentiveFP, ensemble=3)",Chemprop v2,oof,237,CCOC(=O)C=CC(=O)OCC,1.0,0.6973792,88cdcb438761d8c5
tdc_skin_reaction,"Chemprop v2 (AttentiveFP, ensemble=3)",Chemprop v2,oof,238,COS(=O)(=O)OC,1.0,0.59334564,88cdcb438761d8c5
tdc_skin_reaction,"Chemprop v2 (AttentiveFP, ensemble=3)",Chemprop v2,oof,239,CS(C)=O,1.0,0.86515146,88cdcb438761d8c5
tdc_skin_reaction,"Chemprop v2 (AttentiveFP, ensemble=3)",Chemprop v2,oof,240,CN1C2CCC1CC(OS(C)(=O)=O)C2,1.0,0.6825018,88cdcb438761d8c5
tdc_skin_reaction,"Chemprop v2 (AttentiveFP, ensemble=3)",Chemprop v2,oof,241,C=CC(=O)OCC(COC(=O)C=C)C(CC)OC(=O)C=C,1.0,0.5095994,88cdcb438761d8c5
tdc_skin_reaction,"Chemprop v2 (AttentiveFP, ensemble=3)",Chemprop v2,oof,242,NCCN,1.0,0.7603076,88cdcb438761d8c5
tdc_skin_reaction,"Chemprop v2 (AttentiveFP, ensemble=3)",Chemprop v2,oof,243,CC(C)=CCCC(C)=CCCC(C)=CC=O,1.0,0.5819395,88cdcb438761d8c5
tdc_skin_reaction,"Chemprop v2 (AttentiveFP, ensemble=3)",Chemprop v2,oof,244,CC(C)=CCCC(C)=CCO,1.0,0.7626726,88cdcb438761d8c5
tdc_skin_reaction,"Chemprop v2 (AttentiveFP, ensemble=3)",Chemprop v2,oof,245,O=CCCCC=O,1.0,0.5935173,88cdcb438761d8c5
tdc_skin_reaction,"Chemprop v2 (AttentiveFP, ensemble=3)",Chemprop v2,oof,246,O=C(CS)OCC(O)CO,1.0,0.7042856,88cdcb438761d8c5
tdc_skin_reaction,"Chemprop v2 (AttentiveFP, ensemble=3)",Chemprop v2,oof,247,O=CC=O,1.0,0.60381037,88cdcb438761d8c5
tdc_skin_reaction,"Chemprop v2 (AttentiveFP, ensemble=3)",Chemprop v2,oof,248,NCCNCCO,1.0,0.57256436,88cdcb438761d8c5
tdc_skin_reaction,"Chemprop v2 (AttentiveFP, ensemble=3)",Chemprop v2,oof,249,O=C(NCNC(=O)NC1C(=O)NC(=O)N1CO)NC1C(=O)NC(=O)N1CO,1.0,0.02120608,88cdcb438761d8c5
tdc_skin_reaction,"Chemprop v2 (AttentiveFP, ensemble=3)",Chemprop v2,oof,250,CCCCNC(=O)OC#CCI,1.0,0.5769145,88cdcb438761d8c5
tdc_skin_reaction,"Chemprop v2 (AttentiveFP, ensemble=3)",Chemprop v2,oof,251,CCCCCCCCCCCCOS(=O)(=O)O,1.0,0.5700162,88cdcb438761d8c5
tdc_skin_reaction,"Chemprop v2 (AttentiveFP, ensemble=3)",Chemprop v2,oof,252,CCC=CCC=CCC=CCCCCCCCC(=O)O,1.0,0.83252794,88cdcb438761d8c5
tdc_skin_reaction,"Chemprop v2 (AttentiveFP, ensemble=3)",Chemprop v2,oof,253,CCCCCCCCCCCCS(=O)(=O)OC,1.0,0.8132933,88cdcb438761d8c5
tdc_skin_reaction,"Chemprop v2 (AttentiveFP, ensemble=3)",Chemprop v2,oof,254,CCCCCCCCCCCCCCCCS(=O)(=O)OC,1.0,0.5918545,88cdcb438761d8c5
tdc_skin_reaction,"Chemprop v2 (AttentiveFP, ensemble=3)",Chemprop v2,oof,255,COS(C)(=O)=O,1.0,0.7708361,88cdcb438761d8c5
tdc_skin_reaction,"Chemprop v2 (AttentiveFP, ensemble=3)",Chemprop v2,oof,256,COC(=O)C(C)=O,1.0,0.70335054,88cdcb438761d8c5
tdc_skin_reaction,"Chemprop v2 (AttentiveFP, ensemble=3)",Chemprop v2,oof,257,CCCCCCCCCCCCCCCCC(CS(=O)(=O)O)C(=O)OC,1.0,0.7608343,88cdcb438761d8c5
tdc_skin_reaction,"Chemprop v2 (AttentiveFP, ensemble=3)",Chemprop v2,oof,258,CCN(CC)CCN(Cc1ccc(-c2ccc(C(F)(F)F)cc2)cc1)C(=O)Cn1c(SCc2ccc(F)cc2)nc(=O)c2c1CCC2,1.0,0.10445274,88cdcb438761d8c5
tdc_skin_reaction,"Chemprop v2 (AttentiveFP, ensemble=3)",Chemprop v2,oof,259,CCN(N=O)C(N)=O,1.0,0.50921977,88cdcb438761d8c5
tdc_skin_reaction,"Chemprop v2 (AttentiveFP, ensemble=3)",Chemprop v2,oof,260,CC(C)N(C(=O)CNc1ccccc1Nc1ccccc1)c1ccccc1,1.0,0.44014955,88cdcb438761d8c5
tdc_skin_reaction,"Chemprop v2 (AttentiveFP, ensemble=3)",Chemprop v2,oof,261,CN(N=O)C(N)=O,1.0,0.51917166,88cdcb438761d8c5
tdc_skin_reaction,"Chemprop v2 (AttentiveFP, ensemble=3)",Chemprop v2,oof,262,CCCCCCCCC=CCCCCCCCCOS(C)(=O)=O,1.0,0.5748748,88cdcb438761d8c5
tdc_skin_reaction,"Chemprop v2 (AttentiveFP, ensemble=3)",Chemprop v2,oof,263,COC1=CC=C2C3Cc4ccc(O)c5c4C2(CCN3C)C1O5,1.0,0.4473401,88cdcb438761d8c5
tdc_skin_reaction,"Chemprop v2 (AttentiveFP, ensemble=3)",Chemprop v2,oof,264,O=C(O)C(=O)O,1.0,0.51573014,88cdcb438761d8c5
tdc_skin_reaction,"Chemprop v2 (AttentiveFP, ensemble=3)",Chemprop v2,oof,265,O=c1[nH]cco1,1.0,0.57072324,88cdcb438761d8c5
tdc_skin_reaction,"Chemprop v2 (AttentiveFP, ensemble=3)",Chemprop v2,oof,266,CC1(C)SC2C(NC(=O)Cc3ccccc3)C(=O)N2C1C(=O)O,1.0,0.48213425,88cdcb438761d8c5
tdc_skin_reaction,"Chemprop v2 (AttentiveFP, ensemble=3)",Chemprop v2,oof,267,C=C(C)C1CC=C(C=O)CC1,1.0,0.82927704,88cdcb438761d8c5
tdc_skin_reaction,"Chemprop v2 (AttentiveFP, ensemble=3)",Chemprop v2,oof,268,CC(C)(C)c1ccc(OCC2CO2)cc1,1.0,0.707166,88cdcb438761d8c5
tdc_skin_reaction,"Chemprop v2 (AttentiveFP, ensemble=3)",Chemprop v2,oof,269,c1ccncc1,1.0,0.6195263,88cdcb438761d8c5
tdc_skin_reaction,"Chemprop v2 (AttentiveFP, ensemble=3)",Chemprop v2,oof,270,C=C(C)C1CC=C(C)C(=O)C1,1.0,0.56017804,88cdcb438761d8c5
tdc_skin_reaction,"Chemprop v2 (AttentiveFP, ensemble=3)",Chemprop v2,oof,271,O=C(Oc1ccc([N+](=O)[O-])cc1)OC1COC2OCCC12,1.0,0.57110524,88cdcb438761d8c5
tdc_skin_reaction,"Chemprop v2 (AttentiveFP, ensemble=3)",Chemprop v2,oof,272,CCOC(=S)S,1.0,0.65345144,88cdcb438761d8c5
tdc_skin_reaction,"Chemprop v2 (AttentiveFP, ensemble=3)",Chemprop v2,oof,273,CCCCCCCCCCCC(=O)OC(C)C(=O)OC(C)C(=O)O,1.0,0.60697067,88cdcb438761d8c5
tdc_skin_reaction,"Chemprop v2 (AttentiveFP, ensemble=3)",Chemprop v2,oof,274,CC(C)=CCCC(C)=CCCC(C)=CCCC=C(C)CCC=C(C)CCC=C(C)C,1.0,0.5925227,88cdcb438761d8c5
tdc_skin_reaction,"Chemprop v2 (AttentiveFP, ensemble=3)",Chemprop v2,oof,275,CN(C)C(=S)SSC(=S)N(C)C,1.0,0.7399165,88cdcb438761d8c5
tdc_skin_reaction,"Chemprop v2 (AttentiveFP, ensemble=3)",Chemprop v2,oof,276,C=CCCCCCCCCC=O,1.0,0.5952099,88cdcb438761d8c5
tdc_skin_reaction,"Chemprop v2 (AttentiveFP, ensemble=3)",Chemprop v2,oof,277,C=Cc1ccncc1,1.0,0.6152994,88cdcb438761d8c5
tdc_skin_reaction,"Chemprop v2 (AttentiveFP, ensemble=3)",Chemprop v2,oof,278,C[N+](C)(C)c1ccc2c(c1)C(=NNc1ccc(N)c([N+](=O)[O-])c1)C(=O)C=C2,0.0,0.44574824,88cdcb438761d8c5
tdc_skin_reaction,"Chemprop v2 (AttentiveFP, ensemble=3)",Chemprop v2,oof,279,CCCCCCCCC(=O)O,0.0,0.7254395,88cdcb438761d8c5
tdc_skin_reaction,"Chemprop v2 (AttentiveFP, ensemble=3)",Chemprop v2,oof,280,CNC1C(OC2C(OC3C(O)C(O)C(NC(=N)N)C(O)C3NC(=N)N)OC(C)C2(O)C=O)OC(CO)C(O)C1O,0.0,0.25423422,88cdcb438761d8c5
tdc_skin_reaction,"Chemprop v2 (AttentiveFP, ensemble=3)",Chemprop v2,oof,281,O=C1OC(=O)C2CCCCC12,1.0,0.75641805,88cdcb438761d8c5
tdc_skin_reaction,"Chemprop v2 (AttentiveFP, ensemble=3)",Chemprop v2,oof,282,Cc1cc(=O)n(-c2ccccc2)[nH]1,1.0,0.52048796,88cdcb438761d8c5
tdc_skin_reaction,"Chemprop v2 (AttentiveFP, ensemble=3)",Chemprop v2,oof,283,O=C(OOC(=O)c1ccccc1)c1ccccc1,1.0,0.5103516,88cdcb438761d8c5
tdc_skin_reaction,"Chemprop v2 (AttentiveFP, ensemble=3)",Chemprop v2,oof,284,O=c1c(-c2ccccc2)c1-c1ccccc1,1.0,0.63413715,88cdcb438761d8c5
tdc_skin_reaction,"Chemprop v2 (AttentiveFP, ensemble=3)",Chemprop v2,oof,285,Nc1ccc(N)c2c1C(=O)c1ccccc1C2=O,1.0,0.4762543,88cdcb438761d8c5
tdc_skin_reaction,"Chemprop v2 (AttentiveFP, ensemble=3)",Chemprop v2,oof,286,O=C1C=CC(=O)O1,1.0,0.6116573,88cdcb438761d8c5
tdc_skin_reaction,"Chemprop v2 (AttentiveFP, ensemble=3)",Chemprop v2,oof,287,O=C1OC(=O)c2ccccc21,1.0,0.7448787,88cdcb438761d8c5
tdc_skin_reaction,"Chemprop v2 (AttentiveFP, ensemble=3)",Chemprop v2,oof,288,O=c1c(O)c(O)c1=O,1.0,0.6052895,88cdcb438761d8c5
tdc_skin_reaction,"Chemprop v2 (D-MPNN + Selected descriptors, ensemble=3)",Chemprop v2,oof,0,CC(=O)OCC(=O)C1(O)C(C)CC2C3CCC4=CC(=O)C=CC4(C)C3=CCC21C,0.0,0.0015630499,88cdcb438761d8c5
tdc_skin_reaction,"Chemprop v2 (D-MPNN + Selected descriptors, ensemble=3)",Chemprop v2,oof,1,CCCOc1ccc(Br)c(C(=O)c2ccc(OC)cc2O)c1,0.0,0.2983214,88cdcb438761d8c5
tdc_skin_reaction,"Chemprop v2 (D-MPNN + Selected descriptors, ensemble=3)",Chemprop v2,oof,2,CC=C(C)C=O,0.0,0.83760834,88cdcb438761d8c5
tdc_skin_reaction,"Chemprop v2 (D-MPNN + Selected descriptors, ensemble=3)",Chemprop v2,oof,3,O=C1C([PH](c2ccccc2)(c2ccccc2)c2ccccc2)CCN1c1ccccc1,0.0,0.54415077,88cdcb438761d8c5
tdc_skin_reaction,"Chemprop v2 (D-MPNN + Selected descriptors, ensemble=3)",Chemprop v2,oof,4,C=C(C=CCC(C)C)CC,0.0,0.8768657,88cdcb438761d8c5
tdc_skin_reaction,"Chemprop v2 (D-MPNN + Selected descriptors, ensemble=3)",Chemprop v2,oof,5,C=CC1(C)CC(OC(=O)CSC2CC3CCC(C2)N3C)C2(C)C(C)CCC3(CCC(=O)C32)C(C)C1O,0.0,0.14174761,88cdcb438761d8c5
tdc_skin_reaction,"Chemprop v2 (D-MPNN + Selected descriptors, ensemble=3)",Chemprop v2,oof,6,CCCCc1ccc(C(=O)CC(=O)c2cc(C)c(C)c(C)c2C)cc1,0.0,0.20664187,88cdcb438761d8c5
tdc_skin_reaction,"Chemprop v2 (D-MPNN + Selected descriptors, ensemble=3)",Chemprop v2,oof,7,CC(C)(CC1Cc2ccccc2C1)NCC(O)COc1cc(CCC(=O)O)cc(F)c1F,0.0,0.14146721,88cdcb438761d8c5
tdc_skin_reaction,"Chemprop v2 (D-MPNN + Selected descriptors, ensemble=3)",Chemprop v2,oof,8,CCOc1ccc(C(=O)Cc2ccc(S(C)(=O)=O)cc2)cc1,0.0,0.32831714,88cdcb438761d8c5
tdc_skin_reaction,"Chemprop v2 (D-MPNN + Selected descriptors, ensemble=3)",Chemprop v2,oof,9,CC(C)(C)OC(=O)N1CC(F)CC1C(N)=O,0.0,0.21784091,88cdcb438761d8c5
tdc_skin_reaction,"Chemprop v2 (D-MPNN + Selected descriptors, ensemble=3)",Chemprop v2,oof,10,CC(C)(C)OC(=O)N1CC(F)CC1C(=O)O,0.0,0.16843446,88cdcb438761d8c5
tdc_skin_reaction,"Chemprop v2 (D-MPNN + Selected descriptors, ensemble=3)",Chemprop v2,oof,11,Cc1nc(COc2ccc(CC(NC(=O)OC(C)(C)C)C3CO3)cc2)cs1,0.0,0.028224945,88cdcb438761d8c5
tdc_skin_reaction,"Chemprop v2 (D-MPNN + Selected descriptors, ensemble=3)",Chemprop v2,oof,12,CC(C)(C)OC(=O)NC(C(=O)N1CC(F)CC1C#N)C(c1ccc(F)cc1)c1ccc(F)cc1,0.0,0.034068007,88cdcb438761d8c5
tdc_skin_reaction,"Chemprop v2 (D-MPNN + Selected descriptors, ensemble=3)",Chemprop v2,oof,13,O=c1[nH]c(=S)[nH]c2c1CCC2,0.0,0.56660783,88cdcb438761d8c5
tdc_skin_reaction,"Chemprop v2 (D-MPNN + Selected descriptors, ensemble=3)",Chemprop v2,oof,14,Cc1ccc(C)c(C(=O)CC(=O)c2cc(C)ccc2C)c1,0.0,0.18653214,88cdcb438761d8c5
tdc_skin_reaction,"Chemprop v2 (D-MPNN + Selected descriptors, ensemble=3)",Chemprop v2,oof,15,CC1C(c2ccccc2)NC(=O)N1C,0.0,0.17347826,88cdcb438761d8c5
tdc_skin_reaction,"Chemprop v2 (D-MPNN + Selected descriptors, ensemble=3)",Chemprop v2,oof,16,CCCOc1ccc2c(c1)C(O)(c1ccc(OC)cc1OCc1ccccc1)C(C(=O)N1C(=O)N(C)C(C)C1c1ccccc1)C2c1ccc2c(c1)OCO2,0.0,0.04044806,88cdcb438761d8c5
tdc_skin_reaction,"Chemprop v2 (D-MPNN + Selected descriptors, ensemble=3)",Chemprop v2,oof,17,N#CC1CC(F)CN1C(=O)C(N)C(c1ccc(F)cc1)c1ccc(F)cc1,0.0,0.0273294,88cdcb438761d8c5
tdc_skin_reaction,"Chemprop v2 (D-MPNN + Selected descriptors, ensemble=3)",Chemprop v2,oof,18,CCCOc1ccc(C=CC(=O)N2C(=O)N(C)C(C)C2c2ccccc2)c(C(=O)c2ccc(OC)cc2OCc2ccccc2)c1,0.0,0.01753761,88cdcb438761d8c5
tdc_skin_reaction,"Chemprop v2 (D-MPNN + Selected descriptors, ensemble=3)",Chemprop v2,oof,19,COc1ccc(C2(C#N)CCC(=O)CC2)cc1OC1CCCC1,0.0,0.08213288,88cdcb438761d8c5
tdc_skin_reaction,"Chemprop v2 (D-MPNN + Selected descriptors, ensemble=3)",Chemprop v2,oof,20,CC(=O)c1ccc(Cc2ccc(F)cc2)o1,0.0,0.40600613,88cdcb438761d8c5
tdc_skin_reaction,"Chemprop v2 (D-MPNN + Selected descriptors, ensemble=3)",Chemprop v2,oof,21,CCOc1ccc(-c2nn3ncccc3c2-c2ccc(S(C)(=O)=O)cc2)cc1,0.0,0.09974104,88cdcb438761d8c5
tdc_skin_reaction,"Chemprop v2 (D-MPNN + Selected descriptors, ensemble=3)",Chemprop v2,oof,22,CC(=O)CCCN1C(=O)c2ccccc2C1=O,0.0,0.88822365,88cdcb438761d8c5
tdc_skin_reaction,"Chemprop v2 (D-MPNN + Selected descriptors, ensemble=3)",Chemprop v2,oof,23,CC(C)(C)N(Cc1ccccc1)CC(O)c1ccc(O)c(CO)c1,0.0,0.15835111,88cdcb438761d8c5
tdc_skin_reaction,"Chemprop v2 (D-MPNN + Selected descriptors, ensemble=3)",Chemprop v2,oof,24,Cc1nc(COc2ccc(CC(NC(=O)OC3COC4OCCC34)C(O)CN(CC(C)C)S(=O)(=O)c3ccc4c(c3)OCO4)cc2)cs1,0.0,0.010003421,88cdcb438761d8c5
tdc_skin_reaction,"Chemprop v2 (D-MPNN + Selected descriptors, ensemble=3)",Chemprop v2,oof,25,CC(C)N(C(=O)Cn1c(=O)c(=NOCc2ccccc2)c(=O)n(-c2ccccc2)c2ccccc21)c1ccccc1,0.0,0.13031767,88cdcb438761d8c5
tdc_skin_reaction,"Chemprop v2 (D-MPNN + Selected descriptors, ensemble=3)",Chemprop v2,oof,26,Cc1c2ccc(N)cc2nn1C,0.0,0.17547096,88cdcb438761d8c5
tdc_skin_reaction,"Chemprop v2 (D-MPNN + Selected descriptors, ensemble=3)",Chemprop v2,oof,27,COc1cc(C)c2c(Oc3cccc(C(F)(F)F)c3)c(OC)cc(N)c2n1,0.0,0.016021647,88cdcb438761d8c5
tdc_skin_reaction,"Chemprop v2 (D-MPNN + Selected descriptors, ensemble=3)",Chemprop v2,oof,28,COc1cc(C)c2c(Oc3cccc(C(F)(F)F)c3)c(OC)cc(NC(C)CCCN3C(=O)c4ccccc4C3=O)c2n1,0.0,0.19259925,88cdcb438761d8c5
tdc_skin_reaction,"Chemprop v2 (D-MPNN + Selected descriptors, ensemble=3)",Chemprop v2,oof,29,CC(=O)C1CCCCC1=O,0.0,0.66642123,88cdcb438761d8c5
tdc_skin_reaction,"Chemprop v2 (D-MPNN + Selected descriptors, ensemble=3)",Chemprop v2,oof,30,CS(=O)(=O)CCN,0.0,0.8143401,88cdcb438761d8c5
tdc_skin_reaction,"Chemprop v2 (D-MPNN + Selected descriptors, ensemble=3)",Chemprop v2,oof,31,COc1ccc2nc(Cl)cc(C)c2c1,0.0,0.06028344,88cdcb438761d8c5
tdc_skin_reaction,"Chemprop v2 (D-MPNN + Selected descriptors, ensemble=3)",Chemprop v2,oof,32,C=C(C)C(=O)OCC(C)O,0.0,0.6581649,88cdcb438761d8c5
tdc_skin_reaction,"Chemprop v2 (D-MPNN + Selected descriptors, ensemble=3)",Chemprop v2,oof,33,CCC(C)C1C(=O)NC(C2Cc3ccccc3C2)C(=O)N1C(C(=O)N1CCOCC1)c1coc(C)n1,0.0,0.00550078,88cdcb438761d8c5
tdc_skin_reaction,"Chemprop v2 (D-MPNN + Selected descriptors, ensemble=3)",Chemprop v2,oof,34,CC(C)N(C(=O)CN1C(=O)C(N)C(=O)N(c2ccccc2)c2ccccc21)c1ccccc1,0.0,0.3799932,88cdcb438761d8c5
tdc_skin_reaction,"Chemprop v2 (D-MPNN + Selected descriptors, ensemble=3)",Chemprop v2,oof,35,O=C(O)c1c(O)c(-c2ccccc2)nc2ccccc12,0.0,0.01985765,88cdcb438761d8c5
tdc_skin_reaction,"Chemprop v2 (D-MPNN + Selected descriptors, ensemble=3)",Chemprop v2,oof,36,CC1C=CC(C(C)C)CC1,0.0,0.6992075,88cdcb438761d8c5
tdc_skin_reaction,"Chemprop v2 (D-MPNN + Selected descriptors, ensemble=3)",Chemprop v2,oof,37,O=Cc1ccc(-c2ccc(C(F)(F)F)cc2)cc1,0.0,0.7529109,88cdcb438761d8c5
tdc_skin_reaction,"Chemprop v2 (D-MPNN + Selected descriptors, ensemble=3)",Chemprop v2,oof,38,CCCCN1C(=O)C(C(O)C2CCCCC2)NC(=O)C12CCN(Cc1ccc(Oc3ccc(C(=O)O)cc3)cc1)CC2,0.0,0.21182942,88cdcb438761d8c5
tdc_skin_reaction,"Chemprop v2 (D-MPNN + Selected descriptors, ensemble=3)",Chemprop v2,oof,39,COc1ccc(C2(C#N)CCC(C(=O)O)CC2)cc1OC1CCCC1,0.0,0.03146353,88cdcb438761d8c5
tdc_skin_reaction,"Chemprop v2 (D-MPNN + Selected descriptors, ensemble=3)",Chemprop v2,oof,40,NC(=O)C1CC(F)CN1,0.0,0.4767855,88cdcb438761d8c5
tdc_skin_reaction,"Chemprop v2 (D-MPNN + Selected descriptors, ensemble=3)",Chemprop v2,oof,41,C=C1CC(C(=C)C)CCC1C,0.0,0.36266792,88cdcb438761d8c5
tdc_skin_reaction,"Chemprop v2 (D-MPNN + Selected descriptors, ensemble=3)",Chemprop v2,oof,42,C=C1CCC(C(C)C)CC1,0.0,0.8755502,88cdcb438761d8c5
tdc_skin_reaction,"Chemprop v2 (D-MPNN + Selected descriptors, ensemble=3)",Chemprop v2,oof,43,Cc1ccc(Nc2nccc(N(C)c3ccc4c(C)n(C)nc4c3)n2)cc1S(N)(=O)=O,0.0,0.0019334207,88cdcb438761d8c5
tdc_skin_reaction,"Chemprop v2 (D-MPNN + Selected descriptors, ensemble=3)",Chemprop v2,oof,44,COc1cc(C)c2c(Cl)c(OC)ccc2n1,0.0,0.061487418,88cdcb438761d8c5
tdc_skin_reaction,"Chemprop v2 (D-MPNN + Selected descriptors, ensemble=3)",Chemprop v2,oof,45,Cc1cc2c(cc1C(F)(F)F)NCC2,0.0,0.46196103,88cdcb438761d8c5
tdc_skin_reaction,"Chemprop v2 (D-MPNN + Selected descriptors, ensemble=3)",Chemprop v2,oof,46,OCCCCCCCl,0.0,0.81811637,88cdcb438761d8c5
tdc_skin_reaction,"Chemprop v2 (D-MPNN + Selected descriptors, ensemble=3)",Chemprop v2,oof,47,C=CC1(C)CC(OC(=O)CO)C2(C)C(C)CCC3(CCC(=O)C32)C(C)C1O,0.0,0.1679392,88cdcb438761d8c5
tdc_skin_reaction,"Chemprop v2 (D-MPNN + Selected descriptors, ensemble=3)",Chemprop v2,oof,48,O=c1[nH]cnc2ccc(I)cc12,0.0,0.4172598,88cdcb438761d8c5
tdc_skin_reaction,"Chemprop v2 (D-MPNN + Selected descriptors, ensemble=3)",Chemprop v2,oof,49,COc1ccc2[nH]c(=O)cc(C)c2c1,0.0,0.17120028,88cdcb438761d8c5
tdc_skin_reaction,"Chemprop v2 (D-MPNN + Selected descriptors, ensemble=3)",Chemprop v2,oof,50,COc1cc(N)c2nccc(C)c2c1,0.0,0.06726945,88cdcb438761d8c5
tdc_skin_reaction,"Chemprop v2 (D-MPNN + Selected descriptors, ensemble=3)",Chemprop v2,oof,51,Cc1ccc2oc(=O)ccc2c1,0.0,0.596975,88cdcb438761d8c5
tdc_skin_reaction,"Chemprop v2 (D-MPNN + Selected descriptors, ensemble=3)",Chemprop v2,oof,52,COc1ccc(Nc2ccc(CCNCC(O)c3ccc(O)c4[nH]c(=O)ccc34)cc2)cc1-c1ccccc1,0.0,0.03612272,88cdcb438761d8c5
tdc_skin_reaction,"Chemprop v2 (D-MPNN + Selected descriptors, ensemble=3)",Chemprop v2,oof,53,O=C(O)CCCCC(=O)O,0.0,0.14018898,88cdcb438761d8c5
tdc_skin_reaction,"Chemprop v2 (D-MPNN + Selected descriptors, ensemble=3)",Chemprop v2,oof,54,CCNc1nc(Cl)nc(NC(C)C)n1,0.0,0.9452929,88cdcb438761d8c5
tdc_skin_reaction,"Chemprop v2 (D-MPNN + Selected descriptors, ensemble=3)",Chemprop v2,oof,55,CCCCBr,0.0,0.77692556,88cdcb438761d8c5
tdc_skin_reaction,"Chemprop v2 (D-MPNN + Selected descriptors, ensemble=3)",Chemprop v2,oof,56,CCCCCCCCCBr,0.0,0.85425395,88cdcb438761d8c5
tdc_skin_reaction,"Chemprop v2 (D-MPNN + Selected descriptors, ensemble=3)",Chemprop v2,oof,57,C=C1CC=C(C(C)C)CC1,0.0,0.8839924,88cdcb438761d8c5
tdc_skin_reaction,"Chemprop v2 (D-MPNN + Selected descriptors, ensemble=3)",Chemprop v2,oof,58,CCCCO,0.0,0.746609,88cdcb438761d8c5
tdc_skin_reaction,"Chemprop v2 (D-MPNN + Selected descriptors, ensemble=3)",Chemprop v2,oof,59,CCCCCCCCCCl,0.0,0.85087603,88cdcb438761d8c5
tdc_skin_reaction,"Chemprop v2 (D-MPNN + Selected descriptors, ensemble=3)",Chemprop v2,oof,60,CCC1OC(=O)C(C)C(OC2CC(C)(OC)C(O)C(C)O2)C(C)C(OC2OC(C)CC(N(C)C)C2O)C(C)(OC)CC(C)C(=O)C(C)C(O)C1(C)O,0.0,0.27127853,88cdcb438761d8c5
tdc_skin_reaction,"Chemprop v2 (D-MPNN + Selected descriptors, ensemble=3)",Chemprop v2,oof,61,O=c1ccc2ccccc2o1,0.0,0.114660226,88cdcb438761d8c5
tdc_skin_reaction,"Chemprop v2 (D-MPNN + Selected descriptors, ensemble=3)",Chemprop v2,oof,62,Nc1cc[nH]c(=O)n1,0.0,0.7641554,88cdcb438761d8c5
tdc_skin_reaction,"Chemprop v2 (D-MPNN + Selected descriptors, ensemble=3)",Chemprop v2,oof,63,COC(=O)CCC(C#N)(CCC(=O)OC)c1ccc(OC)c(OC2CCCC2)c1,0.0,0.02570571,88cdcb438761d8c5
tdc_skin_reaction,"Chemprop v2 (D-MPNN + Selected descriptors, ensemble=3)",Chemprop v2,oof,64,COC(=O)OC,0.0,0.8218717,88cdcb438761d8c5
tdc_skin_reaction,"Chemprop v2 (D-MPNN + Selected descriptors, ensemble=3)",Chemprop v2,oof,65,CCOC(=O)C(=NOC(C)(C)C(=O)OC(C)(C)C)c1csc(NC(c2ccccc2)(c2ccccc2)c2ccccc2)n1,0.0,0.73171085,88cdcb438761d8c5
tdc_skin_reaction,"Chemprop v2 (D-MPNN + Selected descriptors, ensemble=3)",Chemprop v2,oof,66,CCOC(=O)c1nnc[nH]1,0.0,0.21213686,88cdcb438761d8c5
tdc_skin_reaction,"Chemprop v2 (D-MPNN + Selected descriptors, ensemble=3)",Chemprop v2,oof,67,CCOC(=O)CC(=O)c1cc(F)c(Cl)nc1Cl,0.0,0.33101994,88cdcb438761d8c5
tdc_skin_reaction,"Chemprop v2 (D-MPNN + Selected descriptors, ensemble=3)",Chemprop v2,oof,68,O=C(O)C=CC(=O)O,0.0,0.12365338,88cdcb438761d8c5
tdc_skin_reaction,"Chemprop v2 (D-MPNN + Selected descriptors, ensemble=3)",Chemprop v2,oof,69,O=C(C(=O)c1ccco1)c1ccco1,0.0,0.32064605,88cdcb438761d8c5
tdc_skin_reaction,"Chemprop v2 (D-MPNN + Selected descriptors, ensemble=3)",Chemprop v2,oof,70,OCC(O)CO,0.0,0.53034085,88cdcb438761d8c5
tdc_skin_reaction,"Chemprop v2 (D-MPNN + Selected descriptors, ensemble=3)",Chemprop v2,oof,71,CCCCCC,0.0,0.7948771,88cdcb438761d8c5
tdc_skin_reaction,"Chemprop v2 (D-MPNN + Selected descriptors, ensemble=3)",Chemprop v2,oof,72,CCCCCCI,0.0,0.8101268,88cdcb438761d8c5
tdc_skin_reaction,"Chemprop v2 (D-MPNN + Selected descriptors, ensemble=3)",Chemprop v2,oof,73,CCCCCCCCCCCCCCCCCCI,0.0,0.9627516,88cdcb438761d8c5
tdc_skin_reaction,"Chemprop v2 (D-MPNN + Selected descriptors, ensemble=3)",Chemprop v2,oof,74,CC(C)O,0.0,0.5216244,88cdcb438761d8c5
tdc_skin_reaction,"Chemprop v2 (D-MPNN + Selected descriptors, ensemble=3)",Chemprop v2,oof,75,CC(C)N(C#N)C#N,0.0,0.17426163,88cdcb438761d8c5
tdc_skin_reaction,"Chemprop v2 (D-MPNN + Selected descriptors, ensemble=3)",Chemprop v2,oof,76,NCC1OC(OC2C(N)CC(N)C(OC3OC(CO)C(O)C(N)C3O)C2O)C(O)C(O)C1O,0.0,0.83618146,88cdcb438761d8c5
tdc_skin_reaction,"Chemprop v2 (D-MPNN + Selected descriptors, ensemble=3)",Chemprop v2,oof,77,CC(O)C(=O)O,0.0,0.48025715,88cdcb438761d8c5
tdc_skin_reaction,"Chemprop v2 (D-MPNN + Selected descriptors, ensemble=3)",Chemprop v2,oof,78,Cc1c2ccc(Nc3ccnc(Cl)n3)cc2nn1C,0.0,0.116549455,88cdcb438761d8c5
tdc_skin_reaction,"Chemprop v2 (D-MPNN + Selected descriptors, ensemble=3)",Chemprop v2,oof,79,Cc1c2ccc(N(C)c3ccnc(Cl)n3)cc2nn1C,0.0,0.11563458,88cdcb438761d8c5
tdc_skin_reaction,"Chemprop v2 (D-MPNN + Selected descriptors, ensemble=3)",Chemprop v2,oof,80,CCCCN1CCC(CNC(=O)c2c3n(c4ccccc24)CCCO3)CC1,0.0,0.047385264,88cdcb438761d8c5
tdc_skin_reaction,"Chemprop v2 (D-MPNN + Selected descriptors, ensemble=3)",Chemprop v2,oof,81,CC(C)(C)OC(=O)NC(C(=O)O)C(c1ccc(F)cc1)c1ccc(F)cc1,0.0,0.24933033,88cdcb438761d8c5
tdc_skin_reaction,"Chemprop v2 (D-MPNN + Selected descriptors, ensemble=3)",Chemprop v2,oof,82,O=CNc1cc(C(O)CBr)ccc1OCc1ccccc1,0.0,0.01959934,88cdcb438761d8c5
tdc_skin_reaction,"Chemprop v2 (D-MPNN + Selected descriptors, ensemble=3)",Chemprop v2,oof,83,CCCCCCCC(=O)O,0.0,0.8746114,88cdcb438761d8c5
tdc_skin_reaction,"Chemprop v2 (D-MPNN + Selected descriptors, ensemble=3)",Chemprop v2,oof,84,CCOc1cc(Oc2ccc(C(F)(F)F)cc2Cl)ccc1[N+](=O)[O-],0.0,0.12093908,88cdcb438761d8c5
tdc_skin_reaction,"Chemprop v2 (D-MPNN + Selected descriptors, ensemble=3)",Chemprop v2,oof,85,C=CC(=O)OCC(CO)(COC(=O)C=C)COC(=O)C=C,0.0,0.03207466,88cdcb438761d8c5
tdc_skin_reaction,"Chemprop v2 (D-MPNN + Selected descriptors, ensemble=3)",Chemprop v2,oof,86,Cc1cc(F)ccc1C1CC(=O)C=CN1C(=O)OCc1ccccc1,0.0,0.13207532,88cdcb438761d8c5
tdc_skin_reaction,"Chemprop v2 (D-MPNN + Selected descriptors, ensemble=3)",Chemprop v2,oof,87,CC(O)CO,0.0,0.53036594,88cdcb438761d8c5
tdc_skin_reaction,"Chemprop v2 (D-MPNN + Selected descriptors, ensemble=3)",Chemprop v2,oof,88,Fc1ccc(Oc2ccnc3cc(Cl)cc(Cl)c23)cc1,0.0,0.059711486,88cdcb438761d8c5
tdc_skin_reaction,"Chemprop v2 (D-MPNN + Selected descriptors, ensemble=3)",Chemprop v2,oof,89,COC1C=COC2(C)Oc3c(C)c(O)c4c(O)c(cc(O)c4c3C2=O)NC(=O)C(C)=CC=CC(C)C(O)C(C)C(O)C(C)C(OC(C)=O)C1C,0.0,0.16934884,88cdcb438761d8c5
tdc_skin_reaction,"Chemprop v2 (D-MPNN + Selected descriptors, ensemble=3)",Chemprop v2,oof,90,O=C1NS(=O)(=O)c2ccccc21,0.0,0.8502032,88cdcb438761d8c5
tdc_skin_reaction,"Chemprop v2 (D-MPNN + Selected descriptors, ensemble=3)",Chemprop v2,oof,91,O=C(O)CCC(=O)O,0.0,0.3045133,88cdcb438761d8c5
tdc_skin_reaction,"Chemprop v2 (D-MPNN + Selected descriptors, ensemble=3)",Chemprop v2,oof,92,O=C(O)C(O)C(O)C(=O)O,0.0,0.06245394,88cdcb438761d8c5
tdc_skin_reaction,"Chemprop v2 (D-MPNN + Selected descriptors, ensemble=3)",Chemprop v2,oof,93,C=CC(=O)OCC(CC)(COC(=O)C=C)COC(=O)C=C,0.0,0.03153109,88cdcb438761d8c5
tdc_skin_reaction,"Chemprop v2 (D-MPNN + Selected descriptors, ensemble=3)",Chemprop v2,oof,94,C=C(Cl)Cl,0.0,0.75813955,88cdcb438761d8c5
tdc_skin_reaction,"Chemprop v2 (D-MPNN + Selected descriptors, ensemble=3)",Chemprop v2,oof,95,CCCCCCCC=CC=O,1.0,0.875155,88cdcb438761d8c5
tdc_skin_reaction,"Chemprop v2 (D-MPNN + Selected descriptors, ensemble=3)",Chemprop v2,oof,96,O=c1[nH]sc2ccccc12,1.0,0.85970354,88cdcb438761d8c5
tdc_skin_reaction,"Chemprop v2 (D-MPNN + Selected descriptors, ensemble=3)",Chemprop v2,oof,97,N#CCCC(Br)(C#N)CBr,1.0,0.9059449,88cdcb438761d8c5
tdc_skin_reaction,"Chemprop v2 (D-MPNN + Selected descriptors, ensemble=3)",Chemprop v2,oof,98,C=CC(=O)N1C(=O)N(C)C(C)C1c1ccccc1,1.0,0.21615286,88cdcb438761d8c5
tdc_skin_reaction,"Chemprop v2 (D-MPNN + Selected descriptors, ensemble=3)",Chemprop v2,oof,99,C(CCCOCC1CO1)CCOCC1CO1,1.0,0.92631006,88cdcb438761d8c5
tdc_skin_reaction,"Chemprop v2 (D-MPNN + Selected descriptors, ensemble=3)",Chemprop v2,oof,100,OCCCCCCCCCCCCBr,1.0,0.88323957,88cdcb438761d8c5
tdc_skin_reaction,"Chemprop v2 (D-MPNN + Selected descriptors, ensemble=3)",Chemprop v2,oof,101,O=C1C=CC2(O)C3Cc4ccc(O)c5c4C2(CCN3)C1O5,1.0,0.13961482,88cdcb438761d8c5
tdc_skin_reaction,"Chemprop v2 (D-MPNN + Selected descriptors, ensemble=3)",Chemprop v2,oof,102,CCCCCCCCCCCCCCCCCCCl,1.0,0.9354035,88cdcb438761d8c5
tdc_skin_reaction,"Chemprop v2 (D-MPNN + Selected descriptors, ensemble=3)",Chemprop v2,oof,103,CCCCCCCCCCI,1.0,0.8839511,88cdcb438761d8c5
tdc_skin_reaction,"Chemprop v2 (D-MPNN + Selected descriptors, ensemble=3)",Chemprop v2,oof,104,CN(N=O)C(=N)N[N+](=O)[O-],1.0,0.8936809,88cdcb438761d8c5
tdc_skin_reaction,"Chemprop v2 (D-MPNN + Selected descriptors, ensemble=3)",Chemprop v2,oof,105,Oc1cccc2ccccc12,1.0,0.92237586,88cdcb438761d8c5
tdc_skin_reaction,"Chemprop v2 (D-MPNN + Selected descriptors, ensemble=3)",Chemprop v2,oof,106,CCCC=CC=O,1.0,0.82773775,88cdcb438761d8c5
tdc_skin_reaction,"Chemprop v2 (D-MPNN + Selected descriptors, ensemble=3)",Chemprop v2,oof,107,CN(C)CCOC(C)(c1ccccc1)c1ccc(Br)cc1,1.0,0.94481057,88cdcb438761d8c5
tdc_skin_reaction,"Chemprop v2 (D-MPNN + Selected descriptors, ensemble=3)",Chemprop v2,oof,108,CC(C)(C)N(CC(=O)c1ccc(O)c(CO)c1)Cc1ccccc1,1.0,0.5855379,88cdcb438761d8c5
tdc_skin_reaction,"Chemprop v2 (D-MPNN + Selected descriptors, ensemble=3)",Chemprop v2,oof,109,C=CC(=O)OCC(CC)CCCC,1.0,0.8696208,88cdcb438761d8c5
tdc_skin_reaction,"Chemprop v2 (D-MPNN + Selected descriptors, ensemble=3)",Chemprop v2,oof,110,C=CC(=O)OCCO,1.0,0.84920883,88cdcb438761d8c5
tdc_skin_reaction,"Chemprop v2 (D-MPNN + Selected descriptors, ensemble=3)",Chemprop v2,oof,111,Sc1nc2ccccc2s1,1.0,0.85552126,88cdcb438761d8c5
tdc_skin_reaction,"Chemprop v2 (D-MPNN + Selected descriptors, ensemble=3)",Chemprop v2,oof,112,CCCCCCCCCC(C)C=O,1.0,0.895122,88cdcb438761d8c5
tdc_skin_reaction,"Chemprop v2 (D-MPNN + Selected descriptors, ensemble=3)",Chemprop v2,oof,113,CC(CC(=O)Cl)CC(C)(C)C,1.0,0.86656886,88cdcb438761d8c5
tdc_skin_reaction,"Chemprop v2 (D-MPNN + Selected descriptors, ensemble=3)",Chemprop v2,oof,114,CC1(C)CC(CBr)C(=O)O1,1.0,0.88960797,88cdcb438761d8c5
tdc_skin_reaction,"Chemprop v2 (D-MPNN + Selected descriptors, ensemble=3)",Chemprop v2,oof,115,CN(C)CCCN,1.0,0.7733553,88cdcb438761d8c5
tdc_skin_reaction,"Chemprop v2 (D-MPNN + Selected descriptors, ensemble=3)",Chemprop v2,oof,116,Nc1cc(F)cc(-c2cccnc2)c1,1.0,0.7437268,88cdcb438761d8c5
tdc_skin_reaction,"Chemprop v2 (D-MPNN + Selected descriptors, ensemble=3)",Chemprop v2,oof,117,Cn1sc(Cl)cc1=O,1.0,0.8914736,88cdcb438761d8c5
tdc_skin_reaction,"Chemprop v2 (D-MPNN + Selected descriptors, ensemble=3)",Chemprop v2,oof,118,CC(=O)C(=O)CC(C)C,1.0,0.9078943,88cdcb438761d8c5
tdc_skin_reaction,"Chemprop v2 (D-MPNN + Selected descriptors, ensemble=3)",Chemprop v2,oof,119,C=CCC1(C)C=C(OC)C(=O)CC1,1.0,0.91030234,88cdcb438761d8c5
tdc_skin_reaction,"Chemprop v2 (D-MPNN + Selected descriptors, ensemble=3)",Chemprop v2,oof,120,CCN(CC)CCCCCCO,1.0,0.87553406,88cdcb438761d8c5
tdc_skin_reaction,"Chemprop v2 (D-MPNN + Selected descriptors, ensemble=3)",Chemprop v2,oof,121,CCC=CCCCCC=O,1.0,0.8519661,88cdcb438761d8c5
tdc_skin_reaction,"Chemprop v2 (D-MPNN + Selected descriptors, ensemble=3)",Chemprop v2,oof,122,O=C(O)c1ccc2c(c1)C(=O)OC2=O,1.0,0.8666895,88cdcb438761d8c5
tdc_skin_reaction,"Chemprop v2 (D-MPNN + Selected descriptors, ensemble=3)",Chemprop v2,oof,123,O=C(OCc1ccccc1)c1ccccc1,1.0,0.8719565,88cdcb438761d8c5
tdc_skin_reaction,"Chemprop v2 (D-MPNN + Selected descriptors, ensemble=3)",Chemprop v2,oof,124,CC(C)(c1ccc(OCC2CO2)cc1)c1ccc(OCC2CO2)cc1,1.0,0.9372413,88cdcb438761d8c5
tdc_skin_reaction,"Chemprop v2 (D-MPNN + Selected descriptors, ensemble=3)",Chemprop v2,oof,125,C=C1C=CC(C(C)C)CC1,1.0,0.8972361,88cdcb438761d8c5
tdc_skin_reaction,"Chemprop v2 (D-MPNN + Selected descriptors, ensemble=3)",Chemprop v2,oof,126,O=CC=C(c1ccccc1)c1ccccc1,1.0,0.9674874,88cdcb438761d8c5
tdc_skin_reaction,"Chemprop v2 (D-MPNN + Selected descriptors, ensemble=3)",Chemprop v2,oof,127,CCCCCCCCCCCCCCCCCCCCCCBr,1.0,0.93907994,88cdcb438761d8c5
tdc_skin_reaction,"Chemprop v2 (D-MPNN + Selected descriptors, ensemble=3)",Chemprop v2,oof,128,CCCCCCCCCCCCBr,1.0,0.9113753,88cdcb438761d8c5
tdc_skin_reaction,"Chemprop v2 (D-MPNN + Selected descriptors, ensemble=3)",Chemprop v2,oof,129,CCCCCCCCCCCCCCCCCCCCBr,1.0,0.954642,88cdcb438761d8c5
tdc_skin_reaction,"Chemprop v2 (D-MPNN + Selected descriptors, ensemble=3)",Chemprop v2,oof,130,CCCCCCCCCCCCCCCCCBr,1.0,0.9566553,88cdcb438761d8c5
tdc_skin_reaction,"Chemprop v2 (D-MPNN + Selected descriptors, ensemble=3)",Chemprop v2,oof,131,CCCCCCCCCCCCCCCCBr,1.0,0.9191346,88cdcb438761d8c5
tdc_skin_reaction,"Chemprop v2 (D-MPNN + Selected descriptors, ensemble=3)",Chemprop v2,oof,132,CCCCCCBr,1.0,0.8139705,88cdcb438761d8c5
tdc_skin_reaction,"Chemprop v2 (D-MPNN + Selected descriptors, ensemble=3)",Chemprop v2,oof,133,CCCCCCCCCCCCCCCCCCBr,1.0,0.94399315,88cdcb438761d8c5
tdc_skin_reaction,"Chemprop v2 (D-MPNN + Selected descriptors, ensemble=3)",Chemprop v2,oof,134,CCCCCCCCCCCCCCCBr,1.0,0.92335624,88cdcb438761d8c5
tdc_skin_reaction,"Chemprop v2 (D-MPNN + Selected descriptors, ensemble=3)",Chemprop v2,oof,135,CCCCCCCCCCCCCCBr,1.0,0.90908694,88cdcb438761d8c5
tdc_skin_reaction,"Chemprop v2 (D-MPNN + Selected descriptors, ensemble=3)",Chemprop v2,oof,136,CCCCCCCCCCCCCBr,1.0,0.906924,88cdcb438761d8c5
tdc_skin_reaction,"Chemprop v2 (D-MPNN + Selected descriptors, ensemble=3)",Chemprop v2,oof,137,CCCCCCCCCCCBr,1.0,0.8632302,88cdcb438761d8c5
tdc_skin_reaction,"Chemprop v2 (D-MPNN + Selected descriptors, ensemble=3)",Chemprop v2,oof,138,C=CC(=O)OCCCC,1.0,0.81258804,88cdcb438761d8c5
tdc_skin_reaction,"Chemprop v2 (D-MPNN + Selected descriptors, ensemble=3)",Chemprop v2,oof,139,CCCCOCC1CO1,1.0,0.84556603,88cdcb438761d8c5
tdc_skin_reaction,"Chemprop v2 (D-MPNN + Selected descriptors, ensemble=3)",Chemprop v2,oof,140,CCCCCCCCCCCC1=NC(C)(C)C(=O)O1,1.0,0.9695161,88cdcb438761d8c5
tdc_skin_reaction,"Chemprop v2 (D-MPNN + Selected descriptors, ensemble=3)",Chemprop v2,oof,141,CCCCC1=NC(C)(C)C(=O)O1,1.0,0.9426337,88cdcb438761d8c5
tdc_skin_reaction,"Chemprop v2 (D-MPNN + Selected descriptors, ensemble=3)",Chemprop v2,oof,142,CCCCCCCCCCCCCCCl,1.0,0.91508836,88cdcb438761d8c5
tdc_skin_reaction,"Chemprop v2 (D-MPNN + Selected descriptors, ensemble=3)",Chemprop v2,oof,143,CC(C)=CCCC(C)=CC=O,1.0,0.8677414,88cdcb438761d8c5
tdc_skin_reaction,"Chemprop v2 (D-MPNN + Selected descriptors, ensemble=3)",Chemprop v2,oof,144,CCCCCCCCCCCCCCCCCl,1.0,0.9293754,88cdcb438761d8c5
tdc_skin_reaction,"Chemprop v2 (D-MPNN + Selected descriptors, ensemble=3)",Chemprop v2,oof,145,CCOS(=O)(=O)OCC,1.0,0.981559,88cdcb438761d8c5
tdc_skin_reaction,"Chemprop v2 (D-MPNN + Selected descriptors, ensemble=3)",Chemprop v2,oof,146,CCC(C=O)CC,1.0,0.8077814,88cdcb438761d8c5
tdc_skin_reaction,"Chemprop v2 (D-MPNN + Selected descriptors, ensemble=3)",Chemprop v2,oof,147,NCCNCCN,1.0,0.7759717,88cdcb438761d8c5
tdc_skin_reaction,"Chemprop v2 (D-MPNN + Selected descriptors, ensemble=3)",Chemprop v2,oof,148,NCCCNCCCN,1.0,0.8014501,88cdcb438761d8c5
tdc_skin_reaction,"Chemprop v2 (D-MPNN + Selected descriptors, ensemble=3)",Chemprop v2,oof,149,CCCCCCCCCCCCOS(C)(=O)=O,1.0,0.98069334,88cdcb438761d8c5
tdc_skin_reaction,"Chemprop v2 (D-MPNN + Selected descriptors, ensemble=3)",Chemprop v2,oof,150,CCOC(=O)CC1CC2CCC(C1)N2C,1.0,0.8795902,88cdcb438761d8c5
tdc_skin_reaction,"Chemprop v2 (D-MPNN + Selected descriptors, ensemble=3)",Chemprop v2,oof,151,C=CC(=O)OCC,1.0,0.88154674,88cdcb438761d8c5
tdc_skin_reaction,"Chemprop v2 (D-MPNN + Selected descriptors, ensemble=3)",Chemprop v2,oof,152,CCC(O)C(CO)CO,1.0,0.2836932,88cdcb438761d8c5
tdc_skin_reaction,"Chemprop v2 (D-MPNN + Selected descriptors, ensemble=3)",Chemprop v2,oof,153,C=C(C)C(=O)OCCOC(=O)C(=C)C,1.0,0.8959138,88cdcb438761d8c5
tdc_skin_reaction,"Chemprop v2 (D-MPNN + Selected descriptors, ensemble=3)",Chemprop v2,oof,154,C=C(C)C(=O)O,1.0,0.82222253,88cdcb438761d8c5
tdc_skin_reaction,"Chemprop v2 (D-MPNN + Selected descriptors, ensemble=3)",Chemprop v2,oof,155,O=C1OC2(c3ccc(O)cc3Oc3cc(O)ccc32)c2ccc(N=C=S)cc21,1.0,0.63243604,88cdcb438761d8c5
tdc_skin_reaction,"Chemprop v2 (D-MPNN + Selected descriptors, ensemble=3)",Chemprop v2,oof,156,CC(CC=O)CCCC(C)(C)O,1.0,0.882247,88cdcb438761d8c5
tdc_skin_reaction,"Chemprop v2 (D-MPNN + Selected descriptors, ensemble=3)",Chemprop v2,oof,157,CCCCCCCCCCCCI,1.0,0.8912762,88cdcb438761d8c5
tdc_skin_reaction,"Chemprop v2 (D-MPNN + Selected descriptors, ensemble=3)",Chemprop v2,oof,158,CCCCCCCCCCCCCCCCI,1.0,0.95036316,88cdcb438761d8c5
tdc_skin_reaction,"Chemprop v2 (D-MPNN + Selected descriptors, ensemble=3)",Chemprop v2,oof,159,CCCCCCCCCI,1.0,0.85976666,88cdcb438761d8c5
tdc_skin_reaction,"Chemprop v2 (D-MPNN + Selected descriptors, ensemble=3)",Chemprop v2,oof,160,CCCCCCCCCCCCCCI,1.0,0.8985755,88cdcb438761d8c5
tdc_skin_reaction,"Chemprop v2 (D-MPNN + Selected descriptors, ensemble=3)",Chemprop v2,oof,161,CC(C)CCCCCC(=O)Cl,1.0,0.84668237,88cdcb438761d8c5
tdc_skin_reaction,"Chemprop v2 (D-MPNN + Selected descriptors, ensemble=3)",Chemprop v2,oof,162,CCCCCCCCCCCCCC(=O)OC(C)C,1.0,0.9458522,88cdcb438761d8c5
tdc_skin_reaction,"Chemprop v2 (D-MPNN + Selected descriptors, ensemble=3)",Chemprop v2,oof,163,C=C(C)C1CC=C(C)CC1,1.0,0.8918085,88cdcb438761d8c5
tdc_skin_reaction,"Chemprop v2 (D-MPNN + Selected descriptors, ensemble=3)",Chemprop v2,oof,164,C=CC(C)(O)CCC=C(C)C=O,1.0,0.89403087,88cdcb438761d8c5
tdc_skin_reaction,"Chemprop v2 (D-MPNN + Selected descriptors, ensemble=3)",Chemprop v2,oof,165,CCCCCC=CCC=CCCCCCCCC(=O)O,1.0,0.9562211,88cdcb438761d8c5
tdc_skin_reaction,"Chemprop v2 (D-MPNN + Selected descriptors, ensemble=3)",Chemprop v2,oof,166,CCCCCCC#CC(=O)OC,1.0,0.6725242,88cdcb438761d8c5
tdc_skin_reaction,"Chemprop v2 (D-MPNN + Selected descriptors, ensemble=3)",Chemprop v2,oof,167,C=CC(=O)OC,1.0,0.8084188,88cdcb438761d8c5
tdc_skin_reaction,"Chemprop v2 (D-MPNN + Selected descriptors, ensemble=3)",Chemprop v2,oof,168,CCCCCCCCCCCCCCC=CS(=O)(=O)OC,1.0,0.990822,88cdcb438761d8c5
tdc_skin_reaction,"Chemprop v2 (D-MPNN + Selected descriptors, ensemble=3)",Chemprop v2,oof,169,C=C(C)C(=O)OC,1.0,0.81990117,88cdcb438761d8c5
tdc_skin_reaction,"Chemprop v2 (D-MPNN + Selected descriptors, ensemble=3)",Chemprop v2,oof,170,CCCCCCCCC(=O)Cl,1.0,0.87186646,88cdcb438761d8c5
tdc_skin_reaction,"Chemprop v2 (D-MPNN + Selected descriptors, ensemble=3)",Chemprop v2,oof,171,FOC1=C2CCC(C2)C1,1.0,0.9459719,88cdcb438761d8c5
tdc_skin_reaction,"Chemprop v2 (D-MPNN + Selected descriptors, ensemble=3)",Chemprop v2,oof,172,CCCCCCCCO,1.0,0.8101399,88cdcb438761d8c5
tdc_skin_reaction,"Chemprop v2 (D-MPNN + Selected descriptors, ensemble=3)",Chemprop v2,oof,173,CCCCCCCCC=CCCCCCCCC(=O)O,1.0,0.9381513,88cdcb438761d8c5
tdc_skin_reaction,"Chemprop v2 (D-MPNN + Selected descriptors, ensemble=3)",Chemprop v2,oof,174,CCOC=C1N=C(c2ccccc2)OC1=O,1.0,0.9822143,88cdcb438761d8c5
tdc_skin_reaction,"Chemprop v2 (D-MPNN + Selected descriptors, ensemble=3)",Chemprop v2,oof,175,CCCCCCCCCCCCCCCC(=O)Cl,1.0,0.9371223,88cdcb438761d8c5
tdc_skin_reaction,"Chemprop v2 (D-MPNN + Selected descriptors, ensemble=3)",Chemprop v2,oof,176,O=C(Oc1ccccc1)c1ccccc1,1.0,0.9454959,88cdcb438761d8c5
tdc_skin_reaction,"Chemprop v2 (D-MPNN + Selected descriptors, ensemble=3)",Chemprop v2,oof,177,CC(CCCCN)C(C)(C)N,1.0,0.8741956,88cdcb438761d8c5
tdc_skin_reaction,"Chemprop v2 (D-MPNN + Selected descriptors, ensemble=3)",Chemprop v2,oof,178,C=CCCCCCCCCC(=O)O,1.0,0.9112447,88cdcb438761d8c5
tdc_skin_reaction,"Chemprop v2 (D-MPNN + Selected descriptors, ensemble=3)",Chemprop v2,oof,179,CC=CC=CC=O,1.0,0.81505823,88cdcb438761d8c5
tdc_skin_reaction,"Chemprop v2 (D-MPNN + Selected descriptors, ensemble=3)",Chemprop v2,oof,180,CN1C2CCC1CC(O)C2,1.0,0.66831106,88cdcb438761d8c5
tdc_skin_reaction,"Chemprop v2 (D-MPNN + Selected descriptors, ensemble=3)",Chemprop v2,oof,181,CC(C)N(C(=O)CN1C(=O)C(NC(=O)Nc2cccc(C(=O)OC(C)(C)C)c2)C(=O)N(c2ccccc2)c2ccccc21)c1ccccc1,1.0,0.59412694,88cdcb438761d8c5
tdc_skin_reaction,"Chemprop v2 (D-MPNN + Selected descriptors, ensemble=3)",Chemprop v2,oof,182,NC1CCCCC1N,1.0,0.7424626,88cdcb438761d8c5
tdc_skin_reaction,"Chemprop v2 (D-MPNN + Selected descriptors, ensemble=3)",Chemprop v2,oof,183,O=S(=O)(Cl)c1ccc2c(c1)OCO2,1.0,0.73731405,88cdcb438761d8c5
tdc_skin_reaction,"Chemprop v2 (D-MPNN + Selected descriptors, ensemble=3)",Chemprop v2,oof,184,O=C(O)CCCCCCCCCCCBr,1.0,0.90385395,88cdcb438761d8c5
tdc_skin_reaction,"Chemprop v2 (D-MPNN + Selected descriptors, ensemble=3)",Chemprop v2,oof,185,ClCc1ccc2ccc3cccc4ccc1c2c34,1.0,0.9606506,88cdcb438761d8c5
tdc_skin_reaction,"Chemprop v2 (D-MPNN + Selected descriptors, ensemble=3)",Chemprop v2,oof,186,Cc1cc(=O)n(-c2ccc(C)c(C)c2)[nH]1,1.0,0.96498924,88cdcb438761d8c5
tdc_skin_reaction,"Chemprop v2 (D-MPNN + Selected descriptors, ensemble=3)",Chemprop v2,oof,187,CCC(C)(C)C1CCC(CC=O)CC1,1.0,0.8875341,88cdcb438761d8c5
tdc_skin_reaction,"Chemprop v2 (D-MPNN + Selected descriptors, ensemble=3)",Chemprop v2,oof,188,CC(C)(C)C(=O)CC(=O)C(C)(C)C,1.0,0.91976815,88cdcb438761d8c5
tdc_skin_reaction,"Chemprop v2 (D-MPNN + Selected descriptors, ensemble=3)",Chemprop v2,oof,189,C=C(C)C(=O)OCC(O)COc1ccc(C(C)(C)c2ccc(OCC(O)COC(=O)C(=C)C)cc2)cc1,1.0,0.3025643,88cdcb438761d8c5
tdc_skin_reaction,"Chemprop v2 (D-MPNN + Selected descriptors, ensemble=3)",Chemprop v2,oof,190,Clc1nc(Cl)nc(Cl)n1,1.0,0.94985723,88cdcb438761d8c5
tdc_skin_reaction,"Chemprop v2 (D-MPNN + Selected descriptors, ensemble=3)",Chemprop v2,oof,191,Clc1ccnc(Cl)n1,1.0,0.8252719,88cdcb438761d8c5
tdc_skin_reaction,"Chemprop v2 (D-MPNN + Selected descriptors, ensemble=3)",Chemprop v2,oof,192,CCC=CC=CC=O,1.0,0.8437612,88cdcb438761d8c5
tdc_skin_reaction,"Chemprop v2 (D-MPNN + Selected descriptors, ensemble=3)",Chemprop v2,oof,193,CC1=C(C=O)C(C)(C)CC=C1,1.0,0.9084582,88cdcb438761d8c5
tdc_skin_reaction,"Chemprop v2 (D-MPNN + Selected descriptors, ensemble=3)",Chemprop v2,oof,194,COc1cc(C)c2c(Oc3cccc(C(F)(F)F)c3)c(OC)cc([N+](=O)[O-])c2n1,1.0,0.017875543,88cdcb438761d8c5
tdc_skin_reaction,"Chemprop v2 (D-MPNN + Selected descriptors, ensemble=3)",Chemprop v2,oof,195,Nc1ccccc1Nc1ccccc1,1.0,0.92320853,88cdcb438761d8c5
tdc_skin_reaction,"Chemprop v2 (D-MPNN + Selected descriptors, ensemble=3)",Chemprop v2,oof,196,CCCCCCCCCCCCC(Br)C(=O)O,1.0,0.89940387,88cdcb438761d8c5
tdc_skin_reaction,"Chemprop v2 (D-MPNN + Selected descriptors, ensemble=3)",Chemprop v2,oof,197,O=[N+]([O-])c1ccc(OCc2cccc(F)c2)c(Cl)c1,1.0,0.5843633,88cdcb438761d8c5
tdc_skin_reaction,"Chemprop v2 (D-MPNN + Selected descriptors, ensemble=3)",Chemprop v2,oof,198,Cc1nc2ccccc2c(=O)o1,1.0,0.36771855,88cdcb438761d8c5
tdc_skin_reaction,"Chemprop v2 (D-MPNN + Selected descriptors, ensemble=3)",Chemprop v2,oof,199,O=C(Nc1ccc(Cl)c(Cl)c1)c1cc(Cl)cc(Cl)c1O,1.0,0.8306864,88cdcb438761d8c5
tdc_skin_reaction,"Chemprop v2 (D-MPNN + Selected descriptors, ensemble=3)",Chemprop v2,oof,200,O=C1CCc2ccccc2O1,1.0,0.72984093,88cdcb438761d8c5
tdc_skin_reaction,"Chemprop v2 (D-MPNN + Selected descriptors, ensemble=3)",Chemprop v2,oof,201,CC1(C)CC(N)CC(C)(CN)C1,1.0,0.8405554,88cdcb438761d8c5
tdc_skin_reaction,"Chemprop v2 (D-MPNN + Selected descriptors, ensemble=3)",Chemprop v2,oof,202,C=C1NS(=O)(=O)N=C1c1ccccc1,1.0,0.8402819,88cdcb438761d8c5
tdc_skin_reaction,"Chemprop v2 (D-MPNN + Selected descriptors, ensemble=3)",Chemprop v2,oof,203,CCC=C1OC(=O)c2ccccc21,1.0,0.9045062,88cdcb438761d8c5
tdc_skin_reaction,"Chemprop v2 (D-MPNN + Selected descriptors, ensemble=3)",Chemprop v2,oof,204,CC(C)(O)CCCC1=CCC(C=O)CC1,1.0,0.9410474,88cdcb438761d8c5
tdc_skin_reaction,"Chemprop v2 (D-MPNN + Selected descriptors, ensemble=3)",Chemprop v2,oof,205,O=C(C(=O)c1ccccc1)C1=CCC(Br)(Br)C=C1,1.0,0.94434994,88cdcb438761d8c5
tdc_skin_reaction,"Chemprop v2 (D-MPNN + Selected descriptors, ensemble=3)",Chemprop v2,oof,206,CC(Br)CCCN1C(=O)c2ccccc2C1=O,1.0,0.7579999,88cdcb438761d8c5
tdc_skin_reaction,"Chemprop v2 (D-MPNN + Selected descriptors, ensemble=3)",Chemprop v2,oof,207,Clc1ncnc2ccc(I)cc12,1.0,0.32598612,88cdcb438761d8c5
tdc_skin_reaction,"Chemprop v2 (D-MPNN + Selected descriptors, ensemble=3)",Chemprop v2,oof,208,CC(I)CCCN1C(=O)c2ccccc2C1=O,1.0,0.9058086,88cdcb438761d8c5
tdc_skin_reaction,"Chemprop v2 (D-MPNN + Selected descriptors, ensemble=3)",Chemprop v2,oof,209,C=C1CC(C(=C)C)CC=C1C,1.0,0.89619875,88cdcb438761d8c5
tdc_skin_reaction,"Chemprop v2 (D-MPNN + Selected descriptors, ensemble=3)",Chemprop v2,oof,210,C=C1CC(C)(C)OC1=O,1.0,0.9160638,88cdcb438761d8c5
tdc_skin_reaction,"Chemprop v2 (D-MPNN + Selected descriptors, ensemble=3)",Chemprop v2,oof,211,O=C(O)c1cccc(-c2cc(Cl)cc([N+](=O)[O-])c2O)c1,1.0,0.8989599,88cdcb438761d8c5
tdc_skin_reaction,"Chemprop v2 (D-MPNN + Selected descriptors, ensemble=3)",Chemprop v2,oof,212,COc1cc(C)c2c(Cl)c(OC)cc([N+](=O)[O-])c2n1,1.0,0.037022468,88cdcb438761d8c5
tdc_skin_reaction,"Chemprop v2 (D-MPNN + Selected descriptors, ensemble=3)",Chemprop v2,oof,213,COc1cc([N+](=O)[O-])c2[nH]c(=O)cc(C)c2c1Cl,1.0,0.3512876,88cdcb438761d8c5
tdc_skin_reaction,"Chemprop v2 (D-MPNN + Selected descriptors, ensemble=3)",Chemprop v2,oof,214,COc1cc2c(cc1C(F)(F)F)NCC2,1.0,0.504714,88cdcb438761d8c5
tdc_skin_reaction,"Chemprop v2 (D-MPNN + Selected descriptors, ensemble=3)",Chemprop v2,oof,215,Cc1ncccc1Oc1ccc(N)cn1,1.0,0.9431245,88cdcb438761d8c5
tdc_skin_reaction,"Chemprop v2 (D-MPNN + Selected descriptors, ensemble=3)",Chemprop v2,oof,216,CCN(CC)CCCCCCBr,1.0,0.8793872,88cdcb438761d8c5
tdc_skin_reaction,"Chemprop v2 (D-MPNN + Selected descriptors, ensemble=3)",Chemprop v2,oof,217,Cc1c2ccccc2c(C)c2c1ccc1ccccc12,1.0,0.926518,88cdcb438761d8c5
tdc_skin_reaction,"Chemprop v2 (D-MPNN + Selected descriptors, ensemble=3)",Chemprop v2,oof,218,CON=C1CN(c2nc3c(cc2F)c(=O)c(C(=O)O)cn3C2CC2)CC1CN,1.0,0.20356162,88cdcb438761d8c5
tdc_skin_reaction,"Chemprop v2 (D-MPNN + Selected descriptors, ensemble=3)",Chemprop v2,oof,219,CCCCCCCC(Br)CCCCCC,1.0,0.8747639,88cdcb438761d8c5
tdc_skin_reaction,"Chemprop v2 (D-MPNN + Selected descriptors, ensemble=3)",Chemprop v2,oof,220,CCCCCn1c(=O)[nH]c(=O)c2[nH]c(Cl)nc21,1.0,0.43836913,88cdcb438761d8c5
tdc_skin_reaction,"Chemprop v2 (D-MPNN + Selected descriptors, ensemble=3)",Chemprop v2,oof,221,CC(C)C1=CC2=CCC3C(C)(C(=O)O)CCCC3(C)C2CC1,1.0,0.9395581,88cdcb438761d8c5
tdc_skin_reaction,"Chemprop v2 (D-MPNN + Selected descriptors, ensemble=3)",Chemprop v2,oof,222,CC1=CCC(C(C)C)C=C1,1.0,0.83124405,88cdcb438761d8c5
tdc_skin_reaction,"Chemprop v2 (D-MPNN + Selected descriptors, ensemble=3)",Chemprop v2,oof,223,CC1=CC=C(C(C)C)CC1,1.0,0.8893237,88cdcb438761d8c5
tdc_skin_reaction,"Chemprop v2 (D-MPNN + Selected descriptors, ensemble=3)",Chemprop v2,oof,224,CCC1OC(=O)C(C)C(OC2CC(C)(OC)C(O)C(C)O2)C(C)C(OC2OC(C)CC(N(C)C)C2O)C(C)(O)CC(C)CN(C)C(C)C(O)C1(C)O,1.0,0.22627144,88cdcb438761d8c5
tdc_skin_reaction,"Chemprop v2 (D-MPNN + Selected descriptors, ensemble=3)",Chemprop v2,oof,225,N=C1CC(=Nc2ccc(N)cc2)C(=N)CC1=Nc1ccc(N)cc1,1.0,0.9135661,88cdcb438761d8c5
tdc_skin_reaction,"Chemprop v2 (D-MPNN + Selected descriptors, ensemble=3)",Chemprop v2,oof,226,c1ccc2c(c1)cc1ccc3cccc4ccc2c1c34,1.0,0.9688118,88cdcb438761d8c5
tdc_skin_reaction,"Chemprop v2 (D-MPNN + Selected descriptors, ensemble=3)",Chemprop v2,oof,227,O=C1C=CC(=O)C=C1,1.0,0.86819667,88cdcb438761d8c5
tdc_skin_reaction,"Chemprop v2 (D-MPNN + Selected descriptors, ensemble=3)",Chemprop v2,oof,228,O=C1CCO1,1.0,0.8262539,88cdcb438761d8c5
tdc_skin_reaction,"Chemprop v2 (D-MPNN + Selected descriptors, ensemble=3)",Chemprop v2,oof,229,CC(=O)C(C)=O,1.0,0.8095582,88cdcb438761d8c5
tdc_skin_reaction,"Chemprop v2 (D-MPNN + Selected descriptors, ensemble=3)",Chemprop v2,oof,230,CCCCCCCCCCCCCCCC1=NC(C)(C)C(=O)O1,1.0,0.9784673,88cdcb438761d8c5
tdc_skin_reaction,"Chemprop v2 (D-MPNN + Selected descriptors, ensemble=3)",Chemprop v2,oof,231,CCCCCCCCCCCCCCCCCC1=NC(C)(C)C(=O)O1,1.0,0.9818377,88cdcb438761d8c5
tdc_skin_reaction,"Chemprop v2 (D-MPNN + Selected descriptors, ensemble=3)",Chemprop v2,oof,232,CCCCCCC1=NC(C)(C)C(=O)O1,1.0,0.95217186,88cdcb438761d8c5
tdc_skin_reaction,"Chemprop v2 (D-MPNN + Selected descriptors, ensemble=3)",Chemprop v2,oof,233,CCCCCCCCCC1=NC(C)(C)C(=O)O1,1.0,0.9496375,88cdcb438761d8c5
tdc_skin_reaction,"Chemprop v2 (D-MPNN + Selected descriptors, ensemble=3)",Chemprop v2,oof,234,C=C(C)C1CCC(C)=C(N=O)C1,1.0,0.92615515,88cdcb438761d8c5
tdc_skin_reaction,"Chemprop v2 (D-MPNN + Selected descriptors, ensemble=3)",Chemprop v2,oof,235,Clc1ccccc1C(c1ccccc1)(c1ccccc1)n1ccnc1,1.0,0.5643442,88cdcb438761d8c5
tdc_skin_reaction,"Chemprop v2 (D-MPNN + Selected descriptors, ensemble=3)",Chemprop v2,oof,236,C(=NC1CCCCC1)=NC1CCCCC1,1.0,0.9603331,88cdcb438761d8c5
tdc_skin_reaction,"Chemprop v2 (D-MPNN + Selected descriptors, ensemble=3)",Chemprop v2,oof,237,CCOC(=O)C=CC(=O)OCC,1.0,0.8756607,88cdcb438761d8c5
tdc_skin_reaction,"Chemprop v2 (D-MPNN + Selected descriptors, ensemble=3)",Chemprop v2,oof,238,COS(=O)(=O)OC,1.0,0.97586316,88cdcb438761d8c5
tdc_skin_reaction,"Chemprop v2 (D-MPNN + Selected descriptors, ensemble=3)",Chemprop v2,oof,239,CS(C)=O,1.0,0.75736785,88cdcb438761d8c5
tdc_skin_reaction,"Chemprop v2 (D-MPNN + Selected descriptors, ensemble=3)",Chemprop v2,oof,240,CN1C2CCC1CC(OS(C)(=O)=O)C2,1.0,0.9281585,88cdcb438761d8c5
tdc_skin_reaction,"Chemprop v2 (D-MPNN + Selected descriptors, ensemble=3)",Chemprop v2,oof,241,C=CC(=O)OCC(COC(=O)C=C)C(CC)OC(=O)C=C,1.0,0.96217346,88cdcb438761d8c5
tdc_skin_reaction,"Chemprop v2 (D-MPNN + Selected descriptors, ensemble=3)",Chemprop v2,oof,242,NCCN,1.0,0.75329846,88cdcb438761d8c5
tdc_skin_reaction,"Chemprop v2 (D-MPNN + Selected descriptors, ensemble=3)",Chemprop v2,oof,243,CC(C)=CCCC(C)=CCCC(C)=CC=O,1.0,0.9507205,88cdcb438761d8c5
tdc_skin_reaction,"Chemprop v2 (D-MPNN + Selected descriptors, ensemble=3)",Chemprop v2,oof,244,CC(C)=CCCC(C)=CCO,1.0,0.8715393,88cdcb438761d8c5
tdc_skin_reaction,"Chemprop v2 (D-MPNN + Selected descriptors, ensemble=3)",Chemprop v2,oof,245,O=CCCCC=O,1.0,0.8076697,88cdcb438761d8c5
tdc_skin_reaction,"Chemprop v2 (D-MPNN + Selected descriptors, ensemble=3)",Chemprop v2,oof,246,O=C(CS)OCC(O)CO,1.0,0.5107879,88cdcb438761d8c5
tdc_skin_reaction,"Chemprop v2 (D-MPNN + Selected descriptors, ensemble=3)",Chemprop v2,oof,247,O=CC=O,1.0,0.7558689,88cdcb438761d8c5
tdc_skin_reaction,"Chemprop v2 (D-MPNN + Selected descriptors, ensemble=3)",Chemprop v2,oof,248,NCCNCCO,1.0,0.7583318,88cdcb438761d8c5
tdc_skin_reaction,"Chemprop v2 (D-MPNN + Selected descriptors, ensemble=3)",Chemprop v2,oof,249,O=C(NCNC(=O)NC1C(=O)NC(=O)N1CO)NC1C(=O)NC(=O)N1CO,1.0,0.9460116,88cdcb438761d8c5
tdc_skin_reaction,"Chemprop v2 (D-MPNN + Selected descriptors, ensemble=3)",Chemprop v2,oof,250,CCCCNC(=O)OC#CCI,1.0,0.9189531,88cdcb438761d8c5
tdc_skin_reaction,"Chemprop v2 (D-MPNN + Selected descriptors, ensemble=3)",Chemprop v2,oof,251,CCCCCCCCCCCCOS(=O)(=O)O,1.0,0.97717685,88cdcb438761d8c5
tdc_skin_reaction,"Chemprop v2 (D-MPNN + Selected descriptors, ensemble=3)",Chemprop v2,oof,252,CCC=CCC=CCC=CCCCCCCCC(=O)O,1.0,0.96042126,88cdcb438761d8c5
tdc_skin_reaction,"Chemprop v2 (D-MPNN + Selected descriptors, ensemble=3)",Chemprop v2,oof,253,CCCCCCCCCCCCS(=O)(=O)OC,1.0,0.90050524,88cdcb438761d8c5
tdc_skin_reaction,"Chemprop v2 (D-MPNN + Selected descriptors, ensemble=3)",Chemprop v2,oof,254,CCCCCCCCCCCCCCCCS(=O)(=O)OC,1.0,0.97268647,88cdcb438761d8c5
tdc_skin_reaction,"Chemprop v2 (D-MPNN + Selected descriptors, ensemble=3)",Chemprop v2,oof,255,COS(C)(=O)=O,1.0,0.8702359,88cdcb438761d8c5
tdc_skin_reaction,"Chemprop v2 (D-MPNN + Selected descriptors, ensemble=3)",Chemprop v2,oof,256,COC(=O)C(C)=O,1.0,0.81813926,88cdcb438761d8c5
tdc_skin_reaction,"Chemprop v2 (D-MPNN + Selected descriptors, ensemble=3)",Chemprop v2,oof,257,CCCCCCCCCCCCCCCCC(CS(=O)(=O)O)C(=O)OC,1.0,0.7516077,88cdcb438761d8c5
tdc_skin_reaction,"Chemprop v2 (D-MPNN + Selected descriptors, ensemble=3)",Chemprop v2,oof,258,CCN(CC)CCN(Cc1ccc(-c2ccc(C(F)(F)F)cc2)cc1)C(=O)Cn1c(SCc2ccc(F)cc2)nc(=O)c2c1CCC2,1.0,0.3575796,88cdcb438761d8c5
tdc_skin_reaction,"Chemprop v2 (D-MPNN + Selected descriptors, ensemble=3)",Chemprop v2,oof,259,CCN(N=O)C(N)=O,1.0,0.8807616,88cdcb438761d8c5
tdc_skin_reaction,"Chemprop v2 (D-MPNN + Selected descriptors, ensemble=3)",Chemprop v2,oof,260,CC(C)N(C(=O)CNc1ccccc1Nc1ccccc1)c1ccccc1,1.0,0.45361385,88cdcb438761d8c5
tdc_skin_reaction,"Chemprop v2 (D-MPNN + Selected descriptors, ensemble=3)",Chemprop v2,oof,261,CN(N=O)C(N)=O,1.0,0.8626444,88cdcb438761d8c5
tdc_skin_reaction,"Chemprop v2 (D-MPNN + Selected descriptors, ensemble=3)",Chemprop v2,oof,262,CCCCCCCCC=CCCCCCCCCOS(C)(=O)=O,1.0,0.99264526,88cdcb438761d8c5
tdc_skin_reaction,"Chemprop v2 (D-MPNN + Selected descriptors, ensemble=3)",Chemprop v2,oof,263,COC1=CC=C2C3Cc4ccc(O)c5c4C2(CCN3C)C1O5,1.0,0.74922115,88cdcb438761d8c5
tdc_skin_reaction,"Chemprop v2 (D-MPNN + Selected descriptors, ensemble=3)",Chemprop v2,oof,264,O=C(O)C(=O)O,1.0,0.8368898,88cdcb438761d8c5
tdc_skin_reaction,"Chemprop v2 (D-MPNN + Selected descriptors, ensemble=3)",Chemprop v2,oof,265,O=c1[nH]cco1,1.0,0.8895487,88cdcb438761d8c5
tdc_skin_reaction,"Chemprop v2 (D-MPNN + Selected descriptors, ensemble=3)",Chemprop v2,oof,266,CC1(C)SC2C(NC(=O)Cc3ccccc3)C(=O)N2C1C(=O)O,1.0,0.66950077,88cdcb438761d8c5
tdc_skin_reaction,"Chemprop v2 (D-MPNN + Selected descriptors, ensemble=3)",Chemprop v2,oof,267,C=C(C)C1CC=C(C=O)CC1,1.0,0.9147338,88cdcb438761d8c5
tdc_skin_reaction,"Chemprop v2 (D-MPNN + Selected descriptors, ensemble=3)",Chemprop v2,oof,268,CC(C)(C)c1ccc(OCC2CO2)cc1,1.0,0.94206166,88cdcb438761d8c5
tdc_skin_reaction,"Chemprop v2 (D-MPNN + Selected descriptors, ensemble=3)",Chemprop v2,oof,269,c1ccncc1,1.0,0.80136704,88cdcb438761d8c5
tdc_skin_reaction,"Chemprop v2 (D-MPNN + Selected descriptors, ensemble=3)",Chemprop v2,oof,270,C=C(C)C1CC=C(C)C(=O)C1,1.0,0.89816314,88cdcb438761d8c5
tdc_skin_reaction,"Chemprop v2 (D-MPNN + Selected descriptors, ensemble=3)",Chemprop v2,oof,271,O=C(Oc1ccc([N+](=O)[O-])cc1)OC1COC2OCCC12,1.0,0.8961601,88cdcb438761d8c5
tdc_skin_reaction,"Chemprop v2 (D-MPNN + Selected descriptors, ensemble=3)",Chemprop v2,oof,272,CCOC(=S)S,1.0,0.79724556,88cdcb438761d8c5
tdc_skin_reaction,"Chemprop v2 (D-MPNN + Selected descriptors, ensemble=3)",Chemprop v2,oof,273,CCCCCCCCCCCC(=O)OC(C)C(=O)OC(C)C(=O)O,1.0,0.8831398,88cdcb438761d8c5
tdc_skin_reaction,"Chemprop v2 (D-MPNN + Selected descriptors, ensemble=3)",Chemprop v2,oof,274,CC(C)=CCCC(C)=CCCC(C)=CCCC=C(C)CCC=C(C)CCC=C(C)C,1.0,0.869574,88cdcb438761d8c5
tdc_skin_reaction,"Chemprop v2 (D-MPNN + Selected descriptors, ensemble=3)",Chemprop v2,oof,275,CN(C)C(=S)SSC(=S)N(C)C,1.0,0.8394163,88cdcb438761d8c5
tdc_skin_reaction,"Chemprop v2 (D-MPNN + Selected descriptors, ensemble=3)",Chemprop v2,oof,276,C=CCCCCCCCCC=O,1.0,0.90269774,88cdcb438761d8c5
tdc_skin_reaction,"Chemprop v2 (D-MPNN + Selected descriptors, ensemble=3)",Chemprop v2,oof,277,C=Cc1ccncc1,1.0,0.60682803,88cdcb438761d8c5
tdc_skin_reaction,"Chemprop v2 (D-MPNN + Selected descriptors, ensemble=3)",Chemprop v2,oof,278,C[N+](C)(C)c1ccc2c(c1)C(=NNc1ccc(N)c([N+](=O)[O-])c1)C(=O)C=C2,0.0,0.07470654,88cdcb438761d8c5
tdc_skin_reaction,"Chemprop v2 (D-MPNN + Selected descriptors, ensemble=3)",Chemprop v2,oof,279,CCCCCCCCC(=O)O,0.0,0.8614278,88cdcb438761d8c5
tdc_skin_reaction,"Chemprop v2 (D-MPNN + Selected descriptors, ensemble=3)",Chemprop v2,oof,280,CNC1C(OC2C(OC3C(O)C(O)C(NC(=N)N)C(O)C3NC(=N)N)OC(C)C2(O)C=O)OC(CO)C(O)C1O,0.0,0.04799738,88cdcb438761d8c5
tdc_skin_reaction,"Chemprop v2 (D-MPNN + Selected descriptors, ensemble=3)",Chemprop v2,oof,281,O=C1OC(=O)C2CCCCC12,1.0,0.5626188,88cdcb438761d8c5
tdc_skin_reaction,"Chemprop v2 (D-MPNN + Selected descriptors, ensemble=3)",Chemprop v2,oof,282,Cc1cc(=O)n(-c2ccccc2)[nH]1,1.0,0.9508011,88cdcb438761d8c5
tdc_skin_reaction,"Chemprop v2 (D-MPNN + Selected descriptors, ensemble=3)",Chemprop v2,oof,283,O=C(OOC(=O)c1ccccc1)c1ccccc1,1.0,0.8275599,88cdcb438761d8c5
tdc_skin_reaction,"Chemprop v2 (D-MPNN + Selected descriptors, ensemble=3)",Chemprop v2,oof,284,O=c1c(-c2ccccc2)c1-c1ccccc1,1.0,0.76567155,88cdcb438761d8c5
tdc_skin_reaction,"Chemprop v2 (D-MPNN + Selected descriptors, ensemble=3)",Chemprop v2,oof,285,Nc1ccc(N)c2c1C(=O)c1ccccc1C2=O,1.0,0.87142515,88cdcb438761d8c5
tdc_skin_reaction,"Chemprop v2 (D-MPNN + Selected descriptors, ensemble=3)",Chemprop v2,oof,286,O=C1C=CC(=O)O1,1.0,0.960694,88cdcb438761d8c5
tdc_skin_reaction,"Chemprop v2 (D-MPNN + Selected descriptors, ensemble=3)",Chemprop v2,oof,287,O=C1OC(=O)c2ccccc21,1.0,0.9469448,88cdcb438761d8c5
tdc_skin_reaction,"Chemprop v2 (D-MPNN + Selected descriptors, ensemble=3)",Chemprop v2,oof,288,O=c1c(O)c(O)c1=O,1.0,0.8781789,88cdcb438761d8c5
tdc_skin_reaction,"Ensemble (OOF Stacking (RidgeCV, 5-fold))",ensemble,train,0,CC(=O)OCC(=O)C1(O)C(C)CC2C3CCC4=CC(=O)C=CC4(C)C3=CCC21C,0.0,0.1518043560642665,
tdc_skin_reaction,"Ensemble (OOF Stacking (RidgeCV, 5-fold))",ensemble,train,1,CCCOc1ccc(Br)c(C(=O)c2ccc(OC)cc2O)c1,0.0,0.3558563086276718,
tdc_skin_reaction,"Ensemble (OOF Stacking (RidgeCV, 5-fold))",ensemble,train,2,CC=C(C)C=O,0.0,0.8401742397346627,
tdc_skin_reaction,"Ensemble (OOF Stacking (RidgeCV, 5-fold))",ensemble,train,3,O=C1C([PH](c2ccccc2)(c2ccccc2)c2ccccc2)CCN1c1ccccc1,0.0,0.6151074002412187,
tdc_skin_reaction,"Ensemble (OOF Stacking (RidgeCV, 5-fold))",ensemble,train,4,C=C(C=CCC(C)C)CC,0.0,0.8365786594372854,
tdc_skin_reaction,"Ensemble (OOF Stacking (RidgeCV, 5-fold))",ensemble,train,5,C=CC1(C)CC(OC(=O)CSC2CC3CCC(C2)N3C)C2(C)C(C)CCC3(CCC(=O)C32)C(C)C1O,0.0,0.25447470086038415,
tdc_skin_reaction,"Ensemble (OOF Stacking (RidgeCV, 5-fold))",ensemble,train,6,CCCCc1ccc(C(=O)CC(=O)c2cc(C)c(C)c(C)c2C)cc1,0.0,0.28295397299832725,
tdc_skin_reaction,"Ensemble (OOF Stacking (RidgeCV, 5-fold))",ensemble,train,7,CC(C)(CC1Cc2ccccc2C1)NCC(O)COc1cc(CCC(=O)O)cc(F)c1F,0.0,0.25172630240257504,
tdc_skin_reaction,"Ensemble (OOF Stacking (RidgeCV, 5-fold))",ensemble,train,8,CCOc1ccc(C(=O)Cc2ccc(S(C)(=O)=O)cc2)cc1,0.0,0.3945247157081884,
tdc_skin_reaction,"Ensemble (OOF Stacking (RidgeCV, 5-fold))",ensemble,train,9,CC(C)(C)OC(=O)N1CC(F)CC1C(N)=O,0.0,0.2909410464054567,
tdc_skin_reaction,"Ensemble (OOF Stacking (RidgeCV, 5-fold))",ensemble,train,10,CC(C)(C)OC(=O)N1CC(F)CC1C(=O)O,0.0,0.24521205860857137,
tdc_skin_reaction,"Ensemble (OOF Stacking (RidgeCV, 5-fold))",ensemble,train,11,Cc1nc(COc2ccc(CC(NC(=O)OC(C)(C)C)C3CO3)cc2)cs1,0.0,0.16588662483612857,
tdc_skin_reaction,"Ensemble (OOF Stacking (RidgeCV, 5-fold))",ensemble,train,12,CC(C)(C)OC(=O)NC(C(=O)N1CC(F)CC1C#N)C(c1ccc(F)cc1)c1ccc(F)cc1,0.0,0.17471569993014532,
tdc_skin_reaction,"Ensemble (OOF Stacking (RidgeCV, 5-fold))",ensemble,train,13,O=c1[nH]c(=S)[nH]c2c1CCC2,0.0,0.6293913638441034,
tdc_skin_reaction,"Ensemble (OOF Stacking (RidgeCV, 5-fold))",ensemble,train,14,Cc1ccc(C)c(C(=O)CC(=O)c2cc(C)ccc2C)c1,0.0,0.2764474139759933,
tdc_skin_reaction,"Ensemble (OOF Stacking (RidgeCV, 5-fold))",ensemble,train,15,CC1C(c2ccccc2)NC(=O)N1C,0.0,0.27375182816146976,
tdc_skin_reaction,"Ensemble (OOF Stacking (RidgeCV, 5-fold))",ensemble,train,16,CCCOc1ccc2c(c1)C(O)(c1ccc(OC)cc1OCc1ccccc1)C(C(=O)N1C(=O)N(C)C(C)C1c1ccccc1)C2c1ccc2c(c1)OCO2,0.0,0.15224334690582622,
tdc_skin_reaction,"Ensemble (OOF Stacking (RidgeCV, 5-fold))",ensemble,train,17,N#CC1CC(F)CN1C(=O)C(N)C(c1ccc(F)cc1)c1ccc(F)cc1,0.0,0.17065745174726699,
tdc_skin_reaction,"Ensemble (OOF Stacking (RidgeCV, 5-fold))",ensemble,train,18,CCCOc1ccc(C=CC(=O)N2C(=O)N(C)C(C)C2c2ccccc2)c(C(=O)c2ccc(OC)cc2OCc2ccccc2)c1,0.0,0.173538631244443,
tdc_skin_reaction,"Ensemble (OOF Stacking (RidgeCV, 5-fold))",ensemble,train,19,COc1ccc(C2(C#N)CCC(=O)CC2)cc1OC1CCCC1,0.0,0.20896483601807359,
tdc_skin_reaction,"Ensemble (OOF Stacking (RidgeCV, 5-fold))",ensemble,train,20,CC(=O)c1ccc(Cc2ccc(F)cc2)o1,0.0,0.45534534322983655,
tdc_skin_reaction,"Ensemble (OOF Stacking (RidgeCV, 5-fold))",ensemble,train,21,CCOc1ccc(-c2nn3ncccc3c2-c2ccc(S(C)(=O)=O)cc2)cc1,0.0,0.20497645650978374,
tdc_skin_reaction,"Ensemble (OOF Stacking (RidgeCV, 5-fold))",ensemble,train,22,CC(=O)CCCN1C(=O)c2ccccc2C1=O,0.0,0.8690667528817355,
tdc_skin_reaction,"Ensemble (OOF Stacking (RidgeCV, 5-fold))",ensemble,train,23,CC(C)(C)N(Cc1ccccc1)CC(O)c1ccc(O)c(CO)c1,0.0,0.2397265707017924,
tdc_skin_reaction,"Ensemble (OOF Stacking (RidgeCV, 5-fold))",ensemble,train,24,Cc1nc(COc2ccc(CC(NC(=O)OC3COC4OCCC34)C(O)CN(CC(C)C)S(=O)(=O)c3ccc4c(c3)OCO4)cc2)cs1,0.0,0.17529359518900273,
tdc_skin_reaction,"Ensemble (OOF Stacking (RidgeCV, 5-fold))",ensemble,train,25,CC(C)N(C(=O)Cn1c(=O)c(=NOCc2ccccc2)c(=O)n(-c2ccccc2)c2ccccc21)c1ccccc1,0.0,0.22980242741702803,
tdc_skin_reaction,"Ensemble (OOF Stacking (RidgeCV, 5-fold))",ensemble,train,26,Cc1c2ccc(N)cc2nn1C,0.0,0.25930956362954516,
tdc_skin_reaction,"Ensemble (OOF Stacking (RidgeCV, 5-fold))",ensemble,train,27,COc1cc(C)c2c(Oc3cccc(C(F)(F)F)c3)c(OC)cc(N)c2n1,0.0,0.15799932758609683,
tdc_skin_reaction,"Ensemble (OOF Stacking (RidgeCV, 5-fold))",ensemble,train,28,COc1cc(C)c2c(Oc3cccc(C(F)(F)F)c3)c(OC)cc(NC(C)CCCN3C(=O)c4ccccc4C3=O)c2n1,0.0,0.26946769668981535,
tdc_skin_reaction,"Ensemble (OOF Stacking (RidgeCV, 5-fold))",ensemble,train,29,CC(=O)C1CCCCC1=O,0.0,0.7194109869817014,
tdc_skin_reaction,"Ensemble (OOF Stacking (RidgeCV, 5-fold))",ensemble,train,30,CS(=O)(=O)CCN,0.0,0.8012930567318635,
tdc_skin_reaction,"Ensemble (OOF Stacking (RidgeCV, 5-fold))",ensemble,train,31,COc1ccc2nc(Cl)cc(C)c2c1,0.0,0.17664542387595594,
tdc_skin_reaction,"Ensemble (OOF Stacking (RidgeCV, 5-fold))",ensemble,train,32,C=C(C)C(=O)OCC(C)O,0.0,0.696431898270732,
tdc_skin_reaction,"Ensemble (OOF Stacking (RidgeCV, 5-fold))",ensemble,train,33,CCC(C)C1C(=O)NC(C2Cc3ccccc3C2)C(=O)N1C(C(=O)N1CCOCC1)c1coc(C)n1,0.0,0.15794250600871024,
tdc_skin_reaction,"Ensemble (OOF Stacking (RidgeCV, 5-fold))",ensemble,train,34,CC(C)N(C(=O)CN1C(=O)C(N)C(=O)N(c2ccccc2)c2ccccc21)c1ccccc1,0.0,0.4468138030395993,
tdc_skin_reaction,"Ensemble (OOF Stacking (RidgeCV, 5-fold))",ensemble,train,35,O=C(O)c1c(O)c(-c2ccccc2)nc2ccccc12,0.0,0.15813026300012278,
tdc_skin_reaction,"Ensemble (OOF Stacking (RidgeCV, 5-fold))",ensemble,train,36,CC1C=CC(C(C)C)CC1,0.0,0.7231235131966988,
tdc_skin_reaction,"Ensemble (OOF Stacking (RidgeCV, 5-fold))",ensemble,train,37,O=Cc1ccc(-c2ccc(C(F)(F)F)cc2)cc1,0.0,0.7708418773851363,
tdc_skin_reaction,"Ensemble (OOF Stacking (RidgeCV, 5-fold))",ensemble,train,38,CCCCN1C(=O)C(C(O)C2CCCCC2)NC(=O)C12CCN(Cc1ccc(Oc3ccc(C(=O)O)cc3)cc1)CC2,0.0,0.3323730307029219,
tdc_skin_reaction,"Ensemble (OOF Stacking (RidgeCV, 5-fold))",ensemble,train,39,COc1ccc(C2(C#N)CCC(C(=O)O)CC2)cc1OC1CCCC1,0.0,0.17545082439107174,
tdc_skin_reaction,"Ensemble (OOF Stacking (RidgeCV, 5-fold))",ensemble,train,40,NC(=O)C1CC(F)CN1,0.0,0.48986611023763593,
tdc_skin_reaction,"Ensemble (OOF Stacking (RidgeCV, 5-fold))",ensemble,train,41,C=C1CC(C(=C)C)CCC1C,0.0,0.40800506426260197,
tdc_skin_reaction,"Ensemble (OOF Stacking (RidgeCV, 5-fold))",ensemble,train,42,C=C1CCC(C(C)C)CC1,0.0,0.8355485620540455,
tdc_skin_reaction,"Ensemble (OOF Stacking (RidgeCV, 5-fold))",ensemble,train,43,Cc1ccc(Nc2nccc(N(C)c3ccc4c(C)n(C)nc4c3)n2)cc1S(N)(=O)=O,0.0,0.15251132886659147,
tdc_skin_reaction,"Ensemble (OOF Stacking (RidgeCV, 5-fold))",ensemble,train,44,COc1cc(C)c2c(Cl)c(OC)ccc2n1,0.0,0.18346957195641925,
tdc_skin_reaction,"Ensemble (OOF Stacking (RidgeCV, 5-fold))",ensemble,train,45,Cc1cc2c(cc1C(F)(F)F)NCC2,0.0,0.5393003222184974,
tdc_skin_reaction,"Ensemble (OOF Stacking (RidgeCV, 5-fold))",ensemble,train,46,OCCCCCCCl,0.0,0.8047910678335388,
tdc_skin_reaction,"Ensemble (OOF Stacking (RidgeCV, 5-fold))",ensemble,train,47,C=CC1(C)CC(OC(=O)CO)C2(C)C(C)CCC3(CCC(=O)C32)C(C)C1O,0.0,0.2755835839469182,
tdc_skin_reaction,"Ensemble (OOF Stacking (RidgeCV, 5-fold))",ensemble,train,48,O=c1[nH]cnc2ccc(I)cc12,0.0,0.467006147002054,
tdc_skin_reaction,"Ensemble (OOF Stacking (RidgeCV, 5-fold))",ensemble,train,49,COc1ccc2[nH]c(=O)cc(C)c2c1,0.0,0.2581929513189678,
tdc_skin_reaction,"Ensemble (OOF Stacking (RidgeCV, 5-fold))",ensemble,train,50,COc1cc(N)c2nccc(C)c2c1,0.0,0.20106967197333384,
tdc_skin_reaction,"Ensemble (OOF Stacking (RidgeCV, 5-fold))",ensemble,train,51,Cc1ccc2oc(=O)ccc2c1,0.0,0.6407643946230273,
tdc_skin_reaction,"Ensemble (OOF Stacking (RidgeCV, 5-fold))",ensemble,train,52,COc1ccc(Nc2ccc(CCNCC(O)c3ccc(O)c4[nH]c(=O)ccc34)cc2)cc1-c1ccccc1,0.0,0.17936463621762722,
tdc_skin_reaction,"Ensemble (OOF Stacking (RidgeCV, 5-fold))",ensemble,train,53,O=C(O)CCCCC(=O)O,0.0,0.2381737876548832,
tdc_skin_reaction,"Ensemble (OOF Stacking (RidgeCV, 5-fold))",ensemble,train,54,CCNc1nc(Cl)nc(NC(C)C)n1,0.0,0.8945201155948727,
tdc_skin_reaction,"Ensemble (OOF Stacking (RidgeCV, 5-fold))",ensemble,train,55,CCCCBr,0.0,0.7889903973274638,
tdc_skin_reaction,"Ensemble (OOF Stacking (RidgeCV, 5-fold))",ensemble,train,56,CCCCCCCCCBr,0.0,0.8338671188627866,
tdc_skin_reaction,"Ensemble (OOF Stacking (RidgeCV, 5-fold))",ensemble,train,57,C=C1CC=C(C(C)C)CC1,0.0,0.8533509058246334,
tdc_skin_reaction,"Ensemble (OOF Stacking (RidgeCV, 5-fold))",ensemble,train,58,CCCCO,0.0,0.7488381417877155,
tdc_skin_reaction,"Ensemble (OOF Stacking (RidgeCV, 5-fold))",ensemble,train,59,CCCCCCCCCCl,0.0,0.8157052192583188,
tdc_skin_reaction,"Ensemble (OOF Stacking (RidgeCV, 5-fold))",ensemble,train,60,CCC1OC(=O)C(C)C(OC2CC(C)(OC)C(O)C(C)O2)C(C)C(OC2OC(C)CC(N(C)C)C2O)C(C)(OC)CC(C)C(=O)C(C)C(O)C1(C)O,0.0,0.35558629834081923,
tdc_skin_reaction,"Ensemble (OOF Stacking (RidgeCV, 5-fold))",ensemble,train,61,O=c1ccc2ccccc2o1,0.0,0.20265591061388533,
tdc_skin_reaction,"Ensemble (OOF Stacking (RidgeCV, 5-fold))",ensemble,train,62,Nc1cc[nH]c(=O)n1,0.0,0.7789423544305446,
tdc_skin_reaction,"Ensemble (OOF Stacking (RidgeCV, 5-fold))",ensemble,train,63,COC(=O)CCC(C#N)(CCC(=O)OC)c1ccc(OC)c(OC2CCCC2)c1,0.0,0.17267077566780042,
tdc_skin_reaction,"Ensemble (OOF Stacking (RidgeCV, 5-fold))",ensemble,train,64,COC(=O)OC,0.0,0.8272470837800949,
tdc_skin_reaction,"Ensemble (OOF Stacking (RidgeCV, 5-fold))",ensemble,train,65,CCOC(=O)C(=NOC(C)(C)C(=O)OC(C)(C)C)c1csc(NC(c2ccccc2)(c2ccccc2)c2ccccc2)n1,0.0,0.7550267551026623,
tdc_skin_reaction,"Ensemble (OOF Stacking (RidgeCV, 5-fold))",ensemble,train,66,CCOC(=O)c1nnc[nH]1,0.0,0.2670409653477599,
tdc_skin_reaction,"Ensemble (OOF Stacking (RidgeCV, 5-fold))",ensemble,train,67,CCOC(=O)CC(=O)c1cc(F)c(Cl)nc1Cl,0.0,0.3860351224751291,
tdc_skin_reaction,"Ensemble (OOF Stacking (RidgeCV, 5-fold))",ensemble,train,68,O=C(O)C=CC(=O)O,0.0,0.22372490128748035,
tdc_skin_reaction,"Ensemble (OOF Stacking (RidgeCV, 5-fold))",ensemble,train,69,O=C(C(=O)c1ccco1)c1ccco1,0.0,0.38212300648704506,
tdc_skin_reaction,"Ensemble (OOF Stacking (RidgeCV, 5-fold))",ensemble,train,70,OCC(O)CO,0.0,0.5901602436558061,
tdc_skin_reaction,"Ensemble (OOF Stacking (RidgeCV, 5-fold))",ensemble,train,71,CCCCCC,0.0,0.761634984518915,
tdc_skin_reaction,"Ensemble (OOF Stacking (RidgeCV, 5-fold))",ensemble,train,72,CCCCCCI,0.0,0.7982441602038496,
tdc_skin_reaction,"Ensemble (OOF Stacking (RidgeCV, 5-fold))",ensemble,train,73,CCCCCCCCCCCCCCCCCCI,0.0,0.8731541308752837,
tdc_skin_reaction,"Ensemble (OOF Stacking (RidgeCV, 5-fold))",ensemble,train,74,CC(C)O,0.0,0.5816285475776437,
tdc_skin_reaction,"Ensemble (OOF Stacking (RidgeCV, 5-fold))",ensemble,train,75,CC(C)N(C#N)C#N,0.0,0.2618893525684656,
tdc_skin_reaction,"Ensemble (OOF Stacking (RidgeCV, 5-fold))",ensemble,train,76,NCC1OC(OC2C(N)CC(N)C(OC3OC(CO)C(O)C(N)C3O)C2O)C(O)C(O)C1O,0.0,0.854019140723096,
tdc_skin_reaction,"Ensemble (OOF Stacking (RidgeCV, 5-fold))",ensemble,train,77,CC(O)C(=O)O,0.0,0.5408305174831903,
tdc_skin_reaction,"Ensemble (OOF Stacking (RidgeCV, 5-fold))",ensemble,train,78,Cc1c2ccc(Nc3ccnc(Cl)n3)cc2nn1C,0.0,0.21114680738323585,
tdc_skin_reaction,"Ensemble (OOF Stacking (RidgeCV, 5-fold))",ensemble,train,79,Cc1c2ccc(N(C)c3ccnc(Cl)n3)cc2nn1C,0.0,0.21811179834130978,
tdc_skin_reaction,"Ensemble (OOF Stacking (RidgeCV, 5-fold))",ensemble,train,80,CCCCN1CCC(CNC(=O)c2c3n(c4ccccc24)CCCO3)CC1,0.0,0.18456815131186904,
tdc_skin_reaction,"Ensemble (OOF Stacking (RidgeCV, 5-fold))",ensemble,train,81,CC(C)(C)OC(=O)NC(C(=O)O)C(c1ccc(F)cc1)c1ccc(F)cc1,0.0,0.3149756310206674,
tdc_skin_reaction,"Ensemble (OOF Stacking (RidgeCV, 5-fold))",ensemble,train,82,O=CNc1cc(C(O)CBr)ccc1OCc1ccccc1,0.0,0.17199977682850245,
tdc_skin_reaction,"Ensemble (OOF Stacking (RidgeCV, 5-fold))",ensemble,train,83,CCCCCCCC(=O)O,0.0,0.8522311298486669,
tdc_skin_reaction,"Ensemble (OOF Stacking (RidgeCV, 5-fold))",ensemble,train,84,CCOc1cc(Oc2ccc(C(F)(F)F)cc2Cl)ccc1[N+](=O)[O-],0.0,0.21778944453767718,
tdc_skin_reaction,"Ensemble (OOF Stacking (RidgeCV, 5-fold))",ensemble,train,85,C=CC(=O)OCC(CO)(COC(=O)C=C)COC(=O)C=C,0.0,0.16005117774197275,
tdc_skin_reaction,"Ensemble (OOF Stacking (RidgeCV, 5-fold))",ensemble,train,86,Cc1cc(F)ccc1C1CC(=O)C=CN1C(=O)OCc1ccccc1,0.0,0.23466063511597157,
tdc_skin_reaction,"Ensemble (OOF Stacking (RidgeCV, 5-fold))",ensemble,train,87,CC(O)CO,0.0,0.5391457104002546,
tdc_skin_reaction,"Ensemble (OOF Stacking (RidgeCV, 5-fold))",ensemble,train,88,Fc1ccc(Oc2ccnc3cc(Cl)cc(Cl)c23)cc1,0.0,0.1864426413792631,
tdc_skin_reaction,"Ensemble (OOF Stacking (RidgeCV, 5-fold))",ensemble,train,89,COC1C=COC2(C)Oc3c(C)c(O)c4c(O)c(cc(O)c4c3C2=O)NC(=O)C(C)=CC=CC(C)C(O)C(C)C(O)C(C)C(OC(C)=O)C1C,0.0,0.2916887459197037,
tdc_skin_reaction,"Ensemble (OOF Stacking (RidgeCV, 5-fold))",ensemble,train,90,O=C1NS(=O)(=O)c2ccccc21,0.0,0.8183185070849605,
tdc_skin_reaction,"Ensemble (OOF Stacking (RidgeCV, 5-fold))",ensemble,train,91,O=C(O)CCC(=O)O,0.0,0.3651715464348667,
tdc_skin_reaction,"Ensemble (OOF Stacking (RidgeCV, 5-fold))",ensemble,train,92,O=C(O)C(O)C(O)C(=O)O,0.0,0.17751529122184032,
tdc_skin_reaction,"Ensemble (OOF Stacking (RidgeCV, 5-fold))",ensemble,train,93,C=CC(=O)OCC(CC)(COC(=O)C=C)COC(=O)C=C,0.0,0.16766491920134766,
tdc_skin_reaction,"Ensemble (OOF Stacking (RidgeCV, 5-fold))",ensemble,train,94,C=C(Cl)Cl,0.0,0.7707248674929391,
tdc_skin_reaction,"Ensemble (OOF Stacking (RidgeCV, 5-fold))",ensemble,train,95,CCCCCCCC=CC=O,1.0,0.8034442218156829,
tdc_skin_reaction,"Ensemble (OOF Stacking (RidgeCV, 5-fold))",ensemble,train,96,O=c1[nH]sc2ccccc12,1.0,0.8237925419891212,
tdc_skin_reaction,"Ensemble (OOF Stacking (RidgeCV, 5-fold))",ensemble,train,97,N#CCCC(Br)(C#N)CBr,1.0,0.8526294861169257,
tdc_skin_reaction,"Ensemble (OOF Stacking (RidgeCV, 5-fold))",ensemble,train,98,C=CC(=O)N1C(=O)N(C)C(C)C1c1ccccc1,1.0,0.27753586961375265,
tdc_skin_reaction,"Ensemble (OOF Stacking (RidgeCV, 5-fold))",ensemble,train,99,C(CCCOCC1CO1)CCOCC1CO1,1.0,0.8651079879442497,
tdc_skin_reaction,"Ensemble (OOF Stacking (RidgeCV, 5-fold))",ensemble,train,100,OCCCCCCCCCCCCBr,1.0,0.8161884303461764,
tdc_skin_reaction,"Ensemble (OOF Stacking (RidgeCV, 5-fold))",ensemble,train,101,O=C1C=CC2(O)C3Cc4ccc(O)c5c4C2(CCN3)C1O5,1.0,0.23374853981545643,
tdc_skin_reaction,"Ensemble (OOF Stacking (RidgeCV, 5-fold))",ensemble,train,102,CCCCCCCCCCCCCCCCCCCl,1.0,0.8642405903654937,
tdc_skin_reaction,"Ensemble (OOF Stacking (RidgeCV, 5-fold))",ensemble,train,103,CCCCCCCCCCI,1.0,0.8209204747111549,
tdc_skin_reaction,"Ensemble (OOF Stacking (RidgeCV, 5-fold))",ensemble,train,104,CN(N=O)C(=N)N[N+](=O)[O-],1.0,0.8514740681633439,
tdc_skin_reaction,"Ensemble (OOF Stacking (RidgeCV, 5-fold))",ensemble,train,105,Oc1cccc2ccccc12,1.0,0.8568014198954981,
tdc_skin_reaction,"Ensemble (OOF Stacking (RidgeCV, 5-fold))",ensemble,train,106,CCCC=CC=O,1.0,0.8092655105326739,
tdc_skin_reaction,"Ensemble (OOF Stacking (RidgeCV, 5-fold))",ensemble,train,107,CN(C)CCOC(C)(c1ccccc1)c1ccc(Br)cc1,1.0,0.8772219207119567,
tdc_skin_reaction,"Ensemble (OOF Stacking (RidgeCV, 5-fold))",ensemble,train,108,CC(C)(C)N(CC(=O)c1ccc(O)c(CO)c1)Cc1ccccc1,1.0,0.6207164174706153,
tdc_skin_reaction,"Ensemble (OOF Stacking (RidgeCV, 5-fold))",ensemble,train,109,C=CC(=O)OCC(CC)CCCC,1.0,0.8084186705550876,
tdc_skin_reaction,"Ensemble (OOF Stacking (RidgeCV, 5-fold))",ensemble,train,110,C=CC(=O)OCCO,1.0,0.8273417145083029,
tdc_skin_reaction,"Ensemble (OOF Stacking (RidgeCV, 5-fold))",ensemble,train,111,Sc1nc2ccccc2s1,1.0,0.8497508207551439,
tdc_skin_reaction,"Ensemble (OOF Stacking (RidgeCV, 5-fold))",ensemble,train,112,CCCCCCCCCC(C)C=O,1.0,0.8546371542467367,
tdc_skin_reaction,"Ensemble (OOF Stacking (RidgeCV, 5-fold))",ensemble,train,113,CC(CC(=O)Cl)CC(C)(C)C,1.0,0.8265388199927399,
tdc_skin_reaction,"Ensemble (OOF Stacking (RidgeCV, 5-fold))",ensemble,train,114,CC1(C)CC(CBr)C(=O)O1,1.0,0.8585110470171848,
tdc_skin_reaction,"Ensemble (OOF Stacking (RidgeCV, 5-fold))",ensemble,train,115,CN(C)CCCN,1.0,0.7545838985420886,
tdc_skin_reaction,"Ensemble (OOF Stacking (RidgeCV, 5-fold))",ensemble,train,116,Nc1cc(F)cc(-c2cccnc2)c1,1.0,0.7556081300601831,
tdc_skin_reaction,"Ensemble (OOF Stacking (RidgeCV, 5-fold))",ensemble,train,117,Cn1sc(Cl)cc1=O,1.0,0.8401660492345648,
tdc_skin_reaction,"Ensemble (OOF Stacking (RidgeCV, 5-fold))",ensemble,train,118,CC(=O)C(=O)CC(C)C,1.0,0.8598555691285399,
tdc_skin_reaction,"Ensemble (OOF Stacking (RidgeCV, 5-fold))",ensemble,train,119,C=CCC1(C)C=C(OC)C(=O)CC1,1.0,0.8742816046687207,
tdc_skin_reaction,"Ensemble (OOF Stacking (RidgeCV, 5-fold))",ensemble,train,120,CCN(CC)CCCCCCO,1.0,0.8354773910128638,
tdc_skin_reaction,"Ensemble (OOF Stacking (RidgeCV, 5-fold))",ensemble,train,121,CCC=CCCCCC=O,1.0,0.8224760695956702,
tdc_skin_reaction,"Ensemble (OOF Stacking (RidgeCV, 5-fold))",ensemble,train,122,O=C(O)c1ccc2c(c1)C(=O)OC2=O,1.0,0.8293361318382305,
tdc_skin_reaction,"Ensemble (OOF Stacking (RidgeCV, 5-fold))",ensemble,train,123,O=C(OCc1ccccc1)c1ccccc1,1.0,0.8364504684050049,
tdc_skin_reaction,"Ensemble (OOF Stacking (RidgeCV, 5-fold))",ensemble,train,124,CC(C)(c1ccc(OCC2CO2)cc1)c1ccc(OCC2CO2)cc1,1.0,0.8749175468224614,
tdc_skin_reaction,"Ensemble (OOF Stacking (RidgeCV, 5-fold))",ensemble,train,125,C=C1C=CC(C(C)C)CC1,1.0,0.870759719454154,
tdc_skin_reaction,"Ensemble (OOF Stacking (RidgeCV, 5-fold))",ensemble,train,126,O=CC=C(c1ccccc1)c1ccccc1,1.0,0.8749726305803914,
tdc_skin_reaction,"Ensemble (OOF Stacking (RidgeCV, 5-fold))",ensemble,train,127,CCCCCCCCCCCCCCCCCCCCCCBr,1.0,0.8635194088288951,
tdc_skin_reaction,"Ensemble (OOF Stacking (RidgeCV, 5-fold))",ensemble,train,128,CCCCCCCCCCCCBr,1.0,0.8499850612590499,
tdc_skin_reaction,"Ensemble (OOF Stacking (RidgeCV, 5-fold))",ensemble,train,129,CCCCCCCCCCCCCCCCCCCCBr,1.0,0.8725577167139994,
tdc_skin_reaction,"Ensemble (OOF Stacking (RidgeCV, 5-fold))",ensemble,train,130,CCCCCCCCCCCCCCCCCBr,1.0,0.8705131534540488,
tdc_skin_reaction,"Ensemble (OOF Stacking (RidgeCV, 5-fold))",ensemble,train,131,CCCCCCCCCCCCCCCCBr,1.0,0.8572238049503362,
tdc_skin_reaction,"Ensemble (OOF Stacking (RidgeCV, 5-fold))",ensemble,train,132,CCCCCCBr,1.0,0.780003636734002,
tdc_skin_reaction,"Ensemble (OOF Stacking (RidgeCV, 5-fold))",ensemble,train,133,CCCCCCCCCCCCCCCCCCBr,1.0,0.889224723447998,
tdc_skin_reaction,"Ensemble (OOF Stacking (RidgeCV, 5-fold))",ensemble,train,134,CCCCCCCCCCCCCCCBr,1.0,0.8529294713644994,
tdc_skin_reaction,"Ensemble (OOF Stacking (RidgeCV, 5-fold))",ensemble,train,135,CCCCCCCCCCCCCCBr,1.0,0.8493316401936496,
tdc_skin_reaction,"Ensemble (OOF Stacking (RidgeCV, 5-fold))",ensemble,train,136,CCCCCCCCCCCCCBr,1.0,0.8301055126778402,
tdc_skin_reaction,"Ensemble (OOF Stacking (RidgeCV, 5-fold))",ensemble,train,137,CCCCCCCCCCCBr,1.0,0.8290119711749517,
tdc_skin_reaction,"Ensemble (OOF Stacking (RidgeCV, 5-fold))",ensemble,train,138,C=CC(=O)OCCCC,1.0,0.8044253818452141,
tdc_skin_reaction,"Ensemble (OOF Stacking (RidgeCV, 5-fold))",ensemble,train,139,CCCCOCC1CO1,1.0,0.8245813950773146,
tdc_skin_reaction,"Ensemble (OOF Stacking (RidgeCV, 5-fold))",ensemble,train,140,CCCCCCCCCCCC1=NC(C)(C)C(=O)O1,1.0,0.8724003084009084,
tdc_skin_reaction,"Ensemble (OOF Stacking (RidgeCV, 5-fold))",ensemble,train,141,CCCCC1=NC(C)(C)C(=O)O1,1.0,0.8535736957716993,
tdc_skin_reaction,"Ensemble (OOF Stacking (RidgeCV, 5-fold))",ensemble,train,142,CCCCCCCCCCCCCCCl,1.0,0.8610514431081894,
tdc_skin_reaction,"Ensemble (OOF Stacking (RidgeCV, 5-fold))",ensemble,train,143,CC(C)=CCCC(C)=CC=O,1.0,0.8019769032055913,
tdc_skin_reaction,"Ensemble (OOF Stacking (RidgeCV, 5-fold))",ensemble,train,144,CCCCCCCCCCCCCCCCCl,1.0,0.8630034455570449,
tdc_skin_reaction,"Ensemble (OOF Stacking (RidgeCV, 5-fold))",ensemble,train,145,CCOS(=O)(=O)OCC,1.0,0.8809096990649048,
tdc_skin_reaction,"Ensemble (OOF Stacking (RidgeCV, 5-fold))",ensemble,train,146,CCC(C=O)CC,1.0,0.7982468717777186,
tdc_skin_reaction,"Ensemble (OOF Stacking (RidgeCV, 5-fold))",ensemble,train,147,NCCNCCN,1.0,0.7736551547442674,
tdc_skin_reaction,"Ensemble (OOF Stacking (RidgeCV, 5-fold))",ensemble,train,148,NCCCNCCCN,1.0,0.802961004749274,
tdc_skin_reaction,"Ensemble (OOF Stacking (RidgeCV, 5-fold))",ensemble,train,149,CCCCCCCCCCCCOS(C)(=O)=O,1.0,0.8815023246722821,
tdc_skin_reaction,"Ensemble (OOF Stacking (RidgeCV, 5-fold))",ensemble,train,150,CCOC(=O)CC1CC2CCC(C1)N2C,1.0,0.8365207212391466,
tdc_skin_reaction,"Ensemble (OOF Stacking (RidgeCV, 5-fold))",ensemble,train,151,C=CC(=O)OCC,1.0,0.8634418355474132,
tdc_skin_reaction,"Ensemble (OOF Stacking (RidgeCV, 5-fold))",ensemble,train,152,CCC(O)C(CO)CO,1.0,0.33538488127904975,
tdc_skin_reaction,"Ensemble (OOF Stacking (RidgeCV, 5-fold))",ensemble,train,153,C=C(C)C(=O)OCCOC(=O)C(=C)C,1.0,0.8492270349263329,
tdc_skin_reaction,"Ensemble (OOF Stacking (RidgeCV, 5-fold))",ensemble,train,154,C=C(C)C(=O)O,1.0,0.825207209100571,
tdc_skin_reaction,"Ensemble (OOF Stacking (RidgeCV, 5-fold))",ensemble,train,155,O=C1OC2(c3ccc(O)cc3Oc3cc(O)ccc32)c2ccc(N=C=S)cc21,1.0,0.6900008053492511,
tdc_skin_reaction,"Ensemble (OOF Stacking (RidgeCV, 5-fold))",ensemble,train,156,CC(CC=O)CCCC(C)(C)O,1.0,0.8353709878235679,
tdc_skin_reaction,"Ensemble (OOF Stacking (RidgeCV, 5-fold))",ensemble,train,157,CCCCCCCCCCCCI,1.0,0.8071550555494046,
tdc_skin_reaction,"Ensemble (OOF Stacking (RidgeCV, 5-fold))",ensemble,train,158,CCCCCCCCCCCCCCCCI,1.0,0.8685387404374515,
tdc_skin_reaction,"Ensemble (OOF Stacking (RidgeCV, 5-fold))",ensemble,train,159,CCCCCCCCCI,1.0,0.826431413039977,
tdc_skin_reaction,"Ensemble (OOF Stacking (RidgeCV, 5-fold))",ensemble,train,160,CCCCCCCCCCCCCCI,1.0,0.8178782177115331,
tdc_skin_reaction,"Ensemble (OOF Stacking (RidgeCV, 5-fold))",ensemble,train,161,CC(C)CCCCCC(=O)Cl,1.0,0.8301003966466242,
tdc_skin_reaction,"Ensemble (OOF Stacking (RidgeCV, 5-fold))",ensemble,train,162,CCCCCCCCCCCCCC(=O)OC(C)C,1.0,0.8748999977313705,
tdc_skin_reaction,"Ensemble (OOF Stacking (RidgeCV, 5-fold))",ensemble,train,163,C=C(C)C1CC=C(C)CC1,1.0,0.8503896724322171,
tdc_skin_reaction,"Ensemble (OOF Stacking (RidgeCV, 5-fold))",ensemble,train,164,C=CC(C)(O)CCC=C(C)C=O,1.0,0.8564972002976576,
tdc_skin_reaction,"Ensemble (OOF Stacking (RidgeCV, 5-fold))",ensemble,train,165,CCCCCC=CCC=CCCCCCCCC(=O)O,1.0,0.8720857873342615,
tdc_skin_reaction,"Ensemble (OOF Stacking (RidgeCV, 5-fold))",ensemble,train,166,CCCCCCC#CC(=O)OC,1.0,0.6967116700052594,
tdc_skin_reaction,"Ensemble (OOF Stacking (RidgeCV, 5-fold))",ensemble,train,167,C=CC(=O)OC,1.0,0.7708561727969425,
tdc_skin_reaction,"Ensemble (OOF Stacking (RidgeCV, 5-fold))",ensemble,train,168,CCCCCCCCCCCCCCC=CS(=O)(=O)OC,1.0,0.8831779258484667,
tdc_skin_reaction,"Ensemble (OOF Stacking (RidgeCV, 5-fold))",ensemble,train,169,C=C(C)C(=O)OC,1.0,0.8028220165461789,
tdc_skin_reaction,"Ensemble (OOF Stacking (RidgeCV, 5-fold))",ensemble,train,170,CCCCCCCCC(=O)Cl,1.0,0.843380135435834,
tdc_skin_reaction,"Ensemble (OOF Stacking (RidgeCV, 5-fold))",ensemble,train,171,FOC1=C2CCC(C2)C1,1.0,0.8655595415298338,
tdc_skin_reaction,"Ensemble (OOF Stacking (RidgeCV, 5-fold))",ensemble,train,172,CCCCCCCCO,1.0,0.7663634616838262,
tdc_skin_reaction,"Ensemble (OOF Stacking (RidgeCV, 5-fold))",ensemble,train,173,CCCCCCCCC=CCCCCCCCC(=O)O,1.0,0.8643151416565186,
tdc_skin_reaction,"Ensemble (OOF Stacking (RidgeCV, 5-fold))",ensemble,train,174,CCOC=C1N=C(c2ccccc2)OC1=O,1.0,0.8825555497598805,
tdc_skin_reaction,"Ensemble (OOF Stacking (RidgeCV, 5-fold))",ensemble,train,175,CCCCCCCCCCCCCCCC(=O)Cl,1.0,0.8482552592818139,
tdc_skin_reaction,"Ensemble (OOF Stacking (RidgeCV, 5-fold))",ensemble,train,176,O=C(Oc1ccccc1)c1ccccc1,1.0,0.8805202948797044,
tdc_skin_reaction,"Ensemble (OOF Stacking (RidgeCV, 5-fold))",ensemble,train,177,CC(CCCCN)C(C)(C)N,1.0,0.8329194469047424,
tdc_skin_reaction,"Ensemble (OOF Stacking (RidgeCV, 5-fold))",ensemble,train,178,C=CCCCCCCCCC(=O)O,1.0,0.8498341691674228,
tdc_skin_reaction,"Ensemble (OOF Stacking (RidgeCV, 5-fold))",ensemble,train,179,CC=CC=CC=O,1.0,0.7751615613492266,
tdc_skin_reaction,"Ensemble (OOF Stacking (RidgeCV, 5-fold))",ensemble,train,180,CN1C2CCC1CC(O)C2,1.0,0.6775613825506066,
tdc_skin_reaction,"Ensemble (OOF Stacking (RidgeCV, 5-fold))",ensemble,train,181,CC(C)N(C(=O)CN1C(=O)C(NC(=O)Nc2cccc(C(=O)OC(C)(C)C)c2)C(=O)N(c2ccccc2)c2ccccc21)c1ccccc1,1.0,0.7152284109788748,
tdc_skin_reaction,"Ensemble (OOF Stacking (RidgeCV, 5-fold))",ensemble,train,182,NC1CCCCC1N,1.0,0.7650807568478643,
tdc_skin_reaction,"Ensemble (OOF Stacking (RidgeCV, 5-fold))",ensemble,train,183,O=S(=O)(Cl)c1ccc2c(c1)OCO2,1.0,0.758355440599208,
tdc_skin_reaction,"Ensemble (OOF Stacking (RidgeCV, 5-fold))",ensemble,train,184,O=C(O)CCCCCCCCCCCBr,1.0,0.84805042740671,
tdc_skin_reaction,"Ensemble (OOF Stacking (RidgeCV, 5-fold))",ensemble,train,185,ClCc1ccc2ccc3cccc4ccc1c2c34,1.0,0.8701952371953288,
tdc_skin_reaction,"Ensemble (OOF Stacking (RidgeCV, 5-fold))",ensemble,train,186,Cc1cc(=O)n(-c2ccc(C)c(C)c2)[nH]1,1.0,0.8834123202115212,
tdc_skin_reaction,"Ensemble (OOF Stacking (RidgeCV, 5-fold))",ensemble,train,187,CCC(C)(C)C1CCC(CC=O)CC1,1.0,0.8402313977342952,
tdc_skin_reaction,"Ensemble (OOF Stacking (RidgeCV, 5-fold))",ensemble,train,188,CC(C)(C)C(=O)CC(=O)C(C)(C)C,1.0,0.8392813642468917,
tdc_skin_reaction,"Ensemble (OOF Stacking (RidgeCV, 5-fold))",ensemble,train,189,C=C(C)C(=O)OCC(O)COc1ccc(C(C)(C)c2ccc(OCC(O)COC(=O)C(=C)C)cc2)cc1,1.0,0.38858147791377956,
tdc_skin_reaction,"Ensemble (OOF Stacking (RidgeCV, 5-fold))",ensemble,train,190,Clc1nc(Cl)nc(Cl)n1,1.0,0.8674310962431487,
tdc_skin_reaction,"Ensemble (OOF Stacking (RidgeCV, 5-fold))",ensemble,train,191,Clc1ccnc(Cl)n1,1.0,0.8029498271071766,
tdc_skin_reaction,"Ensemble (OOF Stacking (RidgeCV, 5-fold))",ensemble,train,192,CCC=CC=CC=O,1.0,0.7997519733463452,
tdc_skin_reaction,"Ensemble (OOF Stacking (RidgeCV, 5-fold))",ensemble,train,193,CC1=C(C=O)C(C)(C)CC=C1,1.0,0.8678951855910132,
tdc_skin_reaction,"Ensemble (OOF Stacking (RidgeCV, 5-fold))",ensemble,train,194,COc1cc(C)c2c(Oc3cccc(C(F)(F)F)c3)c(OC)cc([N+](=O)[O-])c2n1,1.0,0.1593004720332036,
tdc_skin_reaction,"Ensemble (OOF Stacking (RidgeCV, 5-fold))",ensemble,train,195,Nc1ccccc1Nc1ccccc1,1.0,0.8795138651556504,
tdc_skin_reaction,"Ensemble (OOF Stacking (RidgeCV, 5-fold))",ensemble,train,196,CCCCCCCCCCCCC(Br)C(=O)O,1.0,0.8454031077487615,
tdc_skin_reaction,"Ensemble (OOF Stacking (RidgeCV, 5-fold))",ensemble,train,197,O=[N+]([O-])c1ccc(OCc2cccc(F)c2)c(Cl)c1,1.0,0.6220853515270619,
tdc_skin_reaction,"Ensemble (OOF Stacking (RidgeCV, 5-fold))",ensemble,train,198,Cc1nc2ccccc2c(=O)o1,1.0,0.4143904769747761,
tdc_skin_reaction,"Ensemble (OOF Stacking (RidgeCV, 5-fold))",ensemble,train,199,O=C(Nc1ccc(Cl)c(Cl)c1)c1cc(Cl)cc(Cl)c1O,1.0,0.8241992380665644,
tdc_skin_reaction,"Ensemble (OOF Stacking (RidgeCV, 5-fold))",ensemble,train,200,O=C1CCc2ccccc2O1,1.0,0.756116264075877,
tdc_skin_reaction,"Ensemble (OOF Stacking (RidgeCV, 5-fold))",ensemble,train,201,CC1(C)CC(N)CC(C)(CN)C1,1.0,0.8449504170524267,
tdc_skin_reaction,"Ensemble (OOF Stacking (RidgeCV, 5-fold))",ensemble,train,202,C=C1NS(=O)(=O)N=C1c1ccccc1,1.0,0.8379769299045974,
tdc_skin_reaction,"Ensemble (OOF Stacking (RidgeCV, 5-fold))",ensemble,train,203,CCC=C1OC(=O)c2ccccc21,1.0,0.8722942560703393,
tdc_skin_reaction,"Ensemble (OOF Stacking (RidgeCV, 5-fold))",ensemble,train,204,CC(C)(O)CCCC1=CCC(C=O)CC1,1.0,0.8501239176547392,
tdc_skin_reaction,"Ensemble (OOF Stacking (RidgeCV, 5-fold))",ensemble,train,205,O=C(C(=O)c1ccccc1)C1=CCC(Br)(Br)C=C1,1.0,0.8658968941751599,
tdc_skin_reaction,"Ensemble (OOF Stacking (RidgeCV, 5-fold))",ensemble,train,206,CC(Br)CCCN1C(=O)c2ccccc2C1=O,1.0,0.7742544930119003,
tdc_skin_reaction,"Ensemble (OOF Stacking (RidgeCV, 5-fold))",ensemble,train,207,Clc1ncnc2ccc(I)cc12,1.0,0.39895908632419963,
tdc_skin_reaction,"Ensemble (OOF Stacking (RidgeCV, 5-fold))",ensemble,train,208,CC(I)CCCN1C(=O)c2ccccc2C1=O,1.0,0.8765702781592607,
tdc_skin_reaction,"Ensemble (OOF Stacking (RidgeCV, 5-fold))",ensemble,train,209,C=C1CC(C(=C)C)CC=C1C,1.0,0.8427937322181828,
tdc_skin_reaction,"Ensemble (OOF Stacking (RidgeCV, 5-fold))",ensemble,train,210,C=C1CC(C)(C)OC1=O,1.0,0.863747818942456,
tdc_skin_reaction,"Ensemble (OOF Stacking (RidgeCV, 5-fold))",ensemble,train,211,O=C(O)c1cccc(-c2cc(Cl)cc([N+](=O)[O-])c2O)c1,1.0,0.8548221030044998,
tdc_skin_reaction,"Ensemble (OOF Stacking (RidgeCV, 5-fold))",ensemble,train,212,COc1cc(C)c2c(Cl)c(OC)cc([N+](=O)[O-])c2n1,1.0,0.1842362050416349,
tdc_skin_reaction,"Ensemble (OOF Stacking (RidgeCV, 5-fold))",ensemble,train,213,COc1cc([N+](=O)[O-])c2[nH]c(=O)cc(C)c2c1Cl,1.0,0.4189846223190369,
tdc_skin_reaction,"Ensemble (OOF Stacking (RidgeCV, 5-fold))",ensemble,train,214,COc1cc2c(cc1C(F)(F)F)NCC2,1.0,0.5604234173162629,
tdc_skin_reaction,"Ensemble (OOF Stacking (RidgeCV, 5-fold))",ensemble,train,215,Cc1ncccc1Oc1ccc(N)cn1,1.0,0.8631583364258932,
tdc_skin_reaction,"Ensemble (OOF Stacking (RidgeCV, 5-fold))",ensemble,train,216,CCN(CC)CCCCCCBr,1.0,0.8367215444130627,
tdc_skin_reaction,"Ensemble (OOF Stacking (RidgeCV, 5-fold))",ensemble,train,217,Cc1c2ccccc2c(C)c2c1ccc1ccccc12,1.0,0.886695304590793,
tdc_skin_reaction,"Ensemble (OOF Stacking (RidgeCV, 5-fold))",ensemble,train,218,CON=C1CN(c2nc3c(cc2F)c(=O)c(C(=O)O)cn3C2CC2)CC1CN,1.0,0.297660658622339,
tdc_skin_reaction,"Ensemble (OOF Stacking (RidgeCV, 5-fold))",ensemble,train,219,CCCCCCCC(Br)CCCCCC,1.0,0.7962571434004577,
tdc_skin_reaction,"Ensemble (OOF Stacking (RidgeCV, 5-fold))",ensemble,train,220,CCCCCn1c(=O)[nH]c(=O)c2[nH]c(Cl)nc21,1.0,0.4889485307111582,
tdc_skin_reaction,"Ensemble (OOF Stacking (RidgeCV, 5-fold))",ensemble,train,221,CC(C)C1=CC2=CCC3C(C)(C(=O)O)CCCC3(C)C2CC1,1.0,0.8809935326182191,
tdc_skin_reaction,"Ensemble (OOF Stacking (RidgeCV, 5-fold))",ensemble,train,222,CC1=CCC(C(C)C)C=C1,1.0,0.8108208092973669,
tdc_skin_reaction,"Ensemble (OOF Stacking (RidgeCV, 5-fold))",ensemble,train,223,CC1=CC=C(C(C)C)CC1,1.0,0.81981466875469,
tdc_skin_reaction,"Ensemble (OOF Stacking (RidgeCV, 5-fold))",ensemble,train,224,CCC1OC(=O)C(C)C(OC2CC(C)(OC)C(O)C(C)O2)C(C)C(OC2OC(C)CC(N(C)C)C2O)C(C)(O)CC(C)CN(C)C(C)C(O)C1(C)O,1.0,0.31331080175624343,
tdc_skin_reaction,"Ensemble (OOF Stacking (RidgeCV, 5-fold))",ensemble,train,225,N=C1CC(=Nc2ccc(N)cc2)C(=N)CC1=Nc1ccc(N)cc1,1.0,0.8609055021179696,
tdc_skin_reaction,"Ensemble (OOF Stacking (RidgeCV, 5-fold))",ensemble,train,226,c1ccc2c(c1)cc1ccc3cccc4ccc2c1c34,1.0,0.8854391070595938,
tdc_skin_reaction,"Ensemble (OOF Stacking (RidgeCV, 5-fold))",ensemble,train,227,O=C1C=CC(=O)C=C1,1.0,0.8181484331048813,
tdc_skin_reaction,"Ensemble (OOF Stacking (RidgeCV, 5-fold))",ensemble,train,228,O=C1CCO1,1.0,0.8074022838981139,
tdc_skin_reaction,"Ensemble (OOF Stacking (RidgeCV, 5-fold))",ensemble,train,229,CC(=O)C(C)=O,1.0,0.8111230157147049,
tdc_skin_reaction,"Ensemble (OOF Stacking (RidgeCV, 5-fold))",ensemble,train,230,CCCCCCCCCCCCCCCC1=NC(C)(C)C(=O)O1,1.0,0.8811948574301515,
tdc_skin_reaction,"Ensemble (OOF Stacking (RidgeCV, 5-fold))",ensemble,train,231,CCCCCCCCCCCCCCCCCC1=NC(C)(C)C(=O)O1,1.0,0.8602797117002907,
tdc_skin_reaction,"Ensemble (OOF Stacking (RidgeCV, 5-fold))",ensemble,train,232,CCCCCCC1=NC(C)(C)C(=O)O1,1.0,0.8853614419801,
tdc_skin_reaction,"Ensemble (OOF Stacking (RidgeCV, 5-fold))",ensemble,train,233,CCCCCCCCCC1=NC(C)(C)C(=O)O1,1.0,0.8690106998398881,
tdc_skin_reaction,"Ensemble (OOF Stacking (RidgeCV, 5-fold))",ensemble,train,234,C=C(C)C1CCC(C)=C(N=O)C1,1.0,0.8592103727303921,
tdc_skin_reaction,"Ensemble (OOF Stacking (RidgeCV, 5-fold))",ensemble,train,235,Clc1ccccc1C(c1ccccc1)(c1ccccc1)n1ccnc1,1.0,0.6098113944937821,
tdc_skin_reaction,"Ensemble (OOF Stacking (RidgeCV, 5-fold))",ensemble,train,236,C(=NC1CCCCC1)=NC1CCCCC1,1.0,0.8976158318031713,
tdc_skin_reaction,"Ensemble (OOF Stacking (RidgeCV, 5-fold))",ensemble,train,237,CCOC(=O)C=CC(=O)OCC,1.0,0.8400984055704184,
tdc_skin_reaction,"Ensemble (OOF Stacking (RidgeCV, 5-fold))",ensemble,train,238,COS(=O)(=O)OC,1.0,0.8885819252533729,
tdc_skin_reaction,"Ensemble (OOF Stacking (RidgeCV, 5-fold))",ensemble,train,239,CS(C)=O,1.0,0.7286957681728868,
tdc_skin_reaction,"Ensemble (OOF Stacking (RidgeCV, 5-fold))",ensemble,train,240,CN1C2CCC1CC(OS(C)(=O)=O)C2,1.0,0.8683497674694938,
tdc_skin_reaction,"Ensemble (OOF Stacking (RidgeCV, 5-fold))",ensemble,train,241,C=CC(=O)OCC(COC(=O)C=C)C(CC)OC(=O)C=C,1.0,0.8771798137370228,
tdc_skin_reaction,"Ensemble (OOF Stacking (RidgeCV, 5-fold))",ensemble,train,242,NCCN,1.0,0.7327347885877123,
tdc_skin_reaction,"Ensemble (OOF Stacking (RidgeCV, 5-fold))",ensemble,train,243,CC(C)=CCCC(C)=CCCC(C)=CC=O,1.0,0.8858590190174157,
tdc_skin_reaction,"Ensemble (OOF Stacking (RidgeCV, 5-fold))",ensemble,train,244,CC(C)=CCCC(C)=CCO,1.0,0.8334879302191999,
tdc_skin_reaction,"Ensemble (OOF Stacking (RidgeCV, 5-fold))",ensemble,train,245,O=CCCCC=O,1.0,0.7932775011486214,
tdc_skin_reaction,"Ensemble (OOF Stacking (RidgeCV, 5-fold))",ensemble,train,246,O=C(CS)OCC(O)CO,1.0,0.5575188598619477,
tdc_skin_reaction,"Ensemble (OOF Stacking (RidgeCV, 5-fold))",ensemble,train,247,O=CC=O,1.0,0.7852106623376424,
tdc_skin_reaction,"Ensemble (OOF Stacking (RidgeCV, 5-fold))",ensemble,train,248,NCCNCCO,1.0,0.7675118646560519,
tdc_skin_reaction,"Ensemble (OOF Stacking (RidgeCV, 5-fold))",ensemble,train,249,O=C(NCNC(=O)NC1C(=O)NC(=O)N1CO)NC1C(=O)NC(=O)N1CO,1.0,0.910915739835353,
tdc_skin_reaction,"Ensemble (OOF Stacking (RidgeCV, 5-fold))",ensemble,train,250,CCCCNC(=O)OC#CCI,1.0,0.8755962282198289,
tdc_skin_reaction,"Ensemble (OOF Stacking (RidgeCV, 5-fold))",ensemble,train,251,CCCCCCCCCCCCOS(=O)(=O)O,1.0,0.8784639495697453,
tdc_skin_reaction,"Ensemble (OOF Stacking (RidgeCV, 5-fold))",ensemble,train,252,CCC=CCC=CCC=CCCCCCCCC(=O)O,1.0,0.8823325017031596,
tdc_skin_reaction,"Ensemble (OOF Stacking (RidgeCV, 5-fold))",ensemble,train,253,CCCCCCCCCCCCS(=O)(=O)OC,1.0,0.8434116072314808,
tdc_skin_reaction,"Ensemble (OOF Stacking (RidgeCV, 5-fold))",ensemble,train,254,CCCCCCCCCCCCCCCCS(=O)(=O)OC,1.0,0.8870735129195702,
tdc_skin_reaction,"Ensemble (OOF Stacking (RidgeCV, 5-fold))",ensemble,train,255,COS(C)(=O)=O,1.0,0.8092757643682615,
tdc_skin_reaction,"Ensemble (OOF Stacking (RidgeCV, 5-fold))",ensemble,train,256,COC(=O)C(C)=O,1.0,0.8073452129841736,
tdc_skin_reaction,"Ensemble (OOF Stacking (RidgeCV, 5-fold))",ensemble,train,257,CCCCCCCCCCCCCCCCC(CS(=O)(=O)O)C(=O)OC,1.0,0.7168101314183289,
tdc_skin_reaction,"Ensemble (OOF Stacking (RidgeCV, 5-fold))",ensemble,train,258,CCN(CC)CCN(Cc1ccc(-c2ccc(C(F)(F)F)cc2)cc1)C(=O)Cn1c(SCc2ccc(F)cc2)nc(=O)c2c1CCC2,1.0,0.4018901097007466,
tdc_skin_reaction,"Ensemble (OOF Stacking (RidgeCV, 5-fold))",ensemble,train,259,CCN(N=O)C(N)=O,1.0,0.8606221836162444,
tdc_skin_reaction,"Ensemble (OOF Stacking (RidgeCV, 5-fold))",ensemble,train,260,CC(C)N(C(=O)CNc1ccccc1Nc1ccccc1)c1ccccc1,1.0,0.5229479613875699,
tdc_skin_reaction,"Ensemble (OOF Stacking (RidgeCV, 5-fold))",ensemble,train,261,CN(N=O)C(N)=O,1.0,0.8513297601512363,
tdc_skin_reaction,"Ensemble (OOF Stacking (RidgeCV, 5-fold))",ensemble,train,262,CCCCCCCCC=CCCCCCCCCOS(C)(=O)=O,1.0,0.8994573726376163,
tdc_skin_reaction,"Ensemble (OOF Stacking (RidgeCV, 5-fold))",ensemble,train,263,COC1=CC=C2C3Cc4ccc(O)c5c4C2(CCN3C)C1O5,1.0,0.7734372259602839,
tdc_skin_reaction,"Ensemble (OOF Stacking (RidgeCV, 5-fold))",ensemble,train,264,O=C(O)C(=O)O,1.0,0.8097268049993793,
tdc_skin_reaction,"Ensemble (OOF Stacking (RidgeCV, 5-fold))",ensemble,train,265,O=c1[nH]cco1,1.0,0.8680205088200826,
tdc_skin_reaction,"Ensemble (OOF Stacking (RidgeCV, 5-fold))",ensemble,train,266,CC1(C)SC2C(NC(=O)Cc3ccccc3)C(=O)N2C1C(=O)O,1.0,0.6928696843934179,
tdc_skin_reaction,"Ensemble (OOF Stacking (RidgeCV, 5-fold))",ensemble,train,267,C=C(C)C1CC=C(C=O)CC1,1.0,0.8693545265978175,
tdc_skin_reaction,"Ensemble (OOF Stacking (RidgeCV, 5-fold))",ensemble,train,268,CC(C)(C)c1ccc(OCC2CO2)cc1,1.0,0.8895663014406006,
tdc_skin_reaction,"Ensemble (OOF Stacking (RidgeCV, 5-fold))",ensemble,train,269,c1ccncc1,1.0,0.789835504030466,
tdc_skin_reaction,"Ensemble (OOF Stacking (RidgeCV, 5-fold))",ensemble,train,270,C=C(C)C1CC=C(C)C(=O)C1,1.0,0.8432564686968894,
tdc_skin_reaction,"Ensemble (OOF Stacking (RidgeCV, 5-fold))",ensemble,train,271,O=C(Oc1ccc([N+](=O)[O-])cc1)OC1COC2OCCC12,1.0,0.8579045317688291,
tdc_skin_reaction,"Ensemble (OOF Stacking (RidgeCV, 5-fold))",ensemble,train,272,CCOC(=S)S,1.0,0.8094081220043592,
tdc_skin_reaction,"Ensemble (OOF Stacking (RidgeCV, 5-fold))",ensemble,train,273,CCCCCCCCCCCC(=O)OC(C)C(=O)OC(C)C(=O)O,1.0,0.8361335178407415,
tdc_skin_reaction,"Ensemble (OOF Stacking (RidgeCV, 5-fold))",ensemble,train,274,CC(C)=CCCC(C)=CCCC(C)=CCCC=C(C)CCC=C(C)CCC=C(C)C,1.0,0.8346732308931848,
tdc_skin_reaction,"Ensemble (OOF Stacking (RidgeCV, 5-fold))",ensemble,train,275,CN(C)C(=S)SSC(=S)N(C)C,1.0,0.7986984669451863,
tdc_skin_reaction,"Ensemble (OOF Stacking (RidgeCV, 5-fold))",ensemble,train,276,C=CCCCCCCCCC=O,1.0,0.8502710711204663,
tdc_skin_reaction,"Ensemble (OOF Stacking (RidgeCV, 5-fold))",ensemble,train,277,C=Cc1ccncc1,1.0,0.632080187239117,
tdc_skin_reaction,"Ensemble (OOF Stacking (RidgeCV, 5-fold))",ensemble,train,278,C[N+](C)(C)c1ccc2c(c1)C(=NNc1ccc(N)c([N+](=O)[O-])c1)C(=O)C=C2,0.0,0.1906927935884339,
tdc_skin_reaction,"Ensemble (OOF Stacking (RidgeCV, 5-fold))",ensemble,train,279,CCCCCCCCC(=O)O,0.0,0.8406593462475365,
tdc_skin_reaction,"Ensemble (OOF Stacking (RidgeCV, 5-fold))",ensemble,train,280,CNC1C(OC2C(OC3C(O)C(O)C(NC(=N)N)C(O)C3NC(=N)N)OC(C)C2(O)C=O)OC(CO)C(O)C1O,0.0,0.19757655829262533,
tdc_skin_reaction,"Ensemble (OOF Stacking (RidgeCV, 5-fold))",ensemble,train,281,O=C1OC(=O)C2CCCCC12,1.0,0.576483967664762,
tdc_skin_reaction,"Ensemble (OOF Stacking (RidgeCV, 5-fold))",ensemble,train,282,Cc1cc(=O)n(-c2ccccc2)[nH]1,1.0,0.8780244518627918,
tdc_skin_reaction,"Ensemble (OOF Stacking (RidgeCV, 5-fold))",ensemble,train,283,O=C(OOC(=O)c1ccccc1)c1ccccc1,1.0,0.8225327736816905,
tdc_skin_reaction,"Ensemble (OOF Stacking (RidgeCV, 5-fold))",ensemble,train,284,O=c1c(-c2ccccc2)c1-c1ccccc1,1.0,0.7847843696491343,
tdc_skin_reaction,"Ensemble (OOF Stacking (RidgeCV, 5-fold))",ensemble,train,285,Nc1ccc(N)c2c1C(=O)c1ccccc1C2=O,1.0,0.8425313189642228,
tdc_skin_reaction,"Ensemble (OOF Stacking (RidgeCV, 5-fold))",ensemble,train,286,O=C1C=CC(=O)O1,1.0,0.8782775679932112,
tdc_skin_reaction,"Ensemble (OOF Stacking (RidgeCV, 5-fold))",ensemble,train,287,O=C1OC(=O)c2ccccc21,1.0,0.8664241424899132,
tdc_skin_reaction,"Ensemble (OOF Stacking (RidgeCV, 5-fold))",ensemble,train,288,O=c1c(O)c(O)c1=O,1.0,0.8624724743156896,
tdc_skin_reaction,"Ensemble (OOF Stacking (RidgeCV, 5-fold))",ensemble,test,0,CCOCc1cc(OC)c(B(O)O)c(OC)c1,0.0,0.49561812981786746,
tdc_skin_reaction,"Ensemble (OOF Stacking (RidgeCV, 5-fold))",ensemble,test,1,COc1cc(C(=O)CC(=O)C(C)(C)C)cc(OC)c1OC,0.0,0.21529435110276576,
tdc_skin_reaction,"Ensemble (OOF Stacking (RidgeCV, 5-fold))",ensemble,test,2,CNC(C)c1cc(C(F)(F)F)cc(C(F)(F)F)c1,0.0,0.7711369894729676,
tdc_skin_reaction,"Ensemble (OOF Stacking (RidgeCV, 5-fold))",ensemble,test,3,CCC(N)c1ccccc1,0.0,0.7376609719197958,
tdc_skin_reaction,"Ensemble (OOF Stacking (RidgeCV, 5-fold))",ensemble,test,4,O=C(O)C(=NOCc1ccccc1)C(=O)O,0.0,0.5344693981741772,
tdc_skin_reaction,"Ensemble (OOF Stacking (RidgeCV, 5-fold))",ensemble,test,5,CCCOc1ccc(Br)c(C(=O)O)c1,0.0,0.8296769616585488,
tdc_skin_reaction,"Ensemble (OOF Stacking (RidgeCV, 5-fold))",ensemble,test,6,NS(=O)(=O)c1cccc(CCCCOCCCCCCBr)c1,0.0,0.5194318933683154,
tdc_skin_reaction,"Ensemble (OOF Stacking (RidgeCV, 5-fold))",ensemble,test,7,COc1ccc(C=O)cc1O,0.0,0.872071852958003,
tdc_skin_reaction,"Ensemble (OOF Stacking (RidgeCV, 5-fold))",ensemble,test,8,CCCOc1cccc(C(=O)O)c1,0.0,0.814512869019792,
tdc_skin_reaction,"Ensemble (OOF Stacking (RidgeCV, 5-fold))",ensemble,test,9,O=C(O)c1ccc(O)cc1,0.0,0.8645597581787673,
tdc_skin_reaction,"Ensemble (OOF Stacking (RidgeCV, 5-fold))",ensemble,test,10,COc1ccc(C(C)=O)cc1,0.0,0.7588562123339299,
tdc_skin_reaction,"Ensemble (OOF Stacking (RidgeCV, 5-fold))",ensemble,test,11,Cc1ccc(N)cc1S(N)(=O)=O,0.0,0.7940824009632385,
tdc_skin_reaction,"Ensemble (OOF Stacking (RidgeCV, 5-fold))",ensemble,test,12,COc1cc(CC#N)c([N+](=O)[O-])cc1C(F)(F)F,0.0,0.4051248345721985,
tdc_skin_reaction,"Ensemble (OOF Stacking (RidgeCV, 5-fold))",ensemble,test,13,Nc1ccccc1C(=O)O,0.0,0.8677097322118008,
tdc_skin_reaction,"Ensemble (OOF Stacking (RidgeCV, 5-fold))",ensemble,test,14,O=Cc1ccccc1,0.0,0.84344933029337,
tdc_skin_reaction,"Ensemble (OOF Stacking (RidgeCV, 5-fold))",ensemble,test,15,CCOC(=O)c1ccc(N)cc1,0.0,0.8442902282927083,
tdc_skin_reaction,"Ensemble (OOF Stacking (RidgeCV, 5-fold))",ensemble,test,16,Clc1ccccc1,0.0,0.8261505456278841,
tdc_skin_reaction,"Ensemble (OOF Stacking (RidgeCV, 5-fold))",ensemble,test,17,CCOC(=O)c1ccccc1C(=O)OCC,0.0,0.8854222115961197,
tdc_skin_reaction,"Ensemble (OOF Stacking (RidgeCV, 5-fold))",ensemble,test,18,CCOC(=O)CC(=O)c1ccccc1,0.0,0.5619586644170853,
tdc_skin_reaction,"Ensemble (OOF Stacking (RidgeCV, 5-fold))",ensemble,test,19,CCOc1cc(C=O)ccc1O,0.0,0.7692132325202221,
tdc_skin_reaction,"Ensemble (OOF Stacking (RidgeCV, 5-fold))",ensemble,test,20,C=CCc1ccc(O)c(OC(C)C)c1,0.0,0.22394464636485442,
tdc_skin_reaction,"Ensemble (OOF Stacking (RidgeCV, 5-fold))",ensemble,test,21,CCC(=O)c1cccc(Cl)c1,0.0,0.35971516651789776,
tdc_skin_reaction,"Ensemble (OOF Stacking (RidgeCV, 5-fold))",ensemble,test,22,COC(=O)c1ccc(O)cc1,0.0,0.8697307049398847,
tdc_skin_reaction,"Ensemble (OOF Stacking (RidgeCV, 5-fold))",ensemble,test,23,COC(=O)c1ccccc1O,0.0,0.8716570810062676,
tdc_skin_reaction,"Ensemble (OOF Stacking (RidgeCV, 5-fold))",ensemble,test,24,CCOC(=O)C(Cc1ccc(O)cc1)NC(=O)OC(C)(C)C,0.0,0.38956591810942487,
tdc_skin_reaction,"Ensemble (OOF Stacking (RidgeCV, 5-fold))",ensemble,test,25,CCCOC(=O)c1ccc(O)cc1,0.0,0.875387644041967,
tdc_skin_reaction,"Ensemble (OOF Stacking (RidgeCV, 5-fold))",ensemble,test,26,O=C(O)c1ccccc1O,0.0,0.8667964348640298,
tdc_skin_reaction,"Ensemble (OOF Stacking (RidgeCV, 5-fold))",ensemble,test,27,Nc1ccc(S(N)(=O)=O)cc1,0.0,0.8136026542662935,
tdc_skin_reaction,"Ensemble (OOF Stacking (RidgeCV, 5-fold))",ensemble,test,28,Nc1ccc(S(=O)(=O)O)cc1,0.0,0.8396132737969636,
tdc_skin_reaction,"Ensemble (OOF Stacking (RidgeCV, 5-fold))",ensemble,test,29,CC(C)(C)OC(=O)c1cccc(N)c1,0.0,0.8370119989363478,
tdc_skin_reaction,"Ensemble (OOF Stacking (RidgeCV, 5-fold))",ensemble,test,30,COc1cc(C=O)ccc1O,0.0,0.8569735490202853,
tdc_skin_reaction,"Ensemble (OOF Stacking (RidgeCV, 5-fold))",ensemble,test,31,CC=Cc1ccc(OC)cc1,1.0,0.7674665618698343,
tdc_skin_reaction,"Ensemble (OOF Stacking (RidgeCV, 5-fold))",ensemble,test,32,CCCCCC(=O)CC(=O)c1ccccc1,1.0,0.5603502872751139,
tdc_skin_reaction,"Ensemble (OOF Stacking (RidgeCV, 5-fold))",ensemble,test,33,CCc1ccc(CC)c(C(=O)CC(C)=O)c1,1.0,0.3772714844394063,
tdc_skin_reaction,"Ensemble (OOF Stacking (RidgeCV, 5-fold))",ensemble,test,34,CC(=O)CC(=O)c1cc(C)ccc1C,1.0,0.33289153058082627,
tdc_skin_reaction,"Ensemble (OOF Stacking (RidgeCV, 5-fold))",ensemble,test,35,O=[N+]([O-])c1ccc(Cl)c([N+](=O)[O-])c1,1.0,0.8191398114628172,
tdc_skin_reaction,"Ensemble (OOF Stacking (RidgeCV, 5-fold))",ensemble,test,36,Nc1ccc(NCCO)c([N+](=O)[O-])c1,1.0,0.8125870667190858,
tdc_skin_reaction,"Ensemble (OOF Stacking (RidgeCV, 5-fold))",ensemble,test,37,Nc1ccc(OCCO)c(N)c1,1.0,0.8733466753611397,
tdc_skin_reaction,"Ensemble (OOF Stacking (RidgeCV, 5-fold))",ensemble,test,38,Nc1ccccc1O,1.0,0.8486570984559961,
tdc_skin_reaction,"Ensemble (OOF Stacking (RidgeCV, 5-fold))",ensemble,test,39,O=Cc1cc(O)ccc1Br,1.0,0.8671862170948235,
tdc_skin_reaction,"Ensemble (OOF Stacking (RidgeCV, 5-fold))",ensemble,test,40,COc1cc(C)ccc1O,1.0,0.8471447679145754,
tdc_skin_reaction,"Ensemble (OOF Stacking (RidgeCV, 5-fold))",ensemble,test,41,Nc1ccc(N)c([N+](=O)[O-])c1,1.0,0.7920137844312541,
tdc_skin_reaction,"Ensemble (OOF Stacking (RidgeCV, 5-fold))",ensemble,test,42,CCCCCCCCC(=O)NCCC(CCC(=O)O)c1ccccc1S(=O)(=O)O,1.0,0.45026965397904856,
tdc_skin_reaction,"Ensemble (OOF Stacking (RidgeCV, 5-fold))",ensemble,test,43,Nc1ccc(Cl)c(Cl)c1,1.0,0.8584835295378545,
tdc_skin_reaction,"Ensemble (OOF Stacking (RidgeCV, 5-fold))",ensemble,test,44,C=CCc1cc(C)c(OC)c(O)c1,1.0,0.27691392682851035,
tdc_skin_reaction,"Ensemble (OOF Stacking (RidgeCV, 5-fold))",ensemble,test,45,O=C(CC(=O)C(F)(F)F)c1ccccc1,1.0,0.4777217246705717,
tdc_skin_reaction,"Ensemble (OOF Stacking (RidgeCV, 5-fold))",ensemble,test,46,C=CCc1ccc(OC)cc1,1.0,0.23756935623279354,
tdc_skin_reaction,"Ensemble (OOF Stacking (RidgeCV, 5-fold))",ensemble,test,47,CNc1ccc(O)cc1,1.0,0.8513257269761338,
tdc_skin_reaction,"Ensemble (OOF Stacking (RidgeCV, 5-fold))",ensemble,test,48,Nc1ccc(N)cc1,1.0,0.8463209833092338,
tdc_skin_reaction,"Ensemble (OOF Stacking (RidgeCV, 5-fold))",ensemble,test,49,Cc1ccc(N)cc1O,1.0,0.8194514269987946,
tdc_skin_reaction,"Ensemble (OOF Stacking (RidgeCV, 5-fold))",ensemble,test,50,C=CCc1cc(OC)c(O)cc1C,1.0,0.24194885698210744,
tdc_skin_reaction,"Ensemble (OOF Stacking (RidgeCV, 5-fold))",ensemble,test,51,C=CCc1cc(C)c(O)c(OC)c1,1.0,0.24212104226792466,
tdc_skin_reaction,"Ensemble (OOF Stacking (RidgeCV, 5-fold))",ensemble,test,52,CC=Cc1cc(C)c(O)c(OC)c1,1.0,0.8197879401786429,
tdc_skin_reaction,"Ensemble (OOF Stacking (RidgeCV, 5-fold))",ensemble,test,53,CCCCCC(C=O)=Cc1ccccc1,1.0,0.8291474636295033,
tdc_skin_reaction,"Ensemble (OOF Stacking (RidgeCV, 5-fold))",ensemble,test,54,CCCCC(C=O)=Cc1ccccc1,1.0,0.821223255555756,
tdc_skin_reaction,"Ensemble (OOF Stacking (RidgeCV, 5-fold))",ensemble,test,55,CCCCCCC(C=O)=Cc1ccccc1,1.0,0.8363303127725913,
tdc_skin_reaction,"Ensemble (OOF Stacking (RidgeCV, 5-fold))",ensemble,test,56,CC(C=O)=Cc1ccccc1,1.0,0.8660201010907664,
tdc_skin_reaction,"Ensemble (OOF Stacking (RidgeCV, 5-fold))",ensemble,test,57,CC(C=O)c1ccccc1,1.0,0.8113837200587521,
tdc_skin_reaction,"Ensemble (OOF Stacking (RidgeCV, 5-fold))",ensemble,test,58,Nc1ccccc1,1.0,0.8295129651927774,
tdc_skin_reaction,"Ensemble (OOF Stacking (RidgeCV, 5-fold))",ensemble,test,59,BrCc1ccccc1,1.0,0.8249233233118496,
tdc_skin_reaction,"Ensemble (OOF Stacking (RidgeCV, 5-fold))",ensemble,test,60,CC(=O)C=Cc1ccccc1,1.0,0.8407600400319925,
tdc_skin_reaction,"Ensemble (OOF Stacking (RidgeCV, 5-fold))",ensemble,test,61,OCC=Cc1ccccc1,1.0,0.8570155389927694,
tdc_skin_reaction,"Ensemble (OOF Stacking (RidgeCV, 5-fold))",ensemble,test,62,O=CC=Cc1ccccc1,1.0,0.8599560846093277,
tdc_skin_reaction,"Ensemble (OOF Stacking (RidgeCV, 5-fold))",ensemble,test,63,CC(C=O)Cc1ccc(C(C)C)cc1,1.0,0.7918470330884843,
tdc_skin_reaction,"Ensemble (OOF Stacking (RidgeCV, 5-fold))",ensemble,test,64,CCCc1ccc(O)c(OC)c1,1.0,0.708687560939958,
tdc_skin_reaction,"Ensemble (OOF Stacking (RidgeCV, 5-fold))",ensemble,test,65,CC=CC(=O)Oc1c(C(C)CCCCCC)cc([N+](=O)[O-])cc1[N+](=O)[O-],1.0,0.8471483963125045,
tdc_skin_reaction,"Ensemble (OOF Stacking (RidgeCV, 5-fold))",ensemble,test,66,C=CCc1ccc(O)c(OC)c1,1.0,0.23323689573017928,
tdc_skin_reaction,"Ensemble (OOF Stacking (RidgeCV, 5-fold))",ensemble,test,67,CC=Cc1ccc(O)c(OC)c1,1.0,0.8037679885902485,
tdc_skin_reaction,"Ensemble (OOF Stacking (RidgeCV, 5-fold))",ensemble,test,68,CC=Cc1ccc(O)c(OC(C)C)c1,1.0,0.8003115145826385,
tdc_skin_reaction,"Ensemble (OOF Stacking (RidgeCV, 5-fold))",ensemble,test,69,CCCCCCCCCCCCOC(=O)c1cc(O)c(O)c(O)c1,1.0,0.8708152270029816,
tdc_skin_reaction,"Ensemble (OOF Stacking (RidgeCV, 5-fold))",ensemble,test,70,CNc1cccc(NC)c1,1.0,0.8579757629866928,
tdc_skin_reaction,"Ensemble (OOF Stacking (RidgeCV, 5-fold))",ensemble,test,71,COc1ccc(NC(=O)CC(C)=O)cc1,1.0,0.7970903400555859,
tdc_skin_reaction,"Ensemble (OOF Stacking (RidgeCV, 5-fold))",ensemble,test,72,Oc1cccc(O)c1,1.0,0.8220007416589286,
tdc_skin_reaction,"Ensemble (OOF Stacking (RidgeCV, 5-fold))",ensemble,test,73,COc1ccc(C=O)cc1OC,1.0,0.7399703750476219,
tdc_skin_reaction,"Ensemble (OOF Stacking (RidgeCV, 5-fold))",ensemble,test,74,O=Cc1cc(O)ccc1C=C(CC(=O)O)C(=O)O,1.0,0.24995039890101842,
tdc_skin_reaction,"Ensemble (OOF Stacking (RidgeCV, 5-fold))",ensemble,test,75,CC(=O)CC(=O)c1cc(C)c(C)c(C)c1C,1.0,0.3908457408184873,
tdc_skin_reaction,"Ensemble (OOF Stacking (RidgeCV, 5-fold))",ensemble,test,76,CCC(=O)C=Cc1ccc(OC)cc1,1.0,0.7384324427179032,
tdc_skin_reaction,"Ensemble (OOF Stacking (RidgeCV, 5-fold))",ensemble,test,77,Oc1ccc(O)cc1,1.0,0.8430593075986822,
tdc_skin_reaction,"Ensemble (OOF Stacking (RidgeCV, 5-fold))",ensemble,test,78,CC(=O)C(=O)c1ccccc1,1.0,0.8406355999979545,
tdc_skin_reaction,"Ensemble (OOF Stacking (RidgeCV, 5-fold))",ensemble,test,79,CC(=O)C(C)C(=O)c1ccccc1,1.0,0.7397567054058871,
tdc_skin_reaction,"Ensemble (OOF Stacking (RidgeCV, 5-fold))",ensemble,test,80,O=[N+]([O-])c1ccc(S(=O)(=O)O)c([N+](=O)[O-])c1,1.0,0.8354707033937157,
tdc_skin_reaction,"Ensemble (OOF Stacking (RidgeCV, 5-fold))",ensemble,test,81,Cc1cc(N)ccc1N,1.0,0.8597024951072015,
tdc_skin_reaction,"Ensemble (OOF Stacking (RidgeCV, 5-fold))",ensemble,test,82,Nc1cc([N+](=O)[O-])cc(Cl)c1O,1.0,0.8447669542577629,
tdc_skin_reaction,"Ensemble (OOF Stacking (RidgeCV, 5-fold))",ensemble,test,83,Cc1ccc(NCCO)cc1O,1.0,0.7365696886534083,
tdc_skin_reaction,"Ensemble (OOF Stacking (RidgeCV, 5-fold))",ensemble,test,84,Nc1cccc(O)c1,1.0,0.8460765175485618,
tdc_skin_reaction,"Ensemble (OOF Stacking (RidgeCV, 5-fold))",ensemble,test,85,O=C(Cl)c1ccc(F)c(Cl)c1,1.0,0.8186947082819375,
tdc_skin_reaction,"Ensemble (OOF Stacking (RidgeCV, 5-fold))",ensemble,test,86,CCOC(=O)CC(=O)c1cc(C)c(C)c(C)c1C,1.0,0.4790427538059921,
tdc_skin_reaction,"Ensemble (OOF Stacking (RidgeCV, 5-fold))",ensemble,test,87,CC=Cc1ccc(O)c(OC)c1C,1.0,0.8025931880240579,
tdc_skin_reaction,"Ensemble (OOF Stacking (RidgeCV, 5-fold))",ensemble,test,88,Nc1cccc(N)c1,1.0,0.8472228849360369,
tdc_skin_reaction,"Ensemble (OOF Stacking (RidgeCV, 5-fold))",ensemble,test,89,CCOC(=O)c1ccc(CBr)cc1,1.0,0.8676826608041823,
tdc_skin_reaction,"Ensemble (OOF Stacking (RidgeCV, 5-fold))",ensemble,test,90,CCN(CCNS(C)(=O)=O)c1ccc(N)c(C)c1,1.0,0.8211195747203233,
tdc_skin_reaction,"Ensemble (OOF Stacking (RidgeCV, 5-fold))",ensemble,test,91,N#CSc1ccc(N)c([N+](=O)[O-])c1,1.0,0.3579879628187438,
tdc_skin_reaction,"Ensemble (OOF Stacking (RidgeCV, 5-fold))",ensemble,test,92,O=[N+]([O-])c1ccc(CBr)cc1,1.0,0.8260132223423773,
tdc_skin_reaction,"Ensemble (OOF Stacking (RidgeCV, 5-fold))",ensemble,test,93,CC(C)CC=C(C=O)c1ccccc1,1.0,0.8574422800922571,
tdc_skin_reaction,"Ensemble (OOF Stacking (RidgeCV, 5-fold))",ensemble,test,94,CCCCCCCCCCCCCC[N+](C)(C)Cc1ccccc1,1.0,0.8856584513981052,
tdc_skin_reaction,"Ensemble (OOF Stacking (RidgeCV, 5-fold))",ensemble,test,95,N#Cc1c(Cl)c(Cl)c(Cl)c(C#N)c1Cl,1.0,0.8733913162297062,
tdc_skin_reaction,"Ensemble (OOF Stacking (RidgeCV, 5-fold))",ensemble,test,96,CCCc1ccc(OC)c(O)c1,1.0,0.7662252176125504,
tdc_skin_reaction,"Ensemble (OOF Stacking (RidgeCV, 5-fold))",ensemble,test,97,CCOC(=O)c1ccc(I)cc1,1.0,0.8364311468796654,
tdc_skin_reaction,"Ensemble (OOF Stacking (RidgeCV, 5-fold))",ensemble,test,98,CC=Cc1ccc(OC(C)C)c(OC)c1,1.0,0.8275269972352404,
tdc_skin_reaction,"Ensemble (OOF Stacking (RidgeCV, 5-fold))",ensemble,test,99,COC(=O)c1ccc(CBr)cc1,1.0,0.8649845005866803,
tdc_skin_reaction,"Ensemble (OOF Stacking (RidgeCV, 5-fold))",ensemble,test,100,NCc1cccc(CN)c1,1.0,0.7247566816073228,
tdc_skin_reaction,"Ensemble (OOF Stacking (RidgeCV, 5-fold))",ensemble,test,101,CC(C)N(C(=N)N)C(=N)Nc1ccc(Cl)c(Cl)c1,1.0,0.803358736497254,
tdc_skin_reaction,"Ensemble (OOF Stacking (RidgeCV, 5-fold))",ensemble,test,102,Oc1c(Cl)c(Cl)c(Cl)c(Cl)c1Cl,1.0,0.8682991912438054,
tdc_skin_reaction,"Ensemble (OOF Stacking (RidgeCV, 5-fold))",ensemble,test,103,O=CCc1ccccc1,1.0,0.8477103537146332,
tdc_skin_reaction,"Ensemble (OOF Stacking (RidgeCV, 5-fold))",ensemble,test,104,Cc1ccc(CCC=O)cc1,1.0,0.8290406357453359,
tdc_skin_reaction,"Ensemble (OOF Stacking (RidgeCV, 5-fold))",ensemble,test,105,CC(C=O)Cc1ccc(C(C)(C)C)cc1,1.0,0.8072060692410754,
tdc_skin_reaction,"Ensemble (OOF Stacking (RidgeCV, 5-fold))",ensemble,test,106,CC(CC(=O)Oc1ccc(S(=O)(=O)O)cc1)CC(C)(C)C,1.0,0.8633178137496959,
tdc_skin_reaction,"Ensemble (OOF Stacking (RidgeCV, 5-fold))",ensemble,test,107,CCCN(CCC)c1c([N+](=O)[O-])cc(C(F)(F)F)cc1[N+](=O)[O-],1.0,0.803119021579538,
tdc_skin_reaction,"Ensemble (OOF Stacking (RidgeCV, 5-fold))",ensemble,test,108,CCOC(=O)C(C)(C)Oc1ccc(Cl)cc1,0.0,0.8834386201769331,
tdc_skin_reaction,"Ensemble (OOF Stacking (RidgeCV, 5-fold))",ensemble,test,109,Cc1cccc(O)c1O,1.0,0.859951398997367,
tdc_skin_reaction,"Ensemble (OOF Stacking (RidgeCV, 5-fold))",ensemble,test,110,Cc1cc(O)ccc1N,1.0,0.8590327150046911,
tdc_skin_reaction,"Ensemble (OOF Stacking (RidgeCV, 5-fold))",ensemble,test,111,O=C(O)Cc1ccc(C(=O)O)cc1,1.0,0.36583135240446407,
tdc_skin_reaction,"Ensemble (OOF Stacking (RidgeCV, 5-fold))",ensemble,test,112,Nc1ccc(N(CO)CCO)cc1[N+](=O)[O-],1.0,0.6990452781686192,
tdc_skin_reaction,"Ensemble (OOF Stacking (RidgeCV, 5-fold))",ensemble,test,113,CN(C)c1ccc(N=O)cc1,1.0,0.8590016599873864,
tdc_skin_reaction,"Ensemble (OOF Stacking (RidgeCV, 5-fold))",ensemble,test,114,CCCOC(=O)c1cc(O)c(O)c(O)c1,1.0,0.8265766163133363,
tdc_skin_reaction,Ensemble (Weighted average (inverse OOF error)),ensemble,train,0,CC(=O)OCC(=O)C1(O)C(C)CC2C3CCC4=CC(=O)C=CC4(C)C3=CCC21C,0.0,0.30893808138005874,
tdc_skin_reaction,Ensemble (Weighted average (inverse OOF error)),ensemble,train,1,CCCOc1ccc(Br)c(C(=O)c2ccc(OC)cc2O)c1,0.0,0.4143718686445017,
tdc_skin_reaction,Ensemble (Weighted average (inverse OOF error)),ensemble,train,2,CC=C(C)C=O,0.0,0.6700847409495967,
tdc_skin_reaction,Ensemble (Weighted average (inverse OOF error)),ensemble,train,3,O=C1C([PH](c2ccccc2)(c2ccccc2)c2ccccc2)CCN1c1ccccc1,0.0,0.5331764701815722,
tdc_skin_reaction,Ensemble (Weighted average (inverse OOF error)),ensemble,train,4,C=C(C=CCC(C)C)CC,0.0,0.7266832729804681,
tdc_skin_reaction,Ensemble (Weighted average (inverse OOF error)),ensemble,train,5,C=CC1(C)CC(OC(=O)CSC2CC3CCC(C2)N3C)C2(C)C(C)CCC3(CCC(=O)C32)C(C)C1O,0.0,0.3736260867345486,
tdc_skin_reaction,Ensemble (Weighted average (inverse OOF error)),ensemble,train,6,CCCCc1ccc(C(=O)CC(=O)c2cc(C)c(C)c(C)c2C)cc1,0.0,0.38479419849345553,
tdc_skin_reaction,Ensemble (Weighted average (inverse OOF error)),ensemble,train,7,CC(C)(CC1Cc2ccccc2C1)NCC(O)COc1cc(CCC(=O)O)cc(F)c1F,0.0,0.2859577625358974,
tdc_skin_reaction,Ensemble (Weighted average (inverse OOF error)),ensemble,train,8,CCOc1ccc(C(=O)Cc2ccc(S(C)(=O)=O)cc2)cc1,0.0,0.4166777470506571,
tdc_skin_reaction,Ensemble (Weighted average (inverse OOF error)),ensemble,train,9,CC(C)(C)OC(=O)N1CC(F)CC1C(N)=O,0.0,0.5127814720660105,
tdc_skin_reaction,Ensemble (Weighted average (inverse OOF error)),ensemble,train,10,CC(C)(C)OC(=O)N1CC(F)CC1C(=O)O,0.0,0.46856795431645937,
tdc_skin_reaction,Ensemble (Weighted average (inverse OOF error)),ensemble,train,11,Cc1nc(COc2ccc(CC(NC(=O)OC(C)(C)C)C3CO3)cc2)cs1,0.0,0.2986482324820322,
tdc_skin_reaction,Ensemble (Weighted average (inverse OOF error)),ensemble,train,12,CC(C)(C)OC(=O)NC(C(=O)N1CC(F)CC1C#N)C(c1ccc(F)cc1)c1ccc(F)cc1,0.0,0.2571201200543381,
tdc_skin_reaction,Ensemble (Weighted average (inverse OOF error)),ensemble,train,13,O=c1[nH]c(=S)[nH]c2c1CCC2,0.0,0.49420048139895123,
tdc_skin_reaction,Ensemble (Weighted average (inverse OOF error)),ensemble,train,14,Cc1ccc(C)c(C(=O)CC(=O)c2cc(C)ccc2C)c1,0.0,0.3835702390815946,
tdc_skin_reaction,Ensemble (Weighted average (inverse OOF error)),ensemble,train,15,CC1C(c2ccccc2)NC(=O)N1C,0.0,0.4499854251881192,
tdc_skin_reaction,Ensemble (Weighted average (inverse OOF error)),ensemble,train,16,CCCOc1ccc2c(c1)C(O)(c1ccc(OC)cc1OCc1ccccc1)C(C(=O)N1C(=O)N(C)C(C)C1c1ccccc1)C2c1ccc2c(c1)OCO2,0.0,0.43848042429389356,
tdc_skin_reaction,Ensemble (Weighted average (inverse OOF error)),ensemble,train,17,N#CC1CC(F)CN1C(=O)C(N)C(c1ccc(F)cc1)c1ccc(F)cc1,0.0,0.2775009016906877,
tdc_skin_reaction,Ensemble (Weighted average (inverse OOF error)),ensemble,train,18,CCCOc1ccc(C=CC(=O)N2C(=O)N(C)C(C)C2c2ccccc2)c(C(=O)c2ccc(OC)cc2OCc2ccccc2)c1,0.0,0.2213033127677287,
tdc_skin_reaction,Ensemble (Weighted average (inverse OOF error)),ensemble,train,19,COc1ccc(C2(C#N)CCC(=O)CC2)cc1OC1CCCC1,0.0,0.31277088667290787,
tdc_skin_reaction,Ensemble (Weighted average (inverse OOF error)),ensemble,train,20,CC(=O)c1ccc(Cc2ccc(F)cc2)o1,0.0,0.4756293875892949,
tdc_skin_reaction,Ensemble (Weighted average (inverse OOF error)),ensemble,train,21,CCOc1ccc(-c2nn3ncccc3c2-c2ccc(S(C)(=O)=O)cc2)cc1,0.0,0.3111651357095364,
tdc_skin_reaction,Ensemble (Weighted average (inverse OOF error)),ensemble,train,22,CC(=O)CCCN1C(=O)c2ccccc2C1=O,0.0,0.634257271912872,
tdc_skin_reaction,Ensemble (Weighted average (inverse OOF error)),ensemble,train,23,CC(C)(C)N(Cc1ccccc1)CC(O)c1ccc(O)c(CO)c1,0.0,0.4115567526453741,
tdc_skin_reaction,Ensemble (Weighted average (inverse OOF error)),ensemble,train,24,Cc1nc(COc2ccc(CC(NC(=O)OC3COC4OCCC34)C(O)CN(CC(C)C)S(=O)(=O)c3ccc4c(c3)OCO4)cc2)cs1,0.0,0.1618594753102091,
tdc_skin_reaction,Ensemble (Weighted average (inverse OOF error)),ensemble,train,25,CC(C)N(C(=O)Cn1c(=O)c(=NOCc2ccccc2)c(=O)n(-c2ccccc2)c2ccccc21)c1ccccc1,0.0,0.335797103880755,
tdc_skin_reaction,Ensemble (Weighted average (inverse OOF error)),ensemble,train,26,Cc1c2ccc(N)cc2nn1C,0.0,0.4197711156315932,
tdc_skin_reaction,Ensemble (Weighted average (inverse OOF error)),ensemble,train,27,COc1cc(C)c2c(Oc3cccc(C(F)(F)F)c3)c(OC)cc(N)c2n1,0.0,0.20580094349922076,
tdc_skin_reaction,Ensemble (Weighted average (inverse OOF error)),ensemble,train,28,COc1cc(C)c2c(Oc3cccc(C(F)(F)F)c3)c(OC)cc(NC(C)CCCN3C(=O)c4ccccc4C3=O)c2n1,0.0,0.34570003649885306,
tdc_skin_reaction,Ensemble (Weighted average (inverse OOF error)),ensemble,train,29,CC(=O)C1CCCCC1=O,0.0,0.6052420305558341,
tdc_skin_reaction,Ensemble (Weighted average (inverse OOF error)),ensemble,train,30,CS(=O)(=O)CCN,0.0,0.7282421045371708,
tdc_skin_reaction,Ensemble (Weighted average (inverse OOF error)),ensemble,train,31,COc1ccc2nc(Cl)cc(C)c2c1,0.0,0.3859085422510019,
tdc_skin_reaction,Ensemble (Weighted average (inverse OOF error)),ensemble,train,32,C=C(C)C(=O)OCC(C)O,0.0,0.6753817323478168,
tdc_skin_reaction,Ensemble (Weighted average (inverse OOF error)),ensemble,train,33,CCC(C)C1C(=O)NC(C2Cc3ccccc3C2)C(=O)N1C(C(=O)N1CCOCC1)c1coc(C)n1,0.0,0.2730528926826303,
tdc_skin_reaction,Ensemble (Weighted average (inverse OOF error)),ensemble,train,34,CC(C)N(C(=O)CN1C(=O)C(N)C(=O)N(c2ccccc2)c2ccccc21)c1ccccc1,0.0,0.4291749463379715,
tdc_skin_reaction,Ensemble (Weighted average (inverse OOF error)),ensemble,train,35,O=C(O)c1c(O)c(-c2ccccc2)nc2ccccc12,0.0,0.31468395606595384,
tdc_skin_reaction,Ensemble (Weighted average (inverse OOF error)),ensemble,train,36,CC1C=CC(C(C)C)CC1,0.0,0.7685892481451284,
tdc_skin_reaction,Ensemble (Weighted average (inverse OOF error)),ensemble,train,37,O=Cc1ccc(-c2ccc(C(F)(F)F)cc2)cc1,0.0,0.6006897883720349,
tdc_skin_reaction,Ensemble (Weighted average (inverse OOF error)),ensemble,train,38,CCCCN1C(=O)C(C(O)C2CCCCC2)NC(=O)C12CCN(Cc1ccc(Oc3ccc(C(=O)O)cc3)cc1)CC2,0.0,0.16586825731648744,
tdc_skin_reaction,Ensemble (Weighted average (inverse OOF error)),ensemble,train,39,COc1ccc(C2(C#N)CCC(C(=O)O)CC2)cc1OC1CCCC1,0.0,0.30869287488521635,
tdc_skin_reaction,Ensemble (Weighted average (inverse OOF error)),ensemble,train,40,NC(=O)C1CC(F)CN1,0.0,0.6270818427732245,
tdc_skin_reaction,Ensemble (Weighted average (inverse OOF error)),ensemble,train,41,C=C1CC(C(=C)C)CCC1C,0.0,0.6538529590975718,
tdc_skin_reaction,Ensemble (Weighted average (inverse OOF error)),ensemble,train,42,C=C1CCC(C(C)C)CC1,0.0,0.8122883413803694,
tdc_skin_reaction,Ensemble (Weighted average (inverse OOF error)),ensemble,train,43,Cc1ccc(Nc2nccc(N(C)c3ccc4c(C)n(C)nc4c3)n2)cc1S(N)(=O)=O,0.0,0.27915368691566755,
tdc_skin_reaction,Ensemble (Weighted average (inverse OOF error)),ensemble,train,44,COc1cc(C)c2c(Cl)c(OC)ccc2n1,0.0,0.3430529029783898,
tdc_skin_reaction,Ensemble (Weighted average (inverse OOF error)),ensemble,train,45,Cc1cc2c(cc1C(F)(F)F)NCC2,0.0,0.5000611372156151,
tdc_skin_reaction,Ensemble (Weighted average (inverse OOF error)),ensemble,train,46,OCCCCCCCl,0.0,0.7895463971289226,
tdc_skin_reaction,Ensemble (Weighted average (inverse OOF error)),ensemble,train,47,C=CC1(C)CC(OC(=O)CO)C2(C)C(C)CCC3(CCC(=O)C32)C(C)C1O,0.0,0.26453289451780615,
tdc_skin_reaction,Ensemble (Weighted average (inverse OOF error)),ensemble,train,48,O=c1[nH]cnc2ccc(I)cc12,0.0,0.513620097197949,
tdc_skin_reaction,Ensemble (Weighted average (inverse OOF error)),ensemble,train,49,COc1ccc2[nH]c(=O)cc(C)c2c1,0.0,0.3609068593875876,
tdc_skin_reaction,Ensemble (Weighted average (inverse OOF error)),ensemble,train,50,COc1cc(N)c2nccc(C)c2c1,0.0,0.378499222833378,
tdc_skin_reaction,Ensemble (Weighted average (inverse OOF error)),ensemble,train,51,Cc1ccc2oc(=O)ccc2c1,0.0,0.5586531196804067,
tdc_skin_reaction,Ensemble (Weighted average (inverse OOF error)),ensemble,train,52,COc1ccc(Nc2ccc(CCNCC(O)c3ccc(O)c4[nH]c(=O)ccc34)cc2)cc1-c1ccccc1,0.0,0.25517935033748007,
tdc_skin_reaction,Ensemble (Weighted average (inverse OOF error)),ensemble,train,53,O=C(O)CCCCC(=O)O,0.0,0.4325023812606259,
tdc_skin_reaction,Ensemble (Weighted average (inverse OOF error)),ensemble,train,54,CCNc1nc(Cl)nc(NC(C)C)n1,0.0,0.6336331985743511,
tdc_skin_reaction,Ensemble (Weighted average (inverse OOF error)),ensemble,train,55,CCCCBr,0.0,0.770199460012948,
tdc_skin_reaction,Ensemble (Weighted average (inverse OOF error)),ensemble,train,56,CCCCCCCCCBr,0.0,0.6821164159506707,
tdc_skin_reaction,Ensemble (Weighted average (inverse OOF error)),ensemble,train,57,C=C1CC=C(C(C)C)CC1,0.0,0.8068783262964119,
tdc_skin_reaction,Ensemble (Weighted average (inverse OOF error)),ensemble,train,58,CCCCO,0.0,0.635076021442522,
tdc_skin_reaction,Ensemble (Weighted average (inverse OOF error)),ensemble,train,59,CCCCCCCCCCl,0.0,0.6784440021986549,
tdc_skin_reaction,Ensemble (Weighted average (inverse OOF error)),ensemble,train,60,CCC1OC(=O)C(C)C(OC2CC(C)(OC)C(O)C(C)O2)C(C)C(OC2OC(C)CC(N(C)C)C2O)C(C)(OC)CC(C)C(=O)C(C)C(O)C1(C)O,0.0,0.34786195681653564,
tdc_skin_reaction,Ensemble (Weighted average (inverse OOF error)),ensemble,train,61,O=c1ccc2ccccc2o1,0.0,0.4205018027178594,
tdc_skin_reaction,Ensemble (Weighted average (inverse OOF error)),ensemble,train,62,Nc1cc[nH]c(=O)n1,0.0,0.6032527325671914,
tdc_skin_reaction,Ensemble (Weighted average (inverse OOF error)),ensemble,train,63,COC(=O)CCC(C#N)(CCC(=O)OC)c1ccc(OC)c(OC2CCCC2)c1,0.0,0.25431414154251497,
tdc_skin_reaction,Ensemble (Weighted average (inverse OOF error)),ensemble,train,64,COC(=O)OC,0.0,0.6767289222738802,
tdc_skin_reaction,Ensemble (Weighted average (inverse OOF error)),ensemble,train,65,CCOC(=O)C(=NOC(C)(C)C(=O)OC(C)(C)C)c1csc(NC(c2ccccc2)(c2ccccc2)c2ccccc2)n1,0.0,0.5291007576332873,
tdc_skin_reaction,Ensemble (Weighted average (inverse OOF error)),ensemble,train,66,CCOC(=O)c1nnc[nH]1,0.0,0.47981981688773645,
tdc_skin_reaction,Ensemble (Weighted average (inverse OOF error)),ensemble,train,67,CCOC(=O)CC(=O)c1cc(F)c(Cl)nc1Cl,0.0,0.49294575787597134,
tdc_skin_reaction,Ensemble (Weighted average (inverse OOF error)),ensemble,train,68,O=C(O)C=CC(=O)O,0.0,0.4210056913270585,
tdc_skin_reaction,Ensemble (Weighted average (inverse OOF error)),ensemble,train,69,O=C(C(=O)c1ccco1)c1ccco1,0.0,0.4362579906333208,
tdc_skin_reaction,Ensemble (Weighted average (inverse OOF error)),ensemble,train,70,OCC(O)CO,0.0,0.6177288987600038,
tdc_skin_reaction,Ensemble (Weighted average (inverse OOF error)),ensemble,train,71,CCCCCC,0.0,0.8133665800881829,
tdc_skin_reaction,Ensemble (Weighted average (inverse OOF error)),ensemble,train,72,CCCCCCI,0.0,0.8222561393159942,
tdc_skin_reaction,Ensemble (Weighted average (inverse OOF error)),ensemble,train,73,CCCCCCCCCCCCCCCCCCI,0.0,0.8106001328584482,
tdc_skin_reaction,Ensemble (Weighted average (inverse OOF error)),ensemble,train,74,CC(C)O,0.0,0.7740843232093233,
tdc_skin_reaction,Ensemble (Weighted average (inverse OOF error)),ensemble,train,75,CC(C)N(C#N)C#N,0.0,0.5668031429287842,
tdc_skin_reaction,Ensemble (Weighted average (inverse OOF error)),ensemble,train,76,NCC1OC(OC2C(N)CC(N)C(OC3OC(CO)C(O)C(N)C3O)C2O)C(O)C(O)C1O,0.0,0.4353132297192901,
tdc_skin_reaction,Ensemble (Weighted average (inverse OOF error)),ensemble,train,77,CC(O)C(=O)O,0.0,0.5534861667605857,
tdc_skin_reaction,Ensemble (Weighted average (inverse OOF error)),ensemble,train,78,Cc1c2ccc(Nc3ccnc(Cl)n3)cc2nn1C,0.0,0.37979000572523175,
tdc_skin_reaction,Ensemble (Weighted average (inverse OOF error)),ensemble,train,79,Cc1c2ccc(N(C)c3ccnc(Cl)n3)cc2nn1C,0.0,0.37874191963572423,
tdc_skin_reaction,Ensemble (Weighted average (inverse OOF error)),ensemble,train,80,CCCCN1CCC(CNC(=O)c2c3n(c4ccccc24)CCCO3)CC1,0.0,0.32786092839822667,
tdc_skin_reaction,Ensemble (Weighted average (inverse OOF error)),ensemble,train,81,CC(C)(C)OC(=O)NC(C(=O)O)C(c1ccc(F)cc1)c1ccc(F)cc1,0.0,0.377786270320224,
tdc_skin_reaction,Ensemble (Weighted average (inverse OOF error)),ensemble,train,82,O=CNc1cc(C(O)CBr)ccc1OCc1ccccc1,0.0,0.2778459006013651,
tdc_skin_reaction,Ensemble (Weighted average (inverse OOF error)),ensemble,train,83,CCCCCCCC(=O)O,0.0,0.7096778893913627,
tdc_skin_reaction,Ensemble (Weighted average (inverse OOF error)),ensemble,train,84,CCOc1cc(Oc2ccc(C(F)(F)F)cc2Cl)ccc1[N+](=O)[O-],0.0,0.37609446516453243,
tdc_skin_reaction,Ensemble (Weighted average (inverse OOF error)),ensemble,train,85,C=CC(=O)OCC(CO)(COC(=O)C=C)COC(=O)C=C,0.0,0.3794419395652586,
tdc_skin_reaction,Ensemble (Weighted average (inverse OOF error)),ensemble,train,86,Cc1cc(F)ccc1C1CC(=O)C=CN1C(=O)OCc1ccccc1,0.0,0.32030633026018496,
tdc_skin_reaction,Ensemble (Weighted average (inverse OOF error)),ensemble,train,87,CC(O)CO,0.0,0.6602552675390633,
tdc_skin_reaction,Ensemble (Weighted average (inverse OOF error)),ensemble,train,88,Fc1ccc(Oc2ccnc3cc(Cl)cc(Cl)c23)cc1,0.0,0.34600106998762303,
tdc_skin_reaction,Ensemble (Weighted average (inverse OOF error)),ensemble,train,89,COC1C=COC2(C)Oc3c(C)c(O)c4c(O)c(cc(O)c4c3C2=O)NC(=O)C(C)=CC=CC(C)C(O)C(C)C(O)C(C)C(OC(C)=O)C1C,0.0,0.15206780289331112,
tdc_skin_reaction,Ensemble (Weighted average (inverse OOF error)),ensemble,train,90,O=C1NS(=O)(=O)c2ccccc21,0.0,0.650410875320058,
tdc_skin_reaction,Ensemble (Weighted average (inverse OOF error)),ensemble,train,91,O=C(O)CCC(=O)O,0.0,0.5681347430128416,
tdc_skin_reaction,Ensemble (Weighted average (inverse OOF error)),ensemble,train,92,O=C(O)C(O)C(O)C(=O)O,0.0,0.432191857261489,
tdc_skin_reaction,Ensemble (Weighted average (inverse OOF error)),ensemble,train,93,C=CC(=O)OCC(CC)(COC(=O)C=C)COC(=O)C=C,0.0,0.42297941791339466,
tdc_skin_reaction,Ensemble (Weighted average (inverse OOF error)),ensemble,train,94,C=C(Cl)Cl,0.0,0.7689999063543718,
tdc_skin_reaction,Ensemble (Weighted average (inverse OOF error)),ensemble,train,95,CCCCCCCC=CC=O,1.0,0.8518738749385935,
tdc_skin_reaction,Ensemble (Weighted average (inverse OOF error)),ensemble,train,96,O=c1[nH]sc2ccccc12,1.0,0.6573109973536637,
tdc_skin_reaction,Ensemble (Weighted average (inverse OOF error)),ensemble,train,97,N#CCCC(Br)(C#N)CBr,1.0,0.6362507003056521,
tdc_skin_reaction,Ensemble (Weighted average (inverse OOF error)),ensemble,train,98,C=CC(=O)N1C(=O)N(C)C(C)C1c1ccccc1,1.0,0.4391416213157612,
tdc_skin_reaction,Ensemble (Weighted average (inverse OOF error)),ensemble,train,99,C(CCCOCC1CO1)CCOCC1CO1,1.0,0.7773451010498438,
tdc_skin_reaction,Ensemble (Weighted average (inverse OOF error)),ensemble,train,100,OCCCCCCCCCCCCBr,1.0,0.871627921132082,
tdc_skin_reaction,Ensemble (Weighted average (inverse OOF error)),ensemble,train,101,O=C1C=CC2(O)C3Cc4ccc(O)c5c4C2(CCN3)C1O5,1.0,0.34512115037607016,
tdc_skin_reaction,Ensemble (Weighted average (inverse OOF error)),ensemble,train,102,CCCCCCCCCCCCCCCCCCCl,1.0,0.921218590748271,
tdc_skin_reaction,Ensemble (Weighted average (inverse OOF error)),ensemble,train,103,CCCCCCCCCCI,1.0,0.7597871346324541,
tdc_skin_reaction,Ensemble (Weighted average (inverse OOF error)),ensemble,train,104,CN(N=O)C(=N)N[N+](=O)[O-],1.0,0.6954450577839406,
tdc_skin_reaction,Ensemble (Weighted average (inverse OOF error)),ensemble,train,105,Oc1cccc2ccccc12,1.0,0.7159710664533863,
tdc_skin_reaction,Ensemble (Weighted average (inverse OOF error)),ensemble,train,106,CCCC=CC=O,1.0,0.6986362237865211,
tdc_skin_reaction,Ensemble (Weighted average (inverse OOF error)),ensemble,train,107,CN(C)CCOC(C)(c1ccccc1)c1ccc(Br)cc1,1.0,0.6414897797777825,
tdc_skin_reaction,Ensemble (Weighted average (inverse OOF error)),ensemble,train,108,CC(C)(C)N(CC(=O)c1ccc(O)c(CO)c1)Cc1ccccc1,1.0,0.5312111265112771,
tdc_skin_reaction,Ensemble (Weighted average (inverse OOF error)),ensemble,train,109,C=CC(=O)OCC(CC)CCCC,1.0,0.7912044923252088,
tdc_skin_reaction,Ensemble (Weighted average (inverse OOF error)),ensemble,train,110,C=CC(=O)OCCO,1.0,0.734798486860812,
tdc_skin_reaction,Ensemble (Weighted average (inverse OOF error)),ensemble,train,111,Sc1nc2ccccc2s1,1.0,0.6766708852499386,
tdc_skin_reaction,Ensemble (Weighted average (inverse OOF error)),ensemble,train,112,CCCCCCCCCC(C)C=O,1.0,0.8341397035980738,
tdc_skin_reaction,Ensemble (Weighted average (inverse OOF error)),ensemble,train,113,CC(CC(=O)Cl)CC(C)(C)C,1.0,0.7012092676321937,
tdc_skin_reaction,Ensemble (Weighted average (inverse OOF error)),ensemble,train,114,CC1(C)CC(CBr)C(=O)O1,1.0,0.7725876453130462,
tdc_skin_reaction,Ensemble (Weighted average (inverse OOF error)),ensemble,train,115,CN(C)CCCN,1.0,0.7658026905414391,
tdc_skin_reaction,Ensemble (Weighted average (inverse OOF error)),ensemble,train,116,Nc1cc(F)cc(-c2cccnc2)c1,1.0,0.5807914152969487,
tdc_skin_reaction,Ensemble (Weighted average (inverse OOF error)),ensemble,train,117,Cn1sc(Cl)cc1=O,1.0,0.6514186918839588,
tdc_skin_reaction,Ensemble (Weighted average (inverse OOF error)),ensemble,train,118,CC(=O)C(=O)CC(C)C,1.0,0.6635376175380858,
tdc_skin_reaction,Ensemble (Weighted average (inverse OOF error)),ensemble,train,119,C=CCC1(C)C=C(OC)C(=O)CC1,1.0,0.6802967253867747,
tdc_skin_reaction,Ensemble (Weighted average (inverse OOF error)),ensemble,train,120,CCN(CC)CCCCCCO,1.0,0.7971851883179749,
tdc_skin_reaction,Ensemble (Weighted average (inverse OOF error)),ensemble,train,121,CCC=CCCCCC=O,1.0,0.8252164004596674,
tdc_skin_reaction,Ensemble (Weighted average (inverse OOF error)),ensemble,train,122,O=C(O)c1ccc2c(c1)C(=O)OC2=O,1.0,0.6523422674225932,
tdc_skin_reaction,Ensemble (Weighted average (inverse OOF error)),ensemble,train,123,O=C(OCc1ccccc1)c1ccccc1,1.0,0.6882931760840768,
tdc_skin_reaction,Ensemble (Weighted average (inverse OOF error)),ensemble,train,124,CC(C)(c1ccc(OCC2CO2)cc1)c1ccc(OCC2CO2)cc1,1.0,0.5841503581697843,
tdc_skin_reaction,Ensemble (Weighted average (inverse OOF error)),ensemble,train,125,C=C1C=CC(C(C)C)CC1,1.0,0.6804963391179879,
tdc_skin_reaction,Ensemble (Weighted average (inverse OOF error)),ensemble,train,126,O=CC=C(c1ccccc1)c1ccccc1,1.0,0.6763789878714088,
tdc_skin_reaction,Ensemble (Weighted average (inverse OOF error)),ensemble,train,127,CCCCCCCCCCCCCCCCCCCCCCBr,1.0,0.9591077883228476,
tdc_skin_reaction,Ensemble (Weighted average (inverse OOF error)),ensemble,train,128,CCCCCCCCCCCCBr,1.0,0.7741994500218798,
tdc_skin_reaction,Ensemble (Weighted average (inverse OOF error)),ensemble,train,129,CCCCCCCCCCCCCCCCCCCCBr,1.0,0.9318931915587749,
tdc_skin_reaction,Ensemble (Weighted average (inverse OOF error)),ensemble,train,130,CCCCCCCCCCCCCCCCCBr,1.0,0.8038621378944081,
tdc_skin_reaction,Ensemble (Weighted average (inverse OOF error)),ensemble,train,131,CCCCCCCCCCCCCCCCBr,1.0,0.9324322300063279,
tdc_skin_reaction,Ensemble (Weighted average (inverse OOF error)),ensemble,train,132,CCCCCCBr,1.0,0.7963519301854138,
tdc_skin_reaction,Ensemble (Weighted average (inverse OOF error)),ensemble,train,133,CCCCCCCCCCCCCCCCCCBr,1.0,0.724101546369438,
tdc_skin_reaction,Ensemble (Weighted average (inverse OOF error)),ensemble,train,134,CCCCCCCCCCCCCCCBr,1.0,0.7132572771871042,
tdc_skin_reaction,Ensemble (Weighted average (inverse OOF error)),ensemble,train,135,CCCCCCCCCCCCCCBr,1.0,0.9011303165467028,
tdc_skin_reaction,Ensemble (Weighted average (inverse OOF error)),ensemble,train,136,CCCCCCCCCCCCCBr,1.0,0.8797513345985066,
tdc_skin_reaction,Ensemble (Weighted average (inverse OOF error)),ensemble,train,137,CCCCCCCCCCCBr,1.0,0.8839007791482565,
tdc_skin_reaction,Ensemble (Weighted average (inverse OOF error)),ensemble,train,138,C=CC(=O)OCCCC,1.0,0.7533348326315193,
tdc_skin_reaction,Ensemble (Weighted average (inverse OOF error)),ensemble,train,139,CCCCOCC1CO1,1.0,0.6718762340053754,
tdc_skin_reaction,Ensemble (Weighted average (inverse OOF error)),ensemble,train,140,CCCCCCCCCCCC1=NC(C)(C)C(=O)O1,1.0,0.8375528020752439,
tdc_skin_reaction,Ensemble (Weighted average (inverse OOF error)),ensemble,train,141,CCCCC1=NC(C)(C)C(=O)O1,1.0,0.7790333032191286,
tdc_skin_reaction,Ensemble (Weighted average (inverse OOF error)),ensemble,train,142,CCCCCCCCCCCCCCCl,1.0,0.8823034868117843,
tdc_skin_reaction,Ensemble (Weighted average (inverse OOF error)),ensemble,train,143,CC(C)=CCCC(C)=CC=O,1.0,0.8247738194444281,
tdc_skin_reaction,Ensemble (Weighted average (inverse OOF error)),ensemble,train,144,CCCCCCCCCCCCCCCCCl,1.0,0.7148131993367864,
tdc_skin_reaction,Ensemble (Weighted average (inverse OOF error)),ensemble,train,145,CCOS(=O)(=O)OCC,1.0,0.6908160526779532,
tdc_skin_reaction,Ensemble (Weighted average (inverse OOF error)),ensemble,train,146,CCC(C=O)CC,1.0,0.6832593354748857,
tdc_skin_reaction,Ensemble (Weighted average (inverse OOF error)),ensemble,train,147,NCCNCCN,1.0,0.6190810877036691,
tdc_skin_reaction,Ensemble (Weighted average (inverse OOF error)),ensemble,train,148,NCCCNCCCN,1.0,0.7854986004822324,
tdc_skin_reaction,Ensemble (Weighted average (inverse OOF error)),ensemble,train,149,CCCCCCCCCCCCOS(C)(=O)=O,1.0,0.7022016440499874,
tdc_skin_reaction,Ensemble (Weighted average (inverse OOF error)),ensemble,train,150,CCOC(=O)CC1CC2CCC(C1)N2C,1.0,0.7053196447538967,
tdc_skin_reaction,Ensemble (Weighted average (inverse OOF error)),ensemble,train,151,C=CC(=O)OCC,1.0,0.6758182105616091,
tdc_skin_reaction,Ensemble (Weighted average (inverse OOF error)),ensemble,train,152,CCC(O)C(CO)CO,1.0,0.4639333041008209,
tdc_skin_reaction,Ensemble (Weighted average (inverse OOF error)),ensemble,train,153,C=C(C)C(=O)OCCOC(=O)C(=C)C,1.0,0.7411783546956283,
tdc_skin_reaction,Ensemble (Weighted average (inverse OOF error)),ensemble,train,154,C=C(C)C(=O)O,1.0,0.7118550630373572,
tdc_skin_reaction,Ensemble (Weighted average (inverse OOF error)),ensemble,train,155,O=C1OC2(c3ccc(O)cc3Oc3cc(O)ccc32)c2ccc(N=C=S)cc21,1.0,0.40991823267468097,
tdc_skin_reaction,Ensemble (Weighted average (inverse OOF error)),ensemble,train,156,CC(CC=O)CCCC(C)(C)O,1.0,0.6587487299931762,
tdc_skin_reaction,Ensemble (Weighted average (inverse OOF error)),ensemble,train,157,CCCCCCCCCCCCI,1.0,0.8895038811394851,
tdc_skin_reaction,Ensemble (Weighted average (inverse OOF error)),ensemble,train,158,CCCCCCCCCCCCCCCCI,1.0,0.802231056713957,
tdc_skin_reaction,Ensemble (Weighted average (inverse OOF error)),ensemble,train,159,CCCCCCCCCI,1.0,0.8370924008535201,
tdc_skin_reaction,Ensemble (Weighted average (inverse OOF error)),ensemble,train,160,CCCCCCCCCCCCCCI,1.0,0.9173128106411088,
tdc_skin_reaction,Ensemble (Weighted average (inverse OOF error)),ensemble,train,161,CC(C)CCCCCC(=O)Cl,1.0,0.8074398466737022,
tdc_skin_reaction,Ensemble (Weighted average (inverse OOF error)),ensemble,train,162,CCCCCCCCCCCCCC(=O)OC(C)C,1.0,0.9013292922392943,
tdc_skin_reaction,Ensemble (Weighted average (inverse OOF error)),ensemble,train,163,C=C(C)C1CC=C(C)CC1,1.0,0.8223323550632997,
tdc_skin_reaction,Ensemble (Weighted average (inverse OOF error)),ensemble,train,164,C=CC(C)(O)CCC=C(C)C=O,1.0,0.8010890106898588,
tdc_skin_reaction,Ensemble (Weighted average (inverse OOF error)),ensemble,train,165,CCCCCC=CCC=CCCCCCCCC(=O)O,1.0,0.8925829536188447,
tdc_skin_reaction,Ensemble (Weighted average (inverse OOF error)),ensemble,train,166,CCCCCCC#CC(=O)OC,1.0,0.5985014931407087,
tdc_skin_reaction,Ensemble (Weighted average (inverse OOF error)),ensemble,train,167,C=CC(=O)OC,1.0,0.7668567338701208,
tdc_skin_reaction,Ensemble (Weighted average (inverse OOF error)),ensemble,train,168,CCCCCCCCCCCCCCC=CS(=O)(=O)OC,1.0,0.7860134623476042,
tdc_skin_reaction,Ensemble (Weighted average (inverse OOF error)),ensemble,train,169,C=C(C)C(=O)OC,1.0,0.74876840568209,
tdc_skin_reaction,Ensemble (Weighted average (inverse OOF error)),ensemble,train,170,CCCCCCCCC(=O)Cl,1.0,0.8118019946408349,
tdc_skin_reaction,Ensemble (Weighted average (inverse OOF error)),ensemble,train,171,FOC1=C2CCC(C2)C1,1.0,0.7597905241109268,
tdc_skin_reaction,Ensemble (Weighted average (inverse OOF error)),ensemble,train,172,CCCCCCCCO,1.0,0.7983028786095219,
tdc_skin_reaction,Ensemble (Weighted average (inverse OOF error)),ensemble,train,173,CCCCCCCCC=CCCCCCCCC(=O)O,1.0,0.8600508094013757,
tdc_skin_reaction,Ensemble (Weighted average (inverse OOF error)),ensemble,train,174,CCOC=C1N=C(c2ccccc2)OC1=O,1.0,0.688810560270021,
tdc_skin_reaction,Ensemble (Weighted average (inverse OOF error)),ensemble,train,175,CCCCCCCCCCCCCCCC(=O)Cl,1.0,0.8837782425811588,
tdc_skin_reaction,Ensemble (Weighted average (inverse OOF error)),ensemble,train,176,O=C(Oc1ccccc1)c1ccccc1,1.0,0.6496483084263708,
tdc_skin_reaction,Ensemble (Weighted average (inverse OOF error)),ensemble,train,177,CC(CCCCN)C(C)(C)N,1.0,0.7956299745825048,
tdc_skin_reaction,Ensemble (Weighted average (inverse OOF error)),ensemble,train,178,C=CCCCCCCCCC(=O)O,1.0,0.6633623439241975,
tdc_skin_reaction,Ensemble (Weighted average (inverse OOF error)),ensemble,train,179,CC=CC=CC=O,1.0,0.7757240009783204,
tdc_skin_reaction,Ensemble (Weighted average (inverse OOF error)),ensemble,train,180,CN1C2CCC1CC(O)C2,1.0,0.663137971470806,
tdc_skin_reaction,Ensemble (Weighted average (inverse OOF error)),ensemble,train,181,CC(C)N(C(=O)CN1C(=O)C(NC(=O)Nc2cccc(C(=O)OC(C)(C)C)c2)C(=O)N(c2ccccc2)c2ccccc21)c1ccccc1,1.0,0.25712174617367833,
tdc_skin_reaction,Ensemble (Weighted average (inverse OOF error)),ensemble,train,182,NC1CCCCC1N,1.0,0.6010112821136537,
tdc_skin_reaction,Ensemble (Weighted average (inverse OOF error)),ensemble,train,183,O=S(=O)(Cl)c1ccc2c(c1)OCO2,1.0,0.6018429561265821,
tdc_skin_reaction,Ensemble (Weighted average (inverse OOF error)),ensemble,train,184,O=C(O)CCCCCCCCCCCBr,1.0,0.8235311661593954,
tdc_skin_reaction,Ensemble (Weighted average (inverse OOF error)),ensemble,train,185,ClCc1ccc2ccc3cccc4ccc1c2c34,1.0,0.7357712472421518,
tdc_skin_reaction,Ensemble (Weighted average (inverse OOF error)),ensemble,train,186,Cc1cc(=O)n(-c2ccc(C)c(C)c2)[nH]1,1.0,0.6334056325750799,
tdc_skin_reaction,Ensemble (Weighted average (inverse OOF error)),ensemble,train,187,CCC(C)(C)C1CCC(CC=O)CC1,1.0,0.6560808558243285,
tdc_skin_reaction,Ensemble (Weighted average (inverse OOF error)),ensemble,train,188,CC(C)(C)C(=O)CC(=O)C(C)(C)C,1.0,0.7918169999220335,
tdc_skin_reaction,Ensemble (Weighted average (inverse OOF error)),ensemble,train,189,C=C(C)C(=O)OCC(O)COc1ccc(C(C)(C)c2ccc(OCC(O)COC(=O)C(=C)C)cc2)cc1,1.0,0.35886099610158306,
tdc_skin_reaction,Ensemble (Weighted average (inverse OOF error)),ensemble,train,190,Clc1nc(Cl)nc(Cl)n1,1.0,0.657193851800155,
tdc_skin_reaction,Ensemble (Weighted average (inverse OOF error)),ensemble,train,191,Clc1ccnc(Cl)n1,1.0,0.7063220704138982,
tdc_skin_reaction,Ensemble (Weighted average (inverse OOF error)),ensemble,train,192,CCC=CC=CC=O,1.0,0.8081254049329223,
tdc_skin_reaction,Ensemble (Weighted average (inverse OOF error)),ensemble,train,193,CC1=C(C=O)C(C)(C)CC=C1,1.0,0.7821819212295728,
tdc_skin_reaction,Ensemble (Weighted average (inverse OOF error)),ensemble,train,194,COc1cc(C)c2c(Oc3cccc(C(F)(F)F)c3)c(OC)cc([N+](=O)[O-])c2n1,1.0,0.2167923188405489,
tdc_skin_reaction,Ensemble (Weighted average (inverse OOF error)),ensemble,train,195,Nc1ccccc1Nc1ccccc1,1.0,0.7244647997931,
tdc_skin_reaction,Ensemble (Weighted average (inverse OOF error)),ensemble,train,196,CCCCCCCCCCCCC(Br)C(=O)O,1.0,0.6675773264178859,
tdc_skin_reaction,Ensemble (Weighted average (inverse OOF error)),ensemble,train,197,O=[N+]([O-])c1ccc(OCc2cccc(F)c2)c(Cl)c1,1.0,0.5462955378239038,
tdc_skin_reaction,Ensemble (Weighted average (inverse OOF error)),ensemble,train,198,Cc1nc2ccccc2c(=O)o1,1.0,0.48504406141416767,
tdc_skin_reaction,Ensemble (Weighted average (inverse OOF error)),ensemble,train,199,O=C(Nc1ccc(Cl)c(Cl)c1)c1cc(Cl)cc(Cl)c1O,1.0,0.6048237868936936,
tdc_skin_reaction,Ensemble (Weighted average (inverse OOF error)),ensemble,train,200,O=C1CCc2ccccc2O1,1.0,0.6533002460924049,
tdc_skin_reaction,Ensemble (Weighted average (inverse OOF error)),ensemble,train,201,CC1(C)CC(N)CC(C)(CN)C1,1.0,0.6223631956876335,
tdc_skin_reaction,Ensemble (Weighted average (inverse OOF error)),ensemble,train,202,C=C1NS(=O)(=O)N=C1c1ccccc1,1.0,0.6961237612696715,
tdc_skin_reaction,Ensemble (Weighted average (inverse OOF error)),ensemble,train,203,CCC=C1OC(=O)c2ccccc21,1.0,0.7244796489160035,
tdc_skin_reaction,Ensemble (Weighted average (inverse OOF error)),ensemble,train,204,CC(C)(O)CCCC1=CCC(C=O)CC1,1.0,0.8037339262908625,
tdc_skin_reaction,Ensemble (Weighted average (inverse OOF error)),ensemble,train,205,O=C(C(=O)c1ccccc1)C1=CCC(Br)(Br)C=C1,1.0,0.6779146430238221,
tdc_skin_reaction,Ensemble (Weighted average (inverse OOF error)),ensemble,train,206,CC(Br)CCCN1C(=O)c2ccccc2C1=O,1.0,0.6026412049892524,
tdc_skin_reaction,Ensemble (Weighted average (inverse OOF error)),ensemble,train,207,Clc1ncnc2ccc(I)cc12,1.0,0.4741964785910143,
tdc_skin_reaction,Ensemble (Weighted average (inverse OOF error)),ensemble,train,208,CC(I)CCCN1C(=O)c2ccccc2C1=O,1.0,0.6483992772097941,
tdc_skin_reaction,Ensemble (Weighted average (inverse OOF error)),ensemble,train,209,C=C1CC(C(=C)C)CC=C1C,1.0,0.6768195930999508,
tdc_skin_reaction,Ensemble (Weighted average (inverse OOF error)),ensemble,train,210,C=C1CC(C)(C)OC1=O,1.0,0.6803920758777444,
tdc_skin_reaction,Ensemble (Weighted average (inverse OOF error)),ensemble,train,211,O=C(O)c1cccc(-c2cc(Cl)cc([N+](=O)[O-])c2O)c1,1.0,0.6188381466444062,
tdc_skin_reaction,Ensemble (Weighted average (inverse OOF error)),ensemble,train,212,COc1cc(C)c2c(Cl)c(OC)cc([N+](=O)[O-])c2n1,1.0,0.3165184042166981,
tdc_skin_reaction,Ensemble (Weighted average (inverse OOF error)),ensemble,train,213,COc1cc([N+](=O)[O-])c2[nH]c(=O)cc(C)c2c1Cl,1.0,0.3893696780035947,
tdc_skin_reaction,Ensemble (Weighted average (inverse OOF error)),ensemble,train,214,COc1cc2c(cc1C(F)(F)F)NCC2,1.0,0.49418428409710824,
tdc_skin_reaction,Ensemble (Weighted average (inverse OOF error)),ensemble,train,215,Cc1ncccc1Oc1ccc(N)cn1,1.0,0.5886610138027757,
tdc_skin_reaction,Ensemble (Weighted average (inverse OOF error)),ensemble,train,216,CCN(CC)CCCCCCBr,1.0,0.8318693704403157,
tdc_skin_reaction,Ensemble (Weighted average (inverse OOF error)),ensemble,train,217,Cc1c2ccccc2c(C)c2c1ccc1ccccc12,1.0,0.6891070136118719,
tdc_skin_reaction,Ensemble (Weighted average (inverse OOF error)),ensemble,train,218,CON=C1CN(c2nc3c(cc2F)c(=O)c(C(=O)O)cn3C2CC2)CC1CN,1.0,0.29710865155378496,
tdc_skin_reaction,Ensemble (Weighted average (inverse OOF error)),ensemble,train,219,CCCCCCCC(Br)CCCCCC,1.0,0.8862482815731588,
tdc_skin_reaction,Ensemble (Weighted average (inverse OOF error)),ensemble,train,220,CCCCCn1c(=O)[nH]c(=O)c2[nH]c(Cl)nc21,1.0,0.46582572359743457,
tdc_skin_reaction,Ensemble (Weighted average (inverse OOF error)),ensemble,train,221,CC(C)C1=CC2=CCC3C(C)(C(=O)O)CCCC3(C)C2CC1,1.0,0.6122384831219183,
tdc_skin_reaction,Ensemble (Weighted average (inverse OOF error)),ensemble,train,222,CC1=CCC(C(C)C)C=C1,1.0,0.7897224070902886,
tdc_skin_reaction,Ensemble (Weighted average (inverse OOF error)),ensemble,train,223,CC1=CC=C(C(C)C)CC1,1.0,0.8103366200182434,
tdc_skin_reaction,Ensemble (Weighted average (inverse OOF error)),ensemble,train,224,CCC1OC(=O)C(C)C(OC2CC(C)(OC)C(O)C(C)O2)C(C)C(OC2OC(C)CC(N(C)C)C2O)C(C)(O)CC(C)CN(C)C(C)C(O)C1(C)O,1.0,0.3438712069973947,
tdc_skin_reaction,Ensemble (Weighted average (inverse OOF error)),ensemble,train,225,N=C1CC(=Nc2ccc(N)cc2)C(=N)CC1=Nc1ccc(N)cc1,1.0,0.5835727100001376,
tdc_skin_reaction,Ensemble (Weighted average (inverse OOF error)),ensemble,train,226,c1ccc2c(c1)cc1ccc3cccc4ccc2c1c34,1.0,0.6847465824077443,
tdc_skin_reaction,Ensemble (Weighted average (inverse OOF error)),ensemble,train,227,O=C1C=CC(=O)C=C1,1.0,0.7338771686848384,
tdc_skin_reaction,Ensemble (Weighted average (inverse OOF error)),ensemble,train,228,O=C1CCO1,1.0,0.7571734539525548,
tdc_skin_reaction,Ensemble (Weighted average (inverse OOF error)),ensemble,train,229,CC(=O)C(C)=O,1.0,0.7605687774137548,
tdc_skin_reaction,Ensemble (Weighted average (inverse OOF error)),ensemble,train,230,CCCCCCCCCCCCCCCC1=NC(C)(C)C(=O)O1,1.0,0.8652653580986116,
tdc_skin_reaction,Ensemble (Weighted average (inverse OOF error)),ensemble,train,231,CCCCCCCCCCCCCCCCCC1=NC(C)(C)C(=O)O1,1.0,0.8765548658364566,
tdc_skin_reaction,Ensemble (Weighted average (inverse OOF error)),ensemble,train,232,CCCCCCC1=NC(C)(C)C(=O)O1,1.0,0.7965426376453897,
tdc_skin_reaction,Ensemble (Weighted average (inverse OOF error)),ensemble,train,233,CCCCCCCCCC1=NC(C)(C)C(=O)O1,1.0,0.8172329051847178,
tdc_skin_reaction,Ensemble (Weighted average (inverse OOF error)),ensemble,train,234,C=C(C)C1CCC(C)=C(N=O)C1,1.0,0.8076545633901847,
tdc_skin_reaction,Ensemble (Weighted average (inverse OOF error)),ensemble,train,235,Clc1ccccc1C(c1ccccc1)(c1ccccc1)n1ccnc1,1.0,0.5299569852988979,
tdc_skin_reaction,Ensemble (Weighted average (inverse OOF error)),ensemble,train,236,C(=NC1CCCCC1)=NC1CCCCC1,1.0,0.6906688818883404,
tdc_skin_reaction,Ensemble (Weighted average (inverse OOF error)),ensemble,train,237,CCOC(=O)C=CC(=O)OCC,1.0,0.7352549565455775,
tdc_skin_reaction,Ensemble (Weighted average (inverse OOF error)),ensemble,train,238,COS(=O)(=O)OC,1.0,0.6990106485354626,
tdc_skin_reaction,Ensemble (Weighted average (inverse OOF error)),ensemble,train,239,CS(C)=O,1.0,0.7841934861914519,
tdc_skin_reaction,Ensemble (Weighted average (inverse OOF error)),ensemble,train,240,CN1C2CCC1CC(OS(C)(=O)=O)C2,1.0,0.7340491320901692,
tdc_skin_reaction,Ensemble (Weighted average (inverse OOF error)),ensemble,train,241,C=CC(=O)OCC(COC(=O)C=C)C(CC)OC(=O)C=C,1.0,0.6916217163188672,
tdc_skin_reaction,Ensemble (Weighted average (inverse OOF error)),ensemble,train,242,NCCN,1.0,0.7420236883362292,
tdc_skin_reaction,Ensemble (Weighted average (inverse OOF error)),ensemble,train,243,CC(C)=CCCC(C)=CCCC(C)=CC=O,1.0,0.7512895089729181,
tdc_skin_reaction,Ensemble (Weighted average (inverse OOF error)),ensemble,train,244,CC(C)=CCCC(C)=CCO,1.0,0.8055879253180023,
tdc_skin_reaction,Ensemble (Weighted average (inverse OOF error)),ensemble,train,245,O=CCCCC=O,1.0,0.6518567854545707,
tdc_skin_reaction,Ensemble (Weighted average (inverse OOF error)),ensemble,train,246,O=C(CS)OCC(O)CO,1.0,0.6303121712899373,
tdc_skin_reaction,Ensemble (Weighted average (inverse OOF error)),ensemble,train,247,O=CC=O,1.0,0.6586621168798763,
tdc_skin_reaction,Ensemble (Weighted average (inverse OOF error)),ensemble,train,248,NCCNCCO,1.0,0.653630809988671,
tdc_skin_reaction,Ensemble (Weighted average (inverse OOF error)),ensemble,train,249,O=C(NCNC(=O)NC1C(=O)NC(=O)N1CO)NC1C(=O)NC(=O)N1CO,1.0,0.3894678329632012,
tdc_skin_reaction,Ensemble (Weighted average (inverse OOF error)),ensemble,train,250,CCCCNC(=O)OC#CCI,1.0,0.7131723167389423,
tdc_skin_reaction,Ensemble (Weighted average (inverse OOF error)),ensemble,train,251,CCCCCCCCCCCCOS(=O)(=O)O,1.0,0.7698236033266783,
tdc_skin_reaction,Ensemble (Weighted average (inverse OOF error)),ensemble,train,252,CCC=CCC=CCC=CCCCCCCCC(=O)O,1.0,0.8862397226170766,
tdc_skin_reaction,Ensemble (Weighted average (inverse OOF error)),ensemble,train,253,CCCCCCCCCCCCS(=O)(=O)OC,1.0,0.8630509080176179,
tdc_skin_reaction,Ensemble (Weighted average (inverse OOF error)),ensemble,train,254,CCCCCCCCCCCCCCCCS(=O)(=O)OC,1.0,0.7077952303036847,
tdc_skin_reaction,Ensemble (Weighted average (inverse OOF error)),ensemble,train,255,COS(C)(=O)=O,1.0,0.7935693788631359,
tdc_skin_reaction,Ensemble (Weighted average (inverse OOF error)),ensemble,train,256,COC(=O)C(C)=O,1.0,0.7304324494097065,
tdc_skin_reaction,Ensemble (Weighted average (inverse OOF error)),ensemble,train,257,CCCCCCCCCCCCCCCCC(CS(=O)(=O)O)C(=O)OC,1.0,0.7949955881116403,
tdc_skin_reaction,Ensemble (Weighted average (inverse OOF error)),ensemble,train,258,CCN(CC)CCN(Cc1ccc(-c2ccc(C(F)(F)F)cc2)cc1)C(=O)Cn1c(SCc2ccc(F)cc2)nc(=O)c2c1CCC2,1.0,0.22394021003628672,
tdc_skin_reaction,Ensemble (Weighted average (inverse OOF error)),ensemble,train,259,CCN(N=O)C(N)=O,1.0,0.6626002162558605,
tdc_skin_reaction,Ensemble (Weighted average (inverse OOF error)),ensemble,train,260,CC(C)N(C(=O)CNc1ccccc1Nc1ccccc1)c1ccccc1,1.0,0.43440168924517086,
tdc_skin_reaction,Ensemble (Weighted average (inverse OOF error)),ensemble,train,261,CN(N=O)C(N)=O,1.0,0.6604285146245066,
tdc_skin_reaction,Ensemble (Weighted average (inverse OOF error)),ensemble,train,262,CCCCCCCCC=CCCCCCCCCOS(C)(=O)=O,1.0,0.7869023341670953,
tdc_skin_reaction,Ensemble (Weighted average (inverse OOF error)),ensemble,train,263,COC1=CC=C2C3Cc4ccc(O)c5c4C2(CCN3C)C1O5,1.0,0.5124036874402182,
tdc_skin_reaction,Ensemble (Weighted average (inverse OOF error)),ensemble,train,264,O=C(O)C(=O)O,1.0,0.6270179291324958,
tdc_skin_reaction,Ensemble (Weighted average (inverse OOF error)),ensemble,train,265,O=c1[nH]cco1,1.0,0.6597067709530873,
tdc_skin_reaction,Ensemble (Weighted average (inverse OOF error)),ensemble,train,266,CC1(C)SC2C(NC(=O)Cc3ccccc3)C(=O)N2C1C(=O)O,1.0,0.5422908349341783,
tdc_skin_reaction,Ensemble (Weighted average (inverse OOF error)),ensemble,train,267,C=C(C)C1CC=C(C=O)CC1,1.0,0.8144149373732759,
tdc_skin_reaction,Ensemble (Weighted average (inverse OOF error)),ensemble,train,268,CC(C)(C)c1ccc(OCC2CO2)cc1,1.0,0.7253877245008026,
tdc_skin_reaction,Ensemble (Weighted average (inverse OOF error)),ensemble,train,269,c1ccncc1,1.0,0.6586865121528962,
tdc_skin_reaction,Ensemble (Weighted average (inverse OOF error)),ensemble,train,270,C=C(C)C1CC=C(C)C(=O)C1,1.0,0.6849515138055058,
tdc_skin_reaction,Ensemble (Weighted average (inverse OOF error)),ensemble,train,271,O=C(Oc1ccc([N+](=O)[O-])cc1)OC1COC2OCCC12,1.0,0.6287465605115942,
tdc_skin_reaction,Ensemble (Weighted average (inverse OOF error)),ensemble,train,272,CCOC(=S)S,1.0,0.7017293221302527,
tdc_skin_reaction,Ensemble (Weighted average (inverse OOF error)),ensemble,train,273,CCCCCCCCCCCC(=O)OC(C)C(=O)OC(C)C(=O)O,1.0,0.7409880121411935,
tdc_skin_reaction,Ensemble (Weighted average (inverse OOF error)),ensemble,train,274,CC(C)=CCCC(C)=CCCC(C)=CCCC=C(C)CCC=C(C)CCC=C(C)C,1.0,0.682123851248174,
tdc_skin_reaction,Ensemble (Weighted average (inverse OOF error)),ensemble,train,275,CN(C)C(=S)SSC(=S)N(C)C,1.0,0.8181535760520577,
tdc_skin_reaction,Ensemble (Weighted average (inverse OOF error)),ensemble,train,276,C=CCCCCCCCCC=O,1.0,0.7467830075625752,
tdc_skin_reaction,Ensemble (Weighted average (inverse OOF error)),ensemble,train,277,C=Cc1ccncc1,1.0,0.5964224889854093,
tdc_skin_reaction,Ensemble (Weighted average (inverse OOF error)),ensemble,train,278,C[N+](C)(C)c1ccc2c(c1)C(=NNc1ccc(N)c([N+](=O)[O-])c1)C(=O)C=C2,0.0,0.3432711658313018,
tdc_skin_reaction,Ensemble (Weighted average (inverse OOF error)),ensemble,train,279,CCCCCCCCC(=O)O,0.0,0.7803094070110381,
tdc_skin_reaction,Ensemble (Weighted average (inverse OOF error)),ensemble,train,280,CNC1C(OC2C(OC3C(O)C(O)C(NC(=N)N)C(O)C3NC(=N)N)OC(C)C2(O)C=O)OC(CO)C(O)C1O,0.0,0.19137428575955534,
tdc_skin_reaction,Ensemble (Weighted average (inverse OOF error)),ensemble,train,281,O=C1OC(=O)C2CCCCC12,1.0,0.6623903931885226,
tdc_skin_reaction,Ensemble (Weighted average (inverse OOF error)),ensemble,train,282,Cc1cc(=O)n(-c2ccccc2)[nH]1,1.0,0.6479075729130016,
tdc_skin_reaction,Ensemble (Weighted average (inverse OOF error)),ensemble,train,283,O=C(OOC(=O)c1ccccc1)c1ccccc1,1.0,0.6001476390943439,
tdc_skin_reaction,Ensemble (Weighted average (inverse OOF error)),ensemble,train,284,O=c1c(-c2ccccc2)c1-c1ccccc1,1.0,0.6267834913065173,
tdc_skin_reaction,Ensemble (Weighted average (inverse OOF error)),ensemble,train,285,Nc1ccc(N)c2c1C(=O)c1ccccc1C2=O,1.0,0.5941869796106944,
tdc_skin_reaction,Ensemble (Weighted average (inverse OOF error)),ensemble,train,286,O=C1C=CC(=O)O1,1.0,0.731606962383071,
tdc_skin_reaction,Ensemble (Weighted average (inverse OOF error)),ensemble,train,287,O=C1OC(=O)c2ccccc21,1.0,0.7508062261657451,
tdc_skin_reaction,Ensemble (Weighted average (inverse OOF error)),ensemble,train,288,O=c1c(O)c(O)c1=O,1.0,0.6669245346903585,
tdc_skin_reaction,Ensemble (Weighted average (inverse OOF error)),ensemble,test,0,CCOCc1cc(OC)c(B(O)O)c(OC)c1,0.0,0.4715954823135864,
tdc_skin_reaction,Ensemble (Weighted average (inverse OOF error)),ensemble,test,1,COc1cc(C(=O)CC(=O)C(C)(C)C)cc(OC)c1OC,0.0,0.38738713848896766,
tdc_skin_reaction,Ensemble (Weighted average (inverse OOF error)),ensemble,test,2,CNC(C)c1cc(C(F)(F)F)cc(C(F)(F)F)c1,0.0,0.5891808499655398,
tdc_skin_reaction,Ensemble (Weighted average (inverse OOF error)),ensemble,test,3,CCC(N)c1ccccc1,0.0,0.6176245777144351,
tdc_skin_reaction,Ensemble (Weighted average (inverse OOF error)),ensemble,test,4,O=C(O)C(=NOCc1ccccc1)C(=O)O,0.0,0.524033317806553,
tdc_skin_reaction,Ensemble (Weighted average (inverse OOF error)),ensemble,test,5,CCCOc1ccc(Br)c(C(=O)O)c1,0.0,0.6230907777673634,
tdc_skin_reaction,Ensemble (Weighted average (inverse OOF error)),ensemble,test,6,NS(=O)(=O)c1cccc(CCCCOCCCCCCBr)c1,0.0,0.5654669290098339,
tdc_skin_reaction,Ensemble (Weighted average (inverse OOF error)),ensemble,test,7,COc1ccc(C=O)cc1O,0.0,0.6525400359885184,
tdc_skin_reaction,Ensemble (Weighted average (inverse OOF error)),ensemble,test,8,CCCOc1cccc(C(=O)O)c1,0.0,0.619140523702354,
tdc_skin_reaction,Ensemble (Weighted average (inverse OOF error)),ensemble,test,9,O=C(O)c1ccc(O)cc1,0.0,0.6556363025621674,
tdc_skin_reaction,Ensemble (Weighted average (inverse OOF error)),ensemble,test,10,COc1ccc(C(C)=O)cc1,0.0,0.5956350373443288,
tdc_skin_reaction,Ensemble (Weighted average (inverse OOF error)),ensemble,test,11,Cc1ccc(N)cc1S(N)(=O)=O,0.0,0.597244125617286,
tdc_skin_reaction,Ensemble (Weighted average (inverse OOF error)),ensemble,test,12,COc1cc(CC#N)c([N+](=O)[O-])cc1C(F)(F)F,0.0,0.4632481431902258,
tdc_skin_reaction,Ensemble (Weighted average (inverse OOF error)),ensemble,test,13,Nc1ccccc1C(=O)O,0.0,0.6572560709323858,
tdc_skin_reaction,Ensemble (Weighted average (inverse OOF error)),ensemble,test,14,O=Cc1ccccc1,0.0,0.6781679391980258,
tdc_skin_reaction,Ensemble (Weighted average (inverse OOF error)),ensemble,test,15,CCOC(=O)c1ccc(N)cc1,0.0,0.6395814601690799,
tdc_skin_reaction,Ensemble (Weighted average (inverse OOF error)),ensemble,test,16,Clc1ccccc1,0.0,0.6801318934319084,
tdc_skin_reaction,Ensemble (Weighted average (inverse OOF error)),ensemble,test,17,CCOC(=O)c1ccccc1C(=O)OCC,0.0,0.659902735261451,
tdc_skin_reaction,Ensemble (Weighted average (inverse OOF error)),ensemble,test,18,CCOC(=O)CC(=O)c1ccccc1,0.0,0.5473993163788202,
tdc_skin_reaction,Ensemble (Weighted average (inverse OOF error)),ensemble,test,19,CCOc1cc(C=O)ccc1O,0.0,0.5989249221668218,
tdc_skin_reaction,Ensemble (Weighted average (inverse OOF error)),ensemble,test,20,C=CCc1ccc(O)c(OC(C)C)c1,0.0,0.41625023452504545,
tdc_skin_reaction,Ensemble (Weighted average (inverse OOF error)),ensemble,test,21,CCC(=O)c1cccc(Cl)c1,0.0,0.4904494885440974,
tdc_skin_reaction,Ensemble (Weighted average (inverse OOF error)),ensemble,test,22,COC(=O)c1ccc(O)cc1,0.0,0.6596766274545232,
tdc_skin_reaction,Ensemble (Weighted average (inverse OOF error)),ensemble,test,23,COC(=O)c1ccccc1O,0.0,0.6577790172842246,
tdc_skin_reaction,Ensemble (Weighted average (inverse OOF error)),ensemble,test,24,CCOC(=O)C(Cc1ccc(O)cc1)NC(=O)OC(C)(C)C,0.0,0.4565910778389918,
tdc_skin_reaction,Ensemble (Weighted average (inverse OOF error)),ensemble,test,25,CCCOC(=O)c1ccc(O)cc1,0.0,0.6614598350481471,
tdc_skin_reaction,Ensemble (Weighted average (inverse OOF error)),ensemble,test,26,O=C(O)c1ccccc1O,0.0,0.6560191142648741,
tdc_skin_reaction,Ensemble (Weighted average (inverse OOF error)),ensemble,test,27,Nc1ccc(S(N)(=O)=O)cc1,0.0,0.6132219589987025,
tdc_skin_reaction,Ensemble (Weighted average (inverse OOF error)),ensemble,test,28,Nc1ccc(S(=O)(=O)O)cc1,0.0,0.6378151049250664,
tdc_skin_reaction,Ensemble (Weighted average (inverse OOF error)),ensemble,test,29,CC(C)(C)OC(=O)c1cccc(N)c1,0.0,0.6322535439282522,
tdc_skin_reaction,Ensemble (Weighted average (inverse OOF error)),ensemble,test,30,COc1cc(C=O)ccc1O,0.0,0.6451515421772305,
tdc_skin_reaction,Ensemble (Weighted average (inverse OOF error)),ensemble,test,31,CC=Cc1ccc(OC)cc1,1.0,0.6191135123000255,
tdc_skin_reaction,Ensemble (Weighted average (inverse OOF error)),ensemble,test,32,CCCCCC(=O)CC(=O)c1ccccc1,1.0,0.5783513161525111,
tdc_skin_reaction,Ensemble (Weighted average (inverse OOF error)),ensemble,test,33,CCc1ccc(CC)c(C(=O)CC(C)=O)c1,1.0,0.47449890882383483,
tdc_skin_reaction,Ensemble (Weighted average (inverse OOF error)),ensemble,test,34,CC(=O)CC(=O)c1cc(C)ccc1C,1.0,0.4642957357020554,
tdc_skin_reaction,Ensemble (Weighted average (inverse OOF error)),ensemble,test,35,O=[N+]([O-])c1ccc(Cl)c([N+](=O)[O-])c1,1.0,0.6637784957334745,
tdc_skin_reaction,Ensemble (Weighted average (inverse OOF error)),ensemble,test,36,Nc1ccc(NCCO)c([N+](=O)[O-])c1,1.0,0.608699838658066,
tdc_skin_reaction,Ensemble (Weighted average (inverse OOF error)),ensemble,test,37,Nc1ccc(OCCO)c(N)c1,1.0,0.6372273788652023,
tdc_skin_reaction,Ensemble (Weighted average (inverse OOF error)),ensemble,test,38,Nc1ccccc1O,1.0,0.6548596548549465,
tdc_skin_reaction,Ensemble (Weighted average (inverse OOF error)),ensemble,test,39,O=Cc1cc(O)ccc1Br,1.0,0.6628587313108996,
tdc_skin_reaction,Ensemble (Weighted average (inverse OOF error)),ensemble,test,40,COc1cc(C)ccc1O,1.0,0.6395073338702197,
tdc_skin_reaction,Ensemble (Weighted average (inverse OOF error)),ensemble,test,41,Nc1ccc(N)c([N+](=O)[O-])c1,1.0,0.6151495012295352,
tdc_skin_reaction,Ensemble (Weighted average (inverse OOF error)),ensemble,test,42,CCCCCCCCC(=O)NCCC(CCC(=O)O)c1ccccc1S(=O)(=O)O,1.0,0.5220951519538288,
tdc_skin_reaction,Ensemble (Weighted average (inverse OOF error)),ensemble,test,43,Nc1ccc(Cl)c(Cl)c1,1.0,0.6705644691418754,
tdc_skin_reaction,Ensemble (Weighted average (inverse OOF error)),ensemble,test,44,C=CCc1cc(C)c(OC)c(O)c1,1.0,0.43567148205881945,
tdc_skin_reaction,Ensemble (Weighted average (inverse OOF error)),ensemble,test,45,O=C(CC(=O)C(F)(F)F)c1ccccc1,1.0,0.5123560731638299,
tdc_skin_reaction,Ensemble (Weighted average (inverse OOF error)),ensemble,test,46,C=CCc1ccc(OC)cc1,1.0,0.44849076715286096,
tdc_skin_reaction,Ensemble (Weighted average (inverse OOF error)),ensemble,test,47,CNc1ccc(O)cc1,1.0,0.6570632034301693,
tdc_skin_reaction,Ensemble (Weighted average (inverse OOF error)),ensemble,test,48,Nc1ccc(N)cc1,1.0,0.664815438180743,
tdc_skin_reaction,Ensemble (Weighted average (inverse OOF error)),ensemble,test,49,Cc1ccc(N)cc1O,1.0,0.6306140055074139,
tdc_skin_reaction,Ensemble (Weighted average (inverse OOF error)),ensemble,test,50,C=CCc1cc(OC)c(O)cc1C,1.0,0.4231205941318872,
tdc_skin_reaction,Ensemble (Weighted average (inverse OOF error)),ensemble,test,51,C=CCc1cc(C)c(O)c(OC)c1,1.0,0.4234928352972825,
tdc_skin_reaction,Ensemble (Weighted average (inverse OOF error)),ensemble,test,52,CC=Cc1cc(C)c(O)c(OC)c1,1.0,0.6169011644613743,
tdc_skin_reaction,Ensemble (Weighted average (inverse OOF error)),ensemble,test,53,CCCCCC(C=O)=Cc1ccccc1,1.0,0.7004743306725922,
tdc_skin_reaction,Ensemble (Weighted average (inverse OOF error)),ensemble,test,54,CCCCC(C=O)=Cc1ccccc1,1.0,0.6887241661484163,
tdc_skin_reaction,Ensemble (Weighted average (inverse OOF error)),ensemble,test,55,CCCCCCC(C=O)=Cc1ccccc1,1.0,0.7104946724544335,
tdc_skin_reaction,Ensemble (Weighted average (inverse OOF error)),ensemble,test,56,CC(C=O)=Cc1ccccc1,1.0,0.6947898253023559,
tdc_skin_reaction,Ensemble (Weighted average (inverse OOF error)),ensemble,test,57,CC(C=O)c1ccccc1,1.0,0.6494532307222072,
tdc_skin_reaction,Ensemble (Weighted average (inverse OOF error)),ensemble,test,58,Nc1ccccc1,1.0,0.6656996414228564,
tdc_skin_reaction,Ensemble (Weighted average (inverse OOF error)),ensemble,test,59,BrCc1ccccc1,1.0,0.6801089586509517,
tdc_skin_reaction,Ensemble (Weighted average (inverse OOF error)),ensemble,test,60,CC(=O)C=Cc1ccccc1,1.0,0.6732755300918345,
tdc_skin_reaction,Ensemble (Weighted average (inverse OOF error)),ensemble,test,61,OCC=Cc1ccccc1,1.0,0.6769849389602529,
tdc_skin_reaction,Ensemble (Weighted average (inverse OOF error)),ensemble,test,62,O=CC=Cc1ccccc1,1.0,0.6882403236374495,
tdc_skin_reaction,Ensemble (Weighted average (inverse OOF error)),ensemble,test,63,CC(C=O)Cc1ccc(C(C)C)cc1,1.0,0.6317254880719128,
tdc_skin_reaction,Ensemble (Weighted average (inverse OOF error)),ensemble,test,64,CCCc1ccc(O)c(OC)c1,1.0,0.5743473453901641,
tdc_skin_reaction,Ensemble (Weighted average (inverse OOF error)),ensemble,test,65,CC=CC(=O)Oc1c(C(C)CCCCCC)cc([N+](=O)[O-])cc1[N+](=O)[O-],1.0,0.6748760987389956,
tdc_skin_reaction,Ensemble (Weighted average (inverse OOF error)),ensemble,test,66,C=CCc1ccc(O)c(OC)c1,1.0,0.4286749895346087,
tdc_skin_reaction,Ensemble (Weighted average (inverse OOF error)),ensemble,test,67,CC=Cc1ccc(O)c(OC)c1,1.0,0.6180642788381556,
tdc_skin_reaction,Ensemble (Weighted average (inverse OOF error)),ensemble,test,68,CC=Cc1ccc(O)c(OC(C)C)c1,1.0,0.6087061898023617,
tdc_skin_reaction,Ensemble (Weighted average (inverse OOF error)),ensemble,test,69,CCCCCCCCCCCCOC(=O)c1cc(O)c(O)c(O)c1,1.0,0.6977001744726157,
tdc_skin_reaction,Ensemble (Weighted average (inverse OOF error)),ensemble,test,70,CNc1cccc(NC)c1,1.0,0.6637206962300173,
tdc_skin_reaction,Ensemble (Weighted average (inverse OOF error)),ensemble,test,71,COc1ccc(NC(=O)CC(C)=O)cc1,1.0,0.602633747146557,
tdc_skin_reaction,Ensemble (Weighted average (inverse OOF error)),ensemble,test,72,Oc1cccc(O)c1,1.0,0.6473086988666718,
tdc_skin_reaction,Ensemble (Weighted average (inverse OOF error)),ensemble,test,73,COc1ccc(C=O)cc1OC,1.0,0.582030783017194,
tdc_skin_reaction,Ensemble (Weighted average (inverse OOF error)),ensemble,test,74,O=Cc1cc(O)ccc1C=C(CC(=O)O)C(=O)O,1.0,0.4141709650557509,
tdc_skin_reaction,Ensemble (Weighted average (inverse OOF error)),ensemble,test,75,CC(=O)CC(=O)c1cc(C)c(C)c(C)c1C,1.0,0.47459307194180467,
tdc_skin_reaction,Ensemble (Weighted average (inverse OOF error)),ensemble,test,76,CCC(=O)C=Cc1ccc(OC)cc1,1.0,0.6052006975915436,
tdc_skin_reaction,Ensemble (Weighted average (inverse OOF error)),ensemble,test,77,Oc1ccc(O)cc1,1.0,0.6595372207160041,
tdc_skin_reaction,Ensemble (Weighted average (inverse OOF error)),ensemble,test,78,CC(=O)C(=O)c1ccccc1,1.0,0.6549946326373628,
tdc_skin_reaction,Ensemble (Weighted average (inverse OOF error)),ensemble,test,79,CC(=O)C(C)C(=O)c1ccccc1,1.0,0.6027891040143536,
tdc_skin_reaction,Ensemble (Weighted average (inverse OOF error)),ensemble,test,80,O=[N+]([O-])c1ccc(S(=O)(=O)O)c([N+](=O)[O-])c1,1.0,0.6496128038476093,
tdc_skin_reaction,Ensemble (Weighted average (inverse OOF error)),ensemble,test,81,Cc1cc(N)ccc1N,1.0,0.6594468383307619,
tdc_skin_reaction,Ensemble (Weighted average (inverse OOF error)),ensemble,test,82,Nc1cc([N+](=O)[O-])cc(Cl)c1O,1.0,0.6386022668265247,
tdc_skin_reaction,Ensemble (Weighted average (inverse OOF error)),ensemble,test,83,Cc1ccc(NCCO)cc1O,1.0,0.5801414586614921,
tdc_skin_reaction,Ensemble (Weighted average (inverse OOF error)),ensemble,test,84,Nc1cccc(O)c1,1.0,0.6558153862204795,
tdc_skin_reaction,Ensemble (Weighted average (inverse OOF error)),ensemble,test,85,O=C(Cl)c1ccc(F)c(Cl)c1,1.0,0.6354443808828989,
tdc_skin_reaction,Ensemble (Weighted average (inverse OOF error)),ensemble,test,86,CCOC(=O)CC(=O)c1cc(C)c(C)c(C)c1C,1.0,0.4934167669141496,
tdc_skin_reaction,Ensemble (Weighted average (inverse OOF error)),ensemble,test,87,CC=Cc1ccc(O)c(OC)c1C,1.0,0.612767758905548,
tdc_skin_reaction,Ensemble (Weighted average (inverse OOF error)),ensemble,test,88,Nc1cccc(N)c1,1.0,0.6632279865318751,
tdc_skin_reaction,Ensemble (Weighted average (inverse OOF error)),ensemble,test,89,CCOC(=O)c1ccc(CBr)cc1,1.0,0.6638912809641908,
tdc_skin_reaction,Ensemble (Weighted average (inverse OOF error)),ensemble,test,90,CCN(CCNS(C)(=O)=O)c1ccc(N)c(C)c1,1.0,0.6177280297887389,
tdc_skin_reaction,Ensemble (Weighted average (inverse OOF error)),ensemble,test,91,N#CSc1ccc(N)c([N+](=O)[O-])c1,1.0,0.4796994151568722,
tdc_skin_reaction,Ensemble (Weighted average (inverse OOF error)),ensemble,test,92,O=[N+]([O-])c1ccc(CBr)cc1,1.0,0.659893742790886,
tdc_skin_reaction,Ensemble (Weighted average (inverse OOF error)),ensemble,test,93,CC(C)CC=C(C=O)c1ccccc1,1.0,0.6911647817456918,
tdc_skin_reaction,Ensemble (Weighted average (inverse OOF error)),ensemble,test,94,CCCCCCCCCCCCCC[N+](C)(C)Cc1ccccc1,1.0,0.788500532155332,
tdc_skin_reaction,Ensemble (Weighted average (inverse OOF error)),ensemble,test,95,N#Cc1c(Cl)c(Cl)c(Cl)c(C#N)c1Cl,1.0,0.6539153716025171,
tdc_skin_reaction,Ensemble (Weighted average (inverse OOF error)),ensemble,test,96,CCCc1ccc(OC)c(O)c1,1.0,0.595544694679652,
tdc_skin_reaction,Ensemble (Weighted average (inverse OOF error)),ensemble,test,97,CCOC(=O)c1ccc(I)cc1,1.0,0.6486047624987548,
tdc_skin_reaction,Ensemble (Weighted average (inverse OOF error)),ensemble,test,98,CC=Cc1ccc(OC(C)C)c(OC)c1,1.0,0.6174865936942726,
tdc_skin_reaction,Ensemble (Weighted average (inverse OOF error)),ensemble,test,99,COC(=O)c1ccc(CBr)cc1,1.0,0.6622050583673131,
tdc_skin_reaction,Ensemble (Weighted average (inverse OOF error)),ensemble,test,100,NCc1cccc(CN)c1,1.0,0.6068545027274226,
tdc_skin_reaction,Ensemble (Weighted average (inverse OOF error)),ensemble,test,101,CC(C)N(C(=N)N)C(=N)Nc1ccc(Cl)c(Cl)c1,1.0,0.6059177699738965,
tdc_skin_reaction,Ensemble (Weighted average (inverse OOF error)),ensemble,test,102,Oc1c(Cl)c(Cl)c(Cl)c(Cl)c1Cl,1.0,0.672275271716409,
tdc_skin_reaction,Ensemble (Weighted average (inverse OOF error)),ensemble,test,103,O=CCc1ccccc1,1.0,0.6757571644851812,
tdc_skin_reaction,Ensemble (Weighted average (inverse OOF error)),ensemble,test,104,Cc1ccc(CCC=O)cc1,1.0,0.6559948777165578,
tdc_skin_reaction,Ensemble (Weighted average (inverse OOF error)),ensemble,test,105,CC(C=O)Cc1ccc(C(C)(C)C)cc1,1.0,0.6359596686095728,
tdc_skin_reaction,Ensemble (Weighted average (inverse OOF error)),ensemble,test,106,CC(CC(=O)Oc1ccc(S(=O)(=O)O)cc1)CC(C)(C)C,1.0,0.652995667675266,
tdc_skin_reaction,Ensemble (Weighted average (inverse OOF error)),ensemble,test,107,CCCN(CCC)c1c([N+](=O)[O-])cc(C(F)(F)F)cc1[N+](=O)[O-],1.0,0.6346613454945974,
tdc_skin_reaction,Ensemble (Weighted average (inverse OOF error)),ensemble,test,108,CCOC(=O)C(C)(C)Oc1ccc(Cl)cc1,0.0,0.652324531835653,
tdc_skin_reaction,Ensemble (Weighted average (inverse OOF error)),ensemble,test,109,Cc1cccc(O)c1O,1.0,0.6478398768777569,
tdc_skin_reaction,Ensemble (Weighted average (inverse OOF error)),ensemble,test,110,Cc1cc(O)ccc1N,1.0,0.6525472930511558,
tdc_skin_reaction,Ensemble (Weighted average (inverse OOF error)),ensemble,test,111,O=C(O)Cc1ccc(C(=O)O)cc1,1.0,0.46918215087955506,
tdc_skin_reaction,Ensemble (Weighted average (inverse OOF error)),ensemble,test,112,Nc1ccc(N(CO)CCO)cc1[N+](=O)[O-],1.0,0.5518903255571793,
tdc_skin_reaction,Ensemble (Weighted average (inverse OOF error)),ensemble,test,113,CN(C)c1ccc(N=O)cc1,1.0,0.6600378394901023,
tdc_skin_reaction,Ensemble (Weighted average (inverse OOF error)),ensemble,test,114,CCCOC(=O)c1cc(O)c(O)c(O)c1,1.0,0.606829376404333,
