model,train_metric,performance_strength,diversity_strength
"Chemprop v2 (AttentiveFP, ensemble=1)",0.38068468747824147,2.626845872431253,0.0046321957307072425
"MapLight + GNN (CatBoost, Strict Parity)",2.7262560272668657e-07,3668034.07309666,0.002316049235017606
MapLight CatBoost (Strict Parity),2.28886682821193e-06,436897.4147706108,0.0023161465081168327
