model,workflow,train_r2,train_rmse,train_mae,train_spearman,test_r2,test_rmse,test_mae,test_spearman,primary_metric,primary_metric_value
Uni-Mol V1,Uni-Mol,0.6472700866568329,0.41853886880212054,0.3309316737831966,0.8221388367729832,0.011159724987594544,0.6757205635977785,0.5061294587384405,0.6727272727272726,rmse,0.6757205635977785
Ensemble (Weighted average (inverse train RMSE)),ensemble,0.6209586320843419,0.43386833552141263,0.3326424007592105,0.8367729831144467,-0.07745614238398457,0.7053486881056348,0.6040984247140895,0.6484848484848483,rmse,0.7053486881056348
ChemML MLP (PyTorch),ChemML deep learning,0.34729952112742324,0.5693398938154288,0.42817541596086495,0.5918163819621729,-0.6693302195128168,0.8779609301786173,0.7798329098813308,0.4800743488996057,rmse,0.8779609301786173
