model,workflow,train_r2,train_rmse,train_mae,train_spearman,test_r2,test_rmse,test_mae,test_spearman,primary_metric,primary_metric_value
Uni-Mol V1,Uni-Mol,0.6472700866568329,0.41853886880212054,0.3309316737831966,0.8221388367729832,0.011159724987594544,0.6757205635977785,0.5061294587384405,0.6727272727272726,rmse,0.6757205635977785
"Ensemble (OOF Stacking (RidgeCV, 5-fold))",ensemble,0.6673303017463175,0.4064632379468751,0.3492940594885885,0.8307692307692308,-0.1828780819966931,0.7390503969419467,0.6151977393964598,0.6363636363636362,rmse,0.7390503969419467
ChemML MLP (PyTorch),ChemML deep learning,0.34729952112742324,0.5693398938154288,0.42817541596086495,0.5918163819621729,-0.6693302195128168,0.8779609301786173,0.7798329098813308,0.4800743488996057,rmse,0.8779609301786173
