model,workflow,train_r2,train_rmse,train_mae,train_spearman,test_r2,test_rmse,test_mae,test_spearman,primary_metric,primary_metric_value
MapLight CatBoost (Strict Parity),Conventional ML,0.9999999998644511,8.204700489916341e-06,2.28886682821193e-06,1.0,0.45062482521060754,0.5036612947284618,0.3963981291919469,0.7454545454545454,rmse,0.5036612947284618
"Ensemble (OOF Stacking (RidgeCV, 5-fold))",ensemble,0.9999999999674838,4.0185071085053006e-06,2.191891537948326e-06,1.0,0.4467506712609751,0.5054340663437216,0.4107585589432975,0.7696969696969697,rmse,0.5054340663437216
"MapLight + GNN (CatBoost, Strict Parity)",MapLight + GNN,0.9999999999996607,4.1050575984934525e-07,2.7262560272668657e-07,1.0,0.41420757245868,0.5200869288103762,0.42508882680034904,0.6848484848484848,rmse,0.5200869288103762
MapLight CatBoost (Strict Parity),Conventional ML,0.9999999998644511,8.204700489916341e-06,2.28886682821193e-06,1.0,0.45062482521060754,0.5036612947284618,0.3963981291919469,0.7454545454545454,rmse,0.5036612947284618
Ensemble (Weighted average (inverse train RMSE)),ensemble,0.9999999999990263,6.953714473067424e-07,3.628160533886843e-07,1.0,0.418548268567538,0.518156435315456,0.4237217444251981,0.6848484848484848,rmse,0.518156435315456
"MapLight + GNN (CatBoost, Strict Parity)",MapLight + GNN,0.9999999999996607,4.1050575984934525e-07,2.7262560272668657e-07,1.0,0.41420757245868,0.5200869288103762,0.42508882680034904,0.6848484848484848,rmse,0.5200869288103762
