model,train_metric,performance_strength,diversity_strength
ChemML MLP (PyTorch),0.00034540870407118174,2895.12102102071,0.03583445419540902
"Chemprop v2 (AttentiveFP + Selected descriptors, ensemble=1)",0.015001646309854344,66.65935053695512,0.016716536632079736
"MapLight + GNN (CatBoost, Strict Parity)",0.03377734083634332,29.60564612960984,0.02933892856253625
Random forest,1.4936592608427723e-05,66949.67361135408,0.012750364577579889
