model,train_metric,performance_strength,diversity_strength
ChemML MLP (PyTorch),0.0833558675518555,11.996755949758452,0.00021468189644939747
"Chemprop v2 (AttentiveFP + Selected descriptors, ensemble=1)",0.11308198233857612,8.843141757153878,0.00017907609619911502
HistGradientBoosting,0.1428785257878412,6.9989523932021065,0.0004093409166979157
"MapLight + GNN (CatBoost, Strict Parity)",0.2437779792725159,4.102093236576198,0.000333635851526257
