model,train_metric,performance_strength,diversity_strength
ChemML MLP (PyTorch),0.036699698937518795,27.24817992928223,0.0018496473147250996
"Chemprop v2 (AttentiveFP + Selected descriptors, ensemble=1)",0.0988126659340659,10.120160108495238,0.0011496948239989784
"MapLight + GNN (CatBoost, Strict Parity)",0.060440719417302974,16.545137278986786,0.0011492264043057258
MapLight CatBoost (Strict Parity),0.09499374070598929,10.527009385755779,0.0015787141794412409
