model,train_metric,performance_strength,diversity_strength
ChemML MLP (PyTorch),0.028776224430182146,34.7509105103845,0.002587124570771024
"Chemprop v2 (AttentiveFP + Selected descriptors, ensemble=1)",0.1000354778030194,9.996453477926176,0.0042158302615055
"MapLight + GNN (CatBoost, Strict Parity)",0.13878583177163054,7.205346448083268,0.00251733813315962
MapLight CatBoost (Strict Parity),0.15124975132550098,6.611581118225602,0.004315510475761939
