model,train_metric,performance_strength,diversity_strength
ChemML MLP (PyTorch),0.30031529606201957,3.3298337218011205,0.00019872311067286122
"Chemprop v2 (AttentiveFP, ensemble=1)",0.34730163144054577,2.879341498777811,0.00029001573958664927
TabPFNRegressor,0.0848712745460647,11.78254957697425,0.00025473780446945725
Uni-Mol V1,0.4230459818226552,2.363809238162695,0.0005438544885353722
