model,workflow,train_r2,train_rmse,train_mae,train_spearman,test_r2,test_rmse,test_mae,test_spearman,primary_metric,primary_metric_value
CFA (Combinatorial Fusion),cfa,0.9984752111487246,0.14699569249297842,0.09687281161393371,0.9992833362952276,0.9818825162967064,0.5564249428337948,0.39769357997953786,0.9854090090548848,rmse,0.5564249428337948
Ensemble (Weighted average (inverse train RMSE)),ensemble,0.9960314526295734,0.23714585540193533,0.17303002416889923,0.9979276950345278,0.9757407213650855,0.643867629624632,0.46091357146439627,0.9802406675916471,rmse,0.643867629624632
"Chemprop v2 (AttentiveFP, ensemble=1)",Chemprop v2,0.9753439409129273,0.5911008524378837,0.34730163144054577,0.9910012272732804,0.9628575935078532,0.7966960602170178,0.517690126007752,0.9792483683923776,rmse,0.7966960602170178
Uni-Mol V1,Uni-Mol,0.9788778751534352,0.5471023210141013,0.4230459818226552,0.9917531119681801,0.9438008765427424,0.9799917533902582,0.6787339860616728,0.9693477380717784,rmse,0.9799917533902582
Random forest,conventional,0.9839893566019178,0.47632584538664463,0.24960181739069798,0.9956695742735215,0.9376410346075186,1.0323027891418666,0.6305629803432997,0.9637936577648811,rmse,1.0323027891418666
ChemML MLP (PyTorch),ChemML deep learning,0.9878475447946959,0.4149843980133648,0.3003152960620196,0.9955526006028186,0.9308836444786489,1.086796084635927,0.7499961995680694,0.9633184722328366,rmse,1.086796084635927
AdaBoost,conventional,0.8943683310514627,1.2234798618213587,0.994718603042984,0.9558269338696154,0.8775326070817527,1.4466647071226961,1.1042106280203476,0.9256413769006484,rmse,1.4466647071226961
Tabular CNN,conventional,0.8233224017869025,1.5823060840025565,1.1948033350242797,0.8964848789800787,0.7585475846974962,2.0312970005687343,1.509369721729164,0.7863901273985732,rmse,2.0312970005687343
