Model,Weight,Abs normalized contribution,Workflow
Random forest,0.12759820543471556,0.08854415295712334,conventional
AdaBoost,-0.029953463748134564,0.02078559072735119,conventional
Tabular CNN,0.007903984745303214,0.005484807814299316,conventional
ChemML MLP (PyTorch),0.06223135296927501,0.04318416875274529,ChemML deep learning
"Chemprop v2 (AttentiveFP, ensemble=1)",-0.1942176506852006,0.13477334818820907,Chemprop v2
Uni-Mol V1,0.034326227493596116,0.023819980283257675,Uni-Mol
CFA (Combinatorial Fusion),0.9848377927901021,0.6834079512770141,cfa
