dataset,model,workflow,split,row_index,smiles,observed,predicted,oof_signature
tdc_vdss_lombardo,"Chemprop v2 (D-MPNN, ensemble=3)",Chemprop v2,train,0,O=S(=O)(O)c1cc(O)ccc1O,0.12,2.643944,
tdc_vdss_lombardo,"Chemprop v2 (D-MPNN, ensemble=3)",Chemprop v2,train,1,Cc1cccc(C)c1NC(=O)C(C)[NH3+],1.8,3.0562553,
tdc_vdss_lombardo,"Chemprop v2 (D-MPNN, ensemble=3)",Chemprop v2,train,2,CC(C)Cc1ccc(C(C)C(=O)[O-])cc1,0.15,3.0814478,
tdc_vdss_lombardo,"Chemprop v2 (D-MPNN, ensemble=3)",Chemprop v2,train,3,CCCCCCC[NH+](CC)CCCC(O)c1ccc(NS(C)(=O)=O)cc1,12.0,13.51546,
tdc_vdss_lombardo,"Chemprop v2 (D-MPNN, ensemble=3)",Chemprop v2,train,4,CCCCNC(=O)[N-]S(=O)(=O)c1ccc(C)cc1,0.12,1.7911011,
tdc_vdss_lombardo,"Chemprop v2 (D-MPNN, ensemble=3)",Chemprop v2,train,5,O=C(/C=C/c1ccccc1)NCCO,0.11,3.080526,
tdc_vdss_lombardo,"Chemprop v2 (D-MPNN, ensemble=3)",Chemprop v2,train,6,CC(C)NCC(O)c1cc(O)cc(O)c1,6.03,8.401619,
tdc_vdss_lombardo,"Chemprop v2 (D-MPNN, ensemble=3)",Chemprop v2,train,7,COC[C@@H](O)CN(C(C)=O)c1c(I)c(C(=O)NC[C@H](O)CO)c(I)c(C(=O)NC[C@H](O)CO)c1I,0.2,4.304124,
tdc_vdss_lombardo,"Chemprop v2 (D-MPNN, ensemble=3)",Chemprop v2,train,8,NC(=O)c1cccc(N)c1,1.9,2.784177,
tdc_vdss_lombardo,"Chemprop v2 (D-MPNN, ensemble=3)",Chemprop v2,train,9,CC(=O)N(CC(O)CO)c1c(I)c(C(=O)NCC(O)CO)c(I)c(C(=O)NCC(O)CO)c1I,0.16,4.2733345,
tdc_vdss_lombardo,"Chemprop v2 (D-MPNN, ensemble=3)",Chemprop v2,train,10,CN(C(=O)CO)c1c(I)c(C(=O)NCC(O)CO)c(I)c(C(=O)NCC(O)CO)c1I,0.23,3.8340404,
tdc_vdss_lombardo,"Chemprop v2 (D-MPNN, ensemble=3)",Chemprop v2,train,11,CC(O)C(=O)Nc1c(I)c(C(=O)NC(CO)CO)c(I)c(C(=O)NC(CO)CO)c1I,0.28,4.0171905,
tdc_vdss_lombardo,"Chemprop v2 (D-MPNN, ensemble=3)",Chemprop v2,train,12,COCC(=O)Nc1c(I)c(C(=O)NCC(O)CO)c(I)c(C(=O)N(C)CC(O)CO)c1I,0.22,3.7411788,
tdc_vdss_lombardo,"Chemprop v2 (D-MPNN, ensemble=3)",Chemprop v2,train,13,CCCC(=O)Nc1ccc(OCC(O)C[NH2+]C(C)C)c(C(C)=O)c1,1.7,5.631529,
tdc_vdss_lombardo,"Chemprop v2 (D-MPNN, ensemble=3)",Chemprop v2,train,14,CC[NH+](CC)CCNC(=O)c1ccc(NC(C)=O)cc1,1.9,6.2177353,
tdc_vdss_lombardo,"Chemprop v2 (D-MPNN, ensemble=3)",Chemprop v2,train,15,CNC(=O)c1c(I)c(NC(C)=O)c(I)c(C(=O)[O-])c1I,0.17,2.3102596,
tdc_vdss_lombardo,"Chemprop v2 (D-MPNN, ensemble=3)",Chemprop v2,train,16,CC(=O)Nc1ccc(O)cc1,1.0,2.8768566,
tdc_vdss_lombardo,"Chemprop v2 (D-MPNN, ensemble=3)",Chemprop v2,train,17,Nc1cccc(N)c1N,5.1,5.6816444,
tdc_vdss_lombardo,"Chemprop v2 (D-MPNN, ensemble=3)",Chemprop v2,train,18,CC(=O)Oc1ccccc1C(=O)[O-],0.22,2.2862425,
tdc_vdss_lombardo,"Chemprop v2 (D-MPNN, ensemble=3)",Chemprop v2,train,19,CC(C)[NH2+]CC(O)c1ccc(O)c(O)c1,1.5,9.404136,
tdc_vdss_lombardo,"Chemprop v2 (D-MPNN, ensemble=3)",Chemprop v2,train,20,CC(C)(C)[NH2+]CC(O)c1ccc(O)c(CO)c1,1.9,9.666989,
tdc_vdss_lombardo,"Chemprop v2 (D-MPNN, ensemble=3)",Chemprop v2,train,21,CC(C)CC(NC(=O)CNC(=O)c1cc(Cl)ccc1Cl)B(O)O,3.61,4.122044,
tdc_vdss_lombardo,"Chemprop v2 (D-MPNN, ensemble=3)",Chemprop v2,train,22,CCCS(=O)CCC[NH+](CC)CC(O)COc1ccc(C#N)cc1,1.8,5.8762345,
tdc_vdss_lombardo,"Chemprop v2 (D-MPNN, ensemble=3)",Chemprop v2,train,23,C=CCc1ccccc1OCC(O)C[NH2+]C(C)C,3.2,9.50661,
tdc_vdss_lombardo,"Chemprop v2 (D-MPNN, ensemble=3)",Chemprop v2,train,24,COCC(NC(C)=O)C(=O)NCc1ccccc1,0.58,3.047948,
tdc_vdss_lombardo,"Chemprop v2 (D-MPNN, ensemble=3)",Chemprop v2,train,25,O=C(CCCCCCC(=O)Nc1ccccc1)NO,0.5,3.9068556,
tdc_vdss_lombardo,"Chemprop v2 (D-MPNN, ensemble=3)",Chemprop v2,train,26,Nc1ccc(O)c(C(=O)[O-])c1,0.33,2.5718453,
tdc_vdss_lombardo,"Chemprop v2 (D-MPNN, ensemble=3)",Chemprop v2,train,27,C/C([O-])=C(/C#N)C(=O)Nc1ccc(C(F)(F)F)cc1,0.13,1.652819,
tdc_vdss_lombardo,"Chemprop v2 (D-MPNN, ensemble=3)",Chemprop v2,train,28,CC([NH3+])Cc1ccccc1,6.1,8.056062,
tdc_vdss_lombardo,"Chemprop v2 (D-MPNN, ensemble=3)",Chemprop v2,train,29,[NH3+]C(Cc1ccc(O)c(O)c1)C(=O)[O-],1.7,2.4013078,
tdc_vdss_lombardo,"Chemprop v2 (D-MPNN, ensemble=3)",Chemprop v2,train,30,CC[NH+](CC)CC(=O)Nc1c(C)cccc1C,1.8,6.6082826,
tdc_vdss_lombardo,"Chemprop v2 (D-MPNN, ensemble=3)",Chemprop v2,train,31,CC(Cc1ccccc1)NC(=O)C([NH3+])CCCC[NH3+],0.6,5.525448,
tdc_vdss_lombardo,"Chemprop v2 (D-MPNN, ensemble=3)",Chemprop v2,train,32,C/C=C/c1cc(OC)c(OC)cc1OC,1.0,5.067204,
tdc_vdss_lombardo,"Chemprop v2 (D-MPNN, ensemble=3)",Chemprop v2,train,33,CC(C)[NH2+]CC(O)COc1ccc(CC(N)=O)cc1,0.95,5.718249,
tdc_vdss_lombardo,"Chemprop v2 (D-MPNN, ensemble=3)",Chemprop v2,train,34,CCCCCN(CCCOC)C(=O)C(CCC(=O)[O-])NC(=O)c1ccc(Cl)c(Cl)c1,0.24,4.1376243,
tdc_vdss_lombardo,"Chemprop v2 (D-MPNN, ensemble=3)",Chemprop v2,train,35,[NH3+]CC(CC(=O)[O-])c1ccc(Cl)cc1,0.65,3.1477375,
tdc_vdss_lombardo,"Chemprop v2 (D-MPNN, ensemble=3)",Chemprop v2,train,36,CN(C)C(=O)Oc1cc(OC(=O)N(C)C)cc(C(O)C[NH2+]C(C)(C)C)c1,1.6,3.5818434,
tdc_vdss_lombardo,"Chemprop v2 (D-MPNN, ensemble=3)",Chemprop v2,train,37,[NH3+]C(Cc1ccc(N(CCCl)CCCl)cc1)C(=O)[O-],0.48,3.198785,
tdc_vdss_lombardo,"Chemprop v2 (D-MPNN, ensemble=3)",Chemprop v2,train,38,O=C([O-])CCNC(=O)c1ccccc1,0.28,2.432538,
tdc_vdss_lombardo,"Chemprop v2 (D-MPNN, ensemble=3)",Chemprop v2,train,39,C[NH2+]C(C)Cc1ccccc1,4.3,16.151659,
tdc_vdss_lombardo,"Chemprop v2 (D-MPNN, ensemble=3)",Chemprop v2,train,40,CC([NH3+])(Cc1ccc(O)c(O)c1)C(=O)[O-],0.69,2.1974907,
tdc_vdss_lombardo,"Chemprop v2 (D-MPNN, ensemble=3)",Chemprop v2,train,41,CC(C)[NH2+]CC(O)COc1ccc(COCCOC(C)C)cc1,2.4,11.255783,
tdc_vdss_lombardo,"Chemprop v2 (D-MPNN, ensemble=3)",Chemprop v2,train,42,CC[NH+](CC)CCNC(=O)c1cc(Cl)c(N)cc1OC,3.2,8.050886,
tdc_vdss_lombardo,"Chemprop v2 (D-MPNN, ensemble=3)",Chemprop v2,train,43,COCCc1ccc(OCC(O)C[NH2+]C(C)C)cc1,3.1,10.25604,
tdc_vdss_lombardo,"Chemprop v2 (D-MPNN, ensemble=3)",Chemprop v2,train,44,CC(=O)Nc1c(I)c(C(=O)[O-])c(I)c(N(C)C(C)=O)c1I,0.17,2.3520486,
tdc_vdss_lombardo,"Chemprop v2 (D-MPNN, ensemble=3)",Chemprop v2,train,45,CC[NH+](CC)CCNC(=O)c1cc(Br)c(N)cc1OC,3.1,7.818437,
tdc_vdss_lombardo,"Chemprop v2 (D-MPNN, ensemble=3)",Chemprop v2,train,46,Cc1cccc(C)c1OCC(C)[NH3+],5.9,5.8630223,
tdc_vdss_lombardo,"Chemprop v2 (D-MPNN, ensemble=3)",Chemprop v2,train,47,COc1ccc(OC)c(C(O)CNC(=O)C[NH3+])c1,0.67,3.406945,
tdc_vdss_lombardo,"Chemprop v2 (D-MPNN, ensemble=3)",Chemprop v2,train,48,CN(C)N=Nc1ccc(C(=O)[O-])cc1,0.25,2.2358449,
tdc_vdss_lombardo,"Chemprop v2 (D-MPNN, ensemble=3)",Chemprop v2,train,49,CN(C)C(=O)Oc1cccc([N+](C)(C)C)c1,0.74,3.228531,
tdc_vdss_lombardo,"Chemprop v2 (D-MPNN, ensemble=3)",Chemprop v2,train,50,O=C([O-])CCCc1ccc(N(CCCl)CCCl)cc1,0.26,3.6402204,
tdc_vdss_lombardo,"Chemprop v2 (D-MPNN, ensemble=3)",Chemprop v2,train,51,O=C(NC(CO)C(O)c1ccc([N+](=O)[O-])cc1)C(Cl)Cl,0.94,2.6420877,
tdc_vdss_lombardo,"Chemprop v2 (D-MPNN, ensemble=3)",Chemprop v2,train,52,CCCNC(=O)[N-]S(=O)(=O)c1ccc(Cl)cc1,0.19,1.5672091,
tdc_vdss_lombardo,"Chemprop v2 (D-MPNN, ensemble=3)",Chemprop v2,train,53,C=CCOc1ccccc1OCC(O)C[NH2+]C(C)C,0.72,8.4120455,
tdc_vdss_lombardo,"Chemprop v2 (D-MPNN, ensemble=3)",Chemprop v2,train,54,CCOc1ccc(NC(C)=O)cc1,1.4,3.3549392,
tdc_vdss_lombardo,"Chemprop v2 (D-MPNN, ensemble=3)",Chemprop v2,train,55,Cc1cc(OCC(O)C[NH2+]C(C)C)c(C)c(C)c1O,3.6,8.794941,
tdc_vdss_lombardo,"Chemprop v2 (D-MPNN, ensemble=3)",Chemprop v2,train,56,CS(=O)(=O)OCCN(CCBr)c1c(C(=O)NCCOP(=O)([O-])[O-])cc([N+](=O)[O-])cc1[N+](=O)[O-],0.86,-0.27498928,
tdc_vdss_lombardo,"Chemprop v2 (D-MPNN, ensemble=3)",Chemprop v2,train,57,CC[NH2+]C(C)Cc1cccc(C(F)(F)F)c1,11.0,10.001233,
tdc_vdss_lombardo,"Chemprop v2 (D-MPNN, ensemble=3)",Chemprop v2,train,58,CCCCCN(CCCOC)C(=O)C(CCC(=O)[O-])NC(=O)c1ccc(Cl)c(Cl)c1,0.18,4.1376243,
tdc_vdss_lombardo,"Chemprop v2 (D-MPNN, ensemble=3)",Chemprop v2,train,59,CC(=O)Nc1c(I)c(NC(C)=O)c(I)c(C(=O)[O-])c1I,0.26,2.4544046,
tdc_vdss_lombardo,"Chemprop v2 (D-MPNN, ensemble=3)",Chemprop v2,train,60,CC(C)[NH2+]CC(O)COc1ccc(O)cc1,4.28,9.632897,
tdc_vdss_lombardo,"Chemprop v2 (D-MPNN, ensemble=3)",Chemprop v2,train,61,CCC[NH2+]C(C)C(=O)Nc1ccccc1C,3.7,4.4924226,
tdc_vdss_lombardo,"Chemprop v2 (D-MPNN, ensemble=3)",Chemprop v2,train,62,CCCN(CCC)S(=O)(=O)c1ccc(C(=O)[O-])cc1,0.13,2.258812,
tdc_vdss_lombardo,"Chemprop v2 (D-MPNN, ensemble=3)",Chemprop v2,train,63,CC[NH+](CC)CCNC(=O)c1ccc(N)cc1,2.2,9.041214,
tdc_vdss_lombardo,"Chemprop v2 (D-MPNN, ensemble=3)",Chemprop v2,train,64,CC(C)c1cccc(C(C)C)c1O,4.7,6.051697,
tdc_vdss_lombardo,"Chemprop v2 (D-MPNN, ensemble=3)",Chemprop v2,train,65,CC(C)(C)/[N+]([O-])=C/c1ccc(S(=O)(=O)[O-])cc1S(=O)(=O)[O-],0.18,-0.05203064,
tdc_vdss_lombardo,"Chemprop v2 (D-MPNN, ensemble=3)",Chemprop v2,train,66,[NH3+]CCc1ccc(O)c(O)c1,0.74,6.029175,
tdc_vdss_lombardo,"Chemprop v2 (D-MPNN, ensemble=3)",Chemprop v2,train,67,Cc1cccc(C)c1NC(=O)NCCC[NH2+]C(C)C,1.4,6.1783023,
tdc_vdss_lombardo,"Chemprop v2 (D-MPNN, ensemble=3)",Chemprop v2,train,68,CC[N+](C)(C)c1cccc(O)c1,1.1,7.821275,
tdc_vdss_lombardo,"Chemprop v2 (D-MPNN, ensemble=3)",Chemprop v2,train,69,CCN(C)C(=O)Oc1cccc(C(C)[NH+](C)C)c1,1.3,3.6838844,
tdc_vdss_lombardo,"Chemprop v2 (D-MPNN, ensemble=3)",Chemprop v2,train,70,CCN(CC)C(=O)/C(C#N)=C/c1cc(O)c([O-])c([N+](=O)[O-])c1,0.27,0.51295847,
tdc_vdss_lombardo,"Chemprop v2 (D-MPNN, ensemble=3)",Chemprop v2,train,71,COC(=O)CCc1ccc(OCC(O)C[NH2+]C(C)C)cc1,1.2,4.994917,
tdc_vdss_lombardo,"Chemprop v2 (D-MPNN, ensemble=3)",Chemprop v2,train,72,C=C(CC)C(=O)c1ccc(OCC(=O)[O-])c(Cl)c1Cl,0.26,2.6265981,
tdc_vdss_lombardo,"Chemprop v2 (D-MPNN, ensemble=3)",Chemprop v2,train,73,CC[NH+](CC)CCNC(=O)c1ccc(NS(C)(=O)=O)cc1,0.82,4.8203826,
tdc_vdss_lombardo,"Chemprop v2 (D-MPNN, ensemble=3)",Chemprop v2,train,74,CC[NH2+]CC(O)c1cccc(O)c1,2.1,9.672042,
tdc_vdss_lombardo,"Chemprop v2 (D-MPNN, ensemble=3)",Chemprop v2,train,75,CC(C)[NH2+]CC(O)c1ccc(NS(C)(=O)=O)cc1,1.3,4.3989797,
tdc_vdss_lombardo,"Chemprop v2 (D-MPNN, ensemble=3)",Chemprop v2,train,76,CCCCCCCCc1ccc(CCC([NH3+])(CO)CO)cc1,17.3,22.34729,
tdc_vdss_lombardo,"Chemprop v2 (D-MPNN, ensemble=3)",Chemprop v2,train,77,C#CCCCC(=O)c1cc(C(C)(C)C)c(O)c(C(C)(C)C)c1,12.0,4.899196,
tdc_vdss_lombardo,"Chemprop v2 (D-MPNN, ensemble=3)",Chemprop v2,train,78,CC(C)(C)[NH2+]CC(O)c1cc(O)cc(O)c1,1.5,9.86792,
tdc_vdss_lombardo,"Chemprop v2 (D-MPNN, ensemble=3)",Chemprop v2,train,79,C/C([O-])=C(\C#N)C(=O)Nc1ccc(C(F)(F)F)cc1,0.16,1.6643463,
tdc_vdss_lombardo,"Chemprop v2 (D-MPNN, ensemble=3)",Chemprop v2,train,80,[NH3+]C(CCC(=O)NC(Cc1ccc(O)c(O)c1)C(=O)[O-])C(=O)[O-],0.21,1.2633067,
tdc_vdss_lombardo,"Chemprop v2 (D-MPNN, ensemble=3)",Chemprop v2,train,81,CS(=O)(=O)c1ccc(C(O)C(COC(=O)C[NH3+])NC(=O)C(Cl)Cl)cc1,0.13,2.3189018,
tdc_vdss_lombardo,"Chemprop v2 (D-MPNN, ensemble=3)",Chemprop v2,train,82,CC[NH+](CC)CCNC(=O)c1cc(S(C)(=O)=O)ccc1OC,1.1,4.7636385,
tdc_vdss_lombardo,"Chemprop v2 (D-MPNN, ensemble=3)",Chemprop v2,train,83,NC(=[NH2+])NC(=O)Cc1c(Cl)cccc1Cl,5.6,2.906359,
tdc_vdss_lombardo,"Chemprop v2 (D-MPNN, ensemble=3)",Chemprop v2,train,84,O=P([O-])([O-])C(Sc1ccc(Cl)cc1)P(=O)([O-])O,0.23,0.66022164,
tdc_vdss_lombardo,"Chemprop v2 (D-MPNN, ensemble=3)",Chemprop v2,train,85,Cc1cnc(C(=O)NCCc2ccc(S(=O)(=O)[N-]C(=O)NC3CCCCC3)cc2)cn1,0.16,1.9198672,
tdc_vdss_lombardo,"Chemprop v2 (D-MPNN, ensemble=3)",Chemprop v2,train,86,NS(=O)(=O)c1ccc(S(=O)(=O)Nc2cccc3c(Cl)c[nH]c23)cc1,0.68,2.5850756,
tdc_vdss_lombardo,"Chemprop v2 (D-MPNN, ensemble=3)",Chemprop v2,train,87,[NH3+]CCNc1ccc(NCC[NH3+])c2c1C(=O)c1ccncc1C2=O,10.1,10.887504,
tdc_vdss_lombardo,"Chemprop v2 (D-MPNN, ensemble=3)",Chemprop v2,train,88,Nc1ccc(S(=O)(=O)c2ccc(N)cc2)cc1,0.83,2.901618,
tdc_vdss_lombardo,"Chemprop v2 (D-MPNN, ensemble=3)",Chemprop v2,train,89,Nc1ccn(C2CSC(CO)O2)c(=O)n1,1.3,3.605753,
tdc_vdss_lombardo,"Chemprop v2 (D-MPNN, ensemble=3)",Chemprop v2,train,90,CC(=O)NC(Cc1ccc2ccccc2c1)C(=O)NC(Cc1ccc(Cl)cc1)C(=O)NC(Cc1cccnc1)C(=O)NC(CO)C(=O)NC(Cc1ccc(O)cc1)C(=O)NC(CCCNC(N)=O)C(=O)NC(CC(C)C)C(=O)NC(CCCNC(N)=[NH2+])C(=O)N1CCCC1C(=O)NC(C)C(N)=O,0.39,2.4657192,
tdc_vdss_lombardo,"Chemprop v2 (D-MPNN, ensemble=3)",Chemprop v2,train,91,O=C(Nc1c(Cl)cncc1Cl)c1ccc(OC(F)F)c(OCC2CC2)c1,1.92,4.4396267,
tdc_vdss_lombardo,"Chemprop v2 (D-MPNN, ensemble=3)",Chemprop v2,train,92,[NH3+]C1CN(c2c(F)cc3c(=O)c(C(=O)[O-])cn(C4CC4F)c3c2Cl)CC12CC2,1.5,4.9546304,
tdc_vdss_lombardo,"Chemprop v2 (D-MPNN, ensemble=3)",Chemprop v2,train,93,C[C@H](C1=C(CC[NH+](C)C)Cc2ccccc21)c1ccccn1,2.16,10.550351,
tdc_vdss_lombardo,"Chemprop v2 (D-MPNN, ensemble=3)",Chemprop v2,train,94,COc1ccccc1Oc1c([N-]S(=O)(=O)c2ccc(C)cn2)nc(-c2ccncc2)nc1OC,0.27,1.9421306,
tdc_vdss_lombardo,"Chemprop v2 (D-MPNN, ensemble=3)",Chemprop v2,train,95,CCCc1cc(=O)[nH]c(=S)[nH]1,0.34,3.1116326,
tdc_vdss_lombardo,"Chemprop v2 (D-MPNN, ensemble=3)",Chemprop v2,train,96,CNS(=O)(=O)Cc1ccc2[nH]cc(CC[NH+](C)C)c2c1,1.7,4.214006,
tdc_vdss_lombardo,"Chemprop v2 (D-MPNN, ensemble=3)",Chemprop v2,train,97,CC(C)[NH2+]CC(O)COc1cccc2[nH]ccc12,1.2,11.79169,
tdc_vdss_lombardo,"Chemprop v2 (D-MPNN, ensemble=3)",Chemprop v2,train,98,CCCCCNC(=[NH2+])N/N=C/c1c[nH]c2ccc(OC)cc12,5.3,5.8853784,
tdc_vdss_lombardo,"Chemprop v2 (D-MPNN, ensemble=3)",Chemprop v2,train,99,COc1ccc2[nH]cc(CCNC(C)=O)c2c1,1.1,3.7964485,
tdc_vdss_lombardo,"Chemprop v2 (D-MPNN, ensemble=3)",Chemprop v2,train,100,N#Cc1ccc(Cn2cncc2CN2CCN(c3cccc(Cl)c3)C(=O)C2)cc1,0.8,3.5710707,
tdc_vdss_lombardo,"Chemprop v2 (D-MPNN, ensemble=3)",Chemprop v2,train,101,COc1cc(CC2c3c(cc(OC)c(OC)c3OC)CC[N+]2(C)CCCOC(=O)CCC(=O)OCCC[N+]2(C)CCc3cc(OC)c(OC)c(OC)c3C2Cc2cc(OC)c(OC)c(OC)c2)cc(OC)c1OC,0.22,7.608156,
tdc_vdss_lombardo,"Chemprop v2 (D-MPNN, ensemble=3)",Chemprop v2,train,102,COc1ccc(C[NH2+]CC(O)COc2ccc3[nH]c(=O)ccc3c2)cc1OC,1.6,7.292454,
tdc_vdss_lombardo,"Chemprop v2 (D-MPNN, ensemble=3)",Chemprop v2,train,103,COc1cc2ncnc(Nc3ccc(F)c(Cl)c3)c2cc1OCCC[NH+]1CCOCC1,23.0,11.955064,
tdc_vdss_lombardo,"Chemprop v2 (D-MPNN, ensemble=3)",Chemprop v2,train,104,NC(=[NH2+])NCCCNC(=O)C1CCCCN1C(=O)C(CC1CCCCC1)[NH2+]CC(=O)[O-],0.26,3.759074,
tdc_vdss_lombardo,"Chemprop v2 (D-MPNN, ensemble=3)",Chemprop v2,train,105,Nc1ncnc2c1ncn2CCOCP(=O)([O-])[O-],0.42,2.3320794,
tdc_vdss_lombardo,"Chemprop v2 (D-MPNN, ensemble=3)",Chemprop v2,train,106,CC(Cn1cnc2c(N)ncnc21)OCP(=O)([O-])[O-],0.83,2.502971,
tdc_vdss_lombardo,"Chemprop v2 (D-MPNN, ensemble=3)",Chemprop v2,train,107,NS(=O)(=O)c1cc(C(=O)[O-])cc(N2CCCC2)c1Oc1ccccc1,0.17,2.9250405,
tdc_vdss_lombardo,"Chemprop v2 (D-MPNN, ensemble=3)",Chemprop v2,train,108,C[NH+]1CCC23c4c5ccc(O)c4OC2C(OC2OC(C(=O)[O-])C(O)C(O)C2O)C=CC3C1C5,0.12,4.944651,
tdc_vdss_lombardo,"Chemprop v2 (D-MPNN, ensemble=3)",Chemprop v2,train,109,COc1ccc2c(c1)c(CC(=O)[O-])c(C)n2C(=O)c1ccc(Cl)cc1,0.1,3.0367267,
tdc_vdss_lombardo,"Chemprop v2 (D-MPNN, ensemble=3)",Chemprop v2,train,110,Nc1nc2[nH]cnc2c(=S)[nH]1,2.89,2.7749627,
tdc_vdss_lombardo,"Chemprop v2 (D-MPNN, ensemble=3)",Chemprop v2,train,111,S=c1[nH]cnc2[nH]cnc12,1.0,2.7200422,
tdc_vdss_lombardo,"Chemprop v2 (D-MPNN, ensemble=3)",Chemprop v2,train,112,[NH3+]C(CC(=O)N1CCn2c(nnc2C(F)(F)F)C1)Cc1cc(F)c(F)cc1F,2.8,3.7455165,
tdc_vdss_lombardo,"Chemprop v2 (D-MPNN, ensemble=3)",Chemprop v2,train,113,CC(=O)CC(c1ccccc1)c1c([O-])c2ccccc2oc1=O,0.13,3.068529,
tdc_vdss_lombardo,"Chemprop v2 (D-MPNN, ensemble=3)",Chemprop v2,train,114,CCC(c1ccccc1)c1c([O-])c2ccccc2oc1=O,0.2,3.155307,
tdc_vdss_lombardo,"Chemprop v2 (D-MPNN, ensemble=3)",Chemprop v2,train,115,CC(=O)CC(c1ccc([N+](=O)[O-])cc1)c1c([O-])c2ccccc2oc1=O,0.24,2.3522346,
tdc_vdss_lombardo,"Chemprop v2 (D-MPNN, ensemble=3)",Chemprop v2,train,116,CC1OC(OC2C(O)CC(OC3C(O)CC(OC4CCC5(C)C(CCC6C5CC(O)C5(C)C(C7=CC(=O)OC7)CCC65O)C4)OC3C)OC2C)CC(O)C1O,4.1,5.3446236,
tdc_vdss_lombardo,"Chemprop v2 (D-MPNN, ensemble=3)",Chemprop v2,train,117,CC(=O)O[C@H]1C[C@]2(O)[C@H]3CC[C@H]4C[C@H](O[C@H]5C[C@@H](O)[C@@H](O[C@H]6C[C@@H](O)[C@@H](O[C@H]7C[C@@H](O)[C@@H](O)[C@H](C)O7)[C@H](C)O6)[C@H](C)O5)CC[C@@]4(C)[C@H]3CC[C@]2(C)[C@H]1C1=CC(=O)OC1,0.78,4.131344,
tdc_vdss_lombardo,"Chemprop v2 (D-MPNN, ensemble=3)",Chemprop v2,train,118,CC1OC(OC2C(O)CC(OC3C(O)CC(OC4CCC5(C)C(CCC6C5CCC5(C)C(C7=CC(=O)OC7)CCC65O)C4)OC3C)OC2C)CC(O)C1O,0.44,5.4785056,
tdc_vdss_lombardo,"Chemprop v2 (D-MPNN, ensemble=3)",Chemprop v2,train,119,O=C1C([O-])=C(C2CCC(c3ccc(Cl)cc3)CC2)C(=O)c2ccccc21,0.6,3.7141025,
tdc_vdss_lombardo,"Chemprop v2 (D-MPNN, ensemble=3)",Chemprop v2,train,120,CCO/N=C(/C(=O)NC1C(=O)N2C(C(=O)[O-])=C(Sc3nc(-c4cc[n+](C)cc4)cs3)CSC12)c1nsc(NP(=O)([O-])O)n1,0.53,0.2447788,
tdc_vdss_lombardo,"Chemprop v2 (D-MPNN, ensemble=3)",Chemprop v2,train,121,C[NH+]1CCC(c2c([O-])cc(O)c3c(=O)cc(-c4ccccc4Cl)oc23)C(O)C1,1.5,5.496136,
tdc_vdss_lombardo,"Chemprop v2 (D-MPNN, ensemble=3)",Chemprop v2,train,122,CC1CCN(C(=O)CC#N)CC1N(C)c1ncnc2[nH]ccc12,1.24,3.7251472,
tdc_vdss_lombardo,"Chemprop v2 (D-MPNN, ensemble=3)",Chemprop v2,train,123,C[NH+](C)C1C([O-])=C(C(N)=O)C(=O)C2(O)C(O)=C3C(=O)c4c(O)cccc4C(C)(O)C3C(O)C12,1.7,3.684428,
tdc_vdss_lombardo,"Chemprop v2 (D-MPNN, ensemble=3)",Chemprop v2,train,124,C[NH+](C)C1C([O-])=C(C(N)=O)C(=O)C2(O)C(O)=C3C(=O)c4c(O)cccc4C(C)(O)C3CC12,1.2,3.6107895,
tdc_vdss_lombardo,"Chemprop v2 (D-MPNN, ensemble=3)",Chemprop v2,train,125,CC1c2cccc(O)c2C(=O)C2=C(O)C3(O)C(=O)C(C(N)=O)=C([O-])C([NH+](C)C)C3C(O)C21,0.69,3.4707272,
tdc_vdss_lombardo,"Chemprop v2 (D-MPNN, ensemble=3)",Chemprop v2,train,126,CN(C)c1ccc(O)c2c1CC1CC3C([NH+](C)C)C([O-])=C(C(N)=O)C(=O)C3(O)C(O)=C1C2=O,1.6,3.5766363,
tdc_vdss_lombardo,"Chemprop v2 (D-MPNN, ensemble=3)",Chemprop v2,train,127,C[NH+](C)C1C([O-])=C(C(N)=O)C(=O)C2(O)C([O-])=C3C(=O)c4c(O)ccc(Cl)c4C(C)(O)C3CC12,0.9,2.76818,
tdc_vdss_lombardo,"Chemprop v2 (D-MPNN, ensemble=3)",Chemprop v2,train,128,C[NH+](C)C1C([O-])=C(C(N)=O)C(=O)C2(O)C([O-])=C3C(=O)c4c(O)ccc(Cl)c4C(O)C3CC12,1.3,2.5273511,
tdc_vdss_lombardo,"Chemprop v2 (D-MPNN, ensemble=3)",Chemprop v2,train,129,CN(C)c1cc(NC(=O)C[NH2+]C(C)(C)C)c(O)c2c1CC1CC3C([NH+](C)C)C([O-])=C(C(N)=O)C(=O)C3(O)C(O)=C1C2=O,12.0,4.313331,
tdc_vdss_lombardo,"Chemprop v2 (D-MPNN, ensemble=3)",Chemprop v2,train,130,O=C(NC1CC[NH+](CCCCC2(C(=O)NCC(F)(F)F)c3ccccc3-c3ccccc32)CC1)c1ccccc1-c1ccc(C(F)(F)F)cc1,16.3,9.772143,
tdc_vdss_lombardo,"Chemprop v2 (D-MPNN, ensemble=3)",Chemprop v2,train,131,[NH3+]C1C2CN(c3nc4c(cc3F)c(=O)c(C(=O)[O-])cn4-c3ccc(F)cc3F)CC12,1.3,4.1233726,
tdc_vdss_lombardo,"Chemprop v2 (D-MPNN, ensemble=3)",Chemprop v2,train,132,CC(c1nc(-c2ccc(C#N)cc2)cs1)C(O)(Cn1cncn1)c1cc(F)ccc1F,5.37,3.6362412,
tdc_vdss_lombardo,"Chemprop v2 (D-MPNN, ensemble=3)",Chemprop v2,train,133,CC(CCc1ccc2c(c1)OCO2)[NH2+]CC(O)c1ccc(O)c(C(N)=O)c1,7.9,7.1250877,
tdc_vdss_lombardo,"Chemprop v2 (D-MPNN, ensemble=3)",Chemprop v2,train,134,Cc1ccc(S(=O)(=O)NC(=O)N[C@H]2[C@H]3CC[C@@](C)([C@H]2O)C3(C)C)cc1,0.27,3.3226907,
tdc_vdss_lombardo,"Chemprop v2 (D-MPNN, ensemble=3)",Chemprop v2,train,135,CC(Oc1ccccc1)C(=O)NC1C(=O)N2C1SC(C)(C)C2C(=O)[O-],0.3,2.3110225,
tdc_vdss_lombardo,"Chemprop v2 (D-MPNN, ensemble=3)",Chemprop v2,train,136,CC1(C)SC2C(NC(=O)COc3ccccc3)C(=O)N2C1C(=O)[O-],0.41,2.3464506,
tdc_vdss_lombardo,"Chemprop v2 (D-MPNN, ensemble=3)",Chemprop v2,train,137,CC1OC(OC2C(O)CC(OC3CC(O)(C(=O)CO)Cc4c(O)c5c(c(O)c43)C(=O)c3ccccc3C5=O)OC2C)CC([NH3+])C1O,2.4,10.643635,
tdc_vdss_lombardo,"Chemprop v2 (D-MPNN, ensemble=3)",Chemprop v2,train,138,COc1cccc2c1C(=O)c1c(O)c3c(c(O)c1C2=O)CC(O)(C(=O)CO)CC3OC1CC([NH3+])C(OC2CCCCO2)C(C)O1,43.2,11.461736,
tdc_vdss_lombardo,"Chemprop v2 (D-MPNN, ensemble=3)",Chemprop v2,train,139,CC1(C)SC2C(NC(=O)C(c3ccccc3)S(=O)(=O)[O-])C(=O)N2C1C(=O)[O-],0.15,0.9684332,
tdc_vdss_lombardo,"Chemprop v2 (D-MPNN, ensemble=3)",Chemprop v2,train,140,CC1(C)SC2C(NC(=O)C(NC(=O)NC(N)=[NH2+])c3ccccc3)C(=O)N2C1C(=O)[O-],0.24,1.9210409,
tdc_vdss_lombardo,"Chemprop v2 (D-MPNN, ensemble=3)",Chemprop v2,train,141,CNC(=O)C[C@@H](N)C(=O)N[C@@H](C(=O)N[C@H]1C(=O)N2[C@@H]1SC(C)(C)[C@@H]2C(=O)O)c1ccc(O)cc1,0.27,2.3158305,
tdc_vdss_lombardo,"Chemprop v2 (D-MPNN, ensemble=3)",Chemprop v2,train,142,CC1(C)SC2C(NC(=O)C(C(=O)[O-])c3ccccc3)C(=O)N2C1C(=O)[O-],0.17,1.4539165,
tdc_vdss_lombardo,"Chemprop v2 (D-MPNN, ensemble=3)",Chemprop v2,train,143,CC1(C)SC2C(NC(=O)C([NH3+])c3ccc(O)cc3)C(=O)N2C1C(=O)[O-],0.25,2.5134666,
tdc_vdss_lombardo,"Chemprop v2 (D-MPNN, ensemble=3)",Chemprop v2,train,144,CC1(C)SC2C(NC(=O)Cc3ccccc3)C(=O)N2C1C(=O)[O-],0.24,2.516774,
tdc_vdss_lombardo,"Chemprop v2 (D-MPNN, ensemble=3)",Chemprop v2,train,145,CC1(C)SC2C(NC(=O)C([NH3+])c3ccccc3)C(=O)N2C1C(=O)[O-],0.22,2.467479,
tdc_vdss_lombardo,"Chemprop v2 (D-MPNN, ensemble=3)",Chemprop v2,train,146,Clc1ccc2nsnc2c1NC1=[NH+]CCN1,2.4,3.3807275,
tdc_vdss_lombardo,"Chemprop v2 (D-MPNN, ensemble=3)",Chemprop v2,train,147,Cn1nnnc1SCC1=C(C(=O)O)N2C(=O)[C@@H](NC(=O)/C(=N/OCC(=O)O)c3cc[nH]n3)[C@H]2SC1,0.22,0.83050925,
tdc_vdss_lombardo,"Chemprop v2 (D-MPNN, ensemble=3)",Chemprop v2,train,148,COc1cc(OC)c(/C=C/S(=O)(=O)Cc2ccc(OC)c(NCC(=O)[O-])c2)c(OC)c1,0.11,2.4886303,
tdc_vdss_lombardo,"Chemprop v2 (D-MPNN, ensemble=3)",Chemprop v2,train,149,CC[NH+](CC)CCOC(=O)C(Cc1cccc2ccccc12)CC1CCCO1,0.98,7.51304,
tdc_vdss_lombardo,"Chemprop v2 (D-MPNN, ensemble=3)",Chemprop v2,train,150,O=C1c2c(O)ccc(O)c2C(=O)c2c(NCC[NH2+]CCO)ccc(NCC[NH2+]CCO)c21,12.0,19.233465,
tdc_vdss_lombardo,"Chemprop v2 (D-MPNN, ensemble=3)",Chemprop v2,train,151,CC(C)(C)NC(=O)C1CCC2C3CCC4NC(=O)C=CC4(C)C3CCC12C,1.1,4.466212,
tdc_vdss_lombardo,"Chemprop v2 (D-MPNN, ensemble=3)",Chemprop v2,train,152,O=C([O-])c1cc(N=Nc2ccc(O)c(C(=O)[O-])c2)ccc1O,0.07,1.865476,
tdc_vdss_lombardo,"Chemprop v2 (D-MPNN, ensemble=3)",Chemprop v2,train,153,O=C1CCC(N2C(=O)c3ccccc3C2=O)C(=O)N1,0.95,3.0995352,
tdc_vdss_lombardo,"Chemprop v2 (D-MPNN, ensemble=3)",Chemprop v2,train,154,COCCN1CC[NH+](Cc2ccc(-c3n[nH]c4c3C(=O)c3c(NC(=O)NN5CCOCC5)cccc3-4)cc2)CC1,5.9,9.3315735,
tdc_vdss_lombardo,"Chemprop v2 (D-MPNN, ensemble=3)",Chemprop v2,train,155,COc1ccc(CC[NH+](C)CCCC(C#N)(c2ccc(OC)c(OC)c2)C(C)C)cc1OC,3.7,5.9348245,
tdc_vdss_lombardo,"Chemprop v2 (D-MPNN, ensemble=3)",Chemprop v2,train,156,COc1ccc(CC[NH+](C)CCCC(C#N)(c2cc(OC)c(OC)c(OC)c2)C(C)C)cc1OC,1.75,5.9781566,
tdc_vdss_lombardo,"Chemprop v2 (D-MPNN, ensemble=3)",Chemprop v2,train,157,C/C=C1/NC(=O)[C@H](Cc2ccccc2)NC(=O)[C@@H](C(C)C)NC(=O)[C@@H]([C@@H](C)CC)NC(=O)[C@H](NC(=O)[C@H](NC(=O)[C@H](CCC[NH3+])NC(=O)[C@H]2CCCN2C(=O)[C@H](NC(=O)[C@@H](NC(=O)[C@@H](NC(=O)[C@H](NC(=O)CCCC(C)C)C(C)C)[C@@H](C)O)C(C)C)C(C)C)[C@@H](C)CC)[C@@H](C)OC(=O)[C@H](C(C)C)NC1=O,0.11,2.3086555,
tdc_vdss_lombardo,"Chemprop v2 (D-MPNN, ensemble=3)",Chemprop v2,train,158,O=C(NCC1CN(c2ccc(N3CCOCC3=O)cc2)C(=O)O1)c1ccc(Cl)s1,0.7,3.299882,
tdc_vdss_lombardo,"Chemprop v2 (D-MPNN, ensemble=3)",Chemprop v2,train,159,COc1cc2nc(N3CCN(C(=O)C4CCCO4)CC3)nc(N)c2cc1OC,0.98,4.1270714,
tdc_vdss_lombardo,"Chemprop v2 (D-MPNN, ensemble=3)",Chemprop v2,train,160,C[NH+]1CCc2cccc3c2C1Cc1ccc(O)c(O)c1-3,1.6,7.621681,
tdc_vdss_lombardo,"Chemprop v2 (D-MPNN, ensemble=3)",Chemprop v2,train,161,C[NH+]1CCc2cccc3c2C1Cc1ccc(O)c(O)c1-3,1.6,7.621681,
tdc_vdss_lombardo,"Chemprop v2 (D-MPNN, ensemble=3)",Chemprop v2,train,162,CC(C)CC(NC(=O)C(NC(=O)c1cccc(-c2ccccc2)n1)C(C)O)B(O)O,0.87,4.295149,
tdc_vdss_lombardo,"Chemprop v2 (D-MPNN, ensemble=3)",Chemprop v2,train,163,O=P(NCCCl)(NCCCl)OC1OC(CO)C(O)C(O)C1O,0.24,3.7497985,
tdc_vdss_lombardo,"Chemprop v2 (D-MPNN, ensemble=3)",Chemprop v2,train,164,COC1/C=C\OC2(C)Oc3c(C)c([O-])c4c(c3C2=O)C2=NC3(CC[NH+](CC(C)C)CC3)NC2=C(NC(=O)/C(C)=C\C=C/C(C)C(O)C(C)C(O)C(C)C(OC(C)=O)C1C)C4=O,9.3,6.5086627,
tdc_vdss_lombardo,"Chemprop v2 (D-MPNN, ensemble=3)",Chemprop v2,train,165,OC(C[NH2+]CC(O)C1CCc2cc(F)ccc2O1)C1CCc2cc(F)ccc2O1,11.0,10.293517,
tdc_vdss_lombardo,"Chemprop v2 (D-MPNN, ensemble=3)",Chemprop v2,train,166,CC(O)C1C(=O)N2C(C(=O)[O-])=C(SCCOC(N)=O)SC12,0.3,1.803307,
tdc_vdss_lombardo,"Chemprop v2 (D-MPNN, ensemble=3)",Chemprop v2,train,167,CC(O)C1C(=O)N2C(C(=O)[O-])=C(COC(N)=O)SC12,0.24,1.8479986,
tdc_vdss_lombardo,"Chemprop v2 (D-MPNN, ensemble=3)",Chemprop v2,train,168,C[C@@H](O)[C@H]1C(=O)N2C(C(=O)O)=C(CN)S[C@H]12,0.23,2.841569,
tdc_vdss_lombardo,"Chemprop v2 (D-MPNN, ensemble=3)",Chemprop v2,train,169,O=C([O-])C1=C(C[n+]2ccc(CCS(=O)(=O)[O-])cc2)CSC2C(NC(=O)C(NC(=O)c3nc[nH]c3C(=O)[O-])c3ccccc3)C(=O)N12,0.21,0.248389,
tdc_vdss_lombardo,"Chemprop v2 (D-MPNN, ensemble=3)",Chemprop v2,train,170,CC(C(=O)[O-])c1ccc(C(=O)c2cccs2)cc1,0.04,2.4745624,
tdc_vdss_lombardo,"Chemprop v2 (D-MPNN, ensemble=3)",Chemprop v2,train,171,CC(C(=O)[O-])c1ccc(C(=O)c2ccccc2)s1,0.08,2.4331605,
tdc_vdss_lombardo,"Chemprop v2 (D-MPNN, ensemble=3)",Chemprop v2,train,172,Nc1nc(CC(=O)Nc2ccc(CC[NH2+]CC(O)c3ccccc3)cc2)cs1,23.8,5.0865855,
tdc_vdss_lombardo,"Chemprop v2 (D-MPNN, ensemble=3)",Chemprop v2,train,173,O=C(/C=C/c1cccc(S(=O)(=O)Nc2ccccc2)c1)NO,0.8,2.3417332,
tdc_vdss_lombardo,"Chemprop v2 (D-MPNN, ensemble=3)",Chemprop v2,train,174,O=C1CCC2(O)C3Cc4ccc(O)c5c4C2(CCN3CC2CC2)C1O5,7.6,7.031551,
tdc_vdss_lombardo,"Chemprop v2 (D-MPNN, ensemble=3)",Chemprop v2,train,175,CN(C)CCN1C(=O)c2cccc3cc(N)cc(c23)C1=O,7.33,4.649987,
tdc_vdss_lombardo,"Chemprop v2 (D-MPNN, ensemble=3)",Chemprop v2,train,176,CN(C)CCN1C(=O)c2cccc3cc([N+](=O)[O-])cc(c23)C1=O,11.3,3.5654995,
tdc_vdss_lombardo,"Chemprop v2 (D-MPNN, ensemble=3)",Chemprop v2,train,177,Cn1c(=O)c2nc[nH]c2n(C)c1=O,0.51,2.8084843,
tdc_vdss_lombardo,"Chemprop v2 (D-MPNN, ensemble=3)",Chemprop v2,train,178,CC(C)(C(=O)[O-])c1ccc(C(=O)CCC[NH+]2CCC(OC(c3ccccc3)c3ccccc3)CC2)cc1,0.41,4.8773293,
tdc_vdss_lombardo,"Chemprop v2 (D-MPNN, ensemble=3)",Chemprop v2,train,179,COc1cc(CC(=O)NCC(=O)N(CCC(=O)[O-])Cc2ccc(OC)c(OC)c2)ccc1NC(=O)Nc1ccccc1C,0.25,2.4090908,
tdc_vdss_lombardo,"Chemprop v2 (D-MPNN, ensemble=3)",Chemprop v2,train,180,Cc1c(-c2ccc(O)cc2)n(Cc2ccc(OCC[NH+]3CCCCCC3)cc2)c2ccc(O)cc12,15.4,13.737729,
tdc_vdss_lombardo,"Chemprop v2 (D-MPNN, ensemble=3)",Chemprop v2,train,181,CC1(C)SC2C([NH+]=CN3CCCCCC3)C(=O)N2C1C(=O)[O-],0.37,3.3524761,
tdc_vdss_lombardo,"Chemprop v2 (D-MPNN, ensemble=3)",Chemprop v2,train,182,CCC1(O)CC(OC2CC(N3CCOCC3)C(O)C(C)O2)c2c(O)c3c(c(O)c2C1O)C(=O)c1cccc(O)c1C3=O,20.9,11.616342,
tdc_vdss_lombardo,"Chemprop v2 (D-MPNN, ensemble=3)",Chemprop v2,train,183,COc1cccc2c1C(=O)c1c(O)c3c(c(O)c1C2=O)CC(O)(C(=O)CO)CC3OC1CC(N2CCOC(OC)C2)C(O)C(C)O1,49.0,11.009548,
tdc_vdss_lombardo,"Chemprop v2 (D-MPNN, ensemble=3)",Chemprop v2,train,184,CC#CCn1c(N2CCCC([NH3+])C2)nc2c1c(=O)n(Cc1nc(C)c3ccccc3n1)c(=O)n2C,16.0,4.330213,
tdc_vdss_lombardo,"Chemprop v2 (D-MPNN, ensemble=3)",Chemprop v2,train,185,COC1(NC(=O)CSCC#N)C(=O)N2C(C(=O)[O-])=C(CSc3nnnn3C)CSC21,0.13,1.1007386,
tdc_vdss_lombardo,"Chemprop v2 (D-MPNN, ensemble=3)",Chemprop v2,train,186,Nc1nc(NC2CC2)c2ncn(C3C=CC(CO)C3)c2n1,0.84,5.5810394,
tdc_vdss_lombardo,"Chemprop v2 (D-MPNN, ensemble=3)",Chemprop v2,train,187,CC([NH2+]C(CCc1ccccc1)C(=O)[O-])C(=O)N1CCCC1C(=O)[O-],0.38,1.6542078,
tdc_vdss_lombardo,"Chemprop v2 (D-MPNN, ensemble=3)",Chemprop v2,train,188,CCCC1CC(C(=O)NC(C(C)Cl)C2OC(SC)C(O)C(O)C2O)[NH+](C)C1,0.79,4.631857,
tdc_vdss_lombardo,"Chemprop v2 (D-MPNN, ensemble=3)",Chemprop v2,train,189,CCCC1CC(C(=O)NC(C(C)O)C2OC(SC)C(O)C(O)C2O)[NH+](C)C1,1.0,4.571981,
tdc_vdss_lombardo,"Chemprop v2 (D-MPNN, ensemble=3)",Chemprop v2,train,190,CC(C)[NH2+]CC(O)COc1cccc2c1N(C(=O)c1cccnc1)CCC2,0.67,6.246378,
tdc_vdss_lombardo,"Chemprop v2 (D-MPNN, ensemble=3)",Chemprop v2,train,191,CCn1cc(C(=O)O)c(=O)c2cnc(N3CCNCC3)nc21,0.88,3.7578151,
tdc_vdss_lombardo,"Chemprop v2 (D-MPNN, ensemble=3)",Chemprop v2,train,192,C/C=C1\NC(=O)C2CSSCC/C=C\C(CC(=O)NC(C(C)C)C(=O)N2)OC(=O)C(C(C)C)NC1=O,1.2,2.842528,
tdc_vdss_lombardo,"Chemprop v2 (D-MPNN, ensemble=3)",Chemprop v2,train,193,CC(CN1CCN(CCOCCO)CC1)CN1c2ccccc2Sc2ccccc21,4.06,13.838923,
tdc_vdss_lombardo,"Chemprop v2 (D-MPNN, ensemble=3)",Chemprop v2,train,194,CCOC(=O)Nc1c[n+](N2CCOCC2)no1,1.4,3.1196086,
tdc_vdss_lombardo,"Chemprop v2 (D-MPNN, ensemble=3)",Chemprop v2,train,195,CC(C(O)c1ccc(O)cc1)[NH+]1CCC(O)(c2ccccc2)CC1,4.4,8.798433,
tdc_vdss_lombardo,"Chemprop v2 (D-MPNN, ensemble=3)",Chemprop v2,train,196,Cc1ccc(NC(=O)c2ccc(CN3CC[NH+](C)CC3)cc2)cc1Nc1nccc(-c2cccnc2)n1,3.9,6.520045,
tdc_vdss_lombardo,"Chemprop v2 (D-MPNN, ensemble=3)",Chemprop v2,train,197,Oc1ccc2c3c1OC1C(O)CCC4(O)C(C2)[NH+](CC2CCC2)CCC314,4.6,7.9550223,
tdc_vdss_lombardo,"Chemprop v2 (D-MPNN, ensemble=3)",Chemprop v2,train,198,CCOc1ccc2c(c1)C1(CCC(OCCN3CCOCC3)CC1)C(=O)N2S(=O)(=O)c1ccc(C(=O)NC(C)(C)C)cc1OC,7.0,5.597744,
tdc_vdss_lombardo,"Chemprop v2 (D-MPNN, ensemble=3)",Chemprop v2,train,199,CC1(C)C(C(=O)[O-])N2C(=O)CC2S1(=O)=O,0.32,1.5419693,
tdc_vdss_lombardo,"Chemprop v2 (D-MPNN, ensemble=3)",Chemprop v2,train,200,CCC1OC(=O)C(C)C(OC2CC(C)(OC)C(O)C(C)O2)C(C)C(OC2OC(C)CC([NH+](C)C)C2O)C(C)(O)CC(C)C(=O)C(C)C(O)C1(C)O,0.95,5.101851,
tdc_vdss_lombardo,"Chemprop v2 (D-MPNN, ensemble=3)",Chemprop v2,train,201,CCC1OC(=O)C(C)C(OC2CC(C)(OC)C(O)C(C)O2)C(C)C(OC2OC(C)CC([NH+](C)C)C2O)C(C)(OC)CC(C)C(=O)C(C)C(O)C1(C)O,1.5,5.1899495,
tdc_vdss_lombardo,"Chemprop v2 (D-MPNN, ensemble=3)",Chemprop v2,train,202,C[NH+](C)CCN(Cc1cccs1)c1ccccn1,3.3,9.05153,
tdc_vdss_lombardo,"Chemprop v2 (D-MPNN, ensemble=3)",Chemprop v2,train,203,CC(C(=O)[O-])c1cccc(Oc2ccccc2)c1,0.1,2.579642,
tdc_vdss_lombardo,"Chemprop v2 (D-MPNN, ensemble=3)",Chemprop v2,train,204,CCCCNc1cc(C(=O)[O-])cc(S(N)(=O)=O)c1Oc1ccccc1,0.16,3.1285179,
tdc_vdss_lombardo,"Chemprop v2 (D-MPNN, ensemble=3)",Chemprop v2,train,205,OC(CC[NH+]1CCCC1)(c1ccccc1)C1CCCCC1,0.74,10.788338,
tdc_vdss_lombardo,"Chemprop v2 (D-MPNN, ensemble=3)",Chemprop v2,train,206,COc1ccc(/C=C/c2cc(OC)c(OC)c(OC)c2)cc1NC(=O)C(N)CO,0.44,3.7380753,
tdc_vdss_lombardo,"Chemprop v2 (D-MPNN, ensemble=3)",Chemprop v2,train,207,CCC1(c2cnc[nH]2)Cc2ccccc2C1,2.7,6.2377815,
tdc_vdss_lombardo,"Chemprop v2 (D-MPNN, ensemble=3)",Chemprop v2,train,208,COCc1c(C(C)C)nc(C(C)C)c(/C=C/C(O)CC(O)CC(=O)[O-])c1-c1ccc(F)cc1,0.33,4.6385884,
tdc_vdss_lombardo,"Chemprop v2 (D-MPNN, ensemble=3)",Chemprop v2,train,209,CN1C(=O)C([O-])CC1c1cccnc1,0.85,2.8565576,
tdc_vdss_lombardo,"Chemprop v2 (D-MPNN, ensemble=3)",Chemprop v2,train,210,CN1C(=O)CCC1c1cccnc1,1.1,3.1822681,
tdc_vdss_lombardo,"Chemprop v2 (D-MPNN, ensemble=3)",Chemprop v2,train,211,CCOC(=O)c1ncn2c1CN(C)C(=O)c1cc(F)ccc1-2,0.8,3.352315,
tdc_vdss_lombardo,"Chemprop v2 (D-MPNN, ensemble=3)",Chemprop v2,train,212,Nc1nc2ccc(OC(F)(F)F)cc2s1,3.5,3.3559618,
tdc_vdss_lombardo,"Chemprop v2 (D-MPNN, ensemble=3)",Chemprop v2,train,213,C[NH+](C)CC(c1ccc(O)cc1)C1(O)CCCCC1,3.5,9.184909,
tdc_vdss_lombardo,"Chemprop v2 (D-MPNN, ensemble=3)",Chemprop v2,train,214,CC[NH+](CC)CC#CCOC(=O)C(O)(c1ccccc1)C1CCCCC1,0.85,4.6871743,
tdc_vdss_lombardo,"Chemprop v2 (D-MPNN, ensemble=3)",Chemprop v2,train,215,COc1ccc(C(C[NH+](C)C)C2(O)CCCCC2)cc1,4.4,8.939407,
tdc_vdss_lombardo,"Chemprop v2 (D-MPNN, ensemble=3)",Chemprop v2,train,216,C[NH+]1CCCC1c1cccnc1,2.6,6.5130286,
tdc_vdss_lombardo,"Chemprop v2 (D-MPNN, ensemble=3)",Chemprop v2,train,217,[NH3+]CCCCC(NC(=O)C(Cc1cc(Br)c([O-])c(Br)c1)NC(=O)N1CCC(N2Cc3ccccc3NC2=O)CC1)C(=O)N1CCN(c2cc[nH+]cc2)CC1,0.31,4.17503,
tdc_vdss_lombardo,"Chemprop v2 (D-MPNN, ensemble=3)",Chemprop v2,train,218,O=C1c2cccc3c2C(CCC3)CN1C1C[NH+]2CCC1CC2,6.3,6.374737,
tdc_vdss_lombardo,"Chemprop v2 (D-MPNN, ensemble=3)",Chemprop v2,train,219,CC(O)C1C(=O)N2C(C(=O)[O-])=C(SCCNC=[NH2+])CC12,0.24,2.684023,
tdc_vdss_lombardo,"Chemprop v2 (D-MPNN, ensemble=3)",Chemprop v2,train,220,Nc1ccn(C2COC(CO)S2)c(=O)n1,1.18,3.6041324,
tdc_vdss_lombardo,"Chemprop v2 (D-MPNN, ensemble=3)",Chemprop v2,train,221,Nc1ccn(C2COC(CO)S2)c(=O)n1,0.84,3.604133,
tdc_vdss_lombardo,"Chemprop v2 (D-MPNN, ensemble=3)",Chemprop v2,train,222,CC(=O)OC1CC2CCC3C(CCC4(C)C3CC(N3CC[N+](C)(C)CC3)C4OC(C)=O)C2(C)CC1N1CC[N+](C)(C)CC1,0.35,6.152277,
tdc_vdss_lombardo,"Chemprop v2 (D-MPNN, ensemble=3)",Chemprop v2,train,223,N[NH+]=c1[nH]ncc2ccccc12,1.5,5.735695,
tdc_vdss_lombardo,"Chemprop v2 (D-MPNN, ensemble=3)",Chemprop v2,train,224,COc1cc(Cc2cnc(N)nc2N)cc(OC)c1OC,1.5,3.9548233,
tdc_vdss_lombardo,"Chemprop v2 (D-MPNN, ensemble=3)",Chemprop v2,train,225,CC(C)Oc1ccccc1N1CCN(Cc2cccc(C(=O)N3CCCCC3)c2)CC1,1.54,5.898174,
tdc_vdss_lombardo,"Chemprop v2 (D-MPNN, ensemble=3)",Chemprop v2,train,226,C=CC(=O)N1CCCC(n2nc(-c3ccc(Oc4ccccc4)cc3)c3c(N)ncnc32)C1,9.75,3.9594688,
tdc_vdss_lombardo,"Chemprop v2 (D-MPNN, ensemble=3)",Chemprop v2,train,227,Cn1nc(C(=O)NC2CC3CCCC(C2)[NH+]3C)c2ccccc21,3.7,5.6515117,
tdc_vdss_lombardo,"Chemprop v2 (D-MPNN, ensemble=3)",Chemprop v2,train,228,CCCCC1=NC2(CCCC2)C(=O)N1Cc1ccc(-c2ccccc2-c2nnn[n-]2)cc1,0.94,4.0795302,
tdc_vdss_lombardo,"Chemprop v2 (D-MPNN, ensemble=3)",Chemprop v2,train,229,CC1(C)OC2COC3(COS(N)(=O)=O)OC(C)(C)OC3C2O1,0.8,4.014985,
tdc_vdss_lombardo,"Chemprop v2 (D-MPNN, ensemble=3)",Chemprop v2,train,230,Nc1cc(OCC2CC2)c(C(=O)NC2C[NH+]3CCC2CC3)cc1Cl,3.9,5.827118,
tdc_vdss_lombardo,"Chemprop v2 (D-MPNN, ensemble=3)",Chemprop v2,train,231,O=C1CCCC2C3CCC[N+]4([O-])CCCC(CN12)C34,0.61,4.2554965,
tdc_vdss_lombardo,"Chemprop v2 (D-MPNN, ensemble=3)",Chemprop v2,train,232,CC[NH+](CCO)CCCC(C)Nc1cc[nH+]c2cc(Cl)ccc12,700.0,167.41486,
tdc_vdss_lombardo,"Chemprop v2 (D-MPNN, ensemble=3)",Chemprop v2,train,233,CC[NH+](CC)CCCC(C)Nc1cc[nH+]c2cc(Cl)ccc12,140.0,156.17577,
tdc_vdss_lombardo,"Chemprop v2 (D-MPNN, ensemble=3)",Chemprop v2,train,234,O=C([O-])c1ccc(-n2nc(-c3ccccc3O)nc2-c2ccccc2O)cc1,0.2,2.6660268,
tdc_vdss_lombardo,"Chemprop v2 (D-MPNN, ensemble=3)",Chemprop v2,train,235,CC(C)CC(NC(=O)C(CCc1ccccc1)NC(=O)CN1CCOCC1)C(=O)NC(Cc1ccccc1)C(=O)NC(CC(C)C)C(=O)C1(C)CO1,0.13,4.65061,
tdc_vdss_lombardo,"Chemprop v2 (D-MPNN, ensemble=3)",Chemprop v2,train,236,NC(=[NH2+])N/N=C1\CCc2c(C(N)=[NH2+])cccc21,20.0,3.3178666,
tdc_vdss_lombardo,"Chemprop v2 (D-MPNN, ensemble=3)",Chemprop v2,train,237,O=c1c([O-])c(-c2ccc(O)c(O)c2)oc2cc([O-])cc(O)c12,0.12,2.8911712,
tdc_vdss_lombardo,"Chemprop v2 (D-MPNN, ensemble=3)",Chemprop v2,train,238,Cn1nnc2c(C(N)=O)ncn2c1=O,0.5,2.574005,
tdc_vdss_lombardo,"Chemprop v2 (D-MPNN, ensemble=3)",Chemprop v2,train,239,CCCCCC/C=C\CCCCCCCCCC(=O)N[C@H]1[C@H](OC[C@H]2O[C@H](OP(=O)([O-])[O-])[C@H](NC(=O)CC(=O)CCCCCCCCCCC)[C@@H](OCCCCCCCCCC)[C@@H]2O)O[C@H](COC)[C@@H](OP(=O)([O-])[O-])[C@@H]1OCC[C@@H](CCCCCCC)OC,0.05,8.239412,
tdc_vdss_lombardo,"Chemprop v2 (D-MPNN, ensemble=3)",Chemprop v2,train,240,COc1c(C)c2c(c(O)c1C/C=C(\C)CCC(=O)[O-])C(=O)OC2,0.77,3.0445726,
tdc_vdss_lombardo,"Chemprop v2 (D-MPNN, ensemble=3)",Chemprop v2,train,241,O=C(NCCN1CCN=C1c1ccncc1)Nc1ccc(C(=O)O)cc1,0.35,3.3296077,
tdc_vdss_lombardo,"Chemprop v2 (D-MPNN, ensemble=3)",Chemprop v2,train,242,CCN(C(C)=O)c1cccc(-c2ccnc3c(C#N)cnn23)c1,1.3,2.9263942,
tdc_vdss_lombardo,"Chemprop v2 (D-MPNN, ensemble=3)",Chemprop v2,train,243,CCC(C(=O)N1CCCCC1C(=O)OC(CCc1ccc(OC)c(OC)c1)c1cccc(OCC(=O)NCCNC(=O)COc2cccc(C(CCc3ccc(OC)c(OC)c3)OC(=O)C3CCCCN3C(=O)C(CC)c3cc(OC)c(OC)c(OC)c3)c2)c1)c1cc(OC)c(OC)c(OC)c1,0.62,3.7360592,
tdc_vdss_lombardo,"Chemprop v2 (D-MPNN, ensemble=3)",Chemprop v2,train,244,COc1cc(C2c3cc4c(cc3C(OC3OC5COC(C)OC5C(O)C3O)C3COC(=O)C23)OCO4)cc(OC)c1O,0.18,6.7236423,
tdc_vdss_lombardo,"Chemprop v2 (D-MPNN, ensemble=3)",Chemprop v2,train,245,COc1cc(C2c3cc4c(cc3C(OC3OC5COC(C)OC5C(O)C3N(C)C)C3COC(=O)C23)OCO4)cc(OC)c1O,0.3,7.0050597,
tdc_vdss_lombardo,"Chemprop v2 (D-MPNN, ensemble=3)",Chemprop v2,train,246,Cc1ccccc1C(=O)Nc1ccc(C(=O)N2CCCC(O)c3cc(Cl)ccc32)c(C)c1,0.5,4.0352554,
tdc_vdss_lombardo,"Chemprop v2 (D-MPNN, ensemble=3)",Chemprop v2,train,247,C/C(=C\c1csc(C)n1)C1CC2OC2(C)CCCC(C)C(O)C(C)C(=O)C(C)(C)C(O)CC(=O)N1,11.0,5.0795097,
tdc_vdss_lombardo,"Chemprop v2 (D-MPNN, ensemble=3)",Chemprop v2,train,248,C[N+]1(C)C2CC(OC(=O)C(O)(c3cccs3)c3cccs3)CC1C1OC12,32.0,4.746637,
tdc_vdss_lombardo,"Chemprop v2 (D-MPNN, ensemble=3)",Chemprop v2,train,249,O=C(CCC[NH+]1CCC(O)(c2ccc(Cl)cc2)CC1)c1ccc(F)cc1,17.0,9.049512,
tdc_vdss_lombardo,"Chemprop v2 (D-MPNN, ensemble=3)",Chemprop v2,train,250,C=CC1=C(C)c2cc3[nH]c(cc4[nH+]c(cc5[nH]c(cc1[nH+]2)c(C)c5CCC(=O)[O-])C(CCC(=O)OC)=C4C)C1(C)C3=CC=C(C(=O)OC)C1C(=O)OC,0.63,3.2732222,
tdc_vdss_lombardo,"Chemprop v2 (D-MPNN, ensemble=3)",Chemprop v2,train,251,C=CC1=C(C)c2cc3[nH]c(cc4[nH+]c(cc5[nH]c(cc1[nH+]2)c(C)c5CCC(=O)OC)C(CCC(=O)[O-])=C4C)C1(C)C3=CC=C(C(=O)OC)C1C(=O)OC,0.51,3.2756689,
tdc_vdss_lombardo,"Chemprop v2 (D-MPNN, ensemble=3)",Chemprop v2,train,252,O=C(O)CCSC[C@H]1O[C@@H]2O[C@H]3[C@H](O)[C@@H](O)[C@@H](O[C@H]4[C@H](O)[C@@H](O)[C@@H](O[C@H]5[C@H](O)[C@@H](O)[C@@H](O[C@H]6[C@H](O)[C@@H](O)[C@@H](O[C@H]7[C@H](O)[C@@H](O)[C@@H](O[C@H]8[C@H](O)[C@@H](O)[C@@H](O[C@H]9[C@H](O)[C@@H](O)[C@@H](O[C@H]1[C@H](O)[C@H]2O)O[C@@H]9CSCCC(=O)O)O[C@@H]8CSCCC(=O)O)O[C@@H]7CSCCC(=O)O)O[C@@H]6CSCCC(=O)O)O[C@@H]5CSCCC(=O)O)O[C@@H]4CSCCC(=O)O)O[C@@H]3CSCCC(=O)O,0.18,0.9827959,
tdc_vdss_lombardo,"Chemprop v2 (D-MPNN, ensemble=3)",Chemprop v2,train,253,Cn1c(N)c(NC(=O)NCC[NH3+])c[n+]1CC1=C(C(=O)[O-])N2C(=O)C(NC(=O)/C(=N/OC(C)(C)C(=O)[O-])c3nsc(N)n3)C2SC1,0.17,-0.5156925,
tdc_vdss_lombardo,"Chemprop v2 (D-MPNN, ensemble=3)",Chemprop v2,train,254,CCC(CC)OC1C=C(C(=O)[O-])CC([NH3+])C1NC(C)=O,0.37,3.3405628,
tdc_vdss_lombardo,"Chemprop v2 (D-MPNN, ensemble=3)",Chemprop v2,train,255,CC(C)(C)[NH2+]CC(O)COc1cccc2c1CC(O)C(O)C2,1.9,9.136505,
tdc_vdss_lombardo,"Chemprop v2 (D-MPNN, ensemble=3)",Chemprop v2,train,256,CCCC(C)C1(CC)C(=O)[N-]C(=S)NC1=O,1.2,2.2314594,
tdc_vdss_lombardo,"Chemprop v2 (D-MPNN, ensemble=3)",Chemprop v2,train,257,CC(C)(C)NC(=O)C1CN(Cc2cccnc2)CCN1CC(O)CC(Cc1ccccc1)C(=O)NC1c2ccccc2CC1O,0.82,6.2572002,
tdc_vdss_lombardo,"Chemprop v2 (D-MPNN, ensemble=3)",Chemprop v2,train,258,NC1CC([NH3+])C(OC2OC(C[NH3+])C(O)C(O)C2O)C(O)C1OC1OC(CO)C(O)C(N)C1O,0.26,4.527518,
tdc_vdss_lombardo,"Chemprop v2 (D-MPNN, ensemble=3)",Chemprop v2,train,259,C[NH2+]C(C)C1CCC(N)C(OC2C(N)CC(N)C(OC3OCC(C)(O)C([NH2+]C)C3O)C2O)O1,0.33,6.0542703,
tdc_vdss_lombardo,"Chemprop v2 (D-MPNN, ensemble=3)",Chemprop v2,train,260,NCC1OC(OC2C(N)CC(N)C(OC3OC(CO)C(O)C([NH3+])C3O)C2O)C([NH3+])CC1O,0.23,4.868626,
tdc_vdss_lombardo,"Chemprop v2 (D-MPNN, ensemble=3)",Chemprop v2,train,261,N[C@@H]1[C@@H](O)[C@@H](O[C@@H]2[C@@H](O)[C@H](O[C@H]3O[C@H](C[NH3+])CC[C@H]3[NH3+])[C@@H](N)C[C@H]2NC(=O)[C@@H](O)CC[NH3+])O[C@H](CO)[C@H]1O,0.21,4.112002,
tdc_vdss_lombardo,"Chemprop v2 (D-MPNN, ensemble=3)",Chemprop v2,train,262,NC1CC(NC(=O)C(O)CC[NH3+])C(OC2OC(CO)C(O)C([NH3+])C2O)C(O)C1OC1OC(C[NH3+])C(O)C(O)C1O,0.16,4.2077327,
tdc_vdss_lombardo,"Chemprop v2 (D-MPNN, ensemble=3)",Chemprop v2,train,263,NC1CC(N)C(OC2OC(CO)C(O)C(N)C2O)C(O)C1OC1OC(C[NH3+])CCC1[NH3+],0.13,5.2152615,
tdc_vdss_lombardo,"Chemprop v2 (D-MPNN, ensemble=3)",Chemprop v2,train,264,C[NH2+]C1C(O)C(OC2C(NC(=O)C(O)C[NH3+])CC(N)C(OC3OC(C[NH3+])C(O)C(O)C3O)C2O)OCC1(C)O,0.32,4.2129564,
tdc_vdss_lombardo,"Chemprop v2 (D-MPNN, ensemble=3)",Chemprop v2,train,265,CNC[C@@H]1CC[C@@H](N)[C@@H](O[C@@H]2[C@H](O)[C@@H](O[C@H]3OC[C@](C)(O)[C@H](NC)[C@H]3O)[C@H](N)C[C@@H]2N)O1,0.15,4.782787,
tdc_vdss_lombardo,"Chemprop v2 (D-MPNN, ensemble=3)",Chemprop v2,train,266,CCCC(Nc1nc(-c2ccc(NC(=O)NCC)c(OC)c2)ncc1C)c1cccnc1,3.41,4.7248435,
tdc_vdss_lombardo,"Chemprop v2 (D-MPNN, ensemble=3)",Chemprop v2,train,267,O=C(OC1C[N+]2(CCCOc3ccccc3)CCC1CC2)C(O)(c1cccs1)c1cccs1,4.3,5.916408,
tdc_vdss_lombardo,"Chemprop v2 (D-MPNN, ensemble=3)",Chemprop v2,train,268,C[NH+]1C2CCC1CC(=C1c3ccccc3CSc3ccccc31)C2,11.85,8.770734,
tdc_vdss_lombardo,"Chemprop v2 (D-MPNN, ensemble=3)",Chemprop v2,train,269,O=C1CCC(C(=O)N2CSCC2C(=O)[O-])N1,0.31,1.9238149,
tdc_vdss_lombardo,"Chemprop v2 (D-MPNN, ensemble=3)",Chemprop v2,train,270,CCOC(=O)C(CCc1ccccc1)NC(C)C(=O)N1C(C(=O)[O-])CC2CCCCC21,0.25,2.9185688,
tdc_vdss_lombardo,"Chemprop v2 (D-MPNN, ensemble=3)",Chemprop v2,train,271,CCOc1ccccc1OCC[NH2+]C(C)Cc1ccc(OC)c(S(N)(=O)=O)c1,0.21,4.443553,
tdc_vdss_lombardo,"Chemprop v2 (D-MPNN, ensemble=3)",Chemprop v2,train,272,C[NH+](CCOc1ccc(NS(C)(=O)=O)cc1)CCc1ccc(NS(C)(=O)=O)cc1,3.3,4.0728707,
tdc_vdss_lombardo,"Chemprop v2 (D-MPNN, ensemble=3)",Chemprop v2,train,273,O=c1[nH]cc(F)c(=O)[nH]1,0.23,2.6537085,
tdc_vdss_lombardo,"Chemprop v2 (D-MPNN, ensemble=3)",Chemprop v2,train,274,CCCC(=O)N1CCCN(c2nc(N)c3cc(OC)c(OC)cc3n2)CC1,0.72,4.1232524,
tdc_vdss_lombardo,"Chemprop v2 (D-MPNN, ensemble=3)",Chemprop v2,train,275,CC(C)(C)S(=O)(=O)CC(Cc1ccccc1)C(=O)NC(Cc1c[nH]cn1)C(=O)NC(CC1CCCCC1)C(O)C(O)C1CC1,0.77,4.449735,
tdc_vdss_lombardo,"Chemprop v2 (D-MPNN, ensemble=3)",Chemprop v2,train,276,CC(=O)N[C@H](Cc1ccc2ccccc2c1)C(=O)N[C@H](Cc1ccc(Cl)cc1)C(=O)N[C@H](Cc1cccnc1)C(=O)N[C@@H](CO)C(=O)N[C@@H](Cc1ccc(NC(=O)[C@@H]2CC(=O)NC(=O)N2)cc1)C(=O)N[C@H](Cc1ccc(NC(N)=O)cc1)C(=O)N[C@@H](CC(C)C)C(=O)N[C@@H](CCCC[NH2+]C(C)C)C(=O)N1CCC[C@H]1C(=O)N[C@H](C)C(N)=O,0.74,3.035735,
tdc_vdss_lombardo,"Chemprop v2 (D-MPNN, ensemble=3)",Chemprop v2,train,277,CCCC([NH2+]C(C)C(=O)N1C(C(=O)[O-])CC2CCCCC21)C(=O)[O-],0.76,2.2891738,
tdc_vdss_lombardo,"Chemprop v2 (D-MPNN, ensemble=3)",Chemprop v2,train,278,Nc1ccc(S(=O)(=O)[N-]c2ncccn2)cc1,0.29,1.7582339,
tdc_vdss_lombardo,"Chemprop v2 (D-MPNN, ensemble=3)",Chemprop v2,train,279,CC[NH+](CC)CCN(Cc1ccc(-c2ccc(C(F)(F)F)cc2)cc1)C(=O)Cn1c(SCc2ccc(F)cc2)nc(=O)c2c1CCC2,11.9,7.312725,
tdc_vdss_lombardo,"Chemprop v2 (D-MPNN, ensemble=3)",Chemprop v2,train,280,O=C(NCC1CCCC[NH2+]1)c1cc(OCC(F)(F)F)ccc1OCC(F)(F)F,6.1,4.4303384,
tdc_vdss_lombardo,"Chemprop v2 (D-MPNN, ensemble=3)",Chemprop v2,train,281,CC(C)(C)NC(=O)C1CC2CCCCC2CN1CC(O)C(Cc1ccccc1)NC(=O)C(CC(N)=O)NC(=O)c1ccc2ccccc2n1,3.6,5.3208013,
tdc_vdss_lombardo,"Chemprop v2 (D-MPNN, ensemble=3)",Chemprop v2,train,282,CCc1cnn2c(NCc3ccc[n+]([O-])c3)cc(N3CCCCC3CCO)nc12,0.32,5.348211,
tdc_vdss_lombardo,"Chemprop v2 (D-MPNN, ensemble=3)",Chemprop v2,train,283,Cc1c(F)cc(C(=O)NC2CC2)cc1-c1ccc(C(=O)NCC(C)(C)C)cn1,1.67,4.8792105,
tdc_vdss_lombardo,"Chemprop v2 (D-MPNN, ensemble=3)",Chemprop v2,train,284,Cc1c[nH]c2c(O)cc3c(c12)C(CCl)CN3C(=O)c1cc2cc(NC(=O)Nc3ccc4[nH]c(C(=O)N5CC(CCl)c6c5cc(O)c5[nH]cc(C)c65)cc4c3)ccc2[nH]1,0.05,5.0804734,
tdc_vdss_lombardo,"Chemprop v2 (D-MPNN, ensemble=3)",Chemprop v2,train,285,C=C(CC(NC(=O)c1ccc(CCc2cnc3nc(N)nc(N)c3n2)cc1)C(=O)[O-])C(=O)[O-],0.7,1.4156742,
tdc_vdss_lombardo,"Chemprop v2 (D-MPNN, ensemble=3)",Chemprop v2,train,286,C#CCC(Cc1cnc2nc(N)nc(N)c2n1)c1ccc(C(=O)NC(CCC(=O)[O-])C(=O)[O-])cc1,0.53,2.0034583,
tdc_vdss_lombardo,"Chemprop v2 (D-MPNN, ensemble=3)",Chemprop v2,train,287,C#CCC(Cc1cnc2nc(N)nc(N)c2n1)c1ccc(C(=O)NC(CCC(=O)[O-])C(=O)[O-])cc1,1.5,2.0034587,
tdc_vdss_lombardo,"Chemprop v2 (D-MPNN, ensemble=3)",Chemprop v2,train,288,CCCOC(C(=O)OC1CC[NH+](C)CC1)(c1ccccc1)c1ccccc1,2.73,5.60842,
tdc_vdss_lombardo,"Chemprop v2 (D-MPNN, ensemble=3)",Chemprop v2,train,289,COC(=O)C1=C(C)NC(C)=C(C(=O)OCCC[NH+]2CCC(c3ccccc3)(c3ccccc3)CC2)C1c1cccc([N+](=O)[O-])c1,8.4,4.2396097,
tdc_vdss_lombardo,"Chemprop v2 (D-MPNN, ensemble=3)",Chemprop v2,train,290,CC(NC(=O)C(Cc1c[nH]c2ccccc12)NC(=O)C(N)Cc1c[nH]cn1)C(=O)NC(Cc1c[nH]c2ccccc12)C(=O)NC(Cc1ccccc1)C(=O)NC(CCCC[NH3+])C(N)=O,0.42,3.7714167,
tdc_vdss_lombardo,"Chemprop v2 (D-MPNN, ensemble=3)",Chemprop v2,train,291,CC(=O)N(CCC(CC[NH+]1CCCCC1)(C(N)=O)c1ccccc1Cl)C(C)C,2.6,5.5539703,
tdc_vdss_lombardo,"Chemprop v2 (D-MPNN, ensemble=3)",Chemprop v2,train,292,CC(C)C1C(=O)NC(CCCNC(N)=[NH2+])C(=O)NCC(=O)NC(CC(=O)[O-])C(=O)NC(Cc2ccccc2)C(=O)N1C,0.26,2.426884,
tdc_vdss_lombardo,"Chemprop v2 (D-MPNN, ensemble=3)",Chemprop v2,train,293,CC1=NC(=O)C(CC[NH+](C(C)C)C(C)C)(c2ccccc2)C2CCCCN12,0.58,6.869002,
tdc_vdss_lombardo,"Chemprop v2 (D-MPNN, ensemble=3)",Chemprop v2,train,294,C=C1CCC2(O)C3Cc4ccc(O)c5c4C2(CC[NH+]3CC2CC2)C1O5,8.2,8.036641,
tdc_vdss_lombardo,"Chemprop v2 (D-MPNN, ensemble=3)",Chemprop v2,train,295,Nc1nc(=O)c2c(CCc3ccc(C(=O)NC(CCC(=O)[O-])C(=O)[O-])cc3)c[nH]c2[nH]1,0.15,1.9668182,
tdc_vdss_lombardo,"Chemprop v2 (D-MPNN, ensemble=3)",Chemprop v2,train,296,Cc1cc(NC(=O)C2=C([O-])c3ccccc3S(=O)(=O)N2C)no1,0.19,1.6785911,
tdc_vdss_lombardo,"Chemprop v2 (D-MPNN, ensemble=3)",Chemprop v2,train,297,O=C1CN=C(c2ccccn2)c2cc(Br)ccc2N1,0.85,3.473587,
tdc_vdss_lombardo,"Chemprop v2 (D-MPNN, ensemble=3)",Chemprop v2,train,298,COc1c(N2CC3CCC[NH2+]C3C2)c(F)cc2c(=O)c(C(=O)[O-])cn(C3CC3)c12,1.4,4.9721217,
tdc_vdss_lombardo,"Chemprop v2 (D-MPNN, ensemble=3)",Chemprop v2,train,299,Cn1c(CNc2ccc(C(N)=[NH2+])cc2)nc2cc(C(=O)N(CCC(=O)[O-])c3ccccn3)ccc21,0.85,2.6461473,
tdc_vdss_lombardo,"Chemprop v2 (D-MPNN, ensemble=3)",Chemprop v2,train,300,C#CC1(O)CCC2C3CCC4=CC(=O)CCC4C3C(=C)CC21CC,2.87,4.406366,
tdc_vdss_lombardo,"Chemprop v2 (D-MPNN, ensemble=3)",Chemprop v2,train,301,CCN(CC)c1ccc2cc(C(=O)Nc3ccc4[nH]c(C(=O)N5CC(CCl)c6c5cc(OC(=O)Nc5ccccc5)c5[nH]cc(C)c65)cc4c3)oc2c1,0.09,4.996904,
tdc_vdss_lombardo,"Chemprop v2 (D-MPNN, ensemble=3)",Chemprop v2,train,302,C[NH+]1C2CC(OC(=O)C(CO)c3ccccc3)CC1C1OC12,3.1,4.4483376,
tdc_vdss_lombardo,"Chemprop v2 (D-MPNN, ensemble=3)",Chemprop v2,train,303,[NH3+]CC1OB(O)c2c(OCCCO)cccc21,2.37,7.021086,
tdc_vdss_lombardo,"Chemprop v2 (D-MPNN, ensemble=3)",Chemprop v2,train,304,CC1(C)[C@@H](O[C@@H]2O[C@@H](C(=O)[O-])[C@H](O)[C@@H](O)[C@@H]2O[C@H]2O[C@@H](C(=O)[O-])[C@H](O)[C@@H](O)[C@@H]2O)CC[C@]2(C)[C@H]3C(=O)C=C4[C@@H]5C[C@@](C)(C(=O)[O-])CC[C@]5(C)CC[C@@]4(C)[C@]3(C)CC[C@@H]12,0.05,3.2358515,
tdc_vdss_lombardo,"Chemprop v2 (D-MPNN, ensemble=3)",Chemprop v2,train,305,CC1(C)[C@@H](O[C@@H]2O[C@@H](C(=O)[O-])[C@H](O)[C@@H](O)[C@@H]2O[C@H]2O[C@@H](C(=O)[O-])[C@H](O)[C@@H](O)[C@@H]2O)CC[C@]2(C)[C@H]3C(=O)C=C4[C@@H]5C[C@@](C)(C(=O)[O-])CC[C@]5(C)CC[C@@]4(C)[C@]3(C)CC[C@@H]12,0.06,3.2358532,
tdc_vdss_lombardo,"Chemprop v2 (D-MPNN, ensemble=3)",Chemprop v2,train,306,CSCCC([NH3+])C(=O)NC1(C(=O)[O-])CS(=O)(=O)C2C(C(=O)[O-])C21,0.44,0.8429852,
tdc_vdss_lombardo,"Chemprop v2 (D-MPNN, ensemble=3)",Chemprop v2,train,307,[NH3+]C1(C(=O)[O-])CS(=O)(=O)C2C(C(=O)[O-])C21,0.21,0.791866,
tdc_vdss_lombardo,"Chemprop v2 (D-MPNN, ensemble=3)",Chemprop v2,train,308,Nc1[nH]c(=O)ncc1F,0.68,2.7192354,
tdc_vdss_lombardo,"Chemprop v2 (D-MPNN, ensemble=3)",Chemprop v2,train,309,Nc1ccn(CC(CO)OCP(=O)([O-])[O-])c(=O)n1,0.49,1.9159054,
tdc_vdss_lombardo,"Chemprop v2 (D-MPNN, ensemble=3)",Chemprop v2,train,310,COC1CC2CCC(C)C(O)(O2)C(=O)C(=O)N2CCCCC2C(=O)OC(C(C)CC2CCC(n3cnnn3)C(OC)C2)CC(=O)C(C)/C=C(\C)C(O)C(OC)C(=O)C(C)CC(C)/C=C/C=C/C=C/1C,1.3,4.8297596,
tdc_vdss_lombardo,"Chemprop v2 (D-MPNN, ensemble=3)",Chemprop v2,train,311,CCC(C)(C)[NH2+]CC(O)COc1ccccc1C(=O)CCc1ccccc1,1.2,10.065898,
tdc_vdss_lombardo,"Chemprop v2 (D-MPNN, ensemble=3)",Chemprop v2,train,312,CCC[NH2+]CC(O)COc1ccccc1C(=O)CCc1ccccc1,2.2,9.150898,
tdc_vdss_lombardo,"Chemprop v2 (D-MPNN, ensemble=3)",Chemprop v2,train,313,Cc1cc(-n2cccc2)c(S(C)(=O)=O)cc1C(=O)NC(=N)N,1.1,2.6709776,
tdc_vdss_lombardo,"Chemprop v2 (D-MPNN, ensemble=3)",Chemprop v2,train,314,CCCCc1ncc(/C=C(/Cc2cccs2)C(=O)[O-])n1Cc1ccc(C(=O)[O-])cc1,0.17,2.4770067,
tdc_vdss_lombardo,"Chemprop v2 (D-MPNN, ensemble=3)",Chemprop v2,train,315,Nc1nc(N[NH+]=CC2CCCCC2)nc2c1ncn2C1OC(CO)C(O)C1O,0.4,5.6906567,
tdc_vdss_lombardo,"Chemprop v2 (D-MPNN, ensemble=3)",Chemprop v2,train,316,C=C(Br)C(=O)Nc1cc(C(=O)Nc2cc(C(=O)Nc3cc(C(=O)Nc4cc(C(=O)NCCNC(N)=[NH2+])n(C)c4)n(C)c3)n(C)c2)n(C)c1,0.36,2.7579784,
tdc_vdss_lombardo,"Chemprop v2 (D-MPNN, ensemble=3)",Chemprop v2,train,317,CC[C@H]1C2C[C@H]3[C@@H]4N(C)c5ccccc5[C@]45C[C@@H](C2[C@H]5O)[NH+]3[C@@H]1O,4.0,5.62762,
tdc_vdss_lombardo,"Chemprop v2 (D-MPNN, ensemble=3)",Chemprop v2,train,318,CCCCCC(O)/C=C/C1C(O)CC(=O)C1CCCCCCC(=O)[O-],2.4,4.9137244,
tdc_vdss_lombardo,"Chemprop v2 (D-MPNN, ensemble=3)",Chemprop v2,train,319,NC1CC([NH3+])C(OC2OC(C[NH3+])C(O)C(O)C2N)C(OC2OC(CO)C(O)C2O)C1O,0.25,4.564374,
tdc_vdss_lombardo,"Chemprop v2 (D-MPNN, ensemble=3)",Chemprop v2,train,320,CS(=O)(=O)c1ccc(C(=O)Nc2ccc(Cl)c(-c3ccccn3)c2)c(Cl)c1,0.23,2.9657352,
tdc_vdss_lombardo,"Chemprop v2 (D-MPNN, ensemble=3)",Chemprop v2,train,321,CC1(C)C(/C=C/C=C/C=C/C=C2\N(CCCCS(=O)(=O)[O-])c3ccc4ccccc4c3C2(C)C)=[N+](CCCCS(=O)(=O)[O-])c2ccc3ccccc3c21,0.04,3.515261,
tdc_vdss_lombardo,"Chemprop v2 (D-MPNN, ensemble=3)",Chemprop v2,train,322,C[NH+]1CCC23c4c5ccc(O)c4OC2C(=O)CCC3C1C5,4.3,6.571465,
tdc_vdss_lombardo,"Chemprop v2 (D-MPNN, ensemble=3)",Chemprop v2,train,323,COc1ccc2c3c1OC1C(=O)CCC4(O)C(C2)[NH+](C)CCC314,2.5,6.48735,
tdc_vdss_lombardo,"Chemprop v2 (D-MPNN, ensemble=3)",Chemprop v2,train,324,CCCCS(=O)(=O)NC(Cc1ccc(OCCCCC2CC[NH2+]CC2)cc1)C(=O)[O-],0.99,4.143337,
tdc_vdss_lombardo,"Chemprop v2 (D-MPNN, ensemble=3)",Chemprop v2,train,325,COc1ccc(CC(NC(=O)CC(C)(C)[NH3+])C(=O)NC(Cc2c[nH+]c[nH]2)C(=O)NC(CC2CCCCC2)C(O)C(O)CC(C)C)cc1,7.5,6.2913976,
tdc_vdss_lombardo,"Chemprop v2 (D-MPNN, ensemble=3)",Chemprop v2,train,326,CCOc1ccc(Cc2cc(C3OC(CO)C(O)C(O)C3O)ccc2Cl)cc1,1.7,7.8001456,
tdc_vdss_lombardo,"Chemprop v2 (D-MPNN, ensemble=3)",Chemprop v2,train,327,COC(=O)CC(O)(CCCC(C)(C)O)C(=O)OC1C(OC)=CC23CCC[NH+]2CCc2cc4c(cc2C13)OCO4,1.8,5.2517343,
tdc_vdss_lombardo,"Chemprop v2 (D-MPNN, ensemble=3)",Chemprop v2,train,328,CC(C)[NH+]1CCC(N(C(=O)Cc2ccccc2)c2ccc(Cl)cc2)CC1,6.6,7.0993066,
tdc_vdss_lombardo,"Chemprop v2 (D-MPNN, ensemble=3)",Chemprop v2,train,329,Cc1onc(-c2ccccc2)c1C(=O)NC1C(=O)N2C1SC(C)(C)C2C(=O)[O-],0.19,2.7814503,
tdc_vdss_lombardo,"Chemprop v2 (D-MPNN, ensemble=3)",Chemprop v2,train,330,Cc1onc(-c2c(Cl)cccc2Cl)c1C(=O)NC1C(=O)N2C1SC(C)(C)C2C(=O)[O-],0.11,3.0793455,
tdc_vdss_lombardo,"Chemprop v2 (D-MPNN, ensemble=3)",Chemprop v2,train,331,Cc1onc(-c2c(F)cccc2Cl)c1C(=O)NC1C(=O)N2C1SC(C)(C)C2C(=O)[O-],0.19,3.0297241,
tdc_vdss_lombardo,"Chemprop v2 (D-MPNN, ensemble=3)",Chemprop v2,train,332,CC(C)C(NC(=O)C(C(C)C)N(C)C)C(=O)N(C)C(C(=O)N1CCCC1C(=O)N1CCCC1C(=O)NC(C)(C)C)C(C)C,0.33,2.8282318,
tdc_vdss_lombardo,"Chemprop v2 (D-MPNN, ensemble=3)",Chemprop v2,train,333,CN(CCOc1ccc(CC2SC(=O)[N-]C2=O)cc1)c1ccccn1,0.2,2.743913,
tdc_vdss_lombardo,"Chemprop v2 (D-MPNN, ensemble=3)",Chemprop v2,train,334,C=CC[NH+]1CCCC1CNC(=O)c1cc2n[nH]nc2cc1OC,1.6,5.609594,
tdc_vdss_lombardo,"Chemprop v2 (D-MPNN, ensemble=3)",Chemprop v2,train,335,Nc1nc(F)nc2c1ncn2C1OC(CO)C(O)C1O,2.2,4.834474,
tdc_vdss_lombardo,"Chemprop v2 (D-MPNN, ensemble=3)",Chemprop v2,train,336,Nc1nc(Cl)nc2c1ncn2C1CC(O)C(CO)O1,7.7,5.360678,
tdc_vdss_lombardo,"Chemprop v2 (D-MPNN, ensemble=3)",Chemprop v2,train,337,Nc1nc(Cl)nc2c1ncn2C1OC(CO)C(O)C1F,1.75,5.2543583,
tdc_vdss_lombardo,"Chemprop v2 (D-MPNN, ensemble=3)",Chemprop v2,train,338,COc1nc(N)nc2c1ncn2C1OC(CO)C(O)C1O,4.9,4.567921,
tdc_vdss_lombardo,"Chemprop v2 (D-MPNN, ensemble=3)",Chemprop v2,train,339,CSCCNc1nc(SCCC(F)(F)F)nc2c1ncn2C1OC(COP(=O)([O-])OP(=O)([O-])C(Cl)(Cl)P(=O)([O-])[O-])C(O)C1O,0.04,-0.06414334,
tdc_vdss_lombardo,"Chemprop v2 (D-MPNN, ensemble=3)",Chemprop v2,train,340,O=C(c1ccccc1)c1ccc2n1CCC2C(=O)[O-],0.11,2.919543,
tdc_vdss_lombardo,"Chemprop v2 (D-MPNN, ensemble=3)",Chemprop v2,train,341,Cn1c(CCCC(=O)[O-])[nH+]c2cc(N(CCCl)CCCl)ccc21,0.22,4.1051755,
tdc_vdss_lombardo,"Chemprop v2 (D-MPNN, ensemble=3)",Chemprop v2,train,342,NC(=O)c1ncn(C2OC(CO)C(O)C2O)n1,14.0,3.516565,
tdc_vdss_lombardo,"Chemprop v2 (D-MPNN, ensemble=3)",Chemprop v2,train,343,O=C1NC(=O)C(c2cnc3ccccn23)=C1c1cn2c3c(cc(F)cc13)CN(C(=O)N1CCCCC1)CC2,1.2,4.137673,
tdc_vdss_lombardo,"Chemprop v2 (D-MPNN, ensemble=3)",Chemprop v2,train,344,CC(O)C(CO)NC(=O)C1CSSCC(NC(=O)C(N)Cc2ccccc2)C(=O)NC(Cc2ccccc2)C(=O)NC(Cc2c[nH]c3ccccc23)C(=O)NC(CCCC[NH3+])C(=O)NC(C(C)O)C(=O)N1,0.19,4.9187775,
tdc_vdss_lombardo,"Chemprop v2 (D-MPNN, ensemble=3)",Chemprop v2,train,345,CN1CC(C(=O)NC2(C)OC3(O)C4CCCN4C(=O)C(Cc4ccccc4)N3C2=O)C=C2c3cccc4[nH]cc(c34)CC21,3.6,5.548942,
tdc_vdss_lombardo,"Chemprop v2 (D-MPNN, ensemble=3)",Chemprop v2,train,346,OCc1cc(C(O)C[NH2+]CCCCCCOCCOCc2c(Cl)cccc2Cl)ccc1O,2.38,17.211874,
tdc_vdss_lombardo,"Chemprop v2 (D-MPNN, ensemble=3)",Chemprop v2,train,347,C[NH+]1CCN(CC(=O)N2c3ccccc3C(=O)Nc3cccnc32)CC1,1.71,5.673973,
tdc_vdss_lombardo,"Chemprop v2 (D-MPNN, ensemble=3)",Chemprop v2,train,348,COc1ccc(C2CNC(=O)C2)cc1OC1CCCC1,0.67,4.5180483,
tdc_vdss_lombardo,"Chemprop v2 (D-MPNN, ensemble=3)",Chemprop v2,train,349,Cc1onc(-c2ccccc2)c1-c1ccc(S(N)(=O)=O)cc1,0.75,2.9254837,
tdc_vdss_lombardo,"Chemprop v2 (D-MPNN, ensemble=3)",Chemprop v2,train,350,CCC(C)n1ncn(-c2ccc(N3CCN(c4ccc(OCC5COC(Cn6cncn6)(c6ccc(Cl)cc6Cl)O5)cc4)CC3)cc2)c1=O,7.4,6.537146,
tdc_vdss_lombardo,"Chemprop v2 (D-MPNN, ensemble=3)",Chemprop v2,train,351,O=c1[nH]cnc2[nH]ncc12,0.58,2.7867138,
tdc_vdss_lombardo,"Chemprop v2 (D-MPNN, ensemble=3)",Chemprop v2,train,352,COc1ccc2c3c1OC1CC(O)C=CC31CC[NH+](C)C2,2.3,7.2539673,
tdc_vdss_lombardo,"Chemprop v2 (D-MPNN, ensemble=3)",Chemprop v2,train,353,C#CC1(O)C=CC2C3CCC4=CC(=O)CCC4C3CCC21CC,0.46,4.235467,
tdc_vdss_lombardo,"Chemprop v2 (D-MPNN, ensemble=3)",Chemprop v2,train,354,COC[C@H]1O[C@@H](O[C@@H]2OC[C@@H]3O[C@@]4(OC[C@@H](OC(=O)c5c(C)cc(O)cc5O)[C@@H]5OCO[C@H]54)O[C@H]3[C@H]2O)[C@@H](OC)[C@@H](O)[C@@H]1O[C@@H]1O[C@H](C)[C@H](OC)[C@H](O[C@@H]2O[C@H](C)[C@H]3O[C@]4(C[C@@H](O)[C@H](O[C@H]5C[C@@H](O[C@H]6C[C@](C)([N+](=O)[O-])[C@@H](OC)[C@H](C)O6)[C@H](OC(=O)c6c(C)c(Cl)c([O-])c(Cl)c6OC)[C@@H](C)O5)[C@@H](C)O4)O[C@]3(C)[C@@H]2O)[C@H]1O,0.39,4.740393,
tdc_vdss_lombardo,"Chemprop v2 (D-MPNN, ensemble=3)",Chemprop v2,train,355,COc1cc(F)ccc1Cn1ccc2c3c(ncc21)C(=O)N([O-])CC3,5.7,3.3276901,
tdc_vdss_lombardo,"Chemprop v2 (D-MPNN, ensemble=3)",Chemprop v2,train,356,COc1ccc2c(c1)N(CC(C)C[NH+](C)C)c1ccccc1S2,12.0,13.147653,
tdc_vdss_lombardo,"Chemprop v2 (D-MPNN, ensemble=3)",Chemprop v2,train,357,C[NH+](C)CCCN1c2ccccc2Sc2ccccc21,8.1,13.759563,
tdc_vdss_lombardo,"Chemprop v2 (D-MPNN, ensemble=3)",Chemprop v2,train,358,CC(CN1c2ccccc2Sc2ccccc21)[NH+](C)C,14.0,12.24495,
tdc_vdss_lombardo,"Chemprop v2 (D-MPNN, ensemble=3)",Chemprop v2,train,359,C[NH+](C)CCCN1c2ccccc2Sc2ccc(Cl)cc21,10.0,13.956735,
tdc_vdss_lombardo,"Chemprop v2 (D-MPNN, ensemble=3)",Chemprop v2,train,360,CO/N=C(/C(=O)N[C@@H]1C(=O)N2C(C(=O)[O-])=C(C[n+]3ccc(-c4cnco4)cc3)CS[C@H]12)c1csc(N)n1,0.22,1.7969164,
tdc_vdss_lombardo,"Chemprop v2 (D-MPNN, ensemble=3)",Chemprop v2,train,361,Cc1cc(F)ccc1[C@H]1CNCCN1C(=O)N(C)[C@H](C)c1cc(C(F)(F)F)cc(C(F)(F)F)c1,3.8,4.321145,
tdc_vdss_lombardo,"Chemprop v2 (D-MPNN, ensemble=3)",Chemprop v2,train,362,CNS(=O)(=O)CCc1ccc2[nH]cc(C3CC[NH+](C)CC3)c2c1,2.4,4.585543,
tdc_vdss_lombardo,"Chemprop v2 (D-MPNN, ensemble=3)",Chemprop v2,train,363,CC(CCc1ccccc1)[NH2+]CC(O)c1ccc(O)c(C(N)=O)c1,4.8,7.1716895,
tdc_vdss_lombardo,"Chemprop v2 (D-MPNN, ensemble=3)",Chemprop v2,train,364,CC(CCc1ccccc1)[NH2+]CC(O)c1ccc(O)c(C(N)=O)c1,4.8,7.171688,
tdc_vdss_lombardo,"Chemprop v2 (D-MPNN, ensemble=3)",Chemprop v2,train,365,C=CC1=C(C(=O)[O-])N2C(=O)C(NC(=O)/C(=N/OCC(=O)[O-])c3csc(N)n3)C2SC1,0.24,0.23922086,
tdc_vdss_lombardo,"Chemprop v2 (D-MPNN, ensemble=3)",Chemprop v2,train,366,CO/N=C(\C(=O)NC1C(=O)N2C(C(=O)[O-])=CCSC12)c1csc(N)n1,0.2,1.1403222,
tdc_vdss_lombardo,"Chemprop v2 (D-MPNN, ensemble=3)",Chemprop v2,train,367,CO/N=C(/C(=O)NC1C(=O)N2C(C(=O)[O-])=C(COC(C)=O)CSC12)c1csc(N)n1,0.19,0.80692106,
tdc_vdss_lombardo,"Chemprop v2 (D-MPNN, ensemble=3)",Chemprop v2,train,368,CO/N=C(/C(=O)NC1C(=O)N2C(C(=O)[O-])=C(C)CSC12)c1csc(N)n1,0.28,1.1945757,
tdc_vdss_lombardo,"Chemprop v2 (D-MPNN, ensemble=3)",Chemprop v2,train,369,CC(c1ccccn1)c1c(CC[NH+](C)[14CH3])sc2ccccc12,1.83,11.141637,
tdc_vdss_lombardo,"Chemprop v2 (D-MPNN, ensemble=3)",Chemprop v2,train,370,CC12C=CC(=O)C=C1CCC1C2C(=O)CC2(C)C1CCC2(O)C(=O)CO,0.57,4.3561416,
tdc_vdss_lombardo,"Chemprop v2 (D-MPNN, ensemble=3)",Chemprop v2,train,371,NC(=[NH2+])c1ccc(OCCCCCOc2ccc(C(N)=[NH2+])cc2)cc1,53.0,9.443058,
tdc_vdss_lombardo,"Chemprop v2 (D-MPNN, ensemble=3)",Chemprop v2,train,372,Nc1cc(N2CCCCC2)nc(N)[n+]1[O-],0.9,3.386604,
tdc_vdss_lombardo,"Chemprop v2 (D-MPNN, ensemble=3)",Chemprop v2,train,373,CCC1C(=O)N(C)c2cnc(Nc3ccc(C(=O)NC4CCC([NH+]5CCN(CC6CC6)CC5)CC4)cc3OC)nc2N1C(C)C,80.5,7.4353485,
tdc_vdss_lombardo,"Chemprop v2 (D-MPNN, ensemble=3)",Chemprop v2,train,374,Cc1nnc2n1-c1ccc(Cl)cc1C(c1ccccc1)=NC2,0.8,4.837904,
tdc_vdss_lombardo,"Chemprop v2 (D-MPNN, ensemble=3)",Chemprop v2,train,375,CN(C)Cc1nnc2n1-c1ccc(Cl)cc1C(c1ccccc1)=NC2,0.98,5.6363807,
tdc_vdss_lombardo,"Chemprop v2 (D-MPNN, ensemble=3)",Chemprop v2,train,376,Cc1nnc2n1-c1ccc(Cl)cc1C(c1ccccc1Cl)=NC2,0.58,5.0850067,
tdc_vdss_lombardo,"Chemprop v2 (D-MPNN, ensemble=3)",Chemprop v2,train,377,Cc1ncsc1CCCl,6.6,4.0171914,
tdc_vdss_lombardo,"Chemprop v2 (D-MPNN, ensemble=3)",Chemprop v2,train,378,CN/C(=C\[N+](=O)[O-])NCCSCc1csc(CN(C)C)n1,1.0,2.53696,
tdc_vdss_lombardo,"Chemprop v2 (D-MPNN, ensemble=3)",Chemprop v2,train,379,N=C(N)Nc1nc(CSCCC(=N)NS(N)(=O)=O)cs1,1.2,2.1197007,
tdc_vdss_lombardo,"Chemprop v2 (D-MPNN, ensemble=3)",Chemprop v2,train,380,O=C(NC1CC[NH+](CCc2c[nH]c3ccccc23)CC1)c1ccccc1,4.9,6.8936257,
tdc_vdss_lombardo,"Chemprop v2 (D-MPNN, ensemble=3)",Chemprop v2,train,381,COC(=O)C1C(O)CCC2CN3CCc4c([nH]c5ccccc45)C3CC21,0.48,5.606339,
tdc_vdss_lombardo,"Chemprop v2 (D-MPNN, ensemble=3)",Chemprop v2,train,382,O=C1NCC2(CC[NH+](CCc3ccccc3)CC2)O1,3.0,5.0311837,
tdc_vdss_lombardo,"Chemprop v2 (D-MPNN, ensemble=3)",Chemprop v2,train,383,CCOC(=O)c1ccc(C#Cc2ccc3c(c2)C(C)(C)CCS3)nc1,3.55,3.6647093,
tdc_vdss_lombardo,"Chemprop v2 (D-MPNN, ensemble=3)",Chemprop v2,train,384,O=C1C(C2OC(CO)C(O)C(O)C2O)=C([O-])/C(=C([O-])/C=C/c2ccc(O)cc2)C(=O)C1(O)C1OC(CO)C(O)C(O)C1O,0.2,3.129074,
tdc_vdss_lombardo,"Chemprop v2 (D-MPNN, ensemble=3)",Chemprop v2,train,385,Cc1cc([O-])c(C(=O)NC(C(=O)NC2C(=O)N3C(C(=O)[O-])=C(CSc4nnnn4C)CSC23)c2ccc(O)cc2)cn1,0.15,1.1101947,
tdc_vdss_lombardo,"Chemprop v2 (D-MPNN, ensemble=3)",Chemprop v2,train,386,O=C1CC(c2ccccc2)Oc2cc(O)cc(O)c21,0.8,5.684391,
tdc_vdss_lombardo,"Chemprop v2 (D-MPNN, ensemble=3)",Chemprop v2,train,387,CC(O)C1C(=O)N2C(C(=O)[O-])=C(SC3CNC(C(=O)Nc4cccc(C(=O)[O-])c4)C3)C(C)C12,0.12,2.011422,
tdc_vdss_lombardo,"Chemprop v2 (D-MPNN, ensemble=3)",Chemprop v2,train,388,COC1CC2CCC(C)C(O)(O2)C(=O)C(=O)N2CCCCC2C(=O)OC(C(C)CC2CCC(OC(=O)C(C)(CO)CO)C(OC)C2)CC(=O)C(C)/C=C(\C)C(O)C(OC)C(=O)C(C)CC(C)/C=C/C=C/C=C/1C,3.0,4.291647,
tdc_vdss_lombardo,"Chemprop v2 (D-MPNN, ensemble=3)",Chemprop v2,train,389,CCOCCOC1CCC(CC(C)C2CC(=O)C(C)/C=C(\C)C(O)C(OC)C(=O)C(C)CC(C)/C=C/C=C/C=C(\C)C(OC)CC3CCC(C)C(O)(O3)C(=O)C(=O)N3CCCCC3C(=O)O2)CC1OC,44.5,5.205812,
tdc_vdss_lombardo,"Chemprop v2 (D-MPNN, ensemble=3)",Chemprop v2,train,390,COC1CC2CCC(C)C(O)(O2)C(=O)C(=O)N2CCCCC2C(=O)OC(C(C)CC2CCC(OP(C)(C)=O)C(OC)C2)CC(=O)C(C)/C=C(\C)C(O)C(OC)C(=O)C(C)CC(C)/C=C/C=C/C=C/1C,3.2,4.557869,
tdc_vdss_lombardo,"Chemprop v2 (D-MPNN, ensemble=3)",Chemprop v2,train,391,CO/N=C1/CN(c2nc3c(cc2F)c(=O)c(C(=O)[O-])cn3C2CC2)CC1C[NH3+],3.52,3.4058888,
tdc_vdss_lombardo,"Chemprop v2 (D-MPNN, ensemble=3)",Chemprop v2,train,392,COc1ccc(C(=O)Nc2ccccc2CCC2CCCC[NH+]2C)cc1,2.2,6.9834447,
tdc_vdss_lombardo,"Chemprop v2 (D-MPNN, ensemble=3)",Chemprop v2,train,393,Cn1nnnc1SCC1=C(C(=O)[O-])N2C(=O)C(NC(=O)C(O)c3ccccc3)C2SC1,0.16,1.7412583,
tdc_vdss_lombardo,"Chemprop v2 (D-MPNN, ensemble=3)",Chemprop v2,train,394,O=C([O-])C1=C(CSc2nnnn2CS(=O)(=O)[O-])CSC2C(NC(=O)C(O)c3ccccc3)C(=O)N12,0.14,0.5384466,
tdc_vdss_lombardo,"Chemprop v2 (D-MPNN, ensemble=3)",Chemprop v2,train,395,[NH3+]Cc1ccccc1CC(=O)NC1C(=O)N2C(C(=O)[O-])=C(CSc3nnnn3CC(=O)[O-])CSC12,0.17,1.1463336,
tdc_vdss_lombardo,"Chemprop v2 (D-MPNN, ensemble=3)",Chemprop v2,train,396,CC(CS)C(=O)N1CCCC1C(=O)[O-],0.75,2.1244624,
tdc_vdss_lombardo,"Chemprop v2 (D-MPNN, ensemble=3)",Chemprop v2,train,397,COc1ccc(C2(C#N)CCC(C(=O)[O-])CC2)cc1OC1CCCC1,0.23,3.2362049,
tdc_vdss_lombardo,"Chemprop v2 (D-MPNN, ensemble=3)",Chemprop v2,train,398,COc1cccc2c1C(=O)c1c(O)c3c(c(O)c1C2=O)CC(O)(C(=O)CO)CC3OC1CC([NH3+])C(OCc2ccccc2)C(C)O1,48.0,11.382541,
tdc_vdss_lombardo,"Chemprop v2 (D-MPNN, ensemble=3)",Chemprop v2,train,399,Cc1cccc(Nc2ccncc2S(=O)(=O)[N-]C(=O)NC(C)C)c1,0.21,1.8195559,
tdc_vdss_lombardo,"Chemprop v2 (D-MPNN, ensemble=3)",Chemprop v2,train,400,CN1C(C(=O)Nc2ccccn2)=C([O-])c2sccc2S1(=O)=O,0.19,1.6621171,
tdc_vdss_lombardo,"Chemprop v2 (D-MPNN, ensemble=3)",Chemprop v2,train,401,Cc1ccccc1OCC(O)C[NH2+]CCOc1ccc(C(N)=O)cc1,4.0,5.5846705,
tdc_vdss_lombardo,"Chemprop v2 (D-MPNN, ensemble=3)",Chemprop v2,train,402,C=CC[N+]1(C2CC3C4CCC5CC(O)C([NH+]6CCOCC6)CC5(C)C4CCC3(C)C2OC(C)=O)CCCC1,0.21,6.0086837,
tdc_vdss_lombardo,"Chemprop v2 (D-MPNN, ensemble=3)",Chemprop v2,train,403,C[NH+](C)CCCN1c2ccccc2CCc2cc(O)ccc21,6.6,13.238538,
tdc_vdss_lombardo,"Chemprop v2 (D-MPNN, ensemble=3)",Chemprop v2,train,404,NC(=O)N1c2ccccc2CC(O)c2ccccc21,0.72,3.6837866,
tdc_vdss_lombardo,"Chemprop v2 (D-MPNN, ensemble=3)",Chemprop v2,train,405,CC(CN1c2ccccc2CCc2ccccc21)C[NH+](C)C,16.0,14.059329,
tdc_vdss_lombardo,"Chemprop v2 (D-MPNN, ensemble=3)",Chemprop v2,train,406,C[NH+](C)CCCN1c2ccccc2CCc2ccc(Cl)cc21,13.0,14.018734,
tdc_vdss_lombardo,"Chemprop v2 (D-MPNN, ensemble=3)",Chemprop v2,train,407,C[NH+](C)CCCN1c2ccccc2CCc2ccccc21,12.0,13.791232,
tdc_vdss_lombardo,"Chemprop v2 (D-MPNN, ensemble=3)",Chemprop v2,train,408,C[N+](C)([O-])CCCN1c2ccccc2CCc2ccccc21,1.9,5.8699527,
tdc_vdss_lombardo,"Chemprop v2 (D-MPNN, ensemble=3)",Chemprop v2,train,409,C[NH2+]CCCN1c2ccccc2CCc2ccccc21,15.0,12.145724,
tdc_vdss_lombardo,"Chemprop v2 (D-MPNN, ensemble=3)",Chemprop v2,train,410,COC12CCC3(CC1C(C)(O)C(C)(C)C)C1Cc4ccc(O)c5c4C3(CC[NH+]1CC1CC1)C2O5,4.9,8.870821,
tdc_vdss_lombardo,"Chemprop v2 (D-MPNN, ensemble=3)",Chemprop v2,train,411,CC(C)(C)[NH2+]CC(O)COc1nsnc1N1CCOCC1,1.5,4.667048,
tdc_vdss_lombardo,"Chemprop v2 (D-MPNN, ensemble=3)",Chemprop v2,train,412,Cc1ccnc2c1NC(=O)c1cccnc1N2C1CC1,1.3,4.265509,
tdc_vdss_lombardo,"Chemprop v2 (D-MPNN, ensemble=3)",Chemprop v2,train,413,C[NH+]1CCN2c3ncccc3Cc3ccccc3C2C1,4.2,7.957334,
tdc_vdss_lombardo,"Chemprop v2 (D-MPNN, ensemble=3)",Chemprop v2,train,414,CCOC(=O)Nc1ccc(NCc2ccc(F)cc2)[nH+]c1N,1.1,3.0804317,
tdc_vdss_lombardo,"Chemprop v2 (D-MPNN, ensemble=3)",Chemprop v2,train,415,COc1cccc(C2(O)CCCCC2C[NH+](C)C)c1,2.8,8.794998,
tdc_vdss_lombardo,"Chemprop v2 (D-MPNN, ensemble=3)",Chemprop v2,train,416,CN[C@H]1C(=O)N[C@@H]2Cc3ccc(cc3)Oc3cc4cc(c3O[C@@H]3O[C@H](C(=O)[O-])[C@@H](O)[C@H](O)[C@H]3NC(=O)CCCCCCCCC(C)C)Oc3ccc(cc3Cl)[C@@H](O)[C@@H]3NC(=O)[C@H](NC(=O)[C@@H]4NC(=O)[C@@H](NC2=O)c2cc(cc(O)c2Cl)Oc2cc1ccc2O)c1ccc(O)c(c1)-c1c(O[C@H]2O[C@H](CO)[C@@H](O)[C@H](O)[C@@H]2O)cc(O)cc1[C@@H](C(=O)NCCC[NH+](C)C)NC3=O,0.14,11.343318,
tdc_vdss_lombardo,"Chemprop v2 (D-MPNN, ensemble=3)",Chemprop v2,train,417,CC(C)[NH+](CCC(C(N)=O)(c1ccccc1)c1ccccn1)C(C)C,0.52,8.446552,
tdc_vdss_lombardo,"Chemprop v2 (D-MPNN, ensemble=3)",Chemprop v2,train,418,C[NH+](C)CCC(c1ccc(Cl)cc1)c1ccccn1,3.3,11.844127,
tdc_vdss_lombardo,"Chemprop v2 (D-MPNN, ensemble=3)",Chemprop v2,train,419,CO/N=C(/C(=O)NC1C(=O)N2C(C(=O)[O-])=C(C[n+]3cccc4c3CCC4)CSC12)c1csc(N)n1,0.24,1.9177402,
tdc_vdss_lombardo,"Chemprop v2 (D-MPNN, ensemble=3)",Chemprop v2,train,420,COc1cc2c(cc1O)CCNC21CSC2c3c(OC(C)=O)c(C)c4c(c3C(COC1=O)N1C(O)C3Cc5cc(C)c(OC)c(O)c5C(C21)[NH+]3C)OCO4,25.0,7.474055,
tdc_vdss_lombardo,"Chemprop v2 (D-MPNN, ensemble=3)",Chemprop v2,train,421,C/C=C(\C)C(=O)OC1C(OC(C)=O)C2(CO)C(O)CC3(C)C(=CCC4C5(C)CCC(OC6OC(C(=O)[O-])C(OC7OC(CO)C(O)C(O)C7O)C(O)C6OC6OC(CO)C(O)C(O)C6O)C(C)(CO)C5CCC43C)C2CC1(C)C,0.28,3.9915857,
tdc_vdss_lombardo,"Chemprop v2 (D-MPNN, ensemble=3)",Chemprop v2,train,422,C/C=C(/C)C(=O)OC1C(OC(C)=O)C2(CO)C(O)CC3(C)C(=CCC4C5(C)CCC(OC6OC(C(=O)[O-])C(OC7OC(CO)C(O)C(O)C7O)C(O)C6OC6OC(CO)C(O)C(O)C6O)C(C)(CO)C5CCC43C)C2CC1(C)C,0.23,3.9874732,
tdc_vdss_lombardo,"Chemprop v2 (D-MPNN, ensemble=3)",Chemprop v2,train,423,CCc1[nH]c(=O)[nH]c1C(=O)c1ccncc1,0.65,3.0118415,
tdc_vdss_lombardo,"Chemprop v2 (D-MPNN, ensemble=3)",Chemprop v2,train,424,C[NH+]1CCN(C2=Nc3cc(Cl)ccc3Nc3ccccc32)CC1,1.6,8.700217,
tdc_vdss_lombardo,"Chemprop v2 (D-MPNN, ensemble=3)",Chemprop v2,train,425,CC(C)(C)NC(=O)C1CCC2C3CC=C4C=C(C(=O)[O-])CCC4(C)C3CCC12C,0.54,4.0825963,
tdc_vdss_lombardo,"Chemprop v2 (D-MPNN, ensemble=3)",Chemprop v2,train,426,CC1(Cn2ccnn2)C(C(=O)[O-])N2C(=O)CC2S1(=O)=O,0.26,1.4884605,
tdc_vdss_lombardo,"Chemprop v2 (D-MPNN, ensemble=3)",Chemprop v2,train,427,COCC(=O)OC1(CC[NH+](C)CCCc2nc3ccccc3[nH]2)CCc2cc(F)ccc2C1C(C)C,3.1,8.620994,
tdc_vdss_lombardo,"Chemprop v2 (D-MPNN, ensemble=3)",Chemprop v2,train,428,CCC(C)C(=O)OC1CC(O)C=C2C=CC(C)C(CCC(O)CC(O)CC(=O)[O-])C21,0.46,3.8254564,
tdc_vdss_lombardo,"Chemprop v2 (D-MPNN, ensemble=3)",Chemprop v2,train,429,CCC(C)C(=O)OC1CC(C)C=C2C=CC(C)C(CCC(O)CC(O)CC(=O)[O-])C21,0.87,3.878992,
tdc_vdss_lombardo,"Chemprop v2 (D-MPNN, ensemble=3)",Chemprop v2,train,430,C[NH2+]C(CC(C)C)C(=O)NC1C(=O)NC(CC(N)=O)C(=O)NC2C(=O)NC3C(=O)NC(C(=O)NC(C(=O)[O-])c4cc(O)cc(O)c4-c4cc3ccc4O)C(O)c3ccc(c(Cl)c3)Oc3cc2cc(c3OC2OC(CO)C(O)C(O)C2OC2CC(C)([NH3+])C(O)C(C)O2)Oc2ccc(cc2Cl)C1O,0.54,7.498053,
tdc_vdss_lombardo,"Chemprop v2 (D-MPNN, ensemble=3)",Chemprop v2,train,431,CCCCCCCCCC[NH2+]CCN[C@@]1(C)C[C@H](O[C@H]2[C@H](Oc3c4cc5cc3Oc3ccc(cc3Cl)[C@@H](O)[C@@H](NC(=O)[C@@H](CC(C)C)[NH2+]C)C(=O)N[C@@H](CC(N)=O)C(=O)N[C@H]5C(=O)N[C@H]3C(=O)N[C@H](C(=O)N[C@H](C(=O)[O-])c5cc(O)c(C[NH2+]CP(=O)([O-])[O-])c(O)c5-c5cc3ccc5O)[C@H](O)c3ccc(c(Cl)c3)O4)O[C@H](CO)[C@@H](O)[C@@H]2O)O[C@@H](C)[C@H]1O,0.11,8.91676,
tdc_vdss_lombardo,"Chemprop v2 (D-MPNN, ensemble=3)",Chemprop v2,train,432,COc1ccccc1Oc1c([N-]S(=O)(=O)c2ccc(C)cn2)nc(-c2ccnc(-c3nnn[n-]3)c2)nc1OCCO,0.23,1.2818918,
tdc_vdss_lombardo,"Chemprop v2 (D-MPNN, ensemble=3)",Chemprop v2,train,433,COc1ccccc1Oc1c([N-]S(=O)(=O)c2ccc(C(C)C)cn2)nc(-c2ccnc(-c3nnn[n-]3)c2)nc1OCCO,0.28,1.5441135,
tdc_vdss_lombardo,"Chemprop v2 (D-MPNN, ensemble=3)",Chemprop v2,train,434,Cc1nnc(SCC2=C(C(=O)[O-])N3C(=O)C(NC(=O)Cn4cnnn4)C3SC2)s1,0.12,1.3430706,
tdc_vdss_lombardo,"Chemprop v2 (D-MPNN, ensemble=3)",Chemprop v2,train,435,COc1cc2c(cc1OC)C[NH+](CCc1ccc(NC(=O)c3cc(OC)c(OC)cc3NC(=O)c3cnc4ccccc4c3)cc1)CC2,6.4,5.3355966,
tdc_vdss_lombardo,"Chemprop v2 (D-MPNN, ensemble=3)",Chemprop v2,train,436,C[NH+](C)C/C=C(/c1ccc(Br)cc1)c1cccnc1,6.8,9.501701,
tdc_vdss_lombardo,"Chemprop v2 (D-MPNN, ensemble=3)",Chemprop v2,train,437,COC(=O)C1=C(C)NC(C)=C(C(=O)OC)C1c1ccccc1[N+](=O)[O-],0.79,1.6998357,
tdc_vdss_lombardo,"Chemprop v2 (D-MPNN, ensemble=3)",Chemprop v2,train,438,COCCOC(=O)C1=C(C)NC(C)=C(C(=O)OC(C)C)C1c1cccc([N+](=O)[O-])c1,1.1,2.0882509,
tdc_vdss_lombardo,"Chemprop v2 (D-MPNN, ensemble=3)",Chemprop v2,train,439,COC(=O)C1=C(C)NC(C)=C(C(=O)OCC(C)C)C1c1ccccc1[N+](=O)[O-],5.5,1.956172,
tdc_vdss_lombardo,"Chemprop v2 (D-MPNN, ensemble=3)",Chemprop v2,train,440,CCOC(=O)C1=C(C)NC(C)=C(C(=O)OC)C1c1cccc([N+](=O)[O-])c1,6.1,1.7384874,
tdc_vdss_lombardo,"Chemprop v2 (D-MPNN, ensemble=3)",Chemprop v2,train,441,CCCC(=O)OCOC(=O)C1=C(C)NC(C)=C(C(=O)OC)C1c1cccc(Cl)c1Cl,0.58,2.4781342,
tdc_vdss_lombardo,"Chemprop v2 (D-MPNN, ensemble=3)",Chemprop v2,train,442,CCOC(=O)C1=C(C)NC(C)=C(C(=O)OC)C1c1cccc(Cl)c1Cl,4.4,2.9063883,
tdc_vdss_lombardo,"Chemprop v2 (D-MPNN, ensemble=3)",Chemprop v2,train,443,CCOC(=O)C1=C(COCC[NH3+])NC(C)=C(C(=O)OC)C1c1ccccc1Cl,17.0,3.3490589,
tdc_vdss_lombardo,"Chemprop v2 (D-MPNN, ensemble=3)",Chemprop v2,train,444,CC(=O)O[C@H]1C(=O)[C@]23C[C@H]2C[C@H]2OC[C@@]2(OC(C)=O)[C@H]3[C@H](OC(=O)c2ccccc2)[C@]2(O)C[C@H](OC(=O)[C@H](O)[C@@H](NC(=O)OC(C)(C)C)c3ccccc3)C(C)=C1C2(C)C,12.0,4.208006,
tdc_vdss_lombardo,"Chemprop v2 (D-MPNN, ensemble=3)",Chemprop v2,train,445,CC(=O)O[C@H]1C(=O)[C@]23C[C@H]2C[C@H]2OC[C@@]2(OC(C)=O)[C@H]3[C@H](OC(=O)c2ccccc2)[C@]2(O)C[C@H](OC(=O)[C@H](O)[C@@H](NC(=O)OC(C)(C)C)c3ccccc3)C(C)=C1C2(C)C,17.0,4.208005,
tdc_vdss_lombardo,"Chemprop v2 (D-MPNN, ensemble=3)",Chemprop v2,train,446,c1cc2c(c(N3CC[NH2+]CC3)c1)OCCO2,3.6,7.010408,
tdc_vdss_lombardo,"Chemprop v2 (D-MPNN, ensemble=3)",Chemprop v2,train,447,[NH3+]CCCNc1ccc2c(C[NH2+]CCO)nn3c4c(O)ccc(O)c4c(=O)c1c23,12.0,15.774785,
tdc_vdss_lombardo,"Chemprop v2 (D-MPNN, ensemble=3)",Chemprop v2,train,448,Nc1nc(=O)c2c([nH]1)NCC(CNc1ccc(C(=O)NC(CCC(=O)[O-])C(=O)[O-])cc1)N2C=O,0.25,1.8282627,
tdc_vdss_lombardo,"Chemprop v2 (D-MPNN, ensemble=3)",Chemprop v2,train,449,Nc1nc(=O)c2c([nH]1)NCC(CNc1ccc(C(=O)NC(CCC(=O)[O-])C(=O)[O-])cc1)N2C=O,0.27,1.8282627,
tdc_vdss_lombardo,"Chemprop v2 (D-MPNN, ensemble=3)",Chemprop v2,train,450,CC(=O)Nc1ccc(C2=NNC(=O)CC2C)cc1,2.38,3.043885,
tdc_vdss_lombardo,"Chemprop v2 (D-MPNN, ensemble=3)",Chemprop v2,train,451,CC1CC(=O)NN=C1c1ccc([N-]N=C(C#N)C#N)cc1,0.24,1.0852586,
tdc_vdss_lombardo,"Chemprop v2 (D-MPNN, ensemble=3)",Chemprop v2,train,452,COc1c(N2CC(C)CC([NH3+])C2)ccc2c(=O)c(C(=O)[O-])cn(C3CC3)c12,1.9,4.668674,
tdc_vdss_lombardo,"Chemprop v2 (D-MPNN, ensemble=3)",Chemprop v2,train,453,OCCN(CCO)c1nc(N2CCCCC2)c2[nH+]c(N(CCO)CCO)nc(N3CCCCC3)c2n1,0.82,7.723629,
tdc_vdss_lombardo,"Chemprop v2 (D-MPNN, ensemble=3)",Chemprop v2,train,454,CC(C)(C)c1cnc(CSc2cnc(NC(=O)C3CC[NH2+]CC3)s2)o1,5.14,3.919139,
tdc_vdss_lombardo,"Chemprop v2 (D-MPNN, ensemble=3)",Chemprop v2,train,455,Cc1ccc(-c2nc3ccc(C)cn3c2CC(=O)N(C)C)cc1,0.54,3.3716156,
tdc_vdss_lombardo,"Chemprop v2 (D-MPNN, ensemble=3)",Chemprop v2,train,456,CCOc1ncc(S(=O)(=O)N2CC[NH+](CC)CC2)cc1-c1nc(=O)c2nn(CCOC)c(CC)c2[n-]1,2.4,3.3662155,
tdc_vdss_lombardo,"Chemprop v2 (D-MPNN, ensemble=3)",Chemprop v2,train,457,Cc1ccc(C(=O)c2cc(O)c([O-])c([N+](=O)[O-])c2)cc1,0.12,2.173212,
tdc_vdss_lombardo,"Chemprop v2 (D-MPNN, ensemble=3)",Chemprop v2,train,458,CC(C(=O)[O-])c1cccc(C(=O)c2ccccc2)c1,0.13,2.595421,
tdc_vdss_lombardo,"Chemprop v2 (D-MPNN, ensemble=3)",Chemprop v2,train,459,Nc1c(CC(=O)[O-])cccc1C(=O)c1ccc(Br)cc1,0.11,2.7886436,
tdc_vdss_lombardo,"Chemprop v2 (D-MPNN, ensemble=3)",Chemprop v2,train,460,CCCCCOc1ccc(-c2cc(-c3ccc(C(=O)NC4CC(O)C(O)NC(=O)C5C(O)C(C)CN5C(=O)C(C(O)CC(N)=O)NC(=O)C(C(O)C(O)c5ccc(O)c(OS(=O)(=O)[O-])c5)NC(=O)C5CC(O)CN5C(=O)C(C(C)O)NC4=O)cc3)no2)cc1,0.21,4.1854978,
tdc_vdss_lombardo,"Chemprop v2 (D-MPNN, ensemble=3)",Chemprop v2,train,461,CC(C)C(=O)OCC(=O)C12OC(C3CCCCC3)OC1CC1C3CCC4=CC(=O)C=CC4(C)C3C(O)CC12C,2.9,4.526405,
tdc_vdss_lombardo,"Chemprop v2 (D-MPNN, ensemble=3)",Chemprop v2,train,462,O=C1c2cccc3cccc(c23)C(=O)N1CCNCCCNCCN1C(=O)c2cccc3cccc(c23)C1=O,12.0,6.965721,
tdc_vdss_lombardo,"Chemprop v2 (D-MPNN, ensemble=3)",Chemprop v2,train,463,CCC1C[NH+]2CCC1CC2C(O)c1ccnc2ccc(OC)cc12,2.8,9.17704,
tdc_vdss_lombardo,"Chemprop v2 (D-MPNN, ensemble=3)",Chemprop v2,train,464,C=CC1C[NH+]2CCC1CC2C(O)c1ccnc2ccc(OC)cc12,2.9,8.123279,
tdc_vdss_lombardo,"Chemprop v2 (D-MPNN, ensemble=3)",Chemprop v2,train,465,C=CC1C[NH+]2CCC1CC2C(O)c1ccnc2ccc(OC)cc12,1.8,8.123279,
tdc_vdss_lombardo,"Chemprop v2 (D-MPNN, ensemble=3)",Chemprop v2,train,466,CCC1(O)C[NH+]2CCC1CC2C(O)c1ccnc2ccc(OC)cc12,6.8,8.693728,
tdc_vdss_lombardo,"Chemprop v2 (D-MPNN, ensemble=3)",Chemprop v2,train,467,O=C(NCC[NH2+]CC(O)COc1ccc(O)cc1)N1CCOCC1,0.64,4.775343,
tdc_vdss_lombardo,"Chemprop v2 (D-MPNN, ensemble=3)",Chemprop v2,train,468,COC(=O)c1cnc2n1CCc1ccccc1C2=C1CC[NH+](CCc2ccc(OCc3ccc4ccccc4n3)cc2)CC1,6.03,6.371844,
tdc_vdss_lombardo,"Chemprop v2 (D-MPNN, ensemble=3)",Chemprop v2,train,469,Nc1nc(/C(=N\O)C(=O)NC2C(=O)N3C(C(=O)[O-])=C(/C=C4\CCN(C5CC[NH2+]C5)C4=O)CSC23)ns1,0.27,1.2303685,
tdc_vdss_lombardo,"Chemprop v2 (D-MPNN, ensemble=3)",Chemprop v2,train,470,O=c1ccc2ccccc2o1,1.1,2.9482105,
tdc_vdss_lombardo,"Chemprop v2 (D-MPNN, ensemble=3)",Chemprop v2,train,471,CC(C)=CCN1Cc2cc(Cl)cc3[nH]c(=S)n(c23)C[C@@H]1C,21.98,5.7946606,
tdc_vdss_lombardo,"Chemprop v2 (D-MPNN, ensemble=3)",Chemprop v2,train,472,COCCCOc1ccnc(CS(=O)c2nc3ccccc3[nH]2)c1C,0.22,4.7451377,
tdc_vdss_lombardo,"Chemprop v2 (D-MPNN, ensemble=3)",Chemprop v2,train,473,COc1ccnc(CS(=O)c2nc3ccc(OC(F)F)cc3[nH]2)c1OC,0.17,3.5692785,
tdc_vdss_lombardo,"Chemprop v2 (D-MPNN, ensemble=3)",Chemprop v2,train,474,Cc1c(OCC(F)(F)F)ccnc1CS(=O)c1nc2ccccc2[nH]1,0.28,3.394008,
tdc_vdss_lombardo,"Chemprop v2 (D-MPNN, ensemble=3)",Chemprop v2,train,475,COc1ccc2nc(S(=O)Cc3ncc(C)c(OC)c3C)[nH]c2c1,0.24,3.5981007,
tdc_vdss_lombardo,"Chemprop v2 (D-MPNN, ensemble=3)",Chemprop v2,train,476,COc1ccc2nc(S(=O)Cc3ncc(C)c(OC)c3C)[nH]c2c1,0.2,3.5981007,
tdc_vdss_lombardo,"Chemprop v2 (D-MPNN, ensemble=3)",Chemprop v2,train,477,CCCc1nn(C)c2c(=O)[nH]c(-c3cc(S(=O)(=O)N4CC[NH+](C)CC4)ccc3OCC)nc12,1.36,4.2587695,
tdc_vdss_lombardo,"Chemprop v2 (D-MPNN, ensemble=3)",Chemprop v2,train,478,CCC1(C)NC(=O)C(Cc2cccs2)NC(=O)C(Cc2ccccc2)NC(=O)CCCSCC(C(=O)N2CC(O)CC2C(=O)NC(CCCNC(N)=[NH2+])C(=O)NCC(N)=O)NC(=O)C(CC(N)=O)NC1=O,0.31,2.3606088,
tdc_vdss_lombardo,"Chemprop v2 (D-MPNN, ensemble=3)",Chemprop v2,train,479,O=C1CN(/N=C/c2ccc([N+](=O)[O-])o2)C(=O)[N-]1,0.57,0.7912748,
tdc_vdss_lombardo,"Chemprop v2 (D-MPNN, ensemble=3)",Chemprop v2,train,480,CCOC(=O)C1(c2ccccc2)CC[NH+](C)CC1,2.3,4.0610013,
tdc_vdss_lombardo,"Chemprop v2 (D-MPNN, ensemble=3)",Chemprop v2,train,481,CCC(=O)C1(c2cccc(O)c2)CC[NH+](C)CC1,0.48,7.008964,
tdc_vdss_lombardo,"Chemprop v2 (D-MPNN, ensemble=3)",Chemprop v2,train,482,CN(C)CCCNC(=O)/C(=C/CCCCC(=O)NO)COc1cccc2ccccc12,0.45,4.429531,
tdc_vdss_lombardo,"Chemprop v2 (D-MPNN, ensemble=3)",Chemprop v2,train,483,CC(C)[NH2+]CC(O)COc1cccc2ccccc12,3.1,12.034873,
tdc_vdss_lombardo,"Chemprop v2 (D-MPNN, ensemble=3)",Chemprop v2,train,484,CCC(C(C)O)n1ncn(-c2ccc(N3CCN(c4ccc(OCC5COC(Cn6cncn6)(c6ccc(F)cc6F)C5)cc4)CC3)cc2)c1=O,3.8,7.194927,
tdc_vdss_lombardo,"Chemprop v2 (D-MPNN, ensemble=3)",Chemprop v2,train,485,Cc1noc([N-]S(=O)(=O)c2ccc(N)cc2)c1C,0.17,1.5118834,
tdc_vdss_lombardo,"Chemprop v2 (D-MPNN, ensemble=3)",Chemprop v2,train,486,CCOc1cc(Cc2cnc(N)nc2N)cc(OCC)c1-n1cccc1,2.5,5.483879,
tdc_vdss_lombardo,"Chemprop v2 (D-MPNN, ensemble=3)",Chemprop v2,train,487,CN(C)CC(Oc1ccccc1)Oc1ccccc1,2.8,5.5099006,
tdc_vdss_lombardo,"Chemprop v2 (D-MPNN, ensemble=3)",Chemprop v2,train,488,C=C1CC2CCC34CC5OC6C(OC7CCC(CC(=O)CC8C(CC9OC(CCC1O2)CC(C)C9=C)OC(CC(O)C[NH3+])C8OC)OC7C6O3)C5O4,1.46,6.502566,
tdc_vdss_lombardo,"Chemprop v2 (D-MPNN, ensemble=3)",Chemprop v2,train,489,Cc1nc2n(c(=O)c1CC[NH+]1CCC(c3noc4cc(F)ccc34)CC1)CCCC2,1.1,6.350941,
tdc_vdss_lombardo,"Chemprop v2 (D-MPNN, ensemble=3)",Chemprop v2,train,490,CCc1c2c(nc3ccc(OC(=O)N4CCC([NH+]5CCCCC5)CC4)cc13)-c1cc3c(c(=O)n1C2)COC(=O)C3(O)CC,3.5,6.0132794,
tdc_vdss_lombardo,"Chemprop v2 (D-MPNN, ensemble=3)",Chemprop v2,train,491,CCOC(=O)C(CCc1ccccc1)NC(C)C(=O)N1CC2(CC1C(=O)[O-])SCCS2,0.43,2.7669227,
tdc_vdss_lombardo,"Chemprop v2 (D-MPNN, ensemble=3)",Chemprop v2,train,492,COC1(NC(=O)C2SC(=C(C(N)=O)C(=O)[O-])S2)C(=O)N2C(C(=O)[O-])=C(CSc3nnnn3C)CSC21,0.13,-0.16913421,
tdc_vdss_lombardo,"Chemprop v2 (D-MPNN, ensemble=3)",Chemprop v2,train,493,O=C([O-])CCCC[NH+](CCc1ccccc1OCc1ccc(CCc2ccccc2)cc1)Cc1ccc(C(=O)[O-])cc1,0.24,4.651359,
tdc_vdss_lombardo,"Chemprop v2 (D-MPNN, ensemble=3)",Chemprop v2,train,494,CCC1OC(=O)C(C)C(OC2CC(C)(OC)C(O)C(C)O2)C(C)C(OC2OC(C)CC([NH+](C)C)C2O)C(C)(O)CC(C)C[NH+](C)C(C)C(O)C1(C)O,33.0,5.725125,
tdc_vdss_lombardo,"Chemprop v2 (D-MPNN, ensemble=3)",Chemprop v2,train,495,COc1ccc(CC[NH+](C)CCCN2Cc3cc(OC)c(OC)cc3C2=O)cc1OC,2.4,9.168949,
tdc_vdss_lombardo,"Chemprop v2 (D-MPNN, ensemble=3)",Chemprop v2,train,496,Cc1nc(=O)c2cc(CN(C)c3ccc(C(=O)NC(CCC(=O)[O-])C(=O)[O-])s3)ccc2[nH]1,6.57,1.7662512,
tdc_vdss_lombardo,"Chemprop v2 (D-MPNN, ensemble=3)",Chemprop v2,train,497,CC(C)(C)C1(O)CC2OC(=O)CC23C(=O)OC2OC(=O)C(O)C231,2.5,3.99209,
tdc_vdss_lombardo,"Chemprop v2 (D-MPNN, ensemble=3)",Chemprop v2,train,498,CCCc1nc(C)c2c(=O)[nH]c(-c3cc(S(=O)(=O)N4CC[NH+](CC)CC4)ccc3OCC)nn12,3.0,4.538101,
tdc_vdss_lombardo,"Chemprop v2 (D-MPNN, ensemble=3)",Chemprop v2,train,499,CO/N=C(\C(=O)NC1C(=O)N2C(C(=O)[O-])=C(COC(N)=O)CSC12)c1ccco1,0.15,0.7885606,
tdc_vdss_lombardo,"Chemprop v2 (D-MPNN, ensemble=3)",Chemprop v2,train,500,CC1=C(C/C=C(\C)CCCC(C)CCCC(C)CCCC(C)C)C(=O)c2ccccc2C1=O,0.32,16.792572,
tdc_vdss_lombardo,"Chemprop v2 (D-MPNN, ensemble=3)",Chemprop v2,train,501,CC(C)(C)C(NC(=O)C(CC1CCCC1)CN(O)C=O)C(=O)N1CCN(Cc2ccc3c(c2)OCO3)CC1,1.1,4.623793,
tdc_vdss_lombardo,"Chemprop v2 (D-MPNN, ensemble=3)",Chemprop v2,train,502,CCC1C(=O)N(C)c2cnc(Nc3ccc(C(=O)NC4CC[NH+](C)CC4)cc3OC)nc2N1C1CCCC1,31.2,6.1102104,
tdc_vdss_lombardo,"Chemprop v2 (D-MPNN, ensemble=3)",Chemprop v2,train,503,NC(=O)C(c1ccccc1)(c1ccccc1)C1CC[NH+](CCc2ccc3c(c2)CCO3)C1,2.6,7.393154,
tdc_vdss_lombardo,"Chemprop v2 (D-MPNN, ensemble=3)",Chemprop v2,train,504,CCC(=O)NCCC1CCc2ccc3c(c21)CCO3,1.05,4.5302563,
tdc_vdss_lombardo,"Chemprop v2 (D-MPNN, ensemble=3)",Chemprop v2,train,505,c1ccc(C2(c3ccccc3)CC2C2=[NH+]CCN2)cc1,4.1,6.618913,
tdc_vdss_lombardo,"Chemprop v2 (D-MPNN, ensemble=3)",Chemprop v2,train,506,CC(=O)OC1C(=O)C2(C)C(O)CC3OCC3(OC(C)=O)C2C(OC(=O)c2ccccc2)C23OC(=O)OC2C(OC(=O)C(O)C(CC(C)C)NC(=O)OC(C)(C)C)C(C)=C1C3(C)C,13.83,4.185395,
tdc_vdss_lombardo,"Chemprop v2 (D-MPNN, ensemble=3)",Chemprop v2,train,507,Nc1n[n+]([O-])c2ccccc2[n+]1[O-],0.56,2.3765771,
tdc_vdss_lombardo,"Chemprop v2 (D-MPNN, ensemble=3)",Chemprop v2,train,508,CCc1cccc2cc(C(O)C[NH2+]C(C)(C)C)oc12,1.7,11.200002,
tdc_vdss_lombardo,"Chemprop v2 (D-MPNN, ensemble=3)",Chemprop v2,train,509,C=CCC1/C=C(\C)CC(C)CC(OC)C2OC(O)(C(=O)C(=O)N3CCCCC3C(=O)OC(/C(C)=C/C3CCC(O)C(OC)C3)C(C)C(O)CC1=O)C(C)CC2OC,1.2,4.6809807,
tdc_vdss_lombardo,"Chemprop v2 (D-MPNN, ensemble=3)",Chemprop v2,train,510,COc1ccc(C2Sc3ccccc3N(CC[NH+](C)C)C(=O)C2OC(C)=O)cc1,4.1,5.2202353,
tdc_vdss_lombardo,"Chemprop v2 (D-MPNN, ensemble=3)",Chemprop v2,train,511,COc1ccc(C2Sc3cc(Cl)ccc3N(CC[NH+](C)C)C(=O)C2OC(C)=O)cc1,9.7,5.3311853,
tdc_vdss_lombardo,"Chemprop v2 (D-MPNN, ensemble=3)",Chemprop v2,train,512,CC1C(=O)OC2CC34C5CC(C(C)(C)C)C36C(OC(=O)C6O)OC4(C(=O)O5)C21O,0.62,4.3883934,
tdc_vdss_lombardo,"Chemprop v2 (D-MPNN, ensemble=3)",Chemprop v2,train,513,CC1C(=O)OC2C(O)C34C5CC(C(C)(C)C)C36C(OC(=O)C6O)OC4(C(=O)O5)C12O,0.91,4.2916093,
tdc_vdss_lombardo,"Chemprop v2 (D-MPNN, ensemble=3)",Chemprop v2,train,514,NC(=O)C1CCC2CN1C(=O)N2OS(=O)(=O)[O-],0.24,1.5462233,
tdc_vdss_lombardo,"Chemprop v2 (D-MPNN, ensemble=3)",Chemprop v2,train,515,CN1CCc2nc(C(=O)N[C@@H]3C[C@@H](C(=O)N(C)C)CC[C@@H]3NC(=O)C(=O)Nc3ccc(Cl)cn3)sc2C1,1.53,2.4857414,
tdc_vdss_lombardo,"Chemprop v2 (D-MPNN, ensemble=3)",Chemprop v2,train,516,[NH3+]C1CCN(c2c(F)cc3c(=O)c(C(=O)[O-])cn(C4CC4)c3c2Cl)C1,1.9,4.453089,
tdc_vdss_lombardo,"Chemprop v2 (D-MPNN, ensemble=3)",Chemprop v2,train,517,C[NH+]1C2CCC1CC(OC(=O)C(CO)c1ccccc1)C2,3.3,4.527519,
tdc_vdss_lombardo,"Chemprop v2 (D-MPNN, ensemble=3)",Chemprop v2,train,518,CC(C)[N+]1(C)C2CCC1CC(OC(=O)C(CO)c1ccccc1)C2,5.1,5.037956,
tdc_vdss_lombardo,"Chemprop v2 (D-MPNN, ensemble=3)",Chemprop v2,train,519,CCC[NH2+]C(C)C(=O)Nc1c(C)csc1C(=O)OC,7.7,3.4514675,
tdc_vdss_lombardo,"Chemprop v2 (D-MPNN, ensemble=3)",Chemprop v2,train,520,N#CC1CC2CC2N1C(=O)C(N)C12CC3CC(CC(O)(C3)C1)C2,1.8,4.2453494,
tdc_vdss_lombardo,"Chemprop v2 (D-MPNN, ensemble=3)",Chemprop v2,train,521,Cn1cc[nH]c1=S,0.86,2.5894566,
tdc_vdss_lombardo,"Chemprop v2 (D-MPNN, ensemble=3)",Chemprop v2,train,522,CC(=O)NCC1CN(c2ccc(N3CCOCC3)c(F)c2)C(=O)O1,0.58,3.9206333,
tdc_vdss_lombardo,"Chemprop v2 (D-MPNN, ensemble=3)",Chemprop v2,train,523,NC(=[NH2+])N1CCCC(CNC(=O)CC(NS(=O)(=O)c2ccc3ccccc3c2)C(=O)N(CC(=O)[O-])C2CC2)C1,0.36,2.6996167,
tdc_vdss_lombardo,"Chemprop v2 (D-MPNN, ensemble=3)",Chemprop v2,train,524,CCC(O)C(C)C1OC1CC(C)(O)/C=C\C=C(/C)C1OC(=O)CC(O)CCC(C)(O)C(OC(=O)N2CC[NH+](C3CCCCCC3)CC2)/C=C/C1C,10.1,4.945332,
tdc_vdss_lombardo,"Chemprop v2 (D-MPNN, ensemble=3)",Chemprop v2,train,525,O=C(Cc1cccs1)NC1C(=O)N2C(C(=O)[O-])=C(C[n+]3ccccc3)CSC12,0.46,2.448843,
tdc_vdss_lombardo,"Chemprop v2 (D-MPNN, ensemble=3)",Chemprop v2,train,526,CNC(=O)C(c1ccccc1)N1CCc2cc(OC)c(OC)cc2C1CCc1ccc(C(F)(F)F)cc1,9.75,4.9486456,
tdc_vdss_lombardo,"Chemprop v2 (D-MPNN, ensemble=3)",Chemprop v2,train,527,O/N=C/c1cc[n+](COC[n+]2ccc(/C=N/O)cc2)cc1,0.17,3.1373608,
tdc_vdss_lombardo,"Chemprop v2 (D-MPNN, ensemble=3)",Chemprop v2,train,528,C[N+]1(CC2CC2)CCC23c4c5ccc(O)c4OC2C(=O)CCC3(O)C1C5,2.6,7.486506,
tdc_vdss_lombardo,"Chemprop v2 (D-MPNN, ensemble=3)",Chemprop v2,train,529,CC1=C(C(=O)[O-])N2C(=O)C(NC(=O)C([NH3+])C3=CCC=CC3)C2SC1,0.21,2.183651,
tdc_vdss_lombardo,"Chemprop v2 (D-MPNN, ensemble=3)",Chemprop v2,train,530,CCC1(O)C(=O)OCc2c1cc1n(c2=O)Cc2c-1nc1cc3c(cc1c2CN1CC[NH+](C)CC1)OCCO3,4.77,7.10226,
tdc_vdss_lombardo,"Chemprop v2 (D-MPNN, ensemble=3)",Chemprop v2,train,531,O=C1CN=C(c2ccccc2)c2cc(Cl)ccc2N1,0.45,3.6902506,
tdc_vdss_lombardo,"Chemprop v2 (D-MPNN, ensemble=3)",Chemprop v2,train,532,O=C1Nc2ccc(Cl)cc2C(c2ccccc2)=NC1O,0.59,3.4635403,
tdc_vdss_lombardo,"Chemprop v2 (D-MPNN, ensemble=3)",Chemprop v2,train,533,CN1C(=O)CN=C(c2ccccc2F)c2cc([N+](=O)[O-])ccc21,1.9,2.9035728,
tdc_vdss_lombardo,"Chemprop v2 (D-MPNN, ensemble=3)",Chemprop v2,train,534,O=C1CN=C(c2ccccc2Cl)c2cc(Br)ccc2N1,6.23,3.853983,
tdc_vdss_lombardo,"Chemprop v2 (D-MPNN, ensemble=3)",Chemprop v2,train,535,O=C1CN=C(c2ccccc2)c2cc([N+](=O)[O-])ccc2N1,1.7,2.8233068,
tdc_vdss_lombardo,"Chemprop v2 (D-MPNN, ensemble=3)",Chemprop v2,train,536,CN1C(=O)CN=C(c2ccccc2)c2cc(Cl)ccc21,1.0,3.6141865,
tdc_vdss_lombardo,"Chemprop v2 (D-MPNN, ensemble=3)",Chemprop v2,train,537,O=C1Nc2ccc(Cl)cc2C(c2ccccc2Cl)=NC1O,1.3,3.6191597,
tdc_vdss_lombardo,"Chemprop v2 (D-MPNN, ensemble=3)",Chemprop v2,train,538,O=C([O-])C1N=C(c2ccccc2)c2cc(Cl)ccc2NC1=O,0.2,2.6699111,
tdc_vdss_lombardo,"Chemprop v2 (D-MPNN, ensemble=3)",Chemprop v2,train,539,CN1C(=O)C(O)N=C(c2ccccc2Cl)c2cc(Cl)ccc21,1.6,3.6111553,
tdc_vdss_lombardo,"Chemprop v2 (D-MPNN, ensemble=3)",Chemprop v2,train,540,O=C1CN=C(c2ccccc2Cl)c2cc([N+](=O)[O-])ccc2N1,2.9,2.9136531,
tdc_vdss_lombardo,"Chemprop v2 (D-MPNN, ensemble=3)",Chemprop v2,train,541,O=C1CN=C(c2ccccc2Cl)c2cc(Cl)ccc2N1,2.2,3.9118536,
tdc_vdss_lombardo,"Chemprop v2 (D-MPNN, ensemble=3)",Chemprop v2,train,542,Cc1nnc(SCC2=C(C(=O)[O-])N3C(=O)C(NC(=O)Cn4cc(Cl)c(=O)c(Cl)c4)C3SC2)s1,0.13,1.9365369,
tdc_vdss_lombardo,"Chemprop v2 (D-MPNN, ensemble=3)",Chemprop v2,train,543,Cc1c(C)c2ccc(OCCC[NH+]3CCN(Cc4ccc(Cl)cc4)CC3)cc2oc1=O,1.3,7.9547386,
tdc_vdss_lombardo,"Chemprop v2 (D-MPNN, ensemble=3)",Chemprop v2,train,544,CCC[NH2+]C1CCc2nc(N)sc2C1,7.0,7.1341577,
tdc_vdss_lombardo,"Chemprop v2 (D-MPNN, ensemble=3)",Chemprop v2,train,545,C[NH+]1C2CCC1CC(OC(=O)c1c[nH]c3ccccc13)C2,9.7,5.337893,
tdc_vdss_lombardo,"Chemprop v2 (D-MPNN, ensemble=3)",Chemprop v2,train,546,CC1(C)SC2C(NC(=O)C(NC(=O)c3cnc4cccnc4c3[O-])c3ccccc3)C(=O)N2C1C(=O)[O-],0.16,2.0985787,
tdc_vdss_lombardo,"Chemprop v2 (D-MPNN, ensemble=3)",Chemprop v2,train,547,O=C(/C=C/c1c(C(=O)[O-])[nH]c2cc(Cl)cc(Cl)c12)Nc1ccccc1,0.12,2.7561328,
tdc_vdss_lombardo,"Chemprop v2 (D-MPNN, ensemble=3)",Chemprop v2,train,548,Cc1cnc([N-]C(=O)C2=C([O-])c3ccccc3S(=O)(=O)N2C)s1,0.15,0.8042708,
tdc_vdss_lombardo,"Chemprop v2 (D-MPNN, ensemble=3)",Chemprop v2,train,549,CC(=O)N(CC(O)CN(C(C)=O)c1c(I)c(C(=O)NCC(O)CO)c(I)c(C(=O)NCC(O)CO)c1I)c1c(I)c(C(=O)NCC(O)CO)c(I)c(C(=O)NCC(O)CO)c1I,0.2,4.5701294,
tdc_vdss_lombardo,"Chemprop v2 (D-MPNN, ensemble=3)",Chemprop v2,train,550,Cc1ccc2c(-c3ccccc3)nc(=O)n(C(C)C)c2c1,0.52,3.5698903,
tdc_vdss_lombardo,"Chemprop v2 (D-MPNN, ensemble=3)",Chemprop v2,train,551,CCCCCCCCOCCOC(=O)CN(CC(=O)[O-])c1ccccc1OCCOc1ccccc1[NH+](CC(=O)[O-])CC(=O)OCCOCCCCCCCC,1.1,5.519396,
tdc_vdss_lombardo,"Chemprop v2 (D-MPNN, ensemble=3)",Chemprop v2,train,552,COc1ccc(-n2nc(C(N)=O)c3c2C(=O)N(c2ccc(N4CCCCC4=O)cc2)CC3)cc1,0.3,3.82285,
tdc_vdss_lombardo,"Chemprop v2 (D-MPNN, ensemble=3)",Chemprop v2,train,553,[NH3+]C(C(=O)[O-])C1CC(Cl)=NO1,0.5,2.1227014,
tdc_vdss_lombardo,"Chemprop v2 (D-MPNN, ensemble=3)",Chemprop v2,train,554,Nc1c2c([nH+]c3ccccc13)CCCC2,11.0,7.5661683,
tdc_vdss_lombardo,"Chemprop v2 (D-MPNN, ensemble=3)",Chemprop v2,train,555,Cc1nccn1CCC(C(N)=O)(c1ccccc1)c1ccccc1,1.51,3.531499,
tdc_vdss_lombardo,"Chemprop v2 (D-MPNN, ensemble=3)",Chemprop v2,train,556,OCCN1CC(O)C(O)C(O)C1CO,0.28,5.0814824,
tdc_vdss_lombardo,"Chemprop v2 (D-MPNN, ensemble=3)",Chemprop v2,train,557,C/C(=C\C(C(C)C)N(C)C(=O)C(NC(=O)C1CCCCN1C(C)C)C(C)(C)C)C(=O)[O-],1.26,2.645901,
tdc_vdss_lombardo,"Chemprop v2 (D-MPNN, ensemble=3)",Chemprop v2,train,558,C[NH+]1CCC23c4c5ccc(O)c4OC2C(O)C=CC3C1C5,2.3,6.688005,
tdc_vdss_lombardo,"Chemprop v2 (D-MPNN, ensemble=3)",Chemprop v2,train,559,COc1ccc2c3c1OC1C(O)C=CC4C(C2)[NH+](C)CCC341,3.5,6.6622295,
tdc_vdss_lombardo,"Chemprop v2 (D-MPNN, ensemble=3)",Chemprop v2,train,560,CC(=O)Oc1ccc2c3c1OC1C(OC(C)=O)C=CC4C(C2)[NH+](C)CCC341,1.31,5.128039,
tdc_vdss_lombardo,"Chemprop v2 (D-MPNN, ensemble=3)",Chemprop v2,train,561,CCOc1ccc(/C=C2\NCCc3cc(OCC)c(OCC)cc32)cc1OCC,1.9,8.031213,
tdc_vdss_lombardo,"Chemprop v2 (D-MPNN, ensemble=3)",Chemprop v2,train,562,C/C=C/CC(C)C(=O)C1C(=O)NC(C(C)C)C(=O)N(C)CC(=O)N(C)C(CC(C)C)C(=O)NC(C(C)C)C(=O)N(C)C(CC(C)C)C(=O)NC(C)C(=O)NC(C)C(=O)N(C)C(CC(C)C)C(=O)N(C)C(CC(C)C)C(=O)N(C)C(C(C)C)C(=O)N1C,1.8,3.2523181,
tdc_vdss_lombardo,"Chemprop v2 (D-MPNN, ensemble=3)",Chemprop v2,train,563,C/C=C/CC(C)C(O)C1C(=O)NC(CC)C(=O)N(C)CC(=O)N(C)C(CC(C)C)C(=O)NC(C(C)C)C(=O)N(C)C(CC(C)C)C(=O)NC(C)C(=O)NC(C)C(=O)N(C)C(CC(C)C)C(=O)N(C)C(CC(C)C)C(=O)N(C)C(C(C)C)C(=O)N1C,3.3,3.6131985,
tdc_vdss_lombardo,"Chemprop v2 (D-MPNN, ensemble=3)",Chemprop v2,train,564,CC1CCC2C(C)C(OC(=O)CCC(=O)O)OC3OC4(C)CCC1C32OO4,15.0,4.0117636,
tdc_vdss_lombardo,"Chemprop v2 (D-MPNN, ensemble=3)",Chemprop v2,train,565,CC1(C)OC2CC3C4CC(F)C5=CC(=O)C=CC5(C)C4C(O)CC3(C)C2(C(=O)CO)O1,1.08,4.8012805,
tdc_vdss_lombardo,"Chemprop v2 (D-MPNN, ensemble=3)",Chemprop v2,train,566,CCCC1OC2CC3C4CCC5=CC(=O)C=CC5(C)C4C(O)CC3(C)C2(C(=O)CO)O1,3.9,5.0028167,
tdc_vdss_lombardo,"Chemprop v2 (D-MPNN, ensemble=3)",Chemprop v2,train,567,CC1(C)OC2CC3C4CCC5=CC(=O)C=CC5(C)C4(F)C(O)CC3(C)C2(C(=O)CO)O1,1.4,4.9461656,
tdc_vdss_lombardo,"Chemprop v2 (D-MPNN, ensemble=3)",Chemprop v2,train,568,CCC(=O)N(c1ccccc1)C1CC[NH+](CCc2ccccc2)CC1,0.89,6.112764,
tdc_vdss_lombardo,"Chemprop v2 (D-MPNN, ensemble=3)",Chemprop v2,train,569,CC1\C=C/C=C\C=C/C=C\C=C/C=C\C=C/C(OC2OC(C)C(O)C([NH3+])C2O)CC2OC(O)(CC(O)CC(O)C(O)CCC(O)CC(O)CC(=O)OC(C)C(C)C1O)CC(O)C2C(=O)[O-],0.62,4.5817647,
tdc_vdss_lombardo,"Chemprop v2 (D-MPNN, ensemble=3)",Chemprop v2,train,570,CO/N=C(/C(=O)NC1C(=O)N2C(C(=O)[O-])=C(C[n+]3ccn4ncccc43)CSC12)c1nsc(N)n1,0.24,1.3341082,
tdc_vdss_lombardo,"Chemprop v2 (D-MPNN, ensemble=3)",Chemprop v2,train,571,COc1nc(C)nc(Cl)c1NC1=[NH+]CCN1,1.8,3.3740149,
tdc_vdss_lombardo,"Chemprop v2 (D-MPNN, ensemble=3)",Chemprop v2,train,572,C=C[C@@H]1CNCC[C@@H]1CCCc1ccnc2ccc(OC)cc12,24.4,9.372771,
tdc_vdss_lombardo,"Chemprop v2 (D-MPNN, ensemble=3)",Chemprop v2,train,573,CC(O)C[NH+]1CCN(CCOC(c2ccccc2)c2ccc(Cl)cc2)CC1,1.9,13.611691,
tdc_vdss_lombardo,"Chemprop v2 (D-MPNN, ensemble=3)",Chemprop v2,train,574,CN(c1nccc(=O)[nH]1)C1CCN(c2nc3ccccc3n2Cc2ccc(F)cc2)CC1,0.38,5.510589,
tdc_vdss_lombardo,"Chemprop v2 (D-MPNN, ensemble=3)",Chemprop v2,train,575,O=C(c1ccc(OCC[NH+]2CCCCC2)cc1)c1c(-c2ccc(O)cc2)sc2cc(O)ccc12,7.5,11.384328,
tdc_vdss_lombardo,"Chemprop v2 (D-MPNN, ensemble=3)",Chemprop v2,train,576,CC(c1cccnc1F)c1c(CC[NH+](C)[14CH3])sc2ccccc12,5.73,10.543046,
tdc_vdss_lombardo,"Chemprop v2 (D-MPNN, ensemble=3)",Chemprop v2,train,577,CN(C(=O)CC(=O)N(C)c1c(I)c(C(=O)N[C@H](CO)[C@H](O)CO)c(I)c(C(=O)N[C@H](CO)[C@H](O)CO)c1I)c1c(I)c(C(=O)N[C@H](CO)[C@H](O)CO)c(I)c(C(=O)N[C@H](CO)[C@H](O)CO)c1I,0.23,5.096249,
tdc_vdss_lombardo,"Chemprop v2 (D-MPNN, ensemble=3)",Chemprop v2,train,578,COc1cc(NC(C)CCC[NH3+])c2ncccc2c1,4.0,13.713025,
tdc_vdss_lombardo,"Chemprop v2 (D-MPNN, ensemble=3)",Chemprop v2,train,579,O=C(NC1CCC(c2cccc(F)c2F)CN(CC(F)(F)F)C1=O)N1CCC(n2c(=O)[nH]c3ncccc32)CC1,0.86,4.041565,
tdc_vdss_lombardo,"Chemprop v2 (D-MPNN, ensemble=3)",Chemprop v2,train,580,CCC1(O)CC(=O)OCc2c1cc1n(c2=O)Cc2cc3cc(F)c(F)cc3nc2-1,1.42,4.6351466,
tdc_vdss_lombardo,"Chemprop v2 (D-MPNN, ensemble=3)",Chemprop v2,train,581,C[NH+]([14CH3])CCC1=C(Cc2cccnn2)c2ccc(F)cc2C1,1.11,8.206731,
tdc_vdss_lombardo,"Chemprop v2 (D-MPNN, ensemble=3)",Chemprop v2,train,582,CC([NH2+]CCc1ccc(O)cc1)C(O)c1ccc(O)cc1,4.4,9.308053,
tdc_vdss_lombardo,"Chemprop v2 (D-MPNN, ensemble=3)",Chemprop v2,train,583,CC(Cc1ccc(O)cc1)[NH2+]CC(O)c1cc(O)cc(O)c1,1.2,9.572706,
tdc_vdss_lombardo,"Chemprop v2 (D-MPNN, ensemble=3)",Chemprop v2,train,584,CC(C)=CCCC1(C)C=Cc2c(O)c3c(c(CC=C(C)C)c2O1)OC12C(=CC4CC1C(C)(C)OC2(C/C=C(/C)C(=O)[O-])C4=O)C3=O,0.99,5.604669,
tdc_vdss_lombardo,"Chemprop v2 (D-MPNN, ensemble=3)",Chemprop v2,train,585,C[NH2+]CC[C@@H](O)[C@@H]1C[C@H](SC2=C(C(=O)[O-])N3C(=O)[C@H]([C@@H](C)O)[C@H]3[C@H]2C)CN1,0.22,3.7691982,
tdc_vdss_lombardo,"Chemprop v2 (D-MPNN, ensemble=3)",Chemprop v2,train,586,CC(=[NH2+])N1CCC(SC2=C(C(=O)[O-])N3C(=O)C(C(C)O)C3C2)C1,0.19,3.0107925,
tdc_vdss_lombardo,"Chemprop v2 (D-MPNN, ensemble=3)",Chemprop v2,train,587,CCCc1nc2c(C)cc(-c3nc4ccccc4n3C)cc2n1Cc1ccc(-c2ccccc2C(=O)[O-])cc1,5.3,3.7959793,
tdc_vdss_lombardo,"Chemprop v2 (D-MPNN, ensemble=3)",Chemprop v2,train,588,CCC[NH+](CCC)CCc1cccc2c1CC(=O)N2,7.7,14.455077,
tdc_vdss_lombardo,"Chemprop v2 (D-MPNN, ensemble=3)",Chemprop v2,train,589,O=C(CCC[NH+]1CCC(n2c(=O)[nH]c3ccccc32)CC1)c1ccc(F)cc1,3.8,7.408003,
tdc_vdss_lombardo,"Chemprop v2 (D-MPNN, ensemble=3)",Chemprop v2,train,590,C#Cc1cccc(Nc2ncnc3cc(OCCOC)c(OCCOC)cc23)c1,0.77,5.701591,
tdc_vdss_lombardo,"Chemprop v2 (D-MPNN, ensemble=3)",Chemprop v2,train,591,Cn1c(=O)c2c(ncn2C)n(C)c1=O,0.63,2.803972,
tdc_vdss_lombardo,"Chemprop v2 (D-MPNN, ensemble=3)",Chemprop v2,train,592,Cn1c(=O)c2c(ncn2CC(O)CO)n(C)c1=O,0.42,3.3557785,
tdc_vdss_lombardo,"Chemprop v2 (D-MPNN, ensemble=3)",Chemprop v2,train,593,CC(=O)CCCCn1c(=O)c2c(ncn2C)n(C)c1=O,1.8,3.3539772,
tdc_vdss_lombardo,"Chemprop v2 (D-MPNN, ensemble=3)",Chemprop v2,train,594,CCCC[NH+]1CCCCC1C(=O)Nc1c(C)cccc1C,0.84,5.8754544,
tdc_vdss_lombardo,"Chemprop v2 (D-MPNN, ensemble=3)",Chemprop v2,train,595,CCC[NH+]1CCCCC1C(=O)Nc1c(C)cccc1C,0.75,5.287247,
tdc_vdss_lombardo,"Chemprop v2 (D-MPNN, ensemble=3)",Chemprop v2,train,596,CCCC[NH+]1CCCCC1C(=O)Nc1c(C)cccc1C,0.49,5.8754544,
tdc_vdss_lombardo,"Chemprop v2 (D-MPNN, ensemble=3)",Chemprop v2,train,597,Cc1cccc(C)c1NC(=O)C1CCCC[NH+]1C,0.95,4.2592072,
tdc_vdss_lombardo,"Chemprop v2 (D-MPNN, ensemble=3)",Chemprop v2,train,598,CC#CC1(O)CCC2C3CCC4=CC(=O)CCC4=C3C(c3ccc(N(C)C)cc3)CC21C,0.01,5.4233136,
tdc_vdss_lombardo,"Chemprop v2 (D-MPNN, ensemble=3)",Chemprop v2,train,599,CCC1OC(=O)CC(O)C(C)C(OC2OC(C)CC([NH+](C)C)C2O)C(CC=O)CC(C)C(=O)/C=C\C2(C)OC2C1C,2.83,4.6437893,
tdc_vdss_lombardo,"Chemprop v2 (D-MPNN, ensemble=3)",Chemprop v2,train,600,NS(=O)(=O)c1cc2c(cc1C(F)(F)F)NCNS2(=O)=O,2.2,2.6292732,
tdc_vdss_lombardo,"Chemprop v2 (D-MPNN, ensemble=3)",Chemprop v2,train,601,Cc1[nH]cnc1CN1CCc2c(c3ccccc3n2C)C1=O,1.1,4.667852,
tdc_vdss_lombardo,"Chemprop v2 (D-MPNN, ensemble=3)",Chemprop v2,train,602,CC([NH2+]C(CCc1ccccc1)C(=O)[O-])C(=O)N1Cc2ccccc2CC1C(=O)[O-],0.13,2.0740805,
tdc_vdss_lombardo,"Chemprop v2 (D-MPNN, ensemble=3)",Chemprop v2,train,603,COc1cc(S(C)=O)ccc1-c1nc2ccncc2[nH]1,1.67,5.0529866,
tdc_vdss_lombardo,"Chemprop v2 (D-MPNN, ensemble=3)",Chemprop v2,train,604,CNC(=O)c1cccc2c(Nc3ccc(NS(C)(=O)=O)cc3OC)c3cccc(C)c3[nH+]c12,0.3,3.2844841,
tdc_vdss_lombardo,"Chemprop v2 (D-MPNN, ensemble=3)",Chemprop v2,train,605,COc1cc(NS(C)(=O)=O)ccc1Nc1c2ccccc2[nH+]c2ccccc12,1.6,3.1928177,
tdc_vdss_lombardo,"Chemprop v2 (D-MPNN, ensemble=3)",Chemprop v2,train,606,C[NH+](C)CCc1c[nH]c2ccc(CS(=O)(=O)N3CCCC3)cc12,2.2,4.5311522,
tdc_vdss_lombardo,"Chemprop v2 (D-MPNN, ensemble=3)",Chemprop v2,train,607,CC(C)n1c(/C=C/C(O)CC(O)CC(=O)[O-])c(-c2ccc(F)cc2)c2ccccc21,0.42,4.1864586,
tdc_vdss_lombardo,"Chemprop v2 (D-MPNN, ensemble=3)",Chemprop v2,train,608,CCCCCCCCC/C=C/C=C/C(=O)NCC(=O)NC1C(O)C(O)C(Nc2[nH]cnc3ncnc2-3)OC1C(O)CO,0.17,5.97097,
tdc_vdss_lombardo,"Chemprop v2 (D-MPNN, ensemble=3)",Chemprop v2,train,609,COc1cccc2c1C(CO)N1C(C#N)C3CC(C(=O)[O-])C(C1C2)N3C,0.23,3.5489464,
tdc_vdss_lombardo,"Chemprop v2 (D-MPNN, ensemble=3)",Chemprop v2,train,610,CC1OC1P(=O)([O-])[O-],0.32,1.7185078,
tdc_vdss_lombardo,"Chemprop v2 (D-MPNN, ensemble=3)",Chemprop v2,train,611,Cn1cc(NC(=O)Nc2cc(C(=O)Nc3cc(C(=O)Nc4ccc5cc(S(=O)(=O)[O-])cc(S(=O)(=O)[O-])c5c4)n(C)c3)n(C)c2)cc1C(=O)Nc1cc(C(=O)Nc2ccc3cc(S(=O)(=O)[O-])cc(S(=O)(=O)[O-])c3c2)n(C)c1,0.27,-0.6630402,
tdc_vdss_lombardo,"Chemprop v2 (D-MPNN, ensemble=3)",Chemprop v2,train,612,COc1ccccc1N1CCN(CCCNc2cc(=O)n(C)c(=O)n2C)CC1,0.75,4.841759,
tdc_vdss_lombardo,"Chemprop v2 (D-MPNN, ensemble=3)",Chemprop v2,train,613,O=C1OC2(c3ccc(O)cc3Oc3cc(O)ccc32)c2ccccc21,0.14,5.1405206,
tdc_vdss_lombardo,"Chemprop v2 (D-MPNN, ensemble=3)",Chemprop v2,train,614,C#CC1(O)CCC2C3CCc4cc(O)ccc4C3CCC21C,4.3,5.4831157,
tdc_vdss_lombardo,"Chemprop v2 (D-MPNN, ensemble=3)",Chemprop v2,train,615,C#CC1(OS(=O)(=O)[O-])CCC2C3CCc4cc(O)ccc4C3CCC21C,0.61,3.7296493,
tdc_vdss_lombardo,"Chemprop v2 (D-MPNN, ensemble=3)",Chemprop v2,train,616,C#CC1(O)CCC2C3CCc4cc(OS(=O)(=O)[O-])ccc4C3CCC21C,2.3,3.861,
tdc_vdss_lombardo,"Chemprop v2 (D-MPNN, ensemble=3)",Chemprop v2,train,617,CC12CCC3c4ccc(O)cc4CC(CCCCCCCCCS(=O)CCCC(F)(F)C(F)(F)F)C3C1CCC2O,4.15,8.675411,
tdc_vdss_lombardo,"Chemprop v2 (D-MPNN, ensemble=3)",Chemprop v2,train,618,CC12CCC3c4ccc(O)cc4CCC3C1CCC2O,1.2,6.721134,
tdc_vdss_lombardo,"Chemprop v2 (D-MPNN, ensemble=3)",Chemprop v2,train,619,CC12CCC3c4ccc(OC(=O)N(CCCl)CCCl)cc4CCC3C1CCC2OP(=O)([O-])[O-],0.12,3.513565,
tdc_vdss_lombardo,"Chemprop v2 (D-MPNN, ensemble=3)",Chemprop v2,train,620,CC1=C(C(=O)[O-])N2C(=O)C(NC(=O)C([NH3+])c3ccccc3)C2SC1,0.21,2.2114804,
tdc_vdss_lombardo,"Chemprop v2 (D-MPNN, ensemble=3)",Chemprop v2,train,621,C/C=C/C1=C(C(=O)[O-])N2C(=O)C(NC(=O)C([NH3+])c3ccc(O)cc3)C2SC1,0.21,2.2017753,
tdc_vdss_lombardo,"Chemprop v2 (D-MPNN, ensemble=3)",Chemprop v2,train,622,CC1=C(C(=O)[O-])N2C(=O)C(NC(=O)C([NH3+])c3ccc(O)cc3)C2SC1,0.23,2.2577193,
tdc_vdss_lombardo,"Chemprop v2 (D-MPNN, ensemble=3)",Chemprop v2,train,623,CC(C)=CCCC(C)(OC1OC(CO)C(O)C(O)C1O)C1CCC2(C)C1C(O)CC1C3(C)CCC(OC4OC(CO)C(O)C(O)C4OC4OC(CO)C(O)C(O)C4O)C(C)(C)C3CCC12C,0.11,5.8802414,
tdc_vdss_lombardo,"Chemprop v2 (D-MPNN, ensemble=3)",Chemprop v2,train,624,CC(=O)C1(O)Cc2c(O)c3c(c(O)c2C(OC2CC([NH3+])C(O)C(C)O2)C1)C(=O)c1ccccc1C3=O,38.0,10.162868,
tdc_vdss_lombardo,"Chemprop v2 (D-MPNN, ensemble=3)",Chemprop v2,train,625,COc1cccc2c1C(=O)c1c(O)c3c(c(O)c1C2=O)CC(O)(C(=O)CO)CC3OC1CC([NH3+])C(O)C(C)O1,22.0,10.370555,
tdc_vdss_lombardo,"Chemprop v2 (D-MPNN, ensemble=3)",Chemprop v2,train,626,COc1cccc2c1C(=O)c1c(O)c3c(c(O)c1C2=O)CC(O)(C(=O)CO)CC3OC1CC([NH3+])C(O)C(C)O1,45.0,10.370556,
tdc_vdss_lombardo,"Chemprop v2 (D-MPNN, ensemble=3)",Chemprop v2,train,627,COc1cccc2c1C(=O)c1c(O)c3c(c(O)c1C2=O)CC(O)(C(=O)CO)CC3OC1CC([NH3+])C(I)C(C)O1,53.6,10.58023,
tdc_vdss_lombardo,"Chemprop v2 (D-MPNN, ensemble=3)",Chemprop v2,train,628,Cc1cc(C)c(/C=C2\C(=O)Nc3ccccc32)[nH]1,0.98,3.6562748,
tdc_vdss_lombardo,"Chemprop v2 (D-MPNN, ensemble=3)",Chemprop v2,train,629,C[NH+]1Cc2c(N)cccc2C(c2ccccc2)C1,6.0,7.2222342,
tdc_vdss_lombardo,"Chemprop v2 (D-MPNN, ensemble=3)",Chemprop v2,train,630,CCOc1nc2cccc(C(=O)[O-])c2n1Cc1ccc(-c2ccccc2-c2nnn[n-]2)cc1,0.13,2.8673296,
tdc_vdss_lombardo,"Chemprop v2 (D-MPNN, ensemble=3)",Chemprop v2,train,631,Clc1cccc(N2CC[NH2+]CC2)c1,2.5,7.5535245,
tdc_vdss_lombardo,"Chemprop v2 (D-MPNN, ensemble=3)",Chemprop v2,train,632,Cc1c(N)nc([C@H](CC(N)=O)NC[C@H]([NH3+])C(N)=O)nc1C(=O)N[C@H](C(=O)N[C@H](C)[C@@H](O)[C@H](C)C(=O)N[C@H](C(=O)NCCc1nc(-c2nc(C(=O)NCCC[S+](C)C)cs2)cs1)[C@@H](C)O)[C@@H](O[C@@H]1O[C@@H](CO)[C@@H](O)[C@H](O)[C@@H]1O[C@H]1O[C@H](CO)[C@@H](O)[C@H](OC(N)=O)[C@@H]1O)c1cnc[nH]1,9.43,3.5655072,
tdc_vdss_lombardo,"Chemprop v2 (D-MPNN, ensemble=3)",Chemprop v2,train,633,C[NH2+]C1C(O)C(OC2C(N)CC([NH3+])C(OC3OC(C[NH3+])=CCC3[NH3+])C2O)OCC1(C)O,0.19,5.222014,
tdc_vdss_lombardo,"Chemprop v2 (D-MPNN, ensemble=3)",Chemprop v2,train,634,CCNC1CC(N)C(OC2OC(C[NH3+])=CCC2[NH3+])C(O)C1OC1OCC(C)(O)C([NH2+]C)C1O,0.07,5.5462494,
tdc_vdss_lombardo,"Chemprop v2 (D-MPNN, ensemble=3)",Chemprop v2,train,635,C[NH2+]C1C(O)C(OC2C(NC(=O)C(O)CC[NH3+])CC([NH3+])C(OC3OC(CNCCO)=CCC3[NH3+])C2O)OCC1(C)O,0.22,5.050677,
tdc_vdss_lombardo,"Chemprop v2 (D-MPNN, ensemble=3)",Chemprop v2,train,636,CO/N=C(/C(=O)NC1C(=O)N2C(C(=O)[O-])=C(CSc3nc(=O)c(=O)[n-]n3C)CSC12)c1csc(N)n1,0.12,-0.31052074,
tdc_vdss_lombardo,"Chemprop v2 (D-MPNN, ensemble=3)",Chemprop v2,train,637,CC(C)([NH3+])CC(=O)NC1CCc2ccccc2N(Cc2ccc(-c3ccccc3-c3nnn[n-]3)cc2)C1=O,0.2,3.8189583,
tdc_vdss_lombardo,"Chemprop v2 (D-MPNN, ensemble=3)",Chemprop v2,train,638,NC(=[NH2+])c1ccc(C(=O)NC(Cc2ccc(O)cc2)C(=O)N2CCC(OCC(=O)[O-])CC2)cc1,0.29,3.1069686,
tdc_vdss_lombardo,"Chemprop v2 (D-MPNN, ensemble=3)",Chemprop v2,train,639,O=C([O-])c1cc(-c2ccc(F)cc2F)ccc1O,0.1,2.7828639,
tdc_vdss_lombardo,"Chemprop v2 (D-MPNN, ensemble=3)",Chemprop v2,train,640,CN/C(=C\[N+](=O)[O-])NCCSCc1ccc(C[NH+](C)C)o1,1.2,2.978042,
tdc_vdss_lombardo,"Chemprop v2 (D-MPNN, ensemble=3)",Chemprop v2,train,641,C[NH+](C)CC/C=C1\c2ccccc2COc2ccccc21,12.0,11.959399,
tdc_vdss_lombardo,"Chemprop v2 (D-MPNN, ensemble=3)",Chemprop v2,train,642,O=C(c1ccc(F)cc1)C1CC[NH+](CCn2c(=O)[nH]c3ccccc3c2=O)CC1,3.9,4.9887185,
tdc_vdss_lombardo,"Chemprop v2 (D-MPNN, ensemble=3)",Chemprop v2,train,643,CN(C(=O)c1c([O-])c2ccccc2n(C)c1=O)c1ccccc1,0.21,2.659885,
tdc_vdss_lombardo,"Chemprop v2 (D-MPNN, ensemble=3)",Chemprop v2,train,644,CC1=NN(c2ccccc2)C(=O)C1,0.23,2.9646358,
tdc_vdss_lombardo,"Chemprop v2 (D-MPNN, ensemble=3)",Chemprop v2,train,645,CCC(O)(C(=O)[O-])c1cc2n(c(=O)c1CO)Cc1c-2nc2cc(F)c(C)c3c2c1C([NH3+])CC3,0.44,3.974096,
tdc_vdss_lombardo,"Chemprop v2 (D-MPNN, ensemble=3)",Chemprop v2,train,646,COC(=O)C(Cc1cccc(C(N)=[NH2+])c1)C(C)NC(=O)c1ccc(-c2cc[n+]([O-])cc2)cc1,0.89,3.0517347,
tdc_vdss_lombardo,"Chemprop v2 (D-MPNN, ensemble=3)",Chemprop v2,train,647,CO/N=C(\C(=O)N[C@H]1C(=O)N2C(C(=O)O)=C(CSc3cnns3)CS[C@H]12)c1csc(N)n1,0.2,1.4592444,
tdc_vdss_lombardo,"Chemprop v2 (D-MPNN, ensemble=3)",Chemprop v2,train,648,CC(=O)Nc1nnc(S(N)(=O)=O)s1,0.37,1.5547361,
tdc_vdss_lombardo,"Chemprop v2 (D-MPNN, ensemble=3)",Chemprop v2,train,649,C[NH2+]C1CC2OC(C)(C1OC)n1c3ccccc3c3c4c(c5c6ccccc6n2c5c31)C(=O)NC4O,0.15,11.1488695,
tdc_vdss_lombardo,"Chemprop v2 (D-MPNN, ensemble=3)",Chemprop v2,train,650,NC(=O)CN1CC(O)CC1=O,0.55,2.7787788,
tdc_vdss_lombardo,"Chemprop v2 (D-MPNN, ensemble=3)",Chemprop v2,train,651,C[NH+](C)C1CCN(C(=O)c2ccc(NC(=O)Nc3ccc(-c4nc(N5CCOCC5)nc(N5CCOCC5)n4)cc3)cc2)CC1,2.39,5.7427793,
tdc_vdss_lombardo,"Chemprop v2 (D-MPNN, ensemble=3)",Chemprop v2,train,652,CCC(C)CC(C)CCCCCCCCC(=O)NC1CC(O)C(NCC[NH3+])NC(=O)C2C(O)CCN2C(=O)C(C(O)CC[NH3+])NC(=O)C(C(O)C(O)c2ccc(O)cc2)NC(=O)C2CC(O)CN2C(=O)C(C(C)O)NC1=O,0.13,7.2560544,
tdc_vdss_lombardo,"Chemprop v2 (D-MPNN, ensemble=3)",Chemprop v2,train,653,C[NH+]1CCN(c2c(F)cc3c(=O)c(C(=O)[O-])cn(CCF)c3c2F)CC1,1.6,4.4278836,
tdc_vdss_lombardo,"Chemprop v2 (D-MPNN, ensemble=3)",Chemprop v2,train,654,CCn1cc(C(=O)[O-])c(=O)c2cc(F)c(N3CC[NH+](C)CC3)cc21,1.5,4.3065233,
tdc_vdss_lombardo,"Chemprop v2 (D-MPNN, ensemble=3)",Chemprop v2,train,655,CCn1cc(C(=O)[O-])c(=O)c2cc(F)c(N3CC[NH2+]C(C)C3)c(F)c21,2.04,4.2431293,
tdc_vdss_lombardo,"Chemprop v2 (D-MPNN, ensemble=3)",Chemprop v2,train,656,CCn1cc(C(=O)[O-])c(=O)c2cc(F)c(N3CC[NH2+]CC3)cc21,1.88,3.9615643,
tdc_vdss_lombardo,"Chemprop v2 (D-MPNN, ensemble=3)",Chemprop v2,train,657,O=C1NC(c2ccccc2)(c2ccccc2)C(=O)N1COP(=O)([O-])[O-],0.06,2.136599,
tdc_vdss_lombardo,"Chemprop v2 (D-MPNN, ensemble=3)",Chemprop v2,train,658,O=c1[c-](CC[S@](=O)c2ccccc2)c(=O)n(-c2ccccc2)n1-c1ccccc1,0.12,2.6142056,
tdc_vdss_lombardo,"Chemprop v2 (D-MPNN, ensemble=3)",Chemprop v2,train,659,CCS(=O)(=O)CCn1c([N+](=O)[O-])cnc1C,0.59,1.6414112,
tdc_vdss_lombardo,"Chemprop v2 (D-MPNN, ensemble=3)",Chemprop v2,train,660,CCn1cnc(C(=O)NC)c1C(=O)NC,0.73,2.556013,
tdc_vdss_lombardo,"Chemprop v2 (D-MPNN, ensemble=3)",Chemprop v2,train,661,CN/C(=N\CCSCc1nc[nH]c1C)NC#N,1.2,2.3715575,
tdc_vdss_lombardo,"Chemprop v2 (D-MPNN, ensemble=3)",Chemprop v2,train,662,O=P([O-])([O-])C(O)(Cn1ccnc1)P(=O)([O-])O,0.6,-0.04473416,
tdc_vdss_lombardo,"Chemprop v2 (D-MPNN, ensemble=3)",Chemprop v2,train,663,Cc1ncc([N+](=O)[O-])n1CCO,0.4,2.4206388,
tdc_vdss_lombardo,"Chemprop v2 (D-MPNN, ensemble=3)",Chemprop v2,train,664,CN(C)N=Nc1nc[nH]c1C(N)=O,1.2,2.5001645,
tdc_vdss_lombardo,"Chemprop v2 (D-MPNN, ensemble=3)",Chemprop v2,train,665,Cn1c(COP(=O)(NCCBr)NCCBr)cnc1[N+](=O)[O-],0.64,2.3405492,
tdc_vdss_lombardo,"Chemprop v2 (D-MPNN, ensemble=3)",Chemprop v2,train,666,O=C(Cn1ccnc1[N+](=O)[O-])NCC(O)C(F)(F)F,0.69,2.1071968,
tdc_vdss_lombardo,"Chemprop v2 (D-MPNN, ensemble=3)",Chemprop v2,train,667,Cc1ncc([N+](=O)[O-])n1CC(O)CCl,1.16,2.6640518,
tdc_vdss_lombardo,"Chemprop v2 (D-MPNN, ensemble=3)",Chemprop v2,train,668,COC1(NC(=O)C(C(=O)O)c2ccc(O)cc2)C(=O)N2C(C(=O)[O-])=C(CSc3nnnn3C)COC21,0.17,1.4348868,
tdc_vdss_lombardo,"Chemprop v2 (D-MPNN, ensemble=3)",Chemprop v2,train,669,CC[NH+]1CC2C[NH+](C)CC(C1)C2OC(=O)c1ccc(Cl)cc1,9.0,5.651999,
tdc_vdss_lombardo,"Chemprop v2 (D-MPNN, ensemble=3)",Chemprop v2,train,670,COc1cccc(OC)c1C(=O)NC1C(=O)N2C1SC(C)(C)C2C(=O)[O-],0.32,2.6536713,
tdc_vdss_lombardo,"Chemprop v2 (D-MPNN, ensemble=3)",Chemprop v2,train,671,COc1ccc(Cl)cc1C(=O)NCCc1ccc(S(=O)(=O)[N-]C(=O)NC2CCCCC2)cc1,0.08,2.3940883,
tdc_vdss_lombardo,"Chemprop v2 (D-MPNN, ensemble=3)",Chemprop v2,train,672,O=C([O-])C1CC(C2CCCCC2)CN1C(=O)CP(=O)([O-])CCCCc1ccccc1,0.13,2.860747,
tdc_vdss_lombardo,"Chemprop v2 (D-MPNN, ensemble=3)",Chemprop v2,train,673,COc1cc(NCc2ccc3nc(N)nc(N)c3c2C)cc(OC)c1OC,0.77,5.693966,
tdc_vdss_lombardo,"Chemprop v2 (D-MPNN, ensemble=3)",Chemprop v2,train,674,Cc1nnc2n1-c1sc(Br)cc1C(c1ccccc1Cl)=NC2,0.75,4.341352,
tdc_vdss_lombardo,"Chemprop v2 (D-MPNN, ensemble=3)",Chemprop v2,train,675,Cc1nc2sccn2c(=O)c1CC[NH+]1CCC(=C(c2ccc(F)cc2)c2ccc(F)cc2)CC1,1.41,5.7775307,
tdc_vdss_lombardo,"Chemprop v2 (D-MPNN, ensemble=3)",Chemprop v2,train,676,CN(CCCCCCN(C)C(=O)Oc1ccc[n+](C)c1)C(=O)Oc1ccc[n+](C)c1,1.0,3.5462506,
tdc_vdss_lombardo,"Chemprop v2 (D-MPNN, ensemble=3)",Chemprop v2,train,677,C[NH+]1CCCC1Cc1c[nH]c2ccc(CCS(=O)(=O)c3ccccc3)cc12,1.6,4.9007583,
tdc_vdss_lombardo,"Chemprop v2 (D-MPNN, ensemble=3)",Chemprop v2,train,678,CCn1cc(C(=O)[O-])c(=O)c2cc(F)c(N3CC[NH2+]CC3)nc21,2.0,3.7152069,
tdc_vdss_lombardo,"Chemprop v2 (D-MPNN, ensemble=3)",Chemprop v2,train,679,C[NH+]1CCN(CCCN2c3ccccc3Sc3ccc(Cl)cc32)CC1,22.0,13.115468,
tdc_vdss_lombardo,"Chemprop v2 (D-MPNN, ensemble=3)",Chemprop v2,train,680,OCC[NH+]1CCN(CCCN2c3ccccc3Sc3ccc(Cl)cc32)CC1,18.0,15.372044,
tdc_vdss_lombardo,"Chemprop v2 (D-MPNN, ensemble=3)",Chemprop v2,train,681,OCC[NH+]1CCN(CCCN2c3ccccc3Sc3ccc(C(F)(F)F)cc32)CC1,2.9,14.129369,
tdc_vdss_lombardo,"Chemprop v2 (D-MPNN, ensemble=3)",Chemprop v2,train,682,CCCCCc1cc(O)c2c(c1)OC(C)(C)C1CCC(C)=CC21,8.9,9.244225,
tdc_vdss_lombardo,"Chemprop v2 (D-MPNN, ensemble=3)",Chemprop v2,train,683,CCCCCc1cc(O)c2c(c1)OC(C)(C)C1CCC(C(=O)[O-])=CC21,1.28,4.5296197,
tdc_vdss_lombardo,"Chemprop v2 (D-MPNN, ensemble=3)",Chemprop v2,train,684,COC(=O)Nc1nc2cc(C(=O)c3ccccc3)ccc2[nH]1,1.2,2.7809408,
tdc_vdss_lombardo,"Chemprop v2 (D-MPNN, ensemble=3)",Chemprop v2,train,685,Cc1ccc(-c2ncc(Cl)cc2-c2ccc(S(C)(=O)=O)cc2)cn1,1.5,3.0402336,
tdc_vdss_lombardo,"Chemprop v2 (D-MPNN, ensemble=3)",Chemprop v2,train,686,O=P([O-])(O)C(O)(Cc1cccnc1)P(=O)([O-])O,6.3,0.8613119,
tdc_vdss_lombardo,"Chemprop v2 (D-MPNN, ensemble=3)",Chemprop v2,train,687,O=C(NCCO[N+](=O)[O-])c1cccnc1,1.4,2.0799158,
tdc_vdss_lombardo,"Chemprop v2 (D-MPNN, ensemble=3)",Chemprop v2,train,688,NC(=S)N/N=C/c1ncccc1N,0.41,2.5689404,
tdc_vdss_lombardo,"Chemprop v2 (D-MPNN, ensemble=3)",Chemprop v2,train,689,Cc1ncc(CO)c(CO)c1O,0.66,4.447186,
tdc_vdss_lombardo,"Chemprop v2 (D-MPNN, ensemble=3)",Chemprop v2,train,690,NNC(=O)c1ccncc1,0.82,2.7066028,
tdc_vdss_lombardo,"Chemprop v2 (D-MPNN, ensemble=3)",Chemprop v2,train,691,C[C@@H](N/C(=N\c1ccncc1)NC#N)C(C)(C)C,1.1,3.360098,
tdc_vdss_lombardo,"Chemprop v2 (D-MPNN, ensemble=3)",Chemprop v2,train,692,COc1nc(C(Cl)(Cl)Cl)c(Cl)c(OC)c1Cl,9.1,3.9207757,
tdc_vdss_lombardo,"Chemprop v2 (D-MPNN, ensemble=3)",Chemprop v2,train,693,Cc1nnc(C(C)C)n1C1CC2CCC(C1)[NH+]2CCC(NC(=O)C1CCC(F)(F)CC1)c1ccccc1,2.3,5.9845214,
tdc_vdss_lombardo,"Chemprop v2 (D-MPNN, ensemble=3)",Chemprop v2,train,694,COc1cc2c3cc1Oc1cc(ccc1O)CC1c4c(cc(OC)c(O)c4Oc4ccc(cc4)CC3[NH+](C)CC2)CC[N+]1(C)C,0.45,11.182542,
tdc_vdss_lombardo,"Chemprop v2 (D-MPNN, ensemble=3)",Chemprop v2,train,695,COc1ccc2cc1Oc1cc3c(cc1OC)CC[N+](C)(C)C3Cc1ccc(cc1)Oc1c(OC)c(OC)cc3c1C(C2)[N+](C)(C)CC3,0.4,11.70124,
tdc_vdss_lombardo,"Chemprop v2 (D-MPNN, ensemble=3)",Chemprop v2,train,696,N#Cc1ccc2c(c1)CN(S(=O)(=O)c1cccs1)C(Cc1ccccc1)CN2Cc1cnc[nH]1,0.84,3.1276548,
tdc_vdss_lombardo,"Chemprop v2 (D-MPNN, ensemble=3)",Chemprop v2,train,697,CC(C)C(CCC(C)C1CCC2C3C(O)CC4CC(NCCC[NH2+]CCCC[NH3+])CCC4(C)C3CCC12C)OS(=O)(=O)[O-],0.23,6.795218,
tdc_vdss_lombardo,"Chemprop v2 (D-MPNN, ensemble=3)",Chemprop v2,train,698,CC(=O)C1CCC2C3CCC4CC(O)CCC4(C)C3CCC12C,2.0,5.1424384,
tdc_vdss_lombardo,"Chemprop v2 (D-MPNN, ensemble=3)",Chemprop v2,train,699,CCCCc1oc2ccccc2c1C(=O)c1cc(I)c(OCC[NH+](CC)CC)c(I)c1,60.0,14.802762,
tdc_vdss_lombardo,"Chemprop v2 (D-MPNN, ensemble=3)",Chemprop v2,train,700,CCCCc1oc2ccc([N-]S(C)(=O)=O)cc2c1C(=O)c1ccc(OCCC[NH+](CCCC)CCCC)cc1,20.0,8.368332,
tdc_vdss_lombardo,"Chemprop v2 (D-MPNN, ensemble=3)",Chemprop v2,train,701,C[NH+](C)CCCC1(c2ccc(F)cc2)OCc2cc(C#N)ccc21,12.0,6.4369297,
tdc_vdss_lombardo,"Chemprop v2 (D-MPNN, ensemble=3)",Chemprop v2,train,702,OC(CC[NH+]1CCCCC1)(c1ccccc1)C1CC2C=CC1C2,12.0,9.19727,
tdc_vdss_lombardo,"Chemprop v2 (D-MPNN, ensemble=3)",Chemprop v2,train,703,CC12CC3(O)OC(O1)C1(COC(=O)c4ccccc4)C3CC21OC1OC(CO)C(O)C(O)C1O,0.22,5.023844,
tdc_vdss_lombardo,"Chemprop v2 (D-MPNN, ensemble=3)",Chemprop v2,train,704,C[NH2+]C1CCc2[nH]c3ccc(C(N)=O)cc3c2C1,3.6,4.9613614,
tdc_vdss_lombardo,"Chemprop v2 (D-MPNN, ensemble=3)",Chemprop v2,train,705,COc1cc2c(cc1OC)CN(c1cc(N)c3cc(OC)c(OC)cc3[nH+]1)CC2,6.3,7.6205277,
tdc_vdss_lombardo,"Chemprop v2 (D-MPNN, ensemble=3)",Chemprop v2,train,706,NC(=[NH2+])NCCCCC1NC(=O)CCSSCC(C(N)=O)NC(=O)C2CCCN2C(=O)C(Cc2c[nH]c3ccccc23)NC(=O)C(CC(=O)[O-])NC(=O)CNC1=O,0.17,3.0920382,
tdc_vdss_lombardo,"Chemprop v2 (D-MPNN, ensemble=3)",Chemprop v2,train,707,CC1OC(OC2C(CO)OC(OC(C(O)CO)C(O)C(O)C=O)C(O)C2O)C(O)C(O)C1NC1C=C(CO)C(O)C(O)C1O,0.32,3.8063014,
tdc_vdss_lombardo,"Chemprop v2 (D-MPNN, ensemble=3)",Chemprop v2,train,708,CC(Oc1ccc(Oc2cnc3ccc(Cl)cc3n2)cc1)C(=O)[O-],0.19,2.5518188,
tdc_vdss_lombardo,"Chemprop v2 (D-MPNN, ensemble=3)",Chemprop v2,train,709,C[NH2+]CC(O)CC12CCC(c3ccccc31)c1ccccc12,18.8,11.3293915,
tdc_vdss_lombardo,"Chemprop v2 (D-MPNN, ensemble=3)",Chemprop v2,train,710,C[NH2+]CCCC12CCC(c3ccccc31)c1ccccc12,45.0,12.263519,
tdc_vdss_lombardo,"Chemprop v2 (D-MPNN, ensemble=3)",Chemprop v2,train,711,Nc1nc2c(ncn2COC(CO)CO)c(=O)[nH]1,1.0,4.320367,
tdc_vdss_lombardo,"Chemprop v2 (D-MPNN, ensemble=3)",Chemprop v2,train,712,Nc1nc2c(ncn2COCCO)c(=O)[nH]1,0.71,3.8050597,
tdc_vdss_lombardo,"Chemprop v2 (D-MPNN, ensemble=3)",Chemprop v2,train,713,C[NH+]1C[C@H](C(=O)N[C@]2(C)O[C@@]3(O)[C@@H]4CCCN4C(=O)[C@H](Cc4ccccc4)N3C2=O)C[C@@H]2c3cccc4[nH]cc(c34)C[C@H]21,0.33,5.619166,
tdc_vdss_lombardo,"Chemprop v2 (D-MPNN, ensemble=3)",Chemprop v2,train,714,COc1cc2c(N)nc(N3CCN(C(=O)OCC(C)(C)O)CC3)nc2c(OC)c1OC,0.18,3.7694652,
tdc_vdss_lombardo,"Chemprop v2 (D-MPNN, ensemble=3)",Chemprop v2,train,715,COc1cc2nc(N3CCN(C(=O)C(C)OC)CC3)nc(N)c2cc1OC,0.44,3.6514237,
tdc_vdss_lombardo,"Chemprop v2 (D-MPNN, ensemble=3)",Chemprop v2,train,716,CCc1nc(N)nc(N)c1-c1ccc(Cl)cc1,0.43,4.7419868,
tdc_vdss_lombardo,"Chemprop v2 (D-MPNN, ensemble=3)",Chemprop v2,train,717,CC(=O)C1(O)Cc2c(O)c3c(c(O)c2C(OC2CC(N4CC4)C(OS(C)(=O)=O)C(C)O2)C1)C(=O)c1ccccc1C3=O,2.95,6.712629,
tdc_vdss_lombardo,"Chemprop v2 (D-MPNN, ensemble=3)",Chemprop v2,train,718,C[NH+]1CCC23CCCCC2C1Cc1ccc(O)cc13,11.5,7.619705,
tdc_vdss_lombardo,"Chemprop v2 (D-MPNN, ensemble=3)",Chemprop v2,train,719,CCCn1c(=O)c2nc(C34CC5CC(CC3C5)C4)[nH]c2n(CCC)c1=O,4.3,4.9958806,
tdc_vdss_lombardo,"Chemprop v2 (D-MPNN, ensemble=3)",Chemprop v2,train,720,C[NH+](C)CCOC1(c2ccccc2)CC2CCC1(C)C2(C)C,7.7,9.311627,
tdc_vdss_lombardo,"Chemprop v2 (D-MPNN, ensemble=3)",Chemprop v2,train,721,CSc1ccc(C(=O)c2[nH]c(=O)[nH]c2C)cc1,1.39,3.0551956,
tdc_vdss_lombardo,"Chemprop v2 (D-MPNN, ensemble=3)",Chemprop v2,train,722,CSc1ccc(C(=O)c2[nH]c(=O)[nH]c2C)cc1,1.8,3.055196,
tdc_vdss_lombardo,"Chemprop v2 (D-MPNN, ensemble=3)",Chemprop v2,train,723,N=C(N)NC(=O)c1cnn(-c2cccc3ncccc23)c1C1CC1,1.7,3.4767544,
tdc_vdss_lombardo,"Chemprop v2 (D-MPNN, ensemble=3)",Chemprop v2,train,724,CC(c1ncncc1F)C(O)(Cn1cncn1)c1ccc(F)cc1F,2.2,5.1293616,
tdc_vdss_lombardo,"Chemprop v2 (D-MPNN, ensemble=3)",Chemprop v2,train,725,CO/N=C(/C(=O)NC1C(=O)N2C(C(=O)[O-])=C(C[N+]34CCC(C(N)=O)(CC3)CC4)CSC12)c1nsc(N)n1,0.27,1.5227801,
tdc_vdss_lombardo,"Chemprop v2 (D-MPNN, ensemble=3)",Chemprop v2,train,726,N#CC(CCN1CCC(C(N)=O)([NH+]2CCCCC2)CC1)(c1ccccc1)c1ccccc1,4.7,5.221751,
tdc_vdss_lombardo,"Chemprop v2 (D-MPNN, ensemble=3)",Chemprop v2,train,727,C[NH+]1CCN(c2ncc(-c3cc(Cl)cc(Cl)c3Cl)c(N)n2)CC1,24.0,5.8168297,
tdc_vdss_lombardo,"Chemprop v2 (D-MPNN, ensemble=3)",Chemprop v2,train,728,C[NH+]1CCN(c2ncc(-c3cc(Cl)cc(Cl)c3Cl)c(N)n2)CC1,15.31,5.8168297,
tdc_vdss_lombardo,"Chemprop v2 (D-MPNN, ensemble=3)",Chemprop v2,train,729,Cn1c(=O)c2c(ncn2CC2OCCO2)n(C)c1=O,1.03,3.5465305,
tdc_vdss_lombardo,"Chemprop v2 (D-MPNN, ensemble=3)",Chemprop v2,train,730,CN1C(=O)NC(=O)C(C)(C2=CCCCC2)C1=O,1.1,2.783408,
tdc_vdss_lombardo,"Chemprop v2 (D-MPNN, ensemble=3)",Chemprop v2,train,731,CC1CC2C3CCC4=CC(=O)C=CC4(C)C3=CCC2(C)C1C(=O)C[NH+]1CCN(c2cc(N3CCCC3)[nH+]c(N3CCCC3)n2)CC1,9.8,7.300493,
tdc_vdss_lombardo,"Chemprop v2 (D-MPNN, ensemble=3)",Chemprop v2,train,732,[NH3+]C1(C(=O)[O-])CC1,0.73,2.0907104,
tdc_vdss_lombardo,"Chemprop v2 (D-MPNN, ensemble=3)",Chemprop v2,train,733,CC1(C)CC1C(=O)N/C(=C\CCCCSCC([NH3+])C(=O)[O-])C(=O)[O-],0.15,1.504612,
tdc_vdss_lombardo,"Chemprop v2 (D-MPNN, ensemble=3)",Chemprop v2,train,734,CS(=O)(=O)c1ccc(C2=C(c3ccccc3)C(=O)OC2)cc1,1.3,3.028169,
tdc_vdss_lombardo,"Chemprop v2 (D-MPNN, ensemble=3)",Chemprop v2,train,735,COc1ccccc1OCC[NH2+]CC(O)COc1cccc2[nH]c3ccccc3c12,1.3,10.901103,
tdc_vdss_lombardo,"Chemprop v2 (D-MPNN, ensemble=3)",Chemprop v2,train,736,C[NH+]1CCN(CCCCN2C(=O)CN(/N=C/c3ccc(-c4ccc(Cl)cc4)o3)C2=O)CC1,13.0,4.9772925,
tdc_vdss_lombardo,"Chemprop v2 (D-MPNN, ensemble=3)",Chemprop v2,train,737,CC(OC1OCCN(Cc2n[nH]c(=O)[nH]2)C1c1ccc(F)cc1)c1cc(C(F)(F)F)cc(C(F)(F)F)c1,0.94,5.708269,
tdc_vdss_lombardo,"Chemprop v2 (D-MPNN, ensemble=3)",Chemprop v2,train,738,CC(OC1OCCN(Cc2nn(P(=O)([O-])[O-])c(=O)[nH]2)C1c1ccc(F)cc1)c1cc(C(F)(F)F)cc(C(F)(F)F)c1,0.07,3.26133,
tdc_vdss_lombardo,"Chemprop v2 (D-MPNN, ensemble=3)",Chemprop v2,train,739,Cc1cccc(C(C)c2cnc[nH]2)c1C,1.6,5.379599,
tdc_vdss_lombardo,"Chemprop v2 (D-MPNN, ensemble=3)",Chemprop v2,train,740,O=c1n(CCCN2CCN(c3cccc(Cl)c3)CC2)nc2ccccn12,0.52,5.346742,
tdc_vdss_lombardo,"Chemprop v2 (D-MPNN, ensemble=3)",Chemprop v2,train,741,O=C(OC1C[NH+]2CCC1CC2)N1CCc2ccccc2C1c1ccccc1,8.2,5.1358547,
tdc_vdss_lombardo,"Chemprop v2 (D-MPNN, ensemble=3)",Chemprop v2,train,742,CN1c2ccccc2C(NCCCCCCC(=O)[O-])c2ccc(Cl)cc2S1(=O)=O,0.3,4.1353865,
tdc_vdss_lombardo,"Chemprop v2 (D-MPNN, ensemble=3)",Chemprop v2,train,743,CC(C)(O)c1ccccc1CCC(SCC1(CC(=O)[O-])CC1)c1cccc(/C=C/c2ccc3ccc(Cl)cc3n2)c1,0.15,5.0836043,
tdc_vdss_lombardo,"Chemprop v2 (D-MPNN, ensemble=3)",Chemprop v2,train,744,CC(Oc1cc(-n2cnc3ccc(CN4CC[NH+](C)CC4)cc32)sc1C(N)=O)c1ccccc1C(F)(F)F,12.0,6.699016,
tdc_vdss_lombardo,"Chemprop v2 (D-MPNN, ensemble=3)",Chemprop v2,train,745,CC(C(O)(Cn1cncn1)c1ccc(F)cc1F)S(C)(=O)=O,0.62,3.0230896,
tdc_vdss_lombardo,"Chemprop v2 (D-MPNN, ensemble=3)",Chemprop v2,train,746,CNC1C(O)C([NH2+]C)C2OC3(O)C(=O)CC(C)OC3OC2C1O,0.13,4.473343,
tdc_vdss_lombardo,"Chemprop v2 (D-MPNN, ensemble=3)",Chemprop v2,train,747,CCCCC1CC(=O)C2(O)OC3C([NH2+]C)C(O)C(NC)C(O)C3OC2O1,0.7,5.4244847,
tdc_vdss_lombardo,"Chemprop v2 (D-MPNN, ensemble=3)",Chemprop v2,train,748,Cc1cn(C2C=CC(CO)O2)c(=O)[nH]c1=O,0.67,3.3807795,
tdc_vdss_lombardo,"Chemprop v2 (D-MPNN, ensemble=3)",Chemprop v2,train,749,Nc1cc[nH+]cc1,2.6,5.77042,
tdc_vdss_lombardo,"Chemprop v2 (D-MPNN, ensemble=3)",Chemprop v2,train,750,CN(C)C(=O)Oc1ccc[n+](C)c1,1.1,2.6655667,
tdc_vdss_lombardo,"Chemprop v2 (D-MPNN, ensemble=3)",Chemprop v2,train,751,C[n+]1ccccc1/C=N/O,0.8,2.749054,
tdc_vdss_lombardo,"Chemprop v2 (D-MPNN, ensemble=3)",Chemprop v2,train,752,Cc1ncc([N+](=O)[O-])n1CC(O)CN1CCOCC1,0.75,3.5342996,
tdc_vdss_lombardo,"Chemprop v2 (D-MPNN, ensemble=3)",Chemprop v2,train,753,Cc1c[nH+]c(NCCC[NH+](C)C)c2c1[nH]c1ccc3cc(O)ccc3c12,11.0,21.273588,
tdc_vdss_lombardo,"Chemprop v2 (D-MPNN, ensemble=3)",Chemprop v2,train,754,CC(C1=C(CC[NH+](C)[14CH3])Cc2ccccc21)c1cnccn1,1.86,10.034446,
tdc_vdss_lombardo,"Chemprop v2 (D-MPNN, ensemble=3)",Chemprop v2,train,755,Cc1ccc(Nc2nccc(N(C)c3ccc4c(C)n(C)nc4c3)n2)cc1S(N)(=O)=O,0.16,3.0209424,
tdc_vdss_lombardo,"Chemprop v2 (D-MPNN, ensemble=3)",Chemprop v2,train,756,O=C([O-])C(CCc1ccccc1)[NH2+]C1CCCN2CCCC(C(=O)[O-])N2C1=O,3.7,2.4614675,
tdc_vdss_lombardo,"Chemprop v2 (D-MPNN, ensemble=3)",Chemprop v2,train,757,CNC(=O)Nc1c(OCCN2CCCC2)c(OC)c2occc2c1OC,0.8,4.9335103,
tdc_vdss_lombardo,"Chemprop v2 (D-MPNN, ensemble=3)",Chemprop v2,train,758,CCOC(=O)C1(c2ccccc2)CCC=CC1[NH2+]C,2.5,3.799818,
tdc_vdss_lombardo,"Chemprop v2 (D-MPNN, ensemble=3)",Chemprop v2,train,759,CCOC(=O)C1(c2ccccc2)CCC=CC1[NH+](C)C,4.0,4.025306,
tdc_vdss_lombardo,"Chemprop v2 (D-MPNN, ensemble=3)",Chemprop v2,train,760,O=C1OC(C(O)CO)C([O-])=C1O,0.35,1.973682,
tdc_vdss_lombardo,"Chemprop v2 (D-MPNN, ensemble=3)",Chemprop v2,train,761,C[NH+](C)CCNC(=O)c1cccc2cc3ccccc3nc12,3.41,7.0817075,
tdc_vdss_lombardo,"Chemprop v2 (D-MPNN, ensemble=3)",Chemprop v2,train,762,COc1cc(C2c3cc4c(cc3C(OC3OC5COC(c6cccs6)OC5C(O)C3O)C3COC(=O)C23)OCO4)cc(OC)c1O,0.41,7.0890565,
tdc_vdss_lombardo,"Chemprop v2 (D-MPNN, ensemble=3)",Chemprop v2,train,763,O=C([O-])CC(O)CC(O)/C=C/c1c(C2CC2)nc2ccccc2c1-c1ccc(F)cc1,0.9,4.3914795,
tdc_vdss_lombardo,"Chemprop v2 (D-MPNN, ensemble=3)",Chemprop v2,train,764,CC[C@H](CO)NC(=O)[C@H]1C=C2c3cccc4[nH]cc(c34)C[C@@H]2N(C)C1,0.96,6.141073,
tdc_vdss_lombardo,"Chemprop v2 (D-MPNN, ensemble=3)",Chemprop v2,train,765,CCN(CC)C(=O)N[C@H]1C=C2c3cccc4[nH]cc(c34)C[C@H]2N(C)C1,1.73,4.567632,
tdc_vdss_lombardo,"Chemprop v2 (D-MPNN, ensemble=3)",Chemprop v2,train,766,CC(C)COCC(CN(Cc1ccccc1)c1ccccc1)[NH+]1CCCC1,10.1,13.179755,
tdc_vdss_lombardo,"Chemprop v2 (D-MPNN, ensemble=3)",Chemprop v2,train,767,CC[NH+](CC)CCCC(C)Nc1c2ccc(Cl)cc2[nH+]c2ccc(OC)cc12,45.0,35.507175,
tdc_vdss_lombardo,"Chemprop v2 (D-MPNN, ensemble=3)",Chemprop v2,train,768,Fc1ccc(C2CC[NH2+]CC2COc2ccc3c(c2)OCO3)cc1,18.0,7.6611657,
tdc_vdss_lombardo,"Chemprop v2 (D-MPNN, ensemble=3)",Chemprop v2,train,769,O=C([O-])C1/C(=C/CO)OC2CC(=O)N21,0.22,2.2526238,
tdc_vdss_lombardo,"Chemprop v2 (D-MPNN, ensemble=3)",Chemprop v2,train,770,C[NH+]1CC2c3ccccc3Oc3ccc(Cl)cc3C2C1,23.0,7.6331306,
tdc_vdss_lombardo,"Chemprop v2 (D-MPNN, ensemble=3)",Chemprop v2,train,771,COc1cc(C(=O)C(=O)N2CCCCC2C(=O)OC(CCCc2cccnc2)CCCc2cccnc2)cc(OC)c1OC,1.34,4.2083454,
tdc_vdss_lombardo,"Chemprop v2 (D-MPNN, ensemble=3)",Chemprop v2,train,772,CC1C[NH+](C2CCC(C#N)(c3ccc(F)cc3)CC2)CCC1(C(=O)[O-])c1ccccc1,1.17,4.022457,
tdc_vdss_lombardo,"Chemprop v2 (D-MPNN, ensemble=3)",Chemprop v2,train,773,Cc1cc(O)c2c(=O)c3c(O)cc([O-])c4c5c([O-])cc(O)c6c(=O)c7c(O)cc(C)c8c1c2c(c34)c(c78)c65,0.25,4.9557347,
tdc_vdss_lombardo,"Chemprop v2 (D-MPNN, ensemble=3)",Chemprop v2,train,774,Cc1cc(O)c2c(=O)c3c(O)cc([O-])c4c5c([O-])cc(O)c6c(=O)c7c(O)cc(CO)c8c1c2c(c34)c(c65)c78,0.56,5.051974,
tdc_vdss_lombardo,"Chemprop v2 (D-MPNN, ensemble=3)",Chemprop v2,train,775,C[NH+]1CCN2c3ccccc3Cc3ccccc3C2C1,13.75,8.430828,
tdc_vdss_lombardo,"Chemprop v2 (D-MPNN, ensemble=3)",Chemprop v2,train,776,CCC(=O)N(c1ccccc1)C1(COC)CCN(CCn2nnn(CC)c2=O)CC1,0.45,3.6948566,
tdc_vdss_lombardo,"Chemprop v2 (D-MPNN, ensemble=3)",Chemprop v2,train,777,CC(C)CC(NC(=O)C(Cc1ccc2ccccc2c1)NC(=O)C(Cc1ccc(O)cc1)NC(=O)C(CO)NC(=O)C(Cc1c[nH]c2ccccc12)NC(=O)C(Cc1c[nH]cn1)NC(=O)C1CCC(=O)N1)C(=O)NC(CCCNC(N)=[NH2+])C(=O)N1CCCC1C(=O)NCC(N)=O,0.14,2.8950145,
tdc_vdss_lombardo,"Chemprop v2 (D-MPNN, ensemble=3)",Chemprop v2,train,778,COc1cccc2c1C(=N)c1c(O)c3c(c(O)c1C2=O)C[C@@](O)(C(=O)CO)C[C@@H]3O[C@H]1C[C@H](N)[C@H](O)[C@H](C)O1,15.45,9.758677,
tdc_vdss_lombardo,"Chemprop v2 (D-MPNN, ensemble=3)",Chemprop v2,train,779,C=CCNc1nc(NCC=C)nc(N2CCN(C(c3ccc(F)cc3)c3ccc(F)cc3)CC2)n1,35.37,4.871061,
tdc_vdss_lombardo,"Chemprop v2 (D-MPNN, ensemble=3)",Chemprop v2,train,780,COc1cccc2c(C(=O)N3CC[NH+](C)C(C)C3)cn(CC3CCCCC3)c12,1.0,6.8138123,
tdc_vdss_lombardo,"Chemprop v2 (D-MPNN, ensemble=3)",Chemprop v2,train,781,COc1ccc(Cl)cc1C1(F)C(=O)[N-]c2cc(C(F)(F)F)ccc21,10.0,3.8533745,
tdc_vdss_lombardo,"Chemprop v2 (D-MPNN, ensemble=3)",Chemprop v2,train,782,CCC(C)C1NC(=O)C(NC(=O)C(CC(C)C)N(C)C(=O)C2CCCN2C(=O)C(C)=O)C(C)OC(=O)C(Cc2ccc(OC)cc2)N(C)C(=O)C2CCCN2C(=O)C(CC(C)C)NC(=O)C(C)C(=O)C(C(C)C)OC(=O)CC1O,13.3,3.0033824,
tdc_vdss_lombardo,"Chemprop v2 (D-MPNN, ensemble=3)",Chemprop v2,train,783,O=C([O-])Cc1ccccc1Nc1c(Cl)cccc1Cl,0.22,2.8342106,
tdc_vdss_lombardo,"Chemprop v2 (D-MPNN, ensemble=3)",Chemprop v2,train,784,CCCCC/C=C/CCC(=O)NC1C(Oc2c3cc4cc2Oc2ccc(cc2Cl)C(OC2OC(CO)C(O)C(O)C2NC(C)=O)C2NC(=O)C(NC(=O)C4NC(=O)C4NC(=O)C(Cc5ccc(c(Cl)c5)O3)NC(=O)C(N)c3ccc(O)c(c3)Oc3cc(O)cc4c3)c3ccc(O)c(c3)-c3c(OC4OC(CO)C(O)C(O)C4O)cc(O)cc3C(C(=O)[O-])NC2=O)OC(CO)C(O)C1O,0.92,9.762376,
tdc_vdss_lombardo,"Chemprop v2 (D-MPNN, ensemble=3)",Chemprop v2,train,785,CC(=O)N[C@H]1[C@H](O[C@@H]2c3ccc(c(Cl)c3)Oc3cc4cc(c3O[C@@H]3O[C@H](CO)[C@@H](O)[C@H](O)[C@H]3NC(=O)CCCCCCC(C)C)Oc3ccc(cc3Cl)C[C@H]3NC(=O)[C@H](N)c5ccc(O)c(c5)Oc5cc(O)cc(c5)[C@H](NC3=O)C(=O)N[C@H]4C(=O)N[C@H]3C(=O)N[C@@H]2C(=O)N[C@H](C(=O)[O-])c2cc(O)cc(O[C@H]4O[C@H](CO)[C@@H](O)[C@H](O)[C@@H]4O)c2-c2cc3ccc2O)O[C@H](CO)[C@@H](O)[C@@H]1O,0.83,10.075244,
tdc_vdss_lombardo,"Chemprop v2 (D-MPNN, ensemble=3)",Chemprop v2,train,786,CCCCCCCCCC(=O)N[C@H]1[C@H](Oc2c3cc4cc2Oc2ccc(cc2Cl)[C@@H](O[C@@H]2O[C@H](CO)[C@@H](O)[C@H](O)[C@H]2NC(C)=O)[C@@H]2NC(=O)[C@H](NC(=O)[C@@H]4NC(=O)[C@H]4NC(=O)[C@@H](Cc5ccc(c(Cl)c5)O3)NC(=O)[C@H](N)c3ccc(O)c(c3)Oc3cc(O)cc4c3)c3ccc(O)c(c3)-c3c(O[C@H]4O[C@H](CO)[C@@H](O)[C@H](O)[C@@H]4O)cc(O)cc3[C@@H](C(=O)[O-])NC2=O)O[C@H](CO)[C@@H](O)[C@@H]1O,0.57,10.230086,
tdc_vdss_lombardo,"Chemprop v2 (D-MPNN, ensemble=3)",Chemprop v2,train,787,CCC(C)CCCCCCC(=O)NC1C(Oc2c3cc4cc2Oc2ccc(cc2Cl)C(OC2OC(CO)C(O)C(O)C2NC(C)=O)C2NC(=O)C(NC(=O)C4NC(=O)C4NC(=O)C(Cc5ccc(c(Cl)c5)O3)NC(=O)C(N)c3ccc(O)c(c3)Oc3cc(O)cc4c3)c3ccc(O)c(c3)-c3c(OC4OC(CO)C(O)C(O)C4O)cc(O)cc3C(C(=O)[O-])NC2=O)OC(CO)C(O)C1O,0.57,11.0909,
tdc_vdss_lombardo,"Chemprop v2 (D-MPNN, ensemble=3)",Chemprop v2,train,788,CC(=O)N[C@H]1[C@H](O[C@@H]2c3ccc(c(Cl)c3)Oc3cc4cc(c3O[C@@H]3O[C@H](CO)[C@@H](O)[C@H](O)[C@H]3NC(=O)CCCCCCCC(C)C)Oc3ccc(cc3Cl)C[C@H]3NC(=O)[C@H](N)c5ccc(O)c(c5)Oc5cc(O)cc(c5)[C@H](NC3=O)C(=O)N[C@H]4C(=O)N[C@H]3C(=O)N[C@@H]2C(=O)N[C@H](C(=O)[O-])c2cc(O)cc(O[C@H]4O[C@H](CO)[C@@H](O)[C@H](O)[C@@H]4O)c2-c2cc3ccc2O)O[C@H](CO)[C@@H](O)[C@@H]1O,0.42,10.475879,
tdc_vdss_lombardo,"Chemprop v2 (D-MPNN, ensemble=3)",Chemprop v2,train,789,Cc1nc(=O)c(C#N)c(NCc2cccnc2)[nH]1,0.39,2.746106,
tdc_vdss_lombardo,"Chemprop v2 (D-MPNN, ensemble=3)",Chemprop v2,train,790,CNC1=Nc2ccc(Cl)cc2C(c2ccccc2)=[N+]([O-])C1,0.25,3.1865947,
tdc_vdss_lombardo,"Chemprop v2 (D-MPNN, ensemble=3)",Chemprop v2,train,791,CN(C(=O)Cc1cccc2sccc12)C1CCCCC1[NH+]1CCCC1,1.1,6.3199496,
tdc_vdss_lombardo,"Chemprop v2 (D-MPNN, ensemble=3)",Chemprop v2,train,792,CC1CN(c2c(F)c(N)c3c(=O)c(C(=O)[O-])cn(C4CC4)c3c2F)CC(C)[NH2+]1,3.9,4.89162,
tdc_vdss_lombardo,"Chemprop v2 (D-MPNN, ensemble=3)",Chemprop v2,train,793,COc1c(N2CC[NH2+]C(C)C2)c(F)cc2c(=O)c(C(=O)[O-])cn(C3CC3)c12,1.7,4.595583,
tdc_vdss_lombardo,"Chemprop v2 (D-MPNN, ensemble=3)",Chemprop v2,train,794,O=C([O-])c1cn(C2CC2)c2cc(N3CC[NH2+]CC3)c(F)cc2c1=O,2.1,4.336141,
tdc_vdss_lombardo,"Chemprop v2 (D-MPNN, ensemble=3)",Chemprop v2,train,795,CC1CN(c2c(F)cc3c(=O)c(C(=O)[O-])cn(C4CC4)c3c2OC(F)F)CC[NH2+]1,1.1,4.605835,
tdc_vdss_lombardo,"Chemprop v2 (D-MPNN, ensemble=3)",Chemprop v2,train,796,CCC1(O)CC2CN(CCc3c([nH]c4ccccc34)C(C(=O)OC)(c3cc4c(cc3OC)N(C)C3C(O)(C(=O)OC)C(OC(C)=O)C5(CC)C=CCN6CCC43C65)C2)C1,28.0,7.85956,
tdc_vdss_lombardo,"Chemprop v2 (D-MPNN, ensemble=3)",Chemprop v2,train,797,CCC1(O)CC2CN(CCc3c([nH]c4ccccc34)C(C(=O)OC)(c3cc4c(cc3OC)N(C=O)C3C(O)(C(=O)OC)C(OC(C)=O)C5(CC)C=CCN6CCC43C65)C2)C1,2.4,7.5369315,
tdc_vdss_lombardo,"Chemprop v2 (D-MPNN, ensemble=3)",Chemprop v2,train,798,CC(=O)OC1CC2CCC3C(CCC4(C)C3CC([N+]3(C)CCCCC3)C4OC(C)=O)C2(C)CC1[NH+]1CCCCC1,0.3,5.6936097,
tdc_vdss_lombardo,"Chemprop v2 (D-MPNN, ensemble=3)",Chemprop v2,train,799,CC(=O)OC1CC2CCC3C(CCC4(C)C3CC([N+]3(C)CCCCC3)C4OC(C)=O)C2(C)CC1[N+]1(C)CCCCC1,0.2,5.768822,
tdc_vdss_lombardo,"Chemprop v2 (D-MPNN, ensemble=3)",Chemprop v2,train,800,CCc1ccc(Cc2ccc3c(c2)C2(OC3)OC(CO)C(O)C(O)C2O)cc1,0.63,7.688638,
tdc_vdss_lombardo,"Chemprop v2 (D-MPNN, ensemble=3)",Chemprop v2,train,801,CC1=NS(=O)(=O)c2cc(Cl)ccc2N1,0.21,2.7909698,
tdc_vdss_lombardo,"Chemprop v2 (D-MPNN, ensemble=3)",Chemprop v2,train,802,CC(C)[NH2+]CC(O)COc1ccc(CCOCC2CC2)cc1,4.8,10.20269,
tdc_vdss_lombardo,"Chemprop v2 (D-MPNN, ensemble=3)",Chemprop v2,train,803,CC(=O)OC1CC2(C)C(CC(O)C3C4(C)CCC(O)C(C)C4CCC32C)/C1=C(\CCC=C(C)C)C(=O)[O-],0.23,4.2328105,
tdc_vdss_lombardo,"Chemprop v2 (D-MPNN, ensemble=3)",Chemprop v2,train,804,COc1cc2c(cc1OC)CC(=O)N(CCC[NH+](C)CC1Cc3cc(OC)c(OC)cc31)CC2,1.66,9.027974,
tdc_vdss_lombardo,"Chemprop v2 (D-MPNN, ensemble=3)",Chemprop v2,train,805,C[NH2+]CCC=C1c2ccccc2CCc2ccccc21,22.0,11.7659,
tdc_vdss_lombardo,"Chemprop v2 (D-MPNN, ensemble=3)",Chemprop v2,train,806,C[NH+](C)CCC=C1c2ccccc2CCc2ccccc21,8.7,13.451813,
tdc_vdss_lombardo,"Chemprop v2 (D-MPNN, ensemble=3)",Chemprop v2,train,807,NC(=O)OCC1C(NC(=O)/C(=N/OCC(=O)[O-])c2csc(N)n2)C(=O)N1S(=O)(=O)[O-],0.18,-0.9704881,
tdc_vdss_lombardo,"Chemprop v2 (D-MPNN, ensemble=3)",Chemprop v2,train,808,CC1C(NC(=O)/C(=N\OC(C)(C)C(=O)[O-])c2csc(N)n2)C(=O)N1S(=O)(=O)[O-],0.18,-1.0805044,
tdc_vdss_lombardo,"Chemprop v2 (D-MPNN, ensemble=3)",Chemprop v2,train,809,C=CC[NH+]1CCCC1CNC(=O)c1cc(S(=O)(=O)NC)c(N)cc1OC,2.3,3.9501102,
tdc_vdss_lombardo,"Chemprop v2 (D-MPNN, ensemble=3)",Chemprop v2,train,810,CC[NH+]1CCCC1CNC(=O)c1c([O-])c(Cl)cc(Cl)c1OC,1.1,4.3790145,
tdc_vdss_lombardo,"Chemprop v2 (D-MPNN, ensemble=3)",Chemprop v2,train,811,CC[NH+]1CCCC1CNC(=O)c1c(OC)ccc(Br)c1OC,0.65,5.671463,
tdc_vdss_lombardo,"Chemprop v2 (D-MPNN, ensemble=3)",Chemprop v2,train,812,CC[NH+]1CCCC1CNC(=O)c1cc(S(N)(=O)=O)ccc1OC,0.94,4.157171,
tdc_vdss_lombardo,"Chemprop v2 (D-MPNN, ensemble=3)",Chemprop v2,train,813,CCN(CC)C(=O)C1(c2ccccc2)CC1C[NH3+],4.51,4.1621375,
tdc_vdss_lombardo,"Chemprop v2 (D-MPNN, ensemble=3)",Chemprop v2,train,814,CSCC(NC(=O)COc1cccc2cnccc12)C(=O)NC(Cc1ccccc1)C(O)C(=O)N1CSCC1C(=O)NC(C)(C)C,0.11,3.585263,
tdc_vdss_lombardo,"Chemprop v2 (D-MPNN, ensemble=3)",Chemprop v2,train,815,CC(C)(C)c1nc[nH]c1/C=c1\[nH]c(=O)/c(=C/c2ccccc2)[n-]c1=O,3.0,2.8820648,
tdc_vdss_lombardo,"Chemprop v2 (D-MPNN, ensemble=3)",Chemprop v2,train,816,Cc1ccc(S(=O)(=O)[N-]C(=O)NN2CC3CCCC3C2)cc1,0.43,2.4090736,
tdc_vdss_lombardo,"Chemprop v2 (D-MPNN, ensemble=3)",Chemprop v2,train,817,[NH3+]CCCCC(NC(CCc1ccccc1)C(=O)[O-])C(=O)N1CCCC1C(=O)[O-],0.89,2.639949,
tdc_vdss_lombardo,"Chemprop v2 (D-MPNN, ensemble=3)",Chemprop v2,train,818,N#CC1CCCN1C(=O)C[NH2+]C12CC3CC(CC(O)(C3)C1)C2,1.03,4.3878455,
tdc_vdss_lombardo,"Chemprop v2 (D-MPNN, ensemble=3)",Chemprop v2,train,819,C[NH+]1CCCC(n2nc(Cc3ccc(Cl)cc3)c3ccccc3c2=O)CC1,15.0,7.952873,
tdc_vdss_lombardo,"Chemprop v2 (D-MPNN, ensemble=3)",Chemprop v2,train,820,NS(=O)(=O)c1cc(C2(O)NC(=O)c3ccccc32)ccc1Cl,3.9,3.368716,
tdc_vdss_lombardo,"Chemprop v2 (D-MPNN, ensemble=3)",Chemprop v2,train,821,C[NH2+]C1(c2ccccc2Cl)CCCCC1=O,2.9,5.9952226,
tdc_vdss_lombardo,"Chemprop v2 (D-MPNN, ensemble=3)",Chemprop v2,train,822,CNC(=O)c1cnn(-c2nc(N)c3ncn(C4OC(CO)C(O)C4O)c3n2)c1,0.94,4.3686643,
tdc_vdss_lombardo,"Chemprop v2 (D-MPNN, ensemble=3)",Chemprop v2,train,823,CCCCCCC(C)(C)c1cc(O)c2c(c1)OC(C)(C)C1CC=C(CO)CC21,5.06,11.107329,
tdc_vdss_lombardo,"Chemprop v2 (D-MPNN, ensemble=3)",Chemprop v2,train,824,COc1cc2c(cc1OC)C(Cc1cc(OC)c(OC)c(OC)c1)[N+](C)(CCCOC(=O)CC/C=C\CCC(=O)OCCC[N+]1(C)CCc3cc(OC)c(OC)cc3C1Cc1cc(OC)c(OC)c(OC)c1)CC2,0.27,7.979191,
tdc_vdss_lombardo,"Chemprop v2 (D-MPNN, ensemble=3)",Chemprop v2,train,825,COc1cc(OC)c(C(=O)CCC[NH+]2CCCC2)c(OC)c1,1.3,7.7959104,
tdc_vdss_lombardo,"Chemprop v2 (D-MPNN, ensemble=3)",Chemprop v2,train,826,COc1cc2c(c(OC)c1OC)-c1ccc(OC)c(=O)cc1C(NC(C)=O)CC2,6.1,4.436783,
tdc_vdss_lombardo,"Chemprop v2 (D-MPNN, ensemble=3)",Chemprop v2,train,827,CCC(=O)OC(Cc1ccccc1)(c1ccccc1)C(C)C[NH+](C)C,12.0,5.4999776,
tdc_vdss_lombardo,"Chemprop v2 (D-MPNN, ensemble=3)",Chemprop v2,train,828,CC[C@H](C)[C@H](NC(=O)[C@H](CCCNC(N)=[NH2+])NC(=O)[C@H](CCCNC(N)=[NH2+])NC(=O)[C@H](CC(C)C)NC(=O)[C@H](Cc1ccccc1)NC(=O)CNC(=O)CNC(=O)[C@@H]([NH3+])Cc1ccc(O)cc1)C(=O)N[C@@H](CCCNC(N)=[NH2+])C(=O)N1CCC[C@H]1C(=O)N[C@@H](CCCC[NH3+])C(=O)N[C@@H](CC(C)C)C(=O)N[C@@H](CCCC[NH3+])C(=O)[O-],0.12,2.5575435,
tdc_vdss_lombardo,"Chemprop v2 (D-MPNN, ensemble=3)",Chemprop v2,train,829,C=C1CCC2C(C)(COC(=O)CCC(=O)[O-])C(OC(=O)CCC(=O)[O-])CCC2(C)C1/C=C/C1=CCOC1=O,0.13,1.767232,
tdc_vdss_lombardo,"Chemprop v2 (D-MPNN, ensemble=3)",Chemprop v2,train,830,COC1CC(OC2C(C)C(=O)OC(C)C(C)C(O)C(C)C(=O)C3(CO3)CC(C)C(OC3OC(C)CC([NH+](C)C)C3O)C2C)OC(C)C1O,0.77,5.0756087,
tdc_vdss_lombardo,"Chemprop v2 (D-MPNN, ensemble=3)",Chemprop v2,train,831,c1ccc(C2([NH+]3CCCCC3)CCCCC2)cc1,6.9,8.666087,
tdc_vdss_lombardo,"Chemprop v2 (D-MPNN, ensemble=3)",Chemprop v2,train,832,CC1CC2C3CC(F)C4=CC(=O)C=CC4(C)C3(F)C(O)CC2(C)C1(OC(=O)c1ccco1)C(=O)SCF,4.95,4.282913,
tdc_vdss_lombardo,"Chemprop v2 (D-MPNN, ensemble=3)",Chemprop v2,train,833,CC1CC2C3CCC4=CC(=O)C=CC4(C)C3(Cl)C(O)CC2(C)C1(OC(=O)c1ccco1)C(=O)CCl,2.2,4.4922376,
tdc_vdss_lombardo,"Chemprop v2 (D-MPNN, ensemble=3)",Chemprop v2,train,834,CCOc1ccccc1OCC1C[NH2+]CCO1,0.73,6.78425,
tdc_vdss_lombardo,"Chemprop v2 (D-MPNN, ensemble=3)",Chemprop v2,train,835,N#CC(OC1OC(COC2OC(CO)C(O)C(O)C2O)C(O)C(O)C1O)c1ccccc1,0.21,4.286179,
tdc_vdss_lombardo,"Chemprop v2 (D-MPNN, ensemble=3)",Chemprop v2,train,836,Cc1cccnc1NS(=O)(=O)c1ccc(C#Cc2ccc(O)c(C(=O)[O-])c2)cc1,0.1,1.8951087,
tdc_vdss_lombardo,"Chemprop v2 (D-MPNN, ensemble=3)",Chemprop v2,train,837,CCC1(O)C(=O)OCc2c1cc1n(c2=O)Cc2cc3c(N)cccc3nc2-1,2.2,4.16622,
tdc_vdss_lombardo,"Chemprop v2 (D-MPNN, ensemble=3)",Chemprop v2,train,838,CCC1(O)C(=O)OCc2c1cc1n(c2=O)Cc2cc3c(C[NH+](C)C)c(O)ccc3nc2-1,1.8,5.2663617,
tdc_vdss_lombardo,"Chemprop v2 (D-MPNN, ensemble=3)",Chemprop v2,train,839,CCC1(O)C(=O)OCc2c1cc1n(c2=O)Cc2c-1nc1ccc(O)cc1c2[Si](C)(C)C(C)(C)C,0.47,5.9217415,
tdc_vdss_lombardo,"Chemprop v2 (D-MPNN, ensemble=3)",Chemprop v2,train,840,Cc1cc(=O)n(-c2ccccc2)n1C,0.77,3.4499424,
tdc_vdss_lombardo,"Chemprop v2 (D-MPNN, ensemble=3)",Chemprop v2,train,841,CC(C)C[C@H]1C(=O)N2CCC[C@H]2[C@]2(O)O[C@@](C)(NC(=O)[C@@H]3C[C@@H]4c5cccc6[nH]cc(c56)C[C@H]4N(C)C3)C(=O)N12,4.02,5.645523,
tdc_vdss_lombardo,"Chemprop v2 (D-MPNN, ensemble=3)",Chemprop v2,train,842,COc1ccc(CCOC2CCCCC2[NH+]2CCC(O)C2)cc1OC,1.8,8.01736,
tdc_vdss_lombardo,"Chemprop v2 (D-MPNN, ensemble=3)",Chemprop v2,train,843,COC(C(=O)N1Cc2[nH]nc(NC(=O)c3ccc(N4CC[NH+](C)CC4)cc3)c2C1)c1ccccc1,2.5,5.3352013,
tdc_vdss_lombardo,"Chemprop v2 (D-MPNN, ensemble=3)",Chemprop v2,train,844,CO[C@@]1(NC(=O)[C@H](C(=O)O)c2ccsc2)C(=O)N2[C@@H](C(=O)O)C(C)(C)S[C@@H]21,0.11,2.5180166,
tdc_vdss_lombardo,"Chemprop v2 (D-MPNN, ensemble=3)",Chemprop v2,train,845,CC1(C)SC2C(NC(=O)C(C(=O)[O-])c3ccsc3)C(=O)N2C1C(=O)[O-],0.16,1.3490485,
tdc_vdss_lombardo,"Chemprop v2 (D-MPNN, ensemble=3)",Chemprop v2,train,846,NS(=O)(=O)c1cc(C(=O)[O-])c(NCc2ccco2)cc1Cl,0.12,2.3411472,
tdc_vdss_lombardo,"Chemprop v2 (D-MPNN, ensemble=3)",Chemprop v2,train,847,CC(C)c1nc(N(C)S(C)(=O)=O)nc(-c2ccc(F)cc2)c1/C=C/C(O)CC(O)CC(=O)[O-],1.7,2.809172,
tdc_vdss_lombardo,"Chemprop v2 (D-MPNN, ensemble=3)",Chemprop v2,train,848,O=C(/C=C/c1ccc(C[NH+](CCO)CCc2c[nH]c3ccccc23)cc1)NO,2.17,6.966866,
tdc_vdss_lombardo,"Chemprop v2 (D-MPNN, ensemble=3)",Chemprop v2,train,849,CC12CCCCCC(Cc3ccc(O)cc31)C2[NH3+],5.6,7.580191,
tdc_vdss_lombardo,"Chemprop v2 (D-MPNN, ensemble=3)",Chemprop v2,train,850,CC[C@H](C)[C@H](NC(=O)[C@H](CCC(=O)[O-])NC(=O)[C@H](CCC(=O)[O-])NC(=O)[C@H](Cc1ccccc1)NC(=O)[C@H](CC(=O)[O-])NC(=O)CNC(=O)[C@H](CC(N)=O)NC(=O)CNC(=O)CNC(=O)CNC(=O)CNC(=O)[C@@H]1CCCN1C(=O)[C@H](CCCNC(N)=[NH2+])NC(=O)[C@@H]1CCCN1C(=O)[C@H]([NH3+])Cc1ccccc1)C(=O)N1CCC[C@H]1C(=O)N[C@@H](CCC(=O)[O-])C(=O)N[C@@H](CCC(=O)[O-])C(=O)N[C@@H](Cc1ccc(O)cc1)C(=O)N[C@@H](CC(C)C)C(=O)[O-],0.27,-5.768482,
tdc_vdss_lombardo,"Chemprop v2 (D-MPNN, ensemble=3)",Chemprop v2,train,851,CC1CC[NH+](CCCC(=O)c2ccc(F)cc2)CC1,14.0,9.017829,
tdc_vdss_lombardo,"Chemprop v2 (D-MPNN, ensemble=3)",Chemprop v2,train,852,Cc1[nH+]ccn1CC1CCc2c(c3ccccc3n2C)C1=O,1.8,6.39238,
tdc_vdss_lombardo,"Chemprop v2 (D-MPNN, ensemble=3)",Chemprop v2,train,853,CN(c1nc2ccccc2s1)C1CC[NH+](CC(O)COc2ccc(F)cc2)CC1,5.5,7.484585,
tdc_vdss_lombardo,"Chemprop v2 (D-MPNN, ensemble=3)",Chemprop v2,train,854,CN(c1nc2ccccc2s1)C1CC[NH+](CC(O)COc2ccc(F)c(F)c2)CC1,2.6,7.5354066,
tdc_vdss_lombardo,"Chemprop v2 (D-MPNN, ensemble=3)",Chemprop v2,train,855,COC(=O)CCC1[NH+]=C(c2ccccn2)c2cc(Br)ccc2-n2c(C)cnc21,0.44,3.59198,
tdc_vdss_lombardo,"Chemprop v2 (D-MPNN, ensemble=3)",Chemprop v2,train,856,CC(O)C1C(=O)N2C(C(=O)[O-])=C(SC3CC(C(=O)N4CCC(NC(=O)CNC(N)=[NH2+])C4)N(C)C3)C(C)C12,0.23,2.5220454,
tdc_vdss_lombardo,"Chemprop v2 (D-MPNN, ensemble=3)",Chemprop v2,train,857,CCOC(=O)Nc1ccc(NCc2ccc(F)cc2)cc1N,2.5,3.0577354,
tdc_vdss_lombardo,"Chemprop v2 (D-MPNN, ensemble=3)",Chemprop v2,train,858,COc1cc(N)c(Cl)cc1C(=O)NC1CC[NH+](CCCOc2ccc(F)cc2)CC1OC,1.2,7.304506,
tdc_vdss_lombardo,"Chemprop v2 (D-MPNN, ensemble=3)",Chemprop v2,train,859,CCC(=O)N(c1ccccc1)C1(C(=O)OC)CCN(CCC(=O)OC)CC1,0.4,2.8707936,
tdc_vdss_lombardo,"Chemprop v2 (D-MPNN, ensemble=3)",Chemprop v2,train,860,O=C([O-])c1cc(N=Nc2ccc(S(=O)(=O)Nc3ccccn3)cc2)ccc1O,0.11,2.0069892,
tdc_vdss_lombardo,"Chemprop v2 (D-MPNN, ensemble=3)",Chemprop v2,train,861,CCNC(=O)C1CCCN1C(=O)C(CCCNC(N)=[NH2+])NC(=O)C(CC(C)C)NC(=O)C(CC(C)C)NC(=O)C(Cc1ccc(O)cc1)NC(=O)C(CO)NC(=O)C(Cc1c[nH]c2ccccc12)NC(=O)C(Cc1c[nH]cn1)NC(=O)C1CCC(=O)N1,0.38,3.0228207,
tdc_vdss_lombardo,"Chemprop v2 (D-MPNN, ensemble=3)",Chemprop v2,train,862,COc1ccc(Cc2nccc3cc(OC)c(OC)cc23)cc1OC,1.0,6.4725533,
tdc_vdss_lombardo,"Chemprop v2 (D-MPNN, ensemble=3)",Chemprop v2,train,863,CC[NH+](CC)CCNc1ccc(CNC=O)c2sc3ccc(OC)cc3c(=O)c12,1.01,13.247882,
tdc_vdss_lombardo,"Chemprop v2 (D-MPNN, ensemble=3)",Chemprop v2,train,864,COC1(NC(=O)Cc2cccs2)C(=O)N2C(C(=O)[O-])=C(COC(N)=O)CSC21,0.17,1.6575422,
tdc_vdss_lombardo,"Chemprop v2 (D-MPNN, ensemble=3)",Chemprop v2,train,865,CC(=O)OCC1=C(C(=O)[O-])N2C(=O)C(NC(=O)Cc3cccs3)C2SC1,0.07,1.7337955,
tdc_vdss_lombardo,"Chemprop v2 (D-MPNN, ensemble=3)",Chemprop v2,train,866,COc1ccc(-c2nc3ccc(C4=NNC(=O)CC4C)cc3[nH]2)cc1,2.0,3.7073781,
tdc_vdss_lombardo,"Chemprop v2 (D-MPNN, ensemble=3)",Chemprop v2,train,867,O=C(NCCN1CCOCC1)c1ccc(Cl)cc1,1.1,4.886139,
tdc_vdss_lombardo,"Chemprop v2 (D-MPNN, ensemble=3)",Chemprop v2,train,868,COc1ccc2cc1Oc1ccc(cc1)CC1(C)c3cc(c(OC)cc3CC[NH+]1C)Oc1c(OC)c(OC)c(Br)c3c1C(C)(C2)N(C)CC3,51.0,11.70045,
tdc_vdss_lombardo,"Chemprop v2 (D-MPNN, ensemble=3)",Chemprop v2,train,869,COc1ccccc1Oc1c([N-]S(=O)(=O)c2ccc(C(C)(C)C)cc2)nc(-c2ncccn2)nc1OCCO,0.29,2.5629678,
tdc_vdss_lombardo,"Chemprop v2 (D-MPNN, ensemble=3)",Chemprop v2,train,870,CC1COc2c(C3([NH3+])CC3)c(F)cc3c(=O)c(C(=O)[O-])cn1c23,0.68,4.0517297,
tdc_vdss_lombardo,"Chemprop v2 (D-MPNN, ensemble=3)",Chemprop v2,train,871,CCC1=CC2CN(CCc3c([nH]c4ccccc34)C(C(=O)OC)(c3cc4c(cc3OC)N(C)C3C(O)(C(=O)OC)C(OC(C)=O)C5(CC)C=CCN6CCC43C65)C2)C1,12.0,7.4440074,
tdc_vdss_lombardo,"Chemprop v2 (D-MPNN, ensemble=3)",Chemprop v2,train,872,CCOc1ccc2ccccc2c1C(=O)NC1C(=O)N2C1SC(C)(C)C2C(=O)[O-],0.22,3.272733,
tdc_vdss_lombardo,"Chemprop v2 (D-MPNN, ensemble=3)",Chemprop v2,train,873,C[NH2+]CCC(Oc1ccccc1C)c1ccccc1,0.85,9.270148,
tdc_vdss_lombardo,"Chemprop v2 (D-MPNN, ensemble=3)",Chemprop v2,train,874,C[NH+](C)CCNc1ccc2c3c(nn2CC[NH2+]CCO)-c2cnccc2C(=O)c13,57.0,18.922094,
tdc_vdss_lombardo,"Chemprop v2 (D-MPNN, ensemble=3)",Chemprop v2,train,875,Cc1cc([N-]S(=O)(=O)c2ccc(N)cc2)no1,0.3,1.7292763,
tdc_vdss_lombardo,"Chemprop v2 (D-MPNN, ensemble=3)",Chemprop v2,train,876,NC(=O)CC[C@@H]1NC(=O)[C@H](Cc2ccccc2)NC(=O)[C@H](Cc2ccc(O)cc2)NC(=O)[C@@H](NC(=O)CNC(=O)CNC(=O)C[NH3+])CSSC[C@@H](C(=O)N2CCC[C@H]2C(=O)N[C@@H](CCCC[NH3+])C(=O)NCC(N)=O)NC(=O)[C@H](CC(N)=O)NC1=O,0.24,1.3255799,
tdc_vdss_lombardo,"Chemprop v2 (D-MPNN, ensemble=3)",Chemprop v2,train,877,NC(=[NH2+])NCCCC(NC(=O)C1CCCN1C(=O)C1CSSCCC(=O)NC(Cc2ccc(O)cc2)C(=O)NC(Cc2ccccc2)C(=O)NC(CCC(N)=O)C(=O)NC(CC(N)=O)C(=O)N1)C(=O)NCC(N)=O,0.3,2.0417984,
tdc_vdss_lombardo,"Chemprop v2 (D-MPNN, ensemble=3)",Chemprop v2,train,878,COc1cc(N)cn[n+]1-c1ccccc1,4.0,5.1283727,
tdc_vdss_lombardo,"Chemprop v2 (D-MPNN, ensemble=3)",Chemprop v2,train,879,CC(=O)OC1C(=O)C2(C)C(O)CC3OCC3(OC(C)=O)C2C(OC(=O)c2ccccc2)C2(O)CC(OC(=O)C(O)C(NC(=O)c3ccccc3)c3ccccc3)C(C)=C1C2(C)C,3.0,5.104061,
tdc_vdss_lombardo,"Chemprop v2 (D-MPNN, ensemble=3)",Chemprop v2,train,880,CSCOC1CC2OCC2(OC(C)=O)C2C(OC(=O)c3ccccc3)C3(O)CC(OC(=O)C(O)C(NC(=O)c4ccccc4)c4ccccc4)C(C)=C(C(OC(C)=O)C(=O)C12C)C3(C)C,11.0,5.3001933,
tdc_vdss_lombardo,"Chemprop v2 (D-MPNN, ensemble=3)",Chemprop v2,train,881,CC/C=C\C/C=C\C/C=C\C/C=C\C/C=C\C/C=C\CCC(=O)OC(C(=O)OC1CC2(O)C(OC(=O)c3ccccc3)C3C4(OC(C)=O)COC4CC(O)C3(C)C(=O)C(OC(C)=O)C(=C1C)C2(C)C)C(NC(=O)c1ccccc1)c1ccccc1,0.07,5.0942855,
tdc_vdss_lombardo,"Chemprop v2 (D-MPNN, ensemble=3)",Chemprop v2,train,882,COC(=O)OC12COC1CC(O)C1(C)C(=O)C(OC(C)=O)C3=C(C)C(OC(=O)C(O)C(NC(=O)c4ccccc4)c4ccccc4)CC(O)(C(OC(=O)c4ccccc4)C21)C3(C)C,6.9,4.6485167,
tdc_vdss_lombardo,"Chemprop v2 (D-MPNN, ensemble=3)",Chemprop v2,train,883,CCOC(=O)c1cncn1C(C)c1ccccc1,2.7,2.9252555,
tdc_vdss_lombardo,"Chemprop v2 (D-MPNN, ensemble=3)",Chemprop v2,train,884,COc1cccc2c1c([N-]S(=O)(=O)c1ccc(Cl)s1)nn2Cc1cccc(CNC(=O)C(C)(C)O)c1,1.65,2.1591103,
tdc_vdss_lombardo,"Chemprop v2 (D-MPNN, ensemble=3)",Chemprop v2,train,885,Cc1cccc(Cl)c1C(=O)NC(Cc1ccc(NC(=O)c2c(Cl)cncc2Cl)cc1)C(=O)[O-],0.3,2.7089565,
tdc_vdss_lombardo,"Chemprop v2 (D-MPNN, ensemble=3)",Chemprop v2,train,886,Cn1nnc(-c2ccc(-c3ccc(N4C[C@H](CO)OC4=O)cc3F)cn2)n1,0.91,3.4682102,
tdc_vdss_lombardo,"Chemprop v2 (D-MPNN, ensemble=3)",Chemprop v2,train,887,C=CCN1CCC23c4c5ccc(O)c4OC2C(=O)CCC3(O)C1C5,1.7,6.5300636,
tdc_vdss_lombardo,"Chemprop v2 (D-MPNN, ensemble=3)",Chemprop v2,train,888,CO[C@@]1(NC(=O)CSC(F)F)C(=O)N2C(C(=O)[O-])=C(CSc3nnnn3CCO)CO[C@@H]21,0.19,1.5615482,
tdc_vdss_lombardo,"Chemprop v2 (D-MPNN, ensemble=3)",Chemprop v2,train,889,CCCCCc1cc(O)c2c(c1)OC(C)(C)c1ccc(C)cc1-2,16.98,11.837621,
tdc_vdss_lombardo,"Chemprop v2 (D-MPNN, ensemble=3)",Chemprop v2,train,890,C/C(=C\c1csc(C)n1)C1CC2OC2(C)CCCC(C)C(O)C(C)C(=O)C(C)(C)C(O)CC(=O)O1,14.4,4.9447427,
tdc_vdss_lombardo,"Chemprop v2 (D-MPNN, ensemble=3)",Chemprop v2,train,891,OCC1OC(n2cnc3c2NC=NCC3O)CC1O,0.59,5.18182,
tdc_vdss_lombardo,"Chemprop v2 (D-MPNN, ensemble=3)",Chemprop v2,train,892,CO/N=C(\C(=O)NC1C(=O)N2C(C(=O)[O-])=C(CSc3nc(C)c(CC(=O)[O-])s3)CSC12)c1csc(N)n1,0.05,0.40125084,
tdc_vdss_lombardo,"Chemprop v2 (D-MPNN, ensemble=3)",Chemprop v2,train,893,Cc1ncc2n1-c1ccc(Cl)cc1C(c1ccccc1F)=NC2,1.1,7.4642015,
tdc_vdss_lombardo,"Chemprop v2 (D-MPNN, ensemble=3)",Chemprop v2,train,894,OCc1ncc2n1-c1ccc(Cl)cc1C(c1ccccc1F)=NC2,0.77,7.292297,
tdc_vdss_lombardo,"Chemprop v2 (D-MPNN, ensemble=3)",Chemprop v2,train,895,CC1(C)CCC2(C(=O)[O-])CCC3(COC(=O)/C=C/c4cc(O)ccc4NC(=O)/C=C/C(=O)[O-])C(=CCC4C5(C)CCC(=O)C(C)(C)C5CCC43C)C2C1,1.45,4.063123,
tdc_vdss_lombardo,"Chemprop v2 (D-MPNN, ensemble=3)",Chemprop v2,train,896,CCC1=CC2CN(C1)Cc1c([nH]c3ccccc13)C(C(=O)OC)(c1cc3c(cc1OC)N(C)C1C(O)(C(=O)OC)C(OC(C)=O)C4(CC)C=CCN5CCC31C54)C2,23.0,7.3376575,
tdc_vdss_lombardo,"Chemprop v2 (D-MPNN, ensemble=3)",Chemprop v2,train,897,O=C([O-])CCCCO/N=C(\c1cccnc1)c1cccc(C(F)(F)F)c1,0.43,3.2124918,
tdc_vdss_lombardo,"Chemprop v2 (D-MPNN, ensemble=3)",Chemprop v2,train,898,C[NH+](C)C1C([O-])=C(C(N)=O)C(=O)C2(O)C(O)=C3C(=O)c4c(O)c(NC(=O)C[NH+]5CCCC5)cc(F)c4CC3CC12,2.3,4.1083045,
tdc_vdss_lombardo,"Chemprop v2 (D-MPNN, ensemble=3)",Chemprop v2,train,899,C[NH+](C)CCCOc1nn(Cc2ccccc2)c2ccccc12,1.53,10.432059,
tdc_vdss_lombardo,"Chemprop v2 (D-MPNN, ensemble=3)",Chemprop v2,train,900,COC(=O)c1ccc2c(c1)NC(=O)/C2=C(\Nc1ccc(N(C)C(=O)CN2CC[NH+](C)CC2)cc1)c1ccccc1,15.0,4.8309503,
tdc_vdss_lombardo,"Chemprop v2 (D-MPNN, ensemble=3)",Chemprop v2,train,901,CC(=O)OCC1=C(C(=O)[O-])N2C(=O)C(NC(=O)CSc3ccncc3)C2SC1,0.13,1.7439737,
tdc_vdss_lombardo,"Chemprop v2 (D-MPNN, ensemble=3)",Chemprop v2,train,902,C[NH+]1CCOC(c2ccccc2)c2ccccc2C1,5.6,7.9403367,
tdc_vdss_lombardo,"Chemprop v2 (D-MPNN, ensemble=3)",Chemprop v2,train,903,CCC(C)C(C(CC(=O)N1CCCC1C(OC)C(C)C(=O)NCCc1ccccc1)OC)N(C)C(=O)C(NC(=O)C(C(C)C)N(C)C)C(C)C,0.42,4.2050343,
tdc_vdss_lombardo,"Chemprop v2 (D-MPNN, ensemble=3)",Chemprop v2,test,0,C[C@@H](N)[C@H]1CC[C@@H](N)[C@@H](O[C@@H]2[C@@H](N)[C@@H](O)[C@@H](O)[C@@H](N(C)C(=O)CN)[C@H]2O)O1,0.27,3.542318,
tdc_vdss_lombardo,"Chemprop v2 (D-MPNN, ensemble=3)",Chemprop v2,test,1,CO[C@H]1[C@@H](O)[C@H](N)[C@@H](O[C@H]2O[C@H]([C@H](C)N)CC[C@H]2N)[C@H](O)[C@H]1N(C)C(=O)CN,0.23,3.672224,
tdc_vdss_lombardo,"Chemprop v2 (D-MPNN, ensemble=3)",Chemprop v2,test,2,Cc1ccsc1C(=CCC[NH+]1CCCC(C(=O)[O-])C1)c1sccc1C,1.1,3.759528,
tdc_vdss_lombardo,"Chemprop v2 (D-MPNN, ensemble=3)",Chemprop v2,test,3,CO/N=C(\C(=O)NC1C(=O)N2C(C(=O)[O-])=C(C[N+]3(C)CCCC3)CSC12)c1csc(N)n1,0.28,2.3012688,
tdc_vdss_lombardo,"Chemprop v2 (D-MPNN, ensemble=3)",Chemprop v2,test,4,CCCCc1nc(Cl)c(CO)n1Cc1ccc(-c2ccccc2-c2nnn[n-]2)cc1,0.37,4.146238,
tdc_vdss_lombardo,"Chemprop v2 (D-MPNN, ensemble=3)",Chemprop v2,test,5,CCCn1c(=O)c2[nH]c(C34CCC(CCC(=O)[O-])(CC3)CC4)nc2n(CCC)c1=O,0.76,4.2650986,
tdc_vdss_lombardo,"Chemprop v2 (D-MPNN, ensemble=3)",Chemprop v2,test,6,C[NH+]1CCN(C(=O)OC2c3nccnc3C(=O)N2c2ccc(Cl)cn2)CC1,1.3,3.8501723,
tdc_vdss_lombardo,"Chemprop v2 (D-MPNN, ensemble=3)",Chemprop v2,test,7,CC1C[NH2+]C(C2CC2)C(=O)N(C)C(C)C(=O)NC(Cc2ccc(F)cc2)C(=O)NCCCc2ccccc2O1,0.1,4.578897,
tdc_vdss_lombardo,"Chemprop v2 (D-MPNN, ensemble=3)",Chemprop v2,test,8,CCOC(Cc1ccc(OCCc2ccc(OS(C)(=O)=O)cc2)cc1)C(=O)[O-],0.13,2.3534732,
tdc_vdss_lombardo,"Chemprop v2 (D-MPNN, ensemble=3)",Chemprop v2,test,9,Cc1cc(Nc2cc(N3CC[NH+](C)CC3)nc(Sc3ccc(NC(=O)C4CC4)cc3)n2)n[nH]1,5.1,5.109663,
tdc_vdss_lombardo,"Chemprop v2 (D-MPNN, ensemble=3)",Chemprop v2,test,10,CCNC(=O)CCC/C=C/CC1C(O)CC(O)C1/C=C/C(O)CCc1ccccc1,0.67,5.614673,
tdc_vdss_lombardo,"Chemprop v2 (D-MPNN, ensemble=3)",Chemprop v2,test,11,CC(S)C(=O)NCC(=O)[O-],1.39,1.9318666,
tdc_vdss_lombardo,"Chemprop v2 (D-MPNN, ensemble=3)",Chemprop v2,test,12,NC(=O)NO,0.52,2.389322,
tdc_vdss_lombardo,"Chemprop v2 (D-MPNN, ensemble=3)",Chemprop v2,test,13,[NH3+]CCC(O)(P(=O)([O-])[O-])P(=O)([O-])O,1.8,0.02368021,
tdc_vdss_lombardo,"Chemprop v2 (D-MPNN, ensemble=3)",Chemprop v2,test,14,CCCCC[NH+](C)CCC(O)(P(=O)([O-])[O-])P(=O)([O-])O,0.55,1.8129467,
tdc_vdss_lombardo,"Chemprop v2 (D-MPNN, ensemble=3)",Chemprop v2,test,15,O=[N+]([O-])OC[C@H](O)CO,0.76,2.3845913,
tdc_vdss_lombardo,"Chemprop v2 (D-MPNN, ensemble=3)",Chemprop v2,test,16,CCCC(C)(COC(N)=O)COC(N)=O,0.7,2.9382553,
tdc_vdss_lombardo,"Chemprop v2 (D-MPNN, ensemble=3)",Chemprop v2,test,17,N=C(N)N[C@@H](CS)C(=O)O,0.25,2.4066904,
tdc_vdss_lombardo,"Chemprop v2 (D-MPNN, ensemble=3)",Chemprop v2,test,18,CC(N)CCCC(C)(C)O,2.14,63.64024,
tdc_vdss_lombardo,"Chemprop v2 (D-MPNN, ensemble=3)",Chemprop v2,test,19,O=S(=O)([O-])CCS,0.65,2.004295,
tdc_vdss_lombardo,"Chemprop v2 (D-MPNN, ensemble=3)",Chemprop v2,test,20,O=P([O-])([O-])C(Cl)(Cl)P(=O)([O-])O,0.88,-0.046436388,
tdc_vdss_lombardo,"Chemprop v2 (D-MPNN, ensemble=3)",Chemprop v2,test,21,CN(C)C(=[NH2+])NC(=N)N,0.64,2.6617463,
tdc_vdss_lombardo,"Chemprop v2 (D-MPNN, ensemble=3)",Chemprop v2,test,22,CN(CC(N)=O)C(=O)N(CCCl)N=O,0.76,1.5743793,
tdc_vdss_lombardo,"Chemprop v2 (D-MPNN, ensemble=3)",Chemprop v2,test,23,N#CN,0.78,2.3186977,
tdc_vdss_lombardo,"Chemprop v2 (D-MPNN, ensemble=3)",Chemprop v2,test,24,CCC(CO)NCC[NH2+]C(CC)CO,1.7,119.72357,
tdc_vdss_lombardo,"Chemprop v2 (D-MPNN, ensemble=3)",Chemprop v2,test,25,CS(=O)(=O)OCC(O)C(O)COS(C)(=O)=O,0.59,2.0192127,
tdc_vdss_lombardo,"Chemprop v2 (D-MPNN, ensemble=3)",Chemprop v2,test,26,CC(=O)NCCCS(=O)(=O)[O-],0.3,1.9932947,
tdc_vdss_lombardo,"Chemprop v2 (D-MPNN, ensemble=3)",Chemprop v2,test,27,CCCCCCCCCCCCCCCC(=O)OCC(COP(=O)([O-])OCCNC(=O)C(C)NC(=O)CCC(NC(=O)C(C)NC(=O)C(C)OC(C(C=O)NC(C)=O)C(O)C(O)CO)C(N)=O)OC(=O)CCCCCCCCCCCCCCC,5.8,5.0320015,
tdc_vdss_lombardo,"Chemprop v2 (D-MPNN, ensemble=3)",Chemprop v2,test,28,CC(=O)NC(CS)C(=O)[O-],0.55,1.8871913,
tdc_vdss_lombardo,"Chemprop v2 (D-MPNN, ensemble=3)",Chemprop v2,test,29,C[N+](C)(C)[NH2+]CCC(=O)[O-],0.7,3.6728714,
tdc_vdss_lombardo,"Chemprop v2 (D-MPNN, ensemble=3)",Chemprop v2,test,30,CS(=O)(=O)OCCCCOS(C)(=O)=O,0.55,2.095824,
tdc_vdss_lombardo,"Chemprop v2 (D-MPNN, ensemble=3)",Chemprop v2,test,31,CCCCS(=N)(=O)CCC([NH3+])C(=O)[O-],0.26,2.5496056,
tdc_vdss_lombardo,"Chemprop v2 (D-MPNN, ensemble=3)",Chemprop v2,test,32,O=C([O-])CC(NC(=O)CP(=O)([O-])O)C(=O)[O-],0.33,0.19975965,
tdc_vdss_lombardo,"Chemprop v2 (D-MPNN, ensemble=3)",Chemprop v2,test,33,CCCCCCCCCCCCCCCC(O)C(C)[NH3+],30.7,187.96538,
tdc_vdss_lombardo,"Chemprop v2 (D-MPNN, ensemble=3)",Chemprop v2,test,34,CCCC(CCC)C(=O)[O-],0.14,3.0042837,
tdc_vdss_lombardo,"Chemprop v2 (D-MPNN, ensemble=3)",Chemprop v2,test,35,[NH3+]CCCC(O)(P(=O)([O-])[O-])P(=O)([O-])O,0.33,0.26728854,
tdc_vdss_lombardo,"Chemprop v2 (D-MPNN, ensemble=3)",Chemprop v2,test,36,CC(=O)NC(CSSCC([NH3+])C(=O)[O-])C(=O)NC(C)C(=O)NC(CCCNC(N)=[NH2+])C(=O)NC(CCCNC(N)=[NH2+])C(=O)NC(CCCNC(N)=[NH2+])C(=O)NC(C)C(=O)NC(CCCNC(N)=[NH2+])C(N)=O,0.5,0.8982949,
tdc_vdss_lombardo,"Chemprop v2 (D-MPNN, ensemble=3)",Chemprop v2,test,37,O=NN(CCCl)C(=O)NCCCl,1.2,2.2222986,
tdc_vdss_lombardo,"Chemprop v2 (D-MPNN, ensemble=3)",Chemprop v2,test,38,C[N+](C)(C)CC(O)CC(=O)[O-],0.4,3.5436695,
tdc_vdss_lombardo,"Chemprop v2 (D-MPNN, ensemble=3)",Chemprop v2,test,39,O=C([O-])P(=O)([O-])[O-],0.5,0.13152401,
tdc_vdss_lombardo,"Chemprop v2 (D-MPNN, ensemble=3)",Chemprop v2,test,40,[NH3+]CCC[NH2+]CCSP(=O)([O-])[O-],0.09,3.1471577,
tdc_vdss_lombardo,"Chemprop v2 (D-MPNN, ensemble=3)",Chemprop v2,test,41,O=C([O-])C(Cl)Cl,0.19,2.0915964,
tdc_vdss_lombardo,"Chemprop v2 (D-MPNN, ensemble=3)",Chemprop v2,test,42,[NH3+]CCCCCC(=O)[O-],0.39,3.433812,
tdc_vdss_lombardo,"Chemprop v2 (D-MPNN, ensemble=3)",Chemprop v2,test,43,[NH3+]CC(=O)CCC(=O)[O-],0.12,2.430351,
tdc_vdss_lombardo,"Chemprop v2 (D-MPNN, ensemble=3)",Chemprop v2,test,44,CCOP(=O)(OCC)[C@H](C)NC(=O)N(CCCl)N=O,0.62,1.6103312,
tdc_vdss_lombardo,"Chemprop v2 (D-MPNN, ensemble=3)",Chemprop v2,test,45,CNC(=O)N(N(CCCl)S(C)(=O)=O)S(C)(=O)=O,0.88,0.78244704,
tdc_vdss_lombardo,"Chemprop v2 (D-MPNN, ensemble=3)",Chemprop v2,test,46,O=CC(O)C(O)C(O)CO,0.23,3.517131,
tdc_vdss_lombardo,"Chemprop v2 (D-MPNN, ensemble=3)",Chemprop v2,test,47,CCC(=O)OC(CC(=O)[O-])C[N+](C)(C)C,0.3,2.9627197,
tdc_vdss_lombardo,"Chemprop v2 (D-MPNN, ensemble=3)",Chemprop v2,test,48,OCC(O)C(O)C(O)C(O)CO,0.24,5.4846263,
tdc_vdss_lombardo,"Chemprop v2 (D-MPNN, ensemble=3)",Chemprop v2,test,49,C[NH+](CCC(=O)/C=C/c1ccc(O)cc1)CCc1ccc2c(c1)OCO2,2.13,5.981848,
tdc_vdss_lombardo,"Chemprop v2 (D-MPNN, ensemble=3)",Chemprop v2,test,50,O=c1[nH]cnc2c1ncn2C1CCC(CO)O1,0.77,4.429086,
tdc_vdss_lombardo,"Chemprop v2 (D-MPNN, ensemble=3)",Chemprop v2,test,51,CC(/C=C/C(C)C(C)(C)O)C1CCC2/C(=C/C=C3CC(O)CC(O)C3)CCCC21C,0.41,6.1007347,
tdc_vdss_lombardo,"Chemprop v2 (D-MPNN, ensemble=3)",Chemprop v2,test,52,Cc1[n-]c(=O)c(C#N)cc1-c1ccncc1,0.25,2.5474446,
tdc_vdss_lombardo,"Chemprop v2 (D-MPNN, ensemble=3)",Chemprop v2,test,53,CCC[NH+](CCc1cccs1)C1CCc2c(O)cccc2C1,5.7,12.592616,
tdc_vdss_lombardo,"Chemprop v2 (D-MPNN, ensemble=3)",Chemprop v2,test,54,O=P1(NCCCl)OCCCN1CCCl,0.62,3.67113,
tdc_vdss_lombardo,"Chemprop v2 (D-MPNN, ensemble=3)",Chemprop v2,test,55,CCc1cc2c(cc1CC)CC([NH2+]CC(O)c1ccc(O)c3[nH]c(=O)ccc13)C2,19.4,7.9195304,
tdc_vdss_lombardo,"Chemprop v2 (D-MPNN, ensemble=3)",Chemprop v2,test,56,CCNC(=O)C1CC(n2ccc3c(NC(CC)Cc4sccc4Cl)ncnc32)C(O)C1O,0.84,5.881094,
tdc_vdss_lombardo,"Chemprop v2 (D-MPNN, ensemble=3)",Chemprop v2,test,57,COC1/C=C/OC2(C)Oc3c(C)c([O-])c4c(O)c(c(/C=N/N5CCN(C)CC5)c(O)c4c3C2=O)NC(=O)/C(C)=C\C=C\C(C)C(O)C(C)C(O)C(C)C(OC(C)=O)C1C,0.97,5.7347465,
tdc_vdss_lombardo,"Chemprop v2 (D-MPNN, ensemble=3)",Chemprop v2,test,58,CS(=O)(=O)N(CCO)c1c(Cl)c(Cl)cc2[nH]c(=O)c(=O)[nH]c12,0.8,2.9010124,
tdc_vdss_lombardo,"Chemprop v2 (D-MPNN, ensemble=3)",Chemprop v2,test,59,CC1CCC2(C(=O)[O-])CCC3(C)C(=CCC4C5(C)CCC(O)C(C)(C)C5CCC43C)C2C1C,0.54,5.108145,
tdc_vdss_lombardo,"Chemprop v2 (D-MPNN, ensemble=3)",Chemprop v2,test,60,[NH3+]C(C(=O)NC1C(=O)N2C(C(=O)[O-])=C(CSc3c[n-]nn3)CSC12)c1ccc(O)cc1,0.22,1.6267811,
tdc_vdss_lombardo,"Chemprop v2 (D-MPNN, ensemble=3)",Chemprop v2,test,61,COc1ccc(CC[NH2+]CC(O)COc2cccc(C)c2)cc1OC,0.67,8.83017,
tdc_vdss_lombardo,"Chemprop v2 (D-MPNN, ensemble=3)",Chemprop v2,test,62,COc1cc2[nH+]c(N(C)CCCNC(=O)C3CCCO3)nc(N)c2cc1OC,1.5,5.134257,
tdc_vdss_lombardo,"Chemprop v2 (D-MPNN, ensemble=3)",Chemprop v2,test,63,Nc1ncn(C2OC(CO)C(O)C2O)c(=O)n1,0.47,3.6217546,
tdc_vdss_lombardo,"Chemprop v2 (D-MPNN, ensemble=3)",Chemprop v2,test,64,Nc1ncn(C2CC(O)C(CO)O2)c(=O)n1,4.6,3.5977595,
tdc_vdss_lombardo,"Chemprop v2 (D-MPNN, ensemble=3)",Chemprop v2,test,65,CC(C)C1CCC(C(=O)NC(Cc2ccccc2)C(=O)[O-])CC1,0.15,3.3453705,
tdc_vdss_lombardo,"Chemprop v2 (D-MPNN, ensemble=3)",Chemprop v2,test,66,CCCCC(C)(C)C(O)/C=C/C1C(O)CC(Cl)C1C/C=C/CCCC(=O)[O-],0.16,4.9748755,
tdc_vdss_lombardo,"Chemprop v2 (D-MPNN, ensemble=3)",Chemprop v2,test,67,Oc1ccc2c(c1)C13CCCCC1(O)C(C2)[NH+](CC1CCC1)CC3,12.0,8.640559,
tdc_vdss_lombardo,"Chemprop v2 (D-MPNN, ensemble=3)",Chemprop v2,test,68,CC(C)(C)[NH2+]CC(O)COc1ccc(NC(=O)NC2CCCCC2)cc1,3.3,6.2360206,
tdc_vdss_lombardo,"Chemprop v2 (D-MPNN, ensemble=3)",Chemprop v2,test,69,Cc1cccc(N2CC(CO)OC2=O)c1,1.5,3.2911012,
tdc_vdss_lombardo,"Chemprop v2 (D-MPNN, ensemble=3)",Chemprop v2,test,70,O=[N+]([O-])OC1COC2C(O)COC12,0.86,3.156667,
tdc_vdss_lombardo,"Chemprop v2 (D-MPNN, ensemble=3)",Chemprop v2,test,71,O=[N+]([O-])OC1COC2C(O)COC12,0.7,3.1566675,
tdc_vdss_lombardo,"Chemprop v2 (D-MPNN, ensemble=3)",Chemprop v2,test,72,O=[N+]([O-])OC1COC2C(O[N+](=O)[O-])COC12,1.9,2.0428746,
tdc_vdss_lombardo,"Chemprop v2 (D-MPNN, ensemble=3)",Chemprop v2,test,73,COc1ccccc1OCC(O)CN1CCN(CC(=O)Nc2c(C)cccc2C)CC1,1.2,5.656719,
tdc_vdss_lombardo,"Chemprop v2 (D-MPNN, ensemble=3)",Chemprop v2,test,74,[NH3+]CCCCC(NC1CCc2ccccc2N(CC(=O)[O-])C1=O)C(=O)[O-],1.98,2.8057373,
tdc_vdss_lombardo,"Chemprop v2 (D-MPNN, ensemble=3)",Chemprop v2,test,75,CCOc1ccccc1OC(c1ccccc1)C1C[NH2+]CCO1,0.65,7.7308593,
tdc_vdss_lombardo,"Chemprop v2 (D-MPNN, ensemble=3)",Chemprop v2,test,76,O=C(OC1CC2CC3CC(C1)[NH+]2CC3=O)c1c[nH]c2ccccc12,2.0,5.199372,
tdc_vdss_lombardo,"Chemprop v2 (D-MPNN, ensemble=3)",Chemprop v2,test,77,CC(C)=CC[NH+]1CCC2(C)c3cc(O)ccc3CC1C2C,3.4,8.313374,
tdc_vdss_lombardo,"Chemprop v2 (D-MPNN, ensemble=3)",Chemprop v2,test,78,CCOC(=O)C1=CC2(CC)CCCN3CCc4c(n1c1ccccc41)C32,2.08,5.392864,
tdc_vdss_lombardo,"Chemprop v2 (D-MPNN, ensemble=3)",Chemprop v2,test,79,CC(CN1CC(=O)NC(=O)C1)N1CC(=O)NC(=O)C1,0.55,3.0413363,
tdc_vdss_lombardo,"Chemprop v2 (D-MPNN, ensemble=3)",Chemprop v2,test,80,O=C1Cc2cc(CCN3CCN(c4nsc5ccccc45)CC3)c(Cl)cc2N1,1.0,5.662455,
tdc_vdss_lombardo,"Chemprop v2 (D-MPNN, ensemble=3)",Chemprop v2,test,81,CC(O)C1C(=O)N2C(C(=O)[O-])=C(SC3C[NH2+]C(C(=O)N(C)C)C3)C(C)C12,0.3,2.4837477,
tdc_vdss_lombardo,"Chemprop v2 (D-MPNN, ensemble=3)",Chemprop v2,test,82,CC(O)C1C(=O)N2C(C(=O)[O-])=C(SC3C[NH2+]C(CNS(N)(=O)=O)C3)C(C)C12,0.23,2.5604584,
tdc_vdss_lombardo,"Chemprop v2 (D-MPNN, ensemble=3)",Chemprop v2,test,83,COCCOCC(CC1(C(=O)NC2CCC(C(=O)[O-])CC2)CCCC1)C(=O)[O-],0.25,2.2167118,
tdc_vdss_lombardo,"Chemprop v2 (D-MPNN, ensemble=3)",Chemprop v2,test,84,C=CCC1(C(C)C#CCC)C(=O)NC(=O)N(C)C1=O,1.1,2.0547457,
tdc_vdss_lombardo,"Chemprop v2 (D-MPNN, ensemble=3)",Chemprop v2,test,85,CCCC(C)C1(CC)C(=O)NC(=O)NC1=O,0.91,3.0714257,
tdc_vdss_lombardo,"Chemprop v2 (D-MPNN, ensemble=3)",Chemprop v2,test,86,CC1=C(CO)C2=C(C)C3(CC3)C(C)(O)C(=O)C2=C1,3.1,4.7959266,
tdc_vdss_lombardo,"Chemprop v2 (D-MPNN, ensemble=3)",Chemprop v2,test,87,CCc1nn(CCCN2CCN(c3cccc(Cl)c3)CC2)c(=O)n1CCOc1ccccc1,0.51,5.1031013,
tdc_vdss_lombardo,"Chemprop v2 (D-MPNN, ensemble=3)",Chemprop v2,test,88,CCOC(=O)C1C(OC(=O)c2ccccc2)CC2CCC1[NH+]2C,1.6,3.7049954,
tdc_vdss_lombardo,"Chemprop v2 (D-MPNN, ensemble=3)",Chemprop v2,test,89,COC(=O)C1C(OC(=O)c2ccccc2)CC2CCC1[NH+]2C,2.0,3.6627305,
tdc_vdss_lombardo,"Chemprop v2 (D-MPNN, ensemble=3)",Chemprop v2,test,90,CC(O)C1C(=O)N2C(C(=O)[O-])=C(C3CCCO3)SC12,0.18,2.897277,
tdc_vdss_lombardo,"Chemprop v2 (D-MPNN, ensemble=3)",Chemprop v2,test,91,COc1cc2nc(N3CCN(C(=O)c4ccco4)CC3)nc(N)c2cc1OC,0.73,3.5820825,
tdc_vdss_lombardo,"Chemprop v2 (D-MPNN, ensemble=3)",Chemprop v2,test,92,O=C(c1ccc(F)c(F)c1Nc1ccc(I)cc1F)N1CC(O)(C2CCCC[NH2+]2)C1,15.4,6.1379724,
tdc_vdss_lombardo,"Chemprop v2 (D-MPNN, ensemble=3)",Chemprop v2,test,93,Nc1cc(-c2ccncc2)c[nH]c1=O,1.3,3.3144844,
tdc_vdss_lombardo,"Chemprop v2 (D-MPNN, ensemble=3)",Chemprop v2,test,94,COc1cc2nc(N3CCN(C(=O)C4COc5ccccc5O4)CC3)nc(N)c2cc1OC,1.3,3.952274,
tdc_vdss_lombardo,"Chemprop v2 (D-MPNN, ensemble=3)",Chemprop v2,test,95,COC(=O)C1=C(C)NC(C)=C(C(=O)OC(C)C)C1c1cccc2nonc12,1.5,2.8493996,
tdc_vdss_lombardo,"Chemprop v2 (D-MPNN, ensemble=3)",Chemprop v2,test,96,Oc1ccc(C2C[NH2+]CCc3c2cc(O)c(O)c3Cl)cc1,0.5,6.954684,
tdc_vdss_lombardo,"Chemprop v2 (D-MPNN, ensemble=3)",Chemprop v2,test,97,Cc1ccc(-n2ccnc2)cc1C(O)c1c(C)cc(C(=O)[O-])cc1C,0.37,3.118872,
tdc_vdss_lombardo,"Chemprop v2 (D-MPNN, ensemble=3)",Chemprop v2,test,98,O=C1CN(/N=C\c2ccc(-c3ccc([N+](=O)[O-])cc3)o2)C(=O)[N-]1,0.37,1.3976393,
tdc_vdss_lombardo,"Chemprop v2 (D-MPNN, ensemble=3)",Chemprop v2,test,99,[NH3+]C12CC3CC(CC(C3)C1)C2,6.6,5.543123,
tdc_vdss_lombardo,"Chemprop v2 (D-MPNN, ensemble=3)",Chemprop v2,test,100,O=P([O-])([O-])OC(Cn1cncn1)(Cn1cncn1)c1ccc(F)cc1F,0.15,2.4514449,
tdc_vdss_lombardo,"Chemprop v2 (D-MPNN, ensemble=3)",Chemprop v2,test,101,OC(Cn1cncn1)(Cn1cncn1)c1ccc(F)cc1F,0.75,4.4776073,
tdc_vdss_lombardo,"Chemprop v2 (D-MPNN, ensemble=3)",Chemprop v2,test,102,C[NH+]1CCN(C(c2ccccc2)c2ccccc2)CC1,16.5,9.798839,
tdc_vdss_lombardo,"Chemprop v2 (D-MPNN, ensemble=3)",Chemprop v2,test,103,CC1CCCC(C)[NH+]1CCCC(O)(c1ccccc1)c1ccccn1,1.4,12.11975,
tdc_vdss_lombardo,"Chemprop v2 (D-MPNN, ensemble=3)",Chemprop v2,test,104,CCC(=O)N(c1ccccc1)C1(COC)CC[NH+](CCc2cccs2)CC1,9.4,6.1696486,
tdc_vdss_lombardo,"Chemprop v2 (D-MPNN, ensemble=3)",Chemprop v2,test,105,CC1OC(n2cc(F)c(=O)[nH]c2=O)C(O)C1O,0.28,3.6516664,
tdc_vdss_lombardo,"Chemprop v2 (D-MPNN, ensemble=3)",Chemprop v2,test,106,Cc1cn(C2CC(N=[N+]=N)C(CO)O2)c(=O)[nH]c1=O,1.8,2.8706245,
tdc_vdss_lombardo,"Chemprop v2 (D-MPNN, ensemble=3)",Chemprop v2,test,107,COP(=O)(c1cc(C)cc(/C=C/C#N)c1)c1c(C(N)=O)[nH]c2ccc(Cl)cc12,0.56,3.1100652,
tdc_vdss_lombardo,"Chemprop v2 (D-MPNN, ensemble=3)",Chemprop v2,test,108,COP(=O)(c1cc(C)cc(/C=C\C#N)c1)c1c(C(N)=O)[nH]c2ccc(Cl)c(F)c12,0.97,3.2506812,
tdc_vdss_lombardo,"Chemprop v2 (D-MPNN, ensemble=3)",Chemprop v2,test,109,Cc1ccccc1N1C(=O)c2cc(S(N)(=O)=O)c(Cl)cc2NC1C,1.6,3.303524,
tdc_vdss_lombardo,"Chemprop v2 (D-MPNN, ensemble=3)",Chemprop v2,test,110,CO/N=C(/C(=O)NC1C(=O)N2C(C(=O)[O-])=C(Cn3ccc(=[NH2+])n3CCO)CSC12)c1csc(N)n1,0.3,1.6159617,
tdc_vdss_lombardo,"Chemprop v2 (D-MPNN, ensemble=3)",Chemprop v2,test,111,O=C([O-])Cn1c(=O)c(=O)[nH]c2cc([N+](=O)[O-])c(-n3ccnc3)cc21,0.19,1.8757688,
tdc_vdss_lombardo,"Chemprop v2 (D-MPNN, ensemble=3)",Chemprop v2,test,112,Nc1nc2c(Cc3cccnc3)c[nH]c2c(=O)[nH]1,1.2,3.749684,
tdc_vdss_lombardo,"Chemprop v2 (D-MPNN, ensemble=3)",Chemprop v2,test,113,CC(C)(O/N=C(/C(=O)NC1C(=O)N2C(C(=O)[O-])=C(C[n+]3ccccc3)CSC12)c1csc(N)n1)C(=O)[O-],0.31,-0.039949495,
tdc_vdss_lombardo,"Chemprop v2 (D-MPNN, ensemble=3)",Chemprop v2,test,114,S=P(N1CC1)(N1CC1)N1CC1,1.6,2.9852982,
tdc_vdss_lombardo,"Chemprop v2 (D-MPNN, ensemble=3)",Chemprop v2,test,115,C[NH+](C)C1C([O-])=C(C(=O)NC[NH+]2CCCC2)C(=O)C2(O)C(O)=C3C(=O)c4c(O)cccc4C(C)(O)C3CC12,0.54,4.5354376,
tdc_vdss_lombardo,"Chemprop v2 (D-MPNN, ensemble=3)",Chemprop v2,test,116,CC1COc2c(N3CC[NH+](C)CC3)c(F)cc3c(=O)c(C(=O)[O-])cn1c23,1.6,4.6109223,
tdc_vdss_lombardo,"Chemprop v2 (D-MPNN, ensemble=3)",Chemprop v2,test,117,CC1COc2c(N3CC[NH+](C)CC3)c(F)c(N)c3c(=O)c(C(=O)[O-])cn1c23,2.42,4.7376018,
tdc_vdss_lombardo,"Chemprop v2 (D-MPNN, ensemble=3)",Chemprop v2,test,118,CC1COc2c(N3CC[NH+](C)CC3)c(F)cc3c(=O)c(C(=O)[O-])cn1c23,1.2,4.610921,
tdc_vdss_lombardo,"Chemprop v2 (D-MPNN, ensemble=3)",Chemprop v2,test,119,COc1cc(S(C)=O)ccc1-c1nc2ncccc2[nH]1,0.62,4.477196,
tdc_vdss_lombardo,"Chemprop v2 (D-MPNN, ensemble=3)",Chemprop v2,test,120,CCN1CC(CCN2CCOCC2)C(c2ccccc2)(c2ccccc2)C1=O,1.2,8.15714,
tdc_vdss_lombardo,"Chemprop v2 (D-MPNN, ensemble=3)",Chemprop v2,test,121,Clc1cccc(Cl)c1NC1=[NH+]CCN1,3.3,5.479428,
tdc_vdss_lombardo,"Chemprop v2 (D-MPNN, ensemble=3)",Chemprop v2,test,122,CCC1=C(C)CN(C(=O)NCCc2ccc(S(=O)(=O)[N-]C(=O)NC3CCC(C)CC3)cc2)C1=O,0.19,1.5606723,
tdc_vdss_lombardo,"Chemprop v2 (D-MPNN, ensemble=3)",Chemprop v2,test,123,CC12CCC(=O)C=C1CCC1C2C(O)CC2(C)C1CCC2(O)C(=O)CO,0.38,4.477862,
tdc_vdss_lombardo,"Chemprop v2 (D-MPNN, ensemble=3)",Chemprop v2,test,124,C#CC1(O)CCC2C3CCC4=CC(=O)CCC4C3CCC21CC,1.5,4.3905506,
tdc_vdss_lombardo,"Chemprop v2 (D-MPNN, ensemble=3)",Chemprop v2,test,125,CC1CC2=CC(=O)CCC2C2CCC3(C)C(O)CCC3C12,0.8,4.680078,
tdc_vdss_lombardo,"Chemprop v2 (D-MPNN, ensemble=3)",Chemprop v2,test,126,CCN1CCN(C(=O)NC(C(=O)NC2C(=O)N3C(C(=O)[O-])=C(CSc4nnnn4C)CSC23)c2ccc(O)cc2)C(=O)C1=O,0.17,0.551383,
tdc_vdss_lombardo,"Chemprop v2 (D-MPNN, ensemble=3)",Chemprop v2,test,127,O=C([O-])c1cccc(Cc2cc(Cl)ccc2OCc2ccc(Cl)cc2F)n1,0.77,2.8813202,
tdc_vdss_lombardo,"Chemprop v2 (D-MPNN, ensemble=3)",Chemprop v2,test,128,COC1C(O)CC(=O)OC(C)C/C=C\C=C/C(OC2CCC(N(C)C)C(C)O2)C(C)CC(CC=O)C1OC1OC(C)C(OC2CC(C)(O)C(O)C(C)O2)C([NH+](C)C)C1O,5.4,5.3074703,
tdc_vdss_lombardo,"Chemprop v2 (D-MPNN, ensemble=3)",Chemprop v2,test,129,CCC1(c2cccc(O)c2)CCCC[NH+](C)C1,3.3,9.012771,
tdc_vdss_lombardo,"Chemprop v2 (D-MPNN, ensemble=3)",Chemprop v2,test,130,Nc1ccn(C2COC(CO)O2)c(=O)n1,1.0,3.6519127,
tdc_vdss_lombardo,"Chemprop v2 (D-MPNN, ensemble=3)",Chemprop v2,test,131,Nc1nc(N)c2nc(-c3ccccc3)c(N)nc2n1,13.0,3.2241619,
tdc_vdss_lombardo,"Chemprop v2 (D-MPNN, ensemble=3)",Chemprop v2,test,132,CC[NH+](CC)CCN1C(=O)c2c(c3c4cccc(Cl)c4n(C4OC(CO)C(OC)C(O)C4O)c3c3[nH]c4c(Cl)cccc4c23)C1=O,8.9,13.992986,
tdc_vdss_lombardo,"Chemprop v2 (D-MPNN, ensemble=3)",Chemprop v2,test,133,Cc1ccc(Sc2ccccc2N2CC[NH2+]CC2)c(C)c1,35.3,8.090791,
tdc_vdss_lombardo,"Chemprop v2 (D-MPNN, ensemble=3)",Chemprop v2,test,134,O=C1CCc2ccc(OCCCC[NH+]3CCN(c4cccc(Cl)c4Cl)CC3)cc2N1,4.9,10.48062,
tdc_vdss_lombardo,"Chemprop v2 (D-MPNN, ensemble=3)",Chemprop v2,test,135,[NH3+][NH+]=c1cc2c(n[nH]1)CCN(C(=O)c1ccccc1)C2,2.2,3.4860408,
tdc_vdss_lombardo,"Chemprop v2 (D-MPNN, ensemble=3)",Chemprop v2,test,136,CCN(CC)CCS(=O)(=O)C1CCN2C(=O)c3coc(n3)CC(=O)CC(O)/C=C(C)/C=C/CNC(=O)/C=C/C(C)C(C(C)C)OC(=O)C12,0.39,3.886872,
tdc_vdss_lombardo,"Chemprop v2 (D-MPNN, ensemble=3)",Chemprop v2,test,137,CCC1OC(=O)C(C)C(=O)C(C)C(OC2OC(C)CC([NH+](C)C)C2O)C(C)(OC)CC(C)C(=O)C(C)C2N(CCCCn3cnc(-c4cccnc4)c3)C(=O)OC12C,3.0,5.995317,
tdc_vdss_lombardo,"Chemprop v2 (D-MPNN, ensemble=3)",Chemprop v2,test,138,C=CC[N+]12CCC34c5ccccc5N5/C=C6/C7CC8C9(CC[N+]8(CC=C)C/C7=C/CO)c7ccccc7N(/C=C(/C(CC31)/C(=C/CO)C2)C54)C69,0.32,10.155925,
tdc_vdss_lombardo,"Chemprop v2 (D-MPNN, ensemble=3)",Chemprop v2,test,139,CCCCCOc1ccc(-c2ccc(-c3ccc(C(=O)NC4CC(O)C(O)NC(=O)C5C(O)C(C)CN5C(=O)C(C(C)O)NC(=O)C(C(O)C(O)c5ccc(O)cc5)NC(=O)C5CC(O)CN5C(=O)C(C(C)O)NC4=O)cc3)cc2)cc1,0.57,6.4314322,
tdc_vdss_lombardo,"Chemprop v2 (D-MPNN, ensemble=3)",Chemprop v2,test,140,CCC#CCC(C)C(O)C#CC1C(O)CC2C/C(=C\COCCCC(=O)[O-])CC21,2.4,3.4406424,
tdc_vdss_lombardo,"Chemprop v2 (D-MPNN, ensemble=3)",Chemprop v2,test,141,CCC#CCC(C)C(O)C#CC1C(O)CC2C/C(=C\COCC(=O)[O-])CC21,0.08,3.0798423,
tdc_vdss_lombardo,"Chemprop v2 (D-MPNN, ensemble=3)",Chemprop v2,test,142,CC#CCC(C)C(O)/C=C/C1C(O)CC2C/C(=C/CCCC(=O)[O-])CC21,0.37,3.7411373,
tdc_vdss_lombardo,"Chemprop v2 (D-MPNN, ensemble=3)",Chemprop v2,test,143,CCC1NC(=O)C(NC(=O)c2ncccc2[O-])C(C)OC(=O)C(c2ccccc2)NC(=O)C2CC(=O)C(CSC3C[NH+]4CCC3CC4)CN2C(=O)C(Cc2ccc(N(C)C)cc2)N(C)C(=O)C2CCCN2C1=O,0.67,4.356249,
tdc_vdss_lombardo,"Chemprop v2 (D-MPNN, ensemble=3)",Chemprop v2,test,144,Cc1nc(N2CCN3CCOCC3C2)c(F)c(NNC(=O)C(CC2CCCC2)CN(O)C=O)[nH+]1,0.75,5.3133254,
tdc_vdss_lombardo,"Chemprop v2 (D-MPNN, ensemble=3)",Chemprop v2,test,145,CCOP(=O)(OCC)C(NC(=O)C1(O)C(O)C2(CC)C=CC[NH+]3CCC4(c5cc(C6(C(=O)OC)CC7CN(CCc8c6[nH]c6ccccc86)CC(O)(CC)C7)c(OC)cc5N(C)C14)C32)C(C)C,4.67,8.059069,
tdc_vdss_lombardo,"Chemprop v2 (D-MPNN, ensemble=3)",Chemprop v2,test,146,CCC1(O)CC2CN(CCc3c([nH]c4ccccc34)C(C(=O)OC)(c3cc4c(cc3OC)N(C)C3C(O)(C(N)=O)C(O)C5(CC)C=CC[NH+]6CCC43C65)C2)C1,5.0,8.883919,
tdc_vdss_lombardo,"Chemprop v2 (D-MPNN, ensemble=3)",Chemprop v2,test,147,O=C1c2ccccc2OCN1CCO[N+](=O)[O-],0.68,2.519969,
tdc_vdss_lombardo,"Chemprop v2 (D-MPNN, ensemble=3)",Chemprop v2,test,148,CCCn1c(=O)[n-]c(=O)c2nc[nH]c21,0.63,2.5101106,
tdc_vdss_lombardo,"Chemprop v2 (D-MPNN, ensemble=3)",Chemprop v2,test,149,CCN1CCN(C(=O)NC(C(=O)NC2C(=O)N3C2SC(C)(C)C3C(=O)[O-])c2ccccc2)C(=O)C1=O,0.27,1.2516557,
tdc_vdss_lombardo,"Chemprop v2 (D-MPNN, ensemble=3)",Chemprop v2,test,150,CC1CNc2c(cccc2S(=O)(=O)NC(CCCN=C(N)N)C(=O)N2CCC(C)CC2C(=O)[O-])C1,0.17,2.540491,
tdc_vdss_lombardo,"Chemprop v2 (D-MPNN, ensemble=3)",Chemprop v2,test,151,c1ccc2c(c1)OCC(C1=[NH+]CCN1)O2,3.3,5.4055004,
tdc_vdss_lombardo,"Chemprop v2 (D-MPNN, ensemble=3)",Chemprop v2,test,152,CC(C)CC(NC(=O)C(Cc1ccccc1)NC(=O)c1cnccn1)B(O)O,10.0,3.770243,
tdc_vdss_lombardo,"Chemprop v2 (D-MPNN, ensemble=3)",Chemprop v2,test,153,Nc1nc(=O)c2ncn(CCC(CO)CO)c2[nH]1,1.1,5.135285,
tdc_vdss_lombardo,"Chemprop v2 (D-MPNN, ensemble=3)",Chemprop v2,test,154,CN(Cc1cnc2nc(N)nc(N)c2n1)c1ccc(C(=O)NC(CCC(=O)[O-])C(=O)[O-])cc1,0.43,1.9615692,
tdc_vdss_lombardo,"Chemprop v2 (D-MPNN, ensemble=3)",Chemprop v2,test,155,Cc1c(CN(C)C(=O)/C=C/C2=CNC3=[NH+]C(=O)CCC3=C2)oc2ccccc12,0.43,3.0617893,
tdc_vdss_lombardo,"Chemprop v2 (D-MPNN, ensemble=3)",Chemprop v2,test,156,O=c1[nH]c2ccccc2n1CCC[NH+]1CCC(n2c(=O)[nH]c3cc(Cl)ccc32)CC1,3.4,7.1269517,
tdc_vdss_lombardo,"Chemprop v2 (D-MPNN, ensemble=3)",Chemprop v2,test,157,Nc1nc(/C(=N\O)C(=O)NC2C(=O)N3C(C(=O)[O-])=C(/C=C4\CCN(CC(F)(F)F)C4=O)CSC23)cs1,0.11,0.9912484,
tdc_vdss_lombardo,"Chemprop v2 (D-MPNN, ensemble=3)",Chemprop v2,test,158,CC1[NH2+]Cc2cc(-c3ccc4c(=O)c(C(=O)[O-])cn(C5CC5)c4c3OC(F)F)ccc21,1.0,4.1094666,
tdc_vdss_lombardo,"Chemprop v2 (D-MPNN, ensemble=3)",Chemprop v2,test,159,C[N+]1(C)CCC(OC(=O)C(O)(c2ccccc2)C2CCCC2)C1,0.37,4.837795,
tdc_vdss_lombardo,"Chemprop v2 (D-MPNN, ensemble=3)",Chemprop v2,test,160,CC1(C)SC2C(NC(=O)C(NC(=O)N3CCN(S(C)(=O)=O)C3=O)c3ccccc3)C(=O)N2C1C(=O)[O-],0.09,0.7276092,
tdc_vdss_lombardo,"Chemprop v2 (D-MPNN, ensemble=3)",Chemprop v2,test,161,CC1(C)SC2C(NC(=O)C(NC(=O)N3CCNC3=O)c3ccccc3)C(=O)N2C1C(=O)[O-],0.26,1.6077093,
tdc_vdss_lombardo,"Chemprop v2 (D-MPNN, ensemble=3)",Chemprop v2,test,162,CCCCCNC(=O)c1coc(C2C3CCC(O3)C2Cc2ccccc2CCC(=O)[O-])n1,4.4,4.3106403,
tdc_vdss_lombardo,"Chemprop v2 (D-MPNN, ensemble=3)",Chemprop v2,test,163,CCC[c-]1c(=O)n2c(N(C)C)nc3ccc(C)cc3n2c1=O,0.12,3.1799812,
tdc_vdss_lombardo,"Chemprop v2 (D-MPNN, ensemble=3)",Chemprop v2,test,164,C#CCN(Cc1cc2c(=O)nc(C)[nH]c2cc1C)c1ccc(C(=O)NC(CCc2nnn[n-]2)C(=O)[O-])c(F)c1,0.53,1.8838338,
tdc_vdss_lombardo,"Chemprop v2 (D-MPNN, ensemble=3)",Chemprop v2,test,165,CC(O)(/C=C/C1CC=CC(=O)O1)C(CC(O)/C=C/C=C/C=C/CO)OP(=O)([O-])O,0.09,2.3790958,
tdc_vdss_lombardo,"Chemprop v2 (D-MPNN, ensemble=3)",Chemprop v2,test,166,Cc1nc2c([nH]1)-c1ccccc1N(C(=O)c1ccc(NC(=O)c3ccccc3-c3ccccc3)cc1)CC2,0.76,3.8897145,
tdc_vdss_lombardo,"Chemprop v2 (D-MPNN, ensemble=3)",Chemprop v2,test,167,Cc1nnc(SCC2=C(C(=O)[O-])N3C(=O)C(NC(=O)C(O)c4ccccc4)C3SC2)s1,0.13,1.9080044,
tdc_vdss_lombardo,"Chemprop v2 (D-MPNN, ensemble=3)",Chemprop v2,test,168,CCCCC(=O)N(Cc1ccc(-c2ccccc2-c2nnn[n-]2)cc1)C(C(=O)[O-])C(C)C,0.22,2.6158736,
tdc_vdss_lombardo,"Chemprop v2 (D-MPNN, ensemble=3)",Chemprop v2,test,169,[NH3+]CC1(CC(=O)[O-])CCCCC1,0.71,3.6397228,
tdc_vdss_lombardo,"Chemprop v2 (D-MPNN, ensemble=3)",Chemprop v2,test,170,[NH3+]CC1CCC(C(=O)[O-])CC1,0.38,3.1747677,
tdc_vdss_lombardo,"Chemprop v2 (D-MPNN, ensemble=3)",Chemprop v2,test,171,COCCn1c2c([n+](Cc3cnccn3)c1C)C(=O)c1ccccc1C2=O,23.7,7.5997224,
tdc_vdss_lombardo,"Chemprop v2 (D-MPNN, ensemble=3)",Chemprop v2,test,172,CC(=O)Nc1cccc(-n2c(=O)n(C3CC3)c(=O)c3c(Nc4ccc(I)cc4F)n(C)c(=O)c(C)c32)c1,13.94,3.7731705,
tdc_vdss_lombardo,"Chemprop v2 (D-MPNN, ensemble=3)",Chemprop v2,test,173,CO/N=C(\C(=O)NC1C(=O)N2C(C(=O)[O-])=C(CSc3nnnn3C)CSC12)c1csc(N)n1,0.2,0.72098595,
tdc_vdss_lombardo,"Chemprop v2 (D-MPNN, ensemble=3)",Chemprop v2,test,174,C[N+]1(CC2CC2)[C@@H]2C[C@@H](OC(=O)[C@H](CO)c3ccccc3)C[C@H]1[C@@H]1O[C@@H]12,1.12,4.8094134,
tdc_vdss_lombardo,"Chemprop v2 (D-MPNN, ensemble=3)",Chemprop v2,test,175,CC(=[NH2+])N1CCC(Oc2ccc(C(Cc3ccc4ccc(C(N)=[NH2+])cc4c3)C(=O)[O-])cc2)C1,1.55,3.7818058,
tdc_vdss_lombardo,"Chemprop v2 (D-MPNN, ensemble=3)",Chemprop v2,test,176,CCOc1cc(CC(=O)NC(CC(C)C)c2ccccc2N2CCCCC2)ccc1C(=O)[O-],0.35,4.45849,
tdc_vdss_lombardo,"Chemprop v2 (D-MPNN, ensemble=3)",Chemprop v2,test,177,NC(=[NH2+])c1ccc(CNC(=O)C2CCN2C(=O)C([NH2+]CC(=O)[O-])C2CCCCC2)cc1,0.23,3.328349,
tdc_vdss_lombardo,"Chemprop v2 (D-MPNN, ensemble=3)",Chemprop v2,test,178,O=P1(N(CCCl)CCCl)[NH2+]CCCO1,0.73,3.7496367,
tdc_vdss_lombardo,"Chemprop v2 (D-MPNN, ensemble=3)",Chemprop v2,test,179,CC(C)C1NC(=O)C(CCCC[NH3+])NC(=O)C(Cc2c[nH]c3ccccc23)NC(=O)C(Cc2ccc(O)cc2)NC(=O)C(NC(=O)C(N)Cc2ccc3ccccc3c2)CSSCC(C(=O)NC(C(N)=O)C(C)O)NC1=O,0.2,4.434572,
tdc_vdss_lombardo,"Chemprop v2 (D-MPNN, ensemble=3)",Chemprop v2,test,180,COc1c(C)cc2c(c1O)C1C3Cc4c(OC(C)=O)c(C)c5c(c4C(CNC(=O)/C=C/c4cccc(C(F)(F)F)c4)N3C(O)C(C2)[NH+]1C)OCO5,12.6,6.3406825,
tdc_vdss_lombardo,"Chemprop v2 (D-MPNN, ensemble=3)",Chemprop v2,test,181,CCCCCC(O)CCC1C(O)CC2Cc3c(cccc3OCC(=O)[O-])CC21,0.23,5.818817,
tdc_vdss_lombardo,"Chemprop v2 (D-MPNN, ensemble=3)",Chemprop v2,test,182,Cc1ccc(C(=O)Nc2ccc(S(=O)(=O)[O-])c3cc(S(=O)(=O)[O-])cc(S(=O)(=O)[O-])c23)cc1NC(=O)c1cccc(NC(=O)Nc2cccc(C(=O)Nc3cc(C(=O)Nc4ccc(S(=O)(=O)[O-])c5cc(S(=O)(=O)[O-])cc(S(=O)(=O)[O-])c45)ccc3C)c2)c1,0.54,-2.2835624,
tdc_vdss_lombardo,"Chemprop v2 (D-MPNN, ensemble=3)",Chemprop v2,test,183,CN(C)C(=O)CCSC(SCCC(=O)[O-])c1cccc(/C=C/c2ccc3ccc(Cl)cc3n2)c1,0.11,2.9364777,
tdc_vdss_lombardo,"Chemprop v2 (D-MPNN, ensemble=3)",Chemprop v2,test,184,CC([NH2+]CCCc1cccc(C(F)(F)F)c1)c1cccc2ccccc12,17.6,11.328841,
tdc_vdss_lombardo,"Chemprop v2 (D-MPNN, ensemble=3)",Chemprop v2,test,185,CCC(C)N(C)C(=O)c1cc2ccccc2c(-c2ccccc2Cl)n1,1.7,4.4882016,
tdc_vdss_lombardo,"Chemprop v2 (D-MPNN, ensemble=3)",Chemprop v2,test,186,C/C(=C\c1csc(C)n1)[C@@H]1C[C@H]2[C@@H](CCC[C@H](C)[C@H](O)[C@@H](C)C(=O)C(C)(C)[C@@H](O)CC(=O)O1)N2CCOC(=O)OCCSSC[C@H](NC(=O)[C@H](CC(=O)O)NC(=O)[C@H](CCCNC(=N)N)NC(=O)[C@H](CC(=O)O)NC(=O)CC[C@H](NC(=O)c1ccc(NCc2c[nH]c3nc(N)nc(=O)c-3n2)cc1)C(=O)O)C(=O)O,0.09,1.9181843,
tdc_vdss_lombardo,"Chemprop v2 (D-MPNN, ensemble=3)",Chemprop v2,test,187,C[NH+](C)CCc1c[nH]c2ccc(Cn3cncn3)cc12,1.9,9.667828,
tdc_vdss_lombardo,"Chemprop v2 (D-MPNN, ensemble=3)",Chemprop v2,test,188,COC(=O)C1=C(C)NC(C)=C(C(=O)OCCN(C)Cc2ccccc2)C1c1cccc([N+](=O)[O-])c1,1.0,2.4215946,
tdc_vdss_lombardo,"Chemprop v2 (D-MPNN, ensemble=3)",Chemprop v2,test,189,CCCCCCCCCC(=O)N[C@@H](Cc1c[nH]c2ccccc12)C(=O)N[C@H](CC(N)=O)C(=O)N[C@@H](CC(=O)[O-])C(=O)N[C@@H]1C(=O)NCC(=O)N[C@@H](CCC[NH3+])C(=O)N[C@@H](CC(=O)[O-])C(=O)N[C@H](C)C(=O)N[C@@H](CC(=O)[O-])C(=O)NCC(=O)N[C@H](CO)C(=O)N[C@@H]([C@H](C)CC(=O)[O-])C(=O)N[C@@H](CC(=O)c2ccccc2N)C(=O)O[C@@H]1C,0.09,-0.10424566,
tdc_vdss_lombardo,"Chemprop v2 (D-MPNN, ensemble=3)",Chemprop v2,test,190,CC(O)C1C(=O)N2C(C(=O)[O-])=C(SC3CCS(=O)C3)SC12,0.21,2.434755,
tdc_vdss_lombardo,"Chemprop v2 (D-MPNN, ensemble=3)",Chemprop v2,test,191,Cc1ccc(C(=O)N(CCC[NH3+])C(c2nc3snc(C)c3c(=O)n2Cc2ccccc2)C(C)C)cc1,6.74,4.441312,
tdc_vdss_lombardo,"Chemprop v2 (D-MPNN, ensemble=3)",Chemprop v2,test,192,CC(C)[NH+](CCC(c1ccccc1)c1cc(CO)ccc1O)C(C)C,2.41,19.242159,
tdc_vdss_lombardo,"Chemprop v2 (D-MPNN, ensemble=3)",Chemprop v2,test,193,CC(CC(c1ccccc1)c1ccccc1)[NH2+]C(C)(C)C,5.1,37.665524,
tdc_vdss_lombardo,"Chemprop v2 (D-MPNN, ensemble=3)",Chemprop v2,test,194,Cc1ccc(O)c(C(CC[NH+](C(C)C)C(C)C)c2ccccc2)c1,1.5,20.220636,
tdc_vdss_lombardo,"Chemprop v2 (D-MPNN, ensemble=3)",Chemprop v2,test,195,CCC(OC(C)=O)C(CC(C)[NH+](C)C)(c1ccccc1)c1ccccc1,8.3,8.043757,
tdc_vdss_lombardo,"Chemprop v2 (D-MPNN, ensemble=3)",Chemprop v2,test,196,CCC(=O)C(CC(C)[NH+](C)C)(c1ccccc1)c1ccccc1,4.4,10.274808,
tdc_vdss_lombardo,"Chemprop v2 (D-MPNN, ensemble=3)",Chemprop v2,test,197,CCC(CC)COC(C(=O)OCC[NH+](C)C)(c1ccccc1)c1ccccc1,7.1,6.6239142,
tdc_vdss_lombardo,"Chemprop v2 (D-MPNN, ensemble=3)",Chemprop v2,test,198,C[NH+](C)CCOC(c1ccccc1)c1ccccc1,6.5,11.851287,
tdc_vdss_lombardo,"Chemprop v2 (D-MPNN, ensemble=3)",Chemprop v2,test,199,CCc1nc2c(N)[nH+]c3ccccc3c2n1CCCCNS(C)(=O)=O,3.1,4.3437033,
tdc_vdss_lombardo,"Chemprop v2 (D-MPNN, ensemble=3)",Chemprop v2,test,200,N#Cc1ccc(C(c2ccc(C#N)cc2)n2cncn2)cc1,1.9,2.940258,
tdc_vdss_lombardo,"Chemprop v2 (D-MPNN, ensemble=3)",Chemprop v2,test,201,O=C1c2ccccc2S(=O)(=O)N1CCCC[NH2+]CC1CCc2ccccc2O1,0.21,4.6848464,
tdc_vdss_lombardo,"Chemprop v2 (D-MPNN, ensemble=3)",Chemprop v2,test,202,COc1ccc(CC2c3cc(OC)c(OC)cc3CC[N+]2(C)CCC(=O)OCCCCCOC(=O)CC[N+]2(C)CCc3cc(OC)c(OC)cc3C2Cc2ccc(OC)c(OC)c2)cc1OC,0.1,7.6255627,
tdc_vdss_lombardo,"Chemprop v2 (D-MPNN, ensemble=3)",Chemprop v2,test,203,COc1ccc(CC2c3cc(OC)c(OC)cc3CC[N+]2(C)CCC(=O)OCCCCCOC(=O)CC[N+]2(C)CCc3cc(OC)c(OC)cc3C2Cc2ccc(OC)c(OC)c2)cc1OC,0.14,7.625564,
tdc_vdss_lombardo,"Chemprop v2 (D-MPNN, ensemble=3)",Chemprop v2,test,204,CCC1(c2ccccc2)C(=O)NC(=O)NC1=O,0.54,2.818695,
tdc_vdss_lombardo,"Chemprop v2 (D-MPNN, ensemble=3)",Chemprop v2,test,205,NC(=O)c1csc(C2OC(CO)C(O)C2O)n1,1.1,3.666643,
tdc_vdss_lombardo,"Chemprop v2 (D-MPNN, ensemble=3)",Chemprop v2,test,206,CC1CC2C(C(O)CC3(C)C2CCC3(O)C(=O)CO)C2(C)C=CC(=O)C=C12,1.2,4.4435973,
tdc_vdss_lombardo,"Chemprop v2 (D-MPNN, ensemble=3)",Chemprop v2,test,207,CC1CC2C3CCC4=CC(=O)C=CC4(C)C3(F)C(O)CC2(C)C1(O)C(=O)CO,0.94,4.5094886,
tdc_vdss_lombardo,"Chemprop v2 (D-MPNN, ensemble=3)",Chemprop v2,test,208,CCC(=O)OCC(=O)C1(OC(=O)CC)C(C)CC2C3CCC4=CC(=O)C=CC4(C)C3(Cl)C(O)CC21C,0.29,3.8273766,
tdc_vdss_lombardo,"Chemprop v2 (D-MPNN, ensemble=3)",Chemprop v2,test,209,CCC(=O)OC1(C(=O)SCF)C(C)CC2C3CC(F)C4=CC(=O)C=CC4(C)C3(F)C(O)CC21C,3.6,3.9798114,
tdc_vdss_lombardo,"Chemprop v2 (D-MPNN, ensemble=3)",Chemprop v2,test,210,CC12C=CC(=O)C=C1CCC1C2C(O)CC2(C)C1CCC2(O)C(=O)CO,0.86,4.410162,
tdc_vdss_lombardo,"Chemprop v2 (D-MPNN, ensemble=3)",Chemprop v2,test,211,CC1CC2C3CCC4=CC(=O)C=CC4(C)C3(F)C(O)CC2(C)C1(O)C(=O)CO,1.3,4.5094886,
tdc_vdss_lombardo,"Chemprop v2 (D-MPNN, ensemble=3)",Chemprop v2,test,212,CC(=O)NC1C(NC(N)=[NH2+])C=C(C(=O)[O-])OC1C(O)C(O)CO,0.23,2.4314754,
tdc_vdss_lombardo,"Chemprop v2 (D-MPNN, ensemble=3)",Chemprop v2,test,213,CC(=O)OC12COC1CC(O)C1(C)C(=O)C(O)C3=C(C)C(OC(=O)C(O)C(NC(=O)OC(C)(C)C)c4ccccc4)CC(O)(C(OC(=O)c4ccccc4)C21)C3(C)C,2.1,4.7282734,
tdc_vdss_lombardo,"Chemprop v2 (D-MPNN, ensemble=3)",Chemprop v2,test,214,COC1C(=O)C2(C)C(OC)CC3OCC3(OC(C)=O)C2C(OC(=O)c2ccccc2)C2(O)CC(OC(=O)C(O)C(NC(=O)OC(C)(C)C)c3ccccc3)C(C)=C1C2(C)C,48.0,4.940146,
tdc_vdss_lombardo,"Chemprop v2 (D-MPNN, ensemble=3)",Chemprop v2,test,215,C#CC1(O)C(CO)OC(n2ccc(N)nc2=O)C1O,1.1,3.5266426,
tdc_vdss_lombardo,"Chemprop v2 (D-MPNN, ensemble=3)",Chemprop v2,test,216,Nc1ccn(C2OC(CO)C(O)C2(F)F)c(=O)n1,1.5,3.889283,
tdc_vdss_lombardo,"Chemprop v2 (D-MPNN, ensemble=3)",Chemprop v2,test,217,Nc1ccn(C2CCC(CO)O2)c(=O)n1,0.54,3.769431,
tdc_vdss_lombardo,"Chemprop v2 (D-MPNN, ensemble=3)",Chemprop v2,test,218,Nc1ccn(C2OC(CO)C(O)C2O)c(=O)n1,0.67,3.8168678,
tdc_vdss_lombardo,"Chemprop v2 (D-MPNN, ensemble=3)",Chemprop v2,test,219,COC(=O)C(c1ccccc1)C1CCCC[NH2+]1,2.65,3.9543502,
tdc_vdss_lombardo,"Chemprop v2 (D-MPNN, ensemble=3)",Chemprop v2,test,220,COC(=O)C(c1ccccc1)C1CCCC[NH2+]1,2.2,3.9543502,
tdc_vdss_lombardo,"Chemprop v2 (D-MPNN, ensemble=3)",Chemprop v2,test,221,O=C(CCC[NH+]1CC=C(n2c(=O)[nH]c3ccccc32)CC1)c1ccc(F)cc1,1.41,6.5180945,
tdc_vdss_lombardo,"Chemprop v2 (D-MPNN, ensemble=3)",Chemprop v2,test,222,C[NH+](C)CCc1c[nH]c2ccc(CC3COC(=O)N3)cc12,1.8,5.195604,
tdc_vdss_lombardo,"Chemprop v2 (D-MPNN, ensemble=3)",Chemprop v2,test,223,CSCC[C@H](N)C(=O)N[C@@H](CCC(=O)O)C(=O)N[C@@H](Cc1cnc[nH]1)C(=O)N[C@@H](Cc1ccccc1)C(=O)N[C@@H](CCCN=C(N)N)C(=O)N[C@@H](Cc1c[nH]c2ccccc12)C(=O)NCC(=O)O,0.73,2.1010702,
tdc_vdss_lombardo,"Chemprop v2 (D-MPNN, ensemble=3)",Chemprop v2,test,224,CC(O)C1C(=O)N2C(C(=O)[O-])=C(SC3Cn4cnc[n+]4C3)C(C)C12,0.2,2.996772,
tdc_vdss_lombardo,"Chemprop v2 (D-MPNN, ensemble=3)",Chemprop v2,test,225,CNC1C(OC2C(OC3C(O)C(O)C(NC(N)=[NH2+])C(O)C3NC(N)=[NH2+])OC(C)C2(O)C=O)OC(CO)C(O)C1O,0.34,4.0046406,
tdc_vdss_lombardo,"Chemprop v2 (CMPNN, ensemble=3)",Chemprop v2,train,0,O=S(=O)(O)c1cc(O)ccc1O,0.12,2.405916,
tdc_vdss_lombardo,"Chemprop v2 (CMPNN, ensemble=3)",Chemprop v2,train,1,Cc1cccc(C)c1NC(=O)C(C)[NH3+],1.8,3.4645045,
tdc_vdss_lombardo,"Chemprop v2 (CMPNN, ensemble=3)",Chemprop v2,train,2,CC(C)Cc1ccc(C(C)C(=O)[O-])cc1,0.15,3.5409968,
tdc_vdss_lombardo,"Chemprop v2 (CMPNN, ensemble=3)",Chemprop v2,train,3,CCCCCCC[NH+](CC)CCCC(O)c1ccc(NS(C)(=O)=O)cc1,12.0,12.264412,
tdc_vdss_lombardo,"Chemprop v2 (CMPNN, ensemble=3)",Chemprop v2,train,4,CCCCNC(=O)[N-]S(=O)(=O)c1ccc(C)cc1,0.12,2.5460212,
tdc_vdss_lombardo,"Chemprop v2 (CMPNN, ensemble=3)",Chemprop v2,train,5,O=C(/C=C/c1ccccc1)NCCO,0.11,3.3662407,
tdc_vdss_lombardo,"Chemprop v2 (CMPNN, ensemble=3)",Chemprop v2,train,6,CC(C)NCC(O)c1cc(O)cc(O)c1,6.03,7.186247,
tdc_vdss_lombardo,"Chemprop v2 (CMPNN, ensemble=3)",Chemprop v2,train,7,COC[C@@H](O)CN(C(C)=O)c1c(I)c(C(=O)NC[C@H](O)CO)c(I)c(C(=O)NC[C@H](O)CO)c1I,0.2,3.5932293,
tdc_vdss_lombardo,"Chemprop v2 (CMPNN, ensemble=3)",Chemprop v2,train,8,NC(=O)c1cccc(N)c1,1.9,3.3798122,
tdc_vdss_lombardo,"Chemprop v2 (CMPNN, ensemble=3)",Chemprop v2,train,9,CC(=O)N(CC(O)CO)c1c(I)c(C(=O)NCC(O)CO)c(I)c(C(=O)NCC(O)CO)c1I,0.16,4.3889375,
tdc_vdss_lombardo,"Chemprop v2 (CMPNN, ensemble=3)",Chemprop v2,train,10,CN(C(=O)CO)c1c(I)c(C(=O)NCC(O)CO)c(I)c(C(=O)NCC(O)CO)c1I,0.23,4.0296617,
tdc_vdss_lombardo,"Chemprop v2 (CMPNN, ensemble=3)",Chemprop v2,train,11,CC(O)C(=O)Nc1c(I)c(C(=O)NC(CO)CO)c(I)c(C(=O)NC(CO)CO)c1I,0.28,4.188875,
tdc_vdss_lombardo,"Chemprop v2 (CMPNN, ensemble=3)",Chemprop v2,train,12,COCC(=O)Nc1c(I)c(C(=O)NCC(O)CO)c(I)c(C(=O)N(C)CC(O)CO)c1I,0.22,3.7346966,
tdc_vdss_lombardo,"Chemprop v2 (CMPNN, ensemble=3)",Chemprop v2,train,13,CCCC(=O)Nc1ccc(OCC(O)C[NH2+]C(C)C)c(C(C)=O)c1,1.7,4.6280484,
tdc_vdss_lombardo,"Chemprop v2 (CMPNN, ensemble=3)",Chemprop v2,train,14,CC[NH+](CC)CCNC(=O)c1ccc(NC(C)=O)cc1,1.9,7.694182,
tdc_vdss_lombardo,"Chemprop v2 (CMPNN, ensemble=3)",Chemprop v2,train,15,CNC(=O)c1c(I)c(NC(C)=O)c(I)c(C(=O)[O-])c1I,0.17,2.4644215,
tdc_vdss_lombardo,"Chemprop v2 (CMPNN, ensemble=3)",Chemprop v2,train,16,CC(=O)Nc1ccc(O)cc1,1.0,3.2314472,
tdc_vdss_lombardo,"Chemprop v2 (CMPNN, ensemble=3)",Chemprop v2,train,17,Nc1cccc(N)c1N,5.1,5.218219,
tdc_vdss_lombardo,"Chemprop v2 (CMPNN, ensemble=3)",Chemprop v2,train,18,CC(=O)Oc1ccccc1C(=O)[O-],0.22,2.382676,
tdc_vdss_lombardo,"Chemprop v2 (CMPNN, ensemble=3)",Chemprop v2,train,19,CC(C)[NH2+]CC(O)c1ccc(O)c(O)c1,1.5,6.8290544,
tdc_vdss_lombardo,"Chemprop v2 (CMPNN, ensemble=3)",Chemprop v2,train,20,CC(C)(C)[NH2+]CC(O)c1ccc(O)c(CO)c1,1.9,6.1784024,
tdc_vdss_lombardo,"Chemprop v2 (CMPNN, ensemble=3)",Chemprop v2,train,21,CC(C)CC(NC(=O)CNC(=O)c1cc(Cl)ccc1Cl)B(O)O,3.61,3.3486893,
tdc_vdss_lombardo,"Chemprop v2 (CMPNN, ensemble=3)",Chemprop v2,train,22,CCCS(=O)CCC[NH+](CC)CC(O)COc1ccc(C#N)cc1,1.8,7.5197544,
tdc_vdss_lombardo,"Chemprop v2 (CMPNN, ensemble=3)",Chemprop v2,train,23,C=CCc1ccccc1OCC(O)C[NH2+]C(C)C,3.2,6.384436,
tdc_vdss_lombardo,"Chemprop v2 (CMPNN, ensemble=3)",Chemprop v2,train,24,COCC(NC(C)=O)C(=O)NCc1ccccc1,0.58,2.7150276,
tdc_vdss_lombardo,"Chemprop v2 (CMPNN, ensemble=3)",Chemprop v2,train,25,O=C(CCCCCCC(=O)Nc1ccccc1)NO,0.5,4.328654,
tdc_vdss_lombardo,"Chemprop v2 (CMPNN, ensemble=3)",Chemprop v2,train,26,Nc1ccc(O)c(C(=O)[O-])c1,0.33,2.871826,
tdc_vdss_lombardo,"Chemprop v2 (CMPNN, ensemble=3)",Chemprop v2,train,27,C/C([O-])=C(/C#N)C(=O)Nc1ccc(C(F)(F)F)cc1,0.13,2.4018006,
tdc_vdss_lombardo,"Chemprop v2 (CMPNN, ensemble=3)",Chemprop v2,train,28,CC([NH3+])Cc1ccccc1,6.1,17.67991,
tdc_vdss_lombardo,"Chemprop v2 (CMPNN, ensemble=3)",Chemprop v2,train,29,[NH3+]C(Cc1ccc(O)c(O)c1)C(=O)[O-],1.7,2.8217227,
tdc_vdss_lombardo,"Chemprop v2 (CMPNN, ensemble=3)",Chemprop v2,train,30,CC[NH+](CC)CC(=O)Nc1c(C)cccc1C,1.8,7.7679315,
tdc_vdss_lombardo,"Chemprop v2 (CMPNN, ensemble=3)",Chemprop v2,train,31,CC(Cc1ccccc1)NC(=O)C([NH3+])CCCC[NH3+],0.6,6.391415,
tdc_vdss_lombardo,"Chemprop v2 (CMPNN, ensemble=3)",Chemprop v2,train,32,C/C=C/c1cc(OC)c(OC)cc1OC,1.0,3.9479334,
tdc_vdss_lombardo,"Chemprop v2 (CMPNN, ensemble=3)",Chemprop v2,train,33,CC(C)[NH2+]CC(O)COc1ccc(CC(N)=O)cc1,0.95,4.7053456,
tdc_vdss_lombardo,"Chemprop v2 (CMPNN, ensemble=3)",Chemprop v2,train,34,CCCCCN(CCCOC)C(=O)C(CCC(=O)[O-])NC(=O)c1ccc(Cl)c(Cl)c1,0.24,3.635256,
tdc_vdss_lombardo,"Chemprop v2 (CMPNN, ensemble=3)",Chemprop v2,train,35,[NH3+]CC(CC(=O)[O-])c1ccc(Cl)cc1,0.65,3.3618746,
tdc_vdss_lombardo,"Chemprop v2 (CMPNN, ensemble=3)",Chemprop v2,train,36,CN(C)C(=O)Oc1cc(OC(=O)N(C)C)cc(C(O)C[NH2+]C(C)(C)C)c1,1.6,3.16078,
tdc_vdss_lombardo,"Chemprop v2 (CMPNN, ensemble=3)",Chemprop v2,train,37,[NH3+]C(Cc1ccc(N(CCCl)CCCl)cc1)C(=O)[O-],0.48,3.0303028,
tdc_vdss_lombardo,"Chemprop v2 (CMPNN, ensemble=3)",Chemprop v2,train,38,O=C([O-])CCNC(=O)c1ccccc1,0.28,2.4943964,
tdc_vdss_lombardo,"Chemprop v2 (CMPNN, ensemble=3)",Chemprop v2,train,39,C[NH2+]C(C)Cc1ccccc1,4.3,23.510649,
tdc_vdss_lombardo,"Chemprop v2 (CMPNN, ensemble=3)",Chemprop v2,train,40,CC([NH3+])(Cc1ccc(O)c(O)c1)C(=O)[O-],0.69,3.1061127,
tdc_vdss_lombardo,"Chemprop v2 (CMPNN, ensemble=3)",Chemprop v2,train,41,CC(C)[NH2+]CC(O)COc1ccc(COCCOC(C)C)cc1,2.4,6.347708,
tdc_vdss_lombardo,"Chemprop v2 (CMPNN, ensemble=3)",Chemprop v2,train,42,CC[NH+](CC)CCNC(=O)c1cc(Cl)c(N)cc1OC,3.2,8.342917,
tdc_vdss_lombardo,"Chemprop v2 (CMPNN, ensemble=3)",Chemprop v2,train,43,COCCc1ccc(OCC(O)C[NH2+]C(C)C)cc1,3.1,6.29339,
tdc_vdss_lombardo,"Chemprop v2 (CMPNN, ensemble=3)",Chemprop v2,train,44,CC(=O)Nc1c(I)c(C(=O)[O-])c(I)c(N(C)C(C)=O)c1I,0.17,2.3667877,
tdc_vdss_lombardo,"Chemprop v2 (CMPNN, ensemble=3)",Chemprop v2,train,45,CC[NH+](CC)CCNC(=O)c1cc(Br)c(N)cc1OC,3.1,8.253038,
tdc_vdss_lombardo,"Chemprop v2 (CMPNN, ensemble=3)",Chemprop v2,train,46,Cc1cccc(C)c1OCC(C)[NH3+],5.9,5.307291,
tdc_vdss_lombardo,"Chemprop v2 (CMPNN, ensemble=3)",Chemprop v2,train,47,COc1ccc(OC)c(C(O)CNC(=O)C[NH3+])c1,0.67,3.2719707,
tdc_vdss_lombardo,"Chemprop v2 (CMPNN, ensemble=3)",Chemprop v2,train,48,CN(C)N=Nc1ccc(C(=O)[O-])cc1,0.25,2.512653,
tdc_vdss_lombardo,"Chemprop v2 (CMPNN, ensemble=3)",Chemprop v2,train,49,CN(C)C(=O)Oc1cccc([N+](C)(C)C)c1,0.74,3.1386344,
tdc_vdss_lombardo,"Chemprop v2 (CMPNN, ensemble=3)",Chemprop v2,train,50,O=C([O-])CCCc1ccc(N(CCCl)CCCl)cc1,0.26,3.174984,
tdc_vdss_lombardo,"Chemprop v2 (CMPNN, ensemble=3)",Chemprop v2,train,51,O=C(NC(CO)C(O)c1ccc([N+](=O)[O-])cc1)C(Cl)Cl,0.94,3.0325298,
tdc_vdss_lombardo,"Chemprop v2 (CMPNN, ensemble=3)",Chemprop v2,train,52,CCCNC(=O)[N-]S(=O)(=O)c1ccc(Cl)cc1,0.19,2.0012667,
tdc_vdss_lombardo,"Chemprop v2 (CMPNN, ensemble=3)",Chemprop v2,train,53,C=CCOc1ccccc1OCC(O)C[NH2+]C(C)C,0.72,5.6842213,
tdc_vdss_lombardo,"Chemprop v2 (CMPNN, ensemble=3)",Chemprop v2,train,54,CCOc1ccc(NC(C)=O)cc1,1.4,3.1222897,
tdc_vdss_lombardo,"Chemprop v2 (CMPNN, ensemble=3)",Chemprop v2,train,55,Cc1cc(OCC(O)C[NH2+]C(C)C)c(C)c(C)c1O,3.6,6.854323,
tdc_vdss_lombardo,"Chemprop v2 (CMPNN, ensemble=3)",Chemprop v2,train,56,CS(=O)(=O)OCCN(CCBr)c1c(C(=O)NCCOP(=O)([O-])[O-])cc([N+](=O)[O-])cc1[N+](=O)[O-],0.86,-0.62031174,
tdc_vdss_lombardo,"Chemprop v2 (CMPNN, ensemble=3)",Chemprop v2,train,57,CC[NH2+]C(C)Cc1cccc(C(F)(F)F)c1,11.0,6.626158,
tdc_vdss_lombardo,"Chemprop v2 (CMPNN, ensemble=3)",Chemprop v2,train,58,CCCCCN(CCCOC)C(=O)C(CCC(=O)[O-])NC(=O)c1ccc(Cl)c(Cl)c1,0.18,3.635256,
tdc_vdss_lombardo,"Chemprop v2 (CMPNN, ensemble=3)",Chemprop v2,train,59,CC(=O)Nc1c(I)c(NC(C)=O)c(I)c(C(=O)[O-])c1I,0.26,2.4583561,
tdc_vdss_lombardo,"Chemprop v2 (CMPNN, ensemble=3)",Chemprop v2,train,60,CC(C)[NH2+]CC(O)COc1ccc(O)cc1,4.28,6.187343,
tdc_vdss_lombardo,"Chemprop v2 (CMPNN, ensemble=3)",Chemprop v2,train,61,CCC[NH2+]C(C)C(=O)Nc1ccccc1C,3.7,4.6396794,
tdc_vdss_lombardo,"Chemprop v2 (CMPNN, ensemble=3)",Chemprop v2,train,62,CCCN(CCC)S(=O)(=O)c1ccc(C(=O)[O-])cc1,0.13,2.5041478,
tdc_vdss_lombardo,"Chemprop v2 (CMPNN, ensemble=3)",Chemprop v2,train,63,CC[NH+](CC)CCNC(=O)c1ccc(N)cc1,2.2,10.293608,
tdc_vdss_lombardo,"Chemprop v2 (CMPNN, ensemble=3)",Chemprop v2,train,64,CC(C)c1cccc(C(C)C)c1O,4.7,5.638941,
tdc_vdss_lombardo,"Chemprop v2 (CMPNN, ensemble=3)",Chemprop v2,train,65,CC(C)(C)/[N+]([O-])=C/c1ccc(S(=O)(=O)[O-])cc1S(=O)(=O)[O-],0.18,0.53725594,
tdc_vdss_lombardo,"Chemprop v2 (CMPNN, ensemble=3)",Chemprop v2,train,66,[NH3+]CCc1ccc(O)c(O)c1,0.74,5.726746,
tdc_vdss_lombardo,"Chemprop v2 (CMPNN, ensemble=3)",Chemprop v2,train,67,Cc1cccc(C)c1NC(=O)NCCC[NH2+]C(C)C,1.4,5.743059,
tdc_vdss_lombardo,"Chemprop v2 (CMPNN, ensemble=3)",Chemprop v2,train,68,CC[N+](C)(C)c1cccc(O)c1,1.1,4.5365014,
tdc_vdss_lombardo,"Chemprop v2 (CMPNN, ensemble=3)",Chemprop v2,train,69,CCN(C)C(=O)Oc1cccc(C(C)[NH+](C)C)c1,1.3,4.659158,
tdc_vdss_lombardo,"Chemprop v2 (CMPNN, ensemble=3)",Chemprop v2,train,70,CCN(CC)C(=O)/C(C#N)=C/c1cc(O)c([O-])c([N+](=O)[O-])c1,0.27,1.6375508,
tdc_vdss_lombardo,"Chemprop v2 (CMPNN, ensemble=3)",Chemprop v2,train,71,COC(=O)CCc1ccc(OCC(O)C[NH2+]C(C)C)cc1,1.2,4.368974,
tdc_vdss_lombardo,"Chemprop v2 (CMPNN, ensemble=3)",Chemprop v2,train,72,C=C(CC)C(=O)c1ccc(OCC(=O)[O-])c(Cl)c1Cl,0.26,2.6007917,
tdc_vdss_lombardo,"Chemprop v2 (CMPNN, ensemble=3)",Chemprop v2,train,73,CC[NH+](CC)CCNC(=O)c1ccc(NS(C)(=O)=O)cc1,0.82,6.1792607,
tdc_vdss_lombardo,"Chemprop v2 (CMPNN, ensemble=3)",Chemprop v2,train,74,CC[NH2+]CC(O)c1cccc(O)c1,2.1,7.880999,
tdc_vdss_lombardo,"Chemprop v2 (CMPNN, ensemble=3)",Chemprop v2,train,75,CC(C)[NH2+]CC(O)c1ccc(NS(C)(=O)=O)cc1,1.3,3.8298132,
tdc_vdss_lombardo,"Chemprop v2 (CMPNN, ensemble=3)",Chemprop v2,train,76,CCCCCCCCc1ccc(CCC([NH3+])(CO)CO)cc1,17.3,15.301949,
tdc_vdss_lombardo,"Chemprop v2 (CMPNN, ensemble=3)",Chemprop v2,train,77,C#CCCCC(=O)c1cc(C(C)(C)C)c(O)c(C(C)(C)C)c1,12.0,4.5313396,
tdc_vdss_lombardo,"Chemprop v2 (CMPNN, ensemble=3)",Chemprop v2,train,78,CC(C)(C)[NH2+]CC(O)c1cc(O)cc(O)c1,1.5,6.063028,
tdc_vdss_lombardo,"Chemprop v2 (CMPNN, ensemble=3)",Chemprop v2,train,79,C/C([O-])=C(\C#N)C(=O)Nc1ccc(C(F)(F)F)cc1,0.16,2.4325526,
tdc_vdss_lombardo,"Chemprop v2 (CMPNN, ensemble=3)",Chemprop v2,train,80,[NH3+]C(CCC(=O)NC(Cc1ccc(O)c(O)c1)C(=O)[O-])C(=O)[O-],0.21,1.9572663,
tdc_vdss_lombardo,"Chemprop v2 (CMPNN, ensemble=3)",Chemprop v2,train,81,CS(=O)(=O)c1ccc(C(O)C(COC(=O)C[NH3+])NC(=O)C(Cl)Cl)cc1,0.13,2.0433419,
tdc_vdss_lombardo,"Chemprop v2 (CMPNN, ensemble=3)",Chemprop v2,train,82,CC[NH+](CC)CCNC(=O)c1cc(S(C)(=O)=O)ccc1OC,1.1,6.301226,
tdc_vdss_lombardo,"Chemprop v2 (CMPNN, ensemble=3)",Chemprop v2,train,83,NC(=[NH2+])NC(=O)Cc1c(Cl)cccc1Cl,5.6,3.0431957,
tdc_vdss_lombardo,"Chemprop v2 (CMPNN, ensemble=3)",Chemprop v2,train,84,O=P([O-])([O-])C(Sc1ccc(Cl)cc1)P(=O)([O-])O,0.23,0.9313705,
tdc_vdss_lombardo,"Chemprop v2 (CMPNN, ensemble=3)",Chemprop v2,train,85,Cc1cnc(C(=O)NCCc2ccc(S(=O)(=O)[N-]C(=O)NC3CCCCC3)cc2)cn1,0.16,2.8055973,
tdc_vdss_lombardo,"Chemprop v2 (CMPNN, ensemble=3)",Chemprop v2,train,86,NS(=O)(=O)c1ccc(S(=O)(=O)Nc2cccc3c(Cl)c[nH]c23)cc1,0.68,1.7297512,
tdc_vdss_lombardo,"Chemprop v2 (CMPNN, ensemble=3)",Chemprop v2,train,87,[NH3+]CCNc1ccc(NCC[NH3+])c2c1C(=O)c1ccncc1C2=O,10.1,6.9764752,
tdc_vdss_lombardo,"Chemprop v2 (CMPNN, ensemble=3)",Chemprop v2,train,88,Nc1ccc(S(=O)(=O)c2ccc(N)cc2)cc1,0.83,2.7054918,
tdc_vdss_lombardo,"Chemprop v2 (CMPNN, ensemble=3)",Chemprop v2,train,89,Nc1ccn(C2CSC(CO)O2)c(=O)n1,1.3,3.463271,
tdc_vdss_lombardo,"Chemprop v2 (CMPNN, ensemble=3)",Chemprop v2,train,90,CC(=O)NC(Cc1ccc2ccccc2c1)C(=O)NC(Cc1ccc(Cl)cc1)C(=O)NC(Cc1cccnc1)C(=O)NC(CO)C(=O)NC(Cc1ccc(O)cc1)C(=O)NC(CCCNC(N)=O)C(=O)NC(CC(C)C)C(=O)NC(CCCNC(N)=[NH2+])C(=O)N1CCCC1C(=O)NC(C)C(N)=O,0.39,2.4011517,
tdc_vdss_lombardo,"Chemprop v2 (CMPNN, ensemble=3)",Chemprop v2,train,91,O=C(Nc1c(Cl)cncc1Cl)c1ccc(OC(F)F)c(OCC2CC2)c1,1.92,3.7940238,
tdc_vdss_lombardo,"Chemprop v2 (CMPNN, ensemble=3)",Chemprop v2,train,92,[NH3+]C1CN(c2c(F)cc3c(=O)c(C(=O)[O-])cn(C4CC4F)c3c2Cl)CC12CC2,1.5,4.849632,
tdc_vdss_lombardo,"Chemprop v2 (CMPNN, ensemble=3)",Chemprop v2,train,93,C[C@H](C1=C(CC[NH+](C)C)Cc2ccccc21)c1ccccn1,2.16,8.594929,
tdc_vdss_lombardo,"Chemprop v2 (CMPNN, ensemble=3)",Chemprop v2,train,94,COc1ccccc1Oc1c([N-]S(=O)(=O)c2ccc(C)cn2)nc(-c2ccncc2)nc1OC,0.27,1.6916407,
tdc_vdss_lombardo,"Chemprop v2 (CMPNN, ensemble=3)",Chemprop v2,train,95,CCCc1cc(=O)[nH]c(=S)[nH]1,0.34,3.5064461,
tdc_vdss_lombardo,"Chemprop v2 (CMPNN, ensemble=3)",Chemprop v2,train,96,CNS(=O)(=O)Cc1ccc2[nH]cc(CC[NH+](C)C)c2c1,1.7,5.026765,
tdc_vdss_lombardo,"Chemprop v2 (CMPNN, ensemble=3)",Chemprop v2,train,97,CC(C)[NH2+]CC(O)COc1cccc2[nH]ccc12,1.2,7.102117,
tdc_vdss_lombardo,"Chemprop v2 (CMPNN, ensemble=3)",Chemprop v2,train,98,CCCCCNC(=[NH2+])N/N=C/c1c[nH]c2ccc(OC)cc12,5.3,5.1069484,
tdc_vdss_lombardo,"Chemprop v2 (CMPNN, ensemble=3)",Chemprop v2,train,99,COc1ccc2[nH]cc(CCNC(C)=O)c2c1,1.1,3.583728,
tdc_vdss_lombardo,"Chemprop v2 (CMPNN, ensemble=3)",Chemprop v2,train,100,N#Cc1ccc(Cn2cncc2CN2CCN(c3cccc(Cl)c3)C(=O)C2)cc1,0.8,3.42687,
tdc_vdss_lombardo,"Chemprop v2 (CMPNN, ensemble=3)",Chemprop v2,train,101,COc1cc(CC2c3c(cc(OC)c(OC)c3OC)CC[N+]2(C)CCCOC(=O)CCC(=O)OCCC[N+]2(C)CCc3cc(OC)c(OC)c(OC)c3C2Cc2cc(OC)c(OC)c(OC)c2)cc(OC)c1OC,0.22,4.3352323,
tdc_vdss_lombardo,"Chemprop v2 (CMPNN, ensemble=3)",Chemprop v2,train,102,COc1ccc(C[NH2+]CC(O)COc2ccc3[nH]c(=O)ccc3c2)cc1OC,1.6,5.618016,
tdc_vdss_lombardo,"Chemprop v2 (CMPNN, ensemble=3)",Chemprop v2,train,103,COc1cc2ncnc(Nc3ccc(F)c(Cl)c3)c2cc1OCCC[NH+]1CCOCC1,23.0,7.9156556,
tdc_vdss_lombardo,"Chemprop v2 (CMPNN, ensemble=3)",Chemprop v2,train,104,NC(=[NH2+])NCCCNC(=O)C1CCCCN1C(=O)C(CC1CCCCC1)[NH2+]CC(=O)[O-],0.26,4.804395,
tdc_vdss_lombardo,"Chemprop v2 (CMPNN, ensemble=3)",Chemprop v2,train,105,Nc1ncnc2c1ncn2CCOCP(=O)([O-])[O-],0.42,2.1019342,
tdc_vdss_lombardo,"Chemprop v2 (CMPNN, ensemble=3)",Chemprop v2,train,106,CC(Cn1cnc2c(N)ncnc21)OCP(=O)([O-])[O-],0.83,2.1556704,
tdc_vdss_lombardo,"Chemprop v2 (CMPNN, ensemble=3)",Chemprop v2,train,107,NS(=O)(=O)c1cc(C(=O)[O-])cc(N2CCCC2)c1Oc1ccccc1,0.17,2.2659285,
tdc_vdss_lombardo,"Chemprop v2 (CMPNN, ensemble=3)",Chemprop v2,train,108,C[NH+]1CCC23c4c5ccc(O)c4OC2C(OC2OC(C(=O)[O-])C(O)C(O)C2O)C=CC3C1C5,0.12,5.046738,
tdc_vdss_lombardo,"Chemprop v2 (CMPNN, ensemble=3)",Chemprop v2,train,109,COc1ccc2c(c1)c(CC(=O)[O-])c(C)n2C(=O)c1ccc(Cl)cc1,0.1,2.956979,
tdc_vdss_lombardo,"Chemprop v2 (CMPNN, ensemble=3)",Chemprop v2,train,110,Nc1nc2[nH]cnc2c(=S)[nH]1,2.89,3.3427217,
tdc_vdss_lombardo,"Chemprop v2 (CMPNN, ensemble=3)",Chemprop v2,train,111,S=c1[nH]cnc2[nH]cnc12,1.0,3.3488033,
tdc_vdss_lombardo,"Chemprop v2 (CMPNN, ensemble=3)",Chemprop v2,train,112,[NH3+]C(CC(=O)N1CCn2c(nnc2C(F)(F)F)C1)Cc1cc(F)c(F)cc1F,2.8,4.018246,
tdc_vdss_lombardo,"Chemprop v2 (CMPNN, ensemble=3)",Chemprop v2,train,113,CC(=O)CC(c1ccccc1)c1c([O-])c2ccccc2oc1=O,0.13,3.1840162,
tdc_vdss_lombardo,"Chemprop v2 (CMPNN, ensemble=3)",Chemprop v2,train,114,CCC(c1ccccc1)c1c([O-])c2ccccc2oc1=O,0.2,3.891371,
tdc_vdss_lombardo,"Chemprop v2 (CMPNN, ensemble=3)",Chemprop v2,train,115,CC(=O)CC(c1ccc([N+](=O)[O-])cc1)c1c([O-])c2ccccc2oc1=O,0.24,2.541969,
tdc_vdss_lombardo,"Chemprop v2 (CMPNN, ensemble=3)",Chemprop v2,train,116,CC1OC(OC2C(O)CC(OC3C(O)CC(OC4CCC5(C)C(CCC6C5CC(O)C5(C)C(C7=CC(=O)OC7)CCC65O)C4)OC3C)OC2C)CC(O)C1O,4.1,2.53641,
tdc_vdss_lombardo,"Chemprop v2 (CMPNN, ensemble=3)",Chemprop v2,train,117,CC(=O)O[C@H]1C[C@]2(O)[C@H]3CC[C@H]4C[C@H](O[C@H]5C[C@@H](O)[C@@H](O[C@H]6C[C@@H](O)[C@@H](O[C@H]7C[C@@H](O)[C@@H](O)[C@H](C)O7)[C@H](C)O6)[C@H](C)O5)CC[C@@]4(C)[C@H]3CC[C@]2(C)[C@H]1C1=CC(=O)OC1,0.78,0.27902627,
tdc_vdss_lombardo,"Chemprop v2 (CMPNN, ensemble=3)",Chemprop v2,train,118,CC1OC(OC2C(O)CC(OC3C(O)CC(OC4CCC5(C)C(CCC6C5CCC5(C)C(C7=CC(=O)OC7)CCC65O)C4)OC3C)OC2C)CC(O)C1O,0.44,2.767773,
tdc_vdss_lombardo,"Chemprop v2 (CMPNN, ensemble=3)",Chemprop v2,train,119,O=C1C([O-])=C(C2CCC(c3ccc(Cl)cc3)CC2)C(=O)c2ccccc21,0.6,3.7207463,
tdc_vdss_lombardo,"Chemprop v2 (CMPNN, ensemble=3)",Chemprop v2,train,120,CCO/N=C(/C(=O)NC1C(=O)N2C(C(=O)[O-])=C(Sc3nc(-c4cc[n+](C)cc4)cs3)CSC12)c1nsc(NP(=O)([O-])O)n1,0.53,0.36622915,
tdc_vdss_lombardo,"Chemprop v2 (CMPNN, ensemble=3)",Chemprop v2,train,121,C[NH+]1CCC(c2c([O-])cc(O)c3c(=O)cc(-c4ccccc4Cl)oc23)C(O)C1,1.5,7.363867,
tdc_vdss_lombardo,"Chemprop v2 (CMPNN, ensemble=3)",Chemprop v2,train,122,CC1CCN(C(=O)CC#N)CC1N(C)c1ncnc2[nH]ccc12,1.24,3.4254773,
tdc_vdss_lombardo,"Chemprop v2 (CMPNN, ensemble=3)",Chemprop v2,train,123,C[NH+](C)C1C([O-])=C(C(N)=O)C(=O)C2(O)C(O)=C3C(=O)c4c(O)cccc4C(C)(O)C3C(O)C12,1.7,5.2726283,
tdc_vdss_lombardo,"Chemprop v2 (CMPNN, ensemble=3)",Chemprop v2,train,124,C[NH+](C)C1C([O-])=C(C(N)=O)C(=O)C2(O)C(O)=C3C(=O)c4c(O)cccc4C(C)(O)C3CC12,1.2,5.2580895,
tdc_vdss_lombardo,"Chemprop v2 (CMPNN, ensemble=3)",Chemprop v2,train,125,CC1c2cccc(O)c2C(=O)C2=C(O)C3(O)C(=O)C(C(N)=O)=C([O-])C([NH+](C)C)C3C(O)C21,0.69,4.8718925,
tdc_vdss_lombardo,"Chemprop v2 (CMPNN, ensemble=3)",Chemprop v2,train,126,CN(C)c1ccc(O)c2c1CC1CC3C([NH+](C)C)C([O-])=C(C(N)=O)C(=O)C3(O)C(O)=C1C2=O,1.6,4.8053565,
tdc_vdss_lombardo,"Chemprop v2 (CMPNN, ensemble=3)",Chemprop v2,train,127,C[NH+](C)C1C([O-])=C(C(N)=O)C(=O)C2(O)C([O-])=C3C(=O)c4c(O)ccc(Cl)c4C(C)(O)C3CC12,0.9,5.0616984,
tdc_vdss_lombardo,"Chemprop v2 (CMPNN, ensemble=3)",Chemprop v2,train,128,C[NH+](C)C1C([O-])=C(C(N)=O)C(=O)C2(O)C([O-])=C3C(=O)c4c(O)ccc(Cl)c4C(O)C3CC12,1.3,4.589084,
tdc_vdss_lombardo,"Chemprop v2 (CMPNN, ensemble=3)",Chemprop v2,train,129,CN(C)c1cc(NC(=O)C[NH2+]C(C)(C)C)c(O)c2c1CC1CC3C([NH+](C)C)C([O-])=C(C(N)=O)C(=O)C3(O)C(O)=C1C2=O,12.0,5.126327,
tdc_vdss_lombardo,"Chemprop v2 (CMPNN, ensemble=3)",Chemprop v2,train,130,O=C(NC1CC[NH+](CCCCC2(C(=O)NCC(F)(F)F)c3ccccc3-c3ccccc32)CC1)c1ccccc1-c1ccc(C(F)(F)F)cc1,16.3,9.232982,
tdc_vdss_lombardo,"Chemprop v2 (CMPNN, ensemble=3)",Chemprop v2,train,131,[NH3+]C1C2CN(c3nc4c(cc3F)c(=O)c(C(=O)[O-])cn4-c3ccc(F)cc3F)CC12,1.3,4.17228,
tdc_vdss_lombardo,"Chemprop v2 (CMPNN, ensemble=3)",Chemprop v2,train,132,CC(c1nc(-c2ccc(C#N)cc2)cs1)C(O)(Cn1cncn1)c1cc(F)ccc1F,5.37,3.975254,
tdc_vdss_lombardo,"Chemprop v2 (CMPNN, ensemble=3)",Chemprop v2,train,133,CC(CCc1ccc2c(c1)OCO2)[NH2+]CC(O)c1ccc(O)c(C(N)=O)c1,7.9,5.946049,
tdc_vdss_lombardo,"Chemprop v2 (CMPNN, ensemble=3)",Chemprop v2,train,134,Cc1ccc(S(=O)(=O)NC(=O)N[C@H]2[C@H]3CC[C@@](C)([C@H]2O)C3(C)C)cc1,0.27,2.6777103,
tdc_vdss_lombardo,"Chemprop v2 (CMPNN, ensemble=3)",Chemprop v2,train,135,CC(Oc1ccccc1)C(=O)NC1C(=O)N2C1SC(C)(C)C2C(=O)[O-],0.3,2.870039,
tdc_vdss_lombardo,"Chemprop v2 (CMPNN, ensemble=3)",Chemprop v2,train,136,CC1(C)SC2C(NC(=O)COc3ccccc3)C(=O)N2C1C(=O)[O-],0.41,2.9139118,
tdc_vdss_lombardo,"Chemprop v2 (CMPNN, ensemble=3)",Chemprop v2,train,137,CC1OC(OC2C(O)CC(OC3CC(O)(C(=O)CO)Cc4c(O)c5c(c(O)c43)C(=O)c3ccccc3C5=O)OC2C)CC([NH3+])C1O,2.4,6.8131843,
tdc_vdss_lombardo,"Chemprop v2 (CMPNN, ensemble=3)",Chemprop v2,train,138,COc1cccc2c1C(=O)c1c(O)c3c(c(O)c1C2=O)CC(O)(C(=O)CO)CC3OC1CC([NH3+])C(OC2CCCCO2)C(C)O1,43.2,6.8314004,
tdc_vdss_lombardo,"Chemprop v2 (CMPNN, ensemble=3)",Chemprop v2,train,139,CC1(C)SC2C(NC(=O)C(c3ccccc3)S(=O)(=O)[O-])C(=O)N2C1C(=O)[O-],0.15,1.6221765,
tdc_vdss_lombardo,"Chemprop v2 (CMPNN, ensemble=3)",Chemprop v2,train,140,CC1(C)SC2C(NC(=O)C(NC(=O)NC(N)=[NH2+])c3ccccc3)C(=O)N2C1C(=O)[O-],0.24,2.4614556,
tdc_vdss_lombardo,"Chemprop v2 (CMPNN, ensemble=3)",Chemprop v2,train,141,CNC(=O)C[C@@H](N)C(=O)N[C@@H](C(=O)N[C@H]1C(=O)N2[C@@H]1SC(C)(C)[C@@H]2C(=O)O)c1ccc(O)cc1,0.27,2.5877128,
tdc_vdss_lombardo,"Chemprop v2 (CMPNN, ensemble=3)",Chemprop v2,train,142,CC1(C)SC2C(NC(=O)C(C(=O)[O-])c3ccccc3)C(=O)N2C1C(=O)[O-],0.17,2.426136,
tdc_vdss_lombardo,"Chemprop v2 (CMPNN, ensemble=3)",Chemprop v2,train,143,CC1(C)SC2C(NC(=O)C([NH3+])c3ccc(O)cc3)C(=O)N2C1C(=O)[O-],0.25,3.1550152,
tdc_vdss_lombardo,"Chemprop v2 (CMPNN, ensemble=3)",Chemprop v2,train,144,CC1(C)SC2C(NC(=O)Cc3ccccc3)C(=O)N2C1C(=O)[O-],0.24,3.0603335,
tdc_vdss_lombardo,"Chemprop v2 (CMPNN, ensemble=3)",Chemprop v2,train,145,CC1(C)SC2C(NC(=O)C([NH3+])c3ccccc3)C(=O)N2C1C(=O)[O-],0.22,3.0940115,
tdc_vdss_lombardo,"Chemprop v2 (CMPNN, ensemble=3)",Chemprop v2,train,146,Clc1ccc2nsnc2c1NC1=[NH+]CCN1,2.4,3.5340977,
tdc_vdss_lombardo,"Chemprop v2 (CMPNN, ensemble=3)",Chemprop v2,train,147,Cn1nnnc1SCC1=C(C(=O)O)N2C(=O)[C@@H](NC(=O)/C(=N/OCC(=O)O)c3cc[nH]n3)[C@H]2SC1,0.22,1.2243782,
tdc_vdss_lombardo,"Chemprop v2 (CMPNN, ensemble=3)",Chemprop v2,train,148,COc1cc(OC)c(/C=C/S(=O)(=O)Cc2ccc(OC)c(NCC(=O)[O-])c2)c(OC)c1,0.11,1.6348814,
tdc_vdss_lombardo,"Chemprop v2 (CMPNN, ensemble=3)",Chemprop v2,train,149,CC[NH+](CC)CCOC(=O)C(Cc1cccc2ccccc12)CC1CCCO1,0.98,7.7499976,
tdc_vdss_lombardo,"Chemprop v2 (CMPNN, ensemble=3)",Chemprop v2,train,150,O=C1c2c(O)ccc(O)c2C(=O)c2c(NCC[NH2+]CCO)ccc(NCC[NH2+]CCO)c21,12.0,11.235085,
tdc_vdss_lombardo,"Chemprop v2 (CMPNN, ensemble=3)",Chemprop v2,train,151,CC(C)(C)NC(=O)C1CCC2C3CCC4NC(=O)C=CC4(C)C3CCC12C,1.1,2.6488645,
tdc_vdss_lombardo,"Chemprop v2 (CMPNN, ensemble=3)",Chemprop v2,train,152,O=C([O-])c1cc(N=Nc2ccc(O)c(C(=O)[O-])c2)ccc1O,0.07,2.2828267,
tdc_vdss_lombardo,"Chemprop v2 (CMPNN, ensemble=3)",Chemprop v2,train,153,O=C1CCC(N2C(=O)c3ccccc3C2=O)C(=O)N1,0.95,2.6600397,
tdc_vdss_lombardo,"Chemprop v2 (CMPNN, ensemble=3)",Chemprop v2,train,154,COCCN1CC[NH+](Cc2ccc(-c3n[nH]c4c3C(=O)c3c(NC(=O)NN5CCOCC5)cccc3-4)cc2)CC1,5.9,6.847801,
tdc_vdss_lombardo,"Chemprop v2 (CMPNN, ensemble=3)",Chemprop v2,train,155,COc1ccc(CC[NH+](C)CCCC(C#N)(c2ccc(OC)c(OC)c2)C(C)C)cc1OC,3.7,7.5018387,
tdc_vdss_lombardo,"Chemprop v2 (CMPNN, ensemble=3)",Chemprop v2,train,156,COc1ccc(CC[NH+](C)CCCC(C#N)(c2cc(OC)c(OC)c(OC)c2)C(C)C)cc1OC,1.75,7.4317575,
tdc_vdss_lombardo,"Chemprop v2 (CMPNN, ensemble=3)",Chemprop v2,train,157,C/C=C1/NC(=O)[C@H](Cc2ccccc2)NC(=O)[C@@H](C(C)C)NC(=O)[C@@H]([C@@H](C)CC)NC(=O)[C@H](NC(=O)[C@H](NC(=O)[C@H](CCC[NH3+])NC(=O)[C@H]2CCCN2C(=O)[C@H](NC(=O)[C@@H](NC(=O)[C@@H](NC(=O)[C@H](NC(=O)CCCC(C)C)C(C)C)[C@@H](C)O)C(C)C)C(C)C)[C@@H](C)CC)[C@@H](C)OC(=O)[C@H](C(C)C)NC1=O,0.11,4.054927,
tdc_vdss_lombardo,"Chemprop v2 (CMPNN, ensemble=3)",Chemprop v2,train,158,O=C(NCC1CN(c2ccc(N3CCOCC3=O)cc2)C(=O)O1)c1ccc(Cl)s1,0.7,2.63534,
tdc_vdss_lombardo,"Chemprop v2 (CMPNN, ensemble=3)",Chemprop v2,train,159,COc1cc2nc(N3CCN(C(=O)C4CCCO4)CC3)nc(N)c2cc1OC,0.98,3.5703413,
tdc_vdss_lombardo,"Chemprop v2 (CMPNN, ensemble=3)",Chemprop v2,train,160,C[NH+]1CCc2cccc3c2C1Cc1ccc(O)c(O)c1-3,1.6,8.241023,
tdc_vdss_lombardo,"Chemprop v2 (CMPNN, ensemble=3)",Chemprop v2,train,161,C[NH+]1CCc2cccc3c2C1Cc1ccc(O)c(O)c1-3,1.6,8.241023,
tdc_vdss_lombardo,"Chemprop v2 (CMPNN, ensemble=3)",Chemprop v2,train,162,CC(C)CC(NC(=O)C(NC(=O)c1cccc(-c2ccccc2)n1)C(C)O)B(O)O,0.87,3.5957692,
tdc_vdss_lombardo,"Chemprop v2 (CMPNN, ensemble=3)",Chemprop v2,train,163,O=P(NCCCl)(NCCCl)OC1OC(CO)C(O)C(O)C1O,0.24,3.4627533,
tdc_vdss_lombardo,"Chemprop v2 (CMPNN, ensemble=3)",Chemprop v2,train,164,COC1/C=C\OC2(C)Oc3c(C)c([O-])c4c(c3C2=O)C2=NC3(CC[NH+](CC(C)C)CC3)NC2=C(NC(=O)/C(C)=C\C=C/C(C)C(O)C(C)C(O)C(C)C(OC(C)=O)C1C)C4=O,9.3,7.4076753,
tdc_vdss_lombardo,"Chemprop v2 (CMPNN, ensemble=3)",Chemprop v2,train,165,OC(C[NH2+]CC(O)C1CCc2cc(F)ccc2O1)C1CCc2cc(F)ccc2O1,11.0,7.7613378,
tdc_vdss_lombardo,"Chemprop v2 (CMPNN, ensemble=3)",Chemprop v2,train,166,CC(O)C1C(=O)N2C(C(=O)[O-])=C(SCCOC(N)=O)SC12,0.3,1.9892317,
tdc_vdss_lombardo,"Chemprop v2 (CMPNN, ensemble=3)",Chemprop v2,train,167,CC(O)C1C(=O)N2C(C(=O)[O-])=C(COC(N)=O)SC12,0.24,2.119775,
tdc_vdss_lombardo,"Chemprop v2 (CMPNN, ensemble=3)",Chemprop v2,train,168,C[C@@H](O)[C@H]1C(=O)N2C(C(=O)O)=C(CN)S[C@H]12,0.23,2.6757138,
tdc_vdss_lombardo,"Chemprop v2 (CMPNN, ensemble=3)",Chemprop v2,train,169,O=C([O-])C1=C(C[n+]2ccc(CCS(=O)(=O)[O-])cc2)CSC2C(NC(=O)C(NC(=O)c3nc[nH]c3C(=O)[O-])c3ccccc3)C(=O)N12,0.21,0.2826756,
tdc_vdss_lombardo,"Chemprop v2 (CMPNN, ensemble=3)",Chemprop v2,train,170,CC(C(=O)[O-])c1ccc(C(=O)c2cccs2)cc1,0.04,2.6778443,
tdc_vdss_lombardo,"Chemprop v2 (CMPNN, ensemble=3)",Chemprop v2,train,171,CC(C(=O)[O-])c1ccc(C(=O)c2ccccc2)s1,0.08,2.628887,
tdc_vdss_lombardo,"Chemprop v2 (CMPNN, ensemble=3)",Chemprop v2,train,172,Nc1nc(CC(=O)Nc2ccc(CC[NH2+]CC(O)c3ccccc3)cc2)cs1,23.8,4.7377095,
tdc_vdss_lombardo,"Chemprop v2 (CMPNN, ensemble=3)",Chemprop v2,train,173,O=C(/C=C/c1cccc(S(=O)(=O)Nc2ccccc2)c1)NO,0.8,2.0091019,
tdc_vdss_lombardo,"Chemprop v2 (CMPNN, ensemble=3)",Chemprop v2,train,174,O=C1CCC2(O)C3Cc4ccc(O)c5c4C2(CCN3CC2CC2)C1O5,7.6,6.253542,
tdc_vdss_lombardo,"Chemprop v2 (CMPNN, ensemble=3)",Chemprop v2,train,175,CN(C)CCN1C(=O)c2cccc3cc(N)cc(c23)C1=O,7.33,3.4628103,
tdc_vdss_lombardo,"Chemprop v2 (CMPNN, ensemble=3)",Chemprop v2,train,176,CN(C)CCN1C(=O)c2cccc3cc([N+](=O)[O-])cc(c23)C1=O,11.3,2.7886631,
tdc_vdss_lombardo,"Chemprop v2 (CMPNN, ensemble=3)",Chemprop v2,train,177,Cn1c(=O)c2nc[nH]c2n(C)c1=O,0.51,3.0605462,
tdc_vdss_lombardo,"Chemprop v2 (CMPNN, ensemble=3)",Chemprop v2,train,178,CC(C)(C(=O)[O-])c1ccc(C(=O)CCC[NH+]2CCC(OC(c3ccccc3)c3ccccc3)CC2)cc1,0.41,6.678341,
tdc_vdss_lombardo,"Chemprop v2 (CMPNN, ensemble=3)",Chemprop v2,train,179,COc1cc(CC(=O)NCC(=O)N(CCC(=O)[O-])Cc2ccc(OC)c(OC)c2)ccc1NC(=O)Nc1ccccc1C,0.25,1.8095713,
tdc_vdss_lombardo,"Chemprop v2 (CMPNN, ensemble=3)",Chemprop v2,train,180,Cc1c(-c2ccc(O)cc2)n(Cc2ccc(OCC[NH+]3CCCCCC3)cc2)c2ccc(O)cc12,15.4,11.013046,
tdc_vdss_lombardo,"Chemprop v2 (CMPNN, ensemble=3)",Chemprop v2,train,181,CC1(C)SC2C([NH+]=CN3CCCCCC3)C(=O)N2C1C(=O)[O-],0.37,3.8369281,
tdc_vdss_lombardo,"Chemprop v2 (CMPNN, ensemble=3)",Chemprop v2,train,182,CCC1(O)CC(OC2CC(N3CCOCC3)C(O)C(C)O2)c2c(O)c3c(c(O)c2C1O)C(=O)c1cccc(O)c1C3=O,20.9,8.012137,
tdc_vdss_lombardo,"Chemprop v2 (CMPNN, ensemble=3)",Chemprop v2,train,183,COc1cccc2c1C(=O)c1c(O)c3c(c(O)c1C2=O)CC(O)(C(=O)CO)CC3OC1CC(N2CCOC(OC)C2)C(O)C(C)O1,49.0,6.720552,
tdc_vdss_lombardo,"Chemprop v2 (CMPNN, ensemble=3)",Chemprop v2,train,184,CC#CCn1c(N2CCCC([NH3+])C2)nc2c1c(=O)n(Cc1nc(C)c3ccccc3n1)c(=O)n2C,16.0,3.8599415,
tdc_vdss_lombardo,"Chemprop v2 (CMPNN, ensemble=3)",Chemprop v2,train,185,COC1(NC(=O)CSCC#N)C(=O)N2C(C(=O)[O-])=C(CSc3nnnn3C)CSC21,0.13,1.8033009,
tdc_vdss_lombardo,"Chemprop v2 (CMPNN, ensemble=3)",Chemprop v2,train,186,Nc1nc(NC2CC2)c2ncn(C3C=CC(CO)C3)c2n1,0.84,4.814565,
tdc_vdss_lombardo,"Chemprop v2 (CMPNN, ensemble=3)",Chemprop v2,train,187,CC([NH2+]C(CCc1ccccc1)C(=O)[O-])C(=O)N1CCCC1C(=O)[O-],0.38,2.337613,
tdc_vdss_lombardo,"Chemprop v2 (CMPNN, ensemble=3)",Chemprop v2,train,188,CCCC1CC(C(=O)NC(C(C)Cl)C2OC(SC)C(O)C(O)C2O)[NH+](C)C1,0.79,4.844728,
tdc_vdss_lombardo,"Chemprop v2 (CMPNN, ensemble=3)",Chemprop v2,train,189,CCCC1CC(C(=O)NC(C(C)O)C2OC(SC)C(O)C(O)C2O)[NH+](C)C1,1.0,4.893823,
tdc_vdss_lombardo,"Chemprop v2 (CMPNN, ensemble=3)",Chemprop v2,train,190,CC(C)[NH2+]CC(O)COc1cccc2c1N(C(=O)c1cccnc1)CCC2,0.67,5.0392523,
tdc_vdss_lombardo,"Chemprop v2 (CMPNN, ensemble=3)",Chemprop v2,train,191,CCn1cc(C(=O)O)c(=O)c2cnc(N3CCNCC3)nc21,0.88,3.549036,
tdc_vdss_lombardo,"Chemprop v2 (CMPNN, ensemble=3)",Chemprop v2,train,192,C/C=C1\NC(=O)C2CSSCC/C=C\C(CC(=O)NC(C(C)C)C(=O)N2)OC(=O)C(C(C)C)NC1=O,1.2,2.9269543,
tdc_vdss_lombardo,"Chemprop v2 (CMPNN, ensemble=3)",Chemprop v2,train,193,CC(CN1CCN(CCOCCO)CC1)CN1c2ccccc2Sc2ccccc21,4.06,7.3296037,
tdc_vdss_lombardo,"Chemprop v2 (CMPNN, ensemble=3)",Chemprop v2,train,194,CCOC(=O)Nc1c[n+](N2CCOCC2)no1,1.4,2.712413,
tdc_vdss_lombardo,"Chemprop v2 (CMPNN, ensemble=3)",Chemprop v2,train,195,CC(C(O)c1ccc(O)cc1)[NH+]1CCC(O)(c2ccccc2)CC1,4.4,9.105243,
tdc_vdss_lombardo,"Chemprop v2 (CMPNN, ensemble=3)",Chemprop v2,train,196,Cc1ccc(NC(=O)c2ccc(CN3CC[NH+](C)CC3)cc2)cc1Nc1nccc(-c2cccnc2)n1,3.9,6.1964326,
tdc_vdss_lombardo,"Chemprop v2 (CMPNN, ensemble=3)",Chemprop v2,train,197,Oc1ccc2c3c1OC1C(O)CCC4(O)C(C2)[NH+](CC2CCC2)CCC314,4.6,8.10464,
tdc_vdss_lombardo,"Chemprop v2 (CMPNN, ensemble=3)",Chemprop v2,train,198,CCOc1ccc2c(c1)C1(CCC(OCCN3CCOCC3)CC1)C(=O)N2S(=O)(=O)c1ccc(C(=O)NC(C)(C)C)cc1OC,7.0,4.0252385,
tdc_vdss_lombardo,"Chemprop v2 (CMPNN, ensemble=3)",Chemprop v2,train,199,CC1(C)C(C(=O)[O-])N2C(=O)CC2S1(=O)=O,0.32,2.1894834,
tdc_vdss_lombardo,"Chemprop v2 (CMPNN, ensemble=3)",Chemprop v2,train,200,CCC1OC(=O)C(C)C(OC2CC(C)(OC)C(O)C(C)O2)C(C)C(OC2OC(C)CC([NH+](C)C)C2O)C(C)(O)CC(C)C(=O)C(C)C(O)C1(C)O,0.95,5.277676,
tdc_vdss_lombardo,"Chemprop v2 (CMPNN, ensemble=3)",Chemprop v2,train,201,CCC1OC(=O)C(C)C(OC2CC(C)(OC)C(O)C(C)O2)C(C)C(OC2OC(C)CC([NH+](C)C)C2O)C(C)(OC)CC(C)C(=O)C(C)C(O)C1(C)O,1.5,5.568586,
tdc_vdss_lombardo,"Chemprop v2 (CMPNN, ensemble=3)",Chemprop v2,train,202,C[NH+](C)CCN(Cc1cccs1)c1ccccn1,3.3,5.878748,
tdc_vdss_lombardo,"Chemprop v2 (CMPNN, ensemble=3)",Chemprop v2,train,203,CC(C(=O)[O-])c1cccc(Oc2ccccc2)c1,0.1,2.8331127,
tdc_vdss_lombardo,"Chemprop v2 (CMPNN, ensemble=3)",Chemprop v2,train,204,CCCCNc1cc(C(=O)[O-])cc(S(N)(=O)=O)c1Oc1ccccc1,0.16,3.3797436,
tdc_vdss_lombardo,"Chemprop v2 (CMPNN, ensemble=3)",Chemprop v2,train,205,OC(CC[NH+]1CCCC1)(c1ccccc1)C1CCCCC1,0.74,10.737821,
tdc_vdss_lombardo,"Chemprop v2 (CMPNN, ensemble=3)",Chemprop v2,train,206,COc1ccc(/C=C/c2cc(OC)c(OC)c(OC)c2)cc1NC(=O)C(N)CO,0.44,3.313181,
tdc_vdss_lombardo,"Chemprop v2 (CMPNN, ensemble=3)",Chemprop v2,train,207,CCC1(c2cnc[nH]2)Cc2ccccc2C1,2.7,5.968922,
tdc_vdss_lombardo,"Chemprop v2 (CMPNN, ensemble=3)",Chemprop v2,train,208,COCc1c(C(C)C)nc(C(C)C)c(/C=C/C(O)CC(O)CC(=O)[O-])c1-c1ccc(F)cc1,0.33,4.2350545,
tdc_vdss_lombardo,"Chemprop v2 (CMPNN, ensemble=3)",Chemprop v2,train,209,CN1C(=O)C([O-])CC1c1cccnc1,0.85,3.1117332,
tdc_vdss_lombardo,"Chemprop v2 (CMPNN, ensemble=3)",Chemprop v2,train,210,CN1C(=O)CCC1c1cccnc1,1.1,3.2870035,
tdc_vdss_lombardo,"Chemprop v2 (CMPNN, ensemble=3)",Chemprop v2,train,211,CCOC(=O)c1ncn2c1CN(C)C(=O)c1cc(F)ccc1-2,0.8,3.0906048,
tdc_vdss_lombardo,"Chemprop v2 (CMPNN, ensemble=3)",Chemprop v2,train,212,Nc1nc2ccc(OC(F)(F)F)cc2s1,3.5,3.13329,
tdc_vdss_lombardo,"Chemprop v2 (CMPNN, ensemble=3)",Chemprop v2,train,213,C[NH+](C)CC(c1ccc(O)cc1)C1(O)CCCCC1,3.5,8.523303,
tdc_vdss_lombardo,"Chemprop v2 (CMPNN, ensemble=3)",Chemprop v2,train,214,CC[NH+](CC)CC#CCOC(=O)C(O)(c1ccccc1)C1CCCCC1,0.85,6.4568214,
tdc_vdss_lombardo,"Chemprop v2 (CMPNN, ensemble=3)",Chemprop v2,train,215,COc1ccc(C(C[NH+](C)C)C2(O)CCCCC2)cc1,4.4,7.926956,
tdc_vdss_lombardo,"Chemprop v2 (CMPNN, ensemble=3)",Chemprop v2,train,216,C[NH+]1CCCC1c1cccnc1,2.6,6.4972215,
tdc_vdss_lombardo,"Chemprop v2 (CMPNN, ensemble=3)",Chemprop v2,train,217,[NH3+]CCCCC(NC(=O)C(Cc1cc(Br)c([O-])c(Br)c1)NC(=O)N1CCC(N2Cc3ccccc3NC2=O)CC1)C(=O)N1CCN(c2cc[nH+]cc2)CC1,0.31,4.523241,
tdc_vdss_lombardo,"Chemprop v2 (CMPNN, ensemble=3)",Chemprop v2,train,218,O=C1c2cccc3c2C(CCC3)CN1C1C[NH+]2CCC1CC2,6.3,6.1298337,
tdc_vdss_lombardo,"Chemprop v2 (CMPNN, ensemble=3)",Chemprop v2,train,219,CC(O)C1C(=O)N2C(C(=O)[O-])=C(SCCNC=[NH2+])CC12,0.24,2.8385441,
tdc_vdss_lombardo,"Chemprop v2 (CMPNN, ensemble=3)",Chemprop v2,train,220,Nc1ccn(C2COC(CO)S2)c(=O)n1,1.18,3.462473,
tdc_vdss_lombardo,"Chemprop v2 (CMPNN, ensemble=3)",Chemprop v2,train,221,Nc1ccn(C2COC(CO)S2)c(=O)n1,0.84,3.462473,
tdc_vdss_lombardo,"Chemprop v2 (CMPNN, ensemble=3)",Chemprop v2,train,222,CC(=O)OC1CC2CCC3C(CCC4(C)C3CC(N3CC[N+](C)(C)CC3)C4OC(C)=O)C2(C)CC1N1CC[N+](C)(C)CC1,0.35,3.9498994,
tdc_vdss_lombardo,"Chemprop v2 (CMPNN, ensemble=3)",Chemprop v2,train,223,N[NH+]=c1[nH]ncc2ccccc12,1.5,4.4455695,
tdc_vdss_lombardo,"Chemprop v2 (CMPNN, ensemble=3)",Chemprop v2,train,224,COc1cc(Cc2cnc(N)nc2N)cc(OC)c1OC,1.5,3.4756365,
tdc_vdss_lombardo,"Chemprop v2 (CMPNN, ensemble=3)",Chemprop v2,train,225,CC(C)Oc1ccccc1N1CCN(Cc2cccc(C(=O)N3CCCCC3)c2)CC1,1.54,4.219794,
tdc_vdss_lombardo,"Chemprop v2 (CMPNN, ensemble=3)",Chemprop v2,train,226,C=CC(=O)N1CCCC(n2nc(-c3ccc(Oc4ccccc4)cc3)c3c(N)ncnc32)C1,9.75,3.6006596,
tdc_vdss_lombardo,"Chemprop v2 (CMPNN, ensemble=3)",Chemprop v2,train,227,Cn1nc(C(=O)NC2CC3CCCC(C2)[NH+]3C)c2ccccc21,3.7,6.191626,
tdc_vdss_lombardo,"Chemprop v2 (CMPNN, ensemble=3)",Chemprop v2,train,228,CCCCC1=NC2(CCCC2)C(=O)N1Cc1ccc(-c2ccccc2-c2nnn[n-]2)cc1,0.94,4.530928,
tdc_vdss_lombardo,"Chemprop v2 (CMPNN, ensemble=3)",Chemprop v2,train,229,CC1(C)OC2COC3(COS(N)(=O)=O)OC(C)(C)OC3C2O1,0.8,4.5869336,
tdc_vdss_lombardo,"Chemprop v2 (CMPNN, ensemble=3)",Chemprop v2,train,230,Nc1cc(OCC2CC2)c(C(=O)NC2C[NH+]3CCC2CC3)cc1Cl,3.9,6.745791,
tdc_vdss_lombardo,"Chemprop v2 (CMPNN, ensemble=3)",Chemprop v2,train,231,O=C1CCCC2C3CCC[N+]4([O-])CCCC(CN12)C34,0.61,3.676617,
tdc_vdss_lombardo,"Chemprop v2 (CMPNN, ensemble=3)",Chemprop v2,train,232,CC[NH+](CCO)CCCC(C)Nc1cc[nH+]c2cc(Cl)ccc12,700.0,149.61055,
tdc_vdss_lombardo,"Chemprop v2 (CMPNN, ensemble=3)",Chemprop v2,train,233,CC[NH+](CC)CCCC(C)Nc1cc[nH+]c2cc(Cl)ccc12,140.0,137.5335,
tdc_vdss_lombardo,"Chemprop v2 (CMPNN, ensemble=3)",Chemprop v2,train,234,O=C([O-])c1ccc(-n2nc(-c3ccccc3O)nc2-c2ccccc2O)cc1,0.2,3.1656246,
tdc_vdss_lombardo,"Chemprop v2 (CMPNN, ensemble=3)",Chemprop v2,train,235,CC(C)CC(NC(=O)C(CCc1ccccc1)NC(=O)CN1CCOCC1)C(=O)NC(Cc1ccccc1)C(=O)NC(CC(C)C)C(=O)C1(C)CO1,0.13,4.623345,
tdc_vdss_lombardo,"Chemprop v2 (CMPNN, ensemble=3)",Chemprop v2,train,236,NC(=[NH2+])N/N=C1\CCc2c(C(N)=[NH2+])cccc21,20.0,3.2865818,
tdc_vdss_lombardo,"Chemprop v2 (CMPNN, ensemble=3)",Chemprop v2,train,237,O=c1c([O-])c(-c2ccc(O)c(O)c2)oc2cc([O-])cc(O)c12,0.12,3.1966488,
tdc_vdss_lombardo,"Chemprop v2 (CMPNN, ensemble=3)",Chemprop v2,train,238,Cn1nnc2c(C(N)=O)ncn2c1=O,0.5,2.7456799,
tdc_vdss_lombardo,"Chemprop v2 (CMPNN, ensemble=3)",Chemprop v2,train,239,CCCCCC/C=C\CCCCCCCCCC(=O)N[C@H]1[C@H](OC[C@H]2O[C@H](OP(=O)([O-])[O-])[C@H](NC(=O)CC(=O)CCCCCCCCCCC)[C@@H](OCCCCCCCCCC)[C@@H]2O)O[C@H](COC)[C@@H](OP(=O)([O-])[O-])[C@@H]1OCC[C@@H](CCCCCCC)OC,0.05,15.285394,
tdc_vdss_lombardo,"Chemprop v2 (CMPNN, ensemble=3)",Chemprop v2,train,240,COc1c(C)c2c(c(O)c1C/C=C(\C)CCC(=O)[O-])C(=O)OC2,0.77,2.7397301,
tdc_vdss_lombardo,"Chemprop v2 (CMPNN, ensemble=3)",Chemprop v2,train,241,O=C(NCCN1CCN=C1c1ccncc1)Nc1ccc(C(=O)O)cc1,0.35,2.7403195,
tdc_vdss_lombardo,"Chemprop v2 (CMPNN, ensemble=3)",Chemprop v2,train,242,CCN(C(C)=O)c1cccc(-c2ccnc3c(C#N)cnn23)c1,1.3,3.0596602,
tdc_vdss_lombardo,"Chemprop v2 (CMPNN, ensemble=3)",Chemprop v2,train,243,CCC(C(=O)N1CCCCC1C(=O)OC(CCc1ccc(OC)c(OC)c1)c1cccc(OCC(=O)NCCNC(=O)COc2cccc(C(CCc3ccc(OC)c(OC)c3)OC(=O)C3CCCCN3C(=O)C(CC)c3cc(OC)c(OC)c(OC)c3)c2)c1)c1cc(OC)c(OC)c(OC)c1,0.62,2.2883549,
tdc_vdss_lombardo,"Chemprop v2 (CMPNN, ensemble=3)",Chemprop v2,train,244,COc1cc(C2c3cc4c(cc3C(OC3OC5COC(C)OC5C(O)C3O)C3COC(=O)C23)OCO4)cc(OC)c1O,0.18,5.8731284,
tdc_vdss_lombardo,"Chemprop v2 (CMPNN, ensemble=3)",Chemprop v2,train,245,COc1cc(C2c3cc4c(cc3C(OC3OC5COC(C)OC5C(O)C3N(C)C)C3COC(=O)C23)OCO4)cc(OC)c1O,0.3,5.979387,
tdc_vdss_lombardo,"Chemprop v2 (CMPNN, ensemble=3)",Chemprop v2,train,246,Cc1ccccc1C(=O)Nc1ccc(C(=O)N2CCCC(O)c3cc(Cl)ccc32)c(C)c1,0.5,4.025003,
tdc_vdss_lombardo,"Chemprop v2 (CMPNN, ensemble=3)",Chemprop v2,train,247,C/C(=C\c1csc(C)n1)C1CC2OC2(C)CCCC(C)C(O)C(C)C(=O)C(C)(C)C(O)CC(=O)N1,11.0,4.7862935,
tdc_vdss_lombardo,"Chemprop v2 (CMPNN, ensemble=3)",Chemprop v2,train,248,C[N+]1(C)C2CC(OC(=O)C(O)(c3cccs3)c3cccs3)CC1C1OC12,32.0,4.839315,
tdc_vdss_lombardo,"Chemprop v2 (CMPNN, ensemble=3)",Chemprop v2,train,249,O=C(CCC[NH+]1CCC(O)(c2ccc(Cl)cc2)CC1)c1ccc(F)cc1,17.0,8.511293,
tdc_vdss_lombardo,"Chemprop v2 (CMPNN, ensemble=3)",Chemprop v2,train,250,C=CC1=C(C)c2cc3[nH]c(cc4[nH+]c(cc5[nH]c(cc1[nH+]2)c(C)c5CCC(=O)[O-])C(CCC(=O)OC)=C4C)C1(C)C3=CC=C(C(=O)OC)C1C(=O)OC,0.63,3.428234,
tdc_vdss_lombardo,"Chemprop v2 (CMPNN, ensemble=3)",Chemprop v2,train,251,C=CC1=C(C)c2cc3[nH]c(cc4[nH+]c(cc5[nH]c(cc1[nH+]2)c(C)c5CCC(=O)OC)C(CCC(=O)[O-])=C4C)C1(C)C3=CC=C(C(=O)OC)C1C(=O)OC,0.51,3.4269602,
tdc_vdss_lombardo,"Chemprop v2 (CMPNN, ensemble=3)",Chemprop v2,train,252,O=C(O)CCSC[C@H]1O[C@@H]2O[C@H]3[C@H](O)[C@@H](O)[C@@H](O[C@H]4[C@H](O)[C@@H](O)[C@@H](O[C@H]5[C@H](O)[C@@H](O)[C@@H](O[C@H]6[C@H](O)[C@@H](O)[C@@H](O[C@H]7[C@H](O)[C@@H](O)[C@@H](O[C@H]8[C@H](O)[C@@H](O)[C@@H](O[C@H]9[C@H](O)[C@@H](O)[C@@H](O[C@H]1[C@H](O)[C@H]2O)O[C@@H]9CSCCC(=O)O)O[C@@H]8CSCCC(=O)O)O[C@@H]7CSCCC(=O)O)O[C@@H]6CSCCC(=O)O)O[C@@H]5CSCCC(=O)O)O[C@@H]4CSCCC(=O)O)O[C@@H]3CSCCC(=O)O,0.18,-1.1110772,
tdc_vdss_lombardo,"Chemprop v2 (CMPNN, ensemble=3)",Chemprop v2,train,253,Cn1c(N)c(NC(=O)NCC[NH3+])c[n+]1CC1=C(C(=O)[O-])N2C(=O)C(NC(=O)/C(=N/OC(C)(C)C(=O)[O-])c3nsc(N)n3)C2SC1,0.17,1.1814135,
tdc_vdss_lombardo,"Chemprop v2 (CMPNN, ensemble=3)",Chemprop v2,train,254,CCC(CC)OC1C=C(C(=O)[O-])CC([NH3+])C1NC(C)=O,0.37,3.3938951,
tdc_vdss_lombardo,"Chemprop v2 (CMPNN, ensemble=3)",Chemprop v2,train,255,CC(C)(C)[NH2+]CC(O)COc1cccc2c1CC(O)C(O)C2,1.9,6.2540746,
tdc_vdss_lombardo,"Chemprop v2 (CMPNN, ensemble=3)",Chemprop v2,train,256,CCCC(C)C1(CC)C(=O)[N-]C(=S)NC1=O,1.2,3.4053593,
tdc_vdss_lombardo,"Chemprop v2 (CMPNN, ensemble=3)",Chemprop v2,train,257,CC(C)(C)NC(=O)C1CN(Cc2cccnc2)CCN1CC(O)CC(Cc1ccccc1)C(=O)NC1c2ccccc2CC1O,0.82,5.0994735,
tdc_vdss_lombardo,"Chemprop v2 (CMPNN, ensemble=3)",Chemprop v2,train,258,NC1CC([NH3+])C(OC2OC(C[NH3+])C(O)C(O)C2O)C(O)C1OC1OC(CO)C(O)C(N)C1O,0.26,2.630682,
tdc_vdss_lombardo,"Chemprop v2 (CMPNN, ensemble=3)",Chemprop v2,train,259,C[NH2+]C(C)C1CCC(N)C(OC2C(N)CC(N)C(OC3OCC(C)(O)C([NH2+]C)C3O)C2O)O1,0.33,4.031707,
tdc_vdss_lombardo,"Chemprop v2 (CMPNN, ensemble=3)",Chemprop v2,train,260,NCC1OC(OC2C(N)CC(N)C(OC3OC(CO)C(O)C([NH3+])C3O)C2O)C([NH3+])CC1O,0.23,2.9325829,
tdc_vdss_lombardo,"Chemprop v2 (CMPNN, ensemble=3)",Chemprop v2,train,261,N[C@@H]1[C@@H](O)[C@@H](O[C@@H]2[C@@H](O)[C@H](O[C@H]3O[C@H](C[NH3+])CC[C@H]3[NH3+])[C@@H](N)C[C@H]2NC(=O)[C@@H](O)CC[NH3+])O[C@H](CO)[C@H]1O,0.21,1.8112961,
tdc_vdss_lombardo,"Chemprop v2 (CMPNN, ensemble=3)",Chemprop v2,train,262,NC1CC(NC(=O)C(O)CC[NH3+])C(OC2OC(CO)C(O)C([NH3+])C2O)C(O)C1OC1OC(C[NH3+])C(O)C(O)C1O,0.16,3.0294712,
tdc_vdss_lombardo,"Chemprop v2 (CMPNN, ensemble=3)",Chemprop v2,train,263,NC1CC(N)C(OC2OC(CO)C(O)C(N)C2O)C(O)C1OC1OC(C[NH3+])CCC1[NH3+],0.13,3.216851,
tdc_vdss_lombardo,"Chemprop v2 (CMPNN, ensemble=3)",Chemprop v2,train,264,C[NH2+]C1C(O)C(OC2C(NC(=O)C(O)C[NH3+])CC(N)C(OC3OC(C[NH3+])C(O)C(O)C3O)C2O)OCC1(C)O,0.32,3.2672517,
tdc_vdss_lombardo,"Chemprop v2 (CMPNN, ensemble=3)",Chemprop v2,train,265,CNC[C@@H]1CC[C@@H](N)[C@@H](O[C@@H]2[C@H](O)[C@@H](O[C@H]3OC[C@](C)(O)[C@H](NC)[C@H]3O)[C@H](N)C[C@@H]2N)O1,0.15,2.2931514,
tdc_vdss_lombardo,"Chemprop v2 (CMPNN, ensemble=3)",Chemprop v2,train,266,CCCC(Nc1nc(-c2ccc(NC(=O)NCC)c(OC)c2)ncc1C)c1cccnc1,3.41,4.509423,
tdc_vdss_lombardo,"Chemprop v2 (CMPNN, ensemble=3)",Chemprop v2,train,267,O=C(OC1C[N+]2(CCCOc3ccccc3)CCC1CC2)C(O)(c1cccs1)c1cccs1,4.3,4.702,
tdc_vdss_lombardo,"Chemprop v2 (CMPNN, ensemble=3)",Chemprop v2,train,268,C[NH+]1C2CCC1CC(=C1c3ccccc3CSc3ccccc31)C2,11.85,8.326102,
tdc_vdss_lombardo,"Chemprop v2 (CMPNN, ensemble=3)",Chemprop v2,train,269,O=C1CCC(C(=O)N2CSCC2C(=O)[O-])N1,0.31,2.2708592,
tdc_vdss_lombardo,"Chemprop v2 (CMPNN, ensemble=3)",Chemprop v2,train,270,CCOC(=O)C(CCc1ccccc1)NC(C)C(=O)N1C(C(=O)[O-])CC2CCCCC21,0.25,3.4106007,
tdc_vdss_lombardo,"Chemprop v2 (CMPNN, ensemble=3)",Chemprop v2,train,271,CCOc1ccccc1OCC[NH2+]C(C)Cc1ccc(OC)c(S(N)(=O)=O)c1,0.21,3.5536425,
tdc_vdss_lombardo,"Chemprop v2 (CMPNN, ensemble=3)",Chemprop v2,train,272,C[NH+](CCOc1ccc(NS(C)(=O)=O)cc1)CCc1ccc(NS(C)(=O)=O)cc1,3.3,4.222442,
tdc_vdss_lombardo,"Chemprop v2 (CMPNN, ensemble=3)",Chemprop v2,train,273,O=c1[nH]cc(F)c(=O)[nH]1,0.23,2.9742615,
tdc_vdss_lombardo,"Chemprop v2 (CMPNN, ensemble=3)",Chemprop v2,train,274,CCCC(=O)N1CCCN(c2nc(N)c3cc(OC)c(OC)cc3n2)CC1,0.72,3.5223458,
tdc_vdss_lombardo,"Chemprop v2 (CMPNN, ensemble=3)",Chemprop v2,train,275,CC(C)(C)S(=O)(=O)CC(Cc1ccccc1)C(=O)NC(Cc1c[nH]cn1)C(=O)NC(CC1CCCCC1)C(O)C(O)C1CC1,0.77,5.631902,
tdc_vdss_lombardo,"Chemprop v2 (CMPNN, ensemble=3)",Chemprop v2,train,276,CC(=O)N[C@H](Cc1ccc2ccccc2c1)C(=O)N[C@H](Cc1ccc(Cl)cc1)C(=O)N[C@H](Cc1cccnc1)C(=O)N[C@@H](CO)C(=O)N[C@@H](Cc1ccc(NC(=O)[C@@H]2CC(=O)NC(=O)N2)cc1)C(=O)N[C@H](Cc1ccc(NC(N)=O)cc1)C(=O)N[C@@H](CC(C)C)C(=O)N[C@@H](CCCC[NH2+]C(C)C)C(=O)N1CCC[C@H]1C(=O)N[C@H](C)C(N)=O,0.74,3.03077,
tdc_vdss_lombardo,"Chemprop v2 (CMPNN, ensemble=3)",Chemprop v2,train,277,CCCC([NH2+]C(C)C(=O)N1C(C(=O)[O-])CC2CCCCC21)C(=O)[O-],0.76,3.5878017,
tdc_vdss_lombardo,"Chemprop v2 (CMPNN, ensemble=3)",Chemprop v2,train,278,Nc1ccc(S(=O)(=O)[N-]c2ncccn2)cc1,0.29,1.8141532,
tdc_vdss_lombardo,"Chemprop v2 (CMPNN, ensemble=3)",Chemprop v2,train,279,CC[NH+](CC)CCN(Cc1ccc(-c2ccc(C(F)(F)F)cc2)cc1)C(=O)Cn1c(SCc2ccc(F)cc2)nc(=O)c2c1CCC2,11.9,7.6643505,
tdc_vdss_lombardo,"Chemprop v2 (CMPNN, ensemble=3)",Chemprop v2,train,280,O=C(NCC1CCCC[NH2+]1)c1cc(OCC(F)(F)F)ccc1OCC(F)(F)F,6.1,4.8840475,
tdc_vdss_lombardo,"Chemprop v2 (CMPNN, ensemble=3)",Chemprop v2,train,281,CC(C)(C)NC(=O)C1CC2CCCCC2CN1CC(O)C(Cc1ccccc1)NC(=O)C(CC(N)=O)NC(=O)c1ccc2ccccc2n1,3.6,4.897971,
tdc_vdss_lombardo,"Chemprop v2 (CMPNN, ensemble=3)",Chemprop v2,train,282,CCc1cnn2c(NCc3ccc[n+]([O-])c3)cc(N3CCCCC3CCO)nc12,0.32,4.4983315,
tdc_vdss_lombardo,"Chemprop v2 (CMPNN, ensemble=3)",Chemprop v2,train,283,Cc1c(F)cc(C(=O)NC2CC2)cc1-c1ccc(C(=O)NCC(C)(C)C)cn1,1.67,4.520559,
tdc_vdss_lombardo,"Chemprop v2 (CMPNN, ensemble=3)",Chemprop v2,train,284,Cc1c[nH]c2c(O)cc3c(c12)C(CCl)CN3C(=O)c1cc2cc(NC(=O)Nc3ccc4[nH]c(C(=O)N5CC(CCl)c6c5cc(O)c5[nH]cc(C)c65)cc4c3)ccc2[nH]1,0.05,4.90745,
tdc_vdss_lombardo,"Chemprop v2 (CMPNN, ensemble=3)",Chemprop v2,train,285,C=C(CC(NC(=O)c1ccc(CCc2cnc3nc(N)nc(N)c3n2)cc1)C(=O)[O-])C(=O)[O-],0.7,2.0486,
tdc_vdss_lombardo,"Chemprop v2 (CMPNN, ensemble=3)",Chemprop v2,train,286,C#CCC(Cc1cnc2nc(N)nc(N)c2n1)c1ccc(C(=O)NC(CCC(=O)[O-])C(=O)[O-])cc1,0.53,2.178001,
tdc_vdss_lombardo,"Chemprop v2 (CMPNN, ensemble=3)",Chemprop v2,train,287,C#CCC(Cc1cnc2nc(N)nc(N)c2n1)c1ccc(C(=O)NC(CCC(=O)[O-])C(=O)[O-])cc1,1.5,2.1779995,
tdc_vdss_lombardo,"Chemprop v2 (CMPNN, ensemble=3)",Chemprop v2,train,288,CCCOC(C(=O)OC1CC[NH+](C)CC1)(c1ccccc1)c1ccccc1,2.73,5.97085,
tdc_vdss_lombardo,"Chemprop v2 (CMPNN, ensemble=3)",Chemprop v2,train,289,COC(=O)C1=C(C)NC(C)=C(C(=O)OCCC[NH+]2CCC(c3ccccc3)(c3ccccc3)CC2)C1c1cccc([N+](=O)[O-])c1,8.4,5.772173,
tdc_vdss_lombardo,"Chemprop v2 (CMPNN, ensemble=3)",Chemprop v2,train,290,CC(NC(=O)C(Cc1c[nH]c2ccccc12)NC(=O)C(N)Cc1c[nH]cn1)C(=O)NC(Cc1c[nH]c2ccccc12)C(=O)NC(Cc1ccccc1)C(=O)NC(CCCC[NH3+])C(N)=O,0.42,3.5553744,
tdc_vdss_lombardo,"Chemprop v2 (CMPNN, ensemble=3)",Chemprop v2,train,291,CC(=O)N(CCC(CC[NH+]1CCCCC1)(C(N)=O)c1ccccc1Cl)C(C)C,2.6,6.705442,
tdc_vdss_lombardo,"Chemprop v2 (CMPNN, ensemble=3)",Chemprop v2,train,292,CC(C)C1C(=O)NC(CCCNC(N)=[NH2+])C(=O)NCC(=O)NC(CC(=O)[O-])C(=O)NC(Cc2ccccc2)C(=O)N1C,0.26,2.6789925,
tdc_vdss_lombardo,"Chemprop v2 (CMPNN, ensemble=3)",Chemprop v2,train,293,CC1=NC(=O)C(CC[NH+](C(C)C)C(C)C)(c2ccccc2)C2CCCCN12,0.58,7.7696357,
tdc_vdss_lombardo,"Chemprop v2 (CMPNN, ensemble=3)",Chemprop v2,train,294,C=C1CCC2(O)C3Cc4ccc(O)c5c4C2(CC[NH+]3CC2CC2)C1O5,8.2,8.360883,
tdc_vdss_lombardo,"Chemprop v2 (CMPNN, ensemble=3)",Chemprop v2,train,295,Nc1nc(=O)c2c(CCc3ccc(C(=O)NC(CCC(=O)[O-])C(=O)[O-])cc3)c[nH]c2[nH]1,0.15,2.1647375,
tdc_vdss_lombardo,"Chemprop v2 (CMPNN, ensemble=3)",Chemprop v2,train,296,Cc1cc(NC(=O)C2=C([O-])c3ccccc3S(=O)(=O)N2C)no1,0.19,1.5935864,
tdc_vdss_lombardo,"Chemprop v2 (CMPNN, ensemble=3)",Chemprop v2,train,297,O=C1CN=C(c2ccccn2)c2cc(Br)ccc2N1,0.85,3.5819676,
tdc_vdss_lombardo,"Chemprop v2 (CMPNN, ensemble=3)",Chemprop v2,train,298,COc1c(N2CC3CCC[NH2+]C3C2)c(F)cc2c(=O)c(C(=O)[O-])cn(C3CC3)c12,1.4,4.7254224,
tdc_vdss_lombardo,"Chemprop v2 (CMPNN, ensemble=3)",Chemprop v2,train,299,Cn1c(CNc2ccc(C(N)=[NH2+])cc2)nc2cc(C(=O)N(CCC(=O)[O-])c3ccccn3)ccc21,0.85,2.7986546,
tdc_vdss_lombardo,"Chemprop v2 (CMPNN, ensemble=3)",Chemprop v2,train,300,C#CC1(O)CCC2C3CCC4=CC(=O)CCC4C3C(=C)CC21CC,2.87,3.4332721,
tdc_vdss_lombardo,"Chemprop v2 (CMPNN, ensemble=3)",Chemprop v2,train,301,CCN(CC)c1ccc2cc(C(=O)Nc3ccc4[nH]c(C(=O)N5CC(CCl)c6c5cc(OC(=O)Nc5ccccc5)c5[nH]cc(C)c65)cc4c3)oc2c1,0.09,3.6079013,
tdc_vdss_lombardo,"Chemprop v2 (CMPNN, ensemble=3)",Chemprop v2,train,302,C[NH+]1C2CC(OC(=O)C(CO)c3ccccc3)CC1C1OC12,3.1,4.1094337,
tdc_vdss_lombardo,"Chemprop v2 (CMPNN, ensemble=3)",Chemprop v2,train,303,[NH3+]CC1OB(O)c2c(OCCCO)cccc21,2.37,4.2362094,
tdc_vdss_lombardo,"Chemprop v2 (CMPNN, ensemble=3)",Chemprop v2,train,304,CC1(C)[C@@H](O[C@@H]2O[C@@H](C(=O)[O-])[C@H](O)[C@@H](O)[C@@H]2O[C@H]2O[C@@H](C(=O)[O-])[C@H](O)[C@@H](O)[C@@H]2O)CC[C@]2(C)[C@H]3C(=O)C=C4[C@@H]5C[C@@](C)(C(=O)[O-])CC[C@]5(C)CC[C@@]4(C)[C@]3(C)CC[C@@H]12,0.05,0.3895267,
tdc_vdss_lombardo,"Chemprop v2 (CMPNN, ensemble=3)",Chemprop v2,train,305,CC1(C)[C@@H](O[C@@H]2O[C@@H](C(=O)[O-])[C@H](O)[C@@H](O)[C@@H]2O[C@H]2O[C@@H](C(=O)[O-])[C@H](O)[C@@H](O)[C@@H]2O)CC[C@]2(C)[C@H]3C(=O)C=C4[C@@H]5C[C@@](C)(C(=O)[O-])CC[C@]5(C)CC[C@@]4(C)[C@]3(C)CC[C@@H]12,0.06,0.3895308,
tdc_vdss_lombardo,"Chemprop v2 (CMPNN, ensemble=3)",Chemprop v2,train,306,CSCCC([NH3+])C(=O)NC1(C(=O)[O-])CS(=O)(=O)C2C(C(=O)[O-])C21,0.44,1.9389805,
tdc_vdss_lombardo,"Chemprop v2 (CMPNN, ensemble=3)",Chemprop v2,train,307,[NH3+]C1(C(=O)[O-])CS(=O)(=O)C2C(C(=O)[O-])C21,0.21,2.3745131,
tdc_vdss_lombardo,"Chemprop v2 (CMPNN, ensemble=3)",Chemprop v2,train,308,Nc1[nH]c(=O)ncc1F,0.68,3.1398613,
tdc_vdss_lombardo,"Chemprop v2 (CMPNN, ensemble=3)",Chemprop v2,train,309,Nc1ccn(CC(CO)OCP(=O)([O-])[O-])c(=O)n1,0.49,1.8718361,
tdc_vdss_lombardo,"Chemprop v2 (CMPNN, ensemble=3)",Chemprop v2,train,310,COC1CC2CCC(C)C(O)(O2)C(=O)C(=O)N2CCCCC2C(=O)OC(C(C)CC2CCC(n3cnnn3)C(OC)C2)CC(=O)C(C)/C=C(\C)C(O)C(OC)C(=O)C(C)CC(C)/C=C/C=C/C=C/1C,1.3,6.095871,
tdc_vdss_lombardo,"Chemprop v2 (CMPNN, ensemble=3)",Chemprop v2,train,311,CCC(C)(C)[NH2+]CC(O)COc1ccccc1C(=O)CCc1ccccc1,1.2,5.4340262,
tdc_vdss_lombardo,"Chemprop v2 (CMPNN, ensemble=3)",Chemprop v2,train,312,CCC[NH2+]CC(O)COc1ccccc1C(=O)CCc1ccccc1,2.2,6.5273795,
tdc_vdss_lombardo,"Chemprop v2 (CMPNN, ensemble=3)",Chemprop v2,train,313,Cc1cc(-n2cccc2)c(S(C)(=O)=O)cc1C(=O)NC(=N)N,1.1,2.3036907,
tdc_vdss_lombardo,"Chemprop v2 (CMPNN, ensemble=3)",Chemprop v2,train,314,CCCCc1ncc(/C=C(/Cc2cccs2)C(=O)[O-])n1Cc1ccc(C(=O)[O-])cc1,0.17,3.146876,
tdc_vdss_lombardo,"Chemprop v2 (CMPNN, ensemble=3)",Chemprop v2,train,315,Nc1nc(N[NH+]=CC2CCCCC2)nc2c1ncn2C1OC(CO)C(O)C1O,0.4,5.552689,
tdc_vdss_lombardo,"Chemprop v2 (CMPNN, ensemble=3)",Chemprop v2,train,316,C=C(Br)C(=O)Nc1cc(C(=O)Nc2cc(C(=O)Nc3cc(C(=O)Nc4cc(C(=O)NCCNC(N)=[NH2+])n(C)c4)n(C)c3)n(C)c2)n(C)c1,0.36,2.1972425,
tdc_vdss_lombardo,"Chemprop v2 (CMPNN, ensemble=3)",Chemprop v2,train,317,CC[C@H]1C2C[C@H]3[C@@H]4N(C)c5ccccc5[C@]45C[C@@H](C2[C@H]5O)[NH+]3[C@@H]1O,4.0,2.5487518,
tdc_vdss_lombardo,"Chemprop v2 (CMPNN, ensemble=3)",Chemprop v2,train,318,CCCCCC(O)/C=C/C1C(O)CC(=O)C1CCCCCCC(=O)[O-],2.4,6.8565407,
tdc_vdss_lombardo,"Chemprop v2 (CMPNN, ensemble=3)",Chemprop v2,train,319,NC1CC([NH3+])C(OC2OC(C[NH3+])C(O)C(O)C2N)C(OC2OC(CO)C(O)C2O)C1O,0.25,2.8768504,
tdc_vdss_lombardo,"Chemprop v2 (CMPNN, ensemble=3)",Chemprop v2,train,320,CS(=O)(=O)c1ccc(C(=O)Nc2ccc(Cl)c(-c3ccccn3)c2)c(Cl)c1,0.23,2.698269,
tdc_vdss_lombardo,"Chemprop v2 (CMPNN, ensemble=3)",Chemprop v2,train,321,CC1(C)C(/C=C/C=C/C=C/C=C2\N(CCCCS(=O)(=O)[O-])c3ccc4ccccc4c3C2(C)C)=[N+](CCCCS(=O)(=O)[O-])c2ccc3ccccc3c21,0.04,2.901336,
tdc_vdss_lombardo,"Chemprop v2 (CMPNN, ensemble=3)",Chemprop v2,train,322,C[NH+]1CCC23c4c5ccc(O)c4OC2C(=O)CCC3C1C5,4.3,6.414164,
tdc_vdss_lombardo,"Chemprop v2 (CMPNN, ensemble=3)",Chemprop v2,train,323,COc1ccc2c3c1OC1C(=O)CCC4(O)C(C2)[NH+](C)CCC314,2.5,6.3909936,
tdc_vdss_lombardo,"Chemprop v2 (CMPNN, ensemble=3)",Chemprop v2,train,324,CCCCS(=O)(=O)NC(Cc1ccc(OCCCCC2CC[NH2+]CC2)cc1)C(=O)[O-],0.99,4.8711324,
tdc_vdss_lombardo,"Chemprop v2 (CMPNN, ensemble=3)",Chemprop v2,train,325,COc1ccc(CC(NC(=O)CC(C)(C)[NH3+])C(=O)NC(Cc2c[nH+]c[nH]2)C(=O)NC(CC2CCCCC2)C(O)C(O)CC(C)C)cc1,7.5,6.913648,
tdc_vdss_lombardo,"Chemprop v2 (CMPNN, ensemble=3)",Chemprop v2,train,326,CCOc1ccc(Cc2cc(C3OC(CO)C(O)C(O)C3O)ccc2Cl)cc1,1.7,6.4203053,
tdc_vdss_lombardo,"Chemprop v2 (CMPNN, ensemble=3)",Chemprop v2,train,327,COC(=O)CC(O)(CCCC(C)(C)O)C(=O)OC1C(OC)=CC23CCC[NH+]2CCc2cc4c(cc2C13)OCO4,1.8,5.577326,
tdc_vdss_lombardo,"Chemprop v2 (CMPNN, ensemble=3)",Chemprop v2,train,328,CC(C)[NH+]1CCC(N(C(=O)Cc2ccccc2)c2ccc(Cl)cc2)CC1,6.6,6.563763,
tdc_vdss_lombardo,"Chemprop v2 (CMPNN, ensemble=3)",Chemprop v2,train,329,Cc1onc(-c2ccccc2)c1C(=O)NC1C(=O)N2C1SC(C)(C)C2C(=O)[O-],0.19,3.2835705,
tdc_vdss_lombardo,"Chemprop v2 (CMPNN, ensemble=3)",Chemprop v2,train,330,Cc1onc(-c2c(Cl)cccc2Cl)c1C(=O)NC1C(=O)N2C1SC(C)(C)C2C(=O)[O-],0.11,3.4402905,
tdc_vdss_lombardo,"Chemprop v2 (CMPNN, ensemble=3)",Chemprop v2,train,331,Cc1onc(-c2c(F)cccc2Cl)c1C(=O)NC1C(=O)N2C1SC(C)(C)C2C(=O)[O-],0.19,3.446002,
tdc_vdss_lombardo,"Chemprop v2 (CMPNN, ensemble=3)",Chemprop v2,train,332,CC(C)C(NC(=O)C(C(C)C)N(C)C)C(=O)N(C)C(C(=O)N1CCCC1C(=O)N1CCCC1C(=O)NC(C)(C)C)C(C)C,0.33,3.2442667,
tdc_vdss_lombardo,"Chemprop v2 (CMPNN, ensemble=3)",Chemprop v2,train,333,CN(CCOc1ccc(CC2SC(=O)[N-]C2=O)cc1)c1ccccn1,0.2,2.3692515,
tdc_vdss_lombardo,"Chemprop v2 (CMPNN, ensemble=3)",Chemprop v2,train,334,C=CC[NH+]1CCCC1CNC(=O)c1cc2n[nH]nc2cc1OC,1.6,6.6743164,
tdc_vdss_lombardo,"Chemprop v2 (CMPNN, ensemble=3)",Chemprop v2,train,335,Nc1nc(F)nc2c1ncn2C1OC(CO)C(O)C1O,2.2,4.2995877,
tdc_vdss_lombardo,"Chemprop v2 (CMPNN, ensemble=3)",Chemprop v2,train,336,Nc1nc(Cl)nc2c1ncn2C1CC(O)C(CO)O1,7.7,4.2054486,
tdc_vdss_lombardo,"Chemprop v2 (CMPNN, ensemble=3)",Chemprop v2,train,337,Nc1nc(Cl)nc2c1ncn2C1OC(CO)C(O)C1F,1.75,4.3354135,
tdc_vdss_lombardo,"Chemprop v2 (CMPNN, ensemble=3)",Chemprop v2,train,338,COc1nc(N)nc2c1ncn2C1OC(CO)C(O)C1O,4.9,4.1490307,
tdc_vdss_lombardo,"Chemprop v2 (CMPNN, ensemble=3)",Chemprop v2,train,339,CSCCNc1nc(SCCC(F)(F)F)nc2c1ncn2C1OC(COP(=O)([O-])OP(=O)([O-])C(Cl)(Cl)P(=O)([O-])[O-])C(O)C1O,0.04,0.5550008,
tdc_vdss_lombardo,"Chemprop v2 (CMPNN, ensemble=3)",Chemprop v2,train,340,O=C(c1ccccc1)c1ccc2n1CCC2C(=O)[O-],0.11,3.0505097,
tdc_vdss_lombardo,"Chemprop v2 (CMPNN, ensemble=3)",Chemprop v2,train,341,Cn1c(CCCC(=O)[O-])[nH+]c2cc(N(CCCl)CCCl)ccc21,0.22,3.5220356,
tdc_vdss_lombardo,"Chemprop v2 (CMPNN, ensemble=3)",Chemprop v2,train,342,NC(=O)c1ncn(C2OC(CO)C(O)C2O)n1,14.0,3.678115,
tdc_vdss_lombardo,"Chemprop v2 (CMPNN, ensemble=3)",Chemprop v2,train,343,O=C1NC(=O)C(c2cnc3ccccn23)=C1c1cn2c3c(cc(F)cc13)CN(C(=O)N1CCCCC1)CC2,1.2,3.6270258,
tdc_vdss_lombardo,"Chemprop v2 (CMPNN, ensemble=3)",Chemprop v2,train,344,CC(O)C(CO)NC(=O)C1CSSCC(NC(=O)C(N)Cc2ccccc2)C(=O)NC(Cc2ccccc2)C(=O)NC(Cc2c[nH]c3ccccc23)C(=O)NC(CCCC[NH3+])C(=O)NC(C(C)O)C(=O)N1,0.19,4.87933,
tdc_vdss_lombardo,"Chemprop v2 (CMPNN, ensemble=3)",Chemprop v2,train,345,CN1CC(C(=O)NC2(C)OC3(O)C4CCCN4C(=O)C(Cc4ccccc4)N3C2=O)C=C2c3cccc4[nH]cc(c34)CC21,3.6,4.974787,
tdc_vdss_lombardo,"Chemprop v2 (CMPNN, ensemble=3)",Chemprop v2,train,346,OCc1cc(C(O)C[NH2+]CCCCCCOCCOCc2c(Cl)cccc2Cl)ccc1O,2.38,10.930261,
tdc_vdss_lombardo,"Chemprop v2 (CMPNN, ensemble=3)",Chemprop v2,train,347,C[NH+]1CCN(CC(=O)N2c3ccccc3C(=O)Nc3cccnc32)CC1,1.71,5.3545556,
tdc_vdss_lombardo,"Chemprop v2 (CMPNN, ensemble=3)",Chemprop v2,train,348,COc1ccc(C2CNC(=O)C2)cc1OC1CCCC1,0.67,4.101977,
tdc_vdss_lombardo,"Chemprop v2 (CMPNN, ensemble=3)",Chemprop v2,train,349,Cc1onc(-c2ccccc2)c1-c1ccc(S(N)(=O)=O)cc1,0.75,2.765914,
tdc_vdss_lombardo,"Chemprop v2 (CMPNN, ensemble=3)",Chemprop v2,train,350,CCC(C)n1ncn(-c2ccc(N3CCN(c4ccc(OCC5COC(Cn6cncn6)(c6ccc(Cl)cc6Cl)O5)cc4)CC3)cc2)c1=O,7.4,4.654988,
tdc_vdss_lombardo,"Chemprop v2 (CMPNN, ensemble=3)",Chemprop v2,train,351,O=c1[nH]cnc2[nH]ncc12,0.58,3.3657434,
tdc_vdss_lombardo,"Chemprop v2 (CMPNN, ensemble=3)",Chemprop v2,train,352,COc1ccc2c3c1OC1CC(O)C=CC31CC[NH+](C)C2,2.3,7.2924614,
tdc_vdss_lombardo,"Chemprop v2 (CMPNN, ensemble=3)",Chemprop v2,train,353,C#CC1(O)C=CC2C3CCC4=CC(=O)CCC4C3CCC21CC,0.46,3.1771305,
tdc_vdss_lombardo,"Chemprop v2 (CMPNN, ensemble=3)",Chemprop v2,train,354,COC[C@H]1O[C@@H](O[C@@H]2OC[C@@H]3O[C@@]4(OC[C@@H](OC(=O)c5c(C)cc(O)cc5O)[C@@H]5OCO[C@H]54)O[C@H]3[C@H]2O)[C@@H](OC)[C@@H](O)[C@@H]1O[C@@H]1O[C@H](C)[C@H](OC)[C@H](O[C@@H]2O[C@H](C)[C@H]3O[C@]4(C[C@@H](O)[C@H](O[C@H]5C[C@@H](O[C@H]6C[C@](C)([N+](=O)[O-])[C@@H](OC)[C@H](C)O6)[C@H](OC(=O)c6c(C)c(Cl)c([O-])c(Cl)c6OC)[C@@H](C)O5)[C@@H](C)O4)O[C@]3(C)[C@@H]2O)[C@H]1O,0.39,5.2421803,
tdc_vdss_lombardo,"Chemprop v2 (CMPNN, ensemble=3)",Chemprop v2,train,355,COc1cc(F)ccc1Cn1ccc2c3c(ncc21)C(=O)N([O-])CC3,5.7,3.365322,
tdc_vdss_lombardo,"Chemprop v2 (CMPNN, ensemble=3)",Chemprop v2,train,356,COc1ccc2c(c1)N(CC(C)C[NH+](C)C)c1ccccc1S2,12.0,8.904853,
tdc_vdss_lombardo,"Chemprop v2 (CMPNN, ensemble=3)",Chemprop v2,train,357,C[NH+](C)CCCN1c2ccccc2Sc2ccccc21,8.1,9.441295,
tdc_vdss_lombardo,"Chemprop v2 (CMPNN, ensemble=3)",Chemprop v2,train,358,CC(CN1c2ccccc2Sc2ccccc21)[NH+](C)C,14.0,8.633502,
tdc_vdss_lombardo,"Chemprop v2 (CMPNN, ensemble=3)",Chemprop v2,train,359,C[NH+](C)CCCN1c2ccccc2Sc2ccc(Cl)cc21,10.0,9.626778,
tdc_vdss_lombardo,"Chemprop v2 (CMPNN, ensemble=3)",Chemprop v2,train,360,CO/N=C(/C(=O)N[C@@H]1C(=O)N2C(C(=O)[O-])=C(C[n+]3ccc(-c4cnco4)cc3)CS[C@H]12)c1csc(N)n1,0.22,1.7625122,
tdc_vdss_lombardo,"Chemprop v2 (CMPNN, ensemble=3)",Chemprop v2,train,361,Cc1cc(F)ccc1[C@H]1CNCCN1C(=O)N(C)[C@H](C)c1cc(C(F)(F)F)cc(C(F)(F)F)c1,3.8,4.1792417,
tdc_vdss_lombardo,"Chemprop v2 (CMPNN, ensemble=3)",Chemprop v2,train,362,CNS(=O)(=O)CCc1ccc2[nH]cc(C3CC[NH+](C)CC3)c2c1,2.4,5.294741,
tdc_vdss_lombardo,"Chemprop v2 (CMPNN, ensemble=3)",Chemprop v2,train,363,CC(CCc1ccccc1)[NH2+]CC(O)c1ccc(O)c(C(N)=O)c1,4.8,6.470074,
tdc_vdss_lombardo,"Chemprop v2 (CMPNN, ensemble=3)",Chemprop v2,train,364,CC(CCc1ccccc1)[NH2+]CC(O)c1ccc(O)c(C(N)=O)c1,4.8,6.470075,
tdc_vdss_lombardo,"Chemprop v2 (CMPNN, ensemble=3)",Chemprop v2,train,365,C=CC1=C(C(=O)[O-])N2C(=O)C(NC(=O)/C(=N/OCC(=O)[O-])c3csc(N)n3)C2SC1,0.24,0.76967674,
tdc_vdss_lombardo,"Chemprop v2 (CMPNN, ensemble=3)",Chemprop v2,train,366,CO/N=C(\C(=O)NC1C(=O)N2C(C(=O)[O-])=CCSC12)c1csc(N)n1,0.2,1.4998907,
tdc_vdss_lombardo,"Chemprop v2 (CMPNN, ensemble=3)",Chemprop v2,train,367,CO/N=C(/C(=O)NC1C(=O)N2C(C(=O)[O-])=C(COC(C)=O)CSC12)c1csc(N)n1,0.19,1.0467048,
tdc_vdss_lombardo,"Chemprop v2 (CMPNN, ensemble=3)",Chemprop v2,train,368,CO/N=C(/C(=O)NC1C(=O)N2C(C(=O)[O-])=C(C)CSC12)c1csc(N)n1,0.28,1.532461,
tdc_vdss_lombardo,"Chemprop v2 (CMPNN, ensemble=3)",Chemprop v2,train,369,CC(c1ccccn1)c1c(CC[NH+](C)[14CH3])sc2ccccc12,1.83,8.682355,
tdc_vdss_lombardo,"Chemprop v2 (CMPNN, ensemble=3)",Chemprop v2,train,370,CC12C=CC(=O)C=C1CCC1C2C(=O)CC2(C)C1CCC2(O)C(=O)CO,0.57,3.8388252,
tdc_vdss_lombardo,"Chemprop v2 (CMPNN, ensemble=3)",Chemprop v2,train,371,NC(=[NH2+])c1ccc(OCCCCCOc2ccc(C(N)=[NH2+])cc2)cc1,53.0,5.3467503,
tdc_vdss_lombardo,"Chemprop v2 (CMPNN, ensemble=3)",Chemprop v2,train,372,Nc1cc(N2CCCCC2)nc(N)[n+]1[O-],0.9,3.528969,
tdc_vdss_lombardo,"Chemprop v2 (CMPNN, ensemble=3)",Chemprop v2,train,373,CCC1C(=O)N(C)c2cnc(Nc3ccc(C(=O)NC4CCC([NH+]5CCN(CC6CC6)CC5)CC4)cc3OC)nc2N1C(C)C,80.5,7.936361,
tdc_vdss_lombardo,"Chemprop v2 (CMPNN, ensemble=3)",Chemprop v2,train,374,Cc1nnc2n1-c1ccc(Cl)cc1C(c1ccccc1)=NC2,0.8,4.009996,
tdc_vdss_lombardo,"Chemprop v2 (CMPNN, ensemble=3)",Chemprop v2,train,375,CN(C)Cc1nnc2n1-c1ccc(Cl)cc1C(c1ccccc1)=NC2,0.98,4.0653815,
tdc_vdss_lombardo,"Chemprop v2 (CMPNN, ensemble=3)",Chemprop v2,train,376,Cc1nnc2n1-c1ccc(Cl)cc1C(c1ccccc1Cl)=NC2,0.58,4.1131706,
tdc_vdss_lombardo,"Chemprop v2 (CMPNN, ensemble=3)",Chemprop v2,train,377,Cc1ncsc1CCCl,6.6,3.7515786,
tdc_vdss_lombardo,"Chemprop v2 (CMPNN, ensemble=3)",Chemprop v2,train,378,CN/C(=C\[N+](=O)[O-])NCCSCc1csc(CN(C)C)n1,1.0,2.3629224,
tdc_vdss_lombardo,"Chemprop v2 (CMPNN, ensemble=3)",Chemprop v2,train,379,N=C(N)Nc1nc(CSCCC(=N)NS(N)(=O)=O)cs1,1.2,1.6975425,
tdc_vdss_lombardo,"Chemprop v2 (CMPNN, ensemble=3)",Chemprop v2,train,380,O=C(NC1CC[NH+](CCc2c[nH]c3ccccc23)CC1)c1ccccc1,4.9,8.645133,
tdc_vdss_lombardo,"Chemprop v2 (CMPNN, ensemble=3)",Chemprop v2,train,381,COC(=O)C1C(O)CCC2CN3CCc4c([nH]c5ccccc45)C3CC21,0.48,4.6990485,
tdc_vdss_lombardo,"Chemprop v2 (CMPNN, ensemble=3)",Chemprop v2,train,382,O=C1NCC2(CC[NH+](CCc3ccccc3)CC2)O1,3.0,6.051105,
tdc_vdss_lombardo,"Chemprop v2 (CMPNN, ensemble=3)",Chemprop v2,train,383,CCOC(=O)c1ccc(C#Cc2ccc3c(c2)C(C)(C)CCS3)nc1,3.55,3.9113562,
tdc_vdss_lombardo,"Chemprop v2 (CMPNN, ensemble=3)",Chemprop v2,train,384,O=C1C(C2OC(CO)C(O)C(O)C2O)=C([O-])/C(=C([O-])/C=C/c2ccc(O)cc2)C(=O)C1(O)C1OC(CO)C(O)C(O)C1O,0.2,3.8381546,
tdc_vdss_lombardo,"Chemprop v2 (CMPNN, ensemble=3)",Chemprop v2,train,385,Cc1cc([O-])c(C(=O)NC(C(=O)NC2C(=O)N3C(C(=O)[O-])=C(CSc4nnnn4C)CSC23)c2ccc(O)cc2)cn1,0.15,1.6654387,
tdc_vdss_lombardo,"Chemprop v2 (CMPNN, ensemble=3)",Chemprop v2,train,386,O=C1CC(c2ccccc2)Oc2cc(O)cc(O)c21,0.8,5.1228814,
tdc_vdss_lombardo,"Chemprop v2 (CMPNN, ensemble=3)",Chemprop v2,train,387,CC(O)C1C(=O)N2C(C(=O)[O-])=C(SC3CNC(C(=O)Nc4cccc(C(=O)[O-])c4)C3)C(C)C12,0.12,2.6706161,
tdc_vdss_lombardo,"Chemprop v2 (CMPNN, ensemble=3)",Chemprop v2,train,388,COC1CC2CCC(C)C(O)(O2)C(=O)C(=O)N2CCCCC2C(=O)OC(C(C)CC2CCC(OC(=O)C(C)(CO)CO)C(OC)C2)CC(=O)C(C)/C=C(\C)C(O)C(OC)C(=O)C(C)CC(C)/C=C/C=C/C=C/1C,3.0,5.6718726,
tdc_vdss_lombardo,"Chemprop v2 (CMPNN, ensemble=3)",Chemprop v2,train,389,CCOCCOC1CCC(CC(C)C2CC(=O)C(C)/C=C(\C)C(O)C(OC)C(=O)C(C)CC(C)/C=C/C=C/C=C(\C)C(OC)CC3CCC(C)C(O)(O3)C(=O)C(=O)N3CCCCC3C(=O)O2)CC1OC,44.5,5.639694,
tdc_vdss_lombardo,"Chemprop v2 (CMPNN, ensemble=3)",Chemprop v2,train,390,COC1CC2CCC(C)C(O)(O2)C(=O)C(=O)N2CCCCC2C(=O)OC(C(C)CC2CCC(OP(C)(C)=O)C(OC)C2)CC(=O)C(C)/C=C(\C)C(O)C(OC)C(=O)C(C)CC(C)/C=C/C=C/C=C/1C,3.2,5.317204,
tdc_vdss_lombardo,"Chemprop v2 (CMPNN, ensemble=3)",Chemprop v2,train,391,CO/N=C1/CN(c2nc3c(cc2F)c(=O)c(C(=O)[O-])cn3C2CC2)CC1C[NH3+],3.52,3.4151042,
tdc_vdss_lombardo,"Chemprop v2 (CMPNN, ensemble=3)",Chemprop v2,train,392,COc1ccc(C(=O)Nc2ccccc2CCC2CCCC[NH+]2C)cc1,2.2,7.1411934,
tdc_vdss_lombardo,"Chemprop v2 (CMPNN, ensemble=3)",Chemprop v2,train,393,Cn1nnnc1SCC1=C(C(=O)[O-])N2C(=O)C(NC(=O)C(O)c3ccccc3)C2SC1,0.16,2.0166044,
tdc_vdss_lombardo,"Chemprop v2 (CMPNN, ensemble=3)",Chemprop v2,train,394,O=C([O-])C1=C(CSc2nnnn2CS(=O)(=O)[O-])CSC2C(NC(=O)C(O)c3ccccc3)C(=O)N12,0.14,0.62284404,
tdc_vdss_lombardo,"Chemprop v2 (CMPNN, ensemble=3)",Chemprop v2,train,395,[NH3+]Cc1ccccc1CC(=O)NC1C(=O)N2C(C(=O)[O-])=C(CSc3nnnn3CC(=O)[O-])CSC12,0.17,1.5696071,
tdc_vdss_lombardo,"Chemprop v2 (CMPNN, ensemble=3)",Chemprop v2,train,396,CC(CS)C(=O)N1CCCC1C(=O)[O-],0.75,2.6192358,
tdc_vdss_lombardo,"Chemprop v2 (CMPNN, ensemble=3)",Chemprop v2,train,397,COc1ccc(C2(C#N)CCC(C(=O)[O-])CC2)cc1OC1CCCC1,0.23,4.03593,
tdc_vdss_lombardo,"Chemprop v2 (CMPNN, ensemble=3)",Chemprop v2,train,398,COc1cccc2c1C(=O)c1c(O)c3c(c(O)c1C2=O)CC(O)(C(=O)CO)CC3OC1CC([NH3+])C(OCc2ccccc2)C(C)O1,48.0,6.9359055,
tdc_vdss_lombardo,"Chemprop v2 (CMPNN, ensemble=3)",Chemprop v2,train,399,Cc1cccc(Nc2ccncc2S(=O)(=O)[N-]C(=O)NC(C)C)c1,0.21,1.8014894,
tdc_vdss_lombardo,"Chemprop v2 (CMPNN, ensemble=3)",Chemprop v2,train,400,CN1C(C(=O)Nc2ccccn2)=C([O-])c2sccc2S1(=O)=O,0.19,1.5420218,
tdc_vdss_lombardo,"Chemprop v2 (CMPNN, ensemble=3)",Chemprop v2,train,401,Cc1ccccc1OCC(O)C[NH2+]CCOc1ccc(C(N)=O)cc1,4.0,4.626612,
tdc_vdss_lombardo,"Chemprop v2 (CMPNN, ensemble=3)",Chemprop v2,train,402,C=CC[N+]1(C2CC3C4CCC5CC(O)C([NH+]6CCOCC6)CC5(C)C4CCC3(C)C2OC(C)=O)CCCC1,0.21,3.6818943,
tdc_vdss_lombardo,"Chemprop v2 (CMPNN, ensemble=3)",Chemprop v2,train,403,C[NH+](C)CCCN1c2ccccc2CCc2cc(O)ccc21,6.6,9.855475,
tdc_vdss_lombardo,"Chemprop v2 (CMPNN, ensemble=3)",Chemprop v2,train,404,NC(=O)N1c2ccccc2CC(O)c2ccccc21,0.72,3.839503,
tdc_vdss_lombardo,"Chemprop v2 (CMPNN, ensemble=3)",Chemprop v2,train,405,CC(CN1c2ccccc2CCc2ccccc21)C[NH+](C)C,16.0,10.301518,
tdc_vdss_lombardo,"Chemprop v2 (CMPNN, ensemble=3)",Chemprop v2,train,406,C[NH+](C)CCCN1c2ccccc2CCc2ccc(Cl)cc21,13.0,10.328392,
tdc_vdss_lombardo,"Chemprop v2 (CMPNN, ensemble=3)",Chemprop v2,train,407,C[NH+](C)CCCN1c2ccccc2CCc2ccccc21,12.0,10.146313,
tdc_vdss_lombardo,"Chemprop v2 (CMPNN, ensemble=3)",Chemprop v2,train,408,C[N+](C)([O-])CCCN1c2ccccc2CCc2ccccc21,1.9,3.780797,
tdc_vdss_lombardo,"Chemprop v2 (CMPNN, ensemble=3)",Chemprop v2,train,409,C[NH2+]CCCN1c2ccccc2CCc2ccccc21,15.0,7.824373,
tdc_vdss_lombardo,"Chemprop v2 (CMPNN, ensemble=3)",Chemprop v2,train,410,COC12CCC3(CC1C(C)(O)C(C)(C)C)C1Cc4ccc(O)c5c4C3(CC[NH+]1CC1CC1)C2O5,4.9,8.570454,
tdc_vdss_lombardo,"Chemprop v2 (CMPNN, ensemble=3)",Chemprop v2,train,411,CC(C)(C)[NH2+]CC(O)COc1nsnc1N1CCOCC1,1.5,4.1646304,
tdc_vdss_lombardo,"Chemprop v2 (CMPNN, ensemble=3)",Chemprop v2,train,412,Cc1ccnc2c1NC(=O)c1cccnc1N2C1CC1,1.3,3.9271872,
tdc_vdss_lombardo,"Chemprop v2 (CMPNN, ensemble=3)",Chemprop v2,train,413,C[NH+]1CCN2c3ncccc3Cc3ccccc3C2C1,4.2,7.1491313,
tdc_vdss_lombardo,"Chemprop v2 (CMPNN, ensemble=3)",Chemprop v2,train,414,CCOC(=O)Nc1ccc(NCc2ccc(F)cc2)[nH+]c1N,1.1,3.2112494,
tdc_vdss_lombardo,"Chemprop v2 (CMPNN, ensemble=3)",Chemprop v2,train,415,COc1cccc(C2(O)CCCCC2C[NH+](C)C)c1,2.8,7.881098,
tdc_vdss_lombardo,"Chemprop v2 (CMPNN, ensemble=3)",Chemprop v2,train,416,CN[C@H]1C(=O)N[C@@H]2Cc3ccc(cc3)Oc3cc4cc(c3O[C@@H]3O[C@H](C(=O)[O-])[C@@H](O)[C@H](O)[C@H]3NC(=O)CCCCCCCCC(C)C)Oc3ccc(cc3Cl)[C@@H](O)[C@@H]3NC(=O)[C@H](NC(=O)[C@@H]4NC(=O)[C@@H](NC2=O)c2cc(cc(O)c2Cl)Oc2cc1ccc2O)c1ccc(O)c(c1)-c1c(O[C@H]2O[C@H](CO)[C@@H](O)[C@H](O)[C@@H]2O)cc(O)cc1[C@@H](C(=O)NCCC[NH+](C)C)NC3=O,0.14,9.932271,
tdc_vdss_lombardo,"Chemprop v2 (CMPNN, ensemble=3)",Chemprop v2,train,417,CC(C)[NH+](CCC(C(N)=O)(c1ccccc1)c1ccccn1)C(C)C,0.52,8.388848,
tdc_vdss_lombardo,"Chemprop v2 (CMPNN, ensemble=3)",Chemprop v2,train,418,C[NH+](C)CCC(c1ccc(Cl)cc1)c1ccccn1,3.3,10.012009,
tdc_vdss_lombardo,"Chemprop v2 (CMPNN, ensemble=3)",Chemprop v2,train,419,CO/N=C(/C(=O)NC1C(=O)N2C(C(=O)[O-])=C(C[n+]3cccc4c3CCC4)CSC12)c1csc(N)n1,0.24,2.237511,
tdc_vdss_lombardo,"Chemprop v2 (CMPNN, ensemble=3)",Chemprop v2,train,420,COc1cc2c(cc1O)CCNC21CSC2c3c(OC(C)=O)c(C)c4c(c3C(COC1=O)N1C(O)C3Cc5cc(C)c(OC)c(O)c5C(C21)[NH+]3C)OCO4,25.0,7.007469,
tdc_vdss_lombardo,"Chemprop v2 (CMPNN, ensemble=3)",Chemprop v2,train,421,C/C=C(\C)C(=O)OC1C(OC(C)=O)C2(CO)C(O)CC3(C)C(=CCC4C5(C)CCC(OC6OC(C(=O)[O-])C(OC7OC(CO)C(O)C(O)C7O)C(O)C6OC6OC(CO)C(O)C(O)C6O)C(C)(CO)C5CCC43C)C2CC1(C)C,0.28,2.7629216,
tdc_vdss_lombardo,"Chemprop v2 (CMPNN, ensemble=3)",Chemprop v2,train,422,C/C=C(/C)C(=O)OC1C(OC(C)=O)C2(CO)C(O)CC3(C)C(=CCC4C5(C)CCC(OC6OC(C(=O)[O-])C(OC7OC(CO)C(O)C(O)C7O)C(O)C6OC6OC(CO)C(O)C(O)C6O)C(C)(CO)C5CCC43C)C2CC1(C)C,0.23,2.7946644,
tdc_vdss_lombardo,"Chemprop v2 (CMPNN, ensemble=3)",Chemprop v2,train,423,CCc1[nH]c(=O)[nH]c1C(=O)c1ccncc1,0.65,3.2886143,
tdc_vdss_lombardo,"Chemprop v2 (CMPNN, ensemble=3)",Chemprop v2,train,424,C[NH+]1CCN(C2=Nc3cc(Cl)ccc3Nc3ccccc32)CC1,1.6,5.971292,
tdc_vdss_lombardo,"Chemprop v2 (CMPNN, ensemble=3)",Chemprop v2,train,425,CC(C)(C)NC(=O)C1CCC2C3CC=C4C=C(C(=O)[O-])CCC4(C)C3CCC12C,0.54,3.318569,
tdc_vdss_lombardo,"Chemprop v2 (CMPNN, ensemble=3)",Chemprop v2,train,426,CC1(Cn2ccnn2)C(C(=O)[O-])N2C(=O)CC2S1(=O)=O,0.26,2.121321,
tdc_vdss_lombardo,"Chemprop v2 (CMPNN, ensemble=3)",Chemprop v2,train,427,COCC(=O)OC1(CC[NH+](C)CCCc2nc3ccccc3[nH]2)CCc2cc(F)ccc2C1C(C)C,3.1,8.314715,
tdc_vdss_lombardo,"Chemprop v2 (CMPNN, ensemble=3)",Chemprop v2,train,428,CCC(C)C(=O)OC1CC(O)C=C2C=CC(C)C(CCC(O)CC(O)CC(=O)[O-])C21,0.46,4.7231693,
tdc_vdss_lombardo,"Chemprop v2 (CMPNN, ensemble=3)",Chemprop v2,train,429,CCC(C)C(=O)OC1CC(C)C=C2C=CC(C)C(CCC(O)CC(O)CC(=O)[O-])C21,0.87,4.75908,
tdc_vdss_lombardo,"Chemprop v2 (CMPNN, ensemble=3)",Chemprop v2,train,430,C[NH2+]C(CC(C)C)C(=O)NC1C(=O)NC(CC(N)=O)C(=O)NC2C(=O)NC3C(=O)NC(C(=O)NC(C(=O)[O-])c4cc(O)cc(O)c4-c4cc3ccc4O)C(O)c3ccc(c(Cl)c3)Oc3cc2cc(c3OC2OC(CO)C(O)C(O)C2OC2CC(C)([NH3+])C(O)C(C)O2)Oc2ccc(cc2Cl)C1O,0.54,6.365722,
tdc_vdss_lombardo,"Chemprop v2 (CMPNN, ensemble=3)",Chemprop v2,train,431,CCCCCCCCCC[NH2+]CCN[C@@]1(C)C[C@H](O[C@H]2[C@H](Oc3c4cc5cc3Oc3ccc(cc3Cl)[C@@H](O)[C@@H](NC(=O)[C@@H](CC(C)C)[NH2+]C)C(=O)N[C@@H](CC(N)=O)C(=O)N[C@H]5C(=O)N[C@H]3C(=O)N[C@H](C(=O)N[C@H](C(=O)[O-])c5cc(O)c(C[NH2+]CP(=O)([O-])[O-])c(O)c5-c5cc3ccc5O)[C@H](O)c3ccc(c(Cl)c3)O4)O[C@H](CO)[C@@H](O)[C@@H]2O)O[C@@H](C)[C@H]1O,0.11,9.06139,
tdc_vdss_lombardo,"Chemprop v2 (CMPNN, ensemble=3)",Chemprop v2,train,432,COc1ccccc1Oc1c([N-]S(=O)(=O)c2ccc(C)cn2)nc(-c2ccnc(-c3nnn[n-]3)c2)nc1OCCO,0.23,1.3025312,
tdc_vdss_lombardo,"Chemprop v2 (CMPNN, ensemble=3)",Chemprop v2,train,433,COc1ccccc1Oc1c([N-]S(=O)(=O)c2ccc(C(C)C)cn2)nc(-c2ccnc(-c3nnn[n-]3)c2)nc1OCCO,0.28,1.5469238,
tdc_vdss_lombardo,"Chemprop v2 (CMPNN, ensemble=3)",Chemprop v2,train,434,Cc1nnc(SCC2=C(C(=O)[O-])N3C(=O)C(NC(=O)Cn4cnnn4)C3SC2)s1,0.12,1.7119635,
tdc_vdss_lombardo,"Chemprop v2 (CMPNN, ensemble=3)",Chemprop v2,train,435,COc1cc2c(cc1OC)C[NH+](CCc1ccc(NC(=O)c3cc(OC)c(OC)cc3NC(=O)c3cnc4ccccc4c3)cc1)CC2,6.4,6.3193684,
tdc_vdss_lombardo,"Chemprop v2 (CMPNN, ensemble=3)",Chemprop v2,train,436,C[NH+](C)C/C=C(/c1ccc(Br)cc1)c1cccnc1,6.8,7.7692084,
tdc_vdss_lombardo,"Chemprop v2 (CMPNN, ensemble=3)",Chemprop v2,train,437,COC(=O)C1=C(C)NC(C)=C(C(=O)OC)C1c1ccccc1[N+](=O)[O-],0.79,1.8779589,
tdc_vdss_lombardo,"Chemprop v2 (CMPNN, ensemble=3)",Chemprop v2,train,438,COCCOC(=O)C1=C(C)NC(C)=C(C(=O)OC(C)C)C1c1cccc([N+](=O)[O-])c1,1.1,1.8293238,
tdc_vdss_lombardo,"Chemprop v2 (CMPNN, ensemble=3)",Chemprop v2,train,439,COC(=O)C1=C(C)NC(C)=C(C(=O)OCC(C)C)C1c1ccccc1[N+](=O)[O-],5.5,2.138959,
tdc_vdss_lombardo,"Chemprop v2 (CMPNN, ensemble=3)",Chemprop v2,train,440,CCOC(=O)C1=C(C)NC(C)=C(C(=O)OC)C1c1cccc([N+](=O)[O-])c1,6.1,1.8563757,
tdc_vdss_lombardo,"Chemprop v2 (CMPNN, ensemble=3)",Chemprop v2,train,441,CCCC(=O)OCOC(=O)C1=C(C)NC(C)=C(C(=O)OC)C1c1cccc(Cl)c1Cl,0.58,2.3186018,
tdc_vdss_lombardo,"Chemprop v2 (CMPNN, ensemble=3)",Chemprop v2,train,442,CCOC(=O)C1=C(C)NC(C)=C(C(=O)OC)C1c1cccc(Cl)c1Cl,4.4,2.5791388,
tdc_vdss_lombardo,"Chemprop v2 (CMPNN, ensemble=3)",Chemprop v2,train,443,CCOC(=O)C1=C(COCC[NH3+])NC(C)=C(C(=O)OC)C1c1ccccc1Cl,17.0,2.7343247,
tdc_vdss_lombardo,"Chemprop v2 (CMPNN, ensemble=3)",Chemprop v2,train,444,CC(=O)O[C@H]1C(=O)[C@]23C[C@H]2C[C@H]2OC[C@@]2(OC(C)=O)[C@H]3[C@H](OC(=O)c2ccccc2)[C@]2(O)C[C@H](OC(=O)[C@H](O)[C@@H](NC(=O)OC(C)(C)C)c3ccccc3)C(C)=C1C2(C)C,12.0,4.6484838,
tdc_vdss_lombardo,"Chemprop v2 (CMPNN, ensemble=3)",Chemprop v2,train,445,CC(=O)O[C@H]1C(=O)[C@]23C[C@H]2C[C@H]2OC[C@@]2(OC(C)=O)[C@H]3[C@H](OC(=O)c2ccccc2)[C@]2(O)C[C@H](OC(=O)[C@H](O)[C@@H](NC(=O)OC(C)(C)C)c3ccccc3)C(C)=C1C2(C)C,17.0,4.6484838,
tdc_vdss_lombardo,"Chemprop v2 (CMPNN, ensemble=3)",Chemprop v2,train,446,c1cc2c(c(N3CC[NH2+]CC3)c1)OCCO2,3.6,5.187239,
tdc_vdss_lombardo,"Chemprop v2 (CMPNN, ensemble=3)",Chemprop v2,train,447,[NH3+]CCCNc1ccc2c(C[NH2+]CCO)nn3c4c(O)ccc(O)c4c(=O)c1c23,12.0,8.944671,
tdc_vdss_lombardo,"Chemprop v2 (CMPNN, ensemble=3)",Chemprop v2,train,448,Nc1nc(=O)c2c([nH]1)NCC(CNc1ccc(C(=O)NC(CCC(=O)[O-])C(=O)[O-])cc1)N2C=O,0.25,2.0633152,
tdc_vdss_lombardo,"Chemprop v2 (CMPNN, ensemble=3)",Chemprop v2,train,449,Nc1nc(=O)c2c([nH]1)NCC(CNc1ccc(C(=O)NC(CCC(=O)[O-])C(=O)[O-])cc1)N2C=O,0.27,2.0633128,
tdc_vdss_lombardo,"Chemprop v2 (CMPNN, ensemble=3)",Chemprop v2,train,450,CC(=O)Nc1ccc(C2=NNC(=O)CC2C)cc1,2.38,3.0027716,
tdc_vdss_lombardo,"Chemprop v2 (CMPNN, ensemble=3)",Chemprop v2,train,451,CC1CC(=O)NN=C1c1ccc([N-]N=C(C#N)C#N)cc1,0.24,2.0023918,
tdc_vdss_lombardo,"Chemprop v2 (CMPNN, ensemble=3)",Chemprop v2,train,452,COc1c(N2CC(C)CC([NH3+])C2)ccc2c(=O)c(C(=O)[O-])cn(C3CC3)c12,1.9,4.1030006,
tdc_vdss_lombardo,"Chemprop v2 (CMPNN, ensemble=3)",Chemprop v2,train,453,OCCN(CCO)c1nc(N2CCCCC2)c2[nH+]c(N(CCO)CCO)nc(N3CCCCC3)c2n1,0.82,4.917889,
tdc_vdss_lombardo,"Chemprop v2 (CMPNN, ensemble=3)",Chemprop v2,train,454,CC(C)(C)c1cnc(CSc2cnc(NC(=O)C3CC[NH2+]CC3)s2)o1,5.14,4.0212073,
tdc_vdss_lombardo,"Chemprop v2 (CMPNN, ensemble=3)",Chemprop v2,train,455,Cc1ccc(-c2nc3ccc(C)cn3c2CC(=O)N(C)C)cc1,0.54,3.5791492,
tdc_vdss_lombardo,"Chemprop v2 (CMPNN, ensemble=3)",Chemprop v2,train,456,CCOc1ncc(S(=O)(=O)N2CC[NH+](CC)CC2)cc1-c1nc(=O)c2nn(CCOC)c(CC)c2[n-]1,2.4,4.82691,
tdc_vdss_lombardo,"Chemprop v2 (CMPNN, ensemble=3)",Chemprop v2,train,457,Cc1ccc(C(=O)c2cc(O)c([O-])c([N+](=O)[O-])c2)cc1,0.12,2.52967,
tdc_vdss_lombardo,"Chemprop v2 (CMPNN, ensemble=3)",Chemprop v2,train,458,CC(C(=O)[O-])c1cccc(C(=O)c2ccccc2)c1,0.13,2.8068686,
tdc_vdss_lombardo,"Chemprop v2 (CMPNN, ensemble=3)",Chemprop v2,train,459,Nc1c(CC(=O)[O-])cccc1C(=O)c1ccc(Br)cc1,0.11,2.9614966,
tdc_vdss_lombardo,"Chemprop v2 (CMPNN, ensemble=3)",Chemprop v2,train,460,CCCCCOc1ccc(-c2cc(-c3ccc(C(=O)NC4CC(O)C(O)NC(=O)C5C(O)C(C)CN5C(=O)C(C(O)CC(N)=O)NC(=O)C(C(O)C(O)c5ccc(O)c(OS(=O)(=O)[O-])c5)NC(=O)C5CC(O)CN5C(=O)C(C(C)O)NC4=O)cc3)no2)cc1,0.21,4.0613637,
tdc_vdss_lombardo,"Chemprop v2 (CMPNN, ensemble=3)",Chemprop v2,train,461,CC(C)C(=O)OCC(=O)C12OC(C3CCCCC3)OC1CC1C3CCC4=CC(=O)C=CC4(C)C3C(O)CC12C,2.9,4.3273263,
tdc_vdss_lombardo,"Chemprop v2 (CMPNN, ensemble=3)",Chemprop v2,train,462,O=C1c2cccc3cccc(c23)C(=O)N1CCNCCCNCCN1C(=O)c2cccc3cccc(c23)C1=O,12.0,5.935789,
tdc_vdss_lombardo,"Chemprop v2 (CMPNN, ensemble=3)",Chemprop v2,train,463,CCC1C[NH+]2CCC1CC2C(O)c1ccnc2ccc(OC)cc12,2.8,8.347685,
tdc_vdss_lombardo,"Chemprop v2 (CMPNN, ensemble=3)",Chemprop v2,train,464,C=CC1C[NH+]2CCC1CC2C(O)c1ccnc2ccc(OC)cc12,2.9,7.7480564,
tdc_vdss_lombardo,"Chemprop v2 (CMPNN, ensemble=3)",Chemprop v2,train,465,C=CC1C[NH+]2CCC1CC2C(O)c1ccnc2ccc(OC)cc12,1.8,7.748056,
tdc_vdss_lombardo,"Chemprop v2 (CMPNN, ensemble=3)",Chemprop v2,train,466,CCC1(O)C[NH+]2CCC1CC2C(O)c1ccnc2ccc(OC)cc12,6.8,7.501471,
tdc_vdss_lombardo,"Chemprop v2 (CMPNN, ensemble=3)",Chemprop v2,train,467,O=C(NCC[NH2+]CC(O)COc1ccc(O)cc1)N1CCOCC1,0.64,4.475963,
tdc_vdss_lombardo,"Chemprop v2 (CMPNN, ensemble=3)",Chemprop v2,train,468,COC(=O)c1cnc2n1CCc1ccccc1C2=C1CC[NH+](CCc2ccc(OCc3ccc4ccccc4n3)cc2)CC1,6.03,7.0848827,
tdc_vdss_lombardo,"Chemprop v2 (CMPNN, ensemble=3)",Chemprop v2,train,469,Nc1nc(/C(=N\O)C(=O)NC2C(=O)N3C(C(=O)[O-])=C(/C=C4\CCN(C5CC[NH2+]C5)C4=O)CSC23)ns1,0.27,1.7379127,
tdc_vdss_lombardo,"Chemprop v2 (CMPNN, ensemble=3)",Chemprop v2,train,470,O=c1ccc2ccccc2o1,1.1,3.7264555,
tdc_vdss_lombardo,"Chemprop v2 (CMPNN, ensemble=3)",Chemprop v2,train,471,CC(C)=CCN1Cc2cc(Cl)cc3[nH]c(=S)n(c23)C[C@@H]1C,21.98,4.3584046,
tdc_vdss_lombardo,"Chemprop v2 (CMPNN, ensemble=3)",Chemprop v2,train,472,COCCCOc1ccnc(CS(=O)c2nc3ccccc3[nH]2)c1C,0.22,3.4183395,
tdc_vdss_lombardo,"Chemprop v2 (CMPNN, ensemble=3)",Chemprop v2,train,473,COc1ccnc(CS(=O)c2nc3ccc(OC(F)F)cc3[nH]2)c1OC,0.17,2.866089,
tdc_vdss_lombardo,"Chemprop v2 (CMPNN, ensemble=3)",Chemprop v2,train,474,Cc1c(OCC(F)(F)F)ccnc1CS(=O)c1nc2ccccc2[nH]1,0.28,3.395547,
tdc_vdss_lombardo,"Chemprop v2 (CMPNN, ensemble=3)",Chemprop v2,train,475,COc1ccc2nc(S(=O)Cc3ncc(C)c(OC)c3C)[nH]c2c1,0.24,3.3580902,
tdc_vdss_lombardo,"Chemprop v2 (CMPNN, ensemble=3)",Chemprop v2,train,476,COc1ccc2nc(S(=O)Cc3ncc(C)c(OC)c3C)[nH]c2c1,0.2,3.3580883,
tdc_vdss_lombardo,"Chemprop v2 (CMPNN, ensemble=3)",Chemprop v2,train,477,CCCc1nn(C)c2c(=O)[nH]c(-c3cc(S(=O)(=O)N4CC[NH+](C)CC4)ccc3OCC)nc12,1.36,4.8961773,
tdc_vdss_lombardo,"Chemprop v2 (CMPNN, ensemble=3)",Chemprop v2,train,478,CCC1(C)NC(=O)C(Cc2cccs2)NC(=O)C(Cc2ccccc2)NC(=O)CCCSCC(C(=O)N2CC(O)CC2C(=O)NC(CCCNC(N)=[NH2+])C(=O)NCC(N)=O)NC(=O)C(CC(N)=O)NC1=O,0.31,2.5976105,
tdc_vdss_lombardo,"Chemprop v2 (CMPNN, ensemble=3)",Chemprop v2,train,479,O=C1CN(/N=C/c2ccc([N+](=O)[O-])o2)C(=O)[N-]1,0.57,1.159213,
tdc_vdss_lombardo,"Chemprop v2 (CMPNN, ensemble=3)",Chemprop v2,train,480,CCOC(=O)C1(c2ccccc2)CC[NH+](C)CC1,2.3,5.397763,
tdc_vdss_lombardo,"Chemprop v2 (CMPNN, ensemble=3)",Chemprop v2,train,481,CCC(=O)C1(c2cccc(O)c2)CC[NH+](C)CC1,0.48,6.389013,
tdc_vdss_lombardo,"Chemprop v2 (CMPNN, ensemble=3)",Chemprop v2,train,482,CN(C)CCCNC(=O)/C(=C/CCCCC(=O)NO)COc1cccc2ccccc12,0.45,4.0388503,
tdc_vdss_lombardo,"Chemprop v2 (CMPNN, ensemble=3)",Chemprop v2,train,483,CC(C)[NH2+]CC(O)COc1cccc2ccccc12,3.1,7.2747016,
tdc_vdss_lombardo,"Chemprop v2 (CMPNN, ensemble=3)",Chemprop v2,train,484,CCC(C(C)O)n1ncn(-c2ccc(N3CCN(c4ccc(OCC5COC(Cn6cncn6)(c6ccc(F)cc6F)C5)cc4)CC3)cc2)c1=O,3.8,5.1631513,
tdc_vdss_lombardo,"Chemprop v2 (CMPNN, ensemble=3)",Chemprop v2,train,485,Cc1noc([N-]S(=O)(=O)c2ccc(N)cc2)c1C,0.17,1.8857899,
tdc_vdss_lombardo,"Chemprop v2 (CMPNN, ensemble=3)",Chemprop v2,train,486,CCOc1cc(Cc2cnc(N)nc2N)cc(OCC)c1-n1cccc1,2.5,3.975406,
tdc_vdss_lombardo,"Chemprop v2 (CMPNN, ensemble=3)",Chemprop v2,train,487,CN(C)CC(Oc1ccccc1)Oc1ccccc1,2.8,4.3233247,
tdc_vdss_lombardo,"Chemprop v2 (CMPNN, ensemble=3)",Chemprop v2,train,488,C=C1CC2CCC34CC5OC6C(OC7CCC(CC(=O)CC8C(CC9OC(CCC1O2)CC(C)C9=C)OC(CC(O)C[NH3+])C8OC)OC7C6O3)C5O4,1.46,4.541843,
tdc_vdss_lombardo,"Chemprop v2 (CMPNN, ensemble=3)",Chemprop v2,train,489,Cc1nc2n(c(=O)c1CC[NH+]1CCC(c3noc4cc(F)ccc34)CC1)CCCC2,1.1,7.386047,
tdc_vdss_lombardo,"Chemprop v2 (CMPNN, ensemble=3)",Chemprop v2,train,490,CCc1c2c(nc3ccc(OC(=O)N4CCC([NH+]5CCCCC5)CC4)cc13)-c1cc3c(c(=O)n1C2)COC(=O)C3(O)CC,3.5,7.9465504,
tdc_vdss_lombardo,"Chemprop v2 (CMPNN, ensemble=3)",Chemprop v2,train,491,CCOC(=O)C(CCc1ccccc1)NC(C)C(=O)N1CC2(CC1C(=O)[O-])SCCS2,0.43,3.1773748,
tdc_vdss_lombardo,"Chemprop v2 (CMPNN, ensemble=3)",Chemprop v2,train,492,COC1(NC(=O)C2SC(=C(C(N)=O)C(=O)[O-])S2)C(=O)N2C(C(=O)[O-])=C(CSc3nnnn3C)CSC21,0.13,0.81904036,
tdc_vdss_lombardo,"Chemprop v2 (CMPNN, ensemble=3)",Chemprop v2,train,493,O=C([O-])CCCC[NH+](CCc1ccccc1OCc1ccc(CCc2ccccc2)cc1)Cc1ccc(C(=O)[O-])cc1,0.24,6.8458037,
tdc_vdss_lombardo,"Chemprop v2 (CMPNN, ensemble=3)",Chemprop v2,train,494,CCC1OC(=O)C(C)C(OC2CC(C)(OC)C(O)C(C)O2)C(C)C(OC2OC(C)CC([NH+](C)C)C2O)C(C)(O)CC(C)C[NH+](C)C(C)C(O)C1(C)O,33.0,6.2622037,
tdc_vdss_lombardo,"Chemprop v2 (CMPNN, ensemble=3)",Chemprop v2,train,495,COc1ccc(CC[NH+](C)CCCN2Cc3cc(OC)c(OC)cc3C2=O)cc1OC,2.4,7.0745597,
tdc_vdss_lombardo,"Chemprop v2 (CMPNN, ensemble=3)",Chemprop v2,train,496,Cc1nc(=O)c2cc(CN(C)c3ccc(C(=O)NC(CCC(=O)[O-])C(=O)[O-])s3)ccc2[nH]1,6.57,1.9141793,
tdc_vdss_lombardo,"Chemprop v2 (CMPNN, ensemble=3)",Chemprop v2,train,497,CC(C)(C)C1(O)CC2OC(=O)CC23C(=O)OC2OC(=O)C(O)C231,2.5,4.8062787,
tdc_vdss_lombardo,"Chemprop v2 (CMPNN, ensemble=3)",Chemprop v2,train,498,CCCc1nc(C)c2c(=O)[nH]c(-c3cc(S(=O)(=O)N4CC[NH+](CC)CC4)ccc3OCC)nn12,3.0,5.596064,
tdc_vdss_lombardo,"Chemprop v2 (CMPNN, ensemble=3)",Chemprop v2,train,499,CO/N=C(\C(=O)NC1C(=O)N2C(C(=O)[O-])=C(COC(N)=O)CSC12)c1ccco1,0.15,1.069496,
tdc_vdss_lombardo,"Chemprop v2 (CMPNN, ensemble=3)",Chemprop v2,train,500,CC1=C(C/C=C(\C)CCCC(C)CCCC(C)CCCC(C)C)C(=O)c2ccccc2C1=O,0.32,10.076824,
tdc_vdss_lombardo,"Chemprop v2 (CMPNN, ensemble=3)",Chemprop v2,train,501,CC(C)(C)C(NC(=O)C(CC1CCCC1)CN(O)C=O)C(=O)N1CCN(Cc2ccc3c(c2)OCO3)CC1,1.1,4.8834414,
tdc_vdss_lombardo,"Chemprop v2 (CMPNN, ensemble=3)",Chemprop v2,train,502,CCC1C(=O)N(C)c2cnc(Nc3ccc(C(=O)NC4CC[NH+](C)CC4)cc3OC)nc2N1C1CCCC1,31.2,6.7195487,
tdc_vdss_lombardo,"Chemprop v2 (CMPNN, ensemble=3)",Chemprop v2,train,503,NC(=O)C(c1ccccc1)(c1ccccc1)C1CC[NH+](CCc2ccc3c(c2)CCO3)C1,2.6,8.358467,
tdc_vdss_lombardo,"Chemprop v2 (CMPNN, ensemble=3)",Chemprop v2,train,504,CCC(=O)NCCC1CCc2ccc3c(c21)CCO3,1.05,4.484304,
tdc_vdss_lombardo,"Chemprop v2 (CMPNN, ensemble=3)",Chemprop v2,train,505,c1ccc(C2(c3ccccc3)CC2C2=[NH+]CCN2)cc1,4.1,6.230625,
tdc_vdss_lombardo,"Chemprop v2 (CMPNN, ensemble=3)",Chemprop v2,train,506,CC(=O)OC1C(=O)C2(C)C(O)CC3OCC3(OC(C)=O)C2C(OC(=O)c2ccccc2)C23OC(=O)OC2C(OC(=O)C(O)C(CC(C)C)NC(=O)OC(C)(C)C)C(C)=C1C3(C)C,13.83,5.7843747,
tdc_vdss_lombardo,"Chemprop v2 (CMPNN, ensemble=3)",Chemprop v2,train,507,Nc1n[n+]([O-])c2ccccc2[n+]1[O-],0.56,2.9638402,
tdc_vdss_lombardo,"Chemprop v2 (CMPNN, ensemble=3)",Chemprop v2,train,508,CCc1cccc2cc(C(O)C[NH2+]C(C)(C)C)oc12,1.7,6.597032,
tdc_vdss_lombardo,"Chemprop v2 (CMPNN, ensemble=3)",Chemprop v2,train,509,C=CCC1/C=C(\C)CC(C)CC(OC)C2OC(O)(C(=O)C(=O)N3CCCCC3C(=O)OC(/C(C)=C/C3CCC(O)C(OC)C3)C(C)C(O)CC1=O)C(C)CC2OC,1.2,4.687193,
tdc_vdss_lombardo,"Chemprop v2 (CMPNN, ensemble=3)",Chemprop v2,train,510,COc1ccc(C2Sc3ccccc3N(CC[NH+](C)C)C(=O)C2OC(C)=O)cc1,4.1,5.16863,
tdc_vdss_lombardo,"Chemprop v2 (CMPNN, ensemble=3)",Chemprop v2,train,511,COc1ccc(C2Sc3cc(Cl)ccc3N(CC[NH+](C)C)C(=O)C2OC(C)=O)cc1,9.7,5.2281075,
tdc_vdss_lombardo,"Chemprop v2 (CMPNN, ensemble=3)",Chemprop v2,train,512,CC1C(=O)OC2CC34C5CC(C(C)(C)C)C36C(OC(=O)C6O)OC4(C(=O)O5)C21O,0.62,4.8368163,
tdc_vdss_lombardo,"Chemprop v2 (CMPNN, ensemble=3)",Chemprop v2,train,513,CC1C(=O)OC2C(O)C34C5CC(C(C)(C)C)C36C(OC(=O)C6O)OC4(C(=O)O5)C12O,0.91,4.635264,
tdc_vdss_lombardo,"Chemprop v2 (CMPNN, ensemble=3)",Chemprop v2,train,514,NC(=O)C1CCC2CN1C(=O)N2OS(=O)(=O)[O-],0.24,1.2980584,
tdc_vdss_lombardo,"Chemprop v2 (CMPNN, ensemble=3)",Chemprop v2,train,515,CN1CCc2nc(C(=O)N[C@@H]3C[C@@H](C(=O)N(C)C)CC[C@@H]3NC(=O)C(=O)Nc3ccc(Cl)cn3)sc2C1,1.53,3.224908,
tdc_vdss_lombardo,"Chemprop v2 (CMPNN, ensemble=3)",Chemprop v2,train,516,[NH3+]C1CCN(c2c(F)cc3c(=O)c(C(=O)[O-])cn(C4CC4)c3c2Cl)C1,1.9,4.0446677,
tdc_vdss_lombardo,"Chemprop v2 (CMPNN, ensemble=3)",Chemprop v2,train,517,C[NH+]1C2CCC1CC(OC(=O)C(CO)c1ccccc1)C2,3.3,4.9097614,
tdc_vdss_lombardo,"Chemprop v2 (CMPNN, ensemble=3)",Chemprop v2,train,518,CC(C)[N+]1(C)C2CCC1CC(OC(=O)C(CO)c1ccccc1)C2,5.1,4.076799,
tdc_vdss_lombardo,"Chemprop v2 (CMPNN, ensemble=3)",Chemprop v2,train,519,CCC[NH2+]C(C)C(=O)Nc1c(C)csc1C(=O)OC,7.7,3.8287613,
tdc_vdss_lombardo,"Chemprop v2 (CMPNN, ensemble=3)",Chemprop v2,train,520,N#CC1CC2CC2N1C(=O)C(N)C12CC3CC(CC(O)(C3)C1)C2,1.8,3.0321522,
tdc_vdss_lombardo,"Chemprop v2 (CMPNN, ensemble=3)",Chemprop v2,train,521,Cn1cc[nH]c1=S,0.86,3.0454273,
tdc_vdss_lombardo,"Chemprop v2 (CMPNN, ensemble=3)",Chemprop v2,train,522,CC(=O)NCC1CN(c2ccc(N3CCOCC3)c(F)c2)C(=O)O1,0.58,3.0783997,
tdc_vdss_lombardo,"Chemprop v2 (CMPNN, ensemble=3)",Chemprop v2,train,523,NC(=[NH2+])N1CCCC(CNC(=O)CC(NS(=O)(=O)c2ccc3ccccc3c2)C(=O)N(CC(=O)[O-])C2CC2)C1,0.36,2.20467,
tdc_vdss_lombardo,"Chemprop v2 (CMPNN, ensemble=3)",Chemprop v2,train,524,CCC(O)C(C)C1OC1CC(C)(O)/C=C\C=C(/C)C1OC(=O)CC(O)CCC(C)(O)C(OC(=O)N2CC[NH+](C3CCCCCC3)CC2)/C=C/C1C,10.1,7.2528634,
tdc_vdss_lombardo,"Chemprop v2 (CMPNN, ensemble=3)",Chemprop v2,train,525,O=C(Cc1cccs1)NC1C(=O)N2C(C(=O)[O-])=C(C[n+]3ccccc3)CSC12,0.46,2.4034393,
tdc_vdss_lombardo,"Chemprop v2 (CMPNN, ensemble=3)",Chemprop v2,train,526,CNC(=O)C(c1ccccc1)N1CCc2cc(OC)c(OC)cc2C1CCc1ccc(C(F)(F)F)cc1,9.75,4.7687697,
tdc_vdss_lombardo,"Chemprop v2 (CMPNN, ensemble=3)",Chemprop v2,train,527,O/N=C/c1cc[n+](COC[n+]2ccc(/C=N/O)cc2)cc1,0.17,3.3613615,
tdc_vdss_lombardo,"Chemprop v2 (CMPNN, ensemble=3)",Chemprop v2,train,528,C[N+]1(CC2CC2)CCC23c4c5ccc(O)c4OC2C(=O)CCC3(O)C1C5,2.6,5.975262,
tdc_vdss_lombardo,"Chemprop v2 (CMPNN, ensemble=3)",Chemprop v2,train,529,CC1=C(C(=O)[O-])N2C(=O)C(NC(=O)C([NH3+])C3=CCC=CC3)C2SC1,0.21,2.3379586,
tdc_vdss_lombardo,"Chemprop v2 (CMPNN, ensemble=3)",Chemprop v2,train,530,CCC1(O)C(=O)OCc2c1cc1n(c2=O)Cc2c-1nc1cc3c(cc1c2CN1CC[NH+](C)CC1)OCCO3,4.77,7.145159,
tdc_vdss_lombardo,"Chemprop v2 (CMPNN, ensemble=3)",Chemprop v2,train,531,O=C1CN=C(c2ccccc2)c2cc(Cl)ccc2N1,0.45,3.8145492,
tdc_vdss_lombardo,"Chemprop v2 (CMPNN, ensemble=3)",Chemprop v2,train,532,O=C1Nc2ccc(Cl)cc2C(c2ccccc2)=NC1O,0.59,3.7376568,
tdc_vdss_lombardo,"Chemprop v2 (CMPNN, ensemble=3)",Chemprop v2,train,533,CN1C(=O)CN=C(c2ccccc2F)c2cc([N+](=O)[O-])ccc21,1.9,2.8467007,
tdc_vdss_lombardo,"Chemprop v2 (CMPNN, ensemble=3)",Chemprop v2,train,534,O=C1CN=C(c2ccccc2Cl)c2cc(Br)ccc2N1,6.23,3.9656885,
tdc_vdss_lombardo,"Chemprop v2 (CMPNN, ensemble=3)",Chemprop v2,train,535,O=C1CN=C(c2ccccc2)c2cc([N+](=O)[O-])ccc2N1,1.7,2.7990077,
tdc_vdss_lombardo,"Chemprop v2 (CMPNN, ensemble=3)",Chemprop v2,train,536,CN1C(=O)CN=C(c2ccccc2)c2cc(Cl)ccc21,1.0,3.5602782,
tdc_vdss_lombardo,"Chemprop v2 (CMPNN, ensemble=3)",Chemprop v2,train,537,O=C1Nc2ccc(Cl)cc2C(c2ccccc2Cl)=NC1O,1.3,3.8538196,
tdc_vdss_lombardo,"Chemprop v2 (CMPNN, ensemble=3)",Chemprop v2,train,538,O=C([O-])C1N=C(c2ccccc2)c2cc(Cl)ccc2NC1=O,0.2,2.7541344,
tdc_vdss_lombardo,"Chemprop v2 (CMPNN, ensemble=3)",Chemprop v2,train,539,CN1C(=O)C(O)N=C(c2ccccc2Cl)c2cc(Cl)ccc21,1.6,3.6087463,
tdc_vdss_lombardo,"Chemprop v2 (CMPNN, ensemble=3)",Chemprop v2,train,540,O=C1CN=C(c2ccccc2Cl)c2cc([N+](=O)[O-])ccc2N1,2.9,2.8588269,
tdc_vdss_lombardo,"Chemprop v2 (CMPNN, ensemble=3)",Chemprop v2,train,541,O=C1CN=C(c2ccccc2Cl)c2cc(Cl)ccc2N1,2.2,3.9467456,
tdc_vdss_lombardo,"Chemprop v2 (CMPNN, ensemble=3)",Chemprop v2,train,542,Cc1nnc(SCC2=C(C(=O)[O-])N3C(=O)C(NC(=O)Cn4cc(Cl)c(=O)c(Cl)c4)C3SC2)s1,0.13,2.0170772,
tdc_vdss_lombardo,"Chemprop v2 (CMPNN, ensemble=3)",Chemprop v2,train,543,Cc1c(C)c2ccc(OCCC[NH+]3CCN(Cc4ccc(Cl)cc4)CC3)cc2oc1=O,1.3,8.209944,
tdc_vdss_lombardo,"Chemprop v2 (CMPNN, ensemble=3)",Chemprop v2,train,544,CCC[NH2+]C1CCc2nc(N)sc2C1,7.0,5.5117073,
tdc_vdss_lombardo,"Chemprop v2 (CMPNN, ensemble=3)",Chemprop v2,train,545,C[NH+]1C2CCC1CC(OC(=O)c1c[nH]c3ccccc13)C2,9.7,5.604689,
tdc_vdss_lombardo,"Chemprop v2 (CMPNN, ensemble=3)",Chemprop v2,train,546,CC1(C)SC2C(NC(=O)C(NC(=O)c3cnc4cccnc4c3[O-])c3ccccc3)C(=O)N2C1C(=O)[O-],0.16,2.8811724,
tdc_vdss_lombardo,"Chemprop v2 (CMPNN, ensemble=3)",Chemprop v2,train,547,O=C(/C=C/c1c(C(=O)[O-])[nH]c2cc(Cl)cc(Cl)c12)Nc1ccccc1,0.12,2.6923,
tdc_vdss_lombardo,"Chemprop v2 (CMPNN, ensemble=3)",Chemprop v2,train,548,Cc1cnc([N-]C(=O)C2=C([O-])c3ccccc3S(=O)(=O)N2C)s1,0.15,1.0760875,
tdc_vdss_lombardo,"Chemprop v2 (CMPNN, ensemble=3)",Chemprop v2,train,549,CC(=O)N(CC(O)CN(C(C)=O)c1c(I)c(C(=O)NCC(O)CO)c(I)c(C(=O)NCC(O)CO)c1I)c1c(I)c(C(=O)NCC(O)CO)c(I)c(C(=O)NCC(O)CO)c1I,0.2,4.890981,
tdc_vdss_lombardo,"Chemprop v2 (CMPNN, ensemble=3)",Chemprop v2,train,550,Cc1ccc2c(-c3ccccc3)nc(=O)n(C(C)C)c2c1,0.52,4.0561414,
tdc_vdss_lombardo,"Chemprop v2 (CMPNN, ensemble=3)",Chemprop v2,train,551,CCCCCCCCOCCOC(=O)CN(CC(=O)[O-])c1ccccc1OCCOc1ccccc1[NH+](CC(=O)[O-])CC(=O)OCCOCCCCCCCC,1.1,6.925406,
tdc_vdss_lombardo,"Chemprop v2 (CMPNN, ensemble=3)",Chemprop v2,train,552,COc1ccc(-n2nc(C(N)=O)c3c2C(=O)N(c2ccc(N4CCCCC4=O)cc2)CC3)cc1,0.3,3.2157993,
tdc_vdss_lombardo,"Chemprop v2 (CMPNN, ensemble=3)",Chemprop v2,train,553,[NH3+]C(C(=O)[O-])C1CC(Cl)=NO1,0.5,2.4973633,
tdc_vdss_lombardo,"Chemprop v2 (CMPNN, ensemble=3)",Chemprop v2,train,554,Nc1c2c([nH+]c3ccccc13)CCCC2,11.0,6.723784,
tdc_vdss_lombardo,"Chemprop v2 (CMPNN, ensemble=3)",Chemprop v2,train,555,Cc1nccn1CCC(C(N)=O)(c1ccccc1)c1ccccc1,1.51,3.9794204,
tdc_vdss_lombardo,"Chemprop v2 (CMPNN, ensemble=3)",Chemprop v2,train,556,OCCN1CC(O)C(O)C(O)C1CO,0.28,4.264186,
tdc_vdss_lombardo,"Chemprop v2 (CMPNN, ensemble=3)",Chemprop v2,train,557,C/C(=C\C(C(C)C)N(C)C(=O)C(NC(=O)C1CCCCN1C(C)C)C(C)(C)C)C(=O)[O-],1.26,3.4394176,
tdc_vdss_lombardo,"Chemprop v2 (CMPNN, ensemble=3)",Chemprop v2,train,558,C[NH+]1CCC23c4c5ccc(O)c4OC2C(O)C=CC3C1C5,2.3,6.7989106,
tdc_vdss_lombardo,"Chemprop v2 (CMPNN, ensemble=3)",Chemprop v2,train,559,COc1ccc2c3c1OC1C(O)C=CC4C(C2)[NH+](C)CCC341,3.5,6.7580886,
tdc_vdss_lombardo,"Chemprop v2 (CMPNN, ensemble=3)",Chemprop v2,train,560,CC(=O)Oc1ccc2c3c1OC1C(OC(C)=O)C=CC4C(C2)[NH+](C)CCC341,1.31,5.541281,
tdc_vdss_lombardo,"Chemprop v2 (CMPNN, ensemble=3)",Chemprop v2,train,561,CCOc1ccc(/C=C2\NCCc3cc(OCC)c(OCC)cc32)cc1OCC,1.9,5.2077556,
tdc_vdss_lombardo,"Chemprop v2 (CMPNN, ensemble=3)",Chemprop v2,train,562,C/C=C/CC(C)C(=O)C1C(=O)NC(C(C)C)C(=O)N(C)CC(=O)N(C)C(CC(C)C)C(=O)NC(C(C)C)C(=O)N(C)C(CC(C)C)C(=O)NC(C)C(=O)NC(C)C(=O)N(C)C(CC(C)C)C(=O)N(C)C(CC(C)C)C(=O)N(C)C(C(C)C)C(=O)N1C,1.8,4.5636706,
tdc_vdss_lombardo,"Chemprop v2 (CMPNN, ensemble=3)",Chemprop v2,train,563,C/C=C/CC(C)C(O)C1C(=O)NC(CC)C(=O)N(C)CC(=O)N(C)C(CC(C)C)C(=O)NC(C(C)C)C(=O)N(C)C(CC(C)C)C(=O)NC(C)C(=O)NC(C)C(=O)N(C)C(CC(C)C)C(=O)N(C)C(CC(C)C)C(=O)N(C)C(C(C)C)C(=O)N1C,3.3,5.351908,
tdc_vdss_lombardo,"Chemprop v2 (CMPNN, ensemble=3)",Chemprop v2,train,564,CC1CCC2C(C)C(OC(=O)CCC(=O)O)OC3OC4(C)CCC1C32OO4,15.0,4.2610893,
tdc_vdss_lombardo,"Chemprop v2 (CMPNN, ensemble=3)",Chemprop v2,train,565,CC1(C)OC2CC3C4CC(F)C5=CC(=O)C=CC5(C)C4C(O)CC3(C)C2(C(=O)CO)O1,1.08,3.7898376,
tdc_vdss_lombardo,"Chemprop v2 (CMPNN, ensemble=3)",Chemprop v2,train,566,CCCC1OC2CC3C4CCC5=CC(=O)C=CC5(C)C4C(O)CC3(C)C2(C(=O)CO)O1,3.9,3.9058845,
tdc_vdss_lombardo,"Chemprop v2 (CMPNN, ensemble=3)",Chemprop v2,train,567,CC1(C)OC2CC3C4CCC5=CC(=O)C=CC5(C)C4(F)C(O)CC3(C)C2(C(=O)CO)O1,1.4,4.2125487,
tdc_vdss_lombardo,"Chemprop v2 (CMPNN, ensemble=3)",Chemprop v2,train,568,CCC(=O)N(c1ccccc1)C1CC[NH+](CCc2ccccc2)CC1,0.89,6.5215936,
tdc_vdss_lombardo,"Chemprop v2 (CMPNN, ensemble=3)",Chemprop v2,train,569,CC1\C=C/C=C\C=C/C=C\C=C/C=C\C=C/C(OC2OC(C)C(O)C([NH3+])C2O)CC2OC(O)(CC(O)CC(O)C(O)CCC(O)CC(O)CC(=O)OC(C)C(C)C1O)CC(O)C2C(=O)[O-],0.62,3.136472,
tdc_vdss_lombardo,"Chemprop v2 (CMPNN, ensemble=3)",Chemprop v2,train,570,CO/N=C(/C(=O)NC1C(=O)N2C(C(=O)[O-])=C(C[n+]3ccn4ncccc43)CSC12)c1nsc(N)n1,0.24,1.6961241,
tdc_vdss_lombardo,"Chemprop v2 (CMPNN, ensemble=3)",Chemprop v2,train,571,COc1nc(C)nc(Cl)c1NC1=[NH+]CCN1,1.8,3.290603,
tdc_vdss_lombardo,"Chemprop v2 (CMPNN, ensemble=3)",Chemprop v2,train,572,C=C[C@@H]1CNCC[C@@H]1CCCc1ccnc2ccc(OC)cc12,24.4,7.089005,
tdc_vdss_lombardo,"Chemprop v2 (CMPNN, ensemble=3)",Chemprop v2,train,573,CC(O)C[NH+]1CCN(CCOC(c2ccccc2)c2ccc(Cl)cc2)CC1,1.9,10.253015,
tdc_vdss_lombardo,"Chemprop v2 (CMPNN, ensemble=3)",Chemprop v2,train,574,CN(c1nccc(=O)[nH]1)C1CCN(c2nc3ccccc3n2Cc2ccc(F)cc2)CC1,0.38,3.8985374,
tdc_vdss_lombardo,"Chemprop v2 (CMPNN, ensemble=3)",Chemprop v2,train,575,O=C(c1ccc(OCC[NH+]2CCCCC2)cc1)c1c(-c2ccc(O)cc2)sc2cc(O)ccc12,7.5,9.518168,
tdc_vdss_lombardo,"Chemprop v2 (CMPNN, ensemble=3)",Chemprop v2,train,576,CC(c1cccnc1F)c1c(CC[NH+](C)[14CH3])sc2ccccc12,5.73,8.501095,
tdc_vdss_lombardo,"Chemprop v2 (CMPNN, ensemble=3)",Chemprop v2,train,577,CN(C(=O)CC(=O)N(C)c1c(I)c(C(=O)N[C@H](CO)[C@H](O)CO)c(I)c(C(=O)N[C@H](CO)[C@H](O)CO)c1I)c1c(I)c(C(=O)N[C@H](CO)[C@H](O)CO)c(I)c(C(=O)N[C@H](CO)[C@H](O)CO)c1I,0.23,3.929777,
tdc_vdss_lombardo,"Chemprop v2 (CMPNN, ensemble=3)",Chemprop v2,train,578,COc1cc(NC(C)CCC[NH3+])c2ncccc2c1,4.0,7.9046073,
tdc_vdss_lombardo,"Chemprop v2 (CMPNN, ensemble=3)",Chemprop v2,train,579,O=C(NC1CCC(c2cccc(F)c2F)CN(CC(F)(F)F)C1=O)N1CCC(n2c(=O)[nH]c3ncccc32)CC1,0.86,3.8453658,
tdc_vdss_lombardo,"Chemprop v2 (CMPNN, ensemble=3)",Chemprop v2,train,580,CCC1(O)CC(=O)OCc2c1cc1n(c2=O)Cc2cc3cc(F)c(F)cc3nc2-1,1.42,5.061459,
tdc_vdss_lombardo,"Chemprop v2 (CMPNN, ensemble=3)",Chemprop v2,train,581,C[NH+]([14CH3])CCC1=C(Cc2cccnn2)c2ccc(F)cc2C1,1.11,6.9331684,
tdc_vdss_lombardo,"Chemprop v2 (CMPNN, ensemble=3)",Chemprop v2,train,582,CC([NH2+]CCc1ccc(O)cc1)C(O)c1ccc(O)cc1,4.4,7.815811,
tdc_vdss_lombardo,"Chemprop v2 (CMPNN, ensemble=3)",Chemprop v2,train,583,CC(Cc1ccc(O)cc1)[NH2+]CC(O)c1cc(O)cc(O)c1,1.2,7.7367415,
tdc_vdss_lombardo,"Chemprop v2 (CMPNN, ensemble=3)",Chemprop v2,train,584,CC(C)=CCCC1(C)C=Cc2c(O)c3c(c(CC=C(C)C)c2O1)OC12C(=CC4CC1C(C)(C)OC2(C/C=C(/C)C(=O)[O-])C4=O)C3=O,0.99,5.537226,
tdc_vdss_lombardo,"Chemprop v2 (CMPNN, ensemble=3)",Chemprop v2,train,585,C[NH2+]CC[C@@H](O)[C@@H]1C[C@H](SC2=C(C(=O)[O-])N3C(=O)[C@H]([C@@H](C)O)[C@H]3[C@H]2C)CN1,0.22,4.221497,
tdc_vdss_lombardo,"Chemprop v2 (CMPNN, ensemble=3)",Chemprop v2,train,586,CC(=[NH2+])N1CCC(SC2=C(C(=O)[O-])N3C(=O)C(C(C)O)C3C2)C1,0.19,2.8772392,
tdc_vdss_lombardo,"Chemprop v2 (CMPNN, ensemble=3)",Chemprop v2,train,587,CCCc1nc2c(C)cc(-c3nc4ccccc4n3C)cc2n1Cc1ccc(-c2ccccc2C(=O)[O-])cc1,5.3,4.4465218,
tdc_vdss_lombardo,"Chemprop v2 (CMPNN, ensemble=3)",Chemprop v2,train,588,CCC[NH+](CCC)CCc1cccc2c1CC(=O)N2,7.7,14.343487,
tdc_vdss_lombardo,"Chemprop v2 (CMPNN, ensemble=3)",Chemprop v2,train,589,O=C(CCC[NH+]1CCC(n2c(=O)[nH]c3ccccc32)CC1)c1ccc(F)cc1,3.8,7.2231307,
tdc_vdss_lombardo,"Chemprop v2 (CMPNN, ensemble=3)",Chemprop v2,train,590,C#Cc1cccc(Nc2ncnc3cc(OCCOC)c(OCCOC)cc23)c1,0.77,3.879207,
tdc_vdss_lombardo,"Chemprop v2 (CMPNN, ensemble=3)",Chemprop v2,train,591,Cn1c(=O)c2c(ncn2C)n(C)c1=O,0.63,3.0649989,
tdc_vdss_lombardo,"Chemprop v2 (CMPNN, ensemble=3)",Chemprop v2,train,592,Cn1c(=O)c2c(ncn2CC(O)CO)n(C)c1=O,0.42,3.6122458,
tdc_vdss_lombardo,"Chemprop v2 (CMPNN, ensemble=3)",Chemprop v2,train,593,CC(=O)CCCCn1c(=O)c2c(ncn2C)n(C)c1=O,1.8,3.3884757,
tdc_vdss_lombardo,"Chemprop v2 (CMPNN, ensemble=3)",Chemprop v2,train,594,CCCC[NH+]1CCCCC1C(=O)Nc1c(C)cccc1C,0.84,7.966659,
tdc_vdss_lombardo,"Chemprop v2 (CMPNN, ensemble=3)",Chemprop v2,train,595,CCC[NH+]1CCCCC1C(=O)Nc1c(C)cccc1C,0.75,7.0597014,
tdc_vdss_lombardo,"Chemprop v2 (CMPNN, ensemble=3)",Chemprop v2,train,596,CCCC[NH+]1CCCCC1C(=O)Nc1c(C)cccc1C,0.49,7.966659,
tdc_vdss_lombardo,"Chemprop v2 (CMPNN, ensemble=3)",Chemprop v2,train,597,Cc1cccc(C)c1NC(=O)C1CCCC[NH+]1C,0.95,5.4031005,
tdc_vdss_lombardo,"Chemprop v2 (CMPNN, ensemble=3)",Chemprop v2,train,598,CC#CC1(O)CCC2C3CCC4=CC(=O)CCC4=C3C(c3ccc(N(C)C)cc3)CC21C,0.01,4.8150163,
tdc_vdss_lombardo,"Chemprop v2 (CMPNN, ensemble=3)",Chemprop v2,train,599,CCC1OC(=O)CC(O)C(C)C(OC2OC(C)CC([NH+](C)C)C2O)C(CC=O)CC(C)C(=O)/C=C\C2(C)OC2C1C,2.83,4.9553013,
tdc_vdss_lombardo,"Chemprop v2 (CMPNN, ensemble=3)",Chemprop v2,train,600,NS(=O)(=O)c1cc2c(cc1C(F)(F)F)NCNS2(=O)=O,2.2,2.0601962,
tdc_vdss_lombardo,"Chemprop v2 (CMPNN, ensemble=3)",Chemprop v2,train,601,Cc1[nH]cnc1CN1CCc2c(c3ccccc3n2C)C1=O,1.1,4.0564165,
tdc_vdss_lombardo,"Chemprop v2 (CMPNN, ensemble=3)",Chemprop v2,train,602,CC([NH2+]C(CCc1ccccc1)C(=O)[O-])C(=O)N1Cc2ccccc2CC1C(=O)[O-],0.13,2.5824006,
tdc_vdss_lombardo,"Chemprop v2 (CMPNN, ensemble=3)",Chemprop v2,train,603,COc1cc(S(C)=O)ccc1-c1nc2ccncc2[nH]1,1.67,3.570392,
tdc_vdss_lombardo,"Chemprop v2 (CMPNN, ensemble=3)",Chemprop v2,train,604,CNC(=O)c1cccc2c(Nc3ccc(NS(C)(=O)=O)cc3OC)c3cccc(C)c3[nH+]c12,0.3,2.5044003,
tdc_vdss_lombardo,"Chemprop v2 (CMPNN, ensemble=3)",Chemprop v2,train,605,COc1cc(NS(C)(=O)=O)ccc1Nc1c2ccccc2[nH+]c2ccccc12,1.6,2.5583668,
tdc_vdss_lombardo,"Chemprop v2 (CMPNN, ensemble=3)",Chemprop v2,train,606,C[NH+](C)CCc1c[nH]c2ccc(CS(=O)(=O)N3CCCC3)cc12,2.2,5.305898,
tdc_vdss_lombardo,"Chemprop v2 (CMPNN, ensemble=3)",Chemprop v2,train,607,CC(C)n1c(/C=C/C(O)CC(O)CC(=O)[O-])c(-c2ccc(F)cc2)c2ccccc21,0.42,4.138201,
tdc_vdss_lombardo,"Chemprop v2 (CMPNN, ensemble=3)",Chemprop v2,train,608,CCCCCCCCC/C=C/C=C/C(=O)NCC(=O)NC1C(O)C(O)C(Nc2[nH]cnc3ncnc2-3)OC1C(O)CO,0.17,7.455492,
tdc_vdss_lombardo,"Chemprop v2 (CMPNN, ensemble=3)",Chemprop v2,train,609,COc1cccc2c1C(CO)N1C(C#N)C3CC(C(=O)[O-])C(C1C2)N3C,0.23,4.11496,
tdc_vdss_lombardo,"Chemprop v2 (CMPNN, ensemble=3)",Chemprop v2,train,610,CC1OC1P(=O)([O-])[O-],0.32,2.2006216,
tdc_vdss_lombardo,"Chemprop v2 (CMPNN, ensemble=3)",Chemprop v2,train,611,Cn1cc(NC(=O)Nc2cc(C(=O)Nc3cc(C(=O)Nc4ccc5cc(S(=O)(=O)[O-])cc(S(=O)(=O)[O-])c5c4)n(C)c3)n(C)c2)cc1C(=O)Nc1cc(C(=O)Nc2ccc3cc(S(=O)(=O)[O-])cc(S(=O)(=O)[O-])c3c2)n(C)c1,0.27,-2.3753805,
tdc_vdss_lombardo,"Chemprop v2 (CMPNN, ensemble=3)",Chemprop v2,train,612,COc1ccccc1N1CCN(CCCNc2cc(=O)n(C)c(=O)n2C)CC1,0.75,4.103729,
tdc_vdss_lombardo,"Chemprop v2 (CMPNN, ensemble=3)",Chemprop v2,train,613,O=C1OC2(c3ccc(O)cc3Oc3cc(O)ccc32)c2ccccc21,0.14,5.580986,
tdc_vdss_lombardo,"Chemprop v2 (CMPNN, ensemble=3)",Chemprop v2,train,614,C#CC1(O)CCC2C3CCc4cc(O)ccc4C3CCC21C,4.3,4.662729,
tdc_vdss_lombardo,"Chemprop v2 (CMPNN, ensemble=3)",Chemprop v2,train,615,C#CC1(OS(=O)(=O)[O-])CCC2C3CCc4cc(O)ccc4C3CCC21C,0.61,3.7109025,
tdc_vdss_lombardo,"Chemprop v2 (CMPNN, ensemble=3)",Chemprop v2,train,616,C#CC1(O)CCC2C3CCc4cc(OS(=O)(=O)[O-])ccc4C3CCC21C,2.3,3.6744926,
tdc_vdss_lombardo,"Chemprop v2 (CMPNN, ensemble=3)",Chemprop v2,train,617,CC12CCC3c4ccc(O)cc4CC(CCCCCCCCCS(=O)CCCC(F)(F)C(F)(F)F)C3C1CCC2O,4.15,6.796205,
tdc_vdss_lombardo,"Chemprop v2 (CMPNN, ensemble=3)",Chemprop v2,train,618,CC12CCC3c4ccc(O)cc4CCC3C1CCC2O,1.2,4.5726986,
tdc_vdss_lombardo,"Chemprop v2 (CMPNN, ensemble=3)",Chemprop v2,train,619,CC12CCC3c4ccc(OC(=O)N(CCCl)CCCl)cc4CCC3C1CCC2OP(=O)([O-])[O-],0.12,3.4951227,
tdc_vdss_lombardo,"Chemprop v2 (CMPNN, ensemble=3)",Chemprop v2,train,620,CC1=C(C(=O)[O-])N2C(=O)C(NC(=O)C([NH3+])c3ccccc3)C2SC1,0.21,2.3242552,
tdc_vdss_lombardo,"Chemprop v2 (CMPNN, ensemble=3)",Chemprop v2,train,621,C/C=C/C1=C(C(=O)[O-])N2C(=O)C(NC(=O)C([NH3+])c3ccc(O)cc3)C2SC1,0.21,2.200432,
tdc_vdss_lombardo,"Chemprop v2 (CMPNN, ensemble=3)",Chemprop v2,train,622,CC1=C(C(=O)[O-])N2C(=O)C(NC(=O)C([NH3+])c3ccc(O)cc3)C2SC1,0.23,2.370431,
tdc_vdss_lombardo,"Chemprop v2 (CMPNN, ensemble=3)",Chemprop v2,train,623,CC(C)=CCCC(C)(OC1OC(CO)C(O)C(O)C1O)C1CCC2(C)C1C(O)CC1C3(C)CCC(OC4OC(CO)C(O)C(O)C4OC4OC(CO)C(O)C(O)C4O)C(C)(C)C3CCC12C,0.11,1.233307,
tdc_vdss_lombardo,"Chemprop v2 (CMPNN, ensemble=3)",Chemprop v2,train,624,CC(=O)C1(O)Cc2c(O)c3c(c(O)c2C(OC2CC([NH3+])C(O)C(C)O2)C1)C(=O)c1ccccc1C3=O,38.0,6.3247647,
tdc_vdss_lombardo,"Chemprop v2 (CMPNN, ensemble=3)",Chemprop v2,train,625,COc1cccc2c1C(=O)c1c(O)c3c(c(O)c1C2=O)CC(O)(C(=O)CO)CC3OC1CC([NH3+])C(O)C(C)O1,22.0,6.286701,
tdc_vdss_lombardo,"Chemprop v2 (CMPNN, ensemble=3)",Chemprop v2,train,626,COc1cccc2c1C(=O)c1c(O)c3c(c(O)c1C2=O)CC(O)(C(=O)CO)CC3OC1CC([NH3+])C(O)C(C)O1,45.0,6.2867007,
tdc_vdss_lombardo,"Chemprop v2 (CMPNN, ensemble=3)",Chemprop v2,train,627,COc1cccc2c1C(=O)c1c(O)c3c(c(O)c1C2=O)CC(O)(C(=O)CO)CC3OC1CC([NH3+])C(I)C(C)O1,53.6,6.238048,
tdc_vdss_lombardo,"Chemprop v2 (CMPNN, ensemble=3)",Chemprop v2,train,628,Cc1cc(C)c(/C=C2\C(=O)Nc3ccccc32)[nH]1,0.98,3.9332657,
tdc_vdss_lombardo,"Chemprop v2 (CMPNN, ensemble=3)",Chemprop v2,train,629,C[NH+]1Cc2c(N)cccc2C(c2ccccc2)C1,6.0,10.863042,
tdc_vdss_lombardo,"Chemprop v2 (CMPNN, ensemble=3)",Chemprop v2,train,630,CCOc1nc2cccc(C(=O)[O-])c2n1Cc1ccc(-c2ccccc2-c2nnn[n-]2)cc1,0.13,2.792283,
tdc_vdss_lombardo,"Chemprop v2 (CMPNN, ensemble=3)",Chemprop v2,train,631,Clc1cccc(N2CC[NH2+]CC2)c1,2.5,5.4064965,
tdc_vdss_lombardo,"Chemprop v2 (CMPNN, ensemble=3)",Chemprop v2,train,632,Cc1c(N)nc([C@H](CC(N)=O)NC[C@H]([NH3+])C(N)=O)nc1C(=O)N[C@H](C(=O)N[C@H](C)[C@@H](O)[C@H](C)C(=O)N[C@H](C(=O)NCCc1nc(-c2nc(C(=O)NCCC[S+](C)C)cs2)cs1)[C@@H](C)O)[C@@H](O[C@@H]1O[C@@H](CO)[C@@H](O)[C@H](O)[C@@H]1O[C@H]1O[C@H](CO)[C@@H](O)[C@H](OC(N)=O)[C@@H]1O)c1cnc[nH]1,9.43,3.3202922,
tdc_vdss_lombardo,"Chemprop v2 (CMPNN, ensemble=3)",Chemprop v2,train,633,C[NH2+]C1C(O)C(OC2C(N)CC([NH3+])C(OC3OC(C[NH3+])=CCC3[NH3+])C2O)OCC1(C)O,0.19,3.8515644,
tdc_vdss_lombardo,"Chemprop v2 (CMPNN, ensemble=3)",Chemprop v2,train,634,CCNC1CC(N)C(OC2OC(C[NH3+])=CCC2[NH3+])C(O)C1OC1OCC(C)(O)C([NH2+]C)C1O,0.07,4.459988,
tdc_vdss_lombardo,"Chemprop v2 (CMPNN, ensemble=3)",Chemprop v2,train,635,C[NH2+]C1C(O)C(OC2C(NC(=O)C(O)CC[NH3+])CC([NH3+])C(OC3OC(CNCCO)=CCC3[NH3+])C2O)OCC1(C)O,0.22,4.66571,
tdc_vdss_lombardo,"Chemprop v2 (CMPNN, ensemble=3)",Chemprop v2,train,636,CO/N=C(/C(=O)NC1C(=O)N2C(C(=O)[O-])=C(CSc3nc(=O)c(=O)[n-]n3C)CSC12)c1csc(N)n1,0.12,0.6069834,
tdc_vdss_lombardo,"Chemprop v2 (CMPNN, ensemble=3)",Chemprop v2,train,637,CC(C)([NH3+])CC(=O)NC1CCc2ccccc2N(Cc2ccc(-c3ccccc3-c3nnn[n-]3)cc2)C1=O,0.2,3.564555,
tdc_vdss_lombardo,"Chemprop v2 (CMPNN, ensemble=3)",Chemprop v2,train,638,NC(=[NH2+])c1ccc(C(=O)NC(Cc2ccc(O)cc2)C(=O)N2CCC(OCC(=O)[O-])CC2)cc1,0.29,2.7625277,
tdc_vdss_lombardo,"Chemprop v2 (CMPNN, ensemble=3)",Chemprop v2,train,639,O=C([O-])c1cc(-c2ccc(F)cc2F)ccc1O,0.1,3.164388,
tdc_vdss_lombardo,"Chemprop v2 (CMPNN, ensemble=3)",Chemprop v2,train,640,CN/C(=C\[N+](=O)[O-])NCCSCc1ccc(C[NH+](C)C)o1,1.2,3.7679818,
tdc_vdss_lombardo,"Chemprop v2 (CMPNN, ensemble=3)",Chemprop v2,train,641,C[NH+](C)CC/C=C1\c2ccccc2COc2ccccc21,12.0,9.309285,
tdc_vdss_lombardo,"Chemprop v2 (CMPNN, ensemble=3)",Chemprop v2,train,642,O=C(c1ccc(F)cc1)C1CC[NH+](CCn2c(=O)[nH]c3ccccc3c2=O)CC1,3.9,6.2399583,
tdc_vdss_lombardo,"Chemprop v2 (CMPNN, ensemble=3)",Chemprop v2,train,643,CN(C(=O)c1c([O-])c2ccccc2n(C)c1=O)c1ccccc1,0.21,2.9748983,
tdc_vdss_lombardo,"Chemprop v2 (CMPNN, ensemble=3)",Chemprop v2,train,644,CC1=NN(c2ccccc2)C(=O)C1,0.23,2.903757,
tdc_vdss_lombardo,"Chemprop v2 (CMPNN, ensemble=3)",Chemprop v2,train,645,CCC(O)(C(=O)[O-])c1cc2n(c(=O)c1CO)Cc1c-2nc2cc(F)c(C)c3c2c1C([NH3+])CC3,0.44,4.6535254,
tdc_vdss_lombardo,"Chemprop v2 (CMPNN, ensemble=3)",Chemprop v2,train,646,COC(=O)C(Cc1cccc(C(N)=[NH2+])c1)C(C)NC(=O)c1ccc(-c2cc[n+]([O-])cc2)cc1,0.89,2.8697891,
tdc_vdss_lombardo,"Chemprop v2 (CMPNN, ensemble=3)",Chemprop v2,train,647,CO/N=C(\C(=O)N[C@H]1C(=O)N2C(C(=O)O)=C(CSc3cnns3)CS[C@H]12)c1csc(N)n1,0.2,1.5067669,
tdc_vdss_lombardo,"Chemprop v2 (CMPNN, ensemble=3)",Chemprop v2,train,648,CC(=O)Nc1nnc(S(N)(=O)=O)s1,0.37,1.709137,
tdc_vdss_lombardo,"Chemprop v2 (CMPNN, ensemble=3)",Chemprop v2,train,649,C[NH2+]C1CC2OC(C)(C1OC)n1c3ccccc3c3c4c(c5c6ccccc6n2c5c31)C(=O)NC4O,0.15,8.684983,
tdc_vdss_lombardo,"Chemprop v2 (CMPNN, ensemble=3)",Chemprop v2,train,650,NC(=O)CN1CC(O)CC1=O,0.55,2.8882983,
tdc_vdss_lombardo,"Chemprop v2 (CMPNN, ensemble=3)",Chemprop v2,train,651,C[NH+](C)C1CCN(C(=O)c2ccc(NC(=O)Nc3ccc(-c4nc(N5CCOCC5)nc(N5CCOCC5)n4)cc3)cc2)CC1,2.39,6.068835,
tdc_vdss_lombardo,"Chemprop v2 (CMPNN, ensemble=3)",Chemprop v2,train,652,CCC(C)CC(C)CCCCCCCCC(=O)NC1CC(O)C(NCC[NH3+])NC(=O)C2C(O)CCN2C(=O)C(C(O)CC[NH3+])NC(=O)C(C(O)C(O)c2ccc(O)cc2)NC(=O)C2CC(O)CN2C(=O)C(C(C)O)NC1=O,0.13,10.402404,
tdc_vdss_lombardo,"Chemprop v2 (CMPNN, ensemble=3)",Chemprop v2,train,653,C[NH+]1CCN(c2c(F)cc3c(=O)c(C(=O)[O-])cn(CCF)c3c2F)CC1,1.6,4.970584,
tdc_vdss_lombardo,"Chemprop v2 (CMPNN, ensemble=3)",Chemprop v2,train,654,CCn1cc(C(=O)[O-])c(=O)c2cc(F)c(N3CC[NH+](C)CC3)cc21,1.5,4.892888,
tdc_vdss_lombardo,"Chemprop v2 (CMPNN, ensemble=3)",Chemprop v2,train,655,CCn1cc(C(=O)[O-])c(=O)c2cc(F)c(N3CC[NH2+]C(C)C3)c(F)c21,2.04,3.8074267,
tdc_vdss_lombardo,"Chemprop v2 (CMPNN, ensemble=3)",Chemprop v2,train,656,CCn1cc(C(=O)[O-])c(=O)c2cc(F)c(N3CC[NH2+]CC3)cc21,1.88,3.63037,
tdc_vdss_lombardo,"Chemprop v2 (CMPNN, ensemble=3)",Chemprop v2,train,657,O=C1NC(c2ccccc2)(c2ccccc2)C(=O)N1COP(=O)([O-])[O-],0.06,1.7731196,
tdc_vdss_lombardo,"Chemprop v2 (CMPNN, ensemble=3)",Chemprop v2,train,658,O=c1[c-](CC[S@](=O)c2ccccc2)c(=O)n(-c2ccccc2)n1-c1ccccc1,0.12,2.3558638,
tdc_vdss_lombardo,"Chemprop v2 (CMPNN, ensemble=3)",Chemprop v2,train,659,CCS(=O)(=O)CCn1c([N+](=O)[O-])cnc1C,0.59,1.7439809,
tdc_vdss_lombardo,"Chemprop v2 (CMPNN, ensemble=3)",Chemprop v2,train,660,CCn1cnc(C(=O)NC)c1C(=O)NC,0.73,2.6767578,
tdc_vdss_lombardo,"Chemprop v2 (CMPNN, ensemble=3)",Chemprop v2,train,661,CN/C(=N\CCSCc1nc[nH]c1C)NC#N,1.2,2.6902466,
tdc_vdss_lombardo,"Chemprop v2 (CMPNN, ensemble=3)",Chemprop v2,train,662,O=P([O-])([O-])C(O)(Cn1ccnc1)P(=O)([O-])O,0.6,0.84782887,
tdc_vdss_lombardo,"Chemprop v2 (CMPNN, ensemble=3)",Chemprop v2,train,663,Cc1ncc([N+](=O)[O-])n1CCO,0.4,2.8007267,
tdc_vdss_lombardo,"Chemprop v2 (CMPNN, ensemble=3)",Chemprop v2,train,664,CN(C)N=Nc1nc[nH]c1C(N)=O,1.2,2.6447604,
tdc_vdss_lombardo,"Chemprop v2 (CMPNN, ensemble=3)",Chemprop v2,train,665,Cn1c(COP(=O)(NCCBr)NCCBr)cnc1[N+](=O)[O-],0.64,2.465261,
tdc_vdss_lombardo,"Chemprop v2 (CMPNN, ensemble=3)",Chemprop v2,train,666,O=C(Cn1ccnc1[N+](=O)[O-])NCC(O)C(F)(F)F,0.69,2.6318414,
tdc_vdss_lombardo,"Chemprop v2 (CMPNN, ensemble=3)",Chemprop v2,train,667,Cc1ncc([N+](=O)[O-])n1CC(O)CCl,1.16,3.156272,
tdc_vdss_lombardo,"Chemprop v2 (CMPNN, ensemble=3)",Chemprop v2,train,668,COC1(NC(=O)C(C(=O)O)c2ccc(O)cc2)C(=O)N2C(C(=O)[O-])=C(CSc3nnnn3C)COC21,0.17,1.9753046,
tdc_vdss_lombardo,"Chemprop v2 (CMPNN, ensemble=3)",Chemprop v2,train,669,CC[NH+]1CC2C[NH+](C)CC(C1)C2OC(=O)c1ccc(Cl)cc1,9.0,7.319057,
tdc_vdss_lombardo,"Chemprop v2 (CMPNN, ensemble=3)",Chemprop v2,train,670,COc1cccc(OC)c1C(=O)NC1C(=O)N2C1SC(C)(C)C2C(=O)[O-],0.32,2.99804,
tdc_vdss_lombardo,"Chemprop v2 (CMPNN, ensemble=3)",Chemprop v2,train,671,COc1ccc(Cl)cc1C(=O)NCCc1ccc(S(=O)(=O)[N-]C(=O)NC2CCCCC2)cc1,0.08,2.8574677,
tdc_vdss_lombardo,"Chemprop v2 (CMPNN, ensemble=3)",Chemprop v2,train,672,O=C([O-])C1CC(C2CCCCC2)CN1C(=O)CP(=O)([O-])CCCCc1ccccc1,0.13,4.003632,
tdc_vdss_lombardo,"Chemprop v2 (CMPNN, ensemble=3)",Chemprop v2,train,673,COc1cc(NCc2ccc3nc(N)nc(N)c3c2C)cc(OC)c1OC,0.77,4.414094,
tdc_vdss_lombardo,"Chemprop v2 (CMPNN, ensemble=3)",Chemprop v2,train,674,Cc1nnc2n1-c1sc(Br)cc1C(c1ccccc1Cl)=NC2,0.75,3.6968763,
tdc_vdss_lombardo,"Chemprop v2 (CMPNN, ensemble=3)",Chemprop v2,train,675,Cc1nc2sccn2c(=O)c1CC[NH+]1CCC(=C(c2ccc(F)cc2)c2ccc(F)cc2)CC1,1.41,6.660515,
tdc_vdss_lombardo,"Chemprop v2 (CMPNN, ensemble=3)",Chemprop v2,train,676,CN(CCCCCCN(C)C(=O)Oc1ccc[n+](C)c1)C(=O)Oc1ccc[n+](C)c1,1.0,4.0723367,
tdc_vdss_lombardo,"Chemprop v2 (CMPNN, ensemble=3)",Chemprop v2,train,677,C[NH+]1CCCC1Cc1c[nH]c2ccc(CCS(=O)(=O)c3ccccc3)cc12,1.6,5.6658034,
tdc_vdss_lombardo,"Chemprop v2 (CMPNN, ensemble=3)",Chemprop v2,train,678,CCn1cc(C(=O)[O-])c(=O)c2cc(F)c(N3CC[NH2+]CC3)nc21,2.0,3.480388,
tdc_vdss_lombardo,"Chemprop v2 (CMPNN, ensemble=3)",Chemprop v2,train,679,C[NH+]1CCN(CCCN2c3ccccc3Sc3ccc(Cl)cc32)CC1,22.0,8.732668,
tdc_vdss_lombardo,"Chemprop v2 (CMPNN, ensemble=3)",Chemprop v2,train,680,OCC[NH+]1CCN(CCCN2c3ccccc3Sc3ccc(Cl)cc32)CC1,18.0,10.260046,
tdc_vdss_lombardo,"Chemprop v2 (CMPNN, ensemble=3)",Chemprop v2,train,681,OCC[NH+]1CCN(CCCN2c3ccccc3Sc3ccc(C(F)(F)F)cc32)CC1,2.9,9.438019,
tdc_vdss_lombardo,"Chemprop v2 (CMPNN, ensemble=3)",Chemprop v2,train,682,CCCCCc1cc(O)c2c(c1)OC(C)(C)C1CCC(C)=CC21,8.9,7.977535,
tdc_vdss_lombardo,"Chemprop v2 (CMPNN, ensemble=3)",Chemprop v2,train,683,CCCCCc1cc(O)c2c(c1)OC(C)(C)C1CCC(C(=O)[O-])=CC21,1.28,5.369703,
tdc_vdss_lombardo,"Chemprop v2 (CMPNN, ensemble=3)",Chemprop v2,train,684,COC(=O)Nc1nc2cc(C(=O)c3ccccc3)ccc2[nH]1,1.2,2.939785,
tdc_vdss_lombardo,"Chemprop v2 (CMPNN, ensemble=3)",Chemprop v2,train,685,Cc1ccc(-c2ncc(Cl)cc2-c2ccc(S(C)(=O)=O)cc2)cn1,1.5,3.0262296,
tdc_vdss_lombardo,"Chemprop v2 (CMPNN, ensemble=3)",Chemprop v2,train,686,O=P([O-])(O)C(O)(Cc1cccnc1)P(=O)([O-])O,6.3,1.3812715,
tdc_vdss_lombardo,"Chemprop v2 (CMPNN, ensemble=3)",Chemprop v2,train,687,O=C(NCCO[N+](=O)[O-])c1cccnc1,1.4,2.16037,
tdc_vdss_lombardo,"Chemprop v2 (CMPNN, ensemble=3)",Chemprop v2,train,688,NC(=S)N/N=C/c1ncccc1N,0.41,2.8195608,
tdc_vdss_lombardo,"Chemprop v2 (CMPNN, ensemble=3)",Chemprop v2,train,689,Cc1ncc(CO)c(CO)c1O,0.66,4.9157977,
tdc_vdss_lombardo,"Chemprop v2 (CMPNN, ensemble=3)",Chemprop v2,train,690,NNC(=O)c1ccncc1,0.82,3.011399,
tdc_vdss_lombardo,"Chemprop v2 (CMPNN, ensemble=3)",Chemprop v2,train,691,C[C@@H](N/C(=N\c1ccncc1)NC#N)C(C)(C)C,1.1,3.2656453,
tdc_vdss_lombardo,"Chemprop v2 (CMPNN, ensemble=3)",Chemprop v2,train,692,COc1nc(C(Cl)(Cl)Cl)c(Cl)c(OC)c1Cl,9.1,4.0905757,
tdc_vdss_lombardo,"Chemprop v2 (CMPNN, ensemble=3)",Chemprop v2,train,693,Cc1nnc(C(C)C)n1C1CC2CCC(C1)[NH+]2CCC(NC(=O)C1CCC(F)(F)CC1)c1ccccc1,2.3,7.127601,
tdc_vdss_lombardo,"Chemprop v2 (CMPNN, ensemble=3)",Chemprop v2,train,694,COc1cc2c3cc1Oc1cc(ccc1O)CC1c4c(cc(OC)c(O)c4Oc4ccc(cc4)CC3[NH+](C)CC2)CC[N+]1(C)C,0.45,9.913739,
tdc_vdss_lombardo,"Chemprop v2 (CMPNN, ensemble=3)",Chemprop v2,train,695,COc1ccc2cc1Oc1cc3c(cc1OC)CC[N+](C)(C)C3Cc1ccc(cc1)Oc1c(OC)c(OC)cc3c1C(C2)[N+](C)(C)CC3,0.4,8.16776,
tdc_vdss_lombardo,"Chemprop v2 (CMPNN, ensemble=3)",Chemprop v2,train,696,N#Cc1ccc2c(c1)CN(S(=O)(=O)c1cccs1)C(Cc1ccccc1)CN2Cc1cnc[nH]1,0.84,2.7775097,
tdc_vdss_lombardo,"Chemprop v2 (CMPNN, ensemble=3)",Chemprop v2,train,697,CC(C)C(CCC(C)C1CCC2C3C(O)CC4CC(NCCC[NH2+]CCCC[NH3+])CCC4(C)C3CCC12C)OS(=O)(=O)[O-],0.23,6.0311904,
tdc_vdss_lombardo,"Chemprop v2 (CMPNN, ensemble=3)",Chemprop v2,train,698,CC(=O)C1CCC2C3CCC4CC(O)CCC4(C)C3CCC12C,2.0,1.1189393,
tdc_vdss_lombardo,"Chemprop v2 (CMPNN, ensemble=3)",Chemprop v2,train,699,CCCCc1oc2ccccc2c1C(=O)c1cc(I)c(OCC[NH+](CC)CC)c(I)c1,60.0,10.293213,
tdc_vdss_lombardo,"Chemprop v2 (CMPNN, ensemble=3)",Chemprop v2,train,700,CCCCc1oc2ccc([N-]S(C)(=O)=O)cc2c1C(=O)c1ccc(OCCC[NH+](CCCC)CCCC)cc1,20.0,9.044083,
tdc_vdss_lombardo,"Chemprop v2 (CMPNN, ensemble=3)",Chemprop v2,train,701,C[NH+](C)CCCC1(c2ccc(F)cc2)OCc2cc(C#N)ccc21,12.0,7.9117723,
tdc_vdss_lombardo,"Chemprop v2 (CMPNN, ensemble=3)",Chemprop v2,train,702,OC(CC[NH+]1CCCCC1)(c1ccccc1)C1CC2C=CC1C2,12.0,9.495758,
tdc_vdss_lombardo,"Chemprop v2 (CMPNN, ensemble=3)",Chemprop v2,train,703,CC12CC3(O)OC(O1)C1(COC(=O)c4ccccc4)C3CC21OC1OC(CO)C(O)C(O)C1O,0.22,5.0499997,
tdc_vdss_lombardo,"Chemprop v2 (CMPNN, ensemble=3)",Chemprop v2,train,704,C[NH2+]C1CCc2[nH]c3ccc(C(N)=O)cc3c2C1,3.6,5.2254276,
tdc_vdss_lombardo,"Chemprop v2 (CMPNN, ensemble=3)",Chemprop v2,train,705,COc1cc2c(cc1OC)CN(c1cc(N)c3cc(OC)c(OC)cc3[nH+]1)CC2,6.3,5.874025,
tdc_vdss_lombardo,"Chemprop v2 (CMPNN, ensemble=3)",Chemprop v2,train,706,NC(=[NH2+])NCCCCC1NC(=O)CCSSCC(C(N)=O)NC(=O)C2CCCN2C(=O)C(Cc2c[nH]c3ccccc23)NC(=O)C(CC(=O)[O-])NC(=O)CNC1=O,0.17,3.078327,
tdc_vdss_lombardo,"Chemprop v2 (CMPNN, ensemble=3)",Chemprop v2,train,707,CC1OC(OC2C(CO)OC(OC(C(O)CO)C(O)C(O)C=O)C(O)C2O)C(O)C(O)C1NC1C=C(CO)C(O)C(O)C1O,0.32,2.8305092,
tdc_vdss_lombardo,"Chemprop v2 (CMPNN, ensemble=3)",Chemprop v2,train,708,CC(Oc1ccc(Oc2cnc3ccc(Cl)cc3n2)cc1)C(=O)[O-],0.19,2.7295063,
tdc_vdss_lombardo,"Chemprop v2 (CMPNN, ensemble=3)",Chemprop v2,train,709,C[NH2+]CC(O)CC12CCC(c3ccccc31)c1ccccc12,18.8,9.656071,
tdc_vdss_lombardo,"Chemprop v2 (CMPNN, ensemble=3)",Chemprop v2,train,710,C[NH2+]CCCC12CCC(c3ccccc31)c1ccccc12,45.0,9.525939,
tdc_vdss_lombardo,"Chemprop v2 (CMPNN, ensemble=3)",Chemprop v2,train,711,Nc1nc2c(ncn2COC(CO)CO)c(=O)[nH]1,1.0,3.5353432,
tdc_vdss_lombardo,"Chemprop v2 (CMPNN, ensemble=3)",Chemprop v2,train,712,Nc1nc2c(ncn2COCCO)c(=O)[nH]1,0.71,3.3342645,
tdc_vdss_lombardo,"Chemprop v2 (CMPNN, ensemble=3)",Chemprop v2,train,713,C[NH+]1C[C@H](C(=O)N[C@]2(C)O[C@@]3(O)[C@@H]4CCCN4C(=O)[C@H](Cc4ccccc4)N3C2=O)C[C@@H]2c3cccc4[nH]cc(c34)C[C@H]21,0.33,5.390283,
tdc_vdss_lombardo,"Chemprop v2 (CMPNN, ensemble=3)",Chemprop v2,train,714,COc1cc2c(N)nc(N3CCN(C(=O)OCC(C)(C)O)CC3)nc2c(OC)c1OC,0.18,3.1720707,
tdc_vdss_lombardo,"Chemprop v2 (CMPNN, ensemble=3)",Chemprop v2,train,715,COc1cc2nc(N3CCN(C(=O)C(C)OC)CC3)nc(N)c2cc1OC,0.44,3.1650326,
tdc_vdss_lombardo,"Chemprop v2 (CMPNN, ensemble=3)",Chemprop v2,train,716,CCc1nc(N)nc(N)c1-c1ccc(Cl)cc1,0.43,4.396259,
tdc_vdss_lombardo,"Chemprop v2 (CMPNN, ensemble=3)",Chemprop v2,train,717,CC(=O)C1(O)Cc2c(O)c3c(c(O)c2C(OC2CC(N4CC4)C(OS(C)(=O)=O)C(C)O2)C1)C(=O)c1ccccc1C3=O,2.95,4.798822,
tdc_vdss_lombardo,"Chemprop v2 (CMPNN, ensemble=3)",Chemprop v2,train,718,C[NH+]1CCC23CCCCC2C1Cc1ccc(O)cc13,11.5,6.4760094,
tdc_vdss_lombardo,"Chemprop v2 (CMPNN, ensemble=3)",Chemprop v2,train,719,CCCn1c(=O)c2nc(C34CC5CC(CC3C5)C4)[nH]c2n(CCC)c1=O,4.3,5.106239,
tdc_vdss_lombardo,"Chemprop v2 (CMPNN, ensemble=3)",Chemprop v2,train,720,C[NH+](C)CCOC1(c2ccccc2)CC2CCC1(C)C2(C)C,7.7,7.69475,
tdc_vdss_lombardo,"Chemprop v2 (CMPNN, ensemble=3)",Chemprop v2,train,721,CSc1ccc(C(=O)c2[nH]c(=O)[nH]c2C)cc1,1.39,3.3899624,
tdc_vdss_lombardo,"Chemprop v2 (CMPNN, ensemble=3)",Chemprop v2,train,722,CSc1ccc(C(=O)c2[nH]c(=O)[nH]c2C)cc1,1.8,3.3899624,
tdc_vdss_lombardo,"Chemprop v2 (CMPNN, ensemble=3)",Chemprop v2,train,723,N=C(N)NC(=O)c1cnn(-c2cccc3ncccc23)c1C1CC1,1.7,3.676731,
tdc_vdss_lombardo,"Chemprop v2 (CMPNN, ensemble=3)",Chemprop v2,train,724,CC(c1ncncc1F)C(O)(Cn1cncn1)c1ccc(F)cc1F,2.2,4.140689,
tdc_vdss_lombardo,"Chemprop v2 (CMPNN, ensemble=3)",Chemprop v2,train,725,CO/N=C(/C(=O)NC1C(=O)N2C(C(=O)[O-])=C(C[N+]34CCC(C(N)=O)(CC3)CC4)CSC12)c1nsc(N)n1,0.27,2.9872272,
tdc_vdss_lombardo,"Chemprop v2 (CMPNN, ensemble=3)",Chemprop v2,train,726,N#CC(CCN1CCC(C(N)=O)([NH+]2CCCCC2)CC1)(c1ccccc1)c1ccccc1,4.7,6.2825637,
tdc_vdss_lombardo,"Chemprop v2 (CMPNN, ensemble=3)",Chemprop v2,train,727,C[NH+]1CCN(c2ncc(-c3cc(Cl)cc(Cl)c3Cl)c(N)n2)CC1,24.0,5.7998905,
tdc_vdss_lombardo,"Chemprop v2 (CMPNN, ensemble=3)",Chemprop v2,train,728,C[NH+]1CCN(c2ncc(-c3cc(Cl)cc(Cl)c3Cl)c(N)n2)CC1,15.31,5.799891,
tdc_vdss_lombardo,"Chemprop v2 (CMPNN, ensemble=3)",Chemprop v2,train,729,Cn1c(=O)c2c(ncn2CC2OCCO2)n(C)c1=O,1.03,3.4735286,
tdc_vdss_lombardo,"Chemprop v2 (CMPNN, ensemble=3)",Chemprop v2,train,730,CN1C(=O)NC(=O)C(C)(C2=CCCCC2)C1=O,1.1,3.2988484,
tdc_vdss_lombardo,"Chemprop v2 (CMPNN, ensemble=3)",Chemprop v2,train,731,CC1CC2C3CCC4=CC(=O)C=CC4(C)C3=CCC2(C)C1C(=O)C[NH+]1CCN(c2cc(N3CCCC3)[nH+]c(N3CCCC3)n2)CC1,9.8,6.3870792,
tdc_vdss_lombardo,"Chemprop v2 (CMPNN, ensemble=3)",Chemprop v2,train,732,[NH3+]C1(C(=O)[O-])CC1,0.73,3.2260153,
tdc_vdss_lombardo,"Chemprop v2 (CMPNN, ensemble=3)",Chemprop v2,train,733,CC1(C)CC1C(=O)N/C(=C\CCCCSCC([NH3+])C(=O)[O-])C(=O)[O-],0.15,3.1178722,
tdc_vdss_lombardo,"Chemprop v2 (CMPNN, ensemble=3)",Chemprop v2,train,734,CS(=O)(=O)c1ccc(C2=C(c3ccccc3)C(=O)OC2)cc1,1.3,2.366666,
tdc_vdss_lombardo,"Chemprop v2 (CMPNN, ensemble=3)",Chemprop v2,train,735,COc1ccccc1OCC[NH2+]CC(O)COc1cccc2[nH]c3ccccc3c12,1.3,7.4574256,
tdc_vdss_lombardo,"Chemprop v2 (CMPNN, ensemble=3)",Chemprop v2,train,736,C[NH+]1CCN(CCCCN2C(=O)CN(/N=C/c3ccc(-c4ccc(Cl)cc4)o3)C2=O)CC1,13.0,5.4129677,
tdc_vdss_lombardo,"Chemprop v2 (CMPNN, ensemble=3)",Chemprop v2,train,737,CC(OC1OCCN(Cc2n[nH]c(=O)[nH]2)C1c1ccc(F)cc1)c1cc(C(F)(F)F)cc(C(F)(F)F)c1,0.94,5.015127,
tdc_vdss_lombardo,"Chemprop v2 (CMPNN, ensemble=3)",Chemprop v2,train,738,CC(OC1OCCN(Cc2nn(P(=O)([O-])[O-])c(=O)[nH]2)C1c1ccc(F)cc1)c1cc(C(F)(F)F)cc(C(F)(F)F)c1,0.07,3.2489834,
tdc_vdss_lombardo,"Chemprop v2 (CMPNN, ensemble=3)",Chemprop v2,train,739,Cc1cccc(C(C)c2cnc[nH]2)c1C,1.6,5.316088,
tdc_vdss_lombardo,"Chemprop v2 (CMPNN, ensemble=3)",Chemprop v2,train,740,O=c1n(CCCN2CCN(c3cccc(Cl)c3)CC2)nc2ccccn12,0.52,3.947876,
tdc_vdss_lombardo,"Chemprop v2 (CMPNN, ensemble=3)",Chemprop v2,train,741,O=C(OC1C[NH+]2CCC1CC2)N1CCc2ccccc2C1c1ccccc1,8.2,5.77471,
tdc_vdss_lombardo,"Chemprop v2 (CMPNN, ensemble=3)",Chemprop v2,train,742,CN1c2ccccc2C(NCCCCCCC(=O)[O-])c2ccc(Cl)cc2S1(=O)=O,0.3,4.873186,
tdc_vdss_lombardo,"Chemprop v2 (CMPNN, ensemble=3)",Chemprop v2,train,743,CC(C)(O)c1ccccc1CCC(SCC1(CC(=O)[O-])CC1)c1cccc(/C=C/c2ccc3ccc(Cl)cc3n2)c1,0.15,5.022189,
tdc_vdss_lombardo,"Chemprop v2 (CMPNN, ensemble=3)",Chemprop v2,train,744,CC(Oc1cc(-n2cnc3ccc(CN4CC[NH+](C)CC4)cc32)sc1C(N)=O)c1ccccc1C(F)(F)F,12.0,6.229355,
tdc_vdss_lombardo,"Chemprop v2 (CMPNN, ensemble=3)",Chemprop v2,train,745,CC(C(O)(Cn1cncn1)c1ccc(F)cc1F)S(C)(=O)=O,0.62,3.023824,
tdc_vdss_lombardo,"Chemprop v2 (CMPNN, ensemble=3)",Chemprop v2,train,746,CNC1C(O)C([NH2+]C)C2OC3(O)C(=O)CC(C)OC3OC2C1O,0.13,3.888074,
tdc_vdss_lombardo,"Chemprop v2 (CMPNN, ensemble=3)",Chemprop v2,train,747,CCCCC1CC(=O)C2(O)OC3C([NH2+]C)C(O)C(NC)C(O)C3OC2O1,0.7,4.746629,
tdc_vdss_lombardo,"Chemprop v2 (CMPNN, ensemble=3)",Chemprop v2,train,748,Cc1cn(C2C=CC(CO)O2)c(=O)[nH]c1=O,0.67,3.3519151,
tdc_vdss_lombardo,"Chemprop v2 (CMPNN, ensemble=3)",Chemprop v2,train,749,Nc1cc[nH+]cc1,2.6,4.6289115,
tdc_vdss_lombardo,"Chemprop v2 (CMPNN, ensemble=3)",Chemprop v2,train,750,CN(C)C(=O)Oc1ccc[n+](C)c1,1.1,2.8296413,
tdc_vdss_lombardo,"Chemprop v2 (CMPNN, ensemble=3)",Chemprop v2,train,751,C[n+]1ccccc1/C=N/O,0.8,3.3010929,
tdc_vdss_lombardo,"Chemprop v2 (CMPNN, ensemble=3)",Chemprop v2,train,752,Cc1ncc([N+](=O)[O-])n1CC(O)CN1CCOCC1,0.75,3.553994,
tdc_vdss_lombardo,"Chemprop v2 (CMPNN, ensemble=3)",Chemprop v2,train,753,Cc1c[nH+]c(NCCC[NH+](C)C)c2c1[nH]c1ccc3cc(O)ccc3c12,11.0,37.061535,
tdc_vdss_lombardo,"Chemprop v2 (CMPNN, ensemble=3)",Chemprop v2,train,754,CC(C1=C(CC[NH+](C)[14CH3])Cc2ccccc21)c1cnccn1,1.86,7.655276,
tdc_vdss_lombardo,"Chemprop v2 (CMPNN, ensemble=3)",Chemprop v2,train,755,Cc1ccc(Nc2nccc(N(C)c3ccc4c(C)n(C)nc4c3)n2)cc1S(N)(=O)=O,0.16,2.8886032,
tdc_vdss_lombardo,"Chemprop v2 (CMPNN, ensemble=3)",Chemprop v2,train,756,O=C([O-])C(CCc1ccccc1)[NH2+]C1CCCN2CCCC(C(=O)[O-])N2C1=O,3.7,2.878102,
tdc_vdss_lombardo,"Chemprop v2 (CMPNN, ensemble=3)",Chemprop v2,train,757,CNC(=O)Nc1c(OCCN2CCCC2)c(OC)c2occc2c1OC,0.8,3.6032429,
tdc_vdss_lombardo,"Chemprop v2 (CMPNN, ensemble=3)",Chemprop v2,train,758,CCOC(=O)C1(c2ccccc2)CCC=CC1[NH2+]C,2.5,4.1358976,
tdc_vdss_lombardo,"Chemprop v2 (CMPNN, ensemble=3)",Chemprop v2,train,759,CCOC(=O)C1(c2ccccc2)CCC=CC1[NH+](C)C,4.0,4.9986806,
tdc_vdss_lombardo,"Chemprop v2 (CMPNN, ensemble=3)",Chemprop v2,train,760,O=C1OC(C(O)CO)C([O-])=C1O,0.35,2.578203,
tdc_vdss_lombardo,"Chemprop v2 (CMPNN, ensemble=3)",Chemprop v2,train,761,C[NH+](C)CCNC(=O)c1cccc2cc3ccccc3nc12,3.41,7.5127006,
tdc_vdss_lombardo,"Chemprop v2 (CMPNN, ensemble=3)",Chemprop v2,train,762,COc1cc(C2c3cc4c(cc3C(OC3OC5COC(c6cccs6)OC5C(O)C3O)C3COC(=O)C23)OCO4)cc(OC)c1O,0.41,5.9451194,
tdc_vdss_lombardo,"Chemprop v2 (CMPNN, ensemble=3)",Chemprop v2,train,763,O=C([O-])CC(O)CC(O)/C=C/c1c(C2CC2)nc2ccccc2c1-c1ccc(F)cc1,0.9,4.4555726,
tdc_vdss_lombardo,"Chemprop v2 (CMPNN, ensemble=3)",Chemprop v2,train,764,CC[C@H](CO)NC(=O)[C@H]1C=C2c3cccc4[nH]cc(c34)C[C@@H]2N(C)C1,0.96,5.261427,
tdc_vdss_lombardo,"Chemprop v2 (CMPNN, ensemble=3)",Chemprop v2,train,765,CCN(CC)C(=O)N[C@H]1C=C2c3cccc4[nH]cc(c34)C[C@H]2N(C)C1,1.73,4.1004977,
tdc_vdss_lombardo,"Chemprop v2 (CMPNN, ensemble=3)",Chemprop v2,train,766,CC(C)COCC(CN(Cc1ccccc1)c1ccccc1)[NH+]1CCCC1,10.1,9.0133,
tdc_vdss_lombardo,"Chemprop v2 (CMPNN, ensemble=3)",Chemprop v2,train,767,CC[NH+](CC)CCCC(C)Nc1c2ccc(Cl)cc2[nH+]c2ccc(OC)cc12,45.0,19.251087,
tdc_vdss_lombardo,"Chemprop v2 (CMPNN, ensemble=3)",Chemprop v2,train,768,Fc1ccc(C2CC[NH2+]CC2COc2ccc3c(c2)OCO3)cc1,18.0,6.1752453,
tdc_vdss_lombardo,"Chemprop v2 (CMPNN, ensemble=3)",Chemprop v2,train,769,O=C([O-])C1/C(=C/CO)OC2CC(=O)N21,0.22,2.1954424,
tdc_vdss_lombardo,"Chemprop v2 (CMPNN, ensemble=3)",Chemprop v2,train,770,C[NH+]1CC2c3ccccc3Oc3ccc(Cl)cc3C2C1,23.0,8.192739,
tdc_vdss_lombardo,"Chemprop v2 (CMPNN, ensemble=3)",Chemprop v2,train,771,COc1cc(C(=O)C(=O)N2CCCCC2C(=O)OC(CCCc2cccnc2)CCCc2cccnc2)cc(OC)c1OC,1.34,3.6696644,
tdc_vdss_lombardo,"Chemprop v2 (CMPNN, ensemble=3)",Chemprop v2,train,772,CC1C[NH+](C2CCC(C#N)(c3ccc(F)cc3)CC2)CCC1(C(=O)[O-])c1ccccc1,1.17,6.317844,
tdc_vdss_lombardo,"Chemprop v2 (CMPNN, ensemble=3)",Chemprop v2,train,773,Cc1cc(O)c2c(=O)c3c(O)cc([O-])c4c5c([O-])cc(O)c6c(=O)c7c(O)cc(C)c8c1c2c(c34)c(c78)c65,0.25,7.7315254,
tdc_vdss_lombardo,"Chemprop v2 (CMPNN, ensemble=3)",Chemprop v2,train,774,Cc1cc(O)c2c(=O)c3c(O)cc([O-])c4c5c([O-])cc(O)c6c(=O)c7c(O)cc(CO)c8c1c2c(c34)c(c65)c78,0.56,7.747946,
tdc_vdss_lombardo,"Chemprop v2 (CMPNN, ensemble=3)",Chemprop v2,train,775,C[NH+]1CCN2c3ccccc3Cc3ccccc3C2C1,13.75,8.054366,
tdc_vdss_lombardo,"Chemprop v2 (CMPNN, ensemble=3)",Chemprop v2,train,776,CCC(=O)N(c1ccccc1)C1(COC)CCN(CCn2nnn(CC)c2=O)CC1,0.45,3.6160548,
tdc_vdss_lombardo,"Chemprop v2 (CMPNN, ensemble=3)",Chemprop v2,train,777,CC(C)CC(NC(=O)C(Cc1ccc2ccccc2c1)NC(=O)C(Cc1ccc(O)cc1)NC(=O)C(CO)NC(=O)C(Cc1c[nH]c2ccccc12)NC(=O)C(Cc1c[nH]cn1)NC(=O)C1CCC(=O)N1)C(=O)NC(CCCNC(N)=[NH2+])C(=O)N1CCCC1C(=O)NCC(N)=O,0.14,2.3817656,
tdc_vdss_lombardo,"Chemprop v2 (CMPNN, ensemble=3)",Chemprop v2,train,778,COc1cccc2c1C(=N)c1c(O)c3c(c(O)c1C2=O)C[C@@](O)(C(=O)CO)C[C@@H]3O[C@H]1C[C@H](N)[C@H](O)[C@H](C)O1,15.45,6.0247083,
tdc_vdss_lombardo,"Chemprop v2 (CMPNN, ensemble=3)",Chemprop v2,train,779,C=CCNc1nc(NCC=C)nc(N2CCN(C(c3ccc(F)cc3)c3ccc(F)cc3)CC2)n1,35.37,4.1147857,
tdc_vdss_lombardo,"Chemprop v2 (CMPNN, ensemble=3)",Chemprop v2,train,780,COc1cccc2c(C(=O)N3CC[NH+](C)C(C)C3)cn(CC3CCCCC3)c12,1.0,6.720903,
tdc_vdss_lombardo,"Chemprop v2 (CMPNN, ensemble=3)",Chemprop v2,train,781,COc1ccc(Cl)cc1C1(F)C(=O)[N-]c2cc(C(F)(F)F)ccc21,10.0,3.7571075,
tdc_vdss_lombardo,"Chemprop v2 (CMPNN, ensemble=3)",Chemprop v2,train,782,CCC(C)C1NC(=O)C(NC(=O)C(CC(C)C)N(C)C(=O)C2CCCN2C(=O)C(C)=O)C(C)OC(=O)C(Cc2ccc(OC)cc2)N(C)C(=O)C2CCCN2C(=O)C(CC(C)C)NC(=O)C(C)C(=O)C(C(C)C)OC(=O)CC1O,13.3,4.1791024,
tdc_vdss_lombardo,"Chemprop v2 (CMPNN, ensemble=3)",Chemprop v2,train,783,O=C([O-])Cc1ccccc1Nc1c(Cl)cccc1Cl,0.22,2.9646416,
tdc_vdss_lombardo,"Chemprop v2 (CMPNN, ensemble=3)",Chemprop v2,train,784,CCCCC/C=C/CCC(=O)NC1C(Oc2c3cc4cc2Oc2ccc(cc2Cl)C(OC2OC(CO)C(O)C(O)C2NC(C)=O)C2NC(=O)C(NC(=O)C4NC(=O)C4NC(=O)C(Cc5ccc(c(Cl)c5)O3)NC(=O)C(N)c3ccc(O)c(c3)Oc3cc(O)cc4c3)c3ccc(O)c(c3)-c3c(OC4OC(CO)C(O)C(O)C4O)cc(O)cc3C(C(=O)[O-])NC2=O)OC(CO)C(O)C1O,0.92,7.6263146,
tdc_vdss_lombardo,"Chemprop v2 (CMPNN, ensemble=3)",Chemprop v2,train,785,CC(=O)N[C@H]1[C@H](O[C@@H]2c3ccc(c(Cl)c3)Oc3cc4cc(c3O[C@@H]3O[C@H](CO)[C@@H](O)[C@H](O)[C@H]3NC(=O)CCCCCCC(C)C)Oc3ccc(cc3Cl)C[C@H]3NC(=O)[C@H](N)c5ccc(O)c(c5)Oc5cc(O)cc(c5)[C@H](NC3=O)C(=O)N[C@H]4C(=O)N[C@H]3C(=O)N[C@@H]2C(=O)N[C@H](C(=O)[O-])c2cc(O)cc(O[C@H]4O[C@H](CO)[C@@H](O)[C@H](O)[C@@H]4O)c2-c2cc3ccc2O)O[C@H](CO)[C@@H](O)[C@@H]1O,0.83,6.783825,
tdc_vdss_lombardo,"Chemprop v2 (CMPNN, ensemble=3)",Chemprop v2,train,786,CCCCCCCCCC(=O)N[C@H]1[C@H](Oc2c3cc4cc2Oc2ccc(cc2Cl)[C@@H](O[C@@H]2O[C@H](CO)[C@@H](O)[C@H](O)[C@H]2NC(C)=O)[C@@H]2NC(=O)[C@H](NC(=O)[C@@H]4NC(=O)[C@H]4NC(=O)[C@@H](Cc5ccc(c(Cl)c5)O3)NC(=O)[C@H](N)c3ccc(O)c(c3)Oc3cc(O)cc4c3)c3ccc(O)c(c3)-c3c(O[C@H]4O[C@H](CO)[C@@H](O)[C@H](O)[C@@H]4O)cc(O)cc3[C@@H](C(=O)[O-])NC2=O)O[C@H](CO)[C@@H](O)[C@@H]1O,0.57,7.167029,
tdc_vdss_lombardo,"Chemprop v2 (CMPNN, ensemble=3)",Chemprop v2,train,787,CCC(C)CCCCCCC(=O)NC1C(Oc2c3cc4cc2Oc2ccc(cc2Cl)C(OC2OC(CO)C(O)C(O)C2NC(C)=O)C2NC(=O)C(NC(=O)C4NC(=O)C4NC(=O)C(Cc5ccc(c(Cl)c5)O3)NC(=O)C(N)c3ccc(O)c(c3)Oc3cc(O)cc4c3)c3ccc(O)c(c3)-c3c(OC4OC(CO)C(O)C(O)C4O)cc(O)cc3C(C(=O)[O-])NC2=O)OC(CO)C(O)C1O,0.57,9.033269,
tdc_vdss_lombardo,"Chemprop v2 (CMPNN, ensemble=3)",Chemprop v2,train,788,CC(=O)N[C@H]1[C@H](O[C@@H]2c3ccc(c(Cl)c3)Oc3cc4cc(c3O[C@@H]3O[C@H](CO)[C@@H](O)[C@H](O)[C@H]3NC(=O)CCCCCCCC(C)C)Oc3ccc(cc3Cl)C[C@H]3NC(=O)[C@H](N)c5ccc(O)c(c5)Oc5cc(O)cc(c5)[C@H](NC3=O)C(=O)N[C@H]4C(=O)N[C@H]3C(=O)N[C@@H]2C(=O)N[C@H](C(=O)[O-])c2cc(O)cc(O[C@H]4O[C@H](CO)[C@@H](O)[C@H](O)[C@@H]4O)c2-c2cc3ccc2O)O[C@H](CO)[C@@H](O)[C@@H]1O,0.42,7.234354,
tdc_vdss_lombardo,"Chemprop v2 (CMPNN, ensemble=3)",Chemprop v2,train,789,Cc1nc(=O)c(C#N)c(NCc2cccnc2)[nH]1,0.39,3.159385,
tdc_vdss_lombardo,"Chemprop v2 (CMPNN, ensemble=3)",Chemprop v2,train,790,CNC1=Nc2ccc(Cl)cc2C(c2ccccc2)=[N+]([O-])C1,0.25,3.1535518,
tdc_vdss_lombardo,"Chemprop v2 (CMPNN, ensemble=3)",Chemprop v2,train,791,CN(C(=O)Cc1cccc2sccc12)C1CCCCC1[NH+]1CCCC1,1.1,7.0184345,
tdc_vdss_lombardo,"Chemprop v2 (CMPNN, ensemble=3)",Chemprop v2,train,792,CC1CN(c2c(F)c(N)c3c(=O)c(C(=O)[O-])cn(C4CC4)c3c2F)CC(C)[NH2+]1,3.9,4.359806,
tdc_vdss_lombardo,"Chemprop v2 (CMPNN, ensemble=3)",Chemprop v2,train,793,COc1c(N2CC[NH2+]C(C)C2)c(F)cc2c(=O)c(C(=O)[O-])cn(C3CC3)c12,1.7,3.9837427,
tdc_vdss_lombardo,"Chemprop v2 (CMPNN, ensemble=3)",Chemprop v2,train,794,O=C([O-])c1cn(C2CC2)c2cc(N3CC[NH2+]CC3)c(F)cc2c1=O,2.1,3.96085,
tdc_vdss_lombardo,"Chemprop v2 (CMPNN, ensemble=3)",Chemprop v2,train,795,CC1CN(c2c(F)cc3c(=O)c(C(=O)[O-])cn(C4CC4)c3c2OC(F)F)CC[NH2+]1,1.1,3.8410454,
tdc_vdss_lombardo,"Chemprop v2 (CMPNN, ensemble=3)",Chemprop v2,train,796,CCC1(O)CC2CN(CCc3c([nH]c4ccccc34)C(C(=O)OC)(c3cc4c(cc3OC)N(C)C3C(O)(C(=O)OC)C(OC(C)=O)C5(CC)C=CCN6CCC43C65)C2)C1,28.0,7.267977,
tdc_vdss_lombardo,"Chemprop v2 (CMPNN, ensemble=3)",Chemprop v2,train,797,CCC1(O)CC2CN(CCc3c([nH]c4ccccc34)C(C(=O)OC)(c3cc4c(cc3OC)N(C=O)C3C(O)(C(=O)OC)C(OC(C)=O)C5(CC)C=CCN6CCC43C65)C2)C1,2.4,7.1730385,
tdc_vdss_lombardo,"Chemprop v2 (CMPNN, ensemble=3)",Chemprop v2,train,798,CC(=O)OC1CC2CCC3C(CCC4(C)C3CC([N+]3(C)CCCCC3)C4OC(C)=O)C2(C)CC1[NH+]1CCCCC1,0.3,5.0679564,
tdc_vdss_lombardo,"Chemprop v2 (CMPNN, ensemble=3)",Chemprop v2,train,799,CC(=O)OC1CC2CCC3C(CCC4(C)C3CC([N+]3(C)CCCCC3)C4OC(C)=O)C2(C)CC1[N+]1(C)CCCCC1,0.2,3.8155038,
tdc_vdss_lombardo,"Chemprop v2 (CMPNN, ensemble=3)",Chemprop v2,train,800,CCc1ccc(Cc2ccc3c(c2)C2(OC3)OC(CO)C(O)C(O)C2O)cc1,0.63,7.0749283,
tdc_vdss_lombardo,"Chemprop v2 (CMPNN, ensemble=3)",Chemprop v2,train,801,CC1=NS(=O)(=O)c2cc(Cl)ccc2N1,0.21,2.4126887,
tdc_vdss_lombardo,"Chemprop v2 (CMPNN, ensemble=3)",Chemprop v2,train,802,CC(C)[NH2+]CC(O)COc1ccc(CCOCC2CC2)cc1,4.8,6.775536,
tdc_vdss_lombardo,"Chemprop v2 (CMPNN, ensemble=3)",Chemprop v2,train,803,CC(=O)OC1CC2(C)C(CC(O)C3C4(C)CCC(O)C(C)C4CCC32C)/C1=C(\CCC=C(C)C)C(=O)[O-],0.23,2.8452346,
tdc_vdss_lombardo,"Chemprop v2 (CMPNN, ensemble=3)",Chemprop v2,train,804,COc1cc2c(cc1OC)CC(=O)N(CCC[NH+](C)CC1Cc3cc(OC)c(OC)cc31)CC2,1.66,7.3234825,
tdc_vdss_lombardo,"Chemprop v2 (CMPNN, ensemble=3)",Chemprop v2,train,805,C[NH2+]CCC=C1c2ccccc2CCc2ccccc21,22.0,8.12388,
tdc_vdss_lombardo,"Chemprop v2 (CMPNN, ensemble=3)",Chemprop v2,train,806,C[NH+](C)CCC=C1c2ccccc2CCc2ccccc21,8.7,11.344083,
tdc_vdss_lombardo,"Chemprop v2 (CMPNN, ensemble=3)",Chemprop v2,train,807,NC(=O)OCC1C(NC(=O)/C(=N/OCC(=O)[O-])c2csc(N)n2)C(=O)N1S(=O)(=O)[O-],0.18,-0.6139288,
tdc_vdss_lombardo,"Chemprop v2 (CMPNN, ensemble=3)",Chemprop v2,train,808,CC1C(NC(=O)/C(=N\OC(C)(C)C(=O)[O-])c2csc(N)n2)C(=O)N1S(=O)(=O)[O-],0.18,-0.010310332,
tdc_vdss_lombardo,"Chemprop v2 (CMPNN, ensemble=3)",Chemprop v2,train,809,C=CC[NH+]1CCCC1CNC(=O)c1cc(S(=O)(=O)NC)c(N)cc1OC,2.3,5.665728,
tdc_vdss_lombardo,"Chemprop v2 (CMPNN, ensemble=3)",Chemprop v2,train,810,CC[NH+]1CCCC1CNC(=O)c1c([O-])c(Cl)cc(Cl)c1OC,1.1,6.599539,
tdc_vdss_lombardo,"Chemprop v2 (CMPNN, ensemble=3)",Chemprop v2,train,811,CC[NH+]1CCCC1CNC(=O)c1c(OC)ccc(Br)c1OC,0.65,6.821572,
tdc_vdss_lombardo,"Chemprop v2 (CMPNN, ensemble=3)",Chemprop v2,train,812,CC[NH+]1CCCC1CNC(=O)c1cc(S(N)(=O)=O)ccc1OC,0.94,5.8053207,
tdc_vdss_lombardo,"Chemprop v2 (CMPNN, ensemble=3)",Chemprop v2,train,813,CCN(CC)C(=O)C1(c2ccccc2)CC1C[NH3+],4.51,4.181255,
tdc_vdss_lombardo,"Chemprop v2 (CMPNN, ensemble=3)",Chemprop v2,train,814,CSCC(NC(=O)COc1cccc2cnccc12)C(=O)NC(Cc1ccccc1)C(O)C(=O)N1CSCC1C(=O)NC(C)(C)C,0.11,2.8041422,
tdc_vdss_lombardo,"Chemprop v2 (CMPNN, ensemble=3)",Chemprop v2,train,815,CC(C)(C)c1nc[nH]c1/C=c1\[nH]c(=O)/c(=C/c2ccccc2)[n-]c1=O,3.0,3.229313,
tdc_vdss_lombardo,"Chemprop v2 (CMPNN, ensemble=3)",Chemprop v2,train,816,Cc1ccc(S(=O)(=O)[N-]C(=O)NN2CC3CCCC3C2)cc1,0.43,2.527495,
tdc_vdss_lombardo,"Chemprop v2 (CMPNN, ensemble=3)",Chemprop v2,train,817,[NH3+]CCCCC(NC(CCc1ccccc1)C(=O)[O-])C(=O)N1CCCC1C(=O)[O-],0.89,3.8551433,
tdc_vdss_lombardo,"Chemprop v2 (CMPNN, ensemble=3)",Chemprop v2,train,818,N#CC1CCCN1C(=O)C[NH2+]C12CC3CC(CC(O)(C3)C1)C2,1.03,3.4718502,
tdc_vdss_lombardo,"Chemprop v2 (CMPNN, ensemble=3)",Chemprop v2,train,819,C[NH+]1CCCC(n2nc(Cc3ccc(Cl)cc3)c3ccccc3c2=O)CC1,15.0,6.67386,
tdc_vdss_lombardo,"Chemprop v2 (CMPNN, ensemble=3)",Chemprop v2,train,820,NS(=O)(=O)c1cc(C2(O)NC(=O)c3ccccc32)ccc1Cl,3.9,3.128765,
tdc_vdss_lombardo,"Chemprop v2 (CMPNN, ensemble=3)",Chemprop v2,train,821,C[NH2+]C1(c2ccccc2Cl)CCCCC1=O,2.9,5.4463544,
tdc_vdss_lombardo,"Chemprop v2 (CMPNN, ensemble=3)",Chemprop v2,train,822,CNC(=O)c1cnn(-c2nc(N)c3ncn(C4OC(CO)C(O)C4O)c3n2)c1,0.94,4.0582094,
tdc_vdss_lombardo,"Chemprop v2 (CMPNN, ensemble=3)",Chemprop v2,train,823,CCCCCCC(C)(C)c1cc(O)c2c(c1)OC(C)(C)C1CC=C(CO)CC21,5.06,8.868627,
tdc_vdss_lombardo,"Chemprop v2 (CMPNN, ensemble=3)",Chemprop v2,train,824,COc1cc2c(cc1OC)C(Cc1cc(OC)c(OC)c(OC)c1)[N+](C)(CCCOC(=O)CC/C=C\CCC(=O)OCCC[N+]1(C)CCc3cc(OC)c(OC)cc3C1Cc1cc(OC)c(OC)c(OC)c1)CC2,0.27,4.74638,
tdc_vdss_lombardo,"Chemprop v2 (CMPNN, ensemble=3)",Chemprop v2,train,825,COc1cc(OC)c(C(=O)CCC[NH+]2CCCC2)c(OC)c1,1.3,7.051809,
tdc_vdss_lombardo,"Chemprop v2 (CMPNN, ensemble=3)",Chemprop v2,train,826,COc1cc2c(c(OC)c1OC)-c1ccc(OC)c(=O)cc1C(NC(C)=O)CC2,6.1,3.760501,
tdc_vdss_lombardo,"Chemprop v2 (CMPNN, ensemble=3)",Chemprop v2,train,827,CCC(=O)OC(Cc1ccccc1)(c1ccccc1)C(C)C[NH+](C)C,12.0,5.785238,
tdc_vdss_lombardo,"Chemprop v2 (CMPNN, ensemble=3)",Chemprop v2,train,828,CC[C@H](C)[C@H](NC(=O)[C@H](CCCNC(N)=[NH2+])NC(=O)[C@H](CCCNC(N)=[NH2+])NC(=O)[C@H](CC(C)C)NC(=O)[C@H](Cc1ccccc1)NC(=O)CNC(=O)CNC(=O)[C@@H]([NH3+])Cc1ccc(O)cc1)C(=O)N[C@@H](CCCNC(N)=[NH2+])C(=O)N1CCC[C@H]1C(=O)N[C@@H](CCCC[NH3+])C(=O)N[C@@H](CC(C)C)C(=O)N[C@@H](CCCC[NH3+])C(=O)[O-],0.12,5.2595005,
tdc_vdss_lombardo,"Chemprop v2 (CMPNN, ensemble=3)",Chemprop v2,train,829,C=C1CCC2C(C)(COC(=O)CCC(=O)[O-])C(OC(=O)CCC(=O)[O-])CCC2(C)C1/C=C/C1=CCOC1=O,0.13,2.874358,
tdc_vdss_lombardo,"Chemprop v2 (CMPNN, ensemble=3)",Chemprop v2,train,830,COC1CC(OC2C(C)C(=O)OC(C)C(C)C(O)C(C)C(=O)C3(CO3)CC(C)C(OC3OC(C)CC([NH+](C)C)C3O)C2C)OC(C)C1O,0.77,4.975966,
tdc_vdss_lombardo,"Chemprop v2 (CMPNN, ensemble=3)",Chemprop v2,train,831,c1ccc(C2([NH+]3CCCCC3)CCCCC2)cc1,6.9,8.164489,
tdc_vdss_lombardo,"Chemprop v2 (CMPNN, ensemble=3)",Chemprop v2,train,832,CC1CC2C3CC(F)C4=CC(=O)C=CC4(C)C3(F)C(O)CC2(C)C1(OC(=O)c1ccco1)C(=O)SCF,4.95,4.5551357,
tdc_vdss_lombardo,"Chemprop v2 (CMPNN, ensemble=3)",Chemprop v2,train,833,CC1CC2C3CCC4=CC(=O)C=CC4(C)C3(Cl)C(O)CC2(C)C1(OC(=O)c1ccco1)C(=O)CCl,2.2,4.515703,
tdc_vdss_lombardo,"Chemprop v2 (CMPNN, ensemble=3)",Chemprop v2,train,834,CCOc1ccccc1OCC1C[NH2+]CCO1,0.73,4.9900317,
tdc_vdss_lombardo,"Chemprop v2 (CMPNN, ensemble=3)",Chemprop v2,train,835,N#CC(OC1OC(COC2OC(CO)C(O)C(O)C2O)C(O)C(O)C1O)c1ccccc1,0.21,3.4516392,
tdc_vdss_lombardo,"Chemprop v2 (CMPNN, ensemble=3)",Chemprop v2,train,836,Cc1cccnc1NS(=O)(=O)c1ccc(C#Cc2ccc(O)c(C(=O)[O-])c2)cc1,0.1,1.9077195,
tdc_vdss_lombardo,"Chemprop v2 (CMPNN, ensemble=3)",Chemprop v2,train,837,CCC1(O)C(=O)OCc2c1cc1n(c2=O)Cc2cc3c(N)cccc3nc2-1,2.2,4.785361,
tdc_vdss_lombardo,"Chemprop v2 (CMPNN, ensemble=3)",Chemprop v2,train,838,CCC1(O)C(=O)OCc2c1cc1n(c2=O)Cc2cc3c(C[NH+](C)C)c(O)ccc3nc2-1,1.8,6.584045,
tdc_vdss_lombardo,"Chemprop v2 (CMPNN, ensemble=3)",Chemprop v2,train,839,CCC1(O)C(=O)OCc2c1cc1n(c2=O)Cc2c-1nc1ccc(O)cc1c2[Si](C)(C)C(C)(C)C,0.47,5.4959054,
tdc_vdss_lombardo,"Chemprop v2 (CMPNN, ensemble=3)",Chemprop v2,train,840,Cc1cc(=O)n(-c2ccccc2)n1C,0.77,3.2702103,
tdc_vdss_lombardo,"Chemprop v2 (CMPNN, ensemble=3)",Chemprop v2,train,841,CC(C)C[C@H]1C(=O)N2CCC[C@H]2[C@]2(O)O[C@@](C)(NC(=O)[C@@H]3C[C@@H]4c5cccc6[nH]cc(c56)C[C@H]4N(C)C3)C(=O)N12,4.02,5.0763736,
tdc_vdss_lombardo,"Chemprop v2 (CMPNN, ensemble=3)",Chemprop v2,train,842,COc1ccc(CCOC2CCCCC2[NH+]2CCC(O)C2)cc1OC,1.8,7.696299,
tdc_vdss_lombardo,"Chemprop v2 (CMPNN, ensemble=3)",Chemprop v2,train,843,COC(C(=O)N1Cc2[nH]nc(NC(=O)c3ccc(N4CC[NH+](C)CC4)cc3)c2C1)c1ccccc1,2.5,5.043839,
tdc_vdss_lombardo,"Chemprop v2 (CMPNN, ensemble=3)",Chemprop v2,train,844,CO[C@@]1(NC(=O)[C@H](C(=O)O)c2ccsc2)C(=O)N2[C@@H](C(=O)O)C(C)(C)S[C@@H]21,0.11,2.9782178,
tdc_vdss_lombardo,"Chemprop v2 (CMPNN, ensemble=3)",Chemprop v2,train,845,CC1(C)SC2C(NC(=O)C(C(=O)[O-])c3ccsc3)C(=O)N2C1C(=O)[O-],0.16,2.3539517,
tdc_vdss_lombardo,"Chemprop v2 (CMPNN, ensemble=3)",Chemprop v2,train,846,NS(=O)(=O)c1cc(C(=O)[O-])c(NCc2ccco2)cc1Cl,0.12,2.0869782,
tdc_vdss_lombardo,"Chemprop v2 (CMPNN, ensemble=3)",Chemprop v2,train,847,CC(C)c1nc(N(C)S(C)(=O)=O)nc(-c2ccc(F)cc2)c1/C=C/C(O)CC(O)CC(=O)[O-],1.7,2.8297021,
tdc_vdss_lombardo,"Chemprop v2 (CMPNN, ensemble=3)",Chemprop v2,train,848,O=C(/C=C/c1ccc(C[NH+](CCO)CCc2c[nH]c3ccccc23)cc1)NO,2.17,9.579429,
tdc_vdss_lombardo,"Chemprop v2 (CMPNN, ensemble=3)",Chemprop v2,train,849,CC12CCCCCC(Cc3ccc(O)cc31)C2[NH3+],5.6,5.9324512,
tdc_vdss_lombardo,"Chemprop v2 (CMPNN, ensemble=3)",Chemprop v2,train,850,CC[C@H](C)[C@H](NC(=O)[C@H](CCC(=O)[O-])NC(=O)[C@H](CCC(=O)[O-])NC(=O)[C@H](Cc1ccccc1)NC(=O)[C@H](CC(=O)[O-])NC(=O)CNC(=O)[C@H](CC(N)=O)NC(=O)CNC(=O)CNC(=O)CNC(=O)CNC(=O)[C@@H]1CCCN1C(=O)[C@H](CCCNC(N)=[NH2+])NC(=O)[C@@H]1CCCN1C(=O)[C@H]([NH3+])Cc1ccccc1)C(=O)N1CCC[C@H]1C(=O)N[C@@H](CCC(=O)[O-])C(=O)N[C@@H](CCC(=O)[O-])C(=O)N[C@@H](Cc1ccc(O)cc1)C(=O)N[C@@H](CC(C)C)C(=O)[O-],0.27,-4.2617655,
tdc_vdss_lombardo,"Chemprop v2 (CMPNN, ensemble=3)",Chemprop v2,train,851,CC1CC[NH+](CCCC(=O)c2ccc(F)cc2)CC1,14.0,8.313476,
tdc_vdss_lombardo,"Chemprop v2 (CMPNN, ensemble=3)",Chemprop v2,train,852,Cc1[nH+]ccn1CC1CCc2c(c3ccccc3n2C)C1=O,1.8,5.5705733,
tdc_vdss_lombardo,"Chemprop v2 (CMPNN, ensemble=3)",Chemprop v2,train,853,CN(c1nc2ccccc2s1)C1CC[NH+](CC(O)COc2ccc(F)cc2)CC1,5.5,6.790749,
tdc_vdss_lombardo,"Chemprop v2 (CMPNN, ensemble=3)",Chemprop v2,train,854,CN(c1nc2ccccc2s1)C1CC[NH+](CC(O)COc2ccc(F)c(F)c2)CC1,2.6,6.8705926,
tdc_vdss_lombardo,"Chemprop v2 (CMPNN, ensemble=3)",Chemprop v2,train,855,COC(=O)CCC1[NH+]=C(c2ccccn2)c2cc(Br)ccc2-n2c(C)cnc21,0.44,3.7750852,
tdc_vdss_lombardo,"Chemprop v2 (CMPNN, ensemble=3)",Chemprop v2,train,856,CC(O)C1C(=O)N2C(C(=O)[O-])=C(SC3CC(C(=O)N4CCC(NC(=O)CNC(N)=[NH2+])C4)N(C)C3)C(C)C12,0.23,2.9291384,
tdc_vdss_lombardo,"Chemprop v2 (CMPNN, ensemble=3)",Chemprop v2,train,857,CCOC(=O)Nc1ccc(NCc2ccc(F)cc2)cc1N,2.5,3.2949848,
tdc_vdss_lombardo,"Chemprop v2 (CMPNN, ensemble=3)",Chemprop v2,train,858,COc1cc(N)c(Cl)cc1C(=O)NC1CC[NH+](CCCOc2ccc(F)cc2)CC1OC,1.2,6.8359485,
tdc_vdss_lombardo,"Chemprop v2 (CMPNN, ensemble=3)",Chemprop v2,train,859,CCC(=O)N(c1ccccc1)C1(C(=O)OC)CCN(CCC(=O)OC)CC1,0.4,2.91837,
tdc_vdss_lombardo,"Chemprop v2 (CMPNN, ensemble=3)",Chemprop v2,train,860,O=C([O-])c1cc(N=Nc2ccc(S(=O)(=O)Nc3ccccn3)cc2)ccc1O,0.11,1.858534,
tdc_vdss_lombardo,"Chemprop v2 (CMPNN, ensemble=3)",Chemprop v2,train,861,CCNC(=O)C1CCCN1C(=O)C(CCCNC(N)=[NH2+])NC(=O)C(CC(C)C)NC(=O)C(CC(C)C)NC(=O)C(Cc1ccc(O)cc1)NC(=O)C(CO)NC(=O)C(Cc1c[nH]c2ccccc12)NC(=O)C(Cc1c[nH]cn1)NC(=O)C1CCC(=O)N1,0.38,3.2141736,
tdc_vdss_lombardo,"Chemprop v2 (CMPNN, ensemble=3)",Chemprop v2,train,862,COc1ccc(Cc2nccc3cc(OC)c(OC)cc23)cc1OC,1.0,5.0627875,
tdc_vdss_lombardo,"Chemprop v2 (CMPNN, ensemble=3)",Chemprop v2,train,863,CC[NH+](CC)CCNc1ccc(CNC=O)c2sc3ccc(OC)cc3c(=O)c12,1.01,10.24638,
tdc_vdss_lombardo,"Chemprop v2 (CMPNN, ensemble=3)",Chemprop v2,train,864,COC1(NC(=O)Cc2cccs2)C(=O)N2C(C(=O)[O-])=C(COC(N)=O)CSC21,0.17,1.853054,
tdc_vdss_lombardo,"Chemprop v2 (CMPNN, ensemble=3)",Chemprop v2,train,865,CC(=O)OCC1=C(C(=O)[O-])N2C(=O)C(NC(=O)Cc3cccs3)C2SC1,0.07,1.6895765,
tdc_vdss_lombardo,"Chemprop v2 (CMPNN, ensemble=3)",Chemprop v2,train,866,COc1ccc(-c2nc3ccc(C4=NNC(=O)CC4C)cc3[nH]2)cc1,2.0,3.794342,
tdc_vdss_lombardo,"Chemprop v2 (CMPNN, ensemble=3)",Chemprop v2,train,867,O=C(NCCN1CCOCC1)c1ccc(Cl)cc1,1.1,4.0097365,
tdc_vdss_lombardo,"Chemprop v2 (CMPNN, ensemble=3)",Chemprop v2,train,868,COc1ccc2cc1Oc1ccc(cc1)CC1(C)c3cc(c(OC)cc3CC[NH+]1C)Oc1c(OC)c(OC)c(Br)c3c1C(C)(C2)N(C)CC3,51.0,10.114158,
tdc_vdss_lombardo,"Chemprop v2 (CMPNN, ensemble=3)",Chemprop v2,train,869,COc1ccccc1Oc1c([N-]S(=O)(=O)c2ccc(C(C)(C)C)cc2)nc(-c2ncccn2)nc1OCCO,0.29,2.2333133,
tdc_vdss_lombardo,"Chemprop v2 (CMPNN, ensemble=3)",Chemprop v2,train,870,CC1COc2c(C3([NH3+])CC3)c(F)cc3c(=O)c(C(=O)[O-])cn1c23,0.68,4.2147017,
tdc_vdss_lombardo,"Chemprop v2 (CMPNN, ensemble=3)",Chemprop v2,train,871,CCC1=CC2CN(CCc3c([nH]c4ccccc34)C(C(=O)OC)(c3cc4c(cc3OC)N(C)C3C(O)(C(=O)OC)C(OC(C)=O)C5(CC)C=CCN6CCC43C65)C2)C1,12.0,6.972742,
tdc_vdss_lombardo,"Chemprop v2 (CMPNN, ensemble=3)",Chemprop v2,train,872,CCOc1ccc2ccccc2c1C(=O)NC1C(=O)N2C1SC(C)(C)C2C(=O)[O-],0.22,3.3347847,
tdc_vdss_lombardo,"Chemprop v2 (CMPNN, ensemble=3)",Chemprop v2,train,873,C[NH2+]CCC(Oc1ccccc1C)c1ccccc1,0.85,6.7390175,
tdc_vdss_lombardo,"Chemprop v2 (CMPNN, ensemble=3)",Chemprop v2,train,874,C[NH+](C)CCNc1ccc2c3c(nn2CC[NH2+]CCO)-c2cnccc2C(=O)c13,57.0,10.048088,
tdc_vdss_lombardo,"Chemprop v2 (CMPNN, ensemble=3)",Chemprop v2,train,875,Cc1cc([N-]S(=O)(=O)c2ccc(N)cc2)no1,0.3,1.79048,
tdc_vdss_lombardo,"Chemprop v2 (CMPNN, ensemble=3)",Chemprop v2,train,876,NC(=O)CC[C@@H]1NC(=O)[C@H](Cc2ccccc2)NC(=O)[C@H](Cc2ccc(O)cc2)NC(=O)[C@@H](NC(=O)CNC(=O)CNC(=O)C[NH3+])CSSC[C@@H](C(=O)N2CCC[C@H]2C(=O)N[C@@H](CCCC[NH3+])C(=O)NCC(N)=O)NC(=O)[C@H](CC(N)=O)NC1=O,0.24,1.6893142,
tdc_vdss_lombardo,"Chemprop v2 (CMPNN, ensemble=3)",Chemprop v2,train,877,NC(=[NH2+])NCCCC(NC(=O)C1CCCN1C(=O)C1CSSCCC(=O)NC(Cc2ccc(O)cc2)C(=O)NC(Cc2ccccc2)C(=O)NC(CCC(N)=O)C(=O)NC(CC(N)=O)C(=O)N1)C(=O)NCC(N)=O,0.3,1.7920523,
tdc_vdss_lombardo,"Chemprop v2 (CMPNN, ensemble=3)",Chemprop v2,train,878,COc1cc(N)cn[n+]1-c1ccccc1,4.0,3.5020068,
tdc_vdss_lombardo,"Chemprop v2 (CMPNN, ensemble=3)",Chemprop v2,train,879,CC(=O)OC1C(=O)C2(C)C(O)CC3OCC3(OC(C)=O)C2C(OC(=O)c2ccccc2)C2(O)CC(OC(=O)C(O)C(NC(=O)c3ccccc3)c3ccccc3)C(C)=C1C2(C)C,3.0,5.763107,
tdc_vdss_lombardo,"Chemprop v2 (CMPNN, ensemble=3)",Chemprop v2,train,880,CSCOC1CC2OCC2(OC(C)=O)C2C(OC(=O)c3ccccc3)C3(O)CC(OC(=O)C(O)C(NC(=O)c4ccccc4)c4ccccc4)C(C)=C(C(OC(C)=O)C(=O)C12C)C3(C)C,11.0,5.7860065,
tdc_vdss_lombardo,"Chemprop v2 (CMPNN, ensemble=3)",Chemprop v2,train,881,CC/C=C\C/C=C\C/C=C\C/C=C\C/C=C\C/C=C\CCC(=O)OC(C(=O)OC1CC2(O)C(OC(=O)c3ccccc3)C3C4(OC(C)=O)COC4CC(O)C3(C)C(=O)C(OC(C)=O)C(=C1C)C2(C)C)C(NC(=O)c1ccccc1)c1ccccc1,0.07,5.310236,
tdc_vdss_lombardo,"Chemprop v2 (CMPNN, ensemble=3)",Chemprop v2,train,882,COC(=O)OC12COC1CC(O)C1(C)C(=O)C(OC(C)=O)C3=C(C)C(OC(=O)C(O)C(NC(=O)c4ccccc4)c4ccccc4)CC(O)(C(OC(=O)c4ccccc4)C21)C3(C)C,6.9,5.5318985,
tdc_vdss_lombardo,"Chemprop v2 (CMPNN, ensemble=3)",Chemprop v2,train,883,CCOC(=O)c1cncn1C(C)c1ccccc1,2.7,2.9856393,
tdc_vdss_lombardo,"Chemprop v2 (CMPNN, ensemble=3)",Chemprop v2,train,884,COc1cccc2c1c([N-]S(=O)(=O)c1ccc(Cl)s1)nn2Cc1cccc(CNC(=O)C(C)(C)O)c1,1.65,1.9905351,
tdc_vdss_lombardo,"Chemprop v2 (CMPNN, ensemble=3)",Chemprop v2,train,885,Cc1cccc(Cl)c1C(=O)NC(Cc1ccc(NC(=O)c2c(Cl)cncc2Cl)cc1)C(=O)[O-],0.3,2.6934955,
tdc_vdss_lombardo,"Chemprop v2 (CMPNN, ensemble=3)",Chemprop v2,train,886,Cn1nnc(-c2ccc(-c3ccc(N4C[C@H](CO)OC4=O)cc3F)cn2)n1,0.91,3.2190683,
tdc_vdss_lombardo,"Chemprop v2 (CMPNN, ensemble=3)",Chemprop v2,train,887,C=CCN1CCC23c4c5ccc(O)c4OC2C(=O)CCC3(O)C1C5,1.7,5.815759,
tdc_vdss_lombardo,"Chemprop v2 (CMPNN, ensemble=3)",Chemprop v2,train,888,CO[C@@]1(NC(=O)CSC(F)F)C(=O)N2C(C(=O)[O-])=C(CSc3nnnn3CCO)CO[C@@H]21,0.19,2.1157193,
tdc_vdss_lombardo,"Chemprop v2 (CMPNN, ensemble=3)",Chemprop v2,train,889,CCCCCc1cc(O)c2c(c1)OC(C)(C)c1ccc(C)cc1-2,16.98,8.89783,
tdc_vdss_lombardo,"Chemprop v2 (CMPNN, ensemble=3)",Chemprop v2,train,890,C/C(=C\c1csc(C)n1)C1CC2OC2(C)CCCC(C)C(O)C(C)C(=O)C(C)(C)C(O)CC(=O)O1,14.4,5.01185,
tdc_vdss_lombardo,"Chemprop v2 (CMPNN, ensemble=3)",Chemprop v2,train,891,OCC1OC(n2cnc3c2NC=NCC3O)CC1O,0.59,4.1795297,
tdc_vdss_lombardo,"Chemprop v2 (CMPNN, ensemble=3)",Chemprop v2,train,892,CO/N=C(\C(=O)NC1C(=O)N2C(C(=O)[O-])=C(CSc3nc(C)c(CC(=O)[O-])s3)CSC12)c1csc(N)n1,0.05,0.9210662,
tdc_vdss_lombardo,"Chemprop v2 (CMPNN, ensemble=3)",Chemprop v2,train,893,Cc1ncc2n1-c1ccc(Cl)cc1C(c1ccccc1F)=NC2,1.1,5.4813666,
tdc_vdss_lombardo,"Chemprop v2 (CMPNN, ensemble=3)",Chemprop v2,train,894,OCc1ncc2n1-c1ccc(Cl)cc1C(c1ccccc1F)=NC2,0.77,5.454741,
tdc_vdss_lombardo,"Chemprop v2 (CMPNN, ensemble=3)",Chemprop v2,train,895,CC1(C)CCC2(C(=O)[O-])CCC3(COC(=O)/C=C/c4cc(O)ccc4NC(=O)/C=C/C(=O)[O-])C(=CCC4C5(C)CCC(=O)C(C)(C)C5CCC43C)C2C1,1.45,4.645443,
tdc_vdss_lombardo,"Chemprop v2 (CMPNN, ensemble=3)",Chemprop v2,train,896,CCC1=CC2CN(C1)Cc1c([nH]c3ccccc13)C(C(=O)OC)(c1cc3c(cc1OC)N(C)C1C(O)(C(=O)OC)C(OC(C)=O)C4(CC)C=CCN5CCC31C54)C2,23.0,6.9268737,
tdc_vdss_lombardo,"Chemprop v2 (CMPNN, ensemble=3)",Chemprop v2,train,897,O=C([O-])CCCCO/N=C(\c1cccnc1)c1cccc(C(F)(F)F)c1,0.43,3.035157,
tdc_vdss_lombardo,"Chemprop v2 (CMPNN, ensemble=3)",Chemprop v2,train,898,C[NH+](C)C1C([O-])=C(C(N)=O)C(=O)C2(O)C(O)=C3C(=O)c4c(O)c(NC(=O)C[NH+]5CCCC5)cc(F)c4CC3CC12,2.3,6.74432,
tdc_vdss_lombardo,"Chemprop v2 (CMPNN, ensemble=3)",Chemprop v2,train,899,C[NH+](C)CCCOc1nn(Cc2ccccc2)c2ccccc12,1.53,6.764328,
tdc_vdss_lombardo,"Chemprop v2 (CMPNN, ensemble=3)",Chemprop v2,train,900,COC(=O)c1ccc2c(c1)NC(=O)/C2=C(\Nc1ccc(N(C)C(=O)CN2CC[NH+](C)CC2)cc1)c1ccccc1,15.0,4.8495407,
tdc_vdss_lombardo,"Chemprop v2 (CMPNN, ensemble=3)",Chemprop v2,train,901,CC(=O)OCC1=C(C(=O)[O-])N2C(=O)C(NC(=O)CSc3ccncc3)C2SC1,0.13,1.7220188,
tdc_vdss_lombardo,"Chemprop v2 (CMPNN, ensemble=3)",Chemprop v2,train,902,C[NH+]1CCOC(c2ccccc2)c2ccccc2C1,5.6,7.7173553,
tdc_vdss_lombardo,"Chemprop v2 (CMPNN, ensemble=3)",Chemprop v2,train,903,CCC(C)C(C(CC(=O)N1CCCC1C(OC)C(C)C(=O)NCCc1ccccc1)OC)N(C)C(=O)C(NC(=O)C(C(C)C)N(C)C)C(C)C,0.42,4.1485457,
tdc_vdss_lombardo,"Chemprop v2 (CMPNN, ensemble=3)",Chemprop v2,test,0,C[C@@H](N)[C@H]1CC[C@@H](N)[C@@H](O[C@@H]2[C@@H](N)[C@@H](O)[C@@H](O)[C@@H](N(C)C(=O)CN)[C@H]2O)O1,0.27,1.8648506,
tdc_vdss_lombardo,"Chemprop v2 (CMPNN, ensemble=3)",Chemprop v2,test,1,CO[C@H]1[C@@H](O)[C@H](N)[C@@H](O[C@H]2O[C@H]([C@H](C)N)CC[C@H]2N)[C@H](O)[C@H]1N(C)C(=O)CN,0.23,2.2751455,
tdc_vdss_lombardo,"Chemprop v2 (CMPNN, ensemble=3)",Chemprop v2,test,2,Cc1ccsc1C(=CCC[NH+]1CCCC(C(=O)[O-])C1)c1sccc1C,1.1,5.7992244,
tdc_vdss_lombardo,"Chemprop v2 (CMPNN, ensemble=3)",Chemprop v2,test,3,CO/N=C(\C(=O)NC1C(=O)N2C(C(=O)[O-])=C(C[N+]3(C)CCCC3)CSC12)c1csc(N)n1,0.28,2.4999325,
tdc_vdss_lombardo,"Chemprop v2 (CMPNN, ensemble=3)",Chemprop v2,test,4,CCCCc1nc(Cl)c(CO)n1Cc1ccc(-c2ccccc2-c2nnn[n-]2)cc1,0.37,4.286797,
tdc_vdss_lombardo,"Chemprop v2 (CMPNN, ensemble=3)",Chemprop v2,test,5,CCCn1c(=O)c2[nH]c(C34CCC(CCC(=O)[O-])(CC3)CC4)nc2n(CCC)c1=O,0.76,5.011006,
tdc_vdss_lombardo,"Chemprop v2 (CMPNN, ensemble=3)",Chemprop v2,test,6,C[NH+]1CCN(C(=O)OC2c3nccnc3C(=O)N2c2ccc(Cl)cn2)CC1,1.3,4.379293,
tdc_vdss_lombardo,"Chemprop v2 (CMPNN, ensemble=3)",Chemprop v2,test,7,CC1C[NH2+]C(C2CC2)C(=O)N(C)C(C)C(=O)NC(Cc2ccc(F)cc2)C(=O)NCCCc2ccccc2O1,0.1,4.3279366,
tdc_vdss_lombardo,"Chemprop v2 (CMPNN, ensemble=3)",Chemprop v2,test,8,CCOC(Cc1ccc(OCCc2ccc(OS(C)(=O)=O)cc2)cc1)C(=O)[O-],0.13,1.6709615,
tdc_vdss_lombardo,"Chemprop v2 (CMPNN, ensemble=3)",Chemprop v2,test,9,Cc1cc(Nc2cc(N3CC[NH+](C)CC3)nc(Sc3ccc(NC(=O)C4CC4)cc3)n2)n[nH]1,5.1,5.233642,
tdc_vdss_lombardo,"Chemprop v2 (CMPNN, ensemble=3)",Chemprop v2,test,10,CCNC(=O)CCC/C=C/CC1C(O)CC(O)C1/C=C/C(O)CCc1ccccc1,0.67,5.7226357,
tdc_vdss_lombardo,"Chemprop v2 (CMPNN, ensemble=3)",Chemprop v2,test,11,CC(S)C(=O)NCC(=O)[O-],1.39,2.2966301,
tdc_vdss_lombardo,"Chemprop v2 (CMPNN, ensemble=3)",Chemprop v2,test,12,NC(=O)NO,0.52,2.759201,
tdc_vdss_lombardo,"Chemprop v2 (CMPNN, ensemble=3)",Chemprop v2,test,13,[NH3+]CCC(O)(P(=O)([O-])[O-])P(=O)([O-])O,1.8,1.1556135,
tdc_vdss_lombardo,"Chemprop v2 (CMPNN, ensemble=3)",Chemprop v2,test,14,CCCCC[NH+](C)CCC(O)(P(=O)([O-])[O-])P(=O)([O-])O,0.55,5.178284,
tdc_vdss_lombardo,"Chemprop v2 (CMPNN, ensemble=3)",Chemprop v2,test,15,O=[N+]([O-])OC[C@H](O)CO,0.76,2.5708525,
tdc_vdss_lombardo,"Chemprop v2 (CMPNN, ensemble=3)",Chemprop v2,test,16,CCCC(C)(COC(N)=O)COC(N)=O,0.7,3.0400288,
tdc_vdss_lombardo,"Chemprop v2 (CMPNN, ensemble=3)",Chemprop v2,test,17,N=C(N)N[C@@H](CS)C(=O)O,0.25,2.641126,
tdc_vdss_lombardo,"Chemprop v2 (CMPNN, ensemble=3)",Chemprop v2,test,18,CC(N)CCCC(C)(C)O,2.14,6.9757366,
tdc_vdss_lombardo,"Chemprop v2 (CMPNN, ensemble=3)",Chemprop v2,test,19,O=S(=O)([O-])CCS,0.65,2.0117495,
tdc_vdss_lombardo,"Chemprop v2 (CMPNN, ensemble=3)",Chemprop v2,test,20,O=P([O-])([O-])C(Cl)(Cl)P(=O)([O-])O,0.88,0.836896,
tdc_vdss_lombardo,"Chemprop v2 (CMPNN, ensemble=3)",Chemprop v2,test,21,CN(C)C(=[NH2+])NC(=N)N,0.64,2.671315,
tdc_vdss_lombardo,"Chemprop v2 (CMPNN, ensemble=3)",Chemprop v2,test,22,CN(CC(N)=O)C(=O)N(CCCl)N=O,0.76,2.1038811,
tdc_vdss_lombardo,"Chemprop v2 (CMPNN, ensemble=3)",Chemprop v2,test,23,N#CN,0.78,2.9074447,
tdc_vdss_lombardo,"Chemprop v2 (CMPNN, ensemble=3)",Chemprop v2,test,24,CCC(CO)NCC[NH2+]C(CC)CO,1.7,128.43712,
tdc_vdss_lombardo,"Chemprop v2 (CMPNN, ensemble=3)",Chemprop v2,test,25,CS(=O)(=O)OCC(O)C(O)COS(C)(=O)=O,0.59,1.6211869,
tdc_vdss_lombardo,"Chemprop v2 (CMPNN, ensemble=3)",Chemprop v2,test,26,CC(=O)NCCCS(=O)(=O)[O-],0.3,1.7872219,
tdc_vdss_lombardo,"Chemprop v2 (CMPNN, ensemble=3)",Chemprop v2,test,27,CCCCCCCCCCCCCCCC(=O)OCC(COP(=O)([O-])OCCNC(=O)C(C)NC(=O)CCC(NC(=O)C(C)NC(=O)C(C)OC(C(C=O)NC(C)=O)C(O)C(O)CO)C(N)=O)OC(=O)CCCCCCCCCCCCCCC,5.8,12.002355,
tdc_vdss_lombardo,"Chemprop v2 (CMPNN, ensemble=3)",Chemprop v2,test,28,CC(=O)NC(CS)C(=O)[O-],0.55,2.406618,
tdc_vdss_lombardo,"Chemprop v2 (CMPNN, ensemble=3)",Chemprop v2,test,29,C[N+](C)(C)[NH2+]CCC(=O)[O-],0.7,3.092892,
tdc_vdss_lombardo,"Chemprop v2 (CMPNN, ensemble=3)",Chemprop v2,test,30,CS(=O)(=O)OCCCCOS(C)(=O)=O,0.55,1.4178187,
tdc_vdss_lombardo,"Chemprop v2 (CMPNN, ensemble=3)",Chemprop v2,test,31,CCCCS(=N)(=O)CCC([NH3+])C(=O)[O-],0.26,2.6411772,
tdc_vdss_lombardo,"Chemprop v2 (CMPNN, ensemble=3)",Chemprop v2,test,32,O=C([O-])CC(NC(=O)CP(=O)([O-])O)C(=O)[O-],0.33,0.73041797,
tdc_vdss_lombardo,"Chemprop v2 (CMPNN, ensemble=3)",Chemprop v2,test,33,CCCCCCCCCCCCCCCC(O)C(C)[NH3+],30.7,238.85468,
tdc_vdss_lombardo,"Chemprop v2 (CMPNN, ensemble=3)",Chemprop v2,test,34,CCCC(CCC)C(=O)[O-],0.14,3.843035,
tdc_vdss_lombardo,"Chemprop v2 (CMPNN, ensemble=3)",Chemprop v2,test,35,[NH3+]CCCC(O)(P(=O)([O-])[O-])P(=O)([O-])O,0.33,1.6418991,
tdc_vdss_lombardo,"Chemprop v2 (CMPNN, ensemble=3)",Chemprop v2,test,36,CC(=O)NC(CSSCC([NH3+])C(=O)[O-])C(=O)NC(C)C(=O)NC(CCCNC(N)=[NH2+])C(=O)NC(CCCNC(N)=[NH2+])C(=O)NC(CCCNC(N)=[NH2+])C(=O)NC(C)C(=O)NC(CCCNC(N)=[NH2+])C(N)=O,0.5,2.0385814,
tdc_vdss_lombardo,"Chemprop v2 (CMPNN, ensemble=3)",Chemprop v2,test,37,O=NN(CCCl)C(=O)NCCCl,1.2,2.8526278,
tdc_vdss_lombardo,"Chemprop v2 (CMPNN, ensemble=3)",Chemprop v2,test,38,C[N+](C)(C)CC(O)CC(=O)[O-],0.4,3.268397,
tdc_vdss_lombardo,"Chemprop v2 (CMPNN, ensemble=3)",Chemprop v2,test,39,O=C([O-])P(=O)([O-])[O-],0.5,1.1179714,
tdc_vdss_lombardo,"Chemprop v2 (CMPNN, ensemble=3)",Chemprop v2,test,40,[NH3+]CCC[NH2+]CCSP(=O)([O-])[O-],0.09,3.7432973,
tdc_vdss_lombardo,"Chemprop v2 (CMPNN, ensemble=3)",Chemprop v2,test,41,O=C([O-])C(Cl)Cl,0.19,2.5788043,
tdc_vdss_lombardo,"Chemprop v2 (CMPNN, ensemble=3)",Chemprop v2,test,42,[NH3+]CCCCCC(=O)[O-],0.39,4.32614,
tdc_vdss_lombardo,"Chemprop v2 (CMPNN, ensemble=3)",Chemprop v2,test,43,[NH3+]CC(=O)CCC(=O)[O-],0.12,2.451917,
tdc_vdss_lombardo,"Chemprop v2 (CMPNN, ensemble=3)",Chemprop v2,test,44,CCOP(=O)(OCC)[C@H](C)NC(=O)N(CCCl)N=O,0.62,1.618825,
tdc_vdss_lombardo,"Chemprop v2 (CMPNN, ensemble=3)",Chemprop v2,test,45,CNC(=O)N(N(CCCl)S(C)(=O)=O)S(C)(=O)=O,0.88,0.62774664,
tdc_vdss_lombardo,"Chemprop v2 (CMPNN, ensemble=3)",Chemprop v2,test,46,O=CC(O)C(O)C(O)CO,0.23,5.8870773,
tdc_vdss_lombardo,"Chemprop v2 (CMPNN, ensemble=3)",Chemprop v2,test,47,CCC(=O)OC(CC(=O)[O-])C[N+](C)(C)C,0.3,2.490297,
tdc_vdss_lombardo,"Chemprop v2 (CMPNN, ensemble=3)",Chemprop v2,test,48,OCC(O)C(O)C(O)C(O)CO,0.24,73.11383,
tdc_vdss_lombardo,"Chemprop v2 (CMPNN, ensemble=3)",Chemprop v2,test,49,C[NH+](CCC(=O)/C=C/c1ccc(O)cc1)CCc1ccc2c(c1)OCO2,2.13,6.698652,
tdc_vdss_lombardo,"Chemprop v2 (CMPNN, ensemble=3)",Chemprop v2,test,50,O=c1[nH]cnc2c1ncn2C1CCC(CO)O1,0.77,3.8489387,
tdc_vdss_lombardo,"Chemprop v2 (CMPNN, ensemble=3)",Chemprop v2,test,51,CC(/C=C/C(C)C(C)(C)O)C1CCC2/C(=C/C=C3CC(O)CC(O)C3)CCCC21C,0.41,3.4565232,
tdc_vdss_lombardo,"Chemprop v2 (CMPNN, ensemble=3)",Chemprop v2,test,52,Cc1[n-]c(=O)c(C#N)cc1-c1ccncc1,0.25,2.944507,
tdc_vdss_lombardo,"Chemprop v2 (CMPNN, ensemble=3)",Chemprop v2,test,53,CCC[NH+](CCc1cccs1)C1CCc2c(O)cccc2C1,5.7,11.665238,
tdc_vdss_lombardo,"Chemprop v2 (CMPNN, ensemble=3)",Chemprop v2,test,54,O=P1(NCCCl)OCCCN1CCCl,0.62,3.2961729,
tdc_vdss_lombardo,"Chemprop v2 (CMPNN, ensemble=3)",Chemprop v2,test,55,CCc1cc2c(cc1CC)CC([NH2+]CC(O)c1ccc(O)c3[nH]c(=O)ccc13)C2,19.4,7.6581364,
tdc_vdss_lombardo,"Chemprop v2 (CMPNN, ensemble=3)",Chemprop v2,test,56,CCNC(=O)C1CC(n2ccc3c(NC(CC)Cc4sccc4Cl)ncnc32)C(O)C1O,0.84,4.907574,
tdc_vdss_lombardo,"Chemprop v2 (CMPNN, ensemble=3)",Chemprop v2,test,57,COC1/C=C/OC2(C)Oc3c(C)c([O-])c4c(O)c(c(/C=N/N5CCN(C)CC5)c(O)c4c3C2=O)NC(=O)/C(C)=C\C=C\C(C)C(O)C(C)C(O)C(C)C(OC(C)=O)C1C,0.97,4.501411,
tdc_vdss_lombardo,"Chemprop v2 (CMPNN, ensemble=3)",Chemprop v2,test,58,CS(=O)(=O)N(CCO)c1c(Cl)c(Cl)cc2[nH]c(=O)c(=O)[nH]c12,0.8,2.4593327,
tdc_vdss_lombardo,"Chemprop v2 (CMPNN, ensemble=3)",Chemprop v2,test,59,CC1CCC2(C(=O)[O-])CCC3(C)C(=CCC4C5(C)CCC(O)C(C)(C)C5CCC43C)C2C1C,0.54,2.0541656,
tdc_vdss_lombardo,"Chemprop v2 (CMPNN, ensemble=3)",Chemprop v2,test,60,[NH3+]C(C(=O)NC1C(=O)N2C(C(=O)[O-])=C(CSc3c[n-]nn3)CSC12)c1ccc(O)cc1,0.22,1.969371,
tdc_vdss_lombardo,"Chemprop v2 (CMPNN, ensemble=3)",Chemprop v2,test,61,COc1ccc(CC[NH2+]CC(O)COc2cccc(C)c2)cc1OC,0.67,6.4804535,
tdc_vdss_lombardo,"Chemprop v2 (CMPNN, ensemble=3)",Chemprop v2,test,62,COc1cc2[nH+]c(N(C)CCCNC(=O)C3CCCO3)nc(N)c2cc1OC,1.5,3.9864967,
tdc_vdss_lombardo,"Chemprop v2 (CMPNN, ensemble=3)",Chemprop v2,test,63,Nc1ncn(C2OC(CO)C(O)C2O)c(=O)n1,0.47,3.7964401,
tdc_vdss_lombardo,"Chemprop v2 (CMPNN, ensemble=3)",Chemprop v2,test,64,Nc1ncn(C2CC(O)C(CO)O2)c(=O)n1,4.6,3.6939564,
tdc_vdss_lombardo,"Chemprop v2 (CMPNN, ensemble=3)",Chemprop v2,test,65,CC(C)C1CCC(C(=O)NC(Cc2ccccc2)C(=O)[O-])CC1,0.15,4.0349145,
tdc_vdss_lombardo,"Chemprop v2 (CMPNN, ensemble=3)",Chemprop v2,test,66,CCCCC(C)(C)C(O)/C=C/C1C(O)CC(Cl)C1C/C=C/CCCC(=O)[O-],0.16,4.343878,
tdc_vdss_lombardo,"Chemprop v2 (CMPNN, ensemble=3)",Chemprop v2,test,67,Oc1ccc2c(c1)C13CCCCC1(O)C(C2)[NH+](CC1CCC1)CC3,12.0,7.694489,
tdc_vdss_lombardo,"Chemprop v2 (CMPNN, ensemble=3)",Chemprop v2,test,68,CC(C)(C)[NH2+]CC(O)COc1ccc(NC(=O)NC2CCCCC2)cc1,3.3,5.1301684,
tdc_vdss_lombardo,"Chemprop v2 (CMPNN, ensemble=3)",Chemprop v2,test,69,Cc1cccc(N2CC(CO)OC2=O)c1,1.5,3.052515,
tdc_vdss_lombardo,"Chemprop v2 (CMPNN, ensemble=3)",Chemprop v2,test,70,O=[N+]([O-])OC1COC2C(O)COC12,0.86,3.3856895,
tdc_vdss_lombardo,"Chemprop v2 (CMPNN, ensemble=3)",Chemprop v2,test,71,O=[N+]([O-])OC1COC2C(O)COC12,0.7,3.3856907,
tdc_vdss_lombardo,"Chemprop v2 (CMPNN, ensemble=3)",Chemprop v2,test,72,O=[N+]([O-])OC1COC2C(O[N+](=O)[O-])COC12,1.9,2.4406283,
tdc_vdss_lombardo,"Chemprop v2 (CMPNN, ensemble=3)",Chemprop v2,test,73,COc1ccccc1OCC(O)CN1CCN(CC(=O)Nc2c(C)cccc2C)CC1,1.2,4.3416343,
tdc_vdss_lombardo,"Chemprop v2 (CMPNN, ensemble=3)",Chemprop v2,test,74,[NH3+]CCCCC(NC1CCc2ccccc2N(CC(=O)[O-])C1=O)C(=O)[O-],1.98,4.0035233,
tdc_vdss_lombardo,"Chemprop v2 (CMPNN, ensemble=3)",Chemprop v2,test,75,CCOc1ccccc1OC(c1ccccc1)C1C[NH2+]CCO1,0.65,5.7985053,
tdc_vdss_lombardo,"Chemprop v2 (CMPNN, ensemble=3)",Chemprop v2,test,76,O=C(OC1CC2CC3CC(C1)[NH+]2CC3=O)c1c[nH]c2ccccc12,2.0,4.8823676,
tdc_vdss_lombardo,"Chemprop v2 (CMPNN, ensemble=3)",Chemprop v2,test,77,CC(C)=CC[NH+]1CCC2(C)c3cc(O)ccc3CC1C2C,3.4,7.1670203,
tdc_vdss_lombardo,"Chemprop v2 (CMPNN, ensemble=3)",Chemprop v2,test,78,CCOC(=O)C1=CC2(CC)CCCN3CCc4c(n1c1ccccc41)C32,2.08,5.030087,
tdc_vdss_lombardo,"Chemprop v2 (CMPNN, ensemble=3)",Chemprop v2,test,79,CC(CN1CC(=O)NC(=O)C1)N1CC(=O)NC(=O)C1,0.55,2.86995,
tdc_vdss_lombardo,"Chemprop v2 (CMPNN, ensemble=3)",Chemprop v2,test,80,O=C1Cc2cc(CCN3CCN(c4nsc5ccccc45)CC3)c(Cl)cc2N1,1.0,4.3499637,
tdc_vdss_lombardo,"Chemprop v2 (CMPNN, ensemble=3)",Chemprop v2,test,81,CC(O)C1C(=O)N2C(C(=O)[O-])=C(SC3C[NH2+]C(C(=O)N(C)C)C3)C(C)C12,0.3,3.020635,
tdc_vdss_lombardo,"Chemprop v2 (CMPNN, ensemble=3)",Chemprop v2,test,82,CC(O)C1C(=O)N2C(C(=O)[O-])=C(SC3C[NH2+]C(CNS(N)(=O)=O)C3)C(C)C12,0.23,2.7768345,
tdc_vdss_lombardo,"Chemprop v2 (CMPNN, ensemble=3)",Chemprop v2,test,83,COCCOCC(CC1(C(=O)NC2CCC(C(=O)[O-])CC2)CCCC1)C(=O)[O-],0.25,3.5905998,
tdc_vdss_lombardo,"Chemprop v2 (CMPNN, ensemble=3)",Chemprop v2,test,84,C=CCC1(C(C)C#CCC)C(=O)NC(=O)N(C)C1=O,1.1,2.588167,
tdc_vdss_lombardo,"Chemprop v2 (CMPNN, ensemble=3)",Chemprop v2,test,85,CCCC(C)C1(CC)C(=O)NC(=O)NC1=O,0.91,3.834234,
tdc_vdss_lombardo,"Chemprop v2 (CMPNN, ensemble=3)",Chemprop v2,test,86,CC1=C(CO)C2=C(C)C3(CC3)C(C)(O)C(=O)C2=C1,3.1,4.7435384,
tdc_vdss_lombardo,"Chemprop v2 (CMPNN, ensemble=3)",Chemprop v2,test,87,CCc1nn(CCCN2CCN(c3cccc(Cl)c3)CC2)c(=O)n1CCOc1ccccc1,0.51,3.8399541,
tdc_vdss_lombardo,"Chemprop v2 (CMPNN, ensemble=3)",Chemprop v2,test,88,CCOC(=O)C1C(OC(=O)c2ccccc2)CC2CCC1[NH+]2C,1.6,4.5548797,
tdc_vdss_lombardo,"Chemprop v2 (CMPNN, ensemble=3)",Chemprop v2,test,89,COC(=O)C1C(OC(=O)c2ccccc2)CC2CCC1[NH+]2C,2.0,4.553081,
tdc_vdss_lombardo,"Chemprop v2 (CMPNN, ensemble=3)",Chemprop v2,test,90,CC(O)C1C(=O)N2C(C(=O)[O-])=C(C3CCCO3)SC12,0.18,3.0475395,
tdc_vdss_lombardo,"Chemprop v2 (CMPNN, ensemble=3)",Chemprop v2,test,91,COc1cc2nc(N3CCN(C(=O)c4ccco4)CC3)nc(N)c2cc1OC,0.73,3.0981839,
tdc_vdss_lombardo,"Chemprop v2 (CMPNN, ensemble=3)",Chemprop v2,test,92,O=C(c1ccc(F)c(F)c1Nc1ccc(I)cc1F)N1CC(O)(C2CCCC[NH2+]2)C1,15.4,5.6424127,
tdc_vdss_lombardo,"Chemprop v2 (CMPNN, ensemble=3)",Chemprop v2,test,93,Nc1cc(-c2ccncc2)c[nH]c1=O,1.3,4.3047957,
tdc_vdss_lombardo,"Chemprop v2 (CMPNN, ensemble=3)",Chemprop v2,test,94,COc1cc2nc(N3CCN(C(=O)C4COc5ccccc5O4)CC3)nc(N)c2cc1OC,1.3,3.1811447,
tdc_vdss_lombardo,"Chemprop v2 (CMPNN, ensemble=3)",Chemprop v2,test,95,COC(=O)C1=C(C)NC(C)=C(C(=O)OC(C)C)C1c1cccc2nonc12,1.5,2.4914699,
tdc_vdss_lombardo,"Chemprop v2 (CMPNN, ensemble=3)",Chemprop v2,test,96,Oc1ccc(C2C[NH2+]CCc3c2cc(O)c(O)c3Cl)cc1,0.5,7.0980983,
tdc_vdss_lombardo,"Chemprop v2 (CMPNN, ensemble=3)",Chemprop v2,test,97,Cc1ccc(-n2ccnc2)cc1C(O)c1c(C)cc(C(=O)[O-])cc1C,0.37,3.4300797,
tdc_vdss_lombardo,"Chemprop v2 (CMPNN, ensemble=3)",Chemprop v2,test,98,O=C1CN(/N=C\c2ccc(-c3ccc([N+](=O)[O-])cc3)o2)C(=O)[N-]1,0.37,1.5265876,
tdc_vdss_lombardo,"Chemprop v2 (CMPNN, ensemble=3)",Chemprop v2,test,99,[NH3+]C12CC3CC(CC(C3)C1)C2,6.6,2.4404547,
tdc_vdss_lombardo,"Chemprop v2 (CMPNN, ensemble=3)",Chemprop v2,test,100,O=P([O-])([O-])OC(Cn1cncn1)(Cn1cncn1)c1ccc(F)cc1F,0.15,2.174363,
tdc_vdss_lombardo,"Chemprop v2 (CMPNN, ensemble=3)",Chemprop v2,test,101,OC(Cn1cncn1)(Cn1cncn1)c1ccc(F)cc1F,0.75,3.7374022,
tdc_vdss_lombardo,"Chemprop v2 (CMPNN, ensemble=3)",Chemprop v2,test,102,C[NH+]1CCN(C(c2ccccc2)c2ccccc2)CC1,16.5,8.893222,
tdc_vdss_lombardo,"Chemprop v2 (CMPNN, ensemble=3)",Chemprop v2,test,103,CC1CCCC(C)[NH+]1CCCC(O)(c1ccccc1)c1ccccn1,1.4,9.567413,
tdc_vdss_lombardo,"Chemprop v2 (CMPNN, ensemble=3)",Chemprop v2,test,104,CCC(=O)N(c1ccccc1)C1(COC)CC[NH+](CCc2cccs2)CC1,9.4,5.9996066,
tdc_vdss_lombardo,"Chemprop v2 (CMPNN, ensemble=3)",Chemprop v2,test,105,CC1OC(n2cc(F)c(=O)[nH]c2=O)C(O)C1O,0.28,3.6997778,
tdc_vdss_lombardo,"Chemprop v2 (CMPNN, ensemble=3)",Chemprop v2,test,106,Cc1cn(C2CC(N=[N+]=N)C(CO)O2)c(=O)[nH]c1=O,1.8,3.3505313,
tdc_vdss_lombardo,"Chemprop v2 (CMPNN, ensemble=3)",Chemprop v2,test,107,COP(=O)(c1cc(C)cc(/C=C/C#N)c1)c1c(C(N)=O)[nH]c2ccc(Cl)cc12,0.56,2.6134775,
tdc_vdss_lombardo,"Chemprop v2 (CMPNN, ensemble=3)",Chemprop v2,test,108,COP(=O)(c1cc(C)cc(/C=C\C#N)c1)c1c(C(N)=O)[nH]c2ccc(Cl)c(F)c12,0.97,2.7911255,
tdc_vdss_lombardo,"Chemprop v2 (CMPNN, ensemble=3)",Chemprop v2,test,109,Cc1ccccc1N1C(=O)c2cc(S(N)(=O)=O)c(Cl)cc2NC1C,1.6,2.6787345,
tdc_vdss_lombardo,"Chemprop v2 (CMPNN, ensemble=3)",Chemprop v2,test,110,CO/N=C(/C(=O)NC1C(=O)N2C(C(=O)[O-])=C(Cn3ccc(=[NH2+])n3CCO)CSC12)c1csc(N)n1,0.3,1.6756502,
tdc_vdss_lombardo,"Chemprop v2 (CMPNN, ensemble=3)",Chemprop v2,test,111,O=C([O-])Cn1c(=O)c(=O)[nH]c2cc([N+](=O)[O-])c(-n3ccnc3)cc21,0.19,2.1589098,
tdc_vdss_lombardo,"Chemprop v2 (CMPNN, ensemble=3)",Chemprop v2,test,112,Nc1nc2c(Cc3cccnc3)c[nH]c2c(=O)[nH]1,1.2,4.31447,
tdc_vdss_lombardo,"Chemprop v2 (CMPNN, ensemble=3)",Chemprop v2,test,113,CC(C)(O/N=C(/C(=O)NC1C(=O)N2C(C(=O)[O-])=C(C[n+]3ccccc3)CSC12)c1csc(N)n1)C(=O)[O-],0.31,1.1237491,
tdc_vdss_lombardo,"Chemprop v2 (CMPNN, ensemble=3)",Chemprop v2,test,114,S=P(N1CC1)(N1CC1)N1CC1,1.6,3.0003738,
tdc_vdss_lombardo,"Chemprop v2 (CMPNN, ensemble=3)",Chemprop v2,test,115,C[NH+](C)C1C([O-])=C(C(=O)NC[NH+]2CCCC2)C(=O)C2(O)C(O)=C3C(=O)c4c(O)cccc4C(C)(O)C3CC12,0.54,7.5447526,
tdc_vdss_lombardo,"Chemprop v2 (CMPNN, ensemble=3)",Chemprop v2,test,116,CC1COc2c(N3CC[NH+](C)CC3)c(F)cc3c(=O)c(C(=O)[O-])cn1c23,1.6,5.0352817,
tdc_vdss_lombardo,"Chemprop v2 (CMPNN, ensemble=3)",Chemprop v2,test,117,CC1COc2c(N3CC[NH+](C)CC3)c(F)c(N)c3c(=O)c(C(=O)[O-])cn1c23,2.42,5.118459,
tdc_vdss_lombardo,"Chemprop v2 (CMPNN, ensemble=3)",Chemprop v2,test,118,CC1COc2c(N3CC[NH+](C)CC3)c(F)cc3c(=O)c(C(=O)[O-])cn1c23,1.2,5.0352817,
tdc_vdss_lombardo,"Chemprop v2 (CMPNN, ensemble=3)",Chemprop v2,test,119,COc1cc(S(C)=O)ccc1-c1nc2ncccc2[nH]1,0.62,3.4425395,
tdc_vdss_lombardo,"Chemprop v2 (CMPNN, ensemble=3)",Chemprop v2,test,120,CCN1CC(CCN2CCOCC2)C(c2ccccc2)(c2ccccc2)C1=O,1.2,5.327475,
tdc_vdss_lombardo,"Chemprop v2 (CMPNN, ensemble=3)",Chemprop v2,test,121,Clc1cccc(Cl)c1NC1=[NH+]CCN1,3.3,4.3370414,
tdc_vdss_lombardo,"Chemprop v2 (CMPNN, ensemble=3)",Chemprop v2,test,122,CCC1=C(C)CN(C(=O)NCCc2ccc(S(=O)(=O)[N-]C(=O)NC3CCC(C)CC3)cc2)C1=O,0.19,2.2962635,
tdc_vdss_lombardo,"Chemprop v2 (CMPNN, ensemble=3)",Chemprop v2,test,123,CC12CCC(=O)C=C1CCC1C2C(O)CC2(C)C1CCC2(O)C(=O)CO,0.38,3.2602634,
tdc_vdss_lombardo,"Chemprop v2 (CMPNN, ensemble=3)",Chemprop v2,test,124,C#CC1(O)CCC2C3CCC4=CC(=O)CCC4C3CCC21CC,1.5,3.183326,
tdc_vdss_lombardo,"Chemprop v2 (CMPNN, ensemble=3)",Chemprop v2,test,125,CC1CC2=CC(=O)CCC2C2CCC3(C)C(O)CCC3C12,0.8,2.1923006,
tdc_vdss_lombardo,"Chemprop v2 (CMPNN, ensemble=3)",Chemprop v2,test,126,CCN1CCN(C(=O)NC(C(=O)NC2C(=O)N3C(C(=O)[O-])=C(CSc4nnnn4C)CSC23)c2ccc(O)cc2)C(=O)C1=O,0.17,0.914094,
tdc_vdss_lombardo,"Chemprop v2 (CMPNN, ensemble=3)",Chemprop v2,test,127,O=C([O-])c1cccc(Cc2cc(Cl)ccc2OCc2ccc(Cl)cc2F)n1,0.77,3.1292317,
tdc_vdss_lombardo,"Chemprop v2 (CMPNN, ensemble=3)",Chemprop v2,test,128,COC1C(O)CC(=O)OC(C)C/C=C\C=C/C(OC2CCC(N(C)C)C(C)O2)C(C)CC(CC=O)C1OC1OC(C)C(OC2CC(C)(O)C(O)C(C)O2)C([NH+](C)C)C1O,5.4,4.843661,
tdc_vdss_lombardo,"Chemprop v2 (CMPNN, ensemble=3)",Chemprop v2,test,129,CCC1(c2cccc(O)c2)CCCC[NH+](C)C1,3.3,7.5724983,
tdc_vdss_lombardo,"Chemprop v2 (CMPNN, ensemble=3)",Chemprop v2,test,130,Nc1ccn(C2COC(CO)O2)c(=O)n1,1.0,3.5114133,
tdc_vdss_lombardo,"Chemprop v2 (CMPNN, ensemble=3)",Chemprop v2,test,131,Nc1nc(N)c2nc(-c3ccccc3)c(N)nc2n1,13.0,3.8250377,
tdc_vdss_lombardo,"Chemprop v2 (CMPNN, ensemble=3)",Chemprop v2,test,132,CC[NH+](CC)CCN1C(=O)c2c(c3c4cccc(Cl)c4n(C4OC(CO)C(OC)C(O)C4O)c3c3[nH]c4c(Cl)cccc4c23)C1=O,8.9,9.692742,
tdc_vdss_lombardo,"Chemprop v2 (CMPNN, ensemble=3)",Chemprop v2,test,133,Cc1ccc(Sc2ccccc2N2CC[NH2+]CC2)c(C)c1,35.3,6.371901,
tdc_vdss_lombardo,"Chemprop v2 (CMPNN, ensemble=3)",Chemprop v2,test,134,O=C1CCc2ccc(OCCCC[NH+]3CCN(c4cccc(Cl)c4Cl)CC3)cc2N1,4.9,7.81066,
tdc_vdss_lombardo,"Chemprop v2 (CMPNN, ensemble=3)",Chemprop v2,test,135,[NH3+][NH+]=c1cc2c(n[nH]1)CCN(C(=O)c1ccccc1)C2,2.2,3.5130932,
tdc_vdss_lombardo,"Chemprop v2 (CMPNN, ensemble=3)",Chemprop v2,test,136,CCN(CC)CCS(=O)(=O)C1CCN2C(=O)c3coc(n3)CC(=O)CC(O)/C=C(C)/C=C/CNC(=O)/C=C/C(C)C(C(C)C)OC(=O)C12,0.39,2.6127937,
tdc_vdss_lombardo,"Chemprop v2 (CMPNN, ensemble=3)",Chemprop v2,test,137,CCC1OC(=O)C(C)C(=O)C(C)C(OC2OC(C)CC([NH+](C)C)C2O)C(C)(OC)CC(C)C(=O)C(C)C2N(CCCCn3cnc(-c4cccnc4)c3)C(=O)OC12C,3.0,7.4495034,
tdc_vdss_lombardo,"Chemprop v2 (CMPNN, ensemble=3)",Chemprop v2,test,138,C=CC[N+]12CCC34c5ccccc5N5/C=C6/C7CC8C9(CC[N+]8(CC=C)C/C7=C/CO)c7ccccc7N(/C=C(/C(CC31)/C(=C/CO)C2)C54)C69,0.32,6.264286,
tdc_vdss_lombardo,"Chemprop v2 (CMPNN, ensemble=3)",Chemprop v2,test,139,CCCCCOc1ccc(-c2ccc(-c3ccc(C(=O)NC4CC(O)C(O)NC(=O)C5C(O)C(C)CN5C(=O)C(C(C)O)NC(=O)C(C(O)C(O)c5ccc(O)cc5)NC(=O)C5CC(O)CN5C(=O)C(C(C)O)NC4=O)cc3)cc2)cc1,0.57,5.786661,
tdc_vdss_lombardo,"Chemprop v2 (CMPNN, ensemble=3)",Chemprop v2,test,140,CCC#CCC(C)C(O)C#CC1C(O)CC2C/C(=C\COCCCC(=O)[O-])CC21,2.4,3.2156374,
tdc_vdss_lombardo,"Chemprop v2 (CMPNN, ensemble=3)",Chemprop v2,test,141,CCC#CCC(C)C(O)C#CC1C(O)CC2C/C(=C\COCC(=O)[O-])CC21,0.08,3.163461,
tdc_vdss_lombardo,"Chemprop v2 (CMPNN, ensemble=3)",Chemprop v2,test,142,CC#CCC(C)C(O)/C=C/C1C(O)CC2C/C(=C/CCCC(=O)[O-])CC21,0.37,3.2392006,
tdc_vdss_lombardo,"Chemprop v2 (CMPNN, ensemble=3)",Chemprop v2,test,143,CCC1NC(=O)C(NC(=O)c2ncccc2[O-])C(C)OC(=O)C(c2ccccc2)NC(=O)C2CC(=O)C(CSC3C[NH+]4CCC3CC4)CN2C(=O)C(Cc2ccc(N(C)C)cc2)N(C)C(=O)C2CCCN2C1=O,0.67,5.3815026,
tdc_vdss_lombardo,"Chemprop v2 (CMPNN, ensemble=3)",Chemprop v2,test,144,Cc1nc(N2CCN3CCOCC3C2)c(F)c(NNC(=O)C(CC2CCCC2)CN(O)C=O)[nH+]1,0.75,5.510874,
tdc_vdss_lombardo,"Chemprop v2 (CMPNN, ensemble=3)",Chemprop v2,test,145,CCOP(=O)(OCC)C(NC(=O)C1(O)C(O)C2(CC)C=CC[NH+]3CCC4(c5cc(C6(C(=O)OC)CC7CN(CCc8c6[nH]c6ccccc86)CC(O)(CC)C7)c(OC)cc5N(C)C14)C32)C(C)C,4.67,7.3710732,
tdc_vdss_lombardo,"Chemprop v2 (CMPNN, ensemble=3)",Chemprop v2,test,146,CCC1(O)CC2CN(CCc3c([nH]c4ccccc34)C(C(=O)OC)(c3cc4c(cc3OC)N(C)C3C(O)(C(N)=O)C(O)C5(CC)C=CC[NH+]6CCC43C65)C2)C1,5.0,7.6049476,
tdc_vdss_lombardo,"Chemprop v2 (CMPNN, ensemble=3)",Chemprop v2,test,147,O=C1c2ccccc2OCN1CCO[N+](=O)[O-],0.68,2.2149339,
tdc_vdss_lombardo,"Chemprop v2 (CMPNN, ensemble=3)",Chemprop v2,test,148,CCCn1c(=O)[n-]c(=O)c2nc[nH]c21,0.63,2.9722655,
tdc_vdss_lombardo,"Chemprop v2 (CMPNN, ensemble=3)",Chemprop v2,test,149,CCN1CCN(C(=O)NC(C(=O)NC2C(=O)N3C2SC(C)(C)C3C(=O)[O-])c2ccccc2)C(=O)C1=O,0.27,1.9536705,
tdc_vdss_lombardo,"Chemprop v2 (CMPNN, ensemble=3)",Chemprop v2,test,150,CC1CNc2c(cccc2S(=O)(=O)NC(CCCN=C(N)N)C(=O)N2CCC(C)CC2C(=O)[O-])C1,0.17,2.7428815,
tdc_vdss_lombardo,"Chemprop v2 (CMPNN, ensemble=3)",Chemprop v2,test,151,c1ccc2c(c1)OCC(C1=[NH+]CCN1)O2,3.3,4.25454,
tdc_vdss_lombardo,"Chemprop v2 (CMPNN, ensemble=3)",Chemprop v2,test,152,CC(C)CC(NC(=O)C(Cc1ccccc1)NC(=O)c1cnccn1)B(O)O,10.0,3.2306135,
tdc_vdss_lombardo,"Chemprop v2 (CMPNN, ensemble=3)",Chemprop v2,test,153,Nc1nc(=O)c2ncn(CCC(CO)CO)c2[nH]1,1.1,4.9230866,
tdc_vdss_lombardo,"Chemprop v2 (CMPNN, ensemble=3)",Chemprop v2,test,154,CN(Cc1cnc2nc(N)nc(N)c2n1)c1ccc(C(=O)NC(CCC(=O)[O-])C(=O)[O-])cc1,0.43,2.1368723,
tdc_vdss_lombardo,"Chemprop v2 (CMPNN, ensemble=3)",Chemprop v2,test,155,Cc1c(CN(C)C(=O)/C=C/C2=CNC3=[NH+]C(=O)CCC3=C2)oc2ccccc12,0.43,2.8003643,
tdc_vdss_lombardo,"Chemprop v2 (CMPNN, ensemble=3)",Chemprop v2,test,156,O=c1[nH]c2ccccc2n1CCC[NH+]1CCC(n2c(=O)[nH]c3cc(Cl)ccc32)CC1,3.4,7.3787465,
tdc_vdss_lombardo,"Chemprop v2 (CMPNN, ensemble=3)",Chemprop v2,test,157,Nc1nc(/C(=N\O)C(=O)NC2C(=O)N3C(C(=O)[O-])=C(/C=C4\CCN(CC(F)(F)F)C4=O)CSC23)cs1,0.11,1.3272206,
tdc_vdss_lombardo,"Chemprop v2 (CMPNN, ensemble=3)",Chemprop v2,test,158,CC1[NH2+]Cc2cc(-c3ccc4c(=O)c(C(=O)[O-])cn(C5CC5)c4c3OC(F)F)ccc21,1.0,4.035481,
tdc_vdss_lombardo,"Chemprop v2 (CMPNN, ensemble=3)",Chemprop v2,test,159,C[N+]1(C)CCC(OC(=O)C(O)(c2ccccc2)C2CCCC2)C1,0.37,4.803957,
tdc_vdss_lombardo,"Chemprop v2 (CMPNN, ensemble=3)",Chemprop v2,test,160,CC1(C)SC2C(NC(=O)C(NC(=O)N3CCN(S(C)(=O)=O)C3=O)c3ccccc3)C(=O)N2C1C(=O)[O-],0.09,1.0786785,
tdc_vdss_lombardo,"Chemprop v2 (CMPNN, ensemble=3)",Chemprop v2,test,161,CC1(C)SC2C(NC(=O)C(NC(=O)N3CCNC3=O)c3ccccc3)C(=O)N2C1C(=O)[O-],0.26,2.2346563,
tdc_vdss_lombardo,"Chemprop v2 (CMPNN, ensemble=3)",Chemprop v2,test,162,CCCCCNC(=O)c1coc(C2C3CCC(O3)C2Cc2ccccc2CCC(=O)[O-])n1,4.4,5.187666,
tdc_vdss_lombardo,"Chemprop v2 (CMPNN, ensemble=3)",Chemprop v2,test,163,CCC[c-]1c(=O)n2c(N(C)C)nc3ccc(C)cc3n2c1=O,0.12,2.9488335,
tdc_vdss_lombardo,"Chemprop v2 (CMPNN, ensemble=3)",Chemprop v2,test,164,C#CCN(Cc1cc2c(=O)nc(C)[nH]c2cc1C)c1ccc(C(=O)NC(CCc2nnn[n-]2)C(=O)[O-])c(F)c1,0.53,2.2938578,
tdc_vdss_lombardo,"Chemprop v2 (CMPNN, ensemble=3)",Chemprop v2,test,165,CC(O)(/C=C/C1CC=CC(=O)O1)C(CC(O)/C=C/C=C/C=C/CO)OP(=O)([O-])O,0.09,1.9373412,
tdc_vdss_lombardo,"Chemprop v2 (CMPNN, ensemble=3)",Chemprop v2,test,166,Cc1nc2c([nH]1)-c1ccccc1N(C(=O)c1ccc(NC(=O)c3ccccc3-c3ccccc3)cc1)CC2,0.76,4.070497,
tdc_vdss_lombardo,"Chemprop v2 (CMPNN, ensemble=3)",Chemprop v2,test,167,Cc1nnc(SCC2=C(C(=O)[O-])N3C(=O)C(NC(=O)C(O)c4ccccc4)C3SC2)s1,0.13,2.034764,
tdc_vdss_lombardo,"Chemprop v2 (CMPNN, ensemble=3)",Chemprop v2,test,168,CCCCC(=O)N(Cc1ccc(-c2ccccc2-c2nnn[n-]2)cc1)C(C(=O)[O-])C(C)C,0.22,3.3291817,
tdc_vdss_lombardo,"Chemprop v2 (CMPNN, ensemble=3)",Chemprop v2,test,169,[NH3+]CC1(CC(=O)[O-])CCCCC1,0.71,3.793073,
tdc_vdss_lombardo,"Chemprop v2 (CMPNN, ensemble=3)",Chemprop v2,test,170,[NH3+]CC1CCC(C(=O)[O-])CC1,0.38,3.981739,
tdc_vdss_lombardo,"Chemprop v2 (CMPNN, ensemble=3)",Chemprop v2,test,171,COCCn1c2c([n+](Cc3cnccn3)c1C)C(=O)c1ccccc1C2=O,23.7,4.0265102,
tdc_vdss_lombardo,"Chemprop v2 (CMPNN, ensemble=3)",Chemprop v2,test,172,CC(=O)Nc1cccc(-n2c(=O)n(C3CC3)c(=O)c3c(Nc4ccc(I)cc4F)n(C)c(=O)c(C)c32)c1,13.94,3.5809705,
tdc_vdss_lombardo,"Chemprop v2 (CMPNN, ensemble=3)",Chemprop v2,test,173,CO/N=C(\C(=O)NC1C(=O)N2C(C(=O)[O-])=C(CSc3nnnn3C)CSC12)c1csc(N)n1,0.2,1.3043531,
tdc_vdss_lombardo,"Chemprop v2 (CMPNN, ensemble=3)",Chemprop v2,test,174,C[N+]1(CC2CC2)[C@@H]2C[C@@H](OC(=O)[C@H](CO)c3ccccc3)C[C@H]1[C@@H]1O[C@@H]12,1.12,3.5937722,
tdc_vdss_lombardo,"Chemprop v2 (CMPNN, ensemble=3)",Chemprop v2,test,175,CC(=[NH2+])N1CCC(Oc2ccc(C(Cc3ccc4ccc(C(N)=[NH2+])cc4c3)C(=O)[O-])cc2)C1,1.55,3.0743144,
tdc_vdss_lombardo,"Chemprop v2 (CMPNN, ensemble=3)",Chemprop v2,test,176,CCOc1cc(CC(=O)NC(CC(C)C)c2ccccc2N2CCCCC2)ccc1C(=O)[O-],0.35,4.2696323,
tdc_vdss_lombardo,"Chemprop v2 (CMPNN, ensemble=3)",Chemprop v2,test,177,NC(=[NH2+])c1ccc(CNC(=O)C2CCN2C(=O)C([NH2+]CC(=O)[O-])C2CCCCC2)cc1,0.23,3.9425786,
tdc_vdss_lombardo,"Chemprop v2 (CMPNN, ensemble=3)",Chemprop v2,test,178,O=P1(N(CCCl)CCCl)[NH2+]CCCO1,0.73,3.1850004,
tdc_vdss_lombardo,"Chemprop v2 (CMPNN, ensemble=3)",Chemprop v2,test,179,CC(C)C1NC(=O)C(CCCC[NH3+])NC(=O)C(Cc2c[nH]c3ccccc23)NC(=O)C(Cc2ccc(O)cc2)NC(=O)C(NC(=O)C(N)Cc2ccc3ccccc3c2)CSSCC(C(=O)NC(C(N)=O)C(C)O)NC1=O,0.2,4.5438285,
tdc_vdss_lombardo,"Chemprop v2 (CMPNN, ensemble=3)",Chemprop v2,test,180,COc1c(C)cc2c(c1O)C1C3Cc4c(OC(C)=O)c(C)c5c(c4C(CNC(=O)/C=C/c4cccc(C(F)(F)F)c4)N3C(O)C(C2)[NH+]1C)OCO5,12.6,5.8391585,
tdc_vdss_lombardo,"Chemprop v2 (CMPNN, ensemble=3)",Chemprop v2,test,181,CCCCCC(O)CCC1C(O)CC2Cc3c(cccc3OCC(=O)[O-])CC21,0.23,6.6371427,
tdc_vdss_lombardo,"Chemprop v2 (CMPNN, ensemble=3)",Chemprop v2,test,182,Cc1ccc(C(=O)Nc2ccc(S(=O)(=O)[O-])c3cc(S(=O)(=O)[O-])cc(S(=O)(=O)[O-])c23)cc1NC(=O)c1cccc(NC(=O)Nc2cccc(C(=O)Nc3cc(C(=O)Nc4ccc(S(=O)(=O)[O-])c5cc(S(=O)(=O)[O-])cc(S(=O)(=O)[O-])c45)ccc3C)c2)c1,0.54,-4.547575,
tdc_vdss_lombardo,"Chemprop v2 (CMPNN, ensemble=3)",Chemprop v2,test,183,CN(C)C(=O)CCSC(SCCC(=O)[O-])c1cccc(/C=C/c2ccc3ccc(Cl)cc3n2)c1,0.11,2.6953456,
tdc_vdss_lombardo,"Chemprop v2 (CMPNN, ensemble=3)",Chemprop v2,test,184,CC([NH2+]CCCc1cccc(C(F)(F)F)c1)c1cccc2ccccc12,17.6,8.351715,
tdc_vdss_lombardo,"Chemprop v2 (CMPNN, ensemble=3)",Chemprop v2,test,185,CCC(C)N(C)C(=O)c1cc2ccccc2c(-c2ccccc2Cl)n1,1.7,4.022259,
tdc_vdss_lombardo,"Chemprop v2 (CMPNN, ensemble=3)",Chemprop v2,test,186,C/C(=C\c1csc(C)n1)[C@@H]1C[C@H]2[C@@H](CCC[C@H](C)[C@H](O)[C@@H](C)C(=O)C(C)(C)[C@@H](O)CC(=O)O1)N2CCOC(=O)OCCSSC[C@H](NC(=O)[C@H](CC(=O)O)NC(=O)[C@H](CCCNC(=N)N)NC(=O)[C@H](CC(=O)O)NC(=O)CC[C@H](NC(=O)c1ccc(NCc2c[nH]c3nc(N)nc(=O)c-3n2)cc1)C(=O)O)C(=O)O,0.09,1.8210598,
tdc_vdss_lombardo,"Chemprop v2 (CMPNN, ensemble=3)",Chemprop v2,test,187,C[NH+](C)CCc1c[nH]c2ccc(Cn3cncn3)cc12,1.9,6.4470935,
tdc_vdss_lombardo,"Chemprop v2 (CMPNN, ensemble=3)",Chemprop v2,test,188,COC(=O)C1=C(C)NC(C)=C(C(=O)OCCN(C)Cc2ccccc2)C1c1cccc([N+](=O)[O-])c1,1.0,2.0298338,
tdc_vdss_lombardo,"Chemprop v2 (CMPNN, ensemble=3)",Chemprop v2,test,189,CCCCCCCCCC(=O)N[C@@H](Cc1c[nH]c2ccccc12)C(=O)N[C@H](CC(N)=O)C(=O)N[C@@H](CC(=O)[O-])C(=O)N[C@@H]1C(=O)NCC(=O)N[C@@H](CCC[NH3+])C(=O)N[C@@H](CC(=O)[O-])C(=O)N[C@H](C)C(=O)N[C@@H](CC(=O)[O-])C(=O)NCC(=O)N[C@H](CO)C(=O)N[C@@H]([C@H](C)CC(=O)[O-])C(=O)N[C@@H](CC(=O)c2ccccc2N)C(=O)O[C@@H]1C,0.09,2.079597,
tdc_vdss_lombardo,"Chemprop v2 (CMPNN, ensemble=3)",Chemprop v2,test,190,CC(O)C1C(=O)N2C(C(=O)[O-])=C(SC3CCS(=O)C3)SC12,0.21,2.4639275,
tdc_vdss_lombardo,"Chemprop v2 (CMPNN, ensemble=3)",Chemprop v2,test,191,Cc1ccc(C(=O)N(CCC[NH3+])C(c2nc3snc(C)c3c(=O)n2Cc2ccccc2)C(C)C)cc1,6.74,4.3044934,
tdc_vdss_lombardo,"Chemprop v2 (CMPNN, ensemble=3)",Chemprop v2,test,192,CC(C)[NH+](CCC(c1ccccc1)c1cc(CO)ccc1O)C(C)C,2.41,44.052643,
tdc_vdss_lombardo,"Chemprop v2 (CMPNN, ensemble=3)",Chemprop v2,test,193,CC(CC(c1ccccc1)c1ccccc1)[NH2+]C(C)(C)C,5.1,7.6732807,
tdc_vdss_lombardo,"Chemprop v2 (CMPNN, ensemble=3)",Chemprop v2,test,194,Cc1ccc(O)c(C(CC[NH+](C(C)C)C(C)C)c2ccccc2)c1,1.5,44.967915,
tdc_vdss_lombardo,"Chemprop v2 (CMPNN, ensemble=3)",Chemprop v2,test,195,CCC(OC(C)=O)C(CC(C)[NH+](C)C)(c1ccccc1)c1ccccc1,8.3,6.4969487,
tdc_vdss_lombardo,"Chemprop v2 (CMPNN, ensemble=3)",Chemprop v2,test,196,CCC(=O)C(CC(C)[NH+](C)C)(c1ccccc1)c1ccccc1,4.4,7.972447,
tdc_vdss_lombardo,"Chemprop v2 (CMPNN, ensemble=3)",Chemprop v2,test,197,CCC(CC)COC(C(=O)OCC[NH+](C)C)(c1ccccc1)c1ccccc1,7.1,6.8828835,
tdc_vdss_lombardo,"Chemprop v2 (CMPNN, ensemble=3)",Chemprop v2,test,198,C[NH+](C)CCOC(c1ccccc1)c1ccccc1,6.5,9.195497,
tdc_vdss_lombardo,"Chemprop v2 (CMPNN, ensemble=3)",Chemprop v2,test,199,CCc1nc2c(N)[nH+]c3ccccc3c2n1CCCCNS(C)(=O)=O,3.1,3.8833735,
tdc_vdss_lombardo,"Chemprop v2 (CMPNN, ensemble=3)",Chemprop v2,test,200,N#Cc1ccc(C(c2ccc(C#N)cc2)n2cncn2)cc1,1.9,3.1424475,
tdc_vdss_lombardo,"Chemprop v2 (CMPNN, ensemble=3)",Chemprop v2,test,201,O=C1c2ccccc2S(=O)(=O)N1CCCC[NH2+]CC1CCc2ccccc2O1,0.21,4.3981013,
tdc_vdss_lombardo,"Chemprop v2 (CMPNN, ensemble=3)",Chemprop v2,test,202,COc1ccc(CC2c3cc(OC)c(OC)cc3CC[N+]2(C)CCC(=O)OCCCCCOC(=O)CC[N+]2(C)CCc3cc(OC)c(OC)cc3C2Cc2ccc(OC)c(OC)c2)cc1OC,0.1,5.232243,
tdc_vdss_lombardo,"Chemprop v2 (CMPNN, ensemble=3)",Chemprop v2,test,203,COc1ccc(CC2c3cc(OC)c(OC)cc3CC[N+]2(C)CCC(=O)OCCCCCOC(=O)CC[N+]2(C)CCc3cc(OC)c(OC)cc3C2Cc2ccc(OC)c(OC)c2)cc1OC,0.14,5.2322474,
tdc_vdss_lombardo,"Chemprop v2 (CMPNN, ensemble=3)",Chemprop v2,test,204,CCC1(c2ccccc2)C(=O)NC(=O)NC1=O,0.54,3.0891476,
tdc_vdss_lombardo,"Chemprop v2 (CMPNN, ensemble=3)",Chemprop v2,test,205,NC(=O)c1csc(C2OC(CO)C(O)C2O)n1,1.1,3.7524521,
tdc_vdss_lombardo,"Chemprop v2 (CMPNN, ensemble=3)",Chemprop v2,test,206,CC1CC2C(C(O)CC3(C)C2CCC3(O)C(=O)CO)C2(C)C=CC(=O)C=C12,1.2,3.1411955,
tdc_vdss_lombardo,"Chemprop v2 (CMPNN, ensemble=3)",Chemprop v2,test,207,CC1CC2C3CCC4=CC(=O)C=CC4(C)C3(F)C(O)CC2(C)C1(O)C(=O)CO,0.94,3.4091513,
tdc_vdss_lombardo,"Chemprop v2 (CMPNN, ensemble=3)",Chemprop v2,test,208,CCC(=O)OCC(=O)C1(OC(=O)CC)C(C)CC2C3CCC4=CC(=O)C=CC4(C)C3(Cl)C(O)CC21C,0.29,4.1853604,
tdc_vdss_lombardo,"Chemprop v2 (CMPNN, ensemble=3)",Chemprop v2,test,209,CCC(=O)OC1(C(=O)SCF)C(C)CC2C3CC(F)C4=CC(=O)C=CC4(C)C3(F)C(O)CC21C,3.6,4.002011,
tdc_vdss_lombardo,"Chemprop v2 (CMPNN, ensemble=3)",Chemprop v2,test,210,CC12C=CC(=O)C=C1CCC1C2C(O)CC2(C)C1CCC2(O)C(=O)CO,0.86,3.2959497,
tdc_vdss_lombardo,"Chemprop v2 (CMPNN, ensemble=3)",Chemprop v2,test,211,CC1CC2C3CCC4=CC(=O)C=CC4(C)C3(F)C(O)CC2(C)C1(O)C(=O)CO,1.3,3.4091523,
tdc_vdss_lombardo,"Chemprop v2 (CMPNN, ensemble=3)",Chemprop v2,test,212,CC(=O)NC1C(NC(N)=[NH2+])C=C(C(=O)[O-])OC1C(O)C(O)CO,0.23,2.9316797,
tdc_vdss_lombardo,"Chemprop v2 (CMPNN, ensemble=3)",Chemprop v2,test,213,CC(=O)OC12COC1CC(O)C1(C)C(=O)C(O)C3=C(C)C(OC(=O)C(O)C(NC(=O)OC(C)(C)C)c4ccccc4)CC(O)(C(OC(=O)c4ccccc4)C21)C3(C)C,2.1,5.9708724,
tdc_vdss_lombardo,"Chemprop v2 (CMPNN, ensemble=3)",Chemprop v2,test,214,COC1C(=O)C2(C)C(OC)CC3OCC3(OC(C)=O)C2C(OC(=O)c2ccccc2)C2(O)CC(OC(=O)C(O)C(NC(=O)OC(C)(C)C)c3ccccc3)C(C)=C1C2(C)C,48.0,6.132969,
tdc_vdss_lombardo,"Chemprop v2 (CMPNN, ensemble=3)",Chemprop v2,test,215,C#CC1(O)C(CO)OC(n2ccc(N)nc2=O)C1O,1.1,4.060587,
tdc_vdss_lombardo,"Chemprop v2 (CMPNN, ensemble=3)",Chemprop v2,test,216,Nc1ccn(C2OC(CO)C(O)C2(F)F)c(=O)n1,1.5,4.21634,
tdc_vdss_lombardo,"Chemprop v2 (CMPNN, ensemble=3)",Chemprop v2,test,217,Nc1ccn(C2CCC(CO)O2)c(=O)n1,0.54,3.6362221,
tdc_vdss_lombardo,"Chemprop v2 (CMPNN, ensemble=3)",Chemprop v2,test,218,Nc1ccn(C2OC(CO)C(O)C2O)c(=O)n1,0.67,3.842842,
tdc_vdss_lombardo,"Chemprop v2 (CMPNN, ensemble=3)",Chemprop v2,test,219,COC(=O)C(c1ccccc1)C1CCCC[NH2+]1,2.65,4.181865,
tdc_vdss_lombardo,"Chemprop v2 (CMPNN, ensemble=3)",Chemprop v2,test,220,COC(=O)C(c1ccccc1)C1CCCC[NH2+]1,2.2,4.181865,
tdc_vdss_lombardo,"Chemprop v2 (CMPNN, ensemble=3)",Chemprop v2,test,221,O=C(CCC[NH+]1CC=C(n2c(=O)[nH]c3ccccc32)CC1)c1ccc(F)cc1,1.41,6.2015,
tdc_vdss_lombardo,"Chemprop v2 (CMPNN, ensemble=3)",Chemprop v2,test,222,C[NH+](C)CCc1c[nH]c2ccc(CC3COC(=O)N3)cc12,1.8,6.0891643,
tdc_vdss_lombardo,"Chemprop v2 (CMPNN, ensemble=3)",Chemprop v2,test,223,CSCC[C@H](N)C(=O)N[C@@H](CCC(=O)O)C(=O)N[C@@H](Cc1cnc[nH]1)C(=O)N[C@@H](Cc1ccccc1)C(=O)N[C@@H](CCCN=C(N)N)C(=O)N[C@@H](Cc1c[nH]c2ccccc12)C(=O)NCC(=O)O,0.73,0.9219871,
tdc_vdss_lombardo,"Chemprop v2 (CMPNN, ensemble=3)",Chemprop v2,test,224,CC(O)C1C(=O)N2C(C(=O)[O-])=C(SC3Cn4cnc[n+]4C3)C(C)C12,0.2,3.2169678,
tdc_vdss_lombardo,"Chemprop v2 (CMPNN, ensemble=3)",Chemprop v2,test,225,CNC1C(OC2C(OC3C(O)C(O)C(NC(N)=[NH2+])C(O)C3NC(N)=[NH2+])OC(C)C2(O)C=O)OC(CO)C(O)C1O,0.34,3.340704,
tdc_vdss_lombardo,"Chemprop v2 (D-MPNN + Selected descriptors, ensemble=3)",Chemprop v2,train,0,O=S(=O)(O)c1cc(O)ccc1O,0.12,0.6425094,
tdc_vdss_lombardo,"Chemprop v2 (D-MPNN + Selected descriptors, ensemble=3)",Chemprop v2,train,1,Cc1cccc(C)c1NC(=O)C(C)[NH3+],1.8,1.8848585,
tdc_vdss_lombardo,"Chemprop v2 (D-MPNN + Selected descriptors, ensemble=3)",Chemprop v2,train,2,CC(C)Cc1ccc(C(C)C(=O)[O-])cc1,0.15,1.765186,
tdc_vdss_lombardo,"Chemprop v2 (D-MPNN + Selected descriptors, ensemble=3)",Chemprop v2,train,3,CCCCCCC[NH+](CC)CCCC(O)c1ccc(NS(C)(=O)=O)cc1,12.0,10.59373,
tdc_vdss_lombardo,"Chemprop v2 (D-MPNN + Selected descriptors, ensemble=3)",Chemprop v2,train,4,CCCCNC(=O)[N-]S(=O)(=O)c1ccc(C)cc1,0.12,2.5685222,
tdc_vdss_lombardo,"Chemprop v2 (D-MPNN + Selected descriptors, ensemble=3)",Chemprop v2,train,5,O=C(/C=C/c1ccccc1)NCCO,0.11,2.5762427,
tdc_vdss_lombardo,"Chemprop v2 (D-MPNN + Selected descriptors, ensemble=3)",Chemprop v2,train,6,CC(C)NCC(O)c1cc(O)cc(O)c1,6.03,2.6376317,
tdc_vdss_lombardo,"Chemprop v2 (D-MPNN + Selected descriptors, ensemble=3)",Chemprop v2,train,7,COC[C@@H](O)CN(C(C)=O)c1c(I)c(C(=O)NC[C@H](O)CO)c(I)c(C(=O)NC[C@H](O)CO)c1I,0.2,2.73975,
tdc_vdss_lombardo,"Chemprop v2 (D-MPNN + Selected descriptors, ensemble=3)",Chemprop v2,train,8,NC(=O)c1cccc(N)c1,1.9,2.0198002,
tdc_vdss_lombardo,"Chemprop v2 (D-MPNN + Selected descriptors, ensemble=3)",Chemprop v2,train,9,CC(=O)N(CC(O)CO)c1c(I)c(C(=O)NCC(O)CO)c(I)c(C(=O)NCC(O)CO)c1I,0.16,3.1900299,
tdc_vdss_lombardo,"Chemprop v2 (D-MPNN + Selected descriptors, ensemble=3)",Chemprop v2,train,10,CN(C(=O)CO)c1c(I)c(C(=O)NCC(O)CO)c(I)c(C(=O)NCC(O)CO)c1I,0.23,3.2667453,
tdc_vdss_lombardo,"Chemprop v2 (D-MPNN + Selected descriptors, ensemble=3)",Chemprop v2,train,11,CC(O)C(=O)Nc1c(I)c(C(=O)NC(CO)CO)c(I)c(C(=O)NC(CO)CO)c1I,0.28,3.6609955,
tdc_vdss_lombardo,"Chemprop v2 (D-MPNN + Selected descriptors, ensemble=3)",Chemprop v2,train,12,COCC(=O)Nc1c(I)c(C(=O)NCC(O)CO)c(I)c(C(=O)N(C)CC(O)CO)c1I,0.22,2.453753,
tdc_vdss_lombardo,"Chemprop v2 (D-MPNN + Selected descriptors, ensemble=3)",Chemprop v2,train,13,CCCC(=O)Nc1ccc(OCC(O)C[NH2+]C(C)C)c(C(C)=O)c1,1.7,0.29396072,
tdc_vdss_lombardo,"Chemprop v2 (D-MPNN + Selected descriptors, ensemble=3)",Chemprop v2,train,14,CC[NH+](CC)CCNC(=O)c1ccc(NC(C)=O)cc1,1.9,4.580218,
tdc_vdss_lombardo,"Chemprop v2 (D-MPNN + Selected descriptors, ensemble=3)",Chemprop v2,train,15,CNC(=O)c1c(I)c(NC(C)=O)c(I)c(C(=O)[O-])c1I,0.17,2.2705739,
tdc_vdss_lombardo,"Chemprop v2 (D-MPNN + Selected descriptors, ensemble=3)",Chemprop v2,train,16,CC(=O)Nc1ccc(O)cc1,1.0,1.7691835,
tdc_vdss_lombardo,"Chemprop v2 (D-MPNN + Selected descriptors, ensemble=3)",Chemprop v2,train,17,Nc1cccc(N)c1N,5.1,3.7369282,
tdc_vdss_lombardo,"Chemprop v2 (D-MPNN + Selected descriptors, ensemble=3)",Chemprop v2,train,18,CC(=O)Oc1ccccc1C(=O)[O-],0.22,1.6643397,
tdc_vdss_lombardo,"Chemprop v2 (D-MPNN + Selected descriptors, ensemble=3)",Chemprop v2,train,19,CC(C)[NH2+]CC(O)c1ccc(O)c(O)c1,1.5,1.8871807,
tdc_vdss_lombardo,"Chemprop v2 (D-MPNN + Selected descriptors, ensemble=3)",Chemprop v2,train,20,CC(C)(C)[NH2+]CC(O)c1ccc(O)c(CO)c1,1.9,4.745017,
tdc_vdss_lombardo,"Chemprop v2 (D-MPNN + Selected descriptors, ensemble=3)",Chemprop v2,train,21,CC(C)CC(NC(=O)CNC(=O)c1cc(Cl)ccc1Cl)B(O)O,3.61,2.1207685,
tdc_vdss_lombardo,"Chemprop v2 (D-MPNN + Selected descriptors, ensemble=3)",Chemprop v2,train,22,CCCS(=O)CCC[NH+](CC)CC(O)COc1ccc(C#N)cc1,1.8,3.7194927,
tdc_vdss_lombardo,"Chemprop v2 (D-MPNN + Selected descriptors, ensemble=3)",Chemprop v2,train,23,C=CCc1ccccc1OCC(O)C[NH2+]C(C)C,3.2,3.7200053,
tdc_vdss_lombardo,"Chemprop v2 (D-MPNN + Selected descriptors, ensemble=3)",Chemprop v2,train,24,COCC(NC(C)=O)C(=O)NCc1ccccc1,0.58,1.3556045,
tdc_vdss_lombardo,"Chemprop v2 (D-MPNN + Selected descriptors, ensemble=3)",Chemprop v2,train,25,O=C(CCCCCCC(=O)Nc1ccccc1)NO,0.5,2.8414614,
tdc_vdss_lombardo,"Chemprop v2 (D-MPNN + Selected descriptors, ensemble=3)",Chemprop v2,train,26,Nc1ccc(O)c(C(=O)[O-])c1,0.33,1.2844017,
tdc_vdss_lombardo,"Chemprop v2 (D-MPNN + Selected descriptors, ensemble=3)",Chemprop v2,train,27,C/C([O-])=C(/C#N)C(=O)Nc1ccc(C(F)(F)F)cc1,0.13,2.448186,
tdc_vdss_lombardo,"Chemprop v2 (D-MPNN + Selected descriptors, ensemble=3)",Chemprop v2,train,28,CC([NH3+])Cc1ccccc1,6.1,4.826355,
tdc_vdss_lombardo,"Chemprop v2 (D-MPNN + Selected descriptors, ensemble=3)",Chemprop v2,train,29,[NH3+]C(Cc1ccc(O)c(O)c1)C(=O)[O-],1.7,2.3310945,
tdc_vdss_lombardo,"Chemprop v2 (D-MPNN + Selected descriptors, ensemble=3)",Chemprop v2,train,30,CC[NH+](CC)CC(=O)Nc1c(C)cccc1C,1.8,3.6960926,
tdc_vdss_lombardo,"Chemprop v2 (D-MPNN + Selected descriptors, ensemble=3)",Chemprop v2,train,31,CC(Cc1ccccc1)NC(=O)C([NH3+])CCCC[NH3+],0.6,1.8197876,
tdc_vdss_lombardo,"Chemprop v2 (D-MPNN + Selected descriptors, ensemble=3)",Chemprop v2,train,32,C/C=C/c1cc(OC)c(OC)cc1OC,1.0,0.4038488,
tdc_vdss_lombardo,"Chemprop v2 (D-MPNN + Selected descriptors, ensemble=3)",Chemprop v2,train,33,CC(C)[NH2+]CC(O)COc1ccc(CC(N)=O)cc1,0.95,-0.62478393,
tdc_vdss_lombardo,"Chemprop v2 (D-MPNN + Selected descriptors, ensemble=3)",Chemprop v2,train,34,CCCCCN(CCCOC)C(=O)C(CCC(=O)[O-])NC(=O)c1ccc(Cl)c(Cl)c1,0.24,2.4322498,
tdc_vdss_lombardo,"Chemprop v2 (D-MPNN + Selected descriptors, ensemble=3)",Chemprop v2,train,35,[NH3+]CC(CC(=O)[O-])c1ccc(Cl)cc1,0.65,2.2548354,
tdc_vdss_lombardo,"Chemprop v2 (D-MPNN + Selected descriptors, ensemble=3)",Chemprop v2,train,36,CN(C)C(=O)Oc1cc(OC(=O)N(C)C)cc(C(O)C[NH2+]C(C)(C)C)c1,1.6,-0.4875075,
tdc_vdss_lombardo,"Chemprop v2 (D-MPNN + Selected descriptors, ensemble=3)",Chemprop v2,train,37,[NH3+]C(Cc1ccc(N(CCCl)CCCl)cc1)C(=O)[O-],0.48,3.4965541,
tdc_vdss_lombardo,"Chemprop v2 (D-MPNN + Selected descriptors, ensemble=3)",Chemprop v2,train,38,O=C([O-])CCNC(=O)c1ccccc1,0.28,1.2340703,
tdc_vdss_lombardo,"Chemprop v2 (D-MPNN + Selected descriptors, ensemble=3)",Chemprop v2,train,39,C[NH2+]C(C)Cc1ccccc1,4.3,5.3875957,
tdc_vdss_lombardo,"Chemprop v2 (D-MPNN + Selected descriptors, ensemble=3)",Chemprop v2,train,40,CC([NH3+])(Cc1ccc(O)c(O)c1)C(=O)[O-],0.69,1.8259836,
tdc_vdss_lombardo,"Chemprop v2 (D-MPNN + Selected descriptors, ensemble=3)",Chemprop v2,train,41,CC(C)[NH2+]CC(O)COc1ccc(COCCOC(C)C)cc1,2.4,1.5405731,
tdc_vdss_lombardo,"Chemprop v2 (D-MPNN + Selected descriptors, ensemble=3)",Chemprop v2,train,42,CC[NH+](CC)CCNC(=O)c1cc(Cl)c(N)cc1OC,3.2,5.964439,
tdc_vdss_lombardo,"Chemprop v2 (D-MPNN + Selected descriptors, ensemble=3)",Chemprop v2,train,43,COCCc1ccc(OCC(O)C[NH2+]C(C)C)cc1,3.1,1.6363231,
tdc_vdss_lombardo,"Chemprop v2 (D-MPNN + Selected descriptors, ensemble=3)",Chemprop v2,train,44,CC(=O)Nc1c(I)c(C(=O)[O-])c(I)c(N(C)C(C)=O)c1I,0.17,3.3583272,
tdc_vdss_lombardo,"Chemprop v2 (D-MPNN + Selected descriptors, ensemble=3)",Chemprop v2,train,45,CC[NH+](CC)CCNC(=O)c1cc(Br)c(N)cc1OC,3.1,6.735203,
tdc_vdss_lombardo,"Chemprop v2 (D-MPNN + Selected descriptors, ensemble=3)",Chemprop v2,train,46,Cc1cccc(C)c1OCC(C)[NH3+],5.9,1.6651977,
tdc_vdss_lombardo,"Chemprop v2 (D-MPNN + Selected descriptors, ensemble=3)",Chemprop v2,train,47,COc1ccc(OC)c(C(O)CNC(=O)C[NH3+])c1,0.67,0.64844227,
tdc_vdss_lombardo,"Chemprop v2 (D-MPNN + Selected descriptors, ensemble=3)",Chemprop v2,train,48,CN(C)N=Nc1ccc(C(=O)[O-])cc1,0.25,1.4498606,
tdc_vdss_lombardo,"Chemprop v2 (D-MPNN + Selected descriptors, ensemble=3)",Chemprop v2,train,49,CN(C)C(=O)Oc1cccc([N+](C)(C)C)c1,0.74,1.7141705,
tdc_vdss_lombardo,"Chemprop v2 (D-MPNN + Selected descriptors, ensemble=3)",Chemprop v2,train,50,O=C([O-])CCCc1ccc(N(CCCl)CCCl)cc1,0.26,2.940979,
tdc_vdss_lombardo,"Chemprop v2 (D-MPNN + Selected descriptors, ensemble=3)",Chemprop v2,train,51,O=C(NC(CO)C(O)c1ccc([N+](=O)[O-])cc1)C(Cl)Cl,0.94,1.8059406,
tdc_vdss_lombardo,"Chemprop v2 (D-MPNN + Selected descriptors, ensemble=3)",Chemprop v2,train,52,CCCNC(=O)[N-]S(=O)(=O)c1ccc(Cl)cc1,0.19,3.161391,
tdc_vdss_lombardo,"Chemprop v2 (D-MPNN + Selected descriptors, ensemble=3)",Chemprop v2,train,53,C=CCOc1ccccc1OCC(O)C[NH2+]C(C)C,0.72,6.019795,
tdc_vdss_lombardo,"Chemprop v2 (D-MPNN + Selected descriptors, ensemble=3)",Chemprop v2,train,54,CCOc1ccc(NC(C)=O)cc1,1.4,1.7075225,
tdc_vdss_lombardo,"Chemprop v2 (D-MPNN + Selected descriptors, ensemble=3)",Chemprop v2,train,55,Cc1cc(OCC(O)C[NH2+]C(C)C)c(C)c(C)c1O,3.6,3.3236825,
tdc_vdss_lombardo,"Chemprop v2 (D-MPNN + Selected descriptors, ensemble=3)",Chemprop v2,train,56,CS(=O)(=O)OCCN(CCBr)c1c(C(=O)NCCOP(=O)([O-])[O-])cc([N+](=O)[O-])cc1[N+](=O)[O-],0.86,5.0565295,
tdc_vdss_lombardo,"Chemprop v2 (D-MPNN + Selected descriptors, ensemble=3)",Chemprop v2,train,57,CC[NH2+]C(C)Cc1cccc(C(F)(F)F)c1,11.0,6.8404984,
tdc_vdss_lombardo,"Chemprop v2 (D-MPNN + Selected descriptors, ensemble=3)",Chemprop v2,train,58,CCCCCN(CCCOC)C(=O)C(CCC(=O)[O-])NC(=O)c1ccc(Cl)c(Cl)c1,0.18,2.4322498,
tdc_vdss_lombardo,"Chemprop v2 (D-MPNN + Selected descriptors, ensemble=3)",Chemprop v2,train,59,CC(=O)Nc1c(I)c(NC(C)=O)c(I)c(C(=O)[O-])c1I,0.26,2.4653919,
tdc_vdss_lombardo,"Chemprop v2 (D-MPNN + Selected descriptors, ensemble=3)",Chemprop v2,train,60,CC(C)[NH2+]CC(O)COc1ccc(O)cc1,4.28,0.94506645,
tdc_vdss_lombardo,"Chemprop v2 (D-MPNN + Selected descriptors, ensemble=3)",Chemprop v2,train,61,CCC[NH2+]C(C)C(=O)Nc1ccccc1C,3.7,2.5609477,
tdc_vdss_lombardo,"Chemprop v2 (D-MPNN + Selected descriptors, ensemble=3)",Chemprop v2,train,62,CCCN(CCC)S(=O)(=O)c1ccc(C(=O)[O-])cc1,0.13,1.0015805,
tdc_vdss_lombardo,"Chemprop v2 (D-MPNN + Selected descriptors, ensemble=3)",Chemprop v2,train,63,CC[NH+](CC)CCNC(=O)c1ccc(N)cc1,2.2,5.152527,
tdc_vdss_lombardo,"Chemprop v2 (D-MPNN + Selected descriptors, ensemble=3)",Chemprop v2,train,64,CC(C)c1cccc(C(C)C)c1O,4.7,1.5309137,
tdc_vdss_lombardo,"Chemprop v2 (D-MPNN + Selected descriptors, ensemble=3)",Chemprop v2,train,65,CC(C)(C)/[N+]([O-])=C/c1ccc(S(=O)(=O)[O-])cc1S(=O)(=O)[O-],0.18,0.5902603,
tdc_vdss_lombardo,"Chemprop v2 (D-MPNN + Selected descriptors, ensemble=3)",Chemprop v2,train,66,[NH3+]CCc1ccc(O)c(O)c1,0.74,1.4427061,
tdc_vdss_lombardo,"Chemprop v2 (D-MPNN + Selected descriptors, ensemble=3)",Chemprop v2,train,67,Cc1cccc(C)c1NC(=O)NCCC[NH2+]C(C)C,1.4,1.7370424,
tdc_vdss_lombardo,"Chemprop v2 (D-MPNN + Selected descriptors, ensemble=3)",Chemprop v2,train,68,CC[N+](C)(C)c1cccc(O)c1,1.1,1.2148393,
tdc_vdss_lombardo,"Chemprop v2 (D-MPNN + Selected descriptors, ensemble=3)",Chemprop v2,train,69,CCN(C)C(=O)Oc1cccc(C(C)[NH+](C)C)c1,1.3,3.0177987,
tdc_vdss_lombardo,"Chemprop v2 (D-MPNN + Selected descriptors, ensemble=3)",Chemprop v2,train,70,CCN(CC)C(=O)/C(C#N)=C/c1cc(O)c([O-])c([N+](=O)[O-])c1,0.27,3.0535233,
tdc_vdss_lombardo,"Chemprop v2 (D-MPNN + Selected descriptors, ensemble=3)",Chemprop v2,train,71,COC(=O)CCc1ccc(OCC(O)C[NH2+]C(C)C)cc1,1.2,1.2405074,
tdc_vdss_lombardo,"Chemprop v2 (D-MPNN + Selected descriptors, ensemble=3)",Chemprop v2,train,72,C=C(CC)C(=O)c1ccc(OCC(=O)[O-])c(Cl)c1Cl,0.26,1.7239023,
tdc_vdss_lombardo,"Chemprop v2 (D-MPNN + Selected descriptors, ensemble=3)",Chemprop v2,train,73,CC[NH+](CC)CCNC(=O)c1ccc(NS(C)(=O)=O)cc1,0.82,4.451556,
tdc_vdss_lombardo,"Chemprop v2 (D-MPNN + Selected descriptors, ensemble=3)",Chemprop v2,train,74,CC[NH2+]CC(O)c1cccc(O)c1,2.1,2.1441934,
tdc_vdss_lombardo,"Chemprop v2 (D-MPNN + Selected descriptors, ensemble=3)",Chemprop v2,train,75,CC(C)[NH2+]CC(O)c1ccc(NS(C)(=O)=O)cc1,1.3,1.0054505,
tdc_vdss_lombardo,"Chemprop v2 (D-MPNN + Selected descriptors, ensemble=3)",Chemprop v2,train,76,CCCCCCCCc1ccc(CCC([NH3+])(CO)CO)cc1,17.3,4.013885,
tdc_vdss_lombardo,"Chemprop v2 (D-MPNN + Selected descriptors, ensemble=3)",Chemprop v2,train,77,C#CCCCC(=O)c1cc(C(C)(C)C)c(O)c(C(C)(C)C)c1,12.0,4.0819345,
tdc_vdss_lombardo,"Chemprop v2 (D-MPNN + Selected descriptors, ensemble=3)",Chemprop v2,train,78,CC(C)(C)[NH2+]CC(O)c1cc(O)cc(O)c1,1.5,-0.4356049,
tdc_vdss_lombardo,"Chemprop v2 (D-MPNN + Selected descriptors, ensemble=3)",Chemprop v2,train,79,C/C([O-])=C(\C#N)C(=O)Nc1ccc(C(F)(F)F)cc1,0.16,2.447449,
tdc_vdss_lombardo,"Chemprop v2 (D-MPNN + Selected descriptors, ensemble=3)",Chemprop v2,train,80,[NH3+]C(CCC(=O)NC(Cc1ccc(O)c(O)c1)C(=O)[O-])C(=O)[O-],0.21,4.1689835,
tdc_vdss_lombardo,"Chemprop v2 (D-MPNN + Selected descriptors, ensemble=3)",Chemprop v2,train,81,CS(=O)(=O)c1ccc(C(O)C(COC(=O)C[NH3+])NC(=O)C(Cl)Cl)cc1,0.13,1.2477632,
tdc_vdss_lombardo,"Chemprop v2 (D-MPNN + Selected descriptors, ensemble=3)",Chemprop v2,train,82,CC[NH+](CC)CCNC(=O)c1cc(S(C)(=O)=O)ccc1OC,1.1,6.643399,
tdc_vdss_lombardo,"Chemprop v2 (D-MPNN + Selected descriptors, ensemble=3)",Chemprop v2,train,83,NC(=[NH2+])NC(=O)Cc1c(Cl)cccc1Cl,5.6,2.4023821,
tdc_vdss_lombardo,"Chemprop v2 (D-MPNN + Selected descriptors, ensemble=3)",Chemprop v2,train,84,O=P([O-])([O-])C(Sc1ccc(Cl)cc1)P(=O)([O-])O,0.23,2.9803646,
tdc_vdss_lombardo,"Chemprop v2 (D-MPNN + Selected descriptors, ensemble=3)",Chemprop v2,train,85,Cc1cnc(C(=O)NCCc2ccc(S(=O)(=O)[N-]C(=O)NC3CCCCC3)cc2)cn1,0.16,2.3289378,
tdc_vdss_lombardo,"Chemprop v2 (D-MPNN + Selected descriptors, ensemble=3)",Chemprop v2,train,86,NS(=O)(=O)c1ccc(S(=O)(=O)Nc2cccc3c(Cl)c[nH]c23)cc1,0.68,0.46177244,
tdc_vdss_lombardo,"Chemprop v2 (D-MPNN + Selected descriptors, ensemble=3)",Chemprop v2,train,87,[NH3+]CCNc1ccc(NCC[NH3+])c2c1C(=O)c1ccncc1C2=O,10.1,3.3249838,
tdc_vdss_lombardo,"Chemprop v2 (D-MPNN + Selected descriptors, ensemble=3)",Chemprop v2,train,88,Nc1ccc(S(=O)(=O)c2ccc(N)cc2)cc1,0.83,1.6696879,
tdc_vdss_lombardo,"Chemprop v2 (D-MPNN + Selected descriptors, ensemble=3)",Chemprop v2,train,89,Nc1ccn(C2CSC(CO)O2)c(=O)n1,1.3,3.1298788,
tdc_vdss_lombardo,"Chemprop v2 (D-MPNN + Selected descriptors, ensemble=3)",Chemprop v2,train,90,CC(=O)NC(Cc1ccc2ccccc2c1)C(=O)NC(Cc1ccc(Cl)cc1)C(=O)NC(Cc1cccnc1)C(=O)NC(CO)C(=O)NC(Cc1ccc(O)cc1)C(=O)NC(CCCNC(N)=O)C(=O)NC(CC(C)C)C(=O)NC(CCCNC(N)=[NH2+])C(=O)N1CCCC1C(=O)NC(C)C(N)=O,0.39,0.28011355,
tdc_vdss_lombardo,"Chemprop v2 (D-MPNN + Selected descriptors, ensemble=3)",Chemprop v2,train,91,O=C(Nc1c(Cl)cncc1Cl)c1ccc(OC(F)F)c(OCC2CC2)c1,1.92,7.199379,
tdc_vdss_lombardo,"Chemprop v2 (D-MPNN + Selected descriptors, ensemble=3)",Chemprop v2,train,92,[NH3+]C1CN(c2c(F)cc3c(=O)c(C(=O)[O-])cn(C4CC4F)c3c2Cl)CC12CC2,1.5,5.4314322,
tdc_vdss_lombardo,"Chemprop v2 (D-MPNN + Selected descriptors, ensemble=3)",Chemprop v2,train,93,C[C@H](C1=C(CC[NH+](C)C)Cc2ccccc21)c1ccccn1,2.16,4.8923655,
tdc_vdss_lombardo,"Chemprop v2 (D-MPNN + Selected descriptors, ensemble=3)",Chemprop v2,train,94,COc1ccccc1Oc1c([N-]S(=O)(=O)c2ccc(C)cn2)nc(-c2ccncc2)nc1OC,0.27,0.3143917,
tdc_vdss_lombardo,"Chemprop v2 (D-MPNN + Selected descriptors, ensemble=3)",Chemprop v2,train,95,CCCc1cc(=O)[nH]c(=S)[nH]1,0.34,1.7081572,
tdc_vdss_lombardo,"Chemprop v2 (D-MPNN + Selected descriptors, ensemble=3)",Chemprop v2,train,96,CNS(=O)(=O)Cc1ccc2[nH]cc(CC[NH+](C)C)c2c1,1.7,3.0908806,
tdc_vdss_lombardo,"Chemprop v2 (D-MPNN + Selected descriptors, ensemble=3)",Chemprop v2,train,97,CC(C)[NH2+]CC(O)COc1cccc2[nH]ccc12,1.2,0.58000183,
tdc_vdss_lombardo,"Chemprop v2 (D-MPNN + Selected descriptors, ensemble=3)",Chemprop v2,train,98,CCCCCNC(=[NH2+])N/N=C/c1c[nH]c2ccc(OC)cc12,5.3,2.7164705,
tdc_vdss_lombardo,"Chemprop v2 (D-MPNN + Selected descriptors, ensemble=3)",Chemprop v2,train,99,COc1ccc2[nH]cc(CCNC(C)=O)c2c1,1.1,2.5826075,
tdc_vdss_lombardo,"Chemprop v2 (D-MPNN + Selected descriptors, ensemble=3)",Chemprop v2,train,100,N#Cc1ccc(Cn2cncc2CN2CCN(c3cccc(Cl)c3)C(=O)C2)cc1,0.8,6.485892,
tdc_vdss_lombardo,"Chemprop v2 (D-MPNN + Selected descriptors, ensemble=3)",Chemprop v2,train,101,COc1cc(CC2c3c(cc(OC)c(OC)c3OC)CC[N+]2(C)CCCOC(=O)CCC(=O)OCCC[N+]2(C)CCc3cc(OC)c(OC)c(OC)c3C2Cc2cc(OC)c(OC)c(OC)c2)cc(OC)c1OC,0.22,5.2453537,
tdc_vdss_lombardo,"Chemprop v2 (D-MPNN + Selected descriptors, ensemble=3)",Chemprop v2,train,102,COc1ccc(C[NH2+]CC(O)COc2ccc3[nH]c(=O)ccc3c2)cc1OC,1.6,2.391614,
tdc_vdss_lombardo,"Chemprop v2 (D-MPNN + Selected descriptors, ensemble=3)",Chemprop v2,train,103,COc1cc2ncnc(Nc3ccc(F)c(Cl)c3)c2cc1OCCC[NH+]1CCOCC1,23.0,6.075029,
tdc_vdss_lombardo,"Chemprop v2 (D-MPNN + Selected descriptors, ensemble=3)",Chemprop v2,train,104,NC(=[NH2+])NCCCNC(=O)C1CCCCN1C(=O)C(CC1CCCCC1)[NH2+]CC(=O)[O-],0.26,5.0098324,
tdc_vdss_lombardo,"Chemprop v2 (D-MPNN + Selected descriptors, ensemble=3)",Chemprop v2,train,105,Nc1ncnc2c1ncn2CCOCP(=O)([O-])[O-],0.42,4.464546,
tdc_vdss_lombardo,"Chemprop v2 (D-MPNN + Selected descriptors, ensemble=3)",Chemprop v2,train,106,CC(Cn1cnc2c(N)ncnc21)OCP(=O)([O-])[O-],0.83,4.741995,
tdc_vdss_lombardo,"Chemprop v2 (D-MPNN + Selected descriptors, ensemble=3)",Chemprop v2,train,107,NS(=O)(=O)c1cc(C(=O)[O-])cc(N2CCCC2)c1Oc1ccccc1,0.17,3.9920447,
tdc_vdss_lombardo,"Chemprop v2 (D-MPNN + Selected descriptors, ensemble=3)",Chemprop v2,train,108,C[NH+]1CCC23c4c5ccc(O)c4OC2C(OC2OC(C(=O)[O-])C(O)C(O)C2O)C=CC3C1C5,0.12,4.203979,
tdc_vdss_lombardo,"Chemprop v2 (D-MPNN + Selected descriptors, ensemble=3)",Chemprop v2,train,109,COc1ccc2c(c1)c(CC(=O)[O-])c(C)n2C(=O)c1ccc(Cl)cc1,0.1,0.84566027,
tdc_vdss_lombardo,"Chemprop v2 (D-MPNN + Selected descriptors, ensemble=3)",Chemprop v2,train,110,Nc1nc2[nH]cnc2c(=S)[nH]1,2.89,6.166368,
tdc_vdss_lombardo,"Chemprop v2 (D-MPNN + Selected descriptors, ensemble=3)",Chemprop v2,train,111,S=c1[nH]cnc2[nH]cnc12,1.0,5.6061845,
tdc_vdss_lombardo,"Chemprop v2 (D-MPNN + Selected descriptors, ensemble=3)",Chemprop v2,train,112,[NH3+]C(CC(=O)N1CCn2c(nnc2C(F)(F)F)C1)Cc1cc(F)c(F)cc1F,2.8,4.4129257,
tdc_vdss_lombardo,"Chemprop v2 (D-MPNN + Selected descriptors, ensemble=3)",Chemprop v2,train,113,CC(=O)CC(c1ccccc1)c1c([O-])c2ccccc2oc1=O,0.13,1.5633489,
tdc_vdss_lombardo,"Chemprop v2 (D-MPNN + Selected descriptors, ensemble=3)",Chemprop v2,train,114,CCC(c1ccccc1)c1c([O-])c2ccccc2oc1=O,0.2,1.3924397,
tdc_vdss_lombardo,"Chemprop v2 (D-MPNN + Selected descriptors, ensemble=3)",Chemprop v2,train,115,CC(=O)CC(c1ccc([N+](=O)[O-])cc1)c1c([O-])c2ccccc2oc1=O,0.24,2.3711977,
tdc_vdss_lombardo,"Chemprop v2 (D-MPNN + Selected descriptors, ensemble=3)",Chemprop v2,train,116,CC1OC(OC2C(O)CC(OC3C(O)CC(OC4CCC5(C)C(CCC6C5CC(O)C5(C)C(C7=CC(=O)OC7)CCC65O)C4)OC3C)OC2C)CC(O)C1O,4.1,2.1871507,
tdc_vdss_lombardo,"Chemprop v2 (D-MPNN + Selected descriptors, ensemble=3)",Chemprop v2,train,117,CC(=O)O[C@H]1C[C@]2(O)[C@H]3CC[C@H]4C[C@H](O[C@H]5C[C@@H](O)[C@@H](O[C@H]6C[C@@H](O)[C@@H](O[C@H]7C[C@@H](O)[C@@H](O)[C@H](C)O7)[C@H](C)O6)[C@H](C)O5)CC[C@@]4(C)[C@H]3CC[C@]2(C)[C@H]1C1=CC(=O)OC1,0.78,2.0727031,
tdc_vdss_lombardo,"Chemprop v2 (D-MPNN + Selected descriptors, ensemble=3)",Chemprop v2,train,118,CC1OC(OC2C(O)CC(OC3C(O)CC(OC4CCC5(C)C(CCC6C5CCC5(C)C(C7=CC(=O)OC7)CCC65O)C4)OC3C)OC2C)CC(O)C1O,0.44,2.9939945,
tdc_vdss_lombardo,"Chemprop v2 (D-MPNN + Selected descriptors, ensemble=3)",Chemprop v2,train,119,O=C1C([O-])=C(C2CCC(c3ccc(Cl)cc3)CC2)C(=O)c2ccccc21,0.6,3.8076031,
tdc_vdss_lombardo,"Chemprop v2 (D-MPNN + Selected descriptors, ensemble=3)",Chemprop v2,train,120,CCO/N=C(/C(=O)NC1C(=O)N2C(C(=O)[O-])=C(Sc3nc(-c4cc[n+](C)cc4)cs3)CSC12)c1nsc(NP(=O)([O-])O)n1,0.53,6.0804634,
tdc_vdss_lombardo,"Chemprop v2 (D-MPNN + Selected descriptors, ensemble=3)",Chemprop v2,train,121,C[NH+]1CCC(c2c([O-])cc(O)c3c(=O)cc(-c4ccccc4Cl)oc23)C(O)C1,1.5,5.0720634,
tdc_vdss_lombardo,"Chemprop v2 (D-MPNN + Selected descriptors, ensemble=3)",Chemprop v2,train,122,CC1CCN(C(=O)CC#N)CC1N(C)c1ncnc2[nH]ccc12,1.24,-1.777141,
tdc_vdss_lombardo,"Chemprop v2 (D-MPNN + Selected descriptors, ensemble=3)",Chemprop v2,train,123,C[NH+](C)C1C([O-])=C(C(N)=O)C(=O)C2(O)C(O)=C3C(=O)c4c(O)cccc4C(C)(O)C3C(O)C12,1.7,3.190953,
tdc_vdss_lombardo,"Chemprop v2 (D-MPNN + Selected descriptors, ensemble=3)",Chemprop v2,train,124,C[NH+](C)C1C([O-])=C(C(N)=O)C(=O)C2(O)C(O)=C3C(=O)c4c(O)cccc4C(C)(O)C3CC12,1.2,2.414971,
tdc_vdss_lombardo,"Chemprop v2 (D-MPNN + Selected descriptors, ensemble=3)",Chemprop v2,train,125,CC1c2cccc(O)c2C(=O)C2=C(O)C3(O)C(=O)C(C(N)=O)=C([O-])C([NH+](C)C)C3C(O)C21,0.69,2.9813502,
tdc_vdss_lombardo,"Chemprop v2 (D-MPNN + Selected descriptors, ensemble=3)",Chemprop v2,train,126,CN(C)c1ccc(O)c2c1CC1CC3C([NH+](C)C)C([O-])=C(C(N)=O)C(=O)C3(O)C(O)=C1C2=O,1.6,2.7812793,
tdc_vdss_lombardo,"Chemprop v2 (D-MPNN + Selected descriptors, ensemble=3)",Chemprop v2,train,127,C[NH+](C)C1C([O-])=C(C(N)=O)C(=O)C2(O)C([O-])=C3C(=O)c4c(O)ccc(Cl)c4C(C)(O)C3CC12,0.9,2.472174,
tdc_vdss_lombardo,"Chemprop v2 (D-MPNN + Selected descriptors, ensemble=3)",Chemprop v2,train,128,C[NH+](C)C1C([O-])=C(C(N)=O)C(=O)C2(O)C([O-])=C3C(=O)c4c(O)ccc(Cl)c4C(O)C3CC12,1.3,5.034268,
tdc_vdss_lombardo,"Chemprop v2 (D-MPNN + Selected descriptors, ensemble=3)",Chemprop v2,train,129,CN(C)c1cc(NC(=O)C[NH2+]C(C)(C)C)c(O)c2c1CC1CC3C([NH+](C)C)C([O-])=C(C(N)=O)C(=O)C3(O)C(O)=C1C2=O,12.0,0.9827475,
tdc_vdss_lombardo,"Chemprop v2 (D-MPNN + Selected descriptors, ensemble=3)",Chemprop v2,train,130,O=C(NC1CC[NH+](CCCCC2(C(=O)NCC(F)(F)F)c3ccccc3-c3ccccc32)CC1)c1ccccc1-c1ccc(C(F)(F)F)cc1,16.3,2.0290825,
tdc_vdss_lombardo,"Chemprop v2 (D-MPNN + Selected descriptors, ensemble=3)",Chemprop v2,train,131,[NH3+]C1C2CN(c3nc4c(cc3F)c(=O)c(C(=O)[O-])cn4-c3ccc(F)cc3F)CC12,1.3,5.218444,
tdc_vdss_lombardo,"Chemprop v2 (D-MPNN + Selected descriptors, ensemble=3)",Chemprop v2,train,132,CC(c1nc(-c2ccc(C#N)cc2)cs1)C(O)(Cn1cncn1)c1cc(F)ccc1F,5.37,4.583905,
tdc_vdss_lombardo,"Chemprop v2 (D-MPNN + Selected descriptors, ensemble=3)",Chemprop v2,train,133,CC(CCc1ccc2c(c1)OCO2)[NH2+]CC(O)c1ccc(O)c(C(N)=O)c1,7.9,5.5212193,
tdc_vdss_lombardo,"Chemprop v2 (D-MPNN + Selected descriptors, ensemble=3)",Chemprop v2,train,134,Cc1ccc(S(=O)(=O)NC(=O)N[C@H]2[C@H]3CC[C@@](C)([C@H]2O)C3(C)C)cc1,0.27,0.3026406,
tdc_vdss_lombardo,"Chemprop v2 (D-MPNN + Selected descriptors, ensemble=3)",Chemprop v2,train,135,CC(Oc1ccccc1)C(=O)NC1C(=O)N2C1SC(C)(C)C2C(=O)[O-],0.3,0.17895246,
tdc_vdss_lombardo,"Chemprop v2 (D-MPNN + Selected descriptors, ensemble=3)",Chemprop v2,train,136,CC1(C)SC2C(NC(=O)COc3ccccc3)C(=O)N2C1C(=O)[O-],0.41,0.92834455,
tdc_vdss_lombardo,"Chemprop v2 (D-MPNN + Selected descriptors, ensemble=3)",Chemprop v2,train,137,CC1OC(OC2C(O)CC(OC3CC(O)(C(=O)CO)Cc4c(O)c5c(c(O)c43)C(=O)c3ccccc3C5=O)OC2C)CC([NH3+])C1O,2.4,12.762229,
tdc_vdss_lombardo,"Chemprop v2 (D-MPNN + Selected descriptors, ensemble=3)",Chemprop v2,train,138,COc1cccc2c1C(=O)c1c(O)c3c(c(O)c1C2=O)CC(O)(C(=O)CO)CC3OC1CC([NH3+])C(OC2CCCCO2)C(C)O1,43.2,16.002842,
tdc_vdss_lombardo,"Chemprop v2 (D-MPNN + Selected descriptors, ensemble=3)",Chemprop v2,train,139,CC1(C)SC2C(NC(=O)C(c3ccccc3)S(=O)(=O)[O-])C(=O)N2C1C(=O)[O-],0.15,1.3381857,
tdc_vdss_lombardo,"Chemprop v2 (D-MPNN + Selected descriptors, ensemble=3)",Chemprop v2,train,140,CC1(C)SC2C(NC(=O)C(NC(=O)NC(N)=[NH2+])c3ccccc3)C(=O)N2C1C(=O)[O-],0.24,-0.64040613,
tdc_vdss_lombardo,"Chemprop v2 (D-MPNN + Selected descriptors, ensemble=3)",Chemprop v2,train,141,CNC(=O)C[C@@H](N)C(=O)N[C@@H](C(=O)N[C@H]1C(=O)N2[C@@H]1SC(C)(C)[C@@H]2C(=O)O)c1ccc(O)cc1,0.27,0.81928587,
tdc_vdss_lombardo,"Chemprop v2 (D-MPNN + Selected descriptors, ensemble=3)",Chemprop v2,train,142,CC1(C)SC2C(NC(=O)C(C(=O)[O-])c3ccccc3)C(=O)N2C1C(=O)[O-],0.17,2.4874246,
tdc_vdss_lombardo,"Chemprop v2 (D-MPNN + Selected descriptors, ensemble=3)",Chemprop v2,train,143,CC1(C)SC2C(NC(=O)C([NH3+])c3ccc(O)cc3)C(=O)N2C1C(=O)[O-],0.25,0.23369765,
tdc_vdss_lombardo,"Chemprop v2 (D-MPNN + Selected descriptors, ensemble=3)",Chemprop v2,train,144,CC1(C)SC2C(NC(=O)Cc3ccccc3)C(=O)N2C1C(=O)[O-],0.24,-0.35191455,
tdc_vdss_lombardo,"Chemprop v2 (D-MPNN + Selected descriptors, ensemble=3)",Chemprop v2,train,145,CC1(C)SC2C(NC(=O)C([NH3+])c3ccccc3)C(=O)N2C1C(=O)[O-],0.22,0.03861022,
tdc_vdss_lombardo,"Chemprop v2 (D-MPNN + Selected descriptors, ensemble=3)",Chemprop v2,train,146,Clc1ccc2nsnc2c1NC1=[NH+]CCN1,2.4,5.841324,
tdc_vdss_lombardo,"Chemprop v2 (D-MPNN + Selected descriptors, ensemble=3)",Chemprop v2,train,147,Cn1nnnc1SCC1=C(C(=O)O)N2C(=O)[C@@H](NC(=O)/C(=N/OCC(=O)O)c3cc[nH]n3)[C@H]2SC1,0.22,1.0746917,
tdc_vdss_lombardo,"Chemprop v2 (D-MPNN + Selected descriptors, ensemble=3)",Chemprop v2,train,148,COc1cc(OC)c(/C=C/S(=O)(=O)Cc2ccc(OC)c(NCC(=O)[O-])c2)c(OC)c1,0.11,3.6246262,
tdc_vdss_lombardo,"Chemprop v2 (D-MPNN + Selected descriptors, ensemble=3)",Chemprop v2,train,149,CC[NH+](CC)CCOC(=O)C(Cc1cccc2ccccc12)CC1CCCO1,0.98,6.5009923,
tdc_vdss_lombardo,"Chemprop v2 (D-MPNN + Selected descriptors, ensemble=3)",Chemprop v2,train,150,O=C1c2c(O)ccc(O)c2C(=O)c2c(NCC[NH2+]CCO)ccc(NCC[NH2+]CCO)c21,12.0,7.2052245,
tdc_vdss_lombardo,"Chemprop v2 (D-MPNN + Selected descriptors, ensemble=3)",Chemprop v2,train,151,CC(C)(C)NC(=O)C1CCC2C3CCC4NC(=O)C=CC4(C)C3CCC12C,1.1,2.155431,
tdc_vdss_lombardo,"Chemprop v2 (D-MPNN + Selected descriptors, ensemble=3)",Chemprop v2,train,152,O=C([O-])c1cc(N=Nc2ccc(O)c(C(=O)[O-])c2)ccc1O,0.07,1.7381388,
tdc_vdss_lombardo,"Chemprop v2 (D-MPNN + Selected descriptors, ensemble=3)",Chemprop v2,train,153,O=C1CCC(N2C(=O)c3ccccc3C2=O)C(=O)N1,0.95,0.6230869,
tdc_vdss_lombardo,"Chemprop v2 (D-MPNN + Selected descriptors, ensemble=3)",Chemprop v2,train,154,COCCN1CC[NH+](Cc2ccc(-c3n[nH]c4c3C(=O)c3c(NC(=O)NN5CCOCC5)cccc3-4)cc2)CC1,5.9,2.2959876,
tdc_vdss_lombardo,"Chemprop v2 (D-MPNN + Selected descriptors, ensemble=3)",Chemprop v2,train,155,COc1ccc(CC[NH+](C)CCCC(C#N)(c2ccc(OC)c(OC)c2)C(C)C)cc1OC,3.7,4.853398,
tdc_vdss_lombardo,"Chemprop v2 (D-MPNN + Selected descriptors, ensemble=3)",Chemprop v2,train,156,COc1ccc(CC[NH+](C)CCCC(C#N)(c2cc(OC)c(OC)c(OC)c2)C(C)C)cc1OC,1.75,4.8356853,
tdc_vdss_lombardo,"Chemprop v2 (D-MPNN + Selected descriptors, ensemble=3)",Chemprop v2,train,157,C/C=C1/NC(=O)[C@H](Cc2ccccc2)NC(=O)[C@@H](C(C)C)NC(=O)[C@@H]([C@@H](C)CC)NC(=O)[C@H](NC(=O)[C@H](NC(=O)[C@H](CCC[NH3+])NC(=O)[C@H]2CCCN2C(=O)[C@H](NC(=O)[C@@H](NC(=O)[C@@H](NC(=O)[C@H](NC(=O)CCCC(C)C)C(C)C)[C@@H](C)O)C(C)C)C(C)C)[C@@H](C)CC)[C@@H](C)OC(=O)[C@H](C(C)C)NC1=O,0.11,9.008193,
tdc_vdss_lombardo,"Chemprop v2 (D-MPNN + Selected descriptors, ensemble=3)",Chemprop v2,train,158,O=C(NCC1CN(c2ccc(N3CCOCC3=O)cc2)C(=O)O1)c1ccc(Cl)s1,0.7,1.4810227,
tdc_vdss_lombardo,"Chemprop v2 (D-MPNN + Selected descriptors, ensemble=3)",Chemprop v2,train,159,COc1cc2nc(N3CCN(C(=O)C4CCCO4)CC3)nc(N)c2cc1OC,0.98,4.0327854,
tdc_vdss_lombardo,"Chemprop v2 (D-MPNN + Selected descriptors, ensemble=3)",Chemprop v2,train,160,C[NH+]1CCc2cccc3c2C1Cc1ccc(O)c(O)c1-3,1.6,6.642349,
tdc_vdss_lombardo,"Chemprop v2 (D-MPNN + Selected descriptors, ensemble=3)",Chemprop v2,train,161,C[NH+]1CCc2cccc3c2C1Cc1ccc(O)c(O)c1-3,1.6,6.642349,
tdc_vdss_lombardo,"Chemprop v2 (D-MPNN + Selected descriptors, ensemble=3)",Chemprop v2,train,162,CC(C)CC(NC(=O)C(NC(=O)c1cccc(-c2ccccc2)n1)C(C)O)B(O)O,0.87,3.3731601,
tdc_vdss_lombardo,"Chemprop v2 (D-MPNN + Selected descriptors, ensemble=3)",Chemprop v2,train,163,O=P(NCCCl)(NCCCl)OC1OC(CO)C(O)C(O)C1O,0.24,2.1835346,
tdc_vdss_lombardo,"Chemprop v2 (D-MPNN + Selected descriptors, ensemble=3)",Chemprop v2,train,164,COC1/C=C\OC2(C)Oc3c(C)c([O-])c4c(c3C2=O)C2=NC3(CC[NH+](CC(C)C)CC3)NC2=C(NC(=O)/C(C)=C\C=C/C(C)C(O)C(C)C(O)C(C)C(OC(C)=O)C1C)C4=O,9.3,9.466053,
tdc_vdss_lombardo,"Chemprop v2 (D-MPNN + Selected descriptors, ensemble=3)",Chemprop v2,train,165,OC(C[NH2+]CC(O)C1CCc2cc(F)ccc2O1)C1CCc2cc(F)ccc2O1,11.0,4.39613,
tdc_vdss_lombardo,"Chemprop v2 (D-MPNN + Selected descriptors, ensemble=3)",Chemprop v2,train,166,CC(O)C1C(=O)N2C(C(=O)[O-])=C(SCCOC(N)=O)SC12,0.3,3.7459748,
tdc_vdss_lombardo,"Chemprop v2 (D-MPNN + Selected descriptors, ensemble=3)",Chemprop v2,train,167,CC(O)C1C(=O)N2C(C(=O)[O-])=C(COC(N)=O)SC12,0.24,3.6966476,
tdc_vdss_lombardo,"Chemprop v2 (D-MPNN + Selected descriptors, ensemble=3)",Chemprop v2,train,168,C[C@@H](O)[C@H]1C(=O)N2C(C(=O)O)=C(CN)S[C@H]12,0.23,3.8080175,
tdc_vdss_lombardo,"Chemprop v2 (D-MPNN + Selected descriptors, ensemble=3)",Chemprop v2,train,169,O=C([O-])C1=C(C[n+]2ccc(CCS(=O)(=O)[O-])cc2)CSC2C(NC(=O)C(NC(=O)c3nc[nH]c3C(=O)[O-])c3ccccc3)C(=O)N12,0.21,2.4565907,
tdc_vdss_lombardo,"Chemprop v2 (D-MPNN + Selected descriptors, ensemble=3)",Chemprop v2,train,170,CC(C(=O)[O-])c1ccc(C(=O)c2cccs2)cc1,0.04,0.5813685,
tdc_vdss_lombardo,"Chemprop v2 (D-MPNN + Selected descriptors, ensemble=3)",Chemprop v2,train,171,CC(C(=O)[O-])c1ccc(C(=O)c2ccccc2)s1,0.08,1.465202,
tdc_vdss_lombardo,"Chemprop v2 (D-MPNN + Selected descriptors, ensemble=3)",Chemprop v2,train,172,Nc1nc(CC(=O)Nc2ccc(CC[NH2+]CC(O)c3ccccc3)cc2)cs1,23.8,1.3887583,
tdc_vdss_lombardo,"Chemprop v2 (D-MPNN + Selected descriptors, ensemble=3)",Chemprop v2,train,173,O=C(/C=C/c1cccc(S(=O)(=O)Nc2ccccc2)c1)NO,0.8,2.3165731,
tdc_vdss_lombardo,"Chemprop v2 (D-MPNN + Selected descriptors, ensemble=3)",Chemprop v2,train,174,O=C1CCC2(O)C3Cc4ccc(O)c5c4C2(CCN3CC2CC2)C1O5,7.6,6.225847,
tdc_vdss_lombardo,"Chemprop v2 (D-MPNN + Selected descriptors, ensemble=3)",Chemprop v2,train,175,CN(C)CCN1C(=O)c2cccc3cc(N)cc(c23)C1=O,7.33,4.9392095,
tdc_vdss_lombardo,"Chemprop v2 (D-MPNN + Selected descriptors, ensemble=3)",Chemprop v2,train,176,CN(C)CCN1C(=O)c2cccc3cc([N+](=O)[O-])cc(c23)C1=O,11.3,6.2015877,
tdc_vdss_lombardo,"Chemprop v2 (D-MPNN + Selected descriptors, ensemble=3)",Chemprop v2,train,177,Cn1c(=O)c2nc[nH]c2n(C)c1=O,0.51,2.7299182,
tdc_vdss_lombardo,"Chemprop v2 (D-MPNN + Selected descriptors, ensemble=3)",Chemprop v2,train,178,CC(C)(C(=O)[O-])c1ccc(C(=O)CCC[NH+]2CCC(OC(c3ccccc3)c3ccccc3)CC2)cc1,0.41,5.066872,
tdc_vdss_lombardo,"Chemprop v2 (D-MPNN + Selected descriptors, ensemble=3)",Chemprop v2,train,179,COc1cc(CC(=O)NCC(=O)N(CCC(=O)[O-])Cc2ccc(OC)c(OC)c2)ccc1NC(=O)Nc1ccccc1C,0.25,2.181354,
tdc_vdss_lombardo,"Chemprop v2 (D-MPNN + Selected descriptors, ensemble=3)",Chemprop v2,train,180,Cc1c(-c2ccc(O)cc2)n(Cc2ccc(OCC[NH+]3CCCCCC3)cc2)c2ccc(O)cc12,15.4,6.6784415,
tdc_vdss_lombardo,"Chemprop v2 (D-MPNN + Selected descriptors, ensemble=3)",Chemprop v2,train,181,CC1(C)SC2C([NH+]=CN3CCCCCC3)C(=O)N2C1C(=O)[O-],0.37,3.5508626,
tdc_vdss_lombardo,"Chemprop v2 (D-MPNN + Selected descriptors, ensemble=3)",Chemprop v2,train,182,CCC1(O)CC(OC2CC(N3CCOCC3)C(O)C(C)O2)c2c(O)c3c(c(O)c2C1O)C(=O)c1cccc(O)c1C3=O,20.9,7.1966133,
tdc_vdss_lombardo,"Chemprop v2 (D-MPNN + Selected descriptors, ensemble=3)",Chemprop v2,train,183,COc1cccc2c1C(=O)c1c(O)c3c(c(O)c1C2=O)CC(O)(C(=O)CO)CC3OC1CC(N2CCOC(OC)C2)C(O)C(C)O1,49.0,15.702365,
tdc_vdss_lombardo,"Chemprop v2 (D-MPNN + Selected descriptors, ensemble=3)",Chemprop v2,train,184,CC#CCn1c(N2CCCC([NH3+])C2)nc2c1c(=O)n(Cc1nc(C)c3ccccc3n1)c(=O)n2C,16.0,6.2725425,
tdc_vdss_lombardo,"Chemprop v2 (D-MPNN + Selected descriptors, ensemble=3)",Chemprop v2,train,185,COC1(NC(=O)CSCC#N)C(=O)N2C(C(=O)[O-])=C(CSc3nnnn3C)CSC21,0.13,1.6690022,
tdc_vdss_lombardo,"Chemprop v2 (D-MPNN + Selected descriptors, ensemble=3)",Chemprop v2,train,186,Nc1nc(NC2CC2)c2ncn(C3C=CC(CO)C3)c2n1,0.84,2.9013364,
tdc_vdss_lombardo,"Chemprop v2 (D-MPNN + Selected descriptors, ensemble=3)",Chemprop v2,train,187,CC([NH2+]C(CCc1ccccc1)C(=O)[O-])C(=O)N1CCCC1C(=O)[O-],0.38,2.3892527,
tdc_vdss_lombardo,"Chemprop v2 (D-MPNN + Selected descriptors, ensemble=3)",Chemprop v2,train,188,CCCC1CC(C(=O)NC(C(C)Cl)C2OC(SC)C(O)C(O)C2O)[NH+](C)C1,0.79,2.859951,
tdc_vdss_lombardo,"Chemprop v2 (D-MPNN + Selected descriptors, ensemble=3)",Chemprop v2,train,189,CCCC1CC(C(=O)NC(C(C)O)C2OC(SC)C(O)C(O)C2O)[NH+](C)C1,1.0,4.2617664,
tdc_vdss_lombardo,"Chemprop v2 (D-MPNN + Selected descriptors, ensemble=3)",Chemprop v2,train,190,CC(C)[NH2+]CC(O)COc1cccc2c1N(C(=O)c1cccnc1)CCC2,0.67,3.136679,
tdc_vdss_lombardo,"Chemprop v2 (D-MPNN + Selected descriptors, ensemble=3)",Chemprop v2,train,191,CCn1cc(C(=O)O)c(=O)c2cnc(N3CCNCC3)nc21,0.88,2.1498566,
tdc_vdss_lombardo,"Chemprop v2 (D-MPNN + Selected descriptors, ensemble=3)",Chemprop v2,train,192,C/C=C1\NC(=O)C2CSSCC/C=C\C(CC(=O)NC(C(C)C)C(=O)N2)OC(=O)C(C(C)C)NC1=O,1.2,3.6554792,
tdc_vdss_lombardo,"Chemprop v2 (D-MPNN + Selected descriptors, ensemble=3)",Chemprop v2,train,193,CC(CN1CCN(CCOCCO)CC1)CN1c2ccccc2Sc2ccccc21,4.06,7.26335,
tdc_vdss_lombardo,"Chemprop v2 (D-MPNN + Selected descriptors, ensemble=3)",Chemprop v2,train,194,CCOC(=O)Nc1c[n+](N2CCOCC2)no1,1.4,1.2589277,
tdc_vdss_lombardo,"Chemprop v2 (D-MPNN + Selected descriptors, ensemble=3)",Chemprop v2,train,195,CC(C(O)c1ccc(O)cc1)[NH+]1CCC(O)(c2ccccc2)CC1,4.4,2.5881906,
tdc_vdss_lombardo,"Chemprop v2 (D-MPNN + Selected descriptors, ensemble=3)",Chemprop v2,train,196,Cc1ccc(NC(=O)c2ccc(CN3CC[NH+](C)CC3)cc2)cc1Nc1nccc(-c2cccnc2)n1,3.9,4.5091605,
tdc_vdss_lombardo,"Chemprop v2 (D-MPNN + Selected descriptors, ensemble=3)",Chemprop v2,train,197,Oc1ccc2c3c1OC1C(O)CCC4(O)C(C2)[NH+](CC2CCC2)CCC314,4.6,7.281874,
tdc_vdss_lombardo,"Chemprop v2 (D-MPNN + Selected descriptors, ensemble=3)",Chemprop v2,train,198,CCOc1ccc2c(c1)C1(CCC(OCCN3CCOCC3)CC1)C(=O)N2S(=O)(=O)c1ccc(C(=O)NC(C)(C)C)cc1OC,7.0,5.21925,
tdc_vdss_lombardo,"Chemprop v2 (D-MPNN + Selected descriptors, ensemble=3)",Chemprop v2,train,199,CC1(C)C(C(=O)[O-])N2C(=O)CC2S1(=O)=O,0.32,0.69711953,
tdc_vdss_lombardo,"Chemprop v2 (D-MPNN + Selected descriptors, ensemble=3)",Chemprop v2,train,200,CCC1OC(=O)C(C)C(OC2CC(C)(OC)C(O)C(C)O2)C(C)C(OC2OC(C)CC([NH+](C)C)C2O)C(C)(O)CC(C)C(=O)C(C)C(O)C1(C)O,0.95,4.7832255,
tdc_vdss_lombardo,"Chemprop v2 (D-MPNN + Selected descriptors, ensemble=3)",Chemprop v2,train,201,CCC1OC(=O)C(C)C(OC2CC(C)(OC)C(O)C(C)O2)C(C)C(OC2OC(C)CC([NH+](C)C)C2O)C(C)(OC)CC(C)C(=O)C(C)C(O)C1(C)O,1.5,3.8526318,
tdc_vdss_lombardo,"Chemprop v2 (D-MPNN + Selected descriptors, ensemble=3)",Chemprop v2,train,202,C[NH+](C)CCN(Cc1cccs1)c1ccccn1,3.3,6.6387405,
tdc_vdss_lombardo,"Chemprop v2 (D-MPNN + Selected descriptors, ensemble=3)",Chemprop v2,train,203,CC(C(=O)[O-])c1cccc(Oc2ccccc2)c1,0.1,1.293517,
tdc_vdss_lombardo,"Chemprop v2 (D-MPNN + Selected descriptors, ensemble=3)",Chemprop v2,train,204,CCCCNc1cc(C(=O)[O-])cc(S(N)(=O)=O)c1Oc1ccccc1,0.16,1.0926834,
tdc_vdss_lombardo,"Chemprop v2 (D-MPNN + Selected descriptors, ensemble=3)",Chemprop v2,train,205,OC(CC[NH+]1CCCC1)(c1ccccc1)C1CCCCC1,0.74,4.233396,
tdc_vdss_lombardo,"Chemprop v2 (D-MPNN + Selected descriptors, ensemble=3)",Chemprop v2,train,206,COc1ccc(/C=C/c2cc(OC)c(OC)c(OC)c2)cc1NC(=O)C(N)CO,0.44,2.1033185,
tdc_vdss_lombardo,"Chemprop v2 (D-MPNN + Selected descriptors, ensemble=3)",Chemprop v2,train,207,CCC1(c2cnc[nH]2)Cc2ccccc2C1,2.7,7.2007585,
tdc_vdss_lombardo,"Chemprop v2 (D-MPNN + Selected descriptors, ensemble=3)",Chemprop v2,train,208,COCc1c(C(C)C)nc(C(C)C)c(/C=C/C(O)CC(O)CC(=O)[O-])c1-c1ccc(F)cc1,0.33,1.8618349,
tdc_vdss_lombardo,"Chemprop v2 (D-MPNN + Selected descriptors, ensemble=3)",Chemprop v2,train,209,CN1C(=O)C([O-])CC1c1cccnc1,0.85,2.9059963,
tdc_vdss_lombardo,"Chemprop v2 (D-MPNN + Selected descriptors, ensemble=3)",Chemprop v2,train,210,CN1C(=O)CCC1c1cccnc1,1.1,5.1653185,
tdc_vdss_lombardo,"Chemprop v2 (D-MPNN + Selected descriptors, ensemble=3)",Chemprop v2,train,211,CCOC(=O)c1ncn2c1CN(C)C(=O)c1cc(F)ccc1-2,0.8,3.3383293,
tdc_vdss_lombardo,"Chemprop v2 (D-MPNN + Selected descriptors, ensemble=3)",Chemprop v2,train,212,Nc1nc2ccc(OC(F)(F)F)cc2s1,3.5,3.0508158,
tdc_vdss_lombardo,"Chemprop v2 (D-MPNN + Selected descriptors, ensemble=3)",Chemprop v2,train,213,C[NH+](C)CC(c1ccc(O)cc1)C1(O)CCCCC1,3.5,3.7430851,
tdc_vdss_lombardo,"Chemprop v2 (D-MPNN + Selected descriptors, ensemble=3)",Chemprop v2,train,214,CC[NH+](CC)CC#CCOC(=O)C(O)(c1ccccc1)C1CCCCC1,0.85,2.9378521,
tdc_vdss_lombardo,"Chemprop v2 (D-MPNN + Selected descriptors, ensemble=3)",Chemprop v2,train,215,COc1ccc(C(C[NH+](C)C)C2(O)CCCCC2)cc1,4.4,2.62799,
tdc_vdss_lombardo,"Chemprop v2 (D-MPNN + Selected descriptors, ensemble=3)",Chemprop v2,train,216,C[NH+]1CCCC1c1cccnc1,2.6,4.849599,
tdc_vdss_lombardo,"Chemprop v2 (D-MPNN + Selected descriptors, ensemble=3)",Chemprop v2,train,217,[NH3+]CCCCC(NC(=O)C(Cc1cc(Br)c([O-])c(Br)c1)NC(=O)N1CCC(N2Cc3ccccc3NC2=O)CC1)C(=O)N1CCN(c2cc[nH+]cc2)CC1,0.31,5.567842,
tdc_vdss_lombardo,"Chemprop v2 (D-MPNN + Selected descriptors, ensemble=3)",Chemprop v2,train,218,O=C1c2cccc3c2C(CCC3)CN1C1C[NH+]2CCC1CC2,6.3,8.3285675,
tdc_vdss_lombardo,"Chemprop v2 (D-MPNN + Selected descriptors, ensemble=3)",Chemprop v2,train,219,CC(O)C1C(=O)N2C(C(=O)[O-])=C(SCCNC=[NH2+])CC12,0.24,2.6986668,
tdc_vdss_lombardo,"Chemprop v2 (D-MPNN + Selected descriptors, ensemble=3)",Chemprop v2,train,220,Nc1ccn(C2COC(CO)S2)c(=O)n1,1.18,0.7039643,
tdc_vdss_lombardo,"Chemprop v2 (D-MPNN + Selected descriptors, ensemble=3)",Chemprop v2,train,221,Nc1ccn(C2COC(CO)S2)c(=O)n1,0.84,0.7039643,
tdc_vdss_lombardo,"Chemprop v2 (D-MPNN + Selected descriptors, ensemble=3)",Chemprop v2,train,222,CC(=O)OC1CC2CCC3C(CCC4(C)C3CC(N3CC[N+](C)(C)CC3)C4OC(C)=O)C2(C)CC1N1CC[N+](C)(C)CC1,0.35,5.892004,
tdc_vdss_lombardo,"Chemprop v2 (D-MPNN + Selected descriptors, ensemble=3)",Chemprop v2,train,223,N[NH+]=c1[nH]ncc2ccccc12,1.5,4.436128,
tdc_vdss_lombardo,"Chemprop v2 (D-MPNN + Selected descriptors, ensemble=3)",Chemprop v2,train,224,COc1cc(Cc2cnc(N)nc2N)cc(OC)c1OC,1.5,0.31580305,
tdc_vdss_lombardo,"Chemprop v2 (D-MPNN + Selected descriptors, ensemble=3)",Chemprop v2,train,225,CC(C)Oc1ccccc1N1CCN(Cc2cccc(C(=O)N3CCCCC3)c2)CC1,1.54,3.7429955,
tdc_vdss_lombardo,"Chemprop v2 (D-MPNN + Selected descriptors, ensemble=3)",Chemprop v2,train,226,C=CC(=O)N1CCCC(n2nc(-c3ccc(Oc4ccccc4)cc3)c3c(N)ncnc32)C1,9.75,3.805068,
tdc_vdss_lombardo,"Chemprop v2 (D-MPNN + Selected descriptors, ensemble=3)",Chemprop v2,train,227,Cn1nc(C(=O)NC2CC3CCCC(C2)[NH+]3C)c2ccccc21,3.7,1.6214315,
tdc_vdss_lombardo,"Chemprop v2 (D-MPNN + Selected descriptors, ensemble=3)",Chemprop v2,train,228,CCCCC1=NC2(CCCC2)C(=O)N1Cc1ccc(-c2ccccc2-c2nnn[n-]2)cc1,0.94,3.9147618,
tdc_vdss_lombardo,"Chemprop v2 (D-MPNN + Selected descriptors, ensemble=3)",Chemprop v2,train,229,CC1(C)OC2COC3(COS(N)(=O)=O)OC(C)(C)OC3C2O1,0.8,1.6657854,
tdc_vdss_lombardo,"Chemprop v2 (D-MPNN + Selected descriptors, ensemble=3)",Chemprop v2,train,230,Nc1cc(OCC2CC2)c(C(=O)NC2C[NH+]3CCC2CC3)cc1Cl,3.9,4.4946785,
tdc_vdss_lombardo,"Chemprop v2 (D-MPNN + Selected descriptors, ensemble=3)",Chemprop v2,train,231,O=C1CCCC2C3CCC[N+]4([O-])CCCC(CN12)C34,0.61,4.266953,
tdc_vdss_lombardo,"Chemprop v2 (D-MPNN + Selected descriptors, ensemble=3)",Chemprop v2,train,232,CC[NH+](CCO)CCCC(C)Nc1cc[nH+]c2cc(Cl)ccc12,700.0,59.650635,
tdc_vdss_lombardo,"Chemprop v2 (D-MPNN + Selected descriptors, ensemble=3)",Chemprop v2,train,233,CC[NH+](CC)CCCC(C)Nc1cc[nH+]c2cc(Cl)ccc12,140.0,48.41458,
tdc_vdss_lombardo,"Chemprop v2 (D-MPNN + Selected descriptors, ensemble=3)",Chemprop v2,train,234,O=C([O-])c1ccc(-n2nc(-c3ccccc3O)nc2-c2ccccc2O)cc1,0.2,2.2075126,
tdc_vdss_lombardo,"Chemprop v2 (D-MPNN + Selected descriptors, ensemble=3)",Chemprop v2,train,235,CC(C)CC(NC(=O)C(CCc1ccccc1)NC(=O)CN1CCOCC1)C(=O)NC(Cc1ccccc1)C(=O)NC(CC(C)C)C(=O)C1(C)CO1,0.13,2.555909,
tdc_vdss_lombardo,"Chemprop v2 (D-MPNN + Selected descriptors, ensemble=3)",Chemprop v2,train,236,NC(=[NH2+])N/N=C1\CCc2c(C(N)=[NH2+])cccc21,20.0,3.1408215,
tdc_vdss_lombardo,"Chemprop v2 (D-MPNN + Selected descriptors, ensemble=3)",Chemprop v2,train,237,O=c1c([O-])c(-c2ccc(O)c(O)c2)oc2cc([O-])cc(O)c12,0.12,2.4922009,
tdc_vdss_lombardo,"Chemprop v2 (D-MPNN + Selected descriptors, ensemble=3)",Chemprop v2,train,238,Cn1nnc2c(C(N)=O)ncn2c1=O,0.5,2.3247578,
tdc_vdss_lombardo,"Chemprop v2 (D-MPNN + Selected descriptors, ensemble=3)",Chemprop v2,train,239,CCCCCC/C=C\CCCCCCCCCC(=O)N[C@H]1[C@H](OC[C@H]2O[C@H](OP(=O)([O-])[O-])[C@H](NC(=O)CC(=O)CCCCCCCCCCC)[C@@H](OCCCCCCCCCC)[C@@H]2O)O[C@H](COC)[C@@H](OP(=O)([O-])[O-])[C@@H]1OCC[C@@H](CCCCCCC)OC,0.05,4.7378078,
tdc_vdss_lombardo,"Chemprop v2 (D-MPNN + Selected descriptors, ensemble=3)",Chemprop v2,train,240,COc1c(C)c2c(c(O)c1C/C=C(\C)CCC(=O)[O-])C(=O)OC2,0.77,1.5601104,
tdc_vdss_lombardo,"Chemprop v2 (D-MPNN + Selected descriptors, ensemble=3)",Chemprop v2,train,241,O=C(NCCN1CCN=C1c1ccncc1)Nc1ccc(C(=O)O)cc1,0.35,2.192421,
tdc_vdss_lombardo,"Chemprop v2 (D-MPNN + Selected descriptors, ensemble=3)",Chemprop v2,train,242,CCN(C(C)=O)c1cccc(-c2ccnc3c(C#N)cnn23)c1,1.3,4.8736377,
tdc_vdss_lombardo,"Chemprop v2 (D-MPNN + Selected descriptors, ensemble=3)",Chemprop v2,train,243,CCC(C(=O)N1CCCCC1C(=O)OC(CCc1ccc(OC)c(OC)c1)c1cccc(OCC(=O)NCCNC(=O)COc2cccc(C(CCc3ccc(OC)c(OC)c3)OC(=O)C3CCCCN3C(=O)C(CC)c3cc(OC)c(OC)c(OC)c3)c2)c1)c1cc(OC)c(OC)c(OC)c1,0.62,7.31692,
tdc_vdss_lombardo,"Chemprop v2 (D-MPNN + Selected descriptors, ensemble=3)",Chemprop v2,train,244,COc1cc(C2c3cc4c(cc3C(OC3OC5COC(C)OC5C(O)C3O)C3COC(=O)C23)OCO4)cc(OC)c1O,0.18,4.988317,
tdc_vdss_lombardo,"Chemprop v2 (D-MPNN + Selected descriptors, ensemble=3)",Chemprop v2,train,245,COc1cc(C2c3cc4c(cc3C(OC3OC5COC(C)OC5C(O)C3N(C)C)C3COC(=O)C23)OCO4)cc(OC)c1O,0.3,4.616113,
tdc_vdss_lombardo,"Chemprop v2 (D-MPNN + Selected descriptors, ensemble=3)",Chemprop v2,train,246,Cc1ccccc1C(=O)Nc1ccc(C(=O)N2CCCC(O)c3cc(Cl)ccc32)c(C)c1,0.5,3.5088289,
tdc_vdss_lombardo,"Chemprop v2 (D-MPNN + Selected descriptors, ensemble=3)",Chemprop v2,train,247,C/C(=C\c1csc(C)n1)C1CC2OC2(C)CCCC(C)C(O)C(C)C(=O)C(C)(C)C(O)CC(=O)N1,11.0,6.5987487,
tdc_vdss_lombardo,"Chemprop v2 (D-MPNN + Selected descriptors, ensemble=3)",Chemprop v2,train,248,C[N+]1(C)C2CC(OC(=O)C(O)(c3cccs3)c3cccs3)CC1C1OC12,32.0,3.6906102,
tdc_vdss_lombardo,"Chemprop v2 (D-MPNN + Selected descriptors, ensemble=3)",Chemprop v2,train,249,O=C(CCC[NH+]1CCC(O)(c2ccc(Cl)cc2)CC1)c1ccc(F)cc1,17.0,4.9045854,
tdc_vdss_lombardo,"Chemprop v2 (D-MPNN + Selected descriptors, ensemble=3)",Chemprop v2,train,250,C=CC1=C(C)c2cc3[nH]c(cc4[nH+]c(cc5[nH]c(cc1[nH+]2)c(C)c5CCC(=O)[O-])C(CCC(=O)OC)=C4C)C1(C)C3=CC=C(C(=O)OC)C1C(=O)OC,0.63,5.8640194,
tdc_vdss_lombardo,"Chemprop v2 (D-MPNN + Selected descriptors, ensemble=3)",Chemprop v2,train,251,C=CC1=C(C)c2cc3[nH]c(cc4[nH+]c(cc5[nH]c(cc1[nH+]2)c(C)c5CCC(=O)OC)C(CCC(=O)[O-])=C4C)C1(C)C3=CC=C(C(=O)OC)C1C(=O)OC,0.51,4.8726583,
tdc_vdss_lombardo,"Chemprop v2 (D-MPNN + Selected descriptors, ensemble=3)",Chemprop v2,train,252,O=C(O)CCSC[C@H]1O[C@@H]2O[C@H]3[C@H](O)[C@@H](O)[C@@H](O[C@H]4[C@H](O)[C@@H](O)[C@@H](O[C@H]5[C@H](O)[C@@H](O)[C@@H](O[C@H]6[C@H](O)[C@@H](O)[C@@H](O[C@H]7[C@H](O)[C@@H](O)[C@@H](O[C@H]8[C@H](O)[C@@H](O)[C@@H](O[C@H]9[C@H](O)[C@@H](O)[C@@H](O[C@H]1[C@H](O)[C@H]2O)O[C@@H]9CSCCC(=O)O)O[C@@H]8CSCCC(=O)O)O[C@@H]7CSCCC(=O)O)O[C@@H]6CSCCC(=O)O)O[C@@H]5CSCCC(=O)O)O[C@@H]4CSCCC(=O)O)O[C@@H]3CSCCC(=O)O,0.18,0.3509849,
tdc_vdss_lombardo,"Chemprop v2 (D-MPNN + Selected descriptors, ensemble=3)",Chemprop v2,train,253,Cn1c(N)c(NC(=O)NCC[NH3+])c[n+]1CC1=C(C(=O)[O-])N2C(=O)C(NC(=O)/C(=N/OC(C)(C)C(=O)[O-])c3nsc(N)n3)C2SC1,0.17,3.1913662,
tdc_vdss_lombardo,"Chemprop v2 (D-MPNN + Selected descriptors, ensemble=3)",Chemprop v2,train,254,CCC(CC)OC1C=C(C(=O)[O-])CC([NH3+])C1NC(C)=O,0.37,0.7448223,
tdc_vdss_lombardo,"Chemprop v2 (D-MPNN + Selected descriptors, ensemble=3)",Chemprop v2,train,255,CC(C)(C)[NH2+]CC(O)COc1cccc2c1CC(O)C(O)C2,1.9,2.592655,
tdc_vdss_lombardo,"Chemprop v2 (D-MPNN + Selected descriptors, ensemble=3)",Chemprop v2,train,256,CCCC(C)C1(CC)C(=O)[N-]C(=S)NC1=O,1.2,0.398345,
tdc_vdss_lombardo,"Chemprop v2 (D-MPNN + Selected descriptors, ensemble=3)",Chemprop v2,train,257,CC(C)(C)NC(=O)C1CN(Cc2cccnc2)CCN1CC(O)CC(Cc1ccccc1)C(=O)NC1c2ccccc2CC1O,0.82,7.3299217,
tdc_vdss_lombardo,"Chemprop v2 (D-MPNN + Selected descriptors, ensemble=3)",Chemprop v2,train,258,NC1CC([NH3+])C(OC2OC(C[NH3+])C(O)C(O)C2O)C(O)C1OC1OC(CO)C(O)C(N)C1O,0.26,2.6105945,
tdc_vdss_lombardo,"Chemprop v2 (D-MPNN + Selected descriptors, ensemble=3)",Chemprop v2,train,259,C[NH2+]C(C)C1CCC(N)C(OC2C(N)CC(N)C(OC3OCC(C)(O)C([NH2+]C)C3O)C2O)O1,0.33,3.795015,
tdc_vdss_lombardo,"Chemprop v2 (D-MPNN + Selected descriptors, ensemble=3)",Chemprop v2,train,260,NCC1OC(OC2C(N)CC(N)C(OC3OC(CO)C(O)C([NH3+])C3O)C2O)C([NH3+])CC1O,0.23,1.9884015,
tdc_vdss_lombardo,"Chemprop v2 (D-MPNN + Selected descriptors, ensemble=3)",Chemprop v2,train,261,N[C@@H]1[C@@H](O)[C@@H](O[C@@H]2[C@@H](O)[C@H](O[C@H]3O[C@H](C[NH3+])CC[C@H]3[NH3+])[C@@H](N)C[C@H]2NC(=O)[C@@H](O)CC[NH3+])O[C@H](CO)[C@H]1O,0.21,3.5386446,
tdc_vdss_lombardo,"Chemprop v2 (D-MPNN + Selected descriptors, ensemble=3)",Chemprop v2,train,262,NC1CC(NC(=O)C(O)CC[NH3+])C(OC2OC(CO)C(O)C([NH3+])C2O)C(O)C1OC1OC(C[NH3+])C(O)C(O)C1O,0.16,2.9834661,
tdc_vdss_lombardo,"Chemprop v2 (D-MPNN + Selected descriptors, ensemble=3)",Chemprop v2,train,263,NC1CC(N)C(OC2OC(CO)C(O)C(N)C2O)C(O)C1OC1OC(C[NH3+])CCC1[NH3+],0.13,2.2610686,
tdc_vdss_lombardo,"Chemprop v2 (D-MPNN + Selected descriptors, ensemble=3)",Chemprop v2,train,264,C[NH2+]C1C(O)C(OC2C(NC(=O)C(O)C[NH3+])CC(N)C(OC3OC(C[NH3+])C(O)C(O)C3O)C2O)OCC1(C)O,0.32,5.1862946,
tdc_vdss_lombardo,"Chemprop v2 (D-MPNN + Selected descriptors, ensemble=3)",Chemprop v2,train,265,CNC[C@@H]1CC[C@@H](N)[C@@H](O[C@@H]2[C@H](O)[C@@H](O[C@H]3OC[C@](C)(O)[C@H](NC)[C@H]3O)[C@H](N)C[C@@H]2N)O1,0.15,2.2573812,
tdc_vdss_lombardo,"Chemprop v2 (D-MPNN + Selected descriptors, ensemble=3)",Chemprop v2,train,266,CCCC(Nc1nc(-c2ccc(NC(=O)NCC)c(OC)c2)ncc1C)c1cccnc1,3.41,2.5987287,
tdc_vdss_lombardo,"Chemprop v2 (D-MPNN + Selected descriptors, ensemble=3)",Chemprop v2,train,267,O=C(OC1C[N+]2(CCCOc3ccccc3)CCC1CC2)C(O)(c1cccs1)c1cccs1,4.3,2.9792309,
tdc_vdss_lombardo,"Chemprop v2 (D-MPNN + Selected descriptors, ensemble=3)",Chemprop v2,train,268,C[NH+]1C2CCC1CC(=C1c3ccccc3CSc3ccccc31)C2,11.85,7.1616597,
tdc_vdss_lombardo,"Chemprop v2 (D-MPNN + Selected descriptors, ensemble=3)",Chemprop v2,train,269,O=C1CCC(C(=O)N2CSCC2C(=O)[O-])N1,0.31,1.2786368,
tdc_vdss_lombardo,"Chemprop v2 (D-MPNN + Selected descriptors, ensemble=3)",Chemprop v2,train,270,CCOC(=O)C(CCc1ccccc1)NC(C)C(=O)N1C(C(=O)[O-])CC2CCCCC21,0.25,1.099469,
tdc_vdss_lombardo,"Chemprop v2 (D-MPNN + Selected descriptors, ensemble=3)",Chemprop v2,train,271,CCOc1ccccc1OCC[NH2+]C(C)Cc1ccc(OC)c(S(N)(=O)=O)c1,0.21,3.639426,
tdc_vdss_lombardo,"Chemprop v2 (D-MPNN + Selected descriptors, ensemble=3)",Chemprop v2,train,272,C[NH+](CCOc1ccc(NS(C)(=O)=O)cc1)CCc1ccc(NS(C)(=O)=O)cc1,3.3,2.2988002,
tdc_vdss_lombardo,"Chemprop v2 (D-MPNN + Selected descriptors, ensemble=3)",Chemprop v2,train,273,O=c1[nH]cc(F)c(=O)[nH]1,0.23,2.122255,
tdc_vdss_lombardo,"Chemprop v2 (D-MPNN + Selected descriptors, ensemble=3)",Chemprop v2,train,274,CCCC(=O)N1CCCN(c2nc(N)c3cc(OC)c(OC)cc3n2)CC1,0.72,4.021911,
tdc_vdss_lombardo,"Chemprop v2 (D-MPNN + Selected descriptors, ensemble=3)",Chemprop v2,train,275,CC(C)(C)S(=O)(=O)CC(Cc1ccccc1)C(=O)NC(Cc1c[nH]cn1)C(=O)NC(CC1CCCCC1)C(O)C(O)C1CC1,0.77,4.092464,
tdc_vdss_lombardo,"Chemprop v2 (D-MPNN + Selected descriptors, ensemble=3)",Chemprop v2,train,276,CC(=O)N[C@H](Cc1ccc2ccccc2c1)C(=O)N[C@H](Cc1ccc(Cl)cc1)C(=O)N[C@H](Cc1cccnc1)C(=O)N[C@@H](CO)C(=O)N[C@@H](Cc1ccc(NC(=O)[C@@H]2CC(=O)NC(=O)N2)cc1)C(=O)N[C@H](Cc1ccc(NC(N)=O)cc1)C(=O)N[C@@H](CC(C)C)C(=O)N[C@@H](CCCC[NH2+]C(C)C)C(=O)N1CCC[C@H]1C(=O)N[C@H](C)C(N)=O,0.74,1.0556403,
tdc_vdss_lombardo,"Chemprop v2 (D-MPNN + Selected descriptors, ensemble=3)",Chemprop v2,train,277,CCCC([NH2+]C(C)C(=O)N1C(C(=O)[O-])CC2CCCCC21)C(=O)[O-],0.76,1.593635,
tdc_vdss_lombardo,"Chemprop v2 (D-MPNN + Selected descriptors, ensemble=3)",Chemprop v2,train,278,Nc1ccc(S(=O)(=O)[N-]c2ncccn2)cc1,0.29,1.0224669,
tdc_vdss_lombardo,"Chemprop v2 (D-MPNN + Selected descriptors, ensemble=3)",Chemprop v2,train,279,CC[NH+](CC)CCN(Cc1ccc(-c2ccc(C(F)(F)F)cc2)cc1)C(=O)Cn1c(SCc2ccc(F)cc2)nc(=O)c2c1CCC2,11.9,9.681224,
tdc_vdss_lombardo,"Chemprop v2 (D-MPNN + Selected descriptors, ensemble=3)",Chemprop v2,train,280,O=C(NCC1CCCC[NH2+]1)c1cc(OCC(F)(F)F)ccc1OCC(F)(F)F,6.1,5.7501564,
tdc_vdss_lombardo,"Chemprop v2 (D-MPNN + Selected descriptors, ensemble=3)",Chemprop v2,train,281,CC(C)(C)NC(=O)C1CC2CCCCC2CN1CC(O)C(Cc1ccccc1)NC(=O)C(CC(N)=O)NC(=O)c1ccc2ccccc2n1,3.6,1.2679429,
tdc_vdss_lombardo,"Chemprop v2 (D-MPNN + Selected descriptors, ensemble=3)",Chemprop v2,train,282,CCc1cnn2c(NCc3ccc[n+]([O-])c3)cc(N3CCCCC3CCO)nc12,0.32,6.319193,
tdc_vdss_lombardo,"Chemprop v2 (D-MPNN + Selected descriptors, ensemble=3)",Chemprop v2,train,283,Cc1c(F)cc(C(=O)NC2CC2)cc1-c1ccc(C(=O)NCC(C)(C)C)cn1,1.67,1.8312249,
tdc_vdss_lombardo,"Chemprop v2 (D-MPNN + Selected descriptors, ensemble=3)",Chemprop v2,train,284,Cc1c[nH]c2c(O)cc3c(c12)C(CCl)CN3C(=O)c1cc2cc(NC(=O)Nc3ccc4[nH]c(C(=O)N5CC(CCl)c6c5cc(O)c5[nH]cc(C)c65)cc4c3)ccc2[nH]1,0.05,3.092102,
tdc_vdss_lombardo,"Chemprop v2 (D-MPNN + Selected descriptors, ensemble=3)",Chemprop v2,train,285,C=C(CC(NC(=O)c1ccc(CCc2cnc3nc(N)nc(N)c3n2)cc1)C(=O)[O-])C(=O)[O-],0.7,2.5456126,
tdc_vdss_lombardo,"Chemprop v2 (D-MPNN + Selected descriptors, ensemble=3)",Chemprop v2,train,286,C#CCC(Cc1cnc2nc(N)nc(N)c2n1)c1ccc(C(=O)NC(CCC(=O)[O-])C(=O)[O-])cc1,0.53,0.8524542,
tdc_vdss_lombardo,"Chemprop v2 (D-MPNN + Selected descriptors, ensemble=3)",Chemprop v2,train,287,C#CCC(Cc1cnc2nc(N)nc(N)c2n1)c1ccc(C(=O)NC(CCC(=O)[O-])C(=O)[O-])cc1,1.5,0.85245425,
tdc_vdss_lombardo,"Chemprop v2 (D-MPNN + Selected descriptors, ensemble=3)",Chemprop v2,train,288,CCCOC(C(=O)OC1CC[NH+](C)CC1)(c1ccccc1)c1ccccc1,2.73,2.5613897,
tdc_vdss_lombardo,"Chemprop v2 (D-MPNN + Selected descriptors, ensemble=3)",Chemprop v2,train,289,COC(=O)C1=C(C)NC(C)=C(C(=O)OCCC[NH+]2CCC(c3ccccc3)(c3ccccc3)CC2)C1c1cccc([N+](=O)[O-])c1,8.4,5.16007,
tdc_vdss_lombardo,"Chemprop v2 (D-MPNN + Selected descriptors, ensemble=3)",Chemprop v2,train,290,CC(NC(=O)C(Cc1c[nH]c2ccccc12)NC(=O)C(N)Cc1c[nH]cn1)C(=O)NC(Cc1c[nH]c2ccccc12)C(=O)NC(Cc1ccccc1)C(=O)NC(CCCC[NH3+])C(N)=O,0.42,5.891525,
tdc_vdss_lombardo,"Chemprop v2 (D-MPNN + Selected descriptors, ensemble=3)",Chemprop v2,train,291,CC(=O)N(CCC(CC[NH+]1CCCCC1)(C(N)=O)c1ccccc1Cl)C(C)C,2.6,4.6528487,
tdc_vdss_lombardo,"Chemprop v2 (D-MPNN + Selected descriptors, ensemble=3)",Chemprop v2,train,292,CC(C)C1C(=O)NC(CCCNC(N)=[NH2+])C(=O)NCC(=O)NC(CC(=O)[O-])C(=O)NC(Cc2ccccc2)C(=O)N1C,0.26,3.2687626,
tdc_vdss_lombardo,"Chemprop v2 (D-MPNN + Selected descriptors, ensemble=3)",Chemprop v2,train,293,CC1=NC(=O)C(CC[NH+](C(C)C)C(C)C)(c2ccccc2)C2CCCCN12,0.58,5.7924438,
tdc_vdss_lombardo,"Chemprop v2 (D-MPNN + Selected descriptors, ensemble=3)",Chemprop v2,train,294,C=C1CCC2(O)C3Cc4ccc(O)c5c4C2(CC[NH+]3CC2CC2)C1O5,8.2,9.26356,
tdc_vdss_lombardo,"Chemprop v2 (D-MPNN + Selected descriptors, ensemble=3)",Chemprop v2,train,295,Nc1nc(=O)c2c(CCc3ccc(C(=O)NC(CCC(=O)[O-])C(=O)[O-])cc3)c[nH]c2[nH]1,0.15,1.832173,
tdc_vdss_lombardo,"Chemprop v2 (D-MPNN + Selected descriptors, ensemble=3)",Chemprop v2,train,296,Cc1cc(NC(=O)C2=C([O-])c3ccccc3S(=O)(=O)N2C)no1,0.19,1.9046577,
tdc_vdss_lombardo,"Chemprop v2 (D-MPNN + Selected descriptors, ensemble=3)",Chemprop v2,train,297,O=C1CN=C(c2ccccn2)c2cc(Br)ccc2N1,0.85,3.0890696,
tdc_vdss_lombardo,"Chemprop v2 (D-MPNN + Selected descriptors, ensemble=3)",Chemprop v2,train,298,COc1c(N2CC3CCC[NH2+]C3C2)c(F)cc2c(=O)c(C(=O)[O-])cn(C3CC3)c12,1.4,3.0299206,
tdc_vdss_lombardo,"Chemprop v2 (D-MPNN + Selected descriptors, ensemble=3)",Chemprop v2,train,299,Cn1c(CNc2ccc(C(N)=[NH2+])cc2)nc2cc(C(=O)N(CCC(=O)[O-])c3ccccn3)ccc21,0.85,4.6537614,
tdc_vdss_lombardo,"Chemprop v2 (D-MPNN + Selected descriptors, ensemble=3)",Chemprop v2,train,300,C#CC1(O)CCC2C3CCC4=CC(=O)CCC4C3C(=C)CC21CC,2.87,6.4758706,
tdc_vdss_lombardo,"Chemprop v2 (D-MPNN + Selected descriptors, ensemble=3)",Chemprop v2,train,301,CCN(CC)c1ccc2cc(C(=O)Nc3ccc4[nH]c(C(=O)N5CC(CCl)c6c5cc(OC(=O)Nc5ccccc5)c5[nH]cc(C)c65)cc4c3)oc2c1,0.09,2.4793127,
tdc_vdss_lombardo,"Chemprop v2 (D-MPNN + Selected descriptors, ensemble=3)",Chemprop v2,train,302,C[NH+]1C2CC(OC(=O)C(CO)c3ccccc3)CC1C1OC12,3.1,3.0164318,
tdc_vdss_lombardo,"Chemprop v2 (D-MPNN + Selected descriptors, ensemble=3)",Chemprop v2,train,303,[NH3+]CC1OB(O)c2c(OCCCO)cccc21,2.37,4.5957484,
tdc_vdss_lombardo,"Chemprop v2 (D-MPNN + Selected descriptors, ensemble=3)",Chemprop v2,train,304,CC1(C)[C@@H](O[C@@H]2O[C@@H](C(=O)[O-])[C@H](O)[C@@H](O)[C@@H]2O[C@H]2O[C@@H](C(=O)[O-])[C@H](O)[C@@H](O)[C@@H]2O)CC[C@]2(C)[C@H]3C(=O)C=C4[C@@H]5C[C@@](C)(C(=O)[O-])CC[C@]5(C)CC[C@@]4(C)[C@]3(C)CC[C@@H]12,0.05,-0.24093278,
tdc_vdss_lombardo,"Chemprop v2 (D-MPNN + Selected descriptors, ensemble=3)",Chemprop v2,train,305,CC1(C)[C@@H](O[C@@H]2O[C@@H](C(=O)[O-])[C@H](O)[C@@H](O)[C@@H]2O[C@H]2O[C@@H](C(=O)[O-])[C@H](O)[C@@H](O)[C@@H]2O)CC[C@]2(C)[C@H]3C(=O)C=C4[C@@H]5C[C@@](C)(C(=O)[O-])CC[C@]5(C)CC[C@@]4(C)[C@]3(C)CC[C@@H]12,0.06,-0.24093287,
tdc_vdss_lombardo,"Chemprop v2 (D-MPNN + Selected descriptors, ensemble=3)",Chemprop v2,train,306,CSCCC([NH3+])C(=O)NC1(C(=O)[O-])CS(=O)(=O)C2C(C(=O)[O-])C21,0.44,-2.150718,
tdc_vdss_lombardo,"Chemprop v2 (D-MPNN + Selected descriptors, ensemble=3)",Chemprop v2,train,307,[NH3+]C1(C(=O)[O-])CS(=O)(=O)C2C(C(=O)[O-])C21,0.21,1.4020443,
tdc_vdss_lombardo,"Chemprop v2 (D-MPNN + Selected descriptors, ensemble=3)",Chemprop v2,train,308,Nc1[nH]c(=O)ncc1F,0.68,2.1727324,
tdc_vdss_lombardo,"Chemprop v2 (D-MPNN + Selected descriptors, ensemble=3)",Chemprop v2,train,309,Nc1ccn(CC(CO)OCP(=O)([O-])[O-])c(=O)n1,0.49,-0.031659365,
tdc_vdss_lombardo,"Chemprop v2 (D-MPNN + Selected descriptors, ensemble=3)",Chemprop v2,train,310,COC1CC2CCC(C)C(O)(O2)C(=O)C(=O)N2CCCCC2C(=O)OC(C(C)CC2CCC(n3cnnn3)C(OC)C2)CC(=O)C(C)/C=C(\C)C(O)C(OC)C(=O)C(C)CC(C)/C=C/C=C/C=C/1C,1.3,5.6029415,
tdc_vdss_lombardo,"Chemprop v2 (D-MPNN + Selected descriptors, ensemble=3)",Chemprop v2,train,311,CCC(C)(C)[NH2+]CC(O)COc1ccccc1C(=O)CCc1ccccc1,1.2,1.0782522,
tdc_vdss_lombardo,"Chemprop v2 (D-MPNN + Selected descriptors, ensemble=3)",Chemprop v2,train,312,CCC[NH2+]CC(O)COc1ccccc1C(=O)CCc1ccccc1,2.2,3.1666489,
tdc_vdss_lombardo,"Chemprop v2 (D-MPNN + Selected descriptors, ensemble=3)",Chemprop v2,train,313,Cc1cc(-n2cccc2)c(S(C)(=O)=O)cc1C(=O)NC(=N)N,1.1,0.6429964,
tdc_vdss_lombardo,"Chemprop v2 (D-MPNN + Selected descriptors, ensemble=3)",Chemprop v2,train,314,CCCCc1ncc(/C=C(/Cc2cccs2)C(=O)[O-])n1Cc1ccc(C(=O)[O-])cc1,0.17,5.155789,
tdc_vdss_lombardo,"Chemprop v2 (D-MPNN + Selected descriptors, ensemble=3)",Chemprop v2,train,315,Nc1nc(N[NH+]=CC2CCCCC2)nc2c1ncn2C1OC(CO)C(O)C1O,0.4,5.787828,
tdc_vdss_lombardo,"Chemprop v2 (D-MPNN + Selected descriptors, ensemble=3)",Chemprop v2,train,316,C=C(Br)C(=O)Nc1cc(C(=O)Nc2cc(C(=O)Nc3cc(C(=O)Nc4cc(C(=O)NCCNC(N)=[NH2+])n(C)c4)n(C)c3)n(C)c2)n(C)c1,0.36,2.9533927,
tdc_vdss_lombardo,"Chemprop v2 (D-MPNN + Selected descriptors, ensemble=3)",Chemprop v2,train,317,CC[C@H]1C2C[C@H]3[C@@H]4N(C)c5ccccc5[C@]45C[C@@H](C2[C@H]5O)[NH+]3[C@@H]1O,4.0,2.0842955,
tdc_vdss_lombardo,"Chemprop v2 (D-MPNN + Selected descriptors, ensemble=3)",Chemprop v2,train,318,CCCCCC(O)/C=C/C1C(O)CC(=O)C1CCCCCCC(=O)[O-],2.4,4.0847473,
tdc_vdss_lombardo,"Chemprop v2 (D-MPNN + Selected descriptors, ensemble=3)",Chemprop v2,train,319,NC1CC([NH3+])C(OC2OC(C[NH3+])C(O)C(O)C2N)C(OC2OC(CO)C(O)C2O)C1O,0.25,2.982526,
tdc_vdss_lombardo,"Chemprop v2 (D-MPNN + Selected descriptors, ensemble=3)",Chemprop v2,train,320,CS(=O)(=O)c1ccc(C(=O)Nc2ccc(Cl)c(-c3ccccn3)c2)c(Cl)c1,0.23,0.89875484,
tdc_vdss_lombardo,"Chemprop v2 (D-MPNN + Selected descriptors, ensemble=3)",Chemprop v2,train,321,CC1(C)C(/C=C/C=C/C=C/C=C2\N(CCCCS(=O)(=O)[O-])c3ccc4ccccc4c3C2(C)C)=[N+](CCCCS(=O)(=O)[O-])c2ccc3ccccc3c21,0.04,10.766721,
tdc_vdss_lombardo,"Chemprop v2 (D-MPNN + Selected descriptors, ensemble=3)",Chemprop v2,train,322,C[NH+]1CCC23c4c5ccc(O)c4OC2C(=O)CCC3C1C5,4.3,4.0041065,
tdc_vdss_lombardo,"Chemprop v2 (D-MPNN + Selected descriptors, ensemble=3)",Chemprop v2,train,323,COc1ccc2c3c1OC1C(=O)CCC4(O)C(C2)[NH+](C)CCC314,2.5,3.2587917,
tdc_vdss_lombardo,"Chemprop v2 (D-MPNN + Selected descriptors, ensemble=3)",Chemprop v2,train,324,CCCCS(=O)(=O)NC(Cc1ccc(OCCCCC2CC[NH2+]CC2)cc1)C(=O)[O-],0.99,3.8881588,
tdc_vdss_lombardo,"Chemprop v2 (D-MPNN + Selected descriptors, ensemble=3)",Chemprop v2,train,325,COc1ccc(CC(NC(=O)CC(C)(C)[NH3+])C(=O)NC(Cc2c[nH+]c[nH]2)C(=O)NC(CC2CCCCC2)C(O)C(O)CC(C)C)cc1,7.5,4.001574,
tdc_vdss_lombardo,"Chemprop v2 (D-MPNN + Selected descriptors, ensemble=3)",Chemprop v2,train,326,CCOc1ccc(Cc2cc(C3OC(CO)C(O)C(O)C3O)ccc2Cl)cc1,1.7,2.9446335,
tdc_vdss_lombardo,"Chemprop v2 (D-MPNN + Selected descriptors, ensemble=3)",Chemprop v2,train,327,COC(=O)CC(O)(CCCC(C)(C)O)C(=O)OC1C(OC)=CC23CCC[NH+]2CCc2cc4c(cc2C13)OCO4,1.8,5.561569,
tdc_vdss_lombardo,"Chemprop v2 (D-MPNN + Selected descriptors, ensemble=3)",Chemprop v2,train,328,CC(C)[NH+]1CCC(N(C(=O)Cc2ccccc2)c2ccc(Cl)cc2)CC1,6.6,4.078382,
tdc_vdss_lombardo,"Chemprop v2 (D-MPNN + Selected descriptors, ensemble=3)",Chemprop v2,train,329,Cc1onc(-c2ccccc2)c1C(=O)NC1C(=O)N2C1SC(C)(C)C2C(=O)[O-],0.19,-0.5452512,
tdc_vdss_lombardo,"Chemprop v2 (D-MPNN + Selected descriptors, ensemble=3)",Chemprop v2,train,330,Cc1onc(-c2c(Cl)cccc2Cl)c1C(=O)NC1C(=O)N2C1SC(C)(C)C2C(=O)[O-],0.11,0.41405496,
tdc_vdss_lombardo,"Chemprop v2 (D-MPNN + Selected descriptors, ensemble=3)",Chemprop v2,train,331,Cc1onc(-c2c(F)cccc2Cl)c1C(=O)NC1C(=O)N2C1SC(C)(C)C2C(=O)[O-],0.19,2.0762851,
tdc_vdss_lombardo,"Chemprop v2 (D-MPNN + Selected descriptors, ensemble=3)",Chemprop v2,train,332,CC(C)C(NC(=O)C(C(C)C)N(C)C)C(=O)N(C)C(C(=O)N1CCCC1C(=O)N1CCCC1C(=O)NC(C)(C)C)C(C)C,0.33,0.3703723,
tdc_vdss_lombardo,"Chemprop v2 (D-MPNN + Selected descriptors, ensemble=3)",Chemprop v2,train,333,CN(CCOc1ccc(CC2SC(=O)[N-]C2=O)cc1)c1ccccn1,0.2,5.1794252,
tdc_vdss_lombardo,"Chemprop v2 (D-MPNN + Selected descriptors, ensemble=3)",Chemprop v2,train,334,C=CC[NH+]1CCCC1CNC(=O)c1cc2n[nH]nc2cc1OC,1.6,7.070251,
tdc_vdss_lombardo,"Chemprop v2 (D-MPNN + Selected descriptors, ensemble=3)",Chemprop v2,train,335,Nc1nc(F)nc2c1ncn2C1OC(CO)C(O)C1O,2.2,5.9021583,
tdc_vdss_lombardo,"Chemprop v2 (D-MPNN + Selected descriptors, ensemble=3)",Chemprop v2,train,336,Nc1nc(Cl)nc2c1ncn2C1CC(O)C(CO)O1,7.7,3.436266,
tdc_vdss_lombardo,"Chemprop v2 (D-MPNN + Selected descriptors, ensemble=3)",Chemprop v2,train,337,Nc1nc(Cl)nc2c1ncn2C1OC(CO)C(O)C1F,1.75,7.7716384,
tdc_vdss_lombardo,"Chemprop v2 (D-MPNN + Selected descriptors, ensemble=3)",Chemprop v2,train,338,COc1nc(N)nc2c1ncn2C1OC(CO)C(O)C1O,4.9,4.991245,
tdc_vdss_lombardo,"Chemprop v2 (D-MPNN + Selected descriptors, ensemble=3)",Chemprop v2,train,339,CSCCNc1nc(SCCC(F)(F)F)nc2c1ncn2C1OC(COP(=O)([O-])OP(=O)([O-])C(Cl)(Cl)P(=O)([O-])[O-])C(O)C1O,0.04,10.4259,
tdc_vdss_lombardo,"Chemprop v2 (D-MPNN + Selected descriptors, ensemble=3)",Chemprop v2,train,340,O=C(c1ccccc1)c1ccc2n1CCC2C(=O)[O-],0.11,0.709683,
tdc_vdss_lombardo,"Chemprop v2 (D-MPNN + Selected descriptors, ensemble=3)",Chemprop v2,train,341,Cn1c(CCCC(=O)[O-])[nH+]c2cc(N(CCCl)CCCl)ccc21,0.22,2.7998893,
tdc_vdss_lombardo,"Chemprop v2 (D-MPNN + Selected descriptors, ensemble=3)",Chemprop v2,train,342,NC(=O)c1ncn(C2OC(CO)C(O)C2O)n1,14.0,2.9324672,
tdc_vdss_lombardo,"Chemprop v2 (D-MPNN + Selected descriptors, ensemble=3)",Chemprop v2,train,343,O=C1NC(=O)C(c2cnc3ccccn23)=C1c1cn2c3c(cc(F)cc13)CN(C(=O)N1CCCCC1)CC2,1.2,6.144659,
tdc_vdss_lombardo,"Chemprop v2 (D-MPNN + Selected descriptors, ensemble=3)",Chemprop v2,train,344,CC(O)C(CO)NC(=O)C1CSSCC(NC(=O)C(N)Cc2ccccc2)C(=O)NC(Cc2ccccc2)C(=O)NC(Cc2c[nH]c3ccccc23)C(=O)NC(CCCC[NH3+])C(=O)NC(C(C)O)C(=O)N1,0.19,2.7983277,
tdc_vdss_lombardo,"Chemprop v2 (D-MPNN + Selected descriptors, ensemble=3)",Chemprop v2,train,345,CN1CC(C(=O)NC2(C)OC3(O)C4CCCN4C(=O)C(Cc4ccccc4)N3C2=O)C=C2c3cccc4[nH]cc(c34)CC21,3.6,6.516173,
tdc_vdss_lombardo,"Chemprop v2 (D-MPNN + Selected descriptors, ensemble=3)",Chemprop v2,train,346,OCc1cc(C(O)C[NH2+]CCCCCCOCCOCc2c(Cl)cccc2Cl)ccc1O,2.38,9.079853,
tdc_vdss_lombardo,"Chemprop v2 (D-MPNN + Selected descriptors, ensemble=3)",Chemprop v2,train,347,C[NH+]1CCN(CC(=O)N2c3ccccc3C(=O)Nc3cccnc32)CC1,1.71,6.771313,
tdc_vdss_lombardo,"Chemprop v2 (D-MPNN + Selected descriptors, ensemble=3)",Chemprop v2,train,348,COc1ccc(C2CNC(=O)C2)cc1OC1CCCC1,0.67,4.0860476,
tdc_vdss_lombardo,"Chemprop v2 (D-MPNN + Selected descriptors, ensemble=3)",Chemprop v2,train,349,Cc1onc(-c2ccccc2)c1-c1ccc(S(N)(=O)=O)cc1,0.75,-0.69184667,
tdc_vdss_lombardo,"Chemprop v2 (D-MPNN + Selected descriptors, ensemble=3)",Chemprop v2,train,350,CCC(C)n1ncn(-c2ccc(N3CCN(c4ccc(OCC5COC(Cn6cncn6)(c6ccc(Cl)cc6Cl)O5)cc4)CC3)cc2)c1=O,7.4,7.06514,
tdc_vdss_lombardo,"Chemprop v2 (D-MPNN + Selected descriptors, ensemble=3)",Chemprop v2,train,351,O=c1[nH]cnc2[nH]ncc12,0.58,4.736416,
tdc_vdss_lombardo,"Chemprop v2 (D-MPNN + Selected descriptors, ensemble=3)",Chemprop v2,train,352,COc1ccc2c3c1OC1CC(O)C=CC31CC[NH+](C)C2,2.3,3.5705311,
tdc_vdss_lombardo,"Chemprop v2 (D-MPNN + Selected descriptors, ensemble=3)",Chemprop v2,train,353,C#CC1(O)C=CC2C3CCC4=CC(=O)CCC4C3CCC21CC,0.46,5.213142,
tdc_vdss_lombardo,"Chemprop v2 (D-MPNN + Selected descriptors, ensemble=3)",Chemprop v2,train,354,COC[C@H]1O[C@@H](O[C@@H]2OC[C@@H]3O[C@@]4(OC[C@@H](OC(=O)c5c(C)cc(O)cc5O)[C@@H]5OCO[C@H]54)O[C@H]3[C@H]2O)[C@@H](OC)[C@@H](O)[C@@H]1O[C@@H]1O[C@H](C)[C@H](OC)[C@H](O[C@@H]2O[C@H](C)[C@H]3O[C@]4(C[C@@H](O)[C@H](O[C@H]5C[C@@H](O[C@H]6C[C@](C)([N+](=O)[O-])[C@@H](OC)[C@H](C)O6)[C@H](OC(=O)c6c(C)c(Cl)c([O-])c(Cl)c6OC)[C@@H](C)O5)[C@@H](C)O4)O[C@]3(C)[C@@H]2O)[C@H]1O,0.39,0.3802824,
tdc_vdss_lombardo,"Chemprop v2 (D-MPNN + Selected descriptors, ensemble=3)",Chemprop v2,train,355,COc1cc(F)ccc1Cn1ccc2c3c(ncc21)C(=O)N([O-])CC3,5.7,2.7882605,
tdc_vdss_lombardo,"Chemprop v2 (D-MPNN + Selected descriptors, ensemble=3)",Chemprop v2,train,356,COc1ccc2c(c1)N(CC(C)C[NH+](C)C)c1ccccc1S2,12.0,2.514497,
tdc_vdss_lombardo,"Chemprop v2 (D-MPNN + Selected descriptors, ensemble=3)",Chemprop v2,train,357,C[NH+](C)CCCN1c2ccccc2Sc2ccccc21,8.1,6.629187,
tdc_vdss_lombardo,"Chemprop v2 (D-MPNN + Selected descriptors, ensemble=3)",Chemprop v2,train,358,CC(CN1c2ccccc2Sc2ccccc21)[NH+](C)C,14.0,7.4866757,
tdc_vdss_lombardo,"Chemprop v2 (D-MPNN + Selected descriptors, ensemble=3)",Chemprop v2,train,359,C[NH+](C)CCCN1c2ccccc2Sc2ccc(Cl)cc21,10.0,6.869887,
tdc_vdss_lombardo,"Chemprop v2 (D-MPNN + Selected descriptors, ensemble=3)",Chemprop v2,train,360,CO/N=C(/C(=O)N[C@@H]1C(=O)N2C(C(=O)[O-])=C(C[n+]3ccc(-c4cnco4)cc3)CS[C@H]12)c1csc(N)n1,0.22,2.7186487,
tdc_vdss_lombardo,"Chemprop v2 (D-MPNN + Selected descriptors, ensemble=3)",Chemprop v2,train,361,Cc1cc(F)ccc1[C@H]1CNCCN1C(=O)N(C)[C@H](C)c1cc(C(F)(F)F)cc(C(F)(F)F)c1,3.8,6.9282937,
tdc_vdss_lombardo,"Chemprop v2 (D-MPNN + Selected descriptors, ensemble=3)",Chemprop v2,train,362,CNS(=O)(=O)CCc1ccc2[nH]cc(C3CC[NH+](C)CC3)c2c1,2.4,3.487175,
tdc_vdss_lombardo,"Chemprop v2 (D-MPNN + Selected descriptors, ensemble=3)",Chemprop v2,train,363,CC(CCc1ccccc1)[NH2+]CC(O)c1ccc(O)c(C(N)=O)c1,4.8,2.7595656,
tdc_vdss_lombardo,"Chemprop v2 (D-MPNN + Selected descriptors, ensemble=3)",Chemprop v2,train,364,CC(CCc1ccccc1)[NH2+]CC(O)c1ccc(O)c(C(N)=O)c1,4.8,2.7595656,
tdc_vdss_lombardo,"Chemprop v2 (D-MPNN + Selected descriptors, ensemble=3)",Chemprop v2,train,365,C=CC1=C(C(=O)[O-])N2C(=O)C(NC(=O)/C(=N/OCC(=O)[O-])c3csc(N)n3)C2SC1,0.24,0.8411875,
tdc_vdss_lombardo,"Chemprop v2 (D-MPNN + Selected descriptors, ensemble=3)",Chemprop v2,train,366,CO/N=C(\C(=O)NC1C(=O)N2C(C(=O)[O-])=CCSC12)c1csc(N)n1,0.2,2.213053,
tdc_vdss_lombardo,"Chemprop v2 (D-MPNN + Selected descriptors, ensemble=3)",Chemprop v2,train,367,CO/N=C(/C(=O)NC1C(=O)N2C(C(=O)[O-])=C(COC(C)=O)CSC12)c1csc(N)n1,0.19,0.68338996,
tdc_vdss_lombardo,"Chemprop v2 (D-MPNN + Selected descriptors, ensemble=3)",Chemprop v2,train,368,CO/N=C(/C(=O)NC1C(=O)N2C(C(=O)[O-])=C(C)CSC12)c1csc(N)n1,0.28,0.6561313,
tdc_vdss_lombardo,"Chemprop v2 (D-MPNN + Selected descriptors, ensemble=3)",Chemprop v2,train,369,CC(c1ccccn1)c1c(CC[NH+](C)[14CH3])sc2ccccc12,1.83,4.135433,
tdc_vdss_lombardo,"Chemprop v2 (D-MPNN + Selected descriptors, ensemble=3)",Chemprop v2,train,370,CC12C=CC(=O)C=C1CCC1C2C(=O)CC2(C)C1CCC2(O)C(=O)CO,0.57,5.724703,
tdc_vdss_lombardo,"Chemprop v2 (D-MPNN + Selected descriptors, ensemble=3)",Chemprop v2,train,371,NC(=[NH2+])c1ccc(OCCCCCOc2ccc(C(N)=[NH2+])cc2)cc1,53.0,3.560866,
tdc_vdss_lombardo,"Chemprop v2 (D-MPNN + Selected descriptors, ensemble=3)",Chemprop v2,train,372,Nc1cc(N2CCCCC2)nc(N)[n+]1[O-],0.9,2.7572834,
tdc_vdss_lombardo,"Chemprop v2 (D-MPNN + Selected descriptors, ensemble=3)",Chemprop v2,train,373,CCC1C(=O)N(C)c2cnc(Nc3ccc(C(=O)NC4CCC([NH+]5CCN(CC6CC6)CC5)CC4)cc3OC)nc2N1C(C)C,80.5,13.880483,
tdc_vdss_lombardo,"Chemprop v2 (D-MPNN + Selected descriptors, ensemble=3)",Chemprop v2,train,374,Cc1nnc2n1-c1ccc(Cl)cc1C(c1ccccc1)=NC2,0.8,2.2663448,
tdc_vdss_lombardo,"Chemprop v2 (D-MPNN + Selected descriptors, ensemble=3)",Chemprop v2,train,375,CN(C)Cc1nnc2n1-c1ccc(Cl)cc1C(c1ccccc1)=NC2,0.98,1.7522894,
tdc_vdss_lombardo,"Chemprop v2 (D-MPNN + Selected descriptors, ensemble=3)",Chemprop v2,train,376,Cc1nnc2n1-c1ccc(Cl)cc1C(c1ccccc1Cl)=NC2,0.58,2.784336,
tdc_vdss_lombardo,"Chemprop v2 (D-MPNN + Selected descriptors, ensemble=3)",Chemprop v2,train,377,Cc1ncsc1CCCl,6.6,6.070915,
tdc_vdss_lombardo,"Chemprop v2 (D-MPNN + Selected descriptors, ensemble=3)",Chemprop v2,train,378,CN/C(=C\[N+](=O)[O-])NCCSCc1csc(CN(C)C)n1,1.0,1.562066,
tdc_vdss_lombardo,"Chemprop v2 (D-MPNN + Selected descriptors, ensemble=3)",Chemprop v2,train,379,N=C(N)Nc1nc(CSCCC(=N)NS(N)(=O)=O)cs1,1.2,0.98686194,
tdc_vdss_lombardo,"Chemprop v2 (D-MPNN + Selected descriptors, ensemble=3)",Chemprop v2,train,380,O=C(NC1CC[NH+](CCc2c[nH]c3ccccc23)CC1)c1ccccc1,4.9,2.4403296,
tdc_vdss_lombardo,"Chemprop v2 (D-MPNN + Selected descriptors, ensemble=3)",Chemprop v2,train,381,COC(=O)C1C(O)CCC2CN3CCc4c([nH]c5ccccc45)C3CC21,0.48,3.6130974,
tdc_vdss_lombardo,"Chemprop v2 (D-MPNN + Selected descriptors, ensemble=3)",Chemprop v2,train,382,O=C1NCC2(CC[NH+](CCc3ccccc3)CC2)O1,3.0,2.7788484,
tdc_vdss_lombardo,"Chemprop v2 (D-MPNN + Selected descriptors, ensemble=3)",Chemprop v2,train,383,CCOC(=O)c1ccc(C#Cc2ccc3c(c2)C(C)(C)CCS3)nc1,3.55,1.6245371,
tdc_vdss_lombardo,"Chemprop v2 (D-MPNN + Selected descriptors, ensemble=3)",Chemprop v2,train,384,O=C1C(C2OC(CO)C(O)C(O)C2O)=C([O-])/C(=C([O-])/C=C/c2ccc(O)cc2)C(=O)C1(O)C1OC(CO)C(O)C(O)C1O,0.2,-0.032535475,
tdc_vdss_lombardo,"Chemprop v2 (D-MPNN + Selected descriptors, ensemble=3)",Chemprop v2,train,385,Cc1cc([O-])c(C(=O)NC(C(=O)NC2C(=O)N3C(C(=O)[O-])=C(CSc4nnnn4C)CSC23)c2ccc(O)cc2)cn1,0.15,3.8429272,
tdc_vdss_lombardo,"Chemprop v2 (D-MPNN + Selected descriptors, ensemble=3)",Chemprop v2,train,386,O=C1CC(c2ccccc2)Oc2cc(O)cc(O)c21,0.8,1.2595845,
tdc_vdss_lombardo,"Chemprop v2 (D-MPNN + Selected descriptors, ensemble=3)",Chemprop v2,train,387,CC(O)C1C(=O)N2C(C(=O)[O-])=C(SC3CNC(C(=O)Nc4cccc(C(=O)[O-])c4)C3)C(C)C12,0.12,2.9632616,
tdc_vdss_lombardo,"Chemprop v2 (D-MPNN + Selected descriptors, ensemble=3)",Chemprop v2,train,388,COC1CC2CCC(C)C(O)(O2)C(=O)C(=O)N2CCCCC2C(=O)OC(C(C)CC2CCC(OC(=O)C(C)(CO)CO)C(OC)C2)CC(=O)C(C)/C=C(\C)C(O)C(OC)C(=O)C(C)CC(C)/C=C/C=C/C=C/1C,3.0,5.794683,
tdc_vdss_lombardo,"Chemprop v2 (D-MPNN + Selected descriptors, ensemble=3)",Chemprop v2,train,389,CCOCCOC1CCC(CC(C)C2CC(=O)C(C)/C=C(\C)C(O)C(OC)C(=O)C(C)CC(C)/C=C/C=C/C=C(\C)C(OC)CC3CCC(C)C(O)(O3)C(=O)C(=O)N3CCCCC3C(=O)O2)CC1OC,44.5,3.4867294,
tdc_vdss_lombardo,"Chemprop v2 (D-MPNN + Selected descriptors, ensemble=3)",Chemprop v2,train,390,COC1CC2CCC(C)C(O)(O2)C(=O)C(=O)N2CCCCC2C(=O)OC(C(C)CC2CCC(OP(C)(C)=O)C(OC)C2)CC(=O)C(C)/C=C(\C)C(O)C(OC)C(=O)C(C)CC(C)/C=C/C=C/C=C/1C,3.2,4.7450647,
tdc_vdss_lombardo,"Chemprop v2 (D-MPNN + Selected descriptors, ensemble=3)",Chemprop v2,train,391,CO/N=C1/CN(c2nc3c(cc2F)c(=O)c(C(=O)[O-])cn3C2CC2)CC1C[NH3+],3.52,4.4324718,
tdc_vdss_lombardo,"Chemprop v2 (D-MPNN + Selected descriptors, ensemble=3)",Chemprop v2,train,392,COc1ccc(C(=O)Nc2ccccc2CCC2CCCC[NH+]2C)cc1,2.2,4.7174296,
tdc_vdss_lombardo,"Chemprop v2 (D-MPNN + Selected descriptors, ensemble=3)",Chemprop v2,train,393,Cn1nnnc1SCC1=C(C(=O)[O-])N2C(=O)C(NC(=O)C(O)c3ccccc3)C2SC1,0.16,1.6558706,
tdc_vdss_lombardo,"Chemprop v2 (D-MPNN + Selected descriptors, ensemble=3)",Chemprop v2,train,394,O=C([O-])C1=C(CSc2nnnn2CS(=O)(=O)[O-])CSC2C(NC(=O)C(O)c3ccccc3)C(=O)N12,0.14,2.389129,
tdc_vdss_lombardo,"Chemprop v2 (D-MPNN + Selected descriptors, ensemble=3)",Chemprop v2,train,395,[NH3+]Cc1ccccc1CC(=O)NC1C(=O)N2C(C(=O)[O-])=C(CSc3nnnn3CC(=O)[O-])CSC12,0.17,3.2016647,
tdc_vdss_lombardo,"Chemprop v2 (D-MPNN + Selected descriptors, ensemble=3)",Chemprop v2,train,396,CC(CS)C(=O)N1CCCC1C(=O)[O-],0.75,7.750624,
tdc_vdss_lombardo,"Chemprop v2 (D-MPNN + Selected descriptors, ensemble=3)",Chemprop v2,train,397,COc1ccc(C2(C#N)CCC(C(=O)[O-])CC2)cc1OC1CCCC1,0.23,2.824692,
tdc_vdss_lombardo,"Chemprop v2 (D-MPNN + Selected descriptors, ensemble=3)",Chemprop v2,train,398,COc1cccc2c1C(=O)c1c(O)c3c(c(O)c1C2=O)CC(O)(C(=O)CO)CC3OC1CC([NH3+])C(OCc2ccccc2)C(C)O1,48.0,16.40979,
tdc_vdss_lombardo,"Chemprop v2 (D-MPNN + Selected descriptors, ensemble=3)",Chemprop v2,train,399,Cc1cccc(Nc2ccncc2S(=O)(=O)[N-]C(=O)NC(C)C)c1,0.21,2.0268214,
tdc_vdss_lombardo,"Chemprop v2 (D-MPNN + Selected descriptors, ensemble=3)",Chemprop v2,train,400,CN1C(C(=O)Nc2ccccn2)=C([O-])c2sccc2S1(=O)=O,0.19,2.6747048,
tdc_vdss_lombardo,"Chemprop v2 (D-MPNN + Selected descriptors, ensemble=3)",Chemprop v2,train,401,Cc1ccccc1OCC(O)C[NH2+]CCOc1ccc(C(N)=O)cc1,4.0,2.484504,
tdc_vdss_lombardo,"Chemprop v2 (D-MPNN + Selected descriptors, ensemble=3)",Chemprop v2,train,402,C=CC[N+]1(C2CC3C4CCC5CC(O)C([NH+]6CCOCC6)CC5(C)C4CCC3(C)C2OC(C)=O)CCCC1,0.21,9.0356245,
tdc_vdss_lombardo,"Chemprop v2 (D-MPNN + Selected descriptors, ensemble=3)",Chemprop v2,train,403,C[NH+](C)CCCN1c2ccccc2CCc2cc(O)ccc21,6.6,5.069261,
tdc_vdss_lombardo,"Chemprop v2 (D-MPNN + Selected descriptors, ensemble=3)",Chemprop v2,train,404,NC(=O)N1c2ccccc2CC(O)c2ccccc21,0.72,3.2042887,
tdc_vdss_lombardo,"Chemprop v2 (D-MPNN + Selected descriptors, ensemble=3)",Chemprop v2,train,405,CC(CN1c2ccccc2CCc2ccccc21)C[NH+](C)C,16.0,5.8904757,
tdc_vdss_lombardo,"Chemprop v2 (D-MPNN + Selected descriptors, ensemble=3)",Chemprop v2,train,406,C[NH+](C)CCCN1c2ccccc2CCc2ccc(Cl)cc21,13.0,6.90927,
tdc_vdss_lombardo,"Chemprop v2 (D-MPNN + Selected descriptors, ensemble=3)",Chemprop v2,train,407,C[NH+](C)CCCN1c2ccccc2CCc2ccccc21,12.0,6.769996,
tdc_vdss_lombardo,"Chemprop v2 (D-MPNN + Selected descriptors, ensemble=3)",Chemprop v2,train,408,C[N+](C)([O-])CCCN1c2ccccc2CCc2ccccc21,1.9,2.6745875,
tdc_vdss_lombardo,"Chemprop v2 (D-MPNN + Selected descriptors, ensemble=3)",Chemprop v2,train,409,C[NH2+]CCCN1c2ccccc2CCc2ccccc21,15.0,9.4475355,
tdc_vdss_lombardo,"Chemprop v2 (D-MPNN + Selected descriptors, ensemble=3)",Chemprop v2,train,410,COC12CCC3(CC1C(C)(O)C(C)(C)C)C1Cc4ccc(O)c5c4C3(CC[NH+]1CC1CC1)C2O5,4.9,4.9888053,
tdc_vdss_lombardo,"Chemprop v2 (D-MPNN + Selected descriptors, ensemble=3)",Chemprop v2,train,411,CC(C)(C)[NH2+]CC(O)COc1nsnc1N1CCOCC1,1.5,2.6559327,
tdc_vdss_lombardo,"Chemprop v2 (D-MPNN + Selected descriptors, ensemble=3)",Chemprop v2,train,412,Cc1ccnc2c1NC(=O)c1cccnc1N2C1CC1,1.3,2.4641209,
tdc_vdss_lombardo,"Chemprop v2 (D-MPNN + Selected descriptors, ensemble=3)",Chemprop v2,train,413,C[NH+]1CCN2c3ncccc3Cc3ccccc3C2C1,4.2,7.3488235,
tdc_vdss_lombardo,"Chemprop v2 (D-MPNN + Selected descriptors, ensemble=3)",Chemprop v2,train,414,CCOC(=O)Nc1ccc(NCc2ccc(F)cc2)[nH+]c1N,1.1,2.8454125,
tdc_vdss_lombardo,"Chemprop v2 (D-MPNN + Selected descriptors, ensemble=3)",Chemprop v2,train,415,COc1cccc(C2(O)CCCCC2C[NH+](C)C)c1,2.8,1.8096331,
tdc_vdss_lombardo,"Chemprop v2 (D-MPNN + Selected descriptors, ensemble=3)",Chemprop v2,train,416,CN[C@H]1C(=O)N[C@@H]2Cc3ccc(cc3)Oc3cc4cc(c3O[C@@H]3O[C@H](C(=O)[O-])[C@@H](O)[C@H](O)[C@H]3NC(=O)CCCCCCCCC(C)C)Oc3ccc(cc3Cl)[C@@H](O)[C@@H]3NC(=O)[C@H](NC(=O)[C@@H]4NC(=O)[C@@H](NC2=O)c2cc(cc(O)c2Cl)Oc2cc1ccc2O)c1ccc(O)c(c1)-c1c(O[C@H]2O[C@H](CO)[C@@H](O)[C@H](O)[C@@H]2O)cc(O)cc1[C@@H](C(=O)NCCC[NH+](C)C)NC3=O,0.14,5.562851,
tdc_vdss_lombardo,"Chemprop v2 (D-MPNN + Selected descriptors, ensemble=3)",Chemprop v2,train,417,CC(C)[NH+](CCC(C(N)=O)(c1ccccc1)c1ccccn1)C(C)C,0.52,3.2697546,
tdc_vdss_lombardo,"Chemprop v2 (D-MPNN + Selected descriptors, ensemble=3)",Chemprop v2,train,418,C[NH+](C)CCC(c1ccc(Cl)cc1)c1ccccn1,3.3,5.1087556,
tdc_vdss_lombardo,"Chemprop v2 (D-MPNN + Selected descriptors, ensemble=3)",Chemprop v2,train,419,CO/N=C(/C(=O)NC1C(=O)N2C(C(=O)[O-])=C(C[n+]3cccc4c3CCC4)CSC12)c1csc(N)n1,0.24,2.3909657,
tdc_vdss_lombardo,"Chemprop v2 (D-MPNN + Selected descriptors, ensemble=3)",Chemprop v2,train,420,COc1cc2c(cc1O)CCNC21CSC2c3c(OC(C)=O)c(C)c4c(c3C(COC1=O)N1C(O)C3Cc5cc(C)c(OC)c(O)c5C(C21)[NH+]3C)OCO4,25.0,8.392087,
tdc_vdss_lombardo,"Chemprop v2 (D-MPNN + Selected descriptors, ensemble=3)",Chemprop v2,train,421,C/C=C(\C)C(=O)OC1C(OC(C)=O)C2(CO)C(O)CC3(C)C(=CCC4C5(C)CCC(OC6OC(C(=O)[O-])C(OC7OC(CO)C(O)C(O)C7O)C(O)C6OC6OC(CO)C(O)C(O)C6O)C(C)(CO)C5CCC43C)C2CC1(C)C,0.28,1.5906091,
tdc_vdss_lombardo,"Chemprop v2 (D-MPNN + Selected descriptors, ensemble=3)",Chemprop v2,train,422,C/C=C(/C)C(=O)OC1C(OC(C)=O)C2(CO)C(O)CC3(C)C(=CCC4C5(C)CCC(OC6OC(C(=O)[O-])C(OC7OC(CO)C(O)C(O)C7O)C(O)C6OC6OC(CO)C(O)C(O)C6O)C(C)(CO)C5CCC43C)C2CC1(C)C,0.23,1.5879256,
tdc_vdss_lombardo,"Chemprop v2 (D-MPNN + Selected descriptors, ensemble=3)",Chemprop v2,train,423,CCc1[nH]c(=O)[nH]c1C(=O)c1ccncc1,0.65,2.3539467,
tdc_vdss_lombardo,"Chemprop v2 (D-MPNN + Selected descriptors, ensemble=3)",Chemprop v2,train,424,C[NH+]1CCN(C2=Nc3cc(Cl)ccc3Nc3ccccc32)CC1,1.6,7.867781,
tdc_vdss_lombardo,"Chemprop v2 (D-MPNN + Selected descriptors, ensemble=3)",Chemprop v2,train,425,CC(C)(C)NC(=O)C1CCC2C3CC=C4C=C(C(=O)[O-])CCC4(C)C3CCC12C,0.54,1.3610734,
tdc_vdss_lombardo,"Chemprop v2 (D-MPNN + Selected descriptors, ensemble=3)",Chemprop v2,train,426,CC1(Cn2ccnn2)C(C(=O)[O-])N2C(=O)CC2S1(=O)=O,0.26,0.54111105,
tdc_vdss_lombardo,"Chemprop v2 (D-MPNN + Selected descriptors, ensemble=3)",Chemprop v2,train,427,COCC(=O)OC1(CC[NH+](C)CCCc2nc3ccccc3[nH]2)CCc2cc(F)ccc2C1C(C)C,3.1,7.6818633,
tdc_vdss_lombardo,"Chemprop v2 (D-MPNN + Selected descriptors, ensemble=3)",Chemprop v2,train,428,CCC(C)C(=O)OC1CC(O)C=C2C=CC(C)C(CCC(O)CC(O)CC(=O)[O-])C21,0.46,2.4511163,
tdc_vdss_lombardo,"Chemprop v2 (D-MPNN + Selected descriptors, ensemble=3)",Chemprop v2,train,429,CCC(C)C(=O)OC1CC(C)C=C2C=CC(C)C(CCC(O)CC(O)CC(=O)[O-])C21,0.87,0.9322553,
tdc_vdss_lombardo,"Chemprop v2 (D-MPNN + Selected descriptors, ensemble=3)",Chemprop v2,train,430,C[NH2+]C(CC(C)C)C(=O)NC1C(=O)NC(CC(N)=O)C(=O)NC2C(=O)NC3C(=O)NC(C(=O)NC(C(=O)[O-])c4cc(O)cc(O)c4-c4cc3ccc4O)C(O)c3ccc(c(Cl)c3)Oc3cc2cc(c3OC2OC(CO)C(O)C(O)C2OC2CC(C)([NH3+])C(O)C(C)O2)Oc2ccc(cc2Cl)C1O,0.54,2.468879,
tdc_vdss_lombardo,"Chemprop v2 (D-MPNN + Selected descriptors, ensemble=3)",Chemprop v2,train,431,CCCCCCCCCC[NH2+]CCN[C@@]1(C)C[C@H](O[C@H]2[C@H](Oc3c4cc5cc3Oc3ccc(cc3Cl)[C@@H](O)[C@@H](NC(=O)[C@@H](CC(C)C)[NH2+]C)C(=O)N[C@@H](CC(N)=O)C(=O)N[C@H]5C(=O)N[C@H]3C(=O)N[C@H](C(=O)N[C@H](C(=O)[O-])c5cc(O)c(C[NH2+]CP(=O)([O-])[O-])c(O)c5-c5cc3ccc5O)[C@H](O)c3ccc(c(Cl)c3)O4)O[C@H](CO)[C@@H](O)[C@@H]2O)O[C@@H](C)[C@H]1O,0.11,4.3961873,
tdc_vdss_lombardo,"Chemprop v2 (D-MPNN + Selected descriptors, ensemble=3)",Chemprop v2,train,432,COc1ccccc1Oc1c([N-]S(=O)(=O)c2ccc(C)cn2)nc(-c2ccnc(-c3nnn[n-]3)c2)nc1OCCO,0.23,2.5045207,
tdc_vdss_lombardo,"Chemprop v2 (D-MPNN + Selected descriptors, ensemble=3)",Chemprop v2,train,433,COc1ccccc1Oc1c([N-]S(=O)(=O)c2ccc(C(C)C)cn2)nc(-c2ccnc(-c3nnn[n-]3)c2)nc1OCCO,0.28,3.0966094,
tdc_vdss_lombardo,"Chemprop v2 (D-MPNN + Selected descriptors, ensemble=3)",Chemprop v2,train,434,Cc1nnc(SCC2=C(C(=O)[O-])N3C(=O)C(NC(=O)Cn4cnnn4)C3SC2)s1,0.12,0.515347,
tdc_vdss_lombardo,"Chemprop v2 (D-MPNN + Selected descriptors, ensemble=3)",Chemprop v2,train,435,COc1cc2c(cc1OC)C[NH+](CCc1ccc(NC(=O)c3cc(OC)c(OC)cc3NC(=O)c3cnc4ccccc4c3)cc1)CC2,6.4,5.1473575,
tdc_vdss_lombardo,"Chemprop v2 (D-MPNN + Selected descriptors, ensemble=3)",Chemprop v2,train,436,C[NH+](C)C/C=C(/c1ccc(Br)cc1)c1cccnc1,6.8,6.8376937,
tdc_vdss_lombardo,"Chemprop v2 (D-MPNN + Selected descriptors, ensemble=3)",Chemprop v2,train,437,COC(=O)C1=C(C)NC(C)=C(C(=O)OC)C1c1ccccc1[N+](=O)[O-],0.79,0.28866544,
tdc_vdss_lombardo,"Chemprop v2 (D-MPNN + Selected descriptors, ensemble=3)",Chemprop v2,train,438,COCCOC(=O)C1=C(C)NC(C)=C(C(=O)OC(C)C)C1c1cccc([N+](=O)[O-])c1,1.1,1.4059219,
tdc_vdss_lombardo,"Chemprop v2 (D-MPNN + Selected descriptors, ensemble=3)",Chemprop v2,train,439,COC(=O)C1=C(C)NC(C)=C(C(=O)OCC(C)C)C1c1ccccc1[N+](=O)[O-],5.5,-0.5164078,
tdc_vdss_lombardo,"Chemprop v2 (D-MPNN + Selected descriptors, ensemble=3)",Chemprop v2,train,440,CCOC(=O)C1=C(C)NC(C)=C(C(=O)OC)C1c1cccc([N+](=O)[O-])c1,6.1,1.8446937,
tdc_vdss_lombardo,"Chemprop v2 (D-MPNN + Selected descriptors, ensemble=3)",Chemprop v2,train,441,CCCC(=O)OCOC(=O)C1=C(C)NC(C)=C(C(=O)OC)C1c1cccc(Cl)c1Cl,0.58,0.31106615,
tdc_vdss_lombardo,"Chemprop v2 (D-MPNN + Selected descriptors, ensemble=3)",Chemprop v2,train,442,CCOC(=O)C1=C(C)NC(C)=C(C(=O)OC)C1c1cccc(Cl)c1Cl,4.4,1.4878373,
tdc_vdss_lombardo,"Chemprop v2 (D-MPNN + Selected descriptors, ensemble=3)",Chemprop v2,train,443,CCOC(=O)C1=C(COCC[NH3+])NC(C)=C(C(=O)OC)C1c1ccccc1Cl,17.0,3.233514,
tdc_vdss_lombardo,"Chemprop v2 (D-MPNN + Selected descriptors, ensemble=3)",Chemprop v2,train,444,CC(=O)O[C@H]1C(=O)[C@]23C[C@H]2C[C@H]2OC[C@@]2(OC(C)=O)[C@H]3[C@H](OC(=O)c2ccccc2)[C@]2(O)C[C@H](OC(=O)[C@H](O)[C@@H](NC(=O)OC(C)(C)C)c3ccccc3)C(C)=C1C2(C)C,12.0,6.15354,
tdc_vdss_lombardo,"Chemprop v2 (D-MPNN + Selected descriptors, ensemble=3)",Chemprop v2,train,445,CC(=O)O[C@H]1C(=O)[C@]23C[C@H]2C[C@H]2OC[C@@]2(OC(C)=O)[C@H]3[C@H](OC(=O)c2ccccc2)[C@]2(O)C[C@H](OC(=O)[C@H](O)[C@@H](NC(=O)OC(C)(C)C)c3ccccc3)C(C)=C1C2(C)C,17.0,6.15354,
tdc_vdss_lombardo,"Chemprop v2 (D-MPNN + Selected descriptors, ensemble=3)",Chemprop v2,train,446,c1cc2c(c(N3CC[NH2+]CC3)c1)OCCO2,3.6,3.7972896,
tdc_vdss_lombardo,"Chemprop v2 (D-MPNN + Selected descriptors, ensemble=3)",Chemprop v2,train,447,[NH3+]CCCNc1ccc2c(C[NH2+]CCO)nn3c4c(O)ccc(O)c4c(=O)c1c23,12.0,8.257951,
tdc_vdss_lombardo,"Chemprop v2 (D-MPNN + Selected descriptors, ensemble=3)",Chemprop v2,train,448,Nc1nc(=O)c2c([nH]1)NCC(CNc1ccc(C(=O)NC(CCC(=O)[O-])C(=O)[O-])cc1)N2C=O,0.25,4.368447,
tdc_vdss_lombardo,"Chemprop v2 (D-MPNN + Selected descriptors, ensemble=3)",Chemprop v2,train,449,Nc1nc(=O)c2c([nH]1)NCC(CNc1ccc(C(=O)NC(CCC(=O)[O-])C(=O)[O-])cc1)N2C=O,0.27,4.368447,
tdc_vdss_lombardo,"Chemprop v2 (D-MPNN + Selected descriptors, ensemble=3)",Chemprop v2,train,450,CC(=O)Nc1ccc(C2=NNC(=O)CC2C)cc1,2.38,2.2076035,
tdc_vdss_lombardo,"Chemprop v2 (D-MPNN + Selected descriptors, ensemble=3)",Chemprop v2,train,451,CC1CC(=O)NN=C1c1ccc([N-]N=C(C#N)C#N)cc1,0.24,1.5915962,
tdc_vdss_lombardo,"Chemprop v2 (D-MPNN + Selected descriptors, ensemble=3)",Chemprop v2,train,452,COc1c(N2CC(C)CC([NH3+])C2)ccc2c(=O)c(C(=O)[O-])cn(C3CC3)c12,1.9,2.2090714,
tdc_vdss_lombardo,"Chemprop v2 (D-MPNN + Selected descriptors, ensemble=3)",Chemprop v2,train,453,OCCN(CCO)c1nc(N2CCCCC2)c2[nH+]c(N(CCO)CCO)nc(N3CCCCC3)c2n1,0.82,4.6827617,
tdc_vdss_lombardo,"Chemprop v2 (D-MPNN + Selected descriptors, ensemble=3)",Chemprop v2,train,454,CC(C)(C)c1cnc(CSc2cnc(NC(=O)C3CC[NH2+]CC3)s2)o1,5.14,3.612051,
tdc_vdss_lombardo,"Chemprop v2 (D-MPNN + Selected descriptors, ensemble=3)",Chemprop v2,train,455,Cc1ccc(-c2nc3ccc(C)cn3c2CC(=O)N(C)C)cc1,0.54,3.1585844,
tdc_vdss_lombardo,"Chemprop v2 (D-MPNN + Selected descriptors, ensemble=3)",Chemprop v2,train,456,CCOc1ncc(S(=O)(=O)N2CC[NH+](CC)CC2)cc1-c1nc(=O)c2nn(CCOC)c(CC)c2[n-]1,2.4,6.060396,
tdc_vdss_lombardo,"Chemprop v2 (D-MPNN + Selected descriptors, ensemble=3)",Chemprop v2,train,457,Cc1ccc(C(=O)c2cc(O)c([O-])c([N+](=O)[O-])c2)cc1,0.12,0.70013946,
tdc_vdss_lombardo,"Chemprop v2 (D-MPNN + Selected descriptors, ensemble=3)",Chemprop v2,train,458,CC(C(=O)[O-])c1cccc(C(=O)c2ccccc2)c1,0.13,0.06401348,
tdc_vdss_lombardo,"Chemprop v2 (D-MPNN + Selected descriptors, ensemble=3)",Chemprop v2,train,459,Nc1c(CC(=O)[O-])cccc1C(=O)c1ccc(Br)cc1,0.11,0.15220475,
tdc_vdss_lombardo,"Chemprop v2 (D-MPNN + Selected descriptors, ensemble=3)",Chemprop v2,train,460,CCCCCOc1ccc(-c2cc(-c3ccc(C(=O)NC4CC(O)C(O)NC(=O)C5C(O)C(C)CN5C(=O)C(C(O)CC(N)=O)NC(=O)C(C(O)C(O)c5ccc(O)c(OS(=O)(=O)[O-])c5)NC(=O)C5CC(O)CN5C(=O)C(C(C)O)NC4=O)cc3)no2)cc1,0.21,7.845309,
tdc_vdss_lombardo,"Chemprop v2 (D-MPNN + Selected descriptors, ensemble=3)",Chemprop v2,train,461,CC(C)C(=O)OCC(=O)C12OC(C3CCCCC3)OC1CC1C3CCC4=CC(=O)C=CC4(C)C3C(O)CC12C,2.9,2.952383,
tdc_vdss_lombardo,"Chemprop v2 (D-MPNN + Selected descriptors, ensemble=3)",Chemprop v2,train,462,O=C1c2cccc3cccc(c23)C(=O)N1CCNCCCNCCN1C(=O)c2cccc3cccc(c23)C1=O,12.0,8.028933,
tdc_vdss_lombardo,"Chemprop v2 (D-MPNN + Selected descriptors, ensemble=3)",Chemprop v2,train,463,CCC1C[NH+]2CCC1CC2C(O)c1ccnc2ccc(OC)cc12,2.8,4.031053,
tdc_vdss_lombardo,"Chemprop v2 (D-MPNN + Selected descriptors, ensemble=3)",Chemprop v2,train,464,C=CC1C[NH+]2CCC1CC2C(O)c1ccnc2ccc(OC)cc12,2.9,5.861782,
tdc_vdss_lombardo,"Chemprop v2 (D-MPNN + Selected descriptors, ensemble=3)",Chemprop v2,train,465,C=CC1C[NH+]2CCC1CC2C(O)c1ccnc2ccc(OC)cc12,1.8,5.861782,
tdc_vdss_lombardo,"Chemprop v2 (D-MPNN + Selected descriptors, ensemble=3)",Chemprop v2,train,466,CCC1(O)C[NH+]2CCC1CC2C(O)c1ccnc2ccc(OC)cc12,6.8,6.8158555,
tdc_vdss_lombardo,"Chemprop v2 (D-MPNN + Selected descriptors, ensemble=3)",Chemprop v2,train,467,O=C(NCC[NH2+]CC(O)COc1ccc(O)cc1)N1CCOCC1,0.64,3.2617018,
tdc_vdss_lombardo,"Chemprop v2 (D-MPNN + Selected descriptors, ensemble=3)",Chemprop v2,train,468,COC(=O)c1cnc2n1CCc1ccccc1C2=C1CC[NH+](CCc2ccc(OCc3ccc4ccccc4n3)cc2)CC1,6.03,6.429728,
tdc_vdss_lombardo,"Chemprop v2 (D-MPNN + Selected descriptors, ensemble=3)",Chemprop v2,train,469,Nc1nc(/C(=N\O)C(=O)NC2C(=O)N3C(C(=O)[O-])=C(/C=C4\CCN(C5CC[NH2+]C5)C4=O)CSC23)ns1,0.27,1.6924139,
tdc_vdss_lombardo,"Chemprop v2 (D-MPNN + Selected descriptors, ensemble=3)",Chemprop v2,train,470,O=c1ccc2ccccc2o1,1.1,1.6472291,
tdc_vdss_lombardo,"Chemprop v2 (D-MPNN + Selected descriptors, ensemble=3)",Chemprop v2,train,471,CC(C)=CCN1Cc2cc(Cl)cc3[nH]c(=S)n(c23)C[C@@H]1C,21.98,6.0048566,
tdc_vdss_lombardo,"Chemprop v2 (D-MPNN + Selected descriptors, ensemble=3)",Chemprop v2,train,472,COCCCOc1ccnc(CS(=O)c2nc3ccccc3[nH]2)c1C,0.22,2.9411907,
tdc_vdss_lombardo,"Chemprop v2 (D-MPNN + Selected descriptors, ensemble=3)",Chemprop v2,train,473,COc1ccnc(CS(=O)c2nc3ccc(OC(F)F)cc3[nH]2)c1OC,0.17,4.9020867,
tdc_vdss_lombardo,"Chemprop v2 (D-MPNN + Selected descriptors, ensemble=3)",Chemprop v2,train,474,Cc1c(OCC(F)(F)F)ccnc1CS(=O)c1nc2ccccc2[nH]1,0.28,3.5476456,
tdc_vdss_lombardo,"Chemprop v2 (D-MPNN + Selected descriptors, ensemble=3)",Chemprop v2,train,475,COc1ccc2nc(S(=O)Cc3ncc(C)c(OC)c3C)[nH]c2c1,0.24,2.5503976,
tdc_vdss_lombardo,"Chemprop v2 (D-MPNN + Selected descriptors, ensemble=3)",Chemprop v2,train,476,COc1ccc2nc(S(=O)Cc3ncc(C)c(OC)c3C)[nH]c2c1,0.2,2.5503976,
tdc_vdss_lombardo,"Chemprop v2 (D-MPNN + Selected descriptors, ensemble=3)",Chemprop v2,train,477,CCCc1nn(C)c2c(=O)[nH]c(-c3cc(S(=O)(=O)N4CC[NH+](C)CC4)ccc3OCC)nc12,1.36,6.78812,
tdc_vdss_lombardo,"Chemprop v2 (D-MPNN + Selected descriptors, ensemble=3)",Chemprop v2,train,478,CCC1(C)NC(=O)C(Cc2cccs2)NC(=O)C(Cc2ccccc2)NC(=O)CCCSCC(C(=O)N2CC(O)CC2C(=O)NC(CCCNC(N)=[NH2+])C(=O)NCC(N)=O)NC(=O)C(CC(N)=O)NC1=O,0.31,0.033695698,
tdc_vdss_lombardo,"Chemprop v2 (D-MPNN + Selected descriptors, ensemble=3)",Chemprop v2,train,479,O=C1CN(/N=C/c2ccc([N+](=O)[O-])o2)C(=O)[N-]1,0.57,2.5282028,
tdc_vdss_lombardo,"Chemprop v2 (D-MPNN + Selected descriptors, ensemble=3)",Chemprop v2,train,480,CCOC(=O)C1(c2ccccc2)CC[NH+](C)CC1,2.3,3.4163668,
tdc_vdss_lombardo,"Chemprop v2 (D-MPNN + Selected descriptors, ensemble=3)",Chemprop v2,train,481,CCC(=O)C1(c2cccc(O)c2)CC[NH+](C)CC1,0.48,2.4474351,
tdc_vdss_lombardo,"Chemprop v2 (D-MPNN + Selected descriptors, ensemble=3)",Chemprop v2,train,482,CN(C)CCCNC(=O)/C(=C/CCCCC(=O)NO)COc1cccc2ccccc12,0.45,5.444226,
tdc_vdss_lombardo,"Chemprop v2 (D-MPNN + Selected descriptors, ensemble=3)",Chemprop v2,train,483,CC(C)[NH2+]CC(O)COc1cccc2ccccc12,3.1,1.1088243,
tdc_vdss_lombardo,"Chemprop v2 (D-MPNN + Selected descriptors, ensemble=3)",Chemprop v2,train,484,CCC(C(C)O)n1ncn(-c2ccc(N3CCN(c4ccc(OCC5COC(Cn6cncn6)(c6ccc(F)cc6F)C5)cc4)CC3)cc2)c1=O,3.8,8.648786,
tdc_vdss_lombardo,"Chemprop v2 (D-MPNN + Selected descriptors, ensemble=3)",Chemprop v2,train,485,Cc1noc([N-]S(=O)(=O)c2ccc(N)cc2)c1C,0.17,1.1133367,
tdc_vdss_lombardo,"Chemprop v2 (D-MPNN + Selected descriptors, ensemble=3)",Chemprop v2,train,486,CCOc1cc(Cc2cnc(N)nc2N)cc(OCC)c1-n1cccc1,2.5,1.5643597,
tdc_vdss_lombardo,"Chemprop v2 (D-MPNN + Selected descriptors, ensemble=3)",Chemprop v2,train,487,CN(C)CC(Oc1ccccc1)Oc1ccccc1,2.8,1.7741867,
tdc_vdss_lombardo,"Chemprop v2 (D-MPNN + Selected descriptors, ensemble=3)",Chemprop v2,train,488,C=C1CC2CCC34CC5OC6C(OC7CCC(CC(=O)CC8C(CC9OC(CCC1O2)CC(C)C9=C)OC(CC(O)C[NH3+])C8OC)OC7C6O3)C5O4,1.46,2.7957356,
tdc_vdss_lombardo,"Chemprop v2 (D-MPNN + Selected descriptors, ensemble=3)",Chemprop v2,train,489,Cc1nc2n(c(=O)c1CC[NH+]1CCC(c3noc4cc(F)ccc34)CC1)CCCC2,1.1,9.8293295,
tdc_vdss_lombardo,"Chemprop v2 (D-MPNN + Selected descriptors, ensemble=3)",Chemprop v2,train,490,CCc1c2c(nc3ccc(OC(=O)N4CCC([NH+]5CCCCC5)CC4)cc13)-c1cc3c(c(=O)n1C2)COC(=O)C3(O)CC,3.5,4.2334285,
tdc_vdss_lombardo,"Chemprop v2 (D-MPNN + Selected descriptors, ensemble=3)",Chemprop v2,train,491,CCOC(=O)C(CCc1ccccc1)NC(C)C(=O)N1CC2(CC1C(=O)[O-])SCCS2,0.43,5.1730986,
tdc_vdss_lombardo,"Chemprop v2 (D-MPNN + Selected descriptors, ensemble=3)",Chemprop v2,train,492,COC1(NC(=O)C2SC(=C(C(N)=O)C(=O)[O-])S2)C(=O)N2C(C(=O)[O-])=C(CSc3nnnn3C)CSC21,0.13,2.767965,
tdc_vdss_lombardo,"Chemprop v2 (D-MPNN + Selected descriptors, ensemble=3)",Chemprop v2,train,493,O=C([O-])CCCC[NH+](CCc1ccccc1OCc1ccc(CCc2ccccc2)cc1)Cc1ccc(C(=O)[O-])cc1,0.24,7.3270392,
tdc_vdss_lombardo,"Chemprop v2 (D-MPNN + Selected descriptors, ensemble=3)",Chemprop v2,train,494,CCC1OC(=O)C(C)C(OC2CC(C)(OC)C(O)C(C)O2)C(C)C(OC2OC(C)CC([NH+](C)C)C2O)C(C)(O)CC(C)C[NH+](C)C(C)C(O)C1(C)O,33.0,6.960867,
tdc_vdss_lombardo,"Chemprop v2 (D-MPNN + Selected descriptors, ensemble=3)",Chemprop v2,train,495,COc1ccc(CC[NH+](C)CCCN2Cc3cc(OC)c(OC)cc3C2=O)cc1OC,2.4,5.129619,
tdc_vdss_lombardo,"Chemprop v2 (D-MPNN + Selected descriptors, ensemble=3)",Chemprop v2,train,496,Cc1nc(=O)c2cc(CN(C)c3ccc(C(=O)NC(CCC(=O)[O-])C(=O)[O-])s3)ccc2[nH]1,6.57,4.0527263,
tdc_vdss_lombardo,"Chemprop v2 (D-MPNN + Selected descriptors, ensemble=3)",Chemprop v2,train,497,CC(C)(C)C1(O)CC2OC(=O)CC23C(=O)OC2OC(=O)C(O)C231,2.5,4.1391478,
tdc_vdss_lombardo,"Chemprop v2 (D-MPNN + Selected descriptors, ensemble=3)",Chemprop v2,train,498,CCCc1nc(C)c2c(=O)[nH]c(-c3cc(S(=O)(=O)N4CC[NH+](CC)CC4)ccc3OCC)nn12,3.0,3.4450333,
tdc_vdss_lombardo,"Chemprop v2 (D-MPNN + Selected descriptors, ensemble=3)",Chemprop v2,train,499,CO/N=C(\C(=O)NC1C(=O)N2C(C(=O)[O-])=C(COC(N)=O)CSC12)c1ccco1,0.15,2.1420844,
tdc_vdss_lombardo,"Chemprop v2 (D-MPNN + Selected descriptors, ensemble=3)",Chemprop v2,train,500,CC1=C(C/C=C(\C)CCCC(C)CCCC(C)CCCC(C)C)C(=O)c2ccccc2C1=O,0.32,5.326308,
tdc_vdss_lombardo,"Chemprop v2 (D-MPNN + Selected descriptors, ensemble=3)",Chemprop v2,train,501,CC(C)(C)C(NC(=O)C(CC1CCCC1)CN(O)C=O)C(=O)N1CCN(Cc2ccc3c(c2)OCO3)CC1,1.1,3.6684062,
tdc_vdss_lombardo,"Chemprop v2 (D-MPNN + Selected descriptors, ensemble=3)",Chemprop v2,train,502,CCC1C(=O)N(C)c2cnc(Nc3ccc(C(=O)NC4CC[NH+](C)CC4)cc3OC)nc2N1C1CCCC1,31.2,8.733804,
tdc_vdss_lombardo,"Chemprop v2 (D-MPNN + Selected descriptors, ensemble=3)",Chemprop v2,train,503,NC(=O)C(c1ccccc1)(c1ccccc1)C1CC[NH+](CCc2ccc3c(c2)CCO3)C1,2.6,4.8718476,
tdc_vdss_lombardo,"Chemprop v2 (D-MPNN + Selected descriptors, ensemble=3)",Chemprop v2,train,504,CCC(=O)NCCC1CCc2ccc3c(c21)CCO3,1.05,1.9553143,
tdc_vdss_lombardo,"Chemprop v2 (D-MPNN + Selected descriptors, ensemble=3)",Chemprop v2,train,505,c1ccc(C2(c3ccccc3)CC2C2=[NH+]CCN2)cc1,4.1,4.798907,
tdc_vdss_lombardo,"Chemprop v2 (D-MPNN + Selected descriptors, ensemble=3)",Chemprop v2,train,506,CC(=O)OC1C(=O)C2(C)C(O)CC3OCC3(OC(C)=O)C2C(OC(=O)c2ccccc2)C23OC(=O)OC2C(OC(=O)C(O)C(CC(C)C)NC(=O)OC(C)(C)C)C(C)=C1C3(C)C,13.83,4.151589,
tdc_vdss_lombardo,"Chemprop v2 (D-MPNN + Selected descriptors, ensemble=3)",Chemprop v2,train,507,Nc1n[n+]([O-])c2ccccc2[n+]1[O-],0.56,3.8569775,
tdc_vdss_lombardo,"Chemprop v2 (D-MPNN + Selected descriptors, ensemble=3)",Chemprop v2,train,508,CCc1cccc2cc(C(O)C[NH2+]C(C)(C)C)oc12,1.7,1.5699717,
tdc_vdss_lombardo,"Chemprop v2 (D-MPNN + Selected descriptors, ensemble=3)",Chemprop v2,train,509,C=CCC1/C=C(\C)CC(C)CC(OC)C2OC(O)(C(=O)C(=O)N3CCCCC3C(=O)OC(/C(C)=C/C3CCC(O)C(OC)C3)C(C)C(O)CC1=O)C(C)CC2OC,1.2,7.6494317,
tdc_vdss_lombardo,"Chemprop v2 (D-MPNN + Selected descriptors, ensemble=3)",Chemprop v2,train,510,COc1ccc(C2Sc3ccccc3N(CC[NH+](C)C)C(=O)C2OC(C)=O)cc1,4.1,5.3411903,
tdc_vdss_lombardo,"Chemprop v2 (D-MPNN + Selected descriptors, ensemble=3)",Chemprop v2,train,511,COc1ccc(C2Sc3cc(Cl)ccc3N(CC[NH+](C)C)C(=O)C2OC(C)=O)cc1,9.7,5.6754966,
tdc_vdss_lombardo,"Chemprop v2 (D-MPNN + Selected descriptors, ensemble=3)",Chemprop v2,train,512,CC1C(=O)OC2CC34C5CC(C(C)(C)C)C36C(OC(=O)C6O)OC4(C(=O)O5)C21O,0.62,3.4283648,
tdc_vdss_lombardo,"Chemprop v2 (D-MPNN + Selected descriptors, ensemble=3)",Chemprop v2,train,513,CC1C(=O)OC2C(O)C34C5CC(C(C)(C)C)C36C(OC(=O)C6O)OC4(C(=O)O5)C12O,0.91,2.324445,
tdc_vdss_lombardo,"Chemprop v2 (D-MPNN + Selected descriptors, ensemble=3)",Chemprop v2,train,514,NC(=O)C1CCC2CN1C(=O)N2OS(=O)(=O)[O-],0.24,1.1591512,
tdc_vdss_lombardo,"Chemprop v2 (D-MPNN + Selected descriptors, ensemble=3)",Chemprop v2,train,515,CN1CCc2nc(C(=O)N[C@@H]3C[C@@H](C(=O)N(C)C)CC[C@@H]3NC(=O)C(=O)Nc3ccc(Cl)cn3)sc2C1,1.53,3.2417583,
tdc_vdss_lombardo,"Chemprop v2 (D-MPNN + Selected descriptors, ensemble=3)",Chemprop v2,train,516,[NH3+]C1CCN(c2c(F)cc3c(=O)c(C(=O)[O-])cn(C4CC4)c3c2Cl)C1,1.9,2.149362,
tdc_vdss_lombardo,"Chemprop v2 (D-MPNN + Selected descriptors, ensemble=3)",Chemprop v2,train,517,C[NH+]1C2CCC1CC(OC(=O)C(CO)c1ccccc1)C2,3.3,4.7935166,
tdc_vdss_lombardo,"Chemprop v2 (D-MPNN + Selected descriptors, ensemble=3)",Chemprop v2,train,518,CC(C)[N+]1(C)C2CCC1CC(OC(=O)C(CO)c1ccccc1)C2,5.1,3.718251,
tdc_vdss_lombardo,"Chemprop v2 (D-MPNN + Selected descriptors, ensemble=3)",Chemprop v2,train,519,CCC[NH2+]C(C)C(=O)Nc1c(C)csc1C(=O)OC,7.7,2.5878966,
tdc_vdss_lombardo,"Chemprop v2 (D-MPNN + Selected descriptors, ensemble=3)",Chemprop v2,train,520,N#CC1CC2CC2N1C(=O)C(N)C12CC3CC(CC(O)(C3)C1)C2,1.8,4.7126126,
tdc_vdss_lombardo,"Chemprop v2 (D-MPNN + Selected descriptors, ensemble=3)",Chemprop v2,train,521,Cn1cc[nH]c1=S,0.86,2.4910762,
tdc_vdss_lombardo,"Chemprop v2 (D-MPNN + Selected descriptors, ensemble=3)",Chemprop v2,train,522,CC(=O)NCC1CN(c2ccc(N3CCOCC3)c(F)c2)C(=O)O1,0.58,2.762308,
tdc_vdss_lombardo,"Chemprop v2 (D-MPNN + Selected descriptors, ensemble=3)",Chemprop v2,train,523,NC(=[NH2+])N1CCCC(CNC(=O)CC(NS(=O)(=O)c2ccc3ccccc3c2)C(=O)N(CC(=O)[O-])C2CC2)C1,0.36,3.0772893,
tdc_vdss_lombardo,"Chemprop v2 (D-MPNN + Selected descriptors, ensemble=3)",Chemprop v2,train,524,CCC(O)C(C)C1OC1CC(C)(O)/C=C\C=C(/C)C1OC(=O)CC(O)CCC(C)(O)C(OC(=O)N2CC[NH+](C3CCCCCC3)CC2)/C=C/C1C,10.1,4.941565,
tdc_vdss_lombardo,"Chemprop v2 (D-MPNN + Selected descriptors, ensemble=3)",Chemprop v2,train,525,O=C(Cc1cccs1)NC1C(=O)N2C(C(=O)[O-])=C(C[n+]3ccccc3)CSC12,0.46,3.593525,
tdc_vdss_lombardo,"Chemprop v2 (D-MPNN + Selected descriptors, ensemble=3)",Chemprop v2,train,526,CNC(=O)C(c1ccccc1)N1CCc2cc(OC)c(OC)cc2C1CCc1ccc(C(F)(F)F)cc1,9.75,3.6108768,
tdc_vdss_lombardo,"Chemprop v2 (D-MPNN + Selected descriptors, ensemble=3)",Chemprop v2,train,527,O/N=C/c1cc[n+](COC[n+]2ccc(/C=N/O)cc2)cc1,0.17,2.8362796,
tdc_vdss_lombardo,"Chemprop v2 (D-MPNN + Selected descriptors, ensemble=3)",Chemprop v2,train,528,C[N+]1(CC2CC2)CCC23c4c5ccc(O)c4OC2C(=O)CCC3(O)C1C5,2.6,5.131401,
tdc_vdss_lombardo,"Chemprop v2 (D-MPNN + Selected descriptors, ensemble=3)",Chemprop v2,train,529,CC1=C(C(=O)[O-])N2C(=O)C(NC(=O)C([NH3+])C3=CCC=CC3)C2SC1,0.21,1.0810667,
tdc_vdss_lombardo,"Chemprop v2 (D-MPNN + Selected descriptors, ensemble=3)",Chemprop v2,train,530,CCC1(O)C(=O)OCc2c1cc1n(c2=O)Cc2c-1nc1cc3c(cc1c2CN1CC[NH+](C)CC1)OCCO3,4.77,7.3952827,
tdc_vdss_lombardo,"Chemprop v2 (D-MPNN + Selected descriptors, ensemble=3)",Chemprop v2,train,531,O=C1CN=C(c2ccccc2)c2cc(Cl)ccc2N1,0.45,1.2249238,
tdc_vdss_lombardo,"Chemprop v2 (D-MPNN + Selected descriptors, ensemble=3)",Chemprop v2,train,532,O=C1Nc2ccc(Cl)cc2C(c2ccccc2)=NC1O,0.59,0.4735845,
tdc_vdss_lombardo,"Chemprop v2 (D-MPNN + Selected descriptors, ensemble=3)",Chemprop v2,train,533,CN1C(=O)CN=C(c2ccccc2F)c2cc([N+](=O)[O-])ccc21,1.9,3.7992518,
tdc_vdss_lombardo,"Chemprop v2 (D-MPNN + Selected descriptors, ensemble=3)",Chemprop v2,train,534,O=C1CN=C(c2ccccc2Cl)c2cc(Br)ccc2N1,6.23,2.676829,
tdc_vdss_lombardo,"Chemprop v2 (D-MPNN + Selected descriptors, ensemble=3)",Chemprop v2,train,535,O=C1CN=C(c2ccccc2)c2cc([N+](=O)[O-])ccc2N1,1.7,0.5546121,
tdc_vdss_lombardo,"Chemprop v2 (D-MPNN + Selected descriptors, ensemble=3)",Chemprop v2,train,536,CN1C(=O)CN=C(c2ccccc2)c2cc(Cl)ccc21,1.0,2.564144,
tdc_vdss_lombardo,"Chemprop v2 (D-MPNN + Selected descriptors, ensemble=3)",Chemprop v2,train,537,O=C1Nc2ccc(Cl)cc2C(c2ccccc2Cl)=NC1O,1.3,0.7911537,
tdc_vdss_lombardo,"Chemprop v2 (D-MPNN + Selected descriptors, ensemble=3)",Chemprop v2,train,538,O=C([O-])C1N=C(c2ccccc2)c2cc(Cl)ccc2NC1=O,0.2,0.4808867,
tdc_vdss_lombardo,"Chemprop v2 (D-MPNN + Selected descriptors, ensemble=3)",Chemprop v2,train,539,CN1C(=O)C(O)N=C(c2ccccc2Cl)c2cc(Cl)ccc21,1.6,2.1078725,
tdc_vdss_lombardo,"Chemprop v2 (D-MPNN + Selected descriptors, ensemble=3)",Chemprop v2,train,540,O=C1CN=C(c2ccccc2Cl)c2cc([N+](=O)[O-])ccc2N1,2.9,0.7016738,
tdc_vdss_lombardo,"Chemprop v2 (D-MPNN + Selected descriptors, ensemble=3)",Chemprop v2,train,541,O=C1CN=C(c2ccccc2Cl)c2cc(Cl)ccc2N1,2.2,1.3787578,
tdc_vdss_lombardo,"Chemprop v2 (D-MPNN + Selected descriptors, ensemble=3)",Chemprop v2,train,542,Cc1nnc(SCC2=C(C(=O)[O-])N3C(=O)C(NC(=O)Cn4cc(Cl)c(=O)c(Cl)c4)C3SC2)s1,0.13,2.7705395,
tdc_vdss_lombardo,"Chemprop v2 (D-MPNN + Selected descriptors, ensemble=3)",Chemprop v2,train,543,Cc1c(C)c2ccc(OCCC[NH+]3CCN(Cc4ccc(Cl)cc4)CC3)cc2oc1=O,1.3,3.1535904,
tdc_vdss_lombardo,"Chemprop v2 (D-MPNN + Selected descriptors, ensemble=3)",Chemprop v2,train,544,CCC[NH2+]C1CCc2nc(N)sc2C1,7.0,4.26524,
tdc_vdss_lombardo,"Chemprop v2 (D-MPNN + Selected descriptors, ensemble=3)",Chemprop v2,train,545,C[NH+]1C2CCC1CC(OC(=O)c1c[nH]c3ccccc13)C2,9.7,4.244039,
tdc_vdss_lombardo,"Chemprop v2 (D-MPNN + Selected descriptors, ensemble=3)",Chemprop v2,train,546,CC1(C)SC2C(NC(=O)C(NC(=O)c3cnc4cccnc4c3[O-])c3ccccc3)C(=O)N2C1C(=O)[O-],0.16,0.5001312,
tdc_vdss_lombardo,"Chemprop v2 (D-MPNN + Selected descriptors, ensemble=3)",Chemprop v2,train,547,O=C(/C=C/c1c(C(=O)[O-])[nH]c2cc(Cl)cc(Cl)c12)Nc1ccccc1,0.12,4.3970776,
tdc_vdss_lombardo,"Chemprop v2 (D-MPNN + Selected descriptors, ensemble=3)",Chemprop v2,train,548,Cc1cnc([N-]C(=O)C2=C([O-])c3ccccc3S(=O)(=O)N2C)s1,0.15,1.6418625,
tdc_vdss_lombardo,"Chemprop v2 (D-MPNN + Selected descriptors, ensemble=3)",Chemprop v2,train,549,CC(=O)N(CC(O)CN(C(C)=O)c1c(I)c(C(=O)NCC(O)CO)c(I)c(C(=O)NCC(O)CO)c1I)c1c(I)c(C(=O)NCC(O)CO)c(I)c(C(=O)NCC(O)CO)c1I,0.2,4.793982,
tdc_vdss_lombardo,"Chemprop v2 (D-MPNN + Selected descriptors, ensemble=3)",Chemprop v2,train,550,Cc1ccc2c(-c3ccccc3)nc(=O)n(C(C)C)c2c1,0.52,3.5720758,
tdc_vdss_lombardo,"Chemprop v2 (D-MPNN + Selected descriptors, ensemble=3)",Chemprop v2,train,551,CCCCCCCCOCCOC(=O)CN(CC(=O)[O-])c1ccccc1OCCOc1ccccc1[NH+](CC(=O)[O-])CC(=O)OCCOCCCCCCCC,1.1,4.4245067,
tdc_vdss_lombardo,"Chemprop v2 (D-MPNN + Selected descriptors, ensemble=3)",Chemprop v2,train,552,COc1ccc(-n2nc(C(N)=O)c3c2C(=O)N(c2ccc(N4CCCCC4=O)cc2)CC3)cc1,0.3,2.5291035,
tdc_vdss_lombardo,"Chemprop v2 (D-MPNN + Selected descriptors, ensemble=3)",Chemprop v2,train,553,[NH3+]C(C(=O)[O-])C1CC(Cl)=NO1,0.5,1.5157739,
tdc_vdss_lombardo,"Chemprop v2 (D-MPNN + Selected descriptors, ensemble=3)",Chemprop v2,train,554,Nc1c2c([nH+]c3ccccc13)CCCC2,11.0,5.736284,
tdc_vdss_lombardo,"Chemprop v2 (D-MPNN + Selected descriptors, ensemble=3)",Chemprop v2,train,555,Cc1nccn1CCC(C(N)=O)(c1ccccc1)c1ccccc1,1.51,1.5977964,
tdc_vdss_lombardo,"Chemprop v2 (D-MPNN + Selected descriptors, ensemble=3)",Chemprop v2,train,556,OCCN1CC(O)C(O)C(O)C1CO,0.28,3.3289955,
tdc_vdss_lombardo,"Chemprop v2 (D-MPNN + Selected descriptors, ensemble=3)",Chemprop v2,train,557,C/C(=C\C(C(C)C)N(C)C(=O)C(NC(=O)C1CCCCN1C(C)C)C(C)(C)C)C(=O)[O-],1.26,1.4465786,
tdc_vdss_lombardo,"Chemprop v2 (D-MPNN + Selected descriptors, ensemble=3)",Chemprop v2,train,558,C[NH+]1CCC23c4c5ccc(O)c4OC2C(O)C=CC3C1C5,2.3,4.1112247,
tdc_vdss_lombardo,"Chemprop v2 (D-MPNN + Selected descriptors, ensemble=3)",Chemprop v2,train,559,COc1ccc2c3c1OC1C(O)C=CC4C(C2)[NH+](C)CCC341,3.5,4.109654,
tdc_vdss_lombardo,"Chemprop v2 (D-MPNN + Selected descriptors, ensemble=3)",Chemprop v2,train,560,CC(=O)Oc1ccc2c3c1OC1C(OC(C)=O)C=CC4C(C2)[NH+](C)CCC341,1.31,3.0781915,
tdc_vdss_lombardo,"Chemprop v2 (D-MPNN + Selected descriptors, ensemble=3)",Chemprop v2,train,561,CCOc1ccc(/C=C2\NCCc3cc(OCC)c(OCC)cc32)cc1OCC,1.9,3.240363,
tdc_vdss_lombardo,"Chemprop v2 (D-MPNN + Selected descriptors, ensemble=3)",Chemprop v2,train,562,C/C=C/CC(C)C(=O)C1C(=O)NC(C(C)C)C(=O)N(C)CC(=O)N(C)C(CC(C)C)C(=O)NC(C(C)C)C(=O)N(C)C(CC(C)C)C(=O)NC(C)C(=O)NC(C)C(=O)N(C)C(CC(C)C)C(=O)N(C)C(CC(C)C)C(=O)N(C)C(C(C)C)C(=O)N1C,1.8,6.1216755,
tdc_vdss_lombardo,"Chemprop v2 (D-MPNN + Selected descriptors, ensemble=3)",Chemprop v2,train,563,C/C=C/CC(C)C(O)C1C(=O)NC(CC)C(=O)N(C)CC(=O)N(C)C(CC(C)C)C(=O)NC(C(C)C)C(=O)N(C)C(CC(C)C)C(=O)NC(C)C(=O)NC(C)C(=O)N(C)C(CC(C)C)C(=O)N(C)C(CC(C)C)C(=O)N(C)C(C(C)C)C(=O)N1C,3.3,9.502223,
tdc_vdss_lombardo,"Chemprop v2 (D-MPNN + Selected descriptors, ensemble=3)",Chemprop v2,train,564,CC1CCC2C(C)C(OC(=O)CCC(=O)O)OC3OC4(C)CCC1C32OO4,15.0,1.8425237,
tdc_vdss_lombardo,"Chemprop v2 (D-MPNN + Selected descriptors, ensemble=3)",Chemprop v2,train,565,CC1(C)OC2CC3C4CC(F)C5=CC(=O)C=CC5(C)C4C(O)CC3(C)C2(C(=O)CO)O1,1.08,0.35329232,
tdc_vdss_lombardo,"Chemprop v2 (D-MPNN + Selected descriptors, ensemble=3)",Chemprop v2,train,566,CCCC1OC2CC3C4CCC5=CC(=O)C=CC5(C)C4C(O)CC3(C)C2(C(=O)CO)O1,3.9,1.457868,
tdc_vdss_lombardo,"Chemprop v2 (D-MPNN + Selected descriptors, ensemble=3)",Chemprop v2,train,567,CC1(C)OC2CC3C4CCC5=CC(=O)C=CC5(C)C4(F)C(O)CC3(C)C2(C(=O)CO)O1,1.4,1.6369696,
tdc_vdss_lombardo,"Chemprop v2 (D-MPNN + Selected descriptors, ensemble=3)",Chemprop v2,train,568,CCC(=O)N(c1ccccc1)C1CC[NH+](CCc2ccccc2)CC1,0.89,5.293873,
tdc_vdss_lombardo,"Chemprop v2 (D-MPNN + Selected descriptors, ensemble=3)",Chemprop v2,train,569,CC1\C=C/C=C\C=C/C=C\C=C/C=C\C=C/C(OC2OC(C)C(O)C([NH3+])C2O)CC2OC(O)(CC(O)CC(O)C(O)CCC(O)CC(O)CC(=O)OC(C)C(C)C1O)CC(O)C2C(=O)[O-],0.62,-0.6832941,
tdc_vdss_lombardo,"Chemprop v2 (D-MPNN + Selected descriptors, ensemble=3)",Chemprop v2,train,570,CO/N=C(/C(=O)NC1C(=O)N2C(C(=O)[O-])=C(C[n+]3ccn4ncccc43)CSC12)c1nsc(N)n1,0.24,-0.1985255,
tdc_vdss_lombardo,"Chemprop v2 (D-MPNN + Selected descriptors, ensemble=3)",Chemprop v2,train,571,COc1nc(C)nc(Cl)c1NC1=[NH+]CCN1,1.8,2.2839558,
tdc_vdss_lombardo,"Chemprop v2 (D-MPNN + Selected descriptors, ensemble=3)",Chemprop v2,train,572,C=C[C@@H]1CNCC[C@@H]1CCCc1ccnc2ccc(OC)cc12,24.4,8.6931505,
tdc_vdss_lombardo,"Chemprop v2 (D-MPNN + Selected descriptors, ensemble=3)",Chemprop v2,train,573,CC(O)C[NH+]1CCN(CCOC(c2ccccc2)c2ccc(Cl)cc2)CC1,1.9,2.7888336,
tdc_vdss_lombardo,"Chemprop v2 (D-MPNN + Selected descriptors, ensemble=3)",Chemprop v2,train,574,CN(c1nccc(=O)[nH]1)C1CCN(c2nc3ccccc3n2Cc2ccc(F)cc2)CC1,0.38,3.2871845,
tdc_vdss_lombardo,"Chemprop v2 (D-MPNN + Selected descriptors, ensemble=3)",Chemprop v2,train,575,O=C(c1ccc(OCC[NH+]2CCCCC2)cc1)c1c(-c2ccc(O)cc2)sc2cc(O)ccc12,7.5,5.9784446,
tdc_vdss_lombardo,"Chemprop v2 (D-MPNN + Selected descriptors, ensemble=3)",Chemprop v2,train,576,CC(c1cccnc1F)c1c(CC[NH+](C)[14CH3])sc2ccccc12,5.73,4.1607566,
tdc_vdss_lombardo,"Chemprop v2 (D-MPNN + Selected descriptors, ensemble=3)",Chemprop v2,train,577,CN(C(=O)CC(=O)N(C)c1c(I)c(C(=O)N[C@H](CO)[C@H](O)CO)c(I)c(C(=O)N[C@H](CO)[C@H](O)CO)c1I)c1c(I)c(C(=O)N[C@H](CO)[C@H](O)CO)c(I)c(C(=O)N[C@H](CO)[C@H](O)CO)c1I,0.23,2.245711,
tdc_vdss_lombardo,"Chemprop v2 (D-MPNN + Selected descriptors, ensemble=3)",Chemprop v2,train,578,COc1cc(NC(C)CCC[NH3+])c2ncccc2c1,4.0,4.2718887,
tdc_vdss_lombardo,"Chemprop v2 (D-MPNN + Selected descriptors, ensemble=3)",Chemprop v2,train,579,O=C(NC1CCC(c2cccc(F)c2F)CN(CC(F)(F)F)C1=O)N1CCC(n2c(=O)[nH]c3ncccc32)CC1,0.86,2.6602638,
tdc_vdss_lombardo,"Chemprop v2 (D-MPNN + Selected descriptors, ensemble=3)",Chemprop v2,train,580,CCC1(O)CC(=O)OCc2c1cc1n(c2=O)Cc2cc3cc(F)c(F)cc3nc2-1,1.42,8.025592,
tdc_vdss_lombardo,"Chemprop v2 (D-MPNN + Selected descriptors, ensemble=3)",Chemprop v2,train,581,C[NH+]([14CH3])CCC1=C(Cc2cccnn2)c2ccc(F)cc2C1,1.11,5.4061584,
tdc_vdss_lombardo,"Chemprop v2 (D-MPNN + Selected descriptors, ensemble=3)",Chemprop v2,train,582,CC([NH2+]CCc1ccc(O)cc1)C(O)c1ccc(O)cc1,4.4,2.188535,
tdc_vdss_lombardo,"Chemprop v2 (D-MPNN + Selected descriptors, ensemble=3)",Chemprop v2,train,583,CC(Cc1ccc(O)cc1)[NH2+]CC(O)c1cc(O)cc(O)c1,1.2,3.876338,
tdc_vdss_lombardo,"Chemprop v2 (D-MPNN + Selected descriptors, ensemble=3)",Chemprop v2,train,584,CC(C)=CCCC1(C)C=Cc2c(O)c3c(c(CC=C(C)C)c2O1)OC12C(=CC4CC1C(C)(C)OC2(C/C=C(/C)C(=O)[O-])C4=O)C3=O,0.99,7.0486646,
tdc_vdss_lombardo,"Chemprop v2 (D-MPNN + Selected descriptors, ensemble=3)",Chemprop v2,train,585,C[NH2+]CC[C@@H](O)[C@@H]1C[C@H](SC2=C(C(=O)[O-])N3C(=O)[C@H]([C@@H](C)O)[C@H]3[C@H]2C)CN1,0.22,1.6465716,
tdc_vdss_lombardo,"Chemprop v2 (D-MPNN + Selected descriptors, ensemble=3)",Chemprop v2,train,586,CC(=[NH2+])N1CCC(SC2=C(C(=O)[O-])N3C(=O)C(C(C)O)C3C2)C1,0.19,4.034366,
tdc_vdss_lombardo,"Chemprop v2 (D-MPNN + Selected descriptors, ensemble=3)",Chemprop v2,train,587,CCCc1nc2c(C)cc(-c3nc4ccccc4n3C)cc2n1Cc1ccc(-c2ccccc2C(=O)[O-])cc1,5.3,4.484243,
tdc_vdss_lombardo,"Chemprop v2 (D-MPNN + Selected descriptors, ensemble=3)",Chemprop v2,train,588,CCC[NH+](CCC)CCc1cccc2c1CC(=O)N2,7.7,5.529686,
tdc_vdss_lombardo,"Chemprop v2 (D-MPNN + Selected descriptors, ensemble=3)",Chemprop v2,train,589,O=C(CCC[NH+]1CCC(n2c(=O)[nH]c3ccccc32)CC1)c1ccc(F)cc1,3.8,4.6350245,
tdc_vdss_lombardo,"Chemprop v2 (D-MPNN + Selected descriptors, ensemble=3)",Chemprop v2,train,590,C#Cc1cccc(Nc2ncnc3cc(OCCOC)c(OCCOC)cc23)c1,0.77,3.292154,
tdc_vdss_lombardo,"Chemprop v2 (D-MPNN + Selected descriptors, ensemble=3)",Chemprop v2,train,591,Cn1c(=O)c2c(ncn2C)n(C)c1=O,0.63,3.203172,
tdc_vdss_lombardo,"Chemprop v2 (D-MPNN + Selected descriptors, ensemble=3)",Chemprop v2,train,592,Cn1c(=O)c2c(ncn2CC(O)CO)n(C)c1=O,0.42,3.3422592,
tdc_vdss_lombardo,"Chemprop v2 (D-MPNN + Selected descriptors, ensemble=3)",Chemprop v2,train,593,CC(=O)CCCCn1c(=O)c2c(ncn2C)n(C)c1=O,1.8,2.6572292,
tdc_vdss_lombardo,"Chemprop v2 (D-MPNN + Selected descriptors, ensemble=3)",Chemprop v2,train,594,CCCC[NH+]1CCCCC1C(=O)Nc1c(C)cccc1C,0.84,4.7422976,
tdc_vdss_lombardo,"Chemprop v2 (D-MPNN + Selected descriptors, ensemble=3)",Chemprop v2,train,595,CCC[NH+]1CCCCC1C(=O)Nc1c(C)cccc1C,0.75,3.8275654,
tdc_vdss_lombardo,"Chemprop v2 (D-MPNN + Selected descriptors, ensemble=3)",Chemprop v2,train,596,CCCC[NH+]1CCCCC1C(=O)Nc1c(C)cccc1C,0.49,4.7422976,
tdc_vdss_lombardo,"Chemprop v2 (D-MPNN + Selected descriptors, ensemble=3)",Chemprop v2,train,597,Cc1cccc(C)c1NC(=O)C1CCCC[NH+]1C,0.95,2.6027305,
tdc_vdss_lombardo,"Chemprop v2 (D-MPNN + Selected descriptors, ensemble=3)",Chemprop v2,train,598,CC#CC1(O)CCC2C3CCC4=CC(=O)CCC4=C3C(c3ccc(N(C)C)cc3)CC21C,0.01,7.7283893,
tdc_vdss_lombardo,"Chemprop v2 (D-MPNN + Selected descriptors, ensemble=3)",Chemprop v2,train,599,CCC1OC(=O)CC(O)C(C)C(OC2OC(C)CC([NH+](C)C)C2O)C(CC=O)CC(C)C(=O)/C=C\C2(C)OC2C1C,2.83,2.2733984,
tdc_vdss_lombardo,"Chemprop v2 (D-MPNN + Selected descriptors, ensemble=3)",Chemprop v2,train,600,NS(=O)(=O)c1cc2c(cc1C(F)(F)F)NCNS2(=O)=O,2.2,2.9610195,
tdc_vdss_lombardo,"Chemprop v2 (D-MPNN + Selected descriptors, ensemble=3)",Chemprop v2,train,601,Cc1[nH]cnc1CN1CCc2c(c3ccccc3n2C)C1=O,1.1,1.2581673,
tdc_vdss_lombardo,"Chemprop v2 (D-MPNN + Selected descriptors, ensemble=3)",Chemprop v2,train,602,CC([NH2+]C(CCc1ccccc1)C(=O)[O-])C(=O)N1Cc2ccccc2CC1C(=O)[O-],0.13,4.024855,
tdc_vdss_lombardo,"Chemprop v2 (D-MPNN + Selected descriptors, ensemble=3)",Chemprop v2,train,603,COc1cc(S(C)=O)ccc1-c1nc2ccncc2[nH]1,1.67,3.2914035,
tdc_vdss_lombardo,"Chemprop v2 (D-MPNN + Selected descriptors, ensemble=3)",Chemprop v2,train,604,CNC(=O)c1cccc2c(Nc3ccc(NS(C)(=O)=O)cc3OC)c3cccc(C)c3[nH+]c12,0.3,1.8890133,
tdc_vdss_lombardo,"Chemprop v2 (D-MPNN + Selected descriptors, ensemble=3)",Chemprop v2,train,605,COc1cc(NS(C)(=O)=O)ccc1Nc1c2ccccc2[nH+]c2ccccc12,1.6,2.0123568,
tdc_vdss_lombardo,"Chemprop v2 (D-MPNN + Selected descriptors, ensemble=3)",Chemprop v2,train,606,C[NH+](C)CCc1c[nH]c2ccc(CS(=O)(=O)N3CCCC3)cc12,2.2,4.1313295,
tdc_vdss_lombardo,"Chemprop v2 (D-MPNN + Selected descriptors, ensemble=3)",Chemprop v2,train,607,CC(C)n1c(/C=C/C(O)CC(O)CC(=O)[O-])c(-c2ccc(F)cc2)c2ccccc21,0.42,7.108053,
tdc_vdss_lombardo,"Chemprop v2 (D-MPNN + Selected descriptors, ensemble=3)",Chemprop v2,train,608,CCCCCCCCC/C=C/C=C/C(=O)NCC(=O)NC1C(O)C(O)C(Nc2[nH]cnc3ncnc2-3)OC1C(O)CO,0.17,5.895479,
tdc_vdss_lombardo,"Chemprop v2 (D-MPNN + Selected descriptors, ensemble=3)",Chemprop v2,train,609,COc1cccc2c1C(CO)N1C(C#N)C3CC(C(=O)[O-])C(C1C2)N3C,0.23,3.8290384,
tdc_vdss_lombardo,"Chemprop v2 (D-MPNN + Selected descriptors, ensemble=3)",Chemprop v2,train,610,CC1OC1P(=O)([O-])[O-],0.32,1.6405954,
tdc_vdss_lombardo,"Chemprop v2 (D-MPNN + Selected descriptors, ensemble=3)",Chemprop v2,train,611,Cn1cc(NC(=O)Nc2cc(C(=O)Nc3cc(C(=O)Nc4ccc5cc(S(=O)(=O)[O-])cc(S(=O)(=O)[O-])c5c4)n(C)c3)n(C)c2)cc1C(=O)Nc1cc(C(=O)Nc2ccc3cc(S(=O)(=O)[O-])cc(S(=O)(=O)[O-])c3c2)n(C)c1,0.27,4.2409477,
tdc_vdss_lombardo,"Chemprop v2 (D-MPNN + Selected descriptors, ensemble=3)",Chemprop v2,train,612,COc1ccccc1N1CCN(CCCNc2cc(=O)n(C)c(=O)n2C)CC1,0.75,4.1614304,
tdc_vdss_lombardo,"Chemprop v2 (D-MPNN + Selected descriptors, ensemble=3)",Chemprop v2,train,613,O=C1OC2(c3ccc(O)cc3Oc3cc(O)ccc32)c2ccccc21,0.14,2.4970777,
tdc_vdss_lombardo,"Chemprop v2 (D-MPNN + Selected descriptors, ensemble=3)",Chemprop v2,train,614,C#CC1(O)CCC2C3CCc4cc(O)ccc4C3CCC21C,4.3,8.096488,
tdc_vdss_lombardo,"Chemprop v2 (D-MPNN + Selected descriptors, ensemble=3)",Chemprop v2,train,615,C#CC1(OS(=O)(=O)[O-])CCC2C3CCc4cc(O)ccc4C3CCC21C,0.61,8.254795,
tdc_vdss_lombardo,"Chemprop v2 (D-MPNN + Selected descriptors, ensemble=3)",Chemprop v2,train,616,C#CC1(O)CCC2C3CCc4cc(OS(=O)(=O)[O-])ccc4C3CCC21C,2.3,9.086064,
tdc_vdss_lombardo,"Chemprop v2 (D-MPNN + Selected descriptors, ensemble=3)",Chemprop v2,train,617,CC12CCC3c4ccc(O)cc4CC(CCCCCCCCCS(=O)CCCC(F)(F)C(F)(F)F)C3C1CCC2O,4.15,4.2473226,
tdc_vdss_lombardo,"Chemprop v2 (D-MPNN + Selected descriptors, ensemble=3)",Chemprop v2,train,618,CC12CCC3c4ccc(O)cc4CCC3C1CCC2O,1.2,7.927862,
tdc_vdss_lombardo,"Chemprop v2 (D-MPNN + Selected descriptors, ensemble=3)",Chemprop v2,train,619,CC12CCC3c4ccc(OC(=O)N(CCCl)CCCl)cc4CCC3C1CCC2OP(=O)([O-])[O-],0.12,6.971639,
tdc_vdss_lombardo,"Chemprop v2 (D-MPNN + Selected descriptors, ensemble=3)",Chemprop v2,train,620,CC1=C(C(=O)[O-])N2C(=O)C(NC(=O)C([NH3+])c3ccccc3)C2SC1,0.21,2.2201693,
tdc_vdss_lombardo,"Chemprop v2 (D-MPNN + Selected descriptors, ensemble=3)",Chemprop v2,train,621,C/C=C/C1=C(C(=O)[O-])N2C(=O)C(NC(=O)C([NH3+])c3ccc(O)cc3)C2SC1,0.21,1.0128733,
tdc_vdss_lombardo,"Chemprop v2 (D-MPNN + Selected descriptors, ensemble=3)",Chemprop v2,train,622,CC1=C(C(=O)[O-])N2C(=O)C(NC(=O)C([NH3+])c3ccc(O)cc3)C2SC1,0.23,2.4174166,
tdc_vdss_lombardo,"Chemprop v2 (D-MPNN + Selected descriptors, ensemble=3)",Chemprop v2,train,623,CC(C)=CCCC(C)(OC1OC(CO)C(O)C(O)C1O)C1CCC2(C)C1C(O)CC1C3(C)CCC(OC4OC(CO)C(O)C(O)C4OC4OC(CO)C(O)C(O)C4O)C(C)(C)C3CCC12C,0.11,2.0250165,
tdc_vdss_lombardo,"Chemprop v2 (D-MPNN + Selected descriptors, ensemble=3)",Chemprop v2,train,624,CC(=O)C1(O)Cc2c(O)c3c(c(O)c2C(OC2CC([NH3+])C(O)C(C)O2)C1)C(=O)c1ccccc1C3=O,38.0,9.057401,
tdc_vdss_lombardo,"Chemprop v2 (D-MPNN + Selected descriptors, ensemble=3)",Chemprop v2,train,625,COc1cccc2c1C(=O)c1c(O)c3c(c(O)c1C2=O)CC(O)(C(=O)CO)CC3OC1CC([NH3+])C(O)C(C)O1,22.0,15.879743,
tdc_vdss_lombardo,"Chemprop v2 (D-MPNN + Selected descriptors, ensemble=3)",Chemprop v2,train,626,COc1cccc2c1C(=O)c1c(O)c3c(c(O)c1C2=O)CC(O)(C(=O)CO)CC3OC1CC([NH3+])C(O)C(C)O1,45.0,15.879743,
tdc_vdss_lombardo,"Chemprop v2 (D-MPNN + Selected descriptors, ensemble=3)",Chemprop v2,train,627,COc1cccc2c1C(=O)c1c(O)c3c(c(O)c1C2=O)CC(O)(C(=O)CO)CC3OC1CC([NH3+])C(I)C(C)O1,53.6,16.092054,
tdc_vdss_lombardo,"Chemprop v2 (D-MPNN + Selected descriptors, ensemble=3)",Chemprop v2,train,628,Cc1cc(C)c(/C=C2\C(=O)Nc3ccccc32)[nH]1,0.98,1.7655386,
tdc_vdss_lombardo,"Chemprop v2 (D-MPNN + Selected descriptors, ensemble=3)",Chemprop v2,train,629,C[NH+]1Cc2c(N)cccc2C(c2ccccc2)C1,6.0,6.6643014,
tdc_vdss_lombardo,"Chemprop v2 (D-MPNN + Selected descriptors, ensemble=3)",Chemprop v2,train,630,CCOc1nc2cccc(C(=O)[O-])c2n1Cc1ccc(-c2ccccc2-c2nnn[n-]2)cc1,0.13,3.326477,
tdc_vdss_lombardo,"Chemprop v2 (D-MPNN + Selected descriptors, ensemble=3)",Chemprop v2,train,631,Clc1cccc(N2CC[NH2+]CC2)c1,2.5,4.8994694,
tdc_vdss_lombardo,"Chemprop v2 (D-MPNN + Selected descriptors, ensemble=3)",Chemprop v2,train,632,Cc1c(N)nc([C@H](CC(N)=O)NC[C@H]([NH3+])C(N)=O)nc1C(=O)N[C@H](C(=O)N[C@H](C)[C@@H](O)[C@H](C)C(=O)N[C@H](C(=O)NCCc1nc(-c2nc(C(=O)NCCC[S+](C)C)cs2)cs1)[C@@H](C)O)[C@@H](O[C@@H]1O[C@@H](CO)[C@@H](O)[C@H](O)[C@@H]1O[C@H]1O[C@H](CO)[C@@H](O)[C@H](OC(N)=O)[C@@H]1O)c1cnc[nH]1,9.43,13.311985,
tdc_vdss_lombardo,"Chemprop v2 (D-MPNN + Selected descriptors, ensemble=3)",Chemprop v2,train,633,C[NH2+]C1C(O)C(OC2C(N)CC([NH3+])C(OC3OC(C[NH3+])=CCC3[NH3+])C2O)OCC1(C)O,0.19,2.4283803,
tdc_vdss_lombardo,"Chemprop v2 (D-MPNN + Selected descriptors, ensemble=3)",Chemprop v2,train,634,CCNC1CC(N)C(OC2OC(C[NH3+])=CCC2[NH3+])C(O)C1OC1OCC(C)(O)C([NH2+]C)C1O,0.07,3.4372675,
tdc_vdss_lombardo,"Chemprop v2 (D-MPNN + Selected descriptors, ensemble=3)",Chemprop v2,train,635,C[NH2+]C1C(O)C(OC2C(NC(=O)C(O)CC[NH3+])CC([NH3+])C(OC3OC(CNCCO)=CCC3[NH3+])C2O)OCC1(C)O,0.22,5.770987,
tdc_vdss_lombardo,"Chemprop v2 (D-MPNN + Selected descriptors, ensemble=3)",Chemprop v2,train,636,CO/N=C(/C(=O)NC1C(=O)N2C(C(=O)[O-])=C(CSc3nc(=O)c(=O)[n-]n3C)CSC12)c1csc(N)n1,0.12,-0.24480589,
tdc_vdss_lombardo,"Chemprop v2 (D-MPNN + Selected descriptors, ensemble=3)",Chemprop v2,train,637,CC(C)([NH3+])CC(=O)NC1CCc2ccccc2N(Cc2ccc(-c3ccccc3-c3nnn[n-]3)cc2)C1=O,0.2,3.5792167,
tdc_vdss_lombardo,"Chemprop v2 (D-MPNN + Selected descriptors, ensemble=3)",Chemprop v2,train,638,NC(=[NH2+])c1ccc(C(=O)NC(Cc2ccc(O)cc2)C(=O)N2CCC(OCC(=O)[O-])CC2)cc1,0.29,3.5799599,
tdc_vdss_lombardo,"Chemprop v2 (D-MPNN + Selected descriptors, ensemble=3)",Chemprop v2,train,639,O=C([O-])c1cc(-c2ccc(F)cc2F)ccc1O,0.1,2.7360861,
tdc_vdss_lombardo,"Chemprop v2 (D-MPNN + Selected descriptors, ensemble=3)",Chemprop v2,train,640,CN/C(=C\[N+](=O)[O-])NCCSCc1ccc(C[NH+](C)C)o1,1.2,1.5837356,
tdc_vdss_lombardo,"Chemprop v2 (D-MPNN + Selected descriptors, ensemble=3)",Chemprop v2,train,641,C[NH+](C)CC/C=C1\c2ccccc2COc2ccccc21,12.0,2.841591,
tdc_vdss_lombardo,"Chemprop v2 (D-MPNN + Selected descriptors, ensemble=3)",Chemprop v2,train,642,O=C(c1ccc(F)cc1)C1CC[NH+](CCn2c(=O)[nH]c3ccccc3c2=O)CC1,3.9,3.1563923,
tdc_vdss_lombardo,"Chemprop v2 (D-MPNN + Selected descriptors, ensemble=3)",Chemprop v2,train,643,CN(C(=O)c1c([O-])c2ccccc2n(C)c1=O)c1ccccc1,0.21,3.6136618,
tdc_vdss_lombardo,"Chemprop v2 (D-MPNN + Selected descriptors, ensemble=3)",Chemprop v2,train,644,CC1=NN(c2ccccc2)C(=O)C1,0.23,2.8178158,
tdc_vdss_lombardo,"Chemprop v2 (D-MPNN + Selected descriptors, ensemble=3)",Chemprop v2,train,645,CCC(O)(C(=O)[O-])c1cc2n(c(=O)c1CO)Cc1c-2nc2cc(F)c(C)c3c2c1C([NH3+])CC3,0.44,4.4536576,
tdc_vdss_lombardo,"Chemprop v2 (D-MPNN + Selected descriptors, ensemble=3)",Chemprop v2,train,646,COC(=O)C(Cc1cccc(C(N)=[NH2+])c1)C(C)NC(=O)c1ccc(-c2cc[n+]([O-])cc2)cc1,0.89,5.588491,
tdc_vdss_lombardo,"Chemprop v2 (D-MPNN + Selected descriptors, ensemble=3)",Chemprop v2,train,647,CO/N=C(\C(=O)N[C@H]1C(=O)N2C(C(=O)O)=C(CSc3cnns3)CS[C@H]12)c1csc(N)n1,0.2,1.4994017,
tdc_vdss_lombardo,"Chemprop v2 (D-MPNN + Selected descriptors, ensemble=3)",Chemprop v2,train,648,CC(=O)Nc1nnc(S(N)(=O)=O)s1,0.37,0.30159464,
tdc_vdss_lombardo,"Chemprop v2 (D-MPNN + Selected descriptors, ensemble=3)",Chemprop v2,train,649,C[NH2+]C1CC2OC(C)(C1OC)n1c3ccccc3c3c4c(c5c6ccccc6n2c5c31)C(=O)NC4O,0.15,2.3039157,
tdc_vdss_lombardo,"Chemprop v2 (D-MPNN + Selected descriptors, ensemble=3)",Chemprop v2,train,650,NC(=O)CN1CC(O)CC1=O,0.55,1.9245917,
tdc_vdss_lombardo,"Chemprop v2 (D-MPNN + Selected descriptors, ensemble=3)",Chemprop v2,train,651,C[NH+](C)C1CCN(C(=O)c2ccc(NC(=O)Nc3ccc(-c4nc(N5CCOCC5)nc(N5CCOCC5)n4)cc3)cc2)CC1,2.39,6.004659,
tdc_vdss_lombardo,"Chemprop v2 (D-MPNN + Selected descriptors, ensemble=3)",Chemprop v2,train,652,CCC(C)CC(C)CCCCCCCCC(=O)NC1CC(O)C(NCC[NH3+])NC(=O)C2C(O)CCN2C(=O)C(C(O)CC[NH3+])NC(=O)C(C(O)C(O)c2ccc(O)cc2)NC(=O)C2CC(O)CN2C(=O)C(C(C)O)NC1=O,0.13,5.27969,
tdc_vdss_lombardo,"Chemprop v2 (D-MPNN + Selected descriptors, ensemble=3)",Chemprop v2,train,653,C[NH+]1CCN(c2c(F)cc3c(=O)c(C(=O)[O-])cn(CCF)c3c2F)CC1,1.6,5.395926,
tdc_vdss_lombardo,"Chemprop v2 (D-MPNN + Selected descriptors, ensemble=3)",Chemprop v2,train,654,CCn1cc(C(=O)[O-])c(=O)c2cc(F)c(N3CC[NH+](C)CC3)cc21,1.5,6.2705827,
tdc_vdss_lombardo,"Chemprop v2 (D-MPNN + Selected descriptors, ensemble=3)",Chemprop v2,train,655,CCn1cc(C(=O)[O-])c(=O)c2cc(F)c(N3CC[NH2+]C(C)C3)c(F)c21,2.04,4.755483,
tdc_vdss_lombardo,"Chemprop v2 (D-MPNN + Selected descriptors, ensemble=3)",Chemprop v2,train,656,CCn1cc(C(=O)[O-])c(=O)c2cc(F)c(N3CC[NH2+]CC3)cc21,1.88,4.1575923,
tdc_vdss_lombardo,"Chemprop v2 (D-MPNN + Selected descriptors, ensemble=3)",Chemprop v2,train,657,O=C1NC(c2ccccc2)(c2ccccc2)C(=O)N1COP(=O)([O-])[O-],0.06,2.193617,
tdc_vdss_lombardo,"Chemprop v2 (D-MPNN + Selected descriptors, ensemble=3)",Chemprop v2,train,658,O=c1[c-](CC[S@](=O)c2ccccc2)c(=O)n(-c2ccccc2)n1-c1ccccc1,0.12,2.8241215,
tdc_vdss_lombardo,"Chemprop v2 (D-MPNN + Selected descriptors, ensemble=3)",Chemprop v2,train,659,CCS(=O)(=O)CCn1c([N+](=O)[O-])cnc1C,0.59,2.257671,
tdc_vdss_lombardo,"Chemprop v2 (D-MPNN + Selected descriptors, ensemble=3)",Chemprop v2,train,660,CCn1cnc(C(=O)NC)c1C(=O)NC,0.73,1.0418622,
tdc_vdss_lombardo,"Chemprop v2 (D-MPNN + Selected descriptors, ensemble=3)",Chemprop v2,train,661,CN/C(=N\CCSCc1nc[nH]c1C)NC#N,1.2,2.2353437,
tdc_vdss_lombardo,"Chemprop v2 (D-MPNN + Selected descriptors, ensemble=3)",Chemprop v2,train,662,O=P([O-])([O-])C(O)(Cn1ccnc1)P(=O)([O-])O,0.6,2.0433686,
tdc_vdss_lombardo,"Chemprop v2 (D-MPNN + Selected descriptors, ensemble=3)",Chemprop v2,train,663,Cc1ncc([N+](=O)[O-])n1CCO,0.4,3.8624632,
tdc_vdss_lombardo,"Chemprop v2 (D-MPNN + Selected descriptors, ensemble=3)",Chemprop v2,train,664,CN(C)N=Nc1nc[nH]c1C(N)=O,1.2,1.5371604,
tdc_vdss_lombardo,"Chemprop v2 (D-MPNN + Selected descriptors, ensemble=3)",Chemprop v2,train,665,Cn1c(COP(=O)(NCCBr)NCCBr)cnc1[N+](=O)[O-],0.64,1.5353433,
tdc_vdss_lombardo,"Chemprop v2 (D-MPNN + Selected descriptors, ensemble=3)",Chemprop v2,train,666,O=C(Cn1ccnc1[N+](=O)[O-])NCC(O)C(F)(F)F,0.69,0.75844115,
tdc_vdss_lombardo,"Chemprop v2 (D-MPNN + Selected descriptors, ensemble=3)",Chemprop v2,train,667,Cc1ncc([N+](=O)[O-])n1CC(O)CCl,1.16,2.0435297,
tdc_vdss_lombardo,"Chemprop v2 (D-MPNN + Selected descriptors, ensemble=3)",Chemprop v2,train,668,COC1(NC(=O)C(C(=O)O)c2ccc(O)cc2)C(=O)N2C(C(=O)[O-])=C(CSc3nnnn3C)COC21,0.17,6.4878807,
tdc_vdss_lombardo,"Chemprop v2 (D-MPNN + Selected descriptors, ensemble=3)",Chemprop v2,train,669,CC[NH+]1CC2C[NH+](C)CC(C1)C2OC(=O)c1ccc(Cl)cc1,9.0,2.4378378,
tdc_vdss_lombardo,"Chemprop v2 (D-MPNN + Selected descriptors, ensemble=3)",Chemprop v2,train,670,COc1cccc(OC)c1C(=O)NC1C(=O)N2C1SC(C)(C)C2C(=O)[O-],0.32,1.0188178,
tdc_vdss_lombardo,"Chemprop v2 (D-MPNN + Selected descriptors, ensemble=3)",Chemprop v2,train,671,COc1ccc(Cl)cc1C(=O)NCCc1ccc(S(=O)(=O)[N-]C(=O)NC2CCCCC2)cc1,0.08,2.7309082,
tdc_vdss_lombardo,"Chemprop v2 (D-MPNN + Selected descriptors, ensemble=3)",Chemprop v2,train,672,O=C([O-])C1CC(C2CCCCC2)CN1C(=O)CP(=O)([O-])CCCCc1ccccc1,0.13,3.9873447,
tdc_vdss_lombardo,"Chemprop v2 (D-MPNN + Selected descriptors, ensemble=3)",Chemprop v2,train,673,COc1cc(NCc2ccc3nc(N)nc(N)c3c2C)cc(OC)c1OC,0.77,0.114843845,
tdc_vdss_lombardo,"Chemprop v2 (D-MPNN + Selected descriptors, ensemble=3)",Chemprop v2,train,674,Cc1nnc2n1-c1sc(Br)cc1C(c1ccccc1Cl)=NC2,0.75,4.0829096,
tdc_vdss_lombardo,"Chemprop v2 (D-MPNN + Selected descriptors, ensemble=3)",Chemprop v2,train,675,Cc1nc2sccn2c(=O)c1CC[NH+]1CCC(=C(c2ccc(F)cc2)c2ccc(F)cc2)CC1,1.41,4.534388,
tdc_vdss_lombardo,"Chemprop v2 (D-MPNN + Selected descriptors, ensemble=3)",Chemprop v2,train,676,CN(CCCCCCN(C)C(=O)Oc1ccc[n+](C)c1)C(=O)Oc1ccc[n+](C)c1,1.0,3.6889913,
tdc_vdss_lombardo,"Chemprop v2 (D-MPNN + Selected descriptors, ensemble=3)",Chemprop v2,train,677,C[NH+]1CCCC1Cc1c[nH]c2ccc(CCS(=O)(=O)c3ccccc3)cc12,1.6,2.6205862,
tdc_vdss_lombardo,"Chemprop v2 (D-MPNN + Selected descriptors, ensemble=3)",Chemprop v2,train,678,CCn1cc(C(=O)[O-])c(=O)c2cc(F)c(N3CC[NH2+]CC3)nc21,2.0,4.1628604,
tdc_vdss_lombardo,"Chemprop v2 (D-MPNN + Selected descriptors, ensemble=3)",Chemprop v2,train,679,C[NH+]1CCN(CCCN2c3ccccc3Sc3ccc(Cl)cc32)CC1,22.0,9.714519,
tdc_vdss_lombardo,"Chemprop v2 (D-MPNN + Selected descriptors, ensemble=3)",Chemprop v2,train,680,OCC[NH+]1CCN(CCCN2c3ccccc3Sc3ccc(Cl)cc32)CC1,18.0,10.649547,
tdc_vdss_lombardo,"Chemprop v2 (D-MPNN + Selected descriptors, ensemble=3)",Chemprop v2,train,681,OCC[NH+]1CCN(CCCN2c3ccccc3Sc3ccc(C(F)(F)F)cc32)CC1,2.9,9.81145,
tdc_vdss_lombardo,"Chemprop v2 (D-MPNN + Selected descriptors, ensemble=3)",Chemprop v2,train,682,CCCCCc1cc(O)c2c(c1)OC(C)(C)C1CCC(C)=CC21,8.9,4.177443,
tdc_vdss_lombardo,"Chemprop v2 (D-MPNN + Selected descriptors, ensemble=3)",Chemprop v2,train,683,CCCCCc1cc(O)c2c(c1)OC(C)(C)C1CCC(C(=O)[O-])=CC21,1.28,3.7673767,
tdc_vdss_lombardo,"Chemprop v2 (D-MPNN + Selected descriptors, ensemble=3)",Chemprop v2,train,684,COC(=O)Nc1nc2cc(C(=O)c3ccccc3)ccc2[nH]1,1.2,1.1978652,
tdc_vdss_lombardo,"Chemprop v2 (D-MPNN + Selected descriptors, ensemble=3)",Chemprop v2,train,685,Cc1ccc(-c2ncc(Cl)cc2-c2ccc(S(C)(=O)=O)cc2)cn1,1.5,0.46027884,
tdc_vdss_lombardo,"Chemprop v2 (D-MPNN + Selected descriptors, ensemble=3)",Chemprop v2,train,686,O=P([O-])(O)C(O)(Cc1cccnc1)P(=O)([O-])O,6.3,2.3819976,
tdc_vdss_lombardo,"Chemprop v2 (D-MPNN + Selected descriptors, ensemble=3)",Chemprop v2,train,687,O=C(NCCO[N+](=O)[O-])c1cccnc1,1.4,0.8783164,
tdc_vdss_lombardo,"Chemprop v2 (D-MPNN + Selected descriptors, ensemble=3)",Chemprop v2,train,688,NC(=S)N/N=C/c1ncccc1N,0.41,4.8594604,
tdc_vdss_lombardo,"Chemprop v2 (D-MPNN + Selected descriptors, ensemble=3)",Chemprop v2,train,689,Cc1ncc(CO)c(CO)c1O,0.66,1.7454633,
tdc_vdss_lombardo,"Chemprop v2 (D-MPNN + Selected descriptors, ensemble=3)",Chemprop v2,train,690,NNC(=O)c1ccncc1,0.82,1.7215611,
tdc_vdss_lombardo,"Chemprop v2 (D-MPNN + Selected descriptors, ensemble=3)",Chemprop v2,train,691,C[C@@H](N/C(=N\c1ccncc1)NC#N)C(C)(C)C,1.1,2.9541533,
tdc_vdss_lombardo,"Chemprop v2 (D-MPNN + Selected descriptors, ensemble=3)",Chemprop v2,train,692,COc1nc(C(Cl)(Cl)Cl)c(Cl)c(OC)c1Cl,9.1,2.1691015,
tdc_vdss_lombardo,"Chemprop v2 (D-MPNN + Selected descriptors, ensemble=3)",Chemprop v2,train,693,Cc1nnc(C(C)C)n1C1CC2CCC(C1)[NH+]2CCC(NC(=O)C1CCC(F)(F)CC1)c1ccccc1,2.3,4.024566,
tdc_vdss_lombardo,"Chemprop v2 (D-MPNN + Selected descriptors, ensemble=3)",Chemprop v2,train,694,COc1cc2c3cc1Oc1cc(ccc1O)CC1c4c(cc(OC)c(O)c4Oc4ccc(cc4)CC3[NH+](C)CC2)CC[N+]1(C)C,0.45,5.607816,
tdc_vdss_lombardo,"Chemprop v2 (D-MPNN + Selected descriptors, ensemble=3)",Chemprop v2,train,695,COc1ccc2cc1Oc1cc3c(cc1OC)CC[N+](C)(C)C3Cc1ccc(cc1)Oc1c(OC)c(OC)cc3c1C(C2)[N+](C)(C)CC3,0.4,5.2128477,
tdc_vdss_lombardo,"Chemprop v2 (D-MPNN + Selected descriptors, ensemble=3)",Chemprop v2,train,696,N#Cc1ccc2c(c1)CN(S(=O)(=O)c1cccs1)C(Cc1ccccc1)CN2Cc1cnc[nH]1,0.84,2.7406356,
tdc_vdss_lombardo,"Chemprop v2 (D-MPNN + Selected descriptors, ensemble=3)",Chemprop v2,train,697,CC(C)C(CCC(C)C1CCC2C3C(O)CC4CC(NCCC[NH2+]CCCC[NH3+])CCC4(C)C3CCC12C)OS(=O)(=O)[O-],0.23,6.5779247,
tdc_vdss_lombardo,"Chemprop v2 (D-MPNN + Selected descriptors, ensemble=3)",Chemprop v2,train,698,CC(=O)C1CCC2C3CCC4CC(O)CCC4(C)C3CCC12C,2.0,4.522359,
tdc_vdss_lombardo,"Chemprop v2 (D-MPNN + Selected descriptors, ensemble=3)",Chemprop v2,train,699,CCCCc1oc2ccccc2c1C(=O)c1cc(I)c(OCC[NH+](CC)CC)c(I)c1,60.0,7.796612,
tdc_vdss_lombardo,"Chemprop v2 (D-MPNN + Selected descriptors, ensemble=3)",Chemprop v2,train,700,CCCCc1oc2ccc([N-]S(C)(=O)=O)cc2c1C(=O)c1ccc(OCCC[NH+](CCCC)CCCC)cc1,20.0,7.9275475,
tdc_vdss_lombardo,"Chemprop v2 (D-MPNN + Selected descriptors, ensemble=3)",Chemprop v2,train,701,C[NH+](C)CCCC1(c2ccc(F)cc2)OCc2cc(C#N)ccc21,12.0,2.9269316,
tdc_vdss_lombardo,"Chemprop v2 (D-MPNN + Selected descriptors, ensemble=3)",Chemprop v2,train,702,OC(CC[NH+]1CCCCC1)(c1ccccc1)C1CC2C=CC1C2,12.0,7.292003,
tdc_vdss_lombardo,"Chemprop v2 (D-MPNN + Selected descriptors, ensemble=3)",Chemprop v2,train,703,CC12CC3(O)OC(O1)C1(COC(=O)c4ccccc4)C3CC21OC1OC(CO)C(O)C(O)C1O,0.22,0.8356543,
tdc_vdss_lombardo,"Chemprop v2 (D-MPNN + Selected descriptors, ensemble=3)",Chemprop v2,train,704,C[NH2+]C1CCc2[nH]c3ccc(C(N)=O)cc3c2C1,3.6,3.4118423,
tdc_vdss_lombardo,"Chemprop v2 (D-MPNN + Selected descriptors, ensemble=3)",Chemprop v2,train,705,COc1cc2c(cc1OC)CN(c1cc(N)c3cc(OC)c(OC)cc3[nH+]1)CC2,6.3,5.2266946,
tdc_vdss_lombardo,"Chemprop v2 (D-MPNN + Selected descriptors, ensemble=3)",Chemprop v2,train,706,NC(=[NH2+])NCCCCC1NC(=O)CCSSCC(C(N)=O)NC(=O)C2CCCN2C(=O)C(Cc2c[nH]c3ccccc23)NC(=O)C(CC(=O)[O-])NC(=O)CNC1=O,0.17,0.88721985,
tdc_vdss_lombardo,"Chemprop v2 (D-MPNN + Selected descriptors, ensemble=3)",Chemprop v2,train,707,CC1OC(OC2C(CO)OC(OC(C(O)CO)C(O)C(O)C=O)C(O)C2O)C(O)C(O)C1NC1C=C(CO)C(O)C(O)C1O,0.32,1.3722287,
tdc_vdss_lombardo,"Chemprop v2 (D-MPNN + Selected descriptors, ensemble=3)",Chemprop v2,train,708,CC(Oc1ccc(Oc2cnc3ccc(Cl)cc3n2)cc1)C(=O)[O-],0.19,0.064580046,
tdc_vdss_lombardo,"Chemprop v2 (D-MPNN + Selected descriptors, ensemble=3)",Chemprop v2,train,709,C[NH2+]CC(O)CC12CCC(c3ccccc31)c1ccccc12,18.8,3.0922873,
tdc_vdss_lombardo,"Chemprop v2 (D-MPNN + Selected descriptors, ensemble=3)",Chemprop v2,train,710,C[NH2+]CCCC12CCC(c3ccccc31)c1ccccc12,45.0,8.717698,
tdc_vdss_lombardo,"Chemprop v2 (D-MPNN + Selected descriptors, ensemble=3)",Chemprop v2,train,711,Nc1nc2c(ncn2COC(CO)CO)c(=O)[nH]1,1.0,2.1364243,
tdc_vdss_lombardo,"Chemprop v2 (D-MPNN + Selected descriptors, ensemble=3)",Chemprop v2,train,712,Nc1nc2c(ncn2COCCO)c(=O)[nH]1,0.71,1.3845388,
tdc_vdss_lombardo,"Chemprop v2 (D-MPNN + Selected descriptors, ensemble=3)",Chemprop v2,train,713,C[NH+]1C[C@H](C(=O)N[C@]2(C)O[C@@]3(O)[C@@H]4CCCN4C(=O)[C@H](Cc4ccccc4)N3C2=O)C[C@@H]2c3cccc4[nH]cc(c34)C[C@H]21,0.33,7.0633793,
tdc_vdss_lombardo,"Chemprop v2 (D-MPNN + Selected descriptors, ensemble=3)",Chemprop v2,train,714,COc1cc2c(N)nc(N3CCN(C(=O)OCC(C)(C)O)CC3)nc2c(OC)c1OC,0.18,4.467796,
tdc_vdss_lombardo,"Chemprop v2 (D-MPNN + Selected descriptors, ensemble=3)",Chemprop v2,train,715,COc1cc2nc(N3CCN(C(=O)C(C)OC)CC3)nc(N)c2cc1OC,0.44,2.704113,
tdc_vdss_lombardo,"Chemprop v2 (D-MPNN + Selected descriptors, ensemble=3)",Chemprop v2,train,716,CCc1nc(N)nc(N)c1-c1ccc(Cl)cc1,0.43,3.612154,
tdc_vdss_lombardo,"Chemprop v2 (D-MPNN + Selected descriptors, ensemble=3)",Chemprop v2,train,717,CC(=O)C1(O)Cc2c(O)c3c(c(O)c2C(OC2CC(N4CC4)C(OS(C)(=O)=O)C(C)O2)C1)C(=O)c1ccccc1C3=O,2.95,7.9172006,
tdc_vdss_lombardo,"Chemprop v2 (D-MPNN + Selected descriptors, ensemble=3)",Chemprop v2,train,718,C[NH+]1CCC23CCCCC2C1Cc1ccc(O)cc13,11.5,5.1362567,
tdc_vdss_lombardo,"Chemprop v2 (D-MPNN + Selected descriptors, ensemble=3)",Chemprop v2,train,719,CCCn1c(=O)c2nc(C34CC5CC(CC3C5)C4)[nH]c2n(CCC)c1=O,4.3,6.4975357,
tdc_vdss_lombardo,"Chemprop v2 (D-MPNN + Selected descriptors, ensemble=3)",Chemprop v2,train,720,C[NH+](C)CCOC1(c2ccccc2)CC2CCC1(C)C2(C)C,7.7,3.2535784,
tdc_vdss_lombardo,"Chemprop v2 (D-MPNN + Selected descriptors, ensemble=3)",Chemprop v2,train,721,CSc1ccc(C(=O)c2[nH]c(=O)[nH]c2C)cc1,1.39,0.66621345,
tdc_vdss_lombardo,"Chemprop v2 (D-MPNN + Selected descriptors, ensemble=3)",Chemprop v2,train,722,CSc1ccc(C(=O)c2[nH]c(=O)[nH]c2C)cc1,1.8,0.66621345,
tdc_vdss_lombardo,"Chemprop v2 (D-MPNN + Selected descriptors, ensemble=3)",Chemprop v2,train,723,N=C(N)NC(=O)c1cnn(-c2cccc3ncccc23)c1C1CC1,1.7,0.6257615,
tdc_vdss_lombardo,"Chemprop v2 (D-MPNN + Selected descriptors, ensemble=3)",Chemprop v2,train,724,CC(c1ncncc1F)C(O)(Cn1cncn1)c1ccc(F)cc1F,2.2,4.680846,
tdc_vdss_lombardo,"Chemprop v2 (D-MPNN + Selected descriptors, ensemble=3)",Chemprop v2,train,725,CO/N=C(/C(=O)NC1C(=O)N2C(C(=O)[O-])=C(C[N+]34CCC(C(N)=O)(CC3)CC4)CSC12)c1nsc(N)n1,0.27,2.2096546,
tdc_vdss_lombardo,"Chemprop v2 (D-MPNN + Selected descriptors, ensemble=3)",Chemprop v2,train,726,N#CC(CCN1CCC(C(N)=O)([NH+]2CCCCC2)CC1)(c1ccccc1)c1ccccc1,4.7,8.303621,
tdc_vdss_lombardo,"Chemprop v2 (D-MPNN + Selected descriptors, ensemble=3)",Chemprop v2,train,727,C[NH+]1CCN(c2ncc(-c3cc(Cl)cc(Cl)c3Cl)c(N)n2)CC1,24.0,8.560623,
tdc_vdss_lombardo,"Chemprop v2 (D-MPNN + Selected descriptors, ensemble=3)",Chemprop v2,train,728,C[NH+]1CCN(c2ncc(-c3cc(Cl)cc(Cl)c3Cl)c(N)n2)CC1,15.31,8.560622,
tdc_vdss_lombardo,"Chemprop v2 (D-MPNN + Selected descriptors, ensemble=3)",Chemprop v2,train,729,Cn1c(=O)c2c(ncn2CC2OCCO2)n(C)c1=O,1.03,2.4653447,
tdc_vdss_lombardo,"Chemprop v2 (D-MPNN + Selected descriptors, ensemble=3)",Chemprop v2,train,730,CN1C(=O)NC(=O)C(C)(C2=CCCCC2)C1=O,1.1,1.593844,
tdc_vdss_lombardo,"Chemprop v2 (D-MPNN + Selected descriptors, ensemble=3)",Chemprop v2,train,731,CC1CC2C3CCC4=CC(=O)C=CC4(C)C3=CCC2(C)C1C(=O)C[NH+]1CCN(c2cc(N3CCCC3)[nH+]c(N3CCCC3)n2)CC1,9.8,2.6236448,
tdc_vdss_lombardo,"Chemprop v2 (D-MPNN + Selected descriptors, ensemble=3)",Chemprop v2,train,732,[NH3+]C1(C(=O)[O-])CC1,0.73,1.375014,
tdc_vdss_lombardo,"Chemprop v2 (D-MPNN + Selected descriptors, ensemble=3)",Chemprop v2,train,733,CC1(C)CC1C(=O)N/C(=C\CCCCSCC([NH3+])C(=O)[O-])C(=O)[O-],0.15,2.6018653,
tdc_vdss_lombardo,"Chemprop v2 (D-MPNN + Selected descriptors, ensemble=3)",Chemprop v2,train,734,CS(=O)(=O)c1ccc(C2=C(c3ccccc3)C(=O)OC2)cc1,1.3,-1.5627602,
tdc_vdss_lombardo,"Chemprop v2 (D-MPNN + Selected descriptors, ensemble=3)",Chemprop v2,train,735,COc1ccccc1OCC[NH2+]CC(O)COc1cccc2[nH]c3ccccc3c12,1.3,2.9035213,
tdc_vdss_lombardo,"Chemprop v2 (D-MPNN + Selected descriptors, ensemble=3)",Chemprop v2,train,736,C[NH+]1CCN(CCCCN2C(=O)CN(/N=C/c3ccc(-c4ccc(Cl)cc4)o3)C2=O)CC1,13.0,5.8416533,
tdc_vdss_lombardo,"Chemprop v2 (D-MPNN + Selected descriptors, ensemble=3)",Chemprop v2,train,737,CC(OC1OCCN(Cc2n[nH]c(=O)[nH]2)C1c1ccc(F)cc1)c1cc(C(F)(F)F)cc(C(F)(F)F)c1,0.94,4.1340947,
tdc_vdss_lombardo,"Chemprop v2 (D-MPNN + Selected descriptors, ensemble=3)",Chemprop v2,train,738,CC(OC1OCCN(Cc2nn(P(=O)([O-])[O-])c(=O)[nH]2)C1c1ccc(F)cc1)c1cc(C(F)(F)F)cc(C(F)(F)F)c1,0.07,3.9152954,
tdc_vdss_lombardo,"Chemprop v2 (D-MPNN + Selected descriptors, ensemble=3)",Chemprop v2,train,739,Cc1cccc(C(C)c2cnc[nH]2)c1C,1.6,3.714162,
tdc_vdss_lombardo,"Chemprop v2 (D-MPNN + Selected descriptors, ensemble=3)",Chemprop v2,train,740,O=c1n(CCCN2CCN(c3cccc(Cl)c3)CC2)nc2ccccn12,0.52,4.1828523,
tdc_vdss_lombardo,"Chemprop v2 (D-MPNN + Selected descriptors, ensemble=3)",Chemprop v2,train,741,O=C(OC1C[NH+]2CCC1CC2)N1CCc2ccccc2C1c1ccccc1,8.2,6.3967957,
tdc_vdss_lombardo,"Chemprop v2 (D-MPNN + Selected descriptors, ensemble=3)",Chemprop v2,train,742,CN1c2ccccc2C(NCCCCCCC(=O)[O-])c2ccc(Cl)cc2S1(=O)=O,0.3,5.441817,
tdc_vdss_lombardo,"Chemprop v2 (D-MPNN + Selected descriptors, ensemble=3)",Chemprop v2,train,743,CC(C)(O)c1ccccc1CCC(SCC1(CC(=O)[O-])CC1)c1cccc(/C=C/c2ccc3ccc(Cl)cc3n2)c1,0.15,4.2433987,
tdc_vdss_lombardo,"Chemprop v2 (D-MPNN + Selected descriptors, ensemble=3)",Chemprop v2,train,744,CC(Oc1cc(-n2cnc3ccc(CN4CC[NH+](C)CC4)cc32)sc1C(N)=O)c1ccccc1C(F)(F)F,12.0,6.2688637,
tdc_vdss_lombardo,"Chemprop v2 (D-MPNN + Selected descriptors, ensemble=3)",Chemprop v2,train,745,CC(C(O)(Cn1cncn1)c1ccc(F)cc1F)S(C)(=O)=O,0.62,3.2144916,
tdc_vdss_lombardo,"Chemprop v2 (D-MPNN + Selected descriptors, ensemble=3)",Chemprop v2,train,746,CNC1C(O)C([NH2+]C)C2OC3(O)C(=O)CC(C)OC3OC2C1O,0.13,2.7164335,
tdc_vdss_lombardo,"Chemprop v2 (D-MPNN + Selected descriptors, ensemble=3)",Chemprop v2,train,747,CCCCC1CC(=O)C2(O)OC3C([NH2+]C)C(O)C(NC)C(O)C3OC2O1,0.7,1.0443176,
tdc_vdss_lombardo,"Chemprop v2 (D-MPNN + Selected descriptors, ensemble=3)",Chemprop v2,train,748,Cc1cn(C2C=CC(CO)O2)c(=O)[nH]c1=O,0.67,1.2370898,
tdc_vdss_lombardo,"Chemprop v2 (D-MPNN + Selected descriptors, ensemble=3)",Chemprop v2,train,749,Nc1cc[nH+]cc1,2.6,4.5440316,
tdc_vdss_lombardo,"Chemprop v2 (D-MPNN + Selected descriptors, ensemble=3)",Chemprop v2,train,750,CN(C)C(=O)Oc1ccc[n+](C)c1,1.1,1.1198064,
tdc_vdss_lombardo,"Chemprop v2 (D-MPNN + Selected descriptors, ensemble=3)",Chemprop v2,train,751,C[n+]1ccccc1/C=N/O,0.8,2.1872127,
tdc_vdss_lombardo,"Chemprop v2 (D-MPNN + Selected descriptors, ensemble=3)",Chemprop v2,train,752,Cc1ncc([N+](=O)[O-])n1CC(O)CN1CCOCC1,0.75,3.4079456,
tdc_vdss_lombardo,"Chemprop v2 (D-MPNN + Selected descriptors, ensemble=3)",Chemprop v2,train,753,Cc1c[nH+]c(NCCC[NH+](C)C)c2c1[nH]c1ccc3cc(O)ccc3c12,11.0,5.108797,
tdc_vdss_lombardo,"Chemprop v2 (D-MPNN + Selected descriptors, ensemble=3)",Chemprop v2,train,754,CC(C1=C(CC[NH+](C)[14CH3])Cc2ccccc21)c1cnccn1,1.86,4.65747,
tdc_vdss_lombardo,"Chemprop v2 (D-MPNN + Selected descriptors, ensemble=3)",Chemprop v2,train,755,Cc1ccc(Nc2nccc(N(C)c3ccc4c(C)n(C)nc4c3)n2)cc1S(N)(=O)=O,0.16,1.9474665,
tdc_vdss_lombardo,"Chemprop v2 (D-MPNN + Selected descriptors, ensemble=3)",Chemprop v2,train,756,O=C([O-])C(CCc1ccccc1)[NH2+]C1CCCN2CCCC(C(=O)[O-])N2C1=O,3.7,2.2615151,
tdc_vdss_lombardo,"Chemprop v2 (D-MPNN + Selected descriptors, ensemble=3)",Chemprop v2,train,757,CNC(=O)Nc1c(OCCN2CCCC2)c(OC)c2occc2c1OC,0.8,3.9779136,
tdc_vdss_lombardo,"Chemprop v2 (D-MPNN + Selected descriptors, ensemble=3)",Chemprop v2,train,758,CCOC(=O)C1(c2ccccc2)CCC=CC1[NH2+]C,2.5,1.3900862,
tdc_vdss_lombardo,"Chemprop v2 (D-MPNN + Selected descriptors, ensemble=3)",Chemprop v2,train,759,CCOC(=O)C1(c2ccccc2)CCC=CC1[NH+](C)C,4.0,1.1801016,
tdc_vdss_lombardo,"Chemprop v2 (D-MPNN + Selected descriptors, ensemble=3)",Chemprop v2,train,760,O=C1OC(C(O)CO)C([O-])=C1O,0.35,1.1478733,
tdc_vdss_lombardo,"Chemprop v2 (D-MPNN + Selected descriptors, ensemble=3)",Chemprop v2,train,761,C[NH+](C)CCNC(=O)c1cccc2cc3ccccc3nc12,3.41,3.8087492,
tdc_vdss_lombardo,"Chemprop v2 (D-MPNN + Selected descriptors, ensemble=3)",Chemprop v2,train,762,COc1cc(C2c3cc4c(cc3C(OC3OC5COC(c6cccs6)OC5C(O)C3O)C3COC(=O)C23)OCO4)cc(OC)c1O,0.41,6.0088353,
tdc_vdss_lombardo,"Chemprop v2 (D-MPNN + Selected descriptors, ensemble=3)",Chemprop v2,train,763,O=C([O-])CC(O)CC(O)/C=C/c1c(C2CC2)nc2ccccc2c1-c1ccc(F)cc1,0.9,3.1677446,
tdc_vdss_lombardo,"Chemprop v2 (D-MPNN + Selected descriptors, ensemble=3)",Chemprop v2,train,764,CC[C@H](CO)NC(=O)[C@H]1C=C2c3cccc4[nH]cc(c34)C[C@@H]2N(C)C1,0.96,3.057307,
tdc_vdss_lombardo,"Chemprop v2 (D-MPNN + Selected descriptors, ensemble=3)",Chemprop v2,train,765,CCN(CC)C(=O)N[C@H]1C=C2c3cccc4[nH]cc(c34)C[C@H]2N(C)C1,1.73,0.3725795,
tdc_vdss_lombardo,"Chemprop v2 (D-MPNN + Selected descriptors, ensemble=3)",Chemprop v2,train,766,CC(C)COCC(CN(Cc1ccccc1)c1ccccc1)[NH+]1CCCC1,10.1,3.1746643,
tdc_vdss_lombardo,"Chemprop v2 (D-MPNN + Selected descriptors, ensemble=3)",Chemprop v2,train,767,CC[NH+](CC)CCCC(C)Nc1c2ccc(Cl)cc2[nH+]c2ccc(OC)cc12,45.0,24.739923,
tdc_vdss_lombardo,"Chemprop v2 (D-MPNN + Selected descriptors, ensemble=3)",Chemprop v2,train,768,Fc1ccc(C2CC[NH2+]CC2COc2ccc3c(c2)OCO3)cc1,18.0,4.0169606,
tdc_vdss_lombardo,"Chemprop v2 (D-MPNN + Selected descriptors, ensemble=3)",Chemprop v2,train,769,O=C([O-])C1/C(=C/CO)OC2CC(=O)N21,0.22,0.9393298,
tdc_vdss_lombardo,"Chemprop v2 (D-MPNN + Selected descriptors, ensemble=3)",Chemprop v2,train,770,C[NH+]1CC2c3ccccc3Oc3ccc(Cl)cc3C2C1,23.0,6.5856004,
tdc_vdss_lombardo,"Chemprop v2 (D-MPNN + Selected descriptors, ensemble=3)",Chemprop v2,train,771,COc1cc(C(=O)C(=O)N2CCCCC2C(=O)OC(CCCc2cccnc2)CCCc2cccnc2)cc(OC)c1OC,1.34,3.6025963,
tdc_vdss_lombardo,"Chemprop v2 (D-MPNN + Selected descriptors, ensemble=3)",Chemprop v2,train,772,CC1C[NH+](C2CCC(C#N)(c3ccc(F)cc3)CC2)CCC1(C(=O)[O-])c1ccccc1,1.17,0.44397593,
tdc_vdss_lombardo,"Chemprop v2 (D-MPNN + Selected descriptors, ensemble=3)",Chemprop v2,train,773,Cc1cc(O)c2c(=O)c3c(O)cc([O-])c4c5c([O-])cc(O)c6c(=O)c7c(O)cc(C)c8c1c2c(c34)c(c78)c65,0.25,3.7114308,
tdc_vdss_lombardo,"Chemprop v2 (D-MPNN + Selected descriptors, ensemble=3)",Chemprop v2,train,774,Cc1cc(O)c2c(=O)c3c(O)cc([O-])c4c5c([O-])cc(O)c6c(=O)c7c(O)cc(CO)c8c1c2c(c34)c(c65)c78,0.56,2.826196,
tdc_vdss_lombardo,"Chemprop v2 (D-MPNN + Selected descriptors, ensemble=3)",Chemprop v2,train,775,C[NH+]1CCN2c3ccccc3Cc3ccccc3C2C1,13.75,6.705176,
tdc_vdss_lombardo,"Chemprop v2 (D-MPNN + Selected descriptors, ensemble=3)",Chemprop v2,train,776,CCC(=O)N(c1ccccc1)C1(COC)CCN(CCn2nnn(CC)c2=O)CC1,0.45,4.7797103,
tdc_vdss_lombardo,"Chemprop v2 (D-MPNN + Selected descriptors, ensemble=3)",Chemprop v2,train,777,CC(C)CC(NC(=O)C(Cc1ccc2ccccc2c1)NC(=O)C(Cc1ccc(O)cc1)NC(=O)C(CO)NC(=O)C(Cc1c[nH]c2ccccc12)NC(=O)C(Cc1c[nH]cn1)NC(=O)C1CCC(=O)N1)C(=O)NC(CCCNC(N)=[NH2+])C(=O)N1CCCC1C(=O)NCC(N)=O,0.14,3.985161,
tdc_vdss_lombardo,"Chemprop v2 (D-MPNN + Selected descriptors, ensemble=3)",Chemprop v2,train,778,COc1cccc2c1C(=N)c1c(O)c3c(c(O)c1C2=O)C[C@@](O)(C(=O)CO)C[C@@H]3O[C@H]1C[C@H](N)[C@H](O)[C@H](C)O1,15.45,14.692955,
tdc_vdss_lombardo,"Chemprop v2 (D-MPNN + Selected descriptors, ensemble=3)",Chemprop v2,train,779,C=CCNc1nc(NCC=C)nc(N2CCN(C(c3ccc(F)cc3)c3ccc(F)cc3)CC2)n1,35.37,11.9921465,
tdc_vdss_lombardo,"Chemprop v2 (D-MPNN + Selected descriptors, ensemble=3)",Chemprop v2,train,780,COc1cccc2c(C(=O)N3CC[NH+](C)C(C)C3)cn(CC3CCCCC3)c12,1.0,3.8337486,
tdc_vdss_lombardo,"Chemprop v2 (D-MPNN + Selected descriptors, ensemble=3)",Chemprop v2,train,781,COc1ccc(Cl)cc1C1(F)C(=O)[N-]c2cc(C(F)(F)F)ccc21,10.0,3.71558,
tdc_vdss_lombardo,"Chemprop v2 (D-MPNN + Selected descriptors, ensemble=3)",Chemprop v2,train,782,CCC(C)C1NC(=O)C(NC(=O)C(CC(C)C)N(C)C(=O)C2CCCN2C(=O)C(C)=O)C(C)OC(=O)C(Cc2ccc(OC)cc2)N(C)C(=O)C2CCCN2C(=O)C(CC(C)C)NC(=O)C(C)C(=O)C(C(C)C)OC(=O)CC1O,13.3,8.009385,
tdc_vdss_lombardo,"Chemprop v2 (D-MPNN + Selected descriptors, ensemble=3)",Chemprop v2,train,783,O=C([O-])Cc1ccccc1Nc1c(Cl)cccc1Cl,0.22,-0.2415436,
tdc_vdss_lombardo,"Chemprop v2 (D-MPNN + Selected descriptors, ensemble=3)",Chemprop v2,train,784,CCCCC/C=C/CCC(=O)NC1C(Oc2c3cc4cc2Oc2ccc(cc2Cl)C(OC2OC(CO)C(O)C(O)C2NC(C)=O)C2NC(=O)C(NC(=O)C4NC(=O)C4NC(=O)C(Cc5ccc(c(Cl)c5)O3)NC(=O)C(N)c3ccc(O)c(c3)Oc3cc(O)cc4c3)c3ccc(O)c(c3)-c3c(OC4OC(CO)C(O)C(O)C4O)cc(O)cc3C(C(=O)[O-])NC2=O)OC(CO)C(O)C1O,0.92,1.3773184,
tdc_vdss_lombardo,"Chemprop v2 (D-MPNN + Selected descriptors, ensemble=3)",Chemprop v2,train,785,CC(=O)N[C@H]1[C@H](O[C@@H]2c3ccc(c(Cl)c3)Oc3cc4cc(c3O[C@@H]3O[C@H](CO)[C@@H](O)[C@H](O)[C@H]3NC(=O)CCCCCCC(C)C)Oc3ccc(cc3Cl)C[C@H]3NC(=O)[C@H](N)c5ccc(O)c(c5)Oc5cc(O)cc(c5)[C@H](NC3=O)C(=O)N[C@H]4C(=O)N[C@H]3C(=O)N[C@@H]2C(=O)N[C@H](C(=O)[O-])c2cc(O)cc(O[C@H]4O[C@H](CO)[C@@H](O)[C@H](O)[C@@H]4O)c2-c2cc3ccc2O)O[C@H](CO)[C@@H](O)[C@@H]1O,0.83,0.84006995,
tdc_vdss_lombardo,"Chemprop v2 (D-MPNN + Selected descriptors, ensemble=3)",Chemprop v2,train,786,CCCCCCCCCC(=O)N[C@H]1[C@H](Oc2c3cc4cc2Oc2ccc(cc2Cl)[C@@H](O[C@@H]2O[C@H](CO)[C@@H](O)[C@H](O)[C@H]2NC(C)=O)[C@@H]2NC(=O)[C@H](NC(=O)[C@@H]4NC(=O)[C@H]4NC(=O)[C@@H](Cc5ccc(c(Cl)c5)O3)NC(=O)[C@H](N)c3ccc(O)c(c3)Oc3cc(O)cc4c3)c3ccc(O)c(c3)-c3c(O[C@H]4O[C@H](CO)[C@@H](O)[C@H](O)[C@@H]4O)cc(O)cc3[C@@H](C(=O)[O-])NC2=O)O[C@H](CO)[C@@H](O)[C@@H]1O,0.57,1.1217717,
tdc_vdss_lombardo,"Chemprop v2 (D-MPNN + Selected descriptors, ensemble=3)",Chemprop v2,train,787,CCC(C)CCCCCCC(=O)NC1C(Oc2c3cc4cc2Oc2ccc(cc2Cl)C(OC2OC(CO)C(O)C(O)C2NC(C)=O)C2NC(=O)C(NC(=O)C4NC(=O)C4NC(=O)C(Cc5ccc(c(Cl)c5)O3)NC(=O)C(N)c3ccc(O)c(c3)Oc3cc(O)cc4c3)c3ccc(O)c(c3)-c3c(OC4OC(CO)C(O)C(O)C4O)cc(O)cc3C(C(=O)[O-])NC2=O)OC(CO)C(O)C1O,0.57,1.0055997,
tdc_vdss_lombardo,"Chemprop v2 (D-MPNN + Selected descriptors, ensemble=3)",Chemprop v2,train,788,CC(=O)N[C@H]1[C@H](O[C@@H]2c3ccc(c(Cl)c3)Oc3cc4cc(c3O[C@@H]3O[C@H](CO)[C@@H](O)[C@H](O)[C@H]3NC(=O)CCCCCCCC(C)C)Oc3ccc(cc3Cl)C[C@H]3NC(=O)[C@H](N)c5ccc(O)c(c5)Oc5cc(O)cc(c5)[C@H](NC3=O)C(=O)N[C@H]4C(=O)N[C@H]3C(=O)N[C@@H]2C(=O)N[C@H](C(=O)[O-])c2cc(O)cc(O[C@H]4O[C@H](CO)[C@@H](O)[C@H](O)[C@@H]4O)c2-c2cc3ccc2O)O[C@H](CO)[C@@H](O)[C@@H]1O,0.42,1.002343,
tdc_vdss_lombardo,"Chemprop v2 (D-MPNN + Selected descriptors, ensemble=3)",Chemprop v2,train,789,Cc1nc(=O)c(C#N)c(NCc2cccnc2)[nH]1,0.39,4.106964,
tdc_vdss_lombardo,"Chemprop v2 (D-MPNN + Selected descriptors, ensemble=3)",Chemprop v2,train,790,CNC1=Nc2ccc(Cl)cc2C(c2ccccc2)=[N+]([O-])C1,0.25,2.2153046,
tdc_vdss_lombardo,"Chemprop v2 (D-MPNN + Selected descriptors, ensemble=3)",Chemprop v2,train,791,CN(C(=O)Cc1cccc2sccc12)C1CCCCC1[NH+]1CCCC1,1.1,6.158602,
tdc_vdss_lombardo,"Chemprop v2 (D-MPNN + Selected descriptors, ensemble=3)",Chemprop v2,train,792,CC1CN(c2c(F)c(N)c3c(=O)c(C(=O)[O-])cn(C4CC4)c3c2F)CC(C)[NH2+]1,3.9,2.334943,
tdc_vdss_lombardo,"Chemprop v2 (D-MPNN + Selected descriptors, ensemble=3)",Chemprop v2,train,793,COc1c(N2CC[NH2+]C(C)C2)c(F)cc2c(=O)c(C(=O)[O-])cn(C3CC3)c12,1.7,2.1904342,
tdc_vdss_lombardo,"Chemprop v2 (D-MPNN + Selected descriptors, ensemble=3)",Chemprop v2,train,794,O=C([O-])c1cn(C2CC2)c2cc(N3CC[NH2+]CC3)c(F)cc2c1=O,2.1,3.752426,
tdc_vdss_lombardo,"Chemprop v2 (D-MPNN + Selected descriptors, ensemble=3)",Chemprop v2,train,795,CC1CN(c2c(F)cc3c(=O)c(C(=O)[O-])cn(C4CC4)c3c2OC(F)F)CC[NH2+]1,1.1,2.7781212,
tdc_vdss_lombardo,"Chemprop v2 (D-MPNN + Selected descriptors, ensemble=3)",Chemprop v2,train,796,CCC1(O)CC2CN(CCc3c([nH]c4ccccc34)C(C(=O)OC)(c3cc4c(cc3OC)N(C)C3C(O)(C(=O)OC)C(OC(C)=O)C5(CC)C=CCN6CCC43C65)C2)C1,28.0,9.846377,
tdc_vdss_lombardo,"Chemprop v2 (D-MPNN + Selected descriptors, ensemble=3)",Chemprop v2,train,797,CCC1(O)CC2CN(CCc3c([nH]c4ccccc34)C(C(=O)OC)(c3cc4c(cc3OC)N(C=O)C3C(O)(C(=O)OC)C(OC(C)=O)C5(CC)C=CCN6CCC43C65)C2)C1,2.4,5.6547112,
tdc_vdss_lombardo,"Chemprop v2 (D-MPNN + Selected descriptors, ensemble=3)",Chemprop v2,train,798,CC(=O)OC1CC2CCC3C(CCC4(C)C3CC([N+]3(C)CCCCC3)C4OC(C)=O)C2(C)CC1[NH+]1CCCCC1,0.3,5.7296104,
tdc_vdss_lombardo,"Chemprop v2 (D-MPNN + Selected descriptors, ensemble=3)",Chemprop v2,train,799,CC(=O)OC1CC2CCC3C(CCC4(C)C3CC([N+]3(C)CCCCC3)C4OC(C)=O)C2(C)CC1[N+]1(C)CCCCC1,0.2,7.0040154,
tdc_vdss_lombardo,"Chemprop v2 (D-MPNN + Selected descriptors, ensemble=3)",Chemprop v2,train,800,CCc1ccc(Cc2ccc3c(c2)C2(OC3)OC(CO)C(O)C(O)C2O)cc1,0.63,3.8627827,
tdc_vdss_lombardo,"Chemprop v2 (D-MPNN + Selected descriptors, ensemble=3)",Chemprop v2,train,801,CC1=NS(=O)(=O)c2cc(Cl)ccc2N1,0.21,2.5295124,
tdc_vdss_lombardo,"Chemprop v2 (D-MPNN + Selected descriptors, ensemble=3)",Chemprop v2,train,802,CC(C)[NH2+]CC(O)COc1ccc(CCOCC2CC2)cc1,4.8,2.3965983,
tdc_vdss_lombardo,"Chemprop v2 (D-MPNN + Selected descriptors, ensemble=3)",Chemprop v2,train,803,CC(=O)OC1CC2(C)C(CC(O)C3C4(C)CCC(O)C(C)C4CCC32C)/C1=C(\CCC=C(C)C)C(=O)[O-],0.23,3.7482398,
tdc_vdss_lombardo,"Chemprop v2 (D-MPNN + Selected descriptors, ensemble=3)",Chemprop v2,train,804,COc1cc2c(cc1OC)CC(=O)N(CCC[NH+](C)CC1Cc3cc(OC)c(OC)cc31)CC2,1.66,5.4521103,
tdc_vdss_lombardo,"Chemprop v2 (D-MPNN + Selected descriptors, ensemble=3)",Chemprop v2,train,805,C[NH2+]CCC=C1c2ccccc2CCc2ccccc21,22.0,4.9249063,
tdc_vdss_lombardo,"Chemprop v2 (D-MPNN + Selected descriptors, ensemble=3)",Chemprop v2,train,806,C[NH+](C)CCC=C1c2ccccc2CCc2ccccc21,8.7,6.2942004,
tdc_vdss_lombardo,"Chemprop v2 (D-MPNN + Selected descriptors, ensemble=3)",Chemprop v2,train,807,NC(=O)OCC1C(NC(=O)/C(=N/OCC(=O)[O-])c2csc(N)n2)C(=O)N1S(=O)(=O)[O-],0.18,2.6905193,
tdc_vdss_lombardo,"Chemprop v2 (D-MPNN + Selected descriptors, ensemble=3)",Chemprop v2,train,808,CC1C(NC(=O)/C(=N\OC(C)(C)C(=O)[O-])c2csc(N)n2)C(=O)N1S(=O)(=O)[O-],0.18,0.41260266,
tdc_vdss_lombardo,"Chemprop v2 (D-MPNN + Selected descriptors, ensemble=3)",Chemprop v2,train,809,C=CC[NH+]1CCCC1CNC(=O)c1cc(S(=O)(=O)NC)c(N)cc1OC,2.3,7.4508653,
tdc_vdss_lombardo,"Chemprop v2 (D-MPNN + Selected descriptors, ensemble=3)",Chemprop v2,train,810,CC[NH+]1CCCC1CNC(=O)c1c([O-])c(Cl)cc(Cl)c1OC,1.1,4.965263,
tdc_vdss_lombardo,"Chemprop v2 (D-MPNN + Selected descriptors, ensemble=3)",Chemprop v2,train,811,CC[NH+]1CCCC1CNC(=O)c1c(OC)ccc(Br)c1OC,0.65,4.852984,
tdc_vdss_lombardo,"Chemprop v2 (D-MPNN + Selected descriptors, ensemble=3)",Chemprop v2,train,812,CC[NH+]1CCCC1CNC(=O)c1cc(S(N)(=O)=O)ccc1OC,0.94,4.208222,
tdc_vdss_lombardo,"Chemprop v2 (D-MPNN + Selected descriptors, ensemble=3)",Chemprop v2,train,813,CCN(CC)C(=O)C1(c2ccccc2)CC1C[NH3+],4.51,1.7135297,
tdc_vdss_lombardo,"Chemprop v2 (D-MPNN + Selected descriptors, ensemble=3)",Chemprop v2,train,814,CSCC(NC(=O)COc1cccc2cnccc12)C(=O)NC(Cc1ccccc1)C(O)C(=O)N1CSCC1C(=O)NC(C)(C)C,0.11,2.0390358,
tdc_vdss_lombardo,"Chemprop v2 (D-MPNN + Selected descriptors, ensemble=3)",Chemprop v2,train,815,CC(C)(C)c1nc[nH]c1/C=c1\[nH]c(=O)/c(=C/c2ccccc2)[n-]c1=O,3.0,3.4115689,
tdc_vdss_lombardo,"Chemprop v2 (D-MPNN + Selected descriptors, ensemble=3)",Chemprop v2,train,816,Cc1ccc(S(=O)(=O)[N-]C(=O)NN2CC3CCCC3C2)cc1,0.43,4.3742337,
tdc_vdss_lombardo,"Chemprop v2 (D-MPNN + Selected descriptors, ensemble=3)",Chemprop v2,train,817,[NH3+]CCCCC(NC(CCc1ccccc1)C(=O)[O-])C(=O)N1CCCC1C(=O)[O-],0.89,3.1859872,
tdc_vdss_lombardo,"Chemprop v2 (D-MPNN + Selected descriptors, ensemble=3)",Chemprop v2,train,818,N#CC1CCCN1C(=O)C[NH2+]C12CC3CC(CC(O)(C3)C1)C2,1.03,5.3930182,
tdc_vdss_lombardo,"Chemprop v2 (D-MPNN + Selected descriptors, ensemble=3)",Chemprop v2,train,819,C[NH+]1CCCC(n2nc(Cc3ccc(Cl)cc3)c3ccccc3c2=O)CC1,15.0,3.2729037,
tdc_vdss_lombardo,"Chemprop v2 (D-MPNN + Selected descriptors, ensemble=3)",Chemprop v2,train,820,NS(=O)(=O)c1cc(C2(O)NC(=O)c3ccccc32)ccc1Cl,3.9,1.8327847,
tdc_vdss_lombardo,"Chemprop v2 (D-MPNN + Selected descriptors, ensemble=3)",Chemprop v2,train,821,C[NH2+]C1(c2ccccc2Cl)CCCCC1=O,2.9,2.786132,
tdc_vdss_lombardo,"Chemprop v2 (D-MPNN + Selected descriptors, ensemble=3)",Chemprop v2,train,822,CNC(=O)c1cnn(-c2nc(N)c3ncn(C4OC(CO)C(O)C4O)c3n2)c1,0.94,5.171655,
tdc_vdss_lombardo,"Chemprop v2 (D-MPNN + Selected descriptors, ensemble=3)",Chemprop v2,train,823,CCCCCCC(C)(C)c1cc(O)c2c(c1)OC(C)(C)C1CC=C(CO)CC21,5.06,5.149305,
tdc_vdss_lombardo,"Chemprop v2 (D-MPNN + Selected descriptors, ensemble=3)",Chemprop v2,train,824,COc1cc2c(cc1OC)C(Cc1cc(OC)c(OC)c(OC)c1)[N+](C)(CCCOC(=O)CC/C=C\CCC(=O)OCCC[N+]1(C)CCc3cc(OC)c(OC)cc3C1Cc1cc(OC)c(OC)c(OC)c1)CC2,0.27,4.023855,
tdc_vdss_lombardo,"Chemprop v2 (D-MPNN + Selected descriptors, ensemble=3)",Chemprop v2,train,825,COc1cc(OC)c(C(=O)CCC[NH+]2CCCC2)c(OC)c1,1.3,5.108935,
tdc_vdss_lombardo,"Chemprop v2 (D-MPNN + Selected descriptors, ensemble=3)",Chemprop v2,train,826,COc1cc2c(c(OC)c1OC)-c1ccc(OC)c(=O)cc1C(NC(C)=O)CC2,6.1,2.3695328,
tdc_vdss_lombardo,"Chemprop v2 (D-MPNN + Selected descriptors, ensemble=3)",Chemprop v2,train,827,CCC(=O)OC(Cc1ccccc1)(c1ccccc1)C(C)C[NH+](C)C,12.0,1.0567671,
tdc_vdss_lombardo,"Chemprop v2 (D-MPNN + Selected descriptors, ensemble=3)",Chemprop v2,train,828,CC[C@H](C)[C@H](NC(=O)[C@H](CCCNC(N)=[NH2+])NC(=O)[C@H](CCCNC(N)=[NH2+])NC(=O)[C@H](CC(C)C)NC(=O)[C@H](Cc1ccccc1)NC(=O)CNC(=O)CNC(=O)[C@@H]([NH3+])Cc1ccc(O)cc1)C(=O)N[C@@H](CCCNC(N)=[NH2+])C(=O)N1CCC[C@H]1C(=O)N[C@@H](CCCC[NH3+])C(=O)N[C@@H](CC(C)C)C(=O)N[C@@H](CCCC[NH3+])C(=O)[O-],0.12,-1.9655122,
tdc_vdss_lombardo,"Chemprop v2 (D-MPNN + Selected descriptors, ensemble=3)",Chemprop v2,train,829,C=C1CCC2C(C)(COC(=O)CCC(=O)[O-])C(OC(=O)CCC(=O)[O-])CCC2(C)C1/C=C/C1=CCOC1=O,0.13,1.5143657,
tdc_vdss_lombardo,"Chemprop v2 (D-MPNN + Selected descriptors, ensemble=3)",Chemprop v2,train,830,COC1CC(OC2C(C)C(=O)OC(C)C(C)C(O)C(C)C(=O)C3(CO3)CC(C)C(OC3OC(C)CC([NH+](C)C)C3O)C2C)OC(C)C1O,0.77,6.2807546,
tdc_vdss_lombardo,"Chemprop v2 (D-MPNN + Selected descriptors, ensemble=3)",Chemprop v2,train,831,c1ccc(C2([NH+]3CCCCC3)CCCCC2)cc1,6.9,5.778143,
tdc_vdss_lombardo,"Chemprop v2 (D-MPNN + Selected descriptors, ensemble=3)",Chemprop v2,train,832,CC1CC2C3CC(F)C4=CC(=O)C=CC4(C)C3(F)C(O)CC2(C)C1(OC(=O)c1ccco1)C(=O)SCF,4.95,2.3345897,
tdc_vdss_lombardo,"Chemprop v2 (D-MPNN + Selected descriptors, ensemble=3)",Chemprop v2,train,833,CC1CC2C3CCC4=CC(=O)C=CC4(C)C3(Cl)C(O)CC2(C)C1(OC(=O)c1ccco1)C(=O)CCl,2.2,0.017167091,
tdc_vdss_lombardo,"Chemprop v2 (D-MPNN + Selected descriptors, ensemble=3)",Chemprop v2,train,834,CCOc1ccccc1OCC1C[NH2+]CCO1,0.73,2.4601972,
tdc_vdss_lombardo,"Chemprop v2 (D-MPNN + Selected descriptors, ensemble=3)",Chemprop v2,train,835,N#CC(OC1OC(COC2OC(CO)C(O)C(O)C2O)C(O)C(O)C1O)c1ccccc1,0.21,2.5184355,
tdc_vdss_lombardo,"Chemprop v2 (D-MPNN + Selected descriptors, ensemble=3)",Chemprop v2,train,836,Cc1cccnc1NS(=O)(=O)c1ccc(C#Cc2ccc(O)c(C(=O)[O-])c2)cc1,0.1,2.863932,
tdc_vdss_lombardo,"Chemprop v2 (D-MPNN + Selected descriptors, ensemble=3)",Chemprop v2,train,837,CCC1(O)C(=O)OCc2c1cc1n(c2=O)Cc2cc3c(N)cccc3nc2-1,2.2,2.1407092,
tdc_vdss_lombardo,"Chemprop v2 (D-MPNN + Selected descriptors, ensemble=3)",Chemprop v2,train,838,CCC1(O)C(=O)OCc2c1cc1n(c2=O)Cc2cc3c(C[NH+](C)C)c(O)ccc3nc2-1,1.8,1.7564664,
tdc_vdss_lombardo,"Chemprop v2 (D-MPNN + Selected descriptors, ensemble=3)",Chemprop v2,train,839,CCC1(O)C(=O)OCc2c1cc1n(c2=O)Cc2c-1nc1ccc(O)cc1c2[Si](C)(C)C(C)(C)C,0.47,4.080833,
tdc_vdss_lombardo,"Chemprop v2 (D-MPNN + Selected descriptors, ensemble=3)",Chemprop v2,train,840,Cc1cc(=O)n(-c2ccccc2)n1C,0.77,1.2696282,
tdc_vdss_lombardo,"Chemprop v2 (D-MPNN + Selected descriptors, ensemble=3)",Chemprop v2,train,841,CC(C)C[C@H]1C(=O)N2CCC[C@H]2[C@]2(O)O[C@@](C)(NC(=O)[C@@H]3C[C@@H]4c5cccc6[nH]cc(c56)C[C@H]4N(C)C3)C(=O)N12,4.02,6.469973,
tdc_vdss_lombardo,"Chemprop v2 (D-MPNN + Selected descriptors, ensemble=3)",Chemprop v2,train,842,COc1ccc(CCOC2CCCCC2[NH+]2CCC(O)C2)cc1OC,1.8,4.305103,
tdc_vdss_lombardo,"Chemprop v2 (D-MPNN + Selected descriptors, ensemble=3)",Chemprop v2,train,843,COC(C(=O)N1Cc2[nH]nc(NC(=O)c3ccc(N4CC[NH+](C)CC4)cc3)c2C1)c1ccccc1,2.5,5.5784893,
tdc_vdss_lombardo,"Chemprop v2 (D-MPNN + Selected descriptors, ensemble=3)",Chemprop v2,train,844,CO[C@@]1(NC(=O)[C@H](C(=O)O)c2ccsc2)C(=O)N2[C@@H](C(=O)O)C(C)(C)S[C@@H]21,0.11,2.8841712,
tdc_vdss_lombardo,"Chemprop v2 (D-MPNN + Selected descriptors, ensemble=3)",Chemprop v2,train,845,CC1(C)SC2C(NC(=O)C(C(=O)[O-])c3ccsc3)C(=O)N2C1C(=O)[O-],0.16,3.0019207,
tdc_vdss_lombardo,"Chemprop v2 (D-MPNN + Selected descriptors, ensemble=3)",Chemprop v2,train,846,NS(=O)(=O)c1cc(C(=O)[O-])c(NCc2ccco2)cc1Cl,0.12,1.1899326,
tdc_vdss_lombardo,"Chemprop v2 (D-MPNN + Selected descriptors, ensemble=3)",Chemprop v2,train,847,CC(C)c1nc(N(C)S(C)(=O)=O)nc(-c2ccc(F)cc2)c1/C=C/C(O)CC(O)CC(=O)[O-],1.7,3.5229385,
tdc_vdss_lombardo,"Chemprop v2 (D-MPNN + Selected descriptors, ensemble=3)",Chemprop v2,train,848,O=C(/C=C/c1ccc(C[NH+](CCO)CCc2c[nH]c3ccccc23)cc1)NO,2.17,9.616151,
tdc_vdss_lombardo,"Chemprop v2 (D-MPNN + Selected descriptors, ensemble=3)",Chemprop v2,train,849,CC12CCCCCC(Cc3ccc(O)cc31)C2[NH3+],5.6,3.8869781,
tdc_vdss_lombardo,"Chemprop v2 (D-MPNN + Selected descriptors, ensemble=3)",Chemprop v2,train,850,CC[C@H](C)[C@H](NC(=O)[C@H](CCC(=O)[O-])NC(=O)[C@H](CCC(=O)[O-])NC(=O)[C@H](Cc1ccccc1)NC(=O)[C@H](CC(=O)[O-])NC(=O)CNC(=O)[C@H](CC(N)=O)NC(=O)CNC(=O)CNC(=O)CNC(=O)CNC(=O)[C@@H]1CCCN1C(=O)[C@H](CCCNC(N)=[NH2+])NC(=O)[C@@H]1CCCN1C(=O)[C@H]([NH3+])Cc1ccccc1)C(=O)N1CCC[C@H]1C(=O)N[C@@H](CCC(=O)[O-])C(=O)N[C@@H](CCC(=O)[O-])C(=O)N[C@@H](Cc1ccc(O)cc1)C(=O)N[C@@H](CC(C)C)C(=O)[O-],0.27,-1.2199091,
tdc_vdss_lombardo,"Chemprop v2 (D-MPNN + Selected descriptors, ensemble=3)",Chemprop v2,train,851,CC1CC[NH+](CCCC(=O)c2ccc(F)cc2)CC1,14.0,4.8293953,
tdc_vdss_lombardo,"Chemprop v2 (D-MPNN + Selected descriptors, ensemble=3)",Chemprop v2,train,852,Cc1[nH+]ccn1CC1CCc2c(c3ccccc3n2C)C1=O,1.8,2.3403976,
tdc_vdss_lombardo,"Chemprop v2 (D-MPNN + Selected descriptors, ensemble=3)",Chemprop v2,train,853,CN(c1nc2ccccc2s1)C1CC[NH+](CC(O)COc2ccc(F)cc2)CC1,5.5,5.360953,
tdc_vdss_lombardo,"Chemprop v2 (D-MPNN + Selected descriptors, ensemble=3)",Chemprop v2,train,854,CN(c1nc2ccccc2s1)C1CC[NH+](CC(O)COc2ccc(F)c(F)c2)CC1,2.6,5.4124665,
tdc_vdss_lombardo,"Chemprop v2 (D-MPNN + Selected descriptors, ensemble=3)",Chemprop v2,train,855,COC(=O)CCC1[NH+]=C(c2ccccn2)c2cc(Br)ccc2-n2c(C)cnc21,0.44,2.3497276,
tdc_vdss_lombardo,"Chemprop v2 (D-MPNN + Selected descriptors, ensemble=3)",Chemprop v2,train,856,CC(O)C1C(=O)N2C(C(=O)[O-])=C(SC3CC(C(=O)N4CCC(NC(=O)CNC(N)=[NH2+])C4)N(C)C3)C(C)C12,0.23,4.7976327,
tdc_vdss_lombardo,"Chemprop v2 (D-MPNN + Selected descriptors, ensemble=3)",Chemprop v2,train,857,CCOC(=O)Nc1ccc(NCc2ccc(F)cc2)cc1N,2.5,1.9508572,
tdc_vdss_lombardo,"Chemprop v2 (D-MPNN + Selected descriptors, ensemble=3)",Chemprop v2,train,858,COc1cc(N)c(Cl)cc1C(=O)NC1CC[NH+](CCCOc2ccc(F)cc2)CC1OC,1.2,5.2332683,
tdc_vdss_lombardo,"Chemprop v2 (D-MPNN + Selected descriptors, ensemble=3)",Chemprop v2,train,859,CCC(=O)N(c1ccccc1)C1(C(=O)OC)CCN(CCC(=O)OC)CC1,0.4,4.876201,
tdc_vdss_lombardo,"Chemprop v2 (D-MPNN + Selected descriptors, ensemble=3)",Chemprop v2,train,860,O=C([O-])c1cc(N=Nc2ccc(S(=O)(=O)Nc3ccccn3)cc2)ccc1O,0.11,1.47468,
tdc_vdss_lombardo,"Chemprop v2 (D-MPNN + Selected descriptors, ensemble=3)",Chemprop v2,train,861,CCNC(=O)C1CCCN1C(=O)C(CCCNC(N)=[NH2+])NC(=O)C(CC(C)C)NC(=O)C(CC(C)C)NC(=O)C(Cc1ccc(O)cc1)NC(=O)C(CO)NC(=O)C(Cc1c[nH]c2ccccc12)NC(=O)C(Cc1c[nH]cn1)NC(=O)C1CCC(=O)N1,0.38,4.6370063,
tdc_vdss_lombardo,"Chemprop v2 (D-MPNN + Selected descriptors, ensemble=3)",Chemprop v2,train,862,COc1ccc(Cc2nccc3cc(OC)c(OC)cc23)cc1OC,1.0,2.2412753,
tdc_vdss_lombardo,"Chemprop v2 (D-MPNN + Selected descriptors, ensemble=3)",Chemprop v2,train,863,CC[NH+](CC)CCNc1ccc(CNC=O)c2sc3ccc(OC)cc3c(=O)c12,1.01,6.875197,
tdc_vdss_lombardo,"Chemprop v2 (D-MPNN + Selected descriptors, ensemble=3)",Chemprop v2,train,864,COC1(NC(=O)Cc2cccs2)C(=O)N2C(C(=O)[O-])=C(COC(N)=O)CSC21,0.17,3.3225527,
tdc_vdss_lombardo,"Chemprop v2 (D-MPNN + Selected descriptors, ensemble=3)",Chemprop v2,train,865,CC(=O)OCC1=C(C(=O)[O-])N2C(=O)C(NC(=O)Cc3cccs3)C2SC1,0.07,2.8919618,
tdc_vdss_lombardo,"Chemprop v2 (D-MPNN + Selected descriptors, ensemble=3)",Chemprop v2,train,866,COc1ccc(-c2nc3ccc(C4=NNC(=O)CC4C)cc3[nH]2)cc1,2.0,1.7912397,
tdc_vdss_lombardo,"Chemprop v2 (D-MPNN + Selected descriptors, ensemble=3)",Chemprop v2,train,867,O=C(NCCN1CCOCC1)c1ccc(Cl)cc1,1.1,2.8032582,
tdc_vdss_lombardo,"Chemprop v2 (D-MPNN + Selected descriptors, ensemble=3)",Chemprop v2,train,868,COc1ccc2cc1Oc1ccc(cc1)CC1(C)c3cc(c(OC)cc3CC[NH+]1C)Oc1c(OC)c(OC)c(Br)c3c1C(C)(C2)N(C)CC3,51.0,9.483363,
tdc_vdss_lombardo,"Chemprop v2 (D-MPNN + Selected descriptors, ensemble=3)",Chemprop v2,train,869,COc1ccccc1Oc1c([N-]S(=O)(=O)c2ccc(C(C)(C)C)cc2)nc(-c2ncccn2)nc1OCCO,0.29,3.0808184,
tdc_vdss_lombardo,"Chemprop v2 (D-MPNN + Selected descriptors, ensemble=3)",Chemprop v2,train,870,CC1COc2c(C3([NH3+])CC3)c(F)cc3c(=O)c(C(=O)[O-])cn1c23,0.68,4.698746,
tdc_vdss_lombardo,"Chemprop v2 (D-MPNN + Selected descriptors, ensemble=3)",Chemprop v2,train,871,CCC1=CC2CN(CCc3c([nH]c4ccccc34)C(C(=O)OC)(c3cc4c(cc3OC)N(C)C3C(O)(C(=O)OC)C(OC(C)=O)C5(CC)C=CCN6CCC43C65)C2)C1,12.0,7.071762,
tdc_vdss_lombardo,"Chemprop v2 (D-MPNN + Selected descriptors, ensemble=3)",Chemprop v2,train,872,CCOc1ccc2ccccc2c1C(=O)NC1C(=O)N2C1SC(C)(C)C2C(=O)[O-],0.22,0.4520999,
tdc_vdss_lombardo,"Chemprop v2 (D-MPNN + Selected descriptors, ensemble=3)",Chemprop v2,train,873,C[NH2+]CCC(Oc1ccccc1C)c1ccccc1,0.85,3.6435301,
tdc_vdss_lombardo,"Chemprop v2 (D-MPNN + Selected descriptors, ensemble=3)",Chemprop v2,train,874,C[NH+](C)CCNc1ccc2c3c(nn2CC[NH2+]CCO)-c2cnccc2C(=O)c13,57.0,9.911637,
tdc_vdss_lombardo,"Chemprop v2 (D-MPNN + Selected descriptors, ensemble=3)",Chemprop v2,train,875,Cc1cc([N-]S(=O)(=O)c2ccc(N)cc2)no1,0.3,1.3904525,
tdc_vdss_lombardo,"Chemprop v2 (D-MPNN + Selected descriptors, ensemble=3)",Chemprop v2,train,876,NC(=O)CC[C@@H]1NC(=O)[C@H](Cc2ccccc2)NC(=O)[C@H](Cc2ccc(O)cc2)NC(=O)[C@@H](NC(=O)CNC(=O)CNC(=O)C[NH3+])CSSC[C@@H](C(=O)N2CCC[C@H]2C(=O)N[C@@H](CCCC[NH3+])C(=O)NCC(N)=O)NC(=O)[C@H](CC(N)=O)NC1=O,0.24,0.8678109,
tdc_vdss_lombardo,"Chemprop v2 (D-MPNN + Selected descriptors, ensemble=3)",Chemprop v2,train,877,NC(=[NH2+])NCCCC(NC(=O)C1CCCN1C(=O)C1CSSCCC(=O)NC(Cc2ccc(O)cc2)C(=O)NC(Cc2ccccc2)C(=O)NC(CCC(N)=O)C(=O)NC(CC(N)=O)C(=O)N1)C(=O)NCC(N)=O,0.3,0.1558849,
tdc_vdss_lombardo,"Chemprop v2 (D-MPNN + Selected descriptors, ensemble=3)",Chemprop v2,train,878,COc1cc(N)cn[n+]1-c1ccccc1,4.0,2.022255,
tdc_vdss_lombardo,"Chemprop v2 (D-MPNN + Selected descriptors, ensemble=3)",Chemprop v2,train,879,CC(=O)OC1C(=O)C2(C)C(O)CC3OCC3(OC(C)=O)C2C(OC(=O)c2ccccc2)C2(O)CC(OC(=O)C(O)C(NC(=O)c3ccccc3)c3ccccc3)C(C)=C1C2(C)C,3.0,6.638527,
tdc_vdss_lombardo,"Chemprop v2 (D-MPNN + Selected descriptors, ensemble=3)",Chemprop v2,train,880,CSCOC1CC2OCC2(OC(C)=O)C2C(OC(=O)c3ccccc3)C3(O)CC(OC(=O)C(O)C(NC(=O)c4ccccc4)c4ccccc4)C(C)=C(C(OC(C)=O)C(=O)C12C)C3(C)C,11.0,6.4410815,
tdc_vdss_lombardo,"Chemprop v2 (D-MPNN + Selected descriptors, ensemble=3)",Chemprop v2,train,881,CC/C=C\C/C=C\C/C=C\C/C=C\C/C=C\C/C=C\CCC(=O)OC(C(=O)OC1CC2(O)C(OC(=O)c3ccccc3)C3C4(OC(C)=O)COC4CC(O)C3(C)C(=O)C(OC(C)=O)C(=C1C)C2(C)C)C(NC(=O)c1ccccc1)c1ccccc1,0.07,6.116183,
tdc_vdss_lombardo,"Chemprop v2 (D-MPNN + Selected descriptors, ensemble=3)",Chemprop v2,train,882,COC(=O)OC12COC1CC(O)C1(C)C(=O)C(OC(C)=O)C3=C(C)C(OC(=O)C(O)C(NC(=O)c4ccccc4)c4ccccc4)CC(O)(C(OC(=O)c4ccccc4)C21)C3(C)C,6.9,6.6228166,
tdc_vdss_lombardo,"Chemprop v2 (D-MPNN + Selected descriptors, ensemble=3)",Chemprop v2,train,883,CCOC(=O)c1cncn1C(C)c1ccccc1,2.7,1.6510082,
tdc_vdss_lombardo,"Chemprop v2 (D-MPNN + Selected descriptors, ensemble=3)",Chemprop v2,train,884,COc1cccc2c1c([N-]S(=O)(=O)c1ccc(Cl)s1)nn2Cc1cccc(CNC(=O)C(C)(C)O)c1,1.65,2.4726622,
tdc_vdss_lombardo,"Chemprop v2 (D-MPNN + Selected descriptors, ensemble=3)",Chemprop v2,train,885,Cc1cccc(Cl)c1C(=O)NC(Cc1ccc(NC(=O)c2c(Cl)cncc2Cl)cc1)C(=O)[O-],0.3,2.5067456,
tdc_vdss_lombardo,"Chemprop v2 (D-MPNN + Selected descriptors, ensemble=3)",Chemprop v2,train,886,Cn1nnc(-c2ccc(-c3ccc(N4C[C@H](CO)OC4=O)cc3F)cn2)n1,0.91,3.0666816,
tdc_vdss_lombardo,"Chemprop v2 (D-MPNN + Selected descriptors, ensemble=3)",Chemprop v2,train,887,C=CCN1CCC23c4c5ccc(O)c4OC2C(=O)CCC3(O)C1C5,1.7,6.471695,
tdc_vdss_lombardo,"Chemprop v2 (D-MPNN + Selected descriptors, ensemble=3)",Chemprop v2,train,888,CO[C@@]1(NC(=O)CSC(F)F)C(=O)N2C(C(=O)[O-])=C(CSc3nnnn3CCO)CO[C@@H]21,0.19,5.858192,
tdc_vdss_lombardo,"Chemprop v2 (D-MPNN + Selected descriptors, ensemble=3)",Chemprop v2,train,889,CCCCCc1cc(O)c2c(c1)OC(C)(C)c1ccc(C)cc1-2,16.98,5.181294,
tdc_vdss_lombardo,"Chemprop v2 (D-MPNN + Selected descriptors, ensemble=3)",Chemprop v2,train,890,C/C(=C\c1csc(C)n1)C1CC2OC2(C)CCCC(C)C(O)C(C)C(=O)C(C)(C)C(O)CC(=O)O1,14.4,5.6084285,
tdc_vdss_lombardo,"Chemprop v2 (D-MPNN + Selected descriptors, ensemble=3)",Chemprop v2,train,891,OCC1OC(n2cnc3c2NC=NCC3O)CC1O,0.59,3.718631,
tdc_vdss_lombardo,"Chemprop v2 (D-MPNN + Selected descriptors, ensemble=3)",Chemprop v2,train,892,CO/N=C(\C(=O)NC1C(=O)N2C(C(=O)[O-])=C(CSc3nc(C)c(CC(=O)[O-])s3)CSC12)c1csc(N)n1,0.05,1.7188749,
tdc_vdss_lombardo,"Chemprop v2 (D-MPNN + Selected descriptors, ensemble=3)",Chemprop v2,train,893,Cc1ncc2n1-c1ccc(Cl)cc1C(c1ccccc1F)=NC2,1.1,2.8633194,
tdc_vdss_lombardo,"Chemprop v2 (D-MPNN + Selected descriptors, ensemble=3)",Chemprop v2,train,894,OCc1ncc2n1-c1ccc(Cl)cc1C(c1ccccc1F)=NC2,0.77,0.52026916,
tdc_vdss_lombardo,"Chemprop v2 (D-MPNN + Selected descriptors, ensemble=3)",Chemprop v2,train,895,CC1(C)CCC2(C(=O)[O-])CCC3(COC(=O)/C=C/c4cc(O)ccc4NC(=O)/C=C/C(=O)[O-])C(=CCC4C5(C)CCC(=O)C(C)(C)C5CCC43C)C2C1,1.45,2.0270102,
tdc_vdss_lombardo,"Chemprop v2 (D-MPNN + Selected descriptors, ensemble=3)",Chemprop v2,train,896,CCC1=CC2CN(C1)Cc1c([nH]c3ccccc13)C(C(=O)OC)(c1cc3c(cc1OC)N(C)C1C(O)(C(=O)OC)C(OC(C)=O)C4(CC)C=CCN5CCC31C54)C2,23.0,9.650056,
tdc_vdss_lombardo,"Chemprop v2 (D-MPNN + Selected descriptors, ensemble=3)",Chemprop v2,train,897,O=C([O-])CCCCO/N=C(\c1cccnc1)c1cccc(C(F)(F)F)c1,0.43,0.87372035,
tdc_vdss_lombardo,"Chemprop v2 (D-MPNN + Selected descriptors, ensemble=3)",Chemprop v2,train,898,C[NH+](C)C1C([O-])=C(C(N)=O)C(=O)C2(O)C(O)=C3C(=O)c4c(O)c(NC(=O)C[NH+]5CCCC5)cc(F)c4CC3CC12,2.3,3.4488623,
tdc_vdss_lombardo,"Chemprop v2 (D-MPNN + Selected descriptors, ensemble=3)",Chemprop v2,train,899,C[NH+](C)CCCOc1nn(Cc2ccccc2)c2ccccc12,1.53,2.8394222,
tdc_vdss_lombardo,"Chemprop v2 (D-MPNN + Selected descriptors, ensemble=3)",Chemprop v2,train,900,COC(=O)c1ccc2c(c1)NC(=O)/C2=C(\Nc1ccc(N(C)C(=O)CN2CC[NH+](C)CC2)cc1)c1ccccc1,15.0,13.5951,
tdc_vdss_lombardo,"Chemprop v2 (D-MPNN + Selected descriptors, ensemble=3)",Chemprop v2,train,901,CC(=O)OCC1=C(C(=O)[O-])N2C(=O)C(NC(=O)CSc3ccncc3)C2SC1,0.13,1.4762144,
tdc_vdss_lombardo,"Chemprop v2 (D-MPNN + Selected descriptors, ensemble=3)",Chemprop v2,train,902,C[NH+]1CCOC(c2ccccc2)c2ccccc2C1,5.6,3.7023335,
tdc_vdss_lombardo,"Chemprop v2 (D-MPNN + Selected descriptors, ensemble=3)",Chemprop v2,train,903,CCC(C)C(C(CC(=O)N1CCCC1C(OC)C(C)C(=O)NCCc1ccccc1)OC)N(C)C(=O)C(NC(=O)C(C(C)C)N(C)C)C(C)C,0.42,3.0789382,
tdc_vdss_lombardo,"Chemprop v2 (D-MPNN + Selected descriptors, ensemble=3)",Chemprop v2,test,0,C[C@@H](N)[C@H]1CC[C@@H](N)[C@@H](O[C@@H]2[C@@H](N)[C@@H](O)[C@@H](O)[C@@H](N(C)C(=O)CN)[C@H]2O)O1,0.27,3.7484672,
tdc_vdss_lombardo,"Chemprop v2 (D-MPNN + Selected descriptors, ensemble=3)",Chemprop v2,test,1,CO[C@H]1[C@@H](O)[C@H](N)[C@@H](O[C@H]2O[C@H]([C@H](C)N)CC[C@H]2N)[C@H](O)[C@H]1N(C)C(=O)CN,0.23,3.6274626,
tdc_vdss_lombardo,"Chemprop v2 (D-MPNN + Selected descriptors, ensemble=3)",Chemprop v2,test,2,Cc1ccsc1C(=CCC[NH+]1CCCC(C(=O)[O-])C1)c1sccc1C,1.1,4.900395,
tdc_vdss_lombardo,"Chemprop v2 (D-MPNN + Selected descriptors, ensemble=3)",Chemprop v2,test,3,CO/N=C(\C(=O)NC1C(=O)N2C(C(=O)[O-])=C(C[N+]3(C)CCCC3)CSC12)c1csc(N)n1,0.28,3.1004276,
tdc_vdss_lombardo,"Chemprop v2 (D-MPNN + Selected descriptors, ensemble=3)",Chemprop v2,test,4,CCCCc1nc(Cl)c(CO)n1Cc1ccc(-c2ccccc2-c2nnn[n-]2)cc1,0.37,5.092109,
tdc_vdss_lombardo,"Chemprop v2 (D-MPNN + Selected descriptors, ensemble=3)",Chemprop v2,test,5,CCCn1c(=O)c2[nH]c(C34CCC(CCC(=O)[O-])(CC3)CC4)nc2n(CCC)c1=O,0.76,5.4902387,
tdc_vdss_lombardo,"Chemprop v2 (D-MPNN + Selected descriptors, ensemble=3)",Chemprop v2,test,6,C[NH+]1CCN(C(=O)OC2c3nccnc3C(=O)N2c2ccc(Cl)cn2)CC1,1.3,8.500381,
tdc_vdss_lombardo,"Chemprop v2 (D-MPNN + Selected descriptors, ensemble=3)",Chemprop v2,test,7,CC1C[NH2+]C(C2CC2)C(=O)N(C)C(C)C(=O)NC(Cc2ccc(F)cc2)C(=O)NCCCc2ccccc2O1,0.1,8.249005,
tdc_vdss_lombardo,"Chemprop v2 (D-MPNN + Selected descriptors, ensemble=3)",Chemprop v2,test,8,CCOC(Cc1ccc(OCCc2ccc(OS(C)(=O)=O)cc2)cc1)C(=O)[O-],0.13,2.132014,
tdc_vdss_lombardo,"Chemprop v2 (D-MPNN + Selected descriptors, ensemble=3)",Chemprop v2,test,9,Cc1cc(Nc2cc(N3CC[NH+](C)CC3)nc(Sc3ccc(NC(=O)C4CC4)cc3)n2)n[nH]1,5.1,4.730961,
tdc_vdss_lombardo,"Chemprop v2 (D-MPNN + Selected descriptors, ensemble=3)",Chemprop v2,test,10,CCNC(=O)CCC/C=C/CC1C(O)CC(O)C1/C=C/C(O)CCc1ccccc1,0.67,2.990062,
tdc_vdss_lombardo,"Chemprop v2 (D-MPNN + Selected descriptors, ensemble=3)",Chemprop v2,test,11,CC(S)C(=O)NCC(=O)[O-],1.39,1.9563576,
tdc_vdss_lombardo,"Chemprop v2 (D-MPNN + Selected descriptors, ensemble=3)",Chemprop v2,test,12,NC(=O)NO,0.52,3.3729064,
tdc_vdss_lombardo,"Chemprop v2 (D-MPNN + Selected descriptors, ensemble=3)",Chemprop v2,test,13,[NH3+]CCC(O)(P(=O)([O-])[O-])P(=O)([O-])O,1.8,3.7749403,
tdc_vdss_lombardo,"Chemprop v2 (D-MPNN + Selected descriptors, ensemble=3)",Chemprop v2,test,14,CCCCC[NH+](C)CCC(O)(P(=O)([O-])[O-])P(=O)([O-])O,0.55,5.3992615,
tdc_vdss_lombardo,"Chemprop v2 (D-MPNN + Selected descriptors, ensemble=3)",Chemprop v2,test,15,O=[N+]([O-])OC[C@H](O)CO,0.76,1.1626627,
tdc_vdss_lombardo,"Chemprop v2 (D-MPNN + Selected descriptors, ensemble=3)",Chemprop v2,test,16,CCCC(C)(COC(N)=O)COC(N)=O,0.7,-0.61296153,
tdc_vdss_lombardo,"Chemprop v2 (D-MPNN + Selected descriptors, ensemble=3)",Chemprop v2,test,17,N=C(N)N[C@@H](CS)C(=O)O,0.25,0.1128126,
tdc_vdss_lombardo,"Chemprop v2 (D-MPNN + Selected descriptors, ensemble=3)",Chemprop v2,test,18,CC(N)CCCC(C)(C)O,2.14,1.9402643,
tdc_vdss_lombardo,"Chemprop v2 (D-MPNN + Selected descriptors, ensemble=3)",Chemprop v2,test,19,O=S(=O)([O-])CCS,0.65,0.10189875,
tdc_vdss_lombardo,"Chemprop v2 (D-MPNN + Selected descriptors, ensemble=3)",Chemprop v2,test,20,O=P([O-])([O-])C(Cl)(Cl)P(=O)([O-])O,0.88,2.595958,
tdc_vdss_lombardo,"Chemprop v2 (D-MPNN + Selected descriptors, ensemble=3)",Chemprop v2,test,21,CN(C)C(=[NH2+])NC(=N)N,0.64,4.357594,
tdc_vdss_lombardo,"Chemprop v2 (D-MPNN + Selected descriptors, ensemble=3)",Chemprop v2,test,22,CN(CC(N)=O)C(=O)N(CCCl)N=O,0.76,1.6577336,
tdc_vdss_lombardo,"Chemprop v2 (D-MPNN + Selected descriptors, ensemble=3)",Chemprop v2,test,23,N#CN,0.78,4.0737534,
tdc_vdss_lombardo,"Chemprop v2 (D-MPNN + Selected descriptors, ensemble=3)",Chemprop v2,test,24,CCC(CO)NCC[NH2+]C(CC)CO,1.7,2.868241,
tdc_vdss_lombardo,"Chemprop v2 (D-MPNN + Selected descriptors, ensemble=3)",Chemprop v2,test,25,CS(=O)(=O)OCC(O)C(O)COS(C)(=O)=O,0.59,1.4334332,
tdc_vdss_lombardo,"Chemprop v2 (D-MPNN + Selected descriptors, ensemble=3)",Chemprop v2,test,26,CC(=O)NCCCS(=O)(=O)[O-],0.3,1.5417156,
tdc_vdss_lombardo,"Chemprop v2 (D-MPNN + Selected descriptors, ensemble=3)",Chemprop v2,test,27,CCCCCCCCCCCCCCCC(=O)OCC(COP(=O)([O-])OCCNC(=O)C(C)NC(=O)CCC(NC(=O)C(C)NC(=O)C(C)OC(C(C=O)NC(C)=O)C(O)C(O)CO)C(N)=O)OC(=O)CCCCCCCCCCCCCCC,5.8,6.864716,
tdc_vdss_lombardo,"Chemprop v2 (D-MPNN + Selected descriptors, ensemble=3)",Chemprop v2,test,28,CC(=O)NC(CS)C(=O)[O-],0.55,0.64856267,
tdc_vdss_lombardo,"Chemprop v2 (D-MPNN + Selected descriptors, ensemble=3)",Chemprop v2,test,29,C[N+](C)(C)[NH2+]CCC(=O)[O-],0.7,1.5263109,
tdc_vdss_lombardo,"Chemprop v2 (D-MPNN + Selected descriptors, ensemble=3)",Chemprop v2,test,30,CS(=O)(=O)OCCCCOS(C)(=O)=O,0.55,1.0649029,
tdc_vdss_lombardo,"Chemprop v2 (D-MPNN + Selected descriptors, ensemble=3)",Chemprop v2,test,31,CCCCS(=N)(=O)CCC([NH3+])C(=O)[O-],0.26,0.80939317,
tdc_vdss_lombardo,"Chemprop v2 (D-MPNN + Selected descriptors, ensemble=3)",Chemprop v2,test,32,O=C([O-])CC(NC(=O)CP(=O)([O-])O)C(=O)[O-],0.33,1.6695523,
tdc_vdss_lombardo,"Chemprop v2 (D-MPNN + Selected descriptors, ensemble=3)",Chemprop v2,test,33,CCCCCCCCCCCCCCCC(O)C(C)[NH3+],30.7,2.7521274,
tdc_vdss_lombardo,"Chemprop v2 (D-MPNN + Selected descriptors, ensemble=3)",Chemprop v2,test,34,CCCC(CCC)C(=O)[O-],0.14,1.8402914,
tdc_vdss_lombardo,"Chemprop v2 (D-MPNN + Selected descriptors, ensemble=3)",Chemprop v2,test,35,[NH3+]CCCC(O)(P(=O)([O-])[O-])P(=O)([O-])O,0.33,3.6005752,
tdc_vdss_lombardo,"Chemprop v2 (D-MPNN + Selected descriptors, ensemble=3)",Chemprop v2,test,36,CC(=O)NC(CSSCC([NH3+])C(=O)[O-])C(=O)NC(C)C(=O)NC(CCCNC(N)=[NH2+])C(=O)NC(CCCNC(N)=[NH2+])C(=O)NC(CCCNC(N)=[NH2+])C(=O)NC(C)C(=O)NC(CCCNC(N)=[NH2+])C(N)=O,0.5,0.8088731,
tdc_vdss_lombardo,"Chemprop v2 (D-MPNN + Selected descriptors, ensemble=3)",Chemprop v2,test,37,O=NN(CCCl)C(=O)NCCCl,1.2,3.0800781,
tdc_vdss_lombardo,"Chemprop v2 (D-MPNN + Selected descriptors, ensemble=3)",Chemprop v2,test,38,C[N+](C)(C)CC(O)CC(=O)[O-],0.4,0.7541092,
tdc_vdss_lombardo,"Chemprop v2 (D-MPNN + Selected descriptors, ensemble=3)",Chemprop v2,test,39,O=C([O-])P(=O)([O-])[O-],0.5,3.3952897,
tdc_vdss_lombardo,"Chemprop v2 (D-MPNN + Selected descriptors, ensemble=3)",Chemprop v2,test,40,[NH3+]CCC[NH2+]CCSP(=O)([O-])[O-],0.09,2.534489,
tdc_vdss_lombardo,"Chemprop v2 (D-MPNN + Selected descriptors, ensemble=3)",Chemprop v2,test,41,O=C([O-])C(Cl)Cl,0.19,2.2498684,
tdc_vdss_lombardo,"Chemprop v2 (D-MPNN + Selected descriptors, ensemble=3)",Chemprop v2,test,42,[NH3+]CCCCCC(=O)[O-],0.39,2.3699281,
tdc_vdss_lombardo,"Chemprop v2 (D-MPNN + Selected descriptors, ensemble=3)",Chemprop v2,test,43,[NH3+]CC(=O)CCC(=O)[O-],0.12,1.5801476,
tdc_vdss_lombardo,"Chemprop v2 (D-MPNN + Selected descriptors, ensemble=3)",Chemprop v2,test,44,CCOP(=O)(OCC)[C@H](C)NC(=O)N(CCCl)N=O,0.62,6.318138,
tdc_vdss_lombardo,"Chemprop v2 (D-MPNN + Selected descriptors, ensemble=3)",Chemprop v2,test,45,CNC(=O)N(N(CCCl)S(C)(=O)=O)S(C)(=O)=O,0.88,3.1372426,
tdc_vdss_lombardo,"Chemprop v2 (D-MPNN + Selected descriptors, ensemble=3)",Chemprop v2,test,46,O=CC(O)C(O)C(O)CO,0.23,2.3181193,
tdc_vdss_lombardo,"Chemprop v2 (D-MPNN + Selected descriptors, ensemble=3)",Chemprop v2,test,47,CCC(=O)OC(CC(=O)[O-])C[N+](C)(C)C,0.3,0.118052326,
tdc_vdss_lombardo,"Chemprop v2 (D-MPNN + Selected descriptors, ensemble=3)",Chemprop v2,test,48,OCC(O)C(O)C(O)C(O)CO,0.24,1.2520174,
tdc_vdss_lombardo,"Chemprop v2 (D-MPNN + Selected descriptors, ensemble=3)",Chemprop v2,test,49,C[NH+](CCC(=O)/C=C/c1ccc(O)cc1)CCc1ccc2c(c1)OCO2,2.13,7.6433616,
tdc_vdss_lombardo,"Chemprop v2 (D-MPNN + Selected descriptors, ensemble=3)",Chemprop v2,test,50,O=c1[nH]cnc2c1ncn2C1CCC(CO)O1,0.77,5.696695,
tdc_vdss_lombardo,"Chemprop v2 (D-MPNN + Selected descriptors, ensemble=3)",Chemprop v2,test,51,CC(/C=C/C(C)C(C)(C)O)C1CCC2/C(=C/C=C3CC(O)CC(O)C3)CCCC21C,0.41,6.4351444,
tdc_vdss_lombardo,"Chemprop v2 (D-MPNN + Selected descriptors, ensemble=3)",Chemprop v2,test,52,Cc1[n-]c(=O)c(C#N)cc1-c1ccncc1,0.25,6.6600494,
tdc_vdss_lombardo,"Chemprop v2 (D-MPNN + Selected descriptors, ensemble=3)",Chemprop v2,test,53,CCC[NH+](CCc1cccs1)C1CCc2c(O)cccc2C1,5.7,6.1256223,
tdc_vdss_lombardo,"Chemprop v2 (D-MPNN + Selected descriptors, ensemble=3)",Chemprop v2,test,54,O=P1(NCCCl)OCCCN1CCCl,0.62,6.9201064,
tdc_vdss_lombardo,"Chemprop v2 (D-MPNN + Selected descriptors, ensemble=3)",Chemprop v2,test,55,CCc1cc2c(cc1CC)CC([NH2+]CC(O)c1ccc(O)c3[nH]c(=O)ccc13)C2,19.4,4.0463967,
tdc_vdss_lombardo,"Chemprop v2 (D-MPNN + Selected descriptors, ensemble=3)",Chemprop v2,test,56,CCNC(=O)C1CC(n2ccc3c(NC(CC)Cc4sccc4Cl)ncnc32)C(O)C1O,0.84,4.294063,
tdc_vdss_lombardo,"Chemprop v2 (D-MPNN + Selected descriptors, ensemble=3)",Chemprop v2,test,57,COC1/C=C/OC2(C)Oc3c(C)c([O-])c4c(O)c(c(/C=N/N5CCN(C)CC5)c(O)c4c3C2=O)NC(=O)/C(C)=C\C=C\C(C)C(O)C(C)C(O)C(C)C(OC(C)=O)C1C,0.97,10.401632,
tdc_vdss_lombardo,"Chemprop v2 (D-MPNN + Selected descriptors, ensemble=3)",Chemprop v2,test,58,CS(=O)(=O)N(CCO)c1c(Cl)c(Cl)cc2[nH]c(=O)c(=O)[nH]c12,0.8,5.496996,
tdc_vdss_lombardo,"Chemprop v2 (D-MPNN + Selected descriptors, ensemble=3)",Chemprop v2,test,59,CC1CCC2(C(=O)[O-])CCC3(C)C(=CCC4C5(C)CCC(O)C(C)(C)C5CCC43C)C2C1C,0.54,2.3691008,
tdc_vdss_lombardo,"Chemprop v2 (D-MPNN + Selected descriptors, ensemble=3)",Chemprop v2,test,60,[NH3+]C(C(=O)NC1C(=O)N2C(C(=O)[O-])=C(CSc3c[n-]nn3)CSC12)c1ccc(O)cc1,0.22,1.6452718,
tdc_vdss_lombardo,"Chemprop v2 (D-MPNN + Selected descriptors, ensemble=3)",Chemprop v2,test,61,COc1ccc(CC[NH2+]CC(O)COc2cccc(C)c2)cc1OC,0.67,5.486178,
tdc_vdss_lombardo,"Chemprop v2 (D-MPNN + Selected descriptors, ensemble=3)",Chemprop v2,test,62,COc1cc2[nH+]c(N(C)CCCNC(=O)C3CCCO3)nc(N)c2cc1OC,1.5,8.459396,
tdc_vdss_lombardo,"Chemprop v2 (D-MPNN + Selected descriptors, ensemble=3)",Chemprop v2,test,63,Nc1ncn(C2OC(CO)C(O)C2O)c(=O)n1,0.47,3.2765484,
tdc_vdss_lombardo,"Chemprop v2 (D-MPNN + Selected descriptors, ensemble=3)",Chemprop v2,test,64,Nc1ncn(C2CC(O)C(CO)O2)c(=O)n1,4.6,2.4533165,
tdc_vdss_lombardo,"Chemprop v2 (D-MPNN + Selected descriptors, ensemble=3)",Chemprop v2,test,65,CC(C)C1CCC(C(=O)NC(Cc2ccccc2)C(=O)[O-])CC1,0.15,3.5521061,
tdc_vdss_lombardo,"Chemprop v2 (D-MPNN + Selected descriptors, ensemble=3)",Chemprop v2,test,66,CCCCC(C)(C)C(O)/C=C/C1C(O)CC(Cl)C1C/C=C/CCCC(=O)[O-],0.16,3.2718465,
tdc_vdss_lombardo,"Chemprop v2 (D-MPNN + Selected descriptors, ensemble=3)",Chemprop v2,test,67,Oc1ccc2c(c1)C13CCCCC1(O)C(C2)[NH+](CC1CCC1)CC3,12.0,6.9311833,
tdc_vdss_lombardo,"Chemprop v2 (D-MPNN + Selected descriptors, ensemble=3)",Chemprop v2,test,68,CC(C)(C)[NH2+]CC(O)COc1ccc(NC(=O)NC2CCCCC2)cc1,3.3,0.7070799,
tdc_vdss_lombardo,"Chemprop v2 (D-MPNN + Selected descriptors, ensemble=3)",Chemprop v2,test,69,Cc1cccc(N2CC(CO)OC2=O)c1,1.5,2.0273132,
tdc_vdss_lombardo,"Chemprop v2 (D-MPNN + Selected descriptors, ensemble=3)",Chemprop v2,test,70,O=[N+]([O-])OC1COC2C(O)COC12,0.86,0.6301555,
tdc_vdss_lombardo,"Chemprop v2 (D-MPNN + Selected descriptors, ensemble=3)",Chemprop v2,test,71,O=[N+]([O-])OC1COC2C(O)COC12,0.7,0.6301555,
tdc_vdss_lombardo,"Chemprop v2 (D-MPNN + Selected descriptors, ensemble=3)",Chemprop v2,test,72,O=[N+]([O-])OC1COC2C(O[N+](=O)[O-])COC12,1.9,2.387758,
tdc_vdss_lombardo,"Chemprop v2 (D-MPNN + Selected descriptors, ensemble=3)",Chemprop v2,test,73,COc1ccccc1OCC(O)CN1CCN(CC(=O)Nc2c(C)cccc2C)CC1,1.2,4.036889,
tdc_vdss_lombardo,"Chemprop v2 (D-MPNN + Selected descriptors, ensemble=3)",Chemprop v2,test,74,[NH3+]CCCCC(NC1CCc2ccccc2N(CC(=O)[O-])C1=O)C(=O)[O-],1.98,4.427145,
tdc_vdss_lombardo,"Chemprop v2 (D-MPNN + Selected descriptors, ensemble=3)",Chemprop v2,test,75,CCOc1ccccc1OC(c1ccccc1)C1C[NH2+]CCO1,0.65,3.1077385,
tdc_vdss_lombardo,"Chemprop v2 (D-MPNN + Selected descriptors, ensemble=3)",Chemprop v2,test,76,O=C(OC1CC2CC3CC(C1)[NH+]2CC3=O)c1c[nH]c2ccccc12,2.0,4.402067,
tdc_vdss_lombardo,"Chemprop v2 (D-MPNN + Selected descriptors, ensemble=3)",Chemprop v2,test,77,CC(C)=CC[NH+]1CCC2(C)c3cc(O)ccc3CC1C2C,3.4,1.2571504,
tdc_vdss_lombardo,"Chemprop v2 (D-MPNN + Selected descriptors, ensemble=3)",Chemprop v2,test,78,CCOC(=O)C1=CC2(CC)CCCN3CCc4c(n1c1ccccc41)C32,2.08,4.9919686,
tdc_vdss_lombardo,"Chemprop v2 (D-MPNN + Selected descriptors, ensemble=3)",Chemprop v2,test,79,CC(CN1CC(=O)NC(=O)C1)N1CC(=O)NC(=O)C1,0.55,2.8711526,
tdc_vdss_lombardo,"Chemprop v2 (D-MPNN + Selected descriptors, ensemble=3)",Chemprop v2,test,80,O=C1Cc2cc(CCN3CCN(c4nsc5ccccc45)CC3)c(Cl)cc2N1,1.0,9.611266,
tdc_vdss_lombardo,"Chemprop v2 (D-MPNN + Selected descriptors, ensemble=3)",Chemprop v2,test,81,CC(O)C1C(=O)N2C(C(=O)[O-])=C(SC3C[NH2+]C(C(=O)N(C)C)C3)C(C)C12,0.3,2.0446374,
tdc_vdss_lombardo,"Chemprop v2 (D-MPNN + Selected descriptors, ensemble=3)",Chemprop v2,test,82,CC(O)C1C(=O)N2C(C(=O)[O-])=C(SC3C[NH2+]C(CNS(N)(=O)=O)C3)C(C)C12,0.23,1.8818821,
tdc_vdss_lombardo,"Chemprop v2 (D-MPNN + Selected descriptors, ensemble=3)",Chemprop v2,test,83,COCCOCC(CC1(C(=O)NC2CCC(C(=O)[O-])CC2)CCCC1)C(=O)[O-],0.25,2.528228,
tdc_vdss_lombardo,"Chemprop v2 (D-MPNN + Selected descriptors, ensemble=3)",Chemprop v2,test,84,C=CCC1(C(C)C#CCC)C(=O)NC(=O)N(C)C1=O,1.1,5.5208416,
tdc_vdss_lombardo,"Chemprop v2 (D-MPNN + Selected descriptors, ensemble=3)",Chemprop v2,test,85,CCCC(C)C1(CC)C(=O)NC(=O)NC1=O,0.91,0.20734422,
tdc_vdss_lombardo,"Chemprop v2 (D-MPNN + Selected descriptors, ensemble=3)",Chemprop v2,test,86,CC1=C(CO)C2=C(C)C3(CC3)C(C)(O)C(=O)C2=C1,3.1,1.402507,
tdc_vdss_lombardo,"Chemprop v2 (D-MPNN + Selected descriptors, ensemble=3)",Chemprop v2,test,87,CCc1nn(CCCN2CCN(c3cccc(Cl)c3)CC2)c(=O)n1CCOc1ccccc1,0.51,4.6180534,
tdc_vdss_lombardo,"Chemprop v2 (D-MPNN + Selected descriptors, ensemble=3)",Chemprop v2,test,88,CCOC(=O)C1C(OC(=O)c2ccccc2)CC2CCC1[NH+]2C,1.6,2.9528768,
tdc_vdss_lombardo,"Chemprop v2 (D-MPNN + Selected descriptors, ensemble=3)",Chemprop v2,test,89,COC(=O)C1C(OC(=O)c2ccccc2)CC2CCC1[NH+]2C,2.0,3.2128048,
tdc_vdss_lombardo,"Chemprop v2 (D-MPNN + Selected descriptors, ensemble=3)",Chemprop v2,test,90,CC(O)C1C(=O)N2C(C(=O)[O-])=C(C3CCCO3)SC12,0.18,3.032235,
tdc_vdss_lombardo,"Chemprop v2 (D-MPNN + Selected descriptors, ensemble=3)",Chemprop v2,test,91,COc1cc2nc(N3CCN(C(=O)c4ccco4)CC3)nc(N)c2cc1OC,0.73,1.8391098,
tdc_vdss_lombardo,"Chemprop v2 (D-MPNN + Selected descriptors, ensemble=3)",Chemprop v2,test,92,O=C(c1ccc(F)c(F)c1Nc1ccc(I)cc1F)N1CC(O)(C2CCCC[NH2+]2)C1,15.4,3.42612,
tdc_vdss_lombardo,"Chemprop v2 (D-MPNN + Selected descriptors, ensemble=3)",Chemprop v2,test,93,Nc1cc(-c2ccncc2)c[nH]c1=O,1.3,6.208721,
tdc_vdss_lombardo,"Chemprop v2 (D-MPNN + Selected descriptors, ensemble=3)",Chemprop v2,test,94,COc1cc2nc(N3CCN(C(=O)C4COc5ccccc5O4)CC3)nc(N)c2cc1OC,1.3,2.5356722,
tdc_vdss_lombardo,"Chemprop v2 (D-MPNN + Selected descriptors, ensemble=3)",Chemprop v2,test,95,COC(=O)C1=C(C)NC(C)=C(C(=O)OC(C)C)C1c1cccc2nonc12,1.5,2.3278491,
tdc_vdss_lombardo,"Chemprop v2 (D-MPNN + Selected descriptors, ensemble=3)",Chemprop v2,test,96,Oc1ccc(C2C[NH2+]CCc3c2cc(O)c(O)c3Cl)cc1,0.5,4.3967166,
tdc_vdss_lombardo,"Chemprop v2 (D-MPNN + Selected descriptors, ensemble=3)",Chemprop v2,test,97,Cc1ccc(-n2ccnc2)cc1C(O)c1c(C)cc(C(=O)[O-])cc1C,0.37,-2.748977,
tdc_vdss_lombardo,"Chemprop v2 (D-MPNN + Selected descriptors, ensemble=3)",Chemprop v2,test,98,O=C1CN(/N=C\c2ccc(-c3ccc([N+](=O)[O-])cc3)o2)C(=O)[N-]1,0.37,0.95082635,
tdc_vdss_lombardo,"Chemprop v2 (D-MPNN + Selected descriptors, ensemble=3)",Chemprop v2,test,99,[NH3+]C12CC3CC(CC(C3)C1)C2,6.6,4.294679,
tdc_vdss_lombardo,"Chemprop v2 (D-MPNN + Selected descriptors, ensemble=3)",Chemprop v2,test,100,O=P([O-])([O-])OC(Cn1cncn1)(Cn1cncn1)c1ccc(F)cc1F,0.15,3.973655,
tdc_vdss_lombardo,"Chemprop v2 (D-MPNN + Selected descriptors, ensemble=3)",Chemprop v2,test,101,OC(Cn1cncn1)(Cn1cncn1)c1ccc(F)cc1F,0.75,3.2775881,
tdc_vdss_lombardo,"Chemprop v2 (D-MPNN + Selected descriptors, ensemble=3)",Chemprop v2,test,102,C[NH+]1CCN(C(c2ccccc2)c2ccccc2)CC1,16.5,6.1019263,
tdc_vdss_lombardo,"Chemprop v2 (D-MPNN + Selected descriptors, ensemble=3)",Chemprop v2,test,103,CC1CCCC(C)[NH+]1CCCC(O)(c1ccccc1)c1ccccn1,1.4,3.1887712,
tdc_vdss_lombardo,"Chemprop v2 (D-MPNN + Selected descriptors, ensemble=3)",Chemprop v2,test,104,CCC(=O)N(c1ccccc1)C1(COC)CC[NH+](CCc2cccs2)CC1,9.4,5.1517463,
tdc_vdss_lombardo,"Chemprop v2 (D-MPNN + Selected descriptors, ensemble=3)",Chemprop v2,test,105,CC1OC(n2cc(F)c(=O)[nH]c2=O)C(O)C1O,0.28,1.9704717,
tdc_vdss_lombardo,"Chemprop v2 (D-MPNN + Selected descriptors, ensemble=3)",Chemprop v2,test,106,Cc1cn(C2CC(N=[N+]=N)C(CO)O2)c(=O)[nH]c1=O,1.8,4.784783,
tdc_vdss_lombardo,"Chemprop v2 (D-MPNN + Selected descriptors, ensemble=3)",Chemprop v2,test,107,COP(=O)(c1cc(C)cc(/C=C/C#N)c1)c1c(C(N)=O)[nH]c2ccc(Cl)cc12,0.56,5.3948402,
tdc_vdss_lombardo,"Chemprop v2 (D-MPNN + Selected descriptors, ensemble=3)",Chemprop v2,test,108,COP(=O)(c1cc(C)cc(/C=C\C#N)c1)c1c(C(N)=O)[nH]c2ccc(Cl)c(F)c12,0.97,3.6481035,
tdc_vdss_lombardo,"Chemprop v2 (D-MPNN + Selected descriptors, ensemble=3)",Chemprop v2,test,109,Cc1ccccc1N1C(=O)c2cc(S(N)(=O)=O)c(Cl)cc2NC1C,1.6,1.6784436,
tdc_vdss_lombardo,"Chemprop v2 (D-MPNN + Selected descriptors, ensemble=3)",Chemprop v2,test,110,CO/N=C(/C(=O)NC1C(=O)N2C(C(=O)[O-])=C(Cn3ccc(=[NH2+])n3CCO)CSC12)c1csc(N)n1,0.3,3.7191544,
tdc_vdss_lombardo,"Chemprop v2 (D-MPNN + Selected descriptors, ensemble=3)",Chemprop v2,test,111,O=C([O-])Cn1c(=O)c(=O)[nH]c2cc([N+](=O)[O-])c(-n3ccnc3)cc21,0.19,-0.2958436,
tdc_vdss_lombardo,"Chemprop v2 (D-MPNN + Selected descriptors, ensemble=3)",Chemprop v2,test,112,Nc1nc2c(Cc3cccnc3)c[nH]c2c(=O)[nH]1,1.2,1.9446167,
tdc_vdss_lombardo,"Chemprop v2 (D-MPNN + Selected descriptors, ensemble=3)",Chemprop v2,test,113,CC(C)(O/N=C(/C(=O)NC1C(=O)N2C(C(=O)[O-])=C(C[n+]3ccccc3)CSC12)c1csc(N)n1)C(=O)[O-],0.31,1.6044874,
tdc_vdss_lombardo,"Chemprop v2 (D-MPNN + Selected descriptors, ensemble=3)",Chemprop v2,test,114,S=P(N1CC1)(N1CC1)N1CC1,1.6,4.5450115,
tdc_vdss_lombardo,"Chemprop v2 (D-MPNN + Selected descriptors, ensemble=3)",Chemprop v2,test,115,C[NH+](C)C1C([O-])=C(C(=O)NC[NH+]2CCCC2)C(=O)C2(O)C(O)=C3C(=O)c4c(O)cccc4C(C)(O)C3CC12,0.54,5.1737714,
tdc_vdss_lombardo,"Chemprop v2 (D-MPNN + Selected descriptors, ensemble=3)",Chemprop v2,test,116,CC1COc2c(N3CC[NH+](C)CC3)c(F)cc3c(=O)c(C(=O)[O-])cn1c23,1.6,5.6882453,
tdc_vdss_lombardo,"Chemprop v2 (D-MPNN + Selected descriptors, ensemble=3)",Chemprop v2,test,117,CC1COc2c(N3CC[NH+](C)CC3)c(F)c(N)c3c(=O)c(C(=O)[O-])cn1c23,2.42,6.1025643,
tdc_vdss_lombardo,"Chemprop v2 (D-MPNN + Selected descriptors, ensemble=3)",Chemprop v2,test,118,CC1COc2c(N3CC[NH+](C)CC3)c(F)cc3c(=O)c(C(=O)[O-])cn1c23,1.2,5.6882453,
tdc_vdss_lombardo,"Chemprop v2 (D-MPNN + Selected descriptors, ensemble=3)",Chemprop v2,test,119,COc1cc(S(C)=O)ccc1-c1nc2ncccc2[nH]1,0.62,2.0592463,
tdc_vdss_lombardo,"Chemprop v2 (D-MPNN + Selected descriptors, ensemble=3)",Chemprop v2,test,120,CCN1CC(CCN2CCOCC2)C(c2ccccc2)(c2ccccc2)C1=O,1.2,4.92256,
tdc_vdss_lombardo,"Chemprop v2 (D-MPNN + Selected descriptors, ensemble=3)",Chemprop v2,test,121,Clc1cccc(Cl)c1NC1=[NH+]CCN1,3.3,3.9636548,
tdc_vdss_lombardo,"Chemprop v2 (D-MPNN + Selected descriptors, ensemble=3)",Chemprop v2,test,122,CCC1=C(C)CN(C(=O)NCCc2ccc(S(=O)(=O)[N-]C(=O)NC3CCC(C)CC3)cc2)C1=O,0.19,2.7272797,
tdc_vdss_lombardo,"Chemprop v2 (D-MPNN + Selected descriptors, ensemble=3)",Chemprop v2,test,123,CC12CCC(=O)C=C1CCC1C2C(O)CC2(C)C1CCC2(O)C(=O)CO,0.38,3.8028367,
tdc_vdss_lombardo,"Chemprop v2 (D-MPNN + Selected descriptors, ensemble=3)",Chemprop v2,test,124,C#CC1(O)CCC2C3CCC4=CC(=O)CCC4C3CCC21CC,1.5,4.2191057,
tdc_vdss_lombardo,"Chemprop v2 (D-MPNN + Selected descriptors, ensemble=3)",Chemprop v2,test,125,CC1CC2=CC(=O)CCC2C2CCC3(C)C(O)CCC3C12,0.8,2.767945,
tdc_vdss_lombardo,"Chemprop v2 (D-MPNN + Selected descriptors, ensemble=3)",Chemprop v2,test,126,CCN1CCN(C(=O)NC(C(=O)NC2C(=O)N3C(C(=O)[O-])=C(CSc4nnnn4C)CSC23)c2ccc(O)cc2)C(=O)C1=O,0.17,2.339173,
tdc_vdss_lombardo,"Chemprop v2 (D-MPNN + Selected descriptors, ensemble=3)",Chemprop v2,test,127,O=C([O-])c1cccc(Cc2cc(Cl)ccc2OCc2ccc(Cl)cc2F)n1,0.77,2.220542,
tdc_vdss_lombardo,"Chemprop v2 (D-MPNN + Selected descriptors, ensemble=3)",Chemprop v2,test,128,COC1C(O)CC(=O)OC(C)C/C=C\C=C/C(OC2CCC(N(C)C)C(C)O2)C(C)CC(CC=O)C1OC1OC(C)C(OC2CC(C)(O)C(O)C(C)O2)C([NH+](C)C)C1O,5.4,4.4878507,
tdc_vdss_lombardo,"Chemprop v2 (D-MPNN + Selected descriptors, ensemble=3)",Chemprop v2,test,129,CCC1(c2cccc(O)c2)CCCC[NH+](C)C1,3.3,4.3561935,
tdc_vdss_lombardo,"Chemprop v2 (D-MPNN + Selected descriptors, ensemble=3)",Chemprop v2,test,130,Nc1ccn(C2COC(CO)O2)c(=O)n1,1.0,0.90134114,
tdc_vdss_lombardo,"Chemprop v2 (D-MPNN + Selected descriptors, ensemble=3)",Chemprop v2,test,131,Nc1nc(N)c2nc(-c3ccccc3)c(N)nc2n1,13.0,4.3105674,
tdc_vdss_lombardo,"Chemprop v2 (D-MPNN + Selected descriptors, ensemble=3)",Chemprop v2,test,132,CC[NH+](CC)CCN1C(=O)c2c(c3c4cccc(Cl)c4n(C4OC(CO)C(OC)C(O)C4O)c3c3[nH]c4c(Cl)cccc4c23)C1=O,8.9,6.4706306,
tdc_vdss_lombardo,"Chemprop v2 (D-MPNN + Selected descriptors, ensemble=3)",Chemprop v2,test,133,Cc1ccc(Sc2ccccc2N2CC[NH2+]CC2)c(C)c1,35.3,4.3007965,
tdc_vdss_lombardo,"Chemprop v2 (D-MPNN + Selected descriptors, ensemble=3)",Chemprop v2,test,134,O=C1CCc2ccc(OCCCC[NH+]3CCN(c4cccc(Cl)c4Cl)CC3)cc2N1,4.9,5.179275,
tdc_vdss_lombardo,"Chemprop v2 (D-MPNN + Selected descriptors, ensemble=3)",Chemprop v2,test,135,[NH3+][NH+]=c1cc2c(n[nH]1)CCN(C(=O)c1ccccc1)C2,2.2,3.318408,
tdc_vdss_lombardo,"Chemprop v2 (D-MPNN + Selected descriptors, ensemble=3)",Chemprop v2,test,136,CCN(CC)CCS(=O)(=O)C1CCN2C(=O)c3coc(n3)CC(=O)CC(O)/C=C(C)/C=C/CNC(=O)/C=C/C(C)C(C(C)C)OC(=O)C12,0.39,6.654068,
tdc_vdss_lombardo,"Chemprop v2 (D-MPNN + Selected descriptors, ensemble=3)",Chemprop v2,test,137,CCC1OC(=O)C(C)C(=O)C(C)C(OC2OC(C)CC([NH+](C)C)C2O)C(C)(OC)CC(C)C(=O)C(C)C2N(CCCCn3cnc(-c4cccnc4)c3)C(=O)OC12C,3.0,3.2549715,
tdc_vdss_lombardo,"Chemprop v2 (D-MPNN + Selected descriptors, ensemble=3)",Chemprop v2,test,138,C=CC[N+]12CCC34c5ccccc5N5/C=C6/C7CC8C9(CC[N+]8(CC=C)C/C7=C/CO)c7ccccc7N(/C=C(/C(CC31)/C(=C/CO)C2)C54)C69,0.32,12.049359,
tdc_vdss_lombardo,"Chemprop v2 (D-MPNN + Selected descriptors, ensemble=3)",Chemprop v2,test,139,CCCCCOc1ccc(-c2ccc(-c3ccc(C(=O)NC4CC(O)C(O)NC(=O)C5C(O)C(C)CN5C(=O)C(C(C)O)NC(=O)C(C(O)C(O)c5ccc(O)cc5)NC(=O)C5CC(O)CN5C(=O)C(C(C)O)NC4=O)cc3)cc2)cc1,0.57,9.206611,
tdc_vdss_lombardo,"Chemprop v2 (D-MPNN + Selected descriptors, ensemble=3)",Chemprop v2,test,140,CCC#CCC(C)C(O)C#CC1C(O)CC2C/C(=C\COCCCC(=O)[O-])CC21,2.4,4.3700233,
tdc_vdss_lombardo,"Chemprop v2 (D-MPNN + Selected descriptors, ensemble=3)",Chemprop v2,test,141,CCC#CCC(C)C(O)C#CC1C(O)CC2C/C(=C\COCC(=O)[O-])CC21,0.08,3.8725033,
tdc_vdss_lombardo,"Chemprop v2 (D-MPNN + Selected descriptors, ensemble=3)",Chemprop v2,test,142,CC#CCC(C)C(O)/C=C/C1C(O)CC2C/C(=C/CCCC(=O)[O-])CC21,0.37,2.6750376,
tdc_vdss_lombardo,"Chemprop v2 (D-MPNN + Selected descriptors, ensemble=3)",Chemprop v2,test,143,CCC1NC(=O)C(NC(=O)c2ncccc2[O-])C(C)OC(=O)C(c2ccccc2)NC(=O)C2CC(=O)C(CSC3C[NH+]4CCC3CC4)CN2C(=O)C(Cc2ccc(N(C)C)cc2)N(C)C(=O)C2CCCN2C1=O,0.67,5.4727883,
tdc_vdss_lombardo,"Chemprop v2 (D-MPNN + Selected descriptors, ensemble=3)",Chemprop v2,test,144,Cc1nc(N2CCN3CCOCC3C2)c(F)c(NNC(=O)C(CC2CCCC2)CN(O)C=O)[nH+]1,0.75,5.9974647,
tdc_vdss_lombardo,"Chemprop v2 (D-MPNN + Selected descriptors, ensemble=3)",Chemprop v2,test,145,CCOP(=O)(OCC)C(NC(=O)C1(O)C(O)C2(CC)C=CC[NH+]3CCC4(c5cc(C6(C(=O)OC)CC7CN(CCc8c6[nH]c6ccccc86)CC(O)(CC)C7)c(OC)cc5N(C)C14)C32)C(C)C,4.67,9.266805,
tdc_vdss_lombardo,"Chemprop v2 (D-MPNN + Selected descriptors, ensemble=3)",Chemprop v2,test,146,CCC1(O)CC2CN(CCc3c([nH]c4ccccc34)C(C(=O)OC)(c3cc4c(cc3OC)N(C)C3C(O)(C(N)=O)C(O)C5(CC)C=CC[NH+]6CCC43C65)C2)C1,5.0,9.1114235,
tdc_vdss_lombardo,"Chemprop v2 (D-MPNN + Selected descriptors, ensemble=3)",Chemprop v2,test,147,O=C1c2ccccc2OCN1CCO[N+](=O)[O-],0.68,3.6051972,
tdc_vdss_lombardo,"Chemprop v2 (D-MPNN + Selected descriptors, ensemble=3)",Chemprop v2,test,148,CCCn1c(=O)[n-]c(=O)c2nc[nH]c21,0.63,2.2526796,
tdc_vdss_lombardo,"Chemprop v2 (D-MPNN + Selected descriptors, ensemble=3)",Chemprop v2,test,149,CCN1CCN(C(=O)NC(C(=O)NC2C(=O)N3C2SC(C)(C)C3C(=O)[O-])c2ccccc2)C(=O)C1=O,0.27,0.72900146,
tdc_vdss_lombardo,"Chemprop v2 (D-MPNN + Selected descriptors, ensemble=3)",Chemprop v2,test,150,CC1CNc2c(cccc2S(=O)(=O)NC(CCCN=C(N)N)C(=O)N2CCC(C)CC2C(=O)[O-])C1,0.17,3.3730805,
tdc_vdss_lombardo,"Chemprop v2 (D-MPNN + Selected descriptors, ensemble=3)",Chemprop v2,test,151,c1ccc2c(c1)OCC(C1=[NH+]CCN1)O2,3.3,3.4310741,
tdc_vdss_lombardo,"Chemprop v2 (D-MPNN + Selected descriptors, ensemble=3)",Chemprop v2,test,152,CC(C)CC(NC(=O)C(Cc1ccccc1)NC(=O)c1cnccn1)B(O)O,10.0,2.0736642,
tdc_vdss_lombardo,"Chemprop v2 (D-MPNN + Selected descriptors, ensemble=3)",Chemprop v2,test,153,Nc1nc(=O)c2ncn(CCC(CO)CO)c2[nH]1,1.1,3.2748964,
tdc_vdss_lombardo,"Chemprop v2 (D-MPNN + Selected descriptors, ensemble=3)",Chemprop v2,test,154,CN(Cc1cnc2nc(N)nc(N)c2n1)c1ccc(C(=O)NC(CCC(=O)[O-])C(=O)[O-])cc1,0.43,0.8752746,
tdc_vdss_lombardo,"Chemprop v2 (D-MPNN + Selected descriptors, ensemble=3)",Chemprop v2,test,155,Cc1c(CN(C)C(=O)/C=C/C2=CNC3=[NH+]C(=O)CCC3=C2)oc2ccccc12,0.43,7.720965,
tdc_vdss_lombardo,"Chemprop v2 (D-MPNN + Selected descriptors, ensemble=3)",Chemprop v2,test,156,O=c1[nH]c2ccccc2n1CCC[NH+]1CCC(n2c(=O)[nH]c3cc(Cl)ccc32)CC1,3.4,3.3382502,
tdc_vdss_lombardo,"Chemprop v2 (D-MPNN + Selected descriptors, ensemble=3)",Chemprop v2,test,157,Nc1nc(/C(=N\O)C(=O)NC2C(=O)N3C(C(=O)[O-])=C(/C=C4\CCN(CC(F)(F)F)C4=O)CSC23)cs1,0.11,-0.35784054,
tdc_vdss_lombardo,"Chemprop v2 (D-MPNN + Selected descriptors, ensemble=3)",Chemprop v2,test,158,CC1[NH2+]Cc2cc(-c3ccc4c(=O)c(C(=O)[O-])cn(C5CC5)c4c3OC(F)F)ccc21,1.0,2.2951863,
tdc_vdss_lombardo,"Chemprop v2 (D-MPNN + Selected descriptors, ensemble=3)",Chemprop v2,test,159,C[N+]1(C)CCC(OC(=O)C(O)(c2ccccc2)C2CCCC2)C1,0.37,1.8380346,
tdc_vdss_lombardo,"Chemprop v2 (D-MPNN + Selected descriptors, ensemble=3)",Chemprop v2,test,160,CC1(C)SC2C(NC(=O)C(NC(=O)N3CCN(S(C)(=O)=O)C3=O)c3ccccc3)C(=O)N2C1C(=O)[O-],0.09,0.8615077,
tdc_vdss_lombardo,"Chemprop v2 (D-MPNN + Selected descriptors, ensemble=3)",Chemprop v2,test,161,CC1(C)SC2C(NC(=O)C(NC(=O)N3CCNC3=O)c3ccccc3)C(=O)N2C1C(=O)[O-],0.26,-0.44971547,
tdc_vdss_lombardo,"Chemprop v2 (D-MPNN + Selected descriptors, ensemble=3)",Chemprop v2,test,162,CCCCCNC(=O)c1coc(C2C3CCC(O3)C2Cc2ccccc2CCC(=O)[O-])n1,4.4,5.556488,
tdc_vdss_lombardo,"Chemprop v2 (D-MPNN + Selected descriptors, ensemble=3)",Chemprop v2,test,163,CCC[c-]1c(=O)n2c(N(C)C)nc3ccc(C)cc3n2c1=O,0.12,2.5177035,
tdc_vdss_lombardo,"Chemprop v2 (D-MPNN + Selected descriptors, ensemble=3)",Chemprop v2,test,164,C#CCN(Cc1cc2c(=O)nc(C)[nH]c2cc1C)c1ccc(C(=O)NC(CCc2nnn[n-]2)C(=O)[O-])c(F)c1,0.53,3.0916452,
tdc_vdss_lombardo,"Chemprop v2 (D-MPNN + Selected descriptors, ensemble=3)",Chemprop v2,test,165,CC(O)(/C=C/C1CC=CC(=O)O1)C(CC(O)/C=C/C=C/C=C/CO)OP(=O)([O-])O,0.09,1.6849457,
tdc_vdss_lombardo,"Chemprop v2 (D-MPNN + Selected descriptors, ensemble=3)",Chemprop v2,test,166,Cc1nc2c([nH]1)-c1ccccc1N(C(=O)c1ccc(NC(=O)c3ccccc3-c3ccccc3)cc1)CC2,0.76,5.8110313,
tdc_vdss_lombardo,"Chemprop v2 (D-MPNN + Selected descriptors, ensemble=3)",Chemprop v2,test,167,Cc1nnc(SCC2=C(C(=O)[O-])N3C(=O)C(NC(=O)C(O)c4ccccc4)C3SC2)s1,0.13,1.3811942,
tdc_vdss_lombardo,"Chemprop v2 (D-MPNN + Selected descriptors, ensemble=3)",Chemprop v2,test,168,CCCCC(=O)N(Cc1ccc(-c2ccccc2-c2nnn[n-]2)cc1)C(C(=O)[O-])C(C)C,0.22,2.9601047,
tdc_vdss_lombardo,"Chemprop v2 (D-MPNN + Selected descriptors, ensemble=3)",Chemprop v2,test,169,[NH3+]CC1(CC(=O)[O-])CCCCC1,0.71,2.5185544,
tdc_vdss_lombardo,"Chemprop v2 (D-MPNN + Selected descriptors, ensemble=3)",Chemprop v2,test,170,[NH3+]CC1CCC(C(=O)[O-])CC1,0.38,2.9734364,
tdc_vdss_lombardo,"Chemprop v2 (D-MPNN + Selected descriptors, ensemble=3)",Chemprop v2,test,171,COCCn1c2c([n+](Cc3cnccn3)c1C)C(=O)c1ccccc1C2=O,23.7,0.21294832,
tdc_vdss_lombardo,"Chemprop v2 (D-MPNN + Selected descriptors, ensemble=3)",Chemprop v2,test,172,CC(=O)Nc1cccc(-n2c(=O)n(C3CC3)c(=O)c3c(Nc4ccc(I)cc4F)n(C)c(=O)c(C)c32)c1,13.94,2.3443718,
tdc_vdss_lombardo,"Chemprop v2 (D-MPNN + Selected descriptors, ensemble=3)",Chemprop v2,test,173,CO/N=C(\C(=O)NC1C(=O)N2C(C(=O)[O-])=C(CSc3nnnn3C)CSC12)c1csc(N)n1,0.2,0.109664045,
tdc_vdss_lombardo,"Chemprop v2 (D-MPNN + Selected descriptors, ensemble=3)",Chemprop v2,test,174,C[N+]1(CC2CC2)[C@@H]2C[C@@H](OC(=O)[C@H](CO)c3ccccc3)C[C@H]1[C@@H]1O[C@@H]12,1.12,3.2318678,
tdc_vdss_lombardo,"Chemprop v2 (D-MPNN + Selected descriptors, ensemble=3)",Chemprop v2,test,175,CC(=[NH2+])N1CCC(Oc2ccc(C(Cc3ccc4ccc(C(N)=[NH2+])cc4c3)C(=O)[O-])cc2)C1,1.55,2.9122238,
tdc_vdss_lombardo,"Chemprop v2 (D-MPNN + Selected descriptors, ensemble=3)",Chemprop v2,test,176,CCOc1cc(CC(=O)NC(CC(C)C)c2ccccc2N2CCCCC2)ccc1C(=O)[O-],0.35,3.004796,
tdc_vdss_lombardo,"Chemprop v2 (D-MPNN + Selected descriptors, ensemble=3)",Chemprop v2,test,177,NC(=[NH2+])c1ccc(CNC(=O)C2CCN2C(=O)C([NH2+]CC(=O)[O-])C2CCCCC2)cc1,0.23,2.8970716,
tdc_vdss_lombardo,"Chemprop v2 (D-MPNN + Selected descriptors, ensemble=3)",Chemprop v2,test,178,O=P1(N(CCCl)CCCl)[NH2+]CCCO1,0.73,3.7361536,
tdc_vdss_lombardo,"Chemprop v2 (D-MPNN + Selected descriptors, ensemble=3)",Chemprop v2,test,179,CC(C)C1NC(=O)C(CCCC[NH3+])NC(=O)C(Cc2c[nH]c3ccccc23)NC(=O)C(Cc2ccc(O)cc2)NC(=O)C(NC(=O)C(N)Cc2ccc3ccccc3c2)CSSCC(C(=O)NC(C(N)=O)C(C)O)NC1=O,0.2,2.1931255,
tdc_vdss_lombardo,"Chemprop v2 (D-MPNN + Selected descriptors, ensemble=3)",Chemprop v2,test,180,COc1c(C)cc2c(c1O)C1C3Cc4c(OC(C)=O)c(C)c5c(c4C(CNC(=O)/C=C/c4cccc(C(F)(F)F)c4)N3C(O)C(C2)[NH+]1C)OCO5,12.6,6.1243234,
tdc_vdss_lombardo,"Chemprop v2 (D-MPNN + Selected descriptors, ensemble=3)",Chemprop v2,test,181,CCCCCC(O)CCC1C(O)CC2Cc3c(cccc3OCC(=O)[O-])CC21,0.23,7.1925583,
tdc_vdss_lombardo,"Chemprop v2 (D-MPNN + Selected descriptors, ensemble=3)",Chemprop v2,test,182,Cc1ccc(C(=O)Nc2ccc(S(=O)(=O)[O-])c3cc(S(=O)(=O)[O-])cc(S(=O)(=O)[O-])c23)cc1NC(=O)c1cccc(NC(=O)Nc2cccc(C(=O)Nc3cc(C(=O)Nc4ccc(S(=O)(=O)[O-])c5cc(S(=O)(=O)[O-])cc(S(=O)(=O)[O-])c45)ccc3C)c2)c1,0.54,3.4395878,
tdc_vdss_lombardo,"Chemprop v2 (D-MPNN + Selected descriptors, ensemble=3)",Chemprop v2,test,183,CN(C)C(=O)CCSC(SCCC(=O)[O-])c1cccc(/C=C/c2ccc3ccc(Cl)cc3n2)c1,0.11,0.9994259,
tdc_vdss_lombardo,"Chemprop v2 (D-MPNN + Selected descriptors, ensemble=3)",Chemprop v2,test,184,CC([NH2+]CCCc1cccc(C(F)(F)F)c1)c1cccc2ccccc12,17.6,5.107037,
tdc_vdss_lombardo,"Chemprop v2 (D-MPNN + Selected descriptors, ensemble=3)",Chemprop v2,test,185,CCC(C)N(C)C(=O)c1cc2ccccc2c(-c2ccccc2Cl)n1,1.7,2.4018104,
tdc_vdss_lombardo,"Chemprop v2 (D-MPNN + Selected descriptors, ensemble=3)",Chemprop v2,test,186,C/C(=C\c1csc(C)n1)[C@@H]1C[C@H]2[C@@H](CCC[C@H](C)[C@H](O)[C@@H](C)C(=O)C(C)(C)[C@@H](O)CC(=O)O1)N2CCOC(=O)OCCSSC[C@H](NC(=O)[C@H](CC(=O)O)NC(=O)[C@H](CCCNC(=N)N)NC(=O)[C@H](CC(=O)O)NC(=O)CC[C@H](NC(=O)c1ccc(NCc2c[nH]c3nc(N)nc(=O)c-3n2)cc1)C(=O)O)C(=O)O,0.09,5.3464932,
tdc_vdss_lombardo,"Chemprop v2 (D-MPNN + Selected descriptors, ensemble=3)",Chemprop v2,test,187,C[NH+](C)CCc1c[nH]c2ccc(Cn3cncn3)cc12,1.9,6.324669,
tdc_vdss_lombardo,"Chemprop v2 (D-MPNN + Selected descriptors, ensemble=3)",Chemprop v2,test,188,COC(=O)C1=C(C)NC(C)=C(C(=O)OCCN(C)Cc2ccccc2)C1c1cccc([N+](=O)[O-])c1,1.0,1.809358,
tdc_vdss_lombardo,"Chemprop v2 (D-MPNN + Selected descriptors, ensemble=3)",Chemprop v2,test,189,CCCCCCCCCC(=O)N[C@@H](Cc1c[nH]c2ccccc12)C(=O)N[C@H](CC(N)=O)C(=O)N[C@@H](CC(=O)[O-])C(=O)N[C@@H]1C(=O)NCC(=O)N[C@@H](CCC[NH3+])C(=O)N[C@@H](CC(=O)[O-])C(=O)N[C@H](C)C(=O)N[C@@H](CC(=O)[O-])C(=O)NCC(=O)N[C@H](CO)C(=O)N[C@@H]([C@H](C)CC(=O)[O-])C(=O)N[C@@H](CC(=O)c2ccccc2N)C(=O)O[C@@H]1C,0.09,9.863794,
tdc_vdss_lombardo,"Chemprop v2 (D-MPNN + Selected descriptors, ensemble=3)",Chemprop v2,test,190,CC(O)C1C(=O)N2C(C(=O)[O-])=C(SC3CCS(=O)C3)SC12,0.21,2.6984575,
tdc_vdss_lombardo,"Chemprop v2 (D-MPNN + Selected descriptors, ensemble=3)",Chemprop v2,test,191,Cc1ccc(C(=O)N(CCC[NH3+])C(c2nc3snc(C)c3c(=O)n2Cc2ccccc2)C(C)C)cc1,6.74,2.021157,
tdc_vdss_lombardo,"Chemprop v2 (D-MPNN + Selected descriptors, ensemble=3)",Chemprop v2,test,192,CC(C)[NH+](CCC(c1ccccc1)c1cc(CO)ccc1O)C(C)C,2.41,3.5076087,
tdc_vdss_lombardo,"Chemprop v2 (D-MPNN + Selected descriptors, ensemble=3)",Chemprop v2,test,193,CC(CC(c1ccccc1)c1ccccc1)[NH2+]C(C)(C)C,5.1,3.5887432,
tdc_vdss_lombardo,"Chemprop v2 (D-MPNN + Selected descriptors, ensemble=3)",Chemprop v2,test,194,Cc1ccc(O)c(C(CC[NH+](C(C)C)C(C)C)c2ccccc2)c1,1.5,3.9578733,
tdc_vdss_lombardo,"Chemprop v2 (D-MPNN + Selected descriptors, ensemble=3)",Chemprop v2,test,195,CCC(OC(C)=O)C(CC(C)[NH+](C)C)(c1ccccc1)c1ccccc1,8.3,2.2960384,
tdc_vdss_lombardo,"Chemprop v2 (D-MPNN + Selected descriptors, ensemble=3)",Chemprop v2,test,196,CCC(=O)C(CC(C)[NH+](C)C)(c1ccccc1)c1ccccc1,4.4,0.7943055,
tdc_vdss_lombardo,"Chemprop v2 (D-MPNN + Selected descriptors, ensemble=3)",Chemprop v2,test,197,CCC(CC)COC(C(=O)OCC[NH+](C)C)(c1ccccc1)c1ccccc1,7.1,3.66298,
tdc_vdss_lombardo,"Chemprop v2 (D-MPNN + Selected descriptors, ensemble=3)",Chemprop v2,test,198,C[NH+](C)CCOC(c1ccccc1)c1ccccc1,6.5,2.2813556,
tdc_vdss_lombardo,"Chemprop v2 (D-MPNN + Selected descriptors, ensemble=3)",Chemprop v2,test,199,CCc1nc2c(N)[nH+]c3ccccc3c2n1CCCCNS(C)(=O)=O,3.1,3.1197207,
tdc_vdss_lombardo,"Chemprop v2 (D-MPNN + Selected descriptors, ensemble=3)",Chemprop v2,test,200,N#Cc1ccc(C(c2ccc(C#N)cc2)n2cncn2)cc1,1.9,3.4253833,
tdc_vdss_lombardo,"Chemprop v2 (D-MPNN + Selected descriptors, ensemble=3)",Chemprop v2,test,201,O=C1c2ccccc2S(=O)(=O)N1CCCC[NH2+]CC1CCc2ccccc2O1,0.21,4.7133307,
tdc_vdss_lombardo,"Chemprop v2 (D-MPNN + Selected descriptors, ensemble=3)",Chemprop v2,test,202,COc1ccc(CC2c3cc(OC)c(OC)cc3CC[N+]2(C)CCC(=O)OCCCCCOC(=O)CC[N+]2(C)CCc3cc(OC)c(OC)cc3C2Cc2ccc(OC)c(OC)c2)cc1OC,0.1,3.151788,
tdc_vdss_lombardo,"Chemprop v2 (D-MPNN + Selected descriptors, ensemble=3)",Chemprop v2,test,203,COc1ccc(CC2c3cc(OC)c(OC)cc3CC[N+]2(C)CCC(=O)OCCCCCOC(=O)CC[N+]2(C)CCc3cc(OC)c(OC)cc3C2Cc2ccc(OC)c(OC)c2)cc1OC,0.14,3.1517885,
tdc_vdss_lombardo,"Chemprop v2 (D-MPNN + Selected descriptors, ensemble=3)",Chemprop v2,test,204,CCC1(c2ccccc2)C(=O)NC(=O)NC1=O,0.54,0.6130142,
tdc_vdss_lombardo,"Chemprop v2 (D-MPNN + Selected descriptors, ensemble=3)",Chemprop v2,test,205,NC(=O)c1csc(C2OC(CO)C(O)C2O)n1,1.1,4.129685,
tdc_vdss_lombardo,"Chemprop v2 (D-MPNN + Selected descriptors, ensemble=3)",Chemprop v2,test,206,CC1CC2C(C(O)CC3(C)C2CCC3(O)C(=O)CO)C2(C)C=CC(=O)C=C12,1.2,1.5864922,
tdc_vdss_lombardo,"Chemprop v2 (D-MPNN + Selected descriptors, ensemble=3)",Chemprop v2,test,207,CC1CC2C3CCC4=CC(=O)C=CC4(C)C3(F)C(O)CC2(C)C1(O)C(=O)CO,0.94,1.5223001,
tdc_vdss_lombardo,"Chemprop v2 (D-MPNN + Selected descriptors, ensemble=3)",Chemprop v2,test,208,CCC(=O)OCC(=O)C1(OC(=O)CC)C(C)CC2C3CCC4=CC(=O)C=CC4(C)C3(Cl)C(O)CC21C,0.29,1.2377954,
tdc_vdss_lombardo,"Chemprop v2 (D-MPNN + Selected descriptors, ensemble=3)",Chemprop v2,test,209,CCC(=O)OC1(C(=O)SCF)C(C)CC2C3CC(F)C4=CC(=O)C=CC4(C)C3(F)C(O)CC21C,3.6,1.5178436,
tdc_vdss_lombardo,"Chemprop v2 (D-MPNN + Selected descriptors, ensemble=3)",Chemprop v2,test,210,CC12C=CC(=O)C=C1CCC1C2C(O)CC2(C)C1CCC2(O)C(=O)CO,0.86,3.1826694,
tdc_vdss_lombardo,"Chemprop v2 (D-MPNN + Selected descriptors, ensemble=3)",Chemprop v2,test,211,CC1CC2C3CCC4=CC(=O)C=CC4(C)C3(F)C(O)CC2(C)C1(O)C(=O)CO,1.3,1.5223001,
tdc_vdss_lombardo,"Chemprop v2 (D-MPNN + Selected descriptors, ensemble=3)",Chemprop v2,test,212,CC(=O)NC1C(NC(N)=[NH2+])C=C(C(=O)[O-])OC1C(O)C(O)CO,0.23,3.4171133,
tdc_vdss_lombardo,"Chemprop v2 (D-MPNN + Selected descriptors, ensemble=3)",Chemprop v2,test,213,CC(=O)OC12COC1CC(O)C1(C)C(=O)C(O)C3=C(C)C(OC(=O)C(O)C(NC(=O)OC(C)(C)C)c4ccccc4)CC(O)(C(OC(=O)c4ccccc4)C21)C3(C)C,2.1,4.8553944,
tdc_vdss_lombardo,"Chemprop v2 (D-MPNN + Selected descriptors, ensemble=3)",Chemprop v2,test,214,COC1C(=O)C2(C)C(OC)CC3OCC3(OC(C)=O)C2C(OC(=O)c2ccccc2)C2(O)CC(OC(=O)C(O)C(NC(=O)OC(C)(C)C)c3ccccc3)C(C)=C1C2(C)C,48.0,6.1478534,
tdc_vdss_lombardo,"Chemprop v2 (D-MPNN + Selected descriptors, ensemble=3)",Chemprop v2,test,215,C#CC1(O)C(CO)OC(n2ccc(N)nc2=O)C1O,1.1,2.2072287,
tdc_vdss_lombardo,"Chemprop v2 (D-MPNN + Selected descriptors, ensemble=3)",Chemprop v2,test,216,Nc1ccn(C2OC(CO)C(O)C2(F)F)c(=O)n1,1.5,1.6677853,
tdc_vdss_lombardo,"Chemprop v2 (D-MPNN + Selected descriptors, ensemble=3)",Chemprop v2,test,217,Nc1ccn(C2CCC(CO)O2)c(=O)n1,0.54,1.4353939,
tdc_vdss_lombardo,"Chemprop v2 (D-MPNN + Selected descriptors, ensemble=3)",Chemprop v2,test,218,Nc1ccn(C2OC(CO)C(O)C2O)c(=O)n1,0.67,1.8762308,
tdc_vdss_lombardo,"Chemprop v2 (D-MPNN + Selected descriptors, ensemble=3)",Chemprop v2,test,219,COC(=O)C(c1ccccc1)C1CCCC[NH2+]1,2.65,3.341961,
tdc_vdss_lombardo,"Chemprop v2 (D-MPNN + Selected descriptors, ensemble=3)",Chemprop v2,test,220,COC(=O)C(c1ccccc1)C1CCCC[NH2+]1,2.2,3.341961,
tdc_vdss_lombardo,"Chemprop v2 (D-MPNN + Selected descriptors, ensemble=3)",Chemprop v2,test,221,O=C(CCC[NH+]1CC=C(n2c(=O)[nH]c3ccccc32)CC1)c1ccc(F)cc1,1.41,5.158593,
tdc_vdss_lombardo,"Chemprop v2 (D-MPNN + Selected descriptors, ensemble=3)",Chemprop v2,test,222,C[NH+](C)CCc1c[nH]c2ccc(CC3COC(=O)N3)cc12,1.8,4.377729,
tdc_vdss_lombardo,"Chemprop v2 (D-MPNN + Selected descriptors, ensemble=3)",Chemprop v2,test,223,CSCC[C@H](N)C(=O)N[C@@H](CCC(=O)O)C(=O)N[C@@H](Cc1cnc[nH]1)C(=O)N[C@@H](Cc1ccccc1)C(=O)N[C@@H](CCCN=C(N)N)C(=O)N[C@@H](Cc1c[nH]c2ccccc12)C(=O)NCC(=O)O,0.73,5.4093018,
tdc_vdss_lombardo,"Chemprop v2 (D-MPNN + Selected descriptors, ensemble=3)",Chemprop v2,test,224,CC(O)C1C(=O)N2C(C(=O)[O-])=C(SC3Cn4cnc[n+]4C3)C(C)C12,0.2,2.6554277,
tdc_vdss_lombardo,"Chemprop v2 (D-MPNN + Selected descriptors, ensemble=3)",Chemprop v2,test,225,CNC1C(OC2C(OC3C(O)C(O)C(NC(N)=[NH2+])C(O)C3NC(N)=[NH2+])OC(C)C2(O)C=O)OC(CO)C(O)C1O,0.34,4.9294467,
