model,workflow,train_r2,train_rmse,train_mae,train_spearman,test_r2,test_rmse,test_mae,test_spearman,primary_metric,primary_metric_value
Uni-Mol V1,Uni-Mol,0.629173640595033,0.46109977445729855,0.3751088109706872,0.7704320834570154,0.16960340088808923,0.7688396683674629,0.5974337628582502,0.34909444540626916,rmse,0.7688396683674629
"Ensemble (OOF Stacking (RidgeCV, 5-fold))",ensemble,0.8918556466850818,0.2490069879779162,0.16877352461291814,0.9271063889828185,0.06060048200426982,0.8177455101278073,0.6500714327245669,0.4317491191097034,rmse,0.8177455101278073
ChemML MLP (PyTorch),ChemML deep learning,0.8924153407210182,0.24836179240330566,0.16922792341677778,0.9275097303835342,0.03896639282300707,0.8271081293098964,0.6592483007683395,0.4245370936591096,rmse,0.8271081293098964
