model,workflow,train_r2,train_rmse,train_mae,train_spearman,test_r2,test_rmse,test_mae,test_spearman,primary_metric,primary_metric_value
Ensemble (Weighted average (inverse train RMSE)),ensemble,0.8647623283893319,0.2784572010811513,0.2165677076306592,0.9187353430558082,0.191382578547037,0.7586903299616911,0.5922536927862432,0.43896114456029717,rmse,0.7586903299616911
Uni-Mol V1,Uni-Mol,0.629173640595033,0.46109977445729855,0.3751088109706872,0.7704320834570154,0.16960340088808923,0.7688396683674629,0.5974337628582502,0.34909444540626916,rmse,0.7688396683674629
ChemML MLP (PyTorch),ChemML deep learning,0.8924153407210182,0.24836179240330566,0.16922792341677778,0.9275097303835342,0.03896639282300707,0.8271081293098964,0.6592483007683395,0.4245370936591096,rmse,0.8271081293098964
