Model,Weight,Abs normalized contribution,Workflow
ChemML MLP (PyTorch),0.9727611363242367,0.9385979893344947,ChemML deep learning
Uni-Mol V1,0.06363692480304646,0.061402010665505304,Uni-Mol
