model,train_metric,performance_strength,diversity_strength
ChemML MLP (PyTorch),1.382887456764834,0.7231246440975235,0.0464570634107087
"Chemprop v2 (AttentiveFP, ensemble=1)",26.76870716956867,0.03735705253396865,0.08748541704793683
Uni-Mol V1,21.24584624292361,0.04706802395941615,0.027887768394310102
"Voting Regressor (KNN, SVM)",9.399823876700497,0.10638497200769016,0.03291256719305111
