model,train_metric,performance_strength,diversity_strength
ChemML MLP (PyTorch),0.04237288136086035,23.59999999725522,0.0001024500912413179
"Chemprop v2 (AttentiveFP, ensemble=1)",0.3664608235594542,2.728804651714049,0.00027481191767249916
"MapLight + GNN (CatBoost, Strict Parity)",0.08249291178477067,12.122253638095168,0.0001398977173897287
TabPFNRegressor,0.07112463454906527,14.059826195804927,0.00014787032038947738
