Model,Weight,Abs normalized contribution,Workflow
Random forest,0.11642333421793527,0.11517629033248789,Conventional ML
AdaBoost,-0.0036450209023444202,0.0036059780329821007,Conventional ML
Tabular CNN,0.008172106412291491,0.008084572625348087,Conventional ML
TabPFNRegressor,0.8625600302065566,0.8533209011374057,Conventional ML
"Chemprop v2 (AttentiveFP, ensemble=1)",0.02002677038094447,0.019812257871776283,Chemprop v2
