model,workflow,train_r2,train_rmse,train_mae,train_spearman,test_r2,test_rmse,test_mae,test_spearman,primary_metric,primary_metric_value
TabPFNRegressor,Conventional ML,0.9992484351688031,0.1007051553934165,0.07112463454906527,0.9995224831324675,0.9506687403182806,0.9821773158213192,0.5260919420790765,0.9843371120213118,rmse,0.9821773158213192
"Chemprop v2 (AttentiveFP, ensemble=1)",Chemprop v2,0.9765957741851127,0.5619732182647333,0.3664608235594542,0.9896234470027454,0.9401512864303068,1.0818229906857273,0.632571929263566,0.9541545716607124,rmse,1.0818229906857273
Ensemble (Weighted average (inverse train RMSE)),ensemble,0.9974468949249158,0.18561062094965528,0.13792441730247826,0.9986038481903011,0.9285331931192576,1.1821728635551059,0.5947423457896797,0.9817655305125369,rmse,1.1821728635551059
Tabular CNN,Conventional ML,0.8515980758821305,1.4151036303710995,1.0828125620312394,0.9076702711935823,0.8002993541334783,1.9761437428060773,1.4073255358416905,0.8637075776814319,rmse,1.9761437428060773
Random forest,Conventional ML,0.989209949732316,0.38157526382040036,0.22141791248955683,0.9960753574989276,0.732640165002409,2.286529869762185,0.9618574252491688,0.9390185783237386,rmse,2.286529869762185
AdaBoost,Conventional ML,0.912942394643605,1.0838566279826347,0.8728607153693032,0.962377979789063,0.7143115765636339,2.363606186574924,1.255306711817695,0.9324307328859742,rmse,2.363606186574924
