model,train_metric,performance_strength,diversity_strength
ChemML MLP (PyTorch),0.04871908636379656,20.52583647675105,0.004041956810070573
"Chemprop v2 (AttentiveFP, ensemble=1)",0.22711705010561453,4.40301597583703,0.0028815927722213295
MapLight CatBoost (Strict Parity),0.14544538221661507,6.875433133454025,0.001268731754017565
Uni-Mol V1,0.15308199092470315,6.532447049841889,0.0015453463869051088
