model,workflow,train_roc_auc,test_roc_auc,train_auprc,test_auprc,train_balanced_accuracy,test_balanced_accuracy,train_mcc,test_mcc,primary_metric,primary_metric_value
CFA (Combinatorial Fusion),CFA fusion,1.0,0.9089130434782609,1.0,0.8714112421721448,0.7098445595854922,0.5,0.5118140397592091,0.0,roc_auc,0.9089130434782609
Random forest,Conventional ML,1.0,0.9069565217391304,1.0,0.8850196077792691,1.0,0.8178260869565217,1.0,0.659757771978921,roc_auc,0.9069565217391304
Ensemble (Weighted average (inverse train RMSE)),ensemble,1.0,0.9047826086956521,1.0,0.8814266054368248,0.616580310880829,0.5,0.36033864497840834,0.0,roc_auc,0.9047826086956521
CatBoost,Conventional ML,1.0,0.8930434782608696,1.0,0.8665751539287914,1.0,0.8195652173913044,1.0,0.6501052681741611,roc_auc,0.8930434782608696
"Chemprop v2 (AttentiveFP, ensemble=1)",Chemprop v2,0.9440637361412892,0.8830434782608695,0.9417568628875781,0.8788733164953607,0.8833779040615076,0.8204347826086957,0.76857782167007,0.6472324637578833,roc_auc,0.8830434782608695
AdaBoost,Conventional ML,0.9381581146581982,0.8321739130434782,0.9440050377306168,0.7880004529074167,0.8726252158894646,0.8095652173913044,0.7483210582933614,0.6273675653967149,roc_auc,0.8321739130434782
