model,train_metric,performance_strength,diversity_strength
ChemML MLP (PyTorch),6.68405511228265e-06,149609.77777732495,0.004818739448018468
"Chemprop v2 (AttentiveFP, ensemble=1)",0.14973620262490261,6.678411649753499,0.0067221205672344025
"MapLight + GNN (CatBoost, Strict Parity)",0.15082644628099173,6.63013698630137,0.007965703252970543
Tabular MLP,1.4853455805319271e-06,673243.9999867796,0.00951307631784208
