model,train_metric,performance_strength,diversity_strength
ChemML MLP (PyTorch),0.6100727517696279,1.6391487688957038,0.001771655327293751
"Chemprop v2 (AttentiveFP + Selected descriptors, ensemble=1)",17.311105642330826,0.05776638538642507,0.004634183083807871
"MapLight + GNN (CatBoost, Strict Parity)",5.316657518825354,0.18808809791850892,0.0020227817007216087
"Voting Regressor (KNN, SVM)",6.89381624834216,0.14505753619999404,0.0015783543643711083
