model,train_metric,performance_strength,diversity_strength
CatBoost,0.0,1000000000000.0,0.0003851477660111185
ChemML MLP (PyTorch),0.0,1000000000000.0,0.0005499887316932876
"Chemprop v2 (AttentiveFP + Selected descriptors, ensemble=1)",0.0,1000000000000.0,0.0007225172782147476
"MapLight + GNN (CatBoost, Strict Parity)",0.0,1000000000000.0,0.0005380945339485991
