model,train_metric,performance_strength,diversity_strength
ChemML MLP (PyTorch),0.09717032845292334,10.291207366706347,0.0021557472891846007
"Chemprop v2 (AttentiveFP, ensemble=1)",0.3332497626561706,3.0007523247113213,0.0010568385665619144
"MapLight + GNN (CatBoost, Strict Parity)",0.2904555036401052,3.4428681414798405,0.0012304628916139416
XGBoost,0.1613377855182481,6.198176061409341,0.0012830881804279152
