model,train_metric,performance_strength,diversity_strength
"Chemprop v2 (AttentiveFP, ensemble=1)",0.3053378180499022,3.2750610664171553,0.00169557383244289
"MapLight + GNN (CatBoost, Strict Parity)",0.22383801891361155,4.467516308683655,0.0014482765078543303
XGBoost,0.14060284096871342,7.112231823413279,0.0006973381113739921
