model,workflow,train_r2,train_rmse,train_mae,train_spearman,test_r2,test_rmse,test_mae,test_spearman,primary_metric,primary_metric_value
Uni-Mol V1,Uni-Mol,0.8552793377457166,0.33187297560367174,0.20814105366323793,0.9267779658087425,0.37586189374591705,0.7065063223064473,0.5166180804164759,0.5486956803044389,rmse,0.7065063223064473
"Ensemble (OOF Stacking (RidgeCV, 5-fold))",ensemble,0.9851419561324362,0.10633774264089764,0.06974701956834072,0.9903177590004921,0.18745480532218295,0.8061195731521343,0.5806566643025907,0.447792067601688,rmse,0.8061195731521343
ChemML MLP (PyTorch),ChemML deep learning,0.9846715762186241,0.1080078616681938,0.07118257130048598,0.9902516273082052,0.15113307623964045,0.8239398515235099,0.5933785439738346,0.43982002286766286,rmse,0.8239398515235099
