model,train_metric,performance_strength,diversity_strength
ChemML MLP (PyTorch),2.5665156734027117,0.3896333111709348,0.002724480827873139
"Chemprop v2 (AttentiveFP, ensemble=1)",5.266294166741372,0.18988684800696778,0.007261803847352987
MapLight CatBoost (Strict Parity),4.057916888284594,0.24643185839686596,0.0035892068060871933
Uni-Mol V1,3.7286751733195995,0.26819177147836953,0.0023883663558679105
