model,train_metric,performance_strength,diversity_strength
ChemML MLP (PyTorch),0.025658369408369408,38.973637961335676,0.033360787163100945
"Chemprop v2 (AttentiveFP + Selected descriptors, ensemble=1)",0.08829365079365081,11.325842696629211,0.031660571835415305
"MapLight + GNN (CatBoost, Strict Parity)",0.010101010101010166,98.99999999999936,0.05642354795969192
TabPFNClassifier,0.1025432900432901,9.751978891820574,0.024570220106769087
