model,train_metric,performance_strength,diversity_strength
"Chemprop v2 (AttentiveFP, ensemble=1)",0.29526703273815613,3.3867648234430683,0.002598444796784549
Extra trees,6.0253005549837055e-15,1000000000000.0,0.005343688847431114
"MapLight + GNN (CatBoost, Strict Parity)",0.14839284189316657,6.738869525256054,0.002856124322743434
