model,workflow,train_r2,train_rmse,train_mae,train_spearman,test_r2,test_rmse,test_mae,test_spearman,primary_metric,primary_metric_value
Uni-Mol V1,Uni-Mol,0.8424298173885725,0.3700514531318863,0.2783369387697721,0.871952096496689,0.48103861858844665,0.6378820845219647,0.4645777297124784,0.5795576132913229,rmse,0.6378820845219647
"Ensemble (OOF Stacking (RidgeCV, 5-fold))",ensemble,0.9958704055872675,0.05990716868707508,0.03732315692571985,0.9972054820757703,0.38688933366486944,0.6933337162923766,0.5266884451375939,0.4692829181005015,rmse,0.6933337162923766
ChemML MLP (PyTorch),ChemML deep learning,0.9955628467152245,0.06209795678659676,0.04007370435459815,0.99718623342227,0.38326796254541595,0.6953783080535428,0.5276300981017639,0.4662468376638544,rmse,0.6953783080535428
Uni-Mol V1,Uni-Mol,0.8424298173885725,0.3700514531318863,0.2783369387697721,0.871952096496689,0.48103861858844665,0.6378820845219647,0.4645777297124784,0.5795576132913229,rmse,0.6378820845219647
Ensemble (Weighted average (inverse train RMSE)),ensemble,0.9931984155604565,0.07688296822545754,0.05450453765372576,0.9960860657475048,0.4220145121979084,0.6731802273491542,0.5082788860350693,0.49642577160859097,rmse,0.6731802273491542
ChemML MLP (PyTorch),ChemML deep learning,0.9955628467152245,0.06209795678659676,0.04007370435459815,0.99718623342227,0.38326796254541595,0.6953783080535428,0.5276300981017639,0.4662468376638544,rmse,0.6953783080535428
