Model,Weight,Abs normalized contribution,Workflow
ChemML MLP (PyTorch),0.9853779050093334,0.985635741016423,ChemML deep learning
Uni-Mol V1,0.014360501385280777,0.014364258983576987,Uni-Mol
