model,train_metric,performance_strength,diversity_strength
ChemML MLP (PyTorch),0.262720036622613,3.806333208747457,0.0003938500088405072
"Chemprop v2 (AttentiveFP + Selected descriptors, ensemble=1)",5.50896203006015,0.18152239832901543,0.0004972971349485241
Uni-Mol V1,9.355325868506181,0.10689098531205687,0.0010186167004505983
"Voting Regressor (KNN, SVM)",6.893839825149988,0.14505704010583725,0.00038624939335556337
