model,train_metric,performance_strength,diversity_strength
AdaBoost,0.015160349854227428,65.96153846153837,0.06410666858993497
ChemML MLP (PyTorch),5.8309037900938776e-05,17149.999999981133,0.0454819731391522
Uni-Mol V1,0.00705539358600582,141.73553719008285,0.029798041051379388
