model,train_metric,performance_strength,diversity_strength
ChemML MLP (PyTorch),0.043087674347977875,23.208493267099026,0.0002390802697235148
"Chemprop v2 (AttentiveFP, ensemble=1)",0.42879262274200775,2.3321296751918967,0.0004777255704664131
ElasticNetCV,0.01513463540848702,66.07361016699694,0.00022689457988688184
Uni-Mol V1,0.44575032307361534,2.243408357182168,0.00015803239031777954
