model,workflow,train_r2,train_rmse,train_mae,train_spearman,test_r2,test_rmse,test_mae,test_spearman,primary_metric,primary_metric_value
"Chemprop v2 (AttentiveFP, ensemble=1)",Chemprop v2,0.9695298864253523,0.6412177202416217,0.42879262274200775,0.986910385077951,0.9403683697056329,1.0798592139451626,0.6379778895348838,0.9527066594633805,rmse,1.0798592139451626
Ensemble (Weighted average (inverse train RMSE)),ensemble,0.9995141610625308,0.08096822866388621,0.05839745738627167,0.999606880241225,0.9367348981010933,1.112271739321885,0.65157726332448,0.9772289253073829,rmse,1.112271739321885
CFA (Combinatorial Fusion),cfa,0.9999258612009938,0.03162942176754734,0.017808912313483923,0.99991442517909,0.9251013278508914,1.2102242641887542,0.6750656411452006,0.9745930542608887,rmse,1.2102242641887542
"Chemprop v2 (AttentiveFP + Selected descriptors, ensemble=1)",Chemprop v2,0.989720718817945,0.3724344551597574,0.17023036132553604,0.9943167961411985,0.8958203177370297,1.4273165814327005,0.8422268639534883,0.9568407562584654,rmse,1.4273165814327005
Uni-Mol V1,Uni-Mol,0.9760405658283478,0.5685998724645067,0.44575032307361534,0.9915573802605746,0.8591084297044922,1.6598593975127551,0.8337280313890111,0.9721332806437997,rmse,1.6598593975127551
Tabular CNN,conventional,0.8617862142131685,1.365664941454754,1.045956308606424,0.9143963949221231,0.8118588348803973,1.9180976419815654,1.3541108723643216,0.8716627091748812,rmse,1.9180976419815654
AdaBoost,conventional,0.912942394643605,1.0838566279826347,0.8728607153693031,0.962377979789063,0.7143115765636339,2.363606186574924,1.255306711817695,0.9324307328859742,rmse,2.363606186574924
