feature,coefficient,abs_coefficient
rdkit_BCUT2D_MRHI,-0.10779299906908385,0.10779299906908385
morgan_bit_0601,-0.06503631927366767,0.06503631927366767
layered_bit_0706,-0.05728234036565703,0.05728234036565703
rdk_path_bit_0071,-0.05626612820325992,0.05626612820325992
morgan_bit_0179,-0.05093472813004132,0.05093472813004132
maccs_bit_161,-0.049912816941799144,0.049912816941799144
maplight_morgan_0909,-0.04770305052084426,0.04770305052084426
atom_pair_bit_0297,0.04198632922435611,0.04198632922435611
morgan_bit_0467,-0.04175604101703101,0.04175604101703101
avalon_count_1017,-0.04169540920668468,0.04169540920668468
ecfp6_bit_0543,-0.041078432483958094,0.041078432483958094
morgan_bit_0368,-0.03933864432532606,0.03933864432532606
fcfp6_bit_0774,-0.038254136242147595,0.038254136242147595
morgan_bit_0734,-0.03688765972435667,0.03688765972435667
atom_pair_bit_0412,-0.03664908264714583,0.03664908264714583
topological_torsion_bit_0594,-0.03418121360238168,0.03418121360238168
avalon_count_0879,-0.033492131696068496,0.033492131696068496
rdk_path_bit_0945,-0.033401039358544805,0.033401039358544805
rdk_path_bit_0704,0.03320078511421576,0.03320078511421576
morgan_bit_0649,-0.032558773572180406,0.032558773572180406
fcfp6_bit_1023,0.032472163163190085,0.032472163163190085
layered_bit_0355,0.03237355939993638,0.03237355939993638
morgan_bit_0624,-0.03222960388495999,0.03222960388495999
rdk_path_bit_0758,-0.03208420606696096,0.03208420606696096
fcfp6_bit_1019,0.031517135693438045,0.031517135693438045
layered_bit_0324,0.030596324460839913,0.030596324460839913
ecfp6_bit_0650,0.030461403279725865,0.030461403279725865
atom_pair_bit_0140,-0.030192313213897655,0.030192313213897655
layered_bit_0726,-0.029736148052861164,0.029736148052861164
fcfp6_bit_0285,-0.029429940232187486,0.029429940232187486
morgan_bit_0777,-0.02934664287315501,0.02934664287315501
fcfp6_bit_0807,0.029144816688094724,0.029144816688094724
morgan_bit_0097,-0.028764862080485412,0.028764862080485412
atom_pair_bit_0240,-0.02873909304015681,0.02873909304015681
topological_torsion_bit_0002,-0.028650734924546242,0.028650734924546242
rdkit_fr_halogen,-0.028555459234060457,0.028555459234060457
atom_pair_bit_0312,0.02847173148796948,0.02847173148796948
avalon_count_0065,-0.028468095468338835,0.028468095468338835
avalon_count_0326,-0.028359653437250783,0.028359653437250783
maplight_morgan_0058,-0.027981203203044095,0.027981203203044095
fcfp6_bit_0089,-0.02790301750530869,0.02790301750530869
maccs_bit_039,0.027827223458254648,0.027827223458254648
rdk_path_bit_0649,0.02724311622302376,0.02724311622302376
rdk_path_bit_0847,0.027233804094299593,0.027233804094299593
ecfp6_bit_0649,-0.027226867007566376,0.027226867007566376
topological_torsion_bit_0734,0.027151058266546037,0.027151058266546037
fcfp6_bit_0566,-0.027027212240477883,0.027027212240477883
ecfp6_bit_0520,-0.026463056164146535,0.026463056164146535
maplight_morgan_0289,-0.026459251471067834,0.026459251471067834
layered_bit_0758,0.026457088563057077,0.026457088563057077
maplight_morgan_0972,-0.0264046273709429,0.0264046273709429
maplight_morgan_0232,-0.026200306555005975,0.026200306555005975
fcfp6_bit_0619,-0.026172375933460838,0.026172375933460838
rdkit_fr_SH,-0.025773257987247864,0.025773257987247864
morgan_bit_0692,-0.025703667829367862,0.025703667829367862
maccs_bit_053,0.02536176220712264,0.02536176220712264
rdk_path_bit_0760,-0.025331428222470927,0.025331428222470927
layered_bit_0624,-0.02488476015465755,0.02488476015465755
atom_pair_bit_0142,0.02441975146499366,0.02441975146499366
fcfp6_bit_0211,-0.02426255131157104,0.02426255131157104
rdk_path_bit_0429,-0.024130809733014458,0.024130809733014458
fcfp6_bit_0941,-0.02402218074414879,0.02402218074414879
layered_bit_0331,0.023979607937894522,0.023979607937894522
maccs_bit_047,-0.023712281250964386,0.023712281250964386
fcfp6_bit_0287,0.02356882190626205,0.02356882190626205
avalon_count_0413,0.02316344958622364,0.02316344958622364
topological_torsion_bit_0497,-0.022873335321509997,0.022873335321509997
avalon_count_0481,-0.02265103265148194,0.02265103265148194
avalon_count_0358,-0.02250394110736869,0.02250394110736869
rdk_path_bit_0168,-0.022317610438814865,0.022317610438814865
avalon_count_0458,-0.022300774419604767,0.022300774419604767
ecfp6_bit_0279,-0.022157308311418853,0.022157308311418853
morgan_bit_0519,-0.02198256457204448,0.02198256457204448
fcfp6_bit_0851,0.02189272866090632,0.02189272866090632
topological_torsion_bit_0710,-0.021710221017224068,0.021710221017224068
fcfp6_bit_0680,-0.02168763901636627,0.02168763901636627
topological_torsion_bit_0388,-0.021662267620210753,0.021662267620210753
morgan_bit_0597,-0.02165106031548851,0.02165106031548851
ecfp6_bit_0968,-0.021529654360252486,0.021529654360252486
atom_pair_bit_0070,-0.021524785928035993,0.021524785928035993
topological_torsion_bit_0592,-0.02146378397649421,0.02146378397649421
avalon_count_0802,0.021004319773777327,0.021004319773777327
avalon_count_0899,-0.020963210434796674,0.020963210434796674
topological_torsion_bit_0744,-0.0206216367937374,0.0206216367937374
fcfp6_bit_0209,-0.020561825942222205,0.020561825942222205
rdk_path_bit_0632,-0.02056044582356506,0.02056044582356506
atom_pair_bit_0701,0.020477353627596426,0.020477353627596426
fcfp6_bit_0524,-0.020387206752718514,0.020387206752718514
fcfp6_bit_0125,-0.02018519676447194,0.02018519676447194
fcfp6_bit_0841,-0.020053737965757396,0.020053737965757396
rdk_path_bit_0018,0.019854983909775952,0.019854983909775952
layered_bit_0255,0.019694570161665346,0.019694570161665346
maccs_bit_021,-0.019569957776528105,0.019569957776528105
avalon_count_0446,-0.019538814576554528,0.019538814576554528
topological_torsion_bit_0634,0.019407440725454844,0.019407440725454844
fcfp6_bit_0292,0.019199694843252207,0.019199694843252207
topological_torsion_bit_0821,-0.01888677859259814,0.01888677859259814
morgan_bit_0571,-0.018676657923344126,0.018676657923344126
morgan_bit_0853,-0.018644909173247095,0.018644909173247095
fcfp6_bit_0977,-0.018562026722480602,0.018562026722480602
maplight_morgan_0574,-0.01851176566589542,0.01851176566589542
rdkit_BCUT2D_MWHI,-0.01848362063874603,0.01848362063874603
ecfp6_bit_0736,0.018449207585808414,0.018449207585808414
rdk_path_bit_0143,-0.018391083612251884,0.018391083612251884
rdk_path_bit_0706,-0.01831270365928066,0.01831270365928066
rdk_path_bit_0026,-0.018311433094107335,0.018311433094107335
ecfp6_bit_0242,-0.01817363963071955,0.01817363963071955
avalon_count_0601,-0.018141601963661914,0.018141601963661914
rdk_path_bit_0499,-0.018092386290526702,0.018092386290526702
avalon_count_0930,-0.01798947491588813,0.01798947491588813
rdkit_Kappa3,-0.0178920220132415,0.0178920220132415
layered_bit_0383,0.017856247894915807,0.017856247894915807
avalon_count_1018,0.017816722750655142,0.017816722750655142
rdk_path_bit_0640,-0.01773021726704147,0.01773021726704147
rdk_path_bit_0062,-0.017449170826478233,0.017449170826478233
ecfp6_bit_0320,0.017322701287936757,0.017322701287936757
ecfp6_bit_0081,-0.017068053104748664,0.017068053104748664
topological_torsion_bit_0870,-0.01695943343515337,0.01695943343515337
topological_torsion_bit_0420,0.016653131907894886,0.016653131907894886
rdk_path_bit_0707,-0.016349978718610204,0.016349978718610204
fcfp6_bit_0561,-0.016242879847426884,0.016242879847426884
fcfp6_bit_1018,-0.016175146422083578,0.016175146422083578
atom_pair_bit_0242,-0.01615881225267052,0.01615881225267052
ecfp6_bit_0373,0.016079736103866697,0.016079736103866697
ecfp6_bit_0776,0.016015475521762995,0.016015475521762995
rdkit_fr_alkyl_halide,-0.0158751680731084,0.0158751680731084
topological_torsion_bit_0064,0.01585960433922549,0.01585960433922549
avalon_count_0434,-0.015782321988402754,0.015782321988402754
morgan_bit_0425,0.015748881310516133,0.015748881310516133
topological_torsion_bit_0212,-0.015718826851753118,0.015718826851753118
fcfp6_bit_0197,0.015705400517816454,0.015705400517816454
topological_torsion_bit_0024,-0.01566424722602205,0.01566424722602205
ecfp6_bit_0986,0.015547638571897207,0.015547638571897207
fcfp6_bit_0395,-0.015529794882733566,0.015529794882733566
maplight_morgan_0860,-0.015501322414861426,0.015501322414861426
atom_pair_bit_0918,0.015375176281789554,0.015375176281789554
topological_torsion_bit_0052,-0.015368689521568167,0.015368689521568167
layered_bit_0529,-0.015367567701687682,0.015367567701687682
maplight_morgan_0702,-0.015364706453743385,0.015364706453743385
fcfp6_bit_0029,-0.015331145782931693,0.015331145782931693
ecfp6_bit_0601,-0.015230249215772965,0.015230249215772965
rdk_path_bit_0577,0.015217413969991418,0.015217413969991418
ecfp6_bit_0959,-0.015102853667173788,0.015102853667173788
ecfp6_bit_0142,-0.015047170896356746,0.015047170896356746
topological_torsion_bit_0873,-0.01502783321033928,0.01502783321033928
ecfp6_bit_0572,0.015021734471197876,0.015021734471197876
ecfp6_bit_0074,0.014922313654597355,0.014922313654597355
rdk_path_bit_0978,0.014795517525862553,0.014795517525862553
topological_torsion_bit_0657,-0.014647857436783455,0.014647857436783455
layered_bit_0677,0.014645239893976153,0.014645239893976153
atom_pair_bit_1018,-0.014517794392593222,0.014517794392593222
atom_pair_bit_0871,0.01450487178576528,0.01450487178576528
avalon_count_0083,0.014475515347091896,0.014475515347091896
ecfp6_bit_0052,-0.014404603325607845,0.014404603325607845
fcfp6_bit_0007,0.014358924577326215,0.014358924577326215
ecfp6_bit_0402,0.014351561620946503,0.014351561620946503
layered_bit_0233,0.014308496496890737,0.014308496496890737
topological_torsion_bit_0113,0.014292793451077306,0.014292793451077306
layered_bit_0001,-0.014260555271881001,0.014260555271881001
avalon_count_0964,-0.014242209391399863,0.014242209391399863
fcfp6_bit_0828,-0.014187480229151847,0.014187480229151847
avalon_count_0356,-0.01410667137819739,0.01410667137819739
ecfp6_bit_0570,0.014076417855685766,0.014076417855685766
ecfp6_bit_0804,-0.013996064331959103,0.013996064331959103
atom_pair_bit_0696,-0.013903577793751148,0.013903577793751148
morgan_bit_0422,0.01385918923818651,0.01385918923818651
ecfp6_bit_0496,0.01377666217956718,0.01377666217956718
maplight_morgan_0939,-0.013724180370786782,0.013724180370786782
maplight_morgan_0457,-0.01365157603926263,0.01365157603926263
morgan_bit_0229,-0.013570432116402709,0.013570432116402709
topological_torsion_bit_0120,-0.013538616670325741,0.013538616670325741
layered_bit_0986,-0.01341218308635609,0.01341218308635609
atom_pair_bit_0405,0.013383402847333062,0.013383402847333062
ecfp6_bit_0752,-0.013313374470257362,0.013313374470257362
maplight_morgan_0754,-0.013299328041698134,0.013299328041698134
ecfp6_bit_0607,0.013278344770764516,0.013278344770764516
morgan_bit_0363,-0.013235599019871052,0.013235599019871052
rdk_path_bit_0851,0.013219185316341612,0.013219185316341612
erg_172,-0.013168801654719139,0.013168801654719139
morgan_bit_0109,-0.013032673860278942,0.013032673860278942
maplight_morgan_0670,-0.012995112663391048,0.012995112663391048
avalon_count_0814,-0.012994763621893597,0.012994763621893597
fcfp6_bit_0304,-0.012882705713764271,0.012882705713764271
layered_bit_0877,0.012705415444147017,0.012705415444147017
fcfp6_bit_0048,-0.012701732682353367,0.012701732682353367
rdk_path_bit_0443,-0.012661889363471696,0.012661889363471696
fcfp6_bit_0462,-0.012614784085357045,0.012614784085357045
ecfp6_bit_0087,-0.012523702787281717,0.012523702787281717
maplight_morgan_0042,0.012500932363271898,0.012500932363271898
maccs_bit_159,0.01234053642432692,0.01234053642432692
morgan_bit_0650,0.01221056129837211,0.01221056129837211
maplight_morgan_0742,0.012176461517231394,0.012176461517231394
maccs_bit_132,0.012134504793724256,0.012134504793724256
layered_bit_0773,-0.012073122830735725,0.012073122830735725
maccs_bit_160,0.012053241170906906,0.012053241170906906
layered_bit_0306,0.01203788160548009,0.01203788160548009
maplight_morgan_0885,0.012003805106936292,0.012003805106936292
ecfp6_bit_0222,0.01199489328710969,0.01199489328710969
fcfp6_bit_0951,0.011985522776188568,0.011985522776188568
ecfp6_bit_0619,-0.011971819760612696,0.011971819760612696
fcfp6_bit_0009,0.011943710090510139,0.011943710090510139
fcfp6_bit_0933,-0.011902100249542621,0.011902100249542621
topological_torsion_bit_0957,0.0118877485344255,0.0118877485344255
fcfp6_bit_0440,-0.011861590626532846,0.011861590626532846
maplight_morgan_0655,0.011586610305618628,0.011586610305618628
atom_pair_bit_0037,-0.011488833958788906,0.011488833958788906
avalon_count_0682,-0.011333554680889637,0.011333554680889637
rdk_path_bit_0999,0.011238279611913779,0.011238279611913779
rdk_path_bit_0327,-0.011234172507617579,0.011234172507617579
maplight_morgan_0170,0.011221194209870097,0.011221194209870097
morgan_bit_0315,-0.011162339070867455,0.011162339070867455
fcfp6_bit_0882,0.011134624074996118,0.011134624074996118
rdk_path_bit_0267,0.011079940814956831,0.011079940814956831
topological_torsion_bit_0544,0.011064102576154712,0.011064102576154712
topological_torsion_bit_0117,-0.011036622414951843,0.011036622414951843
maplight_morgan_1003,-0.011014626330768025,0.011014626330768025
topological_torsion_bit_0880,0.011009816655220368,0.011009816655220368
atom_pair_bit_0632,-0.010919161455419123,0.010919161455419123
layered_bit_0752,0.010904426537098702,0.010904426537098702
morgan_bit_0979,0.010849297079539617,0.010849297079539617
topological_torsion_bit_0645,-0.010754769239799556,0.010754769239799556
avalon_count_0685,-0.010735342568237436,0.010735342568237436
ecfp6_bit_0767,-0.010645218000853931,0.010645218000853931
ecfp6_bit_0922,-0.010586654501495787,0.010586654501495787
ecfp6_bit_0358,0.010509764872384848,0.010509764872384848
fcfp6_bit_0853,-0.01046230209694052,0.01046230209694052
morgan_bit_0693,-0.01042375876710134,0.01042375876710134
fcfp6_bit_0359,-0.010420698706745645,0.010420698706745645
morgan_bit_0116,-0.010405325230879775,0.010405325230879775
atom_pair_bit_0114,-0.010275913639187834,0.010275913639187834
atom_pair_bit_0160,-0.010255832999546013,0.010255832999546013
fcfp6_bit_0351,0.010243111984823272,0.010243111984823272
layered_bit_0091,-0.01019630092770809,0.01019630092770809
maplight_morgan_0587,0.01019414605813326,0.01019414605813326
fcfp6_bit_0099,0.010107788458073948,0.010107788458073948
layered_bit_0507,0.010090380597317915,0.010090380597317915
maplight_morgan_0852,0.01008669231597526,0.01008669231597526
rdk_path_bit_0606,0.010059637411505111,0.010059637411505111
fcfp6_bit_0128,0.009919817183248266,0.009919817183248266
layered_bit_0762,0.009861131704632795,0.009861131704632795
avalon_count_0452,0.009821017423918756,0.009821017423918756
layered_bit_0893,0.009794390611884817,0.009794390611884817
fcfp6_bit_0887,0.009778227451086884,0.009778227451086884
fcfp6_bit_0932,0.009767450596211978,0.009767450596211978
ecfp6_bit_0317,-0.009748202105840192,0.009748202105840192
avalon_count_0538,-0.00974022879281267,0.00974022879281267
avalon_count_0019,0.009732367509389038,0.009732367509389038
fcfp6_bit_0332,0.00966391290308732,0.00966391290308732
rdkit_EState_VSA2,0.009623435722452342,0.009623435722452342
atom_pair_bit_0777,-0.009561323406699235,0.009561323406699235
fcfp6_bit_0521,0.009560910362569676,0.009560910362569676
fcfp6_bit_0490,0.009504694093825383,0.009504694093825383
topological_torsion_bit_0565,-0.009459405543847029,0.009459405543847029
topological_torsion_bit_0324,0.009453895734399191,0.009453895734399191
ecfp6_bit_0185,-0.009352974691888,0.009352974691888
ecfp6_bit_0705,-0.009196336888457442,0.009196336888457442
avalon_count_0040,-0.009195172858789475,0.009195172858789475
ecfp6_bit_0773,-0.009144667820193728,0.009144667820193728
morgan_bit_0056,-0.009138023039301396,0.009138023039301396
ecfp6_bit_0130,0.009127361583365835,0.009127361583365835
topological_torsion_bit_0008,-0.009117664056158983,0.009117664056158983
maplight_morgan_0362,-0.00910571572985281,0.00910571572985281
morgan_bit_0874,0.009074484001557994,0.009074484001557994
fcfp6_bit_0718,-0.008981864999193956,0.008981864999193956
maplight_morgan_0942,0.008951416640242287,0.008951416640242287
layered_bit_0354,-0.008939470578462233,0.008939470578462233
fcfp6_bit_0233,-0.008931478684795649,0.008931478684795649
rdk_path_bit_0755,0.008745407438283255,0.008745407438283255
atom_pair_bit_0586,-0.008740109990233396,0.008740109990233396
fcfp6_bit_0213,-0.008727139711316582,0.008727139711316582
topological_torsion_bit_0264,0.008717989448579091,0.008717989448579091
layered_bit_0505,0.008618823120709608,0.008618823120709608
maccs_bit_076,-0.008614687748738015,0.008614687748738015
ecfp6_bit_0205,-0.008606168948222496,0.008606168948222496
fcfp6_bit_0052,0.00860591422142556,0.00860591422142556
morgan_bit_0803,-0.008535148650575879,0.008535148650575879
avalon_count_0675,0.008533235334148164,0.008533235334148164
maplight_morgan_0933,-0.00842273680460994,0.00842273680460994
ecfp6_bit_0100,-0.008408948857678202,0.008408948857678202
avalon_count_0142,-0.008406955910694524,0.008406955910694524
avalon_count_0798,0.008397778329145213,0.008397778329145213
fcfp6_bit_0875,0.00834899424033177,0.00834899424033177
maplight_morgan_0502,0.00832810916536851,0.00832810916536851
fcfp6_bit_0247,-0.008324799860921163,0.008324799860921163
fcfp6_bit_0653,-0.008292733371327706,0.008292733371327706
avalon_count_0940,-0.008271994402648624,0.008271994402648624
maccs_bit_136,0.008178682839207143,0.008178682839207143
layered_bit_0667,-0.008164251741674797,0.008164251741674797
ecfp6_bit_0321,0.0081317679989123,0.0081317679989123
fcfp6_bit_0701,-0.008094661839777728,0.008094661839777728
atom_pair_bit_0700,0.008092672220004739,0.008092672220004739
layered_bit_0856,0.008010309299291637,0.008010309299291637
layered_bit_0444,0.007958653548453038,0.007958653548453038
maplight_morgan_0608,0.007922898507336271,0.007922898507336271
rdk_path_bit_0146,-0.007914589023367174,0.007914589023367174
ecfp6_bit_0861,-0.007821672223613529,0.007821672223613529
maplight_morgan_0240,0.007814935555006019,0.007814935555006019
ecfp6_bit_0069,0.007786774637344759,0.007786774637344759
atom_pair_bit_0472,-0.0077558478456196,0.0077558478456196
morgan_bit_0033,0.007678361973908441,0.007678361973908441
ecfp6_bit_0604,0.007567790503454554,0.007567790503454554
fcfp6_bit_0823,-0.007517301517688214,0.007517301517688214
ecfp6_bit_0189,-0.00749307409354306,0.00749307409354306
topological_torsion_bit_0576,-0.007473164119339746,0.007473164119339746
fcfp6_bit_0273,0.007429804388551094,0.007429804388551094
atom_pair_bit_0162,-0.007395159343845808,0.007395159343845808
ecfp6_bit_0827,-0.007351242692846188,0.007351242692846188
fcfp6_bit_0404,-0.0072327444478584016,0.0072327444478584016
morgan_bit_0040,0.007222413330679752,0.007222413330679752
morgan_bit_0841,0.007198290693274757,0.007198290693274757
layered_bit_0691,0.0071871438198493785,0.0071871438198493785
avalon_count_0775,0.00712016564216848,0.00712016564216848
atom_pair_bit_0836,0.007114711721473999,0.007114711721473999
ecfp6_bit_0106,0.007087880643719475,0.007087880643719475
topological_torsion_bit_0512,-0.007072618213236696,0.007072618213236696
atom_pair_bit_0740,-0.007032160454881995,0.007032160454881995
fcfp6_bit_0260,0.007004530960418438,0.007004530960418438
layered_bit_0138,-0.006957858948428144,0.006957858948428144
ecfp6_bit_0447,-0.006951322841054405,0.006951322841054405
fcfp6_bit_0156,-0.006880959924964161,0.006880959924964161
fcfp6_bit_0776,-0.006823210224818441,0.006823210224818441
maplight_morgan_0180,0.00681587208836329,0.00681587208836329
rdk_path_bit_0793,0.006815253364064998,0.006815253364064998
rdkit_fr_piperzine,0.006801106540488154,0.006801106540488154
layered_bit_0065,-0.006690939194902473,0.006690939194902473
maplight_morgan_0146,0.006675222118744969,0.006675222118744969
atom_pair_bit_0625,0.006600767135585812,0.006600767135585812
atom_pair_bit_0034,-0.006572312385708292,0.006572312385708292
maplight_morgan_0024,0.006571026351498119,0.006571026351498119
ecfp6_bit_0257,-0.006565335868868048,0.006565335868868048
morgan_bit_0206,0.006548120292578048,0.006548120292578048
rdk_path_bit_0184,-0.006511175491655565,0.006511175491655565
rdk_path_bit_0624,0.006450172555772287,0.006450172555772287
layered_bit_0243,0.006442152331181223,0.006442152331181223
morgan_bit_0506,0.006430148451874009,0.006430148451874009
avalon_count_0312,0.006362111644219441,0.006362111644219441
ecfp6_bit_0107,-0.006252494951403096,0.006252494951403096
fcfp6_bit_0943,-0.006223175610610349,0.006223175610610349
rdk_path_bit_0421,0.006200212975315111,0.006200212975315111
fcfp6_bit_1004,0.006188799171509418,0.006188799171509418
maplight_morgan_0870,0.006157191912867231,0.006157191912867231
topological_torsion_bit_0876,0.006078193819415207,0.006078193819415207
ecfp6_bit_0933,-0.006001746203717381,0.006001746203717381
ecfp6_bit_0768,0.005999393508628165,0.005999393508628165
fcfp6_bit_0813,0.0059920815332156025,0.0059920815332156025
morgan_bit_0897,-0.005976586262135522,0.005976586262135522
morgan_bit_0330,-0.005954727244873962,0.005954727244873962
atom_pair_bit_0877,-0.005939268884621627,0.005939268884621627
atom_pair_bit_0785,-0.005935695251667349,0.005935695251667349
ecfp6_bit_0511,-0.00586949758952643,0.00586949758952643
avalon_count_0260,0.005862526509062494,0.005862526509062494
atom_pair_bit_0353,-0.005832222239352657,0.005832222239352657
atom_pair_bit_0767,0.0057865499240129905,0.0057865499240129905
morgan_bit_0941,-0.005735026006669601,0.005735026006669601
rdkit_qed,-0.005715190869196301,0.005715190869196301
fcfp6_bit_1003,0.005714141058466892,0.005714141058466892
rdk_path_bit_0174,-0.005707542266800567,0.005707542266800567
fcfp6_bit_0643,-0.005683508791436233,0.005683508791436233
fcfp6_bit_0894,0.005676153109083139,0.005676153109083139
rdk_path_bit_0116,-0.0056604686183015715,0.0056604686183015715
morgan_bit_0759,0.005546215379598868,0.005546215379598868
topological_torsion_bit_0598,-0.005526102706243131,0.005526102706243131
layered_bit_0266,0.005481138169719667,0.005481138169719667
rdk_path_bit_0353,0.005472948132642794,0.005472948132642794
erg_203,-0.005464429868084464,0.005464429868084464
ecfp6_bit_0262,0.005447979518221592,0.005447979518221592
layered_bit_0520,0.005422873276535881,0.005422873276535881
fcfp6_bit_0119,-0.005422386343294533,0.005422386343294533
avalon_count_0813,-0.005414659221152811,0.005414659221152811
avalon_count_0012,-0.00537799625307502,0.00537799625307502
atom_pair_bit_0274,0.005358952771187727,0.005358952771187727
maplight_morgan_0579,-0.005334201401368259,0.005334201401368259
fcfp6_bit_0647,-0.0053106397734531685,0.0053106397734531685
ecfp6_bit_1003,-0.005279535274261675,0.005279535274261675
morgan_bit_0255,0.005275255032140171,0.005275255032140171
maplight_morgan_0806,-0.005252416437543287,0.005252416437543287
maplight_morgan_0554,-0.005243624649160311,0.005243624649160311
ecfp6_bit_0668,0.005237909173068059,0.005237909173068059
ecfp6_bit_0563,-0.005193439402356521,0.005193439402356521
fcfp6_bit_0358,-0.005188836084171952,0.005188836084171952
rdkit_fr_sulfide,-0.005186340063001666,0.005186340063001666
topological_torsion_bit_0261,0.005175591337050796,0.005175591337050796
fcfp6_bit_0066,0.005174195429343393,0.005174195429343393
rdk_path_bit_0655,0.005144665706398915,0.005144665706398915
atom_pair_bit_0462,0.0051404168340046475,0.0051404168340046475
layered_bit_0720,-0.005124218647868908,0.005124218647868908
rdk_path_bit_0904,-0.005120687455396689,0.005120687455396689
ecfp6_bit_0347,0.00511568954379987,0.00511568954379987
morgan_bit_0789,0.005111382274497501,0.005111382274497501
ecfp6_bit_0825,-0.005092743925225718,0.005092743925225718
fcfp6_bit_0832,-0.005079802454439227,0.005079802454439227
ecfp6_bit_0551,-0.005075081527788893,0.005075081527788893
topological_torsion_bit_0636,0.005011534124226266,0.005011534124226266
fcfp6_bit_0604,-0.004947282263654188,0.004947282263654188
layered_bit_0105,0.004939095442959866,0.004939095442959866
ecfp6_bit_0635,0.004907383699116665,0.004907383699116665
topological_torsion_bit_0884,0.004863847065010057,0.004863847065010057
ecfp6_bit_0629,-0.0048176250673489405,0.0048176250673489405
fcfp6_bit_0130,0.0047874556496194645,0.0047874556496194645
maplight_morgan_0826,-0.00477656193381993,0.00477656193381993
morgan_bit_0212,-0.004735179132300383,0.004735179132300383
atom_pair_bit_0768,0.00472776371662743,0.00472776371662743
morgan_bit_0731,-0.004670049862999235,0.004670049862999235
rdk_path_bit_0861,0.0046496063000396205,0.0046496063000396205
fcfp6_bit_0872,-0.0046215257283572795,0.0046215257283572795
layered_bit_0605,0.0045718232597050925,0.0045718232597050925
rdk_path_bit_0600,-0.004571603526618552,0.004571603526618552
ecfp6_bit_0212,-0.004536333617272413,0.004536333617272413
ecfp6_bit_0762,-0.004531010649240284,0.004531010649240284
topological_torsion_bit_0825,0.004518467352039063,0.004518467352039063
fcfp6_bit_0744,0.00449701478545583,0.00449701478545583
morgan_bit_0314,0.00449656525195073,0.00449656525195073
morgan_bit_0645,-0.004481816914603188,0.004481816914603188
rdk_path_bit_0257,0.004453420110858815,0.004453420110858815
rdkit_fr_thiocyan,-0.004432480643608423,0.004432480643608423
morgan_bit_0460,0.0044321250732965115,0.0044321250732965115
atom_pair_bit_0610,-0.004431199242660181,0.004431199242660181
avalon_count_0136,0.0043842879955342225,0.0043842879955342225
atom_pair_bit_0243,-0.004346394027476139,0.004346394027476139
ecfp6_bit_0836,0.004334766871903972,0.004334766871903972
topological_torsion_bit_0356,0.004327660362633437,0.004327660362633437
avalon_count_0602,-0.004318308543108644,0.004318308543108644
avalon_count_0679,0.00431071903805964,0.00431071903805964
atom_pair_bit_0475,0.004271876053858771,0.004271876053858771
morgan_bit_0808,-0.00425314510138061,0.00425314510138061
layered_bit_0748,0.00422643242072283,0.00422643242072283
maplight_morgan_0553,0.004220917159632699,0.004220917159632699
ecfp6_bit_0885,0.004178513919983734,0.004178513919983734
morgan_bit_0970,0.004160258484764413,0.004160258484764413
fcfp6_bit_0709,0.004135953264009222,0.004135953264009222
layered_bit_0552,-0.004132004777741816,0.004132004777741816
fcfp6_bit_0710,-0.0041202757443140805,0.0041202757443140805
ecfp6_bit_0522,-0.004093812665678314,0.004093812665678314
morgan_bit_0055,-0.004022165507469763,0.004022165507469763
morgan_bit_0826,-0.004010122137467536,0.004010122137467536
layered_bit_0031,-0.003967054902967623,0.003967054902967623
layered_bit_0823,-0.003928507666916923,0.003928507666916923
fcfp6_bit_0108,0.0038936401177920112,0.0038936401177920112
avalon_count_0736,0.003871978733814164,0.003871978733814164
avalon_count_0808,-0.0038383873302225624,0.0038383873302225624
maplight_morgan_0152,-0.0038340237921997487,0.0038340237921997487
morgan_bit_0208,0.003815146792337487,0.003815146792337487
morgan_bit_0629,-0.003805298230060465,0.003805298230060465
morgan_bit_0511,-0.0037810865315248262,0.0037810865315248262
rdk_path_bit_0679,-0.0036982675349907877,0.0036982675349907877
maplight_morgan_0953,-0.0036881022386903396,0.0036881022386903396
maplight_morgan_0614,0.0036880709193876844,0.0036880709193876844
erg_202,-0.0036790768544603986,0.0036790768544603986
rdk_path_bit_0908,-0.003668075764320227,0.003668075764320227
avalon_count_0606,-0.003666996669091694,0.003666996669091694
maplight_morgan_1008,-0.0036330890431155423,0.0036330890431155423
fcfp6_bit_0488,-0.003608471081193785,0.003608471081193785
layered_bit_0849,-0.003556097207204281,0.003556097207204281
atom_pair_bit_0290,-0.00354585121123974,0.00354585121123974
atom_pair_bit_1017,-0.00350561627290087,0.00350561627290087
layered_bit_0374,-0.003470799229212647,0.003470799229212647
morgan_bit_0503,-0.0034397270670755574,0.0034397270670755574
atom_pair_bit_0594,-0.003356434413527831,0.003356434413527831
ecfp6_bit_0916,0.0033531361603880766,0.0033531361603880766
rdk_path_bit_0052,-0.003349012952991837,0.003349012952991837
fcfp6_bit_0173,0.003328455848657286,0.003328455848657286
layered_bit_0046,-0.0032935350724241975,0.0032935350724241975
morgan_bit_0085,-0.0032468382047171718,0.0032468382047171718
morgan_bit_0635,0.0032066731856495658,0.0032066731856495658
ecfp6_bit_0605,-0.0031811353999608226,0.0031811353999608226
morgan_bit_0996,0.0031471037304577907,0.0031471037304577907
maplight_morgan_0314,0.003146693153289096,0.003146693153289096
fcfp6_bit_0787,-0.0031324311480613724,0.0031324311480613724
rdk_path_bit_0316,0.0031006044970768067,0.0031006044970768067
fcfp6_bit_0363,-0.0030881508295951426,0.0030881508295951426
fcfp6_bit_0315,0.0030586289264335907,0.0030586289264335907
fcfp6_bit_0981,0.0030007000893881005,0.0030007000893881005
fcfp6_bit_0667,-0.002970057447815676,0.002970057447815676
topological_torsion_bit_0428,-0.00295495614539905,0.00295495614539905
atom_pair_bit_0834,-0.002945609146936914,0.002945609146936914
avalon_count_0903,0.002941335126950222,0.002941335126950222
avalon_count_0095,-0.0029375533658193022,0.0029375533658193022
fcfp6_bit_0145,-0.002923272105634887,0.002923272105634887
morgan_bit_0772,-0.0028774218538196034,0.0028774218538196034
fcfp6_bit_0257,-0.0028557747707787955,0.0028557747707787955
fcfp6_bit_0657,0.0028520509840784356,0.0028520509840784356
atom_pair_bit_0803,0.0028106971713457644,0.0028106971713457644
layered_bit_0214,0.00280574060571152,0.00280574060571152
ecfp6_bit_0306,0.0027811061573067303,0.0027811061573067303
maplight_morgan_0505,-0.0027736415038481814,0.0027736415038481814
atom_pair_bit_0284,0.002768281679726126,0.002768281679726126
ecfp6_bit_0841,0.0027448114707732596,0.0027448114707732596
avalon_count_0096,0.002734528836811958,0.002734528836811958
ecfp6_bit_0728,-0.00272181084568748,0.00272181084568748
ecfp6_bit_0788,-0.0026475825953501697,0.0026475825953501697
topological_torsion_bit_1008,0.00263337286747965,0.00263337286747965
rdk_path_bit_0201,0.002629525350809851,0.002629525350809851
fcfp6_bit_0014,0.002619507668040089,0.002619507668040089
rdk_path_bit_0384,0.0025880523842913713,0.0025880523842913713
ecfp6_bit_0528,0.0025716092305402604,0.0025716092305402604
avalon_count_0878,-0.0024889299543372563,0.0024889299543372563
atom_pair_bit_0491,0.002484423753885335,0.002484423753885335
fcfp6_bit_0648,-0.0024735612371151756,0.0024735612371151756
fcfp6_bit_1005,-0.0024678343810290303,0.0024678343810290303
atom_pair_bit_0059,0.0024617586401545887,0.0024617586401545887
maplight_morgan_0509,-0.002444145467650592,0.002444145467650592
erg_249,-0.0024435020888692234,0.0024435020888692234
maplight_morgan_0239,-0.002441802021333249,0.002441802021333249
avalon_count_0827,0.0023405166616107835,0.0023405166616107835
fcfp6_bit_0429,-0.0023381226127971873,0.0023381226127971873
rdk_path_bit_0025,0.0023256711798406975,0.0023256711798406975
rdk_path_bit_0818,-0.002309173448146593,0.002309173448146593
avalon_count_0403,-0.0023019947951244835,0.0023019947951244835
ecfp6_bit_0083,0.002290349571438009,0.002290349571438009
fcfp6_bit_0495,-0.002273085988656839,0.002273085988656839
morgan_bit_0264,-0.0022038452749639386,0.0022038452749639386
fcfp6_bit_0518,0.0021448195773551143,0.0021448195773551143
rdk_path_bit_0761,-0.0021390325463318586,0.0021390325463318586
avalon_count_0178,-0.0020541572960359605,0.0020541572960359605
atom_pair_bit_0815,-0.0020513360289881846,0.0020513360289881846
maccs_bit_099,-0.002017571496309038,0.002017571496309038
maplight_morgan_0712,0.0019793558725719157,0.0019793558725719157
morgan_bit_0795,-0.0019739775620639544,0.0019739775620639544
fcfp6_bit_0552,0.001973629618069929,0.001973629618069929
fcfp6_bit_0621,0.00195677330964104,0.00195677330964104
ecfp6_bit_0406,-0.0019424098468178892,0.0019424098468178892
atom_pair_bit_0333,-0.0019295954002322892,0.0019295954002322892
ecfp6_bit_0913,0.0019166566964802817,0.0019166566964802817
rdk_path_bit_0223,0.0019141054780545989,0.0019141054780545989
ecfp6_bit_0455,-0.0019022075782142965,0.0019022075782142965
atom_pair_bit_0168,-0.0018915040911805165,0.0018915040911805165
ecfp6_bit_0197,0.0018903206832729853,0.0018903206832729853
avalon_count_0564,-0.0018659269862871127,0.0018659269862871127
avalon_count_0165,0.001860613283019964,0.001860613283019964
morgan_bit_0390,0.0018603196597426145,0.0018603196597426145
ecfp6_bit_0851,-0.001796471514750027,0.001796471514750027
ecfp6_bit_0458,-0.0017961367138926878,0.0017961367138926878
fcfp6_bit_0734,0.0017893893880032974,0.0017893893880032974
maplight_morgan_0268,-0.0017843821861247913,0.0017843821861247913
avalon_count_0074,0.001754956243324135,0.001754956243324135
layered_bit_0379,-0.0017537288333696595,0.0017537288333696595
fcfp6_bit_0221,0.001728000934044981,0.001728000934044981
fcfp6_bit_0659,-0.0017094130550063694,0.0017094130550063694
ecfp6_bit_0060,-0.0016867618904338993,0.0016867618904338993
atom_pair_bit_0311,0.0016825259724519241,0.0016825259724519241
maplight_morgan_0677,-0.0016805018159732053,0.0016805018159732053
topological_torsion_bit_0521,0.0016665535060749273,0.0016665535060749273
atom_pair_bit_0889,0.0016636497173465356,0.0016636497173465356
morgan_bit_0776,0.0016306357968443226,0.0016306357968443226
ecfp6_bit_0497,0.0016125023301789508,0.0016125023301789508
fcfp6_bit_0842,0.0015790586710534376,0.0015790586710534376
avalon_count_0355,0.001559781826861258,0.001559781826861258
rdk_path_bit_0665,0.0015475844742197356,0.0015475844742197356
ecfp6_bit_0331,-0.0014718792428372906,0.0014718792428372906
layered_bit_0961,0.0014656637707519086,0.0014656637707519086
morgan_bit_0905,0.0014594665618962346,0.0014594665618962346
morgan_bit_0683,0.0014422965435437857,0.0014422965435437857
layered_bit_0701,0.001412882148461297,0.001412882148461297
ecfp6_bit_0179,-0.0013551528840635466,0.0013551528840635466
fcfp6_bit_0976,-0.0013450172253941777,0.0013450172253941777
fcfp6_bit_0104,0.001343358962932584,0.001343358962932584
fcfp6_bit_0583,-0.001314660788962122,0.001314660788962122
fcfp6_bit_0047,-0.00130396916228667,0.00130396916228667
rdk_path_bit_0767,-0.0013030317980142492,0.0013030317980142492
fcfp6_bit_0708,0.0012783309342934005,0.0012783309342934005
maplight_morgan_0437,-0.001267945274388433,0.001267945274388433
fcfp6_bit_0905,-0.0012596486635646584,0.0012596486635646584
ecfp6_bit_0754,-0.0012558337976288317,0.0012558337976288317
fcfp6_bit_0230,-0.001249796176740183,0.001249796176740183
maplight_morgan_0074,0.0012246856084855565,0.0012246856084855565
morgan_bit_0440,0.0012171958069325923,0.0012171958069325923
atom_pair_bit_0825,-0.0011993454036933315,0.0011993454036933315
avalon_count_0719,0.0011943426711747273,0.0011943426711747273
rdk_path_bit_0127,0.0011372129518678862,0.0011372129518678862
layered_bit_0556,-0.0011241013497716222,0.0011241013497716222
fcfp6_bit_0762,0.001119823179923931,0.001119823179923931
layered_bit_0396,-0.0010978117486557537,0.0010978117486557537
avalon_count_0514,-0.0010630702930775275,0.0010630702930775275
ecfp6_bit_0583,0.0010522685973508637,0.0010522685973508637
morgan_bit_0237,0.001034672770199919,0.001034672770199919
rdk_path_bit_0544,0.0010314472151124856,0.0010314472151124856
maplight_morgan_0157,-0.001017755288869181,0.001017755288869181
maplight_morgan_0795,-0.0009873764347949328,0.0009873764347949328
rdk_path_bit_0260,-0.0009363339269253843,0.0009363339269253843
layered_bit_0220,-0.0009272707684599413,0.0009272707684599413
avalon_count_0993,0.0009250323481304843,0.0009250323481304843
fcfp6_bit_0143,0.0009193073992171037,0.0009193073992171037
avalon_count_0487,0.000912482614401656,0.000912482614401656
atom_pair_bit_0584,-0.0008896323728052343,0.0008896323728052343
layered_bit_0424,-0.000875943566026369,0.000875943566026369
avalon_count_0805,0.0008734635922495658,0.0008734635922495658
fcfp6_bit_0375,-0.0008628848317480584,0.0008628848317480584
maplight_morgan_0903,-0.0008245717048551488,0.0008245717048551488
ecfp6_bit_0066,-0.0008139605200900445,0.0008139605200900445
rdkit_fr_lactone,0.0007863196588279829,0.0007863196588279829
avalon_count_0811,0.000758294337023385,0.000758294337023385
morgan_bit_0520,-0.0007354166152307879,0.0007354166152307879
fcfp6_bit_0212,0.0007114760583735398,0.0007114760583735398
erg_138,-0.000661489340328592,0.000661489340328592
fcfp6_bit_0082,-0.0006591208596846556,0.0006591208596846556
ecfp6_bit_0493,-0.0006340217300676293,0.0006340217300676293
avalon_count_0155,-0.0006140803943895812,0.0006140803943895812
morgan_bit_0608,0.0005970100783517878,0.0005970100783517878
atom_pair_bit_0786,-0.0005814567920656026,0.0005814567920656026
morgan_bit_0155,0.0005765299806064412,0.0005765299806064412
maplight_morgan_0625,-0.000574913762408548,0.000574913762408548
atom_pair_bit_0256,-0.0004651437430781182,0.0004651437430781182
ecfp6_bit_0234,-0.000451317979123555,0.000451317979123555
maplight_morgan_0544,0.0004404082925980363,0.0004404082925980363
topological_torsion_bit_0773,-0.0004107510088914305,0.0004107510088914305
avalon_count_0311,0.0004007749168428017,0.0004007749168428017
atom_pair_bit_0938,0.0003963483368185779,0.0003963483368185779
avalon_count_0188,0.0003927265939704104,0.0003927265939704104
atom_pair_bit_0741,-0.0003926356036283936,0.0003926356036283936
ecfp6_bit_0139,-0.00038974413656496265,0.00038974413656496265
rdk_path_bit_0780,0.00037338282323646696,0.00037338282323646696
layered_bit_0883,0.0003683375119558706,0.0003683375119558706
fcfp6_bit_0825,-0.00033672125386697,0.00033672125386697
maplight_morgan_0606,0.0003353064424610653,0.0003353064424610653
layered_bit_0193,0.0002893461634536763,0.0002893461634536763
atom_pair_bit_0326,-0.00028618155394640236,0.00028618155394640236
layered_bit_0149,0.0002608728615519074,0.0002608728615519074
morgan_bit_0308,-0.00025694402136122496,0.00025694402136122496
topological_torsion_bit_0532,0.0002568716675293762,0.0002568716675293762
layered_bit_0209,-0.00023357753061266538,0.00023357753061266538
layered_bit_0938,0.00020961400531283104,0.00020961400531283104
fcfp6_bit_0574,0.00018373363434161921,0.00018373363434161921
fcfp6_bit_0242,0.00017035496397890503,0.00017035496397890503
topological_torsion_bit_0348,-0.00016062641539619103,0.00016062641539619103
fcfp6_bit_0637,-0.0001414658958599763,0.0001414658958599763
fcfp6_bit_0328,-0.00013142765687158644,0.00013142765687158644
ecfp6_bit_0453,-9.137714184724286e-05,9.137714184724286e-05
avalon_count_0241,8.749943301459668e-05,8.749943301459668e-05
fcfp6_bit_0674,-8.474151732262867e-05,8.474151732262867e-05
atom_pair_bit_0850,8.393966842135503e-05,8.393966842135503e-05
ecfp6_bit_0482,5.345082523135885e-05,5.345082523135885e-05
maplight_morgan_0567,-4.899810082064284e-05,4.899810082064284e-05
fcfp6_bit_0187,-3.537610655317812e-05,3.537610655317812e-05
avalon_count_0010,-2.9428741424812584e-05,2.9428741424812584e-05
atom_pair_bit_0602,-2.9159901800563576e-05,2.9159901800563576e-05
fcfp6_bit_0896,7.52772270244635e-06,7.52772270244635e-06
layered_bit_0974,5.323947770008797e-06,5.323947770008797e-06
rdk_path_bit_0669,-0.0,0.0
rdk_path_bit_0658,-0.0,0.0
rdk_path_bit_0662,-0.0,0.0
rdk_path_bit_0663,-0.0,0.0
rdk_path_bit_0660,-0.0,0.0
rdk_path_bit_0664,-0.0,0.0
rdk_path_bit_0661,0.0,0.0
rdk_path_bit_0659,0.0,0.0
rdkit_VSA_EState4,-0.0,0.0
rdk_path_bit_0646,-0.0,0.0
rdk_path_bit_0652,-0.0,0.0
rdkit_VSA_EState6,-0.0,0.0
rdkit_VSA_EState7,-0.0,0.0
rdkit_VSA_EState8,0.0,0.0
rdk_path_bit_0653,-0.0,0.0
rdkit_VSA_EState3,-0.0,0.0
rdk_path_bit_0651,0.0,0.0
rdk_path_bit_0657,-0.0,0.0
rdk_path_bit_0654,-0.0,0.0
rdk_path_bit_0656,-0.0,0.0
rdk_path_bit_0650,0.0,0.0
rdk_path_bit_0668,0.0,0.0
rdk_path_bit_0667,-0.0,0.0
rdk_path_bit_0666,0.0,0.0
rdkit_VSA_EState9,-0.0,0.0
rdk_path_bit_0648,-0.0,0.0
rdkit_VSA_EState5,0.0,0.0
rdk_path_bit_0727,0.0,0.0
rdk_path_bit_0726,0.0,0.0
rdkit_SlogP_VSA5,-0.0,0.0
rdkit_SlogP_VSA6,-0.0,0.0
rdkit_SlogP_VSA7,0.0,0.0
rdk_path_bit_0725,0.0,0.0
rdk_path_bit_0724,0.0,0.0
rdk_path_bit_0723,-0.0,0.0
rdk_path_bit_0722,-0.0,0.0
rdk_path_bit_0721,0.0,0.0
rdk_path_bit_0720,0.0,0.0
rdk_path_bit_0647,-0.0,0.0
rdkit_SlogP_VSA8,0.0,0.0
rdk_path_bit_0718,-0.0,0.0
rdk_path_bit_0717,-0.0,0.0
rdk_path_bit_0716,0.0,0.0
rdk_path_bit_0715,-0.0,0.0
rdk_path_bit_0714,0.0,0.0
rdk_path_bit_0713,0.0,0.0
rdk_path_bit_0712,0.0,0.0
rdk_path_bit_0711,0.0,0.0
rdkit_TPSA,0.0,0.0
rdk_path_bit_0710,0.0,0.0
rdk_path_bit_0719,0.0,0.0
rdkit_SlogP_VSA11,0.0,0.0
rdk_path_bit_0747,0.0,0.0
rdk_path_bit_0746,-0.0,0.0
rdk_path_bit_0745,0.0,0.0
rdk_path_bit_0744,-0.0,0.0
rdk_path_bit_0743,-0.0,0.0
rdk_path_bit_0742,0.0,0.0
rdk_path_bit_0741,0.0,0.0
rdk_path_bit_0740,-0.0,0.0
rdk_path_bit_0739,0.0,0.0
rdk_path_bit_0738,0.0,0.0
rdk_path_bit_0728,0.0,0.0
rdk_path_bit_0736,-0.0,0.0
rdk_path_bit_0735,-0.0,0.0
rdkit_SlogP_VSA2,-0.0,0.0
rdkit_SlogP_VSA3,-0.0,0.0
rdk_path_bit_0734,0.0,0.0
rdk_path_bit_0733,0.0,0.0
rdk_path_bit_0732,-0.0,0.0
rdkit_SlogP_VSA4,-0.0,0.0
rdk_path_bit_0731,-0.0,0.0
rdk_path_bit_0730,0.0,0.0
rdk_path_bit_0729,0.0,0.0
rdk_path_bit_0737,-0.0,0.0
rdkit_EState_VSA9,-0.0,0.0
rdk_path_bit_0689,0.0,0.0
rdkit_VSA_EState1,-0.0,0.0
rdk_path_bit_0688,-0.0,0.0
rdk_path_bit_0687,-0.0,0.0
rdk_path_bit_0686,-0.0,0.0
rdk_path_bit_0685,-0.0,0.0
rdk_path_bit_0684,-0.0,0.0
rdk_path_bit_0683,-0.0,0.0
rdkit_VSA_EState10,-0.0,0.0
rdk_path_bit_0682,-0.0,0.0
rdk_path_bit_0709,0.0,0.0
rdk_path_bit_0680,0.0,0.0
rdk_path_bit_0678,0.0,0.0
rdk_path_bit_0677,0.0,0.0
rdk_path_bit_0676,0.0,0.0
rdk_path_bit_0675,0.0,0.0
rdk_path_bit_0674,0.0,0.0
rdk_path_bit_0673,-0.0,0.0
rdk_path_bit_0672,0.0,0.0
rdkit_VSA_EState2,0.0,0.0
rdk_path_bit_0671,-0.0,0.0
rdk_path_bit_0670,-0.0,0.0
rdk_path_bit_0681,-0.0,0.0
rdkit_EState_VSA1,-0.0,0.0
rdk_path_bit_0708,-0.0,0.0
rdkit_EState_VSA10,-0.0,0.0
rdk_path_bit_0705,-0.0,0.0
rdkit_EState_VSA11,0.0,0.0
rdk_path_bit_0703,0.0,0.0
rdk_path_bit_0702,0.0,0.0
rdk_path_bit_0701,0.0,0.0
rdk_path_bit_0700,-0.0,0.0
rdk_path_bit_0699,0.0,0.0
rdk_path_bit_0698,0.0,0.0
rdk_path_bit_0690,-0.0,0.0
rdkit_EState_VSA4,-0.0,0.0
rdk_path_bit_0697,-0.0,0.0
rdkit_EState_VSA5,-0.0,0.0
rdkit_EState_VSA6,-0.0,0.0
rdk_path_bit_0696,-0.0,0.0
rdkit_EState_VSA7,-0.0,0.0
rdk_path_bit_0695,-0.0,0.0
rdk_path_bit_0694,-0.0,0.0
rdkit_EState_VSA8,-0.0,0.0
rdk_path_bit_0693,-0.0,0.0
rdk_path_bit_0692,0.0,0.0
rdk_path_bit_0691,-0.0,0.0
rdkit_EState_VSA3,-0.0,0.0
rdk_path_bit_0530,-0.0,0.0
rdk_path_bit_0529,-0.0,0.0
rdk_path_bit_0528,-0.0,0.0
rdk_path_bit_0527,-0.0,0.0
rdk_path_bit_0526,-0.0,0.0
rdk_path_bit_0525,0.0,0.0
rdk_path_bit_0524,-0.0,0.0
rdk_path_bit_0523,0.0,0.0
rdk_path_bit_0522,-0.0,0.0
rdkit_fr_Al_OH_noTert,0.0,0.0
rdk_path_bit_0521,0.0,0.0
rdk_path_bit_0520,-0.0,0.0
rdkit_SlogP_VSA12,-0.0,0.0
rdk_path_bit_0518,-0.0,0.0
rdk_path_bit_0517,0.0,0.0
rdk_path_bit_0516,-0.0,0.0
rdk_path_bit_0515,-0.0,0.0
rdk_path_bit_0514,0.0,0.0
rdkit_fr_ArN,-0.0,0.0
rdk_path_bit_0513,-0.0,0.0
rdk_path_bit_0512,0.0,0.0
rdk_path_bit_0511,-0.0,0.0
rdkit_fr_Ar_COO,0.0,0.0
rdk_path_bit_0510,-0.0,0.0
rdk_path_bit_0509,0.0,0.0
rdk_path_bit_0508,0.0,0.0
rdk_path_bit_0519,-0.0,0.0
rdkit_Phi,-0.0,0.0
rdk_path_bit_0552,-0.0,0.0
rdk_path_bit_0551,-0.0,0.0
rdkit_RingCount,0.0,0.0
rdk_path_bit_0550,-0.0,0.0
rdk_path_bit_0549,-0.0,0.0
rdk_path_bit_0548,-0.0,0.0
rdk_path_bit_0547,-0.0,0.0
rdk_path_bit_0546,-0.0,0.0
rdkit_MolLogP,-0.0,0.0
rdk_path_bit_0545,0.0,0.0
rdk_path_bit_0543,-0.0,0.0
rdk_path_bit_0531,0.0,0.0
rdk_path_bit_0541,-0.0,0.0
rdk_path_bit_0540,-0.0,0.0
rdk_path_bit_0539,0.0,0.0
rdk_path_bit_0538,0.0,0.0
rdk_path_bit_0537,0.0,0.0
rdkit_MolMR,-0.0,0.0
rdk_path_bit_0536,-0.0,0.0
rdkit_fr_Al_COO,-0.0,0.0
rdk_path_bit_0535,-0.0,0.0
rdk_path_bit_0534,-0.0,0.0
rdk_path_bit_0533,-0.0,0.0
rdkit_fr_Al_OH,0.0,0.0
rdk_path_bit_0532,-0.0,0.0
rdk_path_bit_0542,0.0,0.0
rdk_path_bit_0490,0.0,0.0
rdk_path_bit_0489,-0.0,0.0
rdk_path_bit_0488,0.0,0.0
rdk_path_bit_0487,-0.0,0.0
rdkit_fr_N_O,-0.0,0.0
rdkit_fr_Ndealkylation1,0.0,0.0
rdk_path_bit_0486,0.0,0.0
rdk_path_bit_0485,0.0,0.0
rdk_path_bit_0484,0.0,0.0
rdk_path_bit_0483,-0.0,0.0
rdkit_fr_Ndealkylation2,-0.0,0.0
rdk_path_bit_0482,-0.0,0.0
rdk_path_bit_0507,-0.0,0.0
rdk_path_bit_0480,0.0,0.0
rdk_path_bit_0479,-0.0,0.0
rdk_path_bit_0478,-0.0,0.0
rdk_path_bit_0477,-0.0,0.0
rdk_path_bit_0476,-0.0,0.0
rdk_path_bit_0475,-0.0,0.0
rdk_path_bit_0474,0.0,0.0
rdk_path_bit_0473,-0.0,0.0
rdk_path_bit_0472,-0.0,0.0
rdk_path_bit_0471,-0.0,0.0
rdk_path_bit_0470,0.0,0.0
rdk_path_bit_0469,0.0,0.0
rdk_path_bit_0468,-0.0,0.0
rdk_path_bit_0481,0.0,0.0
rdkit_fr_Ar_N,0.0,0.0
rdk_path_bit_0506,-0.0,0.0
rdk_path_bit_0505,-0.0,0.0
rdk_path_bit_0504,0.0,0.0
rdk_path_bit_0503,0.0,0.0
rdk_path_bit_0502,-0.0,0.0
rdk_path_bit_0501,-0.0,0.0
rdk_path_bit_0500,0.0,0.0
rdkit_fr_Ar_NH,0.0,0.0
rdkit_fr_Ar_OH,-0.0,0.0
rdkit_fr_COO,-0.0,0.0
rdkit_fr_COO2,-0.0,0.0
rdkit_fr_C_O,0.0,0.0
rdk_path_bit_0491,0.0,0.0
rdk_path_bit_0497,0.0,0.0
rdk_path_bit_0496,-0.0,0.0
rdkit_fr_C_O_noCOO,0.0,0.0
rdk_path_bit_0495,-0.0,0.0
rdkit_fr_C_S,-0.0,0.0
rdkit_fr_HOCCN,-0.0,0.0
rdkit_fr_Imine,0.0,0.0
rdkit_fr_NH0,-0.0,0.0
rdkit_fr_NH1,0.0,0.0
rdk_path_bit_0494,-0.0,0.0
rdkit_fr_NH2,-0.0,0.0
rdk_path_bit_0493,-0.0,0.0
rdk_path_bit_0492,0.0,0.0
rdk_path_bit_0498,-0.0,0.0
rdkit_NumAromaticCarbocycles,0.0,0.0
rdk_path_bit_0623,0.0,0.0
rdk_path_bit_0622,-0.0,0.0
rdk_path_bit_0621,-0.0,0.0
rdk_path_bit_0620,-0.0,0.0
rdk_path_bit_0619,-0.0,0.0
rdkit_NumAromaticHeterocycles,0.0,0.0
rdk_path_bit_0618,0.0,0.0
rdk_path_bit_0617,-0.0,0.0
rdkit_NumAromaticRings,0.0,0.0
rdkit_NumAtomStereoCenters,-0.0,0.0
rdk_path_bit_0616,0.0,0.0
rdkit_NumSpiroAtoms,0.0,0.0
rdkit_NumBridgeheadAtoms,0.0,0.0
rdk_path_bit_0614,0.0,0.0
rdk_path_bit_0613,-0.0,0.0
rdk_path_bit_0612,-0.0,0.0
rdk_path_bit_0611,0.0,0.0
rdk_path_bit_0610,-0.0,0.0
rdk_path_bit_0609,0.0,0.0
rdk_path_bit_0608,-0.0,0.0
rdk_path_bit_0607,0.0,0.0
rdk_path_bit_0605,-0.0,0.0
rdk_path_bit_0604,0.0,0.0
rdk_path_bit_0603,-0.0,0.0
rdk_path_bit_0602,0.0,0.0
rdk_path_bit_0615,0.0,0.0
rdk_path_bit_0645,-0.0,0.0
rdk_path_bit_0644,-0.0,0.0
rdkit_FractionCSP3,0.0,0.0
rdk_path_bit_0643,-0.0,0.0
rdk_path_bit_0642,-0.0,0.0
rdk_path_bit_0641,-0.0,0.0
rdkit_HeavyAtomCount,-0.0,0.0
rdkit_NHOHCount,0.0,0.0
rdk_path_bit_0639,-0.0,0.0
rdk_path_bit_0638,0.0,0.0
rdk_path_bit_0637,0.0,0.0
rdk_path_bit_0636,-0.0,0.0
rdkit_NumAmideBonds,0.0,0.0
rdk_path_bit_0634,0.0,0.0
rdk_path_bit_0633,-0.0,0.0
rdkit_NOCount,0.0,0.0
rdk_path_bit_0631,0.0,0.0
rdk_path_bit_0630,-0.0,0.0
rdkit_NumAliphaticCarbocycles,0.0,0.0
rdk_path_bit_0629,-0.0,0.0
rdk_path_bit_0628,0.0,0.0
rdk_path_bit_0627,-0.0,0.0
rdk_path_bit_0626,0.0,0.0
rdk_path_bit_0625,0.0,0.0
rdkit_NumAliphaticHeterocycles,0.0,0.0
rdkit_NumAliphaticRings,0.0,0.0
rdk_path_bit_0635,0.0,0.0
rdkit_NumRotatableBonds,-0.0,0.0
rdk_path_bit_0574,-0.0,0.0
rdk_path_bit_0573,-0.0,0.0
rdk_path_bit_0572,-0.0,0.0
rdk_path_bit_0571,0.0,0.0
rdk_path_bit_0570,-0.0,0.0
rdk_path_bit_0569,-0.0,0.0
rdk_path_bit_0568,0.0,0.0
rdk_path_bit_0567,-0.0,0.0
rdk_path_bit_0566,-0.0,0.0
rdk_path_bit_0565,-0.0,0.0
rdkit_NumSaturatedCarbocycles,-0.0,0.0
rdk_path_bit_0601,-0.0,0.0
rdk_path_bit_0563,-0.0,0.0
rdkit_NumSaturatedHeterocycles,0.0,0.0
rdk_path_bit_0562,0.0,0.0
rdk_path_bit_0561,0.0,0.0
rdk_path_bit_0560,0.0,0.0
rdk_path_bit_0559,-0.0,0.0
rdk_path_bit_0558,-0.0,0.0
rdk_path_bit_0557,-0.0,0.0
rdkit_NumSaturatedRings,-0.0,0.0
rdk_path_bit_0556,-0.0,0.0
rdk_path_bit_0555,-0.0,0.0
rdk_path_bit_0554,0.0,0.0
rdk_path_bit_0553,-0.0,0.0
rdk_path_bit_0564,-0.0,0.0
rdkit_NumHAcceptors,0.0,0.0
rdk_path_bit_0599,-0.0,0.0
rdk_path_bit_0598,0.0,0.0
rdk_path_bit_0597,0.0,0.0
rdk_path_bit_0596,-0.0,0.0
rdk_path_bit_0595,0.0,0.0
rdk_path_bit_0594,0.0,0.0
rdk_path_bit_0593,0.0,0.0
rdk_path_bit_0592,-0.0,0.0
rdk_path_bit_0591,-0.0,0.0
rdkit_NumHDonors,0.0,0.0
rdk_path_bit_0590,0.0,0.0
rdk_path_bit_0589,0.0,0.0
rdk_path_bit_0575,0.0,0.0
rdk_path_bit_0587,0.0,0.0
rdk_path_bit_0586,-0.0,0.0
rdk_path_bit_0585,-0.0,0.0
rdk_path_bit_0584,0.0,0.0
rdk_path_bit_0583,-0.0,0.0
rdkit_NumHeteroatoms,-0.0,0.0
rdk_path_bit_0582,-0.0,0.0
rdk_path_bit_0581,-0.0,0.0
rdkit_NumHeterocycles,0.0,0.0
rdk_path_bit_0580,0.0,0.0
rdk_path_bit_0579,-0.0,0.0
rdk_path_bit_0578,-0.0,0.0
rdk_path_bit_0576,-0.0,0.0
rdk_path_bit_0588,-0.0,0.0
rdk_path_bit_0994,-0.0,0.0
rdk_path_bit_0993,0.0,0.0
rdk_path_bit_0992,0.0,0.0
rdk_path_bit_0991,-0.0,0.0
rdk_path_bit_0990,0.0,0.0
rdk_path_bit_0989,-0.0,0.0
rdk_path_bit_0988,-0.0,0.0
rdk_path_bit_0987,0.0,0.0
maccs_bit_145,-0.0,0.0
maccs_bit_146,0.0,0.0
maccs_bit_147,0.0,0.0
maccs_bit_148,-0.0,0.0
rdk_path_bit_0986,0.0,0.0
rdk_path_bit_0792,-0.0,0.0
maccs_bit_149,0.0,0.0
rdk_path_bit_0984,-0.0,0.0
maccs_bit_150,-0.0,0.0
rdk_path_bit_0983,0.0,0.0
rdk_path_bit_0982,0.0,0.0
maccs_bit_151,0.0,0.0
rdk_path_bit_0981,-0.0,0.0
rdk_path_bit_0980,-0.0,0.0
maccs_bit_152,0.0,0.0
maccs_bit_153,-0.0,0.0
maccs_bit_154,0.0,0.0
rdk_path_bit_0979,0.0,0.0
maccs_bit_155,-0.0,0.0
rdk_path_bit_0985,0.0,0.0
rdk_path_bit_1014,0.0,0.0
rdk_path_bit_1013,-0.0,0.0
maccs_bit_133,-0.0,0.0
rdk_path_bit_1012,0.0,0.0
rdk_path_bit_1011,-0.0,0.0
rdk_path_bit_1010,0.0,0.0
rdk_path_bit_1009,-0.0,0.0
rdk_path_bit_1008,0.0,0.0
maccs_bit_134,-0.0,0.0
maccs_bit_135,-0.0,0.0
rdk_path_bit_1007,-0.0,0.0
maccs_bit_137,0.0,0.0
rdk_path_bit_1006,-0.0,0.0
rdk_path_bit_0995,0.0,0.0
rdk_path_bit_1004,-0.0,0.0
rdk_path_bit_1003,0.0,0.0
rdk_path_bit_1002,0.0,0.0
rdk_path_bit_1001,-0.0,0.0
rdk_path_bit_1000,0.0,0.0
maccs_bit_138,0.0,0.0
maccs_bit_139,0.0,0.0
rdk_path_bit_0998,0.0,0.0
maccs_bit_140,0.0,0.0
rdk_path_bit_0997,-0.0,0.0
rdk_path_bit_0996,-0.0,0.0
maccs_bit_141,-0.0,0.0
maccs_bit_142,-0.0,0.0
maccs_bit_144,-0.0,0.0
rdk_path_bit_1005,0.0,0.0
rdk_path_bit_0951,-0.0,0.0
rdk_path_bit_0950,-0.0,0.0
rdk_path_bit_0949,-0.0,0.0
rdk_path_bit_0948,-0.0,0.0
rdk_path_bit_0947,0.0,0.0
maccs_bit_164,0.0,0.0
rdk_path_bit_0946,0.0,0.0
maccs_bit_165,-0.0,0.0
rdk_path_bit_0944,0.0,0.0
rdk_path_bit_0943,0.0,0.0
rdk_path_bit_0942,-0.0,0.0
rdk_path_bit_0941,0.0,0.0
rdkit_MaxAbsEStateIndex,0.0,0.0
maccs_bit_156,-0.0,0.0
rdk_path_bit_0939,0.0,0.0
rdk_path_bit_0938,-0.0,0.0
rdk_path_bit_0937,0.0,0.0
rdk_path_bit_0936,0.0,0.0
rdkit_MinAbsEStateIndex,-0.0,0.0
rdk_path_bit_0935,0.0,0.0
rdk_path_bit_0934,0.0,0.0
rdkit_MinEStateIndex,-0.0,0.0
rdk_path_bit_0933,0.0,0.0
rdk_path_bit_0932,0.0,0.0
rdk_path_bit_0931,-0.0,0.0
rdk_path_bit_0930,0.0,0.0
rdk_path_bit_0929,-0.0,0.0
rdk_path_bit_0940,0.0,0.0
rdk_path_bit_0977,0.0,0.0
rdk_path_bit_0976,0.0,0.0
rdk_path_bit_0975,-0.0,0.0
rdk_path_bit_0974,-0.0,0.0
maccs_bit_157,0.0,0.0
rdk_path_bit_0973,-0.0,0.0
rdk_path_bit_0972,-0.0,0.0
rdk_path_bit_0971,-0.0,0.0
rdk_path_bit_0970,0.0,0.0
maccs_bit_158,-0.0,0.0
rdk_path_bit_0969,-0.0,0.0
rdk_path_bit_0968,-0.0,0.0
rdk_path_bit_0967,-0.0,0.0
rdk_path_bit_0952,-0.0,0.0
rdk_path_bit_0965,0.0,0.0
rdk_path_bit_0964,-0.0,0.0
rdk_path_bit_0963,0.0,0.0
rdk_path_bit_0962,0.0,0.0
rdk_path_bit_0961,-0.0,0.0
rdk_path_bit_0960,0.0,0.0
rdk_path_bit_0959,0.0,0.0
maccs_bit_163,-0.0,0.0
rdk_path_bit_0958,-0.0,0.0
rdk_path_bit_0957,-0.0,0.0
rdk_path_bit_0956,-0.0,0.0
rdk_path_bit_0955,0.0,0.0
rdk_path_bit_0954,0.0,0.0
rdk_path_bit_0953,0.0,0.0
rdk_path_bit_0966,0.0,0.0
maccs_bit_072,-0.0,0.0
maccs_bit_071,-0.0,0.0
maccs_bit_104,0.0,0.0
maccs_bit_105,0.0,0.0
maccs_bit_070,-0.0,0.0
maccs_bit_069,0.0,0.0
maccs_bit_067,0.0,0.0
maccs_bit_066,-0.0,0.0
maccs_bit_065,0.0,0.0
maccs_bit_064,-0.0,0.0
maccs_bit_063,-0.0,0.0
maccs_bit_106,-0.0,0.0
maccs_bit_107,-0.0,0.0
rdk_path_bit_1015,-0.0,0.0
maccs_bit_061,0.0,0.0
maccs_bit_060,0.0,0.0
maccs_bit_108,0.0,0.0
maccs_bit_109,0.0,0.0
maccs_bit_110,0.0,0.0
maccs_bit_059,0.0,0.0
maccs_bit_058,0.0,0.0
maccs_bit_111,-0.0,0.0
maccs_bit_112,-0.0,0.0
maccs_bit_113,-0.0,0.0
maccs_bit_114,-0.0,0.0
maccs_bit_057,0.0,0.0
maccs_bit_115,0.0,0.0
maccs_bit_062,0.0,0.0
maccs_bit_098,0.0,0.0
maccs_bit_097,0.0,0.0
maccs_bit_096,0.0,0.0
maccs_bit_095,0.0,0.0
maccs_bit_094,-0.0,0.0
maccs_bit_093,0.0,0.0
maccs_bit_092,0.0,0.0
maccs_bit_091,-0.0,0.0
maccs_bit_090,0.0,0.0
maccs_bit_089,-0.0,0.0
maccs_bit_088,-0.0,0.0
maccs_bit_087,-0.0,0.0
maccs_bit_086,-0.0,0.0
maccs_bit_073,-0.0,0.0
maccs_bit_084,-0.0,0.0
maccs_bit_083,0.0,0.0
maccs_bit_082,0.0,0.0
maccs_bit_081,-0.0,0.0
maccs_bit_080,0.0,0.0
maccs_bit_100,-0.0,0.0
maccs_bit_079,-0.0,0.0
maccs_bit_078,0.0,0.0
maccs_bit_077,-0.0,0.0
maccs_bit_101,0.0,0.0
maccs_bit_102,-0.0,0.0
maccs_bit_103,-0.0,0.0
maccs_bit_075,-0.0,0.0
maccs_bit_074,-0.0,0.0
maccs_bit_085,-0.0,0.0
maccs_bit_026,0.0,0.0
maccs_bit_025,0.0,0.0
maccs_bit_024,-0.0,0.0
maccs_bit_123,0.0,0.0
maccs_bit_124,0.0,0.0
maccs_bit_125,0.0,0.0
maccs_bit_126,-0.0,0.0
maccs_bit_023,-0.0,0.0
maccs_bit_022,-0.0,0.0
maccs_bit_127,0.0,0.0
maccs_bit_020,0.0,0.0
maccs_bit_019,-0.0,0.0
maccs_bit_017,-0.0,0.0
maccs_bit_056,-0.0,0.0
maccs_bit_015,0.0,0.0
maccs_bit_013,-0.0,0.0
maccs_bit_128,0.0,0.0
maccs_bit_129,0.0,0.0
rdk_path_bit_1023,-0.0,0.0
rdk_path_bit_1022,-0.0,0.0
rdk_path_bit_1021,-0.0,0.0
rdk_path_bit_1020,-0.0,0.0
maccs_bit_130,0.0,0.0
maccs_bit_131,0.0,0.0
rdk_path_bit_1019,-0.0,0.0
rdk_path_bit_1018,0.0,0.0
rdk_path_bit_1017,-0.0,0.0
rdk_path_bit_1016,-0.0,0.0
maccs_bit_016,-0.0,0.0
maccs_bit_116,0.0,0.0
maccs_bit_055,0.0,0.0
maccs_bit_117,0.0,0.0
maccs_bit_054,0.0,0.0
maccs_bit_118,0.0,0.0
maccs_bit_052,0.0,0.0
maccs_bit_051,0.0,0.0
maccs_bit_050,-0.0,0.0
maccs_bit_049,-0.0,0.0
maccs_bit_048,0.0,0.0
maccs_bit_046,-0.0,0.0
maccs_bit_043,0.0,0.0
maccs_bit_042,0.0,0.0
maccs_bit_122,-0.0,0.0
maccs_bit_040,0.0,0.0
maccs_bit_119,-0.0,0.0
maccs_bit_120,0.0,0.0
maccs_bit_038,0.0,0.0
maccs_bit_121,0.0,0.0
maccs_bit_037,0.0,0.0
maccs_bit_036,0.0,0.0
maccs_bit_034,0.0,0.0
maccs_bit_033,0.0,0.0
maccs_bit_032,0.0,0.0
maccs_bit_031,0.0,0.0
maccs_bit_030,-0.0,0.0
maccs_bit_029,-0.0,0.0
maccs_bit_028,-0.0,0.0
maccs_bit_041,-0.0,0.0
rdk_path_bit_0817,-0.0,0.0
rdk_path_bit_0816,-0.0,0.0
rdk_path_bit_0815,0.0,0.0
rdk_path_bit_0814,-0.0,0.0
rdk_path_bit_0813,0.0,0.0
rdk_path_bit_0812,-0.0,0.0
rdk_path_bit_0811,-0.0,0.0
rdk_path_bit_0810,0.0,0.0
rdk_path_bit_0809,0.0,0.0
rdk_path_bit_0808,0.0,0.0
rdkit_PEOE_VSA11,-0.0,0.0
rdk_path_bit_0807,0.0,0.0
rdk_path_bit_0806,-0.0,0.0
rdkit_SPS,-0.0,0.0
rdk_path_bit_0804,0.0,0.0
rdk_path_bit_0803,0.0,0.0
rdkit_PEOE_VSA12,-0.0,0.0
rdk_path_bit_0802,0.0,0.0
rdkit_PEOE_VSA13,0.0,0.0
rdk_path_bit_0801,0.0,0.0
rdk_path_bit_0800,0.0,0.0
rdk_path_bit_0799,-0.0,0.0
rdk_path_bit_0798,-0.0,0.0
rdk_path_bit_0797,-0.0,0.0
rdk_path_bit_0796,-0.0,0.0
rdk_path_bit_0795,0.0,0.0
rdk_path_bit_0794,0.0,0.0
rdk_path_bit_0805,-0.0,0.0
rdkit_Chi4v,0.0,0.0
rdk_path_bit_0839,-0.0,0.0
rdk_path_bit_0838,-0.0,0.0
rdk_path_bit_0837,-0.0,0.0
rdk_path_bit_0836,0.0,0.0
rdkit_HallKierAlpha,-0.0,0.0
rdk_path_bit_0835,-0.0,0.0
rdkit_Ipc,0.0,0.0
rdk_path_bit_0834,-0.0,0.0
rdk_path_bit_0833,0.0,0.0
rdk_path_bit_0832,-0.0,0.0
rdk_path_bit_0831,0.0,0.0
rdkit_Kappa1,-0.0,0.0
rdk_path_bit_0819,0.0,0.0
rdkit_Kappa2,-0.0,0.0
rdk_path_bit_0829,0.0,0.0
rdk_path_bit_0828,-0.0,0.0
rdk_path_bit_0827,-0.0,0.0
rdk_path_bit_0826,-0.0,0.0
rdkit_LabuteASA,-0.0,0.0
rdk_path_bit_0825,0.0,0.0
rdk_path_bit_0824,-0.0,0.0
rdk_path_bit_0823,0.0,0.0
rdk_path_bit_0822,0.0,0.0
rdk_path_bit_0821,0.0,0.0
rdkit_PEOE_VSA1,0.0,0.0
rdk_path_bit_0820,-0.0,0.0
rdkit_PEOE_VSA10,0.0,0.0
rdk_path_bit_0830,-0.0,0.0
rdkit_PEOE_VSA8,0.0,0.0
rdkit_PEOE_VSA9,0.0,0.0
rdk_path_bit_0766,0.0,0.0
rdk_path_bit_0765,0.0,0.0
rdk_path_bit_0764,-0.0,0.0
rdk_path_bit_0763,-0.0,0.0
rdk_path_bit_0762,-0.0,0.0
rdkit_SMR_VSA1,-0.0,0.0
rdkit_SMR_VSA10,-0.0,0.0
rdkit_SMR_VSA2,-0.0,0.0
rdk_path_bit_0759,-0.0,0.0
rdkit_SMR_VSA3,0.0,0.0
rdkit_SMR_VSA4,-0.0,0.0
rdk_path_bit_0791,-0.0,0.0
rdk_path_bit_0756,-0.0,0.0
rdkit_SMR_VSA5,-0.0,0.0
rdkit_SMR_VSA6,-0.0,0.0
rdk_path_bit_0754,0.0,0.0
rdkit_SMR_VSA7,-0.0,0.0
rdk_path_bit_0753,-0.0,0.0
rdk_path_bit_0752,0.0,0.0
rdk_path_bit_0751,0.0,0.0
rdk_path_bit_0750,0.0,0.0
rdkit_SMR_VSA9,0.0,0.0
rdk_path_bit_0749,-0.0,0.0
rdk_path_bit_0748,0.0,0.0
rdkit_SlogP_VSA1,0.0,0.0
rdkit_SlogP_VSA10,-0.0,0.0
rdk_path_bit_0757,-0.0,0.0
rdk_path_bit_0790,-0.0,0.0
rdk_path_bit_0789,0.0,0.0
rdk_path_bit_0788,-0.0,0.0
rdk_path_bit_0787,-0.0,0.0
rdk_path_bit_0786,0.0,0.0
rdkit_PEOE_VSA14,-0.0,0.0
rdk_path_bit_0785,-0.0,0.0
rdk_path_bit_0784,-0.0,0.0
rdk_path_bit_0783,-0.0,0.0
rdk_path_bit_0782,0.0,0.0
rdk_path_bit_0781,-0.0,0.0
rdk_path_bit_0779,-0.0,0.0
rdk_path_bit_0778,-0.0,0.0
rdk_path_bit_0768,-0.0,0.0
rdk_path_bit_0777,0.0,0.0
rdk_path_bit_0776,-0.0,0.0
rdk_path_bit_0775,-0.0,0.0
rdk_path_bit_0774,0.0,0.0
rdk_path_bit_0773,0.0,0.0
rdkit_PEOE_VSA3,-0.0,0.0
rdkit_PEOE_VSA4,-0.0,0.0
rdk_path_bit_0772,-0.0,0.0
rdkit_PEOE_VSA5,-0.0,0.0
rdk_path_bit_0771,0.0,0.0
rdkit_PEOE_VSA6,-0.0,0.0
rdk_path_bit_0770,-0.0,0.0
rdkit_PEOE_VSA7,-0.0,0.0
rdk_path_bit_0769,-0.0,0.0
rdkit_PEOE_VSA2,0.0,0.0
rdkit_FpDensityMorgan2,0.0,0.0
rdk_path_bit_0907,0.0,0.0
rdk_path_bit_0906,0.0,0.0
rdkit_FpDensityMorgan3,0.0,0.0
rdk_path_bit_0905,-0.0,0.0
rdk_path_bit_0903,-0.0,0.0
rdk_path_bit_0902,0.0,0.0
rdk_path_bit_0901,-0.0,0.0
rdk_path_bit_0900,0.0,0.0
rdkit_BCUT2D_MWLOW,-0.0,0.0
rdk_path_bit_0899,-0.0,0.0
rdk_path_bit_0898,-0.0,0.0
rdkit_BCUT2D_CHGHI,-0.0,0.0
rdk_path_bit_0840,0.0,0.0
rdk_path_bit_0896,-0.0,0.0
rdk_path_bit_0895,0.0,0.0
rdk_path_bit_0894,-0.0,0.0
rdk_path_bit_0893,0.0,0.0
rdk_path_bit_0892,0.0,0.0
rdk_path_bit_0891,-0.0,0.0
rdk_path_bit_0890,0.0,0.0
rdkit_BCUT2D_CHGLO,0.0,0.0
rdk_path_bit_0889,-0.0,0.0
rdk_path_bit_0888,-0.0,0.0
rdkit_BCUT2D_LOGPHI,-0.0,0.0
rdk_path_bit_0887,-0.0,0.0
rdkit_BCUT2D_LOGPLOW,0.0,0.0
rdk_path_bit_0897,0.0,0.0
rdk_path_bit_0928,-0.0,0.0
rdk_path_bit_0927,-0.0,0.0
rdk_path_bit_0926,0.0,0.0
rdk_path_bit_0925,0.0,0.0
rdk_path_bit_0924,-0.0,0.0
rdk_path_bit_0923,-0.0,0.0
rdkit_MolWt,-0.0,0.0
rdk_path_bit_0922,0.0,0.0
rdk_path_bit_0921,-0.0,0.0
rdkit_HeavyAtomMolWt,-0.0,0.0
rdk_path_bit_0920,0.0,0.0
rdk_path_bit_0919,-0.0,0.0
rdkit_ExactMolWt,-0.0,0.0
rdk_path_bit_0909,0.0,0.0
rdk_path_bit_0917,0.0,0.0
rdk_path_bit_0916,-0.0,0.0
rdkit_NumValenceElectrons,-0.0,0.0
rdk_path_bit_0915,-0.0,0.0
rdk_path_bit_0914,-0.0,0.0
rdkit_MaxPartialCharge,-0.0,0.0
rdk_path_bit_0913,0.0,0.0
rdk_path_bit_0912,-0.0,0.0
rdk_path_bit_0911,0.0,0.0
rdkit_MinPartialCharge,-0.0,0.0
rdkit_MaxAbsPartialCharge,-0.0,0.0
rdk_path_bit_0910,0.0,0.0
rdkit_MinAbsPartialCharge,-0.0,0.0
rdkit_FpDensityMorgan1,0.0,0.0
rdk_path_bit_0918,-0.0,0.0
rdk_path_bit_0860,0.0,0.0
rdk_path_bit_0859,0.0,0.0
rdkit_Chi0n,-0.0,0.0
rdkit_Chi0v,-0.0,0.0
rdk_path_bit_0858,0.0,0.0
rdkit_Chi1,-0.0,0.0
rdk_path_bit_0857,-0.0,0.0
rdkit_Chi1n,-0.0,0.0
rdk_path_bit_0856,-0.0,0.0
rdk_path_bit_0855,0.0,0.0
rdk_path_bit_0854,0.0,0.0
rdk_path_bit_0853,0.0,0.0
rdk_path_bit_0852,-0.0,0.0
rdkit_BCUT2D_MRLOW,-0.0,0.0
rdkit_Chi2n,-0.0,0.0
rdk_path_bit_0850,-0.0,0.0
rdk_path_bit_0849,0.0,0.0
rdk_path_bit_0848,0.0,0.0
rdkit_Chi2v,-0.0,0.0
rdkit_Chi3n,-0.0,0.0
rdk_path_bit_0846,0.0,0.0
rdkit_Chi3v,-0.0,0.0
rdk_path_bit_0845,-0.0,0.0
rdk_path_bit_0844,-0.0,0.0
rdk_path_bit_0843,-0.0,0.0
rdk_path_bit_0842,-0.0,0.0
rdkit_Chi4n,-0.0,0.0
rdk_path_bit_0841,0.0,0.0
rdkit_Chi1v,-0.0,0.0
rdk_path_bit_0886,0.0,0.0
rdk_path_bit_0885,0.0,0.0
rdk_path_bit_0884,-0.0,0.0
rdk_path_bit_0883,0.0,0.0
rdk_path_bit_0882,0.0,0.0
rdk_path_bit_0881,-0.0,0.0
rdk_path_bit_0880,0.0,0.0
rdk_path_bit_0879,-0.0,0.0
rdk_path_bit_0878,-0.0,0.0
rdk_path_bit_0877,0.0,0.0
rdk_path_bit_0876,-0.0,0.0
rdk_path_bit_0875,0.0,0.0
rdk_path_bit_0874,-0.0,0.0
rdk_path_bit_0862,0.0,0.0
rdk_path_bit_0872,0.0,0.0
rdk_path_bit_0871,0.0,0.0
rdk_path_bit_0870,0.0,0.0
rdk_path_bit_0869,0.0,0.0
rdkit_AvgIpc,-0.0,0.0
rdk_path_bit_0868,0.0,0.0
rdkit_BalabanJ,-0.0,0.0
rdk_path_bit_0867,0.0,0.0
rdkit_BertzCT,0.0,0.0
rdk_path_bit_0866,0.0,0.0
rdk_path_bit_0865,-0.0,0.0
rdk_path_bit_0864,0.0,0.0
rdkit_Chi0,-0.0,0.0
rdk_path_bit_0863,-0.0,0.0
rdk_path_bit_0873,-0.0,0.0
topological_torsion_bit_0460,0.0,0.0
topological_torsion_bit_0461,0.0,0.0
topological_torsion_bit_0462,0.0,0.0
topological_torsion_bit_0464,-0.0,0.0
topological_torsion_bit_0465,0.0,0.0
topological_torsion_bit_0466,0.0,0.0
topological_torsion_bit_0468,0.0,0.0
rdk_path_bit_0339,0.0,0.0
topological_torsion_bit_0470,-0.0,0.0
topological_torsion_bit_0472,0.0,0.0
topological_torsion_bit_0473,0.0,0.0
topological_torsion_bit_0474,0.0,0.0
topological_torsion_bit_0476,0.0,0.0
topological_torsion_bit_0477,0.0,0.0
topological_torsion_bit_0478,0.0,0.0
topological_torsion_bit_0480,0.0,0.0
topological_torsion_bit_0469,-0.0,0.0
topological_torsion_bit_0432,0.0,0.0
topological_torsion_bit_0433,-0.0,0.0
topological_torsion_bit_0434,0.0,0.0
topological_torsion_bit_0436,-0.0,0.0
topological_torsion_bit_0437,-0.0,0.0
topological_torsion_bit_0440,0.0,0.0
topological_torsion_bit_0444,-0.0,0.0
topological_torsion_bit_0458,-0.0,0.0
topological_torsion_bit_0448,-0.0,0.0
topological_torsion_bit_0449,0.0,0.0
topological_torsion_bit_0450,0.0,0.0
topological_torsion_bit_0452,0.0,0.0
topological_torsion_bit_0453,0.0,0.0
topological_torsion_bit_0454,0.0,0.0
topological_torsion_bit_0456,0.0,0.0
topological_torsion_bit_0457,-0.0,0.0
topological_torsion_bit_0445,-0.0,0.0
topological_torsion_bit_0511,-0.0,0.0
topological_torsion_bit_0513,0.0,0.0
topological_torsion_bit_0514,-0.0,0.0
topological_torsion_bit_0516,-0.0,0.0
topological_torsion_bit_0517,-0.0,0.0
topological_torsion_bit_0520,0.0,0.0
topological_torsion_bit_0522,0.0,0.0
topological_torsion_bit_0481,-0.0,0.0
topological_torsion_bit_0525,-0.0,0.0
topological_torsion_bit_0526,-0.0,0.0
topological_torsion_bit_0528,0.0,0.0
topological_torsion_bit_0529,0.0,0.0
topological_torsion_bit_0530,0.0,0.0
topological_torsion_bit_0531,-0.0,0.0
topological_torsion_bit_0533,0.0,0.0
topological_torsion_bit_0534,-0.0,0.0
topological_torsion_bit_0524,0.0,0.0
topological_torsion_bit_0484,0.0,0.0
topological_torsion_bit_0485,0.0,0.0
topological_torsion_bit_0488,-0.0,0.0
topological_torsion_bit_0489,-0.0,0.0
topological_torsion_bit_0492,-0.0,0.0
topological_torsion_bit_0493,-0.0,0.0
topological_torsion_bit_0494,0.0,0.0
topological_torsion_bit_0495,-0.0,0.0
topological_torsion_bit_0510,0.0,0.0
topological_torsion_bit_0498,-0.0,0.0
topological_torsion_bit_0500,-0.0,0.0
topological_torsion_bit_0501,0.0,0.0
topological_torsion_bit_0502,0.0,0.0
topological_torsion_bit_0504,-0.0,0.0
topological_torsion_bit_0505,-0.0,0.0
topological_torsion_bit_0508,0.0,0.0
topological_torsion_bit_0509,-0.0,0.0
topological_torsion_bit_0496,-0.0,0.0
topological_torsion_bit_0341,0.0,0.0
topological_torsion_bit_0342,-0.0,0.0
topological_torsion_bit_0344,-0.0,0.0
topological_torsion_bit_0345,0.0,0.0
topological_torsion_bit_0346,-0.0,0.0
topological_torsion_bit_0349,-0.0,0.0
topological_torsion_bit_0350,-0.0,0.0
topological_torsion_bit_0429,-0.0,0.0
topological_torsion_bit_0353,0.0,0.0
topological_torsion_bit_0357,0.0,0.0
topological_torsion_bit_0360,0.0,0.0
topological_torsion_bit_0361,0.0,0.0
topological_torsion_bit_0364,-0.0,0.0
topological_torsion_bit_0365,0.0,0.0
topological_torsion_bit_0368,0.0,0.0
topological_torsion_bit_0369,-0.0,0.0
topological_torsion_bit_0352,0.0,0.0
topological_torsion_bit_0312,-0.0,0.0
topological_torsion_bit_0313,-0.0,0.0
topological_torsion_bit_0316,0.0,0.0
topological_torsion_bit_0317,-0.0,0.0
topological_torsion_bit_0320,0.0,0.0
topological_torsion_bit_0321,0.0,0.0
topological_torsion_bit_0322,0.0,0.0
topological_torsion_bit_0340,0.0,0.0
topological_torsion_bit_0328,0.0,0.0
topological_torsion_bit_0329,0.0,0.0
topological_torsion_bit_0330,0.0,0.0
topological_torsion_bit_0332,0.0,0.0
topological_torsion_bit_0333,-0.0,0.0
topological_torsion_bit_0334,-0.0,0.0
topological_torsion_bit_0336,-0.0,0.0
topological_torsion_bit_0337,-0.0,0.0
topological_torsion_bit_0323,0.0,0.0
topological_torsion_bit_0400,-0.0,0.0
topological_torsion_bit_0401,-0.0,0.0
topological_torsion_bit_0404,-0.0,0.0
topological_torsion_bit_0405,-0.0,0.0
topological_torsion_bit_0408,0.0,0.0
topological_torsion_bit_0409,0.0,0.0
topological_torsion_bit_0410,0.0,0.0
topological_torsion_bit_0372,0.0,0.0
topological_torsion_bit_0413,-0.0,0.0
topological_torsion_bit_0414,0.0,0.0
topological_torsion_bit_0416,-0.0,0.0
topological_torsion_bit_0417,-0.0,0.0
topological_torsion_bit_0421,-0.0,0.0
topological_torsion_bit_0424,0.0,0.0
topological_torsion_bit_0425,0.0,0.0
topological_torsion_bit_0426,-0.0,0.0
topological_torsion_bit_0412,0.0,0.0
topological_torsion_bit_0373,0.0,0.0
topological_torsion_bit_0374,0.0,0.0
topological_torsion_bit_0375,0.0,0.0
topological_torsion_bit_0376,0.0,0.0
topological_torsion_bit_0377,-0.0,0.0
topological_torsion_bit_0378,0.0,0.0
topological_torsion_bit_0379,0.0,0.0
topological_torsion_bit_0380,0.0,0.0
topological_torsion_bit_0397,0.0,0.0
topological_torsion_bit_0382,-0.0,0.0
topological_torsion_bit_0383,-0.0,0.0
topological_torsion_bit_0384,-0.0,0.0
topological_torsion_bit_0385,-0.0,0.0
topological_torsion_bit_0389,-0.0,0.0
topological_torsion_bit_0392,0.0,0.0
topological_torsion_bit_0393,0.0,0.0
topological_torsion_bit_0396,0.0,0.0
topological_torsion_bit_0381,-0.0,0.0
topological_torsion_bit_0689,0.0,0.0
topological_torsion_bit_0690,0.0,0.0
topological_torsion_bit_0691,-0.0,0.0
topological_torsion_bit_0692,-0.0,0.0
topological_torsion_bit_0693,-0.0,0.0
topological_torsion_bit_0694,0.0,0.0
topological_torsion_bit_0695,-0.0,0.0
topological_torsion_bit_0536,-0.0,0.0
topological_torsion_bit_0697,0.0,0.0
topological_torsion_bit_0700,-0.0,0.0
topological_torsion_bit_0701,-0.0,0.0
topological_torsion_bit_0704,0.0,0.0
topological_torsion_bit_0705,0.0,0.0
topological_torsion_bit_0706,0.0,0.0
topological_torsion_bit_0708,0.0,0.0
topological_torsion_bit_0709,0.0,0.0
topological_torsion_bit_0696,-0.0,0.0
topological_torsion_bit_0661,0.0,0.0
topological_torsion_bit_0662,0.0,0.0
topological_torsion_bit_0664,0.0,0.0
topological_torsion_bit_0665,0.0,0.0
topological_torsion_bit_0668,-0.0,0.0
topological_torsion_bit_0669,0.0,0.0
topological_torsion_bit_0670,-0.0,0.0
topological_torsion_bit_0688,0.0,0.0
topological_torsion_bit_0673,0.0,0.0
topological_torsion_bit_0676,0.0,0.0
topological_torsion_bit_0677,0.0,0.0
topological_torsion_bit_0678,0.0,0.0
topological_torsion_bit_0680,-0.0,0.0
topological_torsion_bit_0684,0.0,0.0
topological_torsion_bit_0685,-0.0,0.0
topological_torsion_bit_0686,-0.0,0.0
topological_torsion_bit_0672,-0.0,0.0
topological_torsion_bit_0748,-0.0,0.0
topological_torsion_bit_0749,-0.0,0.0
topological_torsion_bit_0752,0.0,0.0
topological_torsion_bit_0753,0.0,0.0
topological_torsion_bit_0756,-0.0,0.0
topological_torsion_bit_0757,-0.0,0.0
topological_torsion_bit_0760,0.0,0.0
topological_torsion_bit_0712,-0.0,0.0
topological_torsion_bit_0762,0.0,0.0
topological_torsion_bit_0764,0.0,0.0
topological_torsion_bit_0765,0.0,0.0
topological_torsion_bit_0766,-0.0,0.0
topological_torsion_bit_0768,0.0,0.0
topological_torsion_bit_0769,0.0,0.0
topological_torsion_bit_0772,-0.0,0.0
topological_torsion_bit_0774,0.0,0.0
topological_torsion_bit_0761,-0.0,0.0
topological_torsion_bit_0713,0.0,0.0
topological_torsion_bit_0716,0.0,0.0
topological_torsion_bit_0717,0.0,0.0
topological_torsion_bit_0720,0.0,0.0
topological_torsion_bit_0721,0.0,0.0
topological_torsion_bit_0722,0.0,0.0
topological_torsion_bit_0724,0.0,0.0
topological_torsion_bit_0725,0.0,0.0
topological_torsion_bit_0745,0.0,0.0
topological_torsion_bit_0729,0.0,0.0
topological_torsion_bit_0730,0.0,0.0
topological_torsion_bit_0732,-0.0,0.0
topological_torsion_bit_0733,-0.0,0.0
topological_torsion_bit_0736,0.0,0.0
topological_torsion_bit_0737,-0.0,0.0
topological_torsion_bit_0740,0.0,0.0
topological_torsion_bit_0741,0.0,0.0
topological_torsion_bit_0728,0.0,0.0
topological_torsion_bit_0564,-0.0,0.0
topological_torsion_bit_0568,0.0,0.0
topological_torsion_bit_0569,-0.0,0.0
topological_torsion_bit_0572,-0.0,0.0
topological_torsion_bit_0573,-0.0,0.0
topological_torsion_bit_0574,0.0,0.0
topological_torsion_bit_0577,-0.0,0.0
topological_torsion_bit_0660,0.0,0.0
topological_torsion_bit_0580,-0.0,0.0
topological_torsion_bit_0581,0.0,0.0
topological_torsion_bit_0584,0.0,0.0
topological_torsion_bit_0585,0.0,0.0
topological_torsion_bit_0588,0.0,0.0
topological_torsion_bit_0589,-0.0,0.0
topological_torsion_bit_0593,-0.0,0.0
topological_torsion_bit_0596,0.0,0.0
topological_torsion_bit_0578,-0.0,0.0
topological_torsion_bit_0537,-0.0,0.0
topological_torsion_bit_0538,-0.0,0.0
topological_torsion_bit_0539,0.0,0.0
topological_torsion_bit_0540,-0.0,0.0
topological_torsion_bit_0541,-0.0,0.0
topological_torsion_bit_0545,0.0,0.0
topological_torsion_bit_0546,-0.0,0.0
topological_torsion_bit_0561,0.0,0.0
topological_torsion_bit_0549,-0.0,0.0
topological_torsion_bit_0552,-0.0,0.0
topological_torsion_bit_0553,-0.0,0.0
topological_torsion_bit_0554,0.0,0.0
topological_torsion_bit_0556,-0.0,0.0
topological_torsion_bit_0557,-0.0,0.0
topological_torsion_bit_0558,0.0,0.0
topological_torsion_bit_0560,-0.0,0.0
topological_torsion_bit_0548,-0.0,0.0
topological_torsion_bit_0632,0.0,0.0
topological_torsion_bit_0633,0.0,0.0
topological_torsion_bit_0637,0.0,0.0
topological_torsion_bit_0638,-0.0,0.0
topological_torsion_bit_0640,-0.0,0.0
topological_torsion_bit_0641,-0.0,0.0
topological_torsion_bit_0642,-0.0,0.0
topological_torsion_bit_0597,-0.0,0.0
topological_torsion_bit_0648,-0.0,0.0
topological_torsion_bit_0649,-0.0,0.0
topological_torsion_bit_0650,-0.0,0.0
topological_torsion_bit_0652,0.0,0.0
topological_torsion_bit_0653,0.0,0.0
topological_torsion_bit_0654,0.0,0.0
topological_torsion_bit_0655,0.0,0.0
topological_torsion_bit_0656,0.0,0.0
topological_torsion_bit_0644,-0.0,0.0
topological_torsion_bit_0600,-0.0,0.0
topological_torsion_bit_0601,-0.0,0.0
topological_torsion_bit_0604,-0.0,0.0
topological_torsion_bit_0605,-0.0,0.0
topological_torsion_bit_0608,-0.0,0.0
topological_torsion_bit_0609,-0.0,0.0
topological_torsion_bit_0612,-0.0,0.0
topological_torsion_bit_0613,-0.0,0.0
topological_torsion_bit_0629,0.0,0.0
topological_torsion_bit_0616,-0.0,0.0
topological_torsion_bit_0617,-0.0,0.0
topological_torsion_bit_0620,0.0,0.0
topological_torsion_bit_0621,0.0,0.0
topological_torsion_bit_0624,0.0,0.0
topological_torsion_bit_0625,0.0,0.0
topological_torsion_bit_0626,-0.0,0.0
topological_torsion_bit_0628,0.0,0.0
topological_torsion_bit_0614,-0.0,0.0
atom_pair_bit_0977,0.0,0.0
atom_pair_bit_0978,-0.0,0.0
atom_pair_bit_0979,0.0,0.0
atom_pair_bit_0980,0.0,0.0
atom_pair_bit_0981,0.0,0.0
atom_pair_bit_0982,0.0,0.0
atom_pair_bit_0983,-0.0,0.0
topological_torsion_bit_0309,-0.0,0.0
atom_pair_bit_0985,0.0,0.0
atom_pair_bit_0986,-0.0,0.0
atom_pair_bit_0987,0.0,0.0
atom_pair_bit_0988,-0.0,0.0
atom_pair_bit_0989,-0.0,0.0
atom_pair_bit_0990,-0.0,0.0
atom_pair_bit_0991,0.0,0.0
atom_pair_bit_0992,-0.0,0.0
atom_pair_bit_0984,0.0,0.0
atom_pair_bit_0960,-0.0,0.0
atom_pair_bit_0961,-0.0,0.0
atom_pair_bit_0962,-0.0,0.0
atom_pair_bit_0963,0.0,0.0
atom_pair_bit_0964,-0.0,0.0
atom_pair_bit_0965,-0.0,0.0
atom_pair_bit_0966,-0.0,0.0
atom_pair_bit_0976,-0.0,0.0
atom_pair_bit_0968,0.0,0.0
atom_pair_bit_0969,0.0,0.0
atom_pair_bit_0970,0.0,0.0
atom_pair_bit_0971,0.0,0.0
atom_pair_bit_0972,-0.0,0.0
atom_pair_bit_0973,-0.0,0.0
atom_pair_bit_0974,0.0,0.0
atom_pair_bit_0975,0.0,0.0
atom_pair_bit_0967,0.0,0.0
atom_pair_bit_1012,-0.0,0.0
atom_pair_bit_1013,0.0,0.0
atom_pair_bit_1014,-0.0,0.0
atom_pair_bit_1015,-0.0,0.0
atom_pair_bit_1016,-0.0,0.0
atom_pair_bit_1019,0.0,0.0
atom_pair_bit_1020,-0.0,0.0
atom_pair_bit_0993,-0.0,0.0
atom_pair_bit_1022,-0.0,0.0
atom_pair_bit_1023,0.0,0.0
topological_torsion_bit_0000,0.0,0.0
topological_torsion_bit_0001,0.0,0.0
topological_torsion_bit_0004,0.0,0.0
topological_torsion_bit_0005,0.0,0.0
topological_torsion_bit_0012,-0.0,0.0
topological_torsion_bit_0013,0.0,0.0
atom_pair_bit_1021,-0.0,0.0
atom_pair_bit_0994,-0.0,0.0
atom_pair_bit_0995,0.0,0.0
atom_pair_bit_0996,-0.0,0.0
atom_pair_bit_0997,-0.0,0.0
atom_pair_bit_0998,-0.0,0.0
atom_pair_bit_0999,-0.0,0.0
atom_pair_bit_1000,-0.0,0.0
atom_pair_bit_1001,-0.0,0.0
atom_pair_bit_1011,0.0,0.0
atom_pair_bit_1003,0.0,0.0
atom_pair_bit_1004,-0.0,0.0
atom_pair_bit_1005,-0.0,0.0
atom_pair_bit_1006,0.0,0.0
atom_pair_bit_1007,-0.0,0.0
atom_pair_bit_1008,0.0,0.0
atom_pair_bit_1009,0.0,0.0
atom_pair_bit_1010,0.0,0.0
atom_pair_bit_1002,-0.0,0.0
atom_pair_bit_0902,0.0,0.0
atom_pair_bit_0903,-0.0,0.0
atom_pair_bit_0904,-0.0,0.0
atom_pair_bit_0905,0.0,0.0
atom_pair_bit_0906,-0.0,0.0
atom_pair_bit_0907,-0.0,0.0
atom_pair_bit_0908,-0.0,0.0
atom_pair_bit_0959,-0.0,0.0
atom_pair_bit_0910,-0.0,0.0
atom_pair_bit_0911,-0.0,0.0
atom_pair_bit_0912,-0.0,0.0
atom_pair_bit_0913,-0.0,0.0
atom_pair_bit_0914,-0.0,0.0
atom_pair_bit_0916,-0.0,0.0
atom_pair_bit_0917,-0.0,0.0
atom_pair_bit_0920,0.0,0.0
atom_pair_bit_0909,0.0,0.0
atom_pair_bit_0884,-0.0,0.0
atom_pair_bit_0885,0.0,0.0
atom_pair_bit_0886,-0.0,0.0
atom_pair_bit_0887,0.0,0.0
atom_pair_bit_0888,0.0,0.0
atom_pair_bit_0890,0.0,0.0
atom_pair_bit_0891,0.0,0.0
atom_pair_bit_0901,-0.0,0.0
atom_pair_bit_0893,0.0,0.0
atom_pair_bit_0894,0.0,0.0
atom_pair_bit_0895,-0.0,0.0
atom_pair_bit_0896,0.0,0.0
atom_pair_bit_0897,-0.0,0.0
atom_pair_bit_0898,0.0,0.0
atom_pair_bit_0899,0.0,0.0
atom_pair_bit_0900,0.0,0.0
atom_pair_bit_0892,0.0,0.0
atom_pair_bit_0941,0.0,0.0
atom_pair_bit_0942,0.0,0.0
atom_pair_bit_0944,0.0,0.0
atom_pair_bit_0945,0.0,0.0
atom_pair_bit_0946,0.0,0.0
atom_pair_bit_0947,0.0,0.0
atom_pair_bit_0948,-0.0,0.0
atom_pair_bit_0921,0.0,0.0
atom_pair_bit_0950,0.0,0.0
atom_pair_bit_0952,-0.0,0.0
atom_pair_bit_0953,-0.0,0.0
atom_pair_bit_0954,-0.0,0.0
atom_pair_bit_0955,0.0,0.0
atom_pair_bit_0956,-0.0,0.0
atom_pair_bit_0957,-0.0,0.0
atom_pair_bit_0958,-0.0,0.0
atom_pair_bit_0949,0.0,0.0
atom_pair_bit_0922,0.0,0.0
atom_pair_bit_0923,0.0,0.0
atom_pair_bit_0924,0.0,0.0
atom_pair_bit_0925,0.0,0.0
atom_pair_bit_0926,0.0,0.0
atom_pair_bit_0927,-0.0,0.0
atom_pair_bit_0928,0.0,0.0
atom_pair_bit_0929,0.0,0.0
atom_pair_bit_0940,-0.0,0.0
atom_pair_bit_0931,0.0,0.0
atom_pair_bit_0932,-0.0,0.0
atom_pair_bit_0933,-0.0,0.0
atom_pair_bit_0934,0.0,0.0
atom_pair_bit_0935,-0.0,0.0
atom_pair_bit_0936,-0.0,0.0
atom_pair_bit_0937,0.0,0.0
atom_pair_bit_0939,-0.0,0.0
atom_pair_bit_0930,0.0,0.0
topological_torsion_bit_0217,-0.0,0.0
topological_torsion_bit_0220,-0.0,0.0
topological_torsion_bit_0221,-0.0,0.0
topological_torsion_bit_0224,-0.0,0.0
topological_torsion_bit_0228,-0.0,0.0
topological_torsion_bit_0229,0.0,0.0
topological_torsion_bit_0232,-0.0,0.0
topological_torsion_bit_0014,0.0,0.0
topological_torsion_bit_0236,-0.0,0.0
topological_torsion_bit_0237,-0.0,0.0
topological_torsion_bit_0240,-0.0,0.0
topological_torsion_bit_0241,-0.0,0.0
topological_torsion_bit_0244,0.0,0.0
topological_torsion_bit_0245,0.0,0.0
topological_torsion_bit_0246,0.0,0.0
topological_torsion_bit_0248,-0.0,0.0
topological_torsion_bit_0233,0.0,0.0
topological_torsion_bit_0180,-0.0,0.0
topological_torsion_bit_0181,0.0,0.0
topological_torsion_bit_0184,0.0,0.0
topological_torsion_bit_0185,-0.0,0.0
topological_torsion_bit_0188,-0.0,0.0
topological_torsion_bit_0192,-0.0,0.0
topological_torsion_bit_0196,0.0,0.0
topological_torsion_bit_0216,-0.0,0.0
topological_torsion_bit_0200,-0.0,0.0
topological_torsion_bit_0201,-0.0,0.0
topological_torsion_bit_0202,0.0,0.0
topological_torsion_bit_0204,0.0,0.0
topological_torsion_bit_0205,0.0,0.0
topological_torsion_bit_0208,0.0,0.0
topological_torsion_bit_0209,-0.0,0.0
topological_torsion_bit_0213,0.0,0.0
topological_torsion_bit_0197,0.0,0.0
topological_torsion_bit_0285,0.0,0.0
topological_torsion_bit_0286,-0.0,0.0
topological_torsion_bit_0287,-0.0,0.0
topological_torsion_bit_0288,-0.0,0.0
topological_torsion_bit_0289,-0.0,0.0
topological_torsion_bit_0290,-0.0,0.0
topological_torsion_bit_0292,0.0,0.0
topological_torsion_bit_0249,-0.0,0.0
topological_torsion_bit_0294,0.0,0.0
topological_torsion_bit_0296,0.0,0.0
topological_torsion_bit_0297,0.0,0.0
topological_torsion_bit_0300,-0.0,0.0
topological_torsion_bit_0301,0.0,0.0
topological_torsion_bit_0304,0.0,0.0
topological_torsion_bit_0305,-0.0,0.0
topological_torsion_bit_0308,0.0,0.0
topological_torsion_bit_0293,0.0,0.0
topological_torsion_bit_0250,-0.0,0.0
topological_torsion_bit_0251,0.0,0.0
topological_torsion_bit_0252,-0.0,0.0
topological_torsion_bit_0253,-0.0,0.0
topological_torsion_bit_0256,-0.0,0.0
topological_torsion_bit_0257,-0.0,0.0
topological_torsion_bit_0260,0.0,0.0
topological_torsion_bit_0265,0.0,0.0
topological_torsion_bit_0284,0.0,0.0
topological_torsion_bit_0269,-0.0,0.0
topological_torsion_bit_0272,-0.0,0.0
topological_torsion_bit_0273,-0.0,0.0
topological_torsion_bit_0276,0.0,0.0
topological_torsion_bit_0277,0.0,0.0
topological_torsion_bit_0280,0.0,0.0
topological_torsion_bit_0281,-0.0,0.0
topological_torsion_bit_0282,0.0,0.0
topological_torsion_bit_0268,0.0,0.0
topological_torsion_bit_0056,-0.0,0.0
topological_torsion_bit_0060,0.0,0.0
topological_torsion_bit_0061,-0.0,0.0
topological_torsion_bit_0068,0.0,0.0
topological_torsion_bit_0072,0.0,0.0
topological_torsion_bit_0076,-0.0,0.0
topological_torsion_bit_0080,0.0,0.0
topological_torsion_bit_0178,-0.0,0.0
topological_torsion_bit_0085,-0.0,0.0
topological_torsion_bit_0088,0.0,0.0
topological_torsion_bit_0092,0.0,0.0
topological_torsion_bit_0093,0.0,0.0
topological_torsion_bit_0094,0.0,0.0
topological_torsion_bit_0096,-0.0,0.0
topological_torsion_bit_0097,-0.0,0.0
topological_torsion_bit_0100,-0.0,0.0
topological_torsion_bit_0084,-0.0,0.0
topological_torsion_bit_0016,0.0,0.0
topological_torsion_bit_0020,-0.0,0.0
topological_torsion_bit_0025,0.0,0.0
topological_torsion_bit_0026,0.0,0.0
topological_torsion_bit_0027,-0.0,0.0
topological_torsion_bit_0028,-0.0,0.0
topological_torsion_bit_0029,-0.0,0.0
topological_torsion_bit_0050,0.0,0.0
topological_torsion_bit_0032,-0.0,0.0
topological_torsion_bit_0033,-0.0,0.0
topological_torsion_bit_0036,-0.0,0.0
topological_torsion_bit_0037,-0.0,0.0
topological_torsion_bit_0040,0.0,0.0
topological_torsion_bit_0044,0.0,0.0
topological_torsion_bit_0048,-0.0,0.0
topological_torsion_bit_0049,-0.0,0.0
topological_torsion_bit_0030,0.0,0.0
topological_torsion_bit_0149,-0.0,0.0
topological_torsion_bit_0150,0.0,0.0
topological_torsion_bit_0151,0.0,0.0
topological_torsion_bit_0152,0.0,0.0
topological_torsion_bit_0153,-0.0,0.0
topological_torsion_bit_0156,0.0,0.0
topological_torsion_bit_0157,0.0,0.0
topological_torsion_bit_0101,0.0,0.0
topological_torsion_bit_0161,-0.0,0.0
topological_torsion_bit_0164,-0.0,0.0
topological_torsion_bit_0168,-0.0,0.0
topological_torsion_bit_0169,-0.0,0.0
topological_torsion_bit_0172,-0.0,0.0
topological_torsion_bit_0173,-0.0,0.0
topological_torsion_bit_0176,-0.0,0.0
topological_torsion_bit_0177,-0.0,0.0
topological_torsion_bit_0160,-0.0,0.0
topological_torsion_bit_0104,0.0,0.0
topological_torsion_bit_0108,0.0,0.0
topological_torsion_bit_0109,-0.0,0.0
topological_torsion_bit_0112,0.0,0.0
topological_torsion_bit_0116,-0.0,0.0
topological_torsion_bit_0121,-0.0,0.0
topological_torsion_bit_0124,-0.0,0.0
topological_torsion_bit_0128,-0.0,0.0
topological_torsion_bit_0148,-0.0,0.0
topological_torsion_bit_0132,-0.0,0.0
topological_torsion_bit_0133,-0.0,0.0
topological_torsion_bit_0136,-0.0,0.0
topological_torsion_bit_0140,0.0,0.0
topological_torsion_bit_0141,-0.0,0.0
topological_torsion_bit_0142,-0.0,0.0
topological_torsion_bit_0144,0.0,0.0
topological_torsion_bit_0145,0.0,0.0
topological_torsion_bit_0129,-0.0,0.0
rdk_path_bit_0271,0.0,0.0
rdk_path_bit_0272,0.0,0.0
rdk_path_bit_0273,0.0,0.0
rdk_path_bit_0274,0.0,0.0
rdk_path_bit_0275,0.0,0.0
rdk_path_bit_0276,-0.0,0.0
rdk_path_bit_0277,-0.0,0.0
topological_torsion_bit_0776,-0.0,0.0
rdk_path_bit_0279,-0.0,0.0
rdk_path_bit_0280,-0.0,0.0
rdk_path_bit_0281,-0.0,0.0
rdk_path_bit_0282,0.0,0.0
rdk_path_bit_0283,-0.0,0.0
rdk_path_bit_0284,-0.0,0.0
rdk_path_bit_0285,-0.0,0.0
rdk_path_bit_0286,0.0,0.0
rdk_path_bit_0278,-0.0,0.0
rdk_path_bit_0251,0.0,0.0
rdk_path_bit_0252,-0.0,0.0
rdk_path_bit_0253,0.0,0.0
rdk_path_bit_0254,-0.0,0.0
rdk_path_bit_0255,0.0,0.0
rdk_path_bit_0256,-0.0,0.0
rdk_path_bit_0258,-0.0,0.0
rdk_path_bit_0270,-0.0,0.0
rdk_path_bit_0261,0.0,0.0
rdk_path_bit_0262,-0.0,0.0
rdk_path_bit_0263,-0.0,0.0
rdk_path_bit_0264,0.0,0.0
rdk_path_bit_0265,-0.0,0.0
rdk_path_bit_0266,0.0,0.0
rdk_path_bit_0268,-0.0,0.0
rdk_path_bit_0269,-0.0,0.0
rdk_path_bit_0259,-0.0,0.0
rdk_path_bit_0306,-0.0,0.0
rdk_path_bit_0307,0.0,0.0
rdk_path_bit_0308,-0.0,0.0
rdk_path_bit_0309,-0.0,0.0
rdk_path_bit_0310,-0.0,0.0
rdk_path_bit_0311,-0.0,0.0
rdk_path_bit_0312,0.0,0.0
rdk_path_bit_0287,0.0,0.0
rdk_path_bit_0314,-0.0,0.0
rdk_path_bit_0315,0.0,0.0
rdk_path_bit_0317,0.0,0.0
rdk_path_bit_0318,-0.0,0.0
rdk_path_bit_0319,0.0,0.0
rdk_path_bit_0320,-0.0,0.0
rdk_path_bit_0321,0.0,0.0
rdk_path_bit_0322,-0.0,0.0
rdk_path_bit_0313,-0.0,0.0
rdk_path_bit_0288,-0.0,0.0
rdk_path_bit_0289,-0.0,0.0
rdk_path_bit_0290,0.0,0.0
rdk_path_bit_0291,0.0,0.0
rdk_path_bit_0292,0.0,0.0
rdk_path_bit_0293,0.0,0.0
rdk_path_bit_0294,-0.0,0.0
rdk_path_bit_0295,-0.0,0.0
rdk_path_bit_0305,0.0,0.0
rdk_path_bit_0297,0.0,0.0
rdk_path_bit_0298,0.0,0.0
rdk_path_bit_0299,0.0,0.0
rdk_path_bit_0300,-0.0,0.0
rdk_path_bit_0301,0.0,0.0
rdk_path_bit_0302,-0.0,0.0
rdk_path_bit_0303,0.0,0.0
rdk_path_bit_0304,0.0,0.0
rdk_path_bit_0296,0.0,0.0
rdk_path_bit_0197,-0.0,0.0
rdk_path_bit_0198,0.0,0.0
rdk_path_bit_0199,-0.0,0.0
rdk_path_bit_0200,0.0,0.0
rdk_path_bit_0202,0.0,0.0
rdk_path_bit_0203,-0.0,0.0
rdk_path_bit_0204,-0.0,0.0
rdk_path_bit_0250,-0.0,0.0
rdk_path_bit_0206,0.0,0.0
rdk_path_bit_0207,0.0,0.0
rdk_path_bit_0208,-0.0,0.0
rdk_path_bit_0209,0.0,0.0
rdk_path_bit_0210,-0.0,0.0
rdk_path_bit_0211,-0.0,0.0
rdk_path_bit_0212,-0.0,0.0
rdk_path_bit_0213,-0.0,0.0
rdk_path_bit_0205,0.0,0.0
rdk_path_bit_0179,0.0,0.0
rdk_path_bit_0180,0.0,0.0
rdk_path_bit_0181,0.0,0.0
rdk_path_bit_0182,-0.0,0.0
rdk_path_bit_0183,-0.0,0.0
rdk_path_bit_0185,0.0,0.0
rdk_path_bit_0186,0.0,0.0
rdk_path_bit_0196,0.0,0.0
rdk_path_bit_0188,0.0,0.0
rdk_path_bit_0189,-0.0,0.0
rdk_path_bit_0190,0.0,0.0
rdk_path_bit_0191,-0.0,0.0
rdk_path_bit_0192,0.0,0.0
rdk_path_bit_0193,0.0,0.0
rdk_path_bit_0194,-0.0,0.0
rdk_path_bit_0195,-0.0,0.0
rdk_path_bit_0187,0.0,0.0
rdk_path_bit_0234,0.0,0.0
rdk_path_bit_0235,-0.0,0.0
rdk_path_bit_0236,-0.0,0.0
rdk_path_bit_0237,-0.0,0.0
rdk_path_bit_0238,-0.0,0.0
rdk_path_bit_0239,0.0,0.0
rdk_path_bit_0240,-0.0,0.0
rdk_path_bit_0214,-0.0,0.0
rdk_path_bit_0242,-0.0,0.0
rdk_path_bit_0243,0.0,0.0
rdk_path_bit_0244,-0.0,0.0
rdk_path_bit_0245,-0.0,0.0
rdk_path_bit_0246,-0.0,0.0
rdk_path_bit_0247,-0.0,0.0
rdk_path_bit_0248,0.0,0.0
rdk_path_bit_0249,0.0,0.0
rdk_path_bit_0241,0.0,0.0
rdk_path_bit_0215,0.0,0.0
rdk_path_bit_0216,-0.0,0.0
rdk_path_bit_0217,-0.0,0.0
rdk_path_bit_0218,0.0,0.0
rdk_path_bit_0219,-0.0,0.0
rdk_path_bit_0220,0.0,0.0
rdk_path_bit_0221,-0.0,0.0
rdk_path_bit_0222,-0.0,0.0
rdk_path_bit_0233,0.0,0.0
rdk_path_bit_0225,0.0,0.0
rdk_path_bit_0226,-0.0,0.0
rdk_path_bit_0227,-0.0,0.0
rdk_path_bit_0228,-0.0,0.0
rdk_path_bit_0229,0.0,0.0
rdk_path_bit_0230,-0.0,0.0
rdk_path_bit_0231,-0.0,0.0
rdk_path_bit_0232,0.0,0.0
rdk_path_bit_0224,0.0,0.0
rdk_path_bit_0414,0.0,0.0
rdk_path_bit_0415,0.0,0.0
rdk_path_bit_0416,0.0,0.0
rdk_path_bit_0417,-0.0,0.0
rdk_path_bit_0418,-0.0,0.0
rdk_path_bit_0419,0.0,0.0
rdk_path_bit_0420,0.0,0.0
rdk_path_bit_0323,-0.0,0.0
rdk_path_bit_0423,0.0,0.0
rdk_path_bit_0424,0.0,0.0
rdk_path_bit_0425,-0.0,0.0
rdk_path_bit_0426,0.0,0.0
rdk_path_bit_0427,-0.0,0.0
rdk_path_bit_0428,0.0,0.0
rdk_path_bit_0430,0.0,0.0
rdk_path_bit_0431,0.0,0.0
rdk_path_bit_0422,-0.0,0.0
rdk_path_bit_0397,-0.0,0.0
rdk_path_bit_0398,0.0,0.0
rdk_path_bit_0399,-0.0,0.0
rdk_path_bit_0400,-0.0,0.0
rdk_path_bit_0401,0.0,0.0
rdk_path_bit_0402,-0.0,0.0
rdk_path_bit_0403,0.0,0.0
rdk_path_bit_0413,0.0,0.0
rdk_path_bit_0405,-0.0,0.0
rdk_path_bit_0406,-0.0,0.0
rdk_path_bit_0407,-0.0,0.0
rdk_path_bit_0408,-0.0,0.0
rdk_path_bit_0409,-0.0,0.0
rdk_path_bit_0410,-0.0,0.0
rdk_path_bit_0411,0.0,0.0
rdk_path_bit_0412,-0.0,0.0
rdk_path_bit_0404,0.0,0.0
rdk_path_bit_0452,0.0,0.0
rdk_path_bit_0453,-0.0,0.0
rdk_path_bit_0454,-0.0,0.0
rdk_path_bit_0455,-0.0,0.0
rdk_path_bit_0456,0.0,0.0
rdk_path_bit_0457,0.0,0.0
rdk_path_bit_0458,0.0,0.0
rdk_path_bit_0432,-0.0,0.0
rdk_path_bit_0460,-0.0,0.0
rdk_path_bit_0461,-0.0,0.0
rdk_path_bit_0462,0.0,0.0
rdk_path_bit_0463,-0.0,0.0
rdk_path_bit_0464,-0.0,0.0
rdk_path_bit_0465,0.0,0.0
rdk_path_bit_0466,0.0,0.0
rdk_path_bit_0467,0.0,0.0
rdk_path_bit_0459,0.0,0.0
rdk_path_bit_0433,-0.0,0.0
rdk_path_bit_0434,0.0,0.0
rdk_path_bit_0435,0.0,0.0
rdk_path_bit_0436,-0.0,0.0
rdk_path_bit_0437,0.0,0.0
rdk_path_bit_0438,-0.0,0.0
rdk_path_bit_0439,0.0,0.0
rdk_path_bit_0440,0.0,0.0
rdk_path_bit_0451,0.0,0.0
rdk_path_bit_0442,0.0,0.0
rdk_path_bit_0444,0.0,0.0
rdk_path_bit_0445,-0.0,0.0
rdk_path_bit_0446,-0.0,0.0
rdk_path_bit_0447,-0.0,0.0
rdk_path_bit_0448,-0.0,0.0
rdk_path_bit_0449,0.0,0.0
rdk_path_bit_0450,0.0,0.0
rdk_path_bit_0441,-0.0,0.0
rdk_path_bit_0343,-0.0,0.0
rdk_path_bit_0344,-0.0,0.0
rdk_path_bit_0345,-0.0,0.0
rdk_path_bit_0346,-0.0,0.0
rdk_path_bit_0347,-0.0,0.0
rdk_path_bit_0348,-0.0,0.0
rdk_path_bit_0349,-0.0,0.0
rdk_path_bit_0396,0.0,0.0
rdk_path_bit_0351,-0.0,0.0
rdk_path_bit_0352,0.0,0.0
rdk_path_bit_0354,0.0,0.0
rdk_path_bit_0355,0.0,0.0
rdk_path_bit_0356,-0.0,0.0
rdk_path_bit_0357,-0.0,0.0
rdk_path_bit_0358,-0.0,0.0
rdk_path_bit_0359,0.0,0.0
rdk_path_bit_0350,0.0,0.0
rdk_path_bit_0324,-0.0,0.0
rdk_path_bit_0325,-0.0,0.0
rdk_path_bit_0326,0.0,0.0
rdk_path_bit_0328,-0.0,0.0
rdk_path_bit_0329,-0.0,0.0
rdk_path_bit_0330,-0.0,0.0
rdk_path_bit_0331,-0.0,0.0
rdk_path_bit_0342,-0.0,0.0
rdk_path_bit_0333,-0.0,0.0
rdk_path_bit_0334,0.0,0.0
rdk_path_bit_0335,-0.0,0.0
rdk_path_bit_0336,0.0,0.0
rdk_path_bit_0337,-0.0,0.0
rdk_path_bit_0338,0.0,0.0
rdk_path_bit_0340,-0.0,0.0
rdk_path_bit_0341,0.0,0.0
rdk_path_bit_0332,-0.0,0.0
rdk_path_bit_0379,0.0,0.0
rdk_path_bit_0380,0.0,0.0
rdk_path_bit_0381,-0.0,0.0
rdk_path_bit_0382,0.0,0.0
rdk_path_bit_0383,-0.0,0.0
rdk_path_bit_0385,-0.0,0.0
rdk_path_bit_0386,-0.0,0.0
rdk_path_bit_0360,-0.0,0.0
rdk_path_bit_0388,-0.0,0.0
rdk_path_bit_0389,-0.0,0.0
rdk_path_bit_0390,0.0,0.0
rdk_path_bit_0391,0.0,0.0
rdk_path_bit_0392,-0.0,0.0
rdk_path_bit_0393,0.0,0.0
rdk_path_bit_0394,0.0,0.0
rdk_path_bit_0395,0.0,0.0
rdk_path_bit_0387,0.0,0.0
rdk_path_bit_0361,-0.0,0.0
rdk_path_bit_0362,0.0,0.0
rdk_path_bit_0363,-0.0,0.0
rdk_path_bit_0364,0.0,0.0
rdk_path_bit_0365,-0.0,0.0
rdk_path_bit_0366,-0.0,0.0
rdk_path_bit_0367,0.0,0.0
rdk_path_bit_0368,-0.0,0.0
rdk_path_bit_0378,0.0,0.0
rdk_path_bit_0370,0.0,0.0
rdk_path_bit_0371,0.0,0.0
rdk_path_bit_0372,-0.0,0.0
rdk_path_bit_0373,0.0,0.0
rdk_path_bit_0374,-0.0,0.0
rdk_path_bit_0375,-0.0,0.0
rdk_path_bit_0376,-0.0,0.0
rdk_path_bit_0377,0.0,0.0
rdk_path_bit_0369,-0.0,0.0
topological_torsion_bit_0977,-0.0,0.0
topological_torsion_bit_0980,-0.0,0.0
topological_torsion_bit_0984,0.0,0.0
topological_torsion_bit_0985,0.0,0.0
topological_torsion_bit_0986,0.0,0.0
topological_torsion_bit_0988,0.0,0.0
topological_torsion_bit_0989,0.0,0.0
rdk_path_bit_0178,-0.0,0.0
topological_torsion_bit_0993,0.0,0.0
topological_torsion_bit_0996,0.0,0.0
topological_torsion_bit_0997,0.0,0.0
topological_torsion_bit_0998,0.0,0.0
topological_torsion_bit_1000,-0.0,0.0
topological_torsion_bit_1004,-0.0,0.0
topological_torsion_bit_1005,-0.0,0.0
topological_torsion_bit_1009,0.0,0.0
topological_torsion_bit_0992,-0.0,0.0
topological_torsion_bit_0936,-0.0,0.0
topological_torsion_bit_0940,-0.0,0.0
topological_torsion_bit_0941,-0.0,0.0
topological_torsion_bit_0942,0.0,0.0
topological_torsion_bit_0944,-0.0,0.0
topological_torsion_bit_0945,0.0,0.0
topological_torsion_bit_0948,-0.0,0.0
topological_torsion_bit_0976,-0.0,0.0
topological_torsion_bit_0953,0.0,0.0
topological_torsion_bit_0956,0.0,0.0
topological_torsion_bit_0960,-0.0,0.0
topological_torsion_bit_0964,0.0,0.0
topological_torsion_bit_0965,0.0,0.0
topological_torsion_bit_0966,0.0,0.0
topological_torsion_bit_0972,0.0,0.0
topological_torsion_bit_0973,-0.0,0.0
topological_torsion_bit_0952,0.0,0.0
rdk_path_bit_0012,0.0,0.0
rdk_path_bit_0013,-0.0,0.0
rdk_path_bit_0014,-0.0,0.0
rdk_path_bit_0015,0.0,0.0
rdk_path_bit_0016,-0.0,0.0
rdk_path_bit_0017,0.0,0.0
rdk_path_bit_0019,-0.0,0.0
topological_torsion_bit_1012,0.0,0.0
rdk_path_bit_0021,0.0,0.0
rdk_path_bit_0022,-0.0,0.0
rdk_path_bit_0023,-0.0,0.0
rdk_path_bit_0024,-0.0,0.0
rdk_path_bit_0027,0.0,0.0
rdk_path_bit_0028,0.0,0.0
rdk_path_bit_0029,-0.0,0.0
rdk_path_bit_0030,0.0,0.0
rdk_path_bit_0020,0.0,0.0
topological_torsion_bit_1013,0.0,0.0
topological_torsion_bit_1014,0.0,0.0
topological_torsion_bit_1016,0.0,0.0
topological_torsion_bit_1017,0.0,0.0
topological_torsion_bit_1020,0.0,0.0
topological_torsion_bit_1021,0.0,0.0
rdk_path_bit_0000,-0.0,0.0
rdk_path_bit_0001,0.0,0.0
rdk_path_bit_0011,0.0,0.0
rdk_path_bit_0003,-0.0,0.0
rdk_path_bit_0004,-0.0,0.0
rdk_path_bit_0005,0.0,0.0
rdk_path_bit_0006,0.0,0.0
rdk_path_bit_0007,0.0,0.0
rdk_path_bit_0008,-0.0,0.0
rdk_path_bit_0009,-0.0,0.0
rdk_path_bit_0010,0.0,0.0
rdk_path_bit_0002,-0.0,0.0
topological_torsion_bit_0818,-0.0,0.0
topological_torsion_bit_0820,0.0,0.0
topological_torsion_bit_0824,0.0,0.0
topological_torsion_bit_0828,0.0,0.0
topological_torsion_bit_0829,0.0,0.0
topological_torsion_bit_0830,-0.0,0.0
topological_torsion_bit_0832,0.0,0.0
topological_torsion_bit_0933,-0.0,0.0
topological_torsion_bit_0836,-0.0,0.0
topological_torsion_bit_0840,0.0,0.0
topological_torsion_bit_0841,0.0,0.0
topological_torsion_bit_0844,-0.0,0.0
topological_torsion_bit_0845,-0.0,0.0
topological_torsion_bit_0846,0.0,0.0
topological_torsion_bit_0848,-0.0,0.0
topological_torsion_bit_0849,0.0,0.0
topological_torsion_bit_0833,0.0,0.0
topological_torsion_bit_0777,-0.0,0.0
topological_torsion_bit_0780,0.0,0.0
topological_torsion_bit_0788,0.0,0.0
topological_torsion_bit_0789,-0.0,0.0
topological_torsion_bit_0790,-0.0,0.0
topological_torsion_bit_0792,0.0,0.0
topological_torsion_bit_0793,-0.0,0.0
topological_torsion_bit_0817,0.0,0.0
topological_torsion_bit_0801,-0.0,0.0
topological_torsion_bit_0804,0.0,0.0
topological_torsion_bit_0805,-0.0,0.0
topological_torsion_bit_0808,0.0,0.0
topological_torsion_bit_0809,-0.0,0.0
topological_torsion_bit_0812,0.0,0.0
topological_torsion_bit_0813,0.0,0.0
topological_torsion_bit_0816,0.0,0.0
topological_torsion_bit_0800,-0.0,0.0
topological_torsion_bit_0901,-0.0,0.0
topological_torsion_bit_0904,-0.0,0.0
topological_torsion_bit_0905,0.0,0.0
topological_torsion_bit_0908,0.0,0.0
topological_torsion_bit_0912,0.0,0.0
topological_torsion_bit_0913,-0.0,0.0
topological_torsion_bit_0916,-0.0,0.0
topological_torsion_bit_0850,0.0,0.0
topological_torsion_bit_0921,-0.0,0.0
topological_torsion_bit_0922,-0.0,0.0
topological_torsion_bit_0924,0.0,0.0
topological_torsion_bit_0925,-0.0,0.0
topological_torsion_bit_0928,0.0,0.0
topological_torsion_bit_0929,0.0,0.0
topological_torsion_bit_0930,-0.0,0.0
topological_torsion_bit_0932,-0.0,0.0
topological_torsion_bit_0920,-0.0,0.0
topological_torsion_bit_0852,-0.0,0.0
topological_torsion_bit_0853,-0.0,0.0
topological_torsion_bit_0854,-0.0,0.0
topological_torsion_bit_0860,0.0,0.0
topological_torsion_bit_0861,-0.0,0.0
topological_torsion_bit_0864,0.0,0.0
topological_torsion_bit_0868,0.0,0.0
topological_torsion_bit_0869,-0.0,0.0
topological_torsion_bit_0900,0.0,0.0
topological_torsion_bit_0877,0.0,0.0
topological_torsion_bit_0881,0.0,0.0
topological_torsion_bit_0888,0.0,0.0
topological_torsion_bit_0892,-0.0,0.0
topological_torsion_bit_0893,0.0,0.0
topological_torsion_bit_0894,-0.0,0.0
topological_torsion_bit_0896,0.0,0.0
topological_torsion_bit_0897,0.0,0.0
topological_torsion_bit_0872,0.0,0.0
rdk_path_bit_0122,0.0,0.0
rdk_path_bit_0123,0.0,0.0
rdk_path_bit_0124,-0.0,0.0
rdk_path_bit_0125,-0.0,0.0
rdk_path_bit_0126,0.0,0.0
rdk_path_bit_0128,0.0,0.0
rdk_path_bit_0129,0.0,0.0
rdk_path_bit_0031,0.0,0.0
rdk_path_bit_0131,0.0,0.0
rdk_path_bit_0132,0.0,0.0
rdk_path_bit_0133,-0.0,0.0
rdk_path_bit_0134,0.0,0.0
rdk_path_bit_0135,0.0,0.0
rdk_path_bit_0136,0.0,0.0
rdk_path_bit_0137,0.0,0.0
rdk_path_bit_0138,-0.0,0.0
rdk_path_bit_0130,0.0,0.0
rdk_path_bit_0104,-0.0,0.0
rdk_path_bit_0105,0.0,0.0
rdk_path_bit_0106,-0.0,0.0
rdk_path_bit_0107,-0.0,0.0
rdk_path_bit_0108,-0.0,0.0
rdk_path_bit_0109,-0.0,0.0
rdk_path_bit_0110,-0.0,0.0
rdk_path_bit_0121,0.0,0.0
rdk_path_bit_0112,-0.0,0.0
rdk_path_bit_0113,0.0,0.0
rdk_path_bit_0114,0.0,0.0
rdk_path_bit_0115,-0.0,0.0
rdk_path_bit_0117,0.0,0.0
rdk_path_bit_0118,0.0,0.0
rdk_path_bit_0119,-0.0,0.0
rdk_path_bit_0120,0.0,0.0
rdk_path_bit_0111,-0.0,0.0
rdk_path_bit_0160,0.0,0.0
rdk_path_bit_0161,-0.0,0.0
rdk_path_bit_0162,-0.0,0.0
rdk_path_bit_0163,-0.0,0.0
rdk_path_bit_0164,-0.0,0.0
rdk_path_bit_0165,0.0,0.0
rdk_path_bit_0166,-0.0,0.0
rdk_path_bit_0139,-0.0,0.0
rdk_path_bit_0169,0.0,0.0
rdk_path_bit_0170,-0.0,0.0
rdk_path_bit_0171,0.0,0.0
rdk_path_bit_0172,0.0,0.0
rdk_path_bit_0173,0.0,0.0
rdk_path_bit_0175,0.0,0.0
rdk_path_bit_0176,0.0,0.0
rdk_path_bit_0177,-0.0,0.0
rdk_path_bit_0167,-0.0,0.0
rdk_path_bit_0140,0.0,0.0
rdk_path_bit_0141,-0.0,0.0
rdk_path_bit_0142,-0.0,0.0
rdk_path_bit_0144,-0.0,0.0
rdk_path_bit_0145,0.0,0.0
rdk_path_bit_0147,0.0,0.0
rdk_path_bit_0148,-0.0,0.0
rdk_path_bit_0149,0.0,0.0
rdk_path_bit_0159,0.0,0.0
rdk_path_bit_0151,0.0,0.0
rdk_path_bit_0152,-0.0,0.0
rdk_path_bit_0153,-0.0,0.0
rdk_path_bit_0154,0.0,0.0
rdk_path_bit_0155,-0.0,0.0
rdk_path_bit_0156,0.0,0.0
rdk_path_bit_0157,0.0,0.0
rdk_path_bit_0158,-0.0,0.0
rdk_path_bit_0150,0.0,0.0
rdk_path_bit_0049,-0.0,0.0
rdk_path_bit_0050,0.0,0.0
rdk_path_bit_0051,0.0,0.0
rdk_path_bit_0053,-0.0,0.0
rdk_path_bit_0054,-0.0,0.0
rdk_path_bit_0055,0.0,0.0
rdk_path_bit_0056,0.0,0.0
rdk_path_bit_0103,-0.0,0.0
rdk_path_bit_0058,0.0,0.0
rdk_path_bit_0059,-0.0,0.0
rdk_path_bit_0060,0.0,0.0
rdk_path_bit_0061,-0.0,0.0
rdk_path_bit_0063,-0.0,0.0
rdk_path_bit_0064,0.0,0.0
rdk_path_bit_0065,0.0,0.0
rdk_path_bit_0066,0.0,0.0
rdk_path_bit_0057,-0.0,0.0
rdk_path_bit_0032,0.0,0.0
rdk_path_bit_0033,-0.0,0.0
rdk_path_bit_0034,-0.0,0.0
rdk_path_bit_0035,-0.0,0.0
rdk_path_bit_0036,-0.0,0.0
rdk_path_bit_0037,0.0,0.0
rdk_path_bit_0038,0.0,0.0
rdk_path_bit_0048,-0.0,0.0
rdk_path_bit_0040,0.0,0.0
rdk_path_bit_0041,-0.0,0.0
rdk_path_bit_0042,0.0,0.0
rdk_path_bit_0043,0.0,0.0
rdk_path_bit_0044,-0.0,0.0
rdk_path_bit_0045,0.0,0.0
rdk_path_bit_0046,-0.0,0.0
rdk_path_bit_0047,-0.0,0.0
rdk_path_bit_0039,-0.0,0.0
rdk_path_bit_0087,0.0,0.0
rdk_path_bit_0088,-0.0,0.0
rdk_path_bit_0089,-0.0,0.0
rdk_path_bit_0090,-0.0,0.0
rdk_path_bit_0091,0.0,0.0
rdk_path_bit_0092,0.0,0.0
rdk_path_bit_0093,-0.0,0.0
rdk_path_bit_0067,0.0,0.0
rdk_path_bit_0095,-0.0,0.0
rdk_path_bit_0096,0.0,0.0
rdk_path_bit_0097,-0.0,0.0
rdk_path_bit_0098,0.0,0.0
rdk_path_bit_0099,-0.0,0.0
rdk_path_bit_0100,0.0,0.0
rdk_path_bit_0101,0.0,0.0
rdk_path_bit_0102,-0.0,0.0
rdk_path_bit_0094,0.0,0.0
rdk_path_bit_0068,-0.0,0.0
rdk_path_bit_0069,-0.0,0.0
rdk_path_bit_0070,-0.0,0.0
rdk_path_bit_0072,-0.0,0.0
rdk_path_bit_0073,0.0,0.0
rdk_path_bit_0074,0.0,0.0
rdk_path_bit_0075,-0.0,0.0
rdk_path_bit_0076,0.0,0.0
rdk_path_bit_0086,0.0,0.0
rdk_path_bit_0078,-0.0,0.0
rdk_path_bit_0079,-0.0,0.0
rdk_path_bit_0080,-0.0,0.0
rdk_path_bit_0081,-0.0,0.0
rdk_path_bit_0082,0.0,0.0
rdk_path_bit_0083,0.0,0.0
rdk_path_bit_0084,-0.0,0.0
rdk_path_bit_0085,-0.0,0.0
rdk_path_bit_0077,-0.0,0.0
avalon_count_0570,0.0,0.0
avalon_count_0571,0.0,0.0
avalon_count_0572,-0.0,0.0
avalon_count_0573,-0.0,0.0
avalon_count_0574,0.0,0.0
avalon_count_0575,0.0,0.0
avalon_count_0576,-0.0,0.0
maplight_morgan_0121,-0.0,0.0
avalon_count_0579,-0.0,0.0
avalon_count_0580,0.0,0.0
avalon_count_0581,-0.0,0.0
avalon_count_0582,-0.0,0.0
avalon_count_0583,0.0,0.0
avalon_count_0584,0.0,0.0
avalon_count_0585,0.0,0.0
avalon_count_0586,-0.0,0.0
avalon_count_0577,-0.0,0.0
avalon_count_0551,-0.0,0.0
avalon_count_0552,0.0,0.0
avalon_count_0553,0.0,0.0
avalon_count_0554,0.0,0.0
avalon_count_0555,0.0,0.0
avalon_count_0556,0.0,0.0
avalon_count_0557,0.0,0.0
avalon_count_0569,-0.0,0.0
avalon_count_0559,0.0,0.0
avalon_count_0560,0.0,0.0
avalon_count_0561,-0.0,0.0
avalon_count_0562,-0.0,0.0
avalon_count_0563,-0.0,0.0
avalon_count_0565,0.0,0.0
avalon_count_0566,0.0,0.0
avalon_count_0567,0.0,0.0
avalon_count_0558,-0.0,0.0
avalon_count_0608,-0.0,0.0
avalon_count_0609,0.0,0.0
avalon_count_0610,-0.0,0.0
avalon_count_0611,-0.0,0.0
avalon_count_0612,0.0,0.0
avalon_count_0613,-0.0,0.0
avalon_count_0614,0.0,0.0
avalon_count_0587,-0.0,0.0
avalon_count_0616,0.0,0.0
avalon_count_0617,-0.0,0.0
avalon_count_0618,-0.0,0.0
avalon_count_0619,0.0,0.0
avalon_count_0620,0.0,0.0
avalon_count_0621,0.0,0.0
avalon_count_0622,0.0,0.0
avalon_count_0623,0.0,0.0
avalon_count_0615,0.0,0.0
avalon_count_0588,0.0,0.0
avalon_count_0589,-0.0,0.0
avalon_count_0590,0.0,0.0
avalon_count_0591,0.0,0.0
avalon_count_0592,-0.0,0.0
avalon_count_0593,-0.0,0.0
avalon_count_0594,0.0,0.0
avalon_count_0607,-0.0,0.0
avalon_count_0596,-0.0,0.0
avalon_count_0597,0.0,0.0
avalon_count_0598,0.0,0.0
avalon_count_0599,0.0,0.0
avalon_count_0600,0.0,0.0
avalon_count_0603,-0.0,0.0
avalon_count_0604,-0.0,0.0
avalon_count_0605,-0.0,0.0
avalon_count_0595,0.0,0.0
avalon_count_0498,-0.0,0.0
avalon_count_0499,-0.0,0.0
avalon_count_0500,0.0,0.0
avalon_count_0501,0.0,0.0
avalon_count_0502,0.0,0.0
avalon_count_0503,0.0,0.0
avalon_count_0504,0.0,0.0
avalon_count_0550,0.0,0.0
avalon_count_0506,0.0,0.0
avalon_count_0507,0.0,0.0
avalon_count_0508,-0.0,0.0
avalon_count_0509,-0.0,0.0
avalon_count_0510,-0.0,0.0
avalon_count_0511,0.0,0.0
avalon_count_0512,-0.0,0.0
avalon_count_0513,0.0,0.0
avalon_count_0505,-0.0,0.0
avalon_count_0479,-0.0,0.0
avalon_count_0480,0.0,0.0
avalon_count_0482,0.0,0.0
avalon_count_0483,0.0,0.0
avalon_count_0484,-0.0,0.0
avalon_count_0485,0.0,0.0
avalon_count_0486,0.0,0.0
avalon_count_0497,0.0,0.0
avalon_count_0489,-0.0,0.0
avalon_count_0490,0.0,0.0
avalon_count_0491,0.0,0.0
avalon_count_0492,-0.0,0.0
avalon_count_0493,0.0,0.0
avalon_count_0494,-0.0,0.0
avalon_count_0495,0.0,0.0
avalon_count_0496,0.0,0.0
avalon_count_0488,0.0,0.0
avalon_count_0533,0.0,0.0
avalon_count_0534,0.0,0.0
avalon_count_0535,-0.0,0.0
avalon_count_0536,0.0,0.0
avalon_count_0537,-0.0,0.0
avalon_count_0539,-0.0,0.0
avalon_count_0540,0.0,0.0
avalon_count_0515,-0.0,0.0
avalon_count_0542,0.0,0.0
avalon_count_0543,0.0,0.0
avalon_count_0544,0.0,0.0
avalon_count_0545,0.0,0.0
avalon_count_0546,-0.0,0.0
avalon_count_0547,-0.0,0.0
avalon_count_0548,-0.0,0.0
avalon_count_0549,0.0,0.0
avalon_count_0541,0.0,0.0
avalon_count_0516,-0.0,0.0
avalon_count_0517,0.0,0.0
avalon_count_0518,0.0,0.0
avalon_count_0519,0.0,0.0
avalon_count_0520,-0.0,0.0
avalon_count_0521,0.0,0.0
avalon_count_0522,0.0,0.0
avalon_count_0532,0.0,0.0
avalon_count_0524,-0.0,0.0
avalon_count_0525,-0.0,0.0
avalon_count_0526,-0.0,0.0
avalon_count_0527,-0.0,0.0
avalon_count_0528,-0.0,0.0
avalon_count_0529,0.0,0.0
avalon_count_0530,0.0,0.0
avalon_count_0531,0.0,0.0
avalon_count_0523,-0.0,0.0
avalon_count_0714,-0.0,0.0
avalon_count_0715,-0.0,0.0
avalon_count_0716,-0.0,0.0
avalon_count_0717,0.0,0.0
avalon_count_0718,-0.0,0.0
avalon_count_0720,0.0,0.0
avalon_count_0721,-0.0,0.0
avalon_count_0624,0.0,0.0
avalon_count_0723,-0.0,0.0
avalon_count_0724,-0.0,0.0
avalon_count_0725,0.0,0.0
avalon_count_0726,-0.0,0.0
avalon_count_0727,0.0,0.0
avalon_count_0728,0.0,0.0
avalon_count_0729,0.0,0.0
avalon_count_0730,-0.0,0.0
avalon_count_0722,-0.0,0.0
avalon_count_0697,0.0,0.0
avalon_count_0698,0.0,0.0
avalon_count_0699,0.0,0.0
avalon_count_0700,0.0,0.0
avalon_count_0701,-0.0,0.0
avalon_count_0702,0.0,0.0
avalon_count_0703,-0.0,0.0
avalon_count_0713,-0.0,0.0
avalon_count_0705,0.0,0.0
avalon_count_0706,-0.0,0.0
avalon_count_0707,0.0,0.0
avalon_count_0708,0.0,0.0
avalon_count_0709,-0.0,0.0
avalon_count_0710,0.0,0.0
avalon_count_0711,-0.0,0.0
avalon_count_0712,0.0,0.0
avalon_count_0704,-0.0,0.0
avalon_count_0751,0.0,0.0
avalon_count_0752,-0.0,0.0
avalon_count_0753,-0.0,0.0
avalon_count_0754,-0.0,0.0
avalon_count_0755,-0.0,0.0
avalon_count_0756,0.0,0.0
avalon_count_0757,-0.0,0.0
avalon_count_0731,0.0,0.0
avalon_count_0759,0.0,0.0
avalon_count_0760,-0.0,0.0
avalon_count_0761,0.0,0.0
avalon_count_0762,0.0,0.0
avalon_count_0763,-0.0,0.0
avalon_count_0764,0.0,0.0
avalon_count_0765,0.0,0.0
avalon_count_0766,0.0,0.0
avalon_count_0758,0.0,0.0
avalon_count_0732,-0.0,0.0
avalon_count_0733,-0.0,0.0
avalon_count_0734,-0.0,0.0
avalon_count_0735,-0.0,0.0
avalon_count_0737,0.0,0.0
avalon_count_0738,0.0,0.0
avalon_count_0739,0.0,0.0
avalon_count_0750,0.0,0.0
avalon_count_0741,0.0,0.0
avalon_count_0742,-0.0,0.0
avalon_count_0743,0.0,0.0
avalon_count_0744,-0.0,0.0
avalon_count_0745,-0.0,0.0
avalon_count_0746,-0.0,0.0
avalon_count_0747,-0.0,0.0
avalon_count_0749,-0.0,0.0
avalon_count_0740,-0.0,0.0
avalon_count_0642,0.0,0.0
avalon_count_0643,-0.0,0.0
avalon_count_0644,0.0,0.0
avalon_count_0645,-0.0,0.0
avalon_count_0646,-0.0,0.0
avalon_count_0647,-0.0,0.0
avalon_count_0648,0.0,0.0
avalon_count_0696,-0.0,0.0
avalon_count_0650,0.0,0.0
avalon_count_0651,0.0,0.0
avalon_count_0652,0.0,0.0
avalon_count_0653,-0.0,0.0
avalon_count_0654,-0.0,0.0
avalon_count_0655,0.0,0.0
avalon_count_0656,0.0,0.0
avalon_count_0657,0.0,0.0
avalon_count_0649,-0.0,0.0
avalon_count_0625,0.0,0.0
avalon_count_0626,-0.0,0.0
avalon_count_0627,-0.0,0.0
avalon_count_0628,0.0,0.0
avalon_count_0629,0.0,0.0
avalon_count_0630,-0.0,0.0
avalon_count_0631,0.0,0.0
avalon_count_0641,0.0,0.0
avalon_count_0633,0.0,0.0
avalon_count_0634,-0.0,0.0
avalon_count_0635,-0.0,0.0
avalon_count_0636,0.0,0.0
avalon_count_0637,-0.0,0.0
avalon_count_0638,0.0,0.0
avalon_count_0639,0.0,0.0
avalon_count_0640,0.0,0.0
avalon_count_0632,-0.0,0.0
avalon_count_0677,-0.0,0.0
avalon_count_0678,0.0,0.0
avalon_count_0680,-0.0,0.0
avalon_count_0681,0.0,0.0
avalon_count_0683,0.0,0.0
avalon_count_0684,-0.0,0.0
avalon_count_0686,-0.0,0.0
avalon_count_0658,0.0,0.0
avalon_count_0688,0.0,0.0
avalon_count_0689,-0.0,0.0
avalon_count_0690,-0.0,0.0
avalon_count_0691,-0.0,0.0
avalon_count_0692,0.0,0.0
avalon_count_0693,-0.0,0.0
avalon_count_0694,-0.0,0.0
avalon_count_0695,0.0,0.0
avalon_count_0687,-0.0,0.0
avalon_count_0659,0.0,0.0
avalon_count_0660,0.0,0.0
avalon_count_0661,-0.0,0.0
avalon_count_0662,-0.0,0.0
avalon_count_0663,0.0,0.0
avalon_count_0664,0.0,0.0
avalon_count_0665,-0.0,0.0
avalon_count_0676,-0.0,0.0
avalon_count_0667,-0.0,0.0
avalon_count_0668,0.0,0.0
avalon_count_0669,0.0,0.0
avalon_count_0670,0.0,0.0
avalon_count_0671,0.0,0.0
avalon_count_0672,-0.0,0.0
avalon_count_0673,0.0,0.0
avalon_count_0674,0.0,0.0
avalon_count_0666,-0.0,0.0
avalon_count_0279,0.0,0.0
avalon_count_0280,0.0,0.0
avalon_count_0281,0.0,0.0
avalon_count_0282,0.0,0.0
avalon_count_0283,-0.0,0.0
avalon_count_0284,0.0,0.0
avalon_count_0285,0.0,0.0
avalon_count_0478,-0.0,0.0
avalon_count_0287,-0.0,0.0
avalon_count_0288,0.0,0.0
avalon_count_0289,0.0,0.0
avalon_count_0290,-0.0,0.0
avalon_count_0291,-0.0,0.0
avalon_count_0292,-0.0,0.0
avalon_count_0293,0.0,0.0
avalon_count_0294,-0.0,0.0
avalon_count_0286,-0.0,0.0
avalon_count_0262,0.0,0.0
avalon_count_0263,0.0,0.0
avalon_count_0264,-0.0,0.0
avalon_count_0265,-0.0,0.0
avalon_count_0266,0.0,0.0
avalon_count_0267,-0.0,0.0
avalon_count_0268,-0.0,0.0
avalon_count_0278,-0.0,0.0
avalon_count_0270,-0.0,0.0
avalon_count_0271,-0.0,0.0
avalon_count_0272,0.0,0.0
avalon_count_0273,-0.0,0.0
avalon_count_0274,0.0,0.0
avalon_count_0275,-0.0,0.0
avalon_count_0276,0.0,0.0
avalon_count_0277,-0.0,0.0
avalon_count_0269,0.0,0.0
avalon_count_0315,0.0,0.0
avalon_count_0316,0.0,0.0
avalon_count_0317,0.0,0.0
avalon_count_0318,-0.0,0.0
avalon_count_0319,0.0,0.0
avalon_count_0320,0.0,0.0
avalon_count_0321,-0.0,0.0
avalon_count_0295,0.0,0.0
avalon_count_0323,0.0,0.0
avalon_count_0324,0.0,0.0
avalon_count_0325,-0.0,0.0
avalon_count_0327,0.0,0.0
avalon_count_0328,0.0,0.0
avalon_count_0329,-0.0,0.0
avalon_count_0330,0.0,0.0
avalon_count_0331,0.0,0.0
avalon_count_0322,0.0,0.0
avalon_count_0296,0.0,0.0
avalon_count_0297,0.0,0.0
avalon_count_0298,0.0,0.0
avalon_count_0299,-0.0,0.0
avalon_count_0300,-0.0,0.0
avalon_count_0301,-0.0,0.0
avalon_count_0302,0.0,0.0
avalon_count_0314,-0.0,0.0
avalon_count_0304,0.0,0.0
avalon_count_0305,0.0,0.0
avalon_count_0306,-0.0,0.0
avalon_count_0307,-0.0,0.0
avalon_count_0308,0.0,0.0
avalon_count_0309,0.0,0.0
avalon_count_0310,0.0,0.0
avalon_count_0313,0.0,0.0
avalon_count_0303,0.0,0.0
avalon_count_0209,0.0,0.0
avalon_count_0210,0.0,0.0
avalon_count_0211,0.0,0.0
avalon_count_0212,0.0,0.0
avalon_count_0213,-0.0,0.0
avalon_count_0214,0.0,0.0
avalon_count_0215,-0.0,0.0
avalon_count_0261,-0.0,0.0
avalon_count_0217,-0.0,0.0
avalon_count_0218,-0.0,0.0
avalon_count_0219,0.0,0.0
avalon_count_0220,0.0,0.0
avalon_count_0221,-0.0,0.0
avalon_count_0222,0.0,0.0
avalon_count_0223,0.0,0.0
avalon_count_0224,0.0,0.0
avalon_count_0216,0.0,0.0
avalon_count_0192,0.0,0.0
avalon_count_0193,0.0,0.0
avalon_count_0194,0.0,0.0
avalon_count_0195,0.0,0.0
avalon_count_0196,0.0,0.0
avalon_count_0197,-0.0,0.0
avalon_count_0198,-0.0,0.0
avalon_count_0208,-0.0,0.0
avalon_count_0200,-0.0,0.0
avalon_count_0201,-0.0,0.0
avalon_count_0202,0.0,0.0
avalon_count_0203,0.0,0.0
avalon_count_0204,0.0,0.0
avalon_count_0205,0.0,0.0
avalon_count_0206,-0.0,0.0
avalon_count_0207,0.0,0.0
avalon_count_0199,0.0,0.0
avalon_count_0244,-0.0,0.0
avalon_count_0245,-0.0,0.0
avalon_count_0246,0.0,0.0
avalon_count_0247,0.0,0.0
avalon_count_0248,-0.0,0.0
avalon_count_0249,-0.0,0.0
avalon_count_0250,0.0,0.0
avalon_count_0225,0.0,0.0
avalon_count_0252,0.0,0.0
avalon_count_0253,-0.0,0.0
avalon_count_0254,0.0,0.0
avalon_count_0255,0.0,0.0
avalon_count_0256,0.0,0.0
avalon_count_0257,0.0,0.0
avalon_count_0258,0.0,0.0
avalon_count_0259,0.0,0.0
avalon_count_0251,-0.0,0.0
avalon_count_0226,0.0,0.0
avalon_count_0227,-0.0,0.0
avalon_count_0228,0.0,0.0
avalon_count_0229,-0.0,0.0
avalon_count_0230,-0.0,0.0
avalon_count_0231,-0.0,0.0
avalon_count_0232,0.0,0.0
avalon_count_0243,0.0,0.0
avalon_count_0234,-0.0,0.0
avalon_count_0235,0.0,0.0
avalon_count_0236,0.0,0.0
avalon_count_0237,-0.0,0.0
avalon_count_0238,0.0,0.0
avalon_count_0239,-0.0,0.0
avalon_count_0240,-0.0,0.0
avalon_count_0242,0.0,0.0
avalon_count_0233,-0.0,0.0
avalon_count_0424,-0.0,0.0
avalon_count_0425,-0.0,0.0
avalon_count_0426,-0.0,0.0
avalon_count_0427,-0.0,0.0
avalon_count_0428,-0.0,0.0
avalon_count_0429,0.0,0.0
avalon_count_0430,-0.0,0.0
avalon_count_0332,-0.0,0.0
avalon_count_0432,0.0,0.0
avalon_count_0433,-0.0,0.0
avalon_count_0435,0.0,0.0
avalon_count_0436,-0.0,0.0
avalon_count_0437,0.0,0.0
avalon_count_0438,-0.0,0.0
avalon_count_0439,0.0,0.0
avalon_count_0440,0.0,0.0
avalon_count_0431,0.0,0.0
avalon_count_0406,-0.0,0.0
avalon_count_0407,0.0,0.0
avalon_count_0408,0.0,0.0
avalon_count_0409,-0.0,0.0
avalon_count_0410,0.0,0.0
avalon_count_0411,0.0,0.0
avalon_count_0412,-0.0,0.0
avalon_count_0423,0.0,0.0
avalon_count_0415,-0.0,0.0
avalon_count_0416,-0.0,0.0
avalon_count_0417,0.0,0.0
avalon_count_0418,0.0,0.0
avalon_count_0419,0.0,0.0
avalon_count_0420,0.0,0.0
avalon_count_0421,0.0,0.0
avalon_count_0422,0.0,0.0
avalon_count_0414,0.0,0.0
avalon_count_0462,-0.0,0.0
avalon_count_0463,0.0,0.0
avalon_count_0464,-0.0,0.0
avalon_count_0465,0.0,0.0
avalon_count_0466,0.0,0.0
avalon_count_0467,-0.0,0.0
avalon_count_0468,0.0,0.0
avalon_count_0441,0.0,0.0
avalon_count_0470,-0.0,0.0
avalon_count_0471,-0.0,0.0
avalon_count_0472,0.0,0.0
avalon_count_0473,-0.0,0.0
avalon_count_0474,-0.0,0.0
avalon_count_0475,0.0,0.0
avalon_count_0476,-0.0,0.0
avalon_count_0477,-0.0,0.0
avalon_count_0469,0.0,0.0
avalon_count_0442,-0.0,0.0
avalon_count_0443,-0.0,0.0
avalon_count_0444,0.0,0.0
avalon_count_0445,-0.0,0.0
avalon_count_0447,-0.0,0.0
avalon_count_0448,0.0,0.0
avalon_count_0449,-0.0,0.0
avalon_count_0461,0.0,0.0
avalon_count_0451,0.0,0.0
avalon_count_0453,-0.0,0.0
avalon_count_0454,0.0,0.0
avalon_count_0455,0.0,0.0
avalon_count_0456,0.0,0.0
avalon_count_0457,0.0,0.0
avalon_count_0459,0.0,0.0
avalon_count_0460,0.0,0.0
avalon_count_0450,0.0,0.0
avalon_count_0350,-0.0,0.0
avalon_count_0351,0.0,0.0
avalon_count_0352,0.0,0.0
avalon_count_0353,0.0,0.0
avalon_count_0354,-0.0,0.0
avalon_count_0357,-0.0,0.0
avalon_count_0359,-0.0,0.0
avalon_count_0405,0.0,0.0
avalon_count_0361,-0.0,0.0
avalon_count_0362,0.0,0.0
avalon_count_0363,0.0,0.0
avalon_count_0364,0.0,0.0
avalon_count_0365,0.0,0.0
avalon_count_0366,0.0,0.0
avalon_count_0367,-0.0,0.0
avalon_count_0368,0.0,0.0
avalon_count_0360,0.0,0.0
avalon_count_0333,-0.0,0.0
avalon_count_0334,0.0,0.0
avalon_count_0335,0.0,0.0
avalon_count_0336,-0.0,0.0
avalon_count_0337,0.0,0.0
avalon_count_0338,0.0,0.0
avalon_count_0339,-0.0,0.0
avalon_count_0349,0.0,0.0
avalon_count_0341,0.0,0.0
avalon_count_0342,0.0,0.0
avalon_count_0343,0.0,0.0
avalon_count_0344,-0.0,0.0
avalon_count_0345,0.0,0.0
avalon_count_0346,-0.0,0.0
avalon_count_0347,0.0,0.0
avalon_count_0348,-0.0,0.0
avalon_count_0340,0.0,0.0
avalon_count_0388,0.0,0.0
avalon_count_0389,0.0,0.0
avalon_count_0390,-0.0,0.0
avalon_count_0391,0.0,0.0
avalon_count_0392,0.0,0.0
avalon_count_0393,-0.0,0.0
avalon_count_0394,-0.0,0.0
avalon_count_0369,0.0,0.0
avalon_count_0396,-0.0,0.0
avalon_count_0397,0.0,0.0
avalon_count_0398,0.0,0.0
avalon_count_0399,0.0,0.0
avalon_count_0400,-0.0,0.0
avalon_count_0401,0.0,0.0
avalon_count_0402,-0.0,0.0
avalon_count_0404,0.0,0.0
avalon_count_0395,-0.0,0.0
avalon_count_0370,0.0,0.0
avalon_count_0371,0.0,0.0
avalon_count_0372,0.0,0.0
avalon_count_0373,-0.0,0.0
avalon_count_0374,0.0,0.0
avalon_count_0375,-0.0,0.0
avalon_count_0376,0.0,0.0
avalon_count_0377,-0.0,0.0
avalon_count_0387,-0.0,0.0
avalon_count_0379,0.0,0.0
avalon_count_0380,0.0,0.0
avalon_count_0381,0.0,0.0
avalon_count_0382,0.0,0.0
avalon_count_0383,0.0,0.0
avalon_count_0384,0.0,0.0
avalon_count_0385,0.0,0.0
avalon_count_0386,0.0,0.0
avalon_count_0378,0.0,0.0
erg_121,-0.0,0.0
erg_122,-0.0,0.0
erg_123,-0.0,0.0
erg_124,-0.0,0.0
erg_125,-0.0,0.0
erg_126,0.0,0.0
erg_127,-0.0,0.0
avalon_count_0767,0.0,0.0
erg_129,-0.0,0.0
erg_130,-0.0,0.0
erg_131,-0.0,0.0
erg_132,-0.0,0.0
erg_133,-0.0,0.0
erg_134,-0.0,0.0
erg_135,0.0,0.0
erg_136,-0.0,0.0
erg_128,-0.0,0.0
erg_104,-0.0,0.0
erg_105,-0.0,0.0
erg_106,0.0,0.0
erg_107,0.0,0.0
erg_108,0.0,0.0
erg_109,0.0,0.0
erg_110,0.0,0.0
erg_120,0.0,0.0
erg_112,0.0,0.0
erg_113,0.0,0.0
erg_114,0.0,0.0
erg_115,0.0,0.0
erg_116,-0.0,0.0
erg_117,-0.0,0.0
erg_118,-0.0,0.0
erg_119,-0.0,0.0
erg_111,0.0,0.0
erg_156,0.0,0.0
erg_157,0.0,0.0
erg_158,0.0,0.0
erg_159,0.0,0.0
erg_160,0.0,0.0
erg_161,0.0,0.0
erg_162,-0.0,0.0
erg_137,-0.0,0.0
erg_164,-0.0,0.0
erg_165,0.0,0.0
erg_166,0.0,0.0
erg_167,0.0,0.0
erg_168,-0.0,0.0
erg_169,-0.0,0.0
erg_170,0.0,0.0
erg_171,0.0,0.0
erg_163,-0.0,0.0
erg_139,-0.0,0.0
erg_140,-0.0,0.0
erg_141,-0.0,0.0
erg_142,-0.0,0.0
erg_143,-0.0,0.0
erg_144,-0.0,0.0
erg_145,-0.0,0.0
erg_155,0.0,0.0
erg_147,-0.0,0.0
erg_148,0.0,0.0
erg_149,0.0,0.0
erg_150,0.0,0.0
erg_151,0.0,0.0
erg_152,0.0,0.0
erg_153,0.0,0.0
erg_154,0.0,0.0
erg_146,-0.0,0.0
erg_053,-0.0,0.0
erg_054,-0.0,0.0
erg_055,-0.0,0.0
erg_056,-0.0,0.0
erg_057,-0.0,0.0
erg_058,-0.0,0.0
erg_059,-0.0,0.0
erg_103,-0.0,0.0
erg_061,0.0,0.0
erg_062,0.0,0.0
erg_063,-0.0,0.0
erg_064,-0.0,0.0
erg_065,-0.0,0.0
erg_066,-0.0,0.0
erg_067,0.0,0.0
erg_068,-0.0,0.0
erg_060,-0.0,0.0
erg_036,-0.0,0.0
erg_037,-0.0,0.0
erg_038,0.0,0.0
erg_039,0.0,0.0
erg_040,0.0,0.0
erg_041,-0.0,0.0
erg_042,-0.0,0.0
erg_052,-0.0,0.0
erg_044,-0.0,0.0
erg_045,-0.0,0.0
erg_046,0.0,0.0
erg_047,0.0,0.0
erg_048,-0.0,0.0
erg_049,-0.0,0.0
erg_050,0.0,0.0
erg_051,0.0,0.0
erg_043,-0.0,0.0
erg_087,-0.0,0.0
erg_088,-0.0,0.0
erg_089,0.0,0.0
erg_090,-0.0,0.0
erg_091,-0.0,0.0
erg_092,-0.0,0.0
erg_093,0.0,0.0
erg_069,-0.0,0.0
erg_095,-0.0,0.0
erg_096,0.0,0.0
erg_097,0.0,0.0
erg_098,0.0,0.0
erg_099,-0.0,0.0
erg_100,-0.0,0.0
erg_101,-0.0,0.0
erg_102,-0.0,0.0
erg_094,0.0,0.0
erg_070,-0.0,0.0
erg_071,-0.0,0.0
erg_072,-0.0,0.0
erg_073,0.0,0.0
erg_074,0.0,0.0
erg_075,0.0,0.0
erg_076,0.0,0.0
erg_086,0.0,0.0
erg_078,0.0,0.0
erg_079,0.0,0.0
erg_080,0.0,0.0
erg_081,-0.0,0.0
erg_082,-0.0,0.0
erg_083,0.0,0.0
erg_084,0.0,0.0
erg_085,0.0,0.0
erg_077,0.0,0.0
erg_264,-0.0,0.0
erg_265,-0.0,0.0
erg_266,-0.0,0.0
erg_267,-0.0,0.0
erg_268,0.0,0.0
erg_269,-0.0,0.0
erg_270,-0.0,0.0
erg_173,0.0,0.0
erg_272,0.0,0.0
erg_273,0.0,0.0
erg_274,0.0,0.0
erg_275,-0.0,0.0
erg_276,-0.0,0.0
erg_277,-0.0,0.0
erg_278,-0.0,0.0
erg_279,-0.0,0.0
erg_271,0.0,0.0
erg_244,0.0,0.0
erg_245,0.0,0.0
erg_246,-0.0,0.0
erg_247,-0.0,0.0
erg_248,-0.0,0.0
erg_250,-0.0,0.0
erg_251,0.0,0.0
erg_263,-0.0,0.0
erg_255,0.0,0.0
erg_256,0.0,0.0
erg_257,0.0,0.0
erg_258,0.0,0.0
erg_259,0.0,0.0
erg_260,0.0,0.0
erg_261,-0.0,0.0
erg_262,-0.0,0.0
erg_252,-0.0,0.0
morgan_bit_0019,-0.0,0.0
erg_283,0.0,0.0
erg_284,0.0,0.0
erg_285,0.0,0.0
erg_286,0.0,0.0
erg_287,-0.0,0.0
erg_288,-0.0,0.0
erg_280,-0.0,0.0
erg_290,0.0,0.0
erg_291,0.0,0.0
erg_292,0.0,0.0
erg_293,0.0,0.0
erg_294,0.0,0.0
erg_295,0.0,0.0
erg_296,-0.0,0.0
erg_297,0.0,0.0
erg_289,-0.0,0.0
erg_281,0.0,0.0
erg_282,0.0,0.0
morgan_bit_0000,-0.0,0.0
morgan_bit_0003,-0.0,0.0
morgan_bit_0004,-0.0,0.0
morgan_bit_0005,-0.0,0.0
morgan_bit_0007,0.0,0.0
morgan_bit_0018,0.0,0.0
morgan_bit_0009,-0.0,0.0
morgan_bit_0010,-0.0,0.0
morgan_bit_0011,0.0,0.0
morgan_bit_0012,-0.0,0.0
morgan_bit_0013,-0.0,0.0
morgan_bit_0014,0.0,0.0
morgan_bit_0015,-0.0,0.0
morgan_bit_0017,-0.0,0.0
morgan_bit_0008,0.0,0.0
erg_191,-0.0,0.0
erg_192,-0.0,0.0
erg_193,-0.0,0.0
erg_194,-0.0,0.0
erg_195,0.0,0.0
erg_196,0.0,0.0
erg_197,0.0,0.0
erg_243,-0.0,0.0
erg_199,-0.0,0.0
erg_200,-0.0,0.0
erg_201,-0.0,0.0
erg_204,-0.0,0.0
erg_205,-0.0,0.0
erg_206,0.0,0.0
erg_207,-0.0,0.0
erg_208,-0.0,0.0
erg_198,-0.0,0.0
erg_174,0.0,0.0
erg_175,0.0,0.0
erg_176,0.0,0.0
erg_177,-0.0,0.0
erg_178,-0.0,0.0
erg_179,-0.0,0.0
erg_180,-0.0,0.0
erg_190,0.0,0.0
erg_182,0.0,0.0
erg_183,0.0,0.0
erg_184,-0.0,0.0
erg_185,0.0,0.0
erg_186,0.0,0.0
erg_187,0.0,0.0
erg_188,0.0,0.0
erg_189,0.0,0.0
erg_181,-0.0,0.0
erg_227,-0.0,0.0
erg_228,-0.0,0.0
erg_229,-0.0,0.0
erg_230,-0.0,0.0
erg_231,-0.0,0.0
erg_232,-0.0,0.0
erg_233,-0.0,0.0
erg_209,-0.0,0.0
erg_235,-0.0,0.0
erg_236,-0.0,0.0
erg_237,-0.0,0.0
erg_238,-0.0,0.0
erg_239,-0.0,0.0
erg_240,-0.0,0.0
erg_241,-0.0,0.0
erg_242,-0.0,0.0
erg_234,-0.0,0.0
erg_210,-0.0,0.0
erg_211,-0.0,0.0
erg_212,-0.0,0.0
erg_213,-0.0,0.0
erg_214,0.0,0.0
erg_215,0.0,0.0
erg_216,0.0,0.0
erg_226,-0.0,0.0
erg_218,-0.0,0.0
erg_219,-0.0,0.0
erg_220,-0.0,0.0
erg_221,-0.0,0.0
erg_222,-0.0,0.0
erg_223,-0.0,0.0
erg_224,-0.0,0.0
erg_225,-0.0,0.0
erg_217,0.0,0.0
avalon_count_0862,-0.0,0.0
avalon_count_0863,0.0,0.0
avalon_count_0864,0.0,0.0
avalon_count_0865,0.0,0.0
avalon_count_0866,-0.0,0.0
avalon_count_0867,-0.0,0.0
avalon_count_0868,-0.0,0.0
erg_035,0.0,0.0
avalon_count_0870,0.0,0.0
avalon_count_0871,-0.0,0.0
avalon_count_0872,0.0,0.0
avalon_count_0873,-0.0,0.0
avalon_count_0874,0.0,0.0
avalon_count_0875,0.0,0.0
avalon_count_0876,0.0,0.0
avalon_count_0877,-0.0,0.0
avalon_count_0869,0.0,0.0
avalon_count_0845,-0.0,0.0
avalon_count_0846,0.0,0.0
avalon_count_0847,0.0,0.0
avalon_count_0848,0.0,0.0
avalon_count_0849,-0.0,0.0
avalon_count_0850,-0.0,0.0
avalon_count_0851,-0.0,0.0
avalon_count_0861,-0.0,0.0
avalon_count_0853,0.0,0.0
avalon_count_0854,-0.0,0.0
avalon_count_0855,0.0,0.0
avalon_count_0856,0.0,0.0
avalon_count_0857,-0.0,0.0
avalon_count_0858,-0.0,0.0
avalon_count_0859,-0.0,0.0
avalon_count_0860,-0.0,0.0
avalon_count_0852,0.0,0.0
avalon_count_0898,-0.0,0.0
avalon_count_0900,0.0,0.0
avalon_count_0901,0.0,0.0
avalon_count_0902,-0.0,0.0
avalon_count_0904,0.0,0.0
avalon_count_0905,0.0,0.0
avalon_count_0906,-0.0,0.0
avalon_count_0880,0.0,0.0
avalon_count_0908,-0.0,0.0
avalon_count_0909,-0.0,0.0
avalon_count_0910,0.0,0.0
avalon_count_0911,-0.0,0.0
avalon_count_0912,0.0,0.0
avalon_count_0913,0.0,0.0
avalon_count_0914,0.0,0.0
avalon_count_0915,-0.0,0.0
avalon_count_0907,-0.0,0.0
avalon_count_0881,0.0,0.0
avalon_count_0882,-0.0,0.0
avalon_count_0883,0.0,0.0
avalon_count_0884,0.0,0.0
avalon_count_0885,-0.0,0.0
avalon_count_0886,0.0,0.0
avalon_count_0887,-0.0,0.0
avalon_count_0897,0.0,0.0
avalon_count_0889,-0.0,0.0
avalon_count_0890,0.0,0.0
avalon_count_0891,0.0,0.0
avalon_count_0892,0.0,0.0
avalon_count_0893,0.0,0.0
avalon_count_0894,-0.0,0.0
avalon_count_0895,-0.0,0.0
avalon_count_0896,0.0,0.0
avalon_count_0888,-0.0,0.0
avalon_count_0786,0.0,0.0
avalon_count_0787,0.0,0.0
avalon_count_0788,0.0,0.0
avalon_count_0789,-0.0,0.0
avalon_count_0790,0.0,0.0
avalon_count_0791,0.0,0.0
avalon_count_0792,0.0,0.0
avalon_count_0844,-0.0,0.0
avalon_count_0794,-0.0,0.0
avalon_count_0795,0.0,0.0
avalon_count_0796,0.0,0.0
avalon_count_0797,-0.0,0.0
avalon_count_0799,0.0,0.0
avalon_count_0800,0.0,0.0
avalon_count_0801,0.0,0.0
avalon_count_0803,-0.0,0.0
avalon_count_0793,0.0,0.0
avalon_count_0768,0.0,0.0
avalon_count_0769,-0.0,0.0
avalon_count_0770,-0.0,0.0
avalon_count_0771,0.0,0.0
avalon_count_0772,0.0,0.0
avalon_count_0773,-0.0,0.0
avalon_count_0774,0.0,0.0
avalon_count_0785,0.0,0.0
avalon_count_0777,-0.0,0.0
avalon_count_0778,0.0,0.0
avalon_count_0779,0.0,0.0
avalon_count_0780,0.0,0.0
avalon_count_0781,-0.0,0.0
avalon_count_0782,0.0,0.0
avalon_count_0783,-0.0,0.0
avalon_count_0784,0.0,0.0
avalon_count_0776,-0.0,0.0
avalon_count_0828,0.0,0.0
avalon_count_0829,-0.0,0.0
avalon_count_0830,0.0,0.0
avalon_count_0831,-0.0,0.0
avalon_count_0832,0.0,0.0
avalon_count_0833,-0.0,0.0
avalon_count_0834,-0.0,0.0
avalon_count_0804,-0.0,0.0
avalon_count_0836,0.0,0.0
avalon_count_0837,0.0,0.0
avalon_count_0838,-0.0,0.0
avalon_count_0839,-0.0,0.0
avalon_count_0840,-0.0,0.0
avalon_count_0841,-0.0,0.0
avalon_count_0842,0.0,0.0
avalon_count_0843,-0.0,0.0
avalon_count_0835,-0.0,0.0
avalon_count_0806,-0.0,0.0
avalon_count_0807,0.0,0.0
avalon_count_0809,-0.0,0.0
avalon_count_0810,0.0,0.0
avalon_count_0812,0.0,0.0
avalon_count_0815,-0.0,0.0
avalon_count_0816,0.0,0.0
avalon_count_0826,0.0,0.0
avalon_count_0818,-0.0,0.0
avalon_count_0819,0.0,0.0
avalon_count_0820,-0.0,0.0
avalon_count_0821,0.0,0.0
avalon_count_0822,-0.0,0.0
avalon_count_0823,-0.0,0.0
avalon_count_0824,-0.0,0.0
avalon_count_0825,0.0,0.0
avalon_count_0817,0.0,0.0
avalon_count_1007,0.0,0.0
avalon_count_1008,0.0,0.0
avalon_count_1009,0.0,0.0
avalon_count_1010,-0.0,0.0
avalon_count_1011,0.0,0.0
avalon_count_1012,-0.0,0.0
avalon_count_1013,0.0,0.0
avalon_count_0916,-0.0,0.0
avalon_count_1015,-0.0,0.0
avalon_count_1016,-0.0,0.0
avalon_count_1019,0.0,0.0
avalon_count_1020,-0.0,0.0
avalon_count_1021,0.0,0.0
avalon_count_1022,0.0,0.0
avalon_count_1023,0.0,0.0
erg_000,0.0,0.0
avalon_count_1014,0.0,0.0
avalon_count_0989,-0.0,0.0
avalon_count_0990,0.0,0.0
avalon_count_0991,0.0,0.0
avalon_count_0992,-0.0,0.0
avalon_count_0994,-0.0,0.0
avalon_count_0995,-0.0,0.0
avalon_count_0996,-0.0,0.0
avalon_count_1006,0.0,0.0
avalon_count_0998,-0.0,0.0
avalon_count_0999,-0.0,0.0
avalon_count_1000,0.0,0.0
avalon_count_1001,0.0,0.0
avalon_count_1002,0.0,0.0
avalon_count_1003,0.0,0.0
avalon_count_1004,0.0,0.0
avalon_count_1005,0.0,0.0
avalon_count_0997,0.0,0.0
erg_019,0.0,0.0
erg_020,0.0,0.0
erg_021,0.0,0.0
erg_022,0.0,0.0
erg_023,0.0,0.0
erg_024,-0.0,0.0
erg_025,-0.0,0.0
erg_001,0.0,0.0
erg_027,-0.0,0.0
erg_028,-0.0,0.0
erg_029,0.0,0.0
erg_030,-0.0,0.0
erg_031,0.0,0.0
erg_032,0.0,0.0
erg_033,0.0,0.0
erg_034,0.0,0.0
erg_026,-0.0,0.0
erg_002,0.0,0.0
erg_003,0.0,0.0
erg_004,0.0,0.0
erg_005,0.0,0.0
erg_006,0.0,0.0
erg_007,0.0,0.0
erg_008,-0.0,0.0
erg_018,0.0,0.0
erg_010,-0.0,0.0
erg_011,-0.0,0.0
erg_012,-0.0,0.0
erg_013,-0.0,0.0
erg_014,0.0,0.0
erg_015,0.0,0.0
erg_016,0.0,0.0
erg_017,0.0,0.0
erg_009,-0.0,0.0
avalon_count_0935,-0.0,0.0
avalon_count_0936,0.0,0.0
avalon_count_0937,-0.0,0.0
avalon_count_0938,0.0,0.0
avalon_count_0939,-0.0,0.0
avalon_count_0941,-0.0,0.0
avalon_count_0942,0.0,0.0
avalon_count_0988,-0.0,0.0
avalon_count_0944,0.0,0.0
avalon_count_0945,0.0,0.0
avalon_count_0946,0.0,0.0
avalon_count_0947,0.0,0.0
avalon_count_0948,0.0,0.0
avalon_count_0949,0.0,0.0
avalon_count_0950,0.0,0.0
avalon_count_0951,0.0,0.0
avalon_count_0943,0.0,0.0
avalon_count_0917,-0.0,0.0
avalon_count_0918,-0.0,0.0
avalon_count_0919,-0.0,0.0
avalon_count_0920,-0.0,0.0
avalon_count_0921,0.0,0.0
avalon_count_0922,-0.0,0.0
avalon_count_0923,0.0,0.0
avalon_count_0934,0.0,0.0
avalon_count_0925,0.0,0.0
avalon_count_0926,0.0,0.0
avalon_count_0927,0.0,0.0
avalon_count_0928,-0.0,0.0
avalon_count_0929,0.0,0.0
avalon_count_0931,-0.0,0.0
avalon_count_0932,-0.0,0.0
avalon_count_0933,-0.0,0.0
avalon_count_0924,0.0,0.0
avalon_count_0972,0.0,0.0
avalon_count_0973,0.0,0.0
avalon_count_0974,0.0,0.0
avalon_count_0975,-0.0,0.0
avalon_count_0976,0.0,0.0
avalon_count_0977,-0.0,0.0
avalon_count_0978,-0.0,0.0
avalon_count_0952,0.0,0.0
avalon_count_0980,-0.0,0.0
avalon_count_0981,-0.0,0.0
avalon_count_0982,0.0,0.0
avalon_count_0983,-0.0,0.0
avalon_count_0984,-0.0,0.0
avalon_count_0985,-0.0,0.0
avalon_count_0986,0.0,0.0
avalon_count_0987,0.0,0.0
avalon_count_0979,0.0,0.0
avalon_count_0953,0.0,0.0
avalon_count_0954,0.0,0.0
avalon_count_0955,0.0,0.0
avalon_count_0956,-0.0,0.0
avalon_count_0957,0.0,0.0
avalon_count_0958,0.0,0.0
avalon_count_0959,-0.0,0.0
avalon_count_0960,-0.0,0.0
avalon_count_0971,0.0,0.0
avalon_count_0962,-0.0,0.0
avalon_count_0963,0.0,0.0
avalon_count_0965,-0.0,0.0
avalon_count_0966,0.0,0.0
avalon_count_0967,0.0,0.0
avalon_count_0968,-0.0,0.0
avalon_count_0969,0.0,0.0
avalon_count_0970,0.0,0.0
avalon_count_0961,0.0,0.0
maplight_morgan_0368,-0.0,0.0
maplight_morgan_0369,0.0,0.0
maplight_morgan_0370,0.0,0.0
maplight_morgan_0371,-0.0,0.0
maplight_morgan_0372,0.0,0.0
maplight_morgan_0373,0.0,0.0
maplight_morgan_0374,-0.0,0.0
avalon_count_0191,0.0,0.0
maplight_morgan_0376,0.0,0.0
maplight_morgan_0377,-0.0,0.0
maplight_morgan_0378,-0.0,0.0
maplight_morgan_0379,0.0,0.0
maplight_morgan_0380,-0.0,0.0
maplight_morgan_0381,0.0,0.0
maplight_morgan_0382,-0.0,0.0
maplight_morgan_0383,0.0,0.0
maplight_morgan_0375,0.0,0.0
maplight_morgan_0350,0.0,0.0
maplight_morgan_0351,0.0,0.0
maplight_morgan_0352,0.0,0.0
maplight_morgan_0353,-0.0,0.0
maplight_morgan_0354,0.0,0.0
maplight_morgan_0355,-0.0,0.0
maplight_morgan_0356,0.0,0.0
maplight_morgan_0367,0.0,0.0
maplight_morgan_0358,0.0,0.0
maplight_morgan_0359,0.0,0.0
maplight_morgan_0360,-0.0,0.0
maplight_morgan_0361,-0.0,0.0
maplight_morgan_0363,-0.0,0.0
maplight_morgan_0364,-0.0,0.0
maplight_morgan_0365,0.0,0.0
maplight_morgan_0366,-0.0,0.0
maplight_morgan_0357,-0.0,0.0
maplight_morgan_0403,0.0,0.0
maplight_morgan_0404,0.0,0.0
maplight_morgan_0406,-0.0,0.0
maplight_morgan_0407,-0.0,0.0
maplight_morgan_0408,-0.0,0.0
maplight_morgan_0409,0.0,0.0
maplight_morgan_0410,0.0,0.0
maplight_morgan_0384,-0.0,0.0
maplight_morgan_0412,0.0,0.0
maplight_morgan_0413,-0.0,0.0
maplight_morgan_0414,-0.0,0.0
maplight_morgan_0415,0.0,0.0
maplight_morgan_0416,0.0,0.0
maplight_morgan_0417,0.0,0.0
maplight_morgan_0418,0.0,0.0
maplight_morgan_0419,0.0,0.0
maplight_morgan_0411,-0.0,0.0
maplight_morgan_0385,-0.0,0.0
maplight_morgan_0386,-0.0,0.0
maplight_morgan_0387,0.0,0.0
maplight_morgan_0388,0.0,0.0
maplight_morgan_0389,-0.0,0.0
maplight_morgan_0390,0.0,0.0
maplight_morgan_0391,0.0,0.0
maplight_morgan_0401,0.0,0.0
maplight_morgan_0393,-0.0,0.0
maplight_morgan_0394,-0.0,0.0
maplight_morgan_0395,-0.0,0.0
maplight_morgan_0396,-0.0,0.0
maplight_morgan_0397,-0.0,0.0
maplight_morgan_0398,-0.0,0.0
maplight_morgan_0399,-0.0,0.0
maplight_morgan_0400,0.0,0.0
maplight_morgan_0392,0.0,0.0
maplight_morgan_0290,-0.0,0.0
maplight_morgan_0293,0.0,0.0
maplight_morgan_0294,0.0,0.0
maplight_morgan_0295,-0.0,0.0
maplight_morgan_0296,0.0,0.0
maplight_morgan_0297,-0.0,0.0
maplight_morgan_0298,0.0,0.0
maplight_morgan_0349,-0.0,0.0
maplight_morgan_0300,0.0,0.0
maplight_morgan_0301,-0.0,0.0
maplight_morgan_0302,0.0,0.0
maplight_morgan_0303,-0.0,0.0
maplight_morgan_0304,0.0,0.0
maplight_morgan_0305,0.0,0.0
maplight_morgan_0306,0.0,0.0
maplight_morgan_0308,-0.0,0.0
maplight_morgan_0299,0.0,0.0
maplight_morgan_0272,0.0,0.0
maplight_morgan_0273,0.0,0.0
maplight_morgan_0274,-0.0,0.0
maplight_morgan_0275,0.0,0.0
maplight_morgan_0276,-0.0,0.0
maplight_morgan_0277,-0.0,0.0
maplight_morgan_0278,-0.0,0.0
maplight_morgan_0288,-0.0,0.0
maplight_morgan_0280,-0.0,0.0
maplight_morgan_0281,0.0,0.0
maplight_morgan_0282,0.0,0.0
maplight_morgan_0283,-0.0,0.0
maplight_morgan_0284,-0.0,0.0
maplight_morgan_0285,-0.0,0.0
maplight_morgan_0286,0.0,0.0
maplight_morgan_0287,0.0,0.0
maplight_morgan_0279,0.0,0.0
maplight_morgan_0331,-0.0,0.0
maplight_morgan_0332,-0.0,0.0
maplight_morgan_0333,-0.0,0.0
maplight_morgan_0334,-0.0,0.0
maplight_morgan_0335,-0.0,0.0
maplight_morgan_0336,-0.0,0.0
maplight_morgan_0337,-0.0,0.0
maplight_morgan_0309,-0.0,0.0
maplight_morgan_0339,0.0,0.0
maplight_morgan_0340,0.0,0.0
maplight_morgan_0341,0.0,0.0
maplight_morgan_0342,0.0,0.0
maplight_morgan_0345,-0.0,0.0
maplight_morgan_0346,-0.0,0.0
maplight_morgan_0347,0.0,0.0
maplight_morgan_0348,0.0,0.0
maplight_morgan_0338,0.0,0.0
maplight_morgan_0310,-0.0,0.0
maplight_morgan_0311,0.0,0.0
maplight_morgan_0312,0.0,0.0
maplight_morgan_0313,-0.0,0.0
maplight_morgan_0315,-0.0,0.0
maplight_morgan_0316,-0.0,0.0
maplight_morgan_0317,-0.0,0.0
maplight_morgan_0330,-0.0,0.0
maplight_morgan_0319,-0.0,0.0
maplight_morgan_0320,-0.0,0.0
maplight_morgan_0321,-0.0,0.0
maplight_morgan_0322,0.0,0.0
maplight_morgan_0323,0.0,0.0
maplight_morgan_0325,0.0,0.0
maplight_morgan_0328,-0.0,0.0
maplight_morgan_0329,-0.0,0.0
maplight_morgan_0318,0.0,0.0
maplight_morgan_0522,-0.0,0.0
maplight_morgan_0523,0.0,0.0
maplight_morgan_0524,0.0,0.0
maplight_morgan_0525,0.0,0.0
maplight_morgan_0526,0.0,0.0
maplight_morgan_0527,-0.0,0.0
maplight_morgan_0529,0.0,0.0
maplight_morgan_0420,0.0,0.0
maplight_morgan_0532,0.0,0.0
maplight_morgan_0533,0.0,0.0
maplight_morgan_0534,0.0,0.0
maplight_morgan_0535,-0.0,0.0
maplight_morgan_0536,0.0,0.0
maplight_morgan_0537,0.0,0.0
maplight_morgan_0539,-0.0,0.0
maplight_morgan_0540,0.0,0.0
maplight_morgan_0530,0.0,0.0
maplight_morgan_0501,-0.0,0.0
maplight_morgan_0503,-0.0,0.0
maplight_morgan_0504,-0.0,0.0
maplight_morgan_0506,0.0,0.0
maplight_morgan_0507,-0.0,0.0
maplight_morgan_0508,-0.0,0.0
maplight_morgan_0511,-0.0,0.0
maplight_morgan_0521,0.0,0.0
maplight_morgan_0513,-0.0,0.0
maplight_morgan_0514,0.0,0.0
maplight_morgan_0515,0.0,0.0
maplight_morgan_0516,0.0,0.0
maplight_morgan_0517,-0.0,0.0
maplight_morgan_0518,0.0,0.0
maplight_morgan_0519,-0.0,0.0
maplight_morgan_0520,-0.0,0.0
maplight_morgan_0512,0.0,0.0
maplight_morgan_0564,0.0,0.0
maplight_morgan_0565,0.0,0.0
maplight_morgan_0566,-0.0,0.0
maplight_morgan_0568,0.0,0.0
maplight_morgan_0569,-0.0,0.0
maplight_morgan_0570,0.0,0.0
maplight_morgan_0572,0.0,0.0
maplight_morgan_0541,0.0,0.0
maplight_morgan_0575,-0.0,0.0
maplight_morgan_0576,-0.0,0.0
maplight_morgan_0577,0.0,0.0
maplight_morgan_0578,-0.0,0.0
maplight_morgan_0580,-0.0,0.0
maplight_morgan_0581,-0.0,0.0
maplight_morgan_0582,-0.0,0.0
maplight_morgan_0583,0.0,0.0
maplight_morgan_0573,0.0,0.0
maplight_morgan_0542,0.0,0.0
maplight_morgan_0545,-0.0,0.0
maplight_morgan_0546,0.0,0.0
maplight_morgan_0547,-0.0,0.0
maplight_morgan_0548,0.0,0.0
maplight_morgan_0549,0.0,0.0
maplight_morgan_0550,-0.0,0.0
maplight_morgan_0563,-0.0,0.0
maplight_morgan_0555,0.0,0.0
maplight_morgan_0556,0.0,0.0
maplight_morgan_0557,-0.0,0.0
maplight_morgan_0558,0.0,0.0
maplight_morgan_0559,-0.0,0.0
maplight_morgan_0560,0.0,0.0
maplight_morgan_0561,-0.0,0.0
maplight_morgan_0562,-0.0,0.0
maplight_morgan_0551,-0.0,0.0
maplight_morgan_0440,0.0,0.0
maplight_morgan_0441,-0.0,0.0
maplight_morgan_0442,-0.0,0.0
maplight_morgan_0444,-0.0,0.0
maplight_morgan_0445,0.0,0.0
maplight_morgan_0446,-0.0,0.0
maplight_morgan_0447,-0.0,0.0
maplight_morgan_0500,0.0,0.0
maplight_morgan_0449,0.0,0.0
maplight_morgan_0450,0.0,0.0
maplight_morgan_0451,0.0,0.0
maplight_morgan_0452,0.0,0.0
maplight_morgan_0453,-0.0,0.0
maplight_morgan_0454,-0.0,0.0
maplight_morgan_0455,-0.0,0.0
maplight_morgan_0456,0.0,0.0
maplight_morgan_0448,0.0,0.0
maplight_morgan_0421,-0.0,0.0
maplight_morgan_0422,0.0,0.0
maplight_morgan_0423,-0.0,0.0
maplight_morgan_0424,0.0,0.0
maplight_morgan_0425,0.0,0.0
maplight_morgan_0426,0.0,0.0
maplight_morgan_0427,-0.0,0.0
maplight_morgan_0438,-0.0,0.0
maplight_morgan_0429,-0.0,0.0
maplight_morgan_0430,0.0,0.0
maplight_morgan_0431,-0.0,0.0
maplight_morgan_0432,-0.0,0.0
maplight_morgan_0433,0.0,0.0
maplight_morgan_0434,0.0,0.0
maplight_morgan_0435,-0.0,0.0
maplight_morgan_0436,0.0,0.0
maplight_morgan_0428,0.0,0.0
maplight_morgan_0480,0.0,0.0
maplight_morgan_0481,0.0,0.0
maplight_morgan_0482,0.0,0.0
maplight_morgan_0484,0.0,0.0
maplight_morgan_0485,-0.0,0.0
maplight_morgan_0486,0.0,0.0
maplight_morgan_0487,0.0,0.0
maplight_morgan_0458,-0.0,0.0
maplight_morgan_0490,0.0,0.0
maplight_morgan_0491,0.0,0.0
maplight_morgan_0492,0.0,0.0
maplight_morgan_0493,-0.0,0.0
maplight_morgan_0496,0.0,0.0
maplight_morgan_0497,0.0,0.0
maplight_morgan_0498,0.0,0.0
maplight_morgan_0499,-0.0,0.0
maplight_morgan_0488,0.0,0.0
maplight_morgan_0459,0.0,0.0
maplight_morgan_0460,0.0,0.0
maplight_morgan_0461,0.0,0.0
maplight_morgan_0462,0.0,0.0
maplight_morgan_0463,-0.0,0.0
maplight_morgan_0464,-0.0,0.0
maplight_morgan_0467,-0.0,0.0
maplight_morgan_0479,-0.0,0.0
maplight_morgan_0469,0.0,0.0
maplight_morgan_0470,-0.0,0.0
maplight_morgan_0471,-0.0,0.0
maplight_morgan_0473,0.0,0.0
maplight_morgan_0474,-0.0,0.0
maplight_morgan_0475,0.0,0.0
maplight_morgan_0476,-0.0,0.0
maplight_morgan_0478,0.0,0.0
maplight_morgan_0468,-0.0,0.0
maplight_morgan_0051,-0.0,0.0
maplight_morgan_0052,-0.0,0.0
maplight_morgan_0053,-0.0,0.0
maplight_morgan_0054,-0.0,0.0
maplight_morgan_0055,-0.0,0.0
maplight_morgan_0056,-0.0,0.0
maplight_morgan_0057,0.0,0.0
maplight_morgan_0271,0.0,0.0
maplight_morgan_0061,-0.0,0.0
maplight_morgan_0062,-0.0,0.0
maplight_morgan_0063,-0.0,0.0
maplight_morgan_0064,0.0,0.0
maplight_morgan_0065,-0.0,0.0
maplight_morgan_0066,-0.0,0.0
maplight_morgan_0067,0.0,0.0
maplight_morgan_0069,0.0,0.0
maplight_morgan_0059,-0.0,0.0
maplight_morgan_0031,0.0,0.0
maplight_morgan_0032,0.0,0.0
maplight_morgan_0033,-0.0,0.0
maplight_morgan_0034,-0.0,0.0
maplight_morgan_0035,0.0,0.0
maplight_morgan_0036,0.0,0.0
maplight_morgan_0037,0.0,0.0
maplight_morgan_0050,0.0,0.0
maplight_morgan_0039,-0.0,0.0
maplight_morgan_0041,0.0,0.0
maplight_morgan_0043,-0.0,0.0
maplight_morgan_0044,-0.0,0.0
maplight_morgan_0045,0.0,0.0
maplight_morgan_0046,-0.0,0.0
maplight_morgan_0047,0.0,0.0
maplight_morgan_0049,0.0,0.0
maplight_morgan_0038,-0.0,0.0
maplight_morgan_0090,0.0,0.0
maplight_morgan_0091,-0.0,0.0
maplight_morgan_0092,-0.0,0.0
maplight_morgan_0094,-0.0,0.0
maplight_morgan_0095,0.0,0.0
maplight_morgan_0096,-0.0,0.0
maplight_morgan_0097,-0.0,0.0
maplight_morgan_0070,-0.0,0.0
maplight_morgan_0099,0.0,0.0
maplight_morgan_0100,0.0,0.0
maplight_morgan_0101,0.0,0.0
maplight_morgan_0102,0.0,0.0
maplight_morgan_0103,0.0,0.0
maplight_morgan_0104,-0.0,0.0
maplight_morgan_0105,0.0,0.0
maplight_morgan_0106,0.0,0.0
maplight_morgan_0098,-0.0,0.0
maplight_morgan_0071,-0.0,0.0
maplight_morgan_0072,-0.0,0.0
maplight_morgan_0073,0.0,0.0
maplight_morgan_0075,-0.0,0.0
maplight_morgan_0076,0.0,0.0
maplight_morgan_0077,-0.0,0.0
maplight_morgan_0078,0.0,0.0
maplight_morgan_0089,0.0,0.0
maplight_morgan_0080,-0.0,0.0
maplight_morgan_0081,-0.0,0.0
maplight_morgan_0082,0.0,0.0
maplight_morgan_0084,0.0,0.0
maplight_morgan_0085,-0.0,0.0
maplight_morgan_0086,0.0,0.0
maplight_morgan_0087,0.0,0.0
maplight_morgan_0088,-0.0,0.0
maplight_morgan_0079,0.0,0.0
rdkit_fr_imide,-0.0,0.0
rdkit_fr_isocyan,-0.0,0.0
rdkit_fr_ketone,0.0,0.0
rdkit_fr_ketone_Topliss,-0.0,0.0
rdkit_fr_methoxy,0.0,0.0
rdkit_fr_morpholine,0.0,0.0
rdkit_fr_nitrile,-0.0,0.0
maplight_morgan_0029,-0.0,0.0
rdkit_fr_nitro_arom,-0.0,0.0
rdkit_fr_nitro_arom_nonortho,-0.0,0.0
rdkit_fr_oxime,-0.0,0.0
rdkit_fr_para_hydroxylation,-0.0,0.0
rdkit_fr_phenol,-0.0,0.0
rdkit_fr_phenol_noOrthoHbond,-0.0,0.0
rdkit_fr_phos_acid,0.0,0.0
rdkit_fr_piperdine,0.0,0.0
rdkit_fr_nitro,-0.0,0.0
rdkit_fr_aldehyde,-0.0,0.0
rdkit_fr_alkyl_carbamate,0.0,0.0
rdkit_fr_allylic_oxid,-0.0,0.0
rdkit_fr_amidine,0.0,0.0
rdkit_fr_aniline,0.0,0.0
rdkit_fr_aryl_methyl,-0.0,0.0
rdkit_fr_azo,0.0,0.0
rdkit_fr_imidazole,0.0,0.0
rdkit_fr_benzene,0.0,0.0
rdkit_fr_bicyclic,0.0,0.0
rdkit_fr_epoxide,-0.0,0.0
rdkit_fr_ester,0.0,0.0
rdkit_fr_ether,-0.0,0.0
rdkit_fr_furan,0.0,0.0
rdkit_fr_guanido,0.0,0.0
rdkit_fr_hdrzine,0.0,0.0
rdkit_fr_barbitur,-0.0,0.0
maplight_morgan_0011,0.0,0.0
maplight_morgan_0012,-0.0,0.0
maplight_morgan_0013,-0.0,0.0
maplight_morgan_0014,-0.0,0.0
maplight_morgan_0015,-0.0,0.0
maplight_morgan_0016,0.0,0.0
maplight_morgan_0017,-0.0,0.0
rdkit_fr_priamide,0.0,0.0
maplight_morgan_0019,-0.0,0.0
maplight_morgan_0020,0.0,0.0
maplight_morgan_0021,-0.0,0.0
maplight_morgan_0023,-0.0,0.0
maplight_morgan_0025,0.0,0.0
maplight_morgan_0026,0.0,0.0
maplight_morgan_0027,-0.0,0.0
maplight_morgan_0028,0.0,0.0
maplight_morgan_0018,0.0,0.0
rdkit_fr_pyridine,-0.0,0.0
rdkit_fr_quatN,-0.0,0.0
rdkit_fr_sulfonamd,0.0,0.0
rdkit_fr_sulfone,-0.0,0.0
rdkit_fr_thiazole,0.0,0.0
rdkit_fr_unbrch_alkane,-0.0,0.0
rdkit_fr_urea,0.0,0.0
maplight_morgan_0010,-0.0,0.0
maplight_morgan_0001,0.0,0.0
maplight_morgan_0002,0.0,0.0
maplight_morgan_0003,-0.0,0.0
maplight_morgan_0004,0.0,0.0
maplight_morgan_0005,-0.0,0.0
maplight_morgan_0007,-0.0,0.0
maplight_morgan_0008,0.0,0.0
maplight_morgan_0009,-0.0,0.0
maplight_morgan_0000,-0.0,0.0
maplight_morgan_0209,0.0,0.0
maplight_morgan_0210,0.0,0.0
maplight_morgan_0212,-0.0,0.0
maplight_morgan_0213,-0.0,0.0
maplight_morgan_0214,0.0,0.0
maplight_morgan_0215,0.0,0.0
maplight_morgan_0216,-0.0,0.0
maplight_morgan_0107,-0.0,0.0
maplight_morgan_0218,-0.0,0.0
maplight_morgan_0219,0.0,0.0
maplight_morgan_0221,0.0,0.0
maplight_morgan_0222,0.0,0.0
maplight_morgan_0224,0.0,0.0
maplight_morgan_0225,-0.0,0.0
maplight_morgan_0226,-0.0,0.0
maplight_morgan_0227,0.0,0.0
maplight_morgan_0217,0.0,0.0
maplight_morgan_0190,-0.0,0.0
maplight_morgan_0191,-0.0,0.0
maplight_morgan_0192,0.0,0.0
maplight_morgan_0193,0.0,0.0
maplight_morgan_0194,-0.0,0.0
maplight_morgan_0195,0.0,0.0
maplight_morgan_0196,0.0,0.0
maplight_morgan_0207,-0.0,0.0
maplight_morgan_0198,0.0,0.0
maplight_morgan_0199,-0.0,0.0
maplight_morgan_0200,0.0,0.0
maplight_morgan_0202,-0.0,0.0
maplight_morgan_0203,-0.0,0.0
maplight_morgan_0204,-0.0,0.0
maplight_morgan_0205,0.0,0.0
maplight_morgan_0206,0.0,0.0
maplight_morgan_0197,0.0,0.0
maplight_morgan_0251,0.0,0.0
maplight_morgan_0252,-0.0,0.0
maplight_morgan_0254,-0.0,0.0
maplight_morgan_0255,0.0,0.0
maplight_morgan_0256,0.0,0.0
maplight_morgan_0257,-0.0,0.0
maplight_morgan_0258,-0.0,0.0
maplight_morgan_0228,0.0,0.0
maplight_morgan_0260,0.0,0.0
maplight_morgan_0262,0.0,0.0
maplight_morgan_0263,-0.0,0.0
maplight_morgan_0264,-0.0,0.0
maplight_morgan_0265,-0.0,0.0
maplight_morgan_0266,0.0,0.0
maplight_morgan_0267,0.0,0.0
maplight_morgan_0270,0.0,0.0
maplight_morgan_0259,-0.0,0.0
maplight_morgan_0229,-0.0,0.0
maplight_morgan_0231,-0.0,0.0
maplight_morgan_0233,0.0,0.0
maplight_morgan_0234,-0.0,0.0
maplight_morgan_0235,0.0,0.0
maplight_morgan_0236,0.0,0.0
maplight_morgan_0237,0.0,0.0
maplight_morgan_0250,-0.0,0.0
maplight_morgan_0242,-0.0,0.0
maplight_morgan_0243,0.0,0.0
maplight_morgan_0244,-0.0,0.0
maplight_morgan_0245,-0.0,0.0
maplight_morgan_0246,-0.0,0.0
maplight_morgan_0247,-0.0,0.0
maplight_morgan_0248,-0.0,0.0
maplight_morgan_0249,0.0,0.0
maplight_morgan_0241,-0.0,0.0
maplight_morgan_0126,0.0,0.0
maplight_morgan_0127,-0.0,0.0
maplight_morgan_0128,0.0,0.0
maplight_morgan_0129,-0.0,0.0
maplight_morgan_0130,0.0,0.0
maplight_morgan_0131,0.0,0.0
maplight_morgan_0132,-0.0,0.0
maplight_morgan_0189,-0.0,0.0
maplight_morgan_0134,0.0,0.0
maplight_morgan_0135,-0.0,0.0
maplight_morgan_0136,0.0,0.0
maplight_morgan_0137,0.0,0.0
maplight_morgan_0138,0.0,0.0
maplight_morgan_0139,-0.0,0.0
maplight_morgan_0140,0.0,0.0
maplight_morgan_0141,0.0,0.0
maplight_morgan_0133,-0.0,0.0
maplight_morgan_0108,0.0,0.0
maplight_morgan_0109,-0.0,0.0
maplight_morgan_0110,-0.0,0.0
maplight_morgan_0111,0.0,0.0
maplight_morgan_0112,-0.0,0.0
maplight_morgan_0113,0.0,0.0
maplight_morgan_0114,-0.0,0.0
maplight_morgan_0125,-0.0,0.0
maplight_morgan_0116,-0.0,0.0
maplight_morgan_0117,0.0,0.0
maplight_morgan_0118,0.0,0.0
maplight_morgan_0119,-0.0,0.0
maplight_morgan_0120,0.0,0.0
atom_pair_bit_0883,-0.0,0.0
maplight_morgan_0123,0.0,0.0
maplight_morgan_0124,-0.0,0.0
maplight_morgan_0115,0.0,0.0
maplight_morgan_0168,0.0,0.0
maplight_morgan_0169,0.0,0.0
maplight_morgan_0171,-0.0,0.0
maplight_morgan_0172,-0.0,0.0
maplight_morgan_0173,-0.0,0.0
maplight_morgan_0175,0.0,0.0
maplight_morgan_0176,0.0,0.0
maplight_morgan_0144,0.0,0.0
maplight_morgan_0178,-0.0,0.0
maplight_morgan_0179,-0.0,0.0
maplight_morgan_0182,0.0,0.0
maplight_morgan_0184,-0.0,0.0
maplight_morgan_0185,-0.0,0.0
maplight_morgan_0186,0.0,0.0
maplight_morgan_0187,0.0,0.0
maplight_morgan_0188,-0.0,0.0
maplight_morgan_0177,-0.0,0.0
maplight_morgan_0145,0.0,0.0
maplight_morgan_0147,0.0,0.0
maplight_morgan_0148,0.0,0.0
maplight_morgan_0149,-0.0,0.0
maplight_morgan_0150,0.0,0.0
maplight_morgan_0151,-0.0,0.0
maplight_morgan_0154,-0.0,0.0
maplight_morgan_0155,0.0,0.0
maplight_morgan_0167,0.0,0.0
maplight_morgan_0158,0.0,0.0
maplight_morgan_0160,-0.0,0.0
maplight_morgan_0161,0.0,0.0
maplight_morgan_0162,0.0,0.0
maplight_morgan_0163,-0.0,0.0
maplight_morgan_0164,0.0,0.0
maplight_morgan_0165,-0.0,0.0
maplight_morgan_0166,-0.0,0.0
maplight_morgan_0156,-0.0,0.0
maplight_morgan_1013,0.0,0.0
maplight_morgan_1014,0.0,0.0
maplight_morgan_1016,-0.0,0.0
maplight_morgan_1017,0.0,0.0
maplight_morgan_1018,-0.0,0.0
maplight_morgan_1019,-0.0,0.0
maplight_morgan_1020,-0.0,0.0
maplight_morgan_0585,0.0,0.0
maplight_morgan_1022,0.0,0.0
maplight_morgan_1023,0.0,0.0
avalon_count_0000,-0.0,0.0
avalon_count_0001,-0.0,0.0
avalon_count_0002,-0.0,0.0
avalon_count_0003,-0.0,0.0
avalon_count_0004,-0.0,0.0
avalon_count_0005,0.0,0.0
maplight_morgan_1021,-0.0,0.0
maplight_morgan_0991,-0.0,0.0
maplight_morgan_0992,-0.0,0.0
maplight_morgan_0993,0.0,0.0
maplight_morgan_0994,-0.0,0.0
maplight_morgan_0995,-0.0,0.0
maplight_morgan_0996,0.0,0.0
maplight_morgan_0997,0.0,0.0
maplight_morgan_1012,-0.0,0.0
maplight_morgan_1001,0.0,0.0
maplight_morgan_1002,-0.0,0.0
maplight_morgan_1004,0.0,0.0
maplight_morgan_1005,-0.0,0.0
maplight_morgan_1006,0.0,0.0
maplight_morgan_1009,-0.0,0.0
maplight_morgan_1010,0.0,0.0
maplight_morgan_1011,-0.0,0.0
maplight_morgan_0999,0.0,0.0
avalon_count_0027,0.0,0.0
avalon_count_0028,0.0,0.0
avalon_count_0029,0.0,0.0
avalon_count_0030,0.0,0.0
avalon_count_0031,0.0,0.0
avalon_count_0032,0.0,0.0
avalon_count_0033,0.0,0.0
avalon_count_0006,-0.0,0.0
avalon_count_0035,0.0,0.0
avalon_count_0036,0.0,0.0
avalon_count_0037,-0.0,0.0
avalon_count_0038,0.0,0.0
avalon_count_0039,0.0,0.0
avalon_count_0041,0.0,0.0
avalon_count_0042,0.0,0.0
avalon_count_0043,-0.0,0.0
avalon_count_0034,-0.0,0.0
avalon_count_0007,0.0,0.0
avalon_count_0008,0.0,0.0
avalon_count_0009,0.0,0.0
avalon_count_0011,0.0,0.0
avalon_count_0013,0.0,0.0
avalon_count_0014,-0.0,0.0
avalon_count_0015,0.0,0.0
avalon_count_0026,-0.0,0.0
avalon_count_0017,0.0,0.0
avalon_count_0018,-0.0,0.0
avalon_count_0020,-0.0,0.0
avalon_count_0021,0.0,0.0
avalon_count_0022,0.0,0.0
avalon_count_0023,0.0,0.0
avalon_count_0024,0.0,0.0
avalon_count_0025,0.0,0.0
avalon_count_0016,-0.0,0.0
maplight_morgan_0929,0.0,0.0
maplight_morgan_0930,-0.0,0.0
maplight_morgan_0931,-0.0,0.0
maplight_morgan_0932,0.0,0.0
maplight_morgan_0934,0.0,0.0
maplight_morgan_0935,0.0,0.0
maplight_morgan_0936,-0.0,0.0
maplight_morgan_0990,-0.0,0.0
maplight_morgan_0940,-0.0,0.0
maplight_morgan_0943,-0.0,0.0
maplight_morgan_0944,-0.0,0.0
maplight_morgan_0946,0.0,0.0
maplight_morgan_0947,0.0,0.0
maplight_morgan_0948,-0.0,0.0
maplight_morgan_0949,-0.0,0.0
maplight_morgan_0950,0.0,0.0
maplight_morgan_0937,-0.0,0.0
maplight_morgan_0911,-0.0,0.0
maplight_morgan_0912,-0.0,0.0
maplight_morgan_0913,0.0,0.0
maplight_morgan_0914,0.0,0.0
maplight_morgan_0915,-0.0,0.0
maplight_morgan_0916,0.0,0.0
maplight_morgan_0917,0.0,0.0
maplight_morgan_0928,-0.0,0.0
maplight_morgan_0919,0.0,0.0
maplight_morgan_0920,0.0,0.0
maplight_morgan_0921,-0.0,0.0
maplight_morgan_0922,0.0,0.0
maplight_morgan_0924,-0.0,0.0
maplight_morgan_0925,0.0,0.0
maplight_morgan_0926,0.0,0.0
maplight_morgan_0927,-0.0,0.0
maplight_morgan_0918,0.0,0.0
maplight_morgan_0973,-0.0,0.0
maplight_morgan_0974,-0.0,0.0
maplight_morgan_0975,0.0,0.0
maplight_morgan_0976,0.0,0.0
maplight_morgan_0977,-0.0,0.0
maplight_morgan_0978,-0.0,0.0
maplight_morgan_0979,0.0,0.0
maplight_morgan_0951,-0.0,0.0
maplight_morgan_0981,-0.0,0.0
maplight_morgan_0982,0.0,0.0
maplight_morgan_0983,0.0,0.0
maplight_morgan_0984,0.0,0.0
maplight_morgan_0985,-0.0,0.0
maplight_morgan_0987,-0.0,0.0
maplight_morgan_0988,-0.0,0.0
maplight_morgan_0989,0.0,0.0
maplight_morgan_0980,0.0,0.0
maplight_morgan_0952,-0.0,0.0
maplight_morgan_0954,0.0,0.0
maplight_morgan_0955,0.0,0.0
maplight_morgan_0956,0.0,0.0
maplight_morgan_0957,-0.0,0.0
maplight_morgan_0958,0.0,0.0
maplight_morgan_0959,-0.0,0.0
maplight_morgan_0971,-0.0,0.0
maplight_morgan_0961,-0.0,0.0
maplight_morgan_0964,-0.0,0.0
maplight_morgan_0965,0.0,0.0
maplight_morgan_0966,0.0,0.0
maplight_morgan_0967,-0.0,0.0
maplight_morgan_0968,-0.0,0.0
maplight_morgan_0969,-0.0,0.0
maplight_morgan_0970,0.0,0.0
maplight_morgan_0960,0.0,0.0
avalon_count_0135,-0.0,0.0
avalon_count_0137,0.0,0.0
avalon_count_0138,0.0,0.0
avalon_count_0139,0.0,0.0
avalon_count_0140,-0.0,0.0
avalon_count_0141,-0.0,0.0
avalon_count_0143,-0.0,0.0
avalon_count_0044,-0.0,0.0
avalon_count_0145,-0.0,0.0
avalon_count_0146,0.0,0.0
avalon_count_0147,0.0,0.0
avalon_count_0148,-0.0,0.0
avalon_count_0149,-0.0,0.0
avalon_count_0150,0.0,0.0
avalon_count_0151,0.0,0.0
avalon_count_0152,0.0,0.0
avalon_count_0144,0.0,0.0
avalon_count_0118,0.0,0.0
avalon_count_0119,0.0,0.0
avalon_count_0120,0.0,0.0
avalon_count_0121,-0.0,0.0
avalon_count_0122,0.0,0.0
avalon_count_0123,-0.0,0.0
avalon_count_0124,-0.0,0.0
avalon_count_0134,-0.0,0.0
avalon_count_0126,0.0,0.0
avalon_count_0127,0.0,0.0
avalon_count_0128,-0.0,0.0
avalon_count_0129,-0.0,0.0
avalon_count_0130,-0.0,0.0
avalon_count_0131,-0.0,0.0
avalon_count_0132,-0.0,0.0
avalon_count_0133,0.0,0.0
avalon_count_0125,0.0,0.0
avalon_count_0173,-0.0,0.0
avalon_count_0174,0.0,0.0
avalon_count_0175,0.0,0.0
avalon_count_0176,0.0,0.0
avalon_count_0177,-0.0,0.0
avalon_count_0179,0.0,0.0
avalon_count_0180,-0.0,0.0
avalon_count_0153,-0.0,0.0
avalon_count_0182,-0.0,0.0
avalon_count_0183,-0.0,0.0
avalon_count_0184,0.0,0.0
avalon_count_0185,-0.0,0.0
avalon_count_0186,0.0,0.0
avalon_count_0187,0.0,0.0
avalon_count_0189,-0.0,0.0
avalon_count_0190,0.0,0.0
avalon_count_0181,-0.0,0.0
avalon_count_0154,-0.0,0.0
avalon_count_0156,0.0,0.0
avalon_count_0157,0.0,0.0
avalon_count_0158,-0.0,0.0
avalon_count_0159,0.0,0.0
avalon_count_0160,0.0,0.0
avalon_count_0161,-0.0,0.0
avalon_count_0172,0.0,0.0
avalon_count_0163,0.0,0.0
avalon_count_0164,0.0,0.0
avalon_count_0166,0.0,0.0
avalon_count_0167,-0.0,0.0
avalon_count_0168,0.0,0.0
avalon_count_0169,-0.0,0.0
avalon_count_0170,0.0,0.0
avalon_count_0171,-0.0,0.0
avalon_count_0162,0.0,0.0
avalon_count_0062,-0.0,0.0
avalon_count_0063,0.0,0.0
avalon_count_0064,-0.0,0.0
avalon_count_0066,-0.0,0.0
avalon_count_0067,0.0,0.0
avalon_count_0068,0.0,0.0
avalon_count_0069,-0.0,0.0
avalon_count_0117,0.0,0.0
avalon_count_0071,0.0,0.0
avalon_count_0072,-0.0,0.0
avalon_count_0073,0.0,0.0
avalon_count_0075,0.0,0.0
avalon_count_0076,0.0,0.0
avalon_count_0077,-0.0,0.0
avalon_count_0078,-0.0,0.0
avalon_count_0079,0.0,0.0
avalon_count_0070,-0.0,0.0
avalon_count_0045,-0.0,0.0
avalon_count_0046,0.0,0.0
avalon_count_0047,0.0,0.0
avalon_count_0048,-0.0,0.0
avalon_count_0049,0.0,0.0
avalon_count_0050,0.0,0.0
avalon_count_0051,-0.0,0.0
avalon_count_0061,-0.0,0.0
avalon_count_0053,-0.0,0.0
avalon_count_0054,0.0,0.0
avalon_count_0055,-0.0,0.0
avalon_count_0056,-0.0,0.0
avalon_count_0057,0.0,0.0
avalon_count_0058,0.0,0.0
avalon_count_0059,0.0,0.0
avalon_count_0060,0.0,0.0
avalon_count_0052,0.0,0.0
avalon_count_0101,-0.0,0.0
avalon_count_0102,0.0,0.0
avalon_count_0103,0.0,0.0
avalon_count_0104,0.0,0.0
avalon_count_0105,-0.0,0.0
avalon_count_0106,-0.0,0.0
avalon_count_0107,0.0,0.0
avalon_count_0080,-0.0,0.0
avalon_count_0109,0.0,0.0
avalon_count_0110,0.0,0.0
avalon_count_0111,0.0,0.0
avalon_count_0112,0.0,0.0
avalon_count_0113,-0.0,0.0
avalon_count_0114,-0.0,0.0
avalon_count_0115,-0.0,0.0
avalon_count_0116,-0.0,0.0
avalon_count_0108,-0.0,0.0
avalon_count_0081,0.0,0.0
avalon_count_0082,-0.0,0.0
avalon_count_0084,0.0,0.0
avalon_count_0085,-0.0,0.0
avalon_count_0086,-0.0,0.0
avalon_count_0087,0.0,0.0
avalon_count_0088,-0.0,0.0
avalon_count_0100,0.0,0.0
avalon_count_0090,0.0,0.0
avalon_count_0091,0.0,0.0
avalon_count_0092,-0.0,0.0
avalon_count_0093,-0.0,0.0
avalon_count_0094,0.0,0.0
avalon_count_0097,-0.0,0.0
avalon_count_0098,0.0,0.0
avalon_count_0099,0.0,0.0
avalon_count_0089,-0.0,0.0
maplight_morgan_0690,-0.0,0.0
maplight_morgan_0691,-0.0,0.0
maplight_morgan_0692,-0.0,0.0
maplight_morgan_0693,-0.0,0.0
maplight_morgan_0694,-0.0,0.0
maplight_morgan_0695,-0.0,0.0
maplight_morgan_0696,0.0,0.0
maplight_morgan_0910,-0.0,0.0
maplight_morgan_0698,0.0,0.0
maplight_morgan_0699,-0.0,0.0
maplight_morgan_0700,0.0,0.0
maplight_morgan_0701,-0.0,0.0
maplight_morgan_0703,-0.0,0.0
maplight_morgan_0705,-0.0,0.0
maplight_morgan_0706,0.0,0.0
maplight_morgan_0707,-0.0,0.0
maplight_morgan_0697,0.0,0.0
maplight_morgan_0667,0.0,0.0
maplight_morgan_0668,0.0,0.0
maplight_morgan_0669,0.0,0.0
maplight_morgan_0672,0.0,0.0
maplight_morgan_0673,-0.0,0.0
maplight_morgan_0674,-0.0,0.0
maplight_morgan_0675,0.0,0.0
maplight_morgan_0689,-0.0,0.0
maplight_morgan_0678,0.0,0.0
maplight_morgan_0679,-0.0,0.0
maplight_morgan_0680,-0.0,0.0
maplight_morgan_0682,-0.0,0.0
maplight_morgan_0683,0.0,0.0
maplight_morgan_0685,0.0,0.0
maplight_morgan_0686,-0.0,0.0
maplight_morgan_0687,0.0,0.0
maplight_morgan_0676,-0.0,0.0
maplight_morgan_0730,-0.0,0.0
maplight_morgan_0731,-0.0,0.0
maplight_morgan_0732,0.0,0.0
maplight_morgan_0733,-0.0,0.0
maplight_morgan_0734,-0.0,0.0
maplight_morgan_0735,-0.0,0.0
maplight_morgan_0736,0.0,0.0
maplight_morgan_0709,0.0,0.0
maplight_morgan_0738,0.0,0.0
maplight_morgan_0739,0.0,0.0
maplight_morgan_0740,-0.0,0.0
maplight_morgan_0741,-0.0,0.0
maplight_morgan_0744,-0.0,0.0
maplight_morgan_0745,-0.0,0.0
maplight_morgan_0746,0.0,0.0
maplight_morgan_0747,-0.0,0.0
maplight_morgan_0737,-0.0,0.0
maplight_morgan_0710,-0.0,0.0
maplight_morgan_0711,-0.0,0.0
maplight_morgan_0713,-0.0,0.0
maplight_morgan_0714,-0.0,0.0
maplight_morgan_0715,0.0,0.0
maplight_morgan_0716,0.0,0.0
maplight_morgan_0718,0.0,0.0
maplight_morgan_0729,0.0,0.0
maplight_morgan_0721,0.0,0.0
maplight_morgan_0722,0.0,0.0
maplight_morgan_0723,-0.0,0.0
maplight_morgan_0724,0.0,0.0
maplight_morgan_0725,-0.0,0.0
maplight_morgan_0726,-0.0,0.0
maplight_morgan_0727,0.0,0.0
maplight_morgan_0728,-0.0,0.0
maplight_morgan_0720,-0.0,0.0
maplight_morgan_0607,0.0,0.0
maplight_morgan_0609,0.0,0.0
maplight_morgan_0610,0.0,0.0
maplight_morgan_0611,0.0,0.0
maplight_morgan_0612,0.0,0.0
maplight_morgan_0613,-0.0,0.0
maplight_morgan_0615,0.0,0.0
maplight_morgan_0666,0.0,0.0
maplight_morgan_0617,-0.0,0.0
maplight_morgan_0618,-0.0,0.0
maplight_morgan_0619,-0.0,0.0
maplight_morgan_0621,-0.0,0.0
maplight_morgan_0622,-0.0,0.0
maplight_morgan_0623,0.0,0.0
maplight_morgan_0624,-0.0,0.0
maplight_morgan_0626,0.0,0.0
maplight_morgan_0616,-0.0,0.0
maplight_morgan_0586,0.0,0.0
maplight_morgan_0588,0.0,0.0
maplight_morgan_0589,0.0,0.0
maplight_morgan_0590,-0.0,0.0
maplight_morgan_0591,0.0,0.0
maplight_morgan_0592,0.0,0.0
maplight_morgan_0593,0.0,0.0
maplight_morgan_0605,-0.0,0.0
maplight_morgan_0596,0.0,0.0
maplight_morgan_0597,-0.0,0.0
maplight_morgan_0598,-0.0,0.0
maplight_morgan_0599,-0.0,0.0
maplight_morgan_0600,-0.0,0.0
maplight_morgan_0601,-0.0,0.0
maplight_morgan_0602,-0.0,0.0
maplight_morgan_0603,0.0,0.0
maplight_morgan_0595,0.0,0.0
maplight_morgan_0647,-0.0,0.0
maplight_morgan_0649,-0.0,0.0
maplight_morgan_0650,0.0,0.0
maplight_morgan_0651,-0.0,0.0
maplight_morgan_0652,-0.0,0.0
maplight_morgan_0653,0.0,0.0
maplight_morgan_0654,0.0,0.0
maplight_morgan_0628,-0.0,0.0
maplight_morgan_0657,-0.0,0.0
maplight_morgan_0658,0.0,0.0
maplight_morgan_0659,-0.0,0.0
maplight_morgan_0661,0.0,0.0
maplight_morgan_0662,0.0,0.0
maplight_morgan_0663,-0.0,0.0
maplight_morgan_0664,-0.0,0.0
maplight_morgan_0665,0.0,0.0
maplight_morgan_0656,0.0,0.0
maplight_morgan_0629,-0.0,0.0
maplight_morgan_0630,0.0,0.0
maplight_morgan_0632,0.0,0.0
maplight_morgan_0633,0.0,0.0
maplight_morgan_0634,-0.0,0.0
maplight_morgan_0635,0.0,0.0
maplight_morgan_0636,-0.0,0.0
maplight_morgan_0646,-0.0,0.0
maplight_morgan_0638,-0.0,0.0
maplight_morgan_0639,-0.0,0.0
maplight_morgan_0640,0.0,0.0
maplight_morgan_0641,-0.0,0.0
maplight_morgan_0642,0.0,0.0
maplight_morgan_0643,0.0,0.0
maplight_morgan_0644,-0.0,0.0
maplight_morgan_0645,-0.0,0.0
maplight_morgan_0637,-0.0,0.0
maplight_morgan_0849,-0.0,0.0
maplight_morgan_0850,0.0,0.0
maplight_morgan_0851,-0.0,0.0
maplight_morgan_0853,-0.0,0.0
maplight_morgan_0854,-0.0,0.0
maplight_morgan_0855,0.0,0.0
maplight_morgan_0856,0.0,0.0
maplight_morgan_0748,0.0,0.0
maplight_morgan_0859,0.0,0.0
maplight_morgan_0862,0.0,0.0
maplight_morgan_0863,0.0,0.0
maplight_morgan_0864,-0.0,0.0
maplight_morgan_0866,0.0,0.0
maplight_morgan_0867,-0.0,0.0
maplight_morgan_0869,-0.0,0.0
maplight_morgan_0871,-0.0,0.0
maplight_morgan_0857,0.0,0.0
maplight_morgan_0830,-0.0,0.0
maplight_morgan_0831,-0.0,0.0
maplight_morgan_0832,-0.0,0.0
maplight_morgan_0833,0.0,0.0
maplight_morgan_0834,-0.0,0.0
maplight_morgan_0835,-0.0,0.0
maplight_morgan_0836,0.0,0.0
maplight_morgan_0848,-0.0,0.0
maplight_morgan_0838,-0.0,0.0
maplight_morgan_0840,0.0,0.0
maplight_morgan_0841,0.0,0.0
maplight_morgan_0842,0.0,0.0
maplight_morgan_0843,0.0,0.0
maplight_morgan_0844,0.0,0.0
maplight_morgan_0846,0.0,0.0
maplight_morgan_0847,0.0,0.0
maplight_morgan_0837,0.0,0.0
maplight_morgan_0892,-0.0,0.0
maplight_morgan_0893,-0.0,0.0
maplight_morgan_0894,-0.0,0.0
maplight_morgan_0895,0.0,0.0
maplight_morgan_0896,-0.0,0.0
maplight_morgan_0897,-0.0,0.0
maplight_morgan_0898,-0.0,0.0
maplight_morgan_0872,0.0,0.0
maplight_morgan_0900,0.0,0.0
maplight_morgan_0901,0.0,0.0
maplight_morgan_0902,0.0,0.0
maplight_morgan_0904,-0.0,0.0
maplight_morgan_0905,0.0,0.0
maplight_morgan_0906,0.0,0.0
maplight_morgan_0907,-0.0,0.0
maplight_morgan_0908,0.0,0.0
maplight_morgan_0899,-0.0,0.0
maplight_morgan_0873,-0.0,0.0
maplight_morgan_0874,0.0,0.0
maplight_morgan_0875,0.0,0.0
maplight_morgan_0877,-0.0,0.0
maplight_morgan_0878,-0.0,0.0
maplight_morgan_0879,0.0,0.0
maplight_morgan_0880,0.0,0.0
maplight_morgan_0891,-0.0,0.0
maplight_morgan_0882,0.0,0.0
maplight_morgan_0883,-0.0,0.0
maplight_morgan_0884,0.0,0.0
maplight_morgan_0886,-0.0,0.0
maplight_morgan_0887,-0.0,0.0
maplight_morgan_0888,-0.0,0.0
maplight_morgan_0889,0.0,0.0
maplight_morgan_0890,-0.0,0.0
maplight_morgan_0881,-0.0,0.0
maplight_morgan_0768,0.0,0.0
maplight_morgan_0769,-0.0,0.0
maplight_morgan_0770,0.0,0.0
maplight_morgan_0771,-0.0,0.0
maplight_morgan_0772,-0.0,0.0
maplight_morgan_0773,-0.0,0.0
maplight_morgan_0774,0.0,0.0
maplight_morgan_0829,-0.0,0.0
maplight_morgan_0776,0.0,0.0
maplight_morgan_0777,-0.0,0.0
maplight_morgan_0778,0.0,0.0
maplight_morgan_0779,0.0,0.0
maplight_morgan_0780,-0.0,0.0
maplight_morgan_0781,0.0,0.0
maplight_morgan_0782,-0.0,0.0
maplight_morgan_0783,0.0,0.0
maplight_morgan_0775,-0.0,0.0
maplight_morgan_0749,0.0,0.0
maplight_morgan_0750,0.0,0.0
maplight_morgan_0751,0.0,0.0
maplight_morgan_0752,0.0,0.0
maplight_morgan_0753,-0.0,0.0
maplight_morgan_0755,-0.0,0.0
maplight_morgan_0756,-0.0,0.0
maplight_morgan_0767,-0.0,0.0
maplight_morgan_0759,0.0,0.0
maplight_morgan_0760,0.0,0.0
maplight_morgan_0761,0.0,0.0
maplight_morgan_0762,-0.0,0.0
maplight_morgan_0763,0.0,0.0
maplight_morgan_0764,-0.0,0.0
maplight_morgan_0765,0.0,0.0
maplight_morgan_0766,-0.0,0.0
maplight_morgan_0757,0.0,0.0
maplight_morgan_0808,-0.0,0.0
maplight_morgan_0809,-0.0,0.0
maplight_morgan_0810,0.0,0.0
maplight_morgan_0811,-0.0,0.0
maplight_morgan_0814,-0.0,0.0
maplight_morgan_0815,-0.0,0.0
maplight_morgan_0816,-0.0,0.0
maplight_morgan_0785,0.0,0.0
maplight_morgan_0820,-0.0,0.0
maplight_morgan_0821,0.0,0.0
maplight_morgan_0822,0.0,0.0
maplight_morgan_0823,-0.0,0.0
maplight_morgan_0824,0.0,0.0
maplight_morgan_0825,0.0,0.0
maplight_morgan_0827,-0.0,0.0
maplight_morgan_0828,0.0,0.0
maplight_morgan_0819,-0.0,0.0
maplight_morgan_0786,0.0,0.0
maplight_morgan_0787,-0.0,0.0
maplight_morgan_0789,0.0,0.0
maplight_morgan_0790,-0.0,0.0
maplight_morgan_0792,0.0,0.0
maplight_morgan_0793,-0.0,0.0
maplight_morgan_0794,0.0,0.0
maplight_morgan_0796,-0.0,0.0
maplight_morgan_0807,-0.0,0.0
maplight_morgan_0798,-0.0,0.0
maplight_morgan_0799,0.0,0.0
maplight_morgan_0800,0.0,0.0
maplight_morgan_0801,0.0,0.0
maplight_morgan_0802,0.0,0.0
maplight_morgan_0803,-0.0,0.0
maplight_morgan_0804,-0.0,0.0
maplight_morgan_0805,0.0,0.0
maplight_morgan_0797,0.0,0.0
ecfp6_bit_0717,0.0,0.0
ecfp6_bit_0716,0.0,0.0
ecfp6_bit_0715,0.0,0.0
ecfp6_bit_0714,-0.0,0.0
ecfp6_bit_0713,-0.0,0.0
ecfp6_bit_0712,0.0,0.0
ecfp6_bit_0711,-0.0,0.0
ecfp6_bit_0710,-0.0,0.0
ecfp6_bit_0709,-0.0,0.0
ecfp6_bit_0708,0.0,0.0
ecfp6_bit_0707,0.0,0.0
ecfp6_bit_0706,0.0,0.0
ecfp6_bit_0704,-0.0,0.0
ecfp6_bit_0703,-0.0,0.0
ecfp6_bit_0702,-0.0,0.0
atom_pair_bit_0685,0.0,0.0
ecfp6_bit_0685,0.0,0.0
ecfp6_bit_0686,-0.0,0.0
ecfp6_bit_0687,0.0,0.0
ecfp6_bit_0688,-0.0,0.0
ecfp6_bit_0689,-0.0,0.0
ecfp6_bit_0690,-0.0,0.0
ecfp6_bit_0691,-0.0,0.0
ecfp6_bit_0701,-0.0,0.0
ecfp6_bit_0693,-0.0,0.0
ecfp6_bit_0694,-0.0,0.0
ecfp6_bit_0695,-0.0,0.0
ecfp6_bit_0696,0.0,0.0
ecfp6_bit_0697,0.0,0.0
ecfp6_bit_0698,0.0,0.0
ecfp6_bit_0699,0.0,0.0
ecfp6_bit_0700,0.0,0.0
ecfp6_bit_0692,-0.0,0.0
ecfp6_bit_0739,0.0,0.0
ecfp6_bit_0740,-0.0,0.0
ecfp6_bit_0741,0.0,0.0
ecfp6_bit_0742,0.0,0.0
ecfp6_bit_0743,-0.0,0.0
ecfp6_bit_0744,-0.0,0.0
ecfp6_bit_0745,-0.0,0.0
ecfp6_bit_0718,-0.0,0.0
ecfp6_bit_0747,-0.0,0.0
ecfp6_bit_0748,-0.0,0.0
ecfp6_bit_0749,0.0,0.0
ecfp6_bit_0750,0.0,0.0
ecfp6_bit_0751,-0.0,0.0
ecfp6_bit_0753,-0.0,0.0
ecfp6_bit_0755,-0.0,0.0
ecfp6_bit_0756,-0.0,0.0
ecfp6_bit_0746,-0.0,0.0
ecfp6_bit_0719,-0.0,0.0
ecfp6_bit_0720,-0.0,0.0
ecfp6_bit_0721,0.0,0.0
ecfp6_bit_0722,-0.0,0.0
ecfp6_bit_0723,-0.0,0.0
ecfp6_bit_0724,0.0,0.0
ecfp6_bit_0725,0.0,0.0
ecfp6_bit_0738,-0.0,0.0
ecfp6_bit_0729,0.0,0.0
ecfp6_bit_0730,-0.0,0.0
ecfp6_bit_0731,-0.0,0.0
ecfp6_bit_0732,-0.0,0.0
ecfp6_bit_0733,-0.0,0.0
ecfp6_bit_0734,-0.0,0.0
ecfp6_bit_0735,-0.0,0.0
ecfp6_bit_0737,-0.0,0.0
ecfp6_bit_0727,0.0,0.0
ecfp6_bit_0628,0.0,0.0
ecfp6_bit_0630,0.0,0.0
ecfp6_bit_0631,-0.0,0.0
ecfp6_bit_0632,0.0,0.0
ecfp6_bit_0633,0.0,0.0
ecfp6_bit_0634,0.0,0.0
ecfp6_bit_0636,-0.0,0.0
ecfp6_bit_0684,-0.0,0.0
ecfp6_bit_0638,-0.0,0.0
ecfp6_bit_0639,0.0,0.0
ecfp6_bit_0640,-0.0,0.0
ecfp6_bit_0641,-0.0,0.0
ecfp6_bit_0642,-0.0,0.0
ecfp6_bit_0643,0.0,0.0
ecfp6_bit_0644,-0.0,0.0
ecfp6_bit_0645,-0.0,0.0
ecfp6_bit_0637,-0.0,0.0
ecfp6_bit_0610,0.0,0.0
ecfp6_bit_0611,0.0,0.0
ecfp6_bit_0612,0.0,0.0
ecfp6_bit_0613,-0.0,0.0
ecfp6_bit_0614,0.0,0.0
ecfp6_bit_0615,-0.0,0.0
ecfp6_bit_0616,0.0,0.0
ecfp6_bit_0627,-0.0,0.0
ecfp6_bit_0618,0.0,0.0
ecfp6_bit_0620,0.0,0.0
ecfp6_bit_0621,-0.0,0.0
ecfp6_bit_0622,-0.0,0.0
ecfp6_bit_0623,0.0,0.0
ecfp6_bit_0624,-0.0,0.0
ecfp6_bit_0625,-0.0,0.0
ecfp6_bit_0626,0.0,0.0
ecfp6_bit_0617,-0.0,0.0
ecfp6_bit_0666,0.0,0.0
ecfp6_bit_0667,0.0,0.0
ecfp6_bit_0669,-0.0,0.0
ecfp6_bit_0670,-0.0,0.0
ecfp6_bit_0672,0.0,0.0
ecfp6_bit_0673,-0.0,0.0
ecfp6_bit_0674,-0.0,0.0
ecfp6_bit_0646,-0.0,0.0
ecfp6_bit_0676,-0.0,0.0
ecfp6_bit_0677,-0.0,0.0
ecfp6_bit_0678,0.0,0.0
ecfp6_bit_0679,-0.0,0.0
ecfp6_bit_0680,0.0,0.0
ecfp6_bit_0681,-0.0,0.0
ecfp6_bit_0682,-0.0,0.0
ecfp6_bit_0683,0.0,0.0
ecfp6_bit_0675,0.0,0.0
ecfp6_bit_0647,0.0,0.0
ecfp6_bit_0648,-0.0,0.0
ecfp6_bit_0651,-0.0,0.0
ecfp6_bit_0652,-0.0,0.0
ecfp6_bit_0653,-0.0,0.0
ecfp6_bit_0654,0.0,0.0
ecfp6_bit_0655,-0.0,0.0
ecfp6_bit_0665,0.0,0.0
ecfp6_bit_0657,-0.0,0.0
ecfp6_bit_0658,0.0,0.0
ecfp6_bit_0659,-0.0,0.0
ecfp6_bit_0660,-0.0,0.0
ecfp6_bit_0661,0.0,0.0
ecfp6_bit_0662,0.0,0.0
ecfp6_bit_0663,-0.0,0.0
ecfp6_bit_0664,-0.0,0.0
ecfp6_bit_0656,0.0,0.0
ecfp6_bit_0855,0.0,0.0
ecfp6_bit_0856,0.0,0.0
ecfp6_bit_0857,-0.0,0.0
ecfp6_bit_0858,0.0,0.0
ecfp6_bit_0859,0.0,0.0
ecfp6_bit_0860,-0.0,0.0
ecfp6_bit_0862,0.0,0.0
ecfp6_bit_0757,-0.0,0.0
ecfp6_bit_0864,-0.0,0.0
ecfp6_bit_0865,0.0,0.0
ecfp6_bit_0866,0.0,0.0
ecfp6_bit_0867,-0.0,0.0
ecfp6_bit_0868,-0.0,0.0
ecfp6_bit_0869,-0.0,0.0
ecfp6_bit_0870,0.0,0.0
ecfp6_bit_0871,-0.0,0.0
ecfp6_bit_0863,0.0,0.0
ecfp6_bit_0835,-0.0,0.0
ecfp6_bit_0837,0.0,0.0
ecfp6_bit_0838,-0.0,0.0
ecfp6_bit_0839,0.0,0.0
ecfp6_bit_0840,0.0,0.0
ecfp6_bit_0842,0.0,0.0
ecfp6_bit_0843,0.0,0.0
ecfp6_bit_0854,0.0,0.0
ecfp6_bit_0845,0.0,0.0
ecfp6_bit_0846,0.0,0.0
ecfp6_bit_0847,0.0,0.0
ecfp6_bit_0848,0.0,0.0
ecfp6_bit_0849,-0.0,0.0
ecfp6_bit_0850,0.0,0.0
ecfp6_bit_0852,0.0,0.0
ecfp6_bit_0853,-0.0,0.0
ecfp6_bit_0844,-0.0,0.0
ecfp6_bit_0891,-0.0,0.0
ecfp6_bit_0892,-0.0,0.0
ecfp6_bit_0893,-0.0,0.0
ecfp6_bit_0894,0.0,0.0
ecfp6_bit_0895,0.0,0.0
ecfp6_bit_0896,-0.0,0.0
ecfp6_bit_0897,-0.0,0.0
ecfp6_bit_0872,0.0,0.0
ecfp6_bit_0899,-0.0,0.0
ecfp6_bit_0900,0.0,0.0
ecfp6_bit_0901,-0.0,0.0
ecfp6_bit_0902,0.0,0.0
ecfp6_bit_0903,-0.0,0.0
ecfp6_bit_0904,0.0,0.0
ecfp6_bit_0905,-0.0,0.0
ecfp6_bit_0906,0.0,0.0
ecfp6_bit_0898,-0.0,0.0
ecfp6_bit_0873,-0.0,0.0
ecfp6_bit_0874,0.0,0.0
ecfp6_bit_0875,0.0,0.0
ecfp6_bit_0876,-0.0,0.0
ecfp6_bit_0877,-0.0,0.0
ecfp6_bit_0878,0.0,0.0
ecfp6_bit_0879,0.0,0.0
ecfp6_bit_0890,0.0,0.0
ecfp6_bit_0881,-0.0,0.0
ecfp6_bit_0882,0.0,0.0
ecfp6_bit_0883,-0.0,0.0
ecfp6_bit_0884,-0.0,0.0
ecfp6_bit_0886,-0.0,0.0
ecfp6_bit_0887,0.0,0.0
ecfp6_bit_0888,0.0,0.0
ecfp6_bit_0889,0.0,0.0
ecfp6_bit_0880,0.0,0.0
ecfp6_bit_0780,0.0,0.0
ecfp6_bit_0781,0.0,0.0
ecfp6_bit_0782,-0.0,0.0
ecfp6_bit_0783,-0.0,0.0
ecfp6_bit_0784,-0.0,0.0
ecfp6_bit_0785,0.0,0.0
ecfp6_bit_0786,0.0,0.0
ecfp6_bit_0834,-0.0,0.0
ecfp6_bit_0789,0.0,0.0
ecfp6_bit_0790,-0.0,0.0
ecfp6_bit_0791,0.0,0.0
ecfp6_bit_0792,0.0,0.0
ecfp6_bit_0793,0.0,0.0
ecfp6_bit_0794,0.0,0.0
ecfp6_bit_0795,-0.0,0.0
ecfp6_bit_0796,-0.0,0.0
ecfp6_bit_0787,-0.0,0.0
ecfp6_bit_0758,0.0,0.0
ecfp6_bit_0759,0.0,0.0
ecfp6_bit_0760,0.0,0.0
ecfp6_bit_0761,0.0,0.0
ecfp6_bit_0763,0.0,0.0
ecfp6_bit_0764,-0.0,0.0
ecfp6_bit_0765,-0.0,0.0
ecfp6_bit_0779,-0.0,0.0
ecfp6_bit_0769,-0.0,0.0
ecfp6_bit_0770,-0.0,0.0
ecfp6_bit_0771,0.0,0.0
ecfp6_bit_0772,-0.0,0.0
ecfp6_bit_0774,0.0,0.0
ecfp6_bit_0775,0.0,0.0
ecfp6_bit_0777,-0.0,0.0
ecfp6_bit_0778,0.0,0.0
ecfp6_bit_0766,-0.0,0.0
ecfp6_bit_0816,-0.0,0.0
ecfp6_bit_0817,-0.0,0.0
ecfp6_bit_0818,-0.0,0.0
ecfp6_bit_0819,-0.0,0.0
ecfp6_bit_0820,-0.0,0.0
ecfp6_bit_0821,-0.0,0.0
ecfp6_bit_0822,0.0,0.0
ecfp6_bit_0797,0.0,0.0
ecfp6_bit_0824,-0.0,0.0
ecfp6_bit_0826,-0.0,0.0
ecfp6_bit_0828,-0.0,0.0
ecfp6_bit_0829,-0.0,0.0
ecfp6_bit_0830,-0.0,0.0
ecfp6_bit_0831,-0.0,0.0
ecfp6_bit_0832,-0.0,0.0
ecfp6_bit_0833,-0.0,0.0
ecfp6_bit_0823,-0.0,0.0
ecfp6_bit_0798,-0.0,0.0
ecfp6_bit_0799,-0.0,0.0
ecfp6_bit_0800,0.0,0.0
ecfp6_bit_0801,-0.0,0.0
ecfp6_bit_0802,0.0,0.0
ecfp6_bit_0803,-0.0,0.0
ecfp6_bit_0805,-0.0,0.0
ecfp6_bit_0815,-0.0,0.0
ecfp6_bit_0807,0.0,0.0
ecfp6_bit_0808,-0.0,0.0
ecfp6_bit_0809,0.0,0.0
ecfp6_bit_0810,0.0,0.0
ecfp6_bit_0811,0.0,0.0
ecfp6_bit_0812,-0.0,0.0
ecfp6_bit_0813,0.0,0.0
ecfp6_bit_0814,-0.0,0.0
ecfp6_bit_0806,-0.0,0.0
ecfp6_bit_0416,0.0,0.0
ecfp6_bit_0415,-0.0,0.0
ecfp6_bit_0414,-0.0,0.0
ecfp6_bit_0413,-0.0,0.0
ecfp6_bit_0412,-0.0,0.0
ecfp6_bit_0411,0.0,0.0
ecfp6_bit_0410,-0.0,0.0
ecfp6_bit_0409,-0.0,0.0
ecfp6_bit_0408,-0.0,0.0
ecfp6_bit_0407,-0.0,0.0
ecfp6_bit_0404,-0.0,0.0
ecfp6_bit_0403,0.0,0.0
ecfp6_bit_0401,0.0,0.0
ecfp6_bit_0400,0.0,0.0
ecfp6_bit_0399,-0.0,0.0
ecfp6_bit_0609,0.0,0.0
ecfp6_bit_0382,-0.0,0.0
ecfp6_bit_0383,0.0,0.0
ecfp6_bit_0384,-0.0,0.0
ecfp6_bit_0385,-0.0,0.0
ecfp6_bit_0386,-0.0,0.0
ecfp6_bit_0387,0.0,0.0
ecfp6_bit_0388,-0.0,0.0
ecfp6_bit_0398,-0.0,0.0
ecfp6_bit_0390,0.0,0.0
ecfp6_bit_0391,0.0,0.0
ecfp6_bit_0392,0.0,0.0
ecfp6_bit_0393,-0.0,0.0
ecfp6_bit_0394,0.0,0.0
ecfp6_bit_0395,-0.0,0.0
ecfp6_bit_0396,-0.0,0.0
ecfp6_bit_0397,0.0,0.0
ecfp6_bit_0389,-0.0,0.0
ecfp6_bit_0435,-0.0,0.0
ecfp6_bit_0436,0.0,0.0
ecfp6_bit_0437,-0.0,0.0
ecfp6_bit_0438,-0.0,0.0
ecfp6_bit_0439,0.0,0.0
ecfp6_bit_0440,0.0,0.0
ecfp6_bit_0441,0.0,0.0
ecfp6_bit_0417,0.0,0.0
ecfp6_bit_0443,-0.0,0.0
ecfp6_bit_0444,-0.0,0.0
ecfp6_bit_0445,0.0,0.0
ecfp6_bit_0446,0.0,0.0
ecfp6_bit_0448,-0.0,0.0
ecfp6_bit_0449,0.0,0.0
ecfp6_bit_0450,-0.0,0.0
ecfp6_bit_0451,0.0,0.0
ecfp6_bit_0442,-0.0,0.0
ecfp6_bit_0418,0.0,0.0
ecfp6_bit_0419,0.0,0.0
ecfp6_bit_0420,0.0,0.0
ecfp6_bit_0421,-0.0,0.0
ecfp6_bit_0422,0.0,0.0
ecfp6_bit_0423,0.0,0.0
ecfp6_bit_0424,0.0,0.0
ecfp6_bit_0434,0.0,0.0
ecfp6_bit_0426,-0.0,0.0
ecfp6_bit_0427,-0.0,0.0
ecfp6_bit_0428,0.0,0.0
ecfp6_bit_0429,-0.0,0.0
ecfp6_bit_0430,0.0,0.0
ecfp6_bit_0431,-0.0,0.0
ecfp6_bit_0432,0.0,0.0
ecfp6_bit_0433,0.0,0.0
ecfp6_bit_0425,-0.0,0.0
ecfp6_bit_0327,0.0,0.0
ecfp6_bit_0328,0.0,0.0
ecfp6_bit_0329,0.0,0.0
ecfp6_bit_0330,0.0,0.0
ecfp6_bit_0332,-0.0,0.0
ecfp6_bit_0333,-0.0,0.0
ecfp6_bit_0334,0.0,0.0
ecfp6_bit_0381,0.0,0.0
ecfp6_bit_0336,-0.0,0.0
ecfp6_bit_0337,0.0,0.0
ecfp6_bit_0338,-0.0,0.0
ecfp6_bit_0339,0.0,0.0
ecfp6_bit_0340,0.0,0.0
ecfp6_bit_0341,-0.0,0.0
ecfp6_bit_0342,-0.0,0.0
ecfp6_bit_0343,-0.0,0.0
ecfp6_bit_0335,-0.0,0.0
ecfp6_bit_0307,0.0,0.0
ecfp6_bit_0308,-0.0,0.0
ecfp6_bit_0309,0.0,0.0
ecfp6_bit_0310,-0.0,0.0
ecfp6_bit_0311,-0.0,0.0
ecfp6_bit_0312,0.0,0.0
ecfp6_bit_0313,-0.0,0.0
ecfp6_bit_0326,0.0,0.0
ecfp6_bit_0315,-0.0,0.0
ecfp6_bit_0316,-0.0,0.0
ecfp6_bit_0318,-0.0,0.0
ecfp6_bit_0319,0.0,0.0
ecfp6_bit_0322,-0.0,0.0
ecfp6_bit_0323,0.0,0.0
ecfp6_bit_0324,0.0,0.0
ecfp6_bit_0325,0.0,0.0
ecfp6_bit_0314,0.0,0.0
ecfp6_bit_0364,-0.0,0.0
ecfp6_bit_0365,-0.0,0.0
ecfp6_bit_0366,-0.0,0.0
ecfp6_bit_0367,-0.0,0.0
ecfp6_bit_0368,-0.0,0.0
ecfp6_bit_0369,-0.0,0.0
ecfp6_bit_0370,0.0,0.0
ecfp6_bit_0344,0.0,0.0
ecfp6_bit_0372,0.0,0.0
ecfp6_bit_0374,0.0,0.0
ecfp6_bit_0375,-0.0,0.0
ecfp6_bit_0376,0.0,0.0
ecfp6_bit_0377,-0.0,0.0
ecfp6_bit_0378,0.0,0.0
ecfp6_bit_0379,0.0,0.0
ecfp6_bit_0380,-0.0,0.0
ecfp6_bit_0371,-0.0,0.0
ecfp6_bit_0345,-0.0,0.0
ecfp6_bit_0346,-0.0,0.0
ecfp6_bit_0348,0.0,0.0
ecfp6_bit_0349,-0.0,0.0
ecfp6_bit_0350,0.0,0.0
ecfp6_bit_0351,0.0,0.0
ecfp6_bit_0352,0.0,0.0
ecfp6_bit_0363,-0.0,0.0
ecfp6_bit_0354,0.0,0.0
ecfp6_bit_0355,-0.0,0.0
ecfp6_bit_0356,-0.0,0.0
ecfp6_bit_0357,0.0,0.0
ecfp6_bit_0359,-0.0,0.0
ecfp6_bit_0360,0.0,0.0
ecfp6_bit_0361,-0.0,0.0
ecfp6_bit_0362,-0.0,0.0
ecfp6_bit_0353,-0.0,0.0
ecfp6_bit_0550,-0.0,0.0
ecfp6_bit_0552,-0.0,0.0
ecfp6_bit_0553,0.0,0.0
ecfp6_bit_0554,-0.0,0.0
ecfp6_bit_0555,0.0,0.0
ecfp6_bit_0556,-0.0,0.0
ecfp6_bit_0557,-0.0,0.0
ecfp6_bit_0452,0.0,0.0
ecfp6_bit_0559,0.0,0.0
ecfp6_bit_0560,0.0,0.0
ecfp6_bit_0561,-0.0,0.0
ecfp6_bit_0562,-0.0,0.0
ecfp6_bit_0564,0.0,0.0
ecfp6_bit_0565,0.0,0.0
ecfp6_bit_0566,-0.0,0.0
ecfp6_bit_0567,-0.0,0.0
ecfp6_bit_0558,0.0,0.0
ecfp6_bit_0532,-0.0,0.0
ecfp6_bit_0533,0.0,0.0
ecfp6_bit_0534,-0.0,0.0
ecfp6_bit_0535,0.0,0.0
ecfp6_bit_0536,-0.0,0.0
ecfp6_bit_0537,0.0,0.0
ecfp6_bit_0538,0.0,0.0
ecfp6_bit_0549,-0.0,0.0
ecfp6_bit_0540,0.0,0.0
ecfp6_bit_0541,0.0,0.0
ecfp6_bit_0542,0.0,0.0
ecfp6_bit_0544,0.0,0.0
ecfp6_bit_0545,0.0,0.0
ecfp6_bit_0546,0.0,0.0
ecfp6_bit_0547,-0.0,0.0
ecfp6_bit_0548,-0.0,0.0
ecfp6_bit_0539,-0.0,0.0
ecfp6_bit_0589,-0.0,0.0
ecfp6_bit_0590,-0.0,0.0
ecfp6_bit_0591,-0.0,0.0
ecfp6_bit_0592,0.0,0.0
ecfp6_bit_0593,-0.0,0.0
ecfp6_bit_0594,-0.0,0.0
ecfp6_bit_0595,-0.0,0.0
ecfp6_bit_0568,0.0,0.0
ecfp6_bit_0597,-0.0,0.0
ecfp6_bit_0598,-0.0,0.0
ecfp6_bit_0599,-0.0,0.0
ecfp6_bit_0600,-0.0,0.0
ecfp6_bit_0602,-0.0,0.0
ecfp6_bit_0603,0.0,0.0
ecfp6_bit_0606,0.0,0.0
ecfp6_bit_0608,0.0,0.0
ecfp6_bit_0596,-0.0,0.0
ecfp6_bit_0569,0.0,0.0
ecfp6_bit_0571,-0.0,0.0
ecfp6_bit_0573,0.0,0.0
ecfp6_bit_0574,0.0,0.0
ecfp6_bit_0575,-0.0,0.0
ecfp6_bit_0576,-0.0,0.0
ecfp6_bit_0577,0.0,0.0
ecfp6_bit_0588,-0.0,0.0
ecfp6_bit_0579,-0.0,0.0
ecfp6_bit_0580,-0.0,0.0
ecfp6_bit_0581,-0.0,0.0
ecfp6_bit_0582,-0.0,0.0
ecfp6_bit_0584,0.0,0.0
ecfp6_bit_0585,0.0,0.0
ecfp6_bit_0586,0.0,0.0
ecfp6_bit_0587,0.0,0.0
ecfp6_bit_0578,0.0,0.0
ecfp6_bit_0473,0.0,0.0
ecfp6_bit_0474,-0.0,0.0
ecfp6_bit_0475,0.0,0.0
ecfp6_bit_0476,0.0,0.0
ecfp6_bit_0477,0.0,0.0
ecfp6_bit_0478,0.0,0.0
ecfp6_bit_0479,0.0,0.0
ecfp6_bit_0531,0.0,0.0
ecfp6_bit_0481,0.0,0.0
ecfp6_bit_0483,0.0,0.0
ecfp6_bit_0484,0.0,0.0
ecfp6_bit_0485,-0.0,0.0
ecfp6_bit_0486,0.0,0.0
ecfp6_bit_0487,0.0,0.0
ecfp6_bit_0488,-0.0,0.0
ecfp6_bit_0489,0.0,0.0
ecfp6_bit_0480,0.0,0.0
ecfp6_bit_0454,-0.0,0.0
ecfp6_bit_0456,0.0,0.0
ecfp6_bit_0457,-0.0,0.0
ecfp6_bit_0459,-0.0,0.0
ecfp6_bit_0460,0.0,0.0
ecfp6_bit_0461,0.0,0.0
ecfp6_bit_0462,-0.0,0.0
ecfp6_bit_0472,-0.0,0.0
ecfp6_bit_0464,0.0,0.0
ecfp6_bit_0465,-0.0,0.0
ecfp6_bit_0466,-0.0,0.0
ecfp6_bit_0467,-0.0,0.0
ecfp6_bit_0468,-0.0,0.0
ecfp6_bit_0469,-0.0,0.0
ecfp6_bit_0470,-0.0,0.0
ecfp6_bit_0471,0.0,0.0
ecfp6_bit_0463,-0.0,0.0
ecfp6_bit_0512,0.0,0.0
ecfp6_bit_0513,-0.0,0.0
ecfp6_bit_0514,-0.0,0.0
ecfp6_bit_0515,0.0,0.0
ecfp6_bit_0516,-0.0,0.0
ecfp6_bit_0517,-0.0,0.0
ecfp6_bit_0518,0.0,0.0
ecfp6_bit_0490,0.0,0.0
ecfp6_bit_0521,0.0,0.0
ecfp6_bit_0523,0.0,0.0
ecfp6_bit_0524,-0.0,0.0
ecfp6_bit_0525,0.0,0.0
ecfp6_bit_0526,0.0,0.0
ecfp6_bit_0527,-0.0,0.0
ecfp6_bit_0529,-0.0,0.0
ecfp6_bit_0530,0.0,0.0
ecfp6_bit_0519,-0.0,0.0
ecfp6_bit_0491,0.0,0.0
ecfp6_bit_0492,0.0,0.0
ecfp6_bit_0494,-0.0,0.0
ecfp6_bit_0495,-0.0,0.0
ecfp6_bit_0498,0.0,0.0
ecfp6_bit_0499,-0.0,0.0
ecfp6_bit_0500,-0.0,0.0
ecfp6_bit_0510,0.0,0.0
ecfp6_bit_0502,0.0,0.0
ecfp6_bit_0503,0.0,0.0
ecfp6_bit_0504,0.0,0.0
ecfp6_bit_0505,0.0,0.0
ecfp6_bit_0506,0.0,0.0
ecfp6_bit_0507,-0.0,0.0
ecfp6_bit_0508,-0.0,0.0
ecfp6_bit_0509,0.0,0.0
ecfp6_bit_0501,-0.0,0.0
fcfp6_bit_0330,-0.0,0.0
fcfp6_bit_0329,-0.0,0.0
fcfp6_bit_0327,-0.0,0.0
fcfp6_bit_0326,-0.0,0.0
fcfp6_bit_0325,0.0,0.0
fcfp6_bit_0324,0.0,0.0
fcfp6_bit_0323,-0.0,0.0
fcfp6_bit_0322,0.0,0.0
fcfp6_bit_0321,-0.0,0.0
fcfp6_bit_0320,0.0,0.0
fcfp6_bit_0319,-0.0,0.0
fcfp6_bit_0318,-0.0,0.0
fcfp6_bit_0317,-0.0,0.0
fcfp6_bit_0316,-0.0,0.0
fcfp6_bit_0314,-0.0,0.0
ecfp6_bit_0907,0.0,0.0
fcfp6_bit_0295,0.0,0.0
fcfp6_bit_0296,0.0,0.0
fcfp6_bit_0297,-0.0,0.0
fcfp6_bit_0298,0.0,0.0
fcfp6_bit_0299,-0.0,0.0
fcfp6_bit_0300,0.0,0.0
fcfp6_bit_0302,0.0,0.0
fcfp6_bit_0313,0.0,0.0
fcfp6_bit_0305,-0.0,0.0
fcfp6_bit_0306,0.0,0.0
fcfp6_bit_0307,-0.0,0.0
fcfp6_bit_0308,0.0,0.0
fcfp6_bit_0309,-0.0,0.0
fcfp6_bit_0310,-0.0,0.0
fcfp6_bit_0311,-0.0,0.0
fcfp6_bit_0312,0.0,0.0
fcfp6_bit_0303,0.0,0.0
fcfp6_bit_0350,-0.0,0.0
fcfp6_bit_0353,-0.0,0.0
fcfp6_bit_0354,-0.0,0.0
fcfp6_bit_0355,0.0,0.0
fcfp6_bit_0356,0.0,0.0
fcfp6_bit_0357,0.0,0.0
fcfp6_bit_0360,-0.0,0.0
fcfp6_bit_0331,-0.0,0.0
fcfp6_bit_0362,-0.0,0.0
fcfp6_bit_0364,-0.0,0.0
fcfp6_bit_0365,-0.0,0.0
fcfp6_bit_0366,-0.0,0.0
fcfp6_bit_0367,-0.0,0.0
fcfp6_bit_0368,-0.0,0.0
fcfp6_bit_0369,0.0,0.0
fcfp6_bit_0370,-0.0,0.0
fcfp6_bit_0361,0.0,0.0
fcfp6_bit_0333,-0.0,0.0
fcfp6_bit_0334,-0.0,0.0
fcfp6_bit_0335,0.0,0.0
fcfp6_bit_0336,-0.0,0.0
fcfp6_bit_0337,-0.0,0.0
fcfp6_bit_0338,0.0,0.0
fcfp6_bit_0339,0.0,0.0
fcfp6_bit_0349,-0.0,0.0
fcfp6_bit_0341,-0.0,0.0
fcfp6_bit_0342,-0.0,0.0
fcfp6_bit_0343,-0.0,0.0
fcfp6_bit_0344,-0.0,0.0
fcfp6_bit_0345,-0.0,0.0
fcfp6_bit_0346,-0.0,0.0
fcfp6_bit_0347,0.0,0.0
fcfp6_bit_0348,0.0,0.0
fcfp6_bit_0340,-0.0,0.0
fcfp6_bit_0227,0.0,0.0
fcfp6_bit_0228,-0.0,0.0
fcfp6_bit_0229,0.0,0.0
fcfp6_bit_0231,0.0,0.0
fcfp6_bit_0232,-0.0,0.0
fcfp6_bit_0234,-0.0,0.0
fcfp6_bit_0235,-0.0,0.0
fcfp6_bit_0294,-0.0,0.0
fcfp6_bit_0238,-0.0,0.0
fcfp6_bit_0239,0.0,0.0
fcfp6_bit_0240,-0.0,0.0
fcfp6_bit_0241,0.0,0.0
fcfp6_bit_0243,0.0,0.0
fcfp6_bit_0244,0.0,0.0
fcfp6_bit_0246,-0.0,0.0
fcfp6_bit_0249,0.0,0.0
fcfp6_bit_0237,-0.0,0.0
fcfp6_bit_0204,-0.0,0.0
fcfp6_bit_0205,-0.0,0.0
fcfp6_bit_0206,-0.0,0.0
fcfp6_bit_0207,-0.0,0.0
fcfp6_bit_0208,0.0,0.0
fcfp6_bit_0210,0.0,0.0
fcfp6_bit_0214,0.0,0.0
fcfp6_bit_0225,-0.0,0.0
fcfp6_bit_0216,-0.0,0.0
fcfp6_bit_0217,-0.0,0.0
fcfp6_bit_0218,0.0,0.0
fcfp6_bit_0219,0.0,0.0
fcfp6_bit_0220,-0.0,0.0
fcfp6_bit_0222,0.0,0.0
fcfp6_bit_0223,-0.0,0.0
fcfp6_bit_0224,-0.0,0.0
fcfp6_bit_0215,0.0,0.0
fcfp6_bit_0271,0.0,0.0
fcfp6_bit_0272,-0.0,0.0
fcfp6_bit_0274,0.0,0.0
fcfp6_bit_0275,-0.0,0.0
fcfp6_bit_0276,-0.0,0.0
fcfp6_bit_0277,0.0,0.0
fcfp6_bit_0278,-0.0,0.0
fcfp6_bit_0250,0.0,0.0
fcfp6_bit_0280,0.0,0.0
fcfp6_bit_0281,-0.0,0.0
fcfp6_bit_0282,0.0,0.0
fcfp6_bit_0283,0.0,0.0
fcfp6_bit_0288,-0.0,0.0
fcfp6_bit_0290,-0.0,0.0
fcfp6_bit_0291,0.0,0.0
fcfp6_bit_0293,0.0,0.0
fcfp6_bit_0279,-0.0,0.0
fcfp6_bit_0251,0.0,0.0
fcfp6_bit_0252,0.0,0.0
fcfp6_bit_0253,0.0,0.0
fcfp6_bit_0254,0.0,0.0
fcfp6_bit_0255,0.0,0.0
fcfp6_bit_0256,-0.0,0.0
fcfp6_bit_0259,-0.0,0.0
fcfp6_bit_0270,-0.0,0.0
fcfp6_bit_0262,0.0,0.0
fcfp6_bit_0263,-0.0,0.0
fcfp6_bit_0264,0.0,0.0
fcfp6_bit_0265,0.0,0.0
fcfp6_bit_0266,-0.0,0.0
fcfp6_bit_0267,0.0,0.0
fcfp6_bit_0268,0.0,0.0
fcfp6_bit_0269,0.0,0.0
fcfp6_bit_0261,-0.0,0.0
fcfp6_bit_0476,0.0,0.0
fcfp6_bit_0477,-0.0,0.0
fcfp6_bit_0478,-0.0,0.0
fcfp6_bit_0479,0.0,0.0
fcfp6_bit_0480,0.0,0.0
fcfp6_bit_0481,0.0,0.0
fcfp6_bit_0482,0.0,0.0
fcfp6_bit_0371,0.0,0.0
fcfp6_bit_0484,0.0,0.0
fcfp6_bit_0485,0.0,0.0
fcfp6_bit_0486,-0.0,0.0
fcfp6_bit_0487,-0.0,0.0
fcfp6_bit_0489,-0.0,0.0
fcfp6_bit_0491,-0.0,0.0
fcfp6_bit_0492,0.0,0.0
fcfp6_bit_0493,-0.0,0.0
fcfp6_bit_0483,-0.0,0.0
fcfp6_bit_0455,-0.0,0.0
fcfp6_bit_0456,0.0,0.0
fcfp6_bit_0458,0.0,0.0
fcfp6_bit_0459,0.0,0.0
fcfp6_bit_0461,-0.0,0.0
fcfp6_bit_0463,0.0,0.0
fcfp6_bit_0464,0.0,0.0
fcfp6_bit_0475,-0.0,0.0
fcfp6_bit_0466,0.0,0.0
fcfp6_bit_0467,0.0,0.0
fcfp6_bit_0468,-0.0,0.0
fcfp6_bit_0470,-0.0,0.0
fcfp6_bit_0471,0.0,0.0
fcfp6_bit_0472,0.0,0.0
fcfp6_bit_0473,0.0,0.0
fcfp6_bit_0474,-0.0,0.0
fcfp6_bit_0465,-0.0,0.0
fcfp6_bit_0513,-0.0,0.0
fcfp6_bit_0515,0.0,0.0
fcfp6_bit_0517,-0.0,0.0
fcfp6_bit_0519,-0.0,0.0
fcfp6_bit_0520,-0.0,0.0
fcfp6_bit_0522,-0.0,0.0
fcfp6_bit_0523,-0.0,0.0
fcfp6_bit_0494,0.0,0.0
fcfp6_bit_0526,0.0,0.0
fcfp6_bit_0527,0.0,0.0
fcfp6_bit_0528,-0.0,0.0
fcfp6_bit_0529,-0.0,0.0
fcfp6_bit_0532,0.0,0.0
fcfp6_bit_0533,-0.0,0.0
fcfp6_bit_0534,0.0,0.0
fcfp6_bit_0535,0.0,0.0
fcfp6_bit_0525,-0.0,0.0
fcfp6_bit_0496,0.0,0.0
fcfp6_bit_0497,0.0,0.0
fcfp6_bit_0498,0.0,0.0
fcfp6_bit_0499,-0.0,0.0
fcfp6_bit_0500,-0.0,0.0
fcfp6_bit_0501,-0.0,0.0
fcfp6_bit_0502,0.0,0.0
fcfp6_bit_0512,-0.0,0.0
fcfp6_bit_0504,0.0,0.0
fcfp6_bit_0505,-0.0,0.0
fcfp6_bit_0506,-0.0,0.0
fcfp6_bit_0507,0.0,0.0
fcfp6_bit_0508,-0.0,0.0
fcfp6_bit_0509,0.0,0.0
fcfp6_bit_0510,0.0,0.0
fcfp6_bit_0511,-0.0,0.0
fcfp6_bit_0503,0.0,0.0
fcfp6_bit_0392,0.0,0.0
fcfp6_bit_0393,-0.0,0.0
fcfp6_bit_0394,-0.0,0.0
fcfp6_bit_0396,0.0,0.0
fcfp6_bit_0397,-0.0,0.0
fcfp6_bit_0400,-0.0,0.0
fcfp6_bit_0401,0.0,0.0
fcfp6_bit_0454,0.0,0.0
fcfp6_bit_0403,-0.0,0.0
fcfp6_bit_0405,0.0,0.0
fcfp6_bit_0406,-0.0,0.0
fcfp6_bit_0407,-0.0,0.0
fcfp6_bit_0409,0.0,0.0
fcfp6_bit_0410,-0.0,0.0
fcfp6_bit_0411,-0.0,0.0
fcfp6_bit_0412,-0.0,0.0
fcfp6_bit_0402,0.0,0.0
fcfp6_bit_0373,-0.0,0.0
fcfp6_bit_0374,0.0,0.0
fcfp6_bit_0376,0.0,0.0
fcfp6_bit_0377,-0.0,0.0
fcfp6_bit_0378,-0.0,0.0
fcfp6_bit_0379,-0.0,0.0
fcfp6_bit_0380,0.0,0.0
fcfp6_bit_0391,-0.0,0.0
fcfp6_bit_0382,0.0,0.0
fcfp6_bit_0383,0.0,0.0
fcfp6_bit_0385,0.0,0.0
fcfp6_bit_0386,0.0,0.0
fcfp6_bit_0387,-0.0,0.0
fcfp6_bit_0388,0.0,0.0
fcfp6_bit_0389,-0.0,0.0
fcfp6_bit_0390,0.0,0.0
fcfp6_bit_0381,0.0,0.0
fcfp6_bit_0433,-0.0,0.0
fcfp6_bit_0434,0.0,0.0
fcfp6_bit_0436,-0.0,0.0
fcfp6_bit_0438,0.0,0.0
fcfp6_bit_0439,0.0,0.0
fcfp6_bit_0441,0.0,0.0
fcfp6_bit_0442,-0.0,0.0
fcfp6_bit_0413,-0.0,0.0
fcfp6_bit_0444,0.0,0.0
fcfp6_bit_0445,0.0,0.0
fcfp6_bit_0446,-0.0,0.0
fcfp6_bit_0447,0.0,0.0
fcfp6_bit_0448,-0.0,0.0
fcfp6_bit_0450,0.0,0.0
fcfp6_bit_0452,0.0,0.0
fcfp6_bit_0453,-0.0,0.0
fcfp6_bit_0443,-0.0,0.0
fcfp6_bit_0414,-0.0,0.0
fcfp6_bit_0415,0.0,0.0
fcfp6_bit_0416,-0.0,0.0
fcfp6_bit_0417,-0.0,0.0
fcfp6_bit_0418,0.0,0.0
fcfp6_bit_0419,-0.0,0.0
fcfp6_bit_0420,-0.0,0.0
fcfp6_bit_0432,-0.0,0.0
fcfp6_bit_0422,0.0,0.0
fcfp6_bit_0424,-0.0,0.0
fcfp6_bit_0425,-0.0,0.0
fcfp6_bit_0426,0.0,0.0
fcfp6_bit_0427,-0.0,0.0
fcfp6_bit_0428,-0.0,0.0
fcfp6_bit_0430,0.0,0.0
fcfp6_bit_0431,-0.0,0.0
fcfp6_bit_0421,0.0,0.0
ecfp6_bit_1015,-0.0,0.0
ecfp6_bit_1014,0.0,0.0
ecfp6_bit_1013,0.0,0.0
ecfp6_bit_1012,-0.0,0.0
ecfp6_bit_1011,-0.0,0.0
ecfp6_bit_1010,0.0,0.0
ecfp6_bit_1009,-0.0,0.0
ecfp6_bit_1008,-0.0,0.0
ecfp6_bit_1007,-0.0,0.0
ecfp6_bit_1006,-0.0,0.0
ecfp6_bit_1005,-0.0,0.0
ecfp6_bit_1004,0.0,0.0
ecfp6_bit_1002,0.0,0.0
ecfp6_bit_1001,-0.0,0.0
ecfp6_bit_1000,0.0,0.0
fcfp6_bit_0203,0.0,0.0
ecfp6_bit_0982,-0.0,0.0
ecfp6_bit_0983,-0.0,0.0
ecfp6_bit_0984,0.0,0.0
ecfp6_bit_0985,-0.0,0.0
ecfp6_bit_0987,-0.0,0.0
ecfp6_bit_0988,0.0,0.0
ecfp6_bit_0989,-0.0,0.0
ecfp6_bit_0999,0.0,0.0
ecfp6_bit_0991,-0.0,0.0
ecfp6_bit_0992,-0.0,0.0
ecfp6_bit_0993,0.0,0.0
ecfp6_bit_0994,0.0,0.0
ecfp6_bit_0995,-0.0,0.0
ecfp6_bit_0996,0.0,0.0
ecfp6_bit_0997,0.0,0.0
ecfp6_bit_0998,0.0,0.0
ecfp6_bit_0990,-0.0,0.0
fcfp6_bit_0012,-0.0,0.0
fcfp6_bit_0013,-0.0,0.0
fcfp6_bit_0015,0.0,0.0
fcfp6_bit_0016,0.0,0.0
fcfp6_bit_0017,0.0,0.0
fcfp6_bit_0018,-0.0,0.0
fcfp6_bit_0019,-0.0,0.0
ecfp6_bit_1016,-0.0,0.0
fcfp6_bit_0021,-0.0,0.0
fcfp6_bit_0024,0.0,0.0
fcfp6_bit_0025,-0.0,0.0
fcfp6_bit_0026,-0.0,0.0
fcfp6_bit_0027,-0.0,0.0
fcfp6_bit_0028,-0.0,0.0
fcfp6_bit_0030,0.0,0.0
fcfp6_bit_0031,0.0,0.0
fcfp6_bit_0020,-0.0,0.0
ecfp6_bit_1017,0.0,0.0
ecfp6_bit_1018,-0.0,0.0
ecfp6_bit_1019,-0.0,0.0
ecfp6_bit_1020,-0.0,0.0
ecfp6_bit_1021,-0.0,0.0
ecfp6_bit_1022,-0.0,0.0
ecfp6_bit_1023,0.0,0.0
fcfp6_bit_0011,-0.0,0.0
fcfp6_bit_0001,0.0,0.0
fcfp6_bit_0002,0.0,0.0
fcfp6_bit_0003,0.0,0.0
fcfp6_bit_0004,-0.0,0.0
fcfp6_bit_0005,0.0,0.0
fcfp6_bit_0006,-0.0,0.0
fcfp6_bit_0008,-0.0,0.0
fcfp6_bit_0010,0.0,0.0
fcfp6_bit_0000,0.0,0.0
ecfp6_bit_0928,-0.0,0.0
ecfp6_bit_0929,-0.0,0.0
ecfp6_bit_0930,0.0,0.0
ecfp6_bit_0931,-0.0,0.0
ecfp6_bit_0932,-0.0,0.0
ecfp6_bit_0934,0.0,0.0
ecfp6_bit_0935,-0.0,0.0
ecfp6_bit_0981,-0.0,0.0
ecfp6_bit_0937,-0.0,0.0
ecfp6_bit_0938,-0.0,0.0
ecfp6_bit_0939,-0.0,0.0
ecfp6_bit_0940,-0.0,0.0
ecfp6_bit_0941,-0.0,0.0
ecfp6_bit_0942,0.0,0.0
ecfp6_bit_0943,0.0,0.0
ecfp6_bit_0944,-0.0,0.0
ecfp6_bit_0936,-0.0,0.0
ecfp6_bit_0908,0.0,0.0
ecfp6_bit_0909,0.0,0.0
ecfp6_bit_0910,0.0,0.0
ecfp6_bit_0911,0.0,0.0
ecfp6_bit_0912,-0.0,0.0
ecfp6_bit_0914,-0.0,0.0
ecfp6_bit_0915,-0.0,0.0
ecfp6_bit_0927,-0.0,0.0
ecfp6_bit_0918,0.0,0.0
ecfp6_bit_0919,0.0,0.0
ecfp6_bit_0920,0.0,0.0
ecfp6_bit_0921,0.0,0.0
ecfp6_bit_0923,0.0,0.0
ecfp6_bit_0924,0.0,0.0
ecfp6_bit_0925,-0.0,0.0
ecfp6_bit_0926,0.0,0.0
ecfp6_bit_0917,0.0,0.0
ecfp6_bit_0964,-0.0,0.0
ecfp6_bit_0965,0.0,0.0
ecfp6_bit_0966,0.0,0.0
ecfp6_bit_0967,-0.0,0.0
ecfp6_bit_0969,-0.0,0.0
ecfp6_bit_0970,0.0,0.0
ecfp6_bit_0971,0.0,0.0
ecfp6_bit_0945,-0.0,0.0
ecfp6_bit_0973,0.0,0.0
ecfp6_bit_0974,-0.0,0.0
ecfp6_bit_0975,0.0,0.0
ecfp6_bit_0976,-0.0,0.0
ecfp6_bit_0977,0.0,0.0
ecfp6_bit_0978,-0.0,0.0
ecfp6_bit_0979,0.0,0.0
ecfp6_bit_0980,-0.0,0.0
ecfp6_bit_0972,0.0,0.0
ecfp6_bit_0946,-0.0,0.0
ecfp6_bit_0947,0.0,0.0
ecfp6_bit_0948,-0.0,0.0
ecfp6_bit_0949,-0.0,0.0
ecfp6_bit_0950,0.0,0.0
ecfp6_bit_0951,-0.0,0.0
ecfp6_bit_0952,-0.0,0.0
ecfp6_bit_0963,0.0,0.0
ecfp6_bit_0954,-0.0,0.0
ecfp6_bit_0955,0.0,0.0
ecfp6_bit_0956,-0.0,0.0
ecfp6_bit_0957,-0.0,0.0
ecfp6_bit_0958,0.0,0.0
ecfp6_bit_0960,0.0,0.0
ecfp6_bit_0961,-0.0,0.0
ecfp6_bit_0962,-0.0,0.0
ecfp6_bit_0953,-0.0,0.0
fcfp6_bit_0146,0.0,0.0
fcfp6_bit_0147,-0.0,0.0
fcfp6_bit_0148,0.0,0.0
fcfp6_bit_0149,-0.0,0.0
fcfp6_bit_0150,0.0,0.0
fcfp6_bit_0151,-0.0,0.0
fcfp6_bit_0152,-0.0,0.0
fcfp6_bit_0032,0.0,0.0
fcfp6_bit_0154,0.0,0.0
fcfp6_bit_0155,-0.0,0.0
fcfp6_bit_0158,0.0,0.0
fcfp6_bit_0159,-0.0,0.0
fcfp6_bit_0160,0.0,0.0
fcfp6_bit_0161,-0.0,0.0
fcfp6_bit_0162,0.0,0.0
fcfp6_bit_0163,-0.0,0.0
fcfp6_bit_0153,-0.0,0.0
fcfp6_bit_0123,0.0,0.0
fcfp6_bit_0124,0.0,0.0
fcfp6_bit_0126,0.0,0.0
fcfp6_bit_0127,-0.0,0.0
fcfp6_bit_0129,-0.0,0.0
fcfp6_bit_0131,-0.0,0.0
fcfp6_bit_0132,0.0,0.0
fcfp6_bit_0144,0.0,0.0
fcfp6_bit_0134,-0.0,0.0
fcfp6_bit_0135,0.0,0.0
fcfp6_bit_0136,0.0,0.0
fcfp6_bit_0137,0.0,0.0
fcfp6_bit_0138,-0.0,0.0
fcfp6_bit_0139,-0.0,0.0
fcfp6_bit_0140,-0.0,0.0
fcfp6_bit_0141,-0.0,0.0
fcfp6_bit_0133,0.0,0.0
fcfp6_bit_0184,0.0,0.0
fcfp6_bit_0185,0.0,0.0
fcfp6_bit_0186,-0.0,0.0
fcfp6_bit_0188,-0.0,0.0
fcfp6_bit_0189,-0.0,0.0
fcfp6_bit_0190,-0.0,0.0
fcfp6_bit_0191,0.0,0.0
fcfp6_bit_0164,-0.0,0.0
fcfp6_bit_0193,0.0,0.0
fcfp6_bit_0195,0.0,0.0
fcfp6_bit_0196,-0.0,0.0
fcfp6_bit_0198,-0.0,0.0
fcfp6_bit_0199,-0.0,0.0
fcfp6_bit_0200,0.0,0.0
fcfp6_bit_0201,-0.0,0.0
fcfp6_bit_0202,-0.0,0.0
fcfp6_bit_0192,-0.0,0.0
fcfp6_bit_0165,0.0,0.0
fcfp6_bit_0166,0.0,0.0
fcfp6_bit_0167,0.0,0.0
fcfp6_bit_0168,0.0,0.0
fcfp6_bit_0169,0.0,0.0
fcfp6_bit_0170,0.0,0.0
fcfp6_bit_0171,0.0,0.0
fcfp6_bit_0183,-0.0,0.0
fcfp6_bit_0174,-0.0,0.0
fcfp6_bit_0175,-0.0,0.0
fcfp6_bit_0176,0.0,0.0
fcfp6_bit_0177,-0.0,0.0
fcfp6_bit_0178,-0.0,0.0
fcfp6_bit_0179,-0.0,0.0
fcfp6_bit_0181,0.0,0.0
fcfp6_bit_0182,-0.0,0.0
fcfp6_bit_0172,0.0,0.0
fcfp6_bit_0054,-0.0,0.0
fcfp6_bit_0055,-0.0,0.0
fcfp6_bit_0056,0.0,0.0
fcfp6_bit_0057,0.0,0.0
fcfp6_bit_0058,-0.0,0.0
fcfp6_bit_0059,-0.0,0.0
fcfp6_bit_0061,0.0,0.0
fcfp6_bit_0122,0.0,0.0
fcfp6_bit_0063,-0.0,0.0
fcfp6_bit_0064,0.0,0.0
fcfp6_bit_0065,-0.0,0.0
fcfp6_bit_0067,-0.0,0.0
fcfp6_bit_0068,0.0,0.0
fcfp6_bit_0069,-0.0,0.0
fcfp6_bit_0070,0.0,0.0
fcfp6_bit_0071,0.0,0.0
fcfp6_bit_0062,0.0,0.0
fcfp6_bit_0033,0.0,0.0
fcfp6_bit_0034,0.0,0.0
fcfp6_bit_0035,-0.0,0.0
fcfp6_bit_0036,-0.0,0.0
fcfp6_bit_0037,-0.0,0.0
fcfp6_bit_0039,-0.0,0.0
fcfp6_bit_0040,0.0,0.0
fcfp6_bit_0053,0.0,0.0
fcfp6_bit_0042,0.0,0.0
fcfp6_bit_0043,0.0,0.0
fcfp6_bit_0044,-0.0,0.0
fcfp6_bit_0045,0.0,0.0
fcfp6_bit_0046,0.0,0.0
fcfp6_bit_0049,-0.0,0.0
fcfp6_bit_0050,0.0,0.0
fcfp6_bit_0051,0.0,0.0
fcfp6_bit_0041,0.0,0.0
fcfp6_bit_0096,0.0,0.0
fcfp6_bit_0097,-0.0,0.0
fcfp6_bit_0098,0.0,0.0
fcfp6_bit_0100,0.0,0.0
fcfp6_bit_0103,0.0,0.0
fcfp6_bit_0106,-0.0,0.0
fcfp6_bit_0110,-0.0,0.0
fcfp6_bit_0072,0.0,0.0
fcfp6_bit_0112,-0.0,0.0
fcfp6_bit_0113,-0.0,0.0
fcfp6_bit_0114,0.0,0.0
fcfp6_bit_0115,0.0,0.0
fcfp6_bit_0116,-0.0,0.0
fcfp6_bit_0117,0.0,0.0
fcfp6_bit_0120,0.0,0.0
fcfp6_bit_0121,0.0,0.0
fcfp6_bit_0111,-0.0,0.0
fcfp6_bit_0074,-0.0,0.0
fcfp6_bit_0075,0.0,0.0
fcfp6_bit_0076,-0.0,0.0
fcfp6_bit_0077,0.0,0.0
fcfp6_bit_0078,0.0,0.0
fcfp6_bit_0079,-0.0,0.0
fcfp6_bit_0080,-0.0,0.0
fcfp6_bit_0095,0.0,0.0
fcfp6_bit_0084,0.0,0.0
fcfp6_bit_0086,-0.0,0.0
fcfp6_bit_0087,-0.0,0.0
fcfp6_bit_0088,0.0,0.0
fcfp6_bit_0091,0.0,0.0
fcfp6_bit_0092,0.0,0.0
fcfp6_bit_0093,0.0,0.0
fcfp6_bit_0094,-0.0,0.0
fcfp6_bit_0083,-0.0,0.0
morgan_bit_0464,-0.0,0.0
morgan_bit_0463,-0.0,0.0
morgan_bit_0462,0.0,0.0
morgan_bit_0461,0.0,0.0
morgan_bit_0458,-0.0,0.0
morgan_bit_0457,-0.0,0.0
morgan_bit_0456,0.0,0.0
morgan_bit_0455,-0.0,0.0
morgan_bit_0452,0.0,0.0
morgan_bit_0451,0.0,0.0
morgan_bit_0450,0.0,0.0
morgan_bit_0449,0.0,0.0
morgan_bit_0448,0.0,0.0
morgan_bit_0447,-0.0,0.0
morgan_bit_0446,-0.0,0.0
ecfp6_bit_0305,0.0,0.0
morgan_bit_0426,0.0,0.0
morgan_bit_0427,-0.0,0.0
morgan_bit_0428,0.0,0.0
morgan_bit_0429,-0.0,0.0
morgan_bit_0430,-0.0,0.0
morgan_bit_0431,0.0,0.0
morgan_bit_0432,-0.0,0.0
morgan_bit_0445,0.0,0.0
morgan_bit_0434,-0.0,0.0
morgan_bit_0435,-0.0,0.0
morgan_bit_0436,0.0,0.0
morgan_bit_0439,0.0,0.0
morgan_bit_0441,0.0,0.0
morgan_bit_0442,-0.0,0.0
morgan_bit_0443,-0.0,0.0
morgan_bit_0444,-0.0,0.0
morgan_bit_0433,0.0,0.0
morgan_bit_0490,0.0,0.0
morgan_bit_0491,0.0,0.0
morgan_bit_0492,0.0,0.0
morgan_bit_0493,-0.0,0.0
morgan_bit_0494,-0.0,0.0
morgan_bit_0496,0.0,0.0
morgan_bit_0497,0.0,0.0
morgan_bit_0465,0.0,0.0
morgan_bit_0499,-0.0,0.0
morgan_bit_0500,-0.0,0.0
morgan_bit_0501,-0.0,0.0
morgan_bit_0502,0.0,0.0
morgan_bit_0504,-0.0,0.0
morgan_bit_0507,-0.0,0.0
morgan_bit_0508,-0.0,0.0
morgan_bit_0510,-0.0,0.0
morgan_bit_0498,0.0,0.0
morgan_bit_0469,0.0,0.0
morgan_bit_0470,-0.0,0.0
morgan_bit_0471,-0.0,0.0
morgan_bit_0473,0.0,0.0
morgan_bit_0474,-0.0,0.0
morgan_bit_0475,0.0,0.0
morgan_bit_0477,0.0,0.0
morgan_bit_0489,-0.0,0.0
morgan_bit_0480,0.0,0.0
morgan_bit_0481,0.0,0.0
morgan_bit_0482,0.0,0.0
morgan_bit_0484,0.0,0.0
morgan_bit_0485,-0.0,0.0
morgan_bit_0486,0.0,0.0
morgan_bit_0487,0.0,0.0
morgan_bit_0488,-0.0,0.0
morgan_bit_0479,0.0,0.0
morgan_bit_0362,-0.0,0.0
morgan_bit_0364,-0.0,0.0
morgan_bit_0365,-0.0,0.0
morgan_bit_0366,-0.0,0.0
morgan_bit_0367,0.0,0.0
morgan_bit_0369,0.0,0.0
morgan_bit_0370,0.0,0.0
morgan_bit_0423,0.0,0.0
morgan_bit_0372,0.0,0.0
morgan_bit_0373,0.0,0.0
morgan_bit_0374,-0.0,0.0
morgan_bit_0375,0.0,0.0
morgan_bit_0376,-0.0,0.0
morgan_bit_0377,-0.0,0.0
morgan_bit_0378,0.0,0.0
morgan_bit_0379,0.0,0.0
morgan_bit_0371,-0.0,0.0
morgan_bit_0343,-0.0,0.0
morgan_bit_0345,-0.0,0.0
morgan_bit_0346,-0.0,0.0
morgan_bit_0347,0.0,0.0
morgan_bit_0348,0.0,0.0
morgan_bit_0349,-0.0,0.0
morgan_bit_0350,0.0,0.0
morgan_bit_0361,-0.0,0.0
morgan_bit_0352,0.0,0.0
morgan_bit_0353,-0.0,0.0
morgan_bit_0354,0.0,0.0
morgan_bit_0355,-0.0,0.0
morgan_bit_0356,-0.0,0.0
morgan_bit_0357,-0.0,0.0
morgan_bit_0358,0.0,0.0
morgan_bit_0360,-0.0,0.0
morgan_bit_0351,0.0,0.0
morgan_bit_0403,0.0,0.0
morgan_bit_0406,-0.0,0.0
morgan_bit_0407,-0.0,0.0
morgan_bit_0408,-0.0,0.0
morgan_bit_0409,-0.0,0.0
morgan_bit_0410,0.0,0.0
morgan_bit_0411,-0.0,0.0
morgan_bit_0380,-0.0,0.0
morgan_bit_0413,-0.0,0.0
morgan_bit_0414,-0.0,0.0
morgan_bit_0416,0.0,0.0
morgan_bit_0417,0.0,0.0
morgan_bit_0418,0.0,0.0
morgan_bit_0419,0.0,0.0
morgan_bit_0420,0.0,0.0
morgan_bit_0421,-0.0,0.0
morgan_bit_0412,0.0,0.0
morgan_bit_0381,0.0,0.0
morgan_bit_0383,0.0,0.0
morgan_bit_0384,-0.0,0.0
morgan_bit_0385,-0.0,0.0
morgan_bit_0386,0.0,0.0
morgan_bit_0387,0.0,0.0
morgan_bit_0388,0.0,0.0
morgan_bit_0401,0.0,0.0
morgan_bit_0391,0.0,0.0
morgan_bit_0392,0.0,0.0
morgan_bit_0393,-0.0,0.0
morgan_bit_0394,-0.0,0.0
morgan_bit_0396,-0.0,0.0
morgan_bit_0397,-0.0,0.0
morgan_bit_0398,-0.0,0.0
morgan_bit_0399,-0.0,0.0
morgan_bit_0389,-0.0,0.0
morgan_bit_0622,-0.0,0.0
morgan_bit_0623,0.0,0.0
morgan_bit_0625,-0.0,0.0
morgan_bit_0626,0.0,0.0
morgan_bit_0628,0.0,0.0
morgan_bit_0630,0.0,0.0
morgan_bit_0631,-0.0,0.0
morgan_bit_0512,0.0,0.0
morgan_bit_0633,0.0,0.0
morgan_bit_0636,-0.0,0.0
morgan_bit_0637,-0.0,0.0
morgan_bit_0639,-0.0,0.0
morgan_bit_0640,0.0,0.0
morgan_bit_0641,-0.0,0.0
morgan_bit_0642,0.0,0.0
morgan_bit_0643,0.0,0.0
morgan_bit_0632,0.0,0.0
morgan_bit_0599,-0.0,0.0
morgan_bit_0600,-0.0,0.0
morgan_bit_0602,-0.0,0.0
morgan_bit_0603,-0.0,0.0
morgan_bit_0605,-0.0,0.0
morgan_bit_0606,0.0,0.0
morgan_bit_0607,0.0,0.0
morgan_bit_0621,-0.0,0.0
morgan_bit_0610,0.0,0.0
morgan_bit_0611,0.0,0.0
morgan_bit_0612,0.0,0.0
morgan_bit_0614,0.0,0.0
morgan_bit_0616,0.0,0.0
morgan_bit_0617,0.0,0.0
morgan_bit_0618,-0.0,0.0
morgan_bit_0619,-0.0,0.0
morgan_bit_0609,0.0,0.0
morgan_bit_0669,0.0,0.0
morgan_bit_0672,0.0,0.0
morgan_bit_0673,-0.0,0.0
morgan_bit_0674,-0.0,0.0
morgan_bit_0675,0.0,0.0
morgan_bit_0676,-0.0,0.0
morgan_bit_0677,-0.0,0.0
morgan_bit_0644,-0.0,0.0
morgan_bit_0679,-0.0,0.0
morgan_bit_0680,0.0,0.0
morgan_bit_0682,-0.0,0.0
morgan_bit_0684,-0.0,0.0
morgan_bit_0685,0.0,0.0
morgan_bit_0686,-0.0,0.0
morgan_bit_0687,-0.0,0.0
morgan_bit_0689,0.0,0.0
morgan_bit_0678,0.0,0.0
morgan_bit_0646,-0.0,0.0
morgan_bit_0647,0.0,0.0
morgan_bit_0651,-0.0,0.0
morgan_bit_0652,-0.0,0.0
morgan_bit_0653,-0.0,0.0
morgan_bit_0654,0.0,0.0
morgan_bit_0655,0.0,0.0
morgan_bit_0668,-0.0,0.0
morgan_bit_0658,0.0,0.0
morgan_bit_0659,-0.0,0.0
morgan_bit_0661,0.0,0.0
morgan_bit_0662,0.0,0.0
morgan_bit_0663,-0.0,0.0
morgan_bit_0664,-0.0,0.0
morgan_bit_0666,0.0,0.0
morgan_bit_0667,0.0,0.0
morgan_bit_0656,0.0,0.0
morgan_bit_0534,-0.0,0.0
morgan_bit_0535,-0.0,0.0
morgan_bit_0536,0.0,0.0
morgan_bit_0539,-0.0,0.0
morgan_bit_0540,0.0,0.0
morgan_bit_0541,0.0,0.0
morgan_bit_0542,0.0,0.0
morgan_bit_0598,0.0,0.0
morgan_bit_0547,0.0,0.0
morgan_bit_0548,0.0,0.0
morgan_bit_0549,-0.0,0.0
morgan_bit_0550,-0.0,0.0
morgan_bit_0551,-0.0,0.0
morgan_bit_0552,-0.0,0.0
morgan_bit_0555,0.0,0.0
morgan_bit_0556,0.0,0.0
morgan_bit_0546,0.0,0.0
morgan_bit_0513,-0.0,0.0
morgan_bit_0514,0.0,0.0
morgan_bit_0515,0.0,0.0
morgan_bit_0518,0.0,0.0
morgan_bit_0521,0.0,0.0
morgan_bit_0522,-0.0,0.0
morgan_bit_0523,0.0,0.0
morgan_bit_0533,0.0,0.0
morgan_bit_0525,0.0,0.0
morgan_bit_0526,0.0,0.0
morgan_bit_0527,-0.0,0.0
morgan_bit_0528,0.0,0.0
morgan_bit_0529,0.0,0.0
morgan_bit_0530,0.0,0.0
morgan_bit_0531,0.0,0.0
morgan_bit_0532,-0.0,0.0
morgan_bit_0524,0.0,0.0
morgan_bit_0579,-0.0,0.0
morgan_bit_0580,-0.0,0.0
morgan_bit_0582,-0.0,0.0
morgan_bit_0583,0.0,0.0
morgan_bit_0585,0.0,0.0
morgan_bit_0586,0.0,0.0
morgan_bit_0587,0.0,0.0
morgan_bit_0557,-0.0,0.0
morgan_bit_0589,0.0,0.0
morgan_bit_0590,-0.0,0.0
morgan_bit_0591,-0.0,0.0
morgan_bit_0592,0.0,0.0
morgan_bit_0593,-0.0,0.0
morgan_bit_0594,-0.0,0.0
morgan_bit_0595,0.0,0.0
morgan_bit_0596,0.0,0.0
morgan_bit_0588,0.0,0.0
morgan_bit_0558,0.0,0.0
morgan_bit_0559,0.0,0.0
morgan_bit_0561,-0.0,0.0
morgan_bit_0562,-0.0,0.0
morgan_bit_0563,-0.0,0.0
morgan_bit_0564,0.0,0.0
morgan_bit_0565,0.0,0.0
morgan_bit_0578,-0.0,0.0
morgan_bit_0567,-0.0,0.0
morgan_bit_0568,0.0,0.0
morgan_bit_0569,-0.0,0.0
morgan_bit_0570,0.0,0.0
morgan_bit_0573,0.0,0.0
morgan_bit_0574,-0.0,0.0
morgan_bit_0575,-0.0,0.0
morgan_bit_0576,-0.0,0.0
morgan_bit_0566,-0.0,0.0
morgan_bit_0124,-0.0,0.0
morgan_bit_0123,0.0,0.0
morgan_bit_0121,-0.0,0.0
morgan_bit_0119,0.0,0.0
morgan_bit_0118,-0.0,0.0
morgan_bit_0117,-0.0,0.0
morgan_bit_0115,0.0,0.0
morgan_bit_0114,-0.0,0.0
morgan_bit_0113,0.0,0.0
morgan_bit_0112,-0.0,0.0
morgan_bit_0110,-0.0,0.0
morgan_bit_0108,-0.0,0.0
morgan_bit_0106,0.0,0.0
morgan_bit_0105,0.0,0.0
morgan_bit_0104,-0.0,0.0
morgan_bit_0342,-0.0,0.0
morgan_bit_0080,-0.0,0.0
morgan_bit_0081,-0.0,0.0
morgan_bit_0084,0.0,0.0
morgan_bit_0086,0.0,0.0
morgan_bit_0087,0.0,0.0
morgan_bit_0088,-0.0,0.0
morgan_bit_0089,0.0,0.0
morgan_bit_0103,0.0,0.0
morgan_bit_0091,-0.0,0.0
morgan_bit_0092,-0.0,0.0
morgan_bit_0094,-0.0,0.0
morgan_bit_0096,-0.0,0.0
morgan_bit_0098,-0.0,0.0
morgan_bit_0099,0.0,0.0
morgan_bit_0101,0.0,0.0
morgan_bit_0102,-0.0,0.0
morgan_bit_0090,0.0,0.0
morgan_bit_0145,0.0,0.0
morgan_bit_0146,0.0,0.0
morgan_bit_0147,0.0,0.0
morgan_bit_0148,0.0,0.0
morgan_bit_0149,0.0,0.0
morgan_bit_0150,0.0,0.0
morgan_bit_0152,-0.0,0.0
morgan_bit_0125,-0.0,0.0
morgan_bit_0157,-0.0,0.0
morgan_bit_0158,0.0,0.0
morgan_bit_0160,-0.0,0.0
morgan_bit_0161,0.0,0.0
morgan_bit_0162,0.0,0.0
morgan_bit_0163,-0.0,0.0
morgan_bit_0164,0.0,0.0
morgan_bit_0165,-0.0,0.0
morgan_bit_0156,0.0,0.0
morgan_bit_0126,0.0,0.0
morgan_bit_0127,-0.0,0.0
morgan_bit_0128,0.0,0.0
morgan_bit_0129,-0.0,0.0
morgan_bit_0130,0.0,0.0
morgan_bit_0131,0.0,0.0
morgan_bit_0133,-0.0,0.0
morgan_bit_0144,0.0,0.0
morgan_bit_0135,-0.0,0.0
morgan_bit_0136,0.0,0.0
morgan_bit_0137,0.0,0.0
morgan_bit_0138,0.0,0.0
morgan_bit_0139,-0.0,0.0
morgan_bit_0140,0.0,0.0
morgan_bit_0142,-0.0,0.0
morgan_bit_0143,0.0,0.0
morgan_bit_0134,0.0,0.0
morgan_bit_0001,0.0,0.0
morgan_bit_0020,-0.0,0.0
morgan_bit_0021,-0.0,0.0
morgan_bit_0023,-0.0,0.0
morgan_bit_0024,0.0,0.0
morgan_bit_0025,0.0,0.0
morgan_bit_0026,0.0,0.0
morgan_bit_0079,0.0,0.0
morgan_bit_0028,0.0,0.0
morgan_bit_0029,-0.0,0.0
morgan_bit_0031,0.0,0.0
morgan_bit_0032,0.0,0.0
morgan_bit_0034,-0.0,0.0
morgan_bit_0035,0.0,0.0
morgan_bit_0036,0.0,0.0
morgan_bit_0037,0.0,0.0
morgan_bit_0027,-0.0,0.0
morgan_bit_0002,0.0,0.0
erg_314,0.0,0.0
erg_299,0.0,0.0
erg_300,0.0,0.0
erg_301,0.0,0.0
erg_302,0.0,0.0
erg_303,0.0,0.0
erg_313,0.0,0.0
erg_305,0.0,0.0
erg_306,0.0,0.0
erg_307,0.0,0.0
erg_308,-0.0,0.0
erg_309,-0.0,0.0
erg_310,-0.0,0.0
erg_311,0.0,0.0
erg_312,0.0,0.0
erg_304,0.0,0.0
morgan_bit_0062,-0.0,0.0
morgan_bit_0063,-0.0,0.0
morgan_bit_0064,-0.0,0.0
morgan_bit_0065,-0.0,0.0
morgan_bit_0066,-0.0,0.0
morgan_bit_0067,-0.0,0.0
morgan_bit_0069,0.0,0.0
morgan_bit_0038,-0.0,0.0
morgan_bit_0071,-0.0,0.0
morgan_bit_0072,0.0,0.0
morgan_bit_0073,0.0,0.0
morgan_bit_0074,0.0,0.0
morgan_bit_0075,-0.0,0.0
morgan_bit_0076,0.0,0.0
morgan_bit_0077,-0.0,0.0
morgan_bit_0078,0.0,0.0
morgan_bit_0070,-0.0,0.0
morgan_bit_0039,-0.0,0.0
morgan_bit_0041,-0.0,0.0
morgan_bit_0042,0.0,0.0
morgan_bit_0043,-0.0,0.0
morgan_bit_0045,-0.0,0.0
morgan_bit_0046,-0.0,0.0
morgan_bit_0047,0.0,0.0
morgan_bit_0061,-0.0,0.0
morgan_bit_0049,-0.0,0.0
morgan_bit_0050,0.0,0.0
morgan_bit_0051,-0.0,0.0
morgan_bit_0052,-0.0,0.0
morgan_bit_0053,0.0,0.0
morgan_bit_0054,-0.0,0.0
morgan_bit_0058,-0.0,0.0
morgan_bit_0059,-0.0,0.0
morgan_bit_0048,0.0,0.0
morgan_bit_0276,-0.0,0.0
morgan_bit_0278,-0.0,0.0
morgan_bit_0280,-0.0,0.0
morgan_bit_0281,0.0,0.0
morgan_bit_0282,0.0,0.0
morgan_bit_0283,0.0,0.0
morgan_bit_0284,-0.0,0.0
morgan_bit_0166,-0.0,0.0
morgan_bit_0286,0.0,0.0
morgan_bit_0287,0.0,0.0
morgan_bit_0288,-0.0,0.0
morgan_bit_0289,0.0,0.0
morgan_bit_0290,0.0,0.0
morgan_bit_0293,-0.0,0.0
morgan_bit_0294,-0.0,0.0
morgan_bit_0295,-0.0,0.0
morgan_bit_0285,0.0,0.0
morgan_bit_0256,0.0,0.0
morgan_bit_0257,-0.0,0.0
morgan_bit_0258,-0.0,0.0
morgan_bit_0259,0.0,0.0
morgan_bit_0260,0.0,0.0
morgan_bit_0262,0.0,0.0
morgan_bit_0263,-0.0,0.0
morgan_bit_0275,0.0,0.0
morgan_bit_0266,0.0,0.0
morgan_bit_0267,-0.0,0.0
morgan_bit_0268,-0.0,0.0
morgan_bit_0270,0.0,0.0
morgan_bit_0271,0.0,0.0
morgan_bit_0272,0.0,0.0
morgan_bit_0273,-0.0,0.0
morgan_bit_0274,-0.0,0.0
morgan_bit_0265,-0.0,0.0
morgan_bit_0321,-0.0,0.0
morgan_bit_0322,0.0,0.0
morgan_bit_0323,0.0,0.0
morgan_bit_0324,0.0,0.0
morgan_bit_0325,0.0,0.0
morgan_bit_0328,0.0,0.0
morgan_bit_0329,-0.0,0.0
morgan_bit_0296,0.0,0.0
morgan_bit_0332,-0.0,0.0
morgan_bit_0333,-0.0,0.0
morgan_bit_0334,0.0,0.0
morgan_bit_0335,-0.0,0.0
morgan_bit_0336,0.0,0.0
morgan_bit_0338,0.0,0.0
morgan_bit_0339,0.0,0.0
morgan_bit_0341,-0.0,0.0
morgan_bit_0331,-0.0,0.0
morgan_bit_0297,-0.0,0.0
morgan_bit_0298,0.0,0.0
morgan_bit_0299,-0.0,0.0
morgan_bit_0301,-0.0,0.0
morgan_bit_0302,0.0,0.0
morgan_bit_0304,0.0,0.0
morgan_bit_0305,0.0,0.0
morgan_bit_0320,-0.0,0.0
morgan_bit_0307,0.0,0.0
morgan_bit_0309,-0.0,0.0
morgan_bit_0310,-0.0,0.0
morgan_bit_0312,0.0,0.0
morgan_bit_0313,-0.0,0.0
morgan_bit_0316,-0.0,0.0
morgan_bit_0317,-0.0,0.0
morgan_bit_0319,0.0,0.0
morgan_bit_0306,0.0,0.0
morgan_bit_0192,-0.0,0.0
morgan_bit_0193,-0.0,0.0
morgan_bit_0194,-0.0,0.0
morgan_bit_0195,0.0,0.0
morgan_bit_0196,0.0,0.0
morgan_bit_0197,0.0,0.0
morgan_bit_0199,-0.0,0.0
morgan_bit_0254,-0.0,0.0
morgan_bit_0202,0.0,0.0
morgan_bit_0203,-0.0,0.0
morgan_bit_0204,-0.0,0.0
morgan_bit_0205,-0.0,0.0
morgan_bit_0207,0.0,0.0
morgan_bit_0209,0.0,0.0
morgan_bit_0210,0.0,0.0
morgan_bit_0213,0.0,0.0
morgan_bit_0200,-0.0,0.0
morgan_bit_0167,0.0,0.0
morgan_bit_0171,0.0,0.0
morgan_bit_0172,0.0,0.0
morgan_bit_0173,-0.0,0.0
morgan_bit_0174,-0.0,0.0
morgan_bit_0175,-0.0,0.0
morgan_bit_0178,-0.0,0.0
morgan_bit_0191,-0.0,0.0
morgan_bit_0182,0.0,0.0
morgan_bit_0184,-0.0,0.0
morgan_bit_0185,-0.0,0.0
morgan_bit_0186,0.0,0.0
morgan_bit_0187,0.0,0.0
morgan_bit_0188,-0.0,0.0
morgan_bit_0189,-0.0,0.0
morgan_bit_0190,-0.0,0.0
morgan_bit_0180,0.0,0.0
morgan_bit_0236,-0.0,0.0
morgan_bit_0238,0.0,0.0
morgan_bit_0239,-0.0,0.0
morgan_bit_0240,0.0,0.0
morgan_bit_0241,-0.0,0.0
morgan_bit_0242,-0.0,0.0
morgan_bit_0243,0.0,0.0
morgan_bit_0214,0.0,0.0
morgan_bit_0245,-0.0,0.0
morgan_bit_0246,-0.0,0.0
morgan_bit_0247,-0.0,0.0
morgan_bit_0248,-0.0,0.0
morgan_bit_0249,0.0,0.0
morgan_bit_0250,-0.0,0.0
morgan_bit_0251,0.0,0.0
morgan_bit_0252,-0.0,0.0
morgan_bit_0244,-0.0,0.0
morgan_bit_0215,0.0,0.0
morgan_bit_0216,-0.0,0.0
morgan_bit_0217,0.0,0.0
morgan_bit_0218,-0.0,0.0
morgan_bit_0219,0.0,0.0
morgan_bit_0221,0.0,0.0
morgan_bit_0222,0.0,0.0
morgan_bit_0235,0.0,0.0
morgan_bit_0225,-0.0,0.0
morgan_bit_0226,-0.0,0.0
morgan_bit_0227,0.0,0.0
morgan_bit_0228,0.0,0.0
morgan_bit_0231,-0.0,0.0
morgan_bit_0232,-0.0,0.0
morgan_bit_0233,0.0,0.0
morgan_bit_0234,-0.0,0.0
morgan_bit_0224,0.0,0.0
ecfp6_bit_0119,0.0,0.0
ecfp6_bit_0118,0.0,0.0
ecfp6_bit_0117,0.0,0.0
ecfp6_bit_0116,-0.0,0.0
ecfp6_bit_0115,-0.0,0.0
ecfp6_bit_0114,-0.0,0.0
ecfp6_bit_0113,0.0,0.0
ecfp6_bit_0112,-0.0,0.0
ecfp6_bit_0111,0.0,0.0
ecfp6_bit_0110,-0.0,0.0
ecfp6_bit_0109,-0.0,0.0
ecfp6_bit_0108,-0.0,0.0
ecfp6_bit_0105,-0.0,0.0
ecfp6_bit_0104,0.0,0.0
ecfp6_bit_0103,0.0,0.0
morgan_bit_0690,-0.0,0.0
ecfp6_bit_0084,0.0,0.0
ecfp6_bit_0085,-0.0,0.0
ecfp6_bit_0086,0.0,0.0
ecfp6_bit_0088,-0.0,0.0
ecfp6_bit_0089,0.0,0.0
ecfp6_bit_0090,-0.0,0.0
ecfp6_bit_0091,-0.0,0.0
ecfp6_bit_0102,-0.0,0.0
ecfp6_bit_0093,0.0,0.0
ecfp6_bit_0094,-0.0,0.0
ecfp6_bit_0095,-0.0,0.0
ecfp6_bit_0096,-0.0,0.0
ecfp6_bit_0097,-0.0,0.0
ecfp6_bit_0098,-0.0,0.0
ecfp6_bit_0099,0.0,0.0
ecfp6_bit_0101,0.0,0.0
ecfp6_bit_0092,-0.0,0.0
ecfp6_bit_0140,0.0,0.0
ecfp6_bit_0141,0.0,0.0
ecfp6_bit_0143,0.0,0.0
ecfp6_bit_0144,0.0,0.0
ecfp6_bit_0145,0.0,0.0
ecfp6_bit_0146,0.0,0.0
ecfp6_bit_0147,0.0,0.0
ecfp6_bit_0120,-0.0,0.0
ecfp6_bit_0149,0.0,0.0
ecfp6_bit_0150,0.0,0.0
ecfp6_bit_0151,-0.0,0.0
ecfp6_bit_0152,-0.0,0.0
ecfp6_bit_0153,0.0,0.0
ecfp6_bit_0154,0.0,0.0
ecfp6_bit_0155,0.0,0.0
ecfp6_bit_0156,0.0,0.0
ecfp6_bit_0148,0.0,0.0
ecfp6_bit_0121,-0.0,0.0
ecfp6_bit_0122,0.0,0.0
ecfp6_bit_0123,0.0,0.0
ecfp6_bit_0124,-0.0,0.0
ecfp6_bit_0125,-0.0,0.0
ecfp6_bit_0126,0.0,0.0
ecfp6_bit_0127,-0.0,0.0
ecfp6_bit_0138,0.0,0.0
ecfp6_bit_0129,-0.0,0.0
ecfp6_bit_0131,0.0,0.0
ecfp6_bit_0132,-0.0,0.0
ecfp6_bit_0133,0.0,0.0
ecfp6_bit_0134,0.0,0.0
ecfp6_bit_0135,-0.0,0.0
ecfp6_bit_0136,0.0,0.0
ecfp6_bit_0137,0.0,0.0
ecfp6_bit_0128,0.0,0.0
ecfp6_bit_0026,0.0,0.0
ecfp6_bit_0027,0.0,0.0
ecfp6_bit_0028,0.0,0.0
ecfp6_bit_0029,-0.0,0.0
ecfp6_bit_0030,-0.0,0.0
ecfp6_bit_0031,0.0,0.0
ecfp6_bit_0032,0.0,0.0
ecfp6_bit_0082,0.0,0.0
ecfp6_bit_0034,0.0,0.0
ecfp6_bit_0035,-0.0,0.0
ecfp6_bit_0036,-0.0,0.0
ecfp6_bit_0037,0.0,0.0
ecfp6_bit_0038,0.0,0.0
ecfp6_bit_0039,-0.0,0.0
ecfp6_bit_0040,0.0,0.0
ecfp6_bit_0041,0.0,0.0
ecfp6_bit_0033,0.0,0.0
ecfp6_bit_0009,-0.0,0.0
ecfp6_bit_0010,-0.0,0.0
ecfp6_bit_0011,0.0,0.0
ecfp6_bit_0012,-0.0,0.0
ecfp6_bit_0013,-0.0,0.0
ecfp6_bit_0014,0.0,0.0
ecfp6_bit_0015,-0.0,0.0
ecfp6_bit_0025,0.0,0.0
ecfp6_bit_0017,-0.0,0.0
ecfp6_bit_0018,0.0,0.0
ecfp6_bit_0019,-0.0,0.0
ecfp6_bit_0020,-0.0,0.0
ecfp6_bit_0021,-0.0,0.0
ecfp6_bit_0022,-0.0,0.0
ecfp6_bit_0023,-0.0,0.0
ecfp6_bit_0024,0.0,0.0
ecfp6_bit_0016,-0.0,0.0
ecfp6_bit_0062,-0.0,0.0
ecfp6_bit_0063,-0.0,0.0
ecfp6_bit_0064,-0.0,0.0
ecfp6_bit_0065,-0.0,0.0
ecfp6_bit_0067,0.0,0.0
ecfp6_bit_0068,0.0,0.0
ecfp6_bit_0070,0.0,0.0
ecfp6_bit_0042,0.0,0.0
ecfp6_bit_0072,0.0,0.0
ecfp6_bit_0073,-0.0,0.0
ecfp6_bit_0075,-0.0,0.0
ecfp6_bit_0076,0.0,0.0
ecfp6_bit_0077,-0.0,0.0
ecfp6_bit_0078,0.0,0.0
ecfp6_bit_0079,0.0,0.0
ecfp6_bit_0080,-0.0,0.0
ecfp6_bit_0071,-0.0,0.0
ecfp6_bit_0043,-0.0,0.0
ecfp6_bit_0044,-0.0,0.0
ecfp6_bit_0045,-0.0,0.0
ecfp6_bit_0046,-0.0,0.0
ecfp6_bit_0047,-0.0,0.0
ecfp6_bit_0048,0.0,0.0
ecfp6_bit_0049,0.0,0.0
ecfp6_bit_0061,-0.0,0.0
ecfp6_bit_0051,-0.0,0.0
ecfp6_bit_0053,0.0,0.0
ecfp6_bit_0054,0.0,0.0
ecfp6_bit_0055,-0.0,0.0
ecfp6_bit_0056,-0.0,0.0
ecfp6_bit_0057,0.0,0.0
ecfp6_bit_0058,-0.0,0.0
ecfp6_bit_0059,-0.0,0.0
ecfp6_bit_0050,0.0,0.0
ecfp6_bit_0252,-0.0,0.0
ecfp6_bit_0253,0.0,0.0
ecfp6_bit_0254,-0.0,0.0
ecfp6_bit_0255,0.0,0.0
ecfp6_bit_0256,0.0,0.0
ecfp6_bit_0258,-0.0,0.0
ecfp6_bit_0259,-0.0,0.0
ecfp6_bit_0157,-0.0,0.0
ecfp6_bit_0261,0.0,0.0
ecfp6_bit_0263,-0.0,0.0
ecfp6_bit_0264,-0.0,0.0
ecfp6_bit_0265,-0.0,0.0
ecfp6_bit_0266,-0.0,0.0
ecfp6_bit_0267,-0.0,0.0
ecfp6_bit_0268,-0.0,0.0
ecfp6_bit_0269,-0.0,0.0
ecfp6_bit_0260,0.0,0.0
ecfp6_bit_0233,0.0,0.0
ecfp6_bit_0235,-0.0,0.0
ecfp6_bit_0236,-0.0,0.0
ecfp6_bit_0237,0.0,0.0
ecfp6_bit_0238,-0.0,0.0
ecfp6_bit_0239,-0.0,0.0
ecfp6_bit_0240,0.0,0.0
ecfp6_bit_0251,0.0,0.0
ecfp6_bit_0243,0.0,0.0
ecfp6_bit_0244,-0.0,0.0
ecfp6_bit_0245,-0.0,0.0
ecfp6_bit_0246,0.0,0.0
ecfp6_bit_0247,-0.0,0.0
ecfp6_bit_0248,0.0,0.0
ecfp6_bit_0249,-0.0,0.0
ecfp6_bit_0250,-0.0,0.0
ecfp6_bit_0241,-0.0,0.0
ecfp6_bit_0289,-0.0,0.0
ecfp6_bit_0290,-0.0,0.0
ecfp6_bit_0291,0.0,0.0
ecfp6_bit_0292,-0.0,0.0
ecfp6_bit_0293,-0.0,0.0
ecfp6_bit_0294,-0.0,0.0
ecfp6_bit_0295,-0.0,0.0
ecfp6_bit_0270,0.0,0.0
ecfp6_bit_0297,0.0,0.0
ecfp6_bit_0298,0.0,0.0
ecfp6_bit_0299,-0.0,0.0
ecfp6_bit_0300,0.0,0.0
ecfp6_bit_0301,-0.0,0.0
ecfp6_bit_0302,0.0,0.0
ecfp6_bit_0303,0.0,0.0
ecfp6_bit_0304,-0.0,0.0
ecfp6_bit_0296,0.0,0.0
ecfp6_bit_0271,0.0,0.0
ecfp6_bit_0272,0.0,0.0
ecfp6_bit_0273,-0.0,0.0
ecfp6_bit_0274,-0.0,0.0
ecfp6_bit_0275,-0.0,0.0
ecfp6_bit_0276,-0.0,0.0
ecfp6_bit_0277,-0.0,0.0
ecfp6_bit_0288,-0.0,0.0
ecfp6_bit_0280,0.0,0.0
ecfp6_bit_0281,0.0,0.0
ecfp6_bit_0282,-0.0,0.0
ecfp6_bit_0283,0.0,0.0
ecfp6_bit_0284,-0.0,0.0
ecfp6_bit_0285,0.0,0.0
ecfp6_bit_0286,0.0,0.0
ecfp6_bit_0287,0.0,0.0
ecfp6_bit_0278,0.0,0.0
ecfp6_bit_0175,-0.0,0.0
ecfp6_bit_0176,0.0,0.0
ecfp6_bit_0177,-0.0,0.0
ecfp6_bit_0178,0.0,0.0
ecfp6_bit_0180,0.0,0.0
ecfp6_bit_0181,0.0,0.0
ecfp6_bit_0182,0.0,0.0
ecfp6_bit_0232,-0.0,0.0
ecfp6_bit_0184,-0.0,0.0
ecfp6_bit_0186,-0.0,0.0
ecfp6_bit_0187,0.0,0.0
ecfp6_bit_0188,-0.0,0.0
ecfp6_bit_0190,-0.0,0.0
ecfp6_bit_0191,-0.0,0.0
ecfp6_bit_0192,-0.0,0.0
ecfp6_bit_0193,-0.0,0.0
ecfp6_bit_0183,-0.0,0.0
ecfp6_bit_0158,0.0,0.0
ecfp6_bit_0159,0.0,0.0
ecfp6_bit_0160,-0.0,0.0
ecfp6_bit_0161,0.0,0.0
ecfp6_bit_0162,0.0,0.0
ecfp6_bit_0163,0.0,0.0
ecfp6_bit_0164,0.0,0.0
ecfp6_bit_0174,0.0,0.0
ecfp6_bit_0166,-0.0,0.0
ecfp6_bit_0167,0.0,0.0
ecfp6_bit_0168,0.0,0.0
ecfp6_bit_0169,0.0,0.0
ecfp6_bit_0170,0.0,0.0
ecfp6_bit_0171,0.0,0.0
ecfp6_bit_0172,0.0,0.0
ecfp6_bit_0173,-0.0,0.0
ecfp6_bit_0165,-0.0,0.0
ecfp6_bit_0215,0.0,0.0
ecfp6_bit_0216,-0.0,0.0
ecfp6_bit_0217,0.0,0.0
ecfp6_bit_0218,0.0,0.0
ecfp6_bit_0219,0.0,0.0
ecfp6_bit_0220,-0.0,0.0
ecfp6_bit_0221,0.0,0.0
ecfp6_bit_0194,-0.0,0.0
ecfp6_bit_0224,0.0,0.0
ecfp6_bit_0225,-0.0,0.0
ecfp6_bit_0226,-0.0,0.0
ecfp6_bit_0227,0.0,0.0
ecfp6_bit_0228,0.0,0.0
ecfp6_bit_0229,-0.0,0.0
ecfp6_bit_0230,-0.0,0.0
ecfp6_bit_0231,-0.0,0.0
ecfp6_bit_0223,0.0,0.0
ecfp6_bit_0195,0.0,0.0
ecfp6_bit_0196,0.0,0.0
ecfp6_bit_0198,0.0,0.0
ecfp6_bit_0199,-0.0,0.0
ecfp6_bit_0200,-0.0,0.0
ecfp6_bit_0201,-0.0,0.0
ecfp6_bit_0202,-0.0,0.0
ecfp6_bit_0214,0.0,0.0
ecfp6_bit_0204,0.0,0.0
ecfp6_bit_0206,0.0,0.0
ecfp6_bit_0207,-0.0,0.0
ecfp6_bit_0208,0.0,0.0
ecfp6_bit_0209,0.0,0.0
ecfp6_bit_0210,0.0,0.0
ecfp6_bit_0211,0.0,0.0
ecfp6_bit_0213,0.0,0.0
ecfp6_bit_0203,-0.0,0.0
morgan_bit_0820,-0.0,0.0
morgan_bit_0819,-0.0,0.0
morgan_bit_0816,-0.0,0.0
morgan_bit_0815,-0.0,0.0
morgan_bit_0814,-0.0,0.0
morgan_bit_0813,0.0,0.0
morgan_bit_0811,-0.0,0.0
morgan_bit_0809,0.0,0.0
morgan_bit_0807,0.0,0.0
morgan_bit_0806,-0.0,0.0
morgan_bit_0805,-0.0,0.0
morgan_bit_0804,-0.0,0.0
morgan_bit_0802,0.0,0.0
morgan_bit_0801,-0.0,0.0
morgan_bit_0800,0.0,0.0
ecfp6_bit_0008,0.0,0.0
morgan_bit_0778,0.0,0.0
morgan_bit_0779,0.0,0.0
morgan_bit_0780,0.0,0.0
morgan_bit_0781,0.0,0.0
morgan_bit_0782,-0.0,0.0
morgan_bit_0783,-0.0,0.0
morgan_bit_0784,-0.0,0.0
morgan_bit_0799,0.0,0.0
morgan_bit_0786,0.0,0.0
morgan_bit_0787,-0.0,0.0
morgan_bit_0790,-0.0,0.0
morgan_bit_0792,0.0,0.0
morgan_bit_0794,0.0,0.0
morgan_bit_0796,-0.0,0.0
morgan_bit_0797,0.0,0.0
morgan_bit_0798,-0.0,0.0
morgan_bit_0785,0.0,0.0
morgan_bit_0843,-0.0,0.0
morgan_bit_0844,-0.0,0.0
morgan_bit_0845,-0.0,0.0
morgan_bit_0846,0.0,0.0
morgan_bit_0847,0.0,0.0
morgan_bit_0848,-0.0,0.0
morgan_bit_0849,-0.0,0.0
morgan_bit_0821,0.0,0.0
morgan_bit_0854,-0.0,0.0
morgan_bit_0855,0.0,0.0
morgan_bit_0856,0.0,0.0
morgan_bit_0857,0.0,0.0
morgan_bit_0858,-0.0,0.0
morgan_bit_0859,0.0,0.0
morgan_bit_0860,-0.0,0.0
morgan_bit_0861,0.0,0.0
morgan_bit_0852,0.0,0.0
morgan_bit_0823,-0.0,0.0
morgan_bit_0824,-0.0,0.0
morgan_bit_0825,-0.0,0.0
morgan_bit_0827,-0.0,0.0
morgan_bit_0828,0.0,0.0
morgan_bit_0829,-0.0,0.0
morgan_bit_0830,-0.0,0.0
morgan_bit_0842,0.0,0.0
morgan_bit_0832,-0.0,0.0
morgan_bit_0833,0.0,0.0
morgan_bit_0834,-0.0,0.0
morgan_bit_0835,-0.0,0.0
morgan_bit_0836,0.0,0.0
morgan_bit_0837,0.0,0.0
morgan_bit_0838,-0.0,0.0
morgan_bit_0840,0.0,0.0
morgan_bit_0831,-0.0,0.0
morgan_bit_0712,0.0,0.0
morgan_bit_0713,-0.0,0.0
morgan_bit_0714,-0.0,0.0
morgan_bit_0715,0.0,0.0
morgan_bit_0716,0.0,0.0
morgan_bit_0717,0.0,0.0
morgan_bit_0718,-0.0,0.0
morgan_bit_0775,-0.0,0.0
morgan_bit_0721,0.0,0.0
morgan_bit_0722,0.0,0.0
morgan_bit_0723,-0.0,0.0
morgan_bit_0724,0.0,0.0
morgan_bit_0725,0.0,0.0
morgan_bit_0726,-0.0,0.0
morgan_bit_0727,0.0,0.0
morgan_bit_0728,-0.0,0.0
morgan_bit_0720,-0.0,0.0
morgan_bit_0691,-0.0,0.0
morgan_bit_0694,-0.0,0.0
morgan_bit_0695,-0.0,0.0
morgan_bit_0696,0.0,0.0
morgan_bit_0697,0.0,0.0
morgan_bit_0698,0.0,0.0
morgan_bit_0699,-0.0,0.0
morgan_bit_0711,-0.0,0.0
morgan_bit_0701,-0.0,0.0
morgan_bit_0702,-0.0,0.0
morgan_bit_0703,-0.0,0.0
morgan_bit_0705,-0.0,0.0
morgan_bit_0706,-0.0,0.0
morgan_bit_0707,-0.0,0.0
morgan_bit_0709,-0.0,0.0
morgan_bit_0710,-0.0,0.0
morgan_bit_0700,-0.0,0.0
morgan_bit_0752,0.0,0.0
morgan_bit_0753,-0.0,0.0
morgan_bit_0754,-0.0,0.0
morgan_bit_0755,-0.0,0.0
morgan_bit_0757,0.0,0.0
morgan_bit_0760,0.0,0.0
morgan_bit_0761,0.0,0.0
morgan_bit_0729,0.0,0.0
morgan_bit_0764,-0.0,0.0
morgan_bit_0766,-0.0,0.0
morgan_bit_0767,-0.0,0.0
morgan_bit_0768,0.0,0.0
morgan_bit_0769,-0.0,0.0
morgan_bit_0770,0.0,0.0
morgan_bit_0771,0.0,0.0
morgan_bit_0773,-0.0,0.0
morgan_bit_0763,-0.0,0.0
morgan_bit_0730,-0.0,0.0
morgan_bit_0732,0.0,0.0
morgan_bit_0733,-0.0,0.0
morgan_bit_0735,-0.0,0.0
morgan_bit_0736,0.0,0.0
morgan_bit_0737,-0.0,0.0
morgan_bit_0738,0.0,0.0
morgan_bit_0751,-0.0,0.0
morgan_bit_0740,-0.0,0.0
morgan_bit_0741,0.0,0.0
morgan_bit_0744,-0.0,0.0
morgan_bit_0745,-0.0,0.0
morgan_bit_0746,-0.0,0.0
morgan_bit_0747,-0.0,0.0
morgan_bit_0749,0.0,0.0
morgan_bit_0750,0.0,0.0
morgan_bit_0739,0.0,0.0
morgan_bit_0974,-0.0,0.0
morgan_bit_0975,0.0,0.0
morgan_bit_0976,0.0,0.0
morgan_bit_0977,0.0,0.0
morgan_bit_0978,-0.0,0.0
morgan_bit_0980,0.0,0.0
morgan_bit_0981,-0.0,0.0
morgan_bit_0862,0.0,0.0
morgan_bit_0983,0.0,0.0
morgan_bit_0984,0.0,0.0
morgan_bit_0985,-0.0,0.0
morgan_bit_0987,-0.0,0.0
morgan_bit_0988,-0.0,0.0
morgan_bit_0990,-0.0,0.0
morgan_bit_0991,-0.0,0.0
morgan_bit_0992,-0.0,0.0
morgan_bit_0982,0.0,0.0
morgan_bit_0953,-0.0,0.0
morgan_bit_0954,0.0,0.0
morgan_bit_0955,0.0,0.0
morgan_bit_0956,0.0,0.0
morgan_bit_0957,-0.0,0.0
morgan_bit_0958,-0.0,0.0
morgan_bit_0959,-0.0,0.0
morgan_bit_0973,-0.0,0.0
morgan_bit_0961,-0.0,0.0
morgan_bit_0964,-0.0,0.0
morgan_bit_0965,0.0,0.0
morgan_bit_0966,0.0,0.0
morgan_bit_0967,-0.0,0.0
morgan_bit_0968,-0.0,0.0
morgan_bit_0971,-0.0,0.0
morgan_bit_0972,0.0,0.0
morgan_bit_0960,0.0,0.0
morgan_bit_1016,0.0,0.0
morgan_bit_1017,0.0,0.0
morgan_bit_1018,-0.0,0.0
morgan_bit_1019,-0.0,0.0
morgan_bit_1020,-0.0,0.0
morgan_bit_1021,-0.0,0.0
morgan_bit_1022,0.0,0.0
morgan_bit_0993,0.0,0.0
ecfp6_bit_0000,-0.0,0.0
ecfp6_bit_0001,-0.0,0.0
ecfp6_bit_0002,0.0,0.0
ecfp6_bit_0003,-0.0,0.0
ecfp6_bit_0004,-0.0,0.0
ecfp6_bit_0005,-0.0,0.0
ecfp6_bit_0006,-0.0,0.0
ecfp6_bit_0007,0.0,0.0
morgan_bit_1023,0.0,0.0
morgan_bit_0994,-0.0,0.0
morgan_bit_0995,-0.0,0.0
morgan_bit_0997,0.0,0.0
morgan_bit_0999,0.0,0.0
morgan_bit_1001,0.0,0.0
morgan_bit_1002,-0.0,0.0
morgan_bit_1003,-0.0,0.0
morgan_bit_1014,0.0,0.0
morgan_bit_1005,-0.0,0.0
morgan_bit_1007,0.0,0.0
morgan_bit_1008,-0.0,0.0
morgan_bit_1009,-0.0,0.0
morgan_bit_1010,0.0,0.0
morgan_bit_1011,-0.0,0.0
morgan_bit_1012,-0.0,0.0
morgan_bit_1013,0.0,0.0
morgan_bit_1004,0.0,0.0
morgan_bit_0884,-0.0,0.0
morgan_bit_0885,0.0,0.0
morgan_bit_0886,-0.0,0.0
morgan_bit_0887,0.0,0.0
morgan_bit_0888,0.0,0.0
morgan_bit_0889,-0.0,0.0
morgan_bit_0890,-0.0,0.0
morgan_bit_0951,0.0,0.0
morgan_bit_0892,-0.0,0.0
morgan_bit_0893,-0.0,0.0
morgan_bit_0895,0.0,0.0
morgan_bit_0896,-0.0,0.0
morgan_bit_0898,-0.0,0.0
morgan_bit_0899,-0.0,0.0
morgan_bit_0901,0.0,0.0
morgan_bit_0902,0.0,0.0
morgan_bit_0891,-0.0,0.0
morgan_bit_0863,0.0,0.0
morgan_bit_0864,-0.0,0.0
morgan_bit_0865,-0.0,0.0
morgan_bit_0867,-0.0,0.0
morgan_bit_0869,-0.0,0.0
morgan_bit_0870,0.0,0.0
morgan_bit_0871,-0.0,0.0
morgan_bit_0883,-0.0,0.0
morgan_bit_0873,-0.0,0.0
morgan_bit_0875,0.0,0.0
morgan_bit_0876,-0.0,0.0
morgan_bit_0877,-0.0,0.0
morgan_bit_0878,-0.0,0.0
morgan_bit_0879,0.0,0.0
morgan_bit_0881,-0.0,0.0
morgan_bit_0882,-0.0,0.0
morgan_bit_0872,0.0,0.0
morgan_bit_0931,-0.0,0.0
morgan_bit_0932,-0.0,0.0
morgan_bit_0933,-0.0,0.0
morgan_bit_0934,-0.0,0.0
morgan_bit_0935,0.0,0.0
morgan_bit_0936,-0.0,0.0
morgan_bit_0937,-0.0,0.0
morgan_bit_0903,-0.0,0.0
morgan_bit_0940,-0.0,0.0
morgan_bit_0944,-0.0,0.0
morgan_bit_0945,0.0,0.0
morgan_bit_0946,0.0,0.0
morgan_bit_0947,0.0,0.0
morgan_bit_0948,-0.0,0.0
morgan_bit_0949,-0.0,0.0
morgan_bit_0950,0.0,0.0
morgan_bit_0939,-0.0,0.0
morgan_bit_0904,0.0,0.0
morgan_bit_0906,0.0,0.0
morgan_bit_0909,-0.0,0.0
morgan_bit_0910,-0.0,0.0
morgan_bit_0912,-0.0,0.0
morgan_bit_0913,0.0,0.0
morgan_bit_0914,0.0,0.0
morgan_bit_0930,-0.0,0.0
morgan_bit_0916,0.0,0.0
morgan_bit_0917,0.0,0.0
morgan_bit_0919,0.0,0.0
morgan_bit_0924,-0.0,0.0
morgan_bit_0926,0.0,0.0
morgan_bit_0927,-0.0,0.0
morgan_bit_0928,0.0,0.0
morgan_bit_0929,0.0,0.0
morgan_bit_0915,-0.0,0.0
atom_pair_bit_0101,-0.0,0.0
atom_pair_bit_0100,-0.0,0.0
atom_pair_bit_0099,0.0,0.0
atom_pair_bit_0098,-0.0,0.0
atom_pair_bit_0097,-0.0,0.0
atom_pair_bit_0096,-0.0,0.0
atom_pair_bit_0095,-0.0,0.0
atom_pair_bit_0094,-0.0,0.0
atom_pair_bit_0093,-0.0,0.0
atom_pair_bit_0092,-0.0,0.0
atom_pair_bit_0091,0.0,0.0
atom_pair_bit_0090,-0.0,0.0
atom_pair_bit_0089,0.0,0.0
atom_pair_bit_0088,0.0,0.0
atom_pair_bit_0087,0.0,0.0
fcfp6_bit_0536,0.0,0.0
atom_pair_bit_0068,-0.0,0.0
atom_pair_bit_0069,-0.0,0.0
atom_pair_bit_0071,-0.0,0.0
atom_pair_bit_0072,0.0,0.0
atom_pair_bit_0073,0.0,0.0
atom_pair_bit_0074,-0.0,0.0
atom_pair_bit_0075,0.0,0.0
atom_pair_bit_0086,-0.0,0.0
atom_pair_bit_0077,-0.0,0.0
atom_pair_bit_0078,-0.0,0.0
atom_pair_bit_0079,0.0,0.0
atom_pair_bit_0080,-0.0,0.0
atom_pair_bit_0081,-0.0,0.0
atom_pair_bit_0082,0.0,0.0
atom_pair_bit_0084,-0.0,0.0
atom_pair_bit_0085,0.0,0.0
atom_pair_bit_0076,-0.0,0.0
atom_pair_bit_0121,0.0,0.0
atom_pair_bit_0122,-0.0,0.0
atom_pair_bit_0123,-0.0,0.0
atom_pair_bit_0124,0.0,0.0
atom_pair_bit_0125,0.0,0.0
atom_pair_bit_0126,0.0,0.0
atom_pair_bit_0127,-0.0,0.0
atom_pair_bit_0102,-0.0,0.0
atom_pair_bit_0129,-0.0,0.0
atom_pair_bit_0130,0.0,0.0
atom_pair_bit_0131,-0.0,0.0
atom_pair_bit_0132,0.0,0.0
atom_pair_bit_0133,0.0,0.0
atom_pair_bit_0134,0.0,0.0
atom_pair_bit_0135,0.0,0.0
atom_pair_bit_0136,-0.0,0.0
atom_pair_bit_0128,0.0,0.0
atom_pair_bit_0103,-0.0,0.0
atom_pair_bit_0104,0.0,0.0
atom_pair_bit_0105,0.0,0.0
atom_pair_bit_0106,0.0,0.0
atom_pair_bit_0107,0.0,0.0
atom_pair_bit_0108,-0.0,0.0
atom_pair_bit_0109,-0.0,0.0
atom_pair_bit_0120,0.0,0.0
atom_pair_bit_0111,-0.0,0.0
atom_pair_bit_0112,-0.0,0.0
atom_pair_bit_0113,-0.0,0.0
atom_pair_bit_0115,0.0,0.0
atom_pair_bit_0116,-0.0,0.0
atom_pair_bit_0117,0.0,0.0
atom_pair_bit_0118,0.0,0.0
atom_pair_bit_0119,0.0,0.0
atom_pair_bit_0110,-0.0,0.0
atom_pair_bit_0014,0.0,0.0
atom_pair_bit_0015,0.0,0.0
atom_pair_bit_0016,0.0,0.0
atom_pair_bit_0017,0.0,0.0
atom_pair_bit_0018,-0.0,0.0
atom_pair_bit_0019,-0.0,0.0
atom_pair_bit_0020,0.0,0.0
atom_pair_bit_0067,0.0,0.0
atom_pair_bit_0022,-0.0,0.0
atom_pair_bit_0023,-0.0,0.0
atom_pair_bit_0024,-0.0,0.0
atom_pair_bit_0025,0.0,0.0
atom_pair_bit_0026,0.0,0.0
atom_pair_bit_0027,0.0,0.0
atom_pair_bit_0028,0.0,0.0
atom_pair_bit_0029,0.0,0.0
atom_pair_bit_0021,-0.0,0.0
layered_bit_1021,0.0,0.0
layered_bit_1022,0.0,0.0
layered_bit_1023,0.0,0.0
atom_pair_bit_0000,-0.0,0.0
atom_pair_bit_0001,-0.0,0.0
atom_pair_bit_0002,-0.0,0.0
atom_pair_bit_0003,-0.0,0.0
atom_pair_bit_0013,0.0,0.0
atom_pair_bit_0005,-0.0,0.0
atom_pair_bit_0006,-0.0,0.0
atom_pair_bit_0007,-0.0,0.0
atom_pair_bit_0008,0.0,0.0
atom_pair_bit_0009,0.0,0.0
atom_pair_bit_0010,-0.0,0.0
atom_pair_bit_0011,-0.0,0.0
atom_pair_bit_0012,0.0,0.0
atom_pair_bit_0004,-0.0,0.0
atom_pair_bit_0050,-0.0,0.0
atom_pair_bit_0051,0.0,0.0
atom_pair_bit_0052,-0.0,0.0
atom_pair_bit_0053,-0.0,0.0
atom_pair_bit_0054,0.0,0.0
atom_pair_bit_0055,-0.0,0.0
atom_pair_bit_0056,-0.0,0.0
atom_pair_bit_0030,-0.0,0.0
atom_pair_bit_0058,0.0,0.0
atom_pair_bit_0060,0.0,0.0
atom_pair_bit_0061,0.0,0.0
atom_pair_bit_0062,-0.0,0.0
atom_pair_bit_0063,-0.0,0.0
atom_pair_bit_0064,-0.0,0.0
atom_pair_bit_0065,-0.0,0.0
atom_pair_bit_0066,-0.0,0.0
atom_pair_bit_0057,0.0,0.0
atom_pair_bit_0031,0.0,0.0
atom_pair_bit_0032,-0.0,0.0
atom_pair_bit_0033,-0.0,0.0
atom_pair_bit_0035,-0.0,0.0
atom_pair_bit_0036,-0.0,0.0
atom_pair_bit_0038,-0.0,0.0
atom_pair_bit_0039,0.0,0.0
atom_pair_bit_0049,-0.0,0.0
atom_pair_bit_0041,-0.0,0.0
atom_pair_bit_0042,-0.0,0.0
atom_pair_bit_0043,0.0,0.0
atom_pair_bit_0044,-0.0,0.0
atom_pair_bit_0045,0.0,0.0
atom_pair_bit_0046,0.0,0.0
atom_pair_bit_0047,0.0,0.0
atom_pair_bit_0048,-0.0,0.0
atom_pair_bit_0040,0.0,0.0
atom_pair_bit_0230,-0.0,0.0
atom_pair_bit_0231,0.0,0.0
atom_pair_bit_0232,0.0,0.0
atom_pair_bit_0233,-0.0,0.0
atom_pair_bit_0234,0.0,0.0
atom_pair_bit_0235,0.0,0.0
atom_pair_bit_0236,-0.0,0.0
atom_pair_bit_0137,-0.0,0.0
atom_pair_bit_0238,0.0,0.0
atom_pair_bit_0239,0.0,0.0
atom_pair_bit_0241,-0.0,0.0
atom_pair_bit_0244,-0.0,0.0
atom_pair_bit_0245,0.0,0.0
atom_pair_bit_0246,0.0,0.0
atom_pair_bit_0247,0.0,0.0
atom_pair_bit_0248,0.0,0.0
atom_pair_bit_0237,0.0,0.0
atom_pair_bit_0213,0.0,0.0
atom_pair_bit_0214,0.0,0.0
atom_pair_bit_0215,0.0,0.0
atom_pair_bit_0216,0.0,0.0
atom_pair_bit_0217,0.0,0.0
atom_pair_bit_0218,0.0,0.0
atom_pair_bit_0219,0.0,0.0
atom_pair_bit_0229,-0.0,0.0
atom_pair_bit_0221,-0.0,0.0
atom_pair_bit_0222,-0.0,0.0
atom_pair_bit_0223,0.0,0.0
atom_pair_bit_0224,-0.0,0.0
atom_pair_bit_0225,-0.0,0.0
atom_pair_bit_0226,-0.0,0.0
atom_pair_bit_0227,-0.0,0.0
atom_pair_bit_0228,-0.0,0.0
atom_pair_bit_0220,-0.0,0.0
atom_pair_bit_0268,-0.0,0.0
atom_pair_bit_0269,-0.0,0.0
atom_pair_bit_0270,-0.0,0.0
atom_pair_bit_0271,0.0,0.0
atom_pair_bit_0272,0.0,0.0
atom_pair_bit_0273,0.0,0.0
atom_pair_bit_0275,-0.0,0.0
atom_pair_bit_0249,0.0,0.0
atom_pair_bit_0277,0.0,0.0
atom_pair_bit_0278,0.0,0.0
atom_pair_bit_0279,0.0,0.0
atom_pair_bit_0280,0.0,0.0
atom_pair_bit_0281,-0.0,0.0
atom_pair_bit_0282,-0.0,0.0
atom_pair_bit_0283,0.0,0.0
atom_pair_bit_0285,0.0,0.0
atom_pair_bit_0276,0.0,0.0
atom_pair_bit_0250,0.0,0.0
atom_pair_bit_0251,-0.0,0.0
atom_pair_bit_0252,-0.0,0.0
atom_pair_bit_0253,0.0,0.0
atom_pair_bit_0254,0.0,0.0
atom_pair_bit_0255,0.0,0.0
atom_pair_bit_0257,-0.0,0.0
atom_pair_bit_0267,-0.0,0.0
atom_pair_bit_0259,-0.0,0.0
atom_pair_bit_0260,-0.0,0.0
atom_pair_bit_0261,-0.0,0.0
atom_pair_bit_0262,-0.0,0.0
atom_pair_bit_0263,0.0,0.0
atom_pair_bit_0264,0.0,0.0
atom_pair_bit_0265,-0.0,0.0
atom_pair_bit_0266,-0.0,0.0
atom_pair_bit_0258,-0.0,0.0
atom_pair_bit_0157,0.0,0.0
atom_pair_bit_0158,0.0,0.0
atom_pair_bit_0159,0.0,0.0
atom_pair_bit_0161,-0.0,0.0
atom_pair_bit_0163,-0.0,0.0
atom_pair_bit_0164,-0.0,0.0
atom_pair_bit_0165,-0.0,0.0
atom_pair_bit_0212,0.0,0.0
atom_pair_bit_0169,-0.0,0.0
atom_pair_bit_0170,0.0,0.0
atom_pair_bit_0171,-0.0,0.0
atom_pair_bit_0172,0.0,0.0
atom_pair_bit_0173,0.0,0.0
atom_pair_bit_0174,0.0,0.0
atom_pair_bit_0175,0.0,0.0
atom_pair_bit_0176,-0.0,0.0
atom_pair_bit_0166,0.0,0.0
atom_pair_bit_0138,0.0,0.0
atom_pair_bit_0139,-0.0,0.0
atom_pair_bit_0141,-0.0,0.0
atom_pair_bit_0143,0.0,0.0
atom_pair_bit_0144,-0.0,0.0
atom_pair_bit_0145,0.0,0.0
atom_pair_bit_0146,0.0,0.0
atom_pair_bit_0156,-0.0,0.0
atom_pair_bit_0148,-0.0,0.0
atom_pair_bit_0149,0.0,0.0
atom_pair_bit_0150,0.0,0.0
atom_pair_bit_0151,0.0,0.0
atom_pair_bit_0152,-0.0,0.0
atom_pair_bit_0153,0.0,0.0
atom_pair_bit_0154,0.0,0.0
atom_pair_bit_0155,-0.0,0.0
atom_pair_bit_0147,-0.0,0.0
atom_pair_bit_0196,-0.0,0.0
atom_pair_bit_0197,0.0,0.0
atom_pair_bit_0198,0.0,0.0
atom_pair_bit_0199,0.0,0.0
atom_pair_bit_0200,-0.0,0.0
atom_pair_bit_0201,0.0,0.0
atom_pair_bit_0202,0.0,0.0
atom_pair_bit_0177,0.0,0.0
atom_pair_bit_0204,0.0,0.0
atom_pair_bit_0205,0.0,0.0
atom_pair_bit_0206,0.0,0.0
atom_pair_bit_0207,-0.0,0.0
atom_pair_bit_0208,-0.0,0.0
atom_pair_bit_0209,-0.0,0.0
atom_pair_bit_0210,-0.0,0.0
atom_pair_bit_0211,0.0,0.0
atom_pair_bit_0203,-0.0,0.0
atom_pair_bit_0178,0.0,0.0
atom_pair_bit_0180,0.0,0.0
atom_pair_bit_0181,0.0,0.0
atom_pair_bit_0182,0.0,0.0
atom_pair_bit_0183,0.0,0.0
atom_pair_bit_0184,-0.0,0.0
atom_pair_bit_0185,0.0,0.0
atom_pair_bit_0195,-0.0,0.0
atom_pair_bit_0187,0.0,0.0
atom_pair_bit_0188,0.0,0.0
atom_pair_bit_0189,0.0,0.0
atom_pair_bit_0190,-0.0,0.0
atom_pair_bit_0191,-0.0,0.0
atom_pair_bit_0192,0.0,0.0
atom_pair_bit_0193,-0.0,0.0
atom_pair_bit_0194,0.0,0.0
atom_pair_bit_0186,0.0,0.0
layered_bit_0839,0.0,0.0
layered_bit_0838,0.0,0.0
layered_bit_0837,-0.0,0.0
layered_bit_0836,0.0,0.0
layered_bit_0835,-0.0,0.0
layered_bit_0834,0.0,0.0
layered_bit_0833,-0.0,0.0
layered_bit_0832,0.0,0.0
layered_bit_0831,-0.0,0.0
layered_bit_0830,0.0,0.0
layered_bit_0829,0.0,0.0
layered_bit_0828,-0.0,0.0
layered_bit_0827,-0.0,0.0
layered_bit_0826,-0.0,0.0
layered_bit_0825,0.0,0.0
layered_bit_1020,-0.0,0.0
layered_bit_0807,-0.0,0.0
layered_bit_0808,-0.0,0.0
layered_bit_0809,0.0,0.0
layered_bit_0810,-0.0,0.0
layered_bit_0811,-0.0,0.0
layered_bit_0812,0.0,0.0
layered_bit_0813,-0.0,0.0
layered_bit_0824,-0.0,0.0
layered_bit_0815,-0.0,0.0
layered_bit_0816,-0.0,0.0
layered_bit_0817,-0.0,0.0
layered_bit_0818,-0.0,0.0
layered_bit_0819,-0.0,0.0
layered_bit_0820,-0.0,0.0
layered_bit_0821,-0.0,0.0
layered_bit_0822,0.0,0.0
layered_bit_0814,0.0,0.0
layered_bit_0860,-0.0,0.0
layered_bit_0861,0.0,0.0
layered_bit_0862,-0.0,0.0
layered_bit_0863,-0.0,0.0
layered_bit_0864,-0.0,0.0
layered_bit_0865,0.0,0.0
layered_bit_0866,0.0,0.0
layered_bit_0840,-0.0,0.0
layered_bit_0869,0.0,0.0
layered_bit_0870,0.0,0.0
layered_bit_0871,0.0,0.0
layered_bit_0872,-0.0,0.0
layered_bit_0873,0.0,0.0
layered_bit_0874,-0.0,0.0
layered_bit_0875,-0.0,0.0
layered_bit_0876,0.0,0.0
layered_bit_0868,-0.0,0.0
layered_bit_0841,-0.0,0.0
layered_bit_0842,-0.0,0.0
layered_bit_0843,0.0,0.0
layered_bit_0844,0.0,0.0
layered_bit_0845,0.0,0.0
layered_bit_0846,-0.0,0.0
layered_bit_0847,0.0,0.0
layered_bit_0859,-0.0,0.0
layered_bit_0850,0.0,0.0
layered_bit_0851,0.0,0.0
layered_bit_0852,0.0,0.0
layered_bit_0853,0.0,0.0
layered_bit_0854,-0.0,0.0
layered_bit_0855,0.0,0.0
layered_bit_0857,0.0,0.0
layered_bit_0858,-0.0,0.0
layered_bit_0848,-0.0,0.0
layered_bit_0751,-0.0,0.0
layered_bit_0753,0.0,0.0
layered_bit_0754,-0.0,0.0
layered_bit_0755,0.0,0.0
layered_bit_0756,0.0,0.0
layered_bit_0757,-0.0,0.0
layered_bit_0760,0.0,0.0
layered_bit_0806,-0.0,0.0
layered_bit_0763,-0.0,0.0
layered_bit_0764,-0.0,0.0
layered_bit_0765,-0.0,0.0
layered_bit_0766,-0.0,0.0
layered_bit_0767,-0.0,0.0
layered_bit_0768,0.0,0.0
layered_bit_0769,0.0,0.0
layered_bit_0770,-0.0,0.0
layered_bit_0761,0.0,0.0
layered_bit_0733,-0.0,0.0
layered_bit_0734,0.0,0.0
layered_bit_0735,0.0,0.0
layered_bit_0736,-0.0,0.0
layered_bit_0737,-0.0,0.0
layered_bit_0738,-0.0,0.0
layered_bit_0739,0.0,0.0
layered_bit_0750,-0.0,0.0
layered_bit_0741,0.0,0.0
layered_bit_0742,0.0,0.0
layered_bit_0743,-0.0,0.0
layered_bit_0744,0.0,0.0
layered_bit_0745,0.0,0.0
layered_bit_0746,-0.0,0.0
layered_bit_0747,-0.0,0.0
layered_bit_0749,0.0,0.0
layered_bit_0740,-0.0,0.0
layered_bit_0790,-0.0,0.0
layered_bit_0791,0.0,0.0
layered_bit_0792,-0.0,0.0
layered_bit_0793,0.0,0.0
layered_bit_0794,0.0,0.0
layered_bit_0795,0.0,0.0
layered_bit_0796,0.0,0.0
layered_bit_0771,-0.0,0.0
layered_bit_0798,0.0,0.0
layered_bit_0799,0.0,0.0
layered_bit_0800,0.0,0.0
layered_bit_0801,-0.0,0.0
layered_bit_0802,0.0,0.0
layered_bit_0803,0.0,0.0
layered_bit_0804,0.0,0.0
layered_bit_0805,0.0,0.0
layered_bit_0797,0.0,0.0
layered_bit_0772,0.0,0.0
layered_bit_0774,-0.0,0.0
layered_bit_0775,0.0,0.0
layered_bit_0776,0.0,0.0
layered_bit_0777,-0.0,0.0
layered_bit_0778,0.0,0.0
layered_bit_0779,0.0,0.0
layered_bit_0789,-0.0,0.0
layered_bit_0781,-0.0,0.0
layered_bit_0782,0.0,0.0
layered_bit_0783,-0.0,0.0
layered_bit_0784,-0.0,0.0
layered_bit_0785,-0.0,0.0
layered_bit_0786,0.0,0.0
layered_bit_0787,-0.0,0.0
layered_bit_0788,0.0,0.0
layered_bit_0780,-0.0,0.0
layered_bit_0968,0.0,0.0
layered_bit_0969,-0.0,0.0
layered_bit_0970,-0.0,0.0
layered_bit_0971,-0.0,0.0
layered_bit_0972,-0.0,0.0
layered_bit_0973,-0.0,0.0
layered_bit_0975,0.0,0.0
layered_bit_0878,0.0,0.0
layered_bit_0977,0.0,0.0
layered_bit_0978,-0.0,0.0
layered_bit_0979,0.0,0.0
layered_bit_0980,0.0,0.0
layered_bit_0981,0.0,0.0
layered_bit_0982,-0.0,0.0
layered_bit_0983,0.0,0.0
layered_bit_0984,0.0,0.0
layered_bit_0976,0.0,0.0
layered_bit_0950,-0.0,0.0
layered_bit_0951,-0.0,0.0
layered_bit_0952,-0.0,0.0
layered_bit_0953,0.0,0.0
layered_bit_0954,0.0,0.0
layered_bit_0955,-0.0,0.0
layered_bit_0956,0.0,0.0
layered_bit_0967,-0.0,0.0
layered_bit_0958,-0.0,0.0
layered_bit_0959,0.0,0.0
layered_bit_0960,-0.0,0.0
layered_bit_0962,0.0,0.0
layered_bit_0963,0.0,0.0
layered_bit_0964,0.0,0.0
layered_bit_0965,-0.0,0.0
layered_bit_0966,-0.0,0.0
layered_bit_0957,-0.0,0.0
layered_bit_1004,-0.0,0.0
layered_bit_1005,-0.0,0.0
layered_bit_1006,0.0,0.0
layered_bit_1007,0.0,0.0
layered_bit_1008,-0.0,0.0
layered_bit_1009,-0.0,0.0
layered_bit_1010,0.0,0.0
layered_bit_0985,0.0,0.0
layered_bit_1012,-0.0,0.0
layered_bit_1013,0.0,0.0
layered_bit_1014,0.0,0.0
layered_bit_1015,0.0,0.0
layered_bit_1016,0.0,0.0
layered_bit_1017,0.0,0.0
layered_bit_1018,0.0,0.0
layered_bit_1019,0.0,0.0
layered_bit_1011,0.0,0.0
layered_bit_0987,-0.0,0.0
layered_bit_0988,0.0,0.0
layered_bit_0989,0.0,0.0
layered_bit_0990,-0.0,0.0
layered_bit_0991,-0.0,0.0
layered_bit_0992,-0.0,0.0
layered_bit_0993,0.0,0.0
layered_bit_1003,0.0,0.0
layered_bit_0995,-0.0,0.0
layered_bit_0996,-0.0,0.0
layered_bit_0997,0.0,0.0
layered_bit_0998,0.0,0.0
layered_bit_0999,-0.0,0.0
layered_bit_1000,0.0,0.0
layered_bit_1001,0.0,0.0
layered_bit_1002,0.0,0.0
layered_bit_0994,-0.0,0.0
layered_bit_0898,0.0,0.0
layered_bit_0899,0.0,0.0
layered_bit_0900,-0.0,0.0
layered_bit_0901,-0.0,0.0
layered_bit_0902,-0.0,0.0
layered_bit_0903,0.0,0.0
layered_bit_0904,0.0,0.0
layered_bit_0949,0.0,0.0
layered_bit_0906,0.0,0.0
layered_bit_0907,-0.0,0.0
layered_bit_0908,-0.0,0.0
layered_bit_0909,-0.0,0.0
layered_bit_0910,0.0,0.0
layered_bit_0911,0.0,0.0
layered_bit_0912,-0.0,0.0
layered_bit_0913,-0.0,0.0
layered_bit_0905,0.0,0.0
layered_bit_0879,0.0,0.0
layered_bit_0880,-0.0,0.0
layered_bit_0881,-0.0,0.0
layered_bit_0882,-0.0,0.0
layered_bit_0884,-0.0,0.0
layered_bit_0885,0.0,0.0
layered_bit_0886,-0.0,0.0
layered_bit_0897,0.0,0.0
layered_bit_0888,-0.0,0.0
layered_bit_0889,-0.0,0.0
layered_bit_0890,-0.0,0.0
layered_bit_0891,0.0,0.0
layered_bit_0892,-0.0,0.0
layered_bit_0894,-0.0,0.0
layered_bit_0895,-0.0,0.0
layered_bit_0896,0.0,0.0
layered_bit_0887,0.0,0.0
layered_bit_0932,0.0,0.0
layered_bit_0933,-0.0,0.0
layered_bit_0934,-0.0,0.0
layered_bit_0935,-0.0,0.0
layered_bit_0936,-0.0,0.0
layered_bit_0937,-0.0,0.0
layered_bit_0939,0.0,0.0
layered_bit_0914,0.0,0.0
layered_bit_0941,-0.0,0.0
layered_bit_0942,0.0,0.0
layered_bit_0943,0.0,0.0
layered_bit_0944,-0.0,0.0
layered_bit_0945,0.0,0.0
layered_bit_0946,0.0,0.0
layered_bit_0947,0.0,0.0
layered_bit_0948,-0.0,0.0
layered_bit_0940,-0.0,0.0
layered_bit_0915,-0.0,0.0
layered_bit_0916,0.0,0.0
layered_bit_0917,0.0,0.0
layered_bit_0918,-0.0,0.0
layered_bit_0919,-0.0,0.0
layered_bit_0920,-0.0,0.0
layered_bit_0921,-0.0,0.0
layered_bit_0931,-0.0,0.0
layered_bit_0923,0.0,0.0
layered_bit_0924,0.0,0.0
layered_bit_0925,0.0,0.0
layered_bit_0926,0.0,0.0
layered_bit_0927,0.0,0.0
layered_bit_0928,-0.0,0.0
layered_bit_0929,-0.0,0.0
layered_bit_0930,-0.0,0.0
layered_bit_0922,-0.0,0.0
atom_pair_bit_0691,-0.0,0.0
atom_pair_bit_0690,0.0,0.0
atom_pair_bit_0689,0.0,0.0
atom_pair_bit_0688,-0.0,0.0
atom_pair_bit_0686,0.0,0.0
erg_298,0.0,0.0
atom_pair_bit_0684,-0.0,0.0
atom_pair_bit_0683,-0.0,0.0
atom_pair_bit_0682,0.0,0.0
atom_pair_bit_0681,0.0,0.0
atom_pair_bit_0680,-0.0,0.0
atom_pair_bit_0679,-0.0,0.0
atom_pair_bit_0678,0.0,0.0
atom_pair_bit_0677,0.0,0.0
atom_pair_bit_0676,0.0,0.0
atom_pair_bit_0286,0.0,0.0
atom_pair_bit_0657,0.0,0.0
atom_pair_bit_0658,0.0,0.0
atom_pair_bit_0659,0.0,0.0
atom_pair_bit_0660,-0.0,0.0
atom_pair_bit_0661,0.0,0.0
atom_pair_bit_0662,0.0,0.0
atom_pair_bit_0664,0.0,0.0
atom_pair_bit_0674,-0.0,0.0
atom_pair_bit_0666,-0.0,0.0
atom_pair_bit_0667,-0.0,0.0
atom_pair_bit_0668,0.0,0.0
atom_pair_bit_0669,0.0,0.0
atom_pair_bit_0670,0.0,0.0
atom_pair_bit_0671,-0.0,0.0
atom_pair_bit_0672,-0.0,0.0
atom_pair_bit_0673,-0.0,0.0
atom_pair_bit_0665,0.0,0.0
atom_pair_bit_0714,0.0,0.0
atom_pair_bit_0715,-0.0,0.0
atom_pair_bit_0716,0.0,0.0
atom_pair_bit_0717,-0.0,0.0
atom_pair_bit_0718,0.0,0.0
atom_pair_bit_0719,0.0,0.0
atom_pair_bit_0720,-0.0,0.0
atom_pair_bit_0692,0.0,0.0
atom_pair_bit_0722,0.0,0.0
atom_pair_bit_0723,-0.0,0.0
atom_pair_bit_0724,-0.0,0.0
atom_pair_bit_0725,-0.0,0.0
atom_pair_bit_0726,0.0,0.0
atom_pair_bit_0727,0.0,0.0
atom_pair_bit_0728,-0.0,0.0
atom_pair_bit_0729,-0.0,0.0
atom_pair_bit_0721,0.0,0.0
atom_pair_bit_0693,-0.0,0.0
atom_pair_bit_0694,-0.0,0.0
atom_pair_bit_0695,-0.0,0.0
atom_pair_bit_0697,-0.0,0.0
atom_pair_bit_0698,0.0,0.0
atom_pair_bit_0702,0.0,0.0
atom_pair_bit_0703,0.0,0.0
atom_pair_bit_0713,0.0,0.0
atom_pair_bit_0705,-0.0,0.0
atom_pair_bit_0706,0.0,0.0
atom_pair_bit_0707,0.0,0.0
atom_pair_bit_0708,-0.0,0.0
atom_pair_bit_0709,0.0,0.0
atom_pair_bit_0710,0.0,0.0
atom_pair_bit_0711,0.0,0.0
atom_pair_bit_0712,-0.0,0.0
atom_pair_bit_0704,-0.0,0.0
atom_pair_bit_0599,0.0,0.0
atom_pair_bit_0600,-0.0,0.0
atom_pair_bit_0601,-0.0,0.0
atom_pair_bit_0604,0.0,0.0
atom_pair_bit_0605,-0.0,0.0
atom_pair_bit_0606,-0.0,0.0
atom_pair_bit_0607,-0.0,0.0
atom_pair_bit_0656,-0.0,0.0
atom_pair_bit_0609,-0.0,0.0
atom_pair_bit_0611,0.0,0.0
atom_pair_bit_0612,-0.0,0.0
atom_pair_bit_0613,-0.0,0.0
atom_pair_bit_0614,0.0,0.0
atom_pair_bit_0615,0.0,0.0
atom_pair_bit_0616,0.0,0.0
atom_pair_bit_0617,0.0,0.0
atom_pair_bit_0608,-0.0,0.0
atom_pair_bit_0579,0.0,0.0
atom_pair_bit_0580,-0.0,0.0
atom_pair_bit_0581,-0.0,0.0
atom_pair_bit_0582,-0.0,0.0
atom_pair_bit_0583,0.0,0.0
atom_pair_bit_0585,-0.0,0.0
atom_pair_bit_0587,0.0,0.0
atom_pair_bit_0598,0.0,0.0
atom_pair_bit_0589,-0.0,0.0
atom_pair_bit_0590,0.0,0.0
atom_pair_bit_0591,0.0,0.0
atom_pair_bit_0592,-0.0,0.0
atom_pair_bit_0593,0.0,0.0
atom_pair_bit_0595,-0.0,0.0
atom_pair_bit_0596,-0.0,0.0
atom_pair_bit_0597,-0.0,0.0
atom_pair_bit_0588,-0.0,0.0
atom_pair_bit_0638,0.0,0.0
atom_pair_bit_0639,-0.0,0.0
atom_pair_bit_0640,0.0,0.0
atom_pair_bit_0641,0.0,0.0
atom_pair_bit_0642,0.0,0.0
atom_pair_bit_0643,-0.0,0.0
atom_pair_bit_0644,-0.0,0.0
atom_pair_bit_0618,0.0,0.0
atom_pair_bit_0646,-0.0,0.0
atom_pair_bit_0647,0.0,0.0
atom_pair_bit_0648,0.0,0.0
atom_pair_bit_0649,0.0,0.0
atom_pair_bit_0650,0.0,0.0
atom_pair_bit_0652,-0.0,0.0
atom_pair_bit_0653,0.0,0.0
atom_pair_bit_0654,-0.0,0.0
atom_pair_bit_0645,0.0,0.0
atom_pair_bit_0619,0.0,0.0
atom_pair_bit_0620,-0.0,0.0
atom_pair_bit_0621,-0.0,0.0
atom_pair_bit_0622,-0.0,0.0
atom_pair_bit_0623,-0.0,0.0
atom_pair_bit_0624,0.0,0.0
atom_pair_bit_0626,-0.0,0.0
atom_pair_bit_0637,0.0,0.0
atom_pair_bit_0628,0.0,0.0
atom_pair_bit_0629,0.0,0.0
atom_pair_bit_0630,-0.0,0.0
atom_pair_bit_0631,0.0,0.0
atom_pair_bit_0633,-0.0,0.0
atom_pair_bit_0634,0.0,0.0
atom_pair_bit_0635,0.0,0.0
atom_pair_bit_0636,-0.0,0.0
atom_pair_bit_0627,-0.0,0.0
atom_pair_bit_0826,-0.0,0.0
atom_pair_bit_0827,0.0,0.0
atom_pair_bit_0828,-0.0,0.0
atom_pair_bit_0829,0.0,0.0
atom_pair_bit_0830,-0.0,0.0
atom_pair_bit_0831,-0.0,0.0
atom_pair_bit_0832,-0.0,0.0
atom_pair_bit_0730,-0.0,0.0
atom_pair_bit_0835,0.0,0.0
atom_pair_bit_0837,0.0,0.0
atom_pair_bit_0838,-0.0,0.0
atom_pair_bit_0840,-0.0,0.0
atom_pair_bit_0841,-0.0,0.0
atom_pair_bit_0842,-0.0,0.0
atom_pair_bit_0843,0.0,0.0
atom_pair_bit_0844,-0.0,0.0
atom_pair_bit_0833,-0.0,0.0
atom_pair_bit_0807,0.0,0.0
atom_pair_bit_0808,-0.0,0.0
atom_pair_bit_0809,-0.0,0.0
atom_pair_bit_0810,-0.0,0.0
atom_pair_bit_0811,0.0,0.0
atom_pair_bit_0812,-0.0,0.0
atom_pair_bit_0813,-0.0,0.0
atom_pair_bit_0824,-0.0,0.0
atom_pair_bit_0816,0.0,0.0
atom_pair_bit_0817,0.0,0.0
atom_pair_bit_0818,-0.0,0.0
atom_pair_bit_0819,0.0,0.0
atom_pair_bit_0820,0.0,0.0
atom_pair_bit_0821,0.0,0.0
atom_pair_bit_0822,0.0,0.0
atom_pair_bit_0823,-0.0,0.0
atom_pair_bit_0814,-0.0,0.0
atom_pair_bit_0865,-0.0,0.0
atom_pair_bit_0866,-0.0,0.0
atom_pair_bit_0867,-0.0,0.0
atom_pair_bit_0868,-0.0,0.0
atom_pair_bit_0869,-0.0,0.0
atom_pair_bit_0870,0.0,0.0
atom_pair_bit_0872,-0.0,0.0
atom_pair_bit_0845,-0.0,0.0
atom_pair_bit_0874,-0.0,0.0
atom_pair_bit_0875,0.0,0.0
atom_pair_bit_0876,-0.0,0.0
atom_pair_bit_0878,-0.0,0.0
atom_pair_bit_0879,0.0,0.0
atom_pair_bit_0880,0.0,0.0
atom_pair_bit_0881,-0.0,0.0
atom_pair_bit_0882,0.0,0.0
atom_pair_bit_0873,-0.0,0.0
atom_pair_bit_0846,-0.0,0.0
atom_pair_bit_0847,-0.0,0.0
atom_pair_bit_0848,0.0,0.0
atom_pair_bit_0849,0.0,0.0
atom_pair_bit_0851,-0.0,0.0
atom_pair_bit_0852,-0.0,0.0
atom_pair_bit_0853,-0.0,0.0
atom_pair_bit_0864,-0.0,0.0
atom_pair_bit_0855,0.0,0.0
atom_pair_bit_0856,-0.0,0.0
atom_pair_bit_0857,-0.0,0.0
atom_pair_bit_0858,-0.0,0.0
atom_pair_bit_0859,0.0,0.0
atom_pair_bit_0860,0.0,0.0
atom_pair_bit_0861,-0.0,0.0
atom_pair_bit_0862,0.0,0.0
atom_pair_bit_0854,-0.0,0.0
atom_pair_bit_0750,-0.0,0.0
atom_pair_bit_0751,-0.0,0.0
atom_pair_bit_0752,-0.0,0.0
atom_pair_bit_0753,-0.0,0.0
atom_pair_bit_0754,0.0,0.0
atom_pair_bit_0755,0.0,0.0
atom_pair_bit_0756,-0.0,0.0
atom_pair_bit_0806,-0.0,0.0
atom_pair_bit_0758,0.0,0.0
atom_pair_bit_0759,0.0,0.0
atom_pair_bit_0760,-0.0,0.0
atom_pair_bit_0761,0.0,0.0
atom_pair_bit_0762,-0.0,0.0
atom_pair_bit_0763,-0.0,0.0
atom_pair_bit_0764,0.0,0.0
atom_pair_bit_0765,0.0,0.0
atom_pair_bit_0757,-0.0,0.0
atom_pair_bit_0731,0.0,0.0
atom_pair_bit_0732,-0.0,0.0
atom_pair_bit_0733,-0.0,0.0
atom_pair_bit_0734,-0.0,0.0
atom_pair_bit_0735,-0.0,0.0
atom_pair_bit_0736,0.0,0.0
atom_pair_bit_0737,-0.0,0.0
atom_pair_bit_0749,0.0,0.0
atom_pair_bit_0739,0.0,0.0
atom_pair_bit_0742,-0.0,0.0
atom_pair_bit_0743,0.0,0.0
atom_pair_bit_0744,0.0,0.0
atom_pair_bit_0745,0.0,0.0
atom_pair_bit_0746,0.0,0.0
atom_pair_bit_0747,0.0,0.0
atom_pair_bit_0748,0.0,0.0
atom_pair_bit_0738,0.0,0.0
atom_pair_bit_0789,0.0,0.0
atom_pair_bit_0790,0.0,0.0
atom_pair_bit_0791,-0.0,0.0
atom_pair_bit_0792,0.0,0.0
atom_pair_bit_0793,0.0,0.0
atom_pair_bit_0794,0.0,0.0
atom_pair_bit_0795,-0.0,0.0
atom_pair_bit_0766,-0.0,0.0
atom_pair_bit_0797,0.0,0.0
atom_pair_bit_0798,0.0,0.0
atom_pair_bit_0799,0.0,0.0
atom_pair_bit_0800,0.0,0.0
atom_pair_bit_0801,0.0,0.0
atom_pair_bit_0802,0.0,0.0
atom_pair_bit_0804,0.0,0.0
atom_pair_bit_0805,0.0,0.0
atom_pair_bit_0796,0.0,0.0
atom_pair_bit_0769,0.0,0.0
atom_pair_bit_0770,-0.0,0.0
atom_pair_bit_0771,-0.0,0.0
atom_pair_bit_0772,-0.0,0.0
atom_pair_bit_0773,-0.0,0.0
atom_pair_bit_0774,-0.0,0.0
atom_pair_bit_0775,-0.0,0.0
atom_pair_bit_0788,0.0,0.0
atom_pair_bit_0778,0.0,0.0
atom_pair_bit_0779,0.0,0.0
atom_pair_bit_0780,-0.0,0.0
atom_pair_bit_0781,-0.0,0.0
atom_pair_bit_0782,-0.0,0.0
atom_pair_bit_0783,-0.0,0.0
atom_pair_bit_0784,-0.0,0.0
atom_pair_bit_0787,0.0,0.0
atom_pair_bit_0776,-0.0,0.0
atom_pair_bit_0396,-0.0,0.0
atom_pair_bit_0394,0.0,0.0
atom_pair_bit_0393,-0.0,0.0
atom_pair_bit_0392,-0.0,0.0
atom_pair_bit_0390,0.0,0.0
atom_pair_bit_0389,0.0,0.0
atom_pair_bit_0388,0.0,0.0
atom_pair_bit_0387,-0.0,0.0
atom_pair_bit_0386,0.0,0.0
atom_pair_bit_0385,0.0,0.0
atom_pair_bit_0384,-0.0,0.0
atom_pair_bit_0383,0.0,0.0
atom_pair_bit_0382,-0.0,0.0
atom_pair_bit_0381,0.0,0.0
atom_pair_bit_0380,-0.0,0.0
atom_pair_bit_0578,-0.0,0.0
atom_pair_bit_0363,-0.0,0.0
atom_pair_bit_0364,-0.0,0.0
atom_pair_bit_0365,0.0,0.0
atom_pair_bit_0366,-0.0,0.0
atom_pair_bit_0367,0.0,0.0
atom_pair_bit_0368,-0.0,0.0
atom_pair_bit_0369,-0.0,0.0
atom_pair_bit_0379,0.0,0.0
atom_pair_bit_0371,-0.0,0.0
atom_pair_bit_0372,0.0,0.0
atom_pair_bit_0373,0.0,0.0
atom_pair_bit_0374,0.0,0.0
atom_pair_bit_0375,-0.0,0.0
atom_pair_bit_0376,-0.0,0.0
atom_pair_bit_0377,-0.0,0.0
atom_pair_bit_0378,-0.0,0.0
atom_pair_bit_0370,-0.0,0.0
atom_pair_bit_0420,-0.0,0.0
atom_pair_bit_0421,-0.0,0.0
atom_pair_bit_0422,-0.0,0.0
atom_pair_bit_0423,-0.0,0.0
atom_pair_bit_0424,-0.0,0.0
atom_pair_bit_0425,-0.0,0.0
atom_pair_bit_0426,0.0,0.0
atom_pair_bit_0397,0.0,0.0
atom_pair_bit_0428,0.0,0.0
atom_pair_bit_0429,0.0,0.0
atom_pair_bit_0430,-0.0,0.0
atom_pair_bit_0431,-0.0,0.0
atom_pair_bit_0432,0.0,0.0
atom_pair_bit_0433,-0.0,0.0
atom_pair_bit_0434,0.0,0.0
atom_pair_bit_0435,-0.0,0.0
atom_pair_bit_0427,-0.0,0.0
atom_pair_bit_0398,0.0,0.0
atom_pair_bit_0399,0.0,0.0
atom_pair_bit_0400,0.0,0.0
atom_pair_bit_0401,-0.0,0.0
atom_pair_bit_0402,0.0,0.0
atom_pair_bit_0403,0.0,0.0
atom_pair_bit_0404,0.0,0.0
atom_pair_bit_0419,-0.0,0.0
atom_pair_bit_0407,-0.0,0.0
atom_pair_bit_0408,-0.0,0.0
atom_pair_bit_0409,-0.0,0.0
atom_pair_bit_0413,0.0,0.0
atom_pair_bit_0414,0.0,0.0
atom_pair_bit_0416,0.0,0.0
atom_pair_bit_0417,0.0,0.0
atom_pair_bit_0418,0.0,0.0
atom_pair_bit_0406,0.0,0.0
atom_pair_bit_0306,-0.0,0.0
atom_pair_bit_0307,-0.0,0.0
atom_pair_bit_0308,0.0,0.0
atom_pair_bit_0309,0.0,0.0
atom_pair_bit_0310,-0.0,0.0
atom_pair_bit_0313,0.0,0.0
atom_pair_bit_0314,0.0,0.0
atom_pair_bit_0362,-0.0,0.0
atom_pair_bit_0316,0.0,0.0
atom_pair_bit_0317,0.0,0.0
atom_pair_bit_0318,0.0,0.0
atom_pair_bit_0319,0.0,0.0
atom_pair_bit_0320,-0.0,0.0
atom_pair_bit_0321,-0.0,0.0
atom_pair_bit_0322,-0.0,0.0
atom_pair_bit_0323,-0.0,0.0
atom_pair_bit_0315,-0.0,0.0
atom_pair_bit_0287,-0.0,0.0
atom_pair_bit_0288,-0.0,0.0
atom_pair_bit_0289,-0.0,0.0
atom_pair_bit_0291,0.0,0.0
atom_pair_bit_0292,-0.0,0.0
atom_pair_bit_0293,-0.0,0.0
atom_pair_bit_0294,-0.0,0.0
atom_pair_bit_0305,0.0,0.0
atom_pair_bit_0296,-0.0,0.0
atom_pair_bit_0298,0.0,0.0
atom_pair_bit_0299,0.0,0.0
atom_pair_bit_0300,-0.0,0.0
atom_pair_bit_0301,0.0,0.0
atom_pair_bit_0302,-0.0,0.0
atom_pair_bit_0303,0.0,0.0
atom_pair_bit_0304,-0.0,0.0
atom_pair_bit_0295,-0.0,0.0
atom_pair_bit_0344,0.0,0.0
atom_pair_bit_0345,0.0,0.0
atom_pair_bit_0346,-0.0,0.0
atom_pair_bit_0347,-0.0,0.0
atom_pair_bit_0348,-0.0,0.0
atom_pair_bit_0349,0.0,0.0
atom_pair_bit_0350,-0.0,0.0
atom_pair_bit_0324,-0.0,0.0
atom_pair_bit_0354,-0.0,0.0
atom_pair_bit_0355,0.0,0.0
atom_pair_bit_0356,-0.0,0.0
atom_pair_bit_0357,0.0,0.0
atom_pair_bit_0358,-0.0,0.0
atom_pair_bit_0359,0.0,0.0
atom_pair_bit_0360,-0.0,0.0
atom_pair_bit_0361,0.0,0.0
atom_pair_bit_0352,-0.0,0.0
atom_pair_bit_0325,-0.0,0.0
atom_pair_bit_0327,0.0,0.0
atom_pair_bit_0328,-0.0,0.0
atom_pair_bit_0329,-0.0,0.0
atom_pair_bit_0330,-0.0,0.0
atom_pair_bit_0331,0.0,0.0
atom_pair_bit_0332,-0.0,0.0
atom_pair_bit_0343,-0.0,0.0
atom_pair_bit_0335,-0.0,0.0
atom_pair_bit_0336,0.0,0.0
atom_pair_bit_0337,0.0,0.0
atom_pair_bit_0338,0.0,0.0
atom_pair_bit_0339,0.0,0.0
atom_pair_bit_0340,0.0,0.0
atom_pair_bit_0341,-0.0,0.0
atom_pair_bit_0342,-0.0,0.0
atom_pair_bit_0334,0.0,0.0
atom_pair_bit_0528,0.0,0.0
atom_pair_bit_0529,-0.0,0.0
atom_pair_bit_0530,0.0,0.0
atom_pair_bit_0531,-0.0,0.0
atom_pair_bit_0532,-0.0,0.0
atom_pair_bit_0533,-0.0,0.0
atom_pair_bit_0534,-0.0,0.0
atom_pair_bit_0436,-0.0,0.0
atom_pair_bit_0536,0.0,0.0
atom_pair_bit_0537,-0.0,0.0
atom_pair_bit_0538,0.0,0.0
atom_pair_bit_0539,0.0,0.0
atom_pair_bit_0540,0.0,0.0
atom_pair_bit_0541,0.0,0.0
atom_pair_bit_0542,-0.0,0.0
atom_pair_bit_0543,-0.0,0.0
atom_pair_bit_0535,0.0,0.0
atom_pair_bit_0511,0.0,0.0
atom_pair_bit_0512,-0.0,0.0
atom_pair_bit_0513,0.0,0.0
atom_pair_bit_0514,-0.0,0.0
atom_pair_bit_0515,-0.0,0.0
atom_pair_bit_0516,0.0,0.0
atom_pair_bit_0517,0.0,0.0
atom_pair_bit_0527,-0.0,0.0
atom_pair_bit_0519,0.0,0.0
atom_pair_bit_0520,-0.0,0.0
atom_pair_bit_0521,-0.0,0.0
atom_pair_bit_0522,-0.0,0.0
atom_pair_bit_0523,-0.0,0.0
atom_pair_bit_0524,0.0,0.0
atom_pair_bit_0525,-0.0,0.0
atom_pair_bit_0526,-0.0,0.0
atom_pair_bit_0518,0.0,0.0
atom_pair_bit_0562,0.0,0.0
atom_pair_bit_0563,0.0,0.0
atom_pair_bit_0564,-0.0,0.0
atom_pair_bit_0565,-0.0,0.0
atom_pair_bit_0566,-0.0,0.0
atom_pair_bit_0567,-0.0,0.0
atom_pair_bit_0568,-0.0,0.0
atom_pair_bit_0544,0.0,0.0
atom_pair_bit_0570,0.0,0.0
atom_pair_bit_0571,-0.0,0.0
atom_pair_bit_0572,0.0,0.0
atom_pair_bit_0573,-0.0,0.0
atom_pair_bit_0574,0.0,0.0
atom_pair_bit_0575,0.0,0.0
atom_pair_bit_0576,0.0,0.0
atom_pair_bit_0577,0.0,0.0
atom_pair_bit_0569,-0.0,0.0
atom_pair_bit_0545,0.0,0.0
atom_pair_bit_0546,-0.0,0.0
atom_pair_bit_0547,0.0,0.0
atom_pair_bit_0548,0.0,0.0
atom_pair_bit_0549,0.0,0.0
atom_pair_bit_0550,0.0,0.0
atom_pair_bit_0551,0.0,0.0
atom_pair_bit_0561,-0.0,0.0
atom_pair_bit_0553,-0.0,0.0
atom_pair_bit_0554,-0.0,0.0
atom_pair_bit_0555,-0.0,0.0
atom_pair_bit_0556,0.0,0.0
atom_pair_bit_0557,-0.0,0.0
atom_pair_bit_0558,-0.0,0.0
atom_pair_bit_0559,0.0,0.0
atom_pair_bit_0560,0.0,0.0
atom_pair_bit_0552,-0.0,0.0
atom_pair_bit_0456,-0.0,0.0
atom_pair_bit_0457,-0.0,0.0
atom_pair_bit_0458,0.0,0.0
atom_pair_bit_0459,0.0,0.0
atom_pair_bit_0460,0.0,0.0
atom_pair_bit_0461,0.0,0.0
atom_pair_bit_0463,0.0,0.0
atom_pair_bit_0510,0.0,0.0
atom_pair_bit_0465,-0.0,0.0
atom_pair_bit_0466,0.0,0.0
atom_pair_bit_0467,-0.0,0.0
atom_pair_bit_0468,0.0,0.0
atom_pair_bit_0469,-0.0,0.0
atom_pair_bit_0470,0.0,0.0
atom_pair_bit_0471,-0.0,0.0
atom_pair_bit_0473,-0.0,0.0
atom_pair_bit_0464,0.0,0.0
atom_pair_bit_0437,-0.0,0.0
atom_pair_bit_0438,0.0,0.0
atom_pair_bit_0439,-0.0,0.0
atom_pair_bit_0440,-0.0,0.0
atom_pair_bit_0441,-0.0,0.0
atom_pair_bit_0442,-0.0,0.0
atom_pair_bit_0444,-0.0,0.0
atom_pair_bit_0455,0.0,0.0
atom_pair_bit_0446,0.0,0.0
atom_pair_bit_0448,-0.0,0.0
atom_pair_bit_0449,0.0,0.0
atom_pair_bit_0450,0.0,0.0
atom_pair_bit_0451,0.0,0.0
atom_pair_bit_0452,-0.0,0.0
atom_pair_bit_0453,0.0,0.0
atom_pair_bit_0454,0.0,0.0
atom_pair_bit_0445,-0.0,0.0
atom_pair_bit_0494,0.0,0.0
atom_pair_bit_0495,0.0,0.0
atom_pair_bit_0496,-0.0,0.0
atom_pair_bit_0497,-0.0,0.0
atom_pair_bit_0498,-0.0,0.0
atom_pair_bit_0499,0.0,0.0
atom_pair_bit_0500,-0.0,0.0
atom_pair_bit_0474,-0.0,0.0
atom_pair_bit_0502,-0.0,0.0
atom_pair_bit_0503,-0.0,0.0
atom_pair_bit_0504,0.0,0.0
atom_pair_bit_0505,-0.0,0.0
atom_pair_bit_0506,0.0,0.0
atom_pair_bit_0507,0.0,0.0
atom_pair_bit_0508,0.0,0.0
atom_pair_bit_0509,0.0,0.0
atom_pair_bit_0501,-0.0,0.0
atom_pair_bit_0476,0.0,0.0
atom_pair_bit_0477,-0.0,0.0
atom_pair_bit_0478,0.0,0.0
atom_pair_bit_0479,-0.0,0.0
atom_pair_bit_0480,-0.0,0.0
atom_pair_bit_0481,-0.0,0.0
atom_pair_bit_0482,-0.0,0.0
atom_pair_bit_0493,0.0,0.0
atom_pair_bit_0484,-0.0,0.0
atom_pair_bit_0485,-0.0,0.0
atom_pair_bit_0486,-0.0,0.0
atom_pair_bit_0487,-0.0,0.0
atom_pair_bit_0488,0.0,0.0
atom_pair_bit_0489,0.0,0.0
atom_pair_bit_0490,-0.0,0.0
atom_pair_bit_0492,0.0,0.0
atom_pair_bit_0483,0.0,0.0
fcfp6_bit_0991,-0.0,0.0
fcfp6_bit_0990,-0.0,0.0
fcfp6_bit_0989,0.0,0.0
fcfp6_bit_0988,0.0,0.0
fcfp6_bit_0987,-0.0,0.0
fcfp6_bit_0986,0.0,0.0
fcfp6_bit_0985,0.0,0.0
fcfp6_bit_0984,-0.0,0.0
fcfp6_bit_0983,0.0,0.0
fcfp6_bit_0982,-0.0,0.0
fcfp6_bit_0980,-0.0,0.0
fcfp6_bit_0979,-0.0,0.0
fcfp6_bit_0978,-0.0,0.0
fcfp6_bit_0975,-0.0,0.0
fcfp6_bit_0974,-0.0,0.0
layered_bit_0732,0.0,0.0
fcfp6_bit_0955,-0.0,0.0
fcfp6_bit_0957,-0.0,0.0
fcfp6_bit_0958,0.0,0.0
fcfp6_bit_0959,0.0,0.0
fcfp6_bit_0960,0.0,0.0
fcfp6_bit_0962,-0.0,0.0
fcfp6_bit_0963,-0.0,0.0
fcfp6_bit_0973,-0.0,0.0
fcfp6_bit_0965,0.0,0.0
fcfp6_bit_0966,-0.0,0.0
fcfp6_bit_0967,-0.0,0.0
fcfp6_bit_0968,0.0,0.0
fcfp6_bit_0969,-0.0,0.0
fcfp6_bit_0970,-0.0,0.0
fcfp6_bit_0971,0.0,0.0
fcfp6_bit_0972,-0.0,0.0
fcfp6_bit_0964,0.0,0.0
fcfp6_bit_1014,-0.0,0.0
fcfp6_bit_1015,-0.0,0.0
fcfp6_bit_1016,0.0,0.0
fcfp6_bit_1017,0.0,0.0
fcfp6_bit_1020,0.0,0.0
fcfp6_bit_1021,0.0,0.0
layered_bit_0000,0.0,0.0
fcfp6_bit_0992,0.0,0.0
layered_bit_0003,-0.0,0.0
layered_bit_0004,0.0,0.0
layered_bit_0005,0.0,0.0
layered_bit_0006,-0.0,0.0
layered_bit_0007,0.0,0.0
layered_bit_0008,-0.0,0.0
layered_bit_0009,0.0,0.0
layered_bit_0010,-0.0,0.0
layered_bit_0002,0.0,0.0
fcfp6_bit_0993,-0.0,0.0
fcfp6_bit_0994,-0.0,0.0
fcfp6_bit_0995,0.0,0.0
fcfp6_bit_0996,-0.0,0.0
fcfp6_bit_0997,-0.0,0.0
fcfp6_bit_0998,-0.0,0.0
fcfp6_bit_0999,-0.0,0.0
fcfp6_bit_1013,0.0,0.0
fcfp6_bit_1001,0.0,0.0
fcfp6_bit_1006,0.0,0.0
fcfp6_bit_1007,0.0,0.0
fcfp6_bit_1008,-0.0,0.0
fcfp6_bit_1009,-0.0,0.0
fcfp6_bit_1010,0.0,0.0
fcfp6_bit_1011,0.0,0.0
fcfp6_bit_1012,0.0,0.0
fcfp6_bit_1000,-0.0,0.0
fcfp6_bit_0891,-0.0,0.0
fcfp6_bit_0892,-0.0,0.0
fcfp6_bit_0893,-0.0,0.0
fcfp6_bit_0895,-0.0,0.0
fcfp6_bit_0897,-0.0,0.0
fcfp6_bit_0898,0.0,0.0
fcfp6_bit_0899,-0.0,0.0
fcfp6_bit_0954,0.0,0.0
fcfp6_bit_0902,0.0,0.0
fcfp6_bit_0903,-0.0,0.0
fcfp6_bit_0904,-0.0,0.0
fcfp6_bit_0906,-0.0,0.0
fcfp6_bit_0907,0.0,0.0
fcfp6_bit_0908,0.0,0.0
fcfp6_bit_0909,0.0,0.0
fcfp6_bit_0910,-0.0,0.0
fcfp6_bit_0901,-0.0,0.0
fcfp6_bit_0870,0.0,0.0
fcfp6_bit_0871,0.0,0.0
fcfp6_bit_0873,0.0,0.0
fcfp6_bit_0874,0.0,0.0
fcfp6_bit_0876,0.0,0.0
fcfp6_bit_0877,-0.0,0.0
fcfp6_bit_0878,-0.0,0.0
fcfp6_bit_0890,0.0,0.0
fcfp6_bit_0880,0.0,0.0
fcfp6_bit_0881,-0.0,0.0
fcfp6_bit_0883,-0.0,0.0
fcfp6_bit_0884,-0.0,0.0
fcfp6_bit_0885,0.0,0.0
fcfp6_bit_0886,-0.0,0.0
fcfp6_bit_0888,0.0,0.0
fcfp6_bit_0889,-0.0,0.0
fcfp6_bit_0879,-0.0,0.0
fcfp6_bit_0929,0.0,0.0
fcfp6_bit_0930,-0.0,0.0
fcfp6_bit_0934,-0.0,0.0
fcfp6_bit_0935,-0.0,0.0
fcfp6_bit_0936,0.0,0.0
fcfp6_bit_0937,0.0,0.0
fcfp6_bit_0938,0.0,0.0
fcfp6_bit_0911,-0.0,0.0
fcfp6_bit_0942,0.0,0.0
fcfp6_bit_0945,0.0,0.0
fcfp6_bit_0946,-0.0,0.0
fcfp6_bit_0947,-0.0,0.0
fcfp6_bit_0948,-0.0,0.0
fcfp6_bit_0949,0.0,0.0
fcfp6_bit_0950,-0.0,0.0
fcfp6_bit_0952,0.0,0.0
fcfp6_bit_0939,-0.0,0.0
fcfp6_bit_0912,-0.0,0.0
fcfp6_bit_0913,0.0,0.0
fcfp6_bit_0914,-0.0,0.0
fcfp6_bit_0915,0.0,0.0
fcfp6_bit_0916,-0.0,0.0
fcfp6_bit_0917,-0.0,0.0
fcfp6_bit_0918,0.0,0.0
fcfp6_bit_0928,-0.0,0.0
fcfp6_bit_0920,-0.0,0.0
fcfp6_bit_0921,0.0,0.0
fcfp6_bit_0922,-0.0,0.0
fcfp6_bit_0923,-0.0,0.0
fcfp6_bit_0924,0.0,0.0
fcfp6_bit_0925,0.0,0.0
fcfp6_bit_0926,-0.0,0.0
fcfp6_bit_0927,0.0,0.0
fcfp6_bit_0919,-0.0,0.0
layered_bit_0101,-0.0,0.0
layered_bit_0102,0.0,0.0
layered_bit_0103,0.0,0.0
layered_bit_0104,0.0,0.0
layered_bit_0106,-0.0,0.0
layered_bit_0107,0.0,0.0
layered_bit_0108,0.0,0.0
layered_bit_0011,0.0,0.0
layered_bit_0110,-0.0,0.0
layered_bit_0111,0.0,0.0
layered_bit_0112,0.0,0.0
layered_bit_0113,0.0,0.0
layered_bit_0114,-0.0,0.0
layered_bit_0115,0.0,0.0
layered_bit_0116,0.0,0.0
layered_bit_0117,0.0,0.0
layered_bit_0109,0.0,0.0
layered_bit_0083,0.0,0.0
layered_bit_0084,0.0,0.0
layered_bit_0085,-0.0,0.0
layered_bit_0086,0.0,0.0
layered_bit_0087,0.0,0.0
layered_bit_0088,0.0,0.0
layered_bit_0089,-0.0,0.0
layered_bit_0100,0.0,0.0
layered_bit_0092,0.0,0.0
layered_bit_0093,-0.0,0.0
layered_bit_0094,0.0,0.0
layered_bit_0095,-0.0,0.0
layered_bit_0096,0.0,0.0
layered_bit_0097,-0.0,0.0
layered_bit_0098,-0.0,0.0
layered_bit_0099,0.0,0.0
layered_bit_0090,-0.0,0.0
layered_bit_0136,-0.0,0.0
layered_bit_0137,0.0,0.0
layered_bit_0139,0.0,0.0
layered_bit_0140,0.0,0.0
layered_bit_0141,-0.0,0.0
layered_bit_0142,-0.0,0.0
layered_bit_0143,0.0,0.0
layered_bit_0118,-0.0,0.0
layered_bit_0145,-0.0,0.0
layered_bit_0146,0.0,0.0
layered_bit_0147,-0.0,0.0
layered_bit_0148,0.0,0.0
layered_bit_0150,0.0,0.0
layered_bit_0151,0.0,0.0
layered_bit_0152,-0.0,0.0
layered_bit_0153,-0.0,0.0
layered_bit_0144,0.0,0.0
layered_bit_0119,0.0,0.0
layered_bit_0120,0.0,0.0
layered_bit_0121,0.0,0.0
layered_bit_0122,-0.0,0.0
layered_bit_0123,-0.0,0.0
layered_bit_0124,-0.0,0.0
layered_bit_0125,0.0,0.0
layered_bit_0135,-0.0,0.0
layered_bit_0127,-0.0,0.0
layered_bit_0128,0.0,0.0
layered_bit_0129,-0.0,0.0
layered_bit_0130,0.0,0.0
layered_bit_0131,0.0,0.0
layered_bit_0132,0.0,0.0
layered_bit_0133,-0.0,0.0
layered_bit_0134,-0.0,0.0
layered_bit_0126,-0.0,0.0
layered_bit_0029,0.0,0.0
layered_bit_0030,0.0,0.0
layered_bit_0032,-0.0,0.0
layered_bit_0033,0.0,0.0
layered_bit_0034,0.0,0.0
layered_bit_0035,-0.0,0.0
layered_bit_0036,-0.0,0.0
layered_bit_0082,0.0,0.0
layered_bit_0038,0.0,0.0
layered_bit_0039,-0.0,0.0
layered_bit_0040,-0.0,0.0
layered_bit_0041,0.0,0.0
layered_bit_0042,0.0,0.0
layered_bit_0043,0.0,0.0
layered_bit_0044,0.0,0.0
layered_bit_0045,-0.0,0.0
layered_bit_0037,0.0,0.0
layered_bit_0012,-0.0,0.0
layered_bit_0013,0.0,0.0
layered_bit_0014,-0.0,0.0
layered_bit_0015,-0.0,0.0
layered_bit_0016,-0.0,0.0
layered_bit_0017,0.0,0.0
layered_bit_0018,-0.0,0.0
layered_bit_0028,0.0,0.0
layered_bit_0020,0.0,0.0
layered_bit_0021,-0.0,0.0
layered_bit_0022,0.0,0.0
layered_bit_0023,0.0,0.0
layered_bit_0024,-0.0,0.0
layered_bit_0025,-0.0,0.0
layered_bit_0026,-0.0,0.0
layered_bit_0027,0.0,0.0
layered_bit_0019,0.0,0.0
layered_bit_0066,-0.0,0.0
layered_bit_0067,0.0,0.0
layered_bit_0068,-0.0,0.0
layered_bit_0069,-0.0,0.0
layered_bit_0070,0.0,0.0
layered_bit_0071,0.0,0.0
layered_bit_0072,-0.0,0.0
layered_bit_0047,0.0,0.0
layered_bit_0074,-0.0,0.0
layered_bit_0075,-0.0,0.0
layered_bit_0076,-0.0,0.0
layered_bit_0077,-0.0,0.0
layered_bit_0078,-0.0,0.0
layered_bit_0079,-0.0,0.0
layered_bit_0080,-0.0,0.0
layered_bit_0081,-0.0,0.0
layered_bit_0073,-0.0,0.0
layered_bit_0048,0.0,0.0
layered_bit_0049,-0.0,0.0
layered_bit_0050,0.0,0.0
layered_bit_0051,0.0,0.0
layered_bit_0052,-0.0,0.0
layered_bit_0053,-0.0,0.0
layered_bit_0054,0.0,0.0
layered_bit_0064,-0.0,0.0
layered_bit_0056,0.0,0.0
layered_bit_0057,0.0,0.0
layered_bit_0058,0.0,0.0
layered_bit_0059,-0.0,0.0
layered_bit_0060,0.0,0.0
layered_bit_0061,0.0,0.0
layered_bit_0062,-0.0,0.0
layered_bit_0063,-0.0,0.0
layered_bit_0055,0.0,0.0
fcfp6_bit_0658,-0.0,0.0
fcfp6_bit_0656,0.0,0.0
fcfp6_bit_0655,0.0,0.0
fcfp6_bit_0654,-0.0,0.0
fcfp6_bit_0652,-0.0,0.0
fcfp6_bit_0651,-0.0,0.0
fcfp6_bit_0650,0.0,0.0
fcfp6_bit_0649,0.0,0.0
fcfp6_bit_0646,-0.0,0.0
fcfp6_bit_0645,-0.0,0.0
fcfp6_bit_0644,0.0,0.0
fcfp6_bit_0642,-0.0,0.0
fcfp6_bit_0641,0.0,0.0
fcfp6_bit_0640,0.0,0.0
fcfp6_bit_0639,0.0,0.0
fcfp6_bit_0869,-0.0,0.0
fcfp6_bit_0617,-0.0,0.0
fcfp6_bit_0618,0.0,0.0
fcfp6_bit_0622,-0.0,0.0
fcfp6_bit_0623,-0.0,0.0
fcfp6_bit_0624,0.0,0.0
fcfp6_bit_0625,-0.0,0.0
fcfp6_bit_0626,0.0,0.0
fcfp6_bit_0638,0.0,0.0
fcfp6_bit_0628,0.0,0.0
fcfp6_bit_0629,0.0,0.0
fcfp6_bit_0630,0.0,0.0
fcfp6_bit_0632,-0.0,0.0
fcfp6_bit_0633,-0.0,0.0
fcfp6_bit_0634,0.0,0.0
fcfp6_bit_0635,0.0,0.0
fcfp6_bit_0636,-0.0,0.0
fcfp6_bit_0627,0.0,0.0
fcfp6_bit_0684,0.0,0.0
fcfp6_bit_0685,-0.0,0.0
fcfp6_bit_0686,-0.0,0.0
fcfp6_bit_0687,0.0,0.0
fcfp6_bit_0688,0.0,0.0
fcfp6_bit_0690,-0.0,0.0
fcfp6_bit_0691,0.0,0.0
fcfp6_bit_0660,-0.0,0.0
fcfp6_bit_0693,-0.0,0.0
fcfp6_bit_0694,0.0,0.0
fcfp6_bit_0695,-0.0,0.0
fcfp6_bit_0696,-0.0,0.0
fcfp6_bit_0697,-0.0,0.0
fcfp6_bit_0698,-0.0,0.0
fcfp6_bit_0699,-0.0,0.0
fcfp6_bit_0700,0.0,0.0
fcfp6_bit_0692,-0.0,0.0
fcfp6_bit_0661,0.0,0.0
fcfp6_bit_0662,0.0,0.0
fcfp6_bit_0663,0.0,0.0
fcfp6_bit_0664,0.0,0.0
fcfp6_bit_0665,-0.0,0.0
fcfp6_bit_0666,-0.0,0.0
fcfp6_bit_0668,0.0,0.0
fcfp6_bit_0683,-0.0,0.0
fcfp6_bit_0671,0.0,0.0
fcfp6_bit_0673,-0.0,0.0
fcfp6_bit_0675,-0.0,0.0
fcfp6_bit_0676,-0.0,0.0
fcfp6_bit_0677,-0.0,0.0
fcfp6_bit_0678,-0.0,0.0
fcfp6_bit_0679,-0.0,0.0
fcfp6_bit_0682,0.0,0.0
fcfp6_bit_0669,0.0,0.0
fcfp6_bit_0555,0.0,0.0
fcfp6_bit_0556,-0.0,0.0
fcfp6_bit_0557,0.0,0.0
fcfp6_bit_0559,0.0,0.0
fcfp6_bit_0560,0.0,0.0
fcfp6_bit_0562,-0.0,0.0
fcfp6_bit_0563,-0.0,0.0
fcfp6_bit_0615,-0.0,0.0
fcfp6_bit_0565,-0.0,0.0
fcfp6_bit_0567,-0.0,0.0
fcfp6_bit_0568,0.0,0.0
fcfp6_bit_0569,-0.0,0.0
fcfp6_bit_0570,-0.0,0.0
fcfp6_bit_0571,-0.0,0.0
fcfp6_bit_0572,-0.0,0.0
fcfp6_bit_0573,0.0,0.0
fcfp6_bit_0564,-0.0,0.0
fcfp6_bit_0537,-0.0,0.0
fcfp6_bit_0538,0.0,0.0
fcfp6_bit_0539,0.0,0.0
fcfp6_bit_0540,-0.0,0.0
fcfp6_bit_0541,0.0,0.0
fcfp6_bit_0542,-0.0,0.0
fcfp6_bit_0543,-0.0,0.0
fcfp6_bit_0554,0.0,0.0
fcfp6_bit_0545,0.0,0.0
fcfp6_bit_0546,-0.0,0.0
fcfp6_bit_0547,0.0,0.0
fcfp6_bit_0548,-0.0,0.0
fcfp6_bit_0549,0.0,0.0
fcfp6_bit_0550,-0.0,0.0
fcfp6_bit_0551,0.0,0.0
fcfp6_bit_0553,-0.0,0.0
fcfp6_bit_0544,0.0,0.0
fcfp6_bit_0598,-0.0,0.0
fcfp6_bit_0599,-0.0,0.0
fcfp6_bit_0600,-0.0,0.0
fcfp6_bit_0601,-0.0,0.0
fcfp6_bit_0602,0.0,0.0
fcfp6_bit_0603,0.0,0.0
fcfp6_bit_0605,0.0,0.0
fcfp6_bit_0575,-0.0,0.0
fcfp6_bit_0607,0.0,0.0
fcfp6_bit_0608,-0.0,0.0
fcfp6_bit_0609,0.0,0.0
fcfp6_bit_0610,-0.0,0.0
fcfp6_bit_0611,0.0,0.0
fcfp6_bit_0612,0.0,0.0
fcfp6_bit_0613,0.0,0.0
fcfp6_bit_0614,-0.0,0.0
fcfp6_bit_0606,-0.0,0.0
fcfp6_bit_0576,0.0,0.0
fcfp6_bit_0577,0.0,0.0
fcfp6_bit_0578,0.0,0.0
fcfp6_bit_0579,-0.0,0.0
fcfp6_bit_0584,0.0,0.0
fcfp6_bit_0585,-0.0,0.0
fcfp6_bit_0586,-0.0,0.0
fcfp6_bit_0597,0.0,0.0
fcfp6_bit_0589,0.0,0.0
fcfp6_bit_0590,0.0,0.0
fcfp6_bit_0591,0.0,0.0
fcfp6_bit_0592,0.0,0.0
fcfp6_bit_0593,-0.0,0.0
fcfp6_bit_0594,-0.0,0.0
fcfp6_bit_0595,0.0,0.0
fcfp6_bit_0596,0.0,0.0
fcfp6_bit_0587,0.0,0.0
fcfp6_bit_0805,0.0,0.0
fcfp6_bit_0806,-0.0,0.0
fcfp6_bit_0808,-0.0,0.0
fcfp6_bit_0809,-0.0,0.0
fcfp6_bit_0810,0.0,0.0
fcfp6_bit_0811,-0.0,0.0
fcfp6_bit_0812,0.0,0.0
fcfp6_bit_0702,0.0,0.0
fcfp6_bit_0816,0.0,0.0
fcfp6_bit_0817,0.0,0.0
fcfp6_bit_0818,-0.0,0.0
fcfp6_bit_0819,0.0,0.0
fcfp6_bit_0820,-0.0,0.0
fcfp6_bit_0821,-0.0,0.0
fcfp6_bit_0822,-0.0,0.0
fcfp6_bit_0824,-0.0,0.0
fcfp6_bit_0814,-0.0,0.0
fcfp6_bit_0786,0.0,0.0
fcfp6_bit_0788,0.0,0.0
fcfp6_bit_0789,0.0,0.0
fcfp6_bit_0790,0.0,0.0
fcfp6_bit_0791,0.0,0.0
fcfp6_bit_0792,0.0,0.0
fcfp6_bit_0794,0.0,0.0
fcfp6_bit_0804,-0.0,0.0
fcfp6_bit_0796,-0.0,0.0
fcfp6_bit_0797,0.0,0.0
fcfp6_bit_0798,-0.0,0.0
fcfp6_bit_0799,-0.0,0.0
fcfp6_bit_0800,-0.0,0.0
fcfp6_bit_0801,0.0,0.0
fcfp6_bit_0802,-0.0,0.0
fcfp6_bit_0803,0.0,0.0
fcfp6_bit_0795,0.0,0.0
fcfp6_bit_0849,0.0,0.0
fcfp6_bit_0850,0.0,0.0
fcfp6_bit_0852,0.0,0.0
fcfp6_bit_0854,-0.0,0.0
fcfp6_bit_0855,0.0,0.0
fcfp6_bit_0856,0.0,0.0
fcfp6_bit_0857,-0.0,0.0
fcfp6_bit_0826,0.0,0.0
fcfp6_bit_0859,-0.0,0.0
fcfp6_bit_0860,-0.0,0.0
fcfp6_bit_0861,0.0,0.0
fcfp6_bit_0862,-0.0,0.0
fcfp6_bit_0863,0.0,0.0
fcfp6_bit_0865,-0.0,0.0
fcfp6_bit_0866,-0.0,0.0
fcfp6_bit_0868,-0.0,0.0
fcfp6_bit_0858,-0.0,0.0
fcfp6_bit_0827,-0.0,0.0
fcfp6_bit_0829,0.0,0.0
fcfp6_bit_0830,-0.0,0.0
fcfp6_bit_0831,-0.0,0.0
fcfp6_bit_0833,-0.0,0.0
fcfp6_bit_0834,-0.0,0.0
fcfp6_bit_0835,-0.0,0.0
fcfp6_bit_0848,0.0,0.0
fcfp6_bit_0837,0.0,0.0
fcfp6_bit_0838,0.0,0.0
fcfp6_bit_0839,-0.0,0.0
fcfp6_bit_0840,0.0,0.0
fcfp6_bit_0843,-0.0,0.0
fcfp6_bit_0845,-0.0,0.0
fcfp6_bit_0846,-0.0,0.0
fcfp6_bit_0847,-0.0,0.0
fcfp6_bit_0836,0.0,0.0
fcfp6_bit_0724,0.0,0.0
fcfp6_bit_0725,-0.0,0.0
fcfp6_bit_0726,0.0,0.0
fcfp6_bit_0727,0.0,0.0
fcfp6_bit_0728,-0.0,0.0
fcfp6_bit_0729,0.0,0.0
fcfp6_bit_0730,0.0,0.0
fcfp6_bit_0785,-0.0,0.0
fcfp6_bit_0732,-0.0,0.0
fcfp6_bit_0733,0.0,0.0
fcfp6_bit_0735,0.0,0.0
fcfp6_bit_0736,-0.0,0.0
fcfp6_bit_0739,0.0,0.0
fcfp6_bit_0740,0.0,0.0
fcfp6_bit_0741,0.0,0.0
fcfp6_bit_0742,0.0,0.0
fcfp6_bit_0731,0.0,0.0
fcfp6_bit_0703,0.0,0.0
fcfp6_bit_0704,0.0,0.0
fcfp6_bit_0705,0.0,0.0
fcfp6_bit_0706,-0.0,0.0
fcfp6_bit_0707,0.0,0.0
fcfp6_bit_0711,-0.0,0.0
fcfp6_bit_0712,-0.0,0.0
fcfp6_bit_0723,0.0,0.0
fcfp6_bit_0714,-0.0,0.0
fcfp6_bit_0715,-0.0,0.0
fcfp6_bit_0716,0.0,0.0
fcfp6_bit_0717,-0.0,0.0
fcfp6_bit_0719,-0.0,0.0
fcfp6_bit_0720,-0.0,0.0
fcfp6_bit_0721,-0.0,0.0
fcfp6_bit_0722,0.0,0.0
fcfp6_bit_0713,0.0,0.0
fcfp6_bit_0764,0.0,0.0
fcfp6_bit_0765,-0.0,0.0
fcfp6_bit_0766,-0.0,0.0
fcfp6_bit_0767,-0.0,0.0
fcfp6_bit_0768,-0.0,0.0
fcfp6_bit_0769,-0.0,0.0
fcfp6_bit_0770,-0.0,0.0
fcfp6_bit_0743,0.0,0.0
fcfp6_bit_0773,0.0,0.0
fcfp6_bit_0775,0.0,0.0
fcfp6_bit_0777,-0.0,0.0
fcfp6_bit_0779,0.0,0.0
fcfp6_bit_0781,0.0,0.0
fcfp6_bit_0782,0.0,0.0
fcfp6_bit_0783,-0.0,0.0
fcfp6_bit_0784,-0.0,0.0
fcfp6_bit_0772,-0.0,0.0
fcfp6_bit_0745,0.0,0.0
fcfp6_bit_0746,-0.0,0.0
fcfp6_bit_0747,0.0,0.0
fcfp6_bit_0748,-0.0,0.0
fcfp6_bit_0749,-0.0,0.0
fcfp6_bit_0750,0.0,0.0
fcfp6_bit_0751,-0.0,0.0
fcfp6_bit_0763,0.0,0.0
fcfp6_bit_0754,0.0,0.0
fcfp6_bit_0755,0.0,0.0
fcfp6_bit_0756,-0.0,0.0
fcfp6_bit_0757,0.0,0.0
fcfp6_bit_0758,0.0,0.0
fcfp6_bit_0759,0.0,0.0
fcfp6_bit_0760,0.0,0.0
fcfp6_bit_0761,0.0,0.0
fcfp6_bit_0753,-0.0,0.0
layered_bit_0549,0.0,0.0
layered_bit_0548,-0.0,0.0
layered_bit_0547,0.0,0.0
layered_bit_0546,0.0,0.0
layered_bit_0545,0.0,0.0
layered_bit_0544,0.0,0.0
layered_bit_0543,0.0,0.0
layered_bit_0542,0.0,0.0
layered_bit_0541,0.0,0.0
layered_bit_0540,0.0,0.0
layered_bit_0539,0.0,0.0
layered_bit_0538,0.0,0.0
layered_bit_0537,0.0,0.0
layered_bit_0536,-0.0,0.0
layered_bit_0535,-0.0,0.0
layered_bit_0154,-0.0,0.0
layered_bit_0516,-0.0,0.0
layered_bit_0517,-0.0,0.0
layered_bit_0518,0.0,0.0
layered_bit_0519,-0.0,0.0
layered_bit_0521,0.0,0.0
layered_bit_0522,-0.0,0.0
layered_bit_0523,-0.0,0.0
layered_bit_0534,-0.0,0.0
layered_bit_0525,0.0,0.0
layered_bit_0526,0.0,0.0
layered_bit_0527,-0.0,0.0
layered_bit_0528,-0.0,0.0
layered_bit_0530,-0.0,0.0
layered_bit_0531,0.0,0.0
layered_bit_0532,-0.0,0.0
layered_bit_0533,-0.0,0.0
layered_bit_0524,0.0,0.0
layered_bit_0570,0.0,0.0
layered_bit_0571,0.0,0.0
layered_bit_0572,-0.0,0.0
layered_bit_0573,0.0,0.0
layered_bit_0574,-0.0,0.0
layered_bit_0575,-0.0,0.0
layered_bit_0576,-0.0,0.0
layered_bit_0550,0.0,0.0
layered_bit_0578,0.0,0.0
layered_bit_0579,-0.0,0.0
layered_bit_0580,-0.0,0.0
layered_bit_0581,-0.0,0.0
layered_bit_0582,-0.0,0.0
layered_bit_0583,-0.0,0.0
layered_bit_0584,0.0,0.0
layered_bit_0585,-0.0,0.0
layered_bit_0577,-0.0,0.0
layered_bit_0551,-0.0,0.0
layered_bit_0553,0.0,0.0
layered_bit_0554,0.0,0.0
layered_bit_0555,0.0,0.0
layered_bit_0557,0.0,0.0
layered_bit_0558,0.0,0.0
layered_bit_0559,-0.0,0.0
layered_bit_0569,-0.0,0.0
layered_bit_0561,0.0,0.0
layered_bit_0562,-0.0,0.0
layered_bit_0563,0.0,0.0
layered_bit_0564,-0.0,0.0
layered_bit_0565,0.0,0.0
layered_bit_0566,-0.0,0.0
layered_bit_0567,0.0,0.0
layered_bit_0568,0.0,0.0
layered_bit_0560,-0.0,0.0
layered_bit_0463,0.0,0.0
layered_bit_0464,0.0,0.0
layered_bit_0465,0.0,0.0
layered_bit_0466,-0.0,0.0
layered_bit_0467,-0.0,0.0
layered_bit_0468,0.0,0.0
layered_bit_0469,-0.0,0.0
layered_bit_0515,0.0,0.0
layered_bit_0471,-0.0,0.0
layered_bit_0472,-0.0,0.0
layered_bit_0473,0.0,0.0
layered_bit_0474,-0.0,0.0
layered_bit_0475,0.0,0.0
layered_bit_0476,-0.0,0.0
layered_bit_0477,0.0,0.0
layered_bit_0478,-0.0,0.0
layered_bit_0470,-0.0,0.0
layered_bit_0446,0.0,0.0
layered_bit_0447,-0.0,0.0
layered_bit_0448,-0.0,0.0
layered_bit_0449,0.0,0.0
layered_bit_0450,0.0,0.0
layered_bit_0451,0.0,0.0
layered_bit_0452,0.0,0.0
layered_bit_0462,0.0,0.0
layered_bit_0454,-0.0,0.0
layered_bit_0455,-0.0,0.0
layered_bit_0456,0.0,0.0
layered_bit_0457,-0.0,0.0
layered_bit_0458,0.0,0.0
layered_bit_0459,0.0,0.0
layered_bit_0460,-0.0,0.0
layered_bit_0461,-0.0,0.0
layered_bit_0453,-0.0,0.0
layered_bit_0497,-0.0,0.0
layered_bit_0498,-0.0,0.0
layered_bit_0499,-0.0,0.0
layered_bit_0500,-0.0,0.0
layered_bit_0501,-0.0,0.0
layered_bit_0502,0.0,0.0
layered_bit_0503,0.0,0.0
layered_bit_0479,0.0,0.0
layered_bit_0506,0.0,0.0
layered_bit_0508,0.0,0.0
layered_bit_0509,0.0,0.0
layered_bit_0510,-0.0,0.0
layered_bit_0511,-0.0,0.0
layered_bit_0512,-0.0,0.0
layered_bit_0513,-0.0,0.0
layered_bit_0514,0.0,0.0
layered_bit_0504,0.0,0.0
layered_bit_0480,-0.0,0.0
layered_bit_0481,-0.0,0.0
layered_bit_0482,0.0,0.0
layered_bit_0483,-0.0,0.0
layered_bit_0484,0.0,0.0
layered_bit_0485,0.0,0.0
layered_bit_0486,-0.0,0.0
layered_bit_0496,0.0,0.0
layered_bit_0488,-0.0,0.0
layered_bit_0489,-0.0,0.0
layered_bit_0490,0.0,0.0
layered_bit_0491,0.0,0.0
layered_bit_0492,-0.0,0.0
layered_bit_0493,0.0,0.0
layered_bit_0494,0.0,0.0
layered_bit_0495,-0.0,0.0
layered_bit_0487,0.0,0.0
layered_bit_0676,0.0,0.0
layered_bit_0678,0.0,0.0
layered_bit_0679,0.0,0.0
layered_bit_0680,-0.0,0.0
layered_bit_0681,0.0,0.0
layered_bit_0682,0.0,0.0
layered_bit_0683,0.0,0.0
layered_bit_0586,0.0,0.0
layered_bit_0685,0.0,0.0
layered_bit_0686,-0.0,0.0
layered_bit_0687,0.0,0.0
layered_bit_0688,-0.0,0.0
layered_bit_0689,-0.0,0.0
layered_bit_0690,-0.0,0.0
layered_bit_0692,0.0,0.0
layered_bit_0693,0.0,0.0
layered_bit_0684,-0.0,0.0
layered_bit_0657,-0.0,0.0
layered_bit_0658,0.0,0.0
layered_bit_0659,-0.0,0.0
layered_bit_0660,-0.0,0.0
layered_bit_0661,0.0,0.0
layered_bit_0662,-0.0,0.0
layered_bit_0663,-0.0,0.0
layered_bit_0675,0.0,0.0
layered_bit_0665,0.0,0.0
layered_bit_0666,-0.0,0.0
layered_bit_0668,-0.0,0.0
layered_bit_0669,-0.0,0.0
layered_bit_0670,-0.0,0.0
layered_bit_0671,-0.0,0.0
layered_bit_0672,-0.0,0.0
layered_bit_0673,0.0,0.0
layered_bit_0664,0.0,0.0
layered_bit_0714,-0.0,0.0
layered_bit_0715,-0.0,0.0
layered_bit_0716,-0.0,0.0
layered_bit_0717,-0.0,0.0
layered_bit_0718,-0.0,0.0
layered_bit_0719,0.0,0.0
layered_bit_0721,-0.0,0.0
layered_bit_0694,-0.0,0.0
layered_bit_0723,0.0,0.0
layered_bit_0724,0.0,0.0
layered_bit_0725,-0.0,0.0
layered_bit_0727,-0.0,0.0
layered_bit_0728,0.0,0.0
layered_bit_0729,-0.0,0.0
layered_bit_0730,-0.0,0.0
layered_bit_0731,0.0,0.0
layered_bit_0722,-0.0,0.0
layered_bit_0695,0.0,0.0
layered_bit_0696,-0.0,0.0
layered_bit_0697,0.0,0.0
layered_bit_0698,0.0,0.0
layered_bit_0699,-0.0,0.0
layered_bit_0700,-0.0,0.0
layered_bit_0702,0.0,0.0
layered_bit_0713,-0.0,0.0
layered_bit_0704,0.0,0.0
layered_bit_0705,0.0,0.0
layered_bit_0707,0.0,0.0
layered_bit_0708,-0.0,0.0
layered_bit_0709,0.0,0.0
layered_bit_0710,-0.0,0.0
layered_bit_0711,0.0,0.0
layered_bit_0712,0.0,0.0
layered_bit_0703,0.0,0.0
layered_bit_0604,-0.0,0.0
layered_bit_0606,-0.0,0.0
layered_bit_0607,-0.0,0.0
layered_bit_0608,-0.0,0.0
layered_bit_0609,-0.0,0.0
layered_bit_0610,-0.0,0.0
layered_bit_0611,-0.0,0.0
layered_bit_0656,0.0,0.0
layered_bit_0613,0.0,0.0
layered_bit_0614,0.0,0.0
layered_bit_0615,0.0,0.0
layered_bit_0616,-0.0,0.0
layered_bit_0617,-0.0,0.0
layered_bit_0618,-0.0,0.0
layered_bit_0619,0.0,0.0
layered_bit_0620,-0.0,0.0
layered_bit_0612,-0.0,0.0
layered_bit_0587,0.0,0.0
layered_bit_0588,-0.0,0.0
layered_bit_0589,0.0,0.0
layered_bit_0590,-0.0,0.0
layered_bit_0591,-0.0,0.0
layered_bit_0592,-0.0,0.0
layered_bit_0593,-0.0,0.0
layered_bit_0603,0.0,0.0
layered_bit_0595,-0.0,0.0
layered_bit_0596,-0.0,0.0
layered_bit_0597,0.0,0.0
layered_bit_0598,0.0,0.0
layered_bit_0599,0.0,0.0
layered_bit_0600,-0.0,0.0
layered_bit_0601,-0.0,0.0
layered_bit_0602,0.0,0.0
layered_bit_0594,-0.0,0.0
layered_bit_0640,0.0,0.0
layered_bit_0641,-0.0,0.0
layered_bit_0642,0.0,0.0
layered_bit_0643,0.0,0.0
layered_bit_0644,0.0,0.0
layered_bit_0645,0.0,0.0
layered_bit_0646,-0.0,0.0
layered_bit_0621,0.0,0.0
layered_bit_0648,-0.0,0.0
layered_bit_0649,0.0,0.0
layered_bit_0650,0.0,0.0
layered_bit_0651,0.0,0.0
layered_bit_0652,-0.0,0.0
layered_bit_0653,-0.0,0.0
layered_bit_0654,-0.0,0.0
layered_bit_0655,-0.0,0.0
layered_bit_0647,0.0,0.0
layered_bit_0622,-0.0,0.0
layered_bit_0623,0.0,0.0
layered_bit_0625,-0.0,0.0
layered_bit_0626,-0.0,0.0
layered_bit_0627,-0.0,0.0
layered_bit_0628,0.0,0.0
layered_bit_0629,-0.0,0.0
layered_bit_0639,-0.0,0.0
layered_bit_0631,-0.0,0.0
layered_bit_0632,0.0,0.0
layered_bit_0633,-0.0,0.0
layered_bit_0634,-0.0,0.0
layered_bit_0635,-0.0,0.0
layered_bit_0636,0.0,0.0
layered_bit_0637,-0.0,0.0
layered_bit_0638,0.0,0.0
layered_bit_0630,0.0,0.0
layered_bit_0261,0.0,0.0
layered_bit_0260,-0.0,0.0
layered_bit_0259,-0.0,0.0
layered_bit_0258,-0.0,0.0
layered_bit_0257,-0.0,0.0
layered_bit_0256,-0.0,0.0
layered_bit_0254,-0.0,0.0
layered_bit_0253,0.0,0.0
layered_bit_0252,-0.0,0.0
layered_bit_0251,0.0,0.0
layered_bit_0250,0.0,0.0
layered_bit_0249,0.0,0.0
layered_bit_0248,0.0,0.0
layered_bit_0247,0.0,0.0
layered_bit_0246,0.0,0.0
layered_bit_0445,0.0,0.0
layered_bit_0227,-0.0,0.0
layered_bit_0228,-0.0,0.0
layered_bit_0229,0.0,0.0
layered_bit_0230,0.0,0.0
layered_bit_0231,-0.0,0.0
layered_bit_0232,-0.0,0.0
layered_bit_0234,0.0,0.0
layered_bit_0245,0.0,0.0
layered_bit_0236,-0.0,0.0
layered_bit_0237,-0.0,0.0
layered_bit_0238,-0.0,0.0
layered_bit_0239,-0.0,0.0
layered_bit_0240,-0.0,0.0
layered_bit_0241,-0.0,0.0
layered_bit_0242,0.0,0.0
layered_bit_0244,-0.0,0.0
layered_bit_0235,0.0,0.0
layered_bit_0281,0.0,0.0
layered_bit_0282,0.0,0.0
layered_bit_0283,0.0,0.0
layered_bit_0284,-0.0,0.0
layered_bit_0285,-0.0,0.0
layered_bit_0286,-0.0,0.0
layered_bit_0287,0.0,0.0
layered_bit_0262,-0.0,0.0
layered_bit_0289,0.0,0.0
layered_bit_0290,0.0,0.0
layered_bit_0291,0.0,0.0
layered_bit_0292,0.0,0.0
layered_bit_0293,-0.0,0.0
layered_bit_0294,-0.0,0.0
layered_bit_0295,0.0,0.0
layered_bit_0296,-0.0,0.0
layered_bit_0288,0.0,0.0
layered_bit_0263,0.0,0.0
layered_bit_0264,0.0,0.0
layered_bit_0265,-0.0,0.0
layered_bit_0267,-0.0,0.0
layered_bit_0268,0.0,0.0
layered_bit_0269,0.0,0.0
layered_bit_0270,0.0,0.0
layered_bit_0280,0.0,0.0
layered_bit_0272,0.0,0.0
layered_bit_0273,-0.0,0.0
layered_bit_0274,-0.0,0.0
layered_bit_0275,-0.0,0.0
layered_bit_0276,0.0,0.0
layered_bit_0277,-0.0,0.0
layered_bit_0278,0.0,0.0
layered_bit_0279,0.0,0.0
layered_bit_0271,0.0,0.0
layered_bit_0172,0.0,0.0
layered_bit_0173,-0.0,0.0
layered_bit_0174,0.0,0.0
layered_bit_0175,-0.0,0.0
layered_bit_0176,-0.0,0.0
layered_bit_0177,-0.0,0.0
layered_bit_0178,-0.0,0.0
layered_bit_0226,0.0,0.0
layered_bit_0180,-0.0,0.0
layered_bit_0181,-0.0,0.0
layered_bit_0182,-0.0,0.0
layered_bit_0183,0.0,0.0
layered_bit_0184,0.0,0.0
layered_bit_0185,-0.0,0.0
layered_bit_0186,0.0,0.0
layered_bit_0187,0.0,0.0
layered_bit_0179,-0.0,0.0
layered_bit_0155,0.0,0.0
layered_bit_0156,0.0,0.0
layered_bit_0157,-0.0,0.0
layered_bit_0158,-0.0,0.0
layered_bit_0159,0.0,0.0
layered_bit_0160,0.0,0.0
layered_bit_0161,0.0,0.0
layered_bit_0171,-0.0,0.0
layered_bit_0163,-0.0,0.0
layered_bit_0164,-0.0,0.0
layered_bit_0165,-0.0,0.0
layered_bit_0166,0.0,0.0
layered_bit_0167,-0.0,0.0
layered_bit_0168,-0.0,0.0
layered_bit_0169,-0.0,0.0
layered_bit_0170,-0.0,0.0
layered_bit_0162,-0.0,0.0
layered_bit_0207,-0.0,0.0
layered_bit_0208,-0.0,0.0
layered_bit_0210,-0.0,0.0
layered_bit_0211,0.0,0.0
layered_bit_0212,0.0,0.0
layered_bit_0213,0.0,0.0
layered_bit_0215,0.0,0.0
layered_bit_0188,-0.0,0.0
layered_bit_0217,0.0,0.0
layered_bit_0218,0.0,0.0
layered_bit_0219,0.0,0.0
layered_bit_0221,-0.0,0.0
layered_bit_0222,-0.0,0.0
layered_bit_0223,-0.0,0.0
layered_bit_0224,-0.0,0.0
layered_bit_0225,-0.0,0.0
layered_bit_0216,0.0,0.0
layered_bit_0189,-0.0,0.0
layered_bit_0190,0.0,0.0
layered_bit_0191,-0.0,0.0
layered_bit_0192,0.0,0.0
layered_bit_0194,0.0,0.0
layered_bit_0195,0.0,0.0
layered_bit_0196,0.0,0.0
layered_bit_0206,-0.0,0.0
layered_bit_0198,-0.0,0.0
layered_bit_0199,-0.0,0.0
layered_bit_0200,0.0,0.0
layered_bit_0201,0.0,0.0
layered_bit_0202,0.0,0.0
layered_bit_0203,-0.0,0.0
layered_bit_0204,0.0,0.0
layered_bit_0205,0.0,0.0
layered_bit_0197,0.0,0.0
layered_bit_0392,0.0,0.0
layered_bit_0393,-0.0,0.0
layered_bit_0394,-0.0,0.0
layered_bit_0395,0.0,0.0
layered_bit_0397,0.0,0.0
layered_bit_0398,0.0,0.0
layered_bit_0399,-0.0,0.0
layered_bit_0297,-0.0,0.0
layered_bit_0401,0.0,0.0
layered_bit_0402,-0.0,0.0
layered_bit_0403,-0.0,0.0
layered_bit_0404,-0.0,0.0
layered_bit_0405,0.0,0.0
layered_bit_0406,-0.0,0.0
layered_bit_0407,-0.0,0.0
layered_bit_0408,0.0,0.0
layered_bit_0400,0.0,0.0
layered_bit_0372,0.0,0.0
layered_bit_0373,0.0,0.0
layered_bit_0375,-0.0,0.0
layered_bit_0376,0.0,0.0
layered_bit_0377,0.0,0.0
layered_bit_0378,-0.0,0.0
layered_bit_0380,-0.0,0.0
layered_bit_0391,-0.0,0.0
layered_bit_0382,0.0,0.0
layered_bit_0384,0.0,0.0
layered_bit_0385,-0.0,0.0
layered_bit_0386,-0.0,0.0
layered_bit_0387,0.0,0.0
layered_bit_0388,-0.0,0.0
layered_bit_0389,-0.0,0.0
layered_bit_0390,-0.0,0.0
layered_bit_0381,-0.0,0.0
layered_bit_0428,0.0,0.0
layered_bit_0429,-0.0,0.0
layered_bit_0430,-0.0,0.0
layered_bit_0431,0.0,0.0
layered_bit_0432,0.0,0.0
layered_bit_0433,-0.0,0.0
layered_bit_0434,0.0,0.0
layered_bit_0409,-0.0,0.0
layered_bit_0436,-0.0,0.0
layered_bit_0437,-0.0,0.0
layered_bit_0438,0.0,0.0
layered_bit_0439,0.0,0.0
layered_bit_0440,-0.0,0.0
layered_bit_0441,-0.0,0.0
layered_bit_0442,-0.0,0.0
layered_bit_0443,0.0,0.0
layered_bit_0435,0.0,0.0
layered_bit_0410,0.0,0.0
layered_bit_0411,-0.0,0.0
layered_bit_0412,-0.0,0.0
layered_bit_0413,-0.0,0.0
layered_bit_0414,0.0,0.0
layered_bit_0415,-0.0,0.0
layered_bit_0416,0.0,0.0
layered_bit_0427,0.0,0.0
layered_bit_0418,-0.0,0.0
layered_bit_0419,-0.0,0.0
layered_bit_0420,0.0,0.0
layered_bit_0421,0.0,0.0
layered_bit_0422,-0.0,0.0
layered_bit_0423,-0.0,0.0
layered_bit_0425,-0.0,0.0
layered_bit_0426,0.0,0.0
layered_bit_0417,0.0,0.0
layered_bit_0316,-0.0,0.0
layered_bit_0317,-0.0,0.0
layered_bit_0318,-0.0,0.0
layered_bit_0319,0.0,0.0
layered_bit_0320,0.0,0.0
layered_bit_0321,-0.0,0.0
layered_bit_0322,0.0,0.0
layered_bit_0371,0.0,0.0
layered_bit_0325,0.0,0.0
layered_bit_0326,-0.0,0.0
layered_bit_0327,0.0,0.0
layered_bit_0328,0.0,0.0
layered_bit_0329,-0.0,0.0
layered_bit_0330,0.0,0.0
layered_bit_0332,-0.0,0.0
layered_bit_0333,0.0,0.0
layered_bit_0323,0.0,0.0
layered_bit_0298,-0.0,0.0
layered_bit_0299,-0.0,0.0
layered_bit_0300,-0.0,0.0
layered_bit_0301,-0.0,0.0
layered_bit_0302,0.0,0.0
layered_bit_0303,-0.0,0.0
layered_bit_0304,-0.0,0.0
layered_bit_0315,-0.0,0.0
layered_bit_0307,0.0,0.0
layered_bit_0308,-0.0,0.0
layered_bit_0309,0.0,0.0
layered_bit_0310,-0.0,0.0
layered_bit_0311,0.0,0.0
layered_bit_0312,0.0,0.0
layered_bit_0313,-0.0,0.0
layered_bit_0314,0.0,0.0
layered_bit_0305,-0.0,0.0
layered_bit_0352,0.0,0.0
layered_bit_0353,-0.0,0.0
layered_bit_0356,0.0,0.0
layered_bit_0357,-0.0,0.0
layered_bit_0358,-0.0,0.0
layered_bit_0359,-0.0,0.0
layered_bit_0361,0.0,0.0
layered_bit_0334,0.0,0.0
layered_bit_0363,0.0,0.0
layered_bit_0364,-0.0,0.0
layered_bit_0365,0.0,0.0
layered_bit_0366,-0.0,0.0
layered_bit_0367,0.0,0.0
layered_bit_0368,0.0,0.0
layered_bit_0369,0.0,0.0
layered_bit_0370,-0.0,0.0
layered_bit_0362,0.0,0.0
layered_bit_0335,-0.0,0.0
layered_bit_0336,-0.0,0.0
layered_bit_0337,0.0,0.0
layered_bit_0338,0.0,0.0
layered_bit_0339,-0.0,0.0
layered_bit_0340,-0.0,0.0
layered_bit_0341,0.0,0.0
layered_bit_0351,0.0,0.0
layered_bit_0343,-0.0,0.0
layered_bit_0344,0.0,0.0
layered_bit_0345,-0.0,0.0
layered_bit_0346,-0.0,0.0
layered_bit_0347,-0.0,0.0
layered_bit_0348,0.0,0.0
layered_bit_0349,-0.0,0.0
layered_bit_0350,0.0,0.0
layered_bit_0342,0.0,0.0
