model,train_metric,performance_strength,diversity_strength
ChemML MLP (PyTorch),0.00022125238946828495,4519.725198915166,0.0033610202007081816
"Chemprop v2 (AttentiveFP, ensemble=1)",0.028930318844590703,34.56581330374714,0.006873149842056414
ElasticNetCV,0.00011040719375479865,9057.380828108737,0.003371228411673137
Uni-Mol V1,0.015924026794301865,62.79818621994737,0.0026686285239078586
