model,workflow,train_r2,train_rmse,train_mae,train_spearman,test_r2,test_rmse,test_mae,test_spearman,primary_metric,primary_metric_value
TabPFNRegressor,conventional,0.9973971799119868,0.0019409323498186292,0.0015191959901986,0.9986651835372636,0.9510484680397899,0.007278938264733612,0.005550270895553433,0.9761904761904763,rmse,0.007278938264733612
Ensemble (Weighted average (inverse train RMSE)),ensemble,0.9950544515429253,0.0026754420854236513,0.0021619862641775994,0.9982202447163514,0.9115288860240803,0.009785559003676893,0.007672571019115754,0.9523809523809524,rmse,0.009785559003676893
Random forest,conventional,0.9642747111973943,0.007190783244123855,0.0055865320752659,0.9835372636262512,0.7525051480396616,0.016366958340317202,0.013752459691277474,0.880952380952381,rmse,0.016366958340317202
Uni-Mol V1,Uni-Mol,0.7534048979359848,0.01889211352972577,0.01592402679430195,0.921245828698554,0.2923082320340903,0.027676232096912532,0.02410019379811365,0.4285714285714286,rmse,0.027676232096912532
"Chemprop v2 (AttentiveFP, ensemble=1)",Chemprop v2,0.12272352198029657,0.03563334281966698,0.02893031884459071,0.5412680756395996,0.13449043662218907,0.030607004512671062,0.026130069500399505,0.7857142857142858,rmse,0.030607004512671062
