model,train_metric,performance_strength,diversity_strength
ChemML MLP (PyTorch),0.0,1000000000000.0,0.008082121633135422
"Chemprop v2 (AttentiveFP + Selected descriptors, ensemble=1)",0.008309551787812675,120.3434343434341,0.009859830828601738
LogisticRegression,0.0013569470091209235,736.9484536082467,0.005751683207165577
"MapLight + GNN (CatBoost, Strict Parity)",0.0,1000000000000.0,0.011102344898755648
