feature,importance
rdkit_MolLogP,0.5951370404709907
rdkit_FractionCSP3,0.021972135699297235
rdkit_BCUT2D_LOGPHI,0.014905289959013102
rdkit_HallKierAlpha,0.013863928499401572
rdkit_BertzCT,0.010869235086388873
rdkit_MinAbsPartialCharge,0.010767396975357443
rdkit_Chi0n,0.010140386725972526
rdkit_HeavyAtomMolWt,0.005702151187768577
rdkit_MolMR,0.004246772449880662
rdkit_SlogP_VSA1,0.004107086059074582
rdkit_Kappa1,0.004015657478063166
rdkit_MaxAbsPartialCharge,0.0036893168942989
rdkit_SlogP_VSA3,0.0036310007049501227
rdkit_BalabanJ,0.0036174067493975584
rdkit_BCUT2D_CHGHI,0.003540588315220434
rdkit_SMR_VSA10,0.0035085652015527987
rdkit_qed,0.0030800283268539834
rdkit_MinPartialCharge,0.002977007467312352
maplight_morgan_0561,0.0029721564163201226
rdkit_LabuteASA,0.0029507499610440654
rdkit_MaxPartialCharge,0.002942890023446843
rdkit_Chi1,0.002736603889266402
maccs_bit_035,0.0026950978629322287
rdkit_VSA_EState2,0.002547558194234349
rdkit_VSA_EState9,0.0025197282017577235
rdkit_BCUT2D_MRHI,0.0024616502262987767
rdkit_VSA_EState10,0.002395831472197694
rdkit_Chi2n,0.0023640400891670544
rdkit_Phi,0.0022209048677701683
maplight_morgan_0356,0.0020845732483770504
rdkit_SlogP_VSA2,0.0020662003667612397
rdkit_ExactMolWt,0.0019672093519171197
erg_152,0.0018894284308806737
rdkit_SMR_VSA1,0.0018771357292498615
rdkit_BCUT2D_MWHI,0.001867061982393455
atom_pair_bit_0297,0.0018546303548926475
rdkit_FpDensityMorgan3,0.0017738470588484205
rdkit_Kappa3,0.0017443779405009745
rdkit_MinEStateIndex,0.0016645962349030664
rdkit_MolWt,0.001652592916283223
rdkit_BCUT2D_MRLOW,0.001612234772253296
layered_bit_0360,0.001590028843776471
rdkit_Chi0v,0.001577979561469126
rdkit_SPS,0.0015553350362752856
avalon_count_0788,0.0014650660693843523
avalon_count_0830,0.0014330483405487183
rdkit_Chi1v,0.001431430089425141
rdkit_Kappa2,0.0014152506237040154
erg_093,0.001399406924726993
rdkit_PEOE_VSA14,0.0013647562711427475
rdkit_MinAbsEStateIndex,0.0013310193376048019
rdkit_FpDensityMorgan2,0.0013286023574578432
rdkit_EState_VSA2,0.0013264206266569573
avalon_count_0130,0.0012623810453713346
rdkit_Chi0,0.0012475373126298258
rdkit_PEOE_VSA1,0.0012465429724717388
erg_120,0.0012116297453323688
rdkit_FpDensityMorgan1,0.0011999940677623958
rdkit_TPSA,0.0011871198318047574
layered_bit_0420,0.0011591274955614376
erg_091,0.0011462793548423632
rdkit_PEOE_VSA6,0.0011077394359384298
rdkit_BCUT2D_CHGLO,0.0010996749646775866
rdkit_PEOE_VSA8,0.0010749566623265779
rdkit_BCUT2D_LOGPLOW,0.0010572912463842994
rdkit_BCUT2D_MWLOW,0.0010365469725224141
rdkit_Chi3v,0.0010308902981405283
rdkit_NumValenceElectrons,0.0010081806096684496
rdkit_PEOE_VSA2,0.001003796929976823
maccs_bit_102,0.001002360477981431
rdkit_MaxEStateIndex,0.0009674560129091993
rdkit_MaxAbsEStateIndex,0.0009601742565157834
rdkit_SMR_VSA7,0.0009579135170537842
maccs_bit_166,0.0009567190553981091
rdkit_SlogP_VSA5,0.0009480162591985945
rdkit_EState_VSA9,0.0009386833176406061
rdkit_SlogP_VSA12,0.000933257564345154
atom_pair_bit_0286,0.0009184237230355734
rdkit_AvgIpc,0.0009043388339960521
rdkit_VSA_EState3,0.0008573519187534346
avalon_count_0030,0.0008299772496287704
erg_121,0.0007960929436417971
rdkit_Chi1n,0.0007886443772514615
rdkit_VSA_EState8,0.000778758779813164
rdkit_VSA_EState7,0.0007638385098852686
avalon_count_0429,0.0007596432004421098
rdkit_EState_VSA4,0.0007585869781719044
rdkit_NumRadicalElectrons,0.0007566473436345011
rdkit_EState_VSA5,0.0007521336571652661
rdkit_EState_VSA8,0.0007364690633494174
maccs_bit_048,0.0007298377378088809
rdkit_PEOE_VSA7,0.0007201508067596403
rdkit_Chi2v,0.0007006022369228211
rdkit_VSA_EState1,0.0006965974532300488
rdkit_SMR_VSA5,0.0006849430787950193
rdkit_NumHeteroatoms,0.000670722710750093
avalon_count_0829,0.0006692431538776571
atom_pair_bit_0801,0.000655268457270084
rdkit_EState_VSA1,0.00065429108315454
rdkit_VSA_EState5,0.0006463975974758221
rdkit_SlogP_VSA4,0.0006450999500450379
avalon_count_0049,0.0006329598838096749
rdkit_Chi4v,0.0006256036210442333
rdkit_SMR_VSA6,0.0006210993594221785
rdkit_SlogP_VSA7,0.000611086378058643
maccs_bit_148,0.0006019890952128745
rdkit_Chi4n,0.0005794709799439738
avalon_count_0481,0.000564802545140911
rdkit_SlogP_VSA6,0.000555457910202714
avalon_count_0763,0.0005531872994142936
rdkit_PEOE_VSA9,0.0005485378629889403
atom_pair_bit_0058,0.0005397476894571188
atom_pair_bit_0550,0.0005352356496680896
avalon_count_0866,0.000533642295094274
rdkit_EState_VSA10,0.0005328668894651837
rdkit_VSA_EState6,0.0005061582386657787
erg_123,0.0005011909094548261
avalon_count_0817,0.0004939712685296019
rdkit_VSA_EState4,0.00047387823740767995
avalon_count_1004,0.00046680251699839163
rdkit_Chi3n,0.00045639002517454565
rdkit_EState_VSA3,0.000455572649233415
layered_bit_0611,0.00044858079010485444
maccs_bit_039,0.0004180044268783352
avalon_count_0490,0.00041755033899933586
maccs_bit_139,0.0004159898747605678
avalon_count_0113,0.00041581057552228686
atom_pair_bit_0536,0.00040837229200628395
avalon_count_0513,0.00040803144722858863
erg_092,0.00040128596060552365
rdk_path_bit_0544,0.00039491337775216797
avalon_count_0001,0.00038674609769422824
maccs_bit_100,0.0003851151098681045
erg_151,0.0003838640695084155
maccs_bit_111,0.0003785515577134604
ecfp6_bit_0697,0.000377489225856836
rdkit_NumHAcceptors,0.00037296167756654594
rdkit_PEOE_VSA10,0.0003569794803013634
rdkit_NHOHCount,0.00035603159647440994
avalon_count_0171,0.000352466919712251
avalon_count_0334,0.0003484218740619288
rdkit_fr_halogen,0.00034140077175163125
avalon_count_0842,0.0003320809717486314
rdkit_EState_VSA6,0.0003207467706779995
atom_pair_bit_0800,0.0003169185399825542
avalon_count_0779,0.00031380552073109427
avalon_count_0707,0.00031162916998104726
avalon_count_0505,0.0003077829603684672
erg_124,0.0003003250376717423
atom_pair_bit_0285,0.0002984016856830204
ecfp6_bit_0678,0.000297441594830673
maccs_bit_086,0.000295531365944352
rdkit_NumRotatableBonds,0.0002953026766498524
avalon_count_0418,0.0002851418382823982
erg_016,0.0002843687144967144
avalon_count_0273,0.0002825968262411461
rdkit_EState_VSA7,0.0002787306247632397
rdkit_PEOE_VSA13,0.00027610368108456297
erg_076,0.0002724139267329228
erg_075,0.0002658748241449998
layered_bit_0666,0.0002655904421810124
avalon_count_0734,0.0002652521199993207
rdkit_HeavyAtomCount,0.0002625277616140356
avalon_count_0936,0.00026224450102905594
fcfp6_bit_0445,0.00026096749649987965
fcfp6_bit_0000,0.0002604144789278232
avalon_count_0710,0.00025962077681741233
erg_090,0.0002593809226305789
maplight_morgan_0192,0.0002578608358500893
avalon_count_0274,0.0002561518971263122
avalon_count_0411,0.00025602237771479706
maccs_bit_040,0.00025321343191237844
rdkit_PEOE_VSA4,0.0002510968685402018
erg_018,0.0002495961280040492
avalon_count_0649,0.0002493440244322181
erg_094,0.000240058579699341
erg_157,0.0002398435965273965
maccs_bit_067,0.00023533341602730338
avalon_count_0328,0.00022919686060321435
rdkit_NOCount,0.0002249525156866794
avalon_count_0847,0.0002248839552143323
ecfp6_bit_0821,0.0002186225409401594
erg_095,0.0002172080586540805
avalon_count_0580,0.00021623878840459565
avalon_count_0366,0.00021511023630802617
avalon_count_0926,0.0002150100334050465
avalon_count_0311,0.00021163062138329915
ecfp6_bit_0178,0.00021155005264377705
avalon_count_0462,0.00021119657157299214
erg_153,0.00020993533627782055
maplight_morgan_0080,0.00020943494337454874
fcfp6_bit_0781,0.00020710282389304268
avalon_count_0340,0.0002060573551999366
avalon_count_0556,0.0002059169487693077
rdkit_SMR_VSA3,0.0002045703417124462
layered_bit_0264,0.00020297910914439014
rdkit_NumUnspecifiedAtomStereoCenters,0.00020155731915965565
avalon_count_0322,0.00019941758177937296
rdkit_fr_ester,0.00019893995022321294
morgan_bit_0856,0.0001926927412628889
rdkit_NumHDonors,0.0001925703618513445
maplight_morgan_0807,0.00019036826429714196
erg_107,0.0001885941174507197
avalon_count_0154,0.00018759426638362368
erg_032,0.0001858874950677093
avalon_count_0324,0.0001827878860158642
erg_017,0.00018264162041751499
erg_020,0.00017908201002627232
atom_pair_bit_0549,0.00017714299730124116
maccs_bit_044,0.0001742079880124869
avalon_count_0117,0.00017280298368097563
avalon_count_0106,0.0001718548242843403
avalon_count_0058,0.000171417240053314
erg_156,0.00017079537739938985
avalon_count_0609,0.00017047373303458738
rdkit_SlogP_VSA10,0.00016817647936408946
erg_077,0.00016766571090518382
avalon_count_0323,0.00016736140487625198
avalon_count_0093,0.00016492228283345662
avalon_count_0375,0.00016409080393233526
avalon_count_0083,0.0001638189058493565
avalon_count_0810,0.00016355076596820753
erg_100,0.00016267628364276886
avalon_count_0986,0.00016245633215558188
erg_196,0.0001623593911952493
erg_303,0.00016091670899867608
maccs_bit_009,0.00015987489690560023
avalon_count_0645,0.00015967192272905398
erg_127,0.0001588278112657123
rdk_path_bit_0785,0.00015868176087183348
avalon_count_0592,0.00015803462917432555
avalon_count_0114,0.00015776842686610168
avalon_count_0293,0.00015736234927077775
maplight_morgan_0289,0.0001571889121393814
avalon_count_0778,0.00015714484437309877
avalon_count_0977,0.0001547632416570588
avalon_count_0566,0.00015440272855502966
maccs_bit_003,0.00015063304493283578
erg_033,0.00015038672941572692
fcfp6_bit_0199,0.00015013118028017598
avalon_count_0267,0.0001498495508115075
avalon_count_0121,0.00014758679190659532
ecfp6_bit_0789,0.0001474140622531275
avalon_count_0335,0.00014611570920428283
atom_pair_bit_0802,0.00014539465502009955
avalon_count_0416,0.00014435608017584009
avalon_count_0092,0.00014370455448432174
avalon_count_0924,0.0001429718559979759
fcfp6_bit_0016,0.00014296677297180607
erg_135,0.00014197247366794894
avalon_count_0315,0.0001417208584282615
avalon_count_0038,0.00014118383140236394
rdkit_SMR_VSA4,0.00013879808229209714
rdkit_PEOE_VSA3,0.00013781328963929405
avalon_count_0454,0.0001376277051639488
layered_bit_0047,0.00013761449835511218
avalon_count_0720,0.0001369096896506559
avalon_count_1020,0.0001366876611080517
rdkit_PEOE_VSA11,0.0001349001236910644
avalon_count_0407,0.00013475801602148865
rdk_path_bit_0348,0.00013374037533227096
fcfp6_bit_0192,0.0001334617544851309
avalon_count_0698,0.00013297971154554436
avalon_count_0417,0.00013277936377753156
avalon_count_0879,0.00013261670028837374
maplight_morgan_0212,0.00013240234088920954
erg_096,0.00013113781996414102
atom_pair_bit_0192,0.0001301903233877289
avalon_count_0224,0.00012888725525465143
maccs_bit_091,0.00012792661037408002
avalon_count_0998,0.00012704252339387182
erg_158,0.00012675243687426593
rdk_path_bit_0943,0.0001266842402511097
avalon_count_0338,0.00012604072639390708
maccs_bit_018,0.00012601290449940167
avalon_count_0112,0.00012578191155566452
avalon_count_0436,0.00012447234843348756
erg_195,0.0001237979893541494
avalon_count_1017,0.00012352370120051156
avalon_count_0015,0.000123145906355989
layered_bit_0914,0.00012174356340605047
erg_212,0.00012068751920035078
avalon_count_0628,0.00012057058519802102
topological_torsion_bit_0321,0.00011985330706974002
avalon_count_0838,0.00011971823285850474
avalon_count_0974,0.00011948941465356937
avalon_count_0060,0.00011947077759693861
erg_019,0.00011937412821797226
atom_pair_bit_0284,0.00011858677912684871
layered_bit_0147,0.00011792704837353577
avalon_count_0770,0.0001178445012404897
avalon_count_0801,0.0001175754947379185
avalon_count_0251,0.00011751671793513214
topological_torsion_bit_0296,0.00011727049565485367
erg_112,0.0001172688163285898
avalon_count_0742,0.00011724901021068133
maplight_morgan_0887,0.00011684613445815076
erg_306,0.00011657899476113586
erg_111,0.00011617557531401568
atom_pair_bit_0548,0.00011530545950806412
maplight_morgan_0725,0.00011470212850378411
erg_257,0.00011440282358565492
maplight_morgan_0202,0.00011439724348487995
avalon_count_0704,0.00011343592373662922
avalon_count_0468,0.0001132108477765307
morgan_bit_0725,0.00011287812808602853
ecfp6_bit_0092,0.00011276122422390714
avalon_count_0943,0.00011212682915433367
maccs_bit_136,0.00011191058403818253
avalon_count_0886,0.00011161088444944958
avalon_count_0314,0.00011038706556898787
avalon_count_0392,0.00011005976788459028
avalon_count_0451,0.00011004416391395
rdk_path_bit_0492,0.00010996123956563762
avalon_count_0800,0.00010979542603422339
maccs_bit_010,0.00010947693913251673
avalon_count_0192,0.00010924083718544231
maplight_morgan_0739,0.00010903762887711051
avalon_count_0736,0.00010868940101306415
avalon_count_0444,0.00010866639496793822
maplight_morgan_0033,0.00010849412665700462
ecfp6_bit_0030,0.00010837556446920503
avalon_count_0125,0.00010765028886745239
avalon_count_0059,0.00010756945637996549
layered_bit_1010,0.00010748940828521424
avalon_count_0299,0.0001074710424225499
rdk_path_bit_0698,0.00010692502962216062
avalon_count_0792,0.00010671379291915565
avalon_count_0948,0.00010646036129176501
avalon_count_0555,0.00010629303174367524
maplight_morgan_0517,0.00010628494006950896
atom_pair_bit_0864,0.00010616434030950406
avalon_count_0345,0.00010606242318039765
erg_305,0.00010582564388155121
erg_108,0.00010571195284267045
erg_155,0.00010555108943646941
avalon_count_0693,0.00010546504887401537
avalon_count_0188,0.00010444927925973239
rdkit_fr_unbrch_alkane,0.00010406863726556601
avalon_count_0348,0.00010357859084802684
erg_004,0.00010338486238875733
erg_154,0.00010330972972631136
avalon_count_0718,0.00010329783784946065
topological_torsion_bit_0965,0.00010299161140962537
maccs_bit_073,0.00010295751123138326
layered_bit_0963,0.00010279940977735974
layered_bit_0592,0.00010261844192625189
atom_pair_bit_0763,0.00010259638756964698
fcfp6_bit_0736,0.00010185849252079075
maccs_bit_012,0.00010139308086474949
maccs_bit_007,0.00010085566571477788
ecfp6_bit_0725,9.9990120577436e-05
atom_pair_bit_0044,9.975496922392843e-05
maccs_bit_130,9.958561575690692e-05
avalon_count_0665,9.950391366580831e-05
avalon_count_0488,9.899404515568848e-05
maplight_morgan_0119,9.895411718089882e-05
erg_110,9.82830597950314e-05
avalon_count_0501,9.824995823312275e-05
rdk_path_bit_0876,9.805720467027616e-05
rdkit_SMR_VSA9,9.770422359024973e-05
rdk_path_bit_0031,9.687588286222209e-05
avalon_count_0502,9.645928747583843e-05
ecfp6_bit_0693,9.54276302635357e-05
maplight_morgan_0650,9.540091591849968e-05
avalon_count_0343,9.537056560350265e-05
avalon_count_0216,9.51558973010333e-05
erg_119,9.501949493412101e-05
avalon_count_0441,9.474912500895714e-05
erg_122,9.426374756440552e-05
avalon_count_0863,9.404433893992778e-05
rdkit_RingCount,9.259153250683921e-05
maplight_morgan_0856,9.175183377049324e-05
erg_097,9.161804725966268e-05
avalon_count_0096,9.089618708666749e-05
avalon_count_0492,9.063586135422483e-05
avalon_count_0212,9.043496365895127e-05
avalon_count_0912,9.031449088554932e-05
avalon_count_1003,9.02223422808686e-05
maplight_morgan_0294,9.017845556934474e-05
atom_pair_bit_0449,9.017726932903573e-05
avalon_count_0471,8.99455223058113e-05
fcfp6_bit_0370,8.975088868133276e-05
avalon_count_0368,8.963534809365083e-05
avalon_count_0557,8.961523863950012e-05
avalon_count_0816,8.948760307927846e-05
avalon_count_0329,8.945743064962053e-05
avalon_count_0181,8.932776086660478e-05
avalon_count_0586,8.920526525267422e-05
maplight_morgan_0726,8.908569193825517e-05
avalon_count_0780,8.906088204230916e-05
maplight_morgan_0862,8.901078847990518e-05
maplight_morgan_0830,8.878707482813406e-05
avalon_count_0952,8.839150999191739e-05
layered_bit_0650,8.825207428479546e-05
avalon_count_0902,8.795762776673166e-05
rdkit_fr_C_O_noCOO,8.78009615580341e-05
rdk_path_bit_0234,8.779659655911437e-05
avalon_count_0575,8.774546973579625e-05
maplight_morgan_0513,8.774124436634514e-05
avalon_count_0252,8.737110993260044e-05
avalon_count_0479,8.714441431470938e-05
avalon_count_0962,8.620611495939013e-05
maplight_morgan_0715,8.60957956658688e-05
morgan_bit_0192,8.596066904207324e-05
avalon_count_0642,8.573785759559149e-05
avalon_count_0938,8.542883364057891e-05
avalon_count_0289,8.524267302266171e-05
layered_bit_0307,8.515093788241553e-05
morgan_bit_0305,8.509967996602346e-05
fcfp6_bit_0252,8.469671637435013e-05
rdk_path_bit_0899,8.439182143511073e-05
avalon_count_0634,8.42390519957133e-05
avalon_count_0359,8.404557454893543e-05
maccs_bit_049,8.39486893430827e-05
maccs_bit_115,8.389647281398111e-05
atom_pair_bit_0482,8.381255276704263e-05
ecfp6_bit_0056,8.37801558024269e-05
avalon_count_0581,8.375947843027044e-05
avalon_count_0033,8.375810881806797e-05
erg_150,8.32413207788293e-05
maplight_morgan_0314,8.260898635884926e-05
fcfp6_bit_0178,8.236561316307653e-05
layered_bit_0596,8.234068039239514e-05
erg_106,8.233699285437522e-05
layered_bit_0473,8.22557798953264e-05
avalon_count_0767,8.217752363788237e-05
erg_005,8.203891467377805e-05
avalon_count_0992,8.178755056345155e-05
rdk_path_bit_0546,8.152919915578049e-05
rdkit_PEOE_VSA12,8.147794462451773e-05
rdk_path_bit_1023,8.112635738256028e-05
layered_bit_0822,8.10152299764801e-05
fcfp6_bit_0032,8.091340902090084e-05
fcfp6_bit_0184,8.079349026966574e-05
avalon_count_0259,8.042837656977746e-05
rdk_path_bit_0081,7.983267331129148e-05
topological_torsion_bit_0297,7.974668068183104e-05
avalon_count_0090,7.942637846740434e-05
avalon_count_0828,7.918564509375524e-05
maplight_morgan_0721,7.902906837250703e-05
avalon_count_0650,7.889982245407554e-05
erg_105,7.853692271981883e-05
avalon_count_0050,7.823672980606763e-05
layered_bit_0689,7.795249304902899e-05
avalon_count_0832,7.794505561951122e-05
topological_torsion_bit_0624,7.78791260874328e-05
erg_015,7.75491163792009e-05
rdk_path_bit_0303,7.738120076593236e-05
avalon_count_0404,7.736771723776848e-05
rdk_path_bit_0929,7.721542893615073e-05
rdk_path_bit_0487,7.694246292839048e-05
rdk_path_bit_0934,7.661849716580844e-05
maplight_morgan_0927,7.649232016155344e-05
avalon_count_0214,7.64290357971809e-05
avalon_count_0878,7.628851246630528e-05
layered_bit_0664,7.626223115327933e-05
erg_078,7.574100328430143e-05
avalon_count_0532,7.567562766525768e-05
avalon_count_0275,7.565434742304439e-05
avalon_count_0218,7.512377994991453e-05
layered_bit_0948,7.498223241766418e-05
avalon_count_0856,7.49763526593004e-05
erg_098,7.479814494250712e-05
atom_pair_bit_0056,7.466332021446859e-05
layered_bit_0995,7.458288331704738e-05
erg_109,7.449900314383859e-05
rdk_path_bit_0141,7.434331472856015e-05
maplight_morgan_0092,7.354085327520236e-05
layered_bit_0480,7.346412519086771e-05
avalon_count_0929,7.313379469738093e-05
ecfp6_bit_0223,7.300600116785546e-05
fcfp6_bit_0983,7.292649502892642e-05
avalon_count_0023,7.275942037333892e-05
rdkit_NumAromaticCarbocycles,7.223358643632806e-05
erg_022,7.211186246530743e-05
erg_218,7.20568083162591e-05
avalon_count_0519,7.200626716698572e-05
maplight_morgan_0735,7.198216056765279e-05
erg_258,7.178873796518273e-05
avalon_count_0464,7.15712957470336e-05
morgan_bit_0092,7.132251718985308e-05
atom_pair_bit_0487,7.120079249790666e-05
avalon_count_0553,7.086109792888227e-05
avalon_count_0097,7.06171864277932e-05
layered_bit_0536,7.003209864140038e-05
rdk_path_bit_0975,6.999651346076802e-05
atom_pair_bit_0502,6.948994439391218e-05
avalon_count_0669,6.934684512652022e-05
rdk_path_bit_0148,6.928845648006283e-05
atom_pair_bit_0568,6.919049793046592e-05
rdkit_PEOE_VSA5,6.887911385880181e-05
ecfp6_bit_0126,6.873526827033441e-05
ecfp6_bit_0231,6.871758790245863e-05
avalon_count_1022,6.859913619169944e-05
avalon_count_0538,6.857525948057762e-05
erg_099,6.856949124265902e-05
atom_pair_bit_0524,6.828810994306166e-05
rdk_path_bit_0112,6.805701404515312e-05
erg_260,6.803973919177631e-05
fcfp6_bit_0846,6.777394931194726e-05
erg_304,6.773393840978965e-05
maplight_morgan_0305,6.76848392824197e-05
erg_045,6.744021337859995e-05
erg_046,6.742360225913561e-05
avalon_count_0089,6.736703152446004e-05
layered_bit_0641,6.708468864954595e-05
avalon_count_0494,6.681392013735255e-05
avalon_count_0593,6.641766600707875e-05
avalon_count_0433,6.63319327921553e-05
rdk_path_bit_0286,6.622475969053796e-05
atom_pair_bit_0765,6.603170746963692e-05
erg_021,6.602809397631406e-05
erg_197,6.581138569912568e-05
maplight_morgan_0420,6.566429253403351e-05
avalon_count_0153,6.552351121320179e-05
maccs_bit_106,6.544308083583517e-05
erg_003,6.539250946573978e-05
rdk_path_bit_1001,6.500582072406588e-05
atom_pair_bit_0564,6.475738630154127e-05
atom_pair_bit_0298,6.458558598535478e-05
avalon_count_0595,6.438146962672434e-05
avalon_count_0921,6.42947447335557e-05
avalon_count_0708,6.423709297376405e-05
maplight_morgan_0144,6.422460113824709e-05
avalon_count_0410,6.417022992201672e-05
layered_bit_0868,6.398617583588091e-05
avalon_count_0081,6.398044140065158e-05
layered_bit_0782,6.392597599013751e-05
maplight_morgan_0849,6.378217340212573e-05
rdk_path_bit_0156,6.289834711856523e-05
avalon_count_0310,6.275951534926007e-05
maccs_bit_020,6.266484455905756e-05
avalon_count_0079,6.26592887309135e-05
rdk_path_bit_0694,6.260618510700201e-05
ecfp6_bit_0735,6.247226306922834e-05
atom_pair_bit_0761,6.246189535623319e-05
avalon_count_0569,6.245633024683734e-05
atom_pair_bit_0764,6.192145446087637e-05
avalon_count_0546,6.190043929159483e-05
rdk_path_bit_0783,6.16165163447945e-05
erg_133,6.157801811668735e-05
rdk_path_bit_0588,6.153416641529991e-05
avalon_count_0303,6.114686591923019e-05
rdk_path_bit_0978,6.112080416677078e-05
atom_pair_bit_0968,6.103207134462574e-05
maccs_bit_142,6.098364379874245e-05
avalon_count_0257,6.077500121323336e-05
avalon_count_0790,6.074997784830489e-05
atom_pair_bit_0865,6.0474848352378713e-05
atom_pair_bit_0032,6.031620314585459e-05
avalon_count_0386,6.0281931095681466e-05
avalon_count_0458,6.0108593001557467e-05
ecfp6_bit_0305,6.010060827790268e-05
rdk_path_bit_0394,6.006030706047515e-05
avalon_count_0350,6.00601831201224e-05
morgan_bit_0207,5.9983885278608624e-05
avalon_count_0287,5.997872870309648e-05
rdk_path_bit_0621,5.992847377252618e-05
maccs_bit_119,5.9765024683302665e-05
avalon_count_0714,5.971966975927707e-05
atom_pair_bit_0791,5.964779489765123e-05
atom_pair_bit_0029,5.962843715850329e-05
avalon_count_0342,5.9534111525996354e-05
layered_bit_0894,5.937924795736681e-05
erg_079,5.9321825340874356e-05
maplight_morgan_0027,5.9319633387437855e-05
avalon_count_0420,5.927937312044375e-05
layered_bit_0630,5.9259293526525734e-05
erg_259,5.918978385284717e-05
layered_bit_0721,5.9166974583358604e-05
atom_pair_bit_0182,5.9028667513629364e-05
erg_136,5.901505253220184e-05
maplight_morgan_0486,5.901228610685767e-05
ecfp6_bit_0917,5.8983859202330134e-05
rdk_path_bit_0970,5.889700983791354e-05
rdk_path_bit_0808,5.880824987800497e-05
rdk_path_bit_0960,5.8539962923374734e-05
fcfp6_bit_0308,5.8480807808039626e-05
avalon_count_0000,5.82588233778443e-05
layered_bit_0469,5.818198338995904e-05
erg_002,5.813830394726892e-05
atom_pair_bit_0736,5.8016228658965184e-05
avalon_count_0426,5.801085994848585e-05
atom_pair_bit_0045,5.791341808883701e-05
atom_pair_bit_0520,5.7911233057641486e-05
rdk_path_bit_0135,5.7900197885551835e-05
fcfp6_bit_0365,5.773164204305273e-05
avalon_count_0659,5.765345493323829e-05
avalon_count_0455,5.762842034271074e-05
avalon_count_0971,5.759037029441583e-05
avalon_count_0636,5.7546331819523214e-05
fcfp6_bit_0068,5.745936310233634e-05
rdkit_SlogP_VSA8,5.742130655207058e-05
avalon_count_0872,5.728500519049422e-05
avalon_count_0522,5.7162231482812796e-05
rdk_path_bit_0324,5.7012985287261477e-05
layered_bit_0018,5.695253208269054e-05
layered_bit_0251,5.6785808064372054e-05
avalon_count_0970,5.668076801961039e-05
topological_torsion_bit_0140,5.655883622447968e-05
rdk_path_bit_0429,5.644990217536381e-05
rdk_path_bit_0759,5.6268539304831306e-05
avalon_count_0466,5.612342696925002e-05
rdk_path_bit_0841,5.596447174849179e-05
erg_215,5.57565067542773e-05
avalon_count_0658,5.5712911042983246e-05
topological_torsion_bit_0988,5.5648887495072685e-05
layered_bit_0460,5.560323179778438e-05
atom_pair_bit_0193,5.5590331160461366e-05
rdkit_NumAtomStereoCenters,5.558061841263857e-05
fcfp6_bit_0486,5.5447160701180945e-05
erg_001,5.536691452771438e-05
avalon_count_0951,5.517931440725558e-05
avalon_count_0895,5.5052965397481216e-05
avalon_count_0313,5.501713601745877e-05
maccs_bit_138,5.496680272961745e-05
atom_pair_bit_0788,5.4962912877116245e-05
avalon_count_0944,5.482934493107086e-05
rdk_path_bit_0274,5.4601954088697933e-05
erg_214,5.427172159757764e-05
ecfp6_bit_0280,5.419898971692592e-05
avalon_count_0450,5.415434342726877e-05
avalon_count_0724,5.4114344438793606e-05
rdk_path_bit_0974,5.4054797638346385e-05
avalon_count_0815,5.4047265635651346e-05
layered_bit_0798,5.4008524626953806e-05
fcfp6_bit_1016,5.380372236267982e-05
avalon_count_0809,5.379121824362249e-05
atom_pair_bit_0124,5.366031801955532e-05
avalon_count_0688,5.362794059794351e-05
maplight_morgan_0716,5.362649660251642e-05
rdk_path_bit_0441,5.360095297564772e-05
avalon_count_1005,5.342675777723816e-05
rdk_path_bit_0170,5.331874986171541e-05
rdk_path_bit_0994,5.3311100779603594e-05
rdk_path_bit_0665,5.3222143702432535e-05
layered_bit_0796,5.311167065954595e-05
rdk_path_bit_0526,5.307734289509478e-05
avalon_count_0750,5.2972698975224e-05
rdk_path_bit_0405,5.294196730795084e-05
layered_bit_0740,5.291318611593885e-05
ecfp6_bit_0207,5.290262848600778e-05
layered_bit_0718,5.287796949692179e-05
maplight_morgan_0424,5.283192533620083e-05
rdkit_fr_C_O,5.276868821929882e-05
avalon_count_0638,5.274239352224822e-05
avalon_count_0478,5.270758976747894e-05
layered_bit_0805,5.2684886794576925e-05
avalon_count_0333,5.2643865078042434e-05
atom_pair_bit_0353,5.2581132129704324e-05
erg_160,5.2541567451472344e-05
atom_pair_bit_0035,5.250802865744722e-05
layered_bit_0938,5.250326823382546e-05
rdk_path_bit_0863,5.248564150731412e-05
avalon_count_0554,5.245073090011737e-05
avalon_count_0807,5.2441286664725325e-05
avalon_count_0618,5.235550423938727e-05
layered_bit_0363,5.231998003489713e-05
atom_pair_bit_0097,5.2091044934232496e-05
avalon_count_0827,5.2084387352295216e-05
rdkit_fr_NH0,5.205990718452869e-05
rdk_path_bit_0936,5.19730638617066e-05
avalon_count_0122,5.1918393339208427e-05
rdk_path_bit_0308,5.186627062218339e-05
avalon_count_0150,5.1853356295091534e-05
avalon_count_0157,5.184047342263988e-05
layered_bit_0675,5.177265278465789e-05
avalon_count_0672,5.171870954944836e-05
avalon_count_0283,5.168321422275825e-05
atom_pair_bit_0028,5.154870141664051e-05
rdk_path_bit_0918,5.1545443419032295e-05
avalon_count_0864,5.1446861701561093e-05
layered_bit_0910,5.1373448336793855e-05
erg_031,5.1189015004537056e-05
fcfp6_bit_0356,5.1184991418865654e-05
maplight_morgan_0095,5.113045420024921e-05
avalon_count_0621,5.109875659529891e-05
avalon_count_0080,5.108068228757921e-05
rdk_path_bit_0034,5.103076796327755e-05
morgan_bit_0735,5.095319585959891e-05
layered_bit_0330,5.080191652767761e-05
atom_pair_bit_0781,5.079501804253581e-05
avalon_count_0142,5.075708810663123e-05
avalon_count_0918,5.0607073562351426e-05
avalon_count_0421,5.0607022593663084e-05
maplight_morgan_0842,5.0576109618073074e-05
rdk_path_bit_0771,5.0269828522308414e-05
morgan_bit_0095,5.024360113639202e-05
avalon_count_0774,5.013193467989304e-05
rdk_path_bit_0455,5.0122376523310366e-05
atom_pair_bit_0486,5.000286365401666e-05
rdk_path_bit_0094,4.9989118351200475e-05
maccs_bit_093,4.982828568157658e-05
layered_bit_0496,4.979955715831015e-05
rdk_path_bit_0097,4.9755323957224796e-05
avalon_count_0622,4.964939484418071e-05
rdk_path_bit_0766,4.9623371477147866e-05
avalon_count_0671,4.9617171746565465e-05
avalon_count_0235,4.945745293569692e-05
fcfp6_bit_0024,4.935503585119699e-05
ecfp6_bit_0188,4.9351997118935795e-05
atom_pair_bit_0324,4.9193390681730126e-05
atom_pair_bit_0814,4.917726972282103e-05
atom_pair_bit_0301,4.912925281631728e-05
layered_bit_0195,4.907772066522052e-05
rdk_path_bit_0703,4.904920632306875e-05
atom_pair_bit_0521,4.904734001134153e-05
avalon_count_0731,4.901410087962259e-05
ecfp6_bit_0690,4.8907465134015286e-05
atom_pair_bit_0361,4.890603862877332e-05
rdk_path_bit_0358,4.886344737033078e-05
ecfp6_bit_0715,4.879646740477432e-05
rdk_path_bit_0881,4.872765408297931e-05
rdk_path_bit_0795,4.8718930095900705e-05
avalon_count_0253,4.866303994317211e-05
atom_pair_bit_0227,4.8650832537069466e-05
layered_bit_0087,4.864059982457748e-05
rdk_path_bit_0846,4.856663462530776e-05
rdk_path_bit_0562,4.848668282530868e-05
erg_213,4.835771612678579e-05
rdk_path_bit_0133,4.8279978027908365e-05
layered_bit_0516,4.824294160772131e-05
topological_torsion_bit_0704,4.808582506560751e-05
atom_pair_bit_0885,4.804586393402959e-05
atom_pair_bit_1004,4.802775044038736e-05
layered_bit_0568,4.801931959950225e-05
maccs_bit_161,4.7914986493542435e-05
layered_bit_0792,4.790442234827587e-05
avalon_count_0475,4.781728824756077e-05
fcfp6_bit_0002,4.7732178643776045e-05
atom_pair_bit_0096,4.7637292559105385e-05
atom_pair_bit_0970,4.7632985627746554e-05
avalon_count_1008,4.762502811162914e-05
ecfp6_bit_0526,4.760211117166968e-05
avalon_count_0091,4.7406073405643116e-05
rdk_path_bit_0895,4.731801815270501e-05
avalon_count_0499,4.731749803492644e-05
maplight_morgan_0656,4.731536576309783e-05
fcfp6_bit_0970,4.7275226230686654e-05
ecfp6_bit_0785,4.721270626136827e-05
rdk_path_bit_0928,4.7177750045353557e-05
rdk_path_bit_0200,4.704645752566912e-05
atom_pair_bit_0269,4.701140097393228e-05
erg_101,4.693443095354902e-05
rdk_path_bit_0911,4.687074534206135e-05
avalon_count_0028,4.686280995587168e-05
rdk_path_bit_0845,4.682457924810285e-05
avalon_count_0900,4.668290978021615e-05
avalon_count_0337,4.667178349225629e-05
rdk_path_bit_0568,4.6654657217303424e-05
rdk_path_bit_0958,4.6637121384813816e-05
layered_bit_0651,4.659486708727978e-05
avalon_count_0234,4.6567043546957005e-05
ecfp6_bit_0095,4.651032432007926e-05
rdk_path_bit_0173,4.6353253988512244e-05
avalon_count_0756,4.6297787435520035e-05
erg_035,4.621362763775171e-05
avalon_count_0789,4.6190416275036986e-05
layered_bit_0167,4.607997752074766e-05
rdk_path_bit_0917,4.603440485573385e-05
atom_pair_bit_0852,4.5959717417401844e-05
layered_bit_0390,4.594540476446204e-05
rdk_path_bit_0002,4.5897514253123305e-05
rdk_path_bit_0315,4.586024709925199e-05
layered_bit_0870,4.584041456820797e-05
erg_114,4.583260707411287e-05
avalon_count_0787,4.581684482123221e-05
atom_pair_bit_0313,4.5794744395598014e-05
avalon_count_0306,4.577548171361103e-05
layered_bit_0921,4.565801598253549e-05
morgan_bit_0284,4.563410251608604e-05
atom_pair_bit_0805,4.5400258765389994e-05
avalon_count_0456,4.530923164697135e-05
maplight_morgan_0695,4.527825582047405e-05
ecfp6_bit_0713,4.522797149703215e-05
layered_bit_0176,4.519830110874124e-05
rdk_path_bit_0662,4.502365721295543e-05
fcfp6_bit_0926,4.49429162324601e-05
maplight_morgan_0893,4.4835953631986265e-05
rdk_path_bit_0224,4.481196716228815e-05
layered_bit_0622,4.480879511981293e-05
topological_torsion_bit_0869,4.480468148010572e-05
avalon_count_0881,4.480316923082348e-05
maccs_bit_094,4.4797014677464564e-05
avalon_count_0533,4.47928216269912e-05
rdk_path_bit_0152,4.470740299025266e-05
layered_bit_0913,4.467455565554355e-05
avalon_count_0504,4.4667000808181414e-05
layered_bit_0923,4.466519468248177e-05
atom_pair_bit_0804,4.464296134352669e-05
layered_bit_0662,4.457888441020111e-05
rdk_path_bit_0585,4.4473548692688235e-05
morgan_bit_0486,4.446759644254145e-05
layered_bit_0943,4.446736851672501e-05
atom_pair_bit_0878,4.446074610867235e-05
fcfp6_bit_1008,4.4408071750236936e-05
avalon_count_0534,4.439896158651948e-05
avalon_count_0319,4.4322543420562015e-05
rdk_path_bit_0123,4.428822264833075e-05
atom_pair_bit_0840,4.428510817194669e-05
avalon_count_0086,4.428105307789654e-05
topological_torsion_bit_0001,4.421255978097329e-05
rdk_path_bit_0357,4.416154649295607e-05
ecfp6_bit_0202,4.4136297514349534e-05
atom_pair_bit_0202,4.4038939856751325e-05
rdk_path_bit_0428,4.401706454164951e-05
rdk_path_bit_0563,4.3996828840798306e-05
layered_bit_0299,4.39906918869411e-05
avalon_count_0312,4.393507401982479e-05
atom_pair_bit_0184,4.390702780208296e-05
rdk_path_bit_0111,4.376194060927089e-05
fcfp6_bit_0668,4.3643186779075234e-05
layered_bit_0144,4.3574574771375216e-05
topological_torsion_bit_0956,4.35471883999311e-05
rdk_path_bit_0893,4.354569308515389e-05
maccs_bit_159,4.353051640935612e-05
atom_pair_bit_0921,4.350954018971294e-05
avalon_count_0229,4.3389861244033386e-05
avalon_count_0069,4.334833793975997e-05
atom_pair_bit_0744,4.332996595192831e-05
atom_pair_bit_0828,4.329021869762324e-05
layered_bit_0694,4.311417034704893e-05
layered_bit_0166,4.31088713019796e-05
rdk_path_bit_0575,4.308261267885237e-05
maplight_morgan_0754,4.3061909144829684e-05
maplight_morgan_0001,4.2922260529411955e-05
atom_pair_bit_0666,4.2848083293505896e-05
avalon_count_0652,4.282408249195808e-05
avalon_count_0868,4.268240111033699e-05
rdk_path_bit_0096,4.2463728362306066e-05
rdk_path_bit_0268,4.2457828532784586e-05
layered_bit_0889,4.244354845161322e-05
avalon_count_0497,4.2400908948105524e-05
rdk_path_bit_0659,4.2381318465298335e-05
fcfp6_bit_0011,4.230234758534394e-05
rdk_path_bit_0372,4.228700020210815e-05
avalon_count_0629,4.228370663275923e-05
maccs_bit_132,4.2243750266159985e-05
avalon_count_0901,4.214205411342603e-05
avalon_count_0994,4.2136688522292116e-05
rdk_path_bit_0679,4.2107039552034975e-05
rdk_path_bit_0483,4.2068766578822004e-05
avalon_count_0262,4.19520592285416e-05
avalon_count_0084,4.193923283677626e-05
maplight_morgan_0213,4.189921028363155e-05
layered_bit_0744,4.1880423124732706e-05
avalon_count_0026,4.1878551661249784e-05
ecfp6_bit_0284,4.1875308177026454e-05
atom_pair_bit_0381,4.184199046372735e-05
atom_pair_bit_0696,4.1817077678630987e-05
layered_bit_0355,4.181210669340349e-05
atom_pair_bit_0884,4.178815736256445e-05
fcfp6_bit_0901,4.173848834015535e-05
maccs_bit_089,4.16443924895195e-05
atom_pair_bit_0380,4.161304248068632e-05
avalon_count_0696,4.143907652100861e-05
morgan_bit_0807,4.1338963753870745e-05
avalon_count_0803,4.133413901110889e-05
layered_bit_0483,4.1332607362688324e-05
avalon_count_0246,4.132525712848596e-05
fcfp6_bit_0713,4.1313159872629684e-05
avalon_count_0119,4.1304496358031347e-05
maplight_morgan_0207,4.103671441719231e-05
maplight_morgan_0389,4.1034600707713654e-05
rdk_path_bit_0022,4.1021108827972024e-05
rdk_path_bit_0077,4.0988706569995906e-05
layered_bit_0564,4.093963435111887e-05
avalon_count_0004,4.091136789717345e-05
rdk_path_bit_0657,4.0887477397277786e-05
avalon_count_0222,4.082398947198706e-05
avalon_count_0463,4.078829664578885e-05
layered_bit_0522,4.078308387050648e-05
rdk_path_bit_0630,4.071940606747077e-05
atom_pair_bit_0880,4.068798353467973e-05
fcfp6_bit_0018,4.067624774369651e-05
atom_pair_bit_0868,4.064061998936919e-05
topological_torsion_bit_0376,4.05652148902258e-05
atom_pair_bit_0832,4.054970365108759e-05
atom_pair_bit_0364,4.0531807593117274e-05
rdk_path_bit_0131,4.0466253223765804e-05
atom_pair_bit_0797,4.043813159377e-05
topological_torsion_bit_0706,4.041693193074678e-05
maccs_bit_124,4.038573944067277e-05
avalon_count_0380,4.029006660162513e-05
rdk_path_bit_0647,4.028910319637265e-05
atom_pair_bit_0620,4.025377326980903e-05
rdk_path_bit_0875,4.0252934401984295e-05
avalon_count_0331,4.018751684635524e-05
avalon_count_0176,4.017188860505375e-05
ecfp6_bit_0948,4.015967385569503e-05
layered_bit_1016,4.01412437113312e-05
avalon_count_0987,4.011816738824659e-05
layered_bit_0218,4.0109235841877994e-05
atom_pair_bit_0016,4.0104778899956375e-05
ecfp6_bit_0452,4.010405524867122e-05
morgan_bit_0526,4.007105698866022e-05
erg_137,4.006634544408495e-05
atom_pair_bit_0780,4.004922041855849e-05
layered_bit_0286,4.003072244433494e-05
layered_bit_0872,3.99491960901053e-05
avalon_count_0377,3.9933903462262114e-05
avalon_count_0280,3.992246322417867e-05
maccs_bit_155,3.988526435144893e-05
avalon_count_1000,3.984937992561406e-05
avalon_count_0300,3.9807820666194025e-05
atom_pair_bit_0526,3.9802013686738276e-05
atom_pair_bit_0628,3.97912264338965e-05
rdk_path_bit_0632,3.977124003192844e-05
ecfp6_bit_0051,3.975912344342745e-05
atom_pair_bit_0260,3.97472868523298e-05
rdk_path_bit_0896,3.97115576216942e-05
avalon_count_0769,3.9670811009287584e-05
erg_053,3.9602769171122334e-05
atom_pair_bit_0020,3.960000779062641e-05
avalon_count_0934,3.956335648586345e-05
avalon_count_0461,3.9560344308557536e-05
rdk_path_bit_0559,3.9533427916859345e-05
avalon_count_0946,3.95297429740245e-05
maplight_morgan_0626,3.951357791256099e-05
avalon_count_0281,3.9452273325726657e-05
atom_pair_bit_0010,3.9436682851849575e-05
erg_023,3.9405789946169146e-05
avalon_count_0570,3.936736811227874e-05
rdkit_NumAliphaticCarbocycles,3.928443626550501e-05
avalon_count_0442,3.921169380356462e-05
avalon_count_0120,3.920408931945168e-05
rdk_path_bit_0907,3.9198676641131044e-05
rdk_path_bit_0915,3.919713407393143e-05
rdk_path_bit_0463,3.918287173147587e-05
avalon_count_0904,3.911962175100364e-05
rdk_path_bit_0859,3.9049515277919215e-05
avalon_count_0692,3.900287583474977e-05
ecfp6_bit_0486,3.892705822532782e-05
avalon_count_0104,3.8701951339088135e-05
atom_pair_bit_0784,3.868159708498986e-05
atom_pair_bit_0592,3.8618359270046617e-05
rdk_path_bit_0962,3.8616258556727993e-05
layered_bit_0875,3.859247652422802e-05
ecfp6_bit_0807,3.8476463462852916e-05
maplight_morgan_0452,3.841280266548778e-05
rdk_path_bit_0558,3.8381098720970794e-05
rdk_path_bit_0608,3.838003669880413e-05
rdk_path_bit_0765,3.836620343716199e-05
avalon_count_0616,3.833800575793109e-05
avalon_count_0870,3.831862013484405e-05
rdk_path_bit_0926,3.8294378293349455e-05
erg_307,3.826157296765639e-05
rdkit_fr_COO2,3.819560382489579e-05
atom_pair_bit_0767,3.817137323032e-05
maccs_bit_082,3.814680020917415e-05
ecfp6_bit_0045,3.813895815353795e-05
morgan_bit_0937,3.813603898961728e-05
fcfp6_bit_0405,3.80974331316276e-05
avalon_count_0748,3.80101800966485e-05
atom_pair_bit_0004,3.794512854616973e-05
fcfp6_bit_0546,3.791760289713418e-05
ecfp6_bit_0621,3.7909124335880824e-05
atom_pair_bit_0561,3.7895487321007375e-05
layered_bit_0306,3.788304929473479e-05
fcfp6_bit_0806,3.7802099705411945e-05
rdk_path_bit_0884,3.7780468009317465e-05
avalon_count_0702,3.7778654447414796e-05
maplight_morgan_0926,3.7742096547032486e-05
layered_bit_0439,3.767329603011354e-05
rdk_path_bit_0682,3.7660576774181986e-05
ecfp6_bit_0592,3.766051803097969e-05
layered_bit_0836,3.764655680648203e-05
topological_torsion_bit_0920,3.763216912853457e-05
avalon_count_0156,3.757075600784751e-05
avalon_count_0199,3.7544164938244085e-05
maplight_morgan_0851,3.752424706388227e-05
rdk_path_bit_0051,3.7514255369766654e-05
rdk_path_bit_0739,3.7489257423237274e-05
erg_128,3.744570149560791e-05
rdk_path_bit_0001,3.7444510350569885e-05
rdk_path_bit_0983,3.740287594723996e-05
maplight_morgan_0696,3.737648668504809e-05
layered_bit_0928,3.7349896046384956e-05
fcfp6_bit_0003,3.732121259550885e-05
rdk_path_bit_0179,3.731202303643609e-05
erg_302,3.727763852193765e-05
atom_pair_bit_0856,3.7274942969907585e-05
atom_pair_bit_0873,3.7272132628194815e-05
layered_bit_0591,3.7258136376719353e-05
layered_bit_0593,3.7252122543413325e-05
atom_pair_bit_0121,3.72484429738217e-05
atom_pair_bit_0125,3.723220699424698e-05
maccs_bit_131,3.720500473479443e-05
atom_pair_bit_0140,3.71918542501242e-05
rdk_path_bit_0701,3.717493856347784e-05
rdk_path_bit_0952,3.717045281283631e-05
erg_080,3.7099475410056576e-05
erg_061,3.708923854249763e-05
maplight_morgan_0591,3.7053436105103296e-05
rdk_path_bit_0731,3.70307882903579e-05
layered_bit_0472,3.698515210828097e-05
rdkit_fr_allylic_oxid,3.6930024827994174e-05
avalon_count_0660,3.690917257036531e-05
atom_pair_bit_0157,3.690238665276682e-05
layered_bit_0261,3.6801653482275923e-05
rdk_path_bit_0770,3.678209354038745e-05
topological_torsion_bit_0287,3.6782044896478314e-05
maplight_morgan_0147,3.669060024900485e-05
rdk_path_bit_0362,3.664814408193719e-05
rdk_path_bit_0925,3.66437992495749e-05
layered_bit_1012,3.658551372083326e-05
avalon_count_0713,3.655762059969863e-05
rdk_path_bit_0386,3.655459583652661e-05
atom_pair_bit_0697,3.6525126282523955e-05
atom_pair_bit_0312,3.6494613601649e-05
rdk_path_bit_0122,3.648726516010034e-05
maplight_morgan_0064,3.648352686996247e-05
layered_bit_0050,3.647624366652778e-05
rdk_path_bit_0302,3.646020701807938e-05
morgan_bit_0314,3.643806763450336e-05
maplight_morgan_0051,3.64169163361016e-05
rdk_path_bit_0913,3.634572847553311e-05
avalon_count_0009,3.6342978679403454e-05
avalon_count_0862,3.624920050164169e-05
fcfp6_bit_0561,3.622291322362949e-05
atom_pair_bit_0172,3.6222418642653204e-05
rdk_path_bit_0944,3.6191848706866205e-05
rdk_path_bit_0443,3.617665241915591e-05
maccs_bit_153,3.616570610583067e-05
avalon_count_0639,3.615988076350981e-05
rdk_path_bit_0491,3.614850323213568e-05
rdk_path_bit_0552,3.611805992280229e-05
rdk_path_bit_0412,3.606569056487912e-05
rdk_path_bit_0419,3.605203742411184e-05
avalon_count_0874,3.604701960679072e-05
maplight_morgan_0421,3.600401979688041e-05
avalon_count_0839,3.599906350985256e-05
rdk_path_bit_0279,3.5879226041558755e-05
topological_torsion_bit_0868,3.5868854498635244e-05
morgan_bit_0898,3.5863369119144686e-05
rdk_path_bit_0143,3.584572210554782e-05
rdk_path_bit_0354,3.5822652766733885e-05
layered_bit_0760,3.579215708881602e-05
layered_bit_0277,3.576510276508397e-05
atom_pair_bit_0552,3.5713980108933244e-05
atom_pair_bit_0042,3.569208010457974e-05
atom_pair_bit_0368,3.567490389950343e-05
atom_pair_bit_0382,3.56485886298497e-05
rdk_path_bit_1010,3.5634285120162314e-05
atom_pair_bit_0988,3.562680360759697e-05
avalon_count_0855,3.5610076791762076e-05
ecfp6_bit_0441,3.558187156927692e-05
rdk_path_bit_0643,3.557571434602466e-05
avalon_count_0960,3.557194422002995e-05
atom_pair_bit_0257,3.556578680612304e-05
ecfp6_bit_0458,3.5555914449825955e-05
atom_pair_bit_0580,3.553837929304133e-05
avalon_count_0551,3.5528453466967226e-05
atom_pair_bit_1005,3.547464462362834e-05
layered_bit_0519,3.5471395335063974e-05
maplight_morgan_0284,3.544409737035114e-05
maccs_bit_109,3.5397313805156454e-05
avalon_count_0766,3.536668440612969e-05
atom_pair_bit_0057,3.5362779398898785e-05
rdk_path_bit_0580,3.5332833689602914e-05
maplight_morgan_0894,3.532880938317984e-05
atom_pair_bit_0888,3.525225059165313e-05
ecfp6_bit_0379,3.5249653441400714e-05
rdk_path_bit_0889,3.524507266278835e-05
layered_bit_0234,3.523352420390345e-05
rdkit_fr_Al_COO,3.519375105942378e-05
maplight_morgan_0975,3.518753627533458e-05
atom_pair_bit_0625,3.5184832837644756e-05
rdk_path_bit_0367,3.517161203863081e-05
layered_bit_0341,3.5166933777309485e-05
avalon_count_0591,3.5153558746372555e-05
ecfp6_bit_0920,3.512339278025668e-05
atom_pair_bit_0716,3.499378701505324e-05
rdk_path_bit_0445,3.4979301411236734e-05
atom_pair_bit_0848,3.495598834454573e-05
atom_pair_bit_0881,3.49481552224144e-05
avalon_count_0571,3.49325217192546e-05
fcfp6_bit_0008,3.487900988181471e-05
atom_pair_bit_0241,3.487715708082599e-05
atom_pair_bit_0584,3.486843813811457e-05
rdk_path_bit_0366,3.482313567571896e-05
layered_bit_0236,3.4805510051139084e-05
rdk_path_bit_0129,3.477693662499055e-05
layered_bit_0998,3.475382248332618e-05
atom_pair_bit_0325,3.473639949579848e-05
layered_bit_0080,3.47115769241641e-05
rdk_path_bit_0015,3.470896192699108e-05
avalon_count_0094,3.470832316024472e-05
rdk_path_bit_0951,3.470357510577308e-05
rdk_path_bit_0172,3.4698001254717114e-05
rdk_path_bit_0618,3.469662102364012e-05
avalon_count_0648,3.466888547339848e-05
atom_pair_bit_0352,3.466076541689998e-05
layered_bit_0440,3.46530901511789e-05
maccs_bit_151,3.4638581044287455e-05
layered_bit_0623,3.462721171639138e-05
avalon_count_0917,3.461389194691781e-05
rdk_path_bit_0021,3.4610394282096564e-05
avalon_count_1007,3.460921956889995e-05
atom_pair_bit_0497,3.453183655422824e-05
atom_pair_bit_0889,3.450972160142065e-05
atom_pair_bit_0276,3.447362314992866e-05
layered_bit_0846,3.4471080074682476e-05
avalon_count_0730,3.441126582945214e-05
rdk_path_bit_0233,3.435114180073969e-05
atom_pair_bit_0912,3.4350466609342034e-05
layered_bit_0989,3.431864129266421e-05
rdk_path_bit_0883,3.431272677124785e-05
layered_bit_0600,3.425651566070252e-05
rdk_path_bit_0586,3.4226864180993774e-05
avalon_count_0812,3.4175642626939994e-05
avalon_count_0325,3.416531872948218e-05
ecfp6_bit_0240,3.4118800636182644e-05
layered_bit_0604,3.4040903945257154e-05
atom_pair_bit_0528,3.403770692628183e-05
rdk_path_bit_0623,3.4028936153029926e-05
maplight_morgan_0981,3.402712237730749e-05
rdk_path_bit_0056,3.4020357732385994e-05
layered_bit_0006,3.399161777800203e-05
layered_bit_0083,3.397249271148316e-05
layered_bit_0422,3.3966490454226026e-05
atom_pair_bit_0769,3.395973582079371e-05
layered_bit_0385,3.394252399364591e-05
atom_pair_bit_0432,3.3942169936087223e-05
maplight_morgan_0137,3.394084418278812e-05
rdk_path_bit_0444,3.39387586784952e-05
rdk_path_bit_0320,3.3927821242278224e-05
atom_pair_bit_0844,3.390122664338617e-05
rdk_path_bit_0781,3.3895470289965716e-05
erg_159,3.3888644012505025e-05
fcfp6_bit_0519,3.3873356198915374e-05
atom_pair_bit_0616,3.386648023648104e-05
rdk_path_bit_0537,3.384859966439882e-05
rdk_path_bit_0973,3.3842382291943075e-05
rdk_path_bit_0749,3.383469909385775e-05
layered_bit_0499,3.383380378709649e-05
layered_bit_0108,3.382669683705569e-05
layered_bit_0634,3.3824567895893126e-05
avalon_count_0957,3.382330542399851e-05
layered_bit_0659,3.380905263477529e-05
fcfp6_bit_0627,3.378357336620794e-05
rdk_path_bit_0986,3.376475688896021e-05
layered_bit_0066,3.375350662336229e-05
rdk_path_bit_0997,3.374939382709524e-05
rdk_path_bit_0158,3.37423338907005e-05
rdk_path_bit_0370,3.373201234785206e-05
atom_pair_bit_0300,3.372749994195673e-05
atom_pair_bit_0796,3.3727148618001604e-05
atom_pair_bit_0246,3.3715955399426806e-05
topological_torsion_bit_0653,3.3709810667115303e-05
rdk_path_bit_0193,3.3709158293705555e-05
rdk_path_bit_0927,3.36674155525739e-05
avalon_count_0132,3.3654136297620305e-05
layered_bit_0607,3.362284774543301e-05
ecfp6_bit_0018,3.3612960285533684e-05
rdk_path_bit_0803,3.3612935579537714e-05
ecfp6_bit_0887,3.3550504715397476e-05
rdk_path_bit_0646,3.353511184103703e-05
topological_torsion_bit_0912,3.352932842224792e-05
atom_pair_bit_0629,3.34904833652662e-05
maplight_morgan_0794,3.346122605597017e-05
layered_bit_0631,3.3432863215898915e-05
avalon_count_0528,3.3418608040321805e-05
maccs_bit_104,3.340392873827884e-05
maplight_morgan_0115,3.337050596176677e-05
rdk_path_bit_0601,3.335357050619813e-05
layered_bit_0375,3.333333603866887e-05
rdk_path_bit_0778,3.332260210272867e-05
topological_torsion_bit_0540,3.331514438691856e-05
layered_bit_0649,3.3312630744109275e-05
rdk_path_bit_0582,3.330408419630414e-05
layered_bit_0849,3.32855083792066e-05
atom_pair_bit_0876,3.328079824743658e-05
rdk_path_bit_0480,3.323309966696659e-05
rdk_path_bit_0212,3.318303629442194e-05
layered_bit_0136,3.3178679219513695e-05
avalon_count_0102,3.3137000214880046e-05
avalon_count_1023,3.312066115397488e-05
rdk_path_bit_0177,3.3120316694183744e-05
rdk_path_bit_0748,3.310269846242247e-05
rdk_path_bit_0750,3.307902389739833e-05
rdk_path_bit_0166,3.30663853276762e-05
fcfp6_bit_0017,3.305226289570717e-05
rdk_path_bit_0252,3.303950082276584e-05
avalon_count_0806,3.3032169612741764e-05
rdk_path_bit_0109,3.2991322145127105e-05
layered_bit_0091,3.2977098528260474e-05
atom_pair_bit_0869,3.296398054011316e-05
erg_104,3.295956582663198e-05
rdk_path_bit_0272,3.29531083078836e-05
rdk_path_bit_0501,3.295270581368147e-05
maccs_bit_134,3.2935261122271276e-05
atom_pair_bit_0532,3.292556940311778e-05
rdk_path_bit_0891,3.291850078159249e-05
rdk_path_bit_0381,3.2875381386124484e-05
rdk_path_bit_0700,3.287414017349822e-05
avalon_count_0914,3.286476891839646e-05
avalon_count_0445,3.285206182923183e-05
avalon_count_0617,3.282940153361461e-05
avalon_count_0988,3.2815112388366256e-05
fcfp6_bit_0104,3.281261698638705e-05
ecfp6_bit_0389,3.2808166751795106e-05
erg_116,3.279809443583842e-05
ecfp6_bit_0856,3.2750007433990946e-05
topological_torsion_bit_0444,3.271419746189044e-05
rdk_path_bit_0227,3.271018584319539e-05
rdk_path_bit_0625,3.266644817646282e-05
maplight_morgan_0571,3.2656188414043773e-05
avalon_count_0194,3.262750664358837e-05
ecfp6_bit_0044,3.261954655854438e-05
rdk_path_bit_0347,3.261658354018226e-05
avalon_count_0613,3.257837399564278e-05
fcfp6_bit_0550,3.2566974052506736e-05
erg_034,3.251931815234507e-05
rdk_path_bit_0223,3.251392044351984e-05
atom_pair_bit_0760,3.249480016575309e-05
atom_pair_bit_0608,3.247427408760715e-05
avalon_count_0853,3.2441739960136855e-05
atom_pair_bit_0752,3.2427780321573e-05
atom_pair_bit_0588,3.2391436258655044e-05
rdk_path_bit_0800,3.237368682537552e-05
atom_pair_bit_0872,3.235460375433598e-05
atom_pair_bit_0772,3.233896802969612e-05
fcfp6_bit_0385,3.233002630742537e-05
layered_bit_0902,3.231705554595272e-05
morgan_bit_0147,3.230940380431399e-05
atom_pair_bit_0033,3.2303222615204915e-05
layered_bit_0181,3.22726536578894e-05
rdk_path_bit_0068,3.22547029941755e-05
maplight_morgan_0222,3.2204248296508475e-05
rdk_path_bit_1006,3.216447304425073e-05
morgan_bit_0754,3.212050564131685e-05
rdk_path_bit_0626,3.210441009188102e-05
avalon_count_0389,3.2092696508972876e-05
atom_pair_bit_0256,3.208062625364765e-05
atom_pair_bit_0068,3.207105304789235e-05
erg_309,3.204704822587733e-05
fcfp6_bit_0821,3.202456471043339e-05
rdk_path_bit_0387,3.1993267333853334e-05
morgan_bit_0452,3.198675385460545e-05
rdk_path_bit_0709,3.190109351236935e-05
layered_bit_0246,3.1894241869678626e-05
maccs_bit_152,3.1878424180646766e-05
atom_pair_bit_0664,3.186752246106801e-05
rdk_path_bit_0796,3.183787918593574e-05
rdk_path_bit_1022,3.1832805310129016e-05
rdk_path_bit_0988,3.1814646655257123e-05
layered_bit_0325,3.176880113573808e-05
rdk_path_bit_0829,3.1741765128170734e-05
avalon_count_0543,3.174079725484624e-05
topological_torsion_bit_0500,3.173430972391104e-05
atom_pair_bit_0064,3.172682212790807e-05
atom_pair_bit_0280,3.172107903393461e-05
maplight_morgan_0526,3.1697978038534694e-05
layered_bit_1014,3.168967815758868e-05
maplight_morgan_0361,3.16670825572389e-05
atom_pair_bit_0534,3.1661234061500203e-05
layered_bit_0446,3.16090337812646e-05
maccs_bit_140,3.1597000824560156e-05
ecfp6_bit_0645,3.1581474490471756e-05
atom_pair_bit_0112,3.155233377359472e-05
rdk_path_bit_0982,3.153436029068598e-05
atom_pair_bit_0336,3.153342179515891e-05
atom_pair_bit_0180,3.1453231695909005e-05
ecfp6_bit_0668,3.1450885972724545e-05
rdk_path_bit_0686,3.144914518349091e-05
avalon_count_0819,3.143431780453057e-05
rdk_path_bit_0350,3.1427260360355375e-05
rdk_path_bit_0062,3.1426596971679664e-05
atom_pair_bit_0498,3.1414687125005204e-05
avalon_count_0291,3.140883594185899e-05
atom_pair_bit_0077,3.1390503312260294e-05
atom_pair_bit_0281,3.1344952676563956e-05
atom_pair_bit_0920,3.1324295826157814e-05
atom_pair_bit_0289,3.132127547033183e-05
rdk_path_bit_0772,3.131444256733834e-05
layered_bit_1002,3.131321737114275e-05
layered_bit_0812,3.129514990099408e-05
rdk_path_bit_0849,3.1289110154018134e-05
atom_pair_bit_0525,3.128600651389863e-05
fcfp6_bit_0792,3.1282446585477545e-05
erg_301,3.1258806705620874e-05
atom_pair_bit_0354,3.123045541209849e-05
atom_pair_bit_0376,3.1226540204404425e-05
rdk_path_bit_0106,3.1210427611136856e-05
maplight_morgan_1011,3.1106753436590003e-05
layered_bit_0252,3.1097956181776495e-05
maplight_morgan_0630,3.106806848592266e-05
atom_pair_bit_0860,3.1058296896217734e-05
erg_161,3.104770340312532e-05
fcfp6_bit_0791,3.103970865475706e-05
atom_pair_bit_0785,3.101737431459269e-05
atom_pair_bit_0320,3.1013641449789866e-05
atom_pair_bit_0789,3.100491475344644e-05
rdk_path_bit_0813,3.09973310002562e-05
rdk_path_bit_0242,3.0995436550424455e-05
atom_pair_bit_0222,3.0921962599703104e-05
atom_pair_bit_0244,3.090373047537758e-05
rdk_path_bit_0061,3.090257762821845e-05
layered_bit_0396,3.0895611268738434e-05
avalon_count_0128,3.0869169133111615e-05
rdk_path_bit_0280,3.0857796487532544e-05
maplight_morgan_0045,3.084498382585287e-05
layered_bit_0999,3.0836946179569225e-05
rdkit_fr_Ndealkylation1,3.0822598602855785e-05
rdk_path_bit_0733,3.082173254954118e-05
avalon_count_0540,3.079629445240379e-05
maplight_morgan_0692,3.076600575491682e-05
rdkit_fr_aryl_methyl,3.076384057827036e-05
atom_pair_bit_0928,3.075851015728777e-05
atom_pair_bit_0105,3.074736894957771e-05
atom_pair_bit_0126,3.074027745788079e-05
ecfp6_bit_0289,3.0703198496451224e-05
rdk_path_bit_0764,3.069448439861905e-05
atom_pair_bit_0252,3.065495116206553e-05
atom_pair_bit_0440,3.06542797041071e-05
rdk_path_bit_0678,3.065289207948355e-05
atom_pair_bit_0101,3.0651969064276674e-05
layered_bit_0707,3.064035399271353e-05
rdk_path_bit_0119,3.06060691248328e-05
erg_060,3.059482559876949e-05
rdk_path_bit_0411,3.059257201114474e-05
avalon_count_0265,3.0552097123071495e-05
rdk_path_bit_0789,3.0551166006817565e-05
rdk_path_bit_0567,3.0542149623352025e-05
erg_007,3.0513838499880885e-05
atom_pair_bit_0189,3.050095202579587e-05
avalon_count_0661,3.049010815136715e-05
rdk_path_bit_0622,3.0488413013353708e-05
layered_bit_0495,3.0470809772366144e-05
erg_256,3.046994876520834e-05
rdk_path_bit_0180,3.046518144832129e-05
erg_138,3.046119489932466e-05
avalon_count_0354,3.043900968262058e-05
erg_253,3.0430599985284215e-05
rdk_path_bit_0554,3.0417342325225235e-05
rdk_path_bit_0121,3.041733395869544e-05
erg_115,3.041676749008292e-05
rdk_path_bit_0869,3.036528255511867e-05
atom_pair_bit_0787,3.035001622599027e-05
rdk_path_bit_0353,3.0342143509364553e-05
avalon_count_0269,3.0339539864762207e-05
avalon_count_0885,3.03318505525341e-05
maplight_morgan_0057,3.0331375289566352e-05
atom_pair_bit_0208,3.030190361313321e-05
atom_pair_bit_0621,3.0286354709265996e-05
atom_pair_bit_0633,3.0281682126699574e-05
layered_bit_0773,3.0280851191295245e-05
layered_bit_0687,3.027826010671025e-05
erg_139,3.0245438121169873e-05
ecfp6_bit_0830,3.0235732112888777e-05
rdk_path_bit_0956,3.0232508035720105e-05
atom_pair_bit_0017,3.021364400259117e-05
avalon_count_0087,3.019814932189553e-05
atom_pair_bit_0034,3.019615079195382e-05
rdk_path_bit_0456,3.0178103500760813e-05
atom_pair_bit_0944,3.0160916481513113e-05
atom_pair_bit_0689,3.0158007100293465e-05
atom_pair_bit_0891,3.0154288309036743e-05
avalon_count_0990,3.0148906350913097e-05
rdk_path_bit_0737,3.0141472286466552e-05
rdk_path_bit_0041,3.0140652025256286e-05
rdk_path_bit_0142,3.0139658231678565e-05
avalon_count_0726,3.011078794015079e-05
atom_pair_bit_0576,3.0097385866307084e-05
rdk_path_bit_0821,3.00727366653894e-05
rdk_path_bit_0311,3.0062783538551584e-05
rdk_path_bit_0802,3.005822328998988e-05
rdk_path_bit_0581,3.0050832209273718e-05
rdk_path_bit_0777,3.0024478221678778e-05
avalon_count_0906,3.0004363702186338e-05
avalon_count_0388,2.9999345085504756e-05
layered_bit_0257,2.9991558963364765e-05
avalon_count_0137,2.99883691512899e-05
rdk_path_bit_0378,2.992998399761032e-05
atom_pair_bit_0329,2.992653665177258e-05
avalon_count_0360,2.99184718514611e-05
atom_pair_bit_0104,2.990684347167705e-05
rdk_path_bit_0059,2.9897788122471017e-05
rdk_path_bit_0295,2.989730898865634e-05
atom_pair_bit_0624,2.9860494241935903e-05
layered_bit_0275,2.9794300567579567e-05
atom_pair_bit_0892,2.9774370769880242e-05
layered_bit_0259,2.9767893539010125e-05
layered_bit_0207,2.9751116398579093e-05
rdk_path_bit_0729,2.974651036107082e-05
atom_pair_bit_0341,2.9693309404270954e-05
topological_torsion_bit_0408,2.9645695492501452e-05
fcfp6_bit_0857,2.9585877531438494e-05
rdk_path_bit_0728,2.9578738365519968e-05
avalon_count_0794,2.9557707836570334e-05
rdk_path_bit_0758,2.9555403531134368e-05
fcfp6_bit_0742,2.950756107568747e-05
layered_bit_0878,2.949498739760528e-05
atom_pair_bit_0756,2.9487922302690157e-05
rdk_path_bit_0549,2.947681586895838e-05
rdk_path_bit_0181,2.946666770538069e-05
layered_bit_0550,2.945997322737005e-05
rdk_path_bit_0751,2.9447235714021694e-05
ecfp6_bit_0692,2.9445426979844917e-05
rdk_path_bit_0902,2.9430644102541408e-05
layered_bit_0736,2.9402017225076767e-05
maplight_morgan_0694,2.9394322013033436e-05
avalon_count_0751,2.9386081541692357e-05
atom_pair_bit_0713,2.9384625917596845e-05
rdk_path_bit_0687,2.9380945274877656e-05
avalon_count_0284,2.9365625506576305e-05
avalon_count_0226,2.9339714613422397e-05
layered_bit_0556,2.9338359083042685e-05
atom_pair_bit_0340,2.9327491697909607e-05
rdk_path_bit_0300,2.9327067493819225e-05
atom_pair_bit_0632,2.9311503707698034e-05
layered_bit_0959,2.9304091838261462e-05
atom_pair_bit_0136,2.929912692129614e-05
rdk_path_bit_0814,2.929867069007896e-05
rdk_path_bit_0215,2.9297122713844624e-05
rdk_path_bit_0462,2.9294035834855622e-05
rdk_path_bit_0336,2.928669683176573e-05
layered_bit_0833,2.9220235070059987e-05
avalon_count_0282,2.9220204816204176e-05
rdk_path_bit_0145,2.9219385689938255e-05
layered_bit_0918,2.9205137003687623e-05
rdk_path_bit_0337,2.9201938761259453e-05
maplight_morgan_0896,2.919896679919446e-05
avalon_count_0327,2.9178159613887395e-05
atom_pair_bit_0012,2.914969347686829e-05
rdk_path_bit_0092,2.9142477375053715e-05
rdk_path_bit_0098,2.9139582393621766e-05
rdk_path_bit_0939,2.9138504683292957e-05
rdk_path_bit_0540,2.9131139506649003e-05
maccs_bit_051,2.911642243021372e-05
erg_129,2.9100093487434153e-05
atom_pair_bit_0929,2.9090979997174524e-05
fcfp6_bit_0340,2.9082672085544502e-05
rdk_path_bit_0030,2.9075680772353053e-05
atom_pair_bit_0533,2.906930682408149e-05
rdk_path_bit_0100,2.9046421230506638e-05
layered_bit_0852,2.898534262612622e-05
avalon_count_0062,2.8970959671588004e-05
rdk_path_bit_0914,2.8920993762656642e-05
atom_pair_bit_0365,2.891085042351687e-05
layered_bit_0057,2.8898184522131183e-05
rdk_path_bit_0197,2.8894868876239683e-05
avalon_count_0737,2.8882110302057678e-05
atom_pair_bit_1023,2.8877547460142166e-05
rdk_path_bit_0762,2.8861087146639067e-05
atom_pair_bit_0247,2.8842995837167586e-05
atom_pair_bit_1022,2.883810797259983e-05
rdk_path_bit_0933,2.8788050789031444e-05
avalon_count_1015,2.877910185216431e-05
topological_torsion_bit_0625,2.8756928457601007e-05
atom_pair_bit_0048,2.871872801514661e-05
layered_bit_0667,2.8713540066436428e-05
maplight_morgan_0456,2.8713038398942603e-05
rdk_path_bit_0413,2.8682123208164805e-05
atom_pair_bit_0221,2.8681306741699775e-05
rdk_path_bit_0730,2.8672148819452607e-05
avalon_count_0099,2.866187075630271e-05
maplight_morgan_0814,2.864207128790776e-05
maplight_morgan_0567,2.8630914861028038e-05
layered_bit_0552,2.8618723443331746e-05
atom_pair_bit_0992,2.861022631535161e-05
rdk_path_bit_0251,2.859761067246331e-05
avalon_count_0078,2.859501469865159e-05
atom_pair_bit_0100,2.8594912295104286e-05
maplight_morgan_0139,2.8580690730458108e-05
layered_bit_0891,2.8556380116274617e-05
rdk_path_bit_0768,2.855289761813277e-05
atom_pair_bit_0728,2.8527527251838638e-05
rdk_path_bit_0089,2.8515895465016225e-05
avalon_count_0088,2.8512384600279762e-05
ecfp6_bit_1023,2.850733999297425e-05
avalon_count_0684,2.8502316184386842e-05
rdk_path_bit_0924,2.848870781550084e-05
atom_pair_bit_0966,2.8456844119538e-05
rdk_path_bit_0410,2.84484748786126e-05
atom_pair_bit_0316,2.844426043877364e-05
avalon_count_0565,2.8437977627967603e-05
rdk_path_bit_0706,2.842781032699105e-05
rdk_path_bit_0806,2.841563522760121e-05
rdk_path_bit_0045,2.841141354989521e-05
atom_pair_bit_0833,2.8409689357107075e-05
layered_bit_1008,2.8363553209188836e-05
ecfp6_bit_0306,2.834790835851544e-05
layered_bit_0939,2.8323379301246773e-05
rdk_path_bit_0719,2.8308267253279474e-05
rdk_path_bit_0087,2.8305070229652556e-05
rdk_path_bit_0838,2.827719770643544e-05
morgan_bit_0441,2.827634968113829e-05
rdk_path_bit_0909,2.8259445218247857e-05
topological_torsion_bit_0848,2.8248951661164594e-05
atom_pair_bit_0069,2.8235374021190558e-05
fcfp6_bit_0826,2.8232758741859336e-05
atom_pair_bit_0569,2.823121407363909e-05
rdk_path_bit_0879,2.822427082643073e-05
rdk_path_bit_0671,2.819782319631111e-05
avalon_count_0189,2.8187769504419856e-05
rdk_path_bit_0415,2.8182180068555297e-05
rdk_path_bit_0773,2.8153592103398216e-05
atom_pair_bit_0240,2.8127927087365525e-05
morgan_bit_0721,2.809615751461185e-05
rdk_path_bit_0105,2.8031858322446395e-05
atom_pair_bit_0224,2.8026451796507414e-05
atom_pair_bit_0965,2.8019072908669354e-05
layered_bit_0693,2.8013363287860644e-05
rdk_path_bit_0598,2.8011358472797964e-05
layered_bit_0039,2.7987401646854547e-05
rdk_path_bit_0128,2.7964931121020055e-05
rdk_path_bit_0282,2.796067825255737e-05
layered_bit_0171,2.7958254489533006e-05
maplight_morgan_0673,2.795125641756528e-05
topological_torsion_bit_0380,2.7945976892668596e-05
rdk_path_bit_0426,2.794465140212199e-05
layered_bit_0132,2.7943601180632718e-05
fcfp6_bit_0841,2.7932286218963606e-05
atom_pair_bit_0076,2.7921823882541728e-05
rdk_path_bit_0183,2.7920378528212007e-05
avalon_count_0174,2.7903403243139835e-05
layered_bit_0633,2.7883421474930895e-05
avalon_count_0055,2.788172859271999e-05
atom_pair_bit_0630,2.787483727311383e-05
rdk_path_bit_0132,2.7857008052450916e-05
avalon_count_0564,2.784543939286655e-05
atom_pair_bit_0600,2.7820659264201442e-05
avalon_count_1018,2.7815426081290354e-05
morgan_bit_0187,2.7815305890522304e-05
avalon_count_0370,2.7814143847191213e-05
maccs_bit_030,2.7774382778769177e-05
topological_torsion_bit_0695,2.7765724061677104e-05
rdk_path_bit_0422,2.775797012279011e-05
atom_pair_bit_0040,2.7746174162215145e-05
atom_pair_bit_0290,2.773852902182073e-05
rdk_path_bit_0477,2.7733295817621856e-05
avalon_count_0700,2.7717214277774122e-05
rdk_path_bit_0564,2.77088490529806e-05
fcfp6_bit_0822,2.7707582681565725e-05
erg_026,2.7702915926905033e-05
rdk_path_bit_0430,2.7682611122160496e-05
atom_pair_bit_0120,2.7676271920340354e-05
layered_bit_0590,2.7624325305882284e-05
maplight_morgan_0592,2.7618213127998227e-05
erg_024,2.7615824231428723e-05
rdk_path_bit_0120,2.7533031914169687e-05
maplight_morgan_0240,2.7525193372186432e-05
atom_pair_bit_0812,2.7522625910895367e-05
rdk_path_bit_0093,2.7519696471200098e-05
rdk_path_bit_0153,2.7501845737366736e-05
atom_pair_bit_0527,2.749489836780305e-05
atom_pair_bit_0499,2.74857010156068e-05
layered_bit_0459,2.7460881547724045e-05
maccs_bit_097,2.7457031176273343e-05
layered_bit_0975,2.743488092135112e-05
maccs_bit_095,2.7421257440623395e-05
rdk_path_bit_0672,2.741558709492364e-05
layered_bit_0754,2.7409298878078768e-05
atom_pair_bit_0277,2.740854150611824e-05
rdk_path_bit_0033,2.7408493363367733e-05
avalon_count_0589,2.7404480809658533e-05
layered_bit_0917,2.7373593945995902e-05
rdk_path_bit_0990,2.734551791757353e-05
rdk_path_bit_0073,2.7323591487367416e-05
avalon_count_1013,2.732186221786975e-05
rdk_path_bit_0547,2.7294782718655603e-05
rdk_path_bit_0791,2.7287778002430256e-05
layered_bit_0778,2.7279058892847092e-05
rdk_path_bit_0697,2.7263156207558007e-05
fcfp6_bit_0001,2.7259993511790372e-05
topological_torsion_bit_0530,2.725677793217552e-05
atom_pair_bit_1008,2.725095990252386e-05
rdk_path_bit_0408,2.7235576696119552e-05
atom_pair_bit_0593,2.7235165284316442e-05
rdk_path_bit_0137,2.7228130323184933e-05
rdk_path_bit_0392,2.7226659398105708e-05
fcfp6_bit_0349,2.7215936785708643e-05
rdk_path_bit_0931,2.7215555187112947e-05
fcfp6_bit_0902,2.7212868183663056e-05
layered_bit_0339,2.7210234742438434e-05
avalon_count_0430,2.7206219916891098e-05
fcfp6_bit_0991,2.7196891376440215e-05
rdk_path_bit_0550,2.7192422723494592e-05
layered_bit_0733,2.7185563338491735e-05
fcfp6_bit_0945,2.7183604302879733e-05
avalon_count_0799,2.717293540180524e-05
rdk_path_bit_0069,2.7163175858158663e-05
rdk_path_bit_0969,2.713519204676026e-05
maccs_bit_164,2.713102157082401e-05
layered_bit_0418,2.7106591810825014e-05
avalon_count_0448,2.7068312958482072e-05
rdk_path_bit_1017,2.7055242296697504e-05
layered_bit_0848,2.704241859369018e-05
layered_bit_0531,2.701802778650263e-05
layered_bit_0379,2.7016769331039155e-05
atom_pair_bit_0496,2.7016158053501205e-05
avalon_count_0180,2.7012642315132273e-05
rdk_path_bit_0009,2.700965096426801e-05
rdk_path_bit_0677,2.7004939386608137e-05
avalon_count_0604,2.6982216220483633e-05
avalon_count_0100,2.6977373667072893e-05
morgan_bit_0981,2.6955252005110283e-05
atom_pair_bit_0106,2.6948745855278662e-05
atom_pair_bit_0000,2.6948649859303696e-05
atom_pair_bit_0604,2.6947654646111007e-05
atom_pair_bit_0084,2.6936208601485153e-05
rdkit_fr_benzene,2.6932483080277057e-05
atom_pair_bit_0006,2.6926384273191747e-05
ecfp6_bit_0739,2.692515227189285e-05
rdk_path_bit_0573,2.6925050730426455e-05
rdk_path_bit_0192,2.691447635718836e-05
rdk_path_bit_0072,2.6911746582216137e-05
rdk_path_bit_0553,2.6906173236130054e-05
rdk_path_bit_0674,2.690578435396252e-05
maplight_morgan_0838,2.690183476435469e-05
layered_bit_0106,2.6897128995392723e-05
layered_bit_0429,2.6882544528929476e-05
layered_bit_0527,2.6872553399229294e-05
erg_118,2.6861709119235688e-05
layered_bit_0655,2.6861312764583867e-05
rdk_path_bit_0198,2.683912844172726e-05
rdk_path_bit_0178,2.683345213963063e-05
rdk_path_bit_0959,2.6827313545730076e-05
maplight_morgan_0306,2.6800729470492763e-05
topological_torsion_bit_0412,2.679386521761078e-05
rdk_path_bit_0704,2.679273691421404e-05
atom_pair_bit_0248,2.677306459248976e-05
atom_pair_bit_0060,2.676809730597029e-05
rdk_path_bit_0539,2.6762154719014902e-05
ecfp6_bit_0790,2.675830840480495e-05
rdk_path_bit_0016,2.673775962981614e-05
topological_torsion_bit_0924,2.672124687673528e-05
maplight_morgan_0563,2.6718453005939354e-05
atom_pair_bit_0537,2.6666147450865816e-05
layered_bit_0919,2.6661973791290383e-05
atom_pair_bit_0712,2.665052069990045e-05
rdk_path_bit_0957,2.6644282773235055e-05
fcfp6_bit_0773,2.661694170381356e-05
rdk_path_bit_0230,2.661118392978862e-05
rdk_path_bit_0460,2.6593449098403842e-05
atom_pair_bit_0232,2.6587939484433227e-05
layered_bit_0587,2.6555310693775065e-05
rdk_path_bit_0852,2.6545776477572334e-05
avalon_count_0848,2.654529220681403e-05
maplight_morgan_0790,2.6525186357508266e-05
atom_pair_bit_0264,2.6492742656748503e-05
avalon_count_0355,2.6492696640902767e-05
fcfp6_bit_0478,2.6485862871243693e-05
atom_pair_bit_0481,2.6468856006215612e-05
layered_bit_0182,2.646839001529814e-05
erg_049,2.645002002264041e-05
rdk_path_bit_0972,2.642798824960382e-05
avalon_count_0525,2.6396414489899047e-05
avalon_count_0980,2.638922526732617e-05
rdk_path_bit_0548,2.637055371959396e-05
rdk_path_bit_0326,2.6368298546295086e-05
rdk_path_bit_0609,2.6356578194885528e-05
atom_pair_bit_0472,2.6348222716563432e-05
rdk_path_bit_0941,2.6240830780430252e-05
rdk_path_bit_0991,2.6239744226217566e-05
rdk_path_bit_0723,2.6220909047400387e-05
avalon_count_0633,2.621305296077062e-05
rdk_path_bit_0139,2.6205835731380378e-05
atom_pair_bit_0567,2.620104555184413e-05
layered_bit_0725,2.6150134591621795e-05
morgan_bit_0189,2.6138329780711256e-05
rdk_path_bit_0932,2.6133658601957932e-05
avalon_count_0694,2.6125957108721025e-05
layered_bit_0501,2.6112110024794834e-05
atom_pair_bit_0829,2.61121037934661e-05
maccs_bit_157,2.6110530696614396e-05
ecfp6_bit_0838,2.6098761425245876e-05
atom_pair_bit_0964,2.609739146573908e-05
erg_125,2.609439067995269e-05
atom_pair_bit_0596,2.608764464012582e-05
rdk_path_bit_0226,2.6078509852266753e-05
rdk_path_bit_0513,2.6053143044467767e-05
atom_pair_bit_0565,2.6046090405904474e-05
avalon_count_0372,2.6005271673747405e-05
atom_pair_bit_0539,2.599603703454489e-05
rdk_path_bit_0085,2.5990796016988914e-05
atom_pair_bit_0516,2.596476521542215e-05
avalon_count_0017,2.5964352829618245e-05
rdk_path_bit_0820,2.595355271835181e-05
rdk_path_bit_0995,2.5945567544944814e-05
rdk_path_bit_0404,2.5944426630134115e-05
avalon_count_0068,2.594423283051255e-05
atom_pair_bit_0372,2.591581169515629e-05
atom_pair_bit_0065,2.5891142447495534e-05
fcfp6_bit_0111,2.5863923088304768e-05
fcfp6_bit_0942,2.5863322837072e-05
rdk_path_bit_0508,2.5861147254248094e-05
rdk_path_bit_0812,2.585620998526069e-05
layered_bit_0406,2.5812174810271628e-05
atom_pair_bit_0446,2.581029798019197e-05
atom_pair_bit_0308,2.579873000562182e-05
rdk_path_bit_0067,2.5794890982637195e-05
rdk_path_bit_0329,2.5788214952274653e-05
fcfp6_bit_0265,2.5775208892264163e-05
rdk_path_bit_0435,2.5771766701571298e-05
layered_bit_0433,2.5771392892501778e-05
maplight_morgan_0939,2.5769728824995293e-05
layered_bit_1023,2.576718980948637e-05
fcfp6_bit_0195,2.5760797900393625e-05
erg_140,2.5755763112898847e-05
maplight_morgan_0414,2.5736281114459282e-05
layered_bit_0577,2.5730315467016783e-05
atom_pair_bit_0085,2.5714632243181188e-05
rdk_path_bit_0591,2.5710814018266296e-05
atom_pair_bit_0768,2.5707649984337593e-05
avalon_count_0968,2.5698412735910313e-05
layered_bit_0748,2.5697065864060548e-05
rdk_path_bit_0124,2.5692393219792282e-05
fcfp6_bit_0354,2.5671487190334254e-05
topological_torsion_bit_0377,2.5669801340149325e-05
atom_pair_bit_1017,2.566478631181715e-05
rdk_path_bit_0221,2.56406075918044e-05
rdk_path_bit_0038,2.5622279611880212e-05
rdk_path_bit_0584,2.5620520834042035e-05
layered_bit_0624,2.5608004269778917e-05
rdk_path_bit_0306,2.5603407414911448e-05
rdk_path_bit_0767,2.5543376023520893e-05
rdk_path_bit_0605,2.554115119262191e-05
rdk_path_bit_0610,2.5491280532528255e-05
maplight_morgan_0852,2.548900769419452e-05
avalon_count_0286,2.548428101220041e-05
avalon_count_0290,2.5460959858933408e-05
atom_pair_bit_0553,2.5459018969647293e-05
rdk_path_bit_0454,2.5457066955907453e-05
rdk_path_bit_0390,2.5418556430249725e-05
layered_bit_0203,2.541125252663408e-05
rdk_path_bit_0718,2.541064276838243e-05
ecfp6_bit_0119,2.5401493439182763e-05
layered_bit_0093,2.5385804503345434e-05
rdk_path_bit_0611,2.5382115794244932e-05
layered_bit_0399,2.5376213502495586e-05
layered_bit_0858,2.536123361211074e-05
rdk_path_bit_0938,2.5339020248608758e-05
avalon_count_0705,2.5338938299661388e-05
layered_bit_0199,2.532364450874464e-05
rdk_path_bit_1007,2.531611647067873e-05
atom_pair_bit_0206,2.5310727279768788e-05
atom_pair_bit_0601,2.5298523338157587e-05
rdk_path_bit_0867,2.5293613692239238e-05
fcfp6_bit_0979,2.5283616239269647e-05
rdk_path_bit_0442,2.5269724091332715e-05
rdk_path_bit_0168,2.5241279358352156e-05
rdk_path_bit_0774,2.5215157253307508e-05
rdk_path_bit_0650,2.5204014909554756e-05
rdk_path_bit_0522,2.518535310107242e-05
rdk_path_bit_0136,2.5167123068953325e-05
atom_pair_bit_0820,2.515295814118015e-05
rdk_path_bit_0332,2.514785509376812e-05
rdk_path_bit_0317,2.514616170633909e-05
layered_bit_0764,2.511476790098413e-05
rdk_path_bit_0218,2.5110100859660476e-05
layered_bit_0076,2.5109259366912658e-05
avalon_count_0053,2.5105702189698044e-05
layered_bit_0857,2.5088111015226262e-05
atom_pair_bit_0605,2.5086510514362948e-05
layered_bit_0817,2.506445751282332e-05
rdk_path_bit_0101,2.504648345951247e-05
morgan_bit_0621,2.5039057491436334e-05
rdk_path_bit_0722,2.5023586837715023e-05
atom_pair_bit_0236,2.502040843081289e-05
morgan_bit_0280,2.5013539530323368e-05
topological_torsion_bit_0688,2.500942859685207e-05
avalon_count_0206,2.4947480566116032e-05
rdk_path_bit_0012,2.492719612999189e-05
layered_bit_0220,2.492491841057738e-05
rdkit_fr_imide,2.4914834862804813e-05
fcfp6_bit_0626,2.4897557601503194e-05
rdk_path_bit_0159,2.4888756906715998e-05
rdk_path_bit_0921,2.4879133011667558e-05
rdk_path_bit_0485,2.4866826752573224e-05
rdk_path_bit_0595,2.4864276761393077e-05
rdk_path_bit_0127,2.485574836037171e-05
rdk_path_bit_0431,2.4841825533100722e-05
rdk_path_bit_0940,2.4837330552481637e-05
layered_bit_0969,2.483414105970419e-05
rdk_path_bit_0818,2.4829884143634823e-05
maplight_morgan_0487,2.4801274207043365e-05
atom_pair_bit_0782,2.4789775980000463e-05
atom_pair_bit_1000,2.4786909241544567e-05
rdk_path_bit_0250,2.4785008883633305e-05
fcfp6_bit_0891,2.4748195133922425e-05
atom_pair_bit_0196,2.4740524165058228e-05
avalon_count_0371,2.4738301740506058e-05
rdk_path_bit_0489,2.4730111866765687e-05
fcfp6_bit_0046,2.4721126822143488e-05
maplight_morgan_0114,2.471795422286632e-05
rdk_path_bit_0900,2.4712683169891897e-05
atom_pair_bit_0948,2.4702327991625953e-05
rdk_path_bit_0809,2.469953288181919e-05
rdk_path_bit_0349,2.469717286507159e-05
atom_pair_bit_0644,2.4679415764004793e-05
rdk_path_bit_0790,2.466388293673268e-05
erg_050,2.46557945577663e-05
layered_bit_0831,2.4650074418247514e-05
atom_pair_bit_0718,2.4621297457866427e-05
atom_pair_bit_0304,2.4612534213187176e-05
avalon_count_0373,2.4606140763786963e-05
atom_pair_bit_0692,2.460420154728056e-05
rdk_path_bit_0506,2.4591009486074424e-05
layered_bit_0029,2.4570576946051088e-05
rdk_path_bit_0318,2.4564591666258607e-05
layered_bit_0125,2.4552954472700456e-05
avalon_count_0127,2.45459415691243e-05
atom_pair_bit_0701,2.4544010731535317e-05
fcfp6_bit_0838,2.4528550113312823e-05
atom_pair_bit_0513,2.4506581060509213e-05
rdk_path_bit_0253,2.4497459702787185e-05
rdk_path_bit_0819,2.4458073103089244e-05
layered_bit_0742,2.4441148586485504e-05
rdk_path_bit_0284,2.4440839180288718e-05
atom_pair_bit_1020,2.4420262621357627e-05
maplight_morgan_0971,2.441464259992082e-05
atom_pair_bit_0296,2.4403236841667057e-05
atom_pair_bit_0041,2.439992049550095e-05
avalon_count_0932,2.4380751269738057e-05
morgan_bit_0851,2.437779255047633e-05
atom_pair_bit_0877,2.4369827090806373e-05
avalon_count_0051,2.43663392686391e-05
avalon_count_0673,2.436137146653079e-05
atom_pair_bit_0261,2.4360695394632184e-05
rdk_path_bit_0241,2.43474978808345e-05
fcfp6_bit_0144,2.4341959962368287e-05
layered_bit_0245,2.4339229242367983e-05
rdk_path_bit_0651,2.4322523656484455e-05
avalon_count_0158,2.432217020164424e-05
rdk_path_bit_0747,2.431589793306718e-05
atom_pair_bit_0808,2.4311729364333955e-05
rdk_path_bit_0222,2.4309080622249196e-05
atom_pair_bit_0337,2.4302367395913936e-05
atom_pair_bit_0538,2.429578921698322e-05
erg_047,2.425085226911436e-05
layered_bit_0605,2.4247451369232138e-05
rdk_path_bit_0509,2.4194933197839867e-05
atom_pair_bit_0295,2.4193389946144443e-05
avalon_count_0662,2.418048810014539e-05
fcfp6_bit_0438,2.417739113566571e-05
rdk_path_bit_0472,2.4163415038180824e-05
fcfp6_bit_0211,2.414375686457683e-05
rdk_path_bit_0569,2.414256907075114e-05
atom_pair_bit_0618,2.4137470820486876e-05
avalon_count_0202,2.4117843266931218e-05
rdk_path_bit_1000,2.4114644998819257e-05
fcfp6_bit_0224,2.4092990503361872e-05
rdk_path_bit_0289,2.409291510062872e-05
atom_pair_bit_1018,2.40896529581428e-05
rdk_path_bit_0628,2.4082036711157095e-05
avalon_count_0427,2.4077424266276374e-05
layered_bit_0380,2.407085827426832e-05
atom_pair_bit_0271,2.4053996801853476e-05
rdk_path_bit_0529,2.4044826908193427e-05
layered_bit_1001,2.4044528025287684e-05
atom_pair_bit_0062,2.401305799609849e-05
rdk_path_bit_0005,2.4011142468976928e-05
maccs_bit_080,2.4004423724045752e-05
ecfp6_bit_0001,2.3996939029328086e-05
atom_pair_bit_0317,2.399402001322748e-05
rdk_path_bit_0816,2.3987533595319323e-05
layered_bit_0019,2.398716538742477e-05
rdk_path_bit_0256,2.3966278465871998e-05
rdk_path_bit_0619,2.396166546407137e-05
rdk_path_bit_0208,2.3959606604034865e-05
topological_torsion_bit_0028,2.3946993539698183e-05
layered_bit_0559,2.3945101673893302e-05
rdk_path_bit_0478,2.394404623903271e-05
morgan_bit_0695,2.3937728921244746e-05
layered_bit_0373,2.3933846554510516e-05
rdk_path_bit_1002,2.3920026124837917e-05
rdk_path_bit_0176,2.39178922164972e-05
atom_pair_bit_0746,2.3911191193509123e-05
fcfp6_bit_0521,2.38954032027382e-05
rdk_path_bit_0453,2.38921663626534e-05
rdk_path_bit_0495,2.388436919070858e-05
rdk_path_bit_0006,2.3866587104692853e-05
rdk_path_bit_0240,2.3859381452434807e-05
atom_pair_bit_0816,2.3856918407599276e-05
maccs_bit_074,2.3856623942985508e-05
atom_pair_bit_0468,2.3851574737685733e-05
rdkit_fr_nitrile,2.3841024456285898e-05
layered_bit_0092,2.3836129746711354e-05
rdk_path_bit_0903,2.3832141203480615e-05
fcfp6_bit_0590,2.383210369324302e-05
layered_bit_0342,2.383097970827063e-05
maplight_morgan_0875,2.3818173369228022e-05
atom_pair_bit_0585,2.3789874613619764e-05
rdk_path_bit_0787,2.3784194238319623e-05
atom_pair_bit_0030,2.3771450825981527e-05
avalon_count_0746,2.3763529764095896e-05
morgan_bit_0494,2.3755191276191174e-05
atom_pair_bit_0292,2.375354502899224e-05
topological_torsion_bit_0632,2.3732773978333707e-05
avalon_count_0871,2.3729811451359176e-05
rdk_path_bit_0732,2.3704669162635356e-05
avalon_count_0048,2.3662918725534595e-05
atom_pair_bit_0237,2.3662679988969837e-05
topological_torsion_bit_0996,2.3658248602935305e-05
rdk_path_bit_0935,2.3650905305561313e-05
topological_torsion_bit_0328,2.364075354692908e-05
atom_pair_bit_0597,2.3636027895170005e-05
atom_pair_bit_0612,2.363466508924487e-05
avalon_count_0006,2.3629825072960996e-05
layered_bit_0567,2.3588720707454214e-05
rdk_path_bit_0209,2.358325313998049e-05
avalon_count_0495,2.357129705097608e-05
rdk_path_bit_0117,2.356215633839432e-05
avalon_count_0925,2.3559899977746975e-05
fcfp6_bit_0904,2.354599522868801e-05
rdk_path_bit_0890,2.35381189288492e-05
layered_bit_0278,2.3530648585919753e-05
avalon_count_1002,2.352903601379991e-05
rdk_path_bit_0578,2.3528019185756278e-05
maplight_morgan_0674,2.3512239846548006e-05
avalon_count_0072,2.350791176712454e-05
atom_pair_bit_0021,2.3490675318798943e-05
atom_pair_bit_0456,2.34801950157572e-05
rdk_path_bit_0576,2.346884270636836e-05
fcfp6_bit_0724,2.3459806930277206e-05
rdk_path_bit_0355,2.3440386954182112e-05
layered_bit_0705,2.3425934995168746e-05
ecfp6_bit_0307,2.3414150302960084e-05
rdk_path_bit_0486,2.3405500592078505e-05
ecfp6_bit_0080,2.3403997026575052e-05
rdk_path_bit_0359,2.3401137214213253e-05
rdk_path_bit_0857,2.339744163864133e-05
atom_pair_bit_0156,2.339700955948658e-05
ecfp6_bit_0225,2.3396004796141146e-05
layered_bit_0311,2.3390802777107205e-05
rdk_path_bit_0922,2.3368340279459555e-05
rdk_path_bit_0839,2.336547452125853e-05
layered_bit_0326,2.336325721075175e-05
rdk_path_bit_0633,2.3361885122449922e-05
avalon_count_0135,2.335091797671887e-05
morgan_bit_0294,2.335034990924032e-05
atom_pair_bit_0645,2.3346134122341295e-05
morgan_bit_0202,2.334560643443955e-05
topological_torsion_bit_0382,2.3335006663366022e-05
rdk_path_bit_0296,2.3334561420152244e-05
layered_bit_0696,2.33331181013968e-05
layered_bit_0312,2.330607235702442e-05
topological_torsion_bit_0942,2.3283981720238435e-05
topological_torsion_bit_0461,2.3248526171213735e-05
ecfp6_bit_0254,2.324163050089261e-05
rdk_path_bit_0655,2.322910045283793e-05
rdk_path_bit_0519,2.3219771398963782e-05
rdk_path_bit_0171,2.3213790660295285e-05
fcfp6_bit_1011,2.321337057778456e-05
atom_pair_bit_0137,2.319482213945575e-05
rdk_path_bit_0418,2.3173421171617015e-05
avalon_count_0152,2.314816762093097e-05
avalon_count_0039,2.3144802690582114e-05
avalon_count_0510,2.3129395247176132e-05
rdk_path_bit_0138,2.3117568576557315e-05
morgan_bit_0080,2.3113008211292093e-05
avalon_count_0007,2.3102744086789048e-05
avalon_count_0890,2.310173131089354e-05
ecfp6_bit_0901,2.3094967932084052e-05
layered_bit_0554,2.3089077784451147e-05
rdk_path_bit_0653,2.3089056898387276e-05
morgan_bit_0473,2.3088865951263976e-05
fcfp6_bit_0201,2.3085746288725543e-05
maccs_bit_149,2.3058006618763448e-05
rdk_path_bit_0949,2.305661944852023e-05
rdk_path_bit_0313,2.3056344916576594e-05
layered_bit_0233,2.3049080903766097e-05
rdk_path_bit_0755,2.3039629054928316e-05
morgan_bit_0289,2.3034133905868358e-05
erg_117,2.302974907918213e-05
rdk_path_bit_0452,2.302347271540313e-05
rdk_path_bit_0078,2.302321022688089e-05
layered_bit_0217,2.3021842262613928e-05
rdk_path_bit_0217,2.301661751269269e-05
atom_pair_bit_0776,2.301617875677411e-05
erg_162,2.301477477794037e-05
avalon_count_0308,2.3007546904434607e-05
erg_254,2.3003462354597838e-05
rdk_path_bit_0882,2.299675350547698e-05
avalon_count_0981,2.299558083338025e-05
avalon_count_0412,2.2993029571761044e-05
atom_pair_bit_0046,2.298560926323551e-05
topological_torsion_bit_0652,2.2983857591946523e-05
layered_bit_0328,2.2980001557848228e-05
avalon_count_0691,2.2977045015952863e-05
atom_pair_bit_0108,2.297444883829817e-05
topological_torsion_bit_0348,2.2970823505231965e-05
rdk_path_bit_0297,2.2968221202109368e-05
fcfp6_bit_0824,2.2963858204667237e-05
ecfp6_bit_0696,2.2962100505733467e-05
rdk_path_bit_0467,2.293785838575248e-05
rdk_path_bit_0364,2.2921494543467876e-05
atom_pair_bit_1021,2.2913942795412336e-05
fcfp6_bit_0059,2.28965824955846e-05
atom_pair_bit_0001,2.2893246871433295e-05
atom_pair_bit_0460,2.289251238518335e-05
rdk_path_bit_0417,2.2881821933343408e-05
rdk_path_bit_0018,2.2880784736175344e-05
erg_310,2.2874007545189952e-05
rdk_path_bit_0115,2.2871540851053913e-05
rdk_path_bit_0641,2.287148046612467e-05
atom_pair_bit_0719,2.2870234452311047e-05
avalon_count_0537,2.2867541993526038e-05
atom_pair_bit_0503,2.2862369829841257e-05
layered_bit_0863,2.2854222541049053e-05
erg_211,2.2822041907719275e-05
rdk_path_bit_0065,2.2821252785729724e-05
rdk_path_bit_0450,2.281957274795323e-05
rdk_path_bit_0898,2.281867011125248e-05
maccs_bit_088,2.2803427182591873e-05
rdk_path_bit_0532,2.2794462875409035e-05
ecfp6_bit_0551,2.2781201704975236e-05
atom_pair_bit_0080,2.2758944040794547e-05
layered_bit_0395,2.2758047239752266e-05
fcfp6_bit_0390,2.2746066131346488e-05
atom_pair_bit_0378,2.2744017288684215e-05
avalon_count_0882,2.274209261548949e-05
layered_bit_0692,2.274196690247369e-05
maplight_morgan_0189,2.273152128940411e-05
atom_pair_bit_0708,2.2704069085632192e-05
avalon_count_0512,2.269015801666234e-05
rdk_path_bit_0784,2.2684073298878464e-05
rdk_path_bit_1011,2.266737074669177e-05
rdk_path_bit_0475,2.2662556598282463e-05
ecfp6_bit_0192,2.2660551619714045e-05
rdk_path_bit_0612,2.265536899017293e-05
rdk_path_bit_0947,2.2648241529113984e-05
rdk_path_bit_0399,2.2626059284459388e-05
rdk_path_bit_0499,2.2621396309517913e-05
rdk_path_bit_0013,2.258676139114242e-05
avalon_count_0364,2.2561933457004987e-05
rdk_path_bit_0999,2.2549917686228224e-05
atom_pair_bit_0949,2.2547345312397897e-05
rdk_path_bit_0743,2.2544028138217257e-05
rdk_path_bit_0661,2.2536445606078216e-05
fcfp6_bit_0033,2.2520901893025843e-05
layered_bit_0059,2.251524579074342e-05
rdk_path_bit_1012,2.2510023408546053e-05
atom_pair_bit_0732,2.2507312408985166e-05
rdk_path_bit_0207,2.250700941422289e-05
rdk_path_bit_0660,2.2502498851500834e-05
layered_bit_0172,2.2487986686311234e-05
rdk_path_bit_0245,2.2479626513968254e-05
atom_pair_bit_0636,2.2470425065935985e-05
rdk_path_bit_0301,2.246165505535749e-05
layered_bit_0810,2.245089838041702e-05
layered_bit_0283,2.2442207391054447e-05
rdk_path_bit_0352,2.243070855195532e-05
rdk_path_bit_0511,2.2421496122547e-05
fcfp6_bit_0061,2.2397121952787976e-05
fcfp6_bit_0615,2.2381969834013162e-05
rdk_path_bit_0654,2.2371629391380278e-05
layered_bit_0212,2.2365953496872526e-05
rdk_path_bit_0683,2.236522989776826e-05
layered_bit_0728,2.2341832645212254e-05
maplight_morgan_0345,2.2335781880259934e-05
rdk_path_bit_0780,2.2334359508219757e-05
rdk_path_bit_0966,2.2333773244776007e-05
avalon_count_0738,2.2327171335364243e-05
rdk_path_bit_0533,2.23159435003965e-05
layered_bit_0729,2.2311239731296053e-05
rdk_path_bit_0424,2.2310060520271352e-05
rdk_path_bit_0421,2.2307716971650393e-05
morgan_bit_0240,2.2307310953025317e-05
morgan_bit_0389,2.2292994839802317e-05
rdk_path_bit_0856,2.228016220435848e-05
rdk_path_bit_0244,2.2257600143227703e-05
avalon_count_0063,2.225397620307565e-05
topological_torsion_bit_0378,2.2251626197112414e-05
atom_pair_bit_0328,2.2250046578396964e-05
rdk_path_bit_0964,2.225000874214967e-05
rdk_path_bit_0204,2.2249459866844667e-05
atom_pair_bit_0055,2.2242050787528037e-05
rdk_path_bit_0260,2.2233774841445683e-05
rdk_path_bit_0556,2.223322360135082e-05
rdk_path_bit_0271,2.2224535046778045e-05
ecfp6_bit_0219,2.22143709755909e-05
avalon_count_0435,2.2213088278076546e-05
rdk_path_bit_0291,2.2203729079500762e-05
rdk_path_bit_0206,2.2193636955856195e-05
layered_bit_0444,2.2190326958146947e-05
avalon_count_0651,2.218243305350721e-05
rdk_path_bit_0471,2.2182430522101244e-05
avalon_count_0005,2.218240801767923e-05
maccs_bit_029,2.215902177953704e-05
maplight_morgan_0280,2.2154856333819672e-05
layered_bit_0758,2.2144805431879666e-05
rdk_path_bit_0434,2.2141486303089408e-05
avalon_count_0500,2.2141146318747463e-05
rdk_path_bit_1020,2.2128848634757057e-05
rdk_path_bit_0484,2.2128417896448558e-05
ecfp6_bit_0473,2.2106500872988594e-05
rdk_path_bit_0449,2.2094275490017967e-05
layered_bit_0415,2.209301922160995e-05
layered_bit_0288,2.2089271016426547e-05
topological_torsion_bit_0456,2.2087302286549494e-05
atom_pair_bit_0572,2.2080829524830155e-05
atom_pair_bit_0018,2.2067261418957262e-05
atom_pair_bit_0617,2.2057543661309414e-05
ecfp6_bit_0689,2.205113255595988e-05
atom_pair_bit_0061,2.2040086338681737e-05
layered_bit_0548,2.2036095441098117e-05
avalon_count_0220,2.2035136891401723e-05
ecfp6_bit_0842,2.2026379223005424e-05
rdk_path_bit_0027,2.2021113660151577e-05
avalon_count_0579,2.200196180504896e-05
avalon_count_0201,2.1998037071202128e-05
maccs_bit_123,2.199765183895384e-05
morgan_bit_0390,2.1988969070628776e-05
rdk_path_bit_0570,2.197137800965311e-05
atom_pair_bit_0356,2.195782531948572e-05
layered_bit_0990,2.195210605238871e-05
rdk_path_bit_1009,2.1936074964187145e-05
rdk_path_bit_0275,2.191930342039847e-05
rdk_path_bit_0190,2.1917580296449724e-05
rdk_path_bit_0912,2.190484205530655e-05
layered_bit_0266,2.1897046196474276e-05
atom_pair_bit_0500,2.1890575792063936e-05
erg_261,2.1888519228604764e-05
rdk_path_bit_0596,2.188107241350741e-05
maccs_bit_129,2.1878657829158272e-05
rdk_path_bit_0047,2.187096658565564e-05
rdk_path_bit_0726,2.186600606676351e-05
maplight_morgan_0145,2.1860195133404322e-05
layered_bit_0806,2.1827407531989837e-05
rdk_path_bit_0498,2.1801671611467314e-05
rdk_path_bit_0151,2.1799545295555033e-05
rdk_path_bit_0587,2.17822350629331e-05
rdk_path_bit_0807,2.1778739153836774e-05
rdk_path_bit_0228,2.1768615615610195e-05
morgan_bit_0319,2.1767247513764533e-05
rdk_path_bit_0853,2.1735067534999458e-05
rdk_path_bit_0368,2.1731594703934856e-05
topological_torsion_bit_0384,2.172978523695446e-05
atom_pair_bit_0509,2.1729272828007997e-05
rdk_path_bit_0631,2.1727538909374036e-05
atom_pair_bit_0141,2.1711620338856556e-05
rdk_path_bit_0064,2.171039478805503e-05
layered_bit_0279,2.170420539005106e-05
atom_pair_bit_0369,2.1701345328178218e-05
layered_bit_0936,2.1690925624457542e-05
rdk_path_bit_0984,2.1685714989944742e-05
rdk_path_bit_0010,2.166902344858316e-05
layered_bit_0971,2.1668958523037875e-05
avalon_count_0845,2.165977762455466e-05
rdk_path_bit_0285,2.1639499149058767e-05
avalon_count_0115,2.1626059969688133e-05
atom_pair_bit_0996,2.161774322538055e-05
rdk_path_bit_0656,2.161439815923295e-05
atom_pair_bit_0609,2.161057650701959e-05
rdk_path_bit_0629,2.1606553933505628e-05
layered_bit_0419,2.1594850304495604e-05
rdk_path_bit_0649,2.1593134994326008e-05
fcfp6_bit_0128,2.159065595709943e-05
topological_torsion_bit_0957,2.1589661920742365e-05
atom_pair_bit_0724,2.1586312475713957e-05
maccs_bit_069,2.1583856362638882e-05
rdk_path_bit_0082,2.157263847358224e-05
fcfp6_bit_0395,2.1569968541982553e-05
atom_pair_bit_0556,2.1568966430152543e-05
rdk_path_bit_0446,2.1559825829994593e-05
rdk_path_bit_0811,2.1547136440864214e-05
rdk_path_bit_0238,2.1546994065276237e-05
topological_torsion_bit_0989,2.153276227887159e-05
layered_bit_0691,2.1512646986749508e-05
layered_bit_0986,2.1508099375063135e-05
rdk_path_bit_0979,2.150479438147425e-05
atom_pair_bit_0993,2.15020747414009e-05
ecfp6_bit_0879,2.1491802122430934e-05
atom_pair_bit_0700,2.148812043701287e-05
rdk_path_bit_0396,2.148138052847839e-05
rdk_path_bit_0636,2.1480564097783778e-05
avalon_count_0041,2.147737575163362e-05
rdk_path_bit_0705,2.147638172198894e-05
atom_pair_bit_0052,2.1472572829907583e-05
layered_bit_0594,2.1468716341159423e-05
rdk_path_bit_0708,2.1468691226820067e-05
layered_bit_0187,2.1450254527066388e-05
rdk_path_bit_0894,2.1450107767785564e-05
atom_pair_bit_0560,2.144767533260649e-05
rdk_path_bit_0019,2.1440769752880656e-05
rdk_path_bit_0862,2.1439653533187547e-05
rdk_path_bit_0319,2.1427042196665893e-05
layered_bit_0877,2.1423161102921935e-05
topological_torsion_bit_0282,2.1408033514832513e-05
atom_pair_bit_0441,2.1402785724680105e-05
morgan_bit_0790,2.139693501895119e-05
avalon_count_0401,2.139121794092913e-05
atom_pair_bit_0074,2.1390403228493506e-05
rdk_path_bit_1014,2.1385139152060974e-05
rdk_path_bit_0070,2.138131475225398e-05
rdk_path_bit_0423,2.1376562682121596e-05
rdk_path_bit_0000,2.1320257678985086e-05
maplight_morgan_0765,2.1309390145050725e-05
layered_bit_0840,2.1294654060791953e-05
avalon_count_0029,2.1290378385868317e-05
rdk_path_bit_0834,2.1259369690986704e-05
rdk_path_bit_0255,2.1228491142725686e-05
rdk_path_bit_0174,2.1227454089533297e-05
rdk_path_bit_0616,2.1227361120004602e-05
rdk_path_bit_0325,2.1198121151453347e-05
layered_bit_0837,2.1196233065118554e-05
rdk_path_bit_0870,2.119520916191432e-05
ecfp6_bit_0939,2.1179894183993978e-05
maccs_bit_103,2.116205443236621e-05
topological_torsion_bit_0740,2.116136812982454e-05
layered_bit_0159,2.116014440560138e-05
rdk_path_bit_0603,2.1147983877070994e-05
layered_bit_0952,2.1147319787895938e-05
layered_bit_0941,2.114366627379217e-05
avalon_count_0681,2.1142815556187157e-05
fcfp6_bit_0817,2.1130153645227057e-05
erg_113,2.1128527066197824e-05
layered_bit_0509,2.1127442904389738e-05
layered_bit_0240,2.112171871971866e-05
ecfp6_bit_0503,2.1119660865194327e-05
morgan_bit_0887,2.111917975917759e-05
atom_pair_bit_0049,2.1114214519826583e-05
atom_pair_bit_0168,2.109958259693626e-05
rdk_path_bit_0402,2.1087174081546836e-05
rdk_path_bit_0503,2.1084786441200116e-05
rdk_path_bit_0923,2.107135110145665e-05
ecfp6_bit_0033,2.107132811904686e-05
rdk_path_bit_0314,2.106587294839958e-05
rdk_path_bit_0235,2.106469453034096e-05
layered_bit_0007,2.105579550775844e-05
layered_bit_0717,2.1051088805636126e-05
morgan_bit_0785,2.1050577738391426e-05
atom_pair_bit_0148,2.1032002240188613e-05
topological_torsion_bit_0509,2.103131742723218e-05
rdk_path_bit_0025,2.1029941325851537e-05
atom_pair_bit_0960,2.10297137176764e-05
rdk_path_bit_0265,2.1029647515094604e-05
atom_pair_bit_0589,2.102224824075346e-05
rdk_path_bit_0724,2.1019269785478205e-05
rdk_path_bit_0793,2.101418672936696e-05
maccs_bit_112,2.100372915384988e-05
atom_pair_bit_0102,2.099158191186656e-05
rdk_path_bit_0063,2.0972898267229264e-05
layered_bit_0230,2.0960960454754563e-05
avalon_count_0729,2.0960830694902086e-05
avalon_count_0215,2.0946886904767773e-05
rdk_path_bit_0794,2.0944843123811234e-05
layered_bit_0308,2.0930716442581088e-05
avalon_count_0250,2.091428475693398e-05
rdk_path_bit_0757,2.0912641168234973e-05
morgan_bit_0119,2.0909705849507054e-05
topological_torsion_bit_0705,2.0907436253427915e-05
layered_bit_0663,2.0905861108346684e-05
rdk_path_bit_0283,2.0904014559824654e-05
ecfp6_bit_0775,2.0902825535955843e-05
ecfp6_bit_0591,2.0891569687502942e-05
avalon_count_0485,2.0891284725463564e-05
atom_pair_bit_0714,2.0879217344562555e-05
rdk_path_bit_0560,2.0876463688992057e-05
maccs_bit_145,2.0873852362920074e-05
rdk_path_bit_0961,2.0868965601070894e-05
ecfp6_bit_0695,2.0865138338791415e-05
atom_pair_bit_0309,2.0861501937280635e-05
layered_bit_0164,2.0858848260557254e-05
rdk_path_bit_0696,2.085586936442732e-05
layered_bit_0571,2.0853199050913097e-05
rdk_path_bit_0323,2.0843394329007683e-05
layered_bit_0507,2.0834407139502817e-05
atom_pair_bit_0122,2.0823477602981293e-05
rdk_path_bit_0383,2.0817027946582915e-05
layered_bit_0226,2.0815922340901995e-05
avalon_count_0641,2.081130581499538e-05
rdk_path_bit_0864,2.0807595621081698e-05
rdk_path_bit_0667,2.0795420584950557e-05
layered_bit_0453,2.0790990029099875e-05
avalon_count_0846,2.0770964106975785e-05
rdk_path_bit_0400,2.0770432314327162e-05
avalon_count_0155,2.0763074505355537e-05
rdk_path_bit_0163,2.0757740995209675e-05
atom_pair_bit_1001,2.075500702909916e-05
rdk_path_bit_0574,2.075339975760973e-05
atom_pair_bit_0420,2.075296094773267e-05
rdk_path_bit_0639,2.074539917919267e-05
avalon_count_0786,2.0732072127425994e-05
layered_bit_0408,2.0731506047603586e-05
topological_torsion_bit_0000,2.07290076354809e-05
topological_torsion_bit_0005,2.0719086332994003e-05
rdk_path_bit_0165,2.0705085138475506e-05
rdk_path_bit_0414,2.0698864857838137e-05
layered_bit_0716,2.069605859978959e-05
fcfp6_bit_0254,2.0693371711653594e-05
rdk_path_bit_0126,2.0682118515815105e-05
layered_bit_0321,2.067449404355192e-05
atom_pair_bit_0036,2.0673501384324206e-05
morgan_bit_0358,2.0665811804423275e-05
rdk_path_bit_0779,2.065303525059098e-05
rdk_path_bit_0254,2.0644269633594695e-05
atom_pair_bit_0457,2.0640790536879206e-05
ecfp6_bit_0128,2.0632139938525623e-05
layered_bit_0682,2.062363962061834e-05
morgan_bit_0424,2.061657356280129e-05
maccs_bit_114,2.0611777134417473e-05
layered_bit_0267,2.0609875963412224e-05
rdk_path_bit_0427,2.058822296849848e-05
rdk_path_bit_0840,2.0584521059204774e-05
maplight_morgan_0946,2.05793613899582e-05
atom_pair_bit_0416,2.057927876698252e-05
avalon_count_0383,2.0574294980846512e-05
layered_bit_0583,2.0572653875257317e-05
ecfp6_bit_0465,2.0572158948684458e-05
layered_bit_0535,2.054757417452606e-05
layered_bit_0775,2.0542958866042404e-05
rdk_path_bit_1018,2.054193096917429e-05
maplight_morgan_0718,2.05270180301039e-05
atom_pair_bit_0890,2.0520066776487985e-05
layered_bit_0543,2.0509876492856484e-05
layered_bit_0988,2.050420262601463e-05
layered_bit_0933,2.0497429424883165e-05
avalon_count_0605,2.0496486241718193e-05
layered_bit_0028,2.0494942938702747e-05
morgan_bit_0862,2.047300395917559e-05
fcfp6_bit_0750,2.0472876243503662e-05
rdk_path_bit_0144,2.0470202550350098e-05
layered_bit_0790,2.0459239443973545e-05
morgan_bit_0630,2.045485044474929e-05
atom_pair_bit_1016,2.0453532326112636e-05
atom_pair_bit_0665,2.0444837456452217e-05
layered_bit_0886,2.044338540409355e-05
rdk_path_bit_0102,2.042955017380641e-05
rdk_path_bit_0293,2.0424470694087432e-05
ecfp6_bit_0931,2.04153161002029e-05
atom_pair_bit_0370,2.0404567591776435e-05
layered_bit_0927,2.0396372779221953e-05
layered_bit_0506,2.0393729760794345e-05
rdk_path_bit_0385,2.0375448103175992e-05
erg_006,2.0373037278817348e-05
rdk_path_bit_0592,2.037027930197882e-05
rdk_path_bit_0147,2.0364302362095417e-05
maplight_morgan_0283,2.0360533115492132e-05
layered_bit_0713,2.0348503510456557e-05
rdk_path_bit_0469,2.0337219364514694e-05
rdk_path_bit_0627,2.0335490231400485e-05
topological_torsion_bit_0760,2.0327434926268032e-05
atom_pair_bit_0070,2.0322799514914827e-05
avalon_count_0954,2.0316917281745498e-05
rdk_path_bit_0725,2.03122978412834e-05
rdk_path_bit_0965,2.0311581235230125e-05
maplight_morgan_0769,2.0277679673747428e-05
topological_torsion_bit_0648,2.0273426225180876e-05
rdk_path_bit_0989,2.026495893922472e-05
rdk_path_bit_0992,2.0262073485518492e-05
maplight_morgan_0395,2.0237784323251734e-05
rdk_path_bit_0438,2.0233417078588603e-05
layered_bit_0142,2.0229170904519316e-05
rdk_path_bit_0269,2.0228989807638138e-05
rdk_path_bit_0327,2.0222377669765298e-05
rdk_path_bit_0054,2.0221740229926415e-05
rdk_path_bit_0663,2.0218041425390504e-05
layered_bit_0518,2.0217364215674394e-05
layered_bit_0879,2.0217044986607656e-05
maplight_morgan_0729,2.021082272611276e-05
layered_bit_0768,2.0204736333160645e-05
rdk_path_bit_0534,2.0198335083444538e-05
maccs_bit_090,2.019618487264302e-05
rdk_path_bit_0409,2.0191697486696065e-05
ecfp6_bit_0617,2.018971379758255e-05
layered_bit_0386,2.0186081906459282e-05
ecfp6_bit_0694,2.017305583718371e-05
erg_081,2.0166158233100877e-05
atom_pair_bit_0984,2.0144132140892418e-05
layered_bit_0174,2.014325020686335e-05
atom_pair_bit_0473,2.0137966341833315e-05
morgan_bit_0894,2.0128358467958738e-05
erg_126,2.0115450744416458e-05
layered_bit_0947,2.0097241987356227e-05
rdkit_fr_Al_OH,2.0093303259064645e-05
maccs_bit_108,2.0088720283008782e-05
erg_308,2.0088260102911816e-05
atom_pair_bit_0748,2.008206361835665e-05
rdk_path_bit_0292,2.0064920826201788e-05
rdk_path_bit_0335,2.0060407300201495e-05
layered_bit_0678,2.0058238804971376e-05
rdk_path_bit_0214,2.0053159900562086e-05
rdk_path_bit_0339,2.0043644674572068e-05
maplight_morgan_0118,2.0039217428443382e-05
atom_pair_bit_0008,2.0038330559654644e-05
topological_torsion_bit_0027,2.002002675803821e-05
rdk_path_bit_0416,2.001952652997201e-05
rdk_path_bit_0572,2.0016262187699123e-05
avalon_count_0387,2.0012308575286573e-05
layered_bit_0067,2.001165302185658e-05
rdk_path_bit_0886,2.00090537599863e-05
maplight_morgan_0967,2.0006877201190085e-05
avalon_count_0381,2.0005917503862523e-05
rdk_path_bit_0346,2.0003900312581104e-05
atom_pair_bit_0152,1.999036969573652e-05
layered_bit_0297,1.9984363968867378e-05
rdk_path_bit_0261,1.9981273912173478e-05
atom_pair_bit_0314,1.9973364342209407e-05
topological_torsion_bit_0690,1.9972214867478947e-05
avalon_count_0709,1.995543067398661e-05
maccs_bit_015,1.9954539518176028e-05
rdk_path_bit_0028,1.995352826878607e-05
atom_pair_bit_0007,1.9944342234021125e-05
ecfp6_bit_0894,1.9942354728403196e-05
rdk_path_bit_0904,1.9936939818480492e-05
avalon_count_0979,1.9931251304899287e-05
layered_bit_0779,1.9929744210797976e-05
ecfp6_bit_0937,1.9924731145824512e-05
atom_pair_bit_0321,1.9923706228072637e-05
avalon_count_0237,1.9923516978926003e-05
layered_bit_0225,1.9913349743950934e-05
ecfp6_bit_0414,1.991198458505662e-05
atom_pair_bit_0424,1.99041753155625e-05
rdkit_fr_quatN,1.9890989252852257e-05
rdk_path_bit_0090,1.9887684843267034e-05
rdk_path_bit_0510,1.987598775794196e-05
ecfp6_bit_0112,1.987235539424692e-05
rdk_path_bit_0523,1.9872324703482837e-05
atom_pair_bit_0194,1.986711389025725e-05
rdkit_fr_NH1,1.986659181926042e-05
rdk_path_bit_0130,1.9850543827083865e-05
avalon_count_0664,1.98498295219748e-05
rdk_path_bit_0281,1.9849029355874637e-05
rdk_path_bit_1003,1.984315224874377e-05
atom_pair_bit_0412,1.983763497890435e-05
layered_bit_0930,1.9825916849979656e-05
atom_pair_bit_0200,1.9804065044797855e-05
rdk_path_bit_0191,1.980197807641086e-05
rdk_path_bit_0229,1.97871081275152e-05
rdk_path_bit_0815,1.9781763916552468e-05
avalon_count_0042,1.9779812085520322e-05
rdk_path_bit_0468,1.9777740070219714e-05
rdk_path_bit_0184,1.977593138211227e-05
morgan_bit_0383,1.9774072882472227e-05
fcfp6_bit_0764,1.9769727467306778e-05
atom_pair_bit_0753,1.976574816794664e-05
rdk_path_bit_0264,1.9757847246095066e-05
rdk_path_bit_0048,1.9756865220368057e-05
rdkit_fr_ether,1.975531019869707e-05
rdk_path_bit_0518,1.974765250573922e-05
rdk_path_bit_0231,1.973243235352271e-05
rdk_path_bit_0604,1.972143845274024e-05
rdk_path_bit_0160,1.9702938329519396e-05
ecfp6_bit_0139,1.970188824366397e-05
rdk_path_bit_0688,1.9692023315964333e-05
rdk_path_bit_0425,1.9685841723854956e-05
avalon_count_0821,1.9680498629612956e-05
maccs_bit_072,1.967876756697409e-05
atom_pair_bit_0581,1.967763630300061e-05
atom_pair_bit_0448,1.9671628986652315e-05
layered_bit_0471,1.9668205916379815e-05
erg_145,1.9667190440195463e-05
avalon_count_0739,1.9654589762439163e-05
atom_pair_bit_0821,1.964550356931246e-05
layered_bit_0511,1.9644475706604154e-05
layered_bit_0210,1.9635497720440157e-05
maplight_morgan_0441,1.9634830675931085e-05
rdk_path_bit_0023,1.9629857752017313e-05
rdk_path_bit_0955,1.9617856565609653e-05
rdk_path_bit_0066,1.961714595731927e-05
atom_pair_bit_0566,1.960890274758173e-05
morgan_bit_0045,1.958597733345058e-05
layered_bit_0148,1.9581786774399728e-05
rdk_path_bit_0635,1.957782785282443e-05
ecfp6_bit_0276,1.9552244247476253e-05
fcfp6_bit_0442,1.9546334300297336e-05
maplight_morgan_0898,1.954083835013785e-05
rdk_path_bit_0871,1.953889516560367e-05
rdk_path_bit_0373,1.9537702388637856e-05
atom_pair_bit_0452,1.9517282309544373e-05
avalon_count_0264,1.9515768437467712e-05
rdk_path_bit_0583,1.9513920843471913e-05
ecfp6_bit_0845,1.9509469170220915e-05
layered_bit_0151,1.95005026966864e-05
rdk_path_bit_0008,1.9489888959415996e-05
rdk_path_bit_0776,1.9479666835360843e-05
rdk_path_bit_0017,1.9474257074949842e-05
atom_pair_bit_0444,1.9460394577557463e-05
rdk_path_bit_0954,1.9458476813520154e-05
layered_bit_0262,1.945530797581484e-05
rdk_path_bit_0095,1.945522148634815e-05
rdk_path_bit_0035,1.9452018403107725e-05
layered_bit_0387,1.9442546801392252e-05
atom_pair_bit_0783,1.943409452517746e-05
rdk_path_bit_0822,1.9427528025213518e-05
rdk_path_bit_0384,1.9423718974165736e-05
atom_pair_bit_0806,1.9423622308534612e-05
morgan_bit_0493,1.9415957155549633e-05
ecfp6_bit_0363,1.9407714808893038e-05
atom_pair_bit_0268,1.9384842814557934e-05
atom_pair_bit_0445,1.937800268591537e-05
rdk_path_bit_0710,1.9373077968840306e-05
rdk_path_bit_0037,1.937100269632425e-05
maccs_bit_141,1.936580285389465e-05
rdk_path_bit_0331,1.9356445107818932e-05
morgan_bit_0001,1.9343750857446793e-05
layered_bit_0991,1.9339300131621727e-05
atom_pair_bit_0377,1.9321681095523293e-05
atom_pair_bit_0853,1.932106205607453e-05
rdk_path_bit_0953,1.930571297625497e-05
rdk_path_bit_0334,1.9298366263812614e-05
rdk_path_bit_0721,1.928495639518611e-05
maccs_bit_127,1.928019837905129e-05
morgan_bit_0696,1.9276011469822443e-05
layered_bit_0350,1.9272036489393875e-05
rdk_path_bit_0188,1.9268390879173056e-05
rdk_path_bit_0219,1.9263171489576498e-05
rdk_path_bit_0316,1.925865114822555e-05
layered_bit_0526,1.9255236233581607e-05
rdk_path_bit_0717,1.9247513878568486e-05
atom_pair_bit_0725,1.9238400557032117e-05
rdk_path_bit_0309,1.923324045578411e-05
layered_bit_0673,1.922424723277276e-05
rdk_path_bit_0369,1.920879742664153e-05
topological_torsion_bit_0844,1.920635809683381e-05
fcfp6_bit_0019,1.9205174222855032e-05
rdk_path_bit_0741,1.9199557058207847e-05
ecfp6_bit_0147,1.9196123792631853e-05
ecfp6_bit_0295,1.9190445875735877e-05
rdk_path_bit_0754,1.9188468508874142e-05
rdk_path_bit_0752,1.9186605560782e-05
rdk_path_bit_0801,1.917823422794865e-05
ecfp6_bit_0508,1.9172571417349407e-05
rdk_path_bit_0345,1.9161099160141766e-05
layered_bit_0294,1.91604723373308e-05
atom_pair_bit_0009,1.9159220449142255e-05
maplight_morgan_0621,1.914633266409563e-05
layered_bit_0027,1.9138121248870074e-05
rdk_path_bit_0083,1.9134851768264993e-05
avalon_count_0811,1.913482145572632e-05
rdk_path_bit_0365,1.912534382599525e-05
rdk_path_bit_0149,1.9123005287911544e-05
ecfp6_bit_0951,1.9117534417848594e-05
layered_bit_0378,1.910177684937877e-05
rdk_path_bit_0826,1.909985617228608e-05
layered_bit_0859,1.9089788058450344e-05
atom_pair_bit_0668,1.9089060008412356e-05
avalon_count_0223,1.9084673147345623e-05
rdk_path_bit_0360,1.907831599980245e-05
rdk_path_bit_0474,1.906906539855953e-05
rdk_path_bit_0391,1.906879045887177e-05
atom_pair_bit_0488,1.906686694478876e-05
layered_bit_0358,1.906360259449133e-05
ecfp6_bit_0397,1.9062851466865237e-05
rdk_path_bit_0476,1.9047893317569252e-05
avalon_count_0111,1.904110656489987e-05
avalon_count_0278,1.9037372065187065e-05
rdk_path_bit_0528,1.9036520475792323e-05
layered_bit_1022,1.903619346682911e-05
avalon_count_0449,1.9035748897226984e-05
rdk_path_bit_0403,1.902443929094916e-05
rdk_path_bit_0298,1.9019579117642562e-05
rdk_path_bit_1016,1.901947428807999e-05
avalon_count_1011,1.901894781423955e-05
layered_bit_0101,1.9017737432569826e-05
avalon_count_0983,1.9013016558301848e-05
rdk_path_bit_0993,1.8990369379871558e-05
rdk_path_bit_0196,1.8985786731970984e-05
morgan_bit_0715,1.896588526211947e-05
atom_pair_bit_0005,1.8947910298643664e-05
maplight_morgan_0605,1.8946872405518595e-05
erg_062,1.893156845019888e-05
rdk_path_bit_0049,1.8900922498122533e-05
rdk_path_bit_0052,1.889699119446683e-05
rdk_path_bit_0775,1.8892620186886162e-05
rdk_path_bit_0186,1.8891592021553657e-05
rdk_path_bit_0971,1.8891451482741135e-05
rdk_path_bit_0878,1.8888668769227242e-05
layered_bit_0304,1.8886710446886903e-05
maplight_morgan_0350,1.8881562451968647e-05
avalon_count_0561,1.886737658041637e-05
rdk_path_bit_0125,1.8846772523501656e-05
rdk_path_bit_0976,1.8844984654240872e-05
layered_bit_1015,1.8842489875297798e-05
atom_pair_bit_0688,1.884098311236056e-05
atom_pair_bit_0212,1.884085917138686e-05
atom_pair_bit_0766,1.8836748701584664e-05
avalon_count_0576,1.88363086484123e-05
layered_bit_0996,1.8831591243702593e-05
atom_pair_bit_0072,1.883072572735376e-05
rdk_path_bit_0248,1.882874064158199e-05
atom_pair_bit_0809,1.8823646164450867e-05
rdkit_SlogP_VSA11,1.882323481215909e-05
rdk_path_bit_0613,1.88011156081833e-05
rdk_path_bit_0407,1.8796790595442056e-05
layered_bit_0357,1.879351249232175e-05
atom_pair_bit_0830,1.8784179294736103e-05
layered_bit_0899,1.8771147622014643e-05
rdk_path_bit_0908,1.8765158377940368e-05
rdk_path_bit_0304,1.87588691491086e-05
layered_bit_0628,1.8741134810977982e-05
erg_086,1.87373854706576e-05
atom_pair_bit_0110,1.8735919687087072e-05
maplight_morgan_0881,1.8728512602441577e-05
rdk_path_bit_0930,1.8723781750812423e-05
rdk_path_bit_0720,1.8721257984361378e-05
morgan_bit_0285,1.871176096925062e-05
layered_bit_0862,1.8710403219930297e-05
rdk_path_bit_0239,1.8707246589782145e-05
rdk_path_bit_0232,1.8697033078081765e-05
rdk_path_bit_0702,1.8684443998191033e-05
ecfp6_bit_0851,1.868203438134857e-05
layered_bit_0063,1.8657047248244665e-05
layered_bit_0293,1.8649244413211574e-05
atom_pair_bit_0492,1.8648822411350394e-05
rdk_path_bit_0210,1.8645121941762703e-05
avalon_count_0711,1.8632659877036023e-05
rdk_path_bit_0371,1.8620423458401863e-05
ecfp6_bit_0336,1.8616300377094708e-05
layered_bit_0146,1.86159944225898e-05
atom_pair_bit_0114,1.8614176479936772e-05
rdk_path_bit_0515,1.861125232642562e-05
atom_pair_bit_0676,1.8601912367999846e-05
rdk_path_bit_0668,1.859797766072836e-05
fcfp6_bit_0999,1.8591012905973567e-05
maccs_bit_146,1.8585909072770602e-05
layered_bit_0445,1.8580777563613935e-05
rdk_path_bit_0088,1.8565112224659656e-05
atom_pair_bit_0545,1.8559684559844557e-05
morgan_bit_0414,1.8553915038420716e-05
atom_pair_bit_0508,1.853736939413572e-05
atom_pair_bit_0116,1.853719164375738e-05
atom_pair_bit_0824,1.8525692621105712e-05
morgan_bit_0051,1.851832892990335e-05
rdk_path_bit_0788,1.8495656798942058e-05
erg_103,1.8488022206922404e-05
rdk_path_bit_0473,1.84806144128022e-05
topological_torsion_bit_0640,1.847649420743719e-05
rdk_path_bit_0187,1.8474338588662678e-05
layered_bit_0795,1.8467506766405635e-05
maccs_bit_126,1.8462515356316314e-05
rdk_path_bit_0901,1.845585254907783e-05
atom_pair_bit_0288,1.8452393298916362e-05
avalon_count_0378,1.8447716354971135e-05
atom_pair_bit_0818,1.843264506789062e-05
fcfp6_bit_0205,1.8429813108088777e-05
layered_bit_0860,1.8421332725821638e-05
rdk_path_bit_0577,1.8398951496206236e-05
rdk_path_bit_0140,1.839639286482253e-05
fcfp6_bit_0914,1.8395800915872868e-05
atom_pair_bit_0512,1.838767423827623e-05
rdk_path_bit_0050,1.837295715157234e-05
atom_pair_bit_0952,1.83665954585637e-05
avalon_count_0230,1.836658265560053e-05
ecfp6_bit_0966,1.8362772379671185e-05
atom_pair_bit_0792,1.834730035690892e-05
rdk_path_bit_0669,1.8339801138473857e-05
avalon_count_0369,1.8312732186969658e-05
rdk_path_bit_0713,1.8308483445521745e-05
rdk_path_bit_0211,1.8304961322410516e-05
layered_bit_0464,1.829169414383848e-05
ecfp6_bit_0579,1.8290976117033044e-05
layered_bit_0208,1.8280886327135422e-05
rdk_path_bit_0607,1.827977169265891e-05
atom_pair_bit_0554,1.827580292465386e-05
layered_bit_0239,1.8271684553967346e-05
rdk_path_bit_0715,1.8265755498025843e-05
rdk_path_bit_0735,1.825562155781979e-05
rdk_path_bit_0851,1.8249535462699358e-05
layered_bit_0618,1.8241228703455114e-05
fcfp6_bit_0758,1.8232809647251076e-05
rdk_path_bit_0439,1.8227852238153248e-05
ecfp6_bit_0416,1.8214455591112703e-05
avalon_count_0164,1.821359136234777e-05
rdk_path_bit_0734,1.8208526843882545e-05
morgan_bit_0689,1.8204701557951442e-05
topological_torsion_bit_0508,1.8201360565027258e-05
atom_pair_bit_0969,1.8195848225814153e-05
atom_pair_bit_0249,1.818144701798493e-05
maplight_morgan_0082,1.816953574447894e-05
avalon_count_0295,1.8160555359739975e-05
maplight_morgan_0011,1.815473381031034e-05
atom_pair_bit_0333,1.8144739755076092e-05
rdk_path_bit_0305,1.8138039323023602e-05
atom_pair_bit_0357,1.8137661594289745e-05
rdk_path_bit_0276,1.8133379637568785e-05
rdk_path_bit_0076,1.8129105540749282e-05
layered_bit_0901,1.8117173466807043e-05
atom_pair_bit_0803,1.808808586930578e-05
rdk_path_bit_0020,1.8087141865639602e-05
atom_pair_bit_0793,1.8068444596078645e-05
atom_pair_bit_0745,1.8064381191956525e-05
layered_bit_0242,1.8064231039736542e-05
maccs_bit_084,1.8062097335076184e-05
maplight_morgan_0731,1.8048937274070897e-05
rdk_path_bit_0942,1.8046211021771556e-05
layered_bit_0095,1.8039382290468194e-05
ecfp6_bit_0424,1.8029027348754466e-05
rdk_path_bit_0868,1.8025332846693673e-05
layered_bit_0613,1.8022264170590254e-05
avalon_count_0657,1.8020644986606418e-05
atom_pair_bit_0318,1.800027222529245e-05
rdk_path_bit_0699,1.7976843435395336e-05
atom_pair_bit_0401,1.797296358657492e-05
rdkit_fr_NH2,1.7970495933614876e-05
rdk_path_bit_0182,1.7968292624975884e-05
layered_bit_0965,1.7959877374160695e-05
atom_pair_bit_0243,1.7953607716007443e-05
rdk_path_bit_0150,1.79407574708119e-05
rdk_path_bit_0440,1.794003044909795e-05
layered_bit_0335,1.7934778547480612e-05
rdk_path_bit_0380,1.7925184981223632e-05
fcfp6_bit_0051,1.7924816789683896e-05
avalon_count_0413,1.7916243367719192e-05
layered_bit_0700,1.791172507295936e-05
rdk_path_bit_0199,1.7911382657982908e-05
fcfp6_bit_0899,1.7910896267296785e-05
topological_torsion_bit_0185,1.7900783335439023e-05
layered_bit_0030,1.7886594405418693e-05
rdk_path_bit_0057,1.7885144575931087e-05
avalon_count_0147,1.7880977474517595e-05
atom_pair_bit_0586,1.7879478746999387e-05
rdk_path_bit_0086,1.7874668211044577e-05
layered_bit_0417,1.7871584732392957e-05
rdk_path_bit_0310,1.7868046563175152e-05
atom_pair_bit_0985,1.7867542706849445e-05
atom_pair_bit_0836,1.7851495364789494e-05
topological_torsion_bit_0876,1.7847087897884697e-05
atom_pair_bit_0117,1.783988393168611e-05
layered_bit_0044,1.7833427425270958e-05
rdk_path_bit_0494,1.782855988357638e-05
ecfp6_bit_0598,1.781284648653501e-05
rdk_path_bit_0116,1.7809553919934923e-05
erg_051,1.7805604681345326e-05
rdk_path_bit_0447,1.7799650483764858e-05
topological_torsion_bit_0689,1.779459561459612e-05
maplight_morgan_0789,1.777833714435302e-05
layered_bit_0935,1.7776504869712437e-05
atom_pair_bit_0059,1.7771615725951748e-05
rdk_path_bit_0805,1.7766775743630125e-05
maplight_morgan_0013,1.776205162779747e-05
fcfp6_bit_0768,1.7761869048941508e-05
atom_pair_bit_0638,1.775652219818937e-05
atom_pair_bit_0976,1.7748973309302065e-05
rdk_path_bit_0906,1.772947989692329e-05
atom_pair_bit_0169,1.7729376489091302e-05
avalon_count_0841,1.7728216705951473e-05
rdk_path_bit_0397,1.7723923301443194e-05
fcfp6_bit_0091,1.7709820020873635e-05
rdk_path_bit_0216,1.770353625359092e-05
layered_bit_0000,1.7698286325430575e-05
atom_pair_bit_0024,1.7697153117823295e-05
topological_torsion_bit_0513,1.7687658255800144e-05
rdk_path_bit_0524,1.7683288497648158e-05
morgan_bit_0729,1.7681592632942116e-05
avalon_count_0473,1.7665312665150038e-05
layered_bit_0338,1.7661963270691218e-05
layered_bit_0632,1.7661796293502578e-05
rdk_path_bit_0225,1.7657424394378053e-05
layered_bit_0434,1.7642701587113036e-05
avalon_count_0945,1.7639936287670856e-05
layered_bit_0679,1.7627078631651475e-05
rdk_path_bit_0053,1.7625752937000913e-05
rdk_path_bit_0080,1.7618329519813027e-05
ecfp6_bit_0893,1.7616244332791215e-05
layered_bit_0238,1.7613771525676028e-05
fcfp6_bit_0417,1.7609003706082252e-05
rdk_path_bit_0029,1.7581763040122782e-05
avalon_count_0876,1.7573919510734738e-05
ecfp6_bit_0420,1.7567643019028567e-05
rdk_path_bit_0825,1.7555243872027357e-05
fcfp6_bit_0611,1.754090711406273e-05
rdk_path_bit_0507,1.753982779761707e-05
avalon_count_0198,1.7534681999296845e-05
rdk_path_bit_0520,1.752792287912091e-05
rdk_path_bit_0877,1.7516771366049935e-05
layered_bit_0401,1.7514780221827506e-05
topological_torsion_bit_1005,1.7504176386959005e-05
rdk_path_bit_0257,1.7502110125085886e-05
rdk_path_bit_0963,1.748738834622649e-05
ecfp6_bit_0316,1.7480893163712758e-05
avalon_count_0238,1.7454058103528068e-05
rdk_path_bit_0084,1.7453746993800814e-05
fcfp6_bit_0545,1.745195392463283e-05
layered_bit_0078,1.7451226575548718e-05
layered_bit_0365,1.7435402619742154e-05
layered_bit_0448,1.7432364040185023e-05
avalon_count_0032,1.743011449677445e-05
rdk_path_bit_0205,1.7426945520545525e-05
rdk_path_bit_0014,1.7411106322146775e-05
rdk_path_bit_0459,1.740833340818489e-05
rdk_path_bit_0406,1.7395297165695655e-05
rdk_path_bit_0107,1.737594268388333e-05
rdk_path_bit_0043,1.7359662630476582e-05
rdk_path_bit_0714,1.7357863048596033e-05
topological_torsion_bit_0413,1.7355847236276957e-05
layered_bit_0184,1.734678436400073e-05
layered_bit_0513,1.7341810926376093e-05
atom_pair_bit_0480,1.7339049506038003e-05
maplight_morgan_0785,1.7337559905736053e-05
rdk_path_bit_0589,1.732351786856267e-05
morgan_bit_0830,1.7323005454165822e-05
layered_bit_0026,1.7317447760949233e-05
rdkit_fr_para_hydroxylation,1.730163773550475e-05
ecfp6_bit_0784,1.7289172345287242e-05
atom_pair_bit_0258,1.7282010739369942e-05
topological_torsion_bit_0529,1.727822879908633e-05
atom_pair_bit_0229,1.727735692784443e-05
layered_bit_0636,1.72737032299627e-05
layered_bit_0811,1.725477884359566e-05
rdk_path_bit_0645,1.7247799310712835e-05
rdk_path_bit_0872,1.724152353449899e-05
rdk_path_bit_0684,1.723933823021992e-05
layered_bit_0572,1.722304205701755e-05
atom_pair_bit_0349,1.7218833795303238e-05
rdkit_fr_aniline,1.7216460065674006e-05
avalon_count_0085,1.721107444721194e-05
layered_bit_0128,1.7209707831417097e-05
atom_pair_bit_0794,1.720740373766134e-05
rdk_path_bit_0977,1.7202528123245086e-05
rdk_path_bit_0525,1.7184241345742308e-05
layered_bit_0149,1.717905082925395e-05
rdk_path_bit_0155,1.7164064164691572e-05
rdk_path_bit_0824,1.7158675545453176e-05
morgan_bit_0139,1.7154491463119847e-05
ecfp6_bit_0820,1.715149037262143e-05
rdkit_fr_Imine,1.7150434997023076e-05
layered_bit_0983,1.7145075549981008e-05
layered_bit_0221,1.71436398698895e-05
layered_bit_0841,1.7136776243976666e-05
layered_bit_0397,1.7124619006417664e-05
layered_bit_0882,1.7124350479665703e-05
rdk_path_bit_0887,1.7120464495103126e-05
layered_bit_0645,1.7108517497658122e-05
rdk_path_bit_0299,1.710181660928302e-05
ecfp6_bit_0348,1.7094746980987596e-05
rdk_path_bit_0836,1.7090439903393013e-05
rdk_path_bit_0203,1.7083664575588712e-05
layered_bit_0492,1.7080285520278196e-05
rdk_path_bit_0727,1.7078105784659083e-05
atom_pair_bit_0886,1.7067794837481275e-05
rdk_path_bit_0374,1.7064475861184446e-05
rdk_path_bit_0267,1.705315340694303e-05
atom_pair_bit_0400,1.7052111326972718e-05
rdk_path_bit_0512,1.704603946657223e-05
maccs_bit_158,1.704197998905928e-05
rdkit_fr_ketone_Topliss,1.7030348511891842e-05
topological_torsion_bit_0453,1.702561151918802e-05
rdk_path_bit_0763,1.7023528207704385e-05
rdk_path_bit_0640,1.700972567938896e-05
atom_pair_bit_0626,1.700610217404414e-05
rdk_path_bit_0175,1.7000096488811563e-05
layered_bit_0762,1.6996682418105234e-05
rdk_path_bit_0277,1.6996177867718537e-05
rdk_path_bit_0079,1.6980817738280146e-05
layered_bit_0578,1.6973262317698167e-05
layered_bit_0602,1.696632379195939e-05
fcfp6_bit_0250,1.6965884883181873e-05
rdk_path_bit_0981,1.6963561365925892e-05
atom_pair_bit_0720,1.6959599596830087e-05
rdk_path_bit_1005,1.695598468082879e-05
rdk_path_bit_0880,1.6954217127402965e-05
atom_pair_bit_0242,1.695412700325224e-05
atom_pair_bit_0932,1.6950029873420126e-05
atom_pair_bit_0259,1.6942908689332806e-05
rdk_path_bit_0557,1.6938319333798007e-05
layered_bit_0826,1.69378618542366e-05
layered_bit_0684,1.6917337090096936e-05
avalon_count_0865,1.6910603114514316e-05
topological_torsion_bit_0409,1.6904663763441522e-05
layered_bit_0313,1.6896450385212817e-05
rdk_path_bit_0338,1.689389494442199e-05
layered_bit_0503,1.6888591398321108e-05
atom_pair_bit_0837,1.6887847345913632e-05
avalon_count_0574,1.688747928841128e-05
layered_bit_0584,1.6882467093342434e-05
rdk_path_bit_0505,1.6881386263257002e-05
erg_102,1.687727475249749e-05
fcfp6_bit_0303,1.6845240227939424e-05
avalon_count_0930,1.684463277047324e-05
fcfp6_bit_0161,1.683791191431399e-05
layered_bit_0719,1.6837077921332677e-05
rdk_path_bit_0644,1.6821388790441878e-05
atom_pair_bit_0332,1.6801793714552695e-05
rdk_path_bit_0685,1.6796885863346006e-05
maplight_morgan_0557,1.6792742827529388e-05
avalon_count_0357,1.679136573218626e-05
rdk_path_bit_0496,1.67868555160387e-05
layered_bit_0489,1.67842841012907e-05
rdk_path_bit_0465,1.6776946971906523e-05
atom_pair_bit_0164,1.6763738948772257e-05
layered_bit_0165,1.674649721908737e-05
maplight_morgan_0615,1.6740203199279166e-05
rdk_path_bit_0637,1.6728813554900432e-05
atom_pair_bit_0762,1.6727206507648673e-05
layered_bit_0134,1.6721915115232803e-05
layered_bit_0349,1.6719316059960403e-05
atom_pair_bit_0940,1.6701431671461812e-05
layered_bit_0284,1.670043507226588e-05
fcfp6_bit_0893,1.6698028756904144e-05
morgan_bit_0608,1.6675795212094743e-05
atom_pair_bit_0406,1.6647868451060395e-05
layered_bit_0714,1.6647110693989082e-05
layered_bit_0192,1.6645943339904002e-05
atom_pair_bit_0037,1.6634442915719394e-05
avalon_count_0697,1.663427195231812e-05
rdk_path_bit_0866,1.661594514286425e-05
maccs_bit_122,1.661152203466866e-05
rdk_path_bit_0202,1.6607296732802906e-05
maccs_bit_156,1.6593637371205712e-05
layered_bit_0706,1.659090402191805e-05
rdk_path_bit_0007,1.659049604659433e-05
ecfp6_bit_0898,1.658902115831937e-05
topological_torsion_bit_0664,1.6584852885880433e-05
rdk_path_bit_0342,1.658483571215583e-05
rdk_path_bit_0874,1.6579009580886335e-05
rdk_path_bit_0044,1.6561062224680913e-05
rdk_path_bit_0497,1.6557998609190806e-05
atom_pair_bit_0893,1.655692893965818e-05
rdk_path_bit_0827,1.655404266751228e-05
layered_bit_0133,1.6527422716742848e-05
atom_pair_bit_0421,1.652144290817827e-05
topological_torsion_bit_0152,1.6512983898300724e-05
rdk_path_bit_0769,1.651126282728917e-05
rdk_path_bit_0761,1.6506004406472638e-05
avalon_count_0840,1.6497516359923303e-05
avalon_count_0021,1.6495149306161002e-05
layered_bit_0121,1.6486633607895352e-05
layered_bit_0478,1.6484998114862262e-05
ecfp6_bit_0874,1.6473268105125638e-05
layered_bit_0250,1.6469771868581178e-05
layered_bit_0062,1.6469329171280407e-05
fcfp6_bit_0944,1.646685353102055e-05
rdkit_NumSaturatedRings,1.646504544491367e-05
rdk_path_bit_0258,1.6464397771296187e-05
atom_pair_bit_0053,1.646303583193694e-05
rdk_path_bit_0792,1.6458984722019154e-05
rdk_path_bit_0104,1.6453052701534332e-05
topological_torsion_bit_0284,1.6448647619292546e-05
rdk_path_bit_0393,1.6443220430861693e-05
avalon_count_0526,1.6439417424094804e-05
atom_pair_bit_0773,1.6434872738046588e-05
erg_083,1.6434010045227432e-05
rdk_path_bit_0987,1.6433904620285364e-05
atom_pair_bit_0849,1.6430675069278052e-05
rdk_path_bit_0892,1.6429990516181607e-05
rdk_path_bit_0967,1.641928832063186e-05
layered_bit_0196,1.6412722803787e-05
maccs_bit_099,1.6408988311787267e-05
topological_torsion_bit_0900,1.6408037623886733e-05
ecfp6_bit_0636,1.640150277371749e-05
layered_bit_0505,1.6401187237619497e-05
layered_bit_0204,1.6399635631740527e-05
fcfp6_bit_0468,1.6398718183932085e-05
atom_pair_bit_0710,1.639838328223005e-05
atom_pair_bit_0013,1.6396963617869828e-05
ecfp6_bit_0224,1.6393560907180864e-05
layered_bit_0829,1.6388723915251647e-05
atom_pair_bit_0098,1.6380058741888567e-05
atom_pair_bit_0504,1.637580328106291e-05
atom_pair_bit_0825,1.6374652785346868e-05
layered_bit_0256,1.6368155070716904e-05
atom_pair_bit_0845,1.6357284151789476e-05
rdk_path_bit_0946,1.6336950824011408e-05
rdk_path_bit_0004,1.6336861672263493e-05
rdk_path_bit_0039,1.6334350870091082e-05
ecfp6_bit_0109,1.6330358367416266e-05
avalon_count_0095,1.632651590014522e-05
avalon_count_0907,1.6311625576402183e-05
layered_bit_0051,1.630977135467663e-05
fcfp6_bit_0666,1.6290193240980866e-05
layered_bit_0032,1.6289257544562834e-05
layered_bit_0366,1.628682952653986e-05
fcfp6_bit_0379,1.6284582327353203e-05
avalon_count_1019,1.6284212872193975e-05
rdk_path_bit_0157,1.6282202056706264e-05
rdk_path_bit_0099,1.627081302793672e-05
layered_bit_0842,1.6268248422081426e-05
ecfp6_bit_0274,1.626676984104875e-05
layered_bit_0274,1.6266685875408307e-05
rdk_path_bit_0340,1.6258447415659174e-05
atom_pair_bit_0118,1.625735089693731e-05
layered_bit_0276,1.6243735019695722e-05
atom_pair_bit_0245,1.6232123272256213e-05
rdk_path_bit_0071,1.6226291727568247e-05
layered_bit_0183,1.6222290200264018e-05
rdk_path_bit_0322,1.6221535213510853e-05
layered_bit_0722,1.622072945580184e-05
rdk_path_bit_0919,1.621920546419966e-05
fcfp6_bit_0612,1.6215207096248827e-05
rdk_path_bit_0561,1.620856599228318e-05
rdk_path_bit_0835,1.6199901788000395e-05
avalon_count_0527,1.618201219733806e-05
maplight_morgan_0623,1.6174514757208343e-05
rdk_path_bit_0833,1.6166833743800335e-05
topological_torsion_bit_0292,1.616492731074985e-05
rdk_path_bit_0740,1.6161354131208505e-05
topological_torsion_bit_0320,1.6159674707047925e-05
rdk_path_bit_0597,1.6154323428203685e-05
maccs_bit_077,1.6150384994110264e-05
atom_pair_bit_0066,1.6149078470385186e-05
atom_pair_bit_0204,1.6139141017033726e-05
rdk_path_bit_0742,1.6137892625238734e-05
erg_048,1.613690859647969e-05
atom_pair_bit_0461,1.6128605562167534e-05
rdk_path_bit_0433,1.6127986960955454e-05
topological_torsion_bit_0621,1.6106367926898232e-05
rdk_path_bit_0799,1.6098490247046908e-05
rdk_path_bit_0075,1.6083725920024048e-05
topological_torsion_bit_0468,1.608222846253763e-05
layered_bit_0972,1.6076108909002808e-05
ecfp6_bit_0524,1.607584011338825e-05
ecfp6_bit_0703,1.606444429276196e-05
morgan_bit_0461,1.6062252694950918e-05
layered_bit_0002,1.6058192785305932e-05
ecfp6_bit_0082,1.6053960641956675e-05
rdk_path_bit_0401,1.605109069600456e-05
topological_torsion_bit_0880,1.6047003571204537e-05
layered_bit_0895,1.6046676094318807e-05
rdk_path_bit_0516,1.604050013799756e-05
layered_bit_0669,1.603188754546571e-05
layered_bit_0780,1.6031721113963447e-05
layered_bit_0025,1.6031291327554477e-05
layered_bit_0532,1.601552361105714e-05
maplight_morgan_1017,1.6015303622885868e-05
topological_torsion_bit_0608,1.6007668221672952e-05
rdk_path_bit_0527,1.6007006295165663e-05
maplight_morgan_0392,1.6005097478589237e-05
layered_bit_0466,1.600342932722895e-05
topological_torsion_bit_0156,1.599819953462496e-05
rdk_path_bit_0798,1.598459830973516e-05
layered_bit_0441,1.598043250875002e-05
layered_bit_0022,1.5976527839695134e-05
atom_pair_bit_0373,1.5973540712111808e-05
atom_pair_bit_0841,1.5971379048304443e-05
layered_bit_0361,1.596680421907701e-05
atom_pair_bit_0786,1.596539517885559e-05
ecfp6_bit_0899,1.5964406249337245e-05
rdk_path_bit_0270,1.5958119347472103e-05
rdk_path_bit_0134,1.5957554269591656e-05
rdk_path_bit_0058,1.595399701052931e-05
rdk_path_bit_0307,1.5949823996099152e-05
atom_pair_bit_0188,1.5949488372205567e-05
layered_bit_0960,1.5946112674461903e-05
rdk_path_bit_0600,1.594560478351561e-05
rdk_path_bit_0343,1.593064899668109e-05
rdkit_fr_methoxy,1.592726145519291e-05
fcfp6_bit_0566,1.591252274253216e-05
ecfp6_bit_0118,1.5883283876593287e-05
layered_bit_0364,1.58817482067568e-05
ecfp6_bit_0067,1.5878334227865964e-05
layered_bit_0523,1.5869131636463997e-05
atom_pair_bit_0594,1.586478526886702e-05
rdk_path_bit_0823,1.584373237131609e-05
rdk_path_bit_0648,1.5843134295523806e-05
maccs_bit_107,1.5833324943668238e-05
rdk_path_bit_0451,1.5831608936290953e-05
avalon_count_0186,1.582337425291783e-05
layered_bit_0161,1.5822478249170072e-05
topological_torsion_bit_0694,1.581588901787165e-05
erg_182,1.5812790747092395e-05
rdk_path_bit_0259,1.5804026069481805e-05
avalon_count_0242,1.5799766493387335e-05
ecfp6_bit_0294,1.5793969702569107e-05
rdk_path_bit_0146,1.579392042293194e-05
maccs_bit_116,1.5790715362583016e-05
atom_pair_bit_0733,1.5788209584656215e-05
rdk_path_bit_0599,1.5786165122260982e-05
topological_torsion_bit_0697,1.5784561726137965e-05
rdk_path_bit_0691,1.577780361791432e-05
maplight_morgan_0276,1.577017349999545e-05
rdk_path_bit_0169,1.5768399292558743e-05
avalon_count_0484,1.5764093102390367e-05
atom_pair_bit_0522,1.5753410318860387e-05
layered_bit_0759,1.575334387344083e-05
layered_bit_1005,1.575241106053746e-05
avalon_count_0503,1.5748047008522602e-05
rdk_path_bit_0536,1.574425568524948e-05
atom_pair_bit_0740,1.574399565824338e-05
rdk_path_bit_0110,1.57397088179113e-05
rdk_path_bit_0108,1.573914475578814e-05
layered_bit_0455,1.5734870864544458e-05
layered_bit_0376,1.5725060183735504e-05
ecfp6_bit_0563,1.5721905976041903e-05
avalon_count_0703,1.5714888629607028e-05
rdk_path_bit_0738,1.57027162790555e-05
rdk_path_bit_0617,1.5702443213035652e-05
avalon_count_0898,1.5696861380498908e-05
rdk_path_bit_0036,1.5695212603115178e-05
fcfp6_bit_0492,1.569014609519884e-05
fcfp6_bit_0086,1.5683141908356365e-05
fcfp6_bit_0333,1.568216784416576e-05
fcfp6_bit_0717,1.5678941550544736e-05
rdk_path_bit_0579,1.5659477478817458e-05
ecfp6_bit_0334,1.5658454858416108e-05
atom_pair_bit_0109,1.565766263135838e-05
rdk_path_bit_0490,1.5651472456567456e-05
rdk_path_bit_0288,1.5642946148898033e-05
rdk_path_bit_0247,1.563393549677147e-05
rdk_path_bit_0321,1.5627702729316687e-05
ecfp6_bit_0765,1.562596128618469e-05
rdk_path_bit_0432,1.562574740248951e-05
rdk_path_bit_0437,1.561492130983807e-05
layered_bit_0612,1.560919566032782e-05
rdk_path_bit_0113,1.5604199837219514e-05
atom_pair_bit_0680,1.5603984398932882e-05
avalon_count_0964,1.5597670758388486e-05
maplight_morgan_0948,1.5596065362869222e-05
fcfp6_bit_0054,1.5588142965819058e-05
avalon_count_0913,1.5587036098535543e-05
avalon_count_0292,1.558350538417971e-05
fcfp6_bit_0699,1.5576923017452873e-05
atom_pair_bit_0916,1.5569642292608544e-05
rdk_path_bit_0817,1.5566008176635783e-05
atom_pair_bit_0344,1.5564556178763284e-05
avalon_count_0116,1.556294838969838e-05
rdk_path_bit_1019,1.5561845826271482e-05
rdk_path_bit_0103,1.5546139849456048e-05
rdk_path_bit_0167,1.5541036987805135e-05
erg_025,1.5540604568452206e-05
atom_pair_bit_0385,1.5539100780635388e-05
atom_pair_bit_0874,1.553598826723659e-05
rdk_path_bit_0910,1.5521740814191562e-05
rdk_path_bit_0500,1.5519546388089428e-05
atom_pair_bit_0737,1.5516408168574662e-05
atom_pair_bit_1019,1.5506071827076222e-05
avalon_count_0854,1.5505875883312617e-05
atom_pair_bit_0980,1.5500700133917737e-05
layered_bit_0905,1.5497404722728737e-05
topological_torsion_bit_0092,1.5494802365372986e-05
rdk_path_bit_0517,1.5482974944501963e-05
atom_pair_bit_0417,1.547917918521446e-05
layered_bit_0620,1.5476443114808744e-05
atom_pair_bit_0790,1.5471746080441196e-05
layered_bit_0876,1.5463524286498985e-05
ecfp6_bit_0724,1.5462001931849122e-05
avalon_count_0798,1.545907254867235e-05
rdk_path_bit_0458,1.5454640402065858e-05
morgan_bit_1004,1.545462444967477e-05
fcfp6_bit_0939,1.5449601409599297e-05
maplight_morgan_0133,1.54478514873452e-05
layered_bit_0331,1.543909253505473e-05
fcfp6_bit_0812,1.542761737326263e-05
ecfp6_bit_0383,1.5425807878973472e-05
layered_bit_0609,1.5423695351166293e-05
layered_bit_0058,1.5419861111914226e-05
rdk_path_bit_0652,1.5416473888169844e-05
layered_bit_0398,1.541187420574223e-05
rdk_path_bit_0945,1.540968669178028e-05
avalon_count_0686,1.5406371839753847e-05
layered_bit_0424,1.5403150045275485e-05
rdk_path_bit_0593,1.5401221777408647e-05
morgan_bit_0842,1.540049187655919e-05
avalon_count_0239,1.539494120611528e-05
rdk_path_bit_0897,1.538920475453622e-05
rdk_path_bit_0804,1.5380962853763864e-05
morgan_bit_0739,1.5377872948520858e-05
ecfp6_bit_0085,1.537715335182987e-05
rdk_path_bit_0998,1.5371043795468346e-05
layered_bit_0085,1.536368156521778e-05
avalon_count_0076,1.5362313071765577e-05
layered_bit_0158,1.5342289291302962e-05
rdk_path_bit_0535,1.5338620432455426e-05
layered_bit_0129,1.5334876638422206e-05
layered_bit_0082,1.5334470079552597e-05
layered_bit_1000,1.533291360775924e-05
rdk_path_bit_0249,1.532041326076772e-05
rdkit_fr_Al_OH_noTert,1.5317590223853562e-05
topological_torsion_bit_0322,1.531398121217004e-05
rdk_path_bit_0745,1.5306012658259798e-05
layered_bit_0467,1.5305839445647254e-05
ecfp6_bit_0054,1.530269052486999e-05
rdk_path_bit_0262,1.530134782204639e-05
topological_torsion_bit_0940,1.5295491096153976e-05
atom_pair_bit_0631,1.529252100059645e-05
topological_torsion_bit_0504,1.528916970695878e-05
layered_bit_0834,1.5279343646048623e-05
atom_pair_bit_1013,1.5279282181163358e-05
layered_bit_0574,1.527846565413182e-05
layered_bit_0487,1.5254766640630468e-05
layered_bit_0654,1.5246054334347776e-05
atom_pair_bit_0660,1.5240586206210284e-05
morgan_bit_0650,1.5239743826610756e-05
avalon_count_0573,1.5235994282854589e-05
fcfp6_bit_0981,1.5235328947803865e-05
layered_bit_0825,1.5229995254977339e-05
avalon_count_0260,1.5217548814569494e-05
layered_bit_0118,1.5217416829664e-05
atom_pair_bit_0813,1.520773721016973e-05
layered_bit_0369,1.5206026787688717e-05
layered_bit_0845,1.520477701679861e-05
rdk_path_bit_0042,1.5200208162528983e-05
erg_141,1.5197494184207733e-05
rdk_path_bit_0201,1.5183141939750238e-05
layered_bit_0774,1.5168947110852713e-05
layered_bit_0061,1.5163860604409334e-05
avalon_count_0266,1.5158357900186353e-05
rdk_path_bit_1008,1.5156134597541073e-05
rdk_path_bit_0831,1.5152388544492272e-05
ecfp6_bit_0626,1.5151998839906964e-05
rdk_path_bit_0797,1.514487801143373e-05
rdk_path_bit_0832,1.5121995672054751e-05
rdk_path_bit_0858,1.5121672910903795e-05
layered_bit_0324,1.5118106444961049e-05
ecfp6_bit_0493,1.5111431725240947e-05
rdk_path_bit_0847,1.5108062816430593e-05
maplight_morgan_0532,1.510616990308804e-05
rdk_path_bit_0594,1.509924390604719e-05
avalon_count_0514,1.5098946201579133e-05
layered_bit_0287,1.5093757312437637e-05
rdk_path_bit_0011,1.5077246156695194e-05
maplight_morgan_0175,1.5069426501873926e-05
rdk_path_bit_0920,1.5063840267692126e-05
layered_bit_0745,1.5046710046721121e-05
atom_pair_bit_0201,1.5032672609444811e-05
fcfp6_bit_0355,1.5030445477453225e-05
rdk_path_bit_0161,1.5022668880536944e-05
erg_142,1.5021928944543205e-05
avalon_count_0676,1.5013714333111975e-05
layered_bit_0698,1.5011571027673006e-05
atom_pair_bit_0656,1.5008544277542115e-05
rdk_path_bit_0541,1.4985803425277417e-05
atom_pair_bit_0205,1.498519770061277e-05
rdk_path_bit_0488,1.4984959200090959e-05
morgan_bit_0893,1.4954740730591278e-05
maplight_morgan_0770,1.4949735198872012e-05
avalon_count_0148,1.4946858691930662e-05
rdk_path_bit_0154,1.4932452484281947e-05
rdkit_fr_bicyclic,1.4928508861188275e-05
rdk_path_bit_0448,1.4923344981173071e-05
atom_pair_bit_0505,1.4922818853530735e-05
atom_pair_bit_0305,1.4914401341996436e-05
ecfp6_bit_0385,1.4914304210898086e-05
layered_bit_0640,1.491365384183416e-05
ecfp6_bit_0964,1.4897861029241334e-05
rdk_path_bit_0716,1.489682383488889e-05
rdk_path_bit_0502,1.4877082546499687e-05
rdk_path_bit_0237,1.4872277746686162e-05
maplight_morgan_0205,1.486880683825116e-05
layered_bit_0143,1.4862556274587304e-05
ecfp6_bit_0868,1.4845671391217859e-05
rdk_path_bit_0937,1.4840709704808551e-05
atom_pair_bit_0637,1.4831312112614151e-05
rdk_path_bit_0545,1.4828020259752581e-05
atom_pair_bit_0469,1.4826126081306142e-05
layered_bit_0658,1.4822014064958592e-05
avalon_count_0608,1.4817189583180762e-05
layered_bit_0541,1.4815824221036772e-05
atom_pair_bit_0088,1.4814478449568209e-05
morgan_bit_0939,1.481416984118865e-05
rdk_path_bit_0888,1.4810897965611874e-05
rdk_path_bit_0213,1.4810194671817277e-05
maplight_morgan_0379,1.4789709732562399e-05
fcfp6_bit_0138,1.4788871797081037e-05
fcfp6_bit_0141,1.4777822387706338e-05
atom_pair_bit_0233,1.4768283619462403e-05
avalon_count_0227,1.476681566800093e-05
atom_pair_bit_0366,1.4765396149880393e-05
topological_torsion_bit_0501,1.4761363210698137e-05
rdk_path_bit_0676,1.4759897523774496e-05
atom_pair_bit_0144,1.4744645411348684e-05
atom_pair_bit_0573,1.4740856036989366e-05
fcfp6_bit_0703,1.4734082255152649e-05
rdk_path_bit_0842,1.4724225752386786e-05
avalon_count_0937,1.4713418110755876e-05
layered_bit_0305,1.4712172257612341e-05
rdk_path_bit_0860,1.4707410015010459e-05
layered_bit_0880,1.4703030483784306e-05
topological_torsion_bit_0323,1.4698464704309318e-05
layered_bit_0410,1.4697236891885057e-05
avalon_count_0486,1.4685925082762213e-05
erg_131,1.4685636558682805e-05
layered_bit_0844,1.4676225071621085e-05
avalon_count_0294,1.4675265747324754e-05
layered_bit_0788,1.467192621740948e-05
layered_bit_0589,1.4671844260422607e-05
avalon_count_0103,1.4671445750897145e-05
layered_bit_0709,1.4665894252562748e-05
ecfp6_bit_0721,1.466097887630902e-05
maplight_morgan_0187,1.4658075236468312e-05
ecfp6_bit_0255,1.4655104186192704e-05
fcfp6_bit_0646,1.465061566104914e-05
rdk_path_bit_0711,1.4648498389358073e-05
rdk_path_bit_0091,1.4640355029595231e-05
layered_bit_0344,1.4638588536534484e-05
fcfp6_bit_0389,1.4631254258163654e-05
layered_bit_0190,1.4629678631358872e-05
layered_bit_0427,1.4622575549106241e-05
ecfp6_bit_0038,1.4622189248430886e-05
maplight_morgan_0128,1.4617306945021625e-05
rdk_path_bit_0602,1.461719548083484e-05
layered_bit_0747,1.4608878289167355e-05
topological_torsion_bit_0125,1.4596315999939064e-05
rdk_path_bit_1013,1.4580274952014411e-05
rdk_path_bit_0395,1.4575114166881378e-05
avalon_count_0558,1.4569372581420745e-05
ecfp6_bit_0608,1.456790277098707e-05
layered_bit_0533,1.4566956738351662e-05
maplight_morgan_0272,1.4566570108547664e-05
topological_torsion_bit_0896,1.4556148566191893e-05
rdk_path_bit_0479,1.4555270190884818e-05
avalon_count_0320,1.4551708779252475e-05
layered_bit_0188,1.4549364601152124e-05
layered_bit_0893,1.4540911392692221e-05
maplight_morgan_0463,1.4514231017012815e-05
layered_bit_0925,1.450923376705373e-05
atom_pair_bit_0501,1.4503593204345704e-05
atom_pair_bit_0622,1.4498760219350508e-05
rdk_path_bit_0344,1.4498235250288892e-05
maplight_morgan_0104,1.449331241333507e-05
rdk_path_bit_0457,1.4489602746155724e-05
erg_013,1.448778503210759e-05
layered_bit_0884,1.4470473858977361e-05
atom_pair_bit_0777,1.4466995614670444e-05
ecfp6_bit_0718,1.4455727653795194e-05
morgan_bit_0272,1.4453417659860846e-05
rdk_path_bit_0996,1.4452582920321928e-05
atom_pair_bit_0405,1.4448664864981881e-05
rdk_path_bit_0333,1.4441541258802372e-05
atom_pair_bit_0209,1.4419756505630131e-05
topological_torsion_bit_0381,1.4417961013931039e-05
layered_bit_0732,1.4405216931759772e-05
fcfp6_bit_0661,1.4399948019987472e-05
avalon_count_0782,1.4375481494716318e-05
rdk_path_bit_0436,1.4369944611420733e-05
topological_torsion_bit_0532,1.4368576924100412e-05
rdk_path_bit_0024,1.4367140812723789e-05
layered_bit_0818,1.4361888948101538e-05
rdk_path_bit_0493,1.4353939865428546e-05
ecfp6_bit_0205,1.4339220461938992e-05
avalon_count_0509,1.432564113836748e-05
layered_bit_0486,1.4315425677821752e-05
ecfp6_bit_0794,1.4302455667120297e-05
morgan_bit_0332,1.4295141093119696e-05
atom_pair_bit_0529,1.425952922052574e-05
layered_bit_0839,1.4252028515725786e-05
atom_pair_bit_0322,1.4241637527151348e-05
maplight_morgan_0853,1.4240090124597012e-05
layered_bit_0781,1.4237512606335135e-05
morgan_bit_0456,1.4221238283937762e-05
fcfp6_bit_0679,1.4219681601078627e-05
rdk_path_bit_0760,1.4213805815832617e-05
layered_bit_0191,1.4212863998861056e-05
atom_pair_bit_0817,1.4205221959694816e-05
morgan_bit_0708,1.419685854420458e-05
atom_pair_bit_0462,1.4191875888220243e-05
maplight_morgan_0540,1.4189745716328864e-05
erg_275,1.418769200208797e-05
rdk_path_bit_0482,1.4183686440925523e-05
atom_pair_bit_0842,1.4181958541037004e-05
topological_torsion_bit_0012,1.418068827956849e-05
rdk_path_bit_0060,1.4158574575873183e-05
layered_bit_0586,1.415519763912437e-05
maccs_bit_150,1.4154376296719842e-05
rdk_path_bit_0243,1.4153989351780976e-05
rdk_path_bit_0753,1.4143218070116564e-05
ecfp6_bit_0927,1.4131632567044044e-05
topological_torsion_bit_0693,1.4131596872214459e-05
rdk_path_bit_0361,1.4131030664921144e-05
ecfp6_bit_0163,1.4130472110773281e-05
rdk_path_bit_0164,1.4129695295639926e-05
topological_torsion_bit_0420,1.4125283332007439e-05
rdk_path_bit_0680,1.4124267936656173e-05
morgan_bit_0855,1.4121037087099382e-05
atom_pair_bit_0946,1.4121029096772195e-05
topological_torsion_bit_0737,1.4119363171835173e-05
maplight_morgan_0310,1.408570966081305e-05
rdk_path_bit_0615,1.4084404550888351e-05
layered_bit_0791,1.4083102689775236e-05
rdk_path_bit_0848,1.4082748530791625e-05
rdk_path_bit_0873,1.4063717945497761e-05
maplight_morgan_0968,1.4057893001592304e-05
avalon_count_0025,1.4057377409375178e-05
avalon_count_0603,1.4046974416406992e-05
layered_bit_0104,1.4046200856618073e-05
rdk_path_bit_0312,1.404614753951086e-05
atom_pair_bit_0302,1.4036678930229554e-05
rdk_path_bit_0566,1.4025176079676691e-05
fcfp6_bit_0266,1.4019849133167332e-05
ecfp6_bit_0867,1.4014292316775113e-05
layered_bit_0854,1.4010859271844431e-05
rdk_path_bit_0837,1.4005118150446092e-05
layered_bit_0232,1.3989410830504933e-05
avalon_count_0207,1.3986041479094832e-05
rdk_path_bit_0118,1.3970984540906216e-05
fcfp6_bit_0284,1.3970032242635511e-05
fcfp6_bit_0767,1.3963538276522545e-05
layered_bit_0152,1.3956758653093897e-05
rdk_path_bit_0948,1.3954220687243015e-05
rdk_path_bit_0194,1.3953110174501705e-05
morgan_bit_0301,1.3950331389334661e-05
ecfp6_bit_0272,1.3950243124174903e-05
atom_pair_bit_0704,1.3936107485668056e-05
topological_torsion_bit_0424,1.3933923617135847e-05
fcfp6_bit_0868,1.3929201784309415e-05
layered_bit_0789,1.39271009291882e-05
topological_torsion_bit_0884,1.392308479695233e-05
rdk_path_bit_0786,1.3923027289728839e-05
layered_bit_0367,1.3920032303737636e-05
maplight_morgan_0775,1.3906737969090888e-05
layered_bit_0377,1.3901424864691148e-05
layered_bit_0317,1.3891665888327772e-05
atom_pair_bit_0613,1.3891135576177603e-05
rdkit_NumAmideBonds,1.389091486322859e-05
fcfp6_bit_0222,1.3870391853279e-05
atom_pair_bit_0022,1.3865729479397412e-05
atom_pair_bit_0113,1.3864788239360817e-05
topological_torsion_bit_0724,1.3858966483279704e-05
layered_bit_0843,1.3854761421192788e-05
rdk_path_bit_0695,1.3849119169487369e-05
layered_bit_0980,1.3840732378042163e-05
fcfp6_bit_0837,1.3835735196432092e-05
rdk_path_bit_0673,1.38345887796402e-05
fcfp6_bit_0532,1.3833818618068284e-05
layered_bit_0289,1.383335158446726e-05
avalon_count_0563,1.3829601163845545e-05
rdk_path_bit_0377,1.3823555974036759e-05
layered_bit_0642,1.381946783173777e-05
layered_bit_0346,1.3808642947349207e-05
avalon_count_1021,1.379896503425229e-05
maplight_morgan_0316,1.3797656097948415e-05
layered_bit_0750,1.3796487224553808e-05
atom_pair_bit_0749,1.3795991849374257e-05
rdk_path_bit_0114,1.3791622668738928e-05
topological_torsion_bit_0881,1.3790241999268237e-05
rdkit_fr_hdrzone,1.3789009326773584e-05
morgan_bit_0638,1.3785223574854393e-05
layered_bit_0370,1.3781929556971265e-05
erg_219,1.378063754520121e-05
avalon_count_0036,1.37753351692581e-05
rdk_path_bit_0278,1.376626840731455e-05
layered_bit_0235,1.3755018175097508e-05
atom_pair_bit_0216,1.3753065850737176e-05
topological_torsion_bit_0200,1.3752533069358554e-05
ecfp6_bit_0304,1.3740828664894696e-05
maplight_morgan_0953,1.3739728890290835e-05
atom_pair_bit_0002,1.3729321854247786e-05
ecfp6_bit_0201,1.3724380343122885e-05
avalon_count_0384,1.3717168915502685e-05
layered_bit_0737,1.3707524246458665e-05
fcfp6_bit_0249,1.3706998093446478e-05
maplight_morgan_0059,1.3703520852919641e-05
fcfp6_bit_0464,1.3701883927102786e-05
layered_bit_0993,1.3694684995170669e-05
topological_torsion_bit_0997,1.3693454304792683e-05
avalon_count_0670,1.3691604252589726e-05
ecfp6_bit_0819,1.3688164202362636e-05
layered_bit_1017,1.36594012049555e-05
rdk_path_bit_0571,1.3648745207900881e-05
avalon_count_0520,1.364645239532805e-05
layered_bit_0793,1.36438410928348e-05
fcfp6_bit_0440,1.364351350462718e-05
maplight_morgan_0753,1.3643119901790017e-05
layered_bit_0549,1.3642797617279605e-05
layered_bit_0462,1.3629904056315615e-05
rdk_path_bit_0985,1.3627930401820337e-05
rdk_path_bit_0543,1.362749896653801e-05
avalon_count_0016,1.3625861866980359e-05
atom_pair_bit_0348,1.3608074848800414e-05
layered_bit_0647,1.3604792773505304e-05
fcfp6_bit_0644,1.3602086288596185e-05
rdk_path_bit_0287,1.3591537875240303e-05
avalon_count_0549,1.3579494287794058e-05
atom_pair_bit_0384,1.3577972525595395e-05
rdk_path_bit_0246,1.357442085181247e-05
morgan_bit_0033,1.3573571360186865e-05
ecfp6_bit_0058,1.3566644260246909e-05
avalon_count_0203,1.3560883391213587e-05
layered_bit_0720,1.3557540966828227e-05
maplight_morgan_0401,1.355636941466674e-05
avalon_count_0339,1.3547559331375381e-05
avalon_count_0630,1.354576150107991e-05
avalon_count_0019,1.3542542427920972e-05
rdk_path_bit_0693,1.3534290790749225e-05
topological_torsion_bit_0013,1.3532585136833023e-05
rdkit_fr_Ar_NH,1.35145344772506e-05
maccs_bit_085,1.3512339273727333e-05
fcfp6_bit_0628,1.35057117322868e-05
maplight_morgan_0354,1.3504124626064907e-05
layered_bit_0137,1.3499784222004268e-05
atom_pair_bit_0092,1.349953071936349e-05
rdk_path_bit_0379,1.3497932345622539e-05
atom_pair_bit_0933,1.3497712021502545e-05
layered_bit_0227,1.3495055950073202e-05
avalon_count_0695,1.3492497480962987e-05
topological_torsion_bit_0168,1.3492435436013691e-05
avalon_count_0145,1.3488759367370063e-05
avalon_count_0318,1.3488232656236989e-05
layered_bit_0156,1.3484026322923088e-05
maccs_bit_092,1.346950199983025e-05
layered_bit_0117,1.3466610815499193e-05
atom_pair_bit_0474,1.3463279846970783e-05
avalon_count_0606,1.346073637055281e-05
avalon_count_0309,1.3459231031448381e-05
layered_bit_0119,1.3453789077690478e-05
ecfp6_bit_0314,1.3447885525052427e-05
rdk_path_bit_1021,1.3445475877154367e-05
layered_bit_0514,1.3434702957606596e-05
atom_pair_bit_0977,1.3429637460880751e-05
avalon_count_0472,1.3420869681316224e-05
rdk_path_bit_0690,1.3414547263293641e-05
avalon_count_0162,1.3410165521783912e-05
avalon_count_0646,1.3405504745584216e-05
morgan_bit_0239,1.340358392423219e-05
layered_bit_0538,1.3402664074938856e-05
morgan_bit_0222,1.3378358712066137e-05
topological_torsion_bit_0916,1.3377364527576843e-05
layered_bit_0997,1.3357704270355529e-05
rdk_path_bit_0830,1.3354368250066785e-05
layered_bit_0813,1.332674972305616e-05
atom_pair_bit_0404,1.3324138031691406e-05
ecfp6_bit_0208,1.3322357592830644e-05
fcfp6_bit_0662,1.3317772067270413e-05
avalon_count_0624,1.3315972366113096e-05
topological_torsion_bit_0288,1.3313743893508927e-05
layered_bit_0140,1.3313230893928998e-05
rdk_path_bit_0614,1.3306229955873116e-05
atom_pair_bit_0908,1.3306212293658063e-05
fcfp6_bit_0188,1.3304483386192802e-05
fcfp6_bit_0126,1.3301254288426597e-05
rdk_path_bit_0341,1.3301155803836665e-05
layered_bit_0565,1.3299790816303947e-05
rdk_path_bit_0162,1.3296239465904401e-05
maplight_morgan_0882,1.3284449316592967e-05
layered_bit_0052,1.3280791184072338e-05
rdk_path_bit_0707,1.3280022806569379e-05
erg_064,1.326938528129897e-05
fcfp6_bit_0253,1.3263853921250348e-05
layered_bit_0660,1.3259404685332414e-05
layered_bit_0510,1.3255856811418899e-05
layered_bit_0885,1.3255472472389382e-05
layered_bit_0202,1.3252115104597765e-05
layered_bit_0323,1.3245920856567134e-05
layered_bit_0558,1.320571125310772e-05
morgan_bit_0097,1.3204128009113581e-05
layered_bit_0703,1.3203905779837476e-05
layered_bit_0915,1.3200668794350642e-05
rdk_path_bit_0398,1.319807080386566e-05
rdk_path_bit_0850,1.3195206312634665e-05
atom_pair_bit_0672,1.3191519864110948e-05
fcfp6_bit_0535,1.3188760705777376e-05
ecfp6_bit_0097,1.3186698234052865e-05
ecfp6_bit_1017,1.3184433946026617e-05
atom_pair_bit_0293,1.3183600976383962e-05
layered_bit_1009,1.3183359389421662e-05
morgan_bit_0500,1.317358629265451e-05
topological_torsion_bit_0141,1.3169637318526745e-05
layered_bit_0909,1.3167830339978601e-05
ecfp6_bit_0959,1.3166109725616745e-05
layered_bit_0944,1.3160768352941152e-05
atom_pair_bit_0484,1.3157391458042071e-05
erg_067,1.3154332062973018e-05
morgan_bit_0114,1.3154190838863776e-05
ecfp6_bit_0892,1.3124549107275717e-05
ecfp6_bit_0781,1.3121340860686685e-05
fcfp6_bit_0231,1.3112615622195652e-05
atom_pair_bit_0954,1.3109243416369668e-05
layered_bit_0551,1.3104430418393508e-05
erg_216,1.307712063554387e-05
maplight_morgan_0961,1.3069429427994384e-05
rdk_path_bit_0664,1.3066016454306603e-05
atom_pair_bit_0729,1.3041303458082299e-05
layered_bit_0189,1.3040142532169829e-05
avalon_count_0134,1.3025824057110923e-05
fcfp6_bit_0087,1.3024443745156318e-05
rdk_path_bit_0810,1.3023383913362488e-05
layered_bit_0865,1.3013828527311355e-05
atom_pair_bit_0544,1.3009352285714262e-05
rdk_path_bit_0185,1.300863590869223e-05
rdk_path_bit_0542,1.3004381524240765e-05
maplight_morgan_0973,1.2993829532632908e-05
ecfp6_bit_0317,1.2985992180571726e-05
ecfp6_bit_0190,1.2983698123334977e-05
ecfp6_bit_0904,1.2978053512271583e-05
rdk_path_bit_0388,1.2963521580718085e-05
layered_bit_0449,1.2960812621996626e-05
atom_pair_bit_0315,1.2955848499121947e-05
rdk_path_bit_0220,1.2950195947356903e-05
fcfp6_bit_0959,1.2939620480504952e-05
erg_286,1.2935747159202218e-05
maplight_morgan_0166,1.2932296491401254e-05
topological_torsion_bit_0436,1.293191093068946e-05
rdk_path_bit_0189,1.2925190945758195e-05
erg_063,1.2923801898300703e-05
rdk_path_bit_0464,1.2916303466642137e-05
ecfp6_bit_0575,1.2915519093845325e-05
avalon_count_0129,1.2906280000492057e-05
ecfp6_bit_0638,1.2903733653878966e-05
layered_bit_0883,1.2897837165768095e-05
morgan_bit_0626,1.2889235138793524e-05
fcfp6_bit_0416,1.2886330465164934e-05
maplight_morgan_0406,1.2882405383743612e-05
layered_bit_0100,1.2878680437017131e-05
ecfp6_bit_0610,1.2851141338443873e-05
fcfp6_bit_0321,1.2836156646203164e-05
layered_bit_0340,1.2830835674912036e-05
rdk_path_bit_0606,1.2807773736728762e-05
maplight_morgan_0888,1.2787072735071368e-05
avalon_count_0594,1.2784241691215025e-05
rdk_path_bit_0420,1.2777194324093522e-05
topological_torsion_bit_0829,1.2772331014101053e-05
atom_pair_bit_0476,1.2768337059231956e-05
layered_bit_0799,1.2755499255923801e-05
layered_bit_0665,1.2754222462289259e-05
avalon_count_0210,1.275189338762487e-05
fcfp6_bit_0357,1.274332535091198e-05
maccs_bit_057,1.2740061525578792e-05
ecfp6_bit_0283,1.2732683767848715e-05
atom_pair_bit_0230,1.2730473904016115e-05
atom_pair_bit_0930,1.273037973897417e-05
maplight_morgan_0015,1.2728964150194482e-05
atom_pair_bit_0798,1.272865303658063e-05
erg_054,1.2723961456376656e-05
layered_bit_0502,1.2722583064500523e-05
morgan_bit_0213,1.2715310530335244e-05
avalon_count_0346,1.271450625587682e-05
layered_bit_0546,1.2714438737701663e-05
atom_pair_bit_0485,1.2714152606488993e-05
atom_pair_bit_0081,1.2710358276104651e-05
layered_bit_0608,1.2709633094666865e-05
avalon_count_0637,1.2708662990895356e-05
topological_torsion_bit_0521,1.2694840861527062e-05
layered_bit_0229,1.2689655416341237e-05
erg_210,1.2677563649330008e-05
layered_bit_0138,1.2675722081498217e-05
layered_bit_0804,1.267376456799835e-05
layered_bit_0160,1.2673000822431941e-05
rdk_path_bit_0466,1.2671225452234096e-05
rdk_path_bit_0666,1.2666282704033703e-05
avalon_count_0071,1.266398250816767e-05
layered_bit_0603,1.2661338991171947e-05
layered_bit_0881,1.2650358866063884e-05
layered_bit_0285,1.2649757251863938e-05
avalon_count_0908,1.264974721501178e-05
ecfp6_bit_0041,1.2648140867415141e-05
atom_pair_bit_0896,1.2641646775852832e-05
morgan_bit_1023,1.264040630385171e-05
atom_pair_bit_0989,1.2635578575211799e-05
atom_pair_bit_1012,1.263243791289323e-05
topological_torsion_bit_0541,1.2627959107487618e-05
layered_bit_0715,1.2618233763815591e-05
atom_pair_bit_0558,1.260206803285804e-05
fcfp6_bit_0960,1.259779659120617e-05
layered_bit_0966,1.2596256410571098e-05
maccs_bit_128,1.2576823378551036e-05
ecfp6_bit_0806,1.2573928517939844e-05
ecfp6_bit_0179,1.2573319157619581e-05
atom_pair_bit_0709,1.2565481949353092e-05
layered_bit_0688,1.2562762896713505e-05
rdk_path_bit_0273,1.2556634353808351e-05
morgan_bit_0952,1.2553130562393868e-05
fcfp6_bit_0894,1.2547558899408386e-05
ecfp6_bit_0561,1.2537478621086647e-05
layered_bit_0073,1.2527135811376746e-05
ecfp6_bit_0921,1.2516825580077648e-05
rdk_path_bit_0828,1.2514686257325817e-05
layered_bit_0157,1.2510067756507684e-05
maplight_morgan_0259,1.2503829351250138e-05
layered_bit_0979,1.2502803097127223e-05
rdk_path_bit_0692,1.2499669942683552e-05
layered_bit_1020,1.2493937665913116e-05
layered_bit_0014,1.2487681434204358e-05
atom_pair_bit_0272,1.2483737995928346e-05
rdkit_NumHeterocycles,1.2475683375052426e-05
morgan_bit_0814,1.2465692151737373e-05
layered_bit_0476,1.2464676111913463e-05
layered_bit_0215,1.2461647928935175e-05
layered_bit_0054,1.243205133071228e-05
avalon_count_0517,1.2429703640685042e-05
avalon_count_0761,1.2424732850256024e-05
ecfp6_bit_0189,1.2416992891421e-05
layered_bit_0643,1.2413009546127477e-05
morgan_bit_0306,1.241267553850985e-05
layered_bit_0656,1.24089005464592e-05
fcfp6_bit_0805,1.2399395220686669e-05
fcfp6_bit_0973,1.2398692590183657e-05
layered_bit_0816,1.2379084581884304e-05
layered_bit_0115,1.2376990440177887e-05
atom_pair_bit_0590,1.2354572494914296e-05
maplight_morgan_1023,1.2353859964707906e-05
layered_bit_0962,1.2344678404150958e-05
layered_bit_0185,1.2326657695262616e-05
fcfp6_bit_0418,1.2317740627510474e-05
topological_torsion_bit_0184,1.2317650141730009e-05
layered_bit_0581,1.231754066771022e-05
rdk_path_bit_0514,1.2316076608052342e-05
topological_torsion_bit_0592,1.23028347961651e-05
layered_bit_0671,1.2290074763072555e-05
fcfp6_bit_1017,1.2286680803576209e-05
maccs_bit_160,1.2283343130576552e-05
layered_bit_0431,1.2282311825420374e-05
rdk_path_bit_0675,1.2281569007798574e-05
rdk_path_bit_0551,1.2277937664650651e-05
morgan_bit_0316,1.2275927745465726e-05
layered_bit_0794,1.2271671292844135e-05
atom_pair_bit_0294,1.2268813355580837e-05
layered_bit_0540,1.2253639993675297e-05
layered_bit_0249,1.2248647283408403e-05
rdk_path_bit_0843,1.224597721942965e-05
maccs_bit_062,1.2235422192496374e-05
fcfp6_bit_0761,1.2232738718732134e-05
layered_bit_0702,1.2231060078904468e-05
layered_bit_0477,1.2230235034136892e-05
atom_pair_bit_0176,1.2227723155778308e-05
rdk_path_bit_0744,1.2223946135325222e-05
ecfp6_bit_0035,1.2219148669413656e-05
ecfp6_bit_0187,1.2217387160258585e-05
avalon_count_0108,1.221442600522099e-05
atom_pair_bit_0464,1.2213278057256819e-05
layered_bit_0465,1.2205888807959156e-05
ecfp6_bit_0005,1.2205562540763699e-05
atom_pair_bit_0523,1.2204848401931996e-05
erg_052,1.2202335621708205e-05
layered_bit_0272,1.2200840974198738e-05
avalon_count_0849,1.2193577663973745e-05
layered_bit_0497,1.21835549836724e-05
layered_bit_0974,1.2177268984000631e-05
layered_bit_0824,1.2177208141282942e-05
rdk_path_bit_0638,1.2174522343278378e-05
atom_pair_bit_0160,1.2174387613335106e-05
rdk_path_bit_0916,1.216871099492348e-05
atom_pair_bit_0360,1.2160826710003145e-05
layered_bit_0542,1.2158791427750544e-05
atom_pair_bit_0450,1.2148922638267319e-05
avalon_count_0105,1.2147773797603591e-05
layered_bit_0168,1.21469836090218e-05
avalon_count_0356,1.2144765433773909e-05
layered_bit_0690,1.2126841913266232e-05
layered_bit_0315,1.2114208556098341e-05
rdk_path_bit_0538,1.2109157538727274e-05
fcfp6_bit_0533,1.2107088722855048e-05
atom_pair_bit_0623,1.2102737763355914e-05
avalon_count_0588,1.2094977051104692e-05
ecfp6_bit_0659,1.2091863615741525e-05
rdkit_fr_ketone,1.208928226919859e-05
ecfp6_bit_0203,1.2086533246859001e-05
layered_bit_0214,1.2083544093488735e-05
atom_pair_bit_0778,1.2080700208183891e-05
atom_pair_bit_0897,1.2079861635042423e-05
ecfp6_bit_0630,1.2076985285241125e-05
fcfp6_bit_0819,1.2056860708879365e-05
ecfp6_bit_0816,1.2054433653076354e-05
morgan_bit_0283,1.2051019151857199e-05
avalon_count_0365,1.204599573792661e-05
layered_bit_0579,1.2041716942381929e-05
layered_bit_0931,1.203927754189524e-05
layered_bit_1021,1.2035935803709204e-05
topological_torsion_bit_0029,1.2035063163465387e-05
rdk_path_bit_0003,1.2034815056663619e-05
rdk_path_bit_0290,1.2029105944284525e-05
avalon_count_0612,1.20137769867122e-05
layered_bit_0316,1.2001487229679304e-05
atom_pair_bit_0161,1.1988432052956166e-05
fcfp6_bit_0524,1.1985513730722179e-05
rdk_path_bit_0328,1.1981353811705348e-05
fcfp6_bit_0079,1.197155192007776e-05
layered_bit_0413,1.1963163190222844e-05
morgan_bit_0694,1.1957152225094003e-05
avalon_count_0035,1.1955332701935388e-05
maccs_bit_154,1.1935232548126172e-05
atom_pair_bit_0924,1.1932713742724313e-05
avalon_count_0258,1.1932686020122886e-05
avalon_count_0002,1.1932503302956526e-05
layered_bit_0942,1.1927174120782518e-05
rdk_path_bit_0950,1.1924443926331704e-05
layered_bit_0964,1.1920608807797333e-05
layered_bit_0327,1.1920122409247094e-05
avalon_count_0834,1.191517129166512e-05
avalon_count_0972,1.1914488618971247e-05
maplight_morgan_0358,1.1904542723202113e-05
rdk_path_bit_0555,1.1903631172181063e-05
fcfp6_bit_0067,1.1903552436780086e-05
avalon_count_0165,1.1901871128756251e-05
layered_bit_0598,1.1900973382363823e-05
layered_bit_0869,1.1896447739024427e-05
morgan_bit_0967,1.1895037023599632e-05
layered_bit_0107,1.1893342308364526e-05
atom_pair_bit_0278,1.1892992021197978e-05
layered_bit_0771,1.1891394769446675e-05
atom_pair_bit_1009,1.1884566984562243e-05
layered_bit_0351,1.1876722441378413e-05
atom_pair_bit_0253,1.1863177553623666e-05
rdk_path_bit_0689,1.1863151975069986e-05
rdk_path_bit_0746,1.1860899908823088e-05
avalon_count_0955,1.183941380322598e-05
layered_bit_0135,1.18335947835361e-05
ecfp6_bit_0716,1.1821767146072142e-05
layered_bit_0485,1.181991668069697e-05
atom_pair_bit_0941,1.181808398586705e-05
layered_bit_0102,1.1807924150654154e-05
avalon_count_0996,1.1807066721711156e-05
ecfp6_bit_0055,1.1796037126491507e-05
atom_pair_bit_0089,1.1792737367819396e-05
maplight_morgan_0390,1.179221421666381e-05
fcfp6_bit_0701,1.1777963680820836e-05
rdk_path_bit_0658,1.1770436239041856e-05
maplight_morgan_0200,1.177031747158003e-05
ecfp6_bit_0512,1.1769659487260771e-05
avalon_count_0213,1.1769068872575556e-05
fcfp6_bit_0074,1.176433423927687e-05
ecfp6_bit_0013,1.1755812346436609e-05
topological_torsion_bit_0329,1.175411280476633e-05
layered_bit_0345,1.175203729754816e-05
topological_torsion_bit_0654,1.1750225135909287e-05
ecfp6_bit_0583,1.1743088880055015e-05
atom_pair_bit_0770,1.1738484451291222e-05
fcfp6_bit_0498,1.1736577663632597e-05
layered_bit_0231,1.172767581771722e-05
avalon_count_0894,1.1709054091837438e-05
layered_bit_0985,1.1705100646260163e-05
atom_pair_bit_0641,1.170410671669305e-05
atom_pair_bit_0517,1.170270184011038e-05
atom_pair_bit_0961,1.1701716494839793e-05
avalon_count_0793,1.1697399961972004e-05
ecfp6_bit_0642,1.169720675364235e-05
avalon_count_0344,1.1696991734778576e-05
rdk_path_bit_0844,1.1690621370096576e-05
atom_pair_bit_0228,1.1682990504420157e-05
layered_bit_0582,1.1680367894529683e-05
layered_bit_0850,1.1678230342416786e-05
fcfp6_bit_0368,1.1676746062552845e-05
fcfp6_bit_0968,1.1674518629925674e-05
fcfp6_bit_0796,1.1672820850192059e-05
layered_bit_0068,1.1666869217261591e-05
layered_bit_0023,1.166381826839998e-05
ecfp6_bit_0500,1.1660810859400429e-05
rdk_path_bit_0855,1.1660033366352302e-05
layered_bit_0362,1.164403629582114e-05
morgan_bit_0669,1.1643645853584105e-05
topological_torsion_bit_0776,1.1615262072213597e-05
layered_bit_0177,1.1607375586394994e-05
layered_bit_0099,1.1601570470597357e-05
atom_pair_bit_0238,1.1595173369083194e-05
morgan_bit_0954,1.1593739360608652e-05
ecfp6_bit_0702,1.1591306096463105e-05
avalon_count_0118,1.158898537606253e-05
rdk_path_bit_1015,1.1584937257910988e-05
layered_bit_0268,1.158346102206036e-05
layered_bit_0672,1.158047656895023e-05
layered_bit_0253,1.157581800081437e-05
rdk_path_bit_0356,1.1565689260707254e-05
fcfp6_bit_0159,1.1561244780164286e-05
topological_torsion_bit_0285,1.1540281024414319e-05
layered_bit_0746,1.1530115627512459e-05
ecfp6_bit_0106,1.1524236902870632e-05
maplight_morgan_0723,1.1522433152112284e-05
rdk_path_bit_0074,1.1520962243596853e-05
topological_torsion_bit_0472,1.1516882489341383e-05
layered_bit_0021,1.1516123487190533e-05
layered_bit_0951,1.1514913142772488e-05
rdk_path_bit_0712,1.1513871883990454e-05
fcfp6_bit_0839,1.151049460727512e-05
layered_bit_0730,1.1509917867577355e-05
fcfp6_bit_0834,1.15005982191177e-05
atom_pair_bit_0681,1.1481377236977615e-05
topological_torsion_bit_0692,1.1477407751115259e-05
atom_pair_bit_0677,1.1466089935695503e-05
rdk_path_bit_0531,1.14650095190164e-05
atom_pair_bit_0811,1.1464266218981984e-05
erg_082,1.145713682224175e-05
layered_bit_0241,1.1449874868497347e-05
erg_148,1.1448251066086128e-05
fcfp6_bit_0401,1.1445198013465938e-05
maplight_morgan_0745,1.1440502497794918e-05
atom_pair_bit_0857,1.1437962449913687e-05
maplight_morgan_0966,1.1432558712591408e-05
ecfp6_bit_0745,1.1430246011069855e-05
ecfp6_bit_0729,1.141477219781044e-05
avalon_count_0046,1.1412317897120452e-05
ecfp6_bit_0673,1.1388537899261443e-05
morgan_bit_0488,1.1374458725369271e-05
maplight_morgan_0713,1.1371967635987865e-05
layered_bit_0111,1.1363241266025067e-05
layered_bit_0301,1.1354133697468244e-05
layered_bit_0912,1.1352329812741974e-05
fcfp6_bit_0499,1.133379103891828e-05
atom_pair_bit_0577,1.1329139644989871e-05
layered_bit_0739,1.1327072530535684e-05
avalon_count_0600,1.1324746585760696e-05
layered_bit_0638,1.132103384571249e-05
rdk_path_bit_0504,1.1309758833810392e-05
avalon_count_0535,1.127494567062819e-05
atom_pair_bit_0815,1.1273302280187807e-05
maplight_morgan_0787,1.1271287696163434e-05
layered_bit_0320,1.1262996846055225e-05
ecfp6_bit_0146,1.125851761030476e-05
maplight_morgan_0076,1.1257216466162041e-05
layered_bit_0096,1.1238794225663746e-05
atom_pair_bit_0465,1.1238256594347978e-05
layered_bit_0803,1.1236887489611913e-05
fcfp6_bit_0232,1.122936374309605e-05
maplight_morgan_0693,1.1228947715625083e-05
layered_bit_0124,1.1226163786068726e-05
avalon_count_0940,1.1214351485035953e-05
ecfp6_bit_0057,1.1214275751378438e-05
layered_bit_0635,1.1206169671491149e-05
erg_027,1.1205929438984156e-05
layered_bit_0425,1.119535259607401e-05
layered_bit_0303,1.1193155065828333e-05
atom_pair_bit_0181,1.1192908752867869e-05
atom_pair_bit_0197,1.1177265021630162e-05
layered_bit_0530,1.1173368389485888e-05
atom_pair_bit_0610,1.1163318010382255e-05
atom_pair_bit_0570,1.1160387437535355e-05
erg_008,1.1159992327808535e-05
layered_bit_0222,1.115587642328403e-05
ecfp6_bit_0318,1.1153781575739463e-05
avalon_count_0823,1.114690981283801e-05
avalon_count_0391,1.11457149613626e-05
layered_bit_0088,1.1140597166166031e-05
layered_bit_0347,1.1133746421773633e-05
layered_bit_0300,1.1132903619187918e-05
ecfp6_bit_0650,1.1129483262012902e-05
atom_pair_bit_0436,1.1114234279756398e-05
fcfp6_bit_0135,1.1107912771556247e-05
topological_torsion_bit_0972,1.1103826204701456e-05
ecfp6_bit_0627,1.110370113327402e-05
layered_bit_0661,1.1099247830474745e-05
ecfp6_bit_0142,1.1095043305858633e-05
maplight_morgan_0332,1.1092768048838926e-05
avalon_count_0701,1.107447119015895e-05
topological_torsion_bit_0820,1.1073128447629351e-05
morgan_bit_0964,1.107303819437653e-05
maplight_morgan_0698,1.1072224903490102e-05
layered_bit_0437,1.1067848563223412e-05
rdk_path_bit_0670,1.1057088058697532e-05
maplight_morgan_0534,1.1056890080367475e-05
atom_pair_bit_0738,1.105516411092578e-05
avalon_count_0927,1.1054102053526733e-05
erg_147,1.1045690855708587e-05
maplight_morgan_0179,1.1042469403312598e-05
layered_bit_0075,1.1039915518212213e-05
atom_pair_bit_0648,1.1031649801289006e-05
layered_bit_0940,1.1031263823211798e-05
maccs_bit_043,1.1030504539792283e-05
avalon_count_0190,1.101000736882268e-05
rdk_path_bit_0642,1.1009948987501937e-05
layered_bit_0807,1.1008135190225395e-05
layered_bit_0547,1.1003506595030768e-05
maplight_morgan_0811,1.0999501548345769e-05
rdk_path_bit_0624,1.0999401854508997e-05
erg_288,1.099655446612871e-05
maplight_morgan_0085,1.0992477820992805e-05
erg_030,1.099055471217469e-05
layered_bit_0216,1.096809524971153e-05
atom_pair_bit_0640,1.096245560789729e-05
atom_pair_bit_0862,1.0960893343105738e-05
topological_torsion_bit_0276,1.0960103513170422e-05
topological_torsion_bit_0536,1.0949019815352273e-05
topological_torsion_bit_0596,1.0941535344365254e-05
layered_bit_0122,1.092113626399498e-05
atom_pair_bit_0291,1.091148941487562e-05
layered_bit_0601,1.0911203750599904e-05
layered_bit_0020,1.0904357222896123e-05
layered_bit_0314,1.0901842359698458e-05
layered_bit_0924,1.0900315326371299e-05
atom_pair_bit_0383,1.089763129540439e-05
morgan_bit_0540,1.0894482736840303e-05
layered_bit_0838,1.0888901117093802e-05
fcfp6_bit_0006,1.0886493977946545e-05
avalon_count_0037,1.0879689177734165e-05
layered_bit_1019,1.0870269467701947e-05
morgan_bit_0076,1.0867382668902631e-05
layered_bit_0077,1.0859706261908908e-05
maplight_morgan_0377,1.0859015225574028e-05
topological_torsion_bit_0828,1.0852254214117896e-05
maplight_morgan_0930,1.084837523123021e-05
ecfp6_bit_0339,1.084512114933302e-05
maplight_morgan_0369,1.0830009654096632e-05
ecfp6_bit_0543,1.0817243935960088e-05
fcfp6_bit_0383,1.0816838371284155e-05
ecfp6_bit_0382,1.0814531766047393e-05
topological_torsion_bit_0708,1.0812822801799104e-05
morgan_bit_0875,1.0812056179815661e-05
morgan_bit_0377,1.0810672939288689e-05
maplight_morgan_0831,1.0809688860062396e-05
ecfp6_bit_0589,1.0802684381972852e-05
avalon_count_0768,1.0801308681812811e-05
ecfp6_bit_0956,1.0795628366088665e-05
layered_bit_0528,1.0791284024610487e-05
avalon_count_0424,1.0781990405597516e-05
maplight_morgan_1019,1.0780899548783266e-05
maccs_bit_079,1.0779534764867635e-05
avalon_count_0013,1.0773103310622696e-05
ecfp6_bit_0803,1.0773077164069071e-05
topological_torsion_bit_0633,1.0772770208246e-05
ecfp6_bit_0624,1.0769701106141552e-05
layered_bit_0318,1.076946578443367e-05
topological_torsion_bit_0665,1.072732603344182e-05
layered_bit_0458,1.0723202304290692e-05
avalon_count_0596,1.0722035601510347e-05
layered_bit_0625,1.0709574281702727e-05
topological_torsion_bit_0637,1.0707444815399747e-05
fcfp6_bit_0100,1.0701668944204916e-05
maplight_morgan_0317,1.0701668427093806e-05
layered_bit_0482,1.0692743612624183e-05
atom_pair_bit_0225,1.0686772706359107e-05
ecfp6_bit_0823,1.0686374672805733e-05
layered_bit_0512,1.06833224519946e-05
fcfp6_bit_0501,1.0676077296140824e-05
morgan_bit_1017,1.0665206365645496e-05
avalon_count_0182,1.0653347046122384e-05
fcfp6_bit_0495,1.0650389272498748e-05
rdk_path_bit_0634,1.0639238016912785e-05
fcfp6_bit_1020,1.0637155421457403e-05
fcfp6_bit_0720,1.0631869792780544e-05
layered_bit_0898,1.0620761293041577e-05
topological_torsion_bit_0048,1.06205759098508e-05
avalon_count_0349,1.061948607692274e-05
maplight_morgan_0058,1.0609577633592586e-05
rdk_path_bit_0375,1.0604655618484251e-05
rdkit_fr_C_S,1.0603164854655419e-05
maplight_morgan_0984,1.0603086883233232e-05
ecfp6_bit_0342,1.060016097707847e-05
ecfp6_bit_0230,1.0590123806552126e-05
layered_bit_0949,1.0588979617365143e-05
rdk_path_bit_0376,1.0587751712708033e-05
morgan_bit_0769,1.0581419156077705e-05
atom_pair_bit_0220,1.057878171235715e-05
ecfp6_bit_0369,1.0571287755794428e-05
rdk_path_bit_0055,1.056495390245809e-05
layered_bit_0031,1.0559185879641237e-05
layered_bit_0856,1.0549653813869644e-05
maplight_morgan_0360,1.053373035714546e-05
topological_torsion_bit_0921,1.0530410264581814e-05
layered_bit_0537,1.0529502319206247e-05
fcfp6_bit_0123,1.0521204472292865e-05
layered_bit_0955,1.0507862252012518e-05
ecfp6_bit_0981,1.0504783867117957e-05
ecfp6_bit_0881,1.0492738154417189e-05
maplight_morgan_0841,1.0491748877583994e-05
layered_bit_0173,1.0484762175179796e-05
ecfp6_bit_0909,1.0474954759150072e-05
avalon_count_0552,1.0473872693496259e-05
avalon_count_0276,1.0473490002046076e-05
layered_bit_0194,1.0473171966302595e-05
layered_bit_0409,1.046644640880342e-05
fcfp6_bit_0206,1.046482521807437e-05
morgan_bit_0317,1.0463257948739518e-05
rdk_path_bit_0266,1.045450274472358e-05
atom_pair_bit_0557,1.045314277953195e-05
atom_pair_bit_0489,1.0441571571311926e-05
atom_pair_bit_0834,1.0438724384341894e-05
avalon_count_0351,1.0438493140248648e-05
layered_bit_0481,1.0404333211895539e-05
ecfp6_bit_0277,1.0401762856300882e-05
layered_bit_0056,1.0401309189497938e-05
ecfp6_bit_0780,1.0386900395168292e-05
maccs_bit_024,1.0385926701295258e-05
layered_bit_0452,1.0384036256565683e-05
layered_bit_0731,1.0383710348503045e-05
ecfp6_bit_0935,1.0370313729285972e-05
rdk_path_bit_0236,1.0367392166071892e-05
rdkit_fr_phos_acid,1.0365743492650738e-05
layered_bit_0726,1.0361384919694642e-05
layered_bit_0008,1.035280159127241e-05
layered_bit_0785,1.0344733522592936e-05
maplight_morgan_0461,1.0338186437412395e-05
topological_torsion_bit_0576,1.033624846802193e-05
topological_torsion_bit_0416,1.0336121183233865e-05
fcfp6_bit_0360,1.0332149378634423e-05
rdk_path_bit_0026,1.0330854015092501e-05
maplight_morgan_1004,1.0323556630753972e-05
layered_bit_0710,1.0318936535048092e-05
ecfp6_bit_0169,1.0314719217460314e-05
topological_torsion_bit_0452,1.0308044080497414e-05
avalon_count_0967,1.0302732808809621e-05
layered_bit_0575,1.030134080141665e-05
rdk_path_bit_0756,1.02918189362958e-05
atom_pair_bit_0595,1.0280552907691516e-05
atom_pair_bit_0673,1.0275855369779736e-05
layered_bit_0615,1.0275346013762885e-05
maplight_morgan_0641,1.0269635983608421e-05
topological_torsion_bit_0620,1.0265848111247536e-05
ecfp6_bit_0912,1.0246744742986557e-05
maccs_bit_118,1.0234051102135533e-05
maplight_morgan_0235,1.0232558042191051e-05
layered_bit_0260,1.0231620183594862e-05
maplight_morgan_0004,1.0228862467488843e-05
layered_bit_0110,1.022585665486076e-05
layered_bit_0463,1.0223495782150663e-05
layered_bit_0237,1.0217914194843591e-05
atom_pair_bit_0477,1.021291220357649e-05
ecfp6_bit_0906,1.0211362502804353e-05
avalon_count_0362,1.0211171032962611e-05
topological_torsion_bit_0232,1.0210704968450895e-05
ecfp6_bit_0249,1.0205840961799162e-05
avalon_count_0496,1.0204612004325807e-05
topological_torsion_bit_0280,1.0201859440400115e-05
ecfp6_bit_0301,1.0197177943918243e-05
fcfp6_bit_0716,1.0189132687680627e-05
layered_bit_0680,1.0188502235749594e-05
topological_torsion_bit_0352,1.0182638372061831e-05
ecfp6_bit_0714,1.016746086019852e-05
ecfp6_bit_0639,1.0162635183654848e-05
avalon_count_0073,1.0154819952186936e-05
atom_pair_bit_0684,1.0154638001188001e-05
rdk_path_bit_0968,1.0152807537634766e-05
layered_bit_0205,1.0150644385633362e-05
avalon_count_0172,1.0148370185073567e-05
layered_bit_0588,1.0146980016326407e-05
maplight_morgan_0275,1.0134584262727364e-05
rdk_path_bit_0481,1.0123186258155308e-05
atom_pair_bit_0326,1.0121239746727843e-05
avalon_count_0997,1.0120694326737128e-05
rdk_path_bit_0470,1.0116564530817629e-05
maplight_morgan_0920,1.0111699001010826e-05
fcfp6_bit_0746,1.011118993466898e-05
morgan_bit_0128,1.010547822314235e-05
ecfp6_bit_0871,1.0096297422999476e-05
maplight_morgan_0062,1.009496576513393e-05
fcfp6_bit_0798,1.0087963820355566e-05
avalon_count_0493,1.0087722592310508e-05
topological_torsion_bit_0383,1.0084406924902994e-05
fcfp6_bit_0707,1.0075636153330049e-05
ecfp6_bit_0672,1.0071492700322688e-05
maplight_morgan_0285,1.0064396048163419e-05
fcfp6_bit_0952,1.0057891604193083e-05
topological_torsion_bit_0772,1.005704973814956e-05
fcfp6_bit_0534,1.005236865179997e-05
layered_bit_0967,1.0041545154883857e-05
ecfp6_bit_0970,1.0031788556852031e-05
topological_torsion_bit_0636,1.0029156670007219e-05
atom_pair_bit_0705,1.0029034401170946e-05
layered_bit_0621,1.0028879796186458e-05
avalon_count_0975,1.0028229012586241e-05
ecfp6_bit_0332,1.001413235226379e-05
layered_bit_0045,1.0012454807276004e-05
ecfp6_bit_0872,1.0011219967691835e-05
morgan_bit_0534,1.000277949807942e-05
fcfp6_bit_0131,1.000221689457e-05
atom_pair_bit_0936,1.0000457073822432e-05
ecfp6_bit_0967,9.999417058463348e-06
layered_bit_0154,9.995001614271852e-06
layered_bit_0828,9.993564619154042e-06
layered_bit_0405,9.98780974474671e-06
atom_pair_bit_0937,9.9840966507728e-06
layered_bit_0976,9.969638077197433e-06
ecfp6_bit_0175,9.96107163300419e-06
atom_pair_bit_0945,9.947444786481909e-06
avalon_count_0583,9.941830864868685e-06
avalon_count_0785,9.913495944505964e-06
ecfp6_bit_0928,9.911821423385986e-06
ecfp6_bit_0653,9.907476389340196e-06
ecfp6_bit_0431,9.892146425654058e-06
layered_bit_0484,9.889085749682885e-06
atom_pair_bit_0039,9.882498142122823e-06
atom_pair_bit_0994,9.87798602369533e-06
ecfp6_bit_0973,9.87253720072705e-06
ecfp6_bit_0439,9.870297221432095e-06
atom_pair_bit_0425,9.86893138928184e-06
fcfp6_bit_0889,9.863669533318368e-06
maplight_morgan_0049,9.855887394610464e-06
ecfp6_bit_0378,9.851606105192844e-06
atom_pair_bit_0925,9.8382399578891e-06
maccs_bit_078,9.821818084721442e-06
rdkit_SMR_VSA2,9.817466343114733e-06
avalon_count_0018,9.811432277966032e-06
ecfp6_bit_0924,9.808888699591324e-06
rdk_path_bit_0565,9.807609679580326e-06
fcfp6_bit_0776,9.803678523153268e-06
maplight_morgan_0423,9.793687593423353e-06
erg_036,9.785352121954465e-06
rdk_path_bit_0980,9.782917663728257e-06
layered_bit_0302,9.782176519366612e-06
atom_pair_bit_0726,9.775311017417221e-06
fcfp6_bit_0509,9.770801630798313e-06
ecfp6_bit_0282,9.768064506516258e-06
ecfp6_bit_0392,9.76233480560349e-06
morgan_bit_0379,9.751542544673508e-06
topological_torsion_bit_0076,9.750750402597507e-06
atom_pair_bit_0870,9.74951044820409e-06
ecfp6_bit_0862,9.746658294602114e-06
avalon_count_0743,9.741166839350222e-06
layered_bit_0109,9.733716068387248e-06
ecfp6_bit_0991,9.725321316066072e-06
maplight_morgan_0352,9.715098423464013e-06
atom_pair_bit_0250,9.712593491827377e-06
layered_bit_0557,9.712185601172055e-06
atom_pair_bit_0514,9.71138953684175e-06
morgan_bit_0586,9.710827453452447e-06
atom_pair_bit_0146,9.706823252894547e-06
ecfp6_bit_0015,9.699590636699888e-06
avalon_count_0808,9.688532383942579e-06
atom_pair_bit_0493,9.685598024395525e-06
layered_bit_0248,9.683192072970886e-06
erg_000,9.682989232310688e-06
ecfp6_bit_0218,9.664473801139713e-06
morgan_bit_0971,9.65973338835772e-06
topological_torsion_bit_0634,9.658133212439328e-06
ecfp6_bit_0259,9.649068755916801e-06
morgan_bit_0190,9.647151894192744e-06
ecfp6_bit_0783,9.644020295602895e-06
maplight_morgan_1009,9.627353648333982e-06
ecfp6_bit_0454,9.622792564151485e-06
maplight_morgan_0121,9.619213255261353e-06
ecfp6_bit_0165,9.618855620786175e-06
layered_bit_0937,9.617365739615337e-06
ecfp6_bit_0357,9.614940932665157e-06
layered_bit_0903,9.613082239648405e-06
rdk_path_bit_0195,9.596388560335802e-06
rdk_path_bit_0854,9.596043645627102e-06
avalon_count_0151,9.591913118510959e-06
atom_pair_bit_0273,9.585840444432079e-06
ecfp6_bit_0406,9.576345388687319e-06
fcfp6_bit_0223,9.575311800561958e-06
layered_bit_0797,9.572070982882318e-06
morgan_bit_0592,9.571115935225084e-06
atom_pair_bit_0927,9.570107822626373e-06
layered_bit_0374,9.557452169525567e-06
avalon_count_0177,9.545080711325833e-06
layered_bit_0451,9.537497058789553e-06
layered_bit_0529,9.53094118949688e-06
layered_bit_0017,9.530413950503499e-06
layered_bit_0193,9.53034992166682e-06
fcfp6_bit_0675,9.520484647174748e-06
avalon_count_0976,9.519845843821738e-06
maplight_morgan_0383,9.513448684627913e-06
maplight_morgan_0737,9.513142629499435e-06
ecfp6_bit_0771,9.513048438213993e-06
erg_164,9.512445459838687e-06
maplight_morgan_0820,9.511942060780775e-06
atom_pair_bit_0185,9.503055526209682e-06
layered_bit_0968,9.499437424042089e-06
avalon_count_0400,9.493726692064488e-06
atom_pair_bit_0145,9.490411805108037e-06
atom_pair_bit_0551,9.488742465470784e-06
avalon_count_0541,9.485417572152608e-06
avalon_count_0640,9.476922024786469e-06
maplight_morgan_0362,9.473516685300235e-06
layered_bit_0010,9.473316939381805e-06
ecfp6_bit_0076,9.470414775295035e-06
morgan_bit_0804,9.463373601711595e-06
maplight_morgan_0664,9.458738423643532e-06
layered_bit_0888,9.448094085733374e-06
atom_pair_bit_0997,9.44573141075743e-06
avalon_count_0003,9.445560307170244e-06
atom_pair_bit_0693,9.438232084788013e-06
maplight_morgan_0855,9.431388865251914e-06
topological_torsion_bit_0516,9.427481594030873e-06
maplight_morgan_0530,9.427096569870488e-06
maplight_morgan_0574,9.422020964637692e-06
atom_pair_bit_0882,9.412500456272271e-06
layered_bit_0639,9.407399499227992e-06
topological_torsion_bit_0396,9.40731247818194e-06
topological_torsion_bit_0460,9.397167999713458e-06
layered_bit_0784,9.39188700508947e-06
avalon_count_0393,9.387223601506746e-06
fcfp6_bit_0010,9.383523878229964e-06
ecfp6_bit_0396,9.381557190232845e-06
topological_torsion_bit_0641,9.381071491247969e-06
topological_torsion_bit_0588,9.379850343018187e-06
ecfp6_bit_0232,9.366486268679809e-06
layered_bit_0180,9.365402269692425e-06
layered_bit_0201,9.345870768815198e-06
ecfp6_bit_0615,9.345074068998217e-06
atom_pair_bit_0875,9.344340766040898e-06
layered_bit_0400,9.343301968018062e-06
fcfp6_bit_0911,9.334679479931106e-06
erg_132,9.330399042689414e-06
morgan_bit_0692,9.326074273107704e-06
ecfp6_bit_0340,9.321841298218786e-06
fcfp6_bit_0664,9.314643174273785e-06
erg_169,9.312908513090525e-06
atom_pair_bit_0904,9.312632261191778e-06
avalon_count_0530,9.303679547048854e-06
erg_262,9.300124997559599e-06
fcfp6_bit_0539,9.296900392404336e-06
layered_bit_0041,9.295992281644976e-06
atom_pair_bit_0887,9.292708172584732e-06
atom_pair_bit_0306,9.288120202935067e-06
atom_pair_bit_0819,9.280802914415589e-06
ecfp6_bit_0468,9.27878808818914e-06
fcfp6_bit_0955,9.277731031877459e-06
fcfp6_bit_0037,9.275642342036483e-06
layered_bit_0479,9.268675890789278e-06
fcfp6_bit_0403,9.268280754098724e-06
maccs_bit_055,9.263052793120933e-06
fcfp6_bit_0165,9.260856637488595e-06
topological_torsion_bit_0773,9.25721277499732e-06
rdk_path_bit_0032,9.251549463178066e-06
layered_bit_0767,9.248566988548837e-06
layered_bit_0887,9.238305716150061e-06
ecfp6_bit_0984,9.236242274915944e-06
atom_pair_bit_0358,9.226523788890961e-06
ecfp6_bit_0557,9.226106104048664e-06
topological_torsion_bit_0308,9.224214071147497e-06
layered_bit_0372,9.220734919384002e-06
rdk_path_bit_0040,9.216833917689371e-06
maplight_morgan_0065,9.212542034377696e-06
layered_bit_0871,9.211227523010627e-06
atom_pair_bit_0086,9.209041786987286e-06
morgan_bit_0713,9.20899434502034e-06
ecfp6_bit_0975,9.181370997783678e-06
layered_bit_0103,9.180306624316314e-06
ecfp6_bit_0674,9.175658153432633e-06
maccs_bit_041,9.164949910169304e-06
layered_bit_0258,9.163036503390312e-06
ecfp6_bit_0222,9.161489914899965e-06
maccs_bit_042,9.160862522319084e-06
atom_pair_bit_0835,9.157143369029482e-06
avalon_count_0614,9.155915196601847e-06
layered_bit_0783,9.155818115092464e-06
layered_bit_0896,9.154715742927656e-06
ecfp6_bit_0835,9.15442524734355e-06
morgan_bit_0881,9.146966644254524e-06
ecfp6_bit_0167,9.144081651436276e-06
ecfp6_bit_0032,9.140844147221405e-06
layered_bit_0686,9.13985206594801e-06
layered_bit_0932,9.126856709866053e-06
ecfp6_bit_0367,9.116909467077446e-06
layered_bit_0391,9.11404693495951e-06
layered_bit_0447,9.113215613115985e-06
ecfp6_bit_0361,9.093525812389083e-06
layered_bit_0186,9.093454053638149e-06
layered_bit_0120,9.086880139209968e-06
morgan_bit_0145,9.079683160041873e-06
topological_torsion_bit_0432,9.073868641727698e-06
layered_bit_0388,9.072871171311826e-06
layered_bit_0263,9.067845135815722e-06
ecfp6_bit_0846,9.063380108093292e-06
fcfp6_bit_1009,9.06202896457354e-06
topological_torsion_bit_0762,9.052203663442979e-06
layered_bit_0127,9.051128472765533e-06
morgan_bit_0512,9.050232268239862e-06
fcfp6_bit_0189,9.04945131698492e-06
layered_bit_0916,9.035418728647956e-06
topological_torsion_bit_0761,9.03273747019639e-06
fcfp6_bit_0476,9.029948437414173e-06
layered_bit_0247,9.025082525388494e-06
morgan_bit_0427,9.022583486071973e-06
layered_bit_0064,9.014240760063523e-06
atom_pair_bit_0657,9.004884074847962e-06
maplight_morgan_0351,8.998387886321833e-06
morgan_bit_0005,8.993298893329466e-06
ecfp6_bit_0214,8.990514978524853e-06
morgan_bit_0737,8.98620946073964e-06
ecfp6_bit_0027,8.986188783658999e-06
avalon_count_0425,8.985386578077832e-06
fcfp6_bit_0323,8.975546697083255e-06
maplight_morgan_0164,8.965791307751381e-06
ecfp6_bit_0811,8.965492357127179e-06
layered_bit_0606,8.964975225635714e-06
morgan_bit_0838,8.961823571965858e-06
avalon_count_0385,8.955161852634403e-06
erg_146,8.9532050652791e-06
atom_pair_bit_0854,8.95001559067406e-06
fcfp6_bit_0936,8.94870282011828e-06
atom_pair_bit_0063,8.947067001290798e-06
rdk_path_bit_0351,8.935859165505464e-06
atom_pair_bit_0463,8.92756843455655e-06
avalon_count_0995,8.926400212389408e-06
maplight_morgan_0746,8.925816363730539e-06
ecfp6_bit_0976,8.925120859486232e-06
maplight_morgan_0322,8.91857582755149e-06
fcfp6_bit_0560,8.917414823903514e-06
layered_bit_0770,8.916916593921713e-06
rdk_path_bit_0861,8.916083545497332e-06
ecfp6_bit_0667,8.915302739825047e-06
ecfp6_bit_0914,8.9089881262919e-06
ecfp6_bit_0686,8.906054814721898e-06
layered_bit_0534,8.89740521471068e-06
rdk_path_bit_0382,8.890375210495628e-06
ecfp6_bit_0913,8.875856862326646e-06
morgan_bit_0276,8.872791075912409e-06
layered_bit_0457,8.866344136885646e-06
layered_bit_0890,8.862193403312128e-06
layered_bit_0153,8.857969165925923e-06
rdk_path_bit_0590,8.855276531162807e-06
layered_bit_0629,8.850380197304297e-06
ecfp6_bit_0390,8.839849494438505e-06
morgan_bit_0118,8.833138680952074e-06
ecfp6_bit_1018,8.82663212909706e-06
topological_torsion_bit_0849,8.811819845829533e-06
fcfp6_bit_0651,8.800268409364993e-06
atom_pair_bit_0846,8.795310612868213e-06
atom_pair_bit_0707,8.793409775771063e-06
avalon_count_0107,8.788005255662368e-06
ecfp6_bit_0953,8.784804872025944e-06
layered_bit_0016,8.771823053972425e-06
topological_torsion_bit_0553,8.762147207359317e-06
layered_bit_0353,8.755733497343703e-06
morgan_bit_0794,8.7429090832193e-06
fcfp6_bit_0307,8.739880322546874e-06
avalon_count_0567,8.738219008494533e-06
avalon_count_0217,8.73693187161827e-06
topological_torsion_bit_0572,8.727294417623983e-06
ecfp6_bit_0923,8.72194281309896e-06
maplight_morgan_0329,8.720723102686354e-06
layered_bit_0003,8.718402190680579e-06
ecfp6_bit_0852,8.717940580602751e-06
topological_torsion_bit_0622,8.715386845308427e-06
avalon_count_0674,8.711600773559918e-06
morgan_bit_0082,8.709139585335172e-06
maplight_morgan_0638,8.706756684446895e-06
maplight_morgan_0910,8.706633471482432e-06
atom_pair_bit_0953,8.700148292160184e-06
ecfp6_bit_0559,8.69507348765312e-06
layered_bit_0428,8.694119275205203e-06
topological_torsion_bit_0941,8.693778792145098e-06
topological_torsion_bit_0748,8.688302197416067e-06
maplight_morgan_0496,8.68559575755415e-06
layered_bit_0809,8.683255888569153e-06
ecfp6_bit_0793,8.679055443533858e-06
rdk_path_bit_0782,8.677464799637608e-06
avalon_count_0236,8.673738900732458e-06
atom_pair_bit_0909,8.660590955911222e-06
erg_217,8.659444138034094e-06
morgan_bit_0137,8.656755712388863e-06
layered_bit_0922,8.655190178353603e-06
ecfp6_bit_0227,8.651500056823309e-06
ecfp6_bit_0191,8.649588722436618e-06
rdk_path_bit_0905,8.64389449749132e-06
atom_pair_bit_0396,8.64092792340724e-06
topological_torsion_bit_0720,8.637916059822938e-06
fcfp6_bit_0645,8.633435938980649e-06
rdk_path_bit_1004,8.630863076308239e-06
ecfp6_bit_0864,8.628676655705186e-06
ecfp6_bit_0978,8.628121368370621e-06
morgan_bit_0871,8.625366163698562e-06
topological_torsion_bit_1012,8.623891659667753e-06
fcfp6_bit_0808,8.623632237560174e-06
morgan_bit_0345,8.618776776320308e-06
layered_bit_0911,8.612414020349132e-06
ecfp6_bit_0004,8.611579875252666e-06
avalon_count_0923,8.611099584033481e-06
avalon_count_0735,8.610601534105674e-06
ecfp6_bit_0754,8.609830226164628e-06
atom_pair_bit_0217,8.609613874432414e-06
erg_287,8.608099416484239e-06
fcfp6_bit_0583,8.600981665944207e-06
layered_bit_0752,8.598086102005427e-06
atom_pair_bit_0071,8.594894278170028e-06
avalon_count_0382,8.585994019671428e-06
atom_pair_bit_0270,8.585727498272959e-06
ecfp6_bit_0831,8.585405178952066e-06
layered_bit_0494,8.58068384110374e-06
ecfp6_bit_0170,8.571968201743611e-06
rdkit_fr_phenol_noOrthoHbond,8.565349905306644e-06
avalon_count_0245,8.563390600327003e-06
layered_bit_0131,8.56035176538923e-06
ecfp6_bit_0133,8.557630806928029e-06
atom_pair_bit_0345,8.557565285073856e-06
rdk_path_bit_0461,8.545604077446326e-06
morgan_bit_0718,8.538494615540889e-06
ecfp6_bit_0708,8.53432288227367e-06
layered_bit_0105,8.531585354662665e-06
layered_bit_0753,8.530810273897464e-06
layered_bit_0521,8.527554684712529e-06
fcfp6_bit_0565,8.526205782597006e-06
morgan_bit_0780,8.524466437773458e-06
avalon_count_0460,8.524155105369686e-06
avalon_count_0620,8.522804387779442e-06
morgan_bit_0369,8.515051173565726e-06
erg_274,8.507755980776487e-06
morgan_bit_0960,8.497310291202102e-06
atom_pair_bit_0210,8.49659781817475e-06
atom_pair_bit_0173,8.495225617671336e-06
topological_torsion_bit_0764,8.495130909250609e-06
atom_pair_bit_0861,8.493365127249189e-06
rdk_path_bit_0620,8.489117470729373e-06
atom_pair_bit_0883,8.483800115086492e-06
atom_pair_bit_0956,8.483461273776959e-06
ecfp6_bit_0888,8.483003960081108e-06
morgan_bit_0803,8.47640331462975e-06
maplight_morgan_0714,8.466093654430953e-06
maplight_morgan_0488,8.457646355870687e-06
atom_pair_bit_0649,8.455663854778574e-06
fcfp6_bit_0949,8.454377279600841e-06
avalon_count_0415,8.453648094357832e-06
layered_bit_0329,8.452761595263865e-06
maplight_morgan_0023,8.45243455148588e-06
ecfp6_bit_0625,8.449712235220595e-06
avalon_count_0715,8.44166492562621e-06
ecfp6_bit_0042,8.44007960082908e-06
layered_bit_0352,8.437471129461833e-06
ecfp6_bit_0949,8.43665210751423e-06
atom_pair_bit_0263,8.419569428798447e-06
maplight_morgan_0619,8.418528833356801e-06
topological_torsion_bit_0189,8.411037536584617e-06
atom_pair_bit_0971,8.40368897721029e-06
atom_pair_bit_0287,8.402006257112904e-06
fcfp6_bit_0396,8.401090356511925e-06
atom_pair_bit_0153,8.398462233480607e-06
avalon_count_0804,8.397673490010005e-06
fcfp6_bit_0927,8.39068866083069e-06
avalon_count_0249,8.389855284923494e-06
topological_torsion_bit_0788,8.38941567303502e-06
layered_bit_0576,8.388363902176017e-06
rdk_path_bit_0681,8.379596872174358e-06
avalon_count_0860,8.378341392247983e-06
maccs_bit_068,8.37326798670688e-06
layered_bit_0468,8.356370528753097e-06
ecfp6_bit_0388,8.35610899110246e-06
erg_084,8.351928845497514e-06
layered_bit_0874,8.344355115082893e-06
erg_038,8.34245696956807e-06
rdkit_NumAromaticRings,8.340230201001844e-06
avalon_count_0915,8.33891002037075e-06
fcfp6_bit_0399,8.325899490047378e-06
morgan_bit_0350,8.318552812339209e-06
rdk_path_bit_0294,8.313091014931951e-06
maplight_morgan_0578,8.308749154162212e-06
rdk_path_bit_0046,8.307405961985372e-06
rdkit_fr_alkyl_halide,8.30085755300472e-06
rdk_path_bit_0521,8.300423577735465e-06
fcfp6_bit_0881,8.300062091342027e-06
layered_bit_0820,8.292913642723932e-06
maplight_morgan_0375,8.292609355949808e-06
fcfp6_bit_0554,8.288144427704145e-06
fcfp6_bit_0047,8.282848321921544e-06
topological_torsion_bit_0528,8.278597147725454e-06
avalon_count_0467,8.277996085174977e-06
topological_torsion_bit_0204,8.27131742733335e-06
ecfp6_bit_0640,8.270857427637463e-06
ecfp6_bit_0979,8.263758918754824e-06
avalon_count_0070,8.2622057998104e-06
topological_torsion_bit_0725,8.259816407225354e-06
morgan_bit_0384,8.259578297269877e-06
ecfp6_bit_0968,8.25397999775553e-06
avalon_count_0725,8.232008117944815e-06
ecfp6_bit_0325,8.230713364336223e-06
ecfp6_bit_1004,8.230386688432476e-06
layered_bit_0787,8.221956593317946e-06
ecfp6_bit_0623,8.219430139916089e-06
topological_torsion_bit_0093,8.213522340346456e-06
fcfp6_bit_0225,8.207008877316232e-06
layered_bit_0832,8.201020011909615e-06
layered_bit_0383,8.194648073121108e-06
layered_bit_0978,8.194283350327969e-06
maplight_morgan_0473,8.194209396900047e-06
fcfp6_bit_0228,8.188287050699601e-06
avalon_count_0784,8.183623859242695e-06
layered_bit_0060,8.17836717158162e-06
morgan_bit_0975,8.177548244251407e-06
ecfp6_bit_0919,8.172514063845447e-06
maplight_morgan_0616,8.169364417325081e-06
layered_bit_0873,8.164722736045055e-06
topological_torsion_bit_0544,8.157510413463666e-06
maplight_morgan_0366,8.154680782800247e-06
maccs_bit_053,8.142081832132046e-06
fcfp6_bit_0892,8.135833872438738e-06
fcfp6_bit_0656,8.131537781052328e-06
erg_144,8.130631005027616e-06
atom_pair_bit_0254,8.130146654704712e-06
fcfp6_bit_0039,8.124201057071005e-06
avalon_count_0655,8.122314564377462e-06
atom_pair_bit_0661,8.1220430034129e-06
maplight_morgan_0378,8.109070291371776e-06
avalon_count_0459,8.10671121688774e-06
ecfp6_bit_0613,8.10654124041254e-06
erg_087,8.104353375647228e-06
layered_bit_0126,8.100062495032138e-06
ecfp6_bit_0767,8.090975046889553e-06
avalon_count_0797,8.087774620824987e-06
layered_bit_0356,8.076612831416083e-06
avalon_count_0402,8.06859768144387e-06
maplight_morgan_0803,8.067521388811444e-06
morgan_bit_0015,8.064696046616617e-06
topological_torsion_bit_0584,8.062228599638778e-06
layered_bit_0904,8.05950928299479e-06
fcfp6_bit_0708,8.051048953205154e-06
atom_pair_bit_0535,8.045524415062516e-06
layered_bit_0861,8.044748281390704e-06
layered_bit_0206,8.04305789478738e-06
ecfp6_bit_0792,8.041720919995384e-06
ecfp6_bit_0375,8.03664042248131e-06
layered_bit_0456,8.035247980424044e-06
ecfp6_bit_0144,8.03476463692678e-06
morgan_bit_0841,8.032488328635111e-06
atom_pair_bit_0262,8.023663806910954e-06
avalon_count_0399,8.021208161952067e-06
ecfp6_bit_0104,8.0208859665667e-06
fcfp6_bit_0169,8.016115067286546e-06
erg_198,8.015772293734692e-06
layered_bit_0984,8.012015119990367e-06
layered_bit_0652,8.011682080886145e-06
topological_torsion_bit_0928,8.011364503777017e-06
avalon_count_0677,8.008360973736628e-06
morgan_bit_0058,8.002745168178668e-06
fcfp6_bit_0276,8.000257426334565e-06
maplight_morgan_0520,7.999299783712078e-06
maplight_morgan_0689,7.993459978090821e-06
fcfp6_bit_1021,7.98941294205657e-06
ecfp6_bit_0604,7.988794318542395e-06
ecfp6_bit_0769,7.985431882749556e-06
layered_bit_0430,7.982469044673568e-06
layered_bit_1018,7.974429297731341e-06
maccs_bit_047,7.965327341137468e-06
avalon_count_0632,7.96228854125981e-06
maplight_morgan_0140,7.959728874549759e-06
layered_bit_0757,7.958738555354102e-06
layered_bit_0727,7.957005495931355e-06
maplight_morgan_0937,7.954733530680711e-06
morgan_bit_0334,7.948138123830445e-06
fcfp6_bit_0995,7.944668837595998e-06
layered_bit_0708,7.940847619550313e-06
atom_pair_bit_0413,7.937602708988517e-06
topological_torsion_bit_0597,7.935920043774147e-06
rdkit_fr_phos_ester,7.935035294802408e-06
layered_bit_0454,7.934170101024067e-06
maplight_morgan_0730,7.933971526134501e-06
layered_bit_0282,7.930795698718698e-06
morgan_bit_0457,7.926937023375365e-06
rdk_path_bit_0530,7.921003770549036e-06
maplight_morgan_0583,7.920457482416093e-06
maccs_bit_066,7.918824733620572e-06
layered_bit_0697,7.918813889132831e-06
ecfp6_bit_0886,7.915049599189869e-06
atom_pair_bit_0717,7.910644328801641e-06
avalon_count_0408,7.904829616047419e-06
fcfp6_bit_0943,7.903506113650137e-06
maplight_morgan_0940,7.890796919506858e-06
layered_bit_0343,7.888180136509704e-06
layered_bit_1003,7.886802073617125e-06
ecfp6_bit_0331,7.878742809054815e-06
atom_pair_bit_0706,7.870812503518938e-06
ecfp6_bit_0049,7.86967295899563e-06
layered_bit_0139,7.867392632448021e-06
layered_bit_0009,7.864734693071212e-06
ecfp6_bit_0875,7.858766744372868e-06
layered_bit_0223,7.857056046402626e-06
maplight_morgan_0667,7.853733470855696e-06
layered_bit_0219,7.842036628024355e-06
topological_torsion_bit_0445,7.837343213470497e-06
ecfp6_bit_0028,7.83438350921914e-06
layered_bit_0081,7.82951330403135e-06
ecfp6_bit_0341,7.829170823619656e-06
fcfp6_bit_0704,7.826198116132663e-06
fcfp6_bit_0862,7.815610673893242e-06
topological_torsion_bit_0188,7.802170841982272e-06
morgan_bit_0328,7.79838830864907e-06
avalon_count_0057,7.796556106484248e-06
avalon_count_0744,7.789105134093842e-06
topological_torsion_bit_0512,7.785285877130408e-06
layered_bit_0597,7.785126420364451e-06
ecfp6_bit_0940,7.763429217111804e-06
avalon_count_0601,7.762217519785263e-06
morgan_bit_0931,7.74993925619382e-06
ecfp6_bit_0197,7.749053832503964e-06
layered_bit_0735,7.748425022925072e-06
ecfp6_bit_0381,7.745001372245724e-06
ecfp6_bit_0083,7.74373641406872e-06
maplight_morgan_0245,7.739950073885476e-06
morgan_bit_0906,7.73184197795333e-06
fcfp6_bit_0331,7.731709811191306e-06
erg_300,7.730268475859442e-06
avalon_count_0297,7.727788227271438e-06
maplight_morgan_0685,7.714236172833381e-06
ecfp6_bit_0882,7.708247257085173e-06
morgan_bit_0416,7.705816229037035e-06
rdkit_NumAliphaticRings,7.70168794558485e-06
ecfp6_bit_0954,7.691847046640175e-06
avalon_count_0321,7.690013751776565e-06
layered_bit_0493,7.678423136089304e-06
topological_torsion_bit_0537,7.67254417102134e-06
fcfp6_bit_0173,7.670253397530433e-06
avalon_count_0256,7.667179111664744e-06
fcfp6_bit_0920,7.662936555882803e-06
fcfp6_bit_0005,7.66174105475827e-06
fcfp6_bit_0563,7.651749190078495e-06
morgan_bit_0085,7.651112682428897e-06
layered_bit_0674,7.649134495758515e-06
layered_bit_0394,7.648455036985794e-06
layered_bit_0043,7.64564422174176e-06
maccs_bit_144,7.643664631443849e-06
fcfp6_bit_0256,7.643351598883918e-06
avalon_count_1014,7.642017831827295e-06
maplight_morgan_0573,7.639522441819218e-06
layered_bit_0012,7.6278178741157135e-06
maplight_morgan_0904,7.624914827387529e-06
topological_torsion_bit_0404,7.618626520515612e-06
atom_pair_bit_0177,7.614973660606468e-06
layered_bit_0392,7.614918098057127e-06
ecfp6_bit_0140,7.614589393169583e-06
topological_torsion_bit_0852,7.614395206275407e-06
fcfp6_bit_0598,7.604654062067399e-06
layered_bit_0520,7.604490042682945e-06
morgan_bit_0066,7.601973897672527e-06
topological_torsion_bit_0457,7.60180416168143e-06
fcfp6_bit_0593,7.601600167795215e-06
ecfp6_bit_0290,7.5988714344713905e-06
ecfp6_bit_0323,7.594598852499951e-06
avalon_count_0124,7.5897766611061465e-06
maplight_morgan_0959,7.5850727344529805e-06
avalon_count_0138,7.58036123157237e-06
fcfp6_bit_0260,7.579887952388309e-06
maplight_morgan_0116,7.579667694353568e-06
layered_bit_0776,7.574335297216607e-06
fcfp6_bit_0655,7.56522950426086e-06
morgan_bit_0667,7.544116254773429e-06
ecfp6_bit_0971,7.5424521808504625e-06
atom_pair_bit_0757,7.5301612904647715e-06
layered_bit_0814,7.528852028244913e-06
avalon_count_0733,7.515650950541049e-06
layered_bit_0042,7.5139999587663755e-06
ecfp6_bit_0540,7.511103659632177e-06
maplight_morgan_0109,7.50753414440237e-06
layered_bit_0864,7.5072124495592015e-06
maplight_morgan_0367,7.50093223087082e-06
atom_pair_bit_0986,7.499324321272815e-06
topological_torsion_bit_0765,7.495533827721177e-06
ecfp6_bit_0728,7.491754160734653e-06
ecfp6_bit_0155,7.483938953638502e-06
erg_184,7.483231060072401e-06
layered_bit_0416,7.480292847746719e-06
avalon_count_0047,7.4683702590868846e-06
ecfp6_bit_0213,7.46770008425248e-06
atom_pair_bit_0127,7.459679086128324e-06
maplight_morgan_0659,7.45516899689949e-06
atom_pair_bit_0128,7.455106007375988e-06
atom_pair_bit_0926,7.454125838725546e-06
maplight_morgan_0334,7.451177965772612e-06
atom_pair_bit_0051,7.448913393627878e-06
avalon_count_0173,7.439168595734827e-06
avalon_count_0398,7.438427072441079e-06
ecfp6_bit_0066,7.438155422111388e-06
topological_torsion_bit_0004,7.437135410839169e-06
ecfp6_bit_0377,7.4363110913429365e-06
morgan_bit_0214,7.4326116803261905e-06
morgan_bit_0205,7.4311712001251794e-06
layered_bit_0926,7.430922703723727e-06
rdk_path_bit_0263,7.427855635098232e-06
avalon_count_0544,7.424878297972908e-06
ecfp6_bit_0438,7.419213007911979e-06
layered_bit_0701,7.417834777130424e-06
topological_torsion_bit_0373,7.411744310913737e-06
fcfp6_bit_0428,7.411350049258144e-06
topological_torsion_bit_0036,7.406896891411973e-06
ecfp6_bit_0123,7.402799069189941e-06
atom_pair_bit_1002,7.398790783785129e-06
topological_torsion_bit_0538,7.396694925952762e-06
topological_torsion_bit_0533,7.396576328450877e-06
layered_bit_0145,7.3940570219928725e-06
avalon_count_0409,7.393595236510685e-06
fcfp6_bit_0381,7.392325047580388e-06
layered_bit_0973,7.391854228834006e-06
rdk_path_bit_0389,7.390953437719421e-06
ecfp6_bit_0433,7.389052281516633e-06
fcfp6_bit_0609,7.38234298075955e-06
fcfp6_bit_0193,7.369961310204786e-06
topological_torsion_bit_0293,7.364325422005651e-06
topological_torsion_bit_0729,7.363686687012886e-06
avalon_count_0754,7.358778444664485e-06
topological_torsion_bit_0616,7.35703547735033e-06
layered_bit_0072,7.3555077686002985e-06
atom_pair_bit_0742,7.354920275821368e-06
layered_bit_0946,7.354596667050127e-06
ecfp6_bit_0209,7.353167027908155e-06
topological_torsion_bit_0598,7.345844921971005e-06
ecfp6_bit_0014,7.340028621316816e-06
topological_torsion_bit_0845,7.338117273123767e-06
fcfp6_bit_0500,7.338095633941812e-06
maplight_morgan_0244,7.336714100240221e-06
fcfp6_bit_0089,7.330430924634987e-06
maplight_morgan_0691,7.32796937173448e-06
ecfp6_bit_0031,7.326531305192657e-06
fcfp6_bit_0327,7.323415862735113e-06
ecfp6_bit_0362,7.308987237052121e-06
atom_pair_bit_0338,7.306854589864097e-06
fcfp6_bit_0274,7.301549222613203e-06
rdk_path_bit_0363,7.300697640042086e-06
layered_bit_0712,7.297333408402501e-06
ecfp6_bit_0766,7.2957980392180744e-06
morgan_bit_0968,7.2951206115268004e-06
layered_bit_0648,7.294925210401719e-06
ecfp6_bit_0504,7.28819195504944e-06
avalon_count_0024,7.28134517771545e-06
avalon_count_0431,7.274708631530894e-06
fcfp6_bit_0436,7.273537874641169e-06
maplight_morgan_0978,7.25351209992203e-06
layered_bit_0958,7.251000454412283e-06
topological_torsion_bit_0552,7.2504650119217435e-06
topological_torsion_bit_0892,7.249796752843029e-06
ecfp6_bit_0679,7.249418626084683e-06
avalon_count_0307,7.231527122382078e-06
topological_torsion_bit_0556,7.2258667939786854e-06
morgan_bit_0700,7.224492734932738e-06
avalon_count_0367,7.219707301640243e-06
morgan_bit_0397,7.218819022786177e-06
morgan_bit_0420,7.213022959959055e-06
layered_bit_0498,7.211135763798354e-06
layered_bit_0761,7.210826397820139e-06
fcfp6_bit_0684,7.207644880064614e-06
maplight_morgan_0974,7.202644644519751e-06
ecfp6_bit_0698,7.200548586381143e-06
ecfp6_bit_0814,7.199626015845717e-06
ecfp6_bit_0922,7.199340442533902e-06
fcfp6_bit_0386,7.19188569843746e-06
ecfp6_bit_0498,7.191390166949969e-06
maccs_bit_098,7.1895197984766055e-06
fcfp6_bit_0728,7.185234379226292e-06
topological_torsion_bit_0524,7.1824867125285015e-06
maplight_morgan_0250,7.1804070177825875e-06
maplight_morgan_0037,7.169521886067752e-06
avalon_count_0270,7.1586633567248715e-06
atom_pair_bit_0226,7.155237159202514e-06
atom_pair_bit_0123,7.1534080549961935e-06
maplight_morgan_0493,7.1475636976419086e-06
morgan_bit_0250,7.1453957547593175e-06
maplight_morgan_0932,7.14348536924368e-06
fcfp6_bit_0908,7.1348559685320735e-06
avalon_count_0843,7.134199549413727e-06
maplight_morgan_0339,7.132896452102828e-06
maplight_morgan_0194,7.129458878201286e-06
topological_torsion_bit_0817,7.1291804750654255e-06
topological_torsion_bit_0816,7.128619354070152e-06
avalon_count_0631,7.1286037962637555e-06
ecfp6_bit_0461,7.12675377933345e-06
layered_bit_0981,7.125275424216969e-06
ecfp6_bit_1015,7.122583361912901e-06
layered_bit_0155,7.113422799175512e-06
atom_pair_bit_0466,7.112764072518847e-06
fcfp6_bit_0650,7.101346367627487e-06
ecfp6_bit_0841,7.098591552610383e-06
morgan_bit_0605,7.0962941142926115e-06
maplight_morgan_0708,7.0939843057746e-06
maplight_morgan_0438,7.0935284813001286e-06
fcfp6_bit_0337,7.091180120379048e-06
avalon_count_0666,7.0878111458182205e-06
layered_bit_0179,7.087760421904924e-06
atom_pair_bit_0239,7.084067164694632e-06
fcfp6_bit_0760,7.082709930650048e-06
topological_torsion_bit_0612,7.082654984415307e-06
layered_bit_1013,7.076792728315791e-06
morgan_bit_0164,7.075702232599772e-06
atom_pair_bit_0433,7.073782792013155e-06
avalon_count_0956,7.072597352197712e-06
avalon_count_0626,7.070720689050182e-06
morgan_bit_0781,7.0693286685381374e-06
rdk_path_bit_0865,7.06920527180098e-06
layered_bit_0653,7.067211592677569e-06
avalon_count_0054,7.061095051147602e-06
layered_bit_0273,7.0559750242810005e-06
layered_bit_0637,7.054544614840712e-06
layered_bit_0819,7.048046121007064e-06
ecfp6_bit_0778,7.04786072285037e-06
maccs_bit_121,7.047820064478726e-06
ecfp6_bit_0573,7.04204708702243e-06
maplight_morgan_0601,7.032143233879582e-06
ecfp6_bit_0252,7.023129036598153e-06
avalon_count_0643,7.022537318709119e-06
fcfp6_bit_0719,7.02055650103688e-06
erg_037,7.018359758715873e-06
topological_torsion_bit_0661,7.0169247449501385e-06
ecfp6_bit_0145,7.0149484279180405e-06
topological_torsion_bit_0510,7.00838077101897e-06
avalon_count_0689,7.008046803409058e-06
atom_pair_bit_0093,6.994241259784568e-06
maplight_morgan_0091,6.987493320282123e-06
avalon_count_0941,6.983196040624765e-06
layered_bit_0334,6.977981758665021e-06
fcfp6_bit_0441,6.972947552873403e-06
maplight_morgan_0512,6.968476727204697e-06
ecfp6_bit_0194,6.9648456520158656e-06
atom_pair_bit_0606,6.96209392723095e-06
morgan_bit_0561,6.9601076469148215e-06
topological_torsion_bit_0400,6.959855108391144e-06
ecfp6_bit_0073,6.957514853433601e-06
avalon_count_0098,6.9569629829070455e-06
layered_bit_0461,6.954075857150375e-06
layered_bit_0474,6.9384642920677146e-06
avalon_count_0131,6.932773735517969e-06
morgan_bit_0532,6.932348523140478e-06
maplight_morgan_0225,6.929358709066515e-06
atom_pair_bit_0574,6.923428065564976e-06
fcfp6_bit_0322,6.915164748261818e-06
fcfp6_bit_0702,6.914207706179999e-06
layered_bit_0827,6.912668443594607e-06
fcfp6_bit_0020,6.909864132059419e-06
avalon_count_0044,6.909122368602011e-06
ecfp6_bit_0327,6.90513124333682e-06
layered_bit_0920,6.90411950913385e-06
maplight_morgan_0191,6.90097282212102e-06
atom_pair_bit_0073,6.898446422913478e-06
fcfp6_bit_0233,6.892712891866039e-06
fcfp6_bit_0341,6.885667842379488e-06
morgan_bit_0745,6.877487082594185e-06
morgan_bit_0697,6.877166520242573e-06
avalon_count_0611,6.872207762397319e-06
atom_pair_bit_0094,6.87103770284884e-06
topological_torsion_bit_0157,6.87048885088945e-06
avalon_count_0304,6.86349986868435e-06
maplight_morgan_0170,6.857571422943053e-06
avalon_count_1001,6.856407121531028e-06
morgan_bit_0439,6.855711935960255e-06
layered_bit_0098,6.854575701956976e-06
ecfp6_bit_0844,6.845768468228924e-06
avalon_count_0857,6.8428507732836334e-06
ecfp6_bit_0101,6.841803203446637e-06
maplight_morgan_0960,6.837486529598409e-06
layered_bit_0491,6.832971570362179e-06
ecfp6_bit_0932,6.830077594727317e-06
ecfp6_bit_0601,6.829568596917529e-06
ecfp6_bit_0337,6.82727567339771e-06
topological_torsion_bit_0870,6.825016992665498e-06
fcfp6_bit_0290,6.824745166818475e-06
layered_bit_0281,6.8233635211782825e-06
ecfp6_bit_0256,6.8223919753783115e-06
avalon_count_0170,6.816779184677612e-06
ecfp6_bit_0747,6.812327721558476e-06
fcfp6_bit_0964,6.809923758423971e-06
ecfp6_bit_0656,6.80173272661054e-06
ecfp6_bit_0519,6.798534086782503e-06
layered_bit_0907,6.79710969828382e-06
atom_pair_bit_0299,6.796993567071271e-06
ecfp6_bit_0053,6.796056496821031e-06
morgan_bit_0031,6.7954231663813314e-06
layered_bit_0310,6.7910737652233055e-06
ecfp6_bit_0760,6.786539195972795e-06
topological_torsion_bit_0901,6.783968971628606e-06
layered_bit_0957,6.780258074958449e-06
erg_177,6.776290540408028e-06
atom_pair_bit_0858,6.767357753021853e-06
maplight_morgan_0090,6.763879545595906e-06
atom_pair_bit_0901,6.761665062156069e-06
atom_pair_bit_0475,6.7595750865345685e-06
avalon_count_0547,6.759480100116471e-06
ecfp6_bit_0855,6.752097809562548e-06
morgan_bit_0882,6.748922147284953e-06
fcfp6_bit_0446,6.747150735033174e-06
layered_bit_0906,6.74383727769753e-06
avalon_count_0031,6.742276676871015e-06
topological_torsion_bit_0581,6.740056016724932e-06
layered_bit_0695,6.737710532266251e-06
ecfp6_bit_0545,6.736494159958037e-06
maccs_bit_054,6.731042486670697e-06
erg_055,6.730933810177698e-06
morgan_bit_0753,6.730334510365075e-06
topological_torsion_bit_0172,6.720508418811302e-06
avalon_count_0719,6.720000188869221e-06
maplight_morgan_0903,6.714931332575721e-06
avalon_count_0883,6.702888403373002e-06
layered_bit_1006,6.681558342257125e-06
ecfp6_bit_0691,6.678883088604094e-06
topological_torsion_bit_0397,6.673916078039795e-06
ecfp6_bit_0677,6.6733440506678885e-06
layered_bit_0414,6.6605872765886754e-06
ecfp6_bit_0386,6.647636991519191e-06
layered_bit_0562,6.646525807061787e-06
maplight_morgan_0031,6.6395205074049975e-06
topological_torsion_bit_0496,6.633703683974069e-06
topological_torsion_bit_0332,6.633099010313852e-06
atom_pair_bit_0810,6.631889145155448e-06
maplight_morgan_0243,6.631723017741686e-06
fcfp6_bit_0647,6.625926562964499e-06
ecfp6_bit_0994,6.613664876773444e-06
fcfp6_bit_0520,6.6124375124617474e-06
topological_torsion_bit_0324,6.610140737299192e-06
maplight_morgan_0328,6.609520936796693e-06
ecfp6_bit_0427,6.602794061794799e-06
ecfp6_bit_1013,6.590125259830526e-06
topological_torsion_bit_0169,6.585916637596741e-06
ecfp6_bit_0226,6.582842938226265e-06
maplight_morgan_0871,6.581420196633032e-06
ecfp6_bit_0285,6.565605709089179e-06
rdkit_fr_Ar_OH,6.563218327949219e-06
ecfp6_bit_1001,6.563216262587216e-06
fcfp6_bit_0601,6.562677973123672e-06
maplight_morgan_1001,6.55970555793979e-06
ecfp6_bit_0776,6.557400313366773e-06
layered_bit_0094,6.556508842089991e-06
maplight_morgan_0301,6.555496540869155e-06
morgan_bit_0104,6.554297577443024e-06
atom_pair_bit_0866,6.551619845084258e-06
morgan_bit_0013,6.551484282529581e-06
layered_bit_0953,6.5448458465799695e-06
layered_bit_0197,6.544542674991631e-06
atom_pair_bit_1006,6.542102600151632e-06
ecfp6_bit_0523,6.538442848492953e-06
maplight_morgan_0052,6.536938803233125e-06
layered_bit_0336,6.529930515241033e-06
morgan_bit_0811,6.527681235181891e-06
fcfp6_bit_0294,6.514295412452775e-06
layered_bit_0749,6.502853043807762e-06
fcfp6_bit_0429,6.49845093212673e-06
layered_bit_0614,6.494771108836253e-06
morgan_bit_0329,6.4862943569063595e-06
ecfp6_bit_0796,6.486057161115526e-06
avalon_count_0741,6.484956302038526e-06
maplight_morgan_0669,6.480318603298201e-06
topological_torsion_bit_0777,6.480316069865464e-06
maplight_morgan_0416,6.473363348787332e-06
maplight_morgan_0559,6.472908744969341e-06
atom_pair_bit_0388,6.472863034665824e-06
atom_pair_bit_0598,6.470263801961286e-06
avalon_count_0438,6.45911834652763e-06
avalon_count_0067,6.454003569801867e-06
avalon_count_0066,6.440462478747404e-06
topological_torsion_bit_0560,6.440143999243283e-06
ecfp6_bit_0950,6.436803783817102e-06
ecfp6_bit_0587,6.431332429778102e-06
ecfp6_bit_0250,6.428753351883915e-06
layered_bit_0450,6.428128012605727e-06
layered_bit_0123,6.424252952278051e-06
layered_bit_0407,6.423641177533475e-06
layered_bit_0298,6.4183931926533946e-06
maccs_bit_063,6.410475167892378e-06
layered_bit_0150,6.40985446650711e-06
layered_bit_0504,6.407270059848798e-06
avalon_count_0656,6.398530533041968e-06
maplight_morgan_0251,6.392981008605716e-06
maplight_morgan_0666,6.390207597585851e-06
ecfp6_bit_0489,6.38982615178516e-06
maplight_morgan_0935,6.38979977453151e-06
topological_torsion_bit_0964,6.38950283233997e-06
maplight_morgan_0627,6.386752555589385e-06
maccs_bit_147,6.38569149200774e-06
fcfp6_bit_0328,6.381417633686439e-06
morgan_bit_0679,6.3769687844592184e-06
ecfp6_bit_0296,6.3766878299105605e-06
layered_bit_0055,6.371726641468252e-06
morgan_bit_0057,6.367423195804706e-06
morgan_bit_0341,6.366032948253829e-06
maplight_morgan_0931,6.3647126852265165e-06
atom_pair_bit_0478,6.363114138878007e-06
morgan_bit_0539,6.36212441151747e-06
avalon_count_0205,6.354658359330732e-06
morgan_bit_0106,6.352470996898825e-06
ecfp6_bit_0409,6.348616632507319e-06
erg_263,6.346245335251471e-06
morgan_bit_0298,6.342846177820314e-06
atom_pair_bit_0274,6.340930067499476e-06
fcfp6_bit_0014,6.337052931408344e-06
layered_bit_0802,6.334864131243315e-06
ecfp6_bit_0404,6.334624532405769e-06
erg_289,6.333126973467361e-06
avalon_count_0961,6.329899289848894e-06
layered_bit_0438,6.327353922316971e-06
ecfp6_bit_0300,6.326831557601843e-06
layered_bit_0987,6.326237145915746e-06
maplight_morgan_0249,6.3248875631716174e-06
morgan_bit_0002,6.323239665445311e-06
ecfp6_bit_0824,6.319456859172527e-06
topological_torsion_bit_0877,6.310559836330302e-06
morgan_bit_0693,6.309971123687764e-06
atom_pair_bit_0408,6.307549376405488e-06
ecfp6_bit_0442,6.30538139818351e-06
fcfp6_bit_0996,6.300975332195089e-06
ecfp6_bit_0072,6.298496470435365e-06
avalon_count_0161,6.297907994293268e-06
layered_bit_0553,6.29429332650182e-06
topological_torsion_bit_0261,6.291319155370292e-06
atom_pair_bit_0715,6.29125509463506e-06
avalon_count_0244,6.2859081043368845e-06
ecfp6_bit_0586,6.284052040316383e-06
morgan_bit_0094,6.282406630597214e-06
maplight_morgan_0300,6.280664326517496e-06
ecfp6_bit_0243,6.278534021974247e-06
atom_pair_bit_0652,6.278367881080295e-06
layered_bit_0423,6.277458299878724e-06
maplight_morgan_0954,6.2712975978827905e-06
maplight_morgan_0826,6.262167356142284e-06
fcfp6_bit_0163,6.257255348899418e-06
atom_pair_bit_0900,6.257106619615841e-06
layered_bit_0163,6.255623580339297e-06
fcfp6_bit_0271,6.254309062269584e-06
morgan_bit_0200,6.251536452227467e-06
ecfp6_bit_0164,6.250119532607463e-06
maplight_morgan_0432,6.248182758967057e-06
atom_pair_bit_0310,6.243369253680501e-06
erg_226,6.235696407001537e-06
topological_torsion_bit_1013,6.222764786985698e-06
fcfp6_bit_0149,6.222739508292988e-06
fcfp6_bit_0227,6.21968009781534e-06
ecfp6_bit_0199,6.216617703003309e-06
ecfp6_bit_0773,6.209125738519207e-06
layered_bit_0490,6.20845293926764e-06
rdk_path_bit_0736,6.202658356804627e-06
layered_bit_0035,6.196450240776511e-06
maplight_morgan_0629,6.1951204671406354e-06
layered_bit_0442,6.194592690901542e-06
layered_bit_0570,6.194114229162154e-06
topological_torsion_bit_0716,6.191718725408904e-06
atom_pair_bit_0582,6.189739255976321e-06
avalon_count_0873,6.188677373572469e-06
avalon_count_0208,6.187427400723033e-06
maplight_morgan_0427,6.184344570466136e-06
morgan_bit_0508,6.1768843592665196e-06
atom_pair_bit_0422,6.176630266342459e-06
ecfp6_bit_0930,6.169756192478846e-06
ecfp6_bit_0428,6.166922323423908e-06
fcfp6_bit_0371,6.160958978562293e-06
layered_bit_0033,6.1587475332790325e-06
avalon_count_0447,6.1533734552113756e-06
avalon_count_0796,6.152420741637087e-06
maplight_morgan_0727,6.148917335266799e-06
atom_pair_bit_0721,6.146407798045533e-06
maplight_morgan_0106,6.14473007875265e-06
maplight_morgan_0606,6.142848913801e-06
atom_pair_bit_0392,6.127215149420421e-06
ecfp6_bit_0410,6.116706888381171e-06
ecfp6_bit_0487,6.114489357875645e-06
ecfp6_bit_0413,6.112535363020798e-06
fcfp6_bit_0432,6.108643676308071e-06
ecfp6_bit_0358,6.10582467515356e-06
ecfp6_bit_0210,6.099229578787381e-06
layered_bit_0381,6.0964991543117286e-06
maplight_morgan_0598,6.093310933222597e-06
fcfp6_bit_0198,6.0928424955652454e-06
topological_torsion_bit_0096,6.091737352231872e-06
layered_bit_0683,6.091514830633018e-06
avalon_count_0279,6.090817348678117e-06
ecfp6_bit_0946,6.089975236646126e-06
maplight_morgan_0197,6.081179681909168e-06
ecfp6_bit_0310,6.0765564682055804e-06
avalon_count_0758,6.070712168669267e-06
erg_029,6.070624282691841e-06
fcfp6_bit_0454,6.06824069974222e-06
erg_290,6.067429610015409e-06
avalon_count_0582,6.060776188910562e-06
layered_bit_0432,6.042345448333928e-06
ecfp6_bit_0400,6.040926894705954e-06
atom_pair_bit_0050,6.038530635352075e-06
atom_pair_bit_0346,6.0370942532314005e-06
atom_pair_bit_0362,6.035256637624856e-06
fcfp6_bit_0569,6.031776932733738e-06
layered_bit_0657,6.030202783303922e-06
erg_167,6.029444612399209e-06
ecfp6_bit_0025,6.0275226944508086e-06
layered_bit_0561,6.0261090945732795e-06
fcfp6_bit_0334,6.019776758057559e-06
fcfp6_bit_0325,6.01832424636876e-06
maplight_morgan_0455,6.0126838687451116e-06
ecfp6_bit_0652,6.009681801500715e-06
fcfp6_bit_0632,6.007501486618684e-06
ecfp6_bit_0787,6.00710651028426e-06
layered_bit_0224,6.001986160820458e-06
layered_bit_0610,5.999733996355856e-06
topological_torsion_bit_0032,5.992011655677855e-06
topological_torsion_bit_0733,5.990642151540232e-06
topological_torsion_bit_0340,5.972939678327949e-06
maplight_morgan_0042,5.969066904451382e-06
avalon_count_0285,5.96502037669049e-06
atom_pair_bit_0555,5.964869548342272e-06
ecfp6_bit_0311,5.960489552263085e-06
maplight_morgan_0906,5.9573280569657216e-06
layered_bit_0524,5.95678016665971e-06
layered_bit_0821,5.956318584393135e-06
ecfp6_bit_0286,5.950739251211085e-06
topological_torsion_bit_0744,5.9498325757087365e-06
ecfp6_bit_0961,5.946112038984339e-06
maplight_morgan_0599,5.945196965035919e-06
maplight_morgan_0912,5.9444210312934825e-06
morgan_bit_0227,5.941328785495347e-06
maplight_morgan_0835,5.940292484376318e-06
rdkit_fr_SH,5.938556450045957e-06
avalon_count_0822,5.93811759424104e-06
ecfp6_bit_0114,5.932757357430346e-06
ecfp6_bit_0926,5.932619975715078e-06
ecfp6_bit_0915,5.931960155037472e-06
fcfp6_bit_0860,5.931171760512971e-06
ecfp6_bit_0319,5.930991403493291e-06
avalon_count_0396,5.929801382898818e-06
ecfp6_bit_0600,5.925230829964735e-06
ecfp6_bit_0322,5.921221014595932e-06
morgan_bit_0690,5.920885140275381e-06
maplight_morgan_0338,5.915508681157082e-06
layered_bit_0724,5.912222761270158e-06
erg_175,5.908781062481825e-06
morgan_bit_0322,5.896635009995779e-06
morgan_bit_0591,5.892653924101505e-06
ecfp6_bit_0541,5.887188111092799e-06
morgan_bit_0121,5.886885681320836e-06
ecfp6_bit_0423,5.877586565470069e-06
maplight_morgan_0878,5.87737873415489e-06
ecfp6_bit_0605,5.872242773935858e-06
layered_bit_0801,5.870770378377091e-06
layered_bit_0443,5.870303108690598e-06
maplight_morgan_0341,5.8688551324236614e-06
morgan_bit_0946,5.8552713587311344e-06
atom_pair_bit_0218,5.855059505549187e-06
ecfp6_bit_0266,5.851040659791971e-06
fcfp6_bit_0653,5.842612266500887e-06
maplight_morgan_0219,5.8406113947406245e-06
ecfp6_bit_0560,5.83572873676865e-06
avalon_count_0195,5.833347074791798e-06
layered_bit_0815,5.8332946424258276e-06
ecfp6_bit_0574,5.830010063258603e-06
fcfp6_bit_0344,5.828222945758913e-06
erg_272,5.826122425173314e-06
fcfp6_bit_0319,5.825281919413998e-06
maccs_bit_038,5.825231371347853e-06
maplight_morgan_0816,5.819719466050269e-06
fcfp6_bit_0196,5.816334828368694e-06
erg_143,5.812977121825165e-06
layered_bit_0786,5.8118834334335595e-06
maccs_bit_081,5.809209432075272e-06
maplight_morgan_0780,5.807160241777236e-06
topological_torsion_bit_0201,5.806864796447483e-06
avalon_count_0559,5.801457880848728e-06
ecfp6_bit_0241,5.801450318632326e-06
topological_torsion_bit_0448,5.800997213028025e-06
topological_torsion_bit_0049,5.799913498989602e-06
ecfp6_bit_1019,5.797739665194157e-06
ecfp6_bit_0619,5.797388808680989e-06
ecfp6_bit_0360,5.796280242797674e-06
maplight_morgan_0263,5.796064610481015e-06
ecfp6_bit_0288,5.785123233566584e-06
ecfp6_bit_0354,5.7845489812964064e-06
layered_bit_0544,5.784337355314824e-06
layered_bit_0141,5.7839548751818e-06
fcfp6_bit_0129,5.778606801199193e-06
layered_bit_0228,5.776235533767541e-06
maplight_morgan_0781,5.774306045070415e-06
ecfp6_bit_0829,5.764589870135306e-06
layered_bit_0517,5.763221160261908e-06
morgan_bit_0840,5.762818995976747e-06
topological_torsion_bit_0680,5.756037575948934e-06
layered_bit_0617,5.7518654662610045e-06
ecfp6_bit_0268,5.749520390102562e-06
fcfp6_bit_0151,5.740631127899852e-06
fcfp6_bit_0638,5.737988825600956e-06
maplight_morgan_0199,5.737350209757081e-06
erg_225,5.714948335925109e-06
fcfp6_bit_0578,5.712407419943558e-06
topological_torsion_bit_0520,5.710112344320456e-06
atom_pair_bit_0905,5.7092217286410595e-06
ecfp6_bit_0965,5.706346570123922e-06
avalon_count_1010,5.694221755386042e-06
ecfp6_bit_0064,5.6914289359364075e-06
fcfp6_bit_0562,5.690708669994028e-06
ecfp6_bit_0088,5.677379632786906e-06
avalon_count_0706,5.675293880745827e-06
fcfp6_bit_0714,5.674598362790545e-06
fcfp6_bit_0710,5.672532574719672e-06
ecfp6_bit_0216,5.671060562441476e-06
layered_bit_0309,5.670507463688791e-06
fcfp6_bit_0315,5.668244025533162e-06
morgan_bit_0354,5.662110622798984e-06
morgan_bit_0472,5.6601523142219456e-06
layered_bit_0089,5.6593051742322925e-06
layered_bit_1007,5.658998667364841e-06
maplight_morgan_0429,5.657280923990088e-06
morgan_bit_0878,5.65486022528463e-06
erg_009,5.651848035575946e-06
avalon_count_0480,5.648648364869314e-06
ecfp6_bit_0649,5.648132253909912e-06
fcfp6_bit_0388,5.646144694571688e-06
fcfp6_bit_0762,5.645514376280981e-06
fcfp6_bit_0966,5.641023703993728e-06
maplight_morgan_0766,5.636378016026101e-06
avalon_count_0905,5.636273220777585e-06
fcfp6_bit_0648,5.636110952781284e-06
atom_pair_bit_0331,5.635059615407905e-06
avalon_count_0231,5.633586467382551e-06
avalon_count_0353,5.623170459365684e-06
topological_torsion_bit_0379,5.6223272199647825e-06
topological_torsion_bit_0768,5.618617791528582e-06
layered_bit_0539,5.611517780286026e-06
avalon_count_0598,5.602030510930924e-06
atom_pair_bit_0355,5.599525430950528e-06
layered_bit_0130,5.5964652691240715e-06
ecfp6_bit_0741,5.594463064779243e-06
avalon_count_0474,5.591801265502866e-06
maplight_morgan_0403,5.5876526685272e-06
layered_bit_0001,5.584291868557201e-06
ecfp6_bit_0335,5.583409514704443e-06
morgan_bit_0758,5.582652062108414e-06
topological_torsion_bit_0668,5.582001999822239e-06
layered_bit_0573,5.5815219023622115e-06
fcfp6_bit_0502,5.5779629640106986e-06
maplight_morgan_0165,5.576535806568954e-06
fcfp6_bit_0890,5.572963237814124e-06
layered_bit_0403,5.567905486748205e-06
morgan_bit_0673,5.564450308021664e-06
ecfp6_bit_1000,5.557709565347461e-06
avalon_count_0760,5.547038178619288e-06
atom_pair_bit_0653,5.544859329468718e-06
atom_pair_bit_0518,5.542560813096747e-06
morgan_bit_0678,5.533006134036659e-06
fcfp6_bit_0974,5.529543001144463e-06
morgan_bit_0363,5.51660322491641e-06
topological_torsion_bit_0617,5.516264273631348e-06
atom_pair_bit_0542,5.514503055663797e-06
morgan_bit_0434,5.5137565832856045e-06
ecfp6_bit_0261,5.509614131106873e-06
avalon_count_0225,5.506737446940426e-06
fcfp6_bit_0273,5.497415555474508e-06
maplight_morgan_0307,5.495138111131786e-06
layered_bit_0071,5.4935346910577945e-06
morgan_bit_0778,5.484353121376813e-06
fcfp6_bit_0153,5.482086548135188e-06
maplight_morgan_0270,5.479215578967218e-06
fcfp6_bit_0420,5.477044580495355e-06
atom_pair_bit_0265,5.474179653770952e-06
ecfp6_bit_0102,5.46884403742687e-06
fcfp6_bit_0739,5.465131984831709e-06
avalon_count_0889,5.462063962304401e-06
topological_torsion_bit_0268,5.460716513817416e-06
erg_181,5.459942790917259e-06
avalon_count_0240,5.459402569673429e-06
ecfp6_bit_0989,5.456365687985559e-06
topological_torsion_bit_0316,5.448711893794651e-06
layered_bit_0421,5.44303261981751e-06
avalon_count_0422,5.44289653494432e-06
topological_torsion_bit_0344,5.433953213844676e-06
topological_torsion_bit_0696,5.432607137140176e-06
maplight_morgan_0710,5.424675908147443e-06
fcfp6_bit_0279,5.423701892029055e-06
layered_bit_0265,5.423078596485712e-06
ecfp6_bit_0910,5.42172375529824e-06
ecfp6_bit_0670,5.414754447290538e-06
ecfp6_bit_0490,5.410793190878178e-06
layered_bit_0670,5.407158294493935e-06
ecfp6_bit_0251,5.406585400197005e-06
fcfp6_bit_0969,5.40624279584755e-06
ecfp6_bit_0853,5.405962686985119e-06
atom_pair_bit_0026,5.403992260954434e-06
topological_torsion_bit_0264,5.397027464722876e-06
layered_bit_0475,5.39578454893357e-06
fcfp6_bit_0166,5.395425722165871e-06
layered_bit_0619,5.392370078722372e-06
layered_bit_0599,5.3917775627306814e-06
morgan_bit_0102,5.391108701877205e-06
morgan_bit_0497,5.384790973860777e-06
fcfp6_bit_0119,5.383520047544894e-06
morgan_bit_0042,5.37459801486062e-06
atom_pair_bit_0434,5.370771942401771e-06
atom_pair_bit_0634,5.369414597619436e-06
ecfp6_bit_0746,5.366780053054222e-06
morgan_bit_0063,5.3665956035799286e-06
topological_torsion_bit_0925,5.3652864833270414e-06
avalon_count_0584,5.365272859083423e-06
maplight_morgan_0233,5.364282455481936e-06
avalon_count_0082,5.3608211427220535e-06
fcfp6_bit_0174,5.359874396042291e-06
topological_torsion_bit_0800,5.35759046112088e-06
layered_bit_0772,5.356379205724508e-06
maplight_morgan_0544,5.354775267521879e-06
avalon_count_0126,5.352235777129826e-06
atom_pair_bit_0043,5.351200634979989e-06
maplight_morgan_0736,5.3510025266249495e-06
layered_bit_0290,5.341983726865244e-06
ecfp6_bit_0825,5.336598070077084e-06
layered_bit_0500,5.3348723640679054e-06
rdk_path_bit_0885,5.333708594423693e-06
layered_bit_0808,5.3324289021144596e-06
maplight_morgan_0586,5.332144209840899e-06
layered_bit_0855,5.328379702222536e-06
maplight_morgan_0396,5.324872598534656e-06
avalon_count_0336,5.324228051634965e-06
topological_torsion_bit_0660,5.320099180032841e-06
ecfp6_bit_0707,5.31700004702957e-06
avalon_count_0159,5.3120240944097535e-06
fcfp6_bit_0481,5.3094635801038125e-06
avalon_count_0109,5.307701558288187e-06
fcfp6_bit_0917,5.307177813706608e-06
layered_bit_0038,5.306948828163308e-06
fcfp6_bit_0848,5.302800819845712e-06
erg_044,5.299177658680761e-06
morgan_bit_0888,5.296471336886008e-06
avalon_count_0027,5.290420777622085e-06
ecfp6_bit_0328,5.287793068145989e-06
layered_bit_0436,5.286610491914034e-06
avalon_count_0261,5.284149683027267e-06
avalon_count_0757,5.278805651222366e-06
avalon_count_0764,5.277238797270762e-06
atom_pair_bit_0967,5.2757318191435455e-06
fcfp6_bit_0317,5.27313918700652e-06
topological_torsion_bit_0897,5.272582426274549e-06
morgan_bit_0852,5.2714125124525635e-06
topological_torsion_bit_1004,5.2681696662240306e-06
morgan_bit_0166,5.260012379596644e-06
avalon_count_0397,5.2571597448703856e-06
fcfp6_bit_0859,5.255539519713617e-06
morgan_bit_0958,5.25011786799826e-06
ecfp6_bit_0960,5.250107449840695e-06
maplight_morgan_0778,5.243449823612224e-06
fcfp6_bit_0220,5.240179836442113e-06
ecfp6_bit_0772,5.237190761585743e-06
topological_torsion_bit_0245,5.230811916002878e-06
fcfp6_bit_0732,5.227940486614508e-06
fcfp6_bit_0474,5.2271080383346916e-06
fcfp6_bit_0493,5.2264144330812125e-06
layered_bit_0994,5.2255497770362986e-06
fcfp6_bit_1015,5.219613526629267e-06
topological_torsion_bit_0497,5.217240075953551e-06
fcfp6_bit_0624,5.216315185822902e-06
maccs_bit_052,5.215275871229323e-06
layered_bit_0470,5.214721142506273e-06
ecfp6_bit_0446,5.197054946230544e-06
topological_torsion_bit_0709,5.1900760675136156e-06
morgan_bit_0932,5.18992849838473e-06
ecfp6_bit_0000,5.188593455876729e-06
layered_bit_0777,5.181948567974174e-06
avalon_count_0783,5.1817764160101865e-06
ecfp6_bit_0531,5.1800587854355575e-06
ecfp6_bit_0040,5.1774306005571e-06
atom_pair_bit_0223,5.173032632553783e-06
morgan_bit_0625,5.169998962498556e-06
avalon_count_0861,5.164897640590686e-06
layered_bit_0992,5.164013940771512e-06
ecfp6_bit_0275,5.161813076327804e-06
avalon_count_0732,5.155593186848214e-06
ecfp6_bit_0699,5.153400194552957e-06
fcfp6_bit_0618,5.150561960697748e-06
fcfp6_bit_0212,5.148372117957292e-06
atom_pair_bit_0078,5.14748701548704e-06
layered_bit_0616,5.140627805813796e-06
maplight_morgan_0417,5.136480977678911e-06
avalon_count_0146,5.133721242651892e-06
ecfp6_bit_0153,5.1252339237172616e-06
ecfp6_bit_0571,5.122075123530968e-06
atom_pair_bit_0165,5.121012208299144e-06
morgan_bit_0275,5.113999114514253e-06
maplight_morgan_0798,5.107954869737793e-06
maplight_morgan_0640,5.104347906226978e-06
morgan_bit_0974,5.103203592040074e-06
maplight_morgan_0860,5.103147533004859e-06
fcfp6_bit_0829,5.101286339783807e-06
layered_bit_0426,5.095602547441682e-06
morgan_bit_0406,5.091986511831726e-06
maplight_morgan_0386,5.091470761563375e-06
ecfp6_bit_0495,5.090888640845944e-06
ecfp6_bit_0012,5.0897484856661035e-06
ecfp6_bit_0723,5.087502004208722e-06
avalon_count_0973,5.087349799117666e-06
fcfp6_bit_0994,5.0839847548589095e-06
maplight_morgan_0562,5.081459159216919e-06
atom_pair_bit_0546,5.079895789600148e-06
layered_bit_0393,5.0788454662098735e-06
fcfp6_bit_0503,5.078241998105155e-06
atom_pair_bit_0694,5.077049903906129e-06
rdkit_NumSaturatedHeterocycles,5.076452987027604e-06
morgan_bit_0112,5.075510384568536e-06
topological_torsion_bit_0289,5.074477777470662e-06
topological_torsion_bit_0286,5.074125931036997e-06
morgan_bit_1019,5.0692411353804655e-06
maccs_bit_046,5.0656563490039755e-06
layered_bit_0269,5.065470760950282e-06
layered_bit_0036,5.060157781259482e-06
ecfp6_bit_0309,5.058941869418806e-06
maplight_morgan_0428,5.057536912291874e-06
topological_torsion_bit_0673,5.048386317222899e-06
layered_bit_0488,5.046388072636427e-06
ecfp6_bit_0434,5.045891771351713e-06
fcfp6_bit_0757,5.038131656315874e-06
topological_torsion_bit_0808,5.034150391362928e-06
ecfp6_bit_0366,5.031370185925839e-06
morgan_bit_0175,5.029086922941342e-06
topological_torsion_bit_0228,5.02856224323651e-06
ecfp6_bit_0394,5.027301547663464e-06
fcfp6_bit_0734,5.024756651206712e-06
morgan_bit_0008,5.022940966003539e-06
avalon_count_0529,5.0176368347900975e-06
fcfp6_bit_0551,5.012126541630853e-06
maplight_morgan_0073,5.004693182822822e-06
ecfp6_bit_1003,5.003371917254506e-06
avalon_count_0254,5.000303532160477e-06
atom_pair_bit_0342,4.999469680882763e-06
avalon_count_0123,4.996494615016765e-06
layered_bit_0198,4.98781137670809e-06
layered_bit_0084,4.98768045887328e-06
fcfp6_bit_0320,4.98738903075772e-06
ecfp6_bit_0297,4.984125732565932e-06
avalon_count_0597,4.972964634926266e-06
atom_pair_bit_0973,4.972391563475221e-06
avalon_count_0820,4.9641607527450305e-06
avalon_count_0545,4.961550839031693e-06
topological_torsion_bit_0913,4.960831466930638e-06
layered_bit_0319,4.958021137418347e-06
fcfp6_bit_0962,4.955911180085258e-06
layered_bit_0004,4.955721421423268e-06
ecfp6_bit_0212,4.9503786473970046e-06
ecfp6_bit_0320,4.947419225904176e-06
topological_torsion_bit_0392,4.947038922475005e-06
maplight_morgan_0433,4.943088697128192e-06
topological_torsion_bit_0809,4.933767450740512e-06
morgan_bit_0641,4.92875467255225e-06
ecfp6_bit_0558,4.924273700328245e-06
morgan_bit_0829,4.922864231400729e-06
erg_296,4.918427566093386e-06
erg_228,4.9175740975521025e-06
maplight_morgan_0397,4.916768281540926e-06
layered_bit_0069,4.908495937040043e-06
morgan_bit_0004,4.907919230514388e-06
maplight_morgan_0009,4.907229746834926e-06
layered_bit_0034,4.906914957953578e-06
ecfp6_bit_0635,4.904519050693687e-06
layered_bit_0743,4.902841023606638e-06
ecfp6_bit_0815,4.9004916583331854e-06
ecfp6_bit_0350,4.900466842548059e-06
ecfp6_bit_0471,4.9001823488913675e-06
ecfp6_bit_0748,4.897266424136656e-06
layered_bit_0255,4.894014042666151e-06
morgan_bit_0674,4.892532781845827e-06
ecfp6_bit_0726,4.891950066251304e-06
ecfp6_bit_0641,4.891539620264842e-06
fcfp6_bit_0809,4.890811619951955e-06
maplight_morgan_0938,4.889622850347174e-06
ecfp6_bit_0039,4.886934993261911e-06
layered_bit_0070,4.883478549861852e-06
ecfp6_bit_1020,4.881616768487893e-06
topological_torsion_bit_0030,4.880226478714179e-06
avalon_count_0627,4.876099190905941e-06
maplight_morgan_0448,4.8757633776066226e-06
ecfp6_bit_0324,4.873843519620395e-06
maplight_morgan_0363,4.869092619510712e-06
layered_bit_0015,4.867768694292157e-06
ecfp6_bit_0916,4.866339908137541e-06
avalon_count_0577,4.86556650126165e-06
erg_065,4.860249051631126e-06
ecfp6_bit_0229,4.859699380805173e-06
morgan_bit_0421,4.859012274647602e-06
atom_pair_bit_0962,4.855431397651744e-06
ecfp6_bit_0115,4.849496026889453e-06
fcfp6_bit_0358,4.847864032813401e-06
maccs_bit_120,4.837610989451442e-06
morgan_bit_0225,4.8375767225315014e-06
fcfp6_bit_1023,4.831460755151739e-06
topological_torsion_bit_0613,4.825507997654896e-06
morgan_bit_1021,4.825267449255112e-06
layered_bit_0711,4.824656938376281e-06
layered_bit_0296,4.824043104103906e-06
maplight_morgan_0271,4.819496701672723e-06
fcfp6_bit_0922,4.818995899610054e-06
topological_torsion_bit_0248,4.81770259270725e-06
fcfp6_bit_0132,4.817669640143768e-06
layered_bit_0178,4.8164562413622535e-06
fcfp6_bit_0102,4.813010525214346e-06
topological_torsion_bit_0236,4.810127831365015e-06
maplight_morgan_0584,4.806774287193698e-06
fcfp6_bit_0871,4.8066665301201105e-06
ecfp6_bit_0349,4.799294814830796e-06
layered_bit_0211,4.798342007902843e-06
topological_torsion_bit_0992,4.796094082507737e-06
morgan_bit_0361,4.79082016289315e-06
avalon_count_0813,4.789372253775181e-06
maplight_morgan_0678,4.78759647822969e-06
ecfp6_bit_0730,4.785649595140016e-06
topological_torsion_bit_0368,4.783248079367919e-06
avalon_count_0302,4.780168475263686e-06
fcfp6_bit_0820,4.779575977491837e-06
ecfp6_bit_0245,4.77674668819677e-06
fcfp6_bit_0021,4.774450819543994e-06
layered_bit_0090,4.772432394603106e-06
maccs_bit_113,4.7720623486679895e-06
topological_torsion_bit_0410,4.7712918514675035e-06
avalon_count_0690,4.766222780947134e-06
fcfp6_bit_0730,4.765059118534802e-06
ecfp6_bit_0597,4.761822629494896e-06
morgan_bit_0514,4.757291193973283e-06
morgan_bit_0179,4.756304504859851e-06
ecfp6_bit_0685,4.753949048661468e-06
maplight_morgan_0964,4.753808000938239e-06
morgan_bit_0583,4.753001933635887e-06
ecfp6_bit_0683,4.739037080305087e-06
ecfp6_bit_1005,4.736511531226967e-06
topological_torsion_bit_0349,4.735393748450055e-06
ecfp6_bit_0488,4.7347204749587855e-06
atom_pair_bit_0025,4.734264339341178e-06
ecfp6_bit_0997,4.733613403528297e-06
layered_bit_0853,4.72928893546498e-06
ecfp6_bit_0494,4.719402760802802e-06
layered_bit_0011,4.718372131364053e-06
fcfp6_bit_0392,4.717066380240395e-06
erg_255,4.716813418211397e-06
atom_pair_bit_0838,4.713287129441692e-06
maplight_morgan_0381,4.712253933201432e-06
rdkit_NumAromaticHeterocycles,4.711160592122006e-06
atom_pair_bit_0722,4.709464431250239e-06
avalon_count_0221,4.703950889936732e-06
avalon_count_0507,4.699136798289006e-06
ecfp6_bit_0029,4.697299887015542e-06
layered_bit_0892,4.696575252676795e-06
maplight_morgan_0585,4.695322548811355e-06
fcfp6_bit_0137,4.694531369975477e-06
morgan_bit_0959,4.692951853249672e-06
fcfp6_bit_0910,4.6905813744553006e-06
fcfp6_bit_0217,4.688916125688847e-06
fcfp6_bit_0748,4.68319108345446e-06
fcfp6_bit_0485,4.680765006931942e-06
ecfp6_bit_0345,4.679553283176643e-06
atom_pair_bit_0409,4.678426767718503e-06
ecfp6_bit_0556,4.6698755680520945e-06
ecfp6_bit_0700,4.668805014045195e-06
fcfp6_bit_0013,4.6658390199589e-06
morgan_bit_0243,4.661348510439782e-06
topological_torsion_bit_0196,4.660763797132024e-06
ecfp6_bit_1021,4.658518756069832e-06
avalon_count_0550,4.651132063672726e-06
morgan_bit_0575,4.647767214962531e-06
fcfp6_bit_0747,4.645537620415407e-06
erg_180,4.641503397146147e-06
layered_bit_0982,4.6412869674150485e-06
maplight_morgan_0546,4.639428229774782e-06
avalon_count_0183,4.6393136928139155e-06
fcfp6_bit_0660,4.638330125952063e-06
fcfp6_bit_0895,4.630753674513658e-06
layered_bit_0569,4.6296211219928865e-06
topological_torsion_bit_0336,4.623425661668764e-06
morgan_bit_0656,4.622050202442175e-06
maplight_morgan_0323,4.621204843590306e-06
morgan_bit_0498,4.620889763922597e-06
maccs_bit_058,4.618866843707975e-06
avalon_count_0489,4.6148268997581315e-06
morgan_bit_0140,4.614732244134111e-06
ecfp6_bit_0661,4.612671289309306e-06
fcfp6_bit_0366,4.611961557068353e-06
ecfp6_bit_0021,4.609241557127242e-06
ecfp6_bit_0084,4.6021894723683675e-06
topological_torsion_bit_0425,4.600118595359968e-06
rdkit_fr_COO,4.59714719871292e-06
ecfp6_bit_0456,4.5938209240784345e-06
atom_pair_bit_0393,4.588787530076159e-06
atom_pair_bit_0019,4.588138911792427e-06
morgan_bit_0487,4.587902750148797e-06
atom_pair_bit_0428,4.586780295723983e-06
morgan_bit_0378,4.585622055982429e-06
morgan_bit_0619,4.585322838831432e-06
fcfp6_bit_0255,4.5842759529349926e-06
ecfp6_bit_0758,4.573377189059905e-06
layered_bit_1004,4.573251417712859e-06
avalon_count_0911,4.572978985594289e-06
morgan_bit_0726,4.572894494628632e-06
topological_torsion_bit_0850,4.572271307720289e-06
fcfp6_bit_0543,4.571266385752846e-06
ecfp6_bit_0616,4.571258579891602e-06
fcfp6_bit_0508,4.570008892256361e-06
avalon_count_0818,4.566069189422001e-06
fcfp6_bit_0152,4.565801277387531e-06
morgan_bit_0255,4.5649414778717796e-06
topological_torsion_bit_0229,4.564791733740649e-06
layered_bit_0244,4.563282937713336e-06
ecfp6_bit_0974,4.561204668228577e-06
avalon_count_0453,4.559890231951344e-06
topological_torsion_bit_0300,4.554760175699662e-06
maplight_morgan_0823,4.552207304883279e-06
ecfp6_bit_0474,4.5513685321960135e-06
morgan_bit_0966,4.549590671773179e-06
topological_torsion_bit_0662,4.541743115579042e-06
morgan_bit_0549,4.53949874238908e-06
maplight_morgan_0915,4.538299487234098e-06
morgan_bit_0073,4.537856245603997e-06
layered_bit_0681,4.53636924979691e-06
avalon_count_0836,4.5357625371285955e-06
maccs_bit_037,4.532648199505312e-06
maplight_morgan_0508,4.5316277022401955e-06
morgan_bit_0245,4.530279335624163e-06
layered_bit_0024,4.528671640544656e-06
maplight_morgan_0949,4.528573961711178e-06
erg_183,4.527832040710661e-06
fcfp6_bit_0076,4.520074582775597e-06
fcfp6_bit_0350,4.51652871824975e-06
morgan_bit_0244,4.515765226807364e-06
ecfp6_bit_0620,4.5072714097905816e-06
fcfp6_bit_0825,4.50682439142845e-06
ecfp6_bit_0353,4.504405552049797e-06
morgan_bit_0170,4.5026031556056315e-06
maplight_morgan_0895,4.499114499208587e-06
layered_bit_0404,4.494281957323955e-06
ecfp6_bit_0387,4.491693530314324e-06
atom_pair_bit_0823,4.4860551436629775e-06
maplight_morgan_0952,4.485289174882122e-06
topological_torsion_bit_0208,4.485165789150527e-06
layered_bit_0086,4.484523373423489e-06
morgan_bit_0926,4.483683855906555e-06
maccs_bit_050,4.479325458915608e-06
fcfp6_bit_0364,4.475562127170488e-06
layered_bit_0751,4.474878115383402e-06
maplight_morgan_0214,4.4745092210829385e-06
morgan_bit_0167,4.473388599815452e-06
maplight_morgan_0761,4.472732823931422e-06
fcfp6_bit_0496,4.472183660440164e-06
layered_bit_0114,4.462338803443536e-06
ecfp6_bit_0156,4.459983549708952e-06
atom_pair_bit_0203,4.459974453222124e-06
avalon_count_0765,4.458538068518657e-06
atom_pair_bit_0437,4.4584549033616544e-06
maplight_morgan_0697,4.455959788800669e-06
ecfp6_bit_0447,4.450876220559904e-06
topological_torsion_bit_0108,4.450730520916233e-06
maplight_morgan_0652,4.449696592656265e-06
maplight_morgan_0026,4.4488892005568925e-06
ecfp6_bit_0380,4.44497540052203e-06
ecfp6_bit_0435,4.4438528461753385e-06
morgan_bit_0910,4.440961195815087e-06
fcfp6_bit_0093,4.4396535343167745e-06
rdk_path_bit_0330,4.439223655630261e-06
maplight_morgan_0997,4.437809566632467e-06
erg_188,4.432284389588112e-06
fcfp6_bit_0801,4.42772054587501e-06
ecfp6_bit_0451,4.425879360080584e-06
maplight_morgan_0679,4.425143493046357e-06
morgan_bit_0069,4.420510329103995e-06
ecfp6_bit_0074,4.419827607144392e-06
layered_bit_0563,4.4184295246346715e-06
morgan_bit_0428,4.417604623982043e-06
ecfp6_bit_0774,4.416894739394175e-06
layered_bit_0411,4.415129146725813e-06
ecfp6_bit_0034,4.414357172202501e-06
fcfp6_bit_0740,4.41064356858075e-06
atom_pair_bit_0698,4.409987731458655e-06
fcfp6_bit_0421,4.407989871810916e-06
ecfp6_bit_0750,4.407928234937864e-06
topological_torsion_bit_0732,4.402959041226278e-06
ecfp6_bit_0235,4.3995068917848875e-06
morgan_bit_0340,4.396805110826845e-06
layered_bit_0515,4.389777013654759e-06
layered_bit_0371,4.388342979683824e-06
fcfp6_bit_0036,4.3826094170266645e-06
maplight_morgan_0617,4.38236491353148e-06
atom_pair_bit_0682,4.381297783845048e-06
topological_torsion_bit_0209,4.372760911765205e-06
layered_bit_0900,4.367209615345612e-06
ecfp6_bit_0564,4.366770941207639e-06
ecfp6_bit_0611,4.36664081791125e-06
atom_pair_bit_0983,4.3602215680763775e-06
fcfp6_bit_0004,4.354857338463623e-06
fcfp6_bit_0700,4.354582388543765e-06
maplight_morgan_0044,4.353036076276274e-06
morgan_bit_0144,4.351999402378919e-06
maccs_bit_117,4.3514792941669055e-06
fcfp6_bit_0185,4.343101474706364e-06
ecfp6_bit_0233,4.341138877671898e-06
ecfp6_bit_0795,4.332154636316829e-06
fcfp6_bit_0866,4.331348777735644e-06
layered_bit_0970,4.327891976021668e-06
avalon_count_0219,4.326927138135233e-06
morgan_bit_0659,4.326521012646359e-06
topological_torsion_bit_0153,4.325482691813069e-06
ecfp6_bit_0242,4.322802003461429e-06
morgan_bit_0728,4.316698596087731e-06
atom_pair_bit_0038,4.3150605564448245e-06
fcfp6_bit_0114,4.306452777825823e-06
topological_torsion_bit_0629,4.305019977875201e-06
maplight_morgan_0825,4.303989442706522e-06
morgan_bit_0064,4.303834622826219e-06
ecfp6_bit_0501,4.298554413209029e-06
morgan_bit_0251,4.2960980228989095e-06
fcfp6_bit_0804,4.291712597886673e-06
ecfp6_bit_0432,4.286102641249807e-06
maccs_bit_076,4.285967001052247e-06
fcfp6_bit_0722,4.28445105688749e-06
layered_bit_0097,4.283607154974321e-06
morgan_bit_0197,4.282035583650656e-06
layered_bit_0348,4.274066311084784e-06
ecfp6_bit_0786,4.260909426874138e-06
morgan_bit_0775,4.257538473762098e-06
ecfp6_bit_0182,4.254884341157128e-06
rdkit_fr_guanido,4.25225544540397e-06
topological_torsion_bit_0281,4.242030589411608e-06
maplight_morgan_0976,4.241923232792427e-06
fcfp6_bit_0803,4.241543142950523e-06
erg_271,4.231775459771917e-06
topological_torsion_bit_0564,4.226514884623251e-06
layered_bit_0580,4.22366736656121e-06
fcfp6_bit_0572,4.223591291547703e-06
layered_bit_0945,4.223428619018704e-06
layered_bit_0175,4.2223741179756376e-06
morgan_bit_0343,4.220564237620082e-06
fcfp6_bit_0849,4.219814497396177e-06
topological_torsion_bit_0745,4.216082839478184e-06
ecfp6_bit_0065,4.215775400131163e-06
atom_pair_bit_0282,4.215647871485596e-06
avalon_count_0745,4.211274278467533e-06
morgan_bit_0953,4.208132162211221e-06
atom_pair_bit_0090,4.200715294867801e-06
atom_pair_bit_0669,4.189966929126158e-06
ecfp6_bit_0401,4.187469585298497e-06
ecfp6_bit_0374,4.184793079550181e-06
maplight_morgan_0102,4.184133797069958e-06
rdkit_NumBridgeheadAtoms,4.1835231147365185e-06
ecfp6_bit_0271,4.181333603035617e-06
avalon_count_0893,4.181035935334205e-06
avalon_count_0877,4.180869399132197e-06
avalon_count_0712,4.170782492253433e-06
ecfp6_bit_0180,4.1676238448676745e-06
avalon_count_0405,4.1666532094457336e-06
atom_pair_bit_0107,4.1645192421645275e-06
ecfp6_bit_0737,4.164331272732731e-06
ecfp6_bit_0860,4.159074867234191e-06
fcfp6_bit_0691,4.157260833955948e-06
fcfp6_bit_0663,4.154785199644364e-06
fcfp6_bit_0515,4.152675645691597e-06
ecfp6_bit_0174,4.149241454187613e-06
morgan_bit_0585,4.148981298822888e-06
maccs_bit_165,4.148796221468572e-06
topological_torsion_bit_0148,4.148072943356827e-06
avalon_count_0884,4.1433438040161875e-06
layered_bit_0676,4.1427415304125015e-06
avalon_count_0452,4.138906839650724e-06
maplight_morgan_0131,4.137553876838332e-06
avalon_count_0516,4.126511108554034e-06
morgan_bit_0716,4.125866978174752e-06
avalon_count_0791,4.124073006807117e-06
fcfp6_bit_0489,4.117500203694933e-06
atom_pair_bit_0562,4.11736266362514e-06
fcfp6_bit_0409,4.1133482426322275e-06
fcfp6_bit_0088,4.112714906850527e-06
ecfp6_bit_0009,4.111540091708795e-06
layered_bit_0929,4.103495141214769e-06
avalon_count_0623,4.098725184949075e-06
topological_torsion_bit_0112,4.097744697767561e-06
avalon_count_0034,4.0896924114481225e-06
ecfp6_bit_0063,4.088545885547766e-06
fcfp6_bit_0885,4.086420762914068e-06
avalon_count_0625,4.086033314928534e-06
fcfp6_bit_0419,4.084069003889412e-06
maplight_morgan_0607,4.082010671698176e-06
morgan_bit_0792,4.0780492790295355e-06
topological_torsion_bit_0774,4.072204913703778e-06
fcfp6_bit_0375,4.071306296570772e-06
erg_012,4.063481347959073e-06
maplight_morgan_0913,4.0604338373810775e-06
atom_pair_bit_0374,4.058405738725884e-06
topological_torsion_bit_0557,4.0578107187485625e-06
morgan_bit_0396,4.056734787978481e-06
ecfp6_bit_0023,4.049610609980255e-06
topological_torsion_bit_0437,4.045221476012823e-06
atom_pair_bit_0540,4.0445036379029155e-06
erg_185,4.041622959467713e-06
erg_057,4.039199893946785e-06
layered_bit_0079,4.036851526057553e-06
ecfp6_bit_0196,4.035825487420043e-06
ecfp6_bit_0430,4.027095853163659e-06
morgan_bit_0672,4.0262395573717356e-06
ecfp6_bit_0469,4.0210471085365e-06
atom_pair_bit_0741,4.020506749335475e-06
morgan_bit_0458,4.0150689473457e-06
rdkit_NumAliphaticHeterocycles,4.0144309025005166e-06
morgan_bit_0677,4.012215138473109e-06
maplight_morgan_0066,4.009803192132717e-06
morgan_bit_0403,4.009745670513059e-06
avalon_count_0077,4.009398481816378e-06
topological_torsion_bit_0477,4.009022230910288e-06
ecfp6_bit_0166,4.006278043533655e-06
morgan_bit_0018,4.006277125023174e-06
atom_pair_bit_0779,4.005728653441956e-06
ecfp6_bit_0429,4.0044373735584455e-06
fcfp6_bit_0251,4.004047433796171e-06
atom_pair_bit_0942,4.002953422534236e-06
atom_pair_bit_0771,4.001869624318377e-06
ecfp6_bit_0052,3.997501669170029e-06
ecfp6_bit_0657,3.997132420499347e-06
morgan_bit_0342,3.994341968705445e-06
topological_torsion_bit_0393,3.98697890407796e-06
maplight_morgan_0094,3.986105033819535e-06
ecfp6_bit_0629,3.9797976922826076e-06
layered_bit_0271,3.979773203698516e-06
fcfp6_bit_0404,3.976124120138664e-06
maplight_morgan_0587,3.974308331539333e-06
avalon_count_0196,3.972890350790178e-06
ecfp6_bit_0116,3.965293179613194e-06
avalon_count_0437,3.964193068731911e-06
ecfp6_bit_0546,3.963651404210888e-06
avalon_count_0602,3.9624932395589845e-06
ecfp6_bit_0143,3.956167228641395e-06
maplight_morgan_0993,3.949980410512804e-06
morgan_bit_0072,3.949677272367513e-06
ecfp6_bit_0098,3.9493436407044675e-06
atom_pair_bit_0799,3.939862470886038e-06
avalon_count_0935,3.9383906845756876e-06
rdkit_fr_phenol,3.936906847277361e-06
fcfp6_bit_0832,3.93488587282213e-06
fcfp6_bit_0148,3.934036163864138e-06
fcfp6_bit_0605,3.933251145158676e-06
erg_227,3.9329494797793776e-06
layered_bit_0699,3.930943434463491e-06
ecfp6_bit_0731,3.928983453372904e-06
fcfp6_bit_0925,3.928690572625571e-06
maplight_morgan_0836,3.921887769524768e-06
erg_170,3.920419809606477e-06
atom_pair_bit_0311,3.919781994891864e-06
morgan_bit_0598,3.917307913278793e-06
avalon_count_0395,3.913669502590685e-06
avalon_count_0755,3.907345696741734e-06
fcfp6_bit_0693,3.905465982312335e-06
ecfp6_bit_0408,3.905137798189719e-06
maplight_morgan_0771,3.902150100457148e-06
maplight_morgan_0010,3.901788295181139e-06
layered_bit_0847,3.901649283272368e-06
maccs_bit_101,3.900747694441715e-06
avalon_count_0635,3.896504441502592e-06
fcfp6_bit_0332,3.8928109532561585e-06
fcfp6_bit_0594,3.889935886956478e-06
avalon_count_0428,3.889752592124615e-06
ecfp6_bit_0330,3.887901142497024e-06
morgan_bit_0904,3.887644270316163e-06
layered_bit_0332,3.886489369340012e-06
topological_torsion_bit_0356,3.885744689827047e-06
avalon_count_0536,3.8813022997182005e-06
layered_bit_0389,3.879096330176329e-06
avalon_count_0989,3.877664504431468e-06
ecfp6_bit_0247,3.874260298157099e-06
avalon_count_0010,3.87359853244234e-06
fcfp6_bit_0745,3.8619276501098716e-06
ecfp6_bit_0228,3.861162816587959e-06
morgan_bit_0691,3.859994644369968e-06
maplight_morgan_0551,3.8593641025514196e-06
atom_pair_bit_0359,3.856964787953039e-06
ecfp6_bit_0580,3.856790844194616e-06
atom_pair_bit_0934,3.856760828432622e-06
ecfp6_bit_0036,3.856094897609138e-06
ecfp6_bit_0472,3.850842443261308e-06
ecfp6_bit_0077,3.8494149251000776e-06
fcfp6_bit_0852,3.847228050779656e-06
erg_163,3.8461683061478485e-06
topological_torsion_bit_0593,3.843641442557699e-06
erg_293,3.8428247987681905e-06
maplight_morgan_0325,3.841134911165192e-06
ecfp6_bit_0633,3.8404876124906534e-06
ecfp6_bit_0777,3.839538302338512e-06
maplight_morgan_0914,3.8376185437667236e-06
atom_pair_bit_0198,3.827597198729765e-06
avalon_count_0020,3.823193231492305e-06
ecfp6_bit_0857,3.8221307466380044e-06
avalon_count_0958,3.816896895115809e-06
topological_torsion_bit_0272,3.815920776842969e-06
avalon_count_0434,3.815488232668656e-06
fcfp6_bit_0754,3.815308364293648e-06
layered_bit_0734,3.814256983476512e-06
morgan_bit_0133,3.812474139654174e-06
avalon_count_0376,3.80972075101331e-06
ecfp6_bit_0891,3.804252490009979e-06
morgan_bit_0367,3.801047156269956e-06
erg_028,3.7978237178167645e-06
maplight_morgan_0368,3.797445993891298e-06
morgan_bit_0263,3.794539998132131e-06
avalon_count_0615,3.7914817794536837e-06
topological_torsion_bit_0016,3.785757944601507e-06
morgan_bit_0835,3.7814086946995885e-06
ecfp6_bit_0666,3.7810789846646855e-06
fcfp6_bit_0807,3.780852109290311e-06
maplight_morgan_0928,3.777978955493837e-06
fcfp6_bit_0110,3.777528612025719e-06
fcfp6_bit_0326,3.776123357508339e-06
maplight_morgan_0320,3.7749876194963735e-06
maplight_morgan_0209,3.773721907303726e-06
ecfp6_bit_0585,3.7676719701132527e-06
topological_torsion_bit_0002,3.766521716534504e-06
maplight_morgan_0304,3.76438749023236e-06
maplight_morgan_0886,3.7637007923251793e-06
topological_torsion_bit_0628,3.7589207434443697e-06
topological_torsion_bit_0124,3.757003297570416e-06
fcfp6_bit_0397,3.755783207333024e-06
avalon_count_0920,3.75497916283715e-06
layered_bit_0040,3.7542233425690784e-06
atom_pair_bit_0859,3.753287187544585e-06
avalon_count_0887,3.7531424091415436e-06
layered_bit_0545,3.7506388317213875e-06
fcfp6_bit_0121,3.750076445745498e-06
maccs_bit_133,3.7496296319538426e-06
atom_pair_bit_0234,3.74931188866038e-06
atom_pair_bit_0453,3.749156048565135e-06
maplight_morgan_0800,3.74622615482385e-06
ecfp6_bit_0710,3.7441690299156285e-06
ecfp6_bit_0117,3.7428192416859173e-06
avalon_count_0993,3.7393740893970023e-06
fcfp6_bit_0993,3.7382700170260863e-06
atom_pair_bit_0149,3.736565582094011e-06
fcfp6_bit_0587,3.7349634247122536e-06
atom_pair_bit_0129,3.73342380207647e-06
morgan_bit_0901,3.733329554510993e-06
ecfp6_bit_0121,3.731910550544269e-06
fcfp6_bit_0789,3.7291055131218148e-06
topological_torsion_bit_0717,3.728209627080088e-06
fcfp6_bit_0604,3.724047102759457e-06
ecfp6_bit_0520,3.7158236554700554e-06
layered_bit_0508,3.713685910708794e-06
ecfp6_bit_0162,3.7128030697501432e-06
erg_243,3.7101937177934603e-06
ecfp6_bit_0799,3.7056811617369556e-06
avalon_count_0390,3.7043896639430407e-06
ecfp6_bit_0364,3.701015770769642e-06
layered_bit_0200,3.6986103750706943e-06
atom_pair_bit_0319,3.69697238424783e-06
maplight_morgan_0261,3.6959373231634808e-06
maccs_bit_125,3.69455962196304e-06
morgan_bit_0407,3.6911715041392474e-06
maplight_morgan_0069,3.685911171898326e-06
layered_bit_0961,3.684203929075436e-06
layered_bit_0162,3.6827830860052537e-06
layered_bit_0851,3.6777255911210204e-06
morgan_bit_0816,3.675931972639419e-06
fcfp6_bit_0629,3.674468767692769e-06
atom_pair_bit_0047,3.6732237182505313e-06
atom_pair_bit_0099,3.6719987479511985e-06
ecfp6_bit_0516,3.6698297140256283e-06
fcfp6_bit_0990,3.665705261267714e-06
maplight_morgan_0483,3.6621495757113857e-06
maplight_morgan_0032,3.660922071695792e-06
avalon_count_0446,3.6582444708664013e-06
fcfp6_bit_0654,3.6548198505135594e-06
layered_bit_0113,3.6540940624279335e-06
maplight_morgan_0494,3.6521370447919308e-06
fcfp6_bit_0049,3.650841511706935e-06
atom_pair_bit_0402,3.6504335360507745e-06
morgan_bit_0352,3.6499919186486116e-06
maplight_morgan_0792,3.649063707925165e-06
topological_torsion_bit_0113,3.6462584902410157e-06
morgan_bit_0666,3.6459771273068598e-06
fcfp6_bit_0688,3.644950726523293e-06
fcfp6_bit_0444,3.642855085681281e-06
morgan_bit_0131,3.6415530497353964e-06
morgan_bit_0607,3.639458461022175e-06
morgan_bit_0271,3.635020696253436e-06
fcfp6_bit_0934,3.6344917274184612e-06
maplight_morgan_0741,3.632767615704835e-06
fcfp6_bit_0788,3.6276462199966667e-06
atom_pair_bit_0027,3.6269701358721144e-06
morgan_bit_0935,3.624651292266834e-06
maplight_morgan_0872,3.624052420510976e-06
fcfp6_bit_0218,3.623960753776735e-06
morgan_bit_0489,3.6224522616089167e-06
morgan_bit_1022,3.621707834879512e-06
ecfp6_bit_0090,3.618467507300522e-06
ecfp6_bit_0298,3.618127801871432e-06
fcfp6_bit_0555,3.6143955776254635e-06
ecfp6_bit_1022,3.6141037097522407e-06
atom_pair_bit_0730,3.613902732043514e-06
fcfp6_bit_0244,3.611428482448379e-06
topological_torsion_bit_0893,3.610196916951319e-06
fcfp6_bit_0591,3.6090873814650026e-06
fcfp6_bit_0477,3.606986707049508e-06
layered_bit_0333,3.6047979165912314e-06
ecfp6_bit_0983,3.602284130625562e-06
morgan_bit_0185,3.600088794563979e-06
topological_torsion_bit_0433,3.5993334658176855e-06
morgan_bit_0333,3.5967250974243357e-06
ecfp6_bit_0476,3.5959160678899162e-06
morgan_bit_0470,3.5943105953513434e-06
fcfp6_bit_0461,3.594101331156577e-06
fcfp6_bit_0277,3.588292131268593e-06
maccs_bit_025,3.5867132717357814e-06
avalon_count_0482,3.5863697264573882e-06
maplight_morgan_0086,3.5862620251172896e-06
fcfp6_bit_0813,3.5849732533831213e-06
morgan_bit_0948,3.5847745004908905e-06
morgan_bit_0041,3.5777828863163527e-06
ecfp6_bit_0549,3.5700725199699233e-06
maplight_morgan_0063,3.5681649820469072e-06
ecfp6_bit_0026,3.5680586522930392e-06
fcfp6_bit_1003,3.562061898452922e-06
atom_pair_bit_0170,3.5585338798373934e-06
morgan_bit_0362,3.556064883341617e-06
maplight_morgan_0129,3.5548172249161534e-06
topological_torsion_bit_0568,3.551046723203126e-06
ecfp6_bit_0812,3.549877514195209e-06
ecfp6_bit_0200,3.541377239121826e-06
topological_torsion_bit_0149,3.537620698491282e-06
ecfp6_bit_0293,3.5356037520891004e-06
avalon_count_0228,3.534874221872636e-06
morgan_bit_0930,3.5333931988211735e-06
maplight_morgan_0100,3.5276251269570873e-06
morgan_bit_0346,3.5268631027761522e-06
maplight_morgan_0216,3.5265395948475203e-06
ecfp6_bit_0497,3.5247346722069974e-06
maplight_morgan_0890,3.523267309969354e-06
maplight_morgan_0539,3.5221946933079054e-06
morgan_bit_0623,3.5220607281417132e-06
atom_pair_bit_0822,3.5160050873442747e-06
layered_bit_0013,3.50936077170553e-06
ecfp6_bit_0131,3.5062444535919657e-06
layered_bit_0065,3.5037033959521304e-06
maplight_morgan_0690,3.4972240019897045e-06
fcfp6_bit_0971,3.4967944299028263e-06
maplight_morgan_0112,3.4958230241057336e-06
ecfp6_bit_0669,3.4942422493937697e-06
ecfp6_bit_0068,3.4886666293345434e-06
fcfp6_bit_0630,3.486273700891047e-06
maplight_morgan_0333,3.4822944016375926e-06
fcfp6_bit_0869,3.4820290012222394e-06
ecfp6_bit_0870,3.4793685596288877e-06
morgan_bit_0599,3.4778324484523066e-06
avalon_count_0166,3.477804414664104e-06
ecfp6_bit_0047,3.4763149579503765e-06
fcfp6_bit_0610,3.4755424274623583e-06
ecfp6_bit_0682,3.4735647046536184e-06
ecfp6_bit_0941,3.472930647915707e-06
avalon_count_0185,3.4713657454318683e-06
morgan_bit_0836,3.4684168430620053e-06
fcfp6_bit_0657,3.4680049702357963e-06
ecfp6_bit_0265,3.461110901534619e-06
atom_pair_bit_0213,3.460904393015899e-06
fcfp6_bit_0784,3.460487391075108e-06
topological_torsion_bit_0684,3.4572403068629593e-06
avalon_count_0859,3.452716268717411e-06
maccs_bit_163,3.4396897992522848e-06
atom_pair_bit_0990,3.436197031839369e-06
atom_pair_bit_0510,3.4350557896300493e-06
avalon_count_0470,3.4339054689470707e-06
topological_torsion_bit_0220,3.4322025430611002e-06
maplight_morgan_0589,3.4318050067752758e-06
ecfp6_bit_0094,3.429203393740492e-06
layered_bit_0560,3.4232571997983148e-06
ecfp6_bit_0567,3.4232493435240034e-06
morgan_bit_0293,3.422793204180161e-06
morgan_bit_0955,3.4225865048184653e-06
topological_torsion_bit_0672,3.421190294840999e-06
topological_torsion_bit_0984,3.416879052517209e-06
morgan_bit_0895,3.4168167598611546e-06
rdkit_fr_Ndealkylation2,3.414698931937484e-06
maplight_morgan_0454,3.4082661619204233e-06
ecfp6_bit_0333,3.4071784424970026e-06
fcfp6_bit_0109,3.4062062424021654e-06
fcfp6_bit_0483,3.4025090893258196e-06
morgan_bit_0698,3.397849940442876e-06
fcfp6_bit_0921,3.3968611668009535e-06
fcfp6_bit_0623,3.3959454385416863e-06
ecfp6_bit_0644,3.394355311248376e-06
maplight_morgan_1008,3.3938827939379767e-06
fcfp6_bit_0918,3.3922642667787713e-06
ecfp6_bit_0884,3.3879461613152515e-06
morgan_bit_0949,3.386745084343632e-06
morgan_bit_0025,3.376798465701477e-06
layered_bit_0677,3.3763476380287254e-06
erg_291,3.374601227425761e-06
ecfp6_bit_0798,3.371639768617932e-06
morgan_bit_0180,3.3697263492504366e-06
fcfp6_bit_0083,3.3678549480747494e-06
fcfp6_bit_0870,3.3665904969338855e-06
fcfp6_bit_0823,3.3622144633660692e-06
avalon_count_0922,3.3595919770068373e-06
maplight_morgan_0136,3.3588867521471817e-06
ecfp6_bit_0313,3.357348332504275e-06
topological_torsion_bit_0050,3.357158804643596e-06
layered_bit_0382,3.354758761999932e-06
atom_pair_bit_0330,3.3535724443493036e-06
ecfp6_bit_0425,3.35014562010426e-06
maplight_morgan_0941,3.347467995252334e-06
topological_torsion_bit_0088,3.3470474969216547e-06
fcfp6_bit_0127,3.346100613007849e-06
ecfp6_bit_0125,3.3427949865710207e-06
maccs_bit_110,3.34238481723524e-06
ecfp6_bit_0338,3.3416843612070217e-06
maplight_morgan_0018,3.3402032626385235e-06
fcfp6_bit_0330,3.339887219257701e-06
atom_pair_bit_0871,3.339667051720327e-06
layered_bit_0555,3.3371720476631335e-06
erg_040,3.335877143472637e-06
fcfp6_bit_0122,3.3345510296379424e-06
ecfp6_bit_0859,3.333734320680653e-06
ecfp6_bit_0499,3.3298460206102215e-06
ecfp6_bit_0270,3.3289747981917616e-06
topological_torsion_bit_0728,3.3288565024830366e-06
topological_torsion_bit_0481,3.325642770701713e-06
maplight_morgan_0757,3.3253183626036796e-06
fcfp6_bit_0774,3.321195065215537e-06
avalon_count_0679,3.3190602836653407e-06
ecfp6_bit_0751,3.3185024702982428e-06
ecfp6_bit_0753,3.3163100301785216e-06
morgan_bit_0771,3.315109267343884e-06
ecfp6_bit_0655,3.3140407186888848e-06
ecfp6_bit_0148,3.312509680447514e-06
layered_bit_0769,3.3121422191543887e-06
morgan_bit_0723,3.3094233231676e-06
ecfp6_bit_0934,3.307594838260335e-06
erg_066,3.305791979821089e-06
fcfp6_bit_0907,3.3023788668314553e-06
layered_bit_0295,3.300743543117049e-06
rdkit_fr_piperdine,3.2989245492646494e-06
fcfp6_bit_0015,3.298877191545335e-06
ecfp6_bit_0060,3.297174455739622e-06
avalon_count_0978,3.295526261448599e-06
avalon_count_0969,3.293375849840318e-06
fcfp6_bit_0117,3.284642591119945e-06
morgan_bit_0766,3.281952257897793e-06
maplight_morgan_0195,3.2733378492065867e-06
ecfp6_bit_0539,3.2727485345255616e-06
avalon_count_0852,3.272446389193271e-06
ecfp6_bit_0239,3.2708547967693116e-06
maplight_morgan_0312,3.2648763939409796e-06
fcfp6_bit_0285,3.2635721994905e-06
morgan_bit_0587,3.2600795401244578e-06
ecfp6_bit_0897,3.2548720826926647e-06
avalon_count_0149,3.252956977561431e-06
maplight_morgan_0072,3.2529217179875804e-06
maplight_morgan_0901,3.2485322351944377e-06
morgan_bit_0148,3.2475797303607547e-06
layered_bit_0112,3.2395571934137768e-06
atom_pair_bit_0011,3.2388306307837487e-06
ecfp6_bit_0105,3.2374764602800076e-06
ecfp6_bit_0483,3.23688033955023e-06
layered_bit_0270,3.2342737016723374e-06
ecfp6_bit_0091,3.233316043679237e-06
erg_043,3.2265219599985723e-06
layered_bit_0627,3.2265071208209676e-06
morgan_bit_0714,3.2234960983048994e-06
topological_torsion_bit_0216,3.2234662357656074e-06
ecfp6_bit_0281,3.2219157335524262e-06
maplight_morgan_0568,3.221628104383822e-06
atom_pair_bit_0142,3.2201157130130744e-06
ecfp6_bit_0491,3.218052329911282e-06
maplight_morgan_0407,3.2168362527622158e-06
layered_bit_0908,3.2150009174250072e-06
topological_torsion_bit_0480,3.2133639984082776e-06
morgan_bit_0831,3.2099115245799108e-06
avalon_count_0211,3.20956990125963e-06
ecfp6_bit_0134,3.2078305530615024e-06
avalon_count_0110,3.2066765423101584e-06
ecfp6_bit_0588,3.2025145693100717e-06
atom_pair_bit_0559,3.202007537485196e-06
morgan_bit_0653,3.201431480934544e-06
ecfp6_bit_0303,3.2004704602106436e-06
topological_torsion_bit_0832,3.19824262091007e-06
atom_pair_bit_0075,3.19494831187736e-06
avalon_count_0133,3.1941593619815063e-06
ecfp6_bit_0315,3.193866984788813e-06
topological_torsion_bit_0473,3.193328116244778e-06
layered_bit_0644,3.1927997088243053e-06
layered_bit_0738,3.192685069763409e-06
fcfp6_bit_0670,3.192269013546637e-06
atom_pair_bit_0642,3.190389106678122e-06
maplight_morgan_0497,3.1887262858724617e-06
fcfp6_bit_0718,3.1840037765950106e-06
avalon_count_0414,3.1834663054617386e-06
ecfp6_bit_0552,3.1811535573809087e-06
ecfp6_bit_1012,3.179687190342012e-06
ecfp6_bit_0849,3.1787918716086637e-06
fcfp6_bit_0215,3.1727693645966832e-06
morgan_bit_0261,3.1693862560721407e-06
fcfp6_bit_0080,3.1669090658619724e-06
fcfp6_bit_0584,3.1634136814767568e-06
morgan_bit_0391,3.1580501591432697e-06
maplight_morgan_0654,3.1574364365991526e-06
avalon_count_0521,3.1533018126441768e-06
ecfp6_bit_0869,3.151787130918343e-06
erg_273,3.1504174675300003e-06
rdkit_fr_priamide,3.14839902075086e-06
layered_bit_0209,3.148371464785808e-06
maplight_morgan_0230,3.1454533633806123e-06
ecfp6_bit_0463,3.137826237294766e-06
morgan_bit_0632,3.1291006953444937e-06
topological_torsion_bit_0644,3.1281270462777678e-06
ecfp6_bit_0017,3.121173257548084e-06
fcfp6_bit_0031,3.11449316749009e-06
topological_torsion_bit_0469,3.112656452257503e-06
ecfp6_bit_0344,3.1124490576025026e-06
ecfp6_bit_0902,3.110343370358596e-06
morgan_bit_0381,3.106506962794861e-06
ecfp6_bit_0048,3.1064922591470362e-06
atom_pair_bit_0470,3.10534157801133e-06
maplight_morgan_0500,3.1050756509484237e-06
avalon_count_0298,3.1033200656518404e-06
morgan_bit_0751,3.1020977791345575e-06
topological_torsion_bit_1020,3.1004356638246013e-06
maplight_morgan_0014,3.100418484707081e-06
ecfp6_bit_0833,3.099373325426726e-06
layered_bit_0755,3.0986775213401127e-06
topological_torsion_bit_0364,3.096765464185628e-06
maplight_morgan_0126,3.0945539361379077e-06
maccs_bit_060,3.0915185157980786e-06
topological_torsion_bit_0609,3.0885695964013282e-06
ecfp6_bit_0480,3.086984770788447e-06
avalon_count_0469,3.0864696140235557e-06
morgan_bit_0090,3.0845627145986483e-06
morgan_bit_0499,3.0790926046117473e-06
ecfp6_bit_0352,3.078534287989631e-06
layered_bit_0646,3.0751338804810775e-06
topological_torsion_bit_0290,3.0730198131466975e-06
topological_torsion_bit_0860,3.072867683182747e-06
erg_276,3.072702119222482e-06
ecfp6_bit_0384,3.068326683061919e-06
avalon_count_0423,3.068088224228341e-06
ecfp6_bit_0003,3.067314017592549e-06
ecfp6_bit_0654,3.0663245429527796e-06
topological_torsion_bit_0677,3.064957067221711e-06
avalon_count_0305,3.0647097132881513e-06
ecfp6_bit_0958,3.061334070916444e-06
atom_pair_bit_0266,3.0519753851564124e-06
topological_torsion_bit_0905,3.0514198215148795e-06
topological_torsion_bit_0026,3.0511456689385057e-06
avalon_count_0243,3.048262871729221e-06
atom_pair_bit_0646,3.0438344923991365e-06
topological_torsion_bit_0312,3.041761170370528e-06
fcfp6_bit_0779,3.0415163039190667e-06
fcfp6_bit_0579,3.040682431120583e-06
fcfp6_bit_0782,3.0321157303180167e-06
ecfp6_bit_0929,3.0310714862609173e-06
fcfp6_bit_0833,3.030598554890963e-06
morgan_bit_0973,3.02903171748764e-06
morgan_bit_0918,3.0271199815322113e-06
atom_pair_bit_0727,3.0234871643006344e-06
maplight_morgan_0167,3.020920424998211e-06
atom_pair_bit_0702,3.0140367143924857e-06
ecfp6_bit_0368,3.0092690400414763e-06
fcfp6_bit_0490,3.0089352579487417e-06
morgan_bit_0662,3.0083475815316137e-06
maplight_morgan_0484,3.007404987694855e-06
morgan_bit_0795,3.007235740331005e-06
morgan_bit_0896,3.0036443482995133e-06
ecfp6_bit_0788,3.0028881370319778e-06
fcfp6_bit_0336,3.0023384745179556e-06
ecfp6_bit_0037,3.002030753537521e-06
avalon_count_0440,3.0001822947115543e-06
morgan_bit_0787,3.0001123262762034e-06
ecfp6_bit_0019,2.997266794159653e-06
maplight_morgan_0877,2.9943933951214844e-06
fcfp6_bit_0299,2.9930438656628983e-06
ecfp6_bit_0836,2.9889118471989305e-06
fcfp6_bit_0204,2.9849053033601168e-06
maccs_bit_162,2.9760119401301933e-06
layered_bit_0048,2.974960336619791e-06
topological_torsion_bit_0840,2.974601627714117e-06
maplight_morgan_0809,2.973898030769807e-06
morgan_bit_0290,2.971981593751352e-06
atom_pair_bit_0429,2.968309436619407e-06
morgan_bit_0310,2.9681440131753548e-06
maplight_morgan_0185,2.9667603514928533e-06
ecfp6_bit_0671,2.966524988048044e-06
layered_bit_0685,2.9664426209113093e-06
ecfp6_bit_0903,2.9650686205591174e-06
layered_bit_0322,2.96448500835495e-06
layered_bit_0763,2.9642059887893005e-06
maccs_bit_071,2.9606588700398863e-06
maplight_morgan_0002,2.959719310328472e-06
avalon_count_0052,2.9595187677467466e-06
ecfp6_bit_0582,2.958997254877356e-06
ecfp6_bit_0593,2.958613484049532e-06
maplight_morgan_0702,2.956669534677857e-06
avalon_count_0014,2.955590193485187e-06
atom_pair_bit_0132,2.953327312530846e-06
maplight_morgan_0608,2.9518883483898733e-06
maplight_morgan_0342,2.9511817197136745e-06
ecfp6_bit_0578,2.947554658971496e-06
topological_torsion_bit_0753,2.946959774383508e-06
ecfp6_bit_0086,2.9467548902860777e-06
morgan_bit_0115,2.9465555316792806e-06
avalon_count_0850,2.9463218366984643e-06
morgan_bit_0730,2.944630430882747e-06
maplight_morgan_0190,2.9357574247705607e-06
fcfp6_bit_0658,2.935283893312219e-06
maccs_bit_070,2.9334618967891863e-06
ecfp6_bit_0157,2.9272536152120275e-06
ecfp6_bit_0843,2.9265496865759543e-06
ecfp6_bit_0096,2.9260604009734837e-06
ecfp6_bit_0403,2.925208663496596e-06
morgan_bit_0188,2.924949770806429e-06
morgan_bit_0116,2.9226824283869875e-06
atom_pair_bit_0826,2.9220007760612553e-06
topological_torsion_bit_0649,2.921008268668877e-06
morgan_bit_0242,2.9195863792531055e-06
topological_torsion_bit_0024,2.9177183608810067e-06
maplight_morgan_0804,2.9149333206882973e-06
topological_torsion_bit_0372,2.9140604514064843e-06
layered_bit_0867,2.90989476975508e-06
avalon_count_0255,2.9068711531559497e-06
topological_torsion_bit_0120,2.901969566111077e-06
avalon_count_0773,2.899629908023578e-06
morgan_bit_0997,2.89937501649516e-06
morgan_bit_0912,2.8956694051655106e-06
morgan_bit_0339,2.895344237181902e-06
ecfp6_bit_0412,2.8926896848478534e-06
erg_264,2.8925831582551904e-06
ecfp6_bit_0141,2.8890099710276747e-06
maccs_bit_087,2.886359551376146e-06
ecfp6_bit_0407,2.8838212755217223e-06
topological_torsion_bit_0008,2.8831483244097924e-06
layered_bit_0977,2.876846150974201e-06
ecfp6_bit_0059,2.8761033113208782e-06
ecfp6_bit_0183,2.8756776075180183e-06
avalon_count_0753,2.8741826964185222e-06
maplight_morgan_0635,2.8725502213742e-06
maplight_morgan_0998,2.870574530381108e-06
ecfp6_bit_0507,2.8694406628513244e-06
ecfp6_bit_0594,2.8667802801934397e-06
avalon_count_0268,2.865568358737976e-06
maccs_bit_135,2.8651960622497125e-06
fcfp6_bit_0470,2.8622707447765304e-06
layered_bit_0412,2.861244334543125e-06
maplight_morgan_0917,2.855118905309739e-06
ecfp6_bit_0273,2.8549693042742458e-06
ecfp6_bit_0969,2.852618675831863e-06
maplight_morgan_0569,2.8517167469212484e-06
morgan_bit_0680,2.848129396137115e-06
fcfp6_bit_0026,2.846595432406198e-06
fcfp6_bit_0897,2.840195534048008e-06
maplight_morgan_0843,2.8399197021122973e-06
topological_torsion_bit_0464,2.8329485155523205e-06
ecfp6_bit_0603,2.830483462490123e-06
layered_bit_0765,2.8294905829777396e-06
fcfp6_bit_0843,2.826001782359955e-06
topological_torsion_bit_0305,2.8252362959522693e-06
fcfp6_bit_0108,2.8237413520094794e-06
topological_torsion_bit_0260,2.823341335682693e-06
avalon_count_0330,2.8227057183477827e-06
topological_torsion_bit_0812,2.8207218128361184e-06
erg_233,2.8171261761277306e-06
erg_248,2.813795695042311e-06
ecfp6_bit_0895,2.8129800245205347e-06
atom_pair_bit_0190,2.812145878762757e-06
maplight_morgan_0238,2.811851357214196e-06
ecfp6_bit_0889,2.8098620408259007e-06
morgan_bit_0563,2.8086260235961195e-06
ecfp6_bit_0606,2.8084962428655605e-06
layered_bit_0585,2.8075758557091375e-06
morgan_bit_0884,2.807302227398e-06
maplight_morgan_0677,2.803281682271535e-06
maplight_morgan_0883,2.8010370173204413e-06
morgan_bit_0448,2.7991324191139187e-06
avalon_count_0899,2.7969419656665564e-06
layered_bit_0525,2.795234372907886e-06
morgan_bit_0259,2.792815280345456e-06
maplight_morgan_0239,2.790830850348843e-06
layered_bit_0830,2.7897887112343954e-06
ecfp6_bit_0287,2.7858650034725174e-06
ecfp6_bit_0103,2.785790082581905e-06
avalon_count_0143,2.7819326588815903e-06
atom_pair_bit_0454,2.7804541645642045e-06
erg_176,2.778863844116025e-06
erg_230,2.77743371674283e-06
fcfp6_bit_0475,2.775964199176719e-06
fcfp6_bit_0306,2.7733660535024904e-06
ecfp6_bit_0858,2.766576428418189e-06
maplight_morgan_1014,2.7578671476602082e-06
atom_pair_bit_0350,2.757279851846861e-06
morgan_bit_0252,2.756497155227049e-06
fcfp6_bit_0140,2.7536150983448586e-06
fcfp6_bit_0048,2.7492419397020045e-06
atom_pair_bit_0158,2.7449874256760915e-06
ecfp6_bit_0962,2.7447518410572057e-06
atom_pair_bit_0922,2.74448941184923e-06
topological_torsion_bit_0265,2.7415466728514488e-06
ecfp6_bit_0761,2.7414567998221395e-06
atom_pair_bit_0307,2.740944341932707e-06
ecfp6_bit_0496,2.737651254789512e-06
morgan_bit_0268,2.7366248157498276e-06
atom_pair_bit_0981,2.7355971205081836e-06
morgan_bit_0657,2.734936237233013e-06
ecfp6_bit_0450,2.7329931554059047e-06
maplight_morgan_0924,2.7322303674463237e-06
fcfp6_bit_0633,2.7297230070158417e-06
morgan_bit_0432,2.728279411478227e-06
maplight_morgan_0844,2.725331842555852e-06
ecfp6_bit_0664,2.7238108422011113e-06
morgan_bit_0622,2.7237935865759323e-06
ecfp6_bit_0236,2.7230565706699527e-06
fcfp6_bit_0614,2.721614325036583e-06
avalon_count_0419,2.7094554877896834e-06
maplight_morgan_0942,2.7081492502855167e-06
ecfp6_bit_0329,2.7075091215435265e-06
ecfp6_bit_0518,2.7053329039513893e-06
ecfp6_bit_0547,2.703490934262459e-06
avalon_count_0168,2.7033584877985307e-06
ecfp6_bit_0687,2.7026636181566883e-06
fcfp6_bit_0523,2.701351302905513e-06
ecfp6_bit_0373,2.7011788246012345e-06
maplight_morgan_0565,2.699133863447678e-06
fcfp6_bit_0683,2.6955742241334985e-06
fcfp6_bit_0865,2.6931282860936852e-06
atom_pair_bit_0843,2.692836667731379e-06
fcfp6_bit_0967,2.690375880453531e-06
ecfp6_bit_0475,2.686407552263015e-06
topological_torsion_bit_0804,2.685705954026038e-06
fcfp6_bit_0339,2.6853529001312206e-06
fcfp6_bit_0816,2.6827920797002664e-06
fcfp6_bit_0698,2.680838530147255e-06
maplight_morgan_0590,2.6802755170520383e-06
topological_torsion_bit_0656,2.678627199382916e-06
maplight_morgan_0151,2.6771354798587447e-06
fcfp6_bit_0351,2.676790680647448e-06
ecfp6_bit_0555,2.6716551433348438e-06
ecfp6_bit_0453,2.670923822616149e-06
morgan_bit_0523,2.6673136741111927e-06
avalon_count_0814,2.6666414283012307e-06
morgan_bit_0991,2.6646698332066513e-06
ecfp6_bit_0827,2.6641137074293177e-06
avalon_count_0432,2.6610762462468545e-06
topological_torsion_bit_0449,2.6607261580562972e-06
morgan_bit_0375,2.6589812377539816e-06
avalon_count_0933,2.657486018780841e-06
topological_torsion_bit_1008,2.6574693719820508e-06
atom_pair_bit_0530,2.6571060874671506e-06
ecfp6_bit_0837,2.656715913572632e-06
fcfp6_bit_1010,2.65197672673277e-06
ecfp6_bit_0890,2.6501232966925655e-06
atom_pair_bit_0938,2.6497554570446464e-06
topological_torsion_bit_0873,2.6482113298909235e-06
erg_085,2.6473441550196522e-06
morgan_bit_0870,2.645802412374401e-06
fcfp6_bit_0510,2.6449794108412453e-06
avalon_count_0762,2.6446321572879257e-06
morgan_bit_0103,2.6444248605625133e-06
ecfp6_bit_0445,2.6427272508635917e-06
maplight_morgan_0703,2.642179052487159e-06
fcfp6_bit_0103,2.6385388630379016e-06
morgan_bit_0976,2.6349679276146694e-06
avalon_count_0247,2.6333171012010292e-06
morgan_bit_0392,2.632182354004015e-06
erg_010,2.630297783613452e-06
maplight_morgan_0293,2.6287451100069417e-06
topological_torsion_bit_0401,2.626358028021939e-06
fcfp6_bit_0466,2.6258941014862505e-06
ecfp6_bit_0764,2.6239650684395954e-06
maplight_morgan_0208,2.6224386505039044e-06
ecfp6_bit_0548,2.6201877394499244e-06
topological_torsion_bit_0825,2.6197300441284363e-06
ecfp6_bit_0521,2.6185375324627724e-06
maplight_morgan_0945,2.6162450598159584e-06
ecfp6_bit_0459,2.6148247947808283e-06
atom_pair_bit_0166,2.613755892692916e-06
ecfp6_bit_0740,2.6125254568753865e-06
avalon_count_0374,2.612346363294188e-06
maplight_morgan_0653,2.6118859138202235e-06
topological_torsion_bit_0676,2.6058793819841544e-06
maplight_morgan_0231,2.605817795264792e-06
maplight_morgan_0955,2.605715733108625e-06
maplight_morgan_0254,2.6036166361582263e-06
erg_247,2.600696997017001e-06
fcfp6_bit_0802,2.5980315650909065e-06
maplight_morgan_0096,2.5960012493612854e-06
maplight_morgan_0471,2.5941579457449467e-06
ecfp6_bit_0530,2.5911447204717936e-06
fcfp6_bit_0411,2.590826778324187e-06
ecfp6_bit_0736,2.590742863780808e-06
topological_torsion_bit_0128,2.5887985169573084e-06
morgan_bit_0849,2.588544432143108e-06
ecfp6_bit_0482,2.5863853107343392e-06
ecfp6_bit_1016,2.582297899314471e-06
morgan_bit_0074,2.5819896782223784e-06
maplight_morgan_0575,2.581006184567961e-06
atom_pair_bit_0494,2.5794340098065023e-06
fcfp6_bit_0309,2.578946303083505e-06
ecfp6_bit_0952,2.5776321733294753e-06
morgan_bit_0496,2.573520174398095e-06
avalon_count_0352,2.572252926506492e-06
ecfp6_bit_0876,2.5692346750734166e-06
ecfp6_bit_0553,2.5664984233785617e-06
maplight_morgan_1022,2.5648644118559187e-06
fcfp6_bit_0377,2.5647346548999953e-06
ecfp6_bit_0538,2.5634904110900105e-06
ecfp6_bit_0234,2.557890686103181e-06
maplight_morgan_0758,2.557855822641117e-06
fcfp6_bit_0300,2.5559218705871792e-06
ecfp6_bit_0356,2.555658029051494e-06
fcfp6_bit_0262,2.5555018610902046e-06
morgan_bit_0823,2.5539062406741383e-06
layered_bit_0359,2.5504871470973834e-06
morgan_bit_0741,2.547453531313907e-06
atom_pair_bit_0982,2.546437437384174e-06
erg_311,2.544527413423948e-06
erg_168,2.5422770236952302e-06
avalon_count_0869,2.542155843201194e-06
maplight_morgan_0950,2.536790690199865e-06
ecfp6_bit_0008,2.536727230074742e-06
avalon_count_0179,2.536725074500721e-06
ecfp6_bit_0257,2.535758446969134e-06
maplight_morgan_0410,2.535406245787412e-06
ecfp6_bit_0834,2.5309720180272053e-06
maplight_morgan_0956,2.530572951070117e-06
avalon_count_0833,2.53054644811349e-06
maplight_morgan_0236,2.5285325933790942e-06
maplight_morgan_0908,2.5268179014031976e-06
fcfp6_bit_0811,2.525717842544152e-06
layered_bit_0368,2.525247494238738e-06
topological_torsion_bit_0824,2.523115849707766e-06
fcfp6_bit_0314,2.5200446441496e-06
avalon_count_0248,2.5191966996785843e-06
fcfp6_bit_0238,2.5183930167191716e-06
morgan_bit_0440,2.518323815229123e-06
fcfp6_bit_0721,2.517731812831478e-06
ecfp6_bit_0826,2.5150750512441213e-06
topological_torsion_bit_0244,2.514143050430491e-06
layered_bit_0435,2.5116957110354037e-06
rdkit_fr_urea,2.509367038261231e-06
erg_292,2.5086485452544722e-06
ecfp6_bit_0738,2.5080768901376594e-06
ecfp6_bit_0346,2.5079449694538484e-06
ecfp6_bit_1009,2.5065106780725213e-06
ecfp6_bit_0078,2.5064804149576897e-06
fcfp6_bit_0620,2.5057760477220764e-06
atom_pair_bit_0774,2.505014769672443e-06
atom_pair_bit_0978,2.504201009201311e-06
ecfp6_bit_0069,2.502289277425003e-06
morgan_bit_0940,2.4992593655721147e-06
layered_bit_0037,2.496181569949303e-06
ecfp6_bit_0136,2.495360927955401e-06
morgan_bit_0506,2.4906500437563507e-06
fcfp6_bit_0072,2.4901495735381694e-06
rdkit_NumSaturatedCarbocycles,2.489349492826749e-06
atom_pair_bit_0591,2.487761549114087e-06
fcfp6_bit_0146,2.487201252139526e-06
ecfp6_bit_0832,2.48614679932352e-06
maplight_morgan_0475,2.4858817368487702e-06
fcfp6_bit_0873,2.4838863959148315e-06
topological_torsion_bit_0249,2.481327457238685e-06
ecfp6_bit_0011,2.4785860297355e-06
morgan_bit_0924,2.4783853961270048e-06
layered_bit_0243,2.4754982419032236e-06
ecfp6_bit_0565,2.473765038138254e-06
avalon_count_0296,2.4727131286905477e-06
morgan_bit_0965,2.4719151401108117e-06
maplight_morgan_0340,2.470870229364029e-06
avalon_count_0984,2.4694926954617377e-06
morgan_bit_0853,2.4648535899583475e-06
ecfp6_bit_0444,2.4638159621328026e-06
fcfp6_bit_0674,2.463772520919894e-06
fcfp6_bit_0511,2.463290204796663e-06
topological_torsion_bit_0313,2.4631428219593927e-06
fcfp6_bit_0998,2.460051881080241e-06
morgan_bit_0455,2.458064594766367e-06
layered_bit_0595,2.457099598833642e-06
ecfp6_bit_0712,2.456938516469224e-06
ecfp6_bit_0752,2.45194830820182e-06
fcfp6_bit_0640,2.4503831413147257e-06
ecfp6_bit_0534,2.444606111032262e-06
fcfp6_bit_0035,2.4422272936061134e-06
avalon_count_0910,2.4419634968884116e-06
atom_pair_bit_0917,2.438425051058671e-06
fcfp6_bit_0549,2.4351772278361783e-06
maplight_morgan_0709,2.4293959322422104e-06
morgan_bit_0684,2.427881834858073e-06
topological_torsion_bit_0736,2.426605589835629e-06
layered_bit_0292,2.423955818858378e-06
avalon_count_0439,2.421284707159219e-06
morgan_bit_0067,2.420879047127033e-06
topological_torsion_bit_0821,2.420869582436176e-06
maplight_morgan_0024,2.4195215510087513e-06
topological_torsion_bit_0252,2.4169659813708324e-06
morgan_bit_0913,2.4165682877619185e-06
topological_torsion_bit_0932,2.412797976812968e-06
maplight_morgan_0036,2.411522919799228e-06
ecfp6_bit_0010,2.411267239048035e-06
morgan_bit_0315,2.4110236903012206e-06
topological_torsion_bit_0341,2.408920384842316e-06
fcfp6_bit_0497,2.4084562248377955e-06
fcfp6_bit_0471,2.4083307284629805e-06
layered_bit_0866,2.4029959260157645e-06
ecfp6_bit_0522,2.4003260460742737e-06
fcfp6_bit_0671,2.3984607944406937e-06
morgan_bit_0846,2.3942507049165104e-06
topological_torsion_bit_0414,2.3934987048995913e-06
fcfp6_bit_0387,2.3929598012294214e-06
atom_pair_bit_0103,2.3928752198598994e-06
morgan_bit_0386,2.3910822603449947e-06
avalon_count_0457,2.3905292021688946e-06
fcfp6_bit_0278,2.3899950664302196e-06
ecfp6_bit_0877,2.3896390339136055e-06
ecfp6_bit_0822,2.389467997251846e-06
ecfp6_bit_0809,2.385599844661305e-06
morgan_bit_0799,2.3852903726519495e-06
layered_bit_0566,2.3821826159864588e-06
maplight_morgan_0684,2.3798351505045456e-06
topological_torsion_bit_0589,2.377979263154151e-06
fcfp6_bit_0580,2.375375833900372e-06
maplight_morgan_1021,2.3727361928525164e-06
ecfp6_bit_0152,2.3710875454692305e-06
topological_torsion_bit_0317,2.3697588007227163e-06
fcfp6_bit_0855,2.3691005802433724e-06
morgan_bit_0559,2.367433218046458e-06
ecfp6_bit_0093,2.3672492079519975e-06
ecfp6_bit_0993,2.365422444844874e-06
fcfp6_bit_0978,2.365053476374221e-06
morgan_bit_0530,2.36278919558621e-06
erg_130,2.3614329207162015e-06
erg_201,2.3606405091529883e-06
fcfp6_bit_0915,2.358489341404167e-06
fcfp6_bit_0414,2.356998479557129e-06
morgan_bit_0565,2.355902123763107e-06
maplight_morgan_0467,2.3550358142678636e-06
ecfp6_bit_0075,2.3546583070292855e-06
avalon_count_0585,2.3543712424977923e-06
fcfp6_bit_0930,2.3531601693768628e-06
atom_pair_bit_0389,2.3526303397268718e-06
fcfp6_bit_0248,2.3509155198537833e-06
fcfp6_bit_0847,2.350825832814404e-06
fcfp6_bit_0133,2.34446297468329e-06
erg_294,2.343979857053818e-06
maccs_bit_061,2.3438654786860014e-06
fcfp6_bit_0649,2.342621540910386e-06
ecfp6_bit_0732,2.341943700847558e-06
avalon_count_0919,2.340265696019291e-06
morgan_bit_0961,2.3358784636448033e-06
layered_bit_0291,2.333969468565799e-06
morgan_bit_0890,2.332935154468751e-06
erg_295,2.332534729918241e-06
fcfp6_bit_0187,2.3304939538869116e-06
topological_torsion_bit_0484,2.3299375848276692e-06
ecfp6_bit_0840,2.329744640335765e-06
erg_149,2.328501929544557e-06
fcfp6_bit_0058,2.3278423882182325e-06
atom_pair_bit_0054,2.3231658597555157e-06
erg_278,2.321568473971785e-06
morgan_bit_0757,2.3192365578354702e-06
topological_torsion_bit_0129,2.3189623542654175e-06
ecfp6_bit_0782,2.317767387164176e-06
topological_torsion_bit_0700,2.3163571836798432e-06
atom_pair_bit_0515,2.308709194642884e-06
topological_torsion_bit_0428,2.3081045618517652e-06
topological_torsion_bit_0505,2.3079602239442588e-06
morgan_bit_0860,2.30753450082785e-06
fcfp6_bit_0800,2.2988229536295365e-06
morgan_bit_0584,2.297349170540127e-06
morgan_bit_0129,2.29132461715671e-06
topological_torsion_bit_0273,2.2912124287235584e-06
avalon_count_0953,2.2881722640671737e-06
fcfp6_bit_0246,2.286402455912172e-06
topological_torsion_bit_0872,2.2858983691809588e-06
fcfp6_bit_0795,2.283343685263869e-06
fcfp6_bit_0685,2.281397801925898e-06
fcfp6_bit_0335,2.2797740830792847e-06
morgan_bit_0032,2.2768976255960185e-06
maplight_morgan_0506,2.2756792079250313e-06
layered_bit_0954,2.274578817946525e-06
fcfp6_bit_0924,2.2745455853818417e-06
ecfp6_bit_0138,2.27381562228916e-06
layered_bit_0213,2.2726190313295904e-06
avalon_count_0241,2.270289879924273e-06
avalon_count_0379,2.2675439311005162e-06
ecfp6_bit_0684,2.2671809204041223e-06
ecfp6_bit_0680,2.26582137964385e-06
avalon_count_0647,2.264333959547337e-06
morgan_bit_0026,2.2628073751791105e-06
ecfp6_bit_0470,2.261004758876447e-06
fcfp6_bit_0030,2.2603728355496505e-06
morgan_bit_0410,2.2600698726579186e-06
fcfp6_bit_0567,2.260034942561452e-06
ecfp6_bit_0675,2.2598543136108195e-06
topological_torsion_bit_0734,2.259101899362487e-06
topological_torsion_bit_0360,2.2585890174403937e-06
fcfp6_bit_0077,2.255608766935397e-06
topological_torsion_bit_0904,2.2524113538817145e-06
morgan_bit_0471,2.2521012632569094e-06
topological_torsion_bit_0294,2.2519989765931593e-06
morgan_bit_0914,2.2514714161885483e-06
fcfp6_bit_0245,2.251015101116785e-06
ecfp6_bit_0936,2.2476993761529356e-06
morgan_bit_0125,2.245829509328803e-06
ecfp6_bit_1011,2.2425931162307525e-06
fcfp6_bit_0112,2.2410949250970345e-06
maplight_morgan_0344,2.239492085566022e-06
atom_pair_bit_0750,2.2378829127929703e-06
morgan_bit_0323,2.2349058559221984e-06
morgan_bit_0897,2.2335228828582808e-06
erg_068,2.231072349194814e-06
maplight_morgan_0327,2.2308337432449712e-06
morgan_bit_0040,2.2271331959153886e-06
rdkit_fr_aldehyde,2.222980052039838e-06
ecfp6_bit_0415,2.2226177061246097e-06
morgan_bit_0899,2.220438760523184e-06
avalon_count_0548,2.2188729804635924e-06
maplight_morgan_0846,2.215897698114699e-06
ecfp6_bit_0449,2.214522714078185e-06
fcfp6_bit_0200,2.210071714336771e-06
avalon_count_0560,2.2084521483201223e-06
maplight_morgan_0241,2.208385783519451e-06
fcfp6_bit_0600,2.207324359572787e-06
fcfp6_bit_0186,2.2036462012228067e-06
maplight_morgan_0460,2.2032970358266653e-06
ecfp6_bit_0355,2.2022424843031262e-06
ecfp6_bit_0411,2.1934618876741054e-06
maplight_morgan_0255,2.1924817872763334e-06
fcfp6_bit_0696,2.1906982722552925e-06
avalon_count_0909,2.18813970024761e-06
maplight_morgan_0477,2.187514391700685e-06
maccs_bit_137,2.1864086753219413e-06
ecfp6_bit_0171,2.18308452869101e-06
ecfp6_bit_0532,2.182868562213211e-06
ecfp6_bit_0768,2.1820768506880545e-06
morgan_bit_0942,2.177919414255051e-06
morgan_bit_0843,2.1773704974708556e-06
morgan_bit_0446,2.1765202322272483e-06
topological_torsion_bit_0109,2.1759583563087724e-06
fcfp6_bit_0928,2.1749417554408803e-06
maccs_bit_105,2.173693226869245e-06
ecfp6_bit_0688,2.1735227689835412e-06
maplight_morgan_0719,2.1727021604324897e-06
morgan_bit_0535,2.170300904783216e-06
ecfp6_bit_0542,2.167280742254605e-06
avalon_count_0064,2.1657606515848984e-06
topological_torsion_bit_0462,2.164939963816e-06
ecfp6_bit_0343,2.1639122855029996e-06
topological_torsion_bit_0465,2.1628383417506545e-06
ecfp6_bit_0246,2.162698300585771e-06
morgan_bit_0736,2.1608169556239307e-06
ecfp6_bit_0129,2.16007869718381e-06
topological_torsion_bit_0577,2.149613733213868e-06
morgan_bit_0749,2.1464092158063673e-06
avalon_count_0347,2.144703610904547e-06
atom_pair_bit_0174,2.144426809733913e-06
morgan_bit_0750,2.142065958505689e-06
ecfp6_bit_0422,2.1399427898814823e-06
fcfp6_bit_0951,2.1384980506195875e-06
fcfp6_bit_0576,2.1338056858009205e-06
fcfp6_bit_0596,2.131515594870484e-06
fcfp6_bit_1014,2.1293408756735223e-06
fcfp6_bit_0858,2.1280880214399447e-06
layered_bit_0337,2.126423444337068e-06
topological_torsion_bit_0522,2.1260962184872285e-06
topological_torsion_bit_0818,2.1225127408058524e-06
maplight_morgan_0750,2.119586337520915e-06
fcfp6_bit_0229,2.1192083090483206e-06
fcfp6_bit_0544,2.11764309146403e-06
morgan_bit_0091,2.1163686111536487e-06
topological_torsion_bit_0853,2.1159498875076126e-06
maplight_morgan_0511,2.113636224200734e-06
maplight_morgan_0218,2.11295608436118e-06
maplight_morgan_0549,2.1124592738240306e-06
erg_199,2.1116645334345546e-06
morgan_bit_0246,2.109967085357784e-06
ecfp6_bit_0985,2.1064996867500566e-06
topological_torsion_bit_0525,2.1041379987326423e-06
atom_pair_bit_0490,2.103977194199667e-06
atom_pair_bit_0115,2.1032240195932797e-06
maplight_morgan_0180,2.1018791566771587e-06
morgan_bit_0423,2.101444477105662e-06
fcfp6_bit_0267,2.101247020919826e-06
maplight_morgan_0408,2.101201073981641e-06
maplight_morgan_0256,2.101148220224893e-06
morgan_bit_0037,2.0987089469815405e-06
avalon_count_0663,2.096007529800351e-06
fcfp6_bit_0751,2.0954705235918452e-06
maplight_morgan_0227,2.0945823576445896e-06
fcfp6_bit_0556,2.090808660913958e-06
topological_torsion_bit_0177,2.090642528046213e-06
topological_torsion_bit_0813,2.0880014703690156e-06
avalon_count_0759,2.08745985245372e-06
ecfp6_bit_0299,2.0873433531164085e-06
layered_bit_0402,2.086483114449764e-06
ecfp6_bit_0947,2.085940482104784e-06
ecfp6_bit_0987,2.083610369431424e-06
maplight_morgan_0229,2.08335512514471e-06
maplight_morgan_0074,2.0819484111141782e-06
fcfp6_bit_0547,2.0780561720918056e-06
ecfp6_bit_0168,2.0764613017606445e-06
fcfp6_bit_0753,2.0758472526206333e-06
avalon_count_0232,2.0757189823860856e-06
morgan_bit_0356,2.0751438742926668e-06
morgan_bit_0883,2.0750057475712354e-06
morgan_bit_0993,2.0745325202359474e-06
fcfp6_bit_0581,2.073125818308813e-06
ecfp6_bit_0599,2.073028371190043e-06
avalon_count_1006,2.0726787988147195e-06
fcfp6_bit_0214,2.071698558258094e-06
ecfp6_bit_0818,2.0708698694352252e-06
morgan_bit_0945,2.069548352751814e-06
layered_bit_0170,2.068920089082023e-06
ecfp6_bit_0492,2.0664023917639065e-06
fcfp6_bit_0257,2.066097520823628e-06
maplight_morgan_0503,2.0659104910841883e-06
maplight_morgan_0203,2.064033387574315e-06
avalon_count_0966,2.0606701148354644e-06
morgan_bit_0249,2.059350316387843e-06
avalon_count_0167,2.0567121061961777e-06
fcfp6_bit_0635,2.0553087893992783e-06
atom_pair_bit_0363,2.0533788770798176e-06
maplight_morgan_0625,2.0525542183878596e-06
morgan_bit_0401,2.0522143064036574e-06
fcfp6_bit_0281,2.050130829203229e-06
fcfp6_bit_0574,2.0450083936057723e-06
fcfp6_bit_0542,2.043853109242489e-06
morgan_bit_0168,2.043711840824972e-06
topological_torsion_bit_0405,2.0425205138106488e-06
fcfp6_bit_0316,2.0409889401901205e-06
ecfp6_bit_0395,2.0401766006191876e-06
morgan_bit_0915,2.039099601589478e-06
morgan_bit_0786,2.0373551816508314e-06
fcfp6_bit_0641,2.0373274486511278e-06
avalon_count_0727,2.0363751652755874e-06
morgan_bit_0366,2.0351203608326757e-06
maplight_morgan_0514,2.030553006535439e-06
atom_pair_bit_0323,2.0299127475737102e-06
erg_285,2.029678064612735e-06
morgan_bit_0295,2.028901056159717e-06
morgan_bit_0413,2.0286670782328578e-06
maplight_morgan_0600,2.028445864800688e-06
maplight_morgan_0899,2.027539747285263e-06
atom_pair_bit_0386,2.027416550105939e-06
atom_pair_bit_0275,2.025798081012998e-06
atom_pair_bit_0855,2.0254160353875023e-06
morgan_bit_0184,2.023425501928001e-06
topological_torsion_bit_0930,2.0218496985119314e-06
erg_314,2.018239475198648e-06
ecfp6_bit_0529,2.0170429314684494e-06
avalon_count_0288,2.010046013255213e-06
topological_torsion_bit_0213,2.0094214559306306e-06
topological_torsion_bit_0585,2.009371696144597e-06
fcfp6_bit_0190,2.0080720119392457e-06
ecfp6_bit_0158,2.0074611801819313e-06
morgan_bit_0418,2.006444545735007e-06
morgan_bit_0216,1.998166571953883e-06
ecfp6_bit_0717,1.997421231919001e-06
fcfp6_bit_0237,1.9968354341971614e-06
maplight_morgan_1016,1.9963500102737096e-06
maplight_morgan_1000,1.9961103499165794e-06
erg_171,1.994310062905854e-06
ecfp6_bit_0602,1.994014280061755e-06
topological_torsion_bit_0094,1.9929886761609916e-06
ecfp6_bit_0237,1.991685601702536e-06
maplight_morgan_0168,1.989046559445577e-06
morgan_bit_0304,1.9869397071495404e-06
morgan_bit_0731,1.9862748108845055e-06
avalon_count_0542,1.9818163484713343e-06
erg_241,1.9812084434611137e-06
ecfp6_bit_0217,1.9806987500439355e-06
ecfp6_bit_0801,1.979109647497721e-06
avalon_count_0653,1.9788745930526307e-06
maplight_morgan_0111,1.977822483415217e-06
atom_pair_bit_0186,1.977258626102062e-06
ecfp6_bit_0995,1.9771825370524317e-06
maplight_morgan_0732,1.974802551773228e-06
avalon_count_0508,1.9730837763183343e-06
maplight_morgan_0299,1.969209056878447e-06
morgan_bit_0195,1.9687357588351226e-06
maplight_morgan_0833,1.967130842030325e-06
fcfp6_bit_0585,1.965601450051003e-06
ecfp6_bit_0502,1.9639181524365635e-06
atom_pair_bit_0972,1.9630413438171605e-06
ecfp6_bit_0515,1.9613741148672036e-06
fcfp6_bit_0175,1.9576689738663884e-06
avalon_count_0991,1.957266116514176e-06
fcfp6_bit_0552,1.956480362830329e-06
maplight_morgan_0921,1.953614432229023e-06
avalon_count_0982,1.9500134785759743e-06
morgan_bit_0582,1.9499399653140563e-06
topological_torsion_bit_0064,1.9464856111840936e-06
ecfp6_bit_0440,1.946132319654188e-06
maplight_morgan_0645,1.945196260906208e-06
erg_165,1.9438352280489033e-06
morgan_bit_0059,1.9411239862362433e-06
maccs_bit_065,1.9407769960521015e-06
maplight_morgan_0909,1.939693811777817e-06
ecfp6_bit_0455,1.9393520728068055e-06
fcfp6_bit_0636,1.93909042765161e-06
ecfp6_bit_0612,1.9389080667094367e-06
topological_torsion_bit_0721,1.9377219070568677e-06
maplight_morgan_0874,1.937616568927545e-06
fcfp6_bit_0177,1.9373384246232635e-06
ecfp6_bit_0646,1.936826514303337e-06
atom_pair_bit_0619,1.936190506169102e-06
maplight_morgan_0983,1.93604783224864e-06
morgan_bit_0606,1.9359721239726877e-06
ecfp6_bit_0099,1.9320367940493546e-06
ecfp6_bit_0002,1.929588845864632e-06
morgan_bit_0433,1.928738838332129e-06
fcfp6_bit_0669,1.928206862172445e-06
ecfp6_bit_0263,1.9262521627644777e-06
ecfp6_bit_0755,1.9233074547249975e-06
ecfp6_bit_0111,1.921813509274716e-06
morgan_bit_0152,1.9214368904443003e-06
ecfp6_bit_0110,1.9213342962257754e-06
fcfp6_bit_0749,1.920175547166423e-06
fcfp6_bit_0712,1.9188231213852984e-06
ecfp6_bit_0581,1.9179460038607697e-06
morgan_bit_0699,1.916846860372936e-06
morgan_bit_0927,1.9140847775496877e-06
atom_pair_bit_0755,1.9137852731760393e-06
ecfp6_bit_0963,1.9121667614832375e-06
ecfp6_bit_0417,1.9112786268490125e-06
ecfp6_bit_0711,1.9106916188440747e-06
fcfp6_bit_0744,1.9096073831102677e-06
ecfp6_bit_0308,1.9067895500314974e-06
topological_torsion_bit_0929,1.904114978624255e-06
erg_011,1.9011329947721687e-06
ecfp6_bit_0681,1.9001721311848834e-06
ecfp6_bit_0113,1.899791166503648e-06
ecfp6_bit_0402,1.8979592519800836e-06
maplight_morgan_0504,1.8956608496008632e-06
ecfp6_bit_0757,1.8927431052002272e-06
morgan_bit_0675,1.8919763432549625e-06
morgan_bit_0908,1.8914984784285229e-06
avalon_count_0476,1.883329347467648e-06
ecfp6_bit_0647,1.881767614950212e-06
erg_229,1.8799349458235854e-06
erg_166,1.8781613393678943e-06
fcfp6_bit_0988,1.875923143467423e-06
maplight_morgan_0795,1.8758023973925684e-06
maplight_morgan_0188,1.8756148678880083e-06
ecfp6_bit_0506,1.8742148665904744e-06
fcfp6_bit_0394,1.8736791931367755e-06
atom_pair_bit_0602,1.8736533313125574e-06
ecfp6_bit_0658,1.8731161155661833e-06
ecfp6_bit_0185,1.8712246453186454e-06
atom_pair_bit_0614,1.8705320883493885e-06
ecfp6_bit_0988,1.8695500174420586e-06
topological_torsion_bit_0233,1.8618945626474983e-06
maplight_morgan_0237,1.8617144972048577e-06
topological_torsion_bit_0476,1.86140675753596e-06
avalon_count_0939,1.8611746288501987e-06
ecfp6_bit_0808,1.8589841388785832e-06
topological_torsion_bit_0256,1.8583391158057297e-06
fcfp6_bit_0459,1.8579560861977265e-06
fcfp6_bit_0130,1.8566737191182752e-06
maccs_bit_027,1.856552024428409e-06
morgan_bit_0808,1.8561757845424606e-06
ecfp6_bit_0505,1.856024721123626e-06
atom_pair_bit_0397,1.8546628157188742e-06
maplight_morgan_0028,1.8539797185594084e-06
fcfp6_bit_0938,1.8536331225833774e-06
morgan_bit_0827,1.8532266117169039e-06
fcfp6_bit_1001,1.8507468518375889e-06
morgan_bit_0447,1.8494256515330052e-06
maplight_morgan_0577,1.8488933444109063e-06
morgan_bit_0645,1.8485749338300321e-06
morgan_bit_1020,1.84360758463298e-06
fcfp6_bit_0982,1.841972719936083e-06
morgan_bit_0603,1.8415337557346255e-06
maplight_morgan_0728,1.8413596402748393e-06
fcfp6_bit_0025,1.8365883440116467e-06
maplight_morgan_0929,1.8348549321607685e-06
morgan_bit_0767,1.8346678770428076e-06
avalon_count_0644,1.8343940029773966e-06
fcfp6_bit_0263,1.8329856689446073e-06
ecfp6_bit_0437,1.8325292698285452e-06
ecfp6_bit_0900,1.8316529813274015e-06
ecfp6_bit_0570,1.8305826183408399e-06
morgan_bit_0160,1.829274483527674e-06
morgan_bit_0557,1.828216535371888e-06
maplight_morgan_0451,1.8266387944451617e-06
atom_pair_bit_0014,1.825198500243081e-06
topological_torsion_bit_0573,1.8205912509449512e-06
topological_torsion_bit_0365,1.8189168373855398e-06
maplight_morgan_0295,1.8187572836530783e-06
ecfp6_bit_0193,1.8178062875630103e-06
morgan_bit_0158,1.817614352373762e-06
fcfp6_bit_0853,1.8175664009145017e-06
topological_torsion_bit_0650,1.8109900965362891e-06
rdkit_fr_ArN,1.807862266030368e-06
topological_torsion_bit_0756,1.8077651616812917e-06
fcfp6_bit_0637,1.807108720585379e-06
morgan_bit_0209,1.8050173418465832e-06
avalon_count_0928,1.8040171999617886e-06
maplight_morgan_0468,1.8008340162600708e-06
maplight_morgan_0829,1.798518108316349e-06
fcfp6_bit_0790,1.797462924854959e-06
topological_torsion_bit_0937,1.7949500666995655e-06
maplight_morgan_0466,1.7903753432174385e-06
ecfp6_bit_0418,1.7808646728134529e-06
maplight_morgan_0482,1.7797549023537563e-06
ecfp6_bit_0742,1.7757527405933016e-06
morgan_bit_1005,1.773390757865028e-06
morgan_bit_0065,1.7731435164405854e-06
layered_bit_0116,1.77137060776406e-06
morgan_bit_0732,1.7711748634806233e-06
fcfp6_bit_0293,1.7698395503740136e-06
maplight_morgan_0422,1.7688731753077043e-06
fcfp6_bit_0437,1.768344771335158e-06
ecfp6_bit_0421,1.7663746772769843e-06
atom_pair_bit_0563,1.7649858617601817e-06
fcfp6_bit_0525,1.7631947107295194e-06
maccs_bit_096,1.7613795602238485e-06
fcfp6_bit_0643,1.759050115763467e-06
ecfp6_bit_0813,1.753852422232449e-06
fcfp6_bit_0759,1.7521777342106927e-06
avalon_count_0443,1.7517261435720365e-06
fcfp6_bit_0288,1.751268285978208e-06
morgan_bit_0233,1.7499166444266312e-06
morgan_bit_0798,1.7473287775181524e-06
morgan_bit_0182,1.7469933171874272e-06
maplight_morgan_0155,1.7403255356889561e-06
maplight_morgan_0839,1.7399073812125153e-06
fcfp6_bit_0984,1.7397400920512197e-06
ecfp6_bit_0479,1.7396124362099503e-06
maplight_morgan_0498,1.7365935387168672e-06
ecfp6_bit_0896,1.735943088046185e-06
maplight_morgan_0117,1.735273145725649e-06
atom_pair_bit_0371,1.735236728012668e-06
maccs_bit_028,1.7341239731007299e-06
morgan_bit_0820,1.7333352716960395e-06
fcfp6_bit_0044,1.732397119115568e-06
fcfp6_bit_0422,1.7323052644683789e-06
morgan_bit_0537,1.7286347348721336e-06
fcfp6_bit_0680,1.7275658832185891e-06
ecfp6_bit_0089,1.726880455339896e-06
ecfp6_bit_0100,1.725869413407904e-06
maplight_morgan_0553,1.7247418297717002e-06
maplight_morgan_0491,1.7246225059044275e-06
ecfp6_bit_0797,1.7233114380074072e-06
ecfp6_bit_0007,1.7219927195141225e-06
layered_bit_0169,1.7216055978135775e-06
topological_torsion_bit_0345,1.717837729492569e-06
ecfp6_bit_0727,1.7170919408566667e-06
fcfp6_bit_0642,1.7148778489798411e-06
avalon_count_0716,1.7148370288733997e-06
fcfp6_bit_0652,1.7145072098338714e-06
ecfp6_bit_0577,1.7126506189173963e-06
topological_torsion_bit_0176,1.7121003156893356e-06
maplight_morgan_0799,1.7087030992836933e-06
ecfp6_bit_0511,1.708416559099271e-06
ecfp6_bit_0622,1.7046727722978723e-06
morgan_bit_0219,1.7007843070334299e-06
avalon_count_0959,1.7002759397908545e-06
morgan_bit_0307,1.6902095197067897e-06
avalon_count_0572,1.6888010635580289e-06
ecfp6_bit_0744,1.6821949069310405e-06
ecfp6_bit_0279,1.6813056082842917e-06
maplight_morgan_0384,1.6802479081640967e-06
ecfp6_bit_0743,1.6792652264839322e-06
maplight_morgan_0347,1.6781511164288227e-06
ecfp6_bit_0107,1.6756017971403023e-06
atom_pair_bit_0957,1.674321860505481e-06
morgan_bit_0578,1.67405743435881e-06
fcfp6_bit_0814,1.6715845786084553e-06
topological_torsion_bit_0784,1.6693382491254498e-06
maplight_morgan_0055,1.6692386702178568e-06
maplight_morgan_0382,1.6684782946699055e-06
erg_270,1.6640278467285956e-06
layered_bit_0354,1.663916686588982e-06
morgan_bit_0825,1.6633290666777803e-06
fcfp6_bit_0221,1.6629015299088593e-06
topological_torsion_bit_0604,1.662037791577593e-06
fcfp6_bit_0280,1.6618684826618988e-06
avalon_count_0942,1.659336934405989e-06
maccs_bit_064,1.6591740812348306e-06
ecfp6_bit_0132,1.6579916212187372e-06
ecfp6_bit_0419,1.6569441285990693e-06
ecfp6_bit_0312,1.6559647989400093e-06
maplight_morgan_0025,1.6557151016922988e-06
avalon_count_0160,1.6550449183277549e-06
ecfp6_bit_0848,1.6544441124936738e-06
fcfp6_bit_0878,1.6543842604563643e-06
morgan_bit_0909,1.6540224656758044e-06
maplight_morgan_0346,1.6535661296657107e-06
ecfp6_bit_0847,1.6516123489347956e-06
atom_pair_bit_1007,1.648733880460908e-06
atom_pair_bit_0578,1.6485698005383988e-06
atom_pair_bit_0995,1.6448853126315295e-06
topological_torsion_bit_0304,1.6440896431682716e-06
ecfp6_bit_1014,1.6418512825967307e-06
maplight_morgan_0097,1.6413049992738768e-06
morgan_bit_0987,1.6398074371021523e-06
fcfp6_bit_0861,1.6347319371113176e-06
layered_bit_0046,1.6340146550663717e-06
avalon_count_0880,1.6336560763411273e-06
topological_torsion_bit_1016,1.6333182460984714e-06
avalon_count_0678,1.6324311305063225e-06
fcfp6_bit_0706,1.6305967313016843e-06
ecfp6_bit_0150,1.630331932087544e-06
atom_pair_bit_0611,1.6284358923059637e-06
avalon_count_0515,1.6267820529196094e-06
fcfp6_bit_0101,1.6255145232675851e-06
avalon_count_0136,1.6213189167688616e-06
fcfp6_bit_0038,1.6199913712977743e-06
atom_pair_bit_0894,1.6192622632369214e-06
ecfp6_bit_0302,1.6184774464947706e-06
maplight_morgan_0885,1.6178253227527314e-06
avalon_count_0747,1.6176208045591481e-06
ecfp6_bit_0533,1.617204595713864e-06
topological_torsion_bit_0492,1.614953125220172e-06
morgan_bit_0848,1.6140557121429053e-06
erg_200,1.6135022497079892e-06
fcfp6_bit_0099,1.6109410425626138e-06
ecfp6_bit_0393,1.6089056313250603e-06
ecfp6_bit_0709,1.6080781700712625e-06
fcfp6_bit_0882,1.60779361924447e-06
topological_torsion_bit_0164,1.6077195430316686e-06
maplight_morgan_0593,1.605177710954709e-06
morgan_bit_0984,1.6044665318361239e-06
maplight_morgan_0779,1.6019514750208558e-06
maplight_morgan_0857,1.60022343357024e-06
fcfp6_bit_0082,1.599394238325218e-06
morgan_bit_0616,1.5962202015337684e-06
ecfp6_bit_0122,1.5950704841367595e-06
fcfp6_bit_0975,1.5928959758702102e-06
rdkit_fr_nitro,1.5926167436094043e-06
fcfp6_bit_0777,1.5918428563219682e-06
maplight_morgan_0435,1.5888197261074151e-06
fcfp6_bit_0041,1.5847797450533298e-06
atom_pair_bit_0635,1.5840017129241649e-06
morgan_bit_0950,1.5832812555641388e-06
ecfp6_bit_0562,1.582154948683175e-06
maccs_bit_075,1.5821483010137385e-06
fcfp6_bit_0450,1.5819960931161665e-06
maccs_bit_034,1.580681941058999e-06
morgan_bit_0360,1.5789834698561984e-06
avalon_count_0867,1.5768462491718507e-06
ecfp6_bit_0108,1.5727149251333266e-06
maplight_morgan_0613,1.572662091825506e-06
atom_pair_bit_0183,1.5725275188055455e-06
fcfp6_bit_0548,1.5715010187839885e-06
fcfp6_bit_0886,1.5705488305100245e-06
maplight_morgan_0969,1.5692654067347378e-06
morgan_bit_0235,1.5679417933466746e-06
maplight_morgan_0854,1.5676109147334374e-06
layered_bit_0823,1.5657417264746473e-06
atom_pair_bit_0795,1.5655996777341195e-06
rdkit_fr_piperzine,1.5652840397921773e-06
morgan_bit_0191,1.5652529382352679e-06
ecfp6_bit_1007,1.5639143278305518e-06
ecfp6_bit_0204,1.5630614013929337e-06
fcfp6_bit_0057,1.5630407463969411e-06
maplight_morgan_0632,1.5624753313844808e-06
morgan_bit_0628,1.5619294262233652e-06
avalon_count_0562,1.5617529078035191e-06
avalon_count_0008,1.5597093361565502e-06
fcfp6_bit_0522,1.558724081936525e-06
maplight_morgan_0925,1.5530446607683698e-06
fcfp6_bit_0898,1.552864308788915e-06
atom_pair_bit_0734,1.5504578303872477e-06
topological_torsion_bit_0833,1.5502439452707594e-06
morgan_bit_0809,1.5434503527551176e-06
fcfp6_bit_0242,1.5432468423689023e-06
ecfp6_bit_0173,1.5387421972993813e-06
fcfp6_bit_0947,1.5378209097845438e-06
maplight_morgan_0298,1.5377403050489002e-06
ecfp6_bit_0081,1.5361384626139985e-06
morgan_bit_0761,1.5360738361809874e-06
fcfp6_bit_0155,1.5327062200388389e-06
ecfp6_bit_0568,1.5326728880144439e-06
avalon_count_0140,1.5314291475542836e-06
ecfp6_bit_0705,1.5308854096652086e-06
topological_torsion_bit_0333,1.5243954187434695e-06
topological_torsion_bit_0192,1.5212415565646926e-06
maplight_morgan_0041,1.5189418384048156e-06
maplight_morgan_0672,1.5184839038001076e-06
maplight_morgan_0646,1.5176952912555355e-06
morgan_bit_0983,1.516971254743201e-06
layered_bit_1011,1.515933027683394e-06
avalon_count_0074,1.5138578962924447e-06
fcfp6_bit_0570,1.5119187070550003e-06
erg_266,1.5028689108124955e-06
maplight_morgan_0502,1.5006696890812452e-06
morgan_bit_0551,1.5003324595196265e-06
ecfp6_bit_0535,1.4980817203323536e-06
ecfp6_bit_0908,1.4947064355118324e-06
ecfp6_bit_0648,1.4944787248186944e-06
fcfp6_bit_0619,1.4904973148209273e-06
fcfp6_bit_0799,1.489441183471792e-06
fcfp6_bit_0772,1.4873561993621934e-06
topological_torsion_bit_0325,1.4873548604968675e-06
ecfp6_bit_0802,1.487323404675291e-06
ecfp6_bit_0628,1.4824724640003808e-06
morgan_bit_0546,1.4815913778657995e-06
morgan_bit_0083,1.4811368854489262e-06
morgan_bit_0431,1.479633734399431e-06
morgan_bit_1014,1.479329265188349e-06
maplight_morgan_0439,1.4774894785671902e-06
ecfp6_bit_0195,1.4750977158997493e-06
maplight_morgan_0125,1.4731647633528044e-06
fcfp6_bit_0864,1.4722047624911878e-06
layered_bit_0950,1.4710780481440521e-06
ecfp6_bit_0536,1.470975563838745e-06
morgan_bit_0231,1.4689644713773536e-06
fcfp6_bit_0219,1.4680555134954104e-06
fcfp6_bit_0154,1.466149642969242e-06
morgan_bit_0502,1.462660653636591e-06
ecfp6_bit_1010,1.4604216622326597e-06
ecfp6_bit_0992,1.458820091313003e-06
morgan_bit_0206,1.4583905806031552e-06
ecfp6_bit_0596,1.4583805048615237e-06
maplight_morgan_0594,1.4536645945810579e-06
morgan_bit_0034,1.4507150769790797e-06
ecfp6_bit_0805,1.449616027161883e-06
ecfp6_bit_0911,1.4481321154239507e-06
maplight_morgan_0103,1.4472965356929728e-06
fcfp6_bit_0465,1.446669701430391e-06
erg_312,1.4438771966025243e-06
fcfp6_bit_0957,1.4435706445645842e-06
maplight_morgan_0991,1.4431455345403246e-06
layered_bit_0766,1.4421947275405785e-06
maplight_morgan_0815,1.4416180576785999e-06
maccs_bit_083,1.4368254782809755e-06
maplight_morgan_0257,1.4361997723471994e-06
maplight_morgan_0958,1.4358315885496142e-06
avalon_count_0888,1.4334482071099931e-06
ecfp6_bit_0980,1.4334400552549457e-06
layered_bit_0005,1.428480136902387e-06
fcfp6_bit_0472,1.4277446780410281e-06
avalon_count_0491,1.4277311703540224e-06
morgan_bit_0847,1.4272054142789297e-06
fcfp6_bit_0595,1.4267892128753532e-06
atom_pair_bit_0191,1.4264637699968146e-06
atom_pair_bit_0178,1.4233008115812322e-06
erg_234,1.4209196119491082e-06
avalon_count_0326,1.4203573068120394e-06
ecfp6_bit_0943,1.4185545943554206e-06
topological_torsion_bit_0133,1.4177680113319201e-06
erg_041,1.4135601339973227e-06
fcfp6_bit_0559,1.413319825843356e-06
ecfp6_bit_0996,1.4121305933232599e-06
erg_071,1.4054595805923507e-06
maplight_morgan_0738,1.4046860353676512e-06
maplight_morgan_0046,1.4009664441799554e-06
ecfp6_bit_0998,1.3996245686835065e-06
fcfp6_bit_0230,1.395792013704775e-06
morgan_bit_0451,1.3952086264272343e-06
rdkit_fr_Ar_N,1.393772415625036e-06
ecfp6_bit_0525,1.3934646048167359e-06
ecfp6_bit_0160,1.3934129119065012e-06
fcfp6_bit_0376,1.3911610584706652e-06
morgan_bit_0979,1.3904684903712297e-06
ecfp6_bit_0955,1.3898937491548064e-06
ecfp6_bit_0850,1.3877160134687125e-06
maplight_morgan_0556,1.3865784599707117e-06
maplight_morgan_0980,1.3830882742206326e-06
maplight_morgan_0663,1.3806791000102264e-06
ecfp6_bit_0292,1.3803162359608709e-06
fcfp6_bit_0197,1.379593138686788e-06
topological_torsion_bit_0574,1.3777561538602632e-06
morgan_bit_0136,1.3765262189642391e-06
fcfp6_bit_0456,1.3757311169035235e-06
ecfp6_bit_0399,1.3691214706526223e-06
maplight_morgan_0171,1.3687253438023342e-06
topological_torsion_bit_0337,1.3687206803657014e-06
maplight_morgan_0724,1.3683418158316854e-06
morgan_bit_0165,1.3681663433170053e-06
maplight_morgan_0996,1.3672265729462343e-06
layered_bit_0835,1.3662314697087604e-06
morgan_bit_0210,1.363098641185816e-06
ecfp6_bit_0938,1.3629476239969336e-06
maplight_morgan_0269,1.359120604199332e-06
ecfp6_bit_0151,1.357772234006204e-06
ecfp6_bit_0977,1.3553027697665152e-06
maplight_morgan_0680,1.353603671159463e-06
layered_bit_0800,1.3518858889019929e-06
fcfp6_bit_0937,1.3501211865239157e-06
morgan_bit_1018,1.3475991779951321e-06
ecfp6_bit_0071,1.3463649518274419e-06
morgan_bit_0047,1.34635481584684e-06
topological_torsion_bit_0277,1.3449956437983237e-06
topological_torsion_bit_0097,1.343705506656288e-06
ecfp6_bit_0206,1.343314557139909e-06
layered_bit_0280,1.3430807517854791e-06
morgan_bit_0054,1.3421040605322274e-06
atom_pair_bit_0935,1.3406462340527608e-06
rdkit_fr_thiocyan,1.3406373389457375e-06
ecfp6_bit_0220,1.3385094876210039e-06
ecfp6_bit_0467,1.3380728264909696e-06
ecfp6_bit_0537,1.3374802841831247e-06
fcfp6_bit_0378,1.337138351304135e-06
morgan_bit_1013,1.334327314548984e-06
morgan_bit_0828,1.3300441200249556e-06
topological_torsion_bit_0741,1.3297601949432023e-06
maplight_morgan_0622,1.3296234978145924e-06
maplight_morgan_0067,1.3283073245354999e-06
avalon_count_0607,1.32548796539927e-06
ecfp6_bit_0062,1.3252917814944688e-06
maplight_morgan_0425,1.3243746503214637e-06
atom_pair_bit_0690,1.323579896819313e-06
fcfp6_bit_0092,1.322926822070802e-06
maplight_morgan_0818,1.3227154150214513e-06
atom_pair_bit_0327,1.3175431825453611e-06
morgan_bit_0014,1.3173825342605383e-06
layered_bit_0934,1.3166180744640196e-06
ecfp6_bit_0426,1.3163981366514435e-06
ecfp6_bit_0662,1.3149426347245854e-06
morgan_bit_0802,1.3134833126912829e-06
fcfp6_bit_0835,1.3125739411449095e-06
ecfp6_bit_0584,1.3115864876109334e-06
fcfp6_bit_0479,1.3098655634990469e-06
erg_186,1.3095247334397344e-06
fcfp6_bit_0977,1.3090805077696412e-06
topological_torsion_bit_0580,1.3074574795243308e-06
fcfp6_bit_0677,1.3071936712825145e-06
maplight_morgan_0602,1.307147797592377e-06
fcfp6_bit_0347,1.3036786059530528e-06
morgan_bit_0086,1.302442658574286e-06
maplight_morgan_0274,1.3016699633546471e-06
maplight_morgan_0840,1.301397795677427e-06
maplight_morgan_0077,1.301340104238904e-06
maccs_bit_022,1.3010322430548366e-06
fcfp6_bit_0062,1.3005008605000565e-06
fcfp6_bit_0234,1.2997995320219854e-06
ecfp6_bit_0351,1.297985953895167e-06
fcfp6_bit_0743,1.2978572272081728e-06
avalon_count_0332,1.2966602161748159e-06
avalon_count_0963,1.2934480170165309e-06
topological_torsion_bit_0493,1.292881888051889e-06
rdkit_fr_Ar_COO,1.2912739892583116e-06
fcfp6_bit_0504,1.2911447130473257e-06
atom_pair_bit_0130,1.2909976452704966e-06
fcfp6_bit_0775,1.28678787123343e-06
fcfp6_bit_0194,1.286601196229251e-06
ecfp6_bit_0607,1.2841729022773909e-06
morgan_bit_0325,1.2840071179894852e-06
morgan_bit_0324,1.2836983752652086e-06
fcfp6_bit_0888,1.283114202235817e-06
morgan_bit_0705,1.2830328055314104e-06
ecfp6_bit_0510,1.2828702602155408e-06
fcfp6_bit_0208,1.282586103630104e-06
topological_torsion_bit_0749,1.2807293573925148e-06
morgan_bit_0661,1.279817404016787e-06
fcfp6_bit_0455,1.2797802028984618e-06
avalon_count_0483,1.279558264317962e-06
erg_172,1.2772868535872762e-06
topological_torsion_bit_0922,1.2756123412592314e-06
morgan_bit_0422,1.2738881876834984e-06
maplight_morgan_0979,1.2697826625656942e-06
maplight_morgan_0786,1.2697825627976087e-06
maplight_morgan_0525,1.2687125101351662e-06
fcfp6_bit_0494,1.2683584142781414e-06
atom_pair_bit_0850,1.267629763352218e-06
morgan_bit_0463,1.2641671340464349e-06
maplight_morgan_0266,1.2614489527732812e-06
topological_torsion_bit_0836,1.2573044418473376e-06
atom_pair_bit_0587,1.2554419486931052e-06
fcfp6_bit_0770,1.2548131161281497e-06
atom_pair_bit_0847,1.2548092222545375e-06
maplight_morgan_0273,1.2529242808369608e-06
topological_torsion_bit_0440,1.250669739967441e-06
morgan_bit_0236,1.2497582268698232e-06
rdkit_fr_nitro_arom,1.2496510603902192e-06
fcfp6_bit_0373,1.2451934416774965e-06
ecfp6_bit_0933,1.2447480879313781e-06
fcfp6_bit_0564,1.2444122152246044e-06
atom_pair_bit_0283,1.2442950140304445e-06
fcfp6_bit_0997,1.2396049399011196e-06
atom_pair_bit_0654,1.23649126869891e-06
morgan_bit_0256,1.2350481137837913e-06
ecfp6_bit_0800,1.2345298802698973e-06
avalon_count_0587,1.233732550272017e-06
morgan_bit_0011,1.2320457778588916e-06
fcfp6_bit_0171,1.2314432822416497e-06
fcfp6_bit_0695,1.2289115784226606e-06
maplight_morgan_0101,1.2236074277163414e-06
fcfp6_bit_0989,1.2230599394920891e-06
morgan_bit_0253,1.2223288034261534e-06
topological_torsion_bit_0301,1.2222079179807e-06
fcfp6_bit_0845,1.2209999917861822e-06
maplight_morgan_0588,1.2205937736435595e-06
maplight_morgan_0005,1.2191939183109982e-06
fcfp6_bit_0715,1.2185639465145458e-06
topological_torsion_bit_0888,1.216665057902747e-06
morgan_bit_0248,1.2161825114666117e-06
avalon_count_0498,1.2139436081116135e-06
maplight_morgan_0784,1.2122981320275688e-06
erg_279,1.2122510502281364e-06
fcfp6_bit_0851,1.2119849468375439e-06
morgan_bit_0096,1.2117989513929544e-06
maplight_morgan_0747,1.2108226813930363e-06
rdkit_fr_imidazole,1.2051216700520613e-06
morgan_bit_0411,1.2043678000072732e-06
fcfp6_bit_0831,1.2042330414375674e-06
morgan_bit_0039,1.203951888754661e-06
morgan_bit_0936,1.2037071898506154e-06
ecfp6_bit_0905,1.203193746312177e-06
atom_pair_bit_0711,1.201443319614695e-06
ecfp6_bit_0791,1.200583679449824e-06
ecfp6_bit_0945,1.2002959077594034e-06
atom_pair_bit_0541,1.2002177523066481e-06
fcfp6_bit_0430,1.198993169025467e-06
fcfp6_bit_0167,1.1983922999125399e-06
morgan_bit_0710,1.1983120781140638e-06
avalon_count_0101,1.1980865619764503e-06
morgan_bit_0020,1.1975943727628509e-06
fcfp6_bit_0410,1.1970718754777311e-06
morgan_bit_0919,1.195266545838205e-06
ecfp6_bit_0517,1.1950072417997794e-06
erg_240,1.1928550174851788e-06
ecfp6_bit_0371,1.1920285377413978e-06
morgan_bit_0479,1.1911911603386303e-06
ecfp6_bit_0880,1.190697077920224e-06
topological_torsion_bit_0792,1.1874278855925051e-06
rdkit_fr_pyridine,1.1871928229936264e-06
morgan_bit_0495,1.1869250498769647e-06
ecfp6_bit_0663,1.185798195691132e-06
maplight_morgan_0430,1.1851449917874837e-06
fcfp6_bit_0588,1.1848844195404284e-06
avalon_count_0699,1.1823627779308893e-06
maplight_morgan_0519,1.1817299957609165e-06
fcfp6_bit_0458,1.181394437265164e-06
morgan_bit_0992,1.1808999459639357e-06
topological_torsion_bit_0752,1.1805583422804247e-06
maplight_morgan_0947,1.1800392106235514e-06
fcfp6_bit_0686,1.1786792103223875e-06
fcfp6_bit_0310,1.178243113929993e-06
fcfp6_bit_0056,1.17782517394014e-06
fcfp6_bit_0793,1.1776656081742863e-06
maplight_morgan_0472,1.1769700521490843e-06
ecfp6_bit_0720,1.1740220620103366e-06
atom_pair_bit_0267,1.173398699108736e-06
fcfp6_bit_0810,1.168648494280202e-06
fcfp6_bit_1004,1.1659978523046722e-06
ecfp6_bit_0972,1.165219750845109e-06
morgan_bit_0877,1.165168373974985e-06
fcfp6_bit_0075,1.1638258611170855e-06
fcfp6_bit_0763,1.1630792335607854e-06
fcfp6_bit_0726,1.1624463252756638e-06
fcfp6_bit_0529,1.159618453235551e-06
fcfp6_bit_0329,1.1582644098121252e-06
morgan_bit_0254,1.1581221739922375e-06
fcfp6_bit_0980,1.157921118675638e-06
ecfp6_bit_0595,1.1571695758332464e-06
avalon_count_0209,1.1563420270007066e-06
avalon_count_0045,1.1556755434274117e-06
morgan_bit_0541,1.1551440667030227e-06
maplight_morgan_0296,1.1544098446381636e-06
ecfp6_bit_0022,1.154216684038676e-06
avalon_count_0896,1.1534518958549274e-06
morgan_bit_0338,1.1532729045352592e-06
ecfp6_bit_0878,1.1531590179783507e-06
maplight_morgan_0628,1.1520037948701361e-06
ecfp6_bit_0544,1.1509551530157331e-06
morgan_bit_0292,1.1506376846434833e-06
ecfp6_bit_0436,1.1473430037475555e-06
morgan_bit_0055,1.145707206915243e-06
fcfp6_bit_0673,1.1456644901015616e-06
fcfp6_bit_0602,1.1454128404306816e-06
atom_pair_bit_0506,1.143323481173864e-06
maplight_morgan_0047,1.1385061515902843e-06
morgan_bit_0226,1.1358893060063707e-06
avalon_count_0197,1.1340155522105124e-06
fcfp6_bit_0940,1.133224525799278e-06
morgan_bit_0412,1.132996432810929e-06
maplight_morgan_0089,1.1321627748258713e-06
avalon_count_0531,1.1318153031713501e-06
maplight_morgan_0232,1.1309724546808136e-06
avalon_count_0263,1.1293550490328952e-06
maplight_morgan_0802,1.1287951336597414e-06
maplight_morgan_0142,1.1273183419450632e-06
maplight_morgan_0056,1.1248870024316417e-06
morgan_bit_0839,1.1245964107739585e-06
ecfp6_bit_0186,1.1244697724223042e-06
maplight_morgan_0431,1.124105174806715e-06
maplight_morgan_0138,1.120043955680377e-06
maplight_morgan_0922,1.1199673258173064e-06
topological_torsion_bit_0569,1.1188435734372576e-06
fcfp6_bit_0625,1.118307613606275e-06
maplight_morgan_0039,1.117516431052785e-06
morgan_bit_0562,1.1160508574456176e-06
morgan_bit_0279,1.1158716877343785e-06
maplight_morgan_0813,1.1143327401304901e-06
maplight_morgan_0409,1.1137827385883028e-06
atom_pair_bit_0154,1.1110680367518581e-06
erg_056,1.1110244126366654e-06
topological_torsion_bit_0485,1.1106324112953275e-06
maplight_morgan_0797,1.1065351040077603e-06
morgan_bit_0636,1.1051278633214488e-06
ecfp6_bit_0020,1.1044611805711803e-06
morgan_bit_1008,1.1036904942278683e-06
topological_torsion_bit_0221,1.0999640963792546e-06
morgan_bit_0597,1.0991200719956365e-06
atom_pair_bit_0898,1.098536564635998e-06
maplight_morgan_0288,1.097618293313849e-06
maplight_morgan_0717,1.0970048013417829e-06
fcfp6_bit_0541,1.0961870601102859e-06
topological_torsion_bit_0173,1.0955387080671277e-06
maplight_morgan_0965,1.0913447401263004e-06
morgan_bit_0533,1.090389474424932e-06
avalon_count_0682,1.090255494611853e-06
atom_pair_bit_0303,1.0894178953028735e-06
topological_torsion_bit_0025,1.0884154320186378e-06
fcfp6_bit_0042,1.0831750078269436e-06
topological_torsion_bit_0369,1.079508892093078e-06
maplight_morgan_0319,1.0791217560422853e-06
atom_pair_bit_0003,1.0761536236090207e-06
morgan_bit_0503,1.0712594944632328e-06
topological_torsion_bit_0144,1.0708668175622617e-06
morgan_bit_0717,1.0706957094456725e-06
maplight_morgan_0884,1.0698552781639054e-06
maplight_morgan_0700,1.0698222491471083e-06
morgan_bit_0593,1.0675922959671721e-06
maplight_morgan_0819,1.0672877202129147e-06
ecfp6_bit_0804,1.064955680620982e-06
morgan_bit_0053,1.063585608298273e-06
maplight_morgan_0357,1.0631530241151799e-06
fcfp6_bit_0667,1.06227659618816e-06
fcfp6_bit_0143,1.0617539057839638e-06
morgan_bit_0819,1.0609559779217253e-06
ecfp6_bit_0733,1.0608482198175962e-06
fcfp6_bit_0517,1.060599303731973e-06
morgan_bit_0199,1.059219655648303e-06
maplight_morgan_0458,1.0563460124632607e-06
morgan_bit_0580,1.0561909598693104e-06
rdkit_fr_nitro_arom_nonortho,1.0551840654827035e-06
morgan_bit_0385,1.0537215170791863e-06
morgan_bit_0649,1.051130679369631e-06
fcfp6_bit_0216,1.0508880120186996e-06
fcfp6_bit_0617,1.0472423283395303e-06
fcfp6_bit_0094,1.043861999688549e-06
maplight_morgan_0845,1.04260182500679e-06
fcfp6_bit_0247,1.0425991750458912e-06
morgan_bit_0676,1.042245228778237e-06
morgan_bit_0709,1.040927259523873e-06
ecfp6_bit_0484,1.040610380317081e-06
maplight_morgan_0404,1.0383369224323984e-06
atom_pair_bit_0095,1.0380553797643031e-06
maplight_morgan_0892,1.037531650465546e-06
avalon_count_0301,1.0371800810657531e-06
topological_torsion_bit_0014,1.0369666510106707e-06
fcfp6_bit_0756,1.0341431726854566e-06
ecfp6_bit_0527,1.0308437579061382e-06
topological_torsion_bit_0084,1.030103737310008e-06
layered_bit_0723,1.0270160952639076e-06
maplight_morgan_0776,1.0230934168095655e-06
morgan_bit_0594,1.0221729940408884e-06
ecfp6_bit_0990,1.0221605935761023e-06
maplight_morgan_0248,1.0181031065894721e-06
morgan_bit_0858,1.0177395019346048e-06
topological_torsion_bit_0548,1.0164717884404337e-06
morgan_bit_0527,1.0164630690611281e-06
maplight_morgan_0152,1.0155038154226519e-06
fcfp6_bit_0157,1.0147056278116297e-06
ecfp6_bit_0130,1.0146141707923038e-06
fcfp6_bit_0536,1.0131437865628111e-06
fcfp6_bit_0240,1.0121570805348788e-06
maplight_morgan_0624,1.0107517714551953e-06
maplight_morgan_0828,1.0105581446768838e-06
fcfp6_bit_0448,1.009977183599722e-06
morgan_bit_0331,1.0094933065421497e-06
ecfp6_bit_0550,1.0090125318514039e-06
morgan_bit_0550,1.0058480937123495e-06
fcfp6_bit_0259,1.0036053055864425e-06
morgan_bit_0747,1.0033802565540643e-06
ecfp6_bit_0763,1.003212205880886e-06
fcfp6_bit_0427,9.99621435942882e-07
avalon_count_0781,9.995705193682288e-07
maplight_morgan_0149,9.991182831453841e-07
topological_torsion_bit_0952,9.988373736213707e-07
fcfp6_bit_0115,9.967505196778353e-07
fcfp6_bit_0305,9.966711712972423e-07
morgan_bit_0163,9.964676699444956e-07
atom_pair_bit_0758,9.961714500007431e-07
atom_pair_bit_0658,9.949700595199826e-07
atom_pair_bit_0082,9.947628517282288e-07
fcfp6_bit_0787,9.938954482985051e-07
morgan_bit_0419,9.930794223652956e-07
morgan_bit_0520,9.929905456973412e-07
maplight_morgan_0712,9.92873820803193e-07
fcfp6_bit_0818,9.92366272325019e-07
fcfp6_bit_0361,9.915771618617216e-07
morgan_bit_0270,9.909929962808896e-07
atom_pair_bit_0119,9.867416098930375e-07
atom_pair_bit_0279,9.865746087557251e-07
maplight_morgan_0837,9.862677060921474e-07
maplight_morgan_0499,9.855595687480906e-07
rdkit_fr_term_acetylene,9.852469946323744e-07
maplight_morgan_0916,9.850596793644739e-07
maplight_morgan_0642,9.838155454951123e-07
morgan_bit_1012,9.794190590695311e-07
ecfp6_bit_0457,9.776755265251925e-07
ecfp6_bit_0734,9.773238971325483e-07
atom_pair_bit_0367,9.763223494247594e-07
morgan_bit_0320,9.759466425515098e-07
ecfp6_bit_0181,9.752732089521891e-07
atom_pair_bit_0754,9.748645385092947e-07
topological_torsion_bit_0060,9.73841503074227e-07
avalon_count_0477,9.735048487588656e-07
maplight_morgan_0934,9.72383674917261e-07
avalon_count_0858,9.71799904550395e-07
maplight_morgan_0870,9.717528999101283e-07
topological_torsion_bit_0846,9.707256562899315e-07
morgan_bit_0028,9.706893675103945e-07
maplight_morgan_0533,9.706556176121824e-07
fcfp6_bit_0948,9.698770968022172e-07
ecfp6_bit_0043,9.697848841129764e-07
ecfp6_bit_0159,9.691794254864283e-07
morgan_bit_0609,9.681040712181293e-07
ecfp6_bit_0448,9.661469108374298e-07
avalon_count_0200,9.648313212446353e-07
morgan_bit_0155,9.640831110695175e-07
morgan_bit_0573,9.62880273601824e-07
erg_069,9.618837004440505e-07
fcfp6_bit_0415,9.617590646799953e-07
ecfp6_bit_0278,9.612452153876465e-07
ecfp6_bit_0154,9.609707303469963e-07
morgan_bit_0727,9.608680155979442e-07
ecfp6_bit_0759,9.588792263646732e-07
maplight_morgan_0000,9.586244093752815e-07
morgan_bit_0595,9.580552450275802e-07
morgan_bit_0297,9.570179589799488e-07
morgan_bit_0568,9.563356204214983e-07
maplight_morgan_0805,9.562412685987543e-07
fcfp6_bit_0828,9.562330290880104e-07
morgan_bit_0863,9.553174516660572e-07
atom_pair_bit_0906,9.546797652465231e-07
maplight_morgan_0210,9.530979472792453e-07
avalon_count_0139,9.529295561008041e-07
layered_bit_0074,9.527390650622859e-07
morgan_bit_0764,9.52165656217114e-07
maplight_morgan_0675,9.518907903960076e-07
maplight_morgan_0035,9.517321662209322e-07
ecfp6_bit_0907,9.486718223315498e-07
morgan_bit_0482,9.451373693879152e-07
topological_torsion_bit_0104,9.436026949259945e-07
layered_bit_0668,9.416252642674866e-07
morgan_bit_0203,9.411784842400617e-07
morgan_bit_1011,9.396615972632078e-07
morgan_bit_0916,9.390386399065571e-07
fcfp6_bit_0191,9.387462237109312e-07
topological_torsion_bit_0374,9.376081371435392e-07
fcfp6_bit_0976,9.374292618021125e-07
maplight_morgan_0364,9.372636935281333e-07
ecfp6_bit_0135,9.355790298582383e-07
topological_torsion_bit_0973,9.341892239218312e-07
ecfp6_bit_0398,9.338522158851636e-07
maplight_morgan_0658,9.321752095172244e-07
fcfp6_bit_0577,9.312746997082732e-07
fcfp6_bit_0202,9.311372635295236e-07
fcfp6_bit_0034,9.302397011104503e-07
fcfp6_bit_0443,9.298808110778749e-07
maplight_morgan_0868,9.291544739767227e-07
fcfp6_bit_0120,9.280745780362064e-07
avalon_count_0358,9.280468573519276e-07
maplight_morgan_0527,9.270140433331432e-07
fcfp6_bit_0553,9.25976290891163e-07
fcfp6_bit_0887,9.249583561813071e-07
fcfp6_bit_0105,9.240837315094783e-07
avalon_count_0144,9.240820968718651e-07
ecfp6_bit_0177,9.239806271152025e-07
morgan_bit_0010,9.239604925604144e-07
topological_torsion_bit_0769,9.235065672599782e-07
morgan_bit_0844,9.233856258945138e-07
morgan_bit_0208,9.231040742903507e-07
ecfp6_bit_0481,9.22731008836671e-07
atom_pair_bit_0334,9.226040150547697e-07
atom_pair_bit_0674,9.220664717354276e-07
fcfp6_bit_0972,9.177707724011239e-07
ecfp6_bit_0359,9.171076611030297e-07
ecfp6_bit_0326,9.166074086475857e-07
layered_bit_0384,9.161942748608253e-07
ecfp6_bit_0120,9.143002624849001e-07
fcfp6_bit_0447,9.140533570709681e-07
ecfp6_bit_1008,9.139317620670877e-07
erg_282,9.129935492406239e-07
topological_torsion_bit_0600,9.115181657060101e-07
maplight_morgan_0897,9.113634444722276e-07
fcfp6_bit_0678,9.097870317018384e-07
maplight_morgan_0541,9.090482669380441e-07
maplight_morgan_0688,9.071825591565401e-07
ecfp6_bit_0478,9.041596278584481e-07
maplight_morgan_0297,9.033402307041028e-07
ecfp6_bit_0576,9.030008346620149e-07
maplight_morgan_0661,9.027917267805309e-07
maplight_morgan_0053,9.023082289764255e-07
maplight_morgan_0495,9.010263279999896e-07
morgan_bit_0544,9.009184865471207e-07
atom_pair_bit_0607,9.001997982293501e-07
fcfp6_bit_0528,8.979397864355529e-07
maplight_morgan_0061,8.946292114625916e-07
maplight_morgan_0054,8.941723504768221e-07
maplight_morgan_0982,8.940475516770177e-07
topological_torsion_bit_0590,8.937760934428865e-07
erg_313,8.90578030923759e-07
fcfp6_bit_0439,8.902146667735534e-07
topological_torsion_bit_1021,8.895350321059342e-07
morgan_bit_0364,8.882533283939489e-07
morgan_bit_0934,8.863907471700229e-07
morgan_bit_0023,8.862471512793996e-07
morgan_bit_0610,8.860908902024541e-07
ecfp6_bit_0485,8.859301942168045e-07
morgan_bit_0287,8.854640025767891e-07
maplight_morgan_0759,8.831755065606569e-07
avalon_count_0931,8.830024586754018e-07
maplight_morgan_0545,8.821676923163211e-07
ecfp6_bit_0925,8.814473325768564e-07
morgan_bit_0260,8.786756934124472e-07
fcfp6_bit_0136,8.768284282606135e-07
fcfp6_bit_0872,8.767753911656147e-07
fcfp6_bit_0352,8.729981770443262e-07
erg_222,8.689338588088889e-07
maplight_morgan_0774,8.664381522408219e-07
maplight_morgan_0084,8.661132381298143e-07
morgan_bit_0296,8.655587720278716e-07
maplight_morgan_0019,8.64621444639486e-07
erg_173,8.643507152792769e-07
maplight_morgan_0040,8.632858683552487e-07
fcfp6_bit_0239,8.599325678469164e-07
ecfp6_bit_0211,8.58652202142366e-07
fcfp6_bit_0084,8.578867662519498e-07
atom_pair_bit_0950,8.577161211193878e-07
atom_pair_bit_0214,8.558647178469566e-07
maplight_morgan_0087,8.549665057190897e-07
topological_torsion_bit_0801,8.541789863549423e-07
maplight_morgan_0020,8.526426259281551e-07
topological_torsion_bit_0089,8.52057517419938e-07
erg_189,8.520259256860501e-07
maplight_morgan_0034,8.520117034953002e-07
fcfp6_bit_0081,8.471995448426332e-07
fcfp6_bit_0725,8.458029836251754e-07
fcfp6_bit_0353,8.452774562506233e-07
avalon_count_0835,8.437217832392316e-07
topological_torsion_bit_0470,8.433577843427824e-07
morgan_bit_0558,8.428108484342925e-07
morgan_bit_0664,8.416123882131769e-07
morgan_bit_0554,8.414989636807572e-07
morgan_bit_0266,8.387127875064896e-07
avalon_count_0523,8.377611424583143e-07
morgan_bit_0521,8.360608926518663e-07
fcfp6_bit_0022,8.35392450369072e-07
fcfp6_bit_0690,8.34731190738451e-07
topological_torsion_bit_0780,8.342882093403022e-07
fcfp6_bit_0785,8.318390267663465e-07
maplight_morgan_0699,8.310424988924895e-07
morgan_bit_0995,8.307053498932112e-07
maplight_morgan_0391,8.293944851823667e-07
morgan_bit_0303,8.280284023009716e-07
atom_pair_bit_0979,8.271794762159194e-07
maplight_morgan_0434,8.262010561655797e-07
morgan_bit_0469,8.253598190757711e-07
morgan_bit_0110,8.252402020456795e-07
fcfp6_bit_0755,8.224497511702092e-07
maplight_morgan_0457,8.21220632511058e-07
ecfp6_bit_0221,8.199209733773267e-07
fcfp6_bit_0573,8.196291278023499e-07
ecfp6_bit_0050,8.170685033178931e-07
morgan_bit_0837,8.162004191844098e-07
fcfp6_bit_0491,8.155624776420103e-07
maplight_morgan_0393,8.108117494921151e-07
fcfp6_bit_0689,8.087347864960517e-07
morgan_bit_0036,8.084946587929e-07
avalon_count_1009,8.06924950957467e-07
maplight_morgan_0006,8.064869615020898e-07
morgan_bit_0465,8.04496191830778e-07
fcfp6_bit_0301,8.043909247649972e-07
ecfp6_bit_0061,8.014444169348983e-07
topological_torsion_bit_0936,7.975201616506428e-07
atom_pair_bit_0379,7.974160880542899e-07
ecfp6_bit_0999,7.966843250469245e-07
fcfp6_bit_0096,7.93555316584261e-07
ecfp6_bit_0676,7.932940162981209e-07
avalon_count_0191,7.931104928360723e-07
atom_pair_bit_1010,7.92395072252359e-07
fcfp6_bit_0880,7.920424530618282e-07
ecfp6_bit_0149,7.903607790648869e-07
morgan_bit_0501,7.884396800629557e-07
fcfp6_bit_0875,7.868522627177613e-07
maplight_morgan_0247,7.863903776545551e-07
layered_bit_0049,7.854128355308006e-07
fcfp6_bit_0312,7.84920813296592e-07
maplight_morgan_0492,7.842274933107387e-07
topological_torsion_bit_0657,7.81721978233485e-07
topological_torsion_bit_0949,7.791789920432688e-07
topological_torsion_bit_0389,7.791437035747863e-07
atom_pair_bit_0339,7.791120212231552e-07
maplight_morgan_0411,7.775192481535002e-07
fcfp6_bit_1000,7.773288228230215e-07
morgan_bit_0201,7.758345487498937e-07
avalon_count_0590,7.754819406531057e-07
maccs_bit_021,7.750443510267112e-07
maplight_morgan_0822,7.744126366986187e-07
fcfp6_bit_0827,7.734474387663799e-07
maplight_morgan_1020,7.720105535257206e-07
morgan_bit_0450,7.712001017775824e-07
ecfp6_bit_0632,7.708938204094328e-07
morgan_bit_0702,7.703693300122301e-07
morgan_bit_0579,7.682041017657415e-07
fcfp6_bit_0842,7.676714258932788e-07
ecfp6_bit_0376,7.674487325125622e-07
maplight_morgan_0286,7.674437940159113e-07
ecfp6_bit_0464,7.674431991486322e-07
ecfp6_bit_0046,7.664612989048105e-07
fcfp6_bit_0738,7.661863668770574e-07
morgan_bit_0232,7.63023905197985e-07
ecfp6_bit_0918,7.627535036247779e-07
maplight_morgan_0445,7.598868551607158e-07
morgan_bit_0755,7.576872882597149e-07
fcfp6_bit_0139,7.563707857324491e-07
morgan_bit_0224,7.557974187007247e-07
avalon_count_0749,7.550538706427732e-07
morgan_bit_0770,7.539383416395345e-07
fcfp6_bit_0932,7.529723754777266e-07
fcfp6_bit_0261,7.520097903022429e-07
ecfp6_bit_0176,7.509521949795413e-07
maplight_morgan_0740,7.502326346844346e-07
morgan_bit_0370,7.498027859169989e-07
maplight_morgan_0268,7.477000143800052e-07
topological_torsion_bit_0864,7.47570078673682e-07
morgan_bit_0629,7.454055005332138e-07
morgan_bit_0426,7.451654881848742e-07
erg_244,7.43741222212038e-07
maplight_morgan_0580,7.417912299902499e-07
fcfp6_bit_0362,7.414365804076733e-07
maplight_morgan_0252,7.41258395528112e-07
maplight_morgan_0793,7.387124612766086e-07
fcfp6_bit_0380,7.386509357063663e-07
topological_torsion_bit_1000,7.374950982729882e-07
ecfp6_bit_0566,7.373828790153122e-07
atom_pair_bit_0251,7.36331893932108e-07
fcfp6_bit_0027,7.362148963300585e-07
morgan_bit_0648,7.359522202072864e-07
atom_pair_bit_0199,7.347040599855339e-07
maplight_morgan_0767,7.346293213771539e-07
morgan_bit_0049,7.345873104609467e-07
maplight_morgan_0524,7.331982045700456e-07
topological_torsion_bit_0009,7.330653237260211e-07
ecfp6_bit_0391,7.327647032586133e-07
morgan_bit_0868,7.323487930453076e-07
morgan_bit_0309,7.322948249625206e-07
fcfp6_bit_0836,7.319936367609935e-07
ecfp6_bit_0184,7.318215060752674e-07
erg_231,7.310889430524456e-07
ecfp6_bit_0248,7.309724255074731e-07
maplight_morgan_0419,7.309049505490389e-07
maplight_morgan_0007,7.304325457270168e-07
ecfp6_bit_0866,7.289905763335199e-07
avalon_count_0011,7.278094689105652e-07
ecfp6_bit_0569,7.276079166123109e-07
avalon_count_0075,7.275628497183575e-07
avalon_count_0599,7.241667705814026e-07
maplight_morgan_0555,7.234548832905747e-07
morgan_bit_0237,7.229088963392703e-07
maplight_morgan_0576,7.215374583329104e-07
maplight_morgan_0008,7.198749427462641e-07
fcfp6_bit_0896,7.198102389239526e-07
fcfp6_bit_0682,7.193288924628896e-07
ecfp6_bit_0370,7.190242484590299e-07
ecfp6_bit_0514,7.183047007199366e-07
morgan_bit_0642,7.168006352138957e-07
fcfp6_bit_0854,7.153697870740462e-07
avalon_count_0022,7.133668905220348e-07
topological_torsion_bit_0212,7.111476398916835e-07
morgan_bit_0589,7.101696559222222e-07
maplight_morgan_0570,7.101077639289438e-07
morgan_bit_0449,7.089675795278161e-07
morgan_bit_0077,7.06455369260901e-07
fcfp6_bit_0723,7.032915553825634e-07
morgan_bit_0688,7.029001716858225e-07
atom_pair_bit_0471,7.021763880016833e-07
maplight_morgan_0547,7.007741587885273e-07
maplight_morgan_0821,7.005103193072238e-07
morgan_bit_0062,6.998097633525967e-07
morgan_bit_0084,6.989223831623248e-07
ecfp6_bit_0137,6.981318333234652e-07
maplight_morgan_0518,6.977654292157663e-07
fcfp6_bit_0697,6.976008636949595e-07
maplight_morgan_0595,6.968876534054153e-07
ecfp6_bit_0267,6.966317682484931e-07
fcfp6_bit_0069,6.95943939696471e-07
morgan_bit_0874,6.939702538785756e-07
topological_torsion_bit_0033,6.938817595634061e-07
maplight_morgan_0234,6.926293683076535e-07
maplight_morgan_0485,6.912482249763645e-07
fcfp6_bit_0467,6.91122167783562e-07
fcfp6_bit_0203,6.89341027592899e-07
atom_pair_bit_0775,6.888419503902757e-07
morgan_bit_0624,6.887358772256645e-07
ecfp6_bit_0883,6.887247630407042e-07
fcfp6_bit_0393,6.886923269680346e-07
maplight_morgan_0933,6.882056466742795e-07
fcfp6_bit_0946,6.864239985503884e-07
fcfp6_bit_0343,6.847123074496711e-07
atom_pair_bit_0207,6.845128293989642e-07
morgan_bit_0800,6.835723100965712e-07
maplight_morgan_0343,6.820232013637386e-07
morgan_bit_0009,6.818763699853219e-07
avalon_count_0721,6.807553440406087e-07
ecfp6_bit_0618,6.803386224156162e-07
maplight_morgan_0848,6.800725002166428e-07
morgan_bit_0347,6.778454717677564e-07
maplight_morgan_0749,6.770119653313391e-07
maplight_morgan_0657,6.768204699389614e-07
maplight_morgan_0374,6.760391895670024e-07
fcfp6_bit_0170,6.75621819387186e-07
maplight_morgan_0267,6.747472286872446e-07
fcfp6_bit_0900,6.729584649627464e-07
maplight_morgan_0158,6.708758382248633e-07
maplight_morgan_0335,6.705809646057426e-07
maplight_morgan_0349,6.703687321175631e-07
morgan_bit_0355,6.703658082820996e-07
atom_pair_bit_0134,6.693225685317711e-07
ecfp6_bit_0016,6.687239782973315e-07
ecfp6_bit_0665,6.684186046092691e-07
maplight_morgan_0446,6.683013499452616e-07
atom_pair_bit_0491,6.661638007166036e-07
morgan_bit_0453,6.660488034980785e-07
maplight_morgan_0827,6.652454810917844e-07
maplight_morgan_0705,6.647178879173358e-07
fcfp6_bit_0313,6.627892442010851e-07
maplight_morgan_0440,6.620480760412921e-07
maplight_morgan_0995,6.615804463643664e-07
morgan_bit_0176,6.602421379240267e-07
ecfp6_bit_0817,6.587945641038372e-07
fcfp6_bit_0676,6.584289794264231e-07
morgan_bit_0359,6.574027665018054e-07
morgan_bit_0929,6.559940028944942e-07
avalon_count_0056,6.559762874902678e-07
maplight_morgan_0637,6.554577992667008e-07
ecfp6_bit_0614,6.536845971493909e-07
maplight_morgan_0206,6.534886290719817e-07
fcfp6_bit_0558,6.524234435270266e-07
morgan_bit_0652,6.511697951818559e-07
maplight_morgan_0907,6.504386357603505e-07
maplight_morgan_0597,6.495553260559509e-07
maplight_morgan_0880,6.491540757796045e-07
morgan_bit_0707,6.483521342428014e-07
fcfp6_bit_0182,6.439002212666791e-07
avalon_count_0539,6.4340213802927e-07
maplight_morgan_0751,6.417824678367265e-07
fcfp6_bit_0302,6.416365059604359e-07
maplight_morgan_1013,6.408451956859242e-07
maplight_morgan_0564,6.404215891482805e-07
maccs_bit_059,6.394124524388668e-07
fcfp6_bit_0557,6.379513373803348e-07
maplight_morgan_0744,6.375070800905047e-07
atom_pair_bit_0442,6.375002368332343e-07
morgan_bit_1009,6.367680379776945e-07
layered_bit_0704,6.358753603095252e-07
fcfp6_bit_0923,6.356887460958158e-07
fcfp6_bit_0694,6.331796596303566e-07
morgan_bit_0776,6.325720705056818e-07
fcfp6_bit_0066,6.32131031895764e-07
morgan_bit_0079,6.320692728995894e-07
topological_torsion_bit_0655,6.309392289386737e-07
atom_pair_bit_0571,6.300042891221883e-07
topological_torsion_bit_0250,6.293504829063661e-07
fcfp6_bit_0621,6.269241439696366e-07
topological_torsion_bit_0040,6.267557934557126e-07
erg_242,6.266846029121731e-07
ecfp6_bit_0070,6.247951775454998e-07
maplight_morgan_0604,6.241603414440231e-07
maplight_morgan_1015,6.179827036835521e-07
ecfp6_bit_0854,6.175603848367947e-07
avalon_count_0897,6.171305217120137e-07
maplight_morgan_0806,6.169292839964317e-07
atom_pair_bit_0685,6.169236760305556e-07
maplight_morgan_0387,6.156044802861357e-07
maplight_morgan_0764,6.155478100537293e-07
fcfp6_bit_0180,6.150081281096355e-07
morgan_bit_0311,6.147158523394039e-07
ecfp6_bit_0405,6.143231646257768e-07
fcfp6_bit_0606,6.139296206672133e-07
morgan_bit_0891,6.128042414133826e-07
morgan_bit_0380,6.121387413264464e-07
ecfp6_bit_0590,6.120653988819506e-07
maplight_morgan_0079,6.119386626501082e-07
ecfp6_bit_0460,6.115294690136773e-07
fcfp6_bit_0283,6.108232177647712e-07
topological_torsion_bit_0545,6.10489115598116e-07
atom_pair_bit_0678,6.085102260836861e-07
fcfp6_bit_0413,6.083428930891832e-07
avalon_count_0825,6.082932064996901e-07
ecfp6_bit_0260,6.078096929097431e-07
fcfp6_bit_0382,6.06825514200163e-07
atom_pair_bit_0627,6.066237894642134e-07
morgan_bit_0518,6.062039400305228e-07
fcfp6_bit_0241,6.058204886899095e-07
topological_torsion_bit_0944,6.05741128095448e-07
topological_torsion_bit_0789,6.045322624310394e-07
fcfp6_bit_0435,6.044973192663685e-07
ecfp6_bit_0957,6.038153352934882e-07
ecfp6_bit_0722,6.031207285965304e-07
maplight_morgan_0614,6.026972155162931e-07
fcfp6_bit_0125,6.014528386424592e-07
maplight_morgan_0160,5.998860506143072e-07
fcfp6_bit_0482,5.996101135492141e-07
maplight_morgan_0068,5.991565788261283e-07
topological_torsion_bit_0346,5.987351213492522e-07
topological_torsion_bit_0309,5.975185642971566e-07
fcfp6_bit_0513,5.972538245498046e-07
avalon_count_0775,5.965783740565067e-07
atom_pair_bit_0913,5.962028073781255e-07
morgan_bit_0682,5.947752135397964e-07
topological_torsion_bit_0116,5.938602345760988e-07
fcfp6_bit_0537,5.932007453354192e-07
maplight_morgan_0253,5.929949773378799e-07
maplight_morgan_0989,5.911014788591877e-07
maplight_morgan_0163,5.895530856206438e-07
morgan_bit_0980,5.888906549553033e-07
atom_pair_bit_0031,5.879560346143526e-07
maplight_morgan_0647,5.873180613174381e-07
morgan_bit_0524,5.86711719189783e-07
maplight_morgan_0081,5.863237630790163e-07
morgan_bit_0740,5.855959132794315e-07
fcfp6_bit_0452,5.853020709304463e-07
ecfp6_bit_0885,5.851710199977662e-07
morgan_bit_0429,5.849333120773665e-07
maplight_morgan_0370,5.842905377427402e-07
maplight_morgan_0902,5.800391685640237e-07
fcfp6_bit_0963,5.796034879767265e-07
ecfp6_bit_0828,5.790866946078124e-07
morgan_bit_0905,5.783771086512278e-07
fcfp6_bit_0639,5.777324852875167e-07
maplight_morgan_0198,5.757527563783896e-07
fcfp6_bit_0235,5.757411157063811e-07
avalon_count_0722,5.752562491196541e-07
maplight_morgan_0963,5.749727774855735e-07
maplight_morgan_0648,5.742483623916157e-07
maplight_morgan_0481,5.733265727011145e-07
fcfp6_bit_0840,5.726827288937971e-07
fcfp6_bit_0296,5.724011762268542e-07
maccs_bit_023,5.722146108982059e-07
fcfp6_bit_0765,5.698521520597184e-07
avalon_count_0844,5.686209007722993e-07
morgan_bit_0876,5.682819771467941e-07
avalon_count_0403,5.677441251319027e-07
atom_pair_bit_0015,5.67595018349981e-07
fcfp6_bit_0183,5.668673119464716e-07
maplight_morgan_0760,5.661058549041908e-07
fcfp6_bit_1018,5.655602273255275e-07
avalon_count_0012,5.65209289610773e-07
fcfp6_bit_0156,5.644566842122937e-07
maplight_morgan_0470,5.619878704217052e-07
fcfp6_bit_0168,5.609362893152387e-07
fcfp6_bit_0009,5.603800867286465e-07
morgan_bit_0857,5.584643788772867e-07
atom_pair_bit_0458,5.582089226173669e-07
fcfp6_bit_0176,5.56077381742575e-07
fcfp6_bit_0210,5.54654052739156e-07
atom_pair_bit_0067,5.541608486145303e-07
morgan_bit_0247,5.530550650160501e-07
atom_pair_bit_0394,5.519097006860931e-07
maplight_morgan_1007,5.518687502796121e-07
fcfp6_bit_1012,5.518219633967825e-07
morgan_bit_0478,5.512528914202021e-07
maplight_morgan_0704,5.511030944354118e-07
fcfp6_bit_0264,5.507446556610081e-07
avalon_count_0610,5.493019374836968e-07
erg_088,5.473288722052299e-07
maccs_bit_036,5.472636805508712e-07
fcfp6_bit_0063,5.472427861324542e-07
topological_torsion_bit_0712,5.463495901922389e-07
morgan_bit_0313,5.462497013834023e-07
topological_torsion_bit_0385,5.45012508424842e-07
ecfp6_bit_0704,5.446707298220406e-07
morgan_bit_0127,5.413368004888548e-07
ecfp6_bit_0701,5.412128050804057e-07
avalon_count_0524,5.408941095314218e-07
ecfp6_bit_0477,5.39779708665244e-07
avalon_count_0361,5.382824256518247e-07
morgan_bit_0484,5.373066966437145e-07
maplight_morgan_0355,5.365221781729548e-07
maplight_morgan_0315,5.355371933326929e-07
fcfp6_bit_0797,5.343753993302178e-07
morgan_bit_0327,5.338489889290746e-07
maplight_morgan_0633,5.334269882357054e-07
ecfp6_bit_0719,5.315229083096756e-07
fcfp6_bit_0367,5.312383958142741e-07
morgan_bit_0872,5.290748829087744e-07
fcfp6_bit_0863,5.286977806665239e-07
avalon_count_0772,5.282510634950432e-07
morgan_bit_0511,5.277303539075288e-07
fcfp6_bit_0903,5.276418131804514e-07
fcfp6_bit_0297,5.25815410123307e-07
maplight_morgan_0478,5.256094653701493e-07
maplight_morgan_0380,5.251745419124149e-07
maplight_morgan_0123,5.243632621024182e-07
topological_torsion_bit_0626,5.23760399990945e-07
topological_torsion_bit_0578,5.236050123894802e-07
avalon_count_0406,5.234325749424004e-07
ecfp6_bit_0756,5.225144464977133e-07
maplight_morgan_0501,5.223248687616805e-07
maplight_morgan_0834,5.222947731356805e-07
morgan_bit_0640,5.208980844230973e-07
maplight_morgan_0612,5.20613707431299e-07
morgan_bit_0151,5.202676359979569e-07
fcfp6_bit_0258,5.187991498872917e-07
maplight_morgan_0644,5.185405401481302e-07
topological_torsion_bit_0908,5.174472693896361e-07
maplight_morgan_0146,5.163369438922693e-07
layered_bit_0897,5.134576877436135e-07
maplight_morgan_0676,5.134382959051346e-07
fcfp6_bit_0616,5.133044529246209e-07
morgan_bit_0947,5.130538046264092e-07
maplight_morgan_0535,5.130450919024695e-07
atom_pair_bit_0867,5.114185919383651e-07
maplight_morgan_0415,5.102810728128566e-07
maplight_morgan_0665,5.078649251945249e-07
morgan_bit_0024,5.073300407732785e-07
ecfp6_bit_0443,5.072255412954605e-07
maplight_morgan_0183,5.048727715268394e-07
ecfp6_bit_0365,5.048298208655525e-07
maplight_morgan_0105,5.038254990936291e-07
fcfp6_bit_0659,5.017754573306644e-07
maplight_morgan_0943,4.997840360052393e-07
morgan_bit_0171,4.996149738829582e-07
ecfp6_bit_0982,4.995757032032616e-07
atom_pair_bit_0547,4.995706926271935e-07
fcfp6_bit_0275,4.990575219051263e-07
maplight_morgan_0418,4.987402973164272e-07
topological_torsion_bit_0240,4.976244557130863e-07
maplight_morgan_0211,4.949258027901677e-07
maplight_morgan_0003,4.944760568741593e-07
maplight_morgan_0682,4.942803427547298e-07
fcfp6_bit_0484,4.941881398142807e-07
maplight_morgan_0507,4.932453127142073e-07
rdkit_fr_morpholine,4.927106938146124e-07
avalon_count_0065,4.916060219193543e-07
topological_torsion_bit_0701,4.907043821291259e-07
fcfp6_bit_1019,4.892516006787039e-07
maplight_morgan_0309,4.888371909833843e-07
fcfp6_bit_0538,4.879792125189516e-07
morgan_bit_0046,4.867290796741149e-07
morgan_bit_0711,4.865820648196476e-07
fcfp6_bit_0874,4.857963367614737e-07
maplight_morgan_0634,4.84995484480684e-07
morgan_bit_0286,4.848622993036601e-07
ecfp6_bit_0253,4.847049550966308e-07
morgan_bit_0570,4.83464548428744e-07
maplight_morgan_0905,4.827094798737572e-07
maplight_morgan_0558,4.818949792558877e-07
maplight_morgan_0324,4.797001862945686e-07
fcfp6_bit_0879,4.785172581255742e-07
rdkit_fr_sulfonamd,4.785169021864692e-07
fcfp6_bit_0735,4.775940959353514e-07
morgan_bit_0351,4.759052099344724e-07
fcfp6_bit_0431,4.749903782877217e-07
morgan_bit_0719,4.7471705134662653e-07
avalon_count_0837,4.742425604320521e-07
erg_174,4.739584434892984e-07
avalon_count_0675,4.737953645285863e-07
fcfp6_bit_0909,4.732046000350646e-07
morgan_bit_0547,4.7239458597354904e-07
layered_bit_0254,4.7234125939442017e-07
ecfp6_bit_0264,4.722957547132156e-07
morgan_bit_0430,4.7206641531719476e-07
erg_203,4.684483781329511e-07
maplight_morgan_1005,4.682089688005896e-07
fcfp6_bit_0568,4.6816611536533185e-07
ecfp6_bit_0024,4.676967768432565e-07
morgan_bit_0759,4.673855298273219e-07
maplight_morgan_0479,4.6689581864230816e-07
rdkit_fr_lactone,4.6550807315916404e-07
morgan_bit_0892,4.6078058038819373e-07
morgan_bit_0035,4.601471519290555e-07
maplight_morgan_0178,4.589274302766508e-07
morgan_bit_0552,4.588145153806394e-07
morgan_bit_0784,4.5676797154018317e-07
avalon_count_0341,4.5631445365328845e-07
morgan_bit_0204,4.560764621416523e-07
ecfp6_bit_0079,4.5572827485450034e-07
layered_bit_0626,4.52476330504778e-07
atom_pair_bit_0902,4.523612661606763e-07
atom_pair_bit_0215,4.5215446674637566e-07
avalon_count_0891,4.5202957473486175e-07
atom_pair_bit_0195,4.506321554122952e-07
maplight_morgan_0348,4.501687721884888e-07
topological_torsion_bit_0549,4.491518319515446e-07
maplight_morgan_0469,4.487646001706544e-07
morgan_bit_0267,4.4760367231377816e-07
maplight_morgan_0670,4.471158467569444e-07
fcfp6_bit_0794,4.4708253362871654e-07
maplight_morgan_0413,4.466016315059407e-07
fcfp6_bit_0424,4.4625935812080535e-07
morgan_bit_0273,4.4603842844250193e-07
fcfp6_bit_0391,4.4558958520007234e-07
ecfp6_bit_0643,4.454756599963353e-07
fcfp6_bit_0324,4.453783693813203e-07
fcfp6_bit_0181,4.4535255874893564e-07
ecfp6_bit_0770,4.4483911945820087e-07
morgan_bit_0522,4.435298961989842e-07
maplight_morgan_0450,4.42647779664007e-07
morgan_bit_0393,4.4246290445487475e-07
morgan_bit_0474,4.4211388251334954e-07
maplight_morgan_0221,4.395183870260964e-07
fcfp6_bit_0469,4.3946295133346274e-07
avalon_count_0947,4.385420729816591e-07
ecfp6_bit_0749,4.381743349377931e-07
maplight_morgan_0631,4.350531256644741e-07
morgan_bit_0832,4.3464613724638405e-07
morgan_bit_0917,4.34403039662262e-07
morgan_bit_0763,4.321176426907743e-07
fcfp6_bit_0363,4.3179731727154357e-07
avalon_count_0175,4.317156296431981e-07
fcfp6_bit_0407,4.3154773981785004e-07
morgan_bit_0312,4.315228772345161e-07
topological_torsion_bit_0796,4.2960327582537644e-07
fcfp6_bit_0372,4.2687295868063967e-07
layered_bit_0756,4.2442805168214673e-07
maplight_morgan_1018,4.237833491459577e-07
fcfp6_bit_0592,4.2372373073893197e-07
maplight_morgan_0550,4.2349213250017364e-07
avalon_count_0465,4.232842921996478e-07
fcfp6_bit_0506,4.232796637920034e-07
maplight_morgan_0711,4.230502334941607e-07
maplight_morgan_0201,4.227761258471113e-07
fcfp6_bit_0488,4.2138345024804804e-07
morgan_bit_0746,4.207242381131068e-07
morgan_bit_0220,4.2018177140043584e-07
morgan_bit_1006,4.195921295053349e-07
morgan_bit_0796,4.1901045639450523e-07
morgan_bit_0556,4.181989527053544e-07
maplight_morgan_0287,4.1798087511364227e-07
morgan_bit_0588,4.17627576294862e-07
morgan_bit_0130,4.1735521711754026e-07
avalon_count_0043,4.161501885689806e-07
morgan_bit_0150,4.1495494564836305e-07
morgan_bit_0368,4.1455805224701074e-07
morgan_bit_0124,4.136785070851886e-07
ecfp6_bit_0634,4.13595572443516e-07
avalon_count_0654,4.132998178976052e-07
topological_torsion_bit_0237,4.1247099839111456e-07
atom_pair_bit_0998,4.1161652289308116e-07
morgan_bit_0288,4.114092677628686e-07
maplight_morgan_0107,4.0940092123163355e-07
fcfp6_bit_0028,4.090556205234265e-07
atom_pair_bit_0599,4.085953282615745e-07
fcfp6_bit_0729,4.08344157187085e-07
fcfp6_bit_0933,4.079720515990099e-07
morgan_bit_0492,4.0501272424643114e-07
atom_pair_bit_0879,4.045084273215236e-07
ecfp6_bit_0863,4.044624845238974e-07
morgan_bit_0194,4.0375190809857387e-07
atom_pair_bit_0643,4.0277710850616074e-07
morgan_bit_0943,4.0218498142146833e-07
morgan_bit_0663,4.0213191529350774e-07
avalon_count_0363,4.0178111632678024e-07
fcfp6_bit_0856,4.013007574844861e-07
topological_torsion_bit_0980,3.9888223749574244e-07
morgan_bit_0782,3.9833263974204865e-07
morgan_bit_0614,3.968104471432384e-07
topological_torsion_bit_0217,3.9478914393242236e-07
fcfp6_bit_0113,3.93900422284459e-07
maplight_morgan_0184,3.937806746709351e-07
ecfp6_bit_0528,3.932779983174715e-07
ecfp6_bit_0554,3.9311894814560127e-07
avalon_count_0184,3.9004540663634805e-07
ecfp6_bit_0262,3.894232244898155e-07
morgan_bit_0655,3.8921850827410635e-07
erg_232,3.8733168828295215e-07
morgan_bit_0146,3.8598791090603643e-07
maplight_morgan_0733,3.8556552996660167e-07
morgan_bit_0637,3.8539031054494404e-07
avalon_count_0777,3.851720926408542e-07
fcfp6_bit_0987,3.8481188511081634e-07
rdkit_fr_nitroso,3.8431694200861116e-07
rdkit_fr_azo,3.8251094452975e-07
morgan_bit_0126,3.822973006112369e-07
topological_torsion_bit_0605,3.82000749795732e-07
atom_pair_bit_0827,3.817402493533933e-07
atom_pair_bit_0467,3.812980358198968e-07
maplight_morgan_0863,3.811599839508357e-07
maplight_morgan_0075,3.805448830611465e-07
atom_pair_bit_0451,3.800758140107713e-07
morgan_bit_0574,3.79342684174599e-07
ecfp6_bit_0006,3.785627750652492e-07
morgan_bit_0956,3.785064040613363e-07
ecfp6_bit_0127,3.7735867600107817e-07
fcfp6_bit_0613,3.773079127777614e-07
maplight_morgan_0489,3.761785390557694e-07
avalon_count_0178,3.7554658858369454e-07
fcfp6_bit_0023,3.7541454712025144e-07
fcfp6_bit_0295,3.7508009933900216e-07
morgan_bit_0404,3.746005537168737e-07
maplight_morgan_0538,3.7425584800173027e-07
morgan_bit_0706,3.7388993655238687e-07
maplight_morgan_0148,3.735460400839214e-07
morgan_bit_0845,3.7259063715425996e-07
fcfp6_bit_0045,3.723981769493057e-07
maplight_morgan_0891,3.7146867547494047e-07
atom_pair_bit_0731,3.713010451392527e-07
erg_179,3.712577661142482e-07
maplight_morgan_0936,3.709108195344071e-07
fcfp6_bit_0766,3.7073449760246086e-07
rdkit_fr_sulfide,3.7072066484911506e-07
avalon_count_0826,3.690259012376293e-07
fcfp6_bit_0905,3.68206073102595e-07
morgan_bit_0101,3.679997868051608e-07
maplight_morgan_0447,3.6725554232615856e-07
avalon_count_0985,3.651255308307307e-07
avalon_count_0950,3.649401063591417e-07
fcfp6_bit_0958,3.6468434049471724e-07
morgan_bit_0229,3.64436255768084e-07
fcfp6_bit_0512,3.6293566091594006e-07
maplight_morgan_0536,3.617560242581585e-07
morgan_bit_0016,3.60971486727e-07
fcfp6_bit_0480,3.602231379641781e-07
maplight_morgan_0258,3.5997951217429725e-07
atom_pair_bit_0583,3.596867352485973e-07
morgan_bit_0859,3.591990019332999e-07
ecfp6_bit_0839,3.578645443493381e-07
morgan_bit_0061,3.5779817896263547e-07
topological_torsion_bit_0132,3.5655483515234826e-07
morgan_bit_0172,3.5428332544783634e-07
morgan_bit_0569,3.537655833959067e-07
maplight_morgan_0436,3.534064027658227e-07
morgan_bit_0886,3.531878662151857e-07
morgan_bit_0437,3.518664514381732e-07
fcfp6_bit_0992,3.5180114019654184e-07
fcfp6_bit_1006,3.51421440539846e-07
fcfp6_bit_0941,3.5073139259618174e-07
topological_torsion_bit_0985,3.5065385863550955e-07
avalon_count_0277,3.506166780766945e-07
fcfp6_bit_0844,3.4920153503715064e-07
atom_pair_bit_0133,3.4877180037582575e-07
maplight_morgan_0990,3.4667182681939704e-07
fcfp6_bit_0473,3.461773447737341e-07
morgan_bit_0548,3.4494673426464585e-07
morgan_bit_0772,3.4391917682763997e-07
morgan_bit_0885,3.4379290225399403e-07
maplight_morgan_0610,3.432184277694729e-07
morgan_bit_0834,3.43199946992541e-07
maplight_morgan_0944,3.4183579598257647e-07
ecfp6_bit_0631,3.4180357681212937e-07
maplight_morgan_0962,3.4173583996814424e-07
fcfp6_bit_0434,3.4158592765861685e-07
maplight_morgan_0399,3.409148270135958e-07
maplight_morgan_0972,3.4088829761437104e-07
avalon_count_0163,3.4057239446647914e-07
ecfp6_bit_0291,3.3979925882727476e-07
morgan_bit_0665,3.3858864463577464e-07
ecfp6_bit_0258,3.384185362373772e-07
fcfp6_bit_0412,3.378896091104531e-07
morgan_bit_0241,3.3784216299041966e-07
morgan_bit_0435,3.3761143638000554e-07
ecfp6_bit_0462,3.3738141712911426e-07
fcfp6_bit_0342,3.370158266934544e-07
fcfp6_bit_0134,3.3671765120165913e-07
atom_pair_bit_0723,3.3670472999422593e-07
fcfp6_bit_0426,3.359672273777888e-07
maplight_morgan_0174,3.3566099608923136e-07
maplight_morgan_0220,3.344508793514458e-07
maplight_morgan_0308,3.342101826161394e-07
fcfp6_bit_1013,3.3364097166318904e-07
maplight_morgan_0847,3.3305779311740706e-07
morgan_bit_0600,3.3140521795632576e-07
maplight_morgan_0579,3.305807823696105e-07
fcfp6_bit_0064,3.291836845242938e-07
atom_pair_bit_0759,3.288742187039244e-07
morgan_bit_0564,3.2800063525457173e-07
morgan_bit_0376,3.279014441703767e-07
rdkit_fr_sulfone,3.2774781664963914e-07
ecfp6_bit_0706,3.2672822023776513e-07
atom_pair_bit_0418,3.261193647128108e-07
avalon_count_0061,3.2402410818680055e-07
fcfp6_bit_0709,3.226977914208026e-07
fcfp6_bit_0012,3.2204505503140757e-07
ecfp6_bit_0660,3.220275433508735e-07
morgan_bit_0353,3.21801619322955e-07
morgan_bit_0996,3.212026102970064e-07
morgan_bit_0117,3.210880750576267e-07
atom_pair_bit_1014,3.209534319009742e-07
morgan_bit_0089,3.2060383992468475e-07
morgan_bit_1010,3.204151294248715e-07
morgan_bit_0938,3.1988203529766797e-07
maplight_morgan_0182,3.193295131208162e-07
fcfp6_bit_0029,3.190740713001315e-07
topological_torsion_bit_0068,3.175763967746044e-07
atom_pair_bit_0087,3.175525553906106e-07
morgan_bit_0797,3.1655933800581817e-07
fcfp6_bit_0164,3.1626437504631093e-07
morgan_bit_0491,3.161751910079524e-07
morgan_bit_0417,3.154551468970622e-07
maplight_morgan_0449,3.149680370955129e-07
layered_bit_0741,3.146996240992391e-07
topological_torsion_bit_0948,3.143854430798164e-07
maplight_morgan_0193,3.143352382605526e-07
ecfp6_bit_0942,3.1426832564894607e-07
maplight_morgan_0385,3.141617357372848e-07
fcfp6_bit_0106,3.1281664813705605e-07
maplight_morgan_0302,3.123768443996383e-07
fcfp6_bit_0985,3.1235096312552013e-07
maplight_morgan_0516,3.1164116878818666e-07
fcfp6_bit_0298,3.116351953537728e-07
avalon_count_0795,3.1078647663298663e-07
maplight_morgan_0464,3.101752873320233e-07
maplight_morgan_0353,3.101200274814053e-07
atom_pair_bit_0187,3.099221396309979e-07
fcfp6_bit_0505,3.0945322033211224e-07
morgan_bit_0135,3.0869705475851844e-07
morgan_bit_0193,3.0856669680673625e-07
morgan_bit_0957,3.075126758393063e-07
maplight_morgan_0986,3.0751129441478125e-07
maplight_morgan_0687,3.0619335957829494e-07
maplight_morgan_0412,3.0588951931101546e-07
maplight_morgan_0782,3.0585639323262855e-07
morgan_bit_0647,3.057498014520653e-07
atom_pair_bit_0255,3.0515837799478276e-07
ecfp6_bit_0244,3.0420435557371014e-07
morgan_bit_0075,3.034644140276541e-07
topological_torsion_bit_0713,3.026197379304976e-07
erg_265,3.0153794830756355e-07
morgan_bit_0806,3.0131432494900624e-07
maplight_morgan_0796,3.002363183055236e-07
morgan_bit_0081,2.988265263287262e-07
topological_torsion_bit_0150,2.984322448851059e-07
maplight_morgan_0071,2.9836987830431816e-07
fcfp6_bit_0207,2.9724978026099826e-07
avalon_count_0506,2.966209201263048e-07
morgan_bit_0864,2.9638260044457654e-07
topological_torsion_bit_0037,2.9540387608815516e-07
topological_torsion_bit_0998,2.9539709142518507e-07
morgan_bit_0854,2.948222907440173e-07
erg_299,2.942683747256018e-07
maccs_bit_017,2.938384496260487e-07
morgan_bit_0335,2.903123882843588e-07
morgan_bit_0186,2.894639624995367e-07
morgan_bit_0555,2.8932108695738e-07
topological_torsion_bit_0889,2.8906796873733013e-07
avalon_count_0316,2.889189689883232e-07
atom_pair_bit_0438,2.883596920633672e-07
topological_torsion_bit_0100,2.8816530320605805e-07
morgan_bit_0783,2.8751715276245603e-07
atom_pair_bit_0235,2.874914580971876e-07
fcfp6_bit_0292,2.871700419527564e-07
morgan_bit_0978,2.863842110062676e-07
fcfp6_bit_0071,2.8563388253990806e-07
ecfp6_bit_0609,2.83681781210661e-07
morgan_bit_0318,2.8364285587925535e-07
ecfp6_bit_0513,2.834209034408465e-07
ecfp6_bit_0651,2.826705645309478e-07
fcfp6_bit_0687,2.8240005122528473e-07
morgan_bit_0613,2.8140896920590486e-07
maplight_morgan_0113,2.8110931903693447e-07
topological_torsion_bit_0793,2.808651932896279e-07
atom_pair_bit_0999,2.793298340487935e-07
maplight_morgan_0531,2.791365398137178e-07
fcfp6_bit_0098,2.789392976533248e-07
morgan_bit_0138,2.786737802323515e-07
maplight_morgan_0876,2.7860075693664703e-07
fcfp6_bit_0634,2.7708128225172383e-07
fcfp6_bit_0172,2.7685714799010203e-07
morgan_bit_0027,2.763948173608769e-07
maplight_morgan_0655,2.7628053179031705e-07
morgan_bit_0833,2.761041162278334e-07
maplight_morgan_0824,2.7521112791299834e-07
topological_torsion_bit_0145,2.7500697271996975e-07
maplight_morgan_0030,2.7467791503126947e-07
fcfp6_bit_0043,2.744739236991433e-07
morgan_bit_0773,2.744180370982326e-07
fcfp6_bit_0681,2.742978870412359e-07
fcfp6_bit_0053,2.73771439926925e-07
topological_torsion_bit_1017,2.729336950843643e-07
fcfp6_bit_0752,2.728351118485173e-07
morgan_bit_0922,2.7267757847492664e-07
ecfp6_bit_0509,2.7200303164960046e-07
ecfp6_bit_1002,2.71103054664242e-07
maplight_morgan_0157,2.707781827736031e-07
erg_187,2.700793828411584e-07
topological_torsion_bit_0642,2.696303667002613e-07
maplight_morgan_0083,2.692420120579016e-07
maplight_morgan_0560,2.6891345847767633e-07
maplight_morgan_0919,2.682722094850269e-07
topological_torsion_bit_0020,2.655070739004112e-07
fcfp6_bit_0346,2.6441001002666307e-07
maccs_bit_056,2.641625490912666e-07
fcfp6_bit_1007,2.6391153349041814e-07
morgan_bit_0425,2.637412746652604e-07
morgan_bit_0029,2.6297817297124416e-07
erg_267,2.6287855057868006e-07
maplight_morgan_0278,2.622513966307371e-07
fcfp6_bit_0052,2.617559760407975e-07
morgan_bit_0880,2.600003751919269e-07
ecfp6_bit_0865,2.5956144993376043e-07
topological_torsion_bit_0976,2.5879243504564067e-07
morgan_bit_0481,2.5813432573495457e-07
topological_torsion_bit_0488,2.5783345712679386e-07
maccs_bit_032,2.5625628170851215e-07
morgan_bit_0475,2.56209957408693e-07
morgan_bit_0528,2.5590607378523815e-07
erg_297,2.5575757724046477e-07
morgan_bit_0643,2.533998715276282e-07
ecfp6_bit_0124,2.527277451048003e-07
maplight_morgan_0752,2.5096256981101845e-07
maplight_morgan_0130,2.5024846291407803e-07
morgan_bit_0308,2.4977419609183544e-07
morgan_bit_0173,2.495975400408942e-07
fcfp6_bit_0085,2.4902663563174917e-07
atom_pair_bit_0111,2.485974381353637e-07
ecfp6_bit_0321,2.481708903727564e-07
maplight_morgan_0850,2.472739386156997e-07
maplight_morgan_0817,2.462282364281141e-07
morgan_bit_0105,2.4612390226045247e-07
morgan_bit_0970,2.442766022396982e-07
morgan_bit_0043,2.440208058357804e-07
atom_pair_bit_0479,2.421987948922854e-07
maplight_morgan_0832,2.4179907434850846e-07
morgan_bit_0687,2.417366379292897e-07
atom_pair_bit_0162,2.410600920922191e-07
maplight_morgan_0110,2.4061201993296523e-07
maplight_morgan_0791,2.393554948135583e-07
rdkit_NumSpiroAtoms,2.380604804874017e-07
erg_134,2.379832966626572e-07
avalon_count_0965,2.374747770910285e-07
ecfp6_bit_0269,2.36543831686619e-07
morgan_bit_0258,2.3580779050883032e-07
topological_torsion_bit_0685,2.3472754387560884e-07
maplight_morgan_0442,2.346530394306527e-07
atom_pair_bit_0426,2.3425838663253575e-07
ecfp6_bit_0172,2.3408862351814237e-07
morgan_bit_0963,2.3407789769912052e-07
avalon_count_0394,2.3383644866006603e-07
maplight_morgan_1006,2.3383060683830194e-07
rdkit_fr_furan,2.3367521070755005e-07
maplight_morgan_0701,2.3317086901385205e-07
morgan_bit_0003,2.3115124649640344e-07
maplight_morgan_0303,2.30996460909172e-07
morgan_bit_0861,2.3047068116441853e-07
maplight_morgan_0879,2.3046234353430038e-07
fcfp6_bit_0954,2.2880883785204416e-07
maplight_morgan_0639,2.280559094817534e-07
fcfp6_bit_0586,2.2784638249128414e-07
morgan_bit_0617,2.2782067729702667e-07
ecfp6_bit_0637,2.275288922747779e-07
fcfp6_bit_0097,2.2739576840812905e-07
fcfp6_bit_0462,2.2700536320741934e-07
morgan_bit_0581,2.2601866112017915e-07
maplight_morgan_0444,2.254410983907196e-07
morgan_bit_0178,2.24737714992909e-07
fcfp6_bit_0124,2.2391956544454332e-07
morgan_bit_0221,2.236671160740665e-07
fcfp6_bit_0160,2.229954182721431e-07
fcfp6_bit_0433,2.229118231067757e-07
maplight_morgan_0618,2.2262104691040803e-07
maplight_morgan_0336,2.2216658305935255e-07
ecfp6_bit_0238,2.2190169775146125e-07
maplight_morgan_0246,2.2099125087069524e-07
fcfp6_bit_0463,2.2031962411561517e-07
morgan_bit_0052,2.1937440158144136e-07
fcfp6_bit_0665,2.188802484208065e-07
maplight_morgan_0734,2.1839185263909428e-07
maplight_morgan_0021,2.172062502041502e-07
maplight_morgan_0141,2.1711777100586262e-07
maplight_morgan_1003,2.1659073349123757e-07
maplight_morgan_0260,2.1511928979568096e-07
morgan_bit_0399,2.1509356047330025e-07
maplight_morgan_0394,2.1508808801452122e-07
rdkit_fr_hdrzine,2.1506978860044596e-07
erg_223,2.150490591055412e-07
erg_039,2.1501588401670582e-07
morgan_bit_0387,2.1447706765589816e-07
fcfp6_bit_0929,2.1428749367572065e-07
erg_277,2.141061365497824e-07
maccs_bit_045,2.140750527290882e-07
atom_pair_bit_0150,2.136644225823694e-07
fcfp6_bit_0527,2.1312974037258358e-07
maplight_morgan_0671,2.1265368743971997e-07
maplight_morgan_0566,2.117195850230398e-07
maplight_morgan_0992,2.1138225139095308e-07
fcfp6_bit_0078,2.11138755353568e-07
avalon_count_0272,2.1111292082874484e-07
morgan_bit_0504,2.105839331545739e-07
avalon_count_1012,2.096737898159265e-07
morgan_bit_0602,2.0964092378067123e-07
morgan_bit_0701,2.0936077956355356e-07
maplight_morgan_0150,2.0912776772598484e-07
maplight_morgan_0365,2.0794222934274572e-07
morgan_bit_0734,2.0720129253962008e-07
topological_torsion_bit_0766,2.068035633185239e-07
maplight_morgan_0772,2.0611111381892744e-07
maplight_morgan_0722,2.0604564544452583e-07
morgan_bit_0211,2.060344716886839e-07
fcfp6_bit_0453,2.0574198972936345e-07
erg_070,2.042302899667974e-07
fcfp6_bit_0913,2.0362722877303433e-07
morgan_bit_0703,2.0319253521267273e-07
maplight_morgan_0951,2.02433020518695e-07
maplight_morgan_0459,2.0120817913894022e-07
morgan_bit_0398,2.0116411927705156e-07
maplight_morgan_0777,2.00373984122326e-07
erg_220,2.0034890758484925e-07
maplight_morgan_0755,2.0024334227164743e-07
morgan_bit_0658,1.9998745163951334e-07
avalon_count_0723,1.9939481047901039e-07
layered_bit_0053,1.991509563497401e-07
maplight_morgan_0172,1.9824540197184911e-07
morgan_bit_0590,1.96293083328298e-07
maccs_bit_011,1.9588773197417536e-07
morgan_bit_0612,1.9548905075286941e-07
ecfp6_bit_0466,1.9548159493193997e-07
morgan_bit_0007,1.9539186016718758e-07
morgan_bit_0577,1.9504454957255503e-07
maplight_morgan_0215,1.9502381029125872e-07
maplight_morgan_0756,1.9477831575261014e-07
fcfp6_bit_0575,1.9453536403761923e-07
maplight_morgan_0265,1.9430085180205113e-07
rdkit_fr_epoxide,1.935528855159426e-07
topological_torsion_bit_0645,1.9327473639764042e-07
maplight_morgan_1002,1.9202312392523783e-07
ecfp6_bit_0986,1.9171853851439132e-07
maplight_morgan_0226,1.916856412520706e-07
maplight_morgan_0453,1.9126747309820607e-07
avalon_count_0187,1.90472560858098e-07
morgan_bit_0099,1.903373316514764e-07
maplight_morgan_0994,1.902371956484661e-07
maplight_morgan_0490,1.9021647614102902e-07
rdkit_fr_isothiocyan,1.8981410790211351e-07
erg_268,1.8976926343151946e-07
maplight_morgan_0542,1.896469108843543e-07
maplight_morgan_0359,1.8962648245706685e-07
morgan_bit_0941,1.8950930478595332e-07
fcfp6_bit_0518,1.894063729736237e-07
maplight_morgan_0660,1.893459359441814e-07
atom_pair_bit_0739,1.8922251403794386e-07
topological_torsion_bit_0136,1.8775084143273932e-07
morgan_bit_0618,1.8721315358892422e-07
maplight_morgan_0970,1.871734651558852e-07
topological_torsion_bit_0669,1.8665480682548762e-07
avalon_count_0233,1.8659193335680768e-07
atom_pair_bit_0747,1.8646780608910849e-07
morgan_bit_0071,1.849803828802548e-07
maplight_morgan_0099,1.8485030620779575e-07
topological_torsion_bit_0180,1.8460456054211662e-07
maplight_morgan_0869,1.8369481187839297e-07
maplight_morgan_0474,1.8317037093931368e-07
ecfp6_bit_0944,1.8316275498975087e-07
fcfp6_bit_0289,1.8241821109837915e-07
avalon_count_0831,1.8231219627474882e-07
morgan_bit_0212,1.8207585129655006e-07
fcfp6_bit_0209,1.8188710274323493e-07
topological_torsion_bit_0594,1.8158581455287168e-07
avalon_count_0851,1.8098812921403474e-07
morgan_bit_0021,1.806216373191748e-07
atom_pair_bit_0219,1.7991482993832118e-07
avalon_count_0683,1.7923943513511628e-07
avalon_count_0903,1.7886881246774021e-07
fcfp6_bit_0607,1.7822477534811553e-07
morgan_bit_0070,1.7734065263023125e-07
fcfp6_bit_0150,1.7722478043648878e-07
fcfp6_bit_0487,1.7720635999984442e-07
morgan_bit_0519,1.764303608998334e-07
morgan_bit_0326,1.762988624629236e-07
fcfp6_bit_0359,1.7579767862912474e-07
morgan_bit_0668,1.7539666645771347e-07
topological_torsion_bit_0205,1.752203306659208e-07
topological_torsion_bit_0052,1.7490601696384813e-07
morgan_bit_0349,1.7478177324782626e-07
topological_torsion_bit_0197,1.7276065421798262e-07
morgan_bit_0944,1.7259048536588438e-07
erg_236,1.724608060172928e-07
maplight_morgan_0681,1.7240894363477972e-07
maplight_morgan_0132,1.7218694275831104e-07
morgan_bit_0278,1.721024091481002e-07
maplight_morgan_0649,1.720916191457502e-07
morgan_bit_0234,1.715768480920991e-07
maplight_morgan_0783,1.710730072315844e-07
topological_torsion_bit_0561,1.7059268471585345e-07
morgan_bit_0181,1.7058431797043474e-07
maplight_morgan_0282,1.7037879015527932e-07
ecfp6_bit_0087,1.6796465200161433e-07
maplight_morgan_0224,1.6793269175627338e-07
topological_torsion_bit_0730,1.678465022486985e-07
atom_pair_bit_0419,1.673522709105643e-07
fcfp6_bit_1005,1.6728708877536722e-07
topological_torsion_bit_0241,1.6720309554203382e-07
fcfp6_bit_0213,1.667498211002316e-07
atom_pair_bit_0987,1.650705223478075e-07
morgan_bit_1015,1.649204068733193e-07
morgan_bit_0768,1.6489740096444814e-07
maplight_morgan_0078,1.6483412012531267e-07
morgan_bit_0408,1.6470102354487458e-07
maplight_morgan_0242,1.6404431025329752e-07
maplight_morgan_0398,1.6381855580012754e-07
topological_torsion_bit_0375,1.6346141525773048e-07
erg_237,1.630025090086475e-07
maplight_morgan_0156,1.6278552466297547e-07
erg_042,1.6265465990063476e-07
morgan_bit_0000,1.6262327085614767e-07
maccs_bit_033,1.619151497094906e-07
morgan_bit_0529,1.6141157347496558e-07
ecfp6_bit_0347,1.6130189699305374e-07
morgan_bit_0299,1.6128869017231456e-07
morgan_bit_0459,1.606163109599829e-07
morgan_bit_0671,1.6016647301622227e-07
maplight_morgan_0643,1.5916703205852997e-07
maplight_morgan_0326,1.588869606995339e-07
morgan_bit_0999,1.5831511233122184e-07
morgan_bit_0371,1.5779536118865846e-07
morgan_bit_0302,1.575587948258698e-07
fcfp6_bit_0291,1.5754747981153048e-07
avalon_count_0752,1.5716339166475607e-07
ecfp6_bit_0861,1.5659459604061115e-07
morgan_bit_0123,1.5576799447325181e-07
morgan_bit_0142,1.5569107462185407e-07
erg_089,1.5400433700537287e-07
atom_pair_bit_0910,1.5368962326565508e-07
morgan_bit_0143,1.536775751307942e-07
topological_torsion_bit_0517,1.535048862040033e-07
avalon_count_0687,1.5283047322524318e-07
morgan_bit_0515,1.5234882067835999e-07
maplight_morgan_0318,1.5223279920132035e-07
fcfp6_bit_0884,1.5101816420768668e-07
maplight_morgan_0999,1.5097284714944833e-07
maplight_morgan_0985,1.5062963316918447e-07
morgan_bit_0044,1.506290558665643e-07
maplight_morgan_0181,1.5017020611929658e-07
maplight_morgan_0050,1.5005149020715832e-07
morgan_bit_0019,1.498013789375625e-07
maccs_bit_013,1.4974720768446544e-07
maplight_morgan_0060,1.4968859446036216e-07
morgan_bit_0543,1.4920867945466928e-07
avalon_count_0728,1.4882683032805436e-07
topological_torsion_bit_0434,1.4828328320979426e-07
atom_pair_bit_0670,1.4790603798209865e-07
maplight_morgan_0582,1.4788445992693746e-07
fcfp6_bit_0883,1.4778864898416056e-07
maplight_morgan_0331,1.466737521050463e-07
maplight_morgan_0108,1.4658191870452548e-07
rdkit_fr_thiophene,1.465187180097337e-07
avalon_count_0667,1.4618800599224365e-07
topological_torsion_bit_0686,1.4617960751825442e-07
maplight_morgan_1012,1.4509778036867672e-07
maplight_morgan_0088,1.450552983315575e-07
topological_torsion_bit_0474,1.4487620289422205e-07
ecfp6_bit_0873,1.4455938610987247e-07
morgan_bit_0215,1.4410280072810785e-07
maplight_morgan_0957,1.4358350381446545e-07
maplight_morgan_0706,1.4335979305574006e-07
maplight_morgan_0808,1.4313559782237726e-07
avalon_count_0740,1.4307270902335426e-07
atom_pair_bit_0375,1.4243313048906656e-07
fcfp6_bit_0733,1.4228042204530202e-07
maplight_morgan_0523,1.4156546309008648e-07
atom_pair_bit_0639,1.3949090145096863e-07
fcfp6_bit_0786,1.3899961272677506e-07
morgan_bit_0156,1.3729097882752886e-07
topological_torsion_bit_1014,1.367045077406089e-07
maplight_morgan_0134,1.3549520434004665e-07
fcfp6_bit_0243,1.3533487388228784e-07
maplight_morgan_0313,1.352791693746269e-07
fcfp6_bit_0919,1.346718750612396e-07
maplight_morgan_0603,1.345822278823121e-07
maplight_morgan_0264,1.345579494879722e-07
morgan_bit_0038,1.3391847247059082e-07
fcfp6_bit_0007,1.3316467260034333e-07
maplight_morgan_0465,1.331527127372561e-07
maccs_bit_016,1.3220610774197702e-07
maplight_morgan_0093,1.3214111389956443e-07
maplight_morgan_0311,1.3165708706925614e-07
morgan_bit_0777,1.313259459344252e-07
maplight_morgan_0371,1.312118474951544e-07
morgan_bit_0994,1.2966506158030735e-07
atom_pair_bit_0807,1.2959101380929216e-07
fcfp6_bit_0727,1.2955298956683157e-07
maplight_morgan_0426,1.2949672301214493e-07
morgan_bit_0198,1.2914202703534404e-07
avalon_count_0668,1.291224438746345e-07
maplight_morgan_0611,1.286360324946764e-07
fcfp6_bit_0402,1.282363427552303e-07
fcfp6_bit_0603,1.276790523403349e-07
fcfp6_bit_0622,1.276319791134867e-07
morgan_bit_0789,1.2726873714798415e-07
maplight_morgan_0153,1.2703396696627436e-07
morgan_bit_0107,1.267221210468151e-07
atom_pair_bit_0407,1.2672075880756998e-07
maplight_morgan_0016,1.2578681029374148e-07
topological_torsion_bit_0269,1.2574017935755227e-07
morgan_bit_0646,1.2557743881760405e-07
maplight_morgan_0476,1.2532730347537914e-07
fcfp6_bit_0780,1.2511680694493514e-07
maplight_morgan_0376,1.2501235277979104e-07
fcfp6_bit_0571,1.2461616781446292e-07
fcfp6_bit_0530,1.2419100942036361e-07
fcfp6_bit_0876,1.2406346466100295e-07
avalon_count_0771,1.2257913289078871e-07
maplight_morgan_0918,1.221027871700897e-07
ecfp6_bit_0161,1.2106853551507578e-07
fcfp6_bit_0507,1.2098731250391395e-07
maplight_morgan_0173,1.2066223560914295e-07
morgan_bit_0821,1.2054022691792714e-07
morgan_bit_0050,1.203945153740934e-07
fcfp6_bit_0147,1.2012930284458874e-07
morgan_bit_1001,1.1933605132126478e-07
morgan_bit_0108,1.1905491437658069e-07
fcfp6_bit_0345,1.1782224529128227e-07
fcfp6_bit_0282,1.1768706864729518e-07
atom_pair_bit_0155,1.1759277489158846e-07
morgan_bit_0281,1.174478701594213e-07
morgan_bit_0348,1.1711367349681897e-07
erg_249,1.1642863781260489e-07
maplight_morgan_0402,1.1621808643809753e-07
ecfp6_bit_0198,1.1603504952651504e-07
fcfp6_bit_0162,1.1556205882067857e-07
maplight_morgan_0400,1.1491325341745927e-07
fcfp6_bit_0731,1.1481331714928315e-07
maplight_morgan_0186,1.146756402226342e-07
morgan_bit_0989,1.1428163867372782e-07
morgan_bit_1007,1.1376656265723442e-07
fcfp6_bit_0369,1.1362556244871255e-07
avalon_count_0776,1.1341967279872815e-07
fcfp6_bit_0457,1.1320199428220478e-07
maplight_morgan_0372,1.1306343883901121e-07
avalon_count_0916,1.1251529543263651e-07
maplight_morgan_0748,1.124633258609631e-07
avalon_count_0141,1.1228962713354335e-07
fcfp6_bit_0268,1.109413228105759e-07
morgan_bit_0113,1.1067003803020491e-07
erg_246,1.1066949555255094e-07
maplight_morgan_0801,1.1064968582107055e-07
maplight_morgan_0217,1.0991837423075757e-07
topological_torsion_bit_0044,1.0928138669284037e-07
fcfp6_bit_0374,1.0851588056038484e-07
maplight_morgan_0743,1.0773070038086869e-07
morgan_bit_0464,1.0756164336557703e-07
maccs_bit_026,1.0753764046503358e-07
maplight_morgan_0321,1.0738875514106633e-07
erg_014,1.0711913981470762e-07
atom_pair_bit_0751,1.0705346696591956e-07
maplight_morgan_0029,1.0692874964039339e-07
maplight_morgan_0768,1.0665841216243841e-07
maplight_morgan_0388,1.0624828254399684e-07
atom_pair_bit_1011,1.0430140196814024e-07
topological_torsion_bit_0056,1.0420413623360647e-07
fcfp6_bit_0304,1.0360453665928373e-07
topological_torsion_bit_0061,1.0353339863843406e-07
erg_239,1.0328247405325362e-07
topological_torsion_bit_0960,1.0318293223173916e-07
morgan_bit_0553,1.027573004559052e-07
morgan_bit_1002,1.024364811736258e-07
fcfp6_bit_1022,1.0226700055415737e-07
erg_073,1.0212302086225635e-07
morgan_bit_0274,1.0200065996210527e-07
avalon_count_0619,1.0193305889444666e-07
ecfp6_bit_0762,1.0189843167406495e-07
maplight_morgan_0330,1.0105209337135164e-07
maplight_morgan_0977,1.007191658518341e-07
atom_pair_bit_0958,1.0068136047584995e-07
maplight_morgan_0196,1.0062213528402952e-07
morgan_bit_0724,1.0052465091138184e-07
morgan_bit_0982,1.0014094214363836e-07
maplight_morgan_0122,1.000534260774119e-07
fcfp6_bit_0935,9.911481360131876e-08
maplight_morgan_0290,9.875673012372305e-08
atom_pair_bit_0147,9.874534052692474e-08
topological_torsion_bit_0993,9.86849344480814e-08
maplight_morgan_0038,9.762370545496944e-08
maplight_morgan_0462,9.751666053606558e-08
fcfp6_bit_0540,9.698822787121257e-08
morgan_bit_0088,9.672842835031689e-08
fcfp6_bit_0050,9.656711886985748e-08
erg_072,9.630557072974266e-08
ecfp6_bit_0372,9.598820155725387e-08
fcfp6_bit_0348,9.559745942195808e-08
maplight_morgan_0120,9.533901424920072e-08
morgan_bit_0485,9.529676357734444e-08
morgan_bit_0409,9.517669055723326e-08
atom_pair_bit_0743,9.411938912739857e-08
topological_torsion_bit_0417,9.396108026194983e-08
avalon_count_1016,9.348710106145228e-08
atom_pair_bit_0831,9.325439039735482e-08
avalon_count_0680,9.217178516905691e-08
maplight_morgan_0169,9.17902315461776e-08
erg_190,9.176731416188237e-08
morgan_bit_0576,9.106800158118795e-08
ecfp6_bit_1006,9.097587133524517e-08
maplight_morgan_0609,9.060933516788685e-08
morgan_bit_0507,9.0606078217751e-08
morgan_bit_0815,9.040872942837097e-08
atom_pair_bit_0679,8.932920459073864e-08
morgan_bit_0531,8.907955684859107e-08
topological_torsion_bit_0856,8.867120939418476e-08
maplight_morgan_0636,8.850638843022989e-08
morgan_bit_0157,8.843319875276575e-08
maplight_morgan_0176,8.764968898728055e-08
maplight_morgan_0554,8.723005112484393e-08
morgan_bit_0972,8.718035377934455e-08
morgan_bit_0264,8.64647576916085e-08
morgan_bit_0120,8.621973276519225e-08
layered_bit_0956,8.616624656225083e-08
maplight_morgan_0070,8.564521344418074e-08
morgan_bit_1003,8.529417869841269e-08
fcfp6_bit_0769,8.492135826814272e-08
ecfp6_bit_0810,8.459524349054097e-08
maplight_morgan_0651,8.439953983656988e-08
fcfp6_bit_0311,8.431721294014826e-08
topological_torsion_bit_0121,8.403536977985541e-08
maplight_morgan_0788,8.401017183204467e-08
fcfp6_bit_0867,8.365424798604975e-08
fcfp6_bit_0830,8.320457037377385e-08
atom_pair_bit_0430,8.199347975688096e-08
fcfp6_bit_0287,8.153302429713515e-08
maplight_morgan_0159,8.09170047913322e-08
fcfp6_bit_0912,8.00449369396632e-08
topological_torsion_bit_0805,7.942245058945064e-08
avalon_count_0511,7.919353361757418e-08
morgan_bit_0644,7.903214433791333e-08
maplight_morgan_0773,7.86669693994808e-08
fcfp6_bit_0906,7.81256467566243e-08
maccs_bit_019,7.75498670990133e-08
erg_298,7.73318511470478e-08
ecfp6_bit_0215,7.64769894335629e-08
topological_torsion_bit_0160,7.631241248067784e-08
atom_pair_bit_0974,7.611741784714997e-08
avalon_count_0271,7.59840571086833e-08
maplight_morgan_0762,7.50895173674105e-08
topological_torsion_bit_0178,7.420493794216028e-08
morgan_bit_0985,7.401517139968106e-08
fcfp6_bit_0965,7.389410921919342e-08
maplight_morgan_0662,7.322948801815997e-08
maplight_morgan_0337,7.31768124732214e-08
fcfp6_bit_0961,7.313541283562242e-08
atom_pair_bit_0398,7.237625298415788e-08
morgan_bit_0078,7.217345559721669e-08
erg_202,7.176502616627418e-08
maplight_morgan_0529,7.16985325653489e-08
fcfp6_bit_0916,7.144205209028752e-08
fcfp6_bit_0783,7.125620326350898e-08
fcfp6_bit_0608,7.121970768759949e-08
maplight_morgan_0262,7.117303674480609e-08
topological_torsion_bit_0429,7.099022396567459e-08
maplight_morgan_0521,7.08565740632284e-08
morgan_bit_0651,7.079013235485735e-08
maplight_morgan_0124,7.034503508407045e-08
atom_pair_bit_0686,7.016600326866025e-08
morgan_bit_0738,7.005931539478257e-08
erg_204,6.973765521112806e-08
morgan_bit_0262,6.9127801229522e-08
maplight_morgan_0858,6.853124584959364e-08
erg_235,6.846624472294262e-08
maplight_morgan_0763,6.844785423712254e-08
topological_torsion_bit_0454,6.826772858343254e-08
morgan_bit_0436,6.82149841537282e-08
erg_058,6.73327911560004e-08
morgan_bit_0865,6.683349967576828e-08
maplight_morgan_0204,6.674432758414096e-08
morgan_bit_0633,6.670704780151667e-08
maplight_morgan_0509,6.662022906765614e-08
maplight_morgan_0865,6.647262663120038e-08
erg_269,6.577298288312962e-08
erg_221,6.575141539405646e-08
rdkit_fr_oxime,6.570728230612823e-08
maplight_morgan_0528,6.538575223478703e-08
maplight_morgan_0810,6.533536283117617e-08
maplight_morgan_0480,6.488006886853854e-08
atom_pair_bit_0895,6.464647032087102e-08
fcfp6_bit_0705,6.428113377188098e-08
morgan_bit_0228,6.389072275695176e-08
maplight_morgan_0022,6.384050593643499e-08
maplight_morgan_0127,6.370618207887522e-08
maplight_morgan_0135,6.312777169929106e-08
maplight_morgan_0548,6.307026264224267e-08
maplight_morgan_0098,6.302046580007814e-08
avalon_count_0999,6.28312370928721e-08
maplight_morgan_0161,6.231270010962084e-08
fcfp6_bit_0449,6.21528382056335e-08
topological_torsion_bit_0478,6.132590666901977e-08
maplight_morgan_0987,6.115738057961414e-08
avalon_count_0949,6.092359745092034e-08
maplight_morgan_0048,6.086443292596999e-08
erg_238,6.078629687467248e-08
avalon_count_0875,6.058169721006001e-08
atom_pair_bit_1003,6.049723341148722e-08
morgan_bit_0162,6.049421370982729e-08
morgan_bit_0444,6.021799435196376e-08
maplight_morgan_0720,5.967651597932135e-08
morgan_bit_0686,5.966774427838247e-08
avalon_count_0518,5.9108781820647285e-08
fcfp6_bit_0226,5.88996336436196e-08
maplight_morgan_0552,5.750335815933138e-08
ecfp6_bit_0779,5.699562719084821e-08
avalon_count_0805,5.67351294035321e-08
topological_torsion_bit_0742,5.586685903181403e-08
morgan_bit_0490,5.534310082805272e-08
maplight_morgan_0017,5.512423731640527e-08
morgan_bit_0336,5.507946576551019e-08
topological_torsion_bit_0450,5.4831364612303276e-08
morgan_bit_0525,5.473242901326353e-08
topological_torsion_bit_0502,5.461806780461384e-08
topological_torsion_bit_1001,5.434059217555072e-08
topological_torsion_bit_0080,5.4170327239958614e-08
erg_251,5.407986544859809e-08
maplight_morgan_0988,5.326081895055128e-08
morgan_bit_0442,5.3178302695397074e-08
maplight_morgan_0522,5.2751546805923264e-08
morgan_bit_0517,5.258424017439542e-08
maplight_morgan_0873,5.2394571010524906e-08
erg_191,5.165188137668675e-08
topological_torsion_bit_0534,5.1473511441741533e-08
fcfp6_bit_0771,5.143063379712952e-08
maplight_morgan_0279,5.142582409634748e-08
morgan_bit_0631,5.106854474490203e-08
topological_torsion_bit_0614,5.034977211799732e-08
avalon_count_0193,5.017077431229758e-08
avalon_count_0824,4.983159118206205e-08
maplight_morgan_0900,4.979316946146802e-08
atom_pair_bit_0531,4.957647986187997e-08
atom_pair_bit_0647,4.941711721864607e-08
topological_torsion_bit_0224,4.904798899458242e-08
maplight_morgan_0866,4.903803289897809e-08
maplight_morgan_0859,4.8725797012332086e-08
morgan_bit_0357,4.870932195506946e-08
morgan_bit_0596,4.8506240532163856e-08
topological_torsion_bit_0546,4.828873275505743e-08
topological_torsion_bit_0986,4.7615731401847456e-08
atom_pair_bit_0914,4.72946207140045e-08
rdkit_fr_N_O,4.722747981237211e-08
fcfp6_bit_0269,4.721529897739153e-08
atom_pair_bit_0138,4.6890682371056445e-08
maplight_morgan_0012,4.667088007724481e-08
fcfp6_bit_0318,4.644893052651746e-08
maplight_morgan_0277,4.5517999492211376e-08
maplight_morgan_0291,4.539000465190307e-08
maplight_morgan_0911,4.5122651743226046e-08
morgan_bit_0722,4.5083171680845684e-08
morgan_bit_0400,4.507780062655412e-08
morgan_bit_0480,4.4451763153119556e-08
atom_pair_bit_0414,4.424217143807654e-08
maplight_morgan_0867,4.4225415870134306e-08
avalon_count_0204,4.4138215947600064e-08
maplight_morgan_0668,4.4101307051155206e-08
maplight_morgan_1010,4.2665953178698886e-08
morgan_bit_0873,4.250138148338477e-08
maplight_morgan_0742,4.20592415343802e-08
morgan_bit_0109,4.2002759926746015e-08
morgan_bit_0879,4.1582676418506444e-08
atom_pair_bit_0507,4.153832948498884e-08
morgan_bit_0169,4.1446186052978734e-08
erg_283,4.100732978820048e-08
topological_torsion_bit_0466,4.086039072707483e-08
morgan_bit_0988,4.083583696900818e-08
maplight_morgan_0861,4.075364553851983e-08
maplight_morgan_0543,4.049654557083461e-08
morgan_bit_0134,4.03802791161238e-08
fcfp6_bit_0425,4.0302036291086264e-08
avalon_count_0717,4.028608606967249e-08
morgan_bit_0394,4.01602655429118e-08
morgan_bit_0277,4.010273563940514e-08
topological_torsion_bit_1009,3.980276138603862e-08
morgan_bit_0282,3.934388913099951e-08
erg_193,3.8255747579294505e-08
morgan_bit_0998,3.791881608930165e-08
morgan_bit_0900,3.7876467684124286e-08
topological_torsion_bit_0181,3.782399737065791e-08
atom_pair_bit_0143,3.7320432418854905e-08
maplight_morgan_0177,3.731880450026064e-08
erg_245,3.724288118063465e-08
morgan_bit_0805,3.718318695189189e-08
morgan_bit_0639,3.717519988493823e-08
morgan_bit_0601,3.7035767689517486e-08
erg_178,3.654955857521769e-08
maplight_morgan_0162,3.654678952724365e-08
maplight_morgan_0281,3.597174891902046e-08
topological_torsion_bit_0511,3.5859695338646324e-08
morgan_bit_0760,3.584255872282145e-08
atom_pair_bit_0483,3.519973000638581e-08
fcfp6_bit_0514,3.509954730505988e-08
morgan_bit_0779,3.483858157258928e-08
topological_torsion_bit_0498,3.4000723411407756e-08
topological_torsion_bit_0945,3.311598354298444e-08
atom_pair_bit_0175,3.25520005250711e-08
topological_torsion_bit_0489,3.2062782243511666e-08
erg_280,3.1579225801027236e-08
morgan_bit_0824,3.153008918238119e-08
topological_torsion_bit_0350,3.139555649793103e-08
fcfp6_bit_0070,3.129699618432501e-08
atom_pair_bit_0931,3.110612451389524e-08
maplight_morgan_0889,3.109908902969741e-08
morgan_bit_0801,3.105695121819954e-08
topological_torsion_bit_0334,2.994243629744504e-08
erg_059,2.991892999316863e-08
morgan_bit_0744,2.985000302114637e-08
atom_pair_bit_0439,2.9424337994121275e-08
maplight_morgan_0437,2.8887108415477913e-08
rdkit_fr_prisulfonamd,2.8741101607088797e-08
erg_281,2.801300051199013e-08
rdkit_fr_barbitur,2.71880622119591e-08
topological_torsion_bit_0342,2.71270110741797e-08
maplight_morgan_0864,2.6030460594518062e-08
maplight_morgan_0707,2.5859366952027285e-08
atom_pair_bit_0671,2.5517505805322022e-08
topological_torsion_bit_0361,2.461755752044585e-08
fcfp6_bit_0526,2.3383254953603016e-08
topological_torsion_bit_0388,2.2731346303818467e-08
maplight_morgan_0405,2.1727228854062847e-08
maplight_morgan_0581,2.1449102941400972e-08
topological_torsion_bit_0738,2.1371638922396097e-08
maplight_morgan_0223,2.103544342264497e-08
atom_pair_bit_0615,2.0977372189612417e-08
morgan_bit_0762,2.0927367308986903e-08
atom_pair_bit_0918,2.0674509503143398e-08
fcfp6_bit_0692,2.05887728709595e-08
topological_torsion_bit_0961,1.9586627979699607e-08
maplight_morgan_0143,1.8969314271571588e-08
maplight_morgan_0537,1.895906633603615e-08
fcfp6_bit_0400,1.8528597686059263e-08
atom_pair_bit_0691,1.8073316291221826e-08
topological_torsion_bit_0531,1.761933787458817e-08
morgan_bit_0445,1.718741384407062e-08
topological_torsion_bit_0161,1.646237996060568e-08
atom_pair_bit_0659,1.6400438772150575e-08
rdkit_EState_VSA11,1.6280813460753976e-08
erg_192,1.6125077988862035e-08
topological_torsion_bit_0072,1.6043291089930504e-08
erg_207,1.5779393286568092e-08
avalon_count_0487,1.525654158731429e-08
maplight_morgan_0228,1.4781812094436225e-08
fcfp6_bit_0953,1.4728692599152532e-08
atom_pair_bit_0390,1.4217981860431064e-08
avalon_count_0317,1.3286799047670055e-08
topological_torsion_bit_0421,1.3264659239741228e-08
rdkit_fr_thiazole,1.3092115209014852e-08
maplight_morgan_0596,1.2368969834947564e-08
maplight_morgan_0443,1.107481316480724e-08
atom_pair_bit_0347,1.043202658746517e-08
morgan_bit_0902,1.0403921579870975e-08
maplight_morgan_0292,9.976555887247768e-09
morgan_bit_0752,9.820608948349481e-09
maplight_morgan_0154,9.790747034210362e-09
atom_pair_bit_0427,9.42831952747479e-09
atom_pair_bit_0662,9.245434862407927e-09
avalon_count_0040,8.813296562044031e-09
atom_pair_bit_0495,8.71567989788622e-09
morgan_bit_0510,8.538667953915064e-09
maplight_morgan_0515,8.250252308996485e-09
fcfp6_bit_0956,8.249524004477047e-09
erg_205,7.94124187667089e-09
atom_pair_bit_0211,7.914198618620407e-09
atom_pair_bit_0667,7.820045320038372e-09
fcfp6_bit_0589,7.79571230767674e-09
avalon_count_0802,7.241668169109301e-09
topological_torsion_bit_0837,6.8520668261564185e-09
morgan_bit_0933,6.778986856284775e-09
maplight_morgan_0373,6.2801958944983144e-09
maplight_morgan_0505,6.096125270050501e-09
avalon_count_0169,5.804801732623022e-09
atom_pair_bit_0231,5.615798655487025e-09
erg_206,5.3769323287865254e-09
atom_pair_bit_0703,5.248449574219646e-09
erg_194,5.185205034596843e-09
atom_pair_bit_0435,3.897549612997794e-09
topological_torsion_bit_0542,3.1889387898398088e-09
atom_pair_bit_0939,2.4732876728690214e-09
erg_074,2.2286553064061228e-09
erg_208,2.0777002981443974e-09
erg_224,2.0293414018749277e-09
avalon_count_0892,1.6397075107817004e-09
maccs_bit_008,1.6351875415692702e-09
maplight_morgan_0683,1.6246210166799389e-09
avalon_count_0685,1.0790797630863605e-09
maplight_morgan_0620,1.0644962524342824e-09
atom_pair_bit_0991,1.052362143303954e-09
rdkit_fr_amidine,9.072939952384675e-10
erg_209,7.872446246793842e-10
topological_torsion_bit_0757,7.797249650394724e-10
rdkit_fr_alkyl_carbamate,7.023018836210528e-10
erg_284,4.110489479658544e-10
avalon_count_0568,3.193191194214073e-10
maplight_morgan_0812,3.166630254799495e-10
rdkit_fr_isocyan,1.3524538742232575e-10
avalon_count_0578,0.0
erg_250,0.0
erg_252,0.0
