model,train_metric,performance_strength,diversity_strength
"Chemprop v2 (AttentiveFP, ensemble=1)",0.37630398102671375,2.657426044953296,0.001925514266898711
"MapLight + GNN (CatBoost, Strict Parity)",4.5846341012575235e-06,218119.9148969618,0.0009965943406451212
MapLight CatBoost (Strict Parity),0.006945932628185622,143.96914763355753,0.0009704743705027134
