model,workflow,train_r2,train_rmse,train_mae,train_spearman,test_r2,test_rmse,test_mae,test_spearman,primary_metric,primary_metric_value
Uni-Mol V1,Uni-Mol,0.7182024834348633,0.5093671532462146,0.39005195345017185,0.8446713937354197,0.5365296583728341,0.6797383168240164,0.48270724027656153,0.8214285714285712,rmse,0.6797383168240164
Ensemble (Weighted average (inverse train RMSE)),ensemble,0.8660195987740423,0.35122303560665197,0.27415007242089307,0.9150837474358594,0.3697105090737133,0.7926853115138687,0.6175123199616039,0.5428571428571428,rmse,0.7926853115138687
ChemML MLP (PyTorch),ChemML deep learning,0.8658302406165154,0.3514711445235743,0.2728864479112865,0.8554070474887852,0.11446322078884019,0.9395806831810162,0.7213760077115613,0.42499999999999993,rmse,0.9395806831810162
