dataset,dataset_source,benchmark_suite,benchmark_id,leaderboard_url,leaderboard_model,leaderboard_metric_name,leaderboard_metric_value,leaderboard_dataset_split,leaderboard_top10_count,leaderboard_top10_json,n_molecules,n_train,n_test,target_transform,smiles_column,target_column,split_strategy,split_train_hash,split_test_hash,original_feature_count,post_dedup_feature_count,feature_dedup_dropped_count,feature_dedup_low_variance_count,feature_dedup_binary_prevalence_count,feature_dedup_exact_count,feature_dedup_near_count,feature_dedup_moderate_count,feature_dedup_threshold,feature_dedup_moderate_threshold,feature_dedup_variance_threshold,feature_dedup_binary_prevalence_min,feature_dedup_binary_prevalence_max,feature_dedup_scan_warning,selected_feature_count,selector_method,selector_timed_out,selector_alpha,selector_l1_ratio,selector_n_iter,selector_cv_folds,selector_cv_split_strategy,selector_max_selected_features,selector_auto_rf_large_dataset_triggered,selector_predicted_elasticnet_seconds,selector_auto_rf_threshold_seconds,selector_auto_rf_threshold_dataset_size,selected_feature_families_json,built_feature_families_json,auxiliary_feature_columns_json,auxiliary_feature_count,feature_count_with_auxiliary,feature_store_path,feature_store_shard_format,feature_store_cached_rows,feature_store_generated_rows,shared_feature_matrix_cache_hit,shared_feature_matrix_cache_file,representation_key,model,workflow,cv_folds,cv_split_strategy,primary_metric,cv_primary,benchmark_n_jobs,benchmark_cv_n_jobs,cv_r2,cv_rmse,cv_mae,train_r2,train_rmse,train_mae,train_spearman,test_r2,test_rmse,test_mae,test_spearman,primary_metric_value,train_inference_seconds,test_inference_seconds,inference_seconds,train_inference_molecules,test_inference_molecules,inference_molecules,test_inference_seconds_per_1000_molecules,inference_seconds_per_1000_molecules,inference_timing_source,model_trainable_parameters,model_parameter_count_source,leaderboard_rank,leaderboard_metric_normalized,leaderboard_metric_reference,leaderboard_delta_primary,leaderboard_lower_is_better,leaderboard_top10_best_reference,leaderboard_delta_top10_best,leaderboard_estimated_rank_vs_top10,leaderboard_estimated_in_top10,leaderboard_gap_to_top10_cutoff,leaderboard_top10_cutoff_value,model_alpha,model_l1_ratio,elasticnet_cv_folds,elasticnet_cv_split_strategy,elapsed_seconds,dataset_elapsed_seconds,cost_scope,stage_duration_seconds,cost_stage_index,cost_stage_label,cost_step_type,cost_started_at,maplight_parity_mode,maplight_seed_count,maplight_seed_values,maplight_loss_function,maplight_scaler,maplight_feature_source,error,chemprop_architecture,chemprop_variant_tag,chemprop_train_extra_args,chemprop_molecule_featurizers,chemprop_uses_selected_descriptors,chemprop_selected_descriptor_count,execution_mode,unimol_model_dir,unimol_internal_split,unimol_epochs,unimol_learning_rate,unimol_batch_size,unimol_early_stopping,unimol_num_workers,unimol_v2_model_size,unimol_v2_max_atoms,unimol_v2_use_amp,maplight_embedding_backend,maplight_embedding_kind,cfa_variant,cfa_combination_space,cfa_optimize_metric,cfa_train_metric,cfa_adjusted_metric,cfa_subset_diversity_mean,cfa_selected_models,cfa_weights_json,cfa_candidate_count,cfa_source_member_count,cfa_best_per_workflow_only,cfa_best_per_workflow_notes,cfa_requested_max_models,cfa_effective_max_models,cfa_subset_budget,cfa_effective_subset_count,cfa_estimated_candidate_count,ensemble_method,ensemble_member_count,ensemble_members,ensemble_member_filter_notes
polaris_adme_fang_solu_1,Polaris ADME benchmark mirror: adme-fang-solu-1,polaris,polaris/adme-fang-solu-1,https://polarishub.io/benchmarks/polaris/adme-fang-solu-1,1B_MPNN_MolGPS-ens_LargeMix,mean_squared_error,0.222,predefined,10,"[{""rank"": ""1"", ""model"": ""1B_MPNN_MolGPS-ens_LargeMix"", ""metric_name"": ""mean_squared_error"", ""metric_value"": ""0.222""}, {""rank"": ""2"", ""model"": ""1B_MPNN_LargeMix-Phenomics"", ""metric_name"": ""mean_squared_error"", ""metric_value"": ""0.229""}, {""rank"": ""3"", ""model"": ""CheMeleonMOE"", ""metric_name"": ""mean_squared_error"", ""metric_value"": ""0.257""}, {""rank"": ""4"", ""model"": ""CheMeleon"", ""metric_name"": ""mean_squared_error"", ""metric_value"": ""0.291""}, {""rank"": ""5"", ""model"": ""it-works-now"", ""metric_name"": ""mean_squared_error"", ""metric_value"": ""0.314""}, {""rank"": ""6"", ""model"": ""ML4DD-team16"", ""metric_name"": ""mean_squared_error"", ""metric_value"": ""0.311""}, {""rank"": ""7"", ""model"": ""ML4DD-team9"", ""metric_name"": ""mean_squared_error"", ""metric_value"": ""0.323""}, {""rank"": ""8"", ""model"": ""team9_submission_2"", ""metric_name"": ""mean_squared_error"", ""metric_value"": ""0.323""}, {""rank"": ""9"", ""model"": ""ExactTanimotoGP"", ""metric_name"": ""mean_squared_error"", ""metric_value"": ""0.325""}, {""rank"": ""10"", ""model"": ""ML4DD-team25"", ""metric_name"": ""mean_squared_error"", ""metric_value"": ""0.329""}]",2173,1738,435,raw,smiles,target,predefined,65f12df6b9e2a7abe204db5cff958f2c01aedc49ad9158bd3762c5a12a374454,5d717152f002212ed3406ed747d093a08f52e348ad0efdf0594ac3996dbd6c65,10115,8565,1550,520,444,586,0,0,0.999,,1e-08,0.005,0.995,,174,elasticnet_cv,False,0.1,0.3,74,3,random,174,False,2046.731958365919,7200.0,4852.725340542198,"[""morgan"", ""ecfp6"", ""fcfp6"", ""layered"", ""atom_pair"", ""topological_torsion"", ""rdk_path"", ""maccs"", ""rdkit"", ""maplight""]","[""morgan"", ""ecfp6"", ""fcfp6"", ""layered"", ""atom_pair"", ""topological_torsion"", ""rdk_path"", ""maccs"", ""rdkit"", ""maplight""]",[],0,8565,/media/volume/AutoQSARdata_300/model_cache/feature_store_parquet,parquet,137,2036,False,/media/volume/AutoQSARdata_300/model_cache/benchmark_feature_matrix_cache/57b4ab488aa8c7230cb9477068a14eb7122695b8e0b0e9a3ed9e2710dd853c5b.pkl,morgan_ecfp6_fcfp6_layered_atom_pair_topological_torsion_rdk_path_maccs_rdkit_maplight__9d9272112e8cc9d9,ElasticNetCV,conventional,5.0,random,mse,0.2102755784436461,32.0,1.0,0.51922314451908,0.4580431109955666,0.347103636841133,0.6286907841995819,0.4070763313479277,0.3090497213748936,0.6545297233567854,0.2478061831968422,0.6474500004930158,0.4808319978229829,0.4498772970357383,0.4191915031384061,0.0041110949969151,0.0022254119976423,0.0063365069945575,1738.0,435.0,2173.0,0.0051158896497525,0.0029160179450333,fitted_estimator_predict,,unavailable,1.0,mse,0.222,0.1971915031384061,True,0.222,0.1971915031384061,11.0,False,0.09019150313840607,0.329,0.0065793322465756,0.4,3.0,random,180.807,180.807,model_stage,0.895,4,conventional model ElasticNetCV,model,2026-06-24 13:39:47 UTC,,,,,,,,,,,,,,,,,,,,,,,,,,,,,,,,,,,,,,,,,,,,,,,
polaris_adme_fang_solu_1,Polaris ADME benchmark mirror: adme-fang-solu-1,polaris,polaris/adme-fang-solu-1,https://polarishub.io/benchmarks/polaris/adme-fang-solu-1,1B_MPNN_MolGPS-ens_LargeMix,mean_squared_error,0.222,predefined,10,"[{""rank"": ""1"", ""model"": ""1B_MPNN_MolGPS-ens_LargeMix"", ""metric_name"": ""mean_squared_error"", ""metric_value"": ""0.222""}, {""rank"": ""2"", ""model"": ""1B_MPNN_LargeMix-Phenomics"", ""metric_name"": ""mean_squared_error"", ""metric_value"": ""0.229""}, {""rank"": ""3"", ""model"": ""CheMeleonMOE"", ""metric_name"": ""mean_squared_error"", ""metric_value"": ""0.257""}, {""rank"": ""4"", ""model"": ""CheMeleon"", ""metric_name"": ""mean_squared_error"", ""metric_value"": ""0.291""}, {""rank"": ""5"", ""model"": ""it-works-now"", ""metric_name"": ""mean_squared_error"", ""metric_value"": ""0.314""}, {""rank"": ""6"", ""model"": ""ML4DD-team16"", ""metric_name"": ""mean_squared_error"", ""metric_value"": ""0.311""}, {""rank"": ""7"", ""model"": ""ML4DD-team9"", ""metric_name"": ""mean_squared_error"", ""metric_value"": ""0.323""}, {""rank"": ""8"", ""model"": ""team9_submission_2"", ""metric_name"": ""mean_squared_error"", ""metric_value"": ""0.323""}, {""rank"": ""9"", ""model"": ""ExactTanimotoGP"", ""metric_name"": ""mean_squared_error"", ""metric_value"": ""0.325""}, {""rank"": ""10"", ""model"": ""ML4DD-team25"", ""metric_name"": ""mean_squared_error"", ""metric_value"": ""0.329""}]",2173,1738,435,raw,smiles,target,predefined,65f12df6b9e2a7abe204db5cff958f2c01aedc49ad9158bd3762c5a12a374454,5d717152f002212ed3406ed747d093a08f52e348ad0efdf0594ac3996dbd6c65,10115,8565,1550,520,444,586,0,0,0.999,,1e-08,0.005,0.995,,174,elasticnet_cv,False,0.1,0.3,74,3,random,174,False,2046.731958365919,7200.0,4852.725340542198,"[""morgan"", ""ecfp6"", ""fcfp6"", ""layered"", ""atom_pair"", ""topological_torsion"", ""rdk_path"", ""maccs"", ""rdkit"", ""maplight""]","[""morgan"", ""ecfp6"", ""fcfp6"", ""layered"", ""atom_pair"", ""topological_torsion"", ""rdk_path"", ""maccs"", ""rdkit"", ""maplight""]",[],0,8565,/media/volume/AutoQSARdata_300/model_cache/feature_store_parquet,parquet,137,2036,False,/media/volume/AutoQSARdata_300/model_cache/benchmark_feature_matrix_cache/57b4ab488aa8c7230cb9477068a14eb7122695b8e0b0e9a3ed9e2710dd853c5b.pkl,morgan_ecfp6_fcfp6_layered_atom_pair_topological_torsion_rdk_path_maccs_rdkit_maplight__9d9272112e8cc9d9,SVR,conventional,5.0,random,mse,0.2308176323855225,32.0,5.0,0.4735392610278565,0.4799346013361877,0.3550971651887282,0.9808283066292008,0.0924992528636638,0.0889731960853744,0.9382163436699056,0.3029755091616568,0.623254431179064,0.4551346012846366,0.467856407809339,0.3884460859843386,0.2629329110059188,0.0729952600086107,0.3359281710145296,1738.0,435.0,2173.0,0.1678051954220937,0.1545918872593325,fitted_estimator_predict,,unavailable,1.0,mse,0.222,0.1664460859843386,True,0.222,0.1664460859843386,11.0,False,0.05944608598433859,0.329,,,,,183.128,183.128,model_stage,2.291,5,conventional model SVR,model,2026-06-24 13:39:48 UTC,,,,,,,,,,,,,,,,,,,,,,,,,,,,,,,,,,,,,,,,,,,,,,,
polaris_adme_fang_solu_1,Polaris ADME benchmark mirror: adme-fang-solu-1,polaris,polaris/adme-fang-solu-1,https://polarishub.io/benchmarks/polaris/adme-fang-solu-1,1B_MPNN_MolGPS-ens_LargeMix,mean_squared_error,0.222,predefined,10,"[{""rank"": ""1"", ""model"": ""1B_MPNN_MolGPS-ens_LargeMix"", ""metric_name"": ""mean_squared_error"", ""metric_value"": ""0.222""}, {""rank"": ""2"", ""model"": ""1B_MPNN_LargeMix-Phenomics"", ""metric_name"": ""mean_squared_error"", ""metric_value"": ""0.229""}, {""rank"": ""3"", ""model"": ""CheMeleonMOE"", ""metric_name"": ""mean_squared_error"", ""metric_value"": ""0.257""}, {""rank"": ""4"", ""model"": ""CheMeleon"", ""metric_name"": ""mean_squared_error"", ""metric_value"": ""0.291""}, {""rank"": ""5"", ""model"": ""it-works-now"", ""metric_name"": ""mean_squared_error"", ""metric_value"": ""0.314""}, {""rank"": ""6"", ""model"": ""ML4DD-team16"", ""metric_name"": ""mean_squared_error"", ""metric_value"": ""0.311""}, {""rank"": ""7"", ""model"": ""ML4DD-team9"", ""metric_name"": ""mean_squared_error"", ""metric_value"": ""0.323""}, {""rank"": ""8"", ""model"": ""team9_submission_2"", ""metric_name"": ""mean_squared_error"", ""metric_value"": ""0.323""}, {""rank"": ""9"", ""model"": ""ExactTanimotoGP"", ""metric_name"": ""mean_squared_error"", ""metric_value"": ""0.325""}, {""rank"": ""10"", ""model"": ""ML4DD-team25"", ""metric_name"": ""mean_squared_error"", ""metric_value"": ""0.329""}]",2173,1738,435,raw,smiles,target,predefined,65f12df6b9e2a7abe204db5cff958f2c01aedc49ad9158bd3762c5a12a374454,5d717152f002212ed3406ed747d093a08f52e348ad0efdf0594ac3996dbd6c65,10115,8565,1550,520,444,586,0,0,0.999,,1e-08,0.005,0.995,,174,elasticnet_cv,False,0.1,0.3,74,3,random,174,False,2046.731958365919,7200.0,4852.725340542198,"[""morgan"", ""ecfp6"", ""fcfp6"", ""layered"", ""atom_pair"", ""topological_torsion"", ""rdk_path"", ""maccs"", ""rdkit"", ""maplight""]","[""morgan"", ""ecfp6"", ""fcfp6"", ""layered"", ""atom_pair"", ""topological_torsion"", ""rdk_path"", ""maccs"", ""rdkit"", ""maplight""]",[],0,8565,/media/volume/AutoQSARdata_300/model_cache/feature_store_parquet,parquet,137,2036,False,/media/volume/AutoQSARdata_300/model_cache/benchmark_feature_matrix_cache/57b4ab488aa8c7230cb9477068a14eb7122695b8e0b0e9a3ed9e2710dd853c5b.pkl,morgan_ecfp6_fcfp6_layered_atom_pair_topological_torsion_rdk_path_maccs_rdkit_maplight__9d9272112e8cc9d9,Random forest,conventional,5.0,random,mse,0.2715448490740016,32.0,1.0,0.3819496110932844,0.5203373770166025,0.3651706900360206,0.9197003510868338,0.189306188263309,0.1331691882882623,0.9046781150194272,0.3409268584125047,0.6060495915111558,0.4152629667724138,0.5241021223720965,0.3672961073708388,0.2002780189941404,0.1564184419985395,0.3566964609926799,1738.0,435.0,2173.0,0.3595826252839988,0.1641493147688356,fitted_estimator_predict,,unavailable,1.0,mse,0.222,0.1452961073708388,True,0.222,0.1452961073708388,11.0,False,0.03829610737083877,0.329,,,,,188.443,188.443,model_stage,5.274,6,conventional model Random forest,model,2026-06-24 13:39:51 UTC,,,,,,,,,,,,,,,,,,,,,,,,,,,,,,,,,,,,,,,,,,,,,,,
polaris_adme_fang_solu_1,Polaris ADME benchmark mirror: adme-fang-solu-1,polaris,polaris/adme-fang-solu-1,https://polarishub.io/benchmarks/polaris/adme-fang-solu-1,1B_MPNN_MolGPS-ens_LargeMix,mean_squared_error,0.222,predefined,10,"[{""rank"": ""1"", ""model"": ""1B_MPNN_MolGPS-ens_LargeMix"", ""metric_name"": ""mean_squared_error"", ""metric_value"": ""0.222""}, {""rank"": ""2"", ""model"": ""1B_MPNN_LargeMix-Phenomics"", ""metric_name"": ""mean_squared_error"", ""metric_value"": ""0.229""}, {""rank"": ""3"", ""model"": ""CheMeleonMOE"", ""metric_name"": ""mean_squared_error"", ""metric_value"": ""0.257""}, {""rank"": ""4"", ""model"": ""CheMeleon"", ""metric_name"": ""mean_squared_error"", ""metric_value"": ""0.291""}, {""rank"": ""5"", ""model"": ""it-works-now"", ""metric_name"": ""mean_squared_error"", ""metric_value"": ""0.314""}, {""rank"": ""6"", ""model"": ""ML4DD-team16"", ""metric_name"": ""mean_squared_error"", ""metric_value"": ""0.311""}, {""rank"": ""7"", ""model"": ""ML4DD-team9"", ""metric_name"": ""mean_squared_error"", ""metric_value"": ""0.323""}, {""rank"": ""8"", ""model"": ""team9_submission_2"", ""metric_name"": ""mean_squared_error"", ""metric_value"": ""0.323""}, {""rank"": ""9"", ""model"": ""ExactTanimotoGP"", ""metric_name"": ""mean_squared_error"", ""metric_value"": ""0.325""}, {""rank"": ""10"", ""model"": ""ML4DD-team25"", ""metric_name"": ""mean_squared_error"", ""metric_value"": ""0.329""}]",2173,1738,435,raw,smiles,target,predefined,65f12df6b9e2a7abe204db5cff958f2c01aedc49ad9158bd3762c5a12a374454,5d717152f002212ed3406ed747d093a08f52e348ad0efdf0594ac3996dbd6c65,10115,8565,1550,520,444,586,0,0,0.999,,1e-08,0.005,0.995,,174,elasticnet_cv,False,0.1,0.3,74,3,random,174,False,2046.731958365919,7200.0,4852.725340542198,"[""morgan"", ""ecfp6"", ""fcfp6"", ""layered"", ""atom_pair"", ""topological_torsion"", ""rdk_path"", ""maccs"", ""rdkit"", ""maplight""]","[""morgan"", ""ecfp6"", ""fcfp6"", ""layered"", ""atom_pair"", ""topological_torsion"", ""rdk_path"", ""maccs"", ""rdkit"", ""maplight""]",[],0,8565,/media/volume/AutoQSARdata_300/model_cache/feature_store_parquet,parquet,137,2036,False,/media/volume/AutoQSARdata_300/model_cache/benchmark_feature_matrix_cache/57b4ab488aa8c7230cb9477068a14eb7122695b8e0b0e9a3ed9e2710dd853c5b.pkl,morgan_ecfp6_fcfp6_layered_atom_pair_topological_torsion_rdk_path_maccs_rdkit_maplight__9d9272112e8cc9d9,Extra trees,conventional,5.0,random,mse,0.2965686596993949,32.0,1.0,0.3274758939516481,0.5433748887884193,0.3777271817882307,0.9999937309891314,0.0016726593366901,5.674108171150684e-05,0.9999687106741588,0.2846283283300131,0.6314038492168211,0.4247775439356323,0.4809674183035796,0.3986708208058181,0.2524992770049721,0.2010087850067066,0.4535080620116787,1738.0,435.0,2173.0,0.4620891609349576,0.2087013630978733,fitted_estimator_predict,,unavailable,1.0,mse,0.222,0.1766708208058181,True,0.222,0.1766708208058181,11.0,False,0.0696708208058181,0.329,,,,,193.669,193.669,model_stage,5.169,7,conventional model Extra trees,model,2026-06-24 13:39:56 UTC,,,,,,,,,,,,,,,,,,,,,,,,,,,,,,,,,,,,,,,,,,,,,,,
polaris_adme_fang_solu_1,Polaris ADME benchmark mirror: adme-fang-solu-1,polaris,polaris/adme-fang-solu-1,https://polarishub.io/benchmarks/polaris/adme-fang-solu-1,1B_MPNN_MolGPS-ens_LargeMix,mean_squared_error,0.222,predefined,10,"[{""rank"": ""1"", ""model"": ""1B_MPNN_MolGPS-ens_LargeMix"", ""metric_name"": ""mean_squared_error"", ""metric_value"": ""0.222""}, {""rank"": ""2"", ""model"": ""1B_MPNN_LargeMix-Phenomics"", ""metric_name"": ""mean_squared_error"", ""metric_value"": ""0.229""}, {""rank"": ""3"", ""model"": ""CheMeleonMOE"", ""metric_name"": ""mean_squared_error"", ""metric_value"": ""0.257""}, {""rank"": ""4"", ""model"": ""CheMeleon"", ""metric_name"": ""mean_squared_error"", ""metric_value"": ""0.291""}, {""rank"": ""5"", ""model"": ""it-works-now"", ""metric_name"": ""mean_squared_error"", ""metric_value"": ""0.314""}, {""rank"": ""6"", ""model"": ""ML4DD-team16"", ""metric_name"": ""mean_squared_error"", ""metric_value"": ""0.311""}, {""rank"": ""7"", ""model"": ""ML4DD-team9"", ""metric_name"": ""mean_squared_error"", ""metric_value"": ""0.323""}, {""rank"": ""8"", ""model"": ""team9_submission_2"", ""metric_name"": ""mean_squared_error"", ""metric_value"": ""0.323""}, {""rank"": ""9"", ""model"": ""ExactTanimotoGP"", ""metric_name"": ""mean_squared_error"", ""metric_value"": ""0.325""}, {""rank"": ""10"", ""model"": ""ML4DD-team25"", ""metric_name"": ""mean_squared_error"", ""metric_value"": ""0.329""}]",2173,1738,435,raw,smiles,target,predefined,65f12df6b9e2a7abe204db5cff958f2c01aedc49ad9158bd3762c5a12a374454,5d717152f002212ed3406ed747d093a08f52e348ad0efdf0594ac3996dbd6c65,10115,8565,1550,520,444,586,0,0,0.999,,1e-08,0.005,0.995,,174,elasticnet_cv,False,0.1,0.3,74,3,random,174,False,2046.731958365919,7200.0,4852.725340542198,"[""morgan"", ""ecfp6"", ""fcfp6"", ""layered"", ""atom_pair"", ""topological_torsion"", ""rdk_path"", ""maccs"", ""rdkit"", ""maplight""]","[""morgan"", ""ecfp6"", ""fcfp6"", ""layered"", ""atom_pair"", ""topological_torsion"", ""rdk_path"", ""maccs"", ""rdkit"", ""maplight""]",[],0,8565,/media/volume/AutoQSARdata_300/model_cache/feature_store_parquet,parquet,137,2036,False,/media/volume/AutoQSARdata_300/model_cache/benchmark_feature_matrix_cache/57b4ab488aa8c7230cb9477068a14eb7122695b8e0b0e9a3ed9e2710dd853c5b.pkl,morgan_ecfp6_fcfp6_layered_atom_pair_topological_torsion_rdk_path_maccs_rdkit_maplight__9d9272112e8cc9d9,HistGradientBoosting,conventional,5.0,random,mse,0.2575834259872258,32.0,5.0,0.4117806035769485,0.5071600885097143,0.3569662083754875,0.9760776734343511,0.1033260185366274,0.0732318329725069,0.947148533822067,0.3392536192682093,0.6068184159633265,0.417915610015202,0.4969328540918945,0.3682285899522408,0.0365987099939957,0.0170912350004073,0.053689944994403,1738.0,435.0,2173.0,0.0392901954032352,0.0247077519532457,fitted_estimator_predict,,unavailable,1.0,mse,0.222,0.1462285899522408,True,0.222,0.1462285899522408,11.0,False,0.03922858995224077,0.329,,,,,200.294,200.294,model_stage,6.56,8,conventional model HistGradientBoosting,model,2026-06-24 13:40:01 UTC,,,,,,,,,,,,,,,,,,,,,,,,,,,,,,,,,,,,,,,,,,,,,,,
polaris_adme_fang_solu_1,Polaris ADME benchmark mirror: adme-fang-solu-1,polaris,polaris/adme-fang-solu-1,https://polarishub.io/benchmarks/polaris/adme-fang-solu-1,1B_MPNN_MolGPS-ens_LargeMix,mean_squared_error,0.222,predefined,10,"[{""rank"": ""1"", ""model"": ""1B_MPNN_MolGPS-ens_LargeMix"", ""metric_name"": ""mean_squared_error"", ""metric_value"": ""0.222""}, {""rank"": ""2"", ""model"": ""1B_MPNN_LargeMix-Phenomics"", ""metric_name"": ""mean_squared_error"", ""metric_value"": ""0.229""}, {""rank"": ""3"", ""model"": ""CheMeleonMOE"", ""metric_name"": ""mean_squared_error"", ""metric_value"": ""0.257""}, {""rank"": ""4"", ""model"": ""CheMeleon"", ""metric_name"": ""mean_squared_error"", ""metric_value"": ""0.291""}, {""rank"": ""5"", ""model"": ""it-works-now"", ""metric_name"": ""mean_squared_error"", ""metric_value"": ""0.314""}, {""rank"": ""6"", ""model"": ""ML4DD-team16"", ""metric_name"": ""mean_squared_error"", ""metric_value"": ""0.311""}, {""rank"": ""7"", ""model"": ""ML4DD-team9"", ""metric_name"": ""mean_squared_error"", ""metric_value"": ""0.323""}, {""rank"": ""8"", ""model"": ""team9_submission_2"", ""metric_name"": ""mean_squared_error"", ""metric_value"": ""0.323""}, {""rank"": ""9"", ""model"": ""ExactTanimotoGP"", ""metric_name"": ""mean_squared_error"", ""metric_value"": ""0.325""}, {""rank"": ""10"", ""model"": ""ML4DD-team25"", ""metric_name"": ""mean_squared_error"", ""metric_value"": ""0.329""}]",2173,1738,435,raw,smiles,target,predefined,65f12df6b9e2a7abe204db5cff958f2c01aedc49ad9158bd3762c5a12a374454,5d717152f002212ed3406ed747d093a08f52e348ad0efdf0594ac3996dbd6c65,10115,8565,1550,520,444,586,0,0,0.999,,1e-08,0.005,0.995,,174,elasticnet_cv,False,0.1,0.3,74,3,random,174,False,2046.731958365919,7200.0,4852.725340542198,"[""morgan"", ""ecfp6"", ""fcfp6"", ""layered"", ""atom_pair"", ""topological_torsion"", ""rdk_path"", ""maccs"", ""rdkit"", ""maplight""]","[""morgan"", ""ecfp6"", ""fcfp6"", ""layered"", ""atom_pair"", ""topological_torsion"", ""rdk_path"", ""maccs"", ""rdkit"", ""maplight""]",[],0,8565,/media/volume/AutoQSARdata_300/model_cache/feature_store_parquet,parquet,137,2036,False,/media/volume/AutoQSARdata_300/model_cache/benchmark_feature_matrix_cache/57b4ab488aa8c7230cb9477068a14eb7122695b8e0b0e9a3ed9e2710dd853c5b.pkl,morgan_ecfp6_fcfp6_layered_atom_pair_topological_torsion_rdk_path_maccs_rdkit_maplight__9d9272112e8cc9d9,"Voting Regressor (KNN, SVM)",conventional,5.0,random,mse,0.2422547631113326,32.0,1.0,0.4519086937067859,0.4911240012889422,0.3389065163313224,0.9952023656867232,0.046272350258321,0.044514288430938,0.9845469614628316,0.2948747933804667,0.626865654727898,0.4216225579823305,0.4898293376759279,0.3929605490774362,0.297615591000067,0.0880288479966111,0.3856444389966782,1738.0,435.0,2173.0,0.2023651678083015,0.1774709797499669,fitted_estimator_predict,,unavailable,1.0,mse,0.222,0.1709605490774362,True,0.222,0.1709605490774362,11.0,False,0.0639605490774362,0.329,,,,,202.481,202.481,model_stage,2.116,9,"conventional model Voting Regressor (KNN, SVM)",model,2026-06-24 13:40:08 UTC,,,,,,,,,,,,,,,,,,,,,,,,,,,,,,,,,,,,,,,,,,,,,,,
polaris_adme_fang_solu_1,Polaris ADME benchmark mirror: adme-fang-solu-1,polaris,polaris/adme-fang-solu-1,https://polarishub.io/benchmarks/polaris/adme-fang-solu-1,1B_MPNN_MolGPS-ens_LargeMix,mean_squared_error,0.222,predefined,10,"[{""rank"": ""1"", ""model"": ""1B_MPNN_MolGPS-ens_LargeMix"", ""metric_name"": ""mean_squared_error"", ""metric_value"": ""0.222""}, {""rank"": ""2"", ""model"": ""1B_MPNN_LargeMix-Phenomics"", ""metric_name"": ""mean_squared_error"", ""metric_value"": ""0.229""}, {""rank"": ""3"", ""model"": ""CheMeleonMOE"", ""metric_name"": ""mean_squared_error"", ""metric_value"": ""0.257""}, {""rank"": ""4"", ""model"": ""CheMeleon"", ""metric_name"": ""mean_squared_error"", ""metric_value"": ""0.291""}, {""rank"": ""5"", ""model"": ""it-works-now"", ""metric_name"": ""mean_squared_error"", ""metric_value"": ""0.314""}, {""rank"": ""6"", ""model"": ""ML4DD-team16"", ""metric_name"": ""mean_squared_error"", ""metric_value"": ""0.311""}, {""rank"": ""7"", ""model"": ""ML4DD-team9"", ""metric_name"": ""mean_squared_error"", ""metric_value"": ""0.323""}, {""rank"": ""8"", ""model"": ""team9_submission_2"", ""metric_name"": ""mean_squared_error"", ""metric_value"": ""0.323""}, {""rank"": ""9"", ""model"": ""ExactTanimotoGP"", ""metric_name"": ""mean_squared_error"", ""metric_value"": ""0.325""}, {""rank"": ""10"", ""model"": ""ML4DD-team25"", ""metric_name"": ""mean_squared_error"", ""metric_value"": ""0.329""}]",2173,1738,435,raw,smiles,target,predefined,65f12df6b9e2a7abe204db5cff958f2c01aedc49ad9158bd3762c5a12a374454,5d717152f002212ed3406ed747d093a08f52e348ad0efdf0594ac3996dbd6c65,10115,8565,1550,520,444,586,0,0,0.999,,1e-08,0.005,0.995,,174,elasticnet_cv,False,0.1,0.3,74,3,random,174,False,2046.731958365919,7200.0,4852.725340542198,"[""morgan"", ""ecfp6"", ""fcfp6"", ""layered"", ""atom_pair"", ""topological_torsion"", ""rdk_path"", ""maccs"", ""rdkit"", ""maplight""]","[""morgan"", ""ecfp6"", ""fcfp6"", ""layered"", ""atom_pair"", ""topological_torsion"", ""rdk_path"", ""maccs"", ""rdkit"", ""maplight""]",[],0,8565,/media/volume/AutoQSARdata_300/model_cache/feature_store_parquet,parquet,137,2036,False,/media/volume/AutoQSARdata_300/model_cache/benchmark_feature_matrix_cache/57b4ab488aa8c7230cb9477068a14eb7122695b8e0b0e9a3ed9e2710dd853c5b.pkl,morgan_ecfp6_fcfp6_layered_atom_pair_topological_torsion_rdk_path_maccs_rdkit_maplight__9d9272112e8cc9d9,AdaBoost,conventional,5.0,random,mse,0.346123816116172,32.0,5.0,0.2095927151311636,0.5877017328066583,0.4783912367839237,0.3069752778900541,0.5561377191244009,0.4705777525981004,0.5270636109067706,0.1973091054326122,0.6688296601740409,0.5566767434720526,0.4472994712118041,0.4473331143285231,0.1251752000098349,0.0730589989980217,0.1982341990078566,1738.0,435.0,2173.0,0.1679517218345326,0.0912260464831369,fitted_estimator_predict,,unavailable,1.0,mse,0.222,0.225333114328523,True,0.222,0.225333114328523,11.0,False,0.11833311432852306,0.329,,,,,211.424,211.424,model_stage,8.853,10,conventional model AdaBoost,model,2026-06-24 13:40:10 UTC,,,,,,,,,,,,,,,,,,,,,,,,,,,,,,,,,,,,,,,,,,,,,,,
polaris_adme_fang_solu_1,Polaris ADME benchmark mirror: adme-fang-solu-1,polaris,polaris/adme-fang-solu-1,https://polarishub.io/benchmarks/polaris/adme-fang-solu-1,1B_MPNN_MolGPS-ens_LargeMix,mean_squared_error,0.222,predefined,10,"[{""rank"": ""1"", ""model"": ""1B_MPNN_MolGPS-ens_LargeMix"", ""metric_name"": ""mean_squared_error"", ""metric_value"": ""0.222""}, {""rank"": ""2"", ""model"": ""1B_MPNN_LargeMix-Phenomics"", ""metric_name"": ""mean_squared_error"", ""metric_value"": ""0.229""}, {""rank"": ""3"", ""model"": ""CheMeleonMOE"", ""metric_name"": ""mean_squared_error"", ""metric_value"": ""0.257""}, {""rank"": ""4"", ""model"": ""CheMeleon"", ""metric_name"": ""mean_squared_error"", ""metric_value"": ""0.291""}, {""rank"": ""5"", ""model"": ""it-works-now"", ""metric_name"": ""mean_squared_error"", ""metric_value"": ""0.314""}, {""rank"": ""6"", ""model"": ""ML4DD-team16"", ""metric_name"": ""mean_squared_error"", ""metric_value"": ""0.311""}, {""rank"": ""7"", ""model"": ""ML4DD-team9"", ""metric_name"": ""mean_squared_error"", ""metric_value"": ""0.323""}, {""rank"": ""8"", ""model"": ""team9_submission_2"", ""metric_name"": ""mean_squared_error"", ""metric_value"": ""0.323""}, {""rank"": ""9"", ""model"": ""ExactTanimotoGP"", ""metric_name"": ""mean_squared_error"", ""metric_value"": ""0.325""}, {""rank"": ""10"", ""model"": ""ML4DD-team25"", ""metric_name"": ""mean_squared_error"", ""metric_value"": ""0.329""}]",2173,1738,435,raw,smiles,target,predefined,65f12df6b9e2a7abe204db5cff958f2c01aedc49ad9158bd3762c5a12a374454,5d717152f002212ed3406ed747d093a08f52e348ad0efdf0594ac3996dbd6c65,10115,8565,1550,520,444,586,0,0,0.999,,1e-08,0.005,0.995,,174,elasticnet_cv,False,0.1,0.3,74,3,random,174,False,2046.731958365919,7200.0,4852.725340542198,"[""morgan"", ""ecfp6"", ""fcfp6"", ""layered"", ""atom_pair"", ""topological_torsion"", ""rdk_path"", ""maccs"", ""rdkit"", ""maplight""]","[""morgan"", ""ecfp6"", ""fcfp6"", ""layered"", ""atom_pair"", ""topological_torsion"", ""rdk_path"", ""maccs"", ""rdkit"", ""maplight""]",[],0,8565,/media/volume/AutoQSARdata_300/model_cache/feature_store_parquet,parquet,137,2036,False,/media/volume/AutoQSARdata_300/model_cache/benchmark_feature_matrix_cache/57b4ab488aa8c7230cb9477068a14eb7122695b8e0b0e9a3ed9e2710dd853c5b.pkl,morgan_ecfp6_fcfp6_layered_atom_pair_topological_torsion_rdk_path_maccs_rdkit_maplight__9d9272112e8cc9d9,Tabular MLP,conventional,5.0,random,mse,0.2371505354465513,32.0,5.0,0.4588503577009589,0.4862876318266872,0.3624622378877081,0.999496011603881,0.0149974787879876,0.0072895323170968,0.9989844456259928,0.1921782978270637,0.6709638378656752,0.4870157230743211,0.4285436406395912,0.4501924717234359,0.0134743460075696,0.0036959420103812,0.0171702880179509,1738.0,435.0,2173.0,0.0084964184146695,0.0079016511817537,fitted_estimator_predict,221185.0,sklearn_mlp_coefs,1.0,mse,0.222,0.2281924717234359,True,0.222,0.2281924717234359,11.0,False,0.12119247172343589,0.329,0.0001,,,,217.393,217.393,model_stage,5.875,11,conventional model Tabular MLP,model,2026-06-24 13:40:19 UTC,,,,,,,,,,,,,,,,,,,,,,,,,,,,,,,,,,,,,,,,,,,,,,,
polaris_adme_fang_solu_1,Polaris ADME benchmark mirror: adme-fang-solu-1,polaris,polaris/adme-fang-solu-1,https://polarishub.io/benchmarks/polaris/adme-fang-solu-1,1B_MPNN_MolGPS-ens_LargeMix,mean_squared_error,0.222,predefined,10,"[{""rank"": ""1"", ""model"": ""1B_MPNN_MolGPS-ens_LargeMix"", ""metric_name"": ""mean_squared_error"", ""metric_value"": ""0.222""}, {""rank"": ""2"", ""model"": ""1B_MPNN_LargeMix-Phenomics"", ""metric_name"": ""mean_squared_error"", ""metric_value"": ""0.229""}, {""rank"": ""3"", ""model"": ""CheMeleonMOE"", ""metric_name"": ""mean_squared_error"", ""metric_value"": ""0.257""}, {""rank"": ""4"", ""model"": ""CheMeleon"", ""metric_name"": ""mean_squared_error"", ""metric_value"": ""0.291""}, {""rank"": ""5"", ""model"": ""it-works-now"", ""metric_name"": ""mean_squared_error"", ""metric_value"": ""0.314""}, {""rank"": ""6"", ""model"": ""ML4DD-team16"", ""metric_name"": ""mean_squared_error"", ""metric_value"": ""0.311""}, {""rank"": ""7"", ""model"": ""ML4DD-team9"", ""metric_name"": ""mean_squared_error"", ""metric_value"": ""0.323""}, {""rank"": ""8"", ""model"": ""team9_submission_2"", ""metric_name"": ""mean_squared_error"", ""metric_value"": ""0.323""}, {""rank"": ""9"", ""model"": ""ExactTanimotoGP"", ""metric_name"": ""mean_squared_error"", ""metric_value"": ""0.325""}, {""rank"": ""10"", ""model"": ""ML4DD-team25"", ""metric_name"": ""mean_squared_error"", ""metric_value"": ""0.329""}]",2173,1738,435,raw,smiles,target,predefined,65f12df6b9e2a7abe204db5cff958f2c01aedc49ad9158bd3762c5a12a374454,5d717152f002212ed3406ed747d093a08f52e348ad0efdf0594ac3996dbd6c65,10115,8565,1550,520,444,586,0,0,0.999,,1e-08,0.005,0.995,,174,elasticnet_cv,False,0.1,0.3,74,3,random,174,False,2046.731958365919,7200.0,4852.725340542198,"[""morgan"", ""ecfp6"", ""fcfp6"", ""layered"", ""atom_pair"", ""topological_torsion"", ""rdk_path"", ""maccs"", ""rdkit"", ""maplight""]","[""morgan"", ""ecfp6"", ""fcfp6"", ""layered"", ""atom_pair"", ""topological_torsion"", ""rdk_path"", ""maccs"", ""rdkit"", ""maplight""]",[],0,8565,/media/volume/AutoQSARdata_300/model_cache/feature_store_parquet,parquet,137,2036,False,/media/volume/AutoQSARdata_300/model_cache/benchmark_feature_matrix_cache/57b4ab488aa8c7230cb9477068a14eb7122695b8e0b0e9a3ed9e2710dd853c5b.pkl,morgan_ecfp6_fcfp6_layered_atom_pair_topological_torsion_rdk_path_maccs_rdkit_maplight__9d9272112e8cc9d9,Tabular CNN,conventional,5.0,random,mse,0.3542492626829711,32.0,5.0,0.1956150076981582,0.5944302900152028,0.4385356517232811,0.3624699194886589,0.5334065300926979,0.3946377021847808,0.4588305797706269,0.1482968492686481,0.6889464757902356,0.502934707048267,0.3344793239694709,0.4746472465037857,0.136669585990603,0.0272495230019558,0.1639191089925589,1738.0,435.0,2173.0,0.0626425816136915,0.0754344726150754,fitted_estimator_predict,29377.0,model_.keras_count_params,1.0,mse,0.222,0.2526472465037858,True,0.222,0.2526472465037858,11.0,False,0.1456472465037857,0.329,,,,,250.402,250.402,model_stage,32.892,12,conventional model Tabular CNN,model,2026-06-24 13:40:25 UTC,,,,,,,,,,,,,,,,,,,,,,,,,,,,,,,,,,,,,,,,,,,,,,,
polaris_adme_fang_solu_1,Polaris ADME benchmark mirror: adme-fang-solu-1,polaris,polaris/adme-fang-solu-1,https://polarishub.io/benchmarks/polaris/adme-fang-solu-1,1B_MPNN_MolGPS-ens_LargeMix,mean_squared_error,0.222,predefined,10,"[{""rank"": ""1"", ""model"": ""1B_MPNN_MolGPS-ens_LargeMix"", ""metric_name"": ""mean_squared_error"", ""metric_value"": ""0.222""}, {""rank"": ""2"", ""model"": ""1B_MPNN_LargeMix-Phenomics"", ""metric_name"": ""mean_squared_error"", ""metric_value"": ""0.229""}, {""rank"": ""3"", ""model"": ""CheMeleonMOE"", ""metric_name"": ""mean_squared_error"", ""metric_value"": ""0.257""}, {""rank"": ""4"", ""model"": ""CheMeleon"", ""metric_name"": ""mean_squared_error"", ""metric_value"": ""0.291""}, {""rank"": ""5"", ""model"": ""it-works-now"", ""metric_name"": ""mean_squared_error"", ""metric_value"": ""0.314""}, {""rank"": ""6"", ""model"": ""ML4DD-team16"", ""metric_name"": ""mean_squared_error"", ""metric_value"": ""0.311""}, {""rank"": ""7"", ""model"": ""ML4DD-team9"", ""metric_name"": ""mean_squared_error"", ""metric_value"": ""0.323""}, {""rank"": ""8"", ""model"": ""team9_submission_2"", ""metric_name"": ""mean_squared_error"", ""metric_value"": ""0.323""}, {""rank"": ""9"", ""model"": ""ExactTanimotoGP"", ""metric_name"": ""mean_squared_error"", ""metric_value"": ""0.325""}, {""rank"": ""10"", ""model"": ""ML4DD-team25"", ""metric_name"": ""mean_squared_error"", ""metric_value"": ""0.329""}]",2173,1738,435,raw,smiles,target,predefined,65f12df6b9e2a7abe204db5cff958f2c01aedc49ad9158bd3762c5a12a374454,5d717152f002212ed3406ed747d093a08f52e348ad0efdf0594ac3996dbd6c65,10115,8565,1550,520,444,586,0,0,0.999,,1e-08,0.005,0.995,,174,elasticnet_cv,False,0.1,0.3,74,3,random,174,False,2046.731958365919,7200.0,4852.725340542198,"[""morgan"", ""ecfp6"", ""fcfp6"", ""layered"", ""atom_pair"", ""topological_torsion"", ""rdk_path"", ""maccs"", ""rdkit"", ""maplight""]","[""morgan"", ""ecfp6"", ""fcfp6"", ""layered"", ""atom_pair"", ""topological_torsion"", ""rdk_path"", ""maccs"", ""rdkit"", ""maplight""]",[],0,8565,/media/volume/AutoQSARdata_300/model_cache/feature_store_parquet,parquet,137,2036,False,/media/volume/AutoQSARdata_300/model_cache/benchmark_feature_matrix_cache/57b4ab488aa8c7230cb9477068a14eb7122695b8e0b0e9a3ed9e2710dd853c5b.pkl,morgan_ecfp6_fcfp6_layered_atom_pair_topological_torsion_rdk_path_maccs_rdkit_maplight__9d9272112e8cc9d9,XGBoost,conventional,5.0,random,mse,0.2531971622554901,32.0,1.0,0.4213387559216058,0.5026983612198197,0.3487006125449932,0.9877887727030384,0.0738223124730747,0.0528126468832227,0.9695720199800612,0.3544176845529496,0.599814787717686,0.4083964144951721,0.5290010564801905,0.3597777795648128,0.0095863870083121,0.0086296309891622,0.0182160179974744,1738.0,435.0,2173.0,0.0198382321589936,0.0083828890922569,fitted_estimator_predict,,unavailable,1.0,mse,0.222,0.1377777795648128,True,0.222,0.1377777795648128,11.0,False,0.030777779564812813,0.329,,,,,258.673,258.673,model_stage,8.157,13,conventional model XGBoost,model,2026-06-24 13:40:58 UTC,,,,,,,,,,,,,,,,,,,,,,,,,,,,,,,,,,,,,,,,,,,,,,,
polaris_adme_fang_solu_1,Polaris ADME benchmark mirror: adme-fang-solu-1,polaris,polaris/adme-fang-solu-1,https://polarishub.io/benchmarks/polaris/adme-fang-solu-1,1B_MPNN_MolGPS-ens_LargeMix,mean_squared_error,0.222,predefined,10,"[{""rank"": ""1"", ""model"": ""1B_MPNN_MolGPS-ens_LargeMix"", ""metric_name"": ""mean_squared_error"", ""metric_value"": ""0.222""}, {""rank"": ""2"", ""model"": ""1B_MPNN_LargeMix-Phenomics"", ""metric_name"": ""mean_squared_error"", ""metric_value"": ""0.229""}, {""rank"": ""3"", ""model"": ""CheMeleonMOE"", ""metric_name"": ""mean_squared_error"", ""metric_value"": ""0.257""}, {""rank"": ""4"", ""model"": ""CheMeleon"", ""metric_name"": ""mean_squared_error"", ""metric_value"": ""0.291""}, {""rank"": ""5"", ""model"": ""it-works-now"", ""metric_name"": ""mean_squared_error"", ""metric_value"": ""0.314""}, {""rank"": ""6"", ""model"": ""ML4DD-team16"", ""metric_name"": ""mean_squared_error"", ""metric_value"": ""0.311""}, {""rank"": ""7"", ""model"": ""ML4DD-team9"", ""metric_name"": ""mean_squared_error"", ""metric_value"": ""0.323""}, {""rank"": ""8"", ""model"": ""team9_submission_2"", ""metric_name"": ""mean_squared_error"", ""metric_value"": ""0.323""}, {""rank"": ""9"", ""model"": ""ExactTanimotoGP"", ""metric_name"": ""mean_squared_error"", ""metric_value"": ""0.325""}, {""rank"": ""10"", ""model"": ""ML4DD-team25"", ""metric_name"": ""mean_squared_error"", ""metric_value"": ""0.329""}]",2173,1738,435,raw,smiles,target,predefined,65f12df6b9e2a7abe204db5cff958f2c01aedc49ad9158bd3762c5a12a374454,5d717152f002212ed3406ed747d093a08f52e348ad0efdf0594ac3996dbd6c65,10115,8565,1550,520,444,586,0,0,0.999,,1e-08,0.005,0.995,,174,elasticnet_cv,False,0.1,0.3,74,3,random,174,False,2046.731958365919,7200.0,4852.725340542198,"[""morgan"", ""ecfp6"", ""fcfp6"", ""layered"", ""atom_pair"", ""topological_torsion"", ""rdk_path"", ""maccs"", ""rdkit"", ""maplight""]","[""morgan"", ""ecfp6"", ""fcfp6"", ""layered"", ""atom_pair"", ""topological_torsion"", ""rdk_path"", ""maccs"", ""rdkit"", ""maplight""]",[],0,8565,/media/volume/AutoQSARdata_300/model_cache/feature_store_parquet,parquet,137,2036,False,/media/volume/AutoQSARdata_300/model_cache/benchmark_feature_matrix_cache/57b4ab488aa8c7230cb9477068a14eb7122695b8e0b0e9a3ed9e2710dd853c5b.pkl,morgan_ecfp6_fcfp6_layered_atom_pair_topological_torsion_rdk_path_maccs_rdkit_maplight__9d9272112e8cc9d9,CatBoost,conventional,5.0,random,mse,0.2470030933048442,32.0,1.0,0.43611912490455,0.4964357694767943,0.3494828543694938,0.832375661170819,0.2735120890523366,0.1992268477424314,0.7778434128584735,0.3377344867975178,0.6075155883896605,0.4218026814801037,0.5027968943286829,0.3690751901364353,0.0081883550010388,0.0034505179937696,0.0116388729948084,1738.0,435.0,2173.0,0.0079322252730335,0.005356131152696,fitted_estimator_predict,,unavailable,1.0,mse,0.222,0.1470751901364353,True,0.222,0.1470751901364353,11.0,False,0.04007519013643529,0.329,,,,,271.202,271.202,model_stage,12.399,14,conventional model CatBoost,model,2026-06-24 13:41:06 UTC,,,,,,,,,,,,,,,,,,,,,,,,,,,,,,,,,,,,,,,,,,,,,,,
polaris_adme_fang_solu_1,Polaris ADME benchmark mirror: adme-fang-solu-1,polaris,polaris/adme-fang-solu-1,https://polarishub.io/benchmarks/polaris/adme-fang-solu-1,1B_MPNN_MolGPS-ens_LargeMix,mean_squared_error,0.222,predefined,10,"[{""rank"": ""1"", ""model"": ""1B_MPNN_MolGPS-ens_LargeMix"", ""metric_name"": ""mean_squared_error"", ""metric_value"": ""0.222""}, {""rank"": ""2"", ""model"": ""1B_MPNN_LargeMix-Phenomics"", ""metric_name"": ""mean_squared_error"", ""metric_value"": ""0.229""}, {""rank"": ""3"", ""model"": ""CheMeleonMOE"", ""metric_name"": ""mean_squared_error"", ""metric_value"": ""0.257""}, {""rank"": ""4"", ""model"": ""CheMeleon"", ""metric_name"": ""mean_squared_error"", ""metric_value"": ""0.291""}, {""rank"": ""5"", ""model"": ""it-works-now"", ""metric_name"": ""mean_squared_error"", ""metric_value"": ""0.314""}, {""rank"": ""6"", ""model"": ""ML4DD-team16"", ""metric_name"": ""mean_squared_error"", ""metric_value"": ""0.311""}, {""rank"": ""7"", ""model"": ""ML4DD-team9"", ""metric_name"": ""mean_squared_error"", ""metric_value"": ""0.323""}, {""rank"": ""8"", ""model"": ""team9_submission_2"", ""metric_name"": ""mean_squared_error"", ""metric_value"": ""0.323""}, {""rank"": ""9"", ""model"": ""ExactTanimotoGP"", ""metric_name"": ""mean_squared_error"", ""metric_value"": ""0.325""}, {""rank"": ""10"", ""model"": ""ML4DD-team25"", ""metric_name"": ""mean_squared_error"", ""metric_value"": ""0.329""}]",2173,1738,435,raw,smiles,target,predefined,65f12df6b9e2a7abe204db5cff958f2c01aedc49ad9158bd3762c5a12a374454,5d717152f002212ed3406ed747d093a08f52e348ad0efdf0594ac3996dbd6c65,10115,8565,1550,520,444,586,0,0,0.999,,1e-08,0.005,0.995,,174,elasticnet_cv,False,0.1,0.3,74,3,random,174,False,2046.731958365919,7200.0,4852.725340542198,"[""morgan"", ""ecfp6"", ""fcfp6"", ""layered"", ""atom_pair"", ""topological_torsion"", ""rdk_path"", ""maccs"", ""rdkit"", ""maplight""]","[""morgan"", ""ecfp6"", ""fcfp6"", ""layered"", ""atom_pair"", ""topological_torsion"", ""rdk_path"", ""maccs"", ""rdkit"", ""maplight""]",[],0,8565,/media/volume/AutoQSARdata_300/model_cache/feature_store_parquet,parquet,137,2036,False,/media/volume/AutoQSARdata_300/model_cache/benchmark_feature_matrix_cache/57b4ab488aa8c7230cb9477068a14eb7122695b8e0b0e9a3ed9e2710dd853c5b.pkl,morgan_ecfp6_fcfp6_layered_atom_pair_topological_torsion_rdk_path_maccs_rdkit_maplight__9d9272112e8cc9d9,MapLight CatBoost (Strict Parity),conventional,5.0,seed_ensemble_no_cv,mae,,32.0,,,,,0.7909526155925368,0.3054431266622757,0.1531345954816495,0.9038737050821402,0.3308899732987236,0.6106468553126108,0.3986120082055034,0.540363067242415,0.3986120082055034,,,,,,,,,,,,1.0,mse,,,True,,,,,,,,,,,362.969,362.969,model_stage,91.595,15,conventional model MapLight CatBoost (Strict Parity),model,2026-06-24 13:41:19 UTC,strict,5.0,"1,2,3,4,5",MAE,StandardScaler,direct_maplight_classic_from_smiles_no_dedup,,,,,,,,,,,,,,,,,,,,,,,,,,,,,,,,,,,,,,,,,
polaris_adme_fang_solu_1,Polaris ADME benchmark mirror: adme-fang-solu-1,polaris,polaris/adme-fang-solu-1,https://polarishub.io/benchmarks/polaris/adme-fang-solu-1,1B_MPNN_MolGPS-ens_LargeMix,mean_squared_error,0.222,predefined,10,"[{""rank"": ""1"", ""model"": ""1B_MPNN_MolGPS-ens_LargeMix"", ""metric_name"": ""mean_squared_error"", ""metric_value"": ""0.222""}, {""rank"": ""2"", ""model"": ""1B_MPNN_LargeMix-Phenomics"", ""metric_name"": ""mean_squared_error"", ""metric_value"": ""0.229""}, {""rank"": ""3"", ""model"": ""CheMeleonMOE"", ""metric_name"": ""mean_squared_error"", ""metric_value"": ""0.257""}, {""rank"": ""4"", ""model"": ""CheMeleon"", ""metric_name"": ""mean_squared_error"", ""metric_value"": ""0.291""}, {""rank"": ""5"", ""model"": ""it-works-now"", ""metric_name"": ""mean_squared_error"", ""metric_value"": ""0.314""}, {""rank"": ""6"", ""model"": ""ML4DD-team16"", ""metric_name"": ""mean_squared_error"", ""metric_value"": ""0.311""}, {""rank"": ""7"", ""model"": ""ML4DD-team9"", ""metric_name"": ""mean_squared_error"", ""metric_value"": ""0.323""}, {""rank"": ""8"", ""model"": ""team9_submission_2"", ""metric_name"": ""mean_squared_error"", ""metric_value"": ""0.323""}, {""rank"": ""9"", ""model"": ""ExactTanimotoGP"", ""metric_name"": ""mean_squared_error"", ""metric_value"": ""0.325""}, {""rank"": ""10"", ""model"": ""ML4DD-team25"", ""metric_name"": ""mean_squared_error"", ""metric_value"": ""0.329""}]",2173,1738,435,raw,smiles,target,predefined,65f12df6b9e2a7abe204db5cff958f2c01aedc49ad9158bd3762c5a12a374454,5d717152f002212ed3406ed747d093a08f52e348ad0efdf0594ac3996dbd6c65,10115,8565,1550,520,444,586,0,0,0.999,,1e-08,0.005,0.995,,174,elasticnet_cv,False,0.1,0.3,74,3,random,174,False,2046.731958365919,7200.0,4852.725340542198,"[""morgan"", ""ecfp6"", ""fcfp6"", ""layered"", ""atom_pair"", ""topological_torsion"", ""rdk_path"", ""maccs"", ""rdkit"", ""maplight""]","[""morgan"", ""ecfp6"", ""fcfp6"", ""layered"", ""atom_pair"", ""topological_torsion"", ""rdk_path"", ""maccs"", ""rdkit"", ""maplight""]",[],0,8565,/media/volume/AutoQSARdata_300/model_cache/feature_store_parquet,parquet,137,2036,False,/media/volume/AutoQSARdata_300/model_cache/benchmark_feature_matrix_cache/57b4ab488aa8c7230cb9477068a14eb7122695b8e0b0e9a3ed9e2710dd853c5b.pkl,morgan_ecfp6_fcfp6_layered_atom_pair_topological_torsion_rdk_path_maccs_rdkit_maplight__9d9272112e8cc9d9,ChemML MLP (PyTorch),ChemML deep learning,5.0,random,mse,0.1915743404294548,,,0.5707390685489209,0.4376920611908043,0.3038261629547544,0.9982488171268328,0.0279559167330578,0.0183004748063221,0.9976431909550554,0.2643975064239104,0.6402697037147974,0.4259791208416774,0.4972198346680781,0.4099452934950344,0.0067929350043414,0.0010373080003773,0.0078302430047187,1738.0,435.0,2173.0,0.0023846160928215,0.0036034252207633,chemml_mlp_predict,110849.0,chemml_mlp_architecture,1.0,,,,,,,11.0,False,0.08094529349503438,0.329,,,,,399.415,399.415,model_stage,36.308,16,deep model ChemML MLP (PyTorch),model,2026-06-24 13:42:51 UTC,,,,,,,,,,,,,,,,,,,,,,,,,,,,,,,,,,,,,,,,,,,,,,,
polaris_adme_fang_solu_1,Polaris ADME benchmark mirror: adme-fang-solu-1,polaris,polaris/adme-fang-solu-1,https://polarishub.io/benchmarks/polaris/adme-fang-solu-1,1B_MPNN_MolGPS-ens_LargeMix,mean_squared_error,0.222,predefined,10,"[{""rank"": ""1"", ""model"": ""1B_MPNN_MolGPS-ens_LargeMix"", ""metric_name"": ""mean_squared_error"", ""metric_value"": ""0.222""}, {""rank"": ""2"", ""model"": ""1B_MPNN_LargeMix-Phenomics"", ""metric_name"": ""mean_squared_error"", ""metric_value"": ""0.229""}, {""rank"": ""3"", ""model"": ""CheMeleonMOE"", ""metric_name"": ""mean_squared_error"", ""metric_value"": ""0.257""}, {""rank"": ""4"", ""model"": ""CheMeleon"", ""metric_name"": ""mean_squared_error"", ""metric_value"": ""0.291""}, {""rank"": ""5"", ""model"": ""it-works-now"", ""metric_name"": ""mean_squared_error"", ""metric_value"": ""0.314""}, {""rank"": ""6"", ""model"": ""ML4DD-team16"", ""metric_name"": ""mean_squared_error"", ""metric_value"": ""0.311""}, {""rank"": ""7"", ""model"": ""ML4DD-team9"", ""metric_name"": ""mean_squared_error"", ""metric_value"": ""0.323""}, {""rank"": ""8"", ""model"": ""team9_submission_2"", ""metric_name"": ""mean_squared_error"", ""metric_value"": ""0.323""}, {""rank"": ""9"", ""model"": ""ExactTanimotoGP"", ""metric_name"": ""mean_squared_error"", ""metric_value"": ""0.325""}, {""rank"": ""10"", ""model"": ""ML4DD-team25"", ""metric_name"": ""mean_squared_error"", ""metric_value"": ""0.329""}]",2173,1738,435,raw,smiles,target,predefined,65f12df6b9e2a7abe204db5cff958f2c01aedc49ad9158bd3762c5a12a374454,5d717152f002212ed3406ed747d093a08f52e348ad0efdf0594ac3996dbd6c65,10115,8565,1550,520,444,586,0,0,0.999,,1e-08,0.005,0.995,,174,elasticnet_cv,False,0.1,0.3,74,3,random,174,False,2046.731958365919,7200.0,4852.725340542198,"[""morgan"", ""ecfp6"", ""fcfp6"", ""layered"", ""atom_pair"", ""topological_torsion"", ""rdk_path"", ""maccs"", ""rdkit"", ""maplight""]","[""morgan"", ""ecfp6"", ""fcfp6"", ""layered"", ""atom_pair"", ""topological_torsion"", ""rdk_path"", ""maccs"", ""rdkit"", ""maplight""]",[],0,8565,/media/volume/AutoQSARdata_300/model_cache/feature_store_parquet,parquet,137,2036,False,/media/volume/AutoQSARdata_300/model_cache/benchmark_feature_matrix_cache/57b4ab488aa8c7230cb9477068a14eb7122695b8e0b0e9a3ed9e2710dd853c5b.pkl,morgan_ecfp6_fcfp6_layered_atom_pair_topological_torsion_rdk_path_maccs_rdkit_maplight__9d9272112e8cc9d9,ChemML MLP (TensorFlow),ChemML deep learning,5.0,random,mse,0.2146167630402451,,,0.5191078752971314,0.4632674854123103,0.3237095179407195,0.9945980375427524,0.0491002573596873,0.0346743176351683,0.9937306970100774,0.2951175098521489,0.6267577563617722,0.4146031163480912,0.4796485614163842,0.3928252851596426,0.1962052489980124,0.0860986340121598,0.2823038830101723,1738.0,435.0,2173.0,0.1979278942808273,0.1299143502117682,chemml_mlp_predict,110849.0,chemml_mlp_architecture,1.0,,,,,,,11.0,False,0.06382528515964259,0.329,,,,,458.375,458.375,model_stage,58.811,17,deep model ChemML MLP (TensorFlow),model,2026-06-24 13:43:27 UTC,,,,,,,,,,,,,,,,,,,,,,,,,,,,,,,,,,,,,,,,,,,,,,,
polaris_adme_fang_solu_1,Polaris ADME benchmark mirror: adme-fang-solu-1,polaris,polaris/adme-fang-solu-1,https://polarishub.io/benchmarks/polaris/adme-fang-solu-1,1B_MPNN_MolGPS-ens_LargeMix,mean_squared_error,0.222,predefined,10,"[{""rank"": ""1"", ""model"": ""1B_MPNN_MolGPS-ens_LargeMix"", ""metric_name"": ""mean_squared_error"", ""metric_value"": ""0.222""}, {""rank"": ""2"", ""model"": ""1B_MPNN_LargeMix-Phenomics"", ""metric_name"": ""mean_squared_error"", ""metric_value"": ""0.229""}, {""rank"": ""3"", ""model"": ""CheMeleonMOE"", ""metric_name"": ""mean_squared_error"", ""metric_value"": ""0.257""}, {""rank"": ""4"", ""model"": ""CheMeleon"", ""metric_name"": ""mean_squared_error"", ""metric_value"": ""0.291""}, {""rank"": ""5"", ""model"": ""it-works-now"", ""metric_name"": ""mean_squared_error"", ""metric_value"": ""0.314""}, {""rank"": ""6"", ""model"": ""ML4DD-team16"", ""metric_name"": ""mean_squared_error"", ""metric_value"": ""0.311""}, {""rank"": ""7"", ""model"": ""ML4DD-team9"", ""metric_name"": ""mean_squared_error"", ""metric_value"": ""0.323""}, {""rank"": ""8"", ""model"": ""team9_submission_2"", ""metric_name"": ""mean_squared_error"", ""metric_value"": ""0.323""}, {""rank"": ""9"", ""model"": ""ExactTanimotoGP"", ""metric_name"": ""mean_squared_error"", ""metric_value"": ""0.325""}, {""rank"": ""10"", ""model"": ""ML4DD-team25"", ""metric_name"": ""mean_squared_error"", ""metric_value"": ""0.329""}]",2173,1738,435,raw,smiles,target,predefined,65f12df6b9e2a7abe204db5cff958f2c01aedc49ad9158bd3762c5a12a374454,5d717152f002212ed3406ed747d093a08f52e348ad0efdf0594ac3996dbd6c65,10115,8565,1550,520,444,586,0,0,0.999,,1e-08,0.005,0.995,,174,elasticnet_cv,False,0.1,0.3,74,3,random,174,False,2046.731958365919,7200.0,4852.725340542198,"[""morgan"", ""ecfp6"", ""fcfp6"", ""layered"", ""atom_pair"", ""topological_torsion"", ""rdk_path"", ""maccs"", ""rdkit"", ""maplight""]","[""morgan"", ""ecfp6"", ""fcfp6"", ""layered"", ""atom_pair"", ""topological_torsion"", ""rdk_path"", ""maccs"", ""rdkit"", ""maplight""]",[],0,8565,/media/volume/AutoQSARdata_300/model_cache/feature_store_parquet,parquet,137,2036,False,/media/volume/AutoQSARdata_300/model_cache/benchmark_feature_matrix_cache/57b4ab488aa8c7230cb9477068a14eb7122695b8e0b0e9a3ed9e2710dd853c5b.pkl,morgan_ecfp6_fcfp6_layered_atom_pair_topological_torsion_rdk_path_maccs_rdkit_maplight__9d9272112e8cc9d9,"Chemprop v2 (D-MPNN, ensemble=3)",Chemprop v2,,,,,,,,,,,,,,,,,,,,,,,,,,,,,,1.0,,,,,,,,,,,,,,,496.254,496.254,model_stage,37.723,18,"deep model Chemprop v2 (D-MPNN, ensemble=3)",model,2026-06-24 13:44:26 UTC,,,,,,,'ascii' codec can't decode byte 0xe2 in position 3420: ordinal not in range(128),dmpnn,dmpnn,,,False,0.0,,,,,,,,,,,,,,,,,,,,,,,,,,,,,,,,,,
polaris_adme_fang_solu_1,Polaris ADME benchmark mirror: adme-fang-solu-1,polaris,polaris/adme-fang-solu-1,https://polarishub.io/benchmarks/polaris/adme-fang-solu-1,1B_MPNN_MolGPS-ens_LargeMix,mean_squared_error,0.222,predefined,10,"[{""rank"": ""1"", ""model"": ""1B_MPNN_MolGPS-ens_LargeMix"", ""metric_name"": ""mean_squared_error"", ""metric_value"": ""0.222""}, {""rank"": ""2"", ""model"": ""1B_MPNN_LargeMix-Phenomics"", ""metric_name"": ""mean_squared_error"", ""metric_value"": ""0.229""}, {""rank"": ""3"", ""model"": ""CheMeleonMOE"", ""metric_name"": ""mean_squared_error"", ""metric_value"": ""0.257""}, {""rank"": ""4"", ""model"": ""CheMeleon"", ""metric_name"": ""mean_squared_error"", ""metric_value"": ""0.291""}, {""rank"": ""5"", ""model"": ""it-works-now"", ""metric_name"": ""mean_squared_error"", ""metric_value"": ""0.314""}, {""rank"": ""6"", ""model"": ""ML4DD-team16"", ""metric_name"": ""mean_squared_error"", ""metric_value"": ""0.311""}, {""rank"": ""7"", ""model"": ""ML4DD-team9"", ""metric_name"": ""mean_squared_error"", ""metric_value"": ""0.323""}, {""rank"": ""8"", ""model"": ""team9_submission_2"", ""metric_name"": ""mean_squared_error"", ""metric_value"": ""0.323""}, {""rank"": ""9"", ""model"": ""ExactTanimotoGP"", ""metric_name"": ""mean_squared_error"", ""metric_value"": ""0.325""}, {""rank"": ""10"", ""model"": ""ML4DD-team25"", ""metric_name"": ""mean_squared_error"", ""metric_value"": ""0.329""}]",2173,1738,435,raw,smiles,target,predefined,65f12df6b9e2a7abe204db5cff958f2c01aedc49ad9158bd3762c5a12a374454,5d717152f002212ed3406ed747d093a08f52e348ad0efdf0594ac3996dbd6c65,10115,8565,1550,520,444,586,0,0,0.999,,1e-08,0.005,0.995,,174,elasticnet_cv,False,0.1,0.3,74,3,random,174,False,2046.731958365919,7200.0,4852.725340542198,"[""morgan"", ""ecfp6"", ""fcfp6"", ""layered"", ""atom_pair"", ""topological_torsion"", ""rdk_path"", ""maccs"", ""rdkit"", ""maplight""]","[""morgan"", ""ecfp6"", ""fcfp6"", ""layered"", ""atom_pair"", ""topological_torsion"", ""rdk_path"", ""maccs"", ""rdkit"", ""maplight""]",[],0,8565,/media/volume/AutoQSARdata_300/model_cache/feature_store_parquet,parquet,137,2036,False,/media/volume/AutoQSARdata_300/model_cache/benchmark_feature_matrix_cache/57b4ab488aa8c7230cb9477068a14eb7122695b8e0b0e9a3ed9e2710dd853c5b.pkl,morgan_ecfp6_fcfp6_layered_atom_pair_topological_torsion_rdk_path_maccs_rdkit_maplight__9d9272112e8cc9d9,"Chemprop v2 (D-MPNN + RDKit2D, ensemble=3)",Chemprop v2,,,,,,,,,,,,,,,,,,,,,,,,,,,,,,1.0,,,,,,,,,,,,,,,533.836,533.836,model_stage,37.425,19,"deep model Chemprop v2 (D-MPNN + RDKit2D, ensemble=3)",model,2026-06-24 13:45:04 UTC,,,,,,,'ascii' codec can't decode byte 0xe2 in position 3755: ordinal not in range(128),dmpnn,dmpnn_rdkit2d,,rdkit_2d,False,0.0,,,,,,,,,,,,,,,,,,,,,,,,,,,,,,,,,,
polaris_adme_fang_solu_1,Polaris ADME benchmark mirror: adme-fang-solu-1,polaris,polaris/adme-fang-solu-1,https://polarishub.io/benchmarks/polaris/adme-fang-solu-1,1B_MPNN_MolGPS-ens_LargeMix,mean_squared_error,0.222,predefined,10,"[{""rank"": ""1"", ""model"": ""1B_MPNN_MolGPS-ens_LargeMix"", ""metric_name"": ""mean_squared_error"", ""metric_value"": ""0.222""}, {""rank"": ""2"", ""model"": ""1B_MPNN_LargeMix-Phenomics"", ""metric_name"": ""mean_squared_error"", ""metric_value"": ""0.229""}, {""rank"": ""3"", ""model"": ""CheMeleonMOE"", ""metric_name"": ""mean_squared_error"", ""metric_value"": ""0.257""}, {""rank"": ""4"", ""model"": ""CheMeleon"", ""metric_name"": ""mean_squared_error"", ""metric_value"": ""0.291""}, {""rank"": ""5"", ""model"": ""it-works-now"", ""metric_name"": ""mean_squared_error"", ""metric_value"": ""0.314""}, {""rank"": ""6"", ""model"": ""ML4DD-team16"", ""metric_name"": ""mean_squared_error"", ""metric_value"": ""0.311""}, {""rank"": ""7"", ""model"": ""ML4DD-team9"", ""metric_name"": ""mean_squared_error"", ""metric_value"": ""0.323""}, {""rank"": ""8"", ""model"": ""team9_submission_2"", ""metric_name"": ""mean_squared_error"", ""metric_value"": ""0.323""}, {""rank"": ""9"", ""model"": ""ExactTanimotoGP"", ""metric_name"": ""mean_squared_error"", ""metric_value"": ""0.325""}, {""rank"": ""10"", ""model"": ""ML4DD-team25"", ""metric_name"": ""mean_squared_error"", ""metric_value"": ""0.329""}]",2173,1738,435,raw,smiles,target,predefined,65f12df6b9e2a7abe204db5cff958f2c01aedc49ad9158bd3762c5a12a374454,5d717152f002212ed3406ed747d093a08f52e348ad0efdf0594ac3996dbd6c65,10115,8565,1550,520,444,586,0,0,0.999,,1e-08,0.005,0.995,,174,elasticnet_cv,False,0.1,0.3,74,3,random,174,False,2046.731958365919,7200.0,4852.725340542198,"[""morgan"", ""ecfp6"", ""fcfp6"", ""layered"", ""atom_pair"", ""topological_torsion"", ""rdk_path"", ""maccs"", ""rdkit"", ""maplight""]","[""morgan"", ""ecfp6"", ""fcfp6"", ""layered"", ""atom_pair"", ""topological_torsion"", ""rdk_path"", ""maccs"", ""rdkit"", ""maplight""]",[],0,8565,/media/volume/AutoQSARdata_300/model_cache/feature_store_parquet,parquet,137,2036,False,/media/volume/AutoQSARdata_300/model_cache/benchmark_feature_matrix_cache/57b4ab488aa8c7230cb9477068a14eb7122695b8e0b0e9a3ed9e2710dd853c5b.pkl,morgan_ecfp6_fcfp6_layered_atom_pair_topological_torsion_rdk_path_maccs_rdkit_maplight__9d9272112e8cc9d9,"Chemprop v2 (CMPNN, ensemble=3)",Chemprop v2,,,,,,,,,,,,,,,,,,,,,,,,,,,,,,1.0,,,,,,,,,,,,,,,573.562,573.562,model_stage,39.57,20,"deep model Chemprop v2 (CMPNN, ensemble=3)",model,2026-06-24 13:45:41 UTC,,,,,,,'ascii' codec can't decode byte 0xe2 in position 3418: ordinal not in range(128),cmpnn,cmpnn,--atom-messages --undirected,,False,0.0,,,,,,,,,,,,,,,,,,,,,,,,,,,,,,,,,,
polaris_adme_fang_solu_1,Polaris ADME benchmark mirror: adme-fang-solu-1,polaris,polaris/adme-fang-solu-1,https://polarishub.io/benchmarks/polaris/adme-fang-solu-1,1B_MPNN_MolGPS-ens_LargeMix,mean_squared_error,0.222,predefined,10,"[{""rank"": ""1"", ""model"": ""1B_MPNN_MolGPS-ens_LargeMix"", ""metric_name"": ""mean_squared_error"", ""metric_value"": ""0.222""}, {""rank"": ""2"", ""model"": ""1B_MPNN_LargeMix-Phenomics"", ""metric_name"": ""mean_squared_error"", ""metric_value"": ""0.229""}, {""rank"": ""3"", ""model"": ""CheMeleonMOE"", ""metric_name"": ""mean_squared_error"", ""metric_value"": ""0.257""}, {""rank"": ""4"", ""model"": ""CheMeleon"", ""metric_name"": ""mean_squared_error"", ""metric_value"": ""0.291""}, {""rank"": ""5"", ""model"": ""it-works-now"", ""metric_name"": ""mean_squared_error"", ""metric_value"": ""0.314""}, {""rank"": ""6"", ""model"": ""ML4DD-team16"", ""metric_name"": ""mean_squared_error"", ""metric_value"": ""0.311""}, {""rank"": ""7"", ""model"": ""ML4DD-team9"", ""metric_name"": ""mean_squared_error"", ""metric_value"": ""0.323""}, {""rank"": ""8"", ""model"": ""team9_submission_2"", ""metric_name"": ""mean_squared_error"", ""metric_value"": ""0.323""}, {""rank"": ""9"", ""model"": ""ExactTanimotoGP"", ""metric_name"": ""mean_squared_error"", ""metric_value"": ""0.325""}, {""rank"": ""10"", ""model"": ""ML4DD-team25"", ""metric_name"": ""mean_squared_error"", ""metric_value"": ""0.329""}]",2173,1738,435,raw,smiles,target,predefined,65f12df6b9e2a7abe204db5cff958f2c01aedc49ad9158bd3762c5a12a374454,5d717152f002212ed3406ed747d093a08f52e348ad0efdf0594ac3996dbd6c65,10115,8565,1550,520,444,586,0,0,0.999,,1e-08,0.005,0.995,,174,elasticnet_cv,False,0.1,0.3,74,3,random,174,False,2046.731958365919,7200.0,4852.725340542198,"[""morgan"", ""ecfp6"", ""fcfp6"", ""layered"", ""atom_pair"", ""topological_torsion"", ""rdk_path"", ""maccs"", ""rdkit"", ""maplight""]","[""morgan"", ""ecfp6"", ""fcfp6"", ""layered"", ""atom_pair"", ""topological_torsion"", ""rdk_path"", ""maccs"", ""rdkit"", ""maplight""]",[],0,8565,/media/volume/AutoQSARdata_300/model_cache/feature_store_parquet,parquet,137,2036,False,/media/volume/AutoQSARdata_300/model_cache/benchmark_feature_matrix_cache/57b4ab488aa8c7230cb9477068a14eb7122695b8e0b0e9a3ed9e2710dd853c5b.pkl,morgan_ecfp6_fcfp6_layered_atom_pair_topological_torsion_rdk_path_maccs_rdkit_maplight__9d9272112e8cc9d9,"Chemprop v2 (AttentiveFP, ensemble=3)",Chemprop v2,,,,,,,,,,,,,,,,,,,,,,,,,,,,,,1.0,,,,,,,,,,,,,,,614.503,614.503,model_stage,40.784,21,"deep model Chemprop v2 (AttentiveFP, ensemble=3)",model,2026-06-24 13:46:21 UTC,,,,,,,'ascii' codec can't decode byte 0xe2 in position 3768: ordinal not in range(128),attentivefp,attentivefp,--atom-messages --aggregation norm --aggregation-norm 100 --dropout 0.1,rdkit_2d,False,0.0,,,,,,,,,,,,,,,,,,,,,,,,,,,,,,,,,,
polaris_adme_fang_solu_1,Polaris ADME benchmark mirror: adme-fang-solu-1,polaris,polaris/adme-fang-solu-1,https://polarishub.io/benchmarks/polaris/adme-fang-solu-1,1B_MPNN_MolGPS-ens_LargeMix,mean_squared_error,0.222,predefined,10,"[{""rank"": ""1"", ""model"": ""1B_MPNN_MolGPS-ens_LargeMix"", ""metric_name"": ""mean_squared_error"", ""metric_value"": ""0.222""}, {""rank"": ""2"", ""model"": ""1B_MPNN_LargeMix-Phenomics"", ""metric_name"": ""mean_squared_error"", ""metric_value"": ""0.229""}, {""rank"": ""3"", ""model"": ""CheMeleonMOE"", ""metric_name"": ""mean_squared_error"", ""metric_value"": ""0.257""}, {""rank"": ""4"", ""model"": ""CheMeleon"", ""metric_name"": ""mean_squared_error"", ""metric_value"": ""0.291""}, {""rank"": ""5"", ""model"": ""it-works-now"", ""metric_name"": ""mean_squared_error"", ""metric_value"": ""0.314""}, {""rank"": ""6"", ""model"": ""ML4DD-team16"", ""metric_name"": ""mean_squared_error"", ""metric_value"": ""0.311""}, {""rank"": ""7"", ""model"": ""ML4DD-team9"", ""metric_name"": ""mean_squared_error"", ""metric_value"": ""0.323""}, {""rank"": ""8"", ""model"": ""team9_submission_2"", ""metric_name"": ""mean_squared_error"", ""metric_value"": ""0.323""}, {""rank"": ""9"", ""model"": ""ExactTanimotoGP"", ""metric_name"": ""mean_squared_error"", ""metric_value"": ""0.325""}, {""rank"": ""10"", ""model"": ""ML4DD-team25"", ""metric_name"": ""mean_squared_error"", ""metric_value"": ""0.329""}]",2173,1738,435,raw,smiles,target,predefined,65f12df6b9e2a7abe204db5cff958f2c01aedc49ad9158bd3762c5a12a374454,5d717152f002212ed3406ed747d093a08f52e348ad0efdf0594ac3996dbd6c65,10115,8565,1550,520,444,586,0,0,0.999,,1e-08,0.005,0.995,,174,elasticnet_cv,False,0.1,0.3,74,3,random,174,False,2046.731958365919,7200.0,4852.725340542198,"[""morgan"", ""ecfp6"", ""fcfp6"", ""layered"", ""atom_pair"", ""topological_torsion"", ""rdk_path"", ""maccs"", ""rdkit"", ""maplight""]","[""morgan"", ""ecfp6"", ""fcfp6"", ""layered"", ""atom_pair"", ""topological_torsion"", ""rdk_path"", ""maccs"", ""rdkit"", ""maplight""]",[],0,8565,/media/volume/AutoQSARdata_300/model_cache/feature_store_parquet,parquet,137,2036,False,/media/volume/AutoQSARdata_300/model_cache/benchmark_feature_matrix_cache/57b4ab488aa8c7230cb9477068a14eb7122695b8e0b0e9a3ed9e2710dd853c5b.pkl,morgan_ecfp6_fcfp6_layered_atom_pair_topological_torsion_rdk_path_maccs_rdkit_maplight__9d9272112e8cc9d9,"Chemprop v2 (D-MPNN + Selected descriptors, ensemble=3)",Chemprop v2,,,,,,,,,,,,,,,,,,,,,,,,,,,,,,1.0,,,,,,,,,,,,,,,654.167,654.167,model_stage,39.505,22,"deep model Chemprop v2 (D-MPNN + Selected descriptors, ensemble=3)",model,2026-06-24 13:47:02 UTC,,,,,,,'ascii' codec can't decode byte 0xe2 in position 3643: ordinal not in range(128),dmpnn,dmpnn_selected_features,,,True,174.0,,,,,,,,,,,,,,,,,,,,,,,,,,,,,,,,,,
polaris_adme_fang_solu_1,Polaris ADME benchmark mirror: adme-fang-solu-1,polaris,polaris/adme-fang-solu-1,https://polarishub.io/benchmarks/polaris/adme-fang-solu-1,1B_MPNN_MolGPS-ens_LargeMix,mean_squared_error,0.222,predefined,10,"[{""rank"": ""1"", ""model"": ""1B_MPNN_MolGPS-ens_LargeMix"", ""metric_name"": ""mean_squared_error"", ""metric_value"": ""0.222""}, {""rank"": ""2"", ""model"": ""1B_MPNN_LargeMix-Phenomics"", ""metric_name"": ""mean_squared_error"", ""metric_value"": ""0.229""}, {""rank"": ""3"", ""model"": ""CheMeleonMOE"", ""metric_name"": ""mean_squared_error"", ""metric_value"": ""0.257""}, {""rank"": ""4"", ""model"": ""CheMeleon"", ""metric_name"": ""mean_squared_error"", ""metric_value"": ""0.291""}, {""rank"": ""5"", ""model"": ""it-works-now"", ""metric_name"": ""mean_squared_error"", ""metric_value"": ""0.314""}, {""rank"": ""6"", ""model"": ""ML4DD-team16"", ""metric_name"": ""mean_squared_error"", ""metric_value"": ""0.311""}, {""rank"": ""7"", ""model"": ""ML4DD-team9"", ""metric_name"": ""mean_squared_error"", ""metric_value"": ""0.323""}, {""rank"": ""8"", ""model"": ""team9_submission_2"", ""metric_name"": ""mean_squared_error"", ""metric_value"": ""0.323""}, {""rank"": ""9"", ""model"": ""ExactTanimotoGP"", ""metric_name"": ""mean_squared_error"", ""metric_value"": ""0.325""}, {""rank"": ""10"", ""model"": ""ML4DD-team25"", ""metric_name"": ""mean_squared_error"", ""metric_value"": ""0.329""}]",2173,1738,435,raw,smiles,target,predefined,65f12df6b9e2a7abe204db5cff958f2c01aedc49ad9158bd3762c5a12a374454,5d717152f002212ed3406ed747d093a08f52e348ad0efdf0594ac3996dbd6c65,10115,8565,1550,520,444,586,0,0,0.999,,1e-08,0.005,0.995,,174,elasticnet_cv,False,0.1,0.3,74,3,random,174,False,2046.731958365919,7200.0,4852.725340542198,"[""morgan"", ""ecfp6"", ""fcfp6"", ""layered"", ""atom_pair"", ""topological_torsion"", ""rdk_path"", ""maccs"", ""rdkit"", ""maplight""]","[""morgan"", ""ecfp6"", ""fcfp6"", ""layered"", ""atom_pair"", ""topological_torsion"", ""rdk_path"", ""maccs"", ""rdkit"", ""maplight""]",[],0,8565,/media/volume/AutoQSARdata_300/model_cache/feature_store_parquet,parquet,137,2036,False,/media/volume/AutoQSARdata_300/model_cache/benchmark_feature_matrix_cache/57b4ab488aa8c7230cb9477068a14eb7122695b8e0b0e9a3ed9e2710dd853c5b.pkl,morgan_ecfp6_fcfp6_layered_atom_pair_topological_torsion_rdk_path_maccs_rdkit_maplight__9d9272112e8cc9d9,Uni-Mol V1,Uni-Mol,,,mse,,,,,,,0.6914368513629866,0.3710906537984489,0.2563781862678768,0.6587588556693875,0.377942485406164,0.5887848496431309,0.3935388722739512,0.5153803766466878,0.3466675991692842,25.262582221999764,10.777407477988165,36.03998969998793,1738.0,435.0,2173.0,24.775649374685432,16.585361113662184,unimol_predict,47331139.0,unimol_checkpoint:model_0.pth,1.0,,,,,,,11.0,False,0.017667599169284176,0.329,,,,,856.794,856.794,model_stage,202.466,23,deep model Uni-Mol V1,model,2026-06-24 13:47:42 UTC,,,,,,,,,,,,,,GPU,benchmark_results/autoqsar_benchmark_20260623_153839/polaris_adme_fang_solu_1/unimol_v1/seed_13,random,20.0,0.0001,32.0,5.0,8.0,,,,,,,,,,,,,,,,,,,,,,,,,,
polaris_adme_fang_solu_1,Polaris ADME benchmark mirror: adme-fang-solu-1,polaris,polaris/adme-fang-solu-1,https://polarishub.io/benchmarks/polaris/adme-fang-solu-1,1B_MPNN_MolGPS-ens_LargeMix,mean_squared_error,0.222,predefined,10,"[{""rank"": ""1"", ""model"": ""1B_MPNN_MolGPS-ens_LargeMix"", ""metric_name"": ""mean_squared_error"", ""metric_value"": ""0.222""}, {""rank"": ""2"", ""model"": ""1B_MPNN_LargeMix-Phenomics"", ""metric_name"": ""mean_squared_error"", ""metric_value"": ""0.229""}, {""rank"": ""3"", ""model"": ""CheMeleonMOE"", ""metric_name"": ""mean_squared_error"", ""metric_value"": ""0.257""}, {""rank"": ""4"", ""model"": ""CheMeleon"", ""metric_name"": ""mean_squared_error"", ""metric_value"": ""0.291""}, {""rank"": ""5"", ""model"": ""it-works-now"", ""metric_name"": ""mean_squared_error"", ""metric_value"": ""0.314""}, {""rank"": ""6"", ""model"": ""ML4DD-team16"", ""metric_name"": ""mean_squared_error"", ""metric_value"": ""0.311""}, {""rank"": ""7"", ""model"": ""ML4DD-team9"", ""metric_name"": ""mean_squared_error"", ""metric_value"": ""0.323""}, {""rank"": ""8"", ""model"": ""team9_submission_2"", ""metric_name"": ""mean_squared_error"", ""metric_value"": ""0.323""}, {""rank"": ""9"", ""model"": ""ExactTanimotoGP"", ""metric_name"": ""mean_squared_error"", ""metric_value"": ""0.325""}, {""rank"": ""10"", ""model"": ""ML4DD-team25"", ""metric_name"": ""mean_squared_error"", ""metric_value"": ""0.329""}]",2173,1738,435,raw,smiles,target,predefined,65f12df6b9e2a7abe204db5cff958f2c01aedc49ad9158bd3762c5a12a374454,5d717152f002212ed3406ed747d093a08f52e348ad0efdf0594ac3996dbd6c65,10115,8565,1550,520,444,586,0,0,0.999,,1e-08,0.005,0.995,,174,elasticnet_cv,False,0.1,0.3,74,3,random,174,False,2046.731958365919,7200.0,4852.725340542198,"[""morgan"", ""ecfp6"", ""fcfp6"", ""layered"", ""atom_pair"", ""topological_torsion"", ""rdk_path"", ""maccs"", ""rdkit"", ""maplight""]","[""morgan"", ""ecfp6"", ""fcfp6"", ""layered"", ""atom_pair"", ""topological_torsion"", ""rdk_path"", ""maccs"", ""rdkit"", ""maplight""]",[],0,8565,/media/volume/AutoQSARdata_300/model_cache/feature_store_parquet,parquet,137,2036,False,/media/volume/AutoQSARdata_300/model_cache/benchmark_feature_matrix_cache/57b4ab488aa8c7230cb9477068a14eb7122695b8e0b0e9a3ed9e2710dd853c5b.pkl,morgan_ecfp6_fcfp6_layered_atom_pair_topological_torsion_rdk_path_maccs_rdkit_maplight__9d9272112e8cc9d9,Uni-Mol V2 (84m),Uni-Mol,,,mse,,,,,,,0.7243119725370726,0.3507655561530152,0.2643908128842297,0.7197321877964272,0.4553530389974669,0.5509331416342176,0.4032096739400841,0.5724157433765259,0.3035273265509489,82.55196139200416,27.221232568990672,109.77319396099485,1738.0,435.0,2173.0,62.577546135610746,50.51688631430963,unimol_predict,83426417.0,unimol_checkpoint:model_0.pth,1.0,,,,,,,5.0,True,-0.02547267344905113,0.329,,,,,2185.248,2185.248,model_stage,1326.772,24,deep model Uni-Mol V2 (84m),model,2026-06-24 13:51:06 UTC,,,,,,,,,,,,,,GPU,benchmark_results/autoqsar_benchmark_20260623_153839/polaris_adme_fang_solu_1/unimol_v2/84m_seed_13,random,20.0,0.0001,32.0,5.0,8.0,84m,64.0,True,,,,,,,,,,,,,,,,,,,,,,,
polaris_adme_fang_solu_1,Polaris ADME benchmark mirror: adme-fang-solu-1,polaris,polaris/adme-fang-solu-1,https://polarishub.io/benchmarks/polaris/adme-fang-solu-1,1B_MPNN_MolGPS-ens_LargeMix,mean_squared_error,0.222,predefined,10,"[{""rank"": ""1"", ""model"": ""1B_MPNN_MolGPS-ens_LargeMix"", ""metric_name"": ""mean_squared_error"", ""metric_value"": ""0.222""}, {""rank"": ""2"", ""model"": ""1B_MPNN_LargeMix-Phenomics"", ""metric_name"": ""mean_squared_error"", ""metric_value"": ""0.229""}, {""rank"": ""3"", ""model"": ""CheMeleonMOE"", ""metric_name"": ""mean_squared_error"", ""metric_value"": ""0.257""}, {""rank"": ""4"", ""model"": ""CheMeleon"", ""metric_name"": ""mean_squared_error"", ""metric_value"": ""0.291""}, {""rank"": ""5"", ""model"": ""it-works-now"", ""metric_name"": ""mean_squared_error"", ""metric_value"": ""0.314""}, {""rank"": ""6"", ""model"": ""ML4DD-team16"", ""metric_name"": ""mean_squared_error"", ""metric_value"": ""0.311""}, {""rank"": ""7"", ""model"": ""ML4DD-team9"", ""metric_name"": ""mean_squared_error"", ""metric_value"": ""0.323""}, {""rank"": ""8"", ""model"": ""team9_submission_2"", ""metric_name"": ""mean_squared_error"", ""metric_value"": ""0.323""}, {""rank"": ""9"", ""model"": ""ExactTanimotoGP"", ""metric_name"": ""mean_squared_error"", ""metric_value"": ""0.325""}, {""rank"": ""10"", ""model"": ""ML4DD-team25"", ""metric_name"": ""mean_squared_error"", ""metric_value"": ""0.329""}]",2173,1738,435,raw,smiles,target,predefined,65f12df6b9e2a7abe204db5cff958f2c01aedc49ad9158bd3762c5a12a374454,5d717152f002212ed3406ed747d093a08f52e348ad0efdf0594ac3996dbd6c65,10115,8565,1550,520,444,586,0,0,0.999,,1e-08,0.005,0.995,,174,elasticnet_cv,False,0.1,0.3,74,3,random,174,False,2046.731958365919,7200.0,4852.725340542198,"[""morgan"", ""ecfp6"", ""fcfp6"", ""layered"", ""atom_pair"", ""topological_torsion"", ""rdk_path"", ""maccs"", ""rdkit"", ""maplight""]","[""morgan"", ""ecfp6"", ""fcfp6"", ""layered"", ""atom_pair"", ""topological_torsion"", ""rdk_path"", ""maccs"", ""rdkit"", ""maplight""]",[],0,8565,/media/volume/AutoQSARdata_300/model_cache/feature_store_parquet,parquet,137,2036,False,/media/volume/AutoQSARdata_300/model_cache/benchmark_feature_matrix_cache/57b4ab488aa8c7230cb9477068a14eb7122695b8e0b0e9a3ed9e2710dd853c5b.pkl,morgan_ecfp6_fcfp6_layered_atom_pair_topological_torsion_rdk_path_maccs_rdkit_maplight__9d9272112e8cc9d9,"MapLight + GNN (CatBoost, Strict Parity)",MapLight + GNN,5.0,seed_ensemble_no_cv,mae,,32.0,,,,,0.8260665851243406,0.278611795791248,0.1365850599686068,0.9230420420298552,0.3647325360224577,0.5950036946445594,0.3937184730585431,0.5680313624529073,0.3937184730585431,,,,,,,,,,,,1.0,mse,,,True,,,,,,,,,,,2320.356,2320.356,model_stage,134.921,25,"deep model MapLight + GNN (CatBoost, Strict Parity)",model,2026-06-24 14:13:13 UTC,strict,5.0,"1,2,3,4,5",MAE,StandardScaler,direct_maplight_classic_plus_gnn_no_dedup,,,,,,,,,,,,,,,,,,,dgllife-direct,gin_supervised_masking,,,,,,,,,,,,,,,,,,,,,
polaris_adme_fang_solu_1,Polaris ADME benchmark mirror: adme-fang-solu-1,polaris,polaris/adme-fang-solu-1,https://polarishub.io/benchmarks/polaris/adme-fang-solu-1,1B_MPNN_MolGPS-ens_LargeMix,mean_squared_error,0.222,predefined,10,"[{""rank"": ""1"", ""model"": ""1B_MPNN_MolGPS-ens_LargeMix"", ""metric_name"": ""mean_squared_error"", ""metric_value"": ""0.222""}, {""rank"": ""2"", ""model"": ""1B_MPNN_LargeMix-Phenomics"", ""metric_name"": ""mean_squared_error"", ""metric_value"": ""0.229""}, {""rank"": ""3"", ""model"": ""CheMeleonMOE"", ""metric_name"": ""mean_squared_error"", ""metric_value"": ""0.257""}, {""rank"": ""4"", ""model"": ""CheMeleon"", ""metric_name"": ""mean_squared_error"", ""metric_value"": ""0.291""}, {""rank"": ""5"", ""model"": ""it-works-now"", ""metric_name"": ""mean_squared_error"", ""metric_value"": ""0.314""}, {""rank"": ""6"", ""model"": ""ML4DD-team16"", ""metric_name"": ""mean_squared_error"", ""metric_value"": ""0.311""}, {""rank"": ""7"", ""model"": ""ML4DD-team9"", ""metric_name"": ""mean_squared_error"", ""metric_value"": ""0.323""}, {""rank"": ""8"", ""model"": ""team9_submission_2"", ""metric_name"": ""mean_squared_error"", ""metric_value"": ""0.323""}, {""rank"": ""9"", ""model"": ""ExactTanimotoGP"", ""metric_name"": ""mean_squared_error"", ""metric_value"": ""0.325""}, {""rank"": ""10"", ""model"": ""ML4DD-team25"", ""metric_name"": ""mean_squared_error"", ""metric_value"": ""0.329""}]",2173,1738,435,raw,smiles,target,predefined,65f12df6b9e2a7abe204db5cff958f2c01aedc49ad9158bd3762c5a12a374454,5d717152f002212ed3406ed747d093a08f52e348ad0efdf0594ac3996dbd6c65,10115,8565,1550,520,444,586,0,0,0.999,,1e-08,0.005,0.995,,174,elasticnet_cv,False,0.1,0.3,74,3,random,174,False,2046.731958365919,7200.0,4852.725340542198,"[""morgan"", ""ecfp6"", ""fcfp6"", ""layered"", ""atom_pair"", ""topological_torsion"", ""rdk_path"", ""maccs"", ""rdkit"", ""maplight""]","[""morgan"", ""ecfp6"", ""fcfp6"", ""layered"", ""atom_pair"", ""topological_torsion"", ""rdk_path"", ""maccs"", ""rdkit"", ""maplight""]",[],0,8565,/media/volume/AutoQSARdata_300/model_cache/feature_store_parquet,parquet,137,2036,False,/media/volume/AutoQSARdata_300/model_cache/benchmark_feature_matrix_cache/57b4ab488aa8c7230cb9477068a14eb7122695b8e0b0e9a3ed9e2710dd853c5b.pkl,morgan_ecfp6_fcfp6_layered_atom_pair_topological_torsion_rdk_path_maccs_rdkit_maplight__9d9272112e8cc9d9,CFA (Combinatorial Fusion),cfa,,,mse,,,,,,,0.9847546934389328,0.0824852069979414,0.0484615759409664,0.9931497563733545,0.3337363350370523,0.6093466399602081,0.4000621539760857,0.5158096447729628,0.3713033276307955,,,,,,,,,,,,1.0,mse,0.222,0.1493033276307954,True,0.222,0.1493033276307954,11.0,False,0.04230332763079547,0.329,,,,,2320.618,2320.618,model_stage,0.046,26,CFA combinatorial fusion,model,2026-06-24 14:15:28 UTC,,,,,,,,,,,,,,,,,,,,,,,,,,,score_wcp,score,mae,0.0484615759409664,0.0484615759409664,0.0021585803226258,"ChemML MLP (TensorFlow); MapLight + GNN (CatBoost, Strict Parity)","{""ChemML MLP (TensorFlow)"": 0.7975333198080946, ""MapLight + GNN (CatBoost, Strict Parity)"": 0.20246668019190545}",66.0,4.0,True,"Conventional ML: MapLight CatBoost (Strict Parity) (mae=0.3986); ChemML deep learning: ChemML MLP (TensorFlow) (mae=0.4146); Uni-Mol: Uni-Mol V1 (mae=0.3935); MapLight + GNN: MapLight + GNN (CatBoost, Strict Parity) (mae=0.3937)",4.0,4.0,250000.0,11.0,66.0,,,,
polaris_adme_fang_solu_1,Polaris ADME benchmark mirror: adme-fang-solu-1,polaris,polaris/adme-fang-solu-1,https://polarishub.io/benchmarks/polaris/adme-fang-solu-1,1B_MPNN_MolGPS-ens_LargeMix,mean_squared_error,0.222,predefined,10,"[{""rank"": ""1"", ""model"": ""1B_MPNN_MolGPS-ens_LargeMix"", ""metric_name"": ""mean_squared_error"", ""metric_value"": ""0.222""}, {""rank"": ""2"", ""model"": ""1B_MPNN_LargeMix-Phenomics"", ""metric_name"": ""mean_squared_error"", ""metric_value"": ""0.229""}, {""rank"": ""3"", ""model"": ""CheMeleonMOE"", ""metric_name"": ""mean_squared_error"", ""metric_value"": ""0.257""}, {""rank"": ""4"", ""model"": ""CheMeleon"", ""metric_name"": ""mean_squared_error"", ""metric_value"": ""0.291""}, {""rank"": ""5"", ""model"": ""it-works-now"", ""metric_name"": ""mean_squared_error"", ""metric_value"": ""0.314""}, {""rank"": ""6"", ""model"": ""ML4DD-team16"", ""metric_name"": ""mean_squared_error"", ""metric_value"": ""0.311""}, {""rank"": ""7"", ""model"": ""ML4DD-team9"", ""metric_name"": ""mean_squared_error"", ""metric_value"": ""0.323""}, {""rank"": ""8"", ""model"": ""team9_submission_2"", ""metric_name"": ""mean_squared_error"", ""metric_value"": ""0.323""}, {""rank"": ""9"", ""model"": ""ExactTanimotoGP"", ""metric_name"": ""mean_squared_error"", ""metric_value"": ""0.325""}, {""rank"": ""10"", ""model"": ""ML4DD-team25"", ""metric_name"": ""mean_squared_error"", ""metric_value"": ""0.329""}]",2173,1738,435,raw,smiles,target,predefined,65f12df6b9e2a7abe204db5cff958f2c01aedc49ad9158bd3762c5a12a374454,5d717152f002212ed3406ed747d093a08f52e348ad0efdf0594ac3996dbd6c65,10115,8565,1550,520,444,586,0,0,0.999,,1e-08,0.005,0.995,,174,elasticnet_cv,False,0.1,0.3,74,3,random,174,False,2046.731958365919,7200.0,4852.725340542198,"[""morgan"", ""ecfp6"", ""fcfp6"", ""layered"", ""atom_pair"", ""topological_torsion"", ""rdk_path"", ""maccs"", ""rdkit"", ""maplight""]","[""morgan"", ""ecfp6"", ""fcfp6"", ""layered"", ""atom_pair"", ""topological_torsion"", ""rdk_path"", ""maccs"", ""rdkit"", ""maplight""]",[],0,8565,/media/volume/AutoQSARdata_300/model_cache/feature_store_parquet,parquet,137,2036,False,/media/volume/AutoQSARdata_300/model_cache/benchmark_feature_matrix_cache/57b4ab488aa8c7230cb9477068a14eb7122695b8e0b0e9a3ed9e2710dd853c5b.pkl,morgan_ecfp6_fcfp6_layered_atom_pair_topological_torsion_rdk_path_maccs_rdkit_maplight__9d9272112e8cc9d9,"Chemprop v2 (D-MPNN, ensemble=3)",Chemprop v2,,,,,,,,,,,,,,,,,,,,,,,,,,,,,,1.0,,,,,,,,,,,,,,,352.1,352.1,model_stage,332.739,18,"deep model Chemprop v2 (D-MPNN, ensemble=3)",model,2026-06-26 03:32:39 UTC,,,,,,,'ascii' codec can't decode byte 0xe2 in position 154: ordinal not in range(128),dmpnn,dmpnn,,,False,0.0,,,,,,,,,,,,,,,,,,,,,,,,,,,,,,,,,,
polaris_adme_fang_solu_1,Polaris ADME benchmark mirror: adme-fang-solu-1,polaris,polaris/adme-fang-solu-1,https://polarishub.io/benchmarks/polaris/adme-fang-solu-1,1B_MPNN_MolGPS-ens_LargeMix,mean_squared_error,0.222,predefined,10,"[{""rank"": ""1"", ""model"": ""1B_MPNN_MolGPS-ens_LargeMix"", ""metric_name"": ""mean_squared_error"", ""metric_value"": ""0.222""}, {""rank"": ""2"", ""model"": ""1B_MPNN_LargeMix-Phenomics"", ""metric_name"": ""mean_squared_error"", ""metric_value"": ""0.229""}, {""rank"": ""3"", ""model"": ""CheMeleonMOE"", ""metric_name"": ""mean_squared_error"", ""metric_value"": ""0.257""}, {""rank"": ""4"", ""model"": ""CheMeleon"", ""metric_name"": ""mean_squared_error"", ""metric_value"": ""0.291""}, {""rank"": ""5"", ""model"": ""it-works-now"", ""metric_name"": ""mean_squared_error"", ""metric_value"": ""0.314""}, {""rank"": ""6"", ""model"": ""ML4DD-team16"", ""metric_name"": ""mean_squared_error"", ""metric_value"": ""0.311""}, {""rank"": ""7"", ""model"": ""ML4DD-team9"", ""metric_name"": ""mean_squared_error"", ""metric_value"": ""0.323""}, {""rank"": ""8"", ""model"": ""team9_submission_2"", ""metric_name"": ""mean_squared_error"", ""metric_value"": ""0.323""}, {""rank"": ""9"", ""model"": ""ExactTanimotoGP"", ""metric_name"": ""mean_squared_error"", ""metric_value"": ""0.325""}, {""rank"": ""10"", ""model"": ""ML4DD-team25"", ""metric_name"": ""mean_squared_error"", ""metric_value"": ""0.329""}]",2173,1738,435,raw,smiles,target,predefined,65f12df6b9e2a7abe204db5cff958f2c01aedc49ad9158bd3762c5a12a374454,5d717152f002212ed3406ed747d093a08f52e348ad0efdf0594ac3996dbd6c65,10115,8565,1550,520,444,586,0,0,0.999,,1e-08,0.005,0.995,,174,elasticnet_cv,False,0.1,0.3,74,3,random,174,False,2046.731958365919,7200.0,4852.725340542198,"[""morgan"", ""ecfp6"", ""fcfp6"", ""layered"", ""atom_pair"", ""topological_torsion"", ""rdk_path"", ""maccs"", ""rdkit"", ""maplight""]","[""morgan"", ""ecfp6"", ""fcfp6"", ""layered"", ""atom_pair"", ""topological_torsion"", ""rdk_path"", ""maccs"", ""rdkit"", ""maplight""]",[],0,8565,/media/volume/AutoQSARdata_300/model_cache/feature_store_parquet,parquet,137,2036,False,/media/volume/AutoQSARdata_300/model_cache/benchmark_feature_matrix_cache/57b4ab488aa8c7230cb9477068a14eb7122695b8e0b0e9a3ed9e2710dd853c5b.pkl,morgan_ecfp6_fcfp6_layered_atom_pair_topological_torsion_rdk_path_maccs_rdkit_maplight__9d9272112e8cc9d9,"Chemprop v2 (D-MPNN + RDKit2D, ensemble=3)",Chemprop v2,,,,,,,,,,,,,,,,,,,,,,,,,,,,,,1.0,,,,,,,,,,,,,,,696.664,696.664,model_stage,344.349,19,"deep model Chemprop v2 (D-MPNN + RDKit2D, ensemble=3)",model,2026-06-26 03:38:12 UTC,,,,,,,'ascii' codec can't decode byte 0xe2 in position 162: ordinal not in range(128),dmpnn,dmpnn_rdkit2d,,rdkit_2d,False,0.0,,,,,,,,,,,,,,,,,,,,,,,,,,,,,,,,,,
polaris_adme_fang_solu_1,Polaris ADME benchmark mirror: adme-fang-solu-1,polaris,polaris/adme-fang-solu-1,https://polarishub.io/benchmarks/polaris/adme-fang-solu-1,1B_MPNN_MolGPS-ens_LargeMix,mean_squared_error,0.222,predefined,10,"[{""rank"": ""1"", ""model"": ""1B_MPNN_MolGPS-ens_LargeMix"", ""metric_name"": ""mean_squared_error"", ""metric_value"": ""0.222""}, {""rank"": ""2"", ""model"": ""1B_MPNN_LargeMix-Phenomics"", ""metric_name"": ""mean_squared_error"", ""metric_value"": ""0.229""}, {""rank"": ""3"", ""model"": ""CheMeleonMOE"", ""metric_name"": ""mean_squared_error"", ""metric_value"": ""0.257""}, {""rank"": ""4"", ""model"": ""CheMeleon"", ""metric_name"": ""mean_squared_error"", ""metric_value"": ""0.291""}, {""rank"": ""5"", ""model"": ""it-works-now"", ""metric_name"": ""mean_squared_error"", ""metric_value"": ""0.314""}, {""rank"": ""6"", ""model"": ""ML4DD-team16"", ""metric_name"": ""mean_squared_error"", ""metric_value"": ""0.311""}, {""rank"": ""7"", ""model"": ""ML4DD-team9"", ""metric_name"": ""mean_squared_error"", ""metric_value"": ""0.323""}, {""rank"": ""8"", ""model"": ""team9_submission_2"", ""metric_name"": ""mean_squared_error"", ""metric_value"": ""0.323""}, {""rank"": ""9"", ""model"": ""ExactTanimotoGP"", ""metric_name"": ""mean_squared_error"", ""metric_value"": ""0.325""}, {""rank"": ""10"", ""model"": ""ML4DD-team25"", ""metric_name"": ""mean_squared_error"", ""metric_value"": ""0.329""}]",2173,1738,435,raw,smiles,target,predefined,65f12df6b9e2a7abe204db5cff958f2c01aedc49ad9158bd3762c5a12a374454,5d717152f002212ed3406ed747d093a08f52e348ad0efdf0594ac3996dbd6c65,10115,8565,1550,520,444,586,0,0,0.999,,1e-08,0.005,0.995,,174,elasticnet_cv,False,0.1,0.3,74,3,random,174,False,2046.731958365919,7200.0,4852.725340542198,"[""morgan"", ""ecfp6"", ""fcfp6"", ""layered"", ""atom_pair"", ""topological_torsion"", ""rdk_path"", ""maccs"", ""rdkit"", ""maplight""]","[""morgan"", ""ecfp6"", ""fcfp6"", ""layered"", ""atom_pair"", ""topological_torsion"", ""rdk_path"", ""maccs"", ""rdkit"", ""maplight""]",[],0,8565,/media/volume/AutoQSARdata_300/model_cache/feature_store_parquet,parquet,137,2036,False,/media/volume/AutoQSARdata_300/model_cache/benchmark_feature_matrix_cache/57b4ab488aa8c7230cb9477068a14eb7122695b8e0b0e9a3ed9e2710dd853c5b.pkl,morgan_ecfp6_fcfp6_layered_atom_pair_topological_torsion_rdk_path_maccs_rdkit_maplight__9d9272112e8cc9d9,"Chemprop v2 (CMPNN, ensemble=3)",Chemprop v2,,,,,,,,,,,,,,,,,,,,,,,,,,,,,,1.0,,,,,,,,,,,,,,,1033.297,1033.297,model_stage,336.421,20,"deep model Chemprop v2 (CMPNN, ensemble=3)",model,2026-06-26 03:43:57 UTC,,,,,,,'ascii' codec can't decode byte 0xe2 in position 154: ordinal not in range(128),cmpnn,cmpnn,--atom-messages --undirected,,False,0.0,,,,,,,,,,,,,,,,,,,,,,,,,,,,,,,,,,
polaris_adme_fang_solu_1,Polaris ADME benchmark mirror: adme-fang-solu-1,polaris,polaris/adme-fang-solu-1,https://polarishub.io/benchmarks/polaris/adme-fang-solu-1,1B_MPNN_MolGPS-ens_LargeMix,mean_squared_error,0.222,predefined,10,"[{""rank"": ""1"", ""model"": ""1B_MPNN_MolGPS-ens_LargeMix"", ""metric_name"": ""mean_squared_error"", ""metric_value"": ""0.222""}, {""rank"": ""2"", ""model"": ""1B_MPNN_LargeMix-Phenomics"", ""metric_name"": ""mean_squared_error"", ""metric_value"": ""0.229""}, {""rank"": ""3"", ""model"": ""CheMeleonMOE"", ""metric_name"": ""mean_squared_error"", ""metric_value"": ""0.257""}, {""rank"": ""4"", ""model"": ""CheMeleon"", ""metric_name"": ""mean_squared_error"", ""metric_value"": ""0.291""}, {""rank"": ""5"", ""model"": ""it-works-now"", ""metric_name"": ""mean_squared_error"", ""metric_value"": ""0.314""}, {""rank"": ""6"", ""model"": ""ML4DD-team16"", ""metric_name"": ""mean_squared_error"", ""metric_value"": ""0.311""}, {""rank"": ""7"", ""model"": ""ML4DD-team9"", ""metric_name"": ""mean_squared_error"", ""metric_value"": ""0.323""}, {""rank"": ""8"", ""model"": ""team9_submission_2"", ""metric_name"": ""mean_squared_error"", ""metric_value"": ""0.323""}, {""rank"": ""9"", ""model"": ""ExactTanimotoGP"", ""metric_name"": ""mean_squared_error"", ""metric_value"": ""0.325""}, {""rank"": ""10"", ""model"": ""ML4DD-team25"", ""metric_name"": ""mean_squared_error"", ""metric_value"": ""0.329""}]",2173,1738,435,raw,smiles,target,predefined,65f12df6b9e2a7abe204db5cff958f2c01aedc49ad9158bd3762c5a12a374454,5d717152f002212ed3406ed747d093a08f52e348ad0efdf0594ac3996dbd6c65,10115,8565,1550,520,444,586,0,0,0.999,,1e-08,0.005,0.995,,174,elasticnet_cv,False,0.1,0.3,74,3,random,174,False,2046.731958365919,7200.0,4852.725340542198,"[""morgan"", ""ecfp6"", ""fcfp6"", ""layered"", ""atom_pair"", ""topological_torsion"", ""rdk_path"", ""maccs"", ""rdkit"", ""maplight""]","[""morgan"", ""ecfp6"", ""fcfp6"", ""layered"", ""atom_pair"", ""topological_torsion"", ""rdk_path"", ""maccs"", ""rdkit"", ""maplight""]",[],0,8565,/media/volume/AutoQSARdata_300/model_cache/feature_store_parquet,parquet,137,2036,False,/media/volume/AutoQSARdata_300/model_cache/benchmark_feature_matrix_cache/57b4ab488aa8c7230cb9477068a14eb7122695b8e0b0e9a3ed9e2710dd853c5b.pkl,morgan_ecfp6_fcfp6_layered_atom_pair_topological_torsion_rdk_path_maccs_rdkit_maplight__9d9272112e8cc9d9,"Chemprop v2 (AttentiveFP, ensemble=3)",Chemprop v2,,,,,,,,,,,,,,,,,,,,,,,,,,,,,,1.0,,,,,,,,,,,,,,,1373.922,1373.922,model_stage,340.412,21,"deep model Chemprop v2 (AttentiveFP, ensemble=3)",model,2026-06-26 03:49:33 UTC,,,,,,,'ascii' codec can't decode byte 0xe2 in position 166: ordinal not in range(128),attentivefp,attentivefp,--atom-messages --aggregation norm --aggregation-norm 100 --dropout 0.1,rdkit_2d,False,0.0,,,,,,,,,,,,,,,,,,,,,,,,,,,,,,,,,,
polaris_adme_fang_solu_1,Polaris ADME benchmark mirror: adme-fang-solu-1,polaris,polaris/adme-fang-solu-1,https://polarishub.io/benchmarks/polaris/adme-fang-solu-1,1B_MPNN_MolGPS-ens_LargeMix,mean_squared_error,0.222,predefined,10,"[{""rank"": ""1"", ""model"": ""1B_MPNN_MolGPS-ens_LargeMix"", ""metric_name"": ""mean_squared_error"", ""metric_value"": ""0.222""}, {""rank"": ""2"", ""model"": ""1B_MPNN_LargeMix-Phenomics"", ""metric_name"": ""mean_squared_error"", ""metric_value"": ""0.229""}, {""rank"": ""3"", ""model"": ""CheMeleonMOE"", ""metric_name"": ""mean_squared_error"", ""metric_value"": ""0.257""}, {""rank"": ""4"", ""model"": ""CheMeleon"", ""metric_name"": ""mean_squared_error"", ""metric_value"": ""0.291""}, {""rank"": ""5"", ""model"": ""it-works-now"", ""metric_name"": ""mean_squared_error"", ""metric_value"": ""0.314""}, {""rank"": ""6"", ""model"": ""ML4DD-team16"", ""metric_name"": ""mean_squared_error"", ""metric_value"": ""0.311""}, {""rank"": ""7"", ""model"": ""ML4DD-team9"", ""metric_name"": ""mean_squared_error"", ""metric_value"": ""0.323""}, {""rank"": ""8"", ""model"": ""team9_submission_2"", ""metric_name"": ""mean_squared_error"", ""metric_value"": ""0.323""}, {""rank"": ""9"", ""model"": ""ExactTanimotoGP"", ""metric_name"": ""mean_squared_error"", ""metric_value"": ""0.325""}, {""rank"": ""10"", ""model"": ""ML4DD-team25"", ""metric_name"": ""mean_squared_error"", ""metric_value"": ""0.329""}]",2173,1738,435,raw,smiles,target,predefined,65f12df6b9e2a7abe204db5cff958f2c01aedc49ad9158bd3762c5a12a374454,5d717152f002212ed3406ed747d093a08f52e348ad0efdf0594ac3996dbd6c65,10115,8565,1550,520,444,586,0,0,0.999,,1e-08,0.005,0.995,,174,elasticnet_cv,False,0.1,0.3,74,3,random,174,False,2046.731958365919,7200.0,4852.725340542198,"[""morgan"", ""ecfp6"", ""fcfp6"", ""layered"", ""atom_pair"", ""topological_torsion"", ""rdk_path"", ""maccs"", ""rdkit"", ""maplight""]","[""morgan"", ""ecfp6"", ""fcfp6"", ""layered"", ""atom_pair"", ""topological_torsion"", ""rdk_path"", ""maccs"", ""rdkit"", ""maplight""]",[],0,8565,/media/volume/AutoQSARdata_300/model_cache/feature_store_parquet,parquet,137,2036,False,/media/volume/AutoQSARdata_300/model_cache/benchmark_feature_matrix_cache/57b4ab488aa8c7230cb9477068a14eb7122695b8e0b0e9a3ed9e2710dd853c5b.pkl,morgan_ecfp6_fcfp6_layered_atom_pair_topological_torsion_rdk_path_maccs_rdkit_maplight__9d9272112e8cc9d9,"Chemprop v2 (D-MPNN + Selected descriptors, ensemble=3)",Chemprop v2,,,,,,,,,,,,,,,,,,,,,,,,,,,,,,1.0,,,,,,,,,,,,,,,1708.954,1708.954,model_stage,334.819,22,"deep model Chemprop v2 (D-MPNN + Selected descriptors, ensemble=3)",model,2026-06-26 03:55:14 UTC,,,,,,,'ascii' codec can't decode byte 0xe2 in position 172: ordinal not in range(128),dmpnn,dmpnn_selected_features,,,True,174.0,,,,,,,,,,,,,,,,,,,,,,,,,,,,,,,,,,
polaris_adme_fang_solu_1,Polaris ADME benchmark mirror: adme-fang-solu-1,polaris,polaris/adme-fang-solu-1,https://polarishub.io/benchmarks/polaris/adme-fang-solu-1,1B_MPNN_MolGPS-ens_LargeMix,mean_squared_error,0.222,predefined,10,"[{""rank"": ""1"", ""model"": ""1B_MPNN_MolGPS-ens_LargeMix"", ""metric_name"": ""mean_squared_error"", ""metric_value"": ""0.222""}, {""rank"": ""2"", ""model"": ""1B_MPNN_LargeMix-Phenomics"", ""metric_name"": ""mean_squared_error"", ""metric_value"": ""0.229""}, {""rank"": ""3"", ""model"": ""CheMeleonMOE"", ""metric_name"": ""mean_squared_error"", ""metric_value"": ""0.257""}, {""rank"": ""4"", ""model"": ""CheMeleon"", ""metric_name"": ""mean_squared_error"", ""metric_value"": ""0.291""}, {""rank"": ""5"", ""model"": ""it-works-now"", ""metric_name"": ""mean_squared_error"", ""metric_value"": ""0.314""}, {""rank"": ""6"", ""model"": ""ML4DD-team16"", ""metric_name"": ""mean_squared_error"", ""metric_value"": ""0.311""}, {""rank"": ""7"", ""model"": ""ML4DD-team9"", ""metric_name"": ""mean_squared_error"", ""metric_value"": ""0.323""}, {""rank"": ""8"", ""model"": ""team9_submission_2"", ""metric_name"": ""mean_squared_error"", ""metric_value"": ""0.323""}, {""rank"": ""9"", ""model"": ""ExactTanimotoGP"", ""metric_name"": ""mean_squared_error"", ""metric_value"": ""0.325""}, {""rank"": ""10"", ""model"": ""ML4DD-team25"", ""metric_name"": ""mean_squared_error"", ""metric_value"": ""0.329""}]",2173,1738,435,raw,smiles,target,predefined,65f12df6b9e2a7abe204db5cff958f2c01aedc49ad9158bd3762c5a12a374454,5d717152f002212ed3406ed747d093a08f52e348ad0efdf0594ac3996dbd6c65,10115,8565,1550,520,444,586,0,0,0.999,,1e-08,0.005,0.995,,174,elasticnet_cv,False,0.1,0.3,74,3,random,174,False,2046.731958365919,7200.0,4852.725340542198,"[""morgan"", ""ecfp6"", ""fcfp6"", ""layered"", ""atom_pair"", ""topological_torsion"", ""rdk_path"", ""maccs"", ""rdkit"", ""maplight""]","[""morgan"", ""ecfp6"", ""fcfp6"", ""layered"", ""atom_pair"", ""topological_torsion"", ""rdk_path"", ""maccs"", ""rdkit"", ""maplight""]",[],0,8565,/media/volume/AutoQSARdata_300/model_cache/feature_store_parquet,parquet,137,2036,False,/media/volume/AutoQSARdata_300/model_cache/benchmark_feature_matrix_cache/57b4ab488aa8c7230cb9477068a14eb7122695b8e0b0e9a3ed9e2710dd853c5b.pkl,morgan_ecfp6_fcfp6_layered_atom_pair_topological_torsion_rdk_path_maccs_rdkit_maplight__9d9272112e8cc9d9,"Chemprop v2 (D-MPNN, ensemble=3)",Chemprop v2,,,,,,,,,,,,,,,,,,,,,,,,,,,,,,1,,,,,,,,,,,,,,,330.249,330.249,model_stage,311.283,18,"deep model Chemprop v2 (D-MPNN, ensemble=3)",model,2026-06-29 23:54:08 UTC,,,,,,,'ascii' codec can't decode byte 0xe2 in position 154: ordinal not in range(128),dmpnn,dmpnn,,,False,0.0,,,,,,,,,,,,,,,,,,,,,,,,,,,,,,,,,,
polaris_adme_fang_solu_1,Polaris ADME benchmark mirror: adme-fang-solu-1,polaris,polaris/adme-fang-solu-1,https://polarishub.io/benchmarks/polaris/adme-fang-solu-1,1B_MPNN_MolGPS-ens_LargeMix,mean_squared_error,0.222,predefined,10,"[{""rank"": ""1"", ""model"": ""1B_MPNN_MolGPS-ens_LargeMix"", ""metric_name"": ""mean_squared_error"", ""metric_value"": ""0.222""}, {""rank"": ""2"", ""model"": ""1B_MPNN_LargeMix-Phenomics"", ""metric_name"": ""mean_squared_error"", ""metric_value"": ""0.229""}, {""rank"": ""3"", ""model"": ""CheMeleonMOE"", ""metric_name"": ""mean_squared_error"", ""metric_value"": ""0.257""}, {""rank"": ""4"", ""model"": ""CheMeleon"", ""metric_name"": ""mean_squared_error"", ""metric_value"": ""0.291""}, {""rank"": ""5"", ""model"": ""it-works-now"", ""metric_name"": ""mean_squared_error"", ""metric_value"": ""0.314""}, {""rank"": ""6"", ""model"": ""ML4DD-team16"", ""metric_name"": ""mean_squared_error"", ""metric_value"": ""0.311""}, {""rank"": ""7"", ""model"": ""ML4DD-team9"", ""metric_name"": ""mean_squared_error"", ""metric_value"": ""0.323""}, {""rank"": ""8"", ""model"": ""team9_submission_2"", ""metric_name"": ""mean_squared_error"", ""metric_value"": ""0.323""}, {""rank"": ""9"", ""model"": ""ExactTanimotoGP"", ""metric_name"": ""mean_squared_error"", ""metric_value"": ""0.325""}, {""rank"": ""10"", ""model"": ""ML4DD-team25"", ""metric_name"": ""mean_squared_error"", ""metric_value"": ""0.329""}]",2173,1738,435,raw,smiles,target,predefined,65f12df6b9e2a7abe204db5cff958f2c01aedc49ad9158bd3762c5a12a374454,5d717152f002212ed3406ed747d093a08f52e348ad0efdf0594ac3996dbd6c65,10115,8565,1550,520,444,586,0,0,0.999,,1e-08,0.005,0.995,,174,elasticnet_cv,False,0.1,0.3,74,3,random,174,False,2046.731958365919,7200.0,4852.725340542198,"[""morgan"", ""ecfp6"", ""fcfp6"", ""layered"", ""atom_pair"", ""topological_torsion"", ""rdk_path"", ""maccs"", ""rdkit"", ""maplight""]","[""morgan"", ""ecfp6"", ""fcfp6"", ""layered"", ""atom_pair"", ""topological_torsion"", ""rdk_path"", ""maccs"", ""rdkit"", ""maplight""]",[],0,8565,/media/volume/AutoQSARdata_300/model_cache/feature_store_parquet,parquet,137,2036,False,/media/volume/AutoQSARdata_300/model_cache/benchmark_feature_matrix_cache/57b4ab488aa8c7230cb9477068a14eb7122695b8e0b0e9a3ed9e2710dd853c5b.pkl,morgan_ecfp6_fcfp6_layered_atom_pair_topological_torsion_rdk_path_maccs_rdkit_maplight__9d9272112e8cc9d9,"Chemprop v2 (D-MPNN + RDKit2D, ensemble=3)",Chemprop v2,,,,,,,,,,,,,,,,,,,,,,,,,,,,,,1,,,,,,,,,,,,,,,654.94,654.94,model_stage,324.483,19,"deep model Chemprop v2 (D-MPNN + RDKit2D, ensemble=3)",model,2026-06-29 23:59:19 UTC,,,,,,,'ascii' codec can't decode byte 0xe2 in position 162: ordinal not in range(128),dmpnn,dmpnn_rdkit2d,,rdkit_2d,False,0.0,,,,,,,,,,,,,,,,,,,,,,,,,,,,,,,,,,
polaris_adme_fang_solu_1,Polaris ADME benchmark mirror: adme-fang-solu-1,polaris,polaris/adme-fang-solu-1,https://polarishub.io/benchmarks/polaris/adme-fang-solu-1,1B_MPNN_MolGPS-ens_LargeMix,mean_squared_error,0.222,predefined,10,"[{""rank"": ""1"", ""model"": ""1B_MPNN_MolGPS-ens_LargeMix"", ""metric_name"": ""mean_squared_error"", ""metric_value"": ""0.222""}, {""rank"": ""2"", ""model"": ""1B_MPNN_LargeMix-Phenomics"", ""metric_name"": ""mean_squared_error"", ""metric_value"": ""0.229""}, {""rank"": ""3"", ""model"": ""CheMeleonMOE"", ""metric_name"": ""mean_squared_error"", ""metric_value"": ""0.257""}, {""rank"": ""4"", ""model"": ""CheMeleon"", ""metric_name"": ""mean_squared_error"", ""metric_value"": ""0.291""}, {""rank"": ""5"", ""model"": ""it-works-now"", ""metric_name"": ""mean_squared_error"", ""metric_value"": ""0.314""}, {""rank"": ""6"", ""model"": ""ML4DD-team16"", ""metric_name"": ""mean_squared_error"", ""metric_value"": ""0.311""}, {""rank"": ""7"", ""model"": ""ML4DD-team9"", ""metric_name"": ""mean_squared_error"", ""metric_value"": ""0.323""}, {""rank"": ""8"", ""model"": ""team9_submission_2"", ""metric_name"": ""mean_squared_error"", ""metric_value"": ""0.323""}, {""rank"": ""9"", ""model"": ""ExactTanimotoGP"", ""metric_name"": ""mean_squared_error"", ""metric_value"": ""0.325""}, {""rank"": ""10"", ""model"": ""ML4DD-team25"", ""metric_name"": ""mean_squared_error"", ""metric_value"": ""0.329""}]",2173,1738,435,raw,smiles,target,predefined,65f12df6b9e2a7abe204db5cff958f2c01aedc49ad9158bd3762c5a12a374454,5d717152f002212ed3406ed747d093a08f52e348ad0efdf0594ac3996dbd6c65,10115,8565,1550,520,444,586,0,0,0.999,,1e-08,0.005,0.995,,174,elasticnet_cv,False,0.1,0.3,74,3,random,174,False,2046.731958365919,7200.0,4852.725340542198,"[""morgan"", ""ecfp6"", ""fcfp6"", ""layered"", ""atom_pair"", ""topological_torsion"", ""rdk_path"", ""maccs"", ""rdkit"", ""maplight""]","[""morgan"", ""ecfp6"", ""fcfp6"", ""layered"", ""atom_pair"", ""topological_torsion"", ""rdk_path"", ""maccs"", ""rdkit"", ""maplight""]",[],0,8565,/media/volume/AutoQSARdata_300/model_cache/feature_store_parquet,parquet,137,2036,False,/media/volume/AutoQSARdata_300/model_cache/benchmark_feature_matrix_cache/57b4ab488aa8c7230cb9477068a14eb7122695b8e0b0e9a3ed9e2710dd853c5b.pkl,morgan_ecfp6_fcfp6_layered_atom_pair_topological_torsion_rdk_path_maccs_rdkit_maplight__9d9272112e8cc9d9,"Chemprop v2 (CMPNN, ensemble=3)",Chemprop v2,,,,,,,,,,,,,,,,,,,,,,,,,,,,,,1,,,,,,,,,,,,,,,966.738,966.738,model_stage,311.586,20,"deep model Chemprop v2 (CMPNN, ensemble=3)",model,2026-06-30 00:04:44 UTC,,,,,,,'ascii' codec can't decode byte 0xe2 in position 154: ordinal not in range(128),cmpnn,cmpnn,--atom-messages --undirected,,False,0.0,,,,,,,,,,,,,,,,,,,,,,,,,,,,,,,,,,
polaris_adme_fang_solu_1,Polaris ADME benchmark mirror: adme-fang-solu-1,polaris,polaris/adme-fang-solu-1,https://polarishub.io/benchmarks/polaris/adme-fang-solu-1,1B_MPNN_MolGPS-ens_LargeMix,mean_squared_error,0.222,predefined,10,"[{""rank"": ""1"", ""model"": ""1B_MPNN_MolGPS-ens_LargeMix"", ""metric_name"": ""mean_squared_error"", ""metric_value"": ""0.222""}, {""rank"": ""2"", ""model"": ""1B_MPNN_LargeMix-Phenomics"", ""metric_name"": ""mean_squared_error"", ""metric_value"": ""0.229""}, {""rank"": ""3"", ""model"": ""CheMeleonMOE"", ""metric_name"": ""mean_squared_error"", ""metric_value"": ""0.257""}, {""rank"": ""4"", ""model"": ""CheMeleon"", ""metric_name"": ""mean_squared_error"", ""metric_value"": ""0.291""}, {""rank"": ""5"", ""model"": ""it-works-now"", ""metric_name"": ""mean_squared_error"", ""metric_value"": ""0.314""}, {""rank"": ""6"", ""model"": ""ML4DD-team16"", ""metric_name"": ""mean_squared_error"", ""metric_value"": ""0.311""}, {""rank"": ""7"", ""model"": ""ML4DD-team9"", ""metric_name"": ""mean_squared_error"", ""metric_value"": ""0.323""}, {""rank"": ""8"", ""model"": ""team9_submission_2"", ""metric_name"": ""mean_squared_error"", ""metric_value"": ""0.323""}, {""rank"": ""9"", ""model"": ""ExactTanimotoGP"", ""metric_name"": ""mean_squared_error"", ""metric_value"": ""0.325""}, {""rank"": ""10"", ""model"": ""ML4DD-team25"", ""metric_name"": ""mean_squared_error"", ""metric_value"": ""0.329""}]",2173,1738,435,raw,smiles,target,predefined,65f12df6b9e2a7abe204db5cff958f2c01aedc49ad9158bd3762c5a12a374454,5d717152f002212ed3406ed747d093a08f52e348ad0efdf0594ac3996dbd6c65,10115,8565,1550,520,444,586,0,0,0.999,,1e-08,0.005,0.995,,174,elasticnet_cv,False,0.1,0.3,74,3,random,174,False,2046.731958365919,7200.0,4852.725340542198,"[""morgan"", ""ecfp6"", ""fcfp6"", ""layered"", ""atom_pair"", ""topological_torsion"", ""rdk_path"", ""maccs"", ""rdkit"", ""maplight""]","[""morgan"", ""ecfp6"", ""fcfp6"", ""layered"", ""atom_pair"", ""topological_torsion"", ""rdk_path"", ""maccs"", ""rdkit"", ""maplight""]",[],0,8565,/media/volume/AutoQSARdata_300/model_cache/feature_store_parquet,parquet,137,2036,False,/media/volume/AutoQSARdata_300/model_cache/benchmark_feature_matrix_cache/57b4ab488aa8c7230cb9477068a14eb7122695b8e0b0e9a3ed9e2710dd853c5b.pkl,morgan_ecfp6_fcfp6_layered_atom_pair_topological_torsion_rdk_path_maccs_rdkit_maplight__9d9272112e8cc9d9,"Chemprop v2 (AttentiveFP, ensemble=3)",Chemprop v2,,,,,,,,,,,,,,,,,,,,,,,,,,,,,,1,,,,,,,,,,,,,,,1282.424,1282.424,model_stage,315.473,21,"deep model Chemprop v2 (AttentiveFP, ensemble=3)",model,2026-06-30 00:09:56 UTC,,,,,,,'ascii' codec can't decode byte 0xe2 in position 166: ordinal not in range(128),attentivefp,attentivefp,--atom-messages --aggregation norm --aggregation-norm 100 --dropout 0.1,rdkit_2d,False,0.0,,,,,,,,,,,,,,,,,,,,,,,,,,,,,,,,,,
polaris_adme_fang_solu_1,Polaris ADME benchmark mirror: adme-fang-solu-1,polaris,polaris/adme-fang-solu-1,https://polarishub.io/benchmarks/polaris/adme-fang-solu-1,1B_MPNN_MolGPS-ens_LargeMix,mean_squared_error,0.222,predefined,10,"[{""rank"": ""1"", ""model"": ""1B_MPNN_MolGPS-ens_LargeMix"", ""metric_name"": ""mean_squared_error"", ""metric_value"": ""0.222""}, {""rank"": ""2"", ""model"": ""1B_MPNN_LargeMix-Phenomics"", ""metric_name"": ""mean_squared_error"", ""metric_value"": ""0.229""}, {""rank"": ""3"", ""model"": ""CheMeleonMOE"", ""metric_name"": ""mean_squared_error"", ""metric_value"": ""0.257""}, {""rank"": ""4"", ""model"": ""CheMeleon"", ""metric_name"": ""mean_squared_error"", ""metric_value"": ""0.291""}, {""rank"": ""5"", ""model"": ""it-works-now"", ""metric_name"": ""mean_squared_error"", ""metric_value"": ""0.314""}, {""rank"": ""6"", ""model"": ""ML4DD-team16"", ""metric_name"": ""mean_squared_error"", ""metric_value"": ""0.311""}, {""rank"": ""7"", ""model"": ""ML4DD-team9"", ""metric_name"": ""mean_squared_error"", ""metric_value"": ""0.323""}, {""rank"": ""8"", ""model"": ""team9_submission_2"", ""metric_name"": ""mean_squared_error"", ""metric_value"": ""0.323""}, {""rank"": ""9"", ""model"": ""ExactTanimotoGP"", ""metric_name"": ""mean_squared_error"", ""metric_value"": ""0.325""}, {""rank"": ""10"", ""model"": ""ML4DD-team25"", ""metric_name"": ""mean_squared_error"", ""metric_value"": ""0.329""}]",2173,1738,435,raw,smiles,target,predefined,65f12df6b9e2a7abe204db5cff958f2c01aedc49ad9158bd3762c5a12a374454,5d717152f002212ed3406ed747d093a08f52e348ad0efdf0594ac3996dbd6c65,10115,8565,1550,520,444,586,0,0,0.999,,1e-08,0.005,0.995,,174,elasticnet_cv,False,0.1,0.3,74,3,random,174,False,2046.731958365919,7200.0,4852.725340542198,"[""morgan"", ""ecfp6"", ""fcfp6"", ""layered"", ""atom_pair"", ""topological_torsion"", ""rdk_path"", ""maccs"", ""rdkit"", ""maplight""]","[""morgan"", ""ecfp6"", ""fcfp6"", ""layered"", ""atom_pair"", ""topological_torsion"", ""rdk_path"", ""maccs"", ""rdkit"", ""maplight""]",[],0,8565,/media/volume/AutoQSARdata_300/model_cache/feature_store_parquet,parquet,137,2036,False,/media/volume/AutoQSARdata_300/model_cache/benchmark_feature_matrix_cache/57b4ab488aa8c7230cb9477068a14eb7122695b8e0b0e9a3ed9e2710dd853c5b.pkl,morgan_ecfp6_fcfp6_layered_atom_pair_topological_torsion_rdk_path_maccs_rdkit_maplight__9d9272112e8cc9d9,"Chemprop v2 (D-MPNN + Selected descriptors, ensemble=3)",Chemprop v2,,,,,,,,,,,,,,,,,,,,,,,,,,,,,,1,,,,,,,,,,,,,,,1586.722,1586.722,model_stage,304.093,22,"deep model Chemprop v2 (D-MPNN + Selected descriptors, ensemble=3)",model,2026-06-30 00:15:11 UTC,,,,,,,'ascii' codec can't decode byte 0xe2 in position 172: ordinal not in range(128),dmpnn,dmpnn_selected_features,,,True,174.0,,,,,,,,,,,,,,,,,,,,,,,,,,,,,,,,,,
polaris_adme_fang_solu_1,Polaris ADME benchmark mirror: adme-fang-solu-1,polaris,polaris/adme-fang-solu-1,https://polarishub.io/benchmarks/polaris/adme-fang-solu-1,1B_MPNN_MolGPS-ens_LargeMix,mean_squared_error,0.222,predefined,10,"[{""rank"": ""1"", ""model"": ""1B_MPNN_MolGPS-ens_LargeMix"", ""metric_name"": ""mean_squared_error"", ""metric_value"": ""0.222""}, {""rank"": ""2"", ""model"": ""1B_MPNN_LargeMix-Phenomics"", ""metric_name"": ""mean_squared_error"", ""metric_value"": ""0.229""}, {""rank"": ""3"", ""model"": ""CheMeleonMOE"", ""metric_name"": ""mean_squared_error"", ""metric_value"": ""0.257""}, {""rank"": ""4"", ""model"": ""CheMeleon"", ""metric_name"": ""mean_squared_error"", ""metric_value"": ""0.291""}, {""rank"": ""5"", ""model"": ""it-works-now"", ""metric_name"": ""mean_squared_error"", ""metric_value"": ""0.314""}, {""rank"": ""6"", ""model"": ""ML4DD-team16"", ""metric_name"": ""mean_squared_error"", ""metric_value"": ""0.311""}, {""rank"": ""7"", ""model"": ""ML4DD-team9"", ""metric_name"": ""mean_squared_error"", ""metric_value"": ""0.323""}, {""rank"": ""8"", ""model"": ""team9_submission_2"", ""metric_name"": ""mean_squared_error"", ""metric_value"": ""0.323""}, {""rank"": ""9"", ""model"": ""ExactTanimotoGP"", ""metric_name"": ""mean_squared_error"", ""metric_value"": ""0.325""}, {""rank"": ""10"", ""model"": ""ML4DD-team25"", ""metric_name"": ""mean_squared_error"", ""metric_value"": ""0.329""}]",2173,1738,435,raw,smiles,target,predefined,65f12df6b9e2a7abe204db5cff958f2c01aedc49ad9158bd3762c5a12a374454,5d717152f002212ed3406ed747d093a08f52e348ad0efdf0594ac3996dbd6c65,10115,8565,1550,520,444,586,0,0,0.999,,1e-08,0.005,0.995,,174,elasticnet_cv,False,0.1,0.3,74,3,random,174,False,2046.731958365919,7200.0,4852.725340542198,"[""morgan"", ""ecfp6"", ""fcfp6"", ""layered"", ""atom_pair"", ""topological_torsion"", ""rdk_path"", ""maccs"", ""rdkit"", ""maplight""]","[""morgan"", ""ecfp6"", ""fcfp6"", ""layered"", ""atom_pair"", ""topological_torsion"", ""rdk_path"", ""maccs"", ""rdkit"", ""maplight""]",[],0,8565,/media/volume/AutoQSARdata_300/model_cache/feature_store_parquet,parquet,137,2036,False,/media/volume/AutoQSARdata_300/model_cache/benchmark_feature_matrix_cache/57b4ab488aa8c7230cb9477068a14eb7122695b8e0b0e9a3ed9e2710dd853c5b.pkl,morgan_ecfp6_fcfp6_layered_atom_pair_topological_torsion_rdk_path_maccs_rdkit_maplight__9d9272112e8cc9d9,"Ensemble (OOF Stacking (RidgeCV, 5-fold))",ensemble,,,mse,,,,,,,0.9984380536273294,0.02640225657233884,0.019940945510524968,0.9951527147422955,0.3426258356234526,0.6052679416374144,0.40662650941035294,0.5115648543505865,0.3663492811739924,,,,,,,,,,,,1,,,,,,,11.0,False,0.03734928117399239,0.329,,,,,1587.503,1587.503,model_stage,0.318,27,ensemble (2 method(s)),model,2026-06-30 00:20:16 UTC,,,,,,,,,,,,,,,,,,,,,,,,,,,,,,,,,,,,,,,,,,,,OOF Stacking (RidgeCV),12.0,"ElasticNetCV, SVR, Random forest, AdaBoost, Tabular CNN, XGBoost, CatBoost, MapLight CatBoost (Strict Parity), Uni-Mol V1, Uni-Mol V2 (84m), MapLight + GNN (CatBoost, Strict Parity), CFA (Combinatorial Fusion)","Dropped highly correlated members using overlap train predictions: Tabular MLP (pair=Extra trees/Tabular MLP, corr=1.000); ChemML MLP (PyTorch) (pair=Extra trees/ChemML MLP (PyTorch), corr=0.999); Extra trees (pair=Extra trees/ChemML MLP (TensorFlow), corr=0.999); ChemML MLP (TensorFlow) (pair=ChemML MLP (TensorFlow)/CFA (Combinatorial Fusion), corr=0.998); Voting Regressor (KNN, SVM) (pair=SVR/Voting Regressor (KNN, SVM), corr=0.998); HistGradientBoosting (pair=HistGradientBoosting/XGBoost, corr=0.996)"
polaris_adme_fang_solu_1,Polaris ADME benchmark mirror: adme-fang-solu-1,polaris,polaris/adme-fang-solu-1,https://polarishub.io/benchmarks/polaris/adme-fang-solu-1,1B_MPNN_MolGPS-ens_LargeMix,mean_squared_error,0.222,predefined,10,"[{""rank"": ""1"", ""model"": ""1B_MPNN_MolGPS-ens_LargeMix"", ""metric_name"": ""mean_squared_error"", ""metric_value"": ""0.222""}, {""rank"": ""2"", ""model"": ""1B_MPNN_LargeMix-Phenomics"", ""metric_name"": ""mean_squared_error"", ""metric_value"": ""0.229""}, {""rank"": ""3"", ""model"": ""CheMeleonMOE"", ""metric_name"": ""mean_squared_error"", ""metric_value"": ""0.257""}, {""rank"": ""4"", ""model"": ""CheMeleon"", ""metric_name"": ""mean_squared_error"", ""metric_value"": ""0.291""}, {""rank"": ""5"", ""model"": ""it-works-now"", ""metric_name"": ""mean_squared_error"", ""metric_value"": ""0.314""}, {""rank"": ""6"", ""model"": ""ML4DD-team16"", ""metric_name"": ""mean_squared_error"", ""metric_value"": ""0.311""}, {""rank"": ""7"", ""model"": ""ML4DD-team9"", ""metric_name"": ""mean_squared_error"", ""metric_value"": ""0.323""}, {""rank"": ""8"", ""model"": ""team9_submission_2"", ""metric_name"": ""mean_squared_error"", ""metric_value"": ""0.323""}, {""rank"": ""9"", ""model"": ""ExactTanimotoGP"", ""metric_name"": ""mean_squared_error"", ""metric_value"": ""0.325""}, {""rank"": ""10"", ""model"": ""ML4DD-team25"", ""metric_name"": ""mean_squared_error"", ""metric_value"": ""0.329""}]",2173,1738,435,raw,smiles,target,predefined,65f12df6b9e2a7abe204db5cff958f2c01aedc49ad9158bd3762c5a12a374454,5d717152f002212ed3406ed747d093a08f52e348ad0efdf0594ac3996dbd6c65,10115,8565,1550,520,444,586,0,0,0.999,,1e-08,0.005,0.995,,174,elasticnet_cv,False,0.1,0.3,74,3,random,174,False,2046.731958365919,7200.0,4852.725340542198,"[""morgan"", ""ecfp6"", ""fcfp6"", ""layered"", ""atom_pair"", ""topological_torsion"", ""rdk_path"", ""maccs"", ""rdkit"", ""maplight""]","[""morgan"", ""ecfp6"", ""fcfp6"", ""layered"", ""atom_pair"", ""topological_torsion"", ""rdk_path"", ""maccs"", ""rdkit"", ""maplight""]",[],0,8565,/media/volume/AutoQSARdata_300/model_cache/feature_store_parquet,parquet,137,2036,False,/media/volume/AutoQSARdata_300/model_cache/benchmark_feature_matrix_cache/57b4ab488aa8c7230cb9477068a14eb7122695b8e0b0e9a3ed9e2710dd853c5b.pkl,morgan_ecfp6_fcfp6_layered_atom_pair_topological_torsion_rdk_path_maccs_rdkit_maplight__9d9272112e8cc9d9,Ensemble (Weighted average (inverse train RMSE)),ensemble,,,mse,,,,,,,0.941161994601167,0.1620454938048638,0.11787629511482724,0.9335287445207159,0.3771178694444648,0.589174974812578,0.40596288314252543,0.5394868179393156,0.3471271509454019,,,,,,,,,,,,1,,,,,,,11.0,False,0.018127150945401904,0.329,,,,,1587.793,1587.793,model_stage,0.608,27,ensemble (2 method(s)),model,2026-06-30 00:20:16 UTC,,,,,,,,,,,,,,,,,,,,,,,,,,,,,,,,,,,,,,,,,,,,Weighted average (inverse train RMSE),12.0,"ElasticNetCV, SVR, Random forest, AdaBoost, Tabular CNN, XGBoost, CatBoost, MapLight CatBoost (Strict Parity), Uni-Mol V1, Uni-Mol V2 (84m), MapLight + GNN (CatBoost, Strict Parity), CFA (Combinatorial Fusion)","Dropped highly correlated members using overlap train predictions: Tabular MLP (pair=Extra trees/Tabular MLP, corr=1.000); ChemML MLP (PyTorch) (pair=Extra trees/ChemML MLP (PyTorch), corr=0.999); Extra trees (pair=Extra trees/ChemML MLP (TensorFlow), corr=0.999); ChemML MLP (TensorFlow) (pair=ChemML MLP (TensorFlow)/CFA (Combinatorial Fusion), corr=0.998); Voting Regressor (KNN, SVM) (pair=SVR/Voting Regressor (KNN, SVM), corr=0.998); HistGradientBoosting (pair=HistGradientBoosting/XGBoost, corr=0.996)"
