model,train_metric,performance_strength,diversity_strength
ChemML MLP (PyTorch),0.026973039825015976,37.07405640919109,0.009306284847212597
"Chemprop v2 (AttentiveFP, ensemble=1)",0.26057879900459313,3.8376107489173488,0.008559989414542515
MapLight CatBoost (Strict Parity),0.09990423022916313,10.009586157724973,0.004471800067570126
Uni-Mol V1,0.25913816225914155,3.858945325852805,0.0048626931815796085
