model,train_metric,performance_strength,diversity_strength
ChemML MLP (PyTorch),0.000190258344881844,5256.0112441902575,0.026214270529834133
"Chemprop v2 (AttentiveFP + Selected descriptors, ensemble=1)",0.08306814702970666,12.038308735144676,0.020402424358097578
HistGradientBoosting,0.00021714521488780392,4605.2131543248,0.013208667330865396
"MapLight + GNN (CatBoost, Strict Parity)",0.04885693372180877,20.4679238712359,0.028995389938689598
