model,workflow,train_r2,train_rmse,train_mae,train_spearman,test_r2,test_rmse,test_mae,test_spearman,primary_metric,primary_metric_value
Uni-Mol V1,Uni-Mol,0.9197640209747213,0.18509806096287323,0.12290005079224091,0.9671003142519983,0.5132999005897019,0.45899402328028127,0.350935788189454,0.7046759206600155,rmse,0.45899402328028127
"Ensemble (OOF Stacking (RidgeCV, 5-fold))",ensemble,0.963267438557343,0.12523995358711495,0.05755710699551446,0.9864921332959727,0.4299060969811527,0.4967633088661556,0.38157795453476046,0.6515899962442383,rmse,0.4967633088661556
ChemML MLP (PyTorch),ChemML deep learning,0.9604340218508072,0.12998051236086444,0.0678822346736083,0.9862860637142951,0.40024611437151103,0.509521891552245,0.39288481850781914,0.6376603079219937,rmse,0.509521891552245
Ensemble (Weighted average (inverse train RMSE)),ensemble,0.9565833449649311,0.13615872361967452,0.0743293804282195,0.9840271134905648,0.5257198302349348,0.45309972263333675,0.34658181839547636,0.7092423254603252,rmse,0.45309972263333675
Uni-Mol V1,Uni-Mol,0.9197640209747213,0.18509806096287323,0.12290005079224091,0.9671003142519983,0.5132999005897019,0.45899402328028127,0.350935788189454,0.7046759206600155,rmse,0.45899402328028127
ChemML MLP (PyTorch),ChemML deep learning,0.9604340218508072,0.12998051236086444,0.0678822346736083,0.9862860637142951,0.40024611437151103,0.509521891552245,0.39288481850781914,0.6376603079219937,rmse,0.509521891552245
