dataset,dataset_label,target_family,smiles_subset,facet_row,model,workflow,n_train,n_test,adj_r2_feature_count,cv_r2,cv_adj_r2,cv_rmse,cv_mae,cv_spearman,cv_spearman_p,train_r2,train_adj_r2,train_rmse,train_mae,train_spearman,train_spearman_p,test_r2,test_adj_r2,test_rmse,test_mae,test_spearman,test_spearman_p
vdss_nonpfas_struct,vdss_nonpfas_struct,VDss,nonpfas_struct,nonpfas_struct,SVR,conventional,1441,347,446,0.742679012806067,0.6272211050711634,0.3295423261249959,0.2141590826171227,,,0.9465065610376424,0.9225044747426611,0.15094877145134036,0.09678270700791973,0.9815453868726416,0.0,0.4343595479862874,-194.71159639674457,0.4881674986175566,0.3828754372029182,0.6064204536656378,3.174257883864197e-36
hle_invivo_pfas_struct,hle_invivo_pfas_struct,HLe_invivo,pfas_struct,pfas_struct,Random forest,conventional,307,88,161,0.8759584339965301,0.7382295227788841,0.436506332920099,0.2959334177959125,,,0.9851043954601231,0.9685651380055011,0.15441780621624743,0.1041489958875688,0.9905463503963956,3.433453117752808e-265,0.7083561371647198,-24.37301606666938,0.599007108833601,0.4704151544983249,0.7525184924269109,2.838173242700983e-17
vdss_pfas_struct,vdss_pfas_struct,VDss,pfas_struct,pfas_struct,CFA (Combinatorial Fusion),cfa,126,21,80,0.9176627292155162,0.7712853589319894,0.1725450701414998,0.104675704828421,,,0.9919928793566261,0.9777579982128501,0.05932517947479201,0.03580428834122836,0.9920204254886299,2.171379364700752e-113,0.7002586037778414,-4.994827924443172,0.356842899761704,0.2839199045894339,0.90341582843073,2.035116542953425e-08
hle_invivo_pfas_tsca,HLe_invivo_pfas_tsca,HLe_invivo,pfas_tsca,pfas_tsca,HistGradientBoosting,conventional,164,41,45,0.8316601487459779,0.7674627478440204,0.5657351539013513,0.4012268447158891,,,0.9401784403450362,0.9173651336969567,0.3502902971476823,0.261443585046843,0.9580040729083765,8.542597254807213e-90,0.8451838925240494,-5.192644299038026,0.634530010126957,0.5405025631454534,0.9054112965709336,4.2965942775259343e-16
vdss_pfas_tsca,VDss_pfas_tsca,VDss,pfas_tsca,pfas_tsca,Tabular CNN,conventional,62,26,11,-7.551520124475108,-9.43285455185963,0.6820960320094318,0.3387906926423997,,,0.8475581911979608,0.8140209932615122,0.11536059934933347,0.0890146083225241,0.9068138292510836,3.48199760615077e-24,-0.10212365817612423,-0.9680779610287933,0.35550400542521216,0.2732550810134205,-0.16772429421250026,0.41278983373529626
