strategy_target_family,strategy_species,strategy_sex,strategy_training_scope,strategy_source_dataset_label,strategy_model,strategy_workflow,strategy_aux_vars_included,strategy_auxiliary_feature_count,strategy_model_train_rows,strategy_model_test_rows,strategy_same_species_sex_train_rows,strategy_same_species_sex_pfas_train_rows,strategy_pfas_test_rows,strategy_test_rmse,strategy_test_mae,strategy_test_r2,strategy_selection_note,scatter_split,scatter_role,is_pfas_chemical,dataset,model,workflow,plot_split,smiles,observed,predicted,eval_species,eval_sex
HLe_invivo,Human,F,PFAS-only training,hle_invivo_pfas_struct,Random forest,conventional,True,19,307,88,13,13,3,0.036301568903653894,0.029184673795442578,0.9989973467366053,ranked among candidates with >= 2 PFAS test rows,Train,Train PFAS,True,hle_invivo_pfas_struct,Random forest,conventional,Train,O=C(O)C(F)(F)C(F)(F)C(F)(F)C(F)(F)C(F)(F)C(F)(F)C(F)(F)C(F)(F)C(F)(F)C(F)(F)F,4.595716619943424,4.796273389002153,Human,F
HLe_invivo,Human,F,PFAS-only training,hle_invivo_pfas_struct,Random forest,conventional,True,19,307,88,13,13,3,0.036301568903653894,0.029184673795442578,0.9989973467366053,ranked among candidates with >= 2 PFAS test rows,Train,Train PFAS,True,hle_invivo_pfas_struct,Random forest,conventional,Train,O=C(O)C(F)(F)C(F)(F)C(F)(F)C(F)(F)C(F)(F)C(F)(F)C(F)(F)C(F)(F)C(F)(F)F,4.570140358719733,4.795950654780536,Human,F
HLe_invivo,Human,F,PFAS-only training,hle_invivo_pfas_struct,Random forest,conventional,True,19,307,88,13,13,3,0.036301568903653894,0.029184673795442578,0.9989973467366053,ranked among candidates with >= 2 PFAS test rows,Train,Train PFAS,True,hle_invivo_pfas_struct,Random forest,conventional,Train,O=C(O)C(F)(F)C(F)(F)C(F)(F)C(F)(F)C(F)(F)C(F)(F)C(F)(F)F,4.376556832575032,4.403086949839541,Human,F
HLe_invivo,Human,F,PFAS-only training,hle_invivo_pfas_struct,Random forest,conventional,True,19,307,88,13,13,3,0.036301568903653894,0.029184673795442578,0.9989973467366053,ranked among candidates with >= 2 PFAS test rows,Train,Train PFAS,True,hle_invivo_pfas_struct,Random forest,conventional,Train,O=C(O)C(F)(F)C(F)(F)C(F)(F)C(F)(F)C(F)(F)C(F)(F)F,3.816058833646458,3.898369598819317,Human,F
HLe_invivo,Human,F,PFAS-only training,hle_invivo_pfas_struct,Random forest,conventional,True,19,307,88,13,13,3,0.036301568903653894,0.029184673795442578,0.9989973467366053,ranked among candidates with >= 2 PFAS test rows,Train,Train PFAS,True,hle_invivo_pfas_struct,Random forest,conventional,Train,O=S(=O)(O)C(F)(F)C(F)(F)C(F)(F)C(F)(F)C(F)(F)C(F)(F)C(F)(F)C(F)(F)F,4.606841697256681,4.798841315519997,Human,F
HLe_invivo,Human,F,PFAS-only training,hle_invivo_pfas_struct,Random forest,conventional,True,19,307,88,13,13,3,0.036301568903653894,0.029184673795442578,0.9989973467366053,ranked among candidates with >= 2 PFAS test rows,Train,Train PFAS,True,hle_invivo_pfas_struct,Random forest,conventional,Train,O=S(=O)(O)C(F)(F)C(F)(F)C(F)(F)C(F)(F)C(F)(F)C(F)(F)F,4.947583993589047,5.05291331756559,Human,F
HLe_invivo,Human,F,PFAS-only training,hle_invivo_pfas_struct,Random forest,conventional,True,19,307,88,13,13,3,0.036301568903653894,0.029184673795442578,0.9989973467366053,ranked among candidates with >= 2 PFAS test rows,Train,Train PFAS,True,hle_invivo_pfas_struct,Random forest,conventional,Train,O=S(=O)(O)C(F)(F)C(F)(F)C(F)(F)C(F)(F)F,2.982313981612557,2.81565044520313,Human,F
HLe_invivo,Human,F,PFAS-only training,hle_invivo_pfas_struct,Random forest,conventional,True,19,307,88,13,13,3,0.036301568903653894,0.029184673795442578,0.9989973467366053,ranked among candidates with >= 2 PFAS test rows,Train,Train PFAS,True,hle_invivo_pfas_struct,Random forest,conventional,Train,O=S(=O)(O)C(F)(F)C(F)(F)OC(F)(F)C(F)(F)C(F)(F)C(F)(F)C(F)(F)C(F)(F)Cl,5.209675834571095,5.0912652335133135,Human,F
HLe_invivo,Human,F,PFAS-only training,hle_invivo_pfas_struct,Random forest,conventional,True,19,307,88,13,13,3,0.036301568903653894,0.029184673795442578,0.9989973467366053,ranked among candidates with >= 2 PFAS test rows,Train,Train PFAS,True,hle_invivo_pfas_struct,Random forest,conventional,Train,O=C(O)C(F)(F)C(F)(F)C(F)(F)C(F)(F)C(F)(F)C(F)(F)C(F)(F)C(F)(F)C(F)(F)C(F)(F)F,4.595716619943424,4.814167476672756,Human,F
HLe_invivo,Human,F,PFAS-only training,hle_invivo_pfas_struct,Random forest,conventional,True,19,307,88,13,13,3,0.036301568903653894,0.029184673795442578,0.9989973467366053,ranked among candidates with >= 2 PFAS test rows,Train,Train PFAS,True,hle_invivo_pfas_struct,Random forest,conventional,Train,O=C(O)C(F)(F)C(F)(F)C(F)(F)C(F)(F)C(F)(F)C(F)(F)C(F)(F)C(F)(F)C(F)(F)F,4.595716619943424,4.807104559311795,Human,F
HLe_invivo,Human,F,PFAS-only training,hle_invivo_pfas_struct,Random forest,conventional,True,19,307,88,13,13,3,0.036301568903653894,0.029184673795442578,0.9989973467366053,ranked among candidates with >= 2 PFAS test rows,Train,Train PFAS,True,hle_invivo_pfas_struct,Random forest,conventional,Train,O=C(O)C(F)(F)C(F)(F)C(F)(F)C(F)(F)C(F)(F)C(F)(F)C(F)(F)F,4.264817823009537,4.329179151950683,Human,F
HLe_invivo,Human,F,PFAS-only training,hle_invivo_pfas_struct,Random forest,conventional,True,19,307,88,13,13,3,0.036301568903653894,0.029184673795442578,0.9989973467366053,ranked among candidates with >= 2 PFAS test rows,Train,Train PFAS,True,hle_invivo_pfas_struct,Random forest,conventional,Train,O=C(O)C(F)(F)C(F)(F)C(F)(F)C(F)(F)C(F)(F)C(F)(F)F,4.118595365223762,4.01153073288219,Human,F
HLe_invivo,Human,F,PFAS-only training,hle_invivo_pfas_struct,Random forest,conventional,True,19,307,88,13,13,3,0.036301568903653894,0.029184673795442578,0.9989973467366053,ranked among candidates with >= 2 PFAS test rows,Train,Train PFAS,True,hle_invivo_pfas_struct,Random forest,conventional,Train,O=S(=O)(O)C(F)(F)C(F)(F)C(F)(F)C(F)(F)C(F)(F)C(F)(F)F,4.828981954007923,4.965774397703524,Human,F
HLe_invivo,Human,F,PFAS-only training,hle_invivo_pfas_struct,Random forest,conventional,True,19,307,88,13,13,3,0.036301568903653894,0.029184673795442578,0.9989973467366053,ranked among candidates with >= 2 PFAS test rows,PFAS test,PFAS test,True,hle_invivo_pfas_struct,Random forest,conventional,Test,O=C(O)C(F)(F)C(F)(F)C(F)(F)C(F)(F)C(F)(F)C(F)(F)C(F)(F)C(F)(F)F,4.340444114840118,4.399224009857038,Human,F
HLe_invivo,Human,F,PFAS-only training,hle_invivo_pfas_struct,Random forest,conventional,True,19,307,88,13,13,3,0.036301568903653894,0.029184673795442578,0.9989973467366053,ranked among candidates with >= 2 PFAS test rows,PFAS test,PFAS test,True,hle_invivo_pfas_struct,Random forest,conventional,Test,O=C(O)C(F)(OC(F)(F)C(F)(F)C(F)(F)F)C(F)(F)F,1.90848501887865,1.9293667137788049,Human,F
HLe_invivo,Human,F,PFAS-only training,hle_invivo_pfas_struct,Random forest,conventional,True,19,307,88,13,13,3,0.036301568903653894,0.029184673795442578,0.9989973467366053,ranked among candidates with >= 2 PFAS test rows,PFAS test,PFAS test,True,hle_invivo_pfas_struct,Random forest,conventional,Test,O=C(O)C(F)(F)C(F)(F)C(F)(F)C(F)(F)C(F)(F)C(F)(F)C(F)(F)C(F)(F)F,4.340444114840118,4.332551683370865,Human,F
HLe_invivo,Human,M,PFAS-only training,hle_invivo_pfas_struct,Random forest,conventional,True,19,307,88,10,10,3,0.37901633502900944,0.2563477789565946,0.8686420923170237,ranked among candidates with >= 2 PFAS test rows,Train,Train PFAS,True,hle_invivo_pfas_struct,Random forest,conventional,Train,O=C(O)C(F)(F)F,1.45484486000851,1.4686763497205917,Human,M
HLe_invivo,Human,M,PFAS-only training,hle_invivo_pfas_struct,Random forest,conventional,True,19,307,88,10,10,3,0.37901633502900944,0.2563477789565946,0.8686420923170237,ranked among candidates with >= 2 PFAS test rows,Train,Train PFAS,True,hle_invivo_pfas_struct,Random forest,conventional,Train,O=C(O)C(F)(F)C(F)(F)C(F)(F)C(F)(F)C(F)(F)C(F)(F)C(F)(F)C(F)(F)C(F)(F)F,4.793762454887156,4.754193286973093,Human,M
HLe_invivo,Human,M,PFAS-only training,hle_invivo_pfas_struct,Random forest,conventional,True,19,307,88,10,10,3,0.37901633502900944,0.2563477789565946,0.8686420923170237,ranked among candidates with >= 2 PFAS test rows,Train,Train PFAS,True,hle_invivo_pfas_struct,Random forest,conventional,Train,O=C(O)C(F)(F)C(F)(F)C(F)(F)C(F)(F)C(F)(F)C(F)(F)C(F)(F)F,4.486397579482525,4.375066821920181,Human,M
HLe_invivo,Human,M,PFAS-only training,hle_invivo_pfas_struct,Random forest,conventional,True,19,307,88,10,10,3,0.37901633502900944,0.2563477789565946,0.8686420923170237,ranked among candidates with >= 2 PFAS test rows,Train,Train PFAS,True,hle_invivo_pfas_struct,Random forest,conventional,Train,O=C(O)C(F)(F)C(F)(F)C(F)(F)C(F)(F)C(F)(F)C(F)(F)F,3.484833779347705,3.6452621228976287,Human,M
HLe_invivo,Human,M,PFAS-only training,hle_invivo_pfas_struct,Random forest,conventional,True,19,307,88,10,10,3,0.37901633502900944,0.2563477789565946,0.8686420923170237,ranked among candidates with >= 2 PFAS test rows,Train,Train PFAS,True,hle_invivo_pfas_struct,Random forest,conventional,Train,O=C(O)C(F)(F)C(F)(F)C(F)(F)F,1.842609239610562,1.904230145120821,Human,M
HLe_invivo,Human,M,PFAS-only training,hle_invivo_pfas_struct,Random forest,conventional,True,19,307,88,10,10,3,0.37901633502900944,0.2563477789565946,0.8686420923170237,ranked among candidates with >= 2 PFAS test rows,Train,Train PFAS,True,hle_invivo_pfas_struct,Random forest,conventional,Train,O=S(=O)(O)C(F)(F)C(F)(F)C(F)(F)C(F)(F)C(F)(F)C(F)(F)C(F)(F)C(F)(F)F,4.51273809895813,4.63428739570417,Human,M
HLe_invivo,Human,M,PFAS-only training,hle_invivo_pfas_struct,Random forest,conventional,True,19,307,88,10,10,3,0.37901633502900944,0.2563477789565946,0.8686420923170237,ranked among candidates with >= 2 PFAS test rows,Train,Train PFAS,True,hle_invivo_pfas_struct,Random forest,conventional,Train,O=S(=O)(O)C(F)(F)C(F)(F)C(F)(F)C(F)(F)C(F)(F)C(F)(F)F,5.099963876166943,5.041415015198293,Human,M
HLe_invivo,Human,M,PFAS-only training,hle_invivo_pfas_struct,Random forest,conventional,True,19,307,88,10,10,3,0.37901633502900944,0.2563477789565946,0.8686420923170237,ranked among candidates with >= 2 PFAS test rows,Train,Train PFAS,True,hle_invivo_pfas_struct,Random forest,conventional,Train,O=S(=O)(O)C(F)(F)C(F)(F)C(F)(F)C(F)(F)F,2.848908940003181,2.776095320080552,Human,M
HLe_invivo,Human,M,PFAS-only training,hle_invivo_pfas_struct,Random forest,conventional,True,19,307,88,10,10,3,0.37901633502900944,0.2563477789565946,0.8686420923170237,ranked among candidates with >= 2 PFAS test rows,Train,Train PFAS,True,hle_invivo_pfas_struct,Random forest,conventional,Train,O=S(=O)(O)C(F)(F)C(F)(F)OC(F)(F)C(F)(F)C(F)(F)C(F)(F)C(F)(F)C(F)(F)Cl,5.209675834571095,5.062109394057451,Human,M
HLe_invivo,Human,M,PFAS-only training,hle_invivo_pfas_struct,Random forest,conventional,True,19,307,88,10,10,3,0.37901633502900944,0.2563477789565946,0.8686420923170237,ranked among candidates with >= 2 PFAS test rows,Train,Train PFAS,True,hle_invivo_pfas_struct,Random forest,conventional,Train,O=C(O)C(F)(F)C(F)(F)C(F)(F)F,1.842609239610562,1.803311823973968,Human,M
HLe_invivo,Human,M,PFAS-only training,hle_invivo_pfas_struct,Random forest,conventional,True,19,307,88,10,10,3,0.37901633502900944,0.2563477789565946,0.8686420923170237,ranked among candidates with >= 2 PFAS test rows,PFAS test,PFAS test,True,hle_invivo_pfas_struct,Random forest,conventional,Test,O=C(O)C(F)(F)C(F)(F)C(F)(F)C(F)(F)C(F)(F)C(F)(F)C(F)(F)C(F)(F)F,4.447654084487986,4.366853334778828,Human,M
HLe_invivo,Human,M,PFAS-only training,hle_invivo_pfas_struct,Random forest,conventional,True,19,307,88,10,10,3,0.37901633502900944,0.2563477789565946,0.8686420923170237,ranked among candidates with >= 2 PFAS test rows,PFAS test,PFAS test,True,hle_invivo_pfas_struct,Random forest,conventional,Test,O=C(O)C(F)(F)C(F)(F)C(F)(F)C(F)(F)C(F)(F)F,2.885361220031512,3.5357442122554272,Human,M
HLe_invivo,Human,M,PFAS-only training,hle_invivo_pfas_struct,Random forest,conventional,True,19,307,88,10,10,3,0.37901633502900944,0.2563477789565946,0.8686420923170237,ranked among candidates with >= 2 PFAS test rows,PFAS test,PFAS test,True,hle_invivo_pfas_struct,Random forest,conventional,Test,O=C(O)C(F)(OC(F)(F)C(F)(F)C(F)(F)F)C(F)(F)F,1.90848501887865,1.94634461381536,Human,M
HLe_invivo,Human,MF,PFAS-only training,HLe_invivo_pfas_tsca,HistGradientBoosting,conventional,True,19,164,41,14,14,4,0.22970912846277294,0.2234144600514445,-0.06294869639412393,ranked among candidates with >= 2 PFAS test rows,Train,Train PFAS,True,hle_invivo_pfas_tsca,HistGradientBoosting,conventional,Train,CC12CCC3c4ccc(O)cc4CC(CCCCCCCCCS(=O)CCCC(F)(F)C(F)(F)F)C3C1CCC2O,1.204119982655925,1.017654128171592,Human,MF
HLe_invivo,Human,MF,PFAS-only training,HLe_invivo_pfas_tsca,HistGradientBoosting,conventional,True,19,164,41,14,14,4,0.22970912846277294,0.2234144600514445,-0.06294869639412393,ranked among candidates with >= 2 PFAS test rows,Train,Train PFAS,True,hle_invivo_pfas_tsca,HistGradientBoosting,conventional,Train,FC(F)(F)C(F)(F)C(F)(F)F,-1.698970004336019,0.2827518678886991,Human,MF
HLe_invivo,Human,MF,PFAS-only training,HLe_invivo_pfas_tsca,HistGradientBoosting,conventional,True,19,164,41,14,14,4,0.22970912846277294,0.2234144600514445,-0.06294869639412393,ranked among candidates with >= 2 PFAS test rows,Train,Train PFAS,True,hle_invivo_pfas_tsca,HistGradientBoosting,conventional,Train,CC12CCC3c4ccc(O)cc4CC(CCCCCCCCCS(=O)CCCC(F)(F)C(F)(F)F)C3C1CCC2O,2.982271233039568,2.334933092763348,Human,MF
HLe_invivo,Human,MF,PFAS-only training,HLe_invivo_pfas_tsca,HistGradientBoosting,conventional,True,19,164,41,14,14,4,0.22970912846277294,0.2234144600514445,-0.06294869639412393,ranked among candidates with >= 2 PFAS test rows,Train,Train PFAS,True,hle_invivo_pfas_tsca,HistGradientBoosting,conventional,Train,O=C(O)C(F)(F)C(F)(F)C(F)(F)C(F)(F)C(F)(F)C(F)(F)C(F)(F)C(F)(F)C(F)(F)F,5.021602716028243,4.859954964971458,Human,MF
HLe_invivo,Human,MF,PFAS-only training,HLe_invivo_pfas_tsca,HistGradientBoosting,conventional,True,19,164,41,14,14,4,0.22970912846277294,0.2234144600514445,-0.06294869639412393,ranked among candidates with >= 2 PFAS test rows,Train,Train PFAS,True,hle_invivo_pfas_tsca,HistGradientBoosting,conventional,Train,O=C(O)C(F)(F)C(F)(F)C(F)(F)C(F)(F)C(F)(F)C(F)(F)C(F)(F)F,4.438493957328392,4.39690667908867,Human,MF
HLe_invivo,Human,MF,PFAS-only training,HLe_invivo_pfas_tsca,HistGradientBoosting,conventional,True,19,164,41,14,14,4,0.22970912846277294,0.2234144600514445,-0.06294869639412393,ranked among candidates with >= 2 PFAS test rows,Train,Train PFAS,True,hle_invivo_pfas_tsca,HistGradientBoosting,conventional,Train,O=C(O)C(F)(F)C(F)(F)C(F)(F)C(F)(F)C(F)(F)C(F)(F)F,4.021602716028243,3.881872983928907,Human,MF
HLe_invivo,Human,MF,PFAS-only training,HLe_invivo_pfas_tsca,HistGradientBoosting,conventional,True,19,164,41,14,14,4,0.22970912846277294,0.2234144600514445,-0.06294869639412393,ranked among candidates with >= 2 PFAS test rows,Train,Train PFAS,True,hle_invivo_pfas_tsca,HistGradientBoosting,conventional,Train,O=C(O)C(F)(F)C(F)(F)C(F)(F)F,1.857332496431269,2.095176684552822,Human,MF
HLe_invivo,Human,MF,PFAS-only training,HLe_invivo_pfas_tsca,HistGradientBoosting,conventional,True,19,164,41,14,14,4,0.22970912846277294,0.2234144600514445,-0.06294869639412393,ranked among candidates with >= 2 PFAS test rows,Train,Train PFAS,True,hle_invivo_pfas_tsca,HistGradientBoosting,conventional,Train,O=S(=O)(O)C(F)(F)C(F)(F)C(F)(F)C(F)(F)C(F)(F)C(F)(F)C(F)(F)C(F)(F)F,5.024896347358,4.981862372137425,Human,MF
HLe_invivo,Human,MF,PFAS-only training,HLe_invivo_pfas_tsca,HistGradientBoosting,conventional,True,19,164,41,14,14,4,0.22970912846277294,0.2234144600514445,-0.06294869639412393,ranked among candidates with >= 2 PFAS test rows,Train,Train PFAS,True,hle_invivo_pfas_tsca,HistGradientBoosting,conventional,Train,O=S(=O)(O)C(F)(F)C(F)(F)C(F)(F)C(F)(F)C(F)(F)C(F)(F)F,5.179713697611584,4.956228779665289,Human,MF
HLe_invivo,Human,MF,PFAS-only training,HLe_invivo_pfas_tsca,HistGradientBoosting,conventional,True,19,164,41,14,14,4,0.22970912846277294,0.2234144600514445,-0.06294869639412393,ranked among candidates with >= 2 PFAS test rows,Train,Train PFAS,True,hle_invivo_pfas_tsca,HistGradientBoosting,conventional,Train,O=C(O)C(F)(F)C(F)(F)C(F)(F)C(F)(F)C(F)(F)C(F)(F)C(F)(F)C(F)(F)C(F)(F)F,5.021602716028243,4.744307704054821,Human,MF
HLe_invivo,Human,MF,PFAS-only training,HLe_invivo_pfas_tsca,HistGradientBoosting,conventional,True,19,164,41,14,14,4,0.22970912846277294,0.2234144600514445,-0.06294869639412393,ranked among candidates with >= 2 PFAS test rows,Train,Train PFAS,True,hle_invivo_pfas_tsca,HistGradientBoosting,conventional,Train,O=C(O)C(F)(F)C(F)(F)C(F)(F)C(F)(F)C(F)(F)C(F)(F)C(F)(F)F,4.438493957328392,4.300369484142292,Human,MF
HLe_invivo,Human,MF,PFAS-only training,HLe_invivo_pfas_tsca,HistGradientBoosting,conventional,True,19,164,41,14,14,4,0.22970912846277294,0.2234144600514445,-0.06294869639412393,ranked among candidates with >= 2 PFAS test rows,Train,Train PFAS,True,hle_invivo_pfas_tsca,HistGradientBoosting,conventional,Train,O=C(O)C(F)(F)C(F)(F)C(F)(F)C(F)(F)C(F)(F)C(F)(F)F,4.021602716028243,3.9075599130008944,Human,MF
HLe_invivo,Human,MF,PFAS-only training,HLe_invivo_pfas_tsca,HistGradientBoosting,conventional,True,19,164,41,14,14,4,0.22970912846277294,0.2234144600514445,-0.06294869639412393,ranked among candidates with >= 2 PFAS test rows,Train,Train PFAS,True,hle_invivo_pfas_tsca,HistGradientBoosting,conventional,Train,O=C(O)C(F)(F)C(F)(F)C(F)(F)F,1.857332496431269,2.1168966603650032,Human,MF
HLe_invivo,Human,MF,PFAS-only training,HLe_invivo_pfas_tsca,HistGradientBoosting,conventional,True,19,164,41,14,14,4,0.22970912846277294,0.2234144600514445,-0.06294869639412393,ranked among candidates with >= 2 PFAS test rows,Train,Train PFAS,True,hle_invivo_pfas_tsca,HistGradientBoosting,conventional,Train,O=S(=O)(O)C(F)(F)C(F)(F)C(F)(F)C(F)(F)C(F)(F)C(F)(F)F,5.179713697611584,4.9808649531057165,Human,MF
HLe_invivo,Human,MF,PFAS-only training,HLe_invivo_pfas_tsca,HistGradientBoosting,conventional,True,19,164,41,14,14,4,0.22970912846277294,0.2234144600514445,-0.06294869639412393,ranked among candidates with >= 2 PFAS test rows,PFAS test,PFAS test,True,hle_invivo_pfas_tsca,HistGradientBoosting,conventional,Test,O=C(O)C(F)(F)C(F)(F)C(F)(F)C(F)(F)C(F)(F)C(F)(F)C(F)(F)C(F)(F)C(F)(F)C(F)(F)F,5.021602716028243,4.859954964971458,Human,MF
HLe_invivo,Human,MF,PFAS-only training,HLe_invivo_pfas_tsca,HistGradientBoosting,conventional,True,19,164,41,14,14,4,0.22970912846277294,0.2234144600514445,-0.06294869639412393,ranked among candidates with >= 2 PFAS test rows,PFAS test,PFAS test,True,hle_invivo_pfas_tsca,HistGradientBoosting,conventional,Test,O=C(O)C(F)(F)C(F)(F)C(F)(F)C(F)(F)C(F)(F)C(F)(F)C(F)(F)C(F)(F)F,4.575995620203267,4.39690667908867,Human,MF
HLe_invivo,Human,MF,PFAS-only training,HLe_invivo_pfas_tsca,HistGradientBoosting,conventional,True,19,164,41,14,14,4,0.22970912846277294,0.2234144600514445,-0.06294869639412393,ranked among candidates with >= 2 PFAS test rows,PFAS test,PFAS test,True,hle_invivo_pfas_tsca,HistGradientBoosting,conventional,Test,O=C(O)C(F)(F)C(F)(F)C(F)(F)C(F)(F)C(F)(F)C(F)(F)C(F)(F)C(F)(F)C(F)(F)C(F)(F)F,5.021602716028243,4.744307704054821,Human,MF
HLe_invivo,Human,MF,PFAS-only training,HLe_invivo_pfas_tsca,HistGradientBoosting,conventional,True,19,164,41,14,14,4,0.22970912846277294,0.2234144600514445,-0.06294869639412393,ranked among candidates with >= 2 PFAS test rows,PFAS test,PFAS test,True,hle_invivo_pfas_tsca,HistGradientBoosting,conventional,Test,O=C(O)C(F)(F)C(F)(F)C(F)(F)C(F)(F)C(F)(F)C(F)(F)C(F)(F)C(F)(F)F,4.575995620203267,4.300369484142292,Human,MF
HLe_invivo,Monkey,F,PFAS + non-PFAS training,hle_invivo_all_aux,XGBoost,conventional,True,21,6341,1585,24,22,22,0.7950684130458241,0.6702445484894487,0.22792286289566022,ranked among candidates with >= 2 PFAS test rows,Train,Train PFAS,True,hle_invivo_all_aux,XGBoost,conventional,Train,O=S(=O)(O)C(F)(F)C(F)(F)C(F)(F)C(F)(F)C(F)(F)C(F)(F)C(F)(F)C(F)(F)F,3.421603926869831,3.4510040283203125,Monkey,F
HLe_invivo,Monkey,F,PFAS + non-PFAS training,hle_invivo_all_aux,XGBoost,conventional,True,21,6341,1585,24,22,22,0.7950684130458241,0.6702445484894487,0.22792286289566022,ranked among candidates with >= 2 PFAS test rows,Train,Train PFAS,True,hle_invivo_all_aux,XGBoost,conventional,Train,O=S(=O)(O)C(F)(F)C(F)(F)C(F)(F)C(F)(F)C(F)(F)C(F)(F)F,3.319730494330225,3.3447136878967285,Monkey,F
HLe_invivo,Monkey,F,PFAS + non-PFAS training,hle_invivo_all_aux,XGBoost,conventional,True,21,6341,1585,24,22,22,0.7950684130458241,0.6702445484894487,0.22792286289566022,ranked among candidates with >= 2 PFAS test rows,Train,Train PFAS,True,hle_invivo_all_aux,XGBoost,conventional,Train,O=S(=O)(O)C(F)(F)C(F)(F)C(F)(F)C(F)(F)F,1.41346430290758,1.4694279432296753,Monkey,F
HLe_invivo,Monkey,F,PFAS + non-PFAS training,hle_invivo_all_aux,XGBoost,conventional,True,21,6341,1585,24,22,22,0.7950684130458241,0.6702445484894487,0.22792286289566022,ranked among candidates with >= 2 PFAS test rows,Train,Train PFAS,True,hle_invivo_all_aux,XGBoost,conventional,Train,O=C(O)C(F)(F)C(F)(F)C(F)(F)C(F)(F)C(F)(F)C(F)(F)C(F)(F)F,2.893428841779545,2.8825879096984863,Monkey,F
HLe_invivo,Monkey,F,PFAS + non-PFAS training,hle_invivo_all_aux,XGBoost,conventional,True,21,6341,1585,24,22,22,0.7950684130458241,0.6702445484894487,0.22792286289566022,ranked among candidates with >= 2 PFAS test rows,Train,Train PFAS,True,hle_invivo_all_aux,XGBoost,conventional,Train,O=C(O)C(F)(F)C(F)(F)C(F)(F)F,1.612783856719735,1.4721332788467407,Monkey,F
HLe_invivo,Monkey,F,PFAS + non-PFAS training,hle_invivo_all_aux,XGBoost,conventional,True,21,6341,1585,24,22,22,0.7950684130458241,0.6702445484894487,0.22792286289566022,ranked among candidates with >= 2 PFAS test rows,Train,Train PFAS,True,hle_invivo_all_aux,XGBoost,conventional,Train,O=C(O)C(F)(F)OC(F)(F)C(F)(F)OC(F)(F)C(F)(F)F,1.027306527278444,1.160875678062439,Monkey,F
HLe_invivo,Monkey,F,PFAS + non-PFAS training,hle_invivo_all_aux,XGBoost,conventional,True,21,6341,1585,24,22,22,0.7950684130458241,0.6702445484894487,0.22792286289566022,ranked among candidates with >= 2 PFAS test rows,Train,Train PFAS,True,hle_invivo_all_aux,XGBoost,conventional,Train,O=S(=O)(O)C(F)(F)C(F)(F)C(F)(F)C(F)(F)C(F)(F)C(F)(F)F,3.319730494330225,3.4252164363861084,Monkey,F
HLe_invivo,Monkey,F,PFAS + non-PFAS training,hle_invivo_all_aux,XGBoost,conventional,True,21,6341,1585,24,22,22,0.7950684130458241,0.6702445484894487,0.22792286289566022,ranked among candidates with >= 2 PFAS test rows,Train,Train PFAS,True,hle_invivo_all_aux,XGBoost,conventional,Train,O=C(O)C(F)(F)C(F)OC(F)(F)C(F)(F)C(F)(F)OC(F)(F)F,0.7923916894982539,0.7740130424499512,Monkey,F
HLe_invivo,Monkey,F,PFAS + non-PFAS training,hle_invivo_all_aux,XGBoost,conventional,True,21,6341,1585,24,22,22,0.7950684130458241,0.6702445484894487,0.22792286289566022,ranked among candidates with >= 2 PFAS test rows,Train,Train PFAS,True,hle_invivo_all_aux,XGBoost,conventional,Train,O=C(O)C(F)(F)C(F)(F)C(F)(F)C(F)(F)C(F)(F)C(F)(F)C(F)(F)C(F)(F)C(F)(F)F,3.013679697291193,2.9951817989349365,Monkey,F
HLe_invivo,Monkey,F,PFAS + non-PFAS training,hle_invivo_all_aux,XGBoost,conventional,True,21,6341,1585,24,22,22,0.7950684130458241,0.6702445484894487,0.22792286289566022,ranked among candidates with >= 2 PFAS test rows,Train,Train PFAS,True,hle_invivo_all_aux,XGBoost,conventional,Train,O=C(O)C(F)(F)C(F)(F)C(F)(F)C(F)(F)C(F)(F)C(F)(F)C(F)(F)F,2.615948780041485,2.432886838912964,Monkey,F
HLe_invivo,Monkey,F,PFAS + non-PFAS training,hle_invivo_all_aux,XGBoost,conventional,True,21,6341,1585,24,22,22,0.7950684130458241,0.6702445484894487,0.22792286289566022,ranked among candidates with >= 2 PFAS test rows,Train,Train PFAS,True,hle_invivo_all_aux,XGBoost,conventional,Train,O=P(O)(O)C(F)(F)C(F)(F)C(F)(F)C(F)(F)C(F)(F)C(F)(F)F,1.362482474751174,1.4141911268234253,Monkey,F
HLe_invivo,Monkey,F,PFAS + non-PFAS training,hle_invivo_all_aux,XGBoost,conventional,True,21,6341,1585,24,22,22,0.7950684130458241,0.6702445484894487,0.22792286289566022,ranked among candidates with >= 2 PFAS test rows,Train,Train PFAS,True,hle_invivo_all_aux,XGBoost,conventional,Train,O=C(O)C(F)(F)C(F)OC(F)(F)C(F)(F)C(F)(F)OC(F)(F)F,1.361727836017593,1.2614707946777344,Monkey,F
HLe_invivo,Monkey,F,PFAS + non-PFAS training,hle_invivo_all_aux,XGBoost,conventional,True,21,6341,1585,24,22,22,0.7950684130458241,0.6702445484894487,0.22792286289566022,ranked among candidates with >= 2 PFAS test rows,Train,Train PFAS,True,hle_invivo_all_aux,XGBoost,conventional,Train,OCCC(F)(F)C(F)(F)C(F)(F)C(F)(F)C(F)(F)C(F)(F)C(F)(F)C(F)(F)F,0.4709118456004019,0.2938469052314758,Monkey,F
HLe_invivo,Monkey,F,PFAS + non-PFAS training,hle_invivo_all_aux,XGBoost,conventional,True,21,6341,1585,24,22,22,0.7950684130458241,0.6702445484894487,0.22792286289566022,ranked among candidates with >= 2 PFAS test rows,Train,Train PFAS,True,hle_invivo_all_aux,XGBoost,conventional,Train,OCCC(F)(F)C(F)(F)C(F)(F)C(F)(F)C(F)(F)C(F)(F)F,1.340444114840118,1.1071946620941162,Monkey,F
HLe_invivo,Monkey,F,PFAS + non-PFAS training,hle_invivo_all_aux,XGBoost,conventional,True,21,6341,1585,24,22,22,0.7950684130458241,0.6702445484894487,0.22792286289566022,ranked among candidates with >= 2 PFAS test rows,Train,Train PFAS,True,hle_invivo_all_aux,XGBoost,conventional,Train,O=S(=O)(O)C(F)(F)C(F)(F)C(F)(F)C(F)(F)C(F)(F)C(F)(F)C(F)(F)C(F)(F)F,2.815663801766173,2.827749490737915,Monkey,F
HLe_invivo,Monkey,F,PFAS + non-PFAS training,hle_invivo_all_aux,XGBoost,conventional,True,21,6341,1585,24,22,22,0.7950684130458241,0.6702445484894487,0.22792286289566022,ranked among candidates with >= 2 PFAS test rows,Train,Train PFAS,True,hle_invivo_all_aux,XGBoost,conventional,Train,O=S(=O)(O)C(F)(F)C(F)(F)C(F)(F)C(F)(F)C(F)(F)C(F)(F)F,1.552817067060754,1.8861517906188965,Monkey,F
HLe_invivo,Monkey,F,PFAS + non-PFAS training,hle_invivo_all_aux,XGBoost,conventional,True,21,6341,1585,24,22,22,0.7950684130458241,0.6702445484894487,0.22792286289566022,ranked among candidates with >= 2 PFAS test rows,Train,Train PFAS,True,hle_invivo_all_aux,XGBoost,conventional,Train,O=S(=O)(O)C(F)(F)C(F)(F)C(F)(F)C(F)(F)F,0.6882073638606668,0.7201878428459167,Monkey,F
HLe_invivo,Monkey,F,PFAS + non-PFAS training,hle_invivo_all_aux,XGBoost,conventional,True,21,6341,1585,24,22,22,0.7950684130458241,0.6702445484894487,0.22792286289566022,ranked among candidates with >= 2 PFAS test rows,Train,Train PFAS,True,hle_invivo_all_aux,XGBoost,conventional,Train,O=C(O)C(F)(F)C(F)(F)C(F)(F)C(F)(F)C(F)(F)C(F)(F)C(F)(F)C(F)(F)C(F)(F)F,2.889795234128496,2.695159673690796,Monkey,F
HLe_invivo,Monkey,F,PFAS + non-PFAS training,hle_invivo_all_aux,XGBoost,conventional,True,21,6341,1585,24,22,22,0.7950684130458241,0.6702445484894487,0.22792286289566022,ranked among candidates with >= 2 PFAS test rows,Train,Train PFAS,True,hle_invivo_all_aux,XGBoost,conventional,Train,O=C(O)C(F)(F)C(F)(F)C(F)(F)C(F)(F)C(F)(F)C(F)(F)C(F)(F)F,0.7014652822328177,1.1296391487121582,Monkey,F
HLe_invivo,Monkey,F,PFAS + non-PFAS training,hle_invivo_all_aux,XGBoost,conventional,True,21,6341,1585,24,22,22,0.7950684130458241,0.6702445484894487,0.22792286289566022,ranked among candidates with >= 2 PFAS test rows,Train,Train PFAS,True,hle_invivo_all_aux,XGBoost,conventional,Train,COCCOC(=O)C(C#N)(C(=O)c1ccccc1C(F)(F)F)c1ccc(C(C)(C)C)cc1,1.277412677804973,1.303638219833374,Monkey,F
HLe_invivo,Monkey,F,PFAS + non-PFAS training,hle_invivo_all_aux,XGBoost,conventional,True,21,6341,1585,24,22,22,0.7950684130458241,0.6702445484894487,0.22792286289566022,ranked among candidates with >= 2 PFAS test rows,Train,Train PFAS,True,hle_invivo_all_aux,XGBoost,conventional,Train,Clc1cc(Cl)c(-c2cc(Cl)c(Cl)c(Cl)c2Cl)cc1Cl,5.165244326125311,5.0410990715026855,Monkey,F
HLe_invivo,Monkey,F,PFAS + non-PFAS training,hle_invivo_all_aux,XGBoost,conventional,True,21,6341,1585,24,22,22,0.7950684130458241,0.6702445484894487,0.22792286289566022,ranked among candidates with >= 2 PFAS test rows,Train,Train PFAS,True,hle_invivo_all_aux,XGBoost,conventional,Train,Clc1cc2c(c(Cl)c1Cl)Oc1c(Cl)c(Cl)c(Cl)c(Cl)c1O2,4.447654084487986,4.6262383460998535,Monkey,F
HLe_invivo,Monkey,F,PFAS + non-PFAS training,hle_invivo_all_aux,XGBoost,conventional,True,21,6341,1585,24,22,22,0.7950684130458241,0.6702445484894487,0.22792286289566022,ranked among candidates with >= 2 PFAS test rows,Train,Train non-PFAS,False,hle_invivo_all_aux,XGBoost,conventional,Train,c1ccc2[nH]c(-c3cscn3)nc2c1,1.4635832326452,1.3781476020812988,Monkey,F
HLe_invivo,Monkey,F,PFAS + non-PFAS training,hle_invivo_all_aux,XGBoost,conventional,True,21,6341,1585,24,22,22,0.7950684130458241,0.6702445484894487,0.22792286289566022,ranked among candidates with >= 2 PFAS test rows,Train,Train non-PFAS,False,hle_invivo_all_aux,XGBoost,conventional,Train,Cc1nc2sccn2c(=O)c1CCN1CCC(=C(c2ccc(F)cc2)c2ccc(F)cc2)CC1,1.602059991327962,1.5662599802017212,Monkey,F
HLe_invivo,Monkey,F,PFAS + non-PFAS training,hle_invivo_all_aux,XGBoost,conventional,True,21,6341,1585,24,22,22,0.7950684130458241,0.6702445484894487,0.22792286289566022,ranked among candidates with >= 2 PFAS test rows,PFAS test,PFAS test,True,hle_invivo_all_aux,XGBoost,conventional,Test,O=C(O)C(F)(F)C(F)(F)C(F)(F)C(F)(F)C(F)(F)F,-0.3010299956639812,0.8992243409156799,Monkey,F
HLe_invivo,Monkey,F,PFAS + non-PFAS training,hle_invivo_all_aux,XGBoost,conventional,True,21,6341,1585,24,22,22,0.7950684130458241,0.6702445484894487,0.22792286289566022,ranked among candidates with >= 2 PFAS test rows,PFAS test,PFAS test,True,hle_invivo_all_aux,XGBoost,conventional,Test,O=C(O)C(F)(F)C(F)(F)C(F)(F)C(F)(F)C(F)(F)C(F)(F)F,0.1601939289430563,1.1376498937606812,Monkey,F
HLe_invivo,Monkey,F,PFAS + non-PFAS training,hle_invivo_all_aux,XGBoost,conventional,True,21,6341,1585,24,22,22,0.7950684130458241,0.6702445484894487,0.22792286289566022,ranked among candidates with >= 2 PFAS test rows,PFAS test,PFAS test,True,hle_invivo_all_aux,XGBoost,conventional,Test,O=P(O)(C(F)(F)C(F)(F)C(F)(F)C(F)(F)C(F)(F)C(F)(F)F)C(F)(F)C(F)(F)C(F)(F)C(F)(F)C(F)(F)C(F)(F)F,1.741939077729199,1.9082399606704712,Monkey,F
HLe_invivo,Monkey,F,PFAS + non-PFAS training,hle_invivo_all_aux,XGBoost,conventional,True,21,6341,1585,24,22,22,0.7950684130458241,0.6702445484894487,0.22792286289566022,ranked among candidates with >= 2 PFAS test rows,PFAS test,PFAS test,True,hle_invivo_all_aux,XGBoost,conventional,Test,O=C(O)C(F)(F)C(F)(F)C(F)(F)C(F)(F)C(F)(F)C(F)(F)F,3.484833779347705,4.290341377258301,Monkey,F
HLe_invivo,Monkey,F,PFAS + non-PFAS training,hle_invivo_all_aux,XGBoost,conventional,True,21,6341,1585,24,22,22,0.7950684130458241,0.6702445484894487,0.22792286289566022,ranked among candidates with >= 2 PFAS test rows,PFAS test,PFAS test,True,hle_invivo_all_aux,XGBoost,conventional,Test,O=C(O)C(F)(F)C(F)(F)C(F)(F)C(F)(F)C(F)(F)F,2.885361220031512,3.659386396408081,Monkey,F
HLe_invivo,Monkey,F,PFAS + non-PFAS training,hle_invivo_all_aux,XGBoost,conventional,True,21,6341,1585,24,22,22,0.7950684130458241,0.6702445484894487,0.22792286289566022,ranked among candidates with >= 2 PFAS test rows,PFAS test,PFAS test,True,hle_invivo_all_aux,XGBoost,conventional,Test,O=C(O)C(F)(F)C(F)(F)C(F)(F)C(F)(F)C(F)(F)F,0.724275869600789,2.2167654037475586,Monkey,F
HLe_invivo,Monkey,F,PFAS + non-PFAS training,hle_invivo_all_aux,XGBoost,conventional,True,21,6341,1585,24,22,22,0.7950684130458241,0.6702445484894487,0.22792286289566022,ranked among candidates with >= 2 PFAS test rows,PFAS test,PFAS test,True,hle_invivo_all_aux,XGBoost,conventional,Test,O=C(O)C(F)(F)C(F)(F)C(F)(F)C(F)(F)C(F)(F)C(F)(F)F,0.5253040099582389,2.101496934890747,Monkey,F
HLe_invivo,Monkey,F,PFAS + non-PFAS training,hle_invivo_all_aux,XGBoost,conventional,True,21,6341,1585,24,22,22,0.7950684130458241,0.6702445484894487,0.22792286289566022,ranked among candidates with >= 2 PFAS test rows,PFAS test,PFAS test,True,hle_invivo_all_aux,XGBoost,conventional,Test,O=C(O)C(F)(F)C(F)(F)C(F)(F)C(F)(F)C(F)(F)F,1.02530586526477,1.976750731468201,Monkey,F
HLe_invivo,Monkey,F,PFAS + non-PFAS training,hle_invivo_all_aux,XGBoost,conventional,True,21,6341,1585,24,22,22,0.7950684130458241,0.6702445484894487,0.22792286289566022,ranked among candidates with >= 2 PFAS test rows,PFAS test,PFAS test,True,hle_invivo_all_aux,XGBoost,conventional,Test,O=C(O)C(F)(F)C(F)(F)F,1.12515582958053,0.7218907475471497,Monkey,F
HLe_invivo,Monkey,F,PFAS + non-PFAS training,hle_invivo_all_aux,XGBoost,conventional,True,21,6341,1585,24,22,22,0.7950684130458241,0.6702445484894487,0.22792286289566022,ranked among candidates with >= 2 PFAS test rows,PFAS test,PFAS test,True,hle_invivo_all_aux,XGBoost,conventional,Test,O=C(O)C(F)(F)C(F)(F)C(F)(F)C(F)(F)C(F)(F)F,0.3222192947339193,1.5324546098709106,Monkey,F
HLe_invivo,Monkey,F,PFAS + non-PFAS training,hle_invivo_all_aux,XGBoost,conventional,True,21,6341,1585,24,22,22,0.7950684130458241,0.6702445484894487,0.22792286289566022,ranked among candidates with >= 2 PFAS test rows,PFAS test,PFAS test,True,hle_invivo_all_aux,XGBoost,conventional,Test,Oc1c(Cl)c(Cl)c(Cl)c(Cl)c1Cl,0.7897731127756985,1.0960381031036377,Monkey,F
HLe_invivo,Monkey,F,PFAS + non-PFAS training,hle_invivo_all_aux,XGBoost,conventional,True,21,6341,1585,24,22,22,0.7950684130458241,0.6702445484894487,0.22792286289566022,ranked among candidates with >= 2 PFAS test rows,PFAS test,PFAS test,True,hle_invivo_all_aux,XGBoost,conventional,Test,CCCN(CCOc1c(Cl)cc(Cl)cc1Cl)C(=O)n1ccnc1,1.074417285851195,1.2463605403900146,Monkey,F
HLe_invivo,Monkey,F,PFAS + non-PFAS training,hle_invivo_all_aux,XGBoost,conventional,True,21,6341,1585,24,22,22,0.7950684130458241,0.6702445484894487,0.22792286289566022,ranked among candidates with >= 2 PFAS test rows,PFAS test,PFAS test,True,hle_invivo_all_aux,XGBoost,conventional,Test,CCCOC(=O)c1ccc(O)cc1,0.5314789170422551,-0.071039579808712,Monkey,F
HLe_invivo,Monkey,F,PFAS + non-PFAS training,hle_invivo_all_aux,XGBoost,conventional,True,21,6341,1585,24,22,22,0.7950684130458241,0.6702445484894487,0.22792286289566022,ranked among candidates with >= 2 PFAS test rows,PFAS test,PFAS test,True,hle_invivo_all_aux,XGBoost,conventional,Test,CCNC(C)Cc1cccc(C(F)(F)F)c1,0.6210282751067866,1.1057251691818235,Monkey,F
HLe_invivo,Monkey,F,PFAS + non-PFAS training,hle_invivo_all_aux,XGBoost,conventional,True,21,6341,1585,24,22,22,0.7950684130458241,0.6702445484894487,0.22792286289566022,ranked among candidates with >= 2 PFAS test rows,PFAS test,PFAS test,True,hle_invivo_all_aux,XGBoost,conventional,Test,CCNc1nc(Cl)nc(NC(C)(C)C)n1,1.832393255096397,0.8896389007568359,Monkey,F
HLe_invivo,Monkey,F,PFAS + non-PFAS training,hle_invivo_all_aux,XGBoost,conventional,True,21,6341,1585,24,22,22,0.7950684130458241,0.6702445484894487,0.22792286289566022,ranked among candidates with >= 2 PFAS test rows,PFAS test,PFAS test,True,hle_invivo_all_aux,XGBoost,conventional,Test,CCOC(=O)C(C)Oc1ccc(Oc2nc3ccc(Cl)cc3o2)cc1,1.73404273559312,0.9532384276390076,Monkey,F
HLe_invivo,Monkey,F,PFAS + non-PFAS training,hle_invivo_all_aux,XGBoost,conventional,True,21,6341,1585,24,22,22,0.7950684130458241,0.6702445484894487,0.22792286289566022,ranked among candidates with >= 2 PFAS test rows,PFAS test,PFAS test,True,hle_invivo_all_aux,XGBoost,conventional,Test,CCOC(=O)COc1cc(-c2nn(C)c(OC(F)F)c2Cl)c(F)cc1Cl,0.7418350045882433,1.351588487625122,Monkey,F
HLe_invivo,Monkey,F,PFAS + non-PFAS training,hle_invivo_all_aux,XGBoost,conventional,True,21,6341,1585,24,22,22,0.7950684130458241,0.6702445484894487,0.22792286289566022,ranked among candidates with >= 2 PFAS test rows,PFAS test,PFAS test,True,hle_invivo_all_aux,XGBoost,conventional,Test,CN(C)C(=O)Nc1cccc(C(F)(F)F)c1,1.421603926869831,1.0228196382522583,Monkey,F
HLe_invivo,Monkey,F,PFAS + non-PFAS training,hle_invivo_all_aux,XGBoost,conventional,True,21,6341,1585,24,22,22,0.7950684130458241,0.6702445484894487,0.22792286289566022,ranked among candidates with >= 2 PFAS test rows,PFAS test,PFAS test,True,hle_invivo_all_aux,XGBoost,conventional,Test,CN(C)CCCN1c2ccccc2Sc2ccc(Cl)cc21,-0.2971388294270707,0.028731008991599,Monkey,F
HLe_invivo,Monkey,F,PFAS + non-PFAS training,hle_invivo_all_aux,XGBoost,conventional,True,21,6341,1585,24,22,22,0.7950684130458241,0.6702445484894487,0.22792286289566022,ranked among candidates with >= 2 PFAS test rows,PFAS test,PFAS test,True,hle_invivo_all_aux,XGBoost,conventional,Test,COc1ccc(C2Sc3ccccc3N(CCN(C)C)C(=O)C2OC(C)=O)cc1,0.4494872148041827,0.6720248460769653,Monkey,F
HLe_invivo,Monkey,F,PFAS + non-PFAS training,hle_invivo_all_aux,XGBoost,conventional,True,21,6341,1585,24,22,22,0.7950684130458241,0.6702445484894487,0.22792286289566022,ranked among candidates with >= 2 PFAS test rows,PFAS test,PFAS test,True,hle_invivo_all_aux,XGBoost,conventional,Test,CCCCCCCCCCCCCCCC(=O)OCC(O)CO,0.1760912590556812,0.4611756205558777,Monkey,F
HLe_invivo,Monkey,F,PFAS + non-PFAS training,hle_invivo_all_aux,XGBoost,conventional,True,21,6341,1585,24,22,22,0.7950684130458241,0.6702445484894487,0.22792286289566022,ranked among candidates with >= 2 PFAS test rows,PFAS test,PFAS test,True,hle_invivo_all_aux,XGBoost,conventional,Test,CCCCCCCN(CC)CCCC(O)c1ccc(NS(C)(=O)=O)cc1,0.9030899869919436,0.8458935022354126,Monkey,F
HLe_invivo,Monkey,M,PFAS + non-PFAS training,hle_invivo_all_aux,XGBoost,conventional,True,21,6341,1585,31,24,24,0.6789659678593928,0.4871544871351224,0.5943298862509774,ranked among candidates with >= 2 PFAS test rows,Train,Train PFAS,True,hle_invivo_all_aux,XGBoost,conventional,Train,O=S(=O)(O)C(F)(F)C(F)(F)C(F)(F)C(F)(F)F,0.7104925578975183,0.9322181940078736,Monkey,M
HLe_invivo,Monkey,M,PFAS + non-PFAS training,hle_invivo_all_aux,XGBoost,conventional,True,21,6341,1585,31,24,24,0.6789659678593928,0.4871544871351224,0.5943298862509774,ranked among candidates with >= 2 PFAS test rows,Train,Train PFAS,True,hle_invivo_all_aux,XGBoost,conventional,Train,O=C(O)C(F)(F)C(F)(F)C(F)(F)C(F)(F)C(F)(F)C(F)(F)C(F)(F)F,2.737825640833858,2.638324737548828,Monkey,M
HLe_invivo,Monkey,M,PFAS + non-PFAS training,hle_invivo_all_aux,XGBoost,conventional,True,21,6341,1585,31,24,24,0.6789659678593928,0.4871544871351224,0.5943298862509774,ranked among candidates with >= 2 PFAS test rows,Train,Train PFAS,True,hle_invivo_all_aux,XGBoost,conventional,Train,O=C(O)C(F)(F)C(F)(F)C(F)(F)F,1.019541328377873,0.8728920817375183,Monkey,M
HLe_invivo,Monkey,M,PFAS + non-PFAS training,hle_invivo_all_aux,XGBoost,conventional,True,21,6341,1585,31,24,24,0.6789659678593928,0.4871544871351224,0.5943298862509774,ranked among candidates with >= 2 PFAS test rows,Train,Train PFAS,True,hle_invivo_all_aux,XGBoost,conventional,Train,O=C(O)C(F)(F)C(F)OC(F)(F)C(F)(F)C(F)(F)OC(F)(F)F,0.9084850188786496,1.099365472793579,Monkey,M
HLe_invivo,Monkey,M,PFAS + non-PFAS training,hle_invivo_all_aux,XGBoost,conventional,True,21,6341,1585,31,24,24,0.6789659678593928,0.4871544871351224,0.5943298862509774,ranked among candidates with >= 2 PFAS test rows,Train,Train PFAS,True,hle_invivo_all_aux,XGBoost,conventional,Train,O=S(=O)(O)C(F)(F)C(F)(F)C(F)(F)C(F)(F)C(F)(F)C(F)(F)F,2.853212217400622,2.870253086090088,Monkey,M
HLe_invivo,Monkey,M,PFAS + non-PFAS training,hle_invivo_all_aux,XGBoost,conventional,True,21,6341,1585,31,24,24,0.6789659678593928,0.4871544871351224,0.5943298862509774,ranked among candidates with >= 2 PFAS test rows,Train,Train PFAS,True,hle_invivo_all_aux,XGBoost,conventional,Train,O=C(NC(=O)c1c(F)cccc1F)Nc1ccc(OC(F)(F)C(F)OC(F)(F)F)c(Cl)c1,2.575363960831212,2.26404333114624,Monkey,M
HLe_invivo,Monkey,M,PFAS + non-PFAS training,hle_invivo_all_aux,XGBoost,conventional,True,21,6341,1585,31,24,24,0.6789659678593928,0.4871544871351224,0.5943298862509774,ranked among candidates with >= 2 PFAS test rows,Train,Train PFAS,True,hle_invivo_all_aux,XGBoost,conventional,Train,O=C(O)C(F)(F)C(F)(F)C(F)(F)C(F)(F)C(F)(F)C(F)(F)C(F)(F)C(F)(F)C(F)(F)F,2.546932084933144,2.6902010440826416,Monkey,M
HLe_invivo,Monkey,M,PFAS + non-PFAS training,hle_invivo_all_aux,XGBoost,conventional,True,21,6341,1585,31,24,24,0.6789659678593928,0.4871544871351224,0.5943298862509774,ranked among candidates with >= 2 PFAS test rows,Train,Train PFAS,True,hle_invivo_all_aux,XGBoost,conventional,Train,O=C(O)C(F)(F)C(F)(F)C(F)(F)C(F)(F)C(F)(F)C(F)(F)C(F)(F)F,2.30899031524506,2.13352632522583,Monkey,M
HLe_invivo,Monkey,M,PFAS + non-PFAS training,hle_invivo_all_aux,XGBoost,conventional,True,21,6341,1585,31,24,24,0.6789659678593928,0.4871544871351224,0.5943298862509774,ranked among candidates with >= 2 PFAS test rows,Train,Train PFAS,True,hle_invivo_all_aux,XGBoost,conventional,Train,O=C(O)C(F)(F)C(F)(F)C(F)(F)F,0.9049360387953608,0.7398282289505005,Monkey,M
HLe_invivo,Monkey,M,PFAS + non-PFAS training,hle_invivo_all_aux,XGBoost,conventional,True,21,6341,1585,31,24,24,0.6789659678593928,0.4871544871351224,0.5943298862509774,ranked among candidates with >= 2 PFAS test rows,Train,Train PFAS,True,hle_invivo_all_aux,XGBoost,conventional,Train,O=S(=O)(O)C(F)(F)C(F)(F)C(F)(F)C(F)(F)C(F)(F)C(F)(F)C(F)(F)C(F)(F)F,2.553091623935408,2.6811110973358154,Monkey,M
HLe_invivo,Monkey,M,PFAS + non-PFAS training,hle_invivo_all_aux,XGBoost,conventional,True,21,6341,1585,31,24,24,0.6789659678593928,0.4871544871351224,0.5943298862509774,ranked among candidates with >= 2 PFAS test rows,Train,Train PFAS,True,hle_invivo_all_aux,XGBoost,conventional,Train,O=S(=O)(O)C(F)(F)C(F)(F)C(F)(F)C(F)(F)C(F)(F)C(F)(F)F,2.743738552967582,2.4760518074035645,Monkey,M
HLe_invivo,Monkey,M,PFAS + non-PFAS training,hle_invivo_all_aux,XGBoost,conventional,True,21,6341,1585,31,24,24,0.6789659678593928,0.4871544871351224,0.5943298862509774,ranked among candidates with >= 2 PFAS test rows,Train,Train PFAS,True,hle_invivo_all_aux,XGBoost,conventional,Train,O=C(O)C(F)(F)C(F)(F)C(F)(F)F,1.61283681300361,1.309237718582153,Monkey,M
HLe_invivo,Monkey,M,PFAS + non-PFAS training,hle_invivo_all_aux,XGBoost,conventional,True,21,6341,1585,31,24,24,0.6789659678593928,0.4871544871351224,0.5943298862509774,ranked among candidates with >= 2 PFAS test rows,Train,Train PFAS,True,hle_invivo_all_aux,XGBoost,conventional,Train,O=C(O)C(F)(F)C(F)OC(F)(F)C(F)(F)C(F)(F)OC(F)(F)F,1.531478917042255,1.4292840957641602,Monkey,M
HLe_invivo,Monkey,M,PFAS + non-PFAS training,hle_invivo_all_aux,XGBoost,conventional,True,21,6341,1585,31,24,24,0.6789659678593928,0.4871544871351224,0.5943298862509774,ranked among candidates with >= 2 PFAS test rows,Train,Train PFAS,True,hle_invivo_all_aux,XGBoost,conventional,Train,OCCC(F)(F)C(F)(F)C(F)(F)C(F)(F)C(F)(F)C(F)(F)C(F)(F)C(F)(F)F,0.1389554985606289,0.2600815892219543,Monkey,M
HLe_invivo,Monkey,M,PFAS + non-PFAS training,hle_invivo_all_aux,XGBoost,conventional,True,21,6341,1585,31,24,24,0.6789659678593928,0.4871544871351224,0.5943298862509774,ranked among candidates with >= 2 PFAS test rows,Train,Train PFAS,True,hle_invivo_all_aux,XGBoost,conventional,Train,O=S(=O)(O)C(F)(F)C(F)(F)C(F)(F)C(F)(F)C(F)(F)C(F)(F)C(F)(F)C(F)(F)F,2.691536152531814,2.7892813682556152,Monkey,M
HLe_invivo,Monkey,M,PFAS + non-PFAS training,hle_invivo_all_aux,XGBoost,conventional,True,21,6341,1585,31,24,24,0.6789659678593928,0.4871544871351224,0.5943298862509774,ranked among candidates with >= 2 PFAS test rows,Train,Train PFAS,True,hle_invivo_all_aux,XGBoost,conventional,Train,O=S(=O)(O)C(F)(F)C(F)(F)C(F)(F)C(F)(F)C(F)(F)C(F)(F)F,2.695785943873036,2.578274965286255,Monkey,M
HLe_invivo,Monkey,M,PFAS + non-PFAS training,hle_invivo_all_aux,XGBoost,conventional,True,21,6341,1585,31,24,24,0.6789659678593928,0.4871544871351224,0.5943298862509774,ranked among candidates with >= 2 PFAS test rows,Train,Train PFAS,True,hle_invivo_all_aux,XGBoost,conventional,Train,O=S(=O)(O)C(F)(F)C(F)(F)C(F)(F)C(F)(F)F,0.6815887432498225,0.9880881309509276,Monkey,M
HLe_invivo,Monkey,M,PFAS + non-PFAS training,hle_invivo_all_aux,XGBoost,conventional,True,21,6341,1585,31,24,24,0.6789659678593928,0.4871544871351224,0.5943298862509774,ranked among candidates with >= 2 PFAS test rows,Train,Train PFAS,True,hle_invivo_all_aux,XGBoost,conventional,Train,O=C(O)C(F)(F)C(F)(F)C(F)(F)C(F)(F)C(F)(F)C(F)(F)C(F)(F)C(F)(F)C(F)(F)F,2.753090672273526,2.6426680088043213,Monkey,M
HLe_invivo,Monkey,M,PFAS + non-PFAS training,hle_invivo_all_aux,XGBoost,conventional,True,21,6341,1585,31,24,24,0.6789659678593928,0.4871544871351224,0.5943298862509774,ranked among candidates with >= 2 PFAS test rows,Train,Train PFAS,True,hle_invivo_all_aux,XGBoost,conventional,Train,O=C(O)C(F)(F)C(F)(F)C(F)(F)C(F)(F)C(F)(F)C(F)(F)C(F)(F)F,2.556302500767287,2.060734987258911,Monkey,M
HLe_invivo,Monkey,M,PFAS + non-PFAS training,hle_invivo_all_aux,XGBoost,conventional,True,21,6341,1585,31,24,24,0.6789659678593928,0.4871544871351224,0.5943298862509774,ranked among candidates with >= 2 PFAS test rows,Train,Train PFAS,True,hle_invivo_all_aux,XGBoost,conventional,Train,C=C(C)CN(CC)c1c([N+](=O)[O-])cc(C(F)(F)F)cc1[N+](=O)[O-],1.15836249209525,1.0929932594299316,Monkey,M
HLe_invivo,Monkey,M,PFAS + non-PFAS training,hle_invivo_all_aux,XGBoost,conventional,True,21,6341,1585,31,24,24,0.6789659678593928,0.4871544871351224,0.5943298862509774,ranked among candidates with >= 2 PFAS test rows,Train,Train PFAS,True,hle_invivo_all_aux,XGBoost,conventional,Train,COCCOC(=O)C(C#N)(C(=O)c1ccccc1C(F)(F)F)c1ccc(C(C)(C)C)cc1,1.194780324470574,1.2387226819992063,Monkey,M
HLe_invivo,Monkey,M,PFAS + non-PFAS training,hle_invivo_all_aux,XGBoost,conventional,True,21,6341,1585,31,24,24,0.6789659678593928,0.4871544871351224,0.5943298862509774,ranked among candidates with >= 2 PFAS test rows,Train,Train PFAS,True,hle_invivo_all_aux,XGBoost,conventional,Train,CC(C)C(=O)Nc1ccc([N+](=O)[O-])c(C(F)(F)F)c1,-0.2432645930102426,0.056216437369585,Monkey,M
HLe_invivo,Monkey,M,PFAS + non-PFAS training,hle_invivo_all_aux,XGBoost,conventional,True,21,6341,1585,31,24,24,0.6789659678593928,0.4871544871351224,0.5943298862509774,ranked among candidates with >= 2 PFAS test rows,Train,Train PFAS,True,hle_invivo_all_aux,XGBoost,conventional,Train,O=C(O)c1cc(N=Nc2ccc(S(=O)(=O)Nc3ccccn3)cc2)ccc1O,0.1226300773408372,0.1658840328454971,Monkey,M
HLe_invivo,Monkey,M,PFAS + non-PFAS training,hle_invivo_all_aux,XGBoost,conventional,True,21,6341,1585,31,24,24,0.6789659678593928,0.4871544871351224,0.5943298862509774,ranked among candidates with >= 2 PFAS test rows,Train,Train PFAS,True,hle_invivo_all_aux,XGBoost,conventional,Train,CC(O)COC(C)(C)C,-0.1573309332924911,0.0180489309132099,Monkey,M
HLe_invivo,Monkey,M,PFAS + non-PFAS training,hle_invivo_all_aux,XGBoost,conventional,True,21,6341,1585,31,24,24,0.6789659678593928,0.4871544871351224,0.5943298862509774,ranked among candidates with >= 2 PFAS test rows,Train,Train non-PFAS,False,hle_invivo_all_aux,XGBoost,conventional,Train,N=C1C=NN(c2ccccc2)C(=O)C1Cl,0.0800941794881552,0.1626574993133545,Monkey,M
HLe_invivo,Monkey,M,PFAS + non-PFAS training,hle_invivo_all_aux,XGBoost,conventional,True,21,6341,1585,31,24,24,0.6789659678593928,0.4871544871351224,0.5943298862509774,ranked among candidates with >= 2 PFAS test rows,Train,Train non-PFAS,False,hle_invivo_all_aux,XGBoost,conventional,Train,NC(=O)C1CO1,0.1139433523068368,0.1182356774806976,Monkey,M
HLe_invivo,Monkey,M,PFAS + non-PFAS training,hle_invivo_all_aux,XGBoost,conventional,True,21,6341,1585,31,24,24,0.6789659678593928,0.4871544871351224,0.5943298862509774,ranked among candidates with >= 2 PFAS test rows,Train,Train non-PFAS,False,hle_invivo_all_aux,XGBoost,conventional,Train,NC1C2CN(c3nc4c(cc3F)c(=O)c(C(=O)O)cn4-c3ccc(F)cc3F)CC12,-0.1549019599857432,-0.0733405500650405,Monkey,M
HLe_invivo,Monkey,M,PFAS + non-PFAS training,hle_invivo_all_aux,XGBoost,conventional,True,21,6341,1585,31,24,24,0.6789659678593928,0.4871544871351224,0.5943298862509774,ranked among candidates with >= 2 PFAS test rows,Train,Train non-PFAS,False,hle_invivo_all_aux,XGBoost,conventional,Train,COc1cc(OC)nc(NC(=O)NS(=O)(=O)Nc2ccccc2C(=O)N(C)C)n1,1.222716471147583,1.1607303619384766,Monkey,M
HLe_invivo,Monkey,M,PFAS + non-PFAS training,hle_invivo_all_aux,XGBoost,conventional,True,21,6341,1585,31,24,24,0.6789659678593928,0.4871544871351224,0.5943298862509774,ranked among candidates with >= 2 PFAS test rows,Train,Train non-PFAS,False,hle_invivo_all_aux,XGBoost,conventional,Train,CNC1=Nc2ccc(Cl)cc2C(c2ccccc2)=[N+]([O-])C1,0.919078092376074,0.9093782305717468,Monkey,M
HLe_invivo,Monkey,M,PFAS + non-PFAS training,hle_invivo_all_aux,XGBoost,conventional,True,21,6341,1585,31,24,24,0.6789659678593928,0.4871544871351224,0.5943298862509774,ranked among candidates with >= 2 PFAS test rows,Train,Train non-PFAS,False,hle_invivo_all_aux,XGBoost,conventional,Train,CNC1CN(c2ccc3c(=O)c(C(=O)O)cn(-c4nccs4)c3n2)CC1OC,1.406540180433955,1.2620153427124023,Monkey,M
HLe_invivo,Monkey,M,PFAS + non-PFAS training,hle_invivo_all_aux,XGBoost,conventional,True,21,6341,1585,31,24,24,0.6789659678593928,0.4871544871351224,0.5943298862509774,ranked among candidates with >= 2 PFAS test rows,Train,Train non-PFAS,False,hle_invivo_all_aux,XGBoost,conventional,Train,CNCC(O)c1ccc(O)c(O)c1,-1.301029995663981,-1.0396114587783811,Monkey,M
HLe_invivo,Monkey,M,PFAS + non-PFAS training,hle_invivo_all_aux,XGBoost,conventional,True,21,6341,1585,31,24,24,0.6789659678593928,0.4871544871351224,0.5943298862509774,ranked among candidates with >= 2 PFAS test rows,PFAS test,PFAS test,True,hle_invivo_all_aux,XGBoost,conventional,Test,COc1ccccc1N1CCSC1=C(C#N)Sc1cc(C(F)(F)F)ccc1F,1.592314489377456,1.576964259147644,Monkey,M
HLe_invivo,Monkey,M,PFAS + non-PFAS training,hle_invivo_all_aux,XGBoost,conventional,True,21,6341,1585,31,24,24,0.6789659678593928,0.4871544871351224,0.5943298862509774,ranked among candidates with >= 2 PFAS test rows,PFAS test,PFAS test,True,hle_invivo_all_aux,XGBoost,conventional,Test,CC12CCC3c4ccc(O)cc4CC(CCCCCCCCCS(=O)CCCC(F)(F)C(F)(F)F)C3C1CCC2O,1.204119982655925,1.2045942544937134,Monkey,M
HLe_invivo,Monkey,M,PFAS + non-PFAS training,hle_invivo_all_aux,XGBoost,conventional,True,21,6341,1585,31,24,24,0.6789659678593928,0.4871544871351224,0.5943298862509774,ranked among candidates with >= 2 PFAS test rows,PFAS test,PFAS test,True,hle_invivo_all_aux,XGBoost,conventional,Test,CCNC(C)Cc1cccc(C(F)(F)F)c1,1.301029995663981,1.262605905532837,Monkey,M
HLe_invivo,Monkey,M,PFAS + non-PFAS training,hle_invivo_all_aux,XGBoost,conventional,True,21,6341,1585,31,24,24,0.6789659678593928,0.4871544871351224,0.5943298862509774,ranked among candidates with >= 2 PFAS test rows,PFAS test,PFAS test,True,hle_invivo_all_aux,XGBoost,conventional,Test,CC12CCC3c4ccc(O)cc4CC(CCCCCCCCCS(=O)CCCC(F)(F)C(F)(F)F)C3C1CCC2O,2.982271233039568,1.426437258720398,Monkey,M
HLe_invivo,Monkey,M,PFAS + non-PFAS training,hle_invivo_all_aux,XGBoost,conventional,True,21,6341,1585,31,24,24,0.6789659678593928,0.4871544871351224,0.5943298862509774,ranked among candidates with >= 2 PFAS test rows,PFAS test,PFAS test,True,hle_invivo_all_aux,XGBoost,conventional,Test,CC12CCC3c4ccc(O)cc4CC(CCCCCCCCCS(=O)CCCC(F)(F)C(F)(F)F)C3C1CCC2O,2.98,1.4510153532028198,Monkey,M
HLe_invivo,Monkey,M,PFAS + non-PFAS training,hle_invivo_all_aux,XGBoost,conventional,True,21,6341,1585,31,24,24,0.6789659678593928,0.4871544871351224,0.5943298862509774,ranked among candidates with >= 2 PFAS test rows,PFAS test,PFAS test,True,hle_invivo_all_aux,XGBoost,conventional,Test,Clc1cc2c(c(Cl)c1Cl)Oc1cc(Cl)c(Cl)c(Cl)c1O2,4.486572150518357,4.746028900146484,Monkey,M
HLe_invivo,Monkey,M,PFAS + non-PFAS training,hle_invivo_all_aux,XGBoost,conventional,True,21,6341,1585,31,24,24,0.6789659678593928,0.4871544871351224,0.5943298862509774,ranked among candidates with >= 2 PFAS test rows,PFAS test,PFAS test,True,hle_invivo_all_aux,XGBoost,conventional,Test,Nc1ccc(S(=O)(=O)Nc2ccccn2)cc1,0.6812412373755872,0.6259983777999878,Monkey,M
HLe_invivo,Monkey,M,PFAS + non-PFAS training,hle_invivo_all_aux,XGBoost,conventional,True,21,6341,1585,31,24,24,0.6789659678593928,0.4871544871351224,0.5943298862509774,ranked among candidates with >= 2 PFAS test rows,PFAS test,PFAS test,True,hle_invivo_all_aux,XGBoost,conventional,Test,Oc1c(Cl)c(Cl)c(Cl)c(Cl)c1Cl,0.8450980400142568,1.2579928636550903,Monkey,M
HLe_invivo,Monkey,M,PFAS + non-PFAS training,hle_invivo_all_aux,XGBoost,conventional,True,21,6341,1585,31,24,24,0.6789659678593928,0.4871544871351224,0.5943298862509774,ranked among candidates with >= 2 PFAS test rows,PFAS test,PFAS test,True,hle_invivo_all_aux,XGBoost,conventional,Test,COc1cc(-c2cc(OC)cc(C(C)(C)C)c2O)c(O)c(C(C)(C)C)c1,1.832813944268888,1.2305446863174438,Monkey,M
HLe_invivo,Monkey,M,PFAS + non-PFAS training,hle_invivo_all_aux,XGBoost,conventional,True,21,6341,1585,31,24,24,0.6789659678593928,0.4871544871351224,0.5943298862509774,ranked among candidates with >= 2 PFAS test rows,PFAS test,PFAS test,True,hle_invivo_all_aux,XGBoost,conventional,Test,CC(C)(c1ccc(O)cc1)c1ccc(O)cc1,0.942215492126536,0.5189633965492249,Monkey,M
HLe_invivo,Monkey,M,PFAS + non-PFAS training,hle_invivo_all_aux,XGBoost,conventional,True,21,6341,1585,31,24,24,0.6789659678593928,0.4871544871351224,0.5943298862509774,ranked among candidates with >= 2 PFAS test rows,PFAS test,PFAS test,True,hle_invivo_all_aux,XGBoost,conventional,Test,Nc1ccc(S(=O)(=O)Nc2ccccn2)cc1,0.8316112998092244,0.8064230680465698,Monkey,M
HLe_invivo,Monkey,M,PFAS + non-PFAS training,hle_invivo_all_aux,XGBoost,conventional,True,21,6341,1585,31,24,24,0.6789659678593928,0.4871544871351224,0.5943298862509774,ranked among candidates with >= 2 PFAS test rows,PFAS test,PFAS test,True,hle_invivo_all_aux,XGBoost,conventional,Test,ClCC(Cl)CCC(Cl)C(Cl)CCC(Cl)CCl,2.199755177253475,1.6419720649719238,Monkey,M
HLe_invivo,Monkey,M,PFAS + non-PFAS training,hle_invivo_all_aux,XGBoost,conventional,True,21,6341,1585,31,24,24,0.6789659678593928,0.4871544871351224,0.5943298862509774,ranked among candidates with >= 2 PFAS test rows,PFAS test,PFAS test,True,hle_invivo_all_aux,XGBoost,conventional,Test,CON=C(C(=O)NC1C(=O)N2C(C(=O)O)=C(CSc3nc(C)c(CC(=O)O)s3)CSC12)c1csc(N)n1,0.6232492903979004,0.0089156767353415,Monkey,M
HLe_invivo,Monkey,M,PFAS + non-PFAS training,hle_invivo_all_aux,XGBoost,conventional,True,21,6341,1585,31,24,24,0.6789659678593928,0.4871544871351224,0.5943298862509774,ranked among candidates with >= 2 PFAS test rows,PFAS test,PFAS test,True,hle_invivo_all_aux,XGBoost,conventional,Test,CNC1C(OC2C(OC3C(O)C(O)C(NC(=N)N)C(O)C3NC(=N)N)OC(C)C2(O)C=O)OC(CO)C(O)C1O,0.6334684555795865,0.829766035079956,Monkey,M
HLe_invivo,Monkey,M,PFAS + non-PFAS training,hle_invivo_all_aux,XGBoost,conventional,True,21,6341,1585,31,24,24,0.6789659678593928,0.4871544871351224,0.5943298862509774,ranked among candidates with >= 2 PFAS test rows,PFAS test,PFAS test,True,hle_invivo_all_aux,XGBoost,conventional,Test,C=CCC1(C(C)C#CCC)C(=O)NC(=O)N(C)C1=O,0.2041199826559248,1.1834639310836792,Monkey,M
HLe_invivo,Monkey,M,PFAS + non-PFAS training,hle_invivo_all_aux,XGBoost,conventional,True,21,6341,1585,31,24,24,0.6789659678593928,0.4871544871351224,0.5943298862509774,ranked among candidates with >= 2 PFAS test rows,PFAS test,PFAS test,True,hle_invivo_all_aux,XGBoost,conventional,Test,C=C(CC)C(=O)c1ccc(OCC(=O)O)c(Cl)c1Cl,-0.3010299956639812,0.995746612548828,Monkey,M
HLe_invivo,Monkey,M,PFAS + non-PFAS training,hle_invivo_all_aux,XGBoost,conventional,True,21,6341,1585,31,24,24,0.6789659678593928,0.4871544871351224,0.5943298862509774,ranked among candidates with >= 2 PFAS test rows,PFAS test,PFAS test,True,hle_invivo_all_aux,XGBoost,conventional,Test,CCC(=O)C1(c2cccc(O)c2)CCN(C)CC1,0.3617278360175928,0.5556280612945557,Monkey,M
HLe_invivo,Monkey,M,PFAS + non-PFAS training,hle_invivo_all_aux,XGBoost,conventional,True,21,6341,1585,31,24,24,0.6789659678593928,0.4871544871351224,0.5943298862509774,ranked among candidates with >= 2 PFAS test rows,PFAS test,PFAS test,True,hle_invivo_all_aux,XGBoost,conventional,Test,CCC(=O)N(c1ccccc1)C1(COC)CCN(CCc2cccs2)CC1,1.146128035678238,0.6517170071601868,Monkey,M
HLe_invivo,Monkey,M,PFAS + non-PFAS training,hle_invivo_all_aux,XGBoost,conventional,True,21,6341,1585,31,24,24,0.6789659678593928,0.4871544871351224,0.5943298862509774,ranked among candidates with >= 2 PFAS test rows,PFAS test,PFAS test,True,hle_invivo_all_aux,XGBoost,conventional,Test,CCC(=O)N(c1ccccc1)C1CCN(CCc2ccccc2)CC1,0.4771212547196624,0.8162844777107239,Monkey,M
HLe_invivo,Monkey,M,PFAS + non-PFAS training,hle_invivo_all_aux,XGBoost,conventional,True,21,6341,1585,31,24,24,0.6789659678593928,0.4871544871351224,0.5943298862509774,ranked among candidates with >= 2 PFAS test rows,PFAS test,PFAS test,True,hle_invivo_all_aux,XGBoost,conventional,Test,CCC(CO)NCCNC(CC)CO,0.4913616938342727,0.3789340853691101,Monkey,M
HLe_invivo,Monkey,M,PFAS + non-PFAS training,hle_invivo_all_aux,XGBoost,conventional,True,21,6341,1585,31,24,24,0.6789659678593928,0.4871544871351224,0.5943298862509774,ranked among candidates with >= 2 PFAS test rows,PFAS test,PFAS test,True,hle_invivo_all_aux,XGBoost,conventional,Test,CCCC(C)C1(CC)C(=O)N=C(S)NC1=O,0.3010299956639812,1.1544429063796997,Monkey,M
HLe_invivo,Monkey,M,PFAS + non-PFAS training,hle_invivo_all_aux,XGBoost,conventional,True,21,6341,1585,31,24,24,0.6789659678593928,0.4871544871351224,0.5943298862509774,ranked among candidates with >= 2 PFAS test rows,PFAS test,PFAS test,True,hle_invivo_all_aux,XGBoost,conventional,Test,CCC1(O)C(=O)OCc2c1cc1n(c2=O)Cc2cc3c(N)cccc3nc2-1,0.8450980400142568,0.7545760273933411,Monkey,M
HLe_invivo,Monkey,M,PFAS + non-PFAS training,hle_invivo_all_aux,XGBoost,conventional,True,21,6341,1585,31,24,24,0.6789659678593928,0.4871544871351224,0.5943298862509774,ranked among candidates with >= 2 PFAS test rows,PFAS test,PFAS test,True,hle_invivo_all_aux,XGBoost,conventional,Test,CC(C)(Sc1cc(C(C)(C)C)c(O)c(C(C)(C)C)c1)Sc1cc(C(C)(C)C)c(O)c(C(C)(C)C)c1,2.41,1.4077746868133545,Monkey,M
HLe_invivo,Monkey,M,PFAS + non-PFAS training,hle_invivo_all_aux,XGBoost,conventional,True,21,6341,1585,31,24,24,0.6789659678593928,0.4871544871351224,0.5943298862509774,ranked among candidates with >= 2 PFAS test rows,PFAS test,PFAS test,True,hle_invivo_all_aux,XGBoost,conventional,Test,CCC(=O)OC(OP(=O)(CCCCc1ccccc1)CC(=O)N1CC(C2CCCCC2)CC1C(=O)O)C(C)C,1.08,1.036260724067688,Monkey,M
HLe_invivo,Monkey,MF,PFAS-only training,hle_invivo_pfas_struct,Random forest,conventional,True,19,307,88,0,0,1,0.0858832089399213,0.0858832089399213,,only candidates with < 2 PFAS test rows were available; RMSE is unstable,PFAS test,PFAS test,True,hle_invivo_pfas_struct,Random forest,conventional,Test,CC(C)C(O)(c1ccc(OC(F)(F)F)cc1)c1cncnc1,1.501600973260846,1.5874841822007673,Monkey,MF
HLe_invivo,Mouse,F,PFAS-only training,hle_invivo_pfas_struct,Random forest,conventional,True,19,307,88,14,14,4,0.32657039228964635,0.3019234805273023,0.8954971595179695,ranked among candidates with >= 2 PFAS test rows,Train,Train PFAS,True,hle_invivo_pfas_struct,Random forest,conventional,Train,O=C(O)C(F)(F)C(F)OC(F)(F)C(F)(F)C(F)(F)OC(F)(F)F,0.7923916894982539,0.7995948967100643,Mouse,F
HLe_invivo,Mouse,F,PFAS-only training,hle_invivo_pfas_struct,Random forest,conventional,True,19,307,88,14,14,4,0.32657039228964635,0.3019234805273023,0.8954971595179695,ranked among candidates with >= 2 PFAS test rows,Train,Train PFAS,True,hle_invivo_pfas_struct,Random forest,conventional,Train,O=C(O)C(F)(F)C(F)(F)C(F)(F)C(F)(F)C(F)(F)C(F)(F)C(F)(F)C(F)(F)C(F)(F)F,3.013679697291193,2.9415223140403493,Mouse,F
HLe_invivo,Mouse,F,PFAS-only training,hle_invivo_pfas_struct,Random forest,conventional,True,19,307,88,14,14,4,0.32657039228964635,0.3019234805273023,0.8954971595179695,ranked among candidates with >= 2 PFAS test rows,Train,Train PFAS,True,hle_invivo_pfas_struct,Random forest,conventional,Train,O=C(O)C(F)(F)C(F)(F)C(F)(F)C(F)(F)C(F)(F)C(F)(F)C(F)(F)F,2.615948780041485,2.500503397141391,Mouse,F
HLe_invivo,Mouse,F,PFAS-only training,hle_invivo_pfas_struct,Random forest,conventional,True,19,307,88,14,14,4,0.32657039228964635,0.3019234805273023,0.8954971595179695,ranked among candidates with >= 2 PFAS test rows,Train,Train PFAS,True,hle_invivo_pfas_struct,Random forest,conventional,Train,O=C(O)C(F)(F)C(F)(F)C(F)(F)C(F)(F)C(F)(F)C(F)(F)F,0.7146901249178609,0.7813818329540516,Mouse,F
HLe_invivo,Mouse,F,PFAS-only training,hle_invivo_pfas_struct,Random forest,conventional,True,19,307,88,14,14,4,0.32657039228964635,0.3019234805273023,0.8954971595179695,ranked among candidates with >= 2 PFAS test rows,Train,Train PFAS,True,hle_invivo_pfas_struct,Random forest,conventional,Train,O=C(O)C(F)(F)C(F)(F)C(F)(F)F,0.4666923691831393,0.4670641204596555,Mouse,F
HLe_invivo,Mouse,F,PFAS-only training,hle_invivo_pfas_struct,Random forest,conventional,True,19,307,88,14,14,4,0.32657039228964635,0.3019234805273023,0.8954971595179695,ranked among candidates with >= 2 PFAS test rows,Train,Train PFAS,True,hle_invivo_pfas_struct,Random forest,conventional,Train,O=C(O)C(F)(F)C(F)(F)F,0.4578818967339923,0.505267404467886,Mouse,F
HLe_invivo,Mouse,F,PFAS-only training,hle_invivo_pfas_struct,Random forest,conventional,True,19,307,88,14,14,4,0.32657039228964635,0.3019234805273023,0.8954971595179695,ranked among candidates with >= 2 PFAS test rows,Train,Train PFAS,True,hle_invivo_pfas_struct,Random forest,conventional,Train,O=S(=O)(O)C(F)(F)C(F)(F)C(F)(F)C(F)(F)C(F)(F)C(F)(F)C(F)(F)C(F)(F)F,2.91691186243239,2.9426452581180174,Mouse,F
HLe_invivo,Mouse,F,PFAS-only training,hle_invivo_pfas_struct,Random forest,conventional,True,19,307,88,14,14,4,0.32657039228964635,0.3019234805273023,0.8954971595179695,ranked among candidates with >= 2 PFAS test rows,Train,Train PFAS,True,hle_invivo_pfas_struct,Random forest,conventional,Train,O=S(=O)(O)C(F)(F)C(F)(F)C(F)(F)C(F)(F)C(F)(F)C(F)(F)F,2.795105073804815,2.7140136864915223,Mouse,F
HLe_invivo,Mouse,F,PFAS-only training,hle_invivo_pfas_struct,Random forest,conventional,True,19,307,88,14,14,4,0.32657039228964635,0.3019234805273023,0.8954971595179695,ranked among candidates with >= 2 PFAS test rows,Train,Train PFAS,True,hle_invivo_pfas_struct,Random forest,conventional,Train,O=S(=O)(O)C(F)(F)C(F)(F)C(F)(F)C(F)(F)F,0.6196082911685196,0.6718982894890789,Mouse,F
HLe_invivo,Mouse,F,PFAS-only training,hle_invivo_pfas_struct,Random forest,conventional,True,19,307,88,14,14,4,0.32657039228964635,0.3019234805273023,0.8954971595179695,ranked among candidates with >= 2 PFAS test rows,Train,Train PFAS,True,hle_invivo_pfas_struct,Random forest,conventional,Train,O=C(O)C(F)(F)C(F)(F)C(F)(F)C(F)(F)C(F)(F)C(F)(F)C(F)(F)F,2.610614380364767,2.5455138529606645,Mouse,F
HLe_invivo,Mouse,F,PFAS-only training,hle_invivo_pfas_struct,Random forest,conventional,True,19,307,88,14,14,4,0.32657039228964635,0.3019234805273023,0.8954971595179695,ranked among candidates with >= 2 PFAS test rows,Train,Train PFAS,True,hle_invivo_pfas_struct,Random forest,conventional,Train,O=C(O)C(F)(F)C(F)(F)C(F)(F)F,0.4680324176900365,0.4881546245150353,Mouse,F
HLe_invivo,Mouse,F,PFAS-only training,hle_invivo_pfas_struct,Random forest,conventional,True,19,307,88,14,14,4,0.32657039228964635,0.3019234805273023,0.8954971595179695,ranked among candidates with >= 2 PFAS test rows,Train,Train PFAS,True,hle_invivo_pfas_struct,Random forest,conventional,Train,O=C(O)C(F)(F)C(F)OC(F)(F)C(F)(F)C(F)(F)OC(F)(F)F,0.7923916894982539,0.8407852100263287,Mouse,F
HLe_invivo,Mouse,F,PFAS-only training,hle_invivo_pfas_struct,Random forest,conventional,True,19,307,88,14,14,4,0.32657039228964635,0.3019234805273023,0.8954971595179695,ranked among candidates with >= 2 PFAS test rows,Train,Train PFAS,True,hle_invivo_pfas_struct,Random forest,conventional,Train,O=S(=O)(O)C(F)(F)C(F)(F)C(F)(F)C(F)(F)C(F)(F)C(F)(F)C(F)(F)C(F)(F)F,2.964542466079137,3.08393486339069,Mouse,F
HLe_invivo,Mouse,F,PFAS-only training,hle_invivo_pfas_struct,Random forest,conventional,True,19,307,88,14,14,4,0.32657039228964635,0.3019234805273023,0.8954971595179695,ranked among candidates with >= 2 PFAS test rows,Train,Train PFAS,True,hle_invivo_pfas_struct,Random forest,conventional,Train,O=S(=O)(O)C(F)(F)C(F)(F)C(F)(F)C(F)(F)C(F)(F)C(F)(F)F,2.791754328332398,2.7241889017075014,Mouse,F
HLe_invivo,Mouse,F,PFAS-only training,hle_invivo_pfas_struct,Random forest,conventional,True,19,307,88,14,14,4,0.32657039228964635,0.3019234805273023,0.8954971595179695,ranked among candidates with >= 2 PFAS test rows,PFAS test,PFAS test,True,hle_invivo_pfas_struct,Random forest,conventional,Test,O=C(O)C(F)(F)C(F)(F)C(F)(F)C(F)(F)C(F)(F)C(F)(F)C(F)(F)C(F)(F)F,3.074280483708658,2.638280360043243,Mouse,F
HLe_invivo,Mouse,F,PFAS-only training,hle_invivo_pfas_struct,Random forest,conventional,True,19,307,88,14,14,4,0.32657039228964635,0.3019234805273023,0.8954971595179695,ranked among candidates with >= 2 PFAS test rows,PFAS test,PFAS test,True,hle_invivo_pfas_struct,Random forest,conventional,Test,O=C(O)C(F)(F)C(F)(F)C(F)(F)C(F)(F)C(F)(F)F,0.8976270912904415,0.7994360485873341,Mouse,F
HLe_invivo,Mouse,F,PFAS-only training,hle_invivo_pfas_struct,Random forest,conventional,True,19,307,88,14,14,4,0.32657039228964635,0.3019234805273023,0.8954971595179695,ranked among candidates with >= 2 PFAS test rows,PFAS test,PFAS test,True,hle_invivo_pfas_struct,Random forest,conventional,Test,O=C(O)C(F)(OC(F)(F)C(F)(F)C(F)(F)F)C(F)(F)F,1.157759476440454,0.8158936688695497,Mouse,F
HLe_invivo,Mouse,F,PFAS-only training,hle_invivo_pfas_struct,Random forest,conventional,True,19,307,88,14,14,4,0.32657039228964635,0.3019234805273023,0.8954971595179695,ranked among candidates with >= 2 PFAS test rows,PFAS test,PFAS test,True,hle_invivo_pfas_struct,Random forest,conventional,Test,O=C(O)C(F)(F)C(F)(F)C(F)(F)C(F)(F)C(F)(F)C(F)(F)C(F)(F)C(F)(F)F,3.003945719152847,2.672308770983064,Mouse,F
HLe_invivo,Mouse,M,PFAS-only training,hle_invivo_pfas_struct,Random forest,conventional,True,19,307,88,14,14,5,0.4546329462439428,0.3891095591440469,0.8021695725816663,ranked among candidates with >= 2 PFAS test rows,Train,Train PFAS,True,hle_invivo_pfas_struct,Random forest,conventional,Train,O=C(O)C(F)(F)C(F)OC(F)(F)C(F)(F)C(F)(F)OC(F)(F)F,0.9084850188786496,0.926285583711398,Mouse,M
HLe_invivo,Mouse,M,PFAS-only training,hle_invivo_pfas_struct,Random forest,conventional,True,19,307,88,14,14,5,0.4546329462439428,0.3891095591440469,0.8021695725816663,ranked among candidates with >= 2 PFAS test rows,Train,Train PFAS,True,hle_invivo_pfas_struct,Random forest,conventional,Train,CCNC(C)Cc1cccc(C(F)(F)F)c1,0.6334684555795865,0.7830087701939705,Mouse,M
HLe_invivo,Mouse,M,PFAS-only training,hle_invivo_pfas_struct,Random forest,conventional,True,19,307,88,14,14,5,0.4546329462439428,0.3891095591440469,0.8021695725816663,ranked among candidates with >= 2 PFAS test rows,Train,Train PFAS,True,hle_invivo_pfas_struct,Random forest,conventional,Train,O=C(O)C(F)(F)C(F)(F)C(F)(F)C(F)(F)C(F)(F)C(F)(F)C(F)(F)C(F)(F)C(F)(F)F,2.741939077729199,2.7870145661695465,Mouse,M
HLe_invivo,Mouse,M,PFAS-only training,hle_invivo_pfas_struct,Random forest,conventional,True,19,307,88,14,14,5,0.4546329462439428,0.3891095591440469,0.8021695725816663,ranked among candidates with >= 2 PFAS test rows,Train,Train PFAS,True,hle_invivo_pfas_struct,Random forest,conventional,Train,O=C(O)C(F)(F)C(F)(F)C(F)(F)C(F)(F)C(F)(F)C(F)(F)C(F)(F)F,2.740850901029025,2.7014373312275963,Mouse,M
HLe_invivo,Mouse,M,PFAS-only training,hle_invivo_pfas_struct,Random forest,conventional,True,19,307,88,14,14,5,0.4546329462439428,0.3891095591440469,0.8021695725816663,ranked among candidates with >= 2 PFAS test rows,Train,Train PFAS,True,hle_invivo_pfas_struct,Random forest,conventional,Train,O=C(O)C(F)(F)C(F)(F)C(F)(F)C(F)(F)C(F)(F)C(F)(F)F,0.5253040099582389,0.8552987461806655,Mouse,M
HLe_invivo,Mouse,M,PFAS-only training,hle_invivo_pfas_struct,Random forest,conventional,True,19,307,88,14,14,5,0.4546329462439428,0.3891095591440469,0.8021695725816663,ranked among candidates with >= 2 PFAS test rows,Train,Train PFAS,True,hle_invivo_pfas_struct,Random forest,conventional,Train,O=C(O)C(F)(F)C(F)(F)C(F)(F)F,1.024171456538909,0.998635291851402,Mouse,M
HLe_invivo,Mouse,M,PFAS-only training,hle_invivo_pfas_struct,Random forest,conventional,True,19,307,88,14,14,5,0.4546329462439428,0.3891095591440469,0.8021695725816663,ranked among candidates with >= 2 PFAS test rows,Train,Train PFAS,True,hle_invivo_pfas_struct,Random forest,conventional,Train,O=C(O)C(F)(F)C(F)(F)F,1.12515582958053,1.0448609324161282,Mouse,M
HLe_invivo,Mouse,M,PFAS-only training,hle_invivo_pfas_struct,Random forest,conventional,True,19,307,88,14,14,5,0.4546329462439428,0.3891095591440469,0.8021695725816663,ranked among candidates with >= 2 PFAS test rows,Train,Train PFAS,True,hle_invivo_pfas_struct,Random forest,conventional,Train,O=S(=O)(O)C(F)(F)C(F)(F)C(F)(F)C(F)(F)C(F)(F)C(F)(F)C(F)(F)C(F)(F)F,3.011644853976733,2.9492802402553133,Mouse,M
HLe_invivo,Mouse,M,PFAS-only training,hle_invivo_pfas_struct,Random forest,conventional,True,19,307,88,14,14,5,0.4546329462439428,0.3891095591440469,0.8021695725816663,ranked among candidates with >= 2 PFAS test rows,Train,Train PFAS,True,hle_invivo_pfas_struct,Random forest,conventional,Train,O=S(=O)(O)C(F)(F)C(F)(F)C(F)(F)C(F)(F)C(F)(F)C(F)(F)F,2.847950515537125,2.832892593810948,Mouse,M
HLe_invivo,Mouse,M,PFAS-only training,hle_invivo_pfas_struct,Random forest,conventional,True,19,307,88,14,14,5,0.4546329462439428,0.3891095591440469,0.8021695725816663,ranked among candidates with >= 2 PFAS test rows,Train,Train PFAS,True,hle_invivo_pfas_struct,Random forest,conventional,Train,O=S(=O)(O)C(F)(F)C(F)(F)C(F)(F)C(F)(F)F,0.7104925578975183,0.768122776579759,Mouse,M
HLe_invivo,Mouse,M,PFAS-only training,hle_invivo_pfas_struct,Random forest,conventional,True,19,307,88,14,14,5,0.4546329462439428,0.3891095591440469,0.8021695725816663,ranked among candidates with >= 2 PFAS test rows,Train,Train PFAS,True,hle_invivo_pfas_struct,Random forest,conventional,Train,O=C(O)C(F)(F)C(F)(F)C(F)(F)C(F)(F)C(F)(F)C(F)(F)C(F)(F)F,2.737825640833858,2.701631755906753,Mouse,M
HLe_invivo,Mouse,M,PFAS-only training,hle_invivo_pfas_struct,Random forest,conventional,True,19,307,88,14,14,5,0.4546329462439428,0.3891095591440469,0.8021695725816663,ranked among candidates with >= 2 PFAS test rows,Train,Train PFAS,True,hle_invivo_pfas_struct,Random forest,conventional,Train,O=C(O)C(F)(F)C(F)(F)C(F)(F)F,1.019541328377873,0.9995202440843248,Mouse,M
HLe_invivo,Mouse,M,PFAS-only training,hle_invivo_pfas_struct,Random forest,conventional,True,19,307,88,14,14,5,0.4546329462439428,0.3891095591440469,0.8021695725816663,ranked among candidates with >= 2 PFAS test rows,Train,Train PFAS,True,hle_invivo_pfas_struct,Random forest,conventional,Train,O=C(O)C(F)(F)C(F)OC(F)(F)C(F)(F)C(F)(F)OC(F)(F)F,0.9084850188786496,0.956542690674892,Mouse,M
HLe_invivo,Mouse,M,PFAS-only training,hle_invivo_pfas_struct,Random forest,conventional,True,19,307,88,14,14,5,0.4546329462439428,0.3891095591440469,0.8021695725816663,ranked among candidates with >= 2 PFAS test rows,Train,Train PFAS,True,hle_invivo_pfas_struct,Random forest,conventional,Train,O=S(=O)(O)C(F)(F)C(F)(F)C(F)(F)C(F)(F)C(F)(F)C(F)(F)F,2.853212217400622,2.8372174052818906,Mouse,M
HLe_invivo,Mouse,M,PFAS-only training,hle_invivo_pfas_struct,Random forest,conventional,True,19,307,88,14,14,5,0.4546329462439428,0.3891095591440469,0.8021695725816663,ranked among candidates with >= 2 PFAS test rows,PFAS test,PFAS test,True,hle_invivo_pfas_struct,Random forest,conventional,Test,O=C(O)C(F)(F)C(F)(F)C(F)(F)C(F)(F)C(F)(F)C(F)(F)C(F)(F)C(F)(F)F,3.442137397342181,2.7240837396768627,Mouse,M
HLe_invivo,Mouse,M,PFAS-only training,hle_invivo_pfas_struct,Random forest,conventional,True,19,307,88,14,14,5,0.4546329462439428,0.3891095591440469,0.8021695725816663,ranked among candidates with >= 2 PFAS test rows,PFAS test,PFAS test,True,hle_invivo_pfas_struct,Random forest,conventional,Test,O=C(O)C(F)(F)C(F)(F)C(F)(F)C(F)(F)C(F)(F)F,1.02530586526477,0.8815965805152755,Mouse,M
HLe_invivo,Mouse,M,PFAS-only training,hle_invivo_pfas_struct,Random forest,conventional,True,19,307,88,14,14,5,0.4546329462439428,0.3891095591440469,0.8021695725816663,ranked among candidates with >= 2 PFAS test rows,PFAS test,PFAS test,True,hle_invivo_pfas_struct,Random forest,conventional,Test,O=C(O)C(F)(OC(F)(F)C(F)(F)C(F)(F)F)C(F)(F)F,1.354755935463708,1.0325669390123895,Mouse,M
HLe_invivo,Mouse,M,PFAS-only training,hle_invivo_pfas_struct,Random forest,conventional,True,19,307,88,14,14,5,0.4546329462439428,0.3891095591440469,0.8021695725816663,ranked among candidates with >= 2 PFAS test rows,PFAS test,PFAS test,True,hle_invivo_pfas_struct,Random forest,conventional,Test,COc1cc(OC)n2nc(NS(=O)(=O)c3c(C(F)(F)F)ccnc3OC)nc2n1,1.629670844749205,1.476229784724573,Mouse,M
HLe_invivo,Mouse,M,PFAS-only training,hle_invivo_pfas_struct,Random forest,conventional,True,19,307,88,14,14,5,0.4546329462439428,0.3891095591440469,0.8021695725816663,ranked among candidates with >= 2 PFAS test rows,PFAS test,PFAS test,True,hle_invivo_pfas_struct,Random forest,conventional,Test,O=C(O)C(F)(F)C(F)(F)C(F)(F)C(F)(F)C(F)(F)C(F)(F)C(F)(F)C(F)(F)F,3.327457886497598,2.719303089668127,Mouse,M
HLe_invivo,Mouse,MF,PFAS + non-PFAS training,hle_invivo_all_aux,XGBoost,conventional,True,21,6341,1585,27,4,2,0.41174428479137576,0.3058752064698353,0.8059163878420269,ranked among candidates with >= 2 PFAS test rows,Train,Train PFAS,True,hle_invivo_all_aux,XGBoost,conventional,Train,CC12C=CC(=O)NC1CCC1C2CCC2(C)C(C(=O)Nc3cc(C(F)(F)F)ccc3C(F)(F)F)CCC12,2.92,2.9360287189483643,Mouse,MF
HLe_invivo,Mouse,MF,PFAS + non-PFAS training,hle_invivo_all_aux,XGBoost,conventional,True,21,6341,1585,27,4,2,0.41174428479137576,0.3058752064698353,0.8059163878420269,ranked among candidates with >= 2 PFAS test rows,Train,Train PFAS,True,hle_invivo_all_aux,XGBoost,conventional,Train,Cc1ccc(-c2cc(C(F)(F)F)nn2-c2ccc(S(N)(=O)=O)cc2)cc1,1.04,1.1013420820236206,Mouse,MF
HLe_invivo,Mouse,MF,PFAS + non-PFAS training,hle_invivo_all_aux,XGBoost,conventional,True,21,6341,1585,27,4,2,0.41174428479137576,0.3058752064698353,0.8059163878420269,ranked among candidates with >= 2 PFAS test rows,Train,Train non-PFAS,False,hle_invivo_all_aux,XGBoost,conventional,Train,Brc1ccc(Oc2ccc(Br)cc2Br)c(Br)c1,2.312928032611248,2.332993268966675,Mouse,MF
HLe_invivo,Mouse,MF,PFAS + non-PFAS training,hle_invivo_all_aux,XGBoost,conventional,True,21,6341,1585,27,4,2,0.41174428479137576,0.3058752064698353,0.8059163878420269,ranked among candidates with >= 2 PFAS test rows,Train,Train non-PFAS,False,hle_invivo_all_aux,XGBoost,conventional,Train,CC(=O)NCC1CN(c2ccc(N3CCOCC3)c(F)c2)C(=O)O1,-0.2236963068526934,-0.1120456680655479,Mouse,MF
HLe_invivo,Mouse,MF,PFAS + non-PFAS training,hle_invivo_all_aux,XGBoost,conventional,True,21,6341,1585,27,4,2,0.41174428479137576,0.3058752064698353,0.8059163878420269,ranked among candidates with >= 2 PFAS test rows,Train,Train non-PFAS,False,hle_invivo_all_aux,XGBoost,conventional,Train,C=C1CC(=CC)C(=O)OC2CCN3CC=C(COC(=O)C1(O)CO)C23,0.4771212547196624,0.4948399662971496,Mouse,MF
HLe_invivo,Mouse,MF,PFAS + non-PFAS training,hle_invivo_all_aux,XGBoost,conventional,True,21,6341,1585,27,4,2,0.41174428479137576,0.3058752064698353,0.8059163878420269,ranked among candidates with >= 2 PFAS test rows,Train,Train non-PFAS,False,hle_invivo_all_aux,XGBoost,conventional,Train,CCCCC(C#N)(Cn1cncn1)c1ccc(Cl)cc1,0.9172161863719024,1.0815171003341677,Mouse,MF
HLe_invivo,Mouse,MF,PFAS + non-PFAS training,hle_invivo_all_aux,XGBoost,conventional,True,21,6341,1585,27,4,2,0.41174428479137576,0.3058752064698353,0.8059163878420269,ranked among candidates with >= 2 PFAS test rows,Train,Train non-PFAS,False,hle_invivo_all_aux,XGBoost,conventional,Train,CCNC(=O)C(C)OC(=O)Nc1ccccc1,0.414973347970818,0.466183990240097,Mouse,MF
HLe_invivo,Mouse,MF,PFAS + non-PFAS training,hle_invivo_all_aux,XGBoost,conventional,True,21,6341,1585,27,4,2,0.41174428479137576,0.3058752064698353,0.8059163878420269,ranked among candidates with >= 2 PFAS test rows,Train,Train non-PFAS,False,hle_invivo_all_aux,XGBoost,conventional,Train,C=CCc1ccc(OC)c(OC)c1,-0.0315957655049279,0.098220981657505,Mouse,MF
HLe_invivo,Mouse,MF,PFAS + non-PFAS training,hle_invivo_all_aux,XGBoost,conventional,True,21,6341,1585,27,4,2,0.41174428479137576,0.3058752064698353,0.8059163878420269,ranked among candidates with >= 2 PFAS test rows,Train,Train non-PFAS,False,hle_invivo_all_aux,XGBoost,conventional,Train,Clc1cc(-c2cc(Cl)c(Cl)c(Cl)c2)cc(Cl)c1Cl,3.136086097384097,3.1882331371307373,Mouse,MF
HLe_invivo,Mouse,MF,PFAS + non-PFAS training,hle_invivo_all_aux,XGBoost,conventional,True,21,6341,1585,27,4,2,0.41174428479137576,0.3058752064698353,0.8059163878420269,ranked among candidates with >= 2 PFAS test rows,Train,Train non-PFAS,False,hle_invivo_all_aux,XGBoost,conventional,Train,Clc1cc2c(cc1Cl)Oc1cc(Cl)c(Cl)cc1O2,2.419183807610492,2.600297689437866,Mouse,MF
HLe_invivo,Mouse,MF,PFAS + non-PFAS training,hle_invivo_all_aux,XGBoost,conventional,True,21,6341,1585,27,4,2,0.41174428479137576,0.3058752064698353,0.8059163878420269,ranked among candidates with >= 2 PFAS test rows,Train,Train PFAS,True,hle_invivo_all_aux,XGBoost,conventional,Train,O=C(O)C(Cl)(Cl)Cl,0.8987704111758488,0.9574852585792542,Mouse,MF
HLe_invivo,Mouse,MF,PFAS + non-PFAS training,hle_invivo_all_aux,XGBoost,conventional,True,21,6341,1585,27,4,2,0.41174428479137576,0.3058752064698353,0.8059163878420269,ranked among candidates with >= 2 PFAS test rows,Train,Train non-PFAS,False,hle_invivo_all_aux,XGBoost,conventional,Train,O=C(O)c1cc(N=Nc2ccc(S(=O)(=O)Nc3ccccn3)cc2)ccc1O,0.1132134541511759,0.1512188464403152,Mouse,MF
HLe_invivo,Mouse,MF,PFAS + non-PFAS training,hle_invivo_all_aux,XGBoost,conventional,True,21,6341,1585,27,4,2,0.41174428479137576,0.3058752064698353,0.8059163878420269,ranked among candidates with >= 2 PFAS test rows,Train,Train non-PFAS,False,hle_invivo_all_aux,XGBoost,conventional,Train,OC(O)C(Cl)(Cl)Cl,-0.2728886561397245,-0.2498426735401153,Mouse,MF
HLe_invivo,Mouse,MF,PFAS + non-PFAS training,hle_invivo_all_aux,XGBoost,conventional,True,21,6341,1585,27,4,2,0.41174428479137576,0.3058752064698353,0.8059163878420269,ranked among candidates with >= 2 PFAS test rows,Train,Train non-PFAS,False,hle_invivo_all_aux,XGBoost,conventional,Train,C=CC(N)=O,0.3010299956639812,0.1787649542093277,Mouse,MF
HLe_invivo,Mouse,MF,PFAS + non-PFAS training,hle_invivo_all_aux,XGBoost,conventional,True,21,6341,1585,27,4,2,0.41174428479137576,0.3058752064698353,0.8059163878420269,ranked among candidates with >= 2 PFAS test rows,Train,Train non-PFAS,False,hle_invivo_all_aux,XGBoost,conventional,Train,Cc1cn(C2CC(N=[N+]=[N-])C(CO)O2)c(=O)[nH]c1=O,-0.0971136840321654,-0.2121635377407074,Mouse,MF
HLe_invivo,Mouse,MF,PFAS + non-PFAS training,hle_invivo_all_aux,XGBoost,conventional,True,21,6341,1585,27,4,2,0.41174428479137576,0.3058752064698353,0.8059163878420269,ranked among candidates with >= 2 PFAS test rows,Train,Train non-PFAS,False,hle_invivo_all_aux,XGBoost,conventional,Train,COC(=O)C1=C(C#N)N=C(C)C(C(=O)OC(C)C)C1c1cccc([N+](=O)[O-])c1,0.0718820073061253,0.1060944497585296,Mouse,MF
HLe_invivo,Mouse,MF,PFAS + non-PFAS training,hle_invivo_all_aux,XGBoost,conventional,True,21,6341,1585,27,4,2,0.41174428479137576,0.3058752064698353,0.8059163878420269,ranked among candidates with >= 2 PFAS test rows,Train,Train non-PFAS,False,hle_invivo_all_aux,XGBoost,conventional,Train,CCOCCO,1.004321373782643,0.916479229927063,Mouse,MF
HLe_invivo,Mouse,MF,PFAS + non-PFAS training,hle_invivo_all_aux,XGBoost,conventional,True,21,6341,1585,27,4,2,0.41174428479137576,0.3058752064698353,0.8059163878420269,ranked among candidates with >= 2 PFAS test rows,Train,Train non-PFAS,False,hle_invivo_all_aux,XGBoost,conventional,Train,CCOP(=S)(OCC)Oc1nc(Cl)c(Cl)cc1Cl,1.191111946688689,0.6762973666191101,Mouse,MF
HLe_invivo,Mouse,MF,PFAS + non-PFAS training,hle_invivo_all_aux,XGBoost,conventional,True,21,6341,1585,27,4,2,0.41174428479137576,0.3058752064698353,0.8059163878420269,ranked among candidates with >= 2 PFAS test rows,Train,Train PFAS,True,hle_invivo_all_aux,XGBoost,conventional,Train,CN1CCCC(n2nc(Cc3ccc(Cl)cc3)c3ccccc3c2=O)CC1,0.4456042032735976,0.5089550614356995,Mouse,MF
HLe_invivo,Mouse,MF,PFAS + non-PFAS training,hle_invivo_all_aux,XGBoost,conventional,True,21,6341,1585,27,4,2,0.41174428479137576,0.3058752064698353,0.8059163878420269,ranked among candidates with >= 2 PFAS test rows,Train,Train non-PFAS,False,hle_invivo_all_aux,XGBoost,conventional,Train,CNC(=O)Oc1cccc2ccccc12,-0.0149195784813431,-0.0498720631003379,Mouse,MF
HLe_invivo,Mouse,MF,PFAS + non-PFAS training,hle_invivo_all_aux,XGBoost,conventional,True,21,6341,1585,27,4,2,0.41174428479137576,0.3058752064698353,0.8059163878420269,ranked among candidates with >= 2 PFAS test rows,Train,Train non-PFAS,False,hle_invivo_all_aux,XGBoost,conventional,Train,CNC(=N[N+](=O)[O-])NCc1cnc(Cl)s1,0.2670130530280675,0.370954692363739,Mouse,MF
HLe_invivo,Mouse,MF,PFAS + non-PFAS training,hle_invivo_all_aux,XGBoost,conventional,True,21,6341,1585,27,4,2,0.41174428479137576,0.3058752064698353,0.8059163878420269,ranked among candidates with >= 2 PFAS test rows,Train,Train non-PFAS,False,hle_invivo_all_aux,XGBoost,conventional,Train,CC1=NN(c2ccccc2)C(=O)C1,0.3729120029701066,0.4685328304767608,Mouse,MF
HLe_invivo,Mouse,MF,PFAS + non-PFAS training,hle_invivo_all_aux,XGBoost,conventional,True,21,6341,1585,27,4,2,0.41174428479137576,0.3058752064698353,0.8059163878420269,ranked among candidates with >= 2 PFAS test rows,Train,Train non-PFAS,False,hle_invivo_all_aux,XGBoost,conventional,Train,C=CCC1C=C(C)CC(C)CC(OC)C2OC(O)(C(=O)C(=O)N3CCCCC3C(=O)OC(C(C)=CC3CCC(O)C(OC)C3)C(C)C(O)CC1=O)C(C)CC2OC,1.414973347970818,1.4239685535430908,Mouse,MF
HLe_invivo,Mouse,MF,PFAS + non-PFAS training,hle_invivo_all_aux,XGBoost,conventional,True,21,6341,1585,27,4,2,0.41174428479137576,0.3058752064698353,0.8059163878420269,ranked among candidates with >= 2 PFAS test rows,Train,Train non-PFAS,False,hle_invivo_all_aux,XGBoost,conventional,Train,CC1CC2=CC(=O)CCC2C2CCC3(C)C(O)CCC3C12,-0.1870866433571444,0.097814105451107,Mouse,MF
HLe_invivo,Mouse,MF,PFAS + non-PFAS training,hle_invivo_all_aux,XGBoost,conventional,True,21,6341,1585,27,4,2,0.41174428479137576,0.3058752064698353,0.8059163878420269,ranked among candidates with >= 2 PFAS test rows,Train,Train non-PFAS,False,hle_invivo_all_aux,XGBoost,conventional,Train,CC1CC2C(C(O)CC3(C)C2CCC3(O)C(=O)CO)C2(C)C=CC(=O)C=C12,0.3617278360175928,0.3416004180908203,Mouse,MF
HLe_invivo,Mouse,MF,PFAS + non-PFAS training,hle_invivo_all_aux,XGBoost,conventional,True,21,6341,1585,27,4,2,0.41174428479137576,0.3058752064698353,0.8059163878420269,ranked among candidates with >= 2 PFAS test rows,Train,Train non-PFAS,False,hle_invivo_all_aux,XGBoost,conventional,Train,CCC(=O)OC1(C(=O)SCF)C(C)CC2C3CC(F)C4=CC(=O)C=CC4(C)C3(F)C(O)CC21C,0.7781512503836436,0.83706134557724,Mouse,MF
HLe_invivo,Mouse,MF,PFAS + non-PFAS training,hle_invivo_all_aux,XGBoost,conventional,True,21,6341,1585,27,4,2,0.41174428479137576,0.3058752064698353,0.8059163878420269,ranked among candidates with >= 2 PFAS test rows,Train,Train non-PFAS,False,hle_invivo_all_aux,XGBoost,conventional,Train,CC1CC2C3CC(F)C4=CC(=O)C=CC4(C)C3C(O)CC2(C)C1C(=O)CO,0.1139433523068368,0.2861118018627167,Mouse,MF
HLe_invivo,Mouse,MF,PFAS + non-PFAS training,hle_invivo_all_aux,XGBoost,conventional,True,21,6341,1585,27,4,2,0.41174428479137576,0.3058752064698353,0.8059163878420269,ranked among candidates with >= 2 PFAS test rows,PFAS test,PFAS test,True,hle_invivo_all_aux,XGBoost,conventional,Test,CC(=CC(=O)OCCCCCCCCC(=O)O)CC1OCC(CC2OC2C(C)C(C)O)C(O)C1O,-0.3010299956639812,0.2804785072803497,Mouse,MF
HLe_invivo,Mouse,MF,PFAS + non-PFAS training,hle_invivo_all_aux,XGBoost,conventional,True,21,6341,1585,27,4,2,0.41174428479137576,0.3058752064698353,0.8059163878420269,ranked among candidates with >= 2 PFAS test rows,PFAS test,PFAS test,True,hle_invivo_all_aux,XGBoost,conventional,Test,CCC(C(C)O)n1ncn(-c2ccc(N3CCN(c4ccc(OCC5COC(Cn6cncn6)(c6ccc(F)cc6F)C5)cc4)CC3)cc2)c1=O,1.568201724066995,1.5379598140716553,Mouse,MF
HLe_invivo,Rat,F,PFAS-only training,hle_invivo_rat_f,MapLight CatBoost (Strict Parity),conventional,False,0,40,10,40,40,10,0.5036612947284618,0.39639812919194684,0.45062482521060754,ranked among candidates with >= 2 PFAS test rows,Train,Train PFAS,True,hle_invivo_rat_f,MapLight CatBoost (Strict Parity),conventional,Train,COCCOC(=O)C(C#N)(C(=O)c1ccccc1C(F)(F)F)c1ccc(C(C)(C)C)cc1,1.277412677804973,1.2774125348614898,Rat,F
HLe_invivo,Rat,F,PFAS-only training,hle_invivo_rat_f,MapLight CatBoost (Strict Parity),conventional,False,0,40,10,40,40,10,0.5036612947284618,0.39639812919194684,0.45062482521060754,ranked among candidates with >= 2 PFAS test rows,Train,Train PFAS,True,hle_invivo_rat_f,MapLight CatBoost (Strict Parity),conventional,Train,CC(C)C(O)(c1ccc(OC(F)(F)F)cc1)c1cncnc1,1.612783856719735,1.6127837202198871,Rat,F
HLe_invivo,Rat,F,PFAS-only training,hle_invivo_rat_f,MapLight CatBoost (Strict Parity),conventional,False,0,40,10,40,40,10,0.5036612947284618,0.39639812919194684,0.45062482521060754,ranked among candidates with >= 2 PFAS test rows,Train,Train PFAS,True,hle_invivo_rat_f,MapLight CatBoost (Strict Parity),conventional,Train,CC(C)CC(C)c1sccc1NC(=O)c1cn(C)nc1C(F)(F)F,1.247973266361807,1.247973199841151,Rat,F
HLe_invivo,Rat,F,PFAS-only training,hle_invivo_rat_f,MapLight CatBoost (Strict Parity),conventional,False,0,40,10,40,40,10,0.5036612947284618,0.39639812919194684,0.45062482521060754,ranked among candidates with >= 2 PFAS test rows,Train,Train PFAS,True,hle_invivo_rat_f,MapLight CatBoost (Strict Parity),conventional,Train,CC(c1ccc(C(F)(F)F)nc1)S(C)(=O)=NC#N,1.757713701614207,1.7577135151351382,Rat,F
HLe_invivo,Rat,F,PFAS-only training,hle_invivo_rat_f,MapLight CatBoost (Strict Parity),conventional,False,0,40,10,40,40,10,0.5036612947284618,0.39639812919194684,0.45062482521060754,ranked among candidates with >= 2 PFAS test rows,Train,Train PFAS,True,hle_invivo_rat_f,MapLight CatBoost (Strict Parity),conventional,Train,CC1(C)C(C=C(Cl)C(F)(F)F)C1C(=O)OC(C#N)c1cccc(Oc2ccccc2)c1,1.40897562836763,1.4089757431082348,Rat,F
HLe_invivo,Rat,F,PFAS-only training,hle_invivo_rat_f,MapLight CatBoost (Strict Parity),conventional,False,0,40,10,40,40,10,0.5036612947284618,0.39639812919194684,0.45062482521060754,ranked among candidates with >= 2 PFAS test rows,Train,Train PFAS,True,hle_invivo_rat_f,MapLight CatBoost (Strict Parity),conventional,Train,Cc1c(COC(=O)C2C(C=C(Cl)C(F)(F)F)C2(C)C)cccc1-c1ccccc1,2.936306540942427,2.9362594471015417,Rat,F
HLe_invivo,Rat,F,PFAS-only training,hle_invivo_rat_f,MapLight CatBoost (Strict Parity),conventional,False,0,40,10,40,40,10,0.5036612947284618,0.39639812919194684,0.45062482521060754,ranked among candidates with >= 2 PFAS test rows,Train,Train PFAS,True,hle_invivo_rat_f,MapLight CatBoost (Strict Parity),conventional,Train,Cc1c(F)c(F)c(COC(=O)C2C(C=C(Cl)C(F)(F)F)C2(C)C)c(F)c1F,1.672595716116577,1.6725955715437473,Rat,F
HLe_invivo,Rat,F,PFAS-only training,hle_invivo_rat_f,MapLight CatBoost (Strict Parity),conventional,False,0,40,10,40,40,10,0.5036612947284618,0.39639812919194684,0.45062482521060754,ranked among candidates with >= 2 PFAS test rows,Train,Train PFAS,True,hle_invivo_rat_f,MapLight CatBoost (Strict Parity),conventional,Train,COc1nc(C)nc(NC(=O)NS(=O)(=O)c2ccccc2CCC(F)(F)F)n1,0.9621396430309408,0.9621395560819834,Rat,F
HLe_invivo,Rat,F,PFAS-only training,hle_invivo_rat_f,MapLight CatBoost (Strict Parity),conventional,False,0,40,10,40,40,10,0.5036612947284618,0.39639812919194684,0.45062482521060754,ranked among candidates with >= 2 PFAS test rows,Train,Train PFAS,True,hle_invivo_rat_f,MapLight CatBoost (Strict Parity),conventional,Train,CCCCN(CC)c1c([N+](=O)[O-])cc(C(F)(F)F)cc1[N+](=O)[O-],1.762542496811044,1.7625350702527467,Rat,F
HLe_invivo,Rat,F,PFAS-only training,hle_invivo_rat_f,MapLight CatBoost (Strict Parity),conventional,False,0,40,10,40,40,10,0.5036612947284618,0.39639812919194684,0.45062482521060754,ranked among candidates with >= 2 PFAS test rows,Train,Train PFAS,True,hle_invivo_rat_f,MapLight CatBoost (Strict Parity),conventional,Train,CCCN(CCC)c1c([N+](=O)[O-])cc(C(F)(F)F)cc1[N+](=O)[O-],1.24786233899899,1.2478622132334771,Rat,F
HLe_invivo,Rat,F,PFAS-only training,hle_invivo_rat_f,MapLight CatBoost (Strict Parity),conventional,False,0,40,10,40,40,10,0.5036612947284618,0.39639812919194684,0.45062482521060754,ranked among candidates with >= 2 PFAS test rows,Train,Train PFAS,True,hle_invivo_rat_f,MapLight CatBoost (Strict Parity),conventional,Train,CCOc1cc(Oc2ccc(C(F)(F)F)cc2Cl)ccc1[N+](=O)[O-],1.668772228383927,1.668772067274411,Rat,F
HLe_invivo,Rat,F,PFAS-only training,hle_invivo_rat_f,MapLight CatBoost (Strict Parity),conventional,False,0,40,10,40,40,10,0.5036612947284618,0.39639812919194684,0.45062482521060754,ranked among candidates with >= 2 PFAS test rows,Train,Train PFAS,True,hle_invivo_rat_f,MapLight CatBoost (Strict Parity),conventional,Train,COc1cnc(OC)n2nc(NS(=O)(=O)c3c(OCC(F)F)cccc3C(F)(F)F)nc12,1.627288538720828,1.6272884368458496,Rat,F
HLe_invivo,Rat,F,PFAS-only training,hle_invivo_rat_f,MapLight CatBoost (Strict Parity),conventional,False,0,40,10,40,40,10,0.5036612947284618,0.39639812919194684,0.45062482521060754,ranked among candidates with >= 2 PFAS test rows,Train,Train PFAS,True,hle_invivo_rat_f,MapLight CatBoost (Strict Parity),conventional,Train,CS(=O)(=O)c1ccc(C(=O)C2C(=O)CCCC2=O)c(Cl)c1COCC(F)(F)F,1.845038103661587,1.845038140130865,Rat,F
HLe_invivo,Rat,F,PFAS-only training,hle_invivo_rat_f,MapLight CatBoost (Strict Parity),conventional,False,0,40,10,40,40,10,0.5036612947284618,0.39639812919194684,0.45062482521060754,ranked among candidates with >= 2 PFAS test rows,Train,Train PFAS,True,hle_invivo_rat_f,MapLight CatBoost (Strict Parity),conventional,Train,FC(F)(F)c1ccc(OCCCOc2c(Cl)cc(OCC=C(Cl)Cl)cc2Cl)nc1,1.737173431900802,1.7371737138189798,Rat,F
HLe_invivo,Rat,F,PFAS-only training,hle_invivo_rat_f,MapLight CatBoost (Strict Parity),conventional,False,0,40,10,40,40,10,0.5036612947284618,0.39639812919194684,0.45062482521060754,ranked among candidates with >= 2 PFAS test rows,Train,Train PFAS,True,hle_invivo_rat_f,MapLight CatBoost (Strict Parity),conventional,Train,N#Cc1ccc(CC(N=NC(=O)Nc2ccc(OC(F)(F)F)cc2)c2cccc(C(F)(F)F)c2)cc1,2.635117516005685,2.635117543782459,Rat,F
HLe_invivo,Rat,F,PFAS-only training,hle_invivo_rat_f,MapLight CatBoost (Strict Parity),conventional,False,0,40,10,40,40,10,0.5036612947284618,0.39639812919194684,0.45062482521060754,ranked among candidates with >= 2 PFAS test rows,Train,Train PFAS,True,hle_invivo_rat_f,MapLight CatBoost (Strict Parity),conventional,Train,N#CCNC(=O)c1cnccc1C(F)(F)F,0.732597664355026,0.7325973835321238,Rat,F
HLe_invivo,Rat,F,PFAS-only training,hle_invivo_rat_f,MapLight CatBoost (Strict Parity),conventional,False,0,40,10,40,40,10,0.5036612947284618,0.39639812919194684,0.45062482521060754,ranked among candidates with >= 2 PFAS test rows,Train,Train PFAS,True,hle_invivo_rat_f,MapLight CatBoost (Strict Parity),conventional,Train,O=C(NC(=O)c1c(F)cccc1F)Nc1ccc(OC(F)(F)C(F)OC(F)(F)F)c(Cl)c1,1.890079476391125,1.890079761087256,Rat,F
HLe_invivo,Rat,F,PFAS-only training,hle_invivo_rat_f,MapLight CatBoost (Strict Parity),conventional,False,0,40,10,40,40,10,0.5036612947284618,0.39639812919194684,0.45062482521060754,ranked among candidates with >= 2 PFAS test rows,Train,Train PFAS,True,hle_invivo_rat_f,MapLight CatBoost (Strict Parity),conventional,Train,O=C(NC(=O)c1c(F)cccc1F)Nc1cc(Cl)c(OC(F)(F)C(F)C(F)(F)F)cc1Cl,2.180879907753171,2.180880017965209,Rat,F
HLe_invivo,Rat,F,PFAS-only training,hle_invivo_rat_f,MapLight CatBoost (Strict Parity),conventional,False,0,40,10,40,40,10,0.5036612947284618,0.39639812919194684,0.45062482521060754,ranked among candidates with >= 2 PFAS test rows,Train,Train PFAS,True,hle_invivo_rat_f,MapLight CatBoost (Strict Parity),conventional,Train,O=C(NC(=O)c1c(F)cccc1F)Nc1ccc(Oc2ccc(C(F)(F)F)cc2Cl)cc1F,2.883101167896919,2.8831007664295725,Rat,F
HLe_invivo,Rat,F,PFAS-only training,hle_invivo_rat_f,MapLight CatBoost (Strict Parity),conventional,False,0,40,10,40,40,10,0.5036612947284618,0.39639812919194684,0.45062482521060754,ranked among candidates with >= 2 PFAS test rows,Train,Train PFAS,True,hle_invivo_rat_f,MapLight CatBoost (Strict Parity),conventional,Train,O=C(Nc1ccc(F)cc1F)c1cccnc1Oc1cccc(C(F)(F)F)c1,1.476759790872765,1.4767600178251403,Rat,F
HLe_invivo,Rat,F,PFAS-only training,hle_invivo_rat_f,MapLight CatBoost (Strict Parity),conventional,False,0,40,10,40,40,10,0.5036612947284618,0.39639812919194684,0.45062482521060754,ranked among candidates with >= 2 PFAS test rows,Train,Train PFAS,True,hle_invivo_rat_f,MapLight CatBoost (Strict Parity),conventional,Train,O=C(NCc1ncc(C(F)(F)F)cc1Cl)c1c(Cl)cccc1Cl,1.625430695992158,1.6254307941183164,Rat,F
HLe_invivo,Rat,F,PFAS-only training,hle_invivo_rat_f,MapLight CatBoost (Strict Parity),conventional,False,0,40,10,40,40,10,0.5036612947284618,0.39639812919194684,0.45062482521060754,ranked among candidates with >= 2 PFAS test rows,Train,Train PFAS,True,hle_invivo_rat_f,MapLight CatBoost (Strict Parity),conventional,Train,O=C1C(Cl)C(CCl)CN1c1cccc(C(F)(F)F)c1,2.216520089202584,2.216519777253687,Rat,F
HLe_invivo,Rat,F,PFAS-only training,hle_invivo_rat_f,MapLight CatBoost (Strict Parity),conventional,False,0,40,10,40,40,10,0.5036612947284618,0.39639812919194684,0.45062482521060754,ranked among candidates with >= 2 PFAS test rows,Train,Train PFAS,True,hle_invivo_rat_f,MapLight CatBoost (Strict Parity),conventional,Train,O=C(O)C(F)(F)C(F)(F)C(F)(F)C(F)(F)C(F)(F)C(F)(F)C(F)(F)C(F)(F)C(F)(F)F,2.90358983530431,2.903589213475989,Rat,F
HLe_invivo,Rat,F,PFAS-only training,hle_invivo_rat_f,MapLight CatBoost (Strict Parity),conventional,False,0,40,10,40,40,10,0.5036612947284618,0.39639812919194684,0.45062482521060754,ranked among candidates with >= 2 PFAS test rows,Train,Train PFAS,True,hle_invivo_rat_f,MapLight CatBoost (Strict Parity),conventional,Train,O=C(O)C(F)(F)C(F)(F)C(F)(F)C(F)(F)C(F)(F)C(F)(F)C(F)(F)C(F)(F)F,2.107374599180314,2.107373765278969,Rat,F
HLe_invivo,Rat,F,PFAS-only training,hle_invivo_rat_f,MapLight CatBoost (Strict Parity),conventional,False,0,40,10,40,40,10,0.5036612947284618,0.39639812919194684,0.45062482521060754,ranked among candidates with >= 2 PFAS test rows,Train,Train PFAS,True,hle_invivo_rat_f,MapLight CatBoost (Strict Parity),conventional,Train,O=C(O)C(F)(F)C(F)(F)C(F)(F)C(F)(F)C(F)(F)C(F)(F)C(F)(F)F,0.7244652134622404,0.7244652702136951,Rat,F
HLe_invivo,Rat,F,PFAS-only training,hle_invivo_rat_f,MapLight CatBoost (Strict Parity),conventional,False,0,40,10,40,40,10,0.5036612947284618,0.39639812919194684,0.45062482521060754,ranked among candidates with >= 2 PFAS test rows,Train,Train PFAS,True,hle_invivo_rat_f,MapLight CatBoost (Strict Parity),conventional,Train,O=C(O)C(F)(F)C(F)(F)C(F)(F)F,0.1237497574266794,0.1237491858476375,Rat,F
HLe_invivo,Rat,F,PFAS-only training,hle_invivo_rat_f,MapLight CatBoost (Strict Parity),conventional,False,0,40,10,40,40,10,0.5036612947284618,0.39639812919194684,0.45062482521060754,ranked among candidates with >= 2 PFAS test rows,Train,Train PFAS,True,hle_invivo_rat_f,MapLight CatBoost (Strict Parity),conventional,Train,O=C(O)C(F)(F)C(F)OC(F)(F)C(F)(F)C(F)(F)OC(F)(F)F,1.361727836017593,1.361728053196469,Rat,F
HLe_invivo,Rat,F,PFAS-only training,hle_invivo_rat_f,MapLight CatBoost (Strict Parity),conventional,False,0,40,10,40,40,10,0.5036612947284618,0.39639812919194684,0.45062482521060754,ranked among candidates with >= 2 PFAS test rows,Train,Train PFAS,True,hle_invivo_rat_f,MapLight CatBoost (Strict Parity),conventional,Train,O=C(O)C(F)(OC(F)(F)C(F)(F)C(F)(F)F)C(F)(F)F,0.178206992281849,0.1782070058399246,Rat,F
HLe_invivo,Rat,F,PFAS-only training,hle_invivo_rat_f,MapLight CatBoost (Strict Parity),conventional,False,0,40,10,40,40,10,0.5036612947284618,0.39639812919194684,0.45062482521060754,ranked among candidates with >= 2 PFAS test rows,Train,Train PFAS,True,hle_invivo_rat_f,MapLight CatBoost (Strict Parity),conventional,Train,O=C(O)CC(F)(F)C(F)(F)C(F)(F)C(F)(F)C(F)(F)C(F)(F)C(F)(F)C(F)(F)F,0.9207423046676966,0.9207422940849096,Rat,F
HLe_invivo,Rat,F,PFAS-only training,hle_invivo_rat_f,MapLight CatBoost (Strict Parity),conventional,False,0,40,10,40,40,10,0.5036612947284618,0.39639812919194684,0.45062482521060754,ranked among candidates with >= 2 PFAS test rows,Train,Train PFAS,True,hle_invivo_rat_f,MapLight CatBoost (Strict Parity),conventional,Train,O=C(O)CCC(F)(F)C(F)(F)C(F)(F)C(F)(F)C(F)(F)C(F)(F)C(F)(F)F,1.742172279860064,1.742165959491551,Rat,F
HLe_invivo,Rat,F,PFAS-only training,hle_invivo_rat_f,MapLight CatBoost (Strict Parity),conventional,False,0,40,10,40,40,10,0.5036612947284618,0.39639812919194684,0.45062482521060754,ranked among candidates with >= 2 PFAS test rows,Train,Train PFAS,True,hle_invivo_rat_f,MapLight CatBoost (Strict Parity),conventional,Train,O=C(O)CCC(F)(F)C(F)(F)C(F)(F)C(F)(F)C(F)(F)F,0.9416603391914876,0.9416604011395358,Rat,F
HLe_invivo,Rat,F,PFAS-only training,hle_invivo_rat_f,MapLight CatBoost (Strict Parity),conventional,False,0,40,10,40,40,10,0.5036612947284618,0.39639812919194684,0.45062482521060754,ranked among candidates with >= 2 PFAS test rows,Train,Train PFAS,True,hle_invivo_rat_f,MapLight CatBoost (Strict Parity),conventional,Train,OCCC(F)(F)C(F)(F)C(F)(F)C(F)(F)C(F)(F)C(F)(F)C(F)(F)C(F)(F)F,0.1907549480868803,0.1907545933113679,Rat,F
HLe_invivo,Rat,F,PFAS-only training,hle_invivo_rat_f,MapLight CatBoost (Strict Parity),conventional,False,0,40,10,40,40,10,0.5036612947284618,0.39639812919194684,0.45062482521060754,ranked among candidates with >= 2 PFAS test rows,Train,Train PFAS,True,hle_invivo_rat_f,MapLight CatBoost (Strict Parity),conventional,Train,OCCC(F)(F)C(F)(F)C(F)(F)C(F)(F)C(F)(F)C(F)(F)F,1.340444114840118,1.340439973462444,Rat,F
HLe_invivo,Rat,F,PFAS-only training,hle_invivo_rat_f,MapLight CatBoost (Strict Parity),conventional,False,0,40,10,40,40,10,0.5036612947284618,0.39639812919194684,0.45062482521060754,ranked among candidates with >= 2 PFAS test rows,Train,Train PFAS,True,hle_invivo_rat_f,MapLight CatBoost (Strict Parity),conventional,Train,O=P(O)(C(F)(F)C(F)(F)C(F)(F)C(F)(F)C(F)(F)C(F)(F)C(F)(F)C(F)(F)F)C(F)(F)C(F)(F)C(F)(F)C(F)(F)C(F)(F)C(F)(F)C(F)(F)C(F)(F)F,1.982271233039568,1.9822715793541377,Rat,F
HLe_invivo,Rat,F,PFAS-only training,hle_invivo_rat_f,MapLight CatBoost (Strict Parity),conventional,False,0,40,10,40,40,10,0.5036612947284618,0.39639812919194684,0.45062482521060754,ranked among candidates with >= 2 PFAS test rows,Train,Train PFAS,True,hle_invivo_rat_f,MapLight CatBoost (Strict Parity),conventional,Train,O=P(O)(O)C(F)(F)C(F)(F)C(F)(F)C(F)(F)C(F)(F)C(F)(F)C(F)(F)C(F)(F)C(F)(F)C(F)(F)F,1.827369273053825,1.8273697086247664,Rat,F
HLe_invivo,Rat,F,PFAS-only training,hle_invivo_rat_f,MapLight CatBoost (Strict Parity),conventional,False,0,40,10,40,40,10,0.5036612947284618,0.39639812919194684,0.45062482521060754,ranked among candidates with >= 2 PFAS test rows,Train,Train PFAS,True,hle_invivo_rat_f,MapLight CatBoost (Strict Parity),conventional,Train,O=P(O)(O)C(F)(F)C(F)(F)C(F)(F)C(F)(F)C(F)(F)C(F)(F)C(F)(F)C(F)(F)F,1.702430536445525,1.702430184442529,Rat,F
HLe_invivo,Rat,F,PFAS-only training,hle_invivo_rat_f,MapLight CatBoost (Strict Parity),conventional,False,0,40,10,40,40,10,0.5036612947284618,0.39639812919194684,0.45062482521060754,ranked among candidates with >= 2 PFAS test rows,Train,Train PFAS,True,hle_invivo_rat_f,MapLight CatBoost (Strict Parity),conventional,Train,O=P(O)(O)C(F)(F)C(F)(F)C(F)(F)C(F)(F)C(F)(F)C(F)(F)F,1.584331224367531,1.5843313458114312,Rat,F
HLe_invivo,Rat,F,PFAS-only training,hle_invivo_rat_f,MapLight CatBoost (Strict Parity),conventional,False,0,40,10,40,40,10,0.5036612947284618,0.39639812919194684,0.45062482521060754,ranked among candidates with >= 2 PFAS test rows,Train,Train PFAS,True,hle_invivo_rat_f,MapLight CatBoost (Strict Parity),conventional,Train,O=S(=O)(O)C(F)(F)C(F)(F)C(F)(F)C(F)(F)C(F)(F)C(F)(F)C(F)(F)C(F)(F)F,3.034277203351311,3.034258236099267,Rat,F
HLe_invivo,Rat,F,PFAS-only training,hle_invivo_rat_f,MapLight CatBoost (Strict Parity),conventional,False,0,40,10,40,40,10,0.5036612947284618,0.39639812919194684,0.45062482521060754,ranked among candidates with >= 2 PFAS test rows,Train,Train PFAS,True,hle_invivo_rat_f,MapLight CatBoost (Strict Parity),conventional,Train,O=S(=O)(O)C(F)(F)C(F)(F)C(F)(F)C(F)(F)C(F)(F)C(F)(F)F,1.516525789150537,1.516525758934281,Rat,F
HLe_invivo,Rat,F,PFAS-only training,hle_invivo_rat_f,MapLight CatBoost (Strict Parity),conventional,False,0,40,10,40,40,10,0.5036612947284618,0.39639812919194684,0.45062482521060754,ranked among candidates with >= 2 PFAS test rows,Train,Train PFAS,True,hle_invivo_rat_f,MapLight CatBoost (Strict Parity),conventional,Train,O=S(=O)(O)C(F)(F)C(F)(F)C(F)(F)C(F)(F)F,0.7983202229018067,0.7983199731237509,Rat,F
HLe_invivo,Rat,F,PFAS-only training,hle_invivo_rat_f,MapLight CatBoost (Strict Parity),conventional,False,0,40,10,40,40,10,0.5036612947284618,0.39639812919194684,0.45062482521060754,ranked among candidates with >= 2 PFAS test rows,PFAS test,PFAS test,True,hle_invivo_rat_f,MapLight CatBoost (Strict Parity),conventional,Test,CCCCOC(=O)C(C)Oc1ccc(Oc2ccc(C(F)(F)F)cn2)cc1,0.6013408587904177,1.6292812346628018,Rat,F
HLe_invivo,Rat,F,PFAS-only training,hle_invivo_rat_f,MapLight CatBoost (Strict Parity),conventional,False,0,40,10,40,40,10,0.5036612947284618,0.39639812919194684,0.45062482521060754,ranked among candidates with >= 2 PFAS test rows,PFAS test,PFAS test,True,hle_invivo_rat_f,MapLight CatBoost (Strict Parity),conventional,Test,CN(C)C(=O)Nc1cccc(C(F)(F)F)c1,1.383815365980431,1.3056451072444877,Rat,F
HLe_invivo,Rat,F,PFAS-only training,hle_invivo_rat_f,MapLight CatBoost (Strict Parity),conventional,False,0,40,10,40,40,10,0.5036612947284618,0.39639812919194684,0.45062482521060754,ranked among candidates with >= 2 PFAS test rows,PFAS test,PFAS test,True,hle_invivo_rat_f,MapLight CatBoost (Strict Parity),conventional,Test,COc1ccccc1N1CCSC1=C(C#N)Sc1cc(C(F)(F)F)ccc1F,1.517994878468213,1.7738133037015076,Rat,F
HLe_invivo,Rat,F,PFAS-only training,hle_invivo_rat_f,MapLight CatBoost (Strict Parity),conventional,False,0,40,10,40,40,10,0.5036612947284618,0.39639812919194684,0.45062482521060754,ranked among candidates with >= 2 PFAS test rows,PFAS test,PFAS test,True,hle_invivo_rat_f,MapLight CatBoost (Strict Parity),conventional,Test,O=C(NCCc1ncc(C(F)(F)F)cc1Cl)c1ccccc1C(F)(F)F,1.863322860120456,1.6027667113544246,Rat,F
HLe_invivo,Rat,F,PFAS-only training,hle_invivo_rat_f,MapLight CatBoost (Strict Parity),conventional,False,0,40,10,40,40,10,0.5036612947284618,0.39639812919194684,0.45062482521060754,ranked among candidates with >= 2 PFAS test rows,PFAS test,PFAS test,True,hle_invivo_rat_f,MapLight CatBoost (Strict Parity),conventional,Test,O=C(O)C(F)(F)C(F)(F)C(F)(F)C(F)(F)C(F)(F)C(F)(F)F,0.1466918151271511,0.704638725267998,Rat,F
HLe_invivo,Rat,F,PFAS-only training,hle_invivo_rat_f,MapLight CatBoost (Strict Parity),conventional,False,0,40,10,40,40,10,0.5036612947284618,0.39639812919194684,0.45062482521060754,ranked among candidates with >= 2 PFAS test rows,PFAS test,PFAS test,True,hle_invivo_rat_f,MapLight CatBoost (Strict Parity),conventional,Test,O=C(O)C(F)(F)C(F)(F)C(F)(F)C(F)(F)C(F)(F)F,0.0073221804239375,0.3236483704435026,Rat,F
HLe_invivo,Rat,F,PFAS-only training,hle_invivo_rat_f,MapLight CatBoost (Strict Parity),conventional,False,0,40,10,40,40,10,0.5036612947284618,0.39639812919194684,0.45062482521060754,ranked among candidates with >= 2 PFAS test rows,PFAS test,PFAS test,True,hle_invivo_rat_f,MapLight CatBoost (Strict Parity),conventional,Test,O=C(O)C(F)(F)C(F)(F)F,0.2455126678141498,0.3758132987645379,Rat,F
HLe_invivo,Rat,F,PFAS-only training,hle_invivo_rat_f,MapLight CatBoost (Strict Parity),conventional,False,0,40,10,40,40,10,0.5036612947284618,0.39639812919194684,0.45062482521060754,ranked among candidates with >= 2 PFAS test rows,PFAS test,PFAS test,True,hle_invivo_rat_f,MapLight CatBoost (Strict Parity),conventional,Test,O=C(O)C(F)(F)F,1.477121254719662,0.5721258984405191,Rat,F
HLe_invivo,Rat,F,PFAS-only training,hle_invivo_rat_f,MapLight CatBoost (Strict Parity),conventional,False,0,40,10,40,40,10,0.5036612947284618,0.39639812919194684,0.45062482521060754,ranked among candidates with >= 2 PFAS test rows,PFAS test,PFAS test,True,hle_invivo_rat_f,MapLight CatBoost (Strict Parity),conventional,Test,O=P(O)(C(F)(F)C(F)(F)C(F)(F)C(F)(F)C(F)(F)C(F)(F)F)C(F)(F)C(F)(F)C(F)(F)C(F)(F)C(F)(F)C(F)(F)F,1.741939077729199,1.9581167992090465,Rat,F
HLe_invivo,Rat,F,PFAS-only training,hle_invivo_rat_f,MapLight CatBoost (Strict Parity),conventional,False,0,40,10,40,40,10,0.5036612947284618,0.39639812919194684,0.45062482521060754,ranked among candidates with >= 2 PFAS test rows,PFAS test,PFAS test,True,hle_invivo_rat_f,MapLight CatBoost (Strict Parity),conventional,Test,O=[N+]([O-])c1cc(C(F)(F)F)c(Cl)c([N+](=O)[O-])c1Nc1ncc(C(F)(F)F)cc1Cl,1.511214185592743,1.726963460034768,Rat,F
HLe_invivo,Rat,M,PFAS-only training,hle_invivo_rat_m,MapLight CatBoost (Strict Parity),conventional,False,0,50,12,50,50,12,0.38003422185171837,0.3029784521999608,0.3673949203620246,ranked among candidates with >= 2 PFAS test rows,Train,Train PFAS,True,hle_invivo_rat_m,MapLight CatBoost (Strict Parity),conventional,Train,C=C(C)CN(CC)c1c([N+](=O)[O-])cc(C(F)(F)F)cc1[N+](=O)[O-],1.15836249209525,1.158362241861099,Rat,M
HLe_invivo,Rat,M,PFAS-only training,hle_invivo_rat_m,MapLight CatBoost (Strict Parity),conventional,False,0,50,12,50,50,12,0.38003422185171837,0.3029784521999608,0.3673949203620246,ranked among candidates with >= 2 PFAS test rows,Train,Train PFAS,True,hle_invivo_rat_m,MapLight CatBoost (Strict Parity),conventional,Train,COCCOC(=O)C(C#N)(C(=O)c1ccccc1C(F)(F)F)c1ccc(C(C)(C)C)cc1,1.194780324470574,1.194780197595548,Rat,M
HLe_invivo,Rat,M,PFAS-only training,hle_invivo_rat_m,MapLight CatBoost (Strict Parity),conventional,False,0,50,12,50,50,12,0.38003422185171837,0.3029784521999608,0.3673949203620246,ranked among candidates with >= 2 PFAS test rows,Train,Train PFAS,True,hle_invivo_rat_m,MapLight CatBoost (Strict Parity),conventional,Train,CC(C)(O)C(=O)Nc1ccc([N+](=O)[O-])c(C(F)(F)F)c1,-0.2614393726401688,-0.2614393270167054,Rat,M
HLe_invivo,Rat,M,PFAS-only training,hle_invivo_rat_m,MapLight CatBoost (Strict Parity),conventional,False,0,50,12,50,50,12,0.38003422185171837,0.3029784521999608,0.3673949203620246,ranked among candidates with >= 2 PFAS test rows,Train,Train PFAS,True,hle_invivo_rat_m,MapLight CatBoost (Strict Parity),conventional,Train,CC(C)C(=O)Nc1ccc([N+](=O)[O-])c(C(F)(F)F)c1,-0.2432645930102426,-0.2432643402130236,Rat,M
HLe_invivo,Rat,M,PFAS-only training,hle_invivo_rat_m,MapLight CatBoost (Strict Parity),conventional,False,0,50,12,50,50,12,0.38003422185171837,0.3029784521999608,0.3673949203620246,ranked among candidates with >= 2 PFAS test rows,Train,Train PFAS,True,hle_invivo_rat_m,MapLight CatBoost (Strict Parity),conventional,Train,CC(C)C(O)(c1ccc(OC(F)(F)F)cc1)c1cncnc1,1.491361693834273,1.491361786598454,Rat,M
HLe_invivo,Rat,M,PFAS-only training,hle_invivo_rat_m,MapLight CatBoost (Strict Parity),conventional,False,0,50,12,50,50,12,0.38003422185171837,0.3029784521999608,0.3673949203620246,ranked among candidates with >= 2 PFAS test rows,Train,Train PFAS,True,hle_invivo_rat_m,MapLight CatBoost (Strict Parity),conventional,Train,CC(C)CC(C)c1sccc1NC(=O)c1cn(C)nc1C(F)(F)F,1.330413773349191,1.3304140691804465,Rat,M
HLe_invivo,Rat,M,PFAS-only training,hle_invivo_rat_m,MapLight CatBoost (Strict Parity),conventional,False,0,50,12,50,50,12,0.38003422185171837,0.3029784521999608,0.3673949203620246,ranked among candidates with >= 2 PFAS test rows,Train,Train PFAS,True,hle_invivo_rat_m,MapLight CatBoost (Strict Parity),conventional,Train,CC(C)N(C(=O)COc1nnc(C(F)(F)F)s1)c1ccc(F)cc1,0.724019245335,0.7240188762819472,Rat,M
HLe_invivo,Rat,M,PFAS-only training,hle_invivo_rat_m,MapLight CatBoost (Strict Parity),conventional,False,0,50,12,50,50,12,0.38003422185171837,0.3029784521999608,0.3673949203620246,ranked among candidates with >= 2 PFAS test rows,Train,Train PFAS,True,hle_invivo_rat_m,MapLight CatBoost (Strict Parity),conventional,Train,CC(C)Oc1cccc(NC(=O)c2ccccc2C(F)(F)F)c1,1.230448921378274,1.2304487531714965,Rat,M
HLe_invivo,Rat,M,PFAS-only training,hle_invivo_rat_m,MapLight CatBoost (Strict Parity),conventional,False,0,50,12,50,50,12,0.38003422185171837,0.3029784521999608,0.3673949203620246,ranked among candidates with >= 2 PFAS test rows,Train,Train PFAS,True,hle_invivo_rat_m,MapLight CatBoost (Strict Parity),conventional,Train,CC(c1ccc(C(F)(F)F)nc1)S(C)(=O)=NC#N,1.749830484595221,1.7498283278605609,Rat,M
HLe_invivo,Rat,M,PFAS-only training,hle_invivo_rat_m,MapLight CatBoost (Strict Parity),conventional,False,0,50,12,50,50,12,0.38003422185171837,0.3029784521999608,0.3673949203620246,ranked among candidates with >= 2 PFAS test rows,Train,Train PFAS,True,hle_invivo_rat_m,MapLight CatBoost (Strict Parity),conventional,Train,CC1(C)C(C=C(Cl)C(F)(F)F)C1C(=O)OC(C#N)c1cccc(Oc2ccccc2)c1,1.046988456997373,1.0469886894124532,Rat,M
HLe_invivo,Rat,M,PFAS-only training,hle_invivo_rat_m,MapLight CatBoost (Strict Parity),conventional,False,0,50,12,50,50,12,0.38003422185171837,0.3029784521999608,0.3673949203620246,ranked among candidates with >= 2 PFAS test rows,Train,Train PFAS,True,hle_invivo_rat_m,MapLight CatBoost (Strict Parity),conventional,Train,Cc1c(COC(=O)C2C(C=C(Cl)C(F)(F)F)C2(C)C)cccc1-c1ccccc1,0.7172841675993292,0.7172831108801866,Rat,M
HLe_invivo,Rat,M,PFAS-only training,hle_invivo_rat_m,MapLight CatBoost (Strict Parity),conventional,False,0,50,12,50,50,12,0.38003422185171837,0.3029784521999608,0.3673949203620246,ranked among candidates with >= 2 PFAS test rows,Train,Train PFAS,True,hle_invivo_rat_m,MapLight CatBoost (Strict Parity),conventional,Train,Cc1c(F)c(F)c(COC(=O)C2C(C=C(Cl)C(F)(F)F)C2(C)C)c(F)c1F,1.303486690106537,1.303486415811153,Rat,M
HLe_invivo,Rat,M,PFAS-only training,hle_invivo_rat_m,MapLight CatBoost (Strict Parity),conventional,False,0,50,12,50,50,12,0.38003422185171837,0.3029784521999608,0.3673949203620246,ranked among candidates with >= 2 PFAS test rows,Train,Train PFAS,True,hle_invivo_rat_m,MapLight CatBoost (Strict Parity),conventional,Train,COc1nc(C)nc(NC(=O)NS(=O)(=O)c2ccccc2CCC(F)(F)F)n1,1.056134884208635,1.0561349641392264,Rat,M
HLe_invivo,Rat,M,PFAS-only training,hle_invivo_rat_m,MapLight CatBoost (Strict Parity),conventional,False,0,50,12,50,50,12,0.38003422185171837,0.3029784521999608,0.3673949203620246,ranked among candidates with >= 2 PFAS test rows,Train,Train PFAS,True,hle_invivo_rat_m,MapLight CatBoost (Strict Parity),conventional,Train,CCCCN(CC)c1c([N+](=O)[O-])cc(C(F)(F)F)cc1[N+](=O)[O-],1.770824562396244,1.769082773924378,Rat,M
HLe_invivo,Rat,M,PFAS-only training,hle_invivo_rat_m,MapLight CatBoost (Strict Parity),conventional,False,0,50,12,50,50,12,0.38003422185171837,0.3029784521999608,0.3673949203620246,ranked among candidates with >= 2 PFAS test rows,Train,Train PFAS,True,hle_invivo_rat_m,MapLight CatBoost (Strict Parity),conventional,Train,CCCN(CCC)c1c([N+](=O)[O-])cc(C(F)(F)F)cc1[N+](=O)[O-],1.285522911756085,1.2855295829191555,Rat,M
HLe_invivo,Rat,M,PFAS-only training,hle_invivo_rat_m,MapLight CatBoost (Strict Parity),conventional,False,0,50,12,50,50,12,0.38003422185171837,0.3029784521999608,0.3673949203620246,ranked among candidates with >= 2 PFAS test rows,Train,Train PFAS,True,hle_invivo_rat_m,MapLight CatBoost (Strict Parity),conventional,Train,CCNC(C)Cc1cccc(C(F)(F)F)c1,1.078688466787798,1.078688436463315,Rat,M
HLe_invivo,Rat,M,PFAS-only training,hle_invivo_rat_m,MapLight CatBoost (Strict Parity),conventional,False,0,50,12,50,50,12,0.38003422185171837,0.3029784521999608,0.3673949203620246,ranked among candidates with >= 2 PFAS test rows,Train,Train PFAS,True,hle_invivo_rat_m,MapLight CatBoost (Strict Parity),conventional,Train,CCOc1cc(Oc2ccc(C(F)(F)F)cc2Cl)ccc1[N+](=O)[O-],1.619830219785536,1.6198299775667846,Rat,M
HLe_invivo,Rat,M,PFAS-only training,hle_invivo_rat_m,MapLight CatBoost (Strict Parity),conventional,False,0,50,12,50,50,12,0.38003422185171837,0.3029784521999608,0.3673949203620246,ranked among candidates with >= 2 PFAS test rows,Train,Train PFAS,True,hle_invivo_rat_m,MapLight CatBoost (Strict Parity),conventional,Train,COc1cnc(OC)n2nc(NS(=O)(=O)c3c(OCC(F)F)cccc3C(F)(F)F)nc12,1.689046257736944,1.6890463690038282,Rat,M
HLe_invivo,Rat,M,PFAS-only training,hle_invivo_rat_m,MapLight CatBoost (Strict Parity),conventional,False,0,50,12,50,50,12,0.38003422185171837,0.3029784521999608,0.3673949203620246,ranked among candidates with >= 2 PFAS test rows,Train,Train PFAS,True,hle_invivo_rat_m,MapLight CatBoost (Strict Parity),conventional,Train,COc1cc(OC)n2nc(NS(=O)(=O)c3c(C(F)(F)F)ccnc3OC)nc2n1,1.531290992114082,1.5312905930581686,Rat,M
HLe_invivo,Rat,M,PFAS-only training,hle_invivo_rat_m,MapLight CatBoost (Strict Parity),conventional,False,0,50,12,50,50,12,0.38003422185171837,0.3029784521999608,0.3673949203620246,ranked among candidates with >= 2 PFAS test rows,Train,Train PFAS,True,hle_invivo_rat_m,MapLight CatBoost (Strict Parity),conventional,Train,CS(=O)(=O)c1ccc(C(=O)C2C(=O)CCCC2=O)c(Cl)c1COCC(F)(F)F,1.714265276972846,1.714265237184269,Rat,M
HLe_invivo,Rat,M,PFAS-only training,hle_invivo_rat_m,MapLight CatBoost (Strict Parity),conventional,False,0,50,12,50,50,12,0.38003422185171837,0.3029784521999608,0.3673949203620246,ranked among candidates with >= 2 PFAS test rows,Train,Train PFAS,True,hle_invivo_rat_m,MapLight CatBoost (Strict Parity),conventional,Train,FC(F)(F)c1ccc(OCCCOc2c(Cl)cc(OCC=C(Cl)Cl)cc2Cl)nc1,1.931241237375587,1.9312412826207048,Rat,M
HLe_invivo,Rat,M,PFAS-only training,hle_invivo_rat_m,MapLight CatBoost (Strict Parity),conventional,False,0,50,12,50,50,12,0.38003422185171837,0.3029784521999608,0.3673949203620246,ranked among candidates with >= 2 PFAS test rows,Train,Train PFAS,True,hle_invivo_rat_m,MapLight CatBoost (Strict Parity),conventional,Train,FC(F)(F)c1ccc(Cl)cc1,1.305049431798585,1.3050492074927549,Rat,M
HLe_invivo,Rat,M,PFAS-only training,hle_invivo_rat_m,MapLight CatBoost (Strict Parity),conventional,False,0,50,12,50,50,12,0.38003422185171837,0.3029784521999608,0.3673949203620246,ranked among candidates with >= 2 PFAS test rows,Train,Train PFAS,True,hle_invivo_rat_m,MapLight CatBoost (Strict Parity),conventional,Train,N#Cc1ccc(CC(N=NC(=O)Nc2ccc(OC(F)(F)F)cc2)c2cccc(C(F)(F)F)c2)cc1,2.252371318135844,2.252370809132493,Rat,M
HLe_invivo,Rat,M,PFAS-only training,hle_invivo_rat_m,MapLight CatBoost (Strict Parity),conventional,False,0,50,12,50,50,12,0.38003422185171837,0.3029784521999608,0.3673949203620246,ranked among candidates with >= 2 PFAS test rows,Train,Train PFAS,True,hle_invivo_rat_m,MapLight CatBoost (Strict Parity),conventional,Train,N#CCNC(=O)c1cnccc1C(F)(F)F,0.7500098165636447,0.7500095261555659,Rat,M
HLe_invivo,Rat,M,PFAS-only training,hle_invivo_rat_m,MapLight CatBoost (Strict Parity),conventional,False,0,50,12,50,50,12,0.38003422185171837,0.3029784521999608,0.3673949203620246,ranked among candidates with >= 2 PFAS test rows,Train,Train PFAS,True,hle_invivo_rat_m,MapLight CatBoost (Strict Parity),conventional,Train,N#Cc1nn(-c2c(Cl)cc(C(F)(F)F)cc2Cl)c(N)c1C(F)(F)F,1.55834850876162,1.5583485703138849,Rat,M
HLe_invivo,Rat,M,PFAS-only training,hle_invivo_rat_m,MapLight CatBoost (Strict Parity),conventional,False,0,50,12,50,50,12,0.38003422185171837,0.3029784521999608,0.3673949203620246,ranked among candidates with >= 2 PFAS test rows,Train,Train PFAS,True,hle_invivo_rat_m,MapLight CatBoost (Strict Parity),conventional,Train,O=C(NC(=O)c1c(F)cccc1F)Nc1ccc(OC(F)(F)C(F)OC(F)(F)F)c(Cl)c1,2.367202098135727,2.367202323192368,Rat,M
HLe_invivo,Rat,M,PFAS-only training,hle_invivo_rat_m,MapLight CatBoost (Strict Parity),conventional,False,0,50,12,50,50,12,0.38003422185171837,0.3029784521999608,0.3673949203620246,ranked among candidates with >= 2 PFAS test rows,Train,Train PFAS,True,hle_invivo_rat_m,MapLight CatBoost (Strict Parity),conventional,Train,O=C(NC(=O)c1c(F)cccc1F)Nc1cc(Cl)c(OC(F)(F)C(F)C(F)(F)F)cc1Cl,2.375371420025181,2.3753759206379508,Rat,M
HLe_invivo,Rat,M,PFAS-only training,hle_invivo_rat_m,MapLight CatBoost (Strict Parity),conventional,False,0,50,12,50,50,12,0.38003422185171837,0.3029784521999608,0.3673949203620246,ranked among candidates with >= 2 PFAS test rows,Train,Train PFAS,True,hle_invivo_rat_m,MapLight CatBoost (Strict Parity),conventional,Train,O=C(NC(=O)c1c(F)cccc1F)Nc1ccc(Oc2ccc(C(F)(F)F)cc2Cl)cc1F,2.220375850239593,2.2203761134219526,Rat,M
HLe_invivo,Rat,M,PFAS-only training,hle_invivo_rat_m,MapLight CatBoost (Strict Parity),conventional,False,0,50,12,50,50,12,0.38003422185171837,0.3029784521999608,0.3673949203620246,ranked among candidates with >= 2 PFAS test rows,Train,Train PFAS,True,hle_invivo_rat_m,MapLight CatBoost (Strict Parity),conventional,Train,O=C(Nc1ccc(F)cc1F)c1cccnc1Oc1cccc(C(F)(F)F)c1,1.483745011665353,1.4837452490500351,Rat,M
HLe_invivo,Rat,M,PFAS-only training,hle_invivo_rat_m,MapLight CatBoost (Strict Parity),conventional,False,0,50,12,50,50,12,0.38003422185171837,0.3029784521999608,0.3673949203620246,ranked among candidates with >= 2 PFAS test rows,Train,Train PFAS,True,hle_invivo_rat_m,MapLight CatBoost (Strict Parity),conventional,Train,O=C(NCc1ncc(C(F)(F)F)cc1Cl)c1c(Cl)cccc1Cl,1.531809270421851,1.531809141581027,Rat,M
HLe_invivo,Rat,M,PFAS-only training,hle_invivo_rat_m,MapLight CatBoost (Strict Parity),conventional,False,0,50,12,50,50,12,0.38003422185171837,0.3029784521999608,0.3673949203620246,ranked among candidates with >= 2 PFAS test rows,Train,Train PFAS,True,hle_invivo_rat_m,MapLight CatBoost (Strict Parity),conventional,Train,O=C1Oc2ccccc2C(=O)C1C1CC(c2ccc(OCc3ccc(C(F)(F)F)cc3)cc2)Cc2ccccc21,3.707188273762497,3.703626454227107,Rat,M
HLe_invivo,Rat,M,PFAS-only training,hle_invivo_rat_m,MapLight CatBoost (Strict Parity),conventional,False,0,50,12,50,50,12,0.38003422185171837,0.3029784521999608,0.3673949203620246,ranked among candidates with >= 2 PFAS test rows,Train,Train PFAS,True,hle_invivo_rat_m,MapLight CatBoost (Strict Parity),conventional,Train,O=C1C(Cl)C(CCl)CN1c1cccc(C(F)(F)F)c1,2.248055757743868,2.247966660117214,Rat,M
HLe_invivo,Rat,M,PFAS-only training,hle_invivo_rat_m,MapLight CatBoost (Strict Parity),conventional,False,0,50,12,50,50,12,0.38003422185171837,0.3029784521999608,0.3673949203620246,ranked among candidates with >= 2 PFAS test rows,Train,Train PFAS,True,hle_invivo_rat_m,MapLight CatBoost (Strict Parity),conventional,Train,O=C(O)C(F)(F)C(F)(F)C(F)(F)C(F)(F)C(F)(F)C(F)(F)C(F)(F)C(F)(F)C(F)(F)F,2.645559299550527,2.64555858417729,Rat,M
HLe_invivo,Rat,M,PFAS-only training,hle_invivo_rat_m,MapLight CatBoost (Strict Parity),conventional,False,0,50,12,50,50,12,0.38003422185171837,0.3029784521999608,0.3673949203620246,ranked among candidates with >= 2 PFAS test rows,Train,Train PFAS,True,hle_invivo_rat_m,MapLight CatBoost (Strict Parity),conventional,Train,O=C(O)C(F)(F)C(F)(F)C(F)(F)C(F)(F)C(F)(F)C(F)(F)C(F)(F)C(F)(F)F,2.859016228206418,2.834448027004621,Rat,M
HLe_invivo,Rat,M,PFAS-only training,hle_invivo_rat_m,MapLight CatBoost (Strict Parity),conventional,False,0,50,12,50,50,12,0.38003422185171837,0.3029784521999608,0.3673949203620246,ranked among candidates with >= 2 PFAS test rows,Train,Train PFAS,True,hle_invivo_rat_m,MapLight CatBoost (Strict Parity),conventional,Train,O=C(O)C(F)(F)C(F)(F)C(F)(F)C(F)(F)C(F)(F)C(F)(F)C(F)(F)F,2.413624590376552,2.413650147106045,Rat,M
HLe_invivo,Rat,M,PFAS-only training,hle_invivo_rat_m,MapLight CatBoost (Strict Parity),conventional,False,0,50,12,50,50,12,0.38003422185171837,0.3029784521999608,0.3673949203620246,ranked among candidates with >= 2 PFAS test rows,Train,Train PFAS,True,hle_invivo_rat_m,MapLight CatBoost (Strict Parity),conventional,Train,O=C(O)C(F)(F)C(F)(F)C(F)(F)F,0.9318741552499706,0.9318734127400192,Rat,M
HLe_invivo,Rat,M,PFAS-only training,hle_invivo_rat_m,MapLight CatBoost (Strict Parity),conventional,False,0,50,12,50,50,12,0.38003422185171837,0.3029784521999608,0.3673949203620246,ranked among candidates with >= 2 PFAS test rows,Train,Train PFAS,True,hle_invivo_rat_m,MapLight CatBoost (Strict Parity),conventional,Train,O=C(O)C(F)(F)C(F)OC(F)(F)C(F)(F)C(F)(F)OC(F)(F)F,1.531478917042255,1.5314780736945386,Rat,M
HLe_invivo,Rat,M,PFAS-only training,hle_invivo_rat_m,MapLight CatBoost (Strict Parity),conventional,False,0,50,12,50,50,12,0.38003422185171837,0.3029784521999608,0.3673949203620246,ranked among candidates with >= 2 PFAS test rows,Train,Train PFAS,True,hle_invivo_rat_m,MapLight CatBoost (Strict Parity),conventional,Train,O=C(O)C(F)(OC(F)(F)C(F)(F)C(F)(F)F)C(F)(F)F,0.5536439115535536,0.5536392857735881,Rat,M
HLe_invivo,Rat,M,PFAS-only training,hle_invivo_rat_m,MapLight CatBoost (Strict Parity),conventional,False,0,50,12,50,50,12,0.38003422185171837,0.3029784521999608,0.3673949203620246,ranked among candidates with >= 2 PFAS test rows,Train,Train PFAS,True,hle_invivo_rat_m,MapLight CatBoost (Strict Parity),conventional,Train,O=C(O)CC(F)(F)C(F)(F)C(F)(F)C(F)(F)C(F)(F)C(F)(F)C(F)(F)C(F)(F)F,0.9223007098131734,0.9223057462353796,Rat,M
HLe_invivo,Rat,M,PFAS-only training,hle_invivo_rat_m,MapLight CatBoost (Strict Parity),conventional,False,0,50,12,50,50,12,0.38003422185171837,0.3029784521999608,0.3673949203620246,ranked among candidates with >= 2 PFAS test rows,Train,Train PFAS,True,hle_invivo_rat_m,MapLight CatBoost (Strict Parity),conventional,Train,O=C(O)CCC(F)(F)C(F)(F)C(F)(F)C(F)(F)C(F)(F)C(F)(F)C(F)(F)F,1.750531596276135,1.7505307063743216,Rat,M
HLe_invivo,Rat,M,PFAS-only training,hle_invivo_rat_m,MapLight CatBoost (Strict Parity),conventional,False,0,50,12,50,50,12,0.38003422185171837,0.3029784521999608,0.3673949203620246,ranked among candidates with >= 2 PFAS test rows,Train,Train PFAS,True,hle_invivo_rat_m,MapLight CatBoost (Strict Parity),conventional,Train,O=C(O)CCC(F)(F)C(F)(F)C(F)(F)C(F)(F)C(F)(F)F,0.8920946026904805,0.8920939840368884,Rat,M
HLe_invivo,Rat,M,PFAS-only training,hle_invivo_rat_m,MapLight CatBoost (Strict Parity),conventional,False,0,50,12,50,50,12,0.38003422185171837,0.3029784521999608,0.3673949203620246,ranked among candidates with >= 2 PFAS test rows,Train,Train PFAS,True,hle_invivo_rat_m,MapLight CatBoost (Strict Parity),conventional,Train,OCCC(F)(F)C(F)(F)C(F)(F)C(F)(F)C(F)(F)C(F)(F)C(F)(F)C(F)(F)F,0.0124209668969034,0.0124205883928882,Rat,M
HLe_invivo,Rat,M,PFAS-only training,hle_invivo_rat_m,MapLight CatBoost (Strict Parity),conventional,False,0,50,12,50,50,12,0.38003422185171837,0.3029784521999608,0.3673949203620246,ranked among candidates with >= 2 PFAS test rows,Train,Train PFAS,True,hle_invivo_rat_m,MapLight CatBoost (Strict Parity),conventional,Train,O=P(O)(C(F)(F)C(F)(F)C(F)(F)C(F)(F)C(F)(F)C(F)(F)C(F)(F)C(F)(F)F)C(F)(F)C(F)(F)C(F)(F)C(F)(F)C(F)(F)C(F)(F)C(F)(F)C(F)(F)F,1.129366518606406,1.129372331187816,Rat,M
HLe_invivo,Rat,M,PFAS-only training,hle_invivo_rat_m,MapLight CatBoost (Strict Parity),conventional,False,0,50,12,50,50,12,0.38003422185171837,0.3029784521999608,0.3673949203620246,ranked among candidates with >= 2 PFAS test rows,Train,Train PFAS,True,hle_invivo_rat_m,MapLight CatBoost (Strict Parity),conventional,Train,O=P(O)(OCCC(F)(F)C(F)(F)C(F)(F)C(F)(F)C(F)(F)C(F)(F)F)OCCC(F)(F)C(F)(F)C(F)(F)C(F)(F)C(F)(F)C(F)(F)F,1.836853192591815,1.836852990152693,Rat,M
HLe_invivo,Rat,M,PFAS-only training,hle_invivo_rat_m,MapLight CatBoost (Strict Parity),conventional,False,0,50,12,50,50,12,0.38003422185171837,0.3029784521999608,0.3673949203620246,ranked among candidates with >= 2 PFAS test rows,Train,Train PFAS,True,hle_invivo_rat_m,MapLight CatBoost (Strict Parity),conventional,Train,O=P(O)(O)C(F)(F)C(F)(F)C(F)(F)C(F)(F)C(F)(F)C(F)(F)C(F)(F)C(F)(F)C(F)(F)C(F)(F)F,1.778151250383644,1.776707253639098,Rat,M
HLe_invivo,Rat,M,PFAS-only training,hle_invivo_rat_m,MapLight CatBoost (Strict Parity),conventional,False,0,50,12,50,50,12,0.38003422185171837,0.3029784521999608,0.3673949203620246,ranked among candidates with >= 2 PFAS test rows,Train,Train PFAS,True,hle_invivo_rat_m,MapLight CatBoost (Strict Parity),conventional,Train,O=P(O)(O)C(F)(F)C(F)(F)C(F)(F)C(F)(F)C(F)(F)C(F)(F)C(F)(F)C(F)(F)F,0.7810274148281893,0.7811355653703758,Rat,M
HLe_invivo,Rat,M,PFAS-only training,hle_invivo_rat_m,MapLight CatBoost (Strict Parity),conventional,False,0,50,12,50,50,12,0.38003422185171837,0.3029784521999608,0.3673949203620246,ranked among candidates with >= 2 PFAS test rows,Train,Train PFAS,True,hle_invivo_rat_m,MapLight CatBoost (Strict Parity),conventional,Train,O=P(O)(O)C(F)(F)C(F)(F)C(F)(F)C(F)(F)C(F)(F)C(F)(F)F,1.362482474751174,1.362480383242735,Rat,M
HLe_invivo,Rat,M,PFAS-only training,hle_invivo_rat_m,MapLight CatBoost (Strict Parity),conventional,False,0,50,12,50,50,12,0.38003422185171837,0.3029784521999608,0.3673949203620246,ranked among candidates with >= 2 PFAS test rows,Train,Train PFAS,True,hle_invivo_rat_m,MapLight CatBoost (Strict Parity),conventional,Train,O=S(=O)(O)C(F)(F)C(F)(F)C(F)(F)C(F)(F)C(F)(F)C(F)(F)C(F)(F)C(F)(F)F,2.756524315208674,2.7565229372038056,Rat,M
HLe_invivo,Rat,M,PFAS-only training,hle_invivo_rat_m,MapLight CatBoost (Strict Parity),conventional,False,0,50,12,50,50,12,0.38003422185171837,0.3029784521999608,0.3673949203620246,ranked among candidates with >= 2 PFAS test rows,Train,Train PFAS,True,hle_invivo_rat_m,MapLight CatBoost (Strict Parity),conventional,Train,O=S(=O)(O)C(F)(F)C(F)(F)C(F)(F)C(F)(F)C(F)(F)C(F)(F)F,2.711814107270717,2.705574313031808,Rat,M
HLe_invivo,Rat,M,PFAS-only training,hle_invivo_rat_m,MapLight CatBoost (Strict Parity),conventional,False,0,50,12,50,50,12,0.38003422185171837,0.3029784521999608,0.3673949203620246,ranked among candidates with >= 2 PFAS test rows,Train,Train PFAS,True,hle_invivo_rat_m,MapLight CatBoost (Strict Parity),conventional,Train,O=S(=O)(O)C(F)(F)C(F)(F)C(F)(F)C(F)(F)F,1.017694559765779,1.0176943493763158,Rat,M
HLe_invivo,Rat,M,PFAS-only training,hle_invivo_rat_m,MapLight CatBoost (Strict Parity),conventional,False,0,50,12,50,50,12,0.38003422185171837,0.3029784521999608,0.3673949203620246,ranked among candidates with >= 2 PFAS test rows,PFAS test,PFAS test,True,hle_invivo_rat_m,MapLight CatBoost (Strict Parity),conventional,Test,CCNC(C)Cc1cccc(C(F)(F)F)c1,0.6210282751067866,1.078688436463315,Rat,M
HLe_invivo,Rat,M,PFAS-only training,hle_invivo_rat_m,MapLight CatBoost (Strict Parity),conventional,False,0,50,12,50,50,12,0.38003422185171837,0.3029784521999608,0.3673949203620246,ranked among candidates with >= 2 PFAS test rows,PFAS test,PFAS test,True,hle_invivo_rat_m,MapLight CatBoost (Strict Parity),conventional,Test,CN(C)C(=O)Nc1cccc(C(F)(F)F)c1,1.421603926869831,0.9120130660218242,Rat,M
HLe_invivo,Rat,M,PFAS-only training,hle_invivo_rat_m,MapLight CatBoost (Strict Parity),conventional,False,0,50,12,50,50,12,0.38003422185171837,0.3029784521999608,0.3673949203620246,ranked among candidates with >= 2 PFAS test rows,PFAS test,PFAS test,True,hle_invivo_rat_m,MapLight CatBoost (Strict Parity),conventional,Test,COc1ccccc1N1CCSC1=C(C#N)Sc1cc(C(F)(F)F)ccc1F,1.592314489377456,1.5286736172982445,Rat,M
HLe_invivo,Rat,M,PFAS-only training,hle_invivo_rat_m,MapLight CatBoost (Strict Parity),conventional,False,0,50,12,50,50,12,0.38003422185171837,0.3029784521999608,0.3673949203620246,ranked among candidates with >= 2 PFAS test rows,PFAS test,PFAS test,True,hle_invivo_rat_m,MapLight CatBoost (Strict Parity),conventional,Test,O=C(NC(=O)c1ccccc1Cl)Nc1ccc(OC(F)(F)F)cc1,1.806936370793649,1.7188839392062996,Rat,M
HLe_invivo,Rat,M,PFAS-only training,hle_invivo_rat_m,MapLight CatBoost (Strict Parity),conventional,False,0,50,12,50,50,12,0.38003422185171837,0.3029784521999608,0.3673949203620246,ranked among candidates with >= 2 PFAS test rows,PFAS test,PFAS test,True,hle_invivo_rat_m,MapLight CatBoost (Strict Parity),conventional,Test,O=C(NCCc1ncc(C(F)(F)F)cc1Cl)c1ccccc1C(F)(F)F,1.7481880270062,1.4893431576110645,Rat,M
HLe_invivo,Rat,M,PFAS-only training,hle_invivo_rat_m,MapLight CatBoost (Strict Parity),conventional,False,0,50,12,50,50,12,0.38003422185171837,0.3029784521999608,0.3673949203620246,ranked among candidates with >= 2 PFAS test rows,PFAS test,PFAS test,True,hle_invivo_rat_m,MapLight CatBoost (Strict Parity),conventional,Test,O=C(O)C(F)(F)C(F)(F)C(F)(F)C(F)(F)C(F)(F)C(F)(F)F,1.277438320931241,1.6550181882864343,Rat,M
HLe_invivo,Rat,M,PFAS-only training,hle_invivo_rat_m,MapLight CatBoost (Strict Parity),conventional,False,0,50,12,50,50,12,0.38003422185171837,0.3029784521999608,0.3673949203620246,ranked among candidates with >= 2 PFAS test rows,PFAS test,PFAS test,True,hle_invivo_rat_m,MapLight CatBoost (Strict Parity),conventional,Test,O=C(O)C(F)(F)C(F)(F)C(F)(F)C(F)(F)C(F)(F)F,0.2702577514579618,1.0844679003957318,Rat,M
HLe_invivo,Rat,M,PFAS-only training,hle_invivo_rat_m,MapLight CatBoost (Strict Parity),conventional,False,0,50,12,50,50,12,0.38003422185171837,0.3029784521999608,0.3673949203620246,ranked among candidates with >= 2 PFAS test rows,PFAS test,PFAS test,True,hle_invivo_rat_m,MapLight CatBoost (Strict Parity),conventional,Test,O=C(O)C(F)(F)C(F)(F)F,0.9647309210536292,0.9797531607645956,Rat,M
HLe_invivo,Rat,M,PFAS-only training,hle_invivo_rat_m,MapLight CatBoost (Strict Parity),conventional,False,0,50,12,50,50,12,0.38003422185171837,0.3029784521999608,0.3673949203620246,ranked among candidates with >= 2 PFAS test rows,PFAS test,PFAS test,True,hle_invivo_rat_m,MapLight CatBoost (Strict Parity),conventional,Test,O=C(O)C(F)(F)F,1.477121254719662,1.027304198813365,Rat,M
HLe_invivo,Rat,M,PFAS-only training,hle_invivo_rat_m,MapLight CatBoost (Strict Parity),conventional,False,0,50,12,50,50,12,0.38003422185171837,0.3029784521999608,0.3673949203620246,ranked among candidates with >= 2 PFAS test rows,PFAS test,PFAS test,True,hle_invivo_rat_m,MapLight CatBoost (Strict Parity),conventional,Test,O=P(O)(C(F)(F)C(F)(F)C(F)(F)C(F)(F)C(F)(F)C(F)(F)F)C(F)(F)C(F)(F)C(F)(F)C(F)(F)C(F)(F)C(F)(F)F,1.635483746814912,1.2417608770145483,Rat,M
HLe_invivo,Rat,M,PFAS-only training,hle_invivo_rat_m,MapLight CatBoost (Strict Parity),conventional,False,0,50,12,50,50,12,0.38003422185171837,0.3029784521999608,0.3673949203620246,ranked among candidates with >= 2 PFAS test rows,PFAS test,PFAS test,True,hle_invivo_rat_m,MapLight CatBoost (Strict Parity),conventional,Test,O=P(O)(OCCC(F)(F)C(F)(F)C(F)(F)C(F)(F)C(F)(F)C(F)(F)C(F)(F)C(F)(F)F)OCCC(F)(F)C(F)(F)C(F)(F)C(F)(F)C(F)(F)C(F)(F)C(F)(F)C(F)(F)F,1.910937481255202,1.7907053527588477,Rat,M
HLe_invivo,Rat,M,PFAS-only training,hle_invivo_rat_m,MapLight CatBoost (Strict Parity),conventional,False,0,50,12,50,50,12,0.38003422185171837,0.3029784521999608,0.3673949203620246,ranked among candidates with >= 2 PFAS test rows,PFAS test,PFAS test,True,hle_invivo_rat_m,MapLight CatBoost (Strict Parity),conventional,Test,O=[N+]([O-])c1cc(C(F)(F)F)c(Cl)c([N+](=O)[O-])c1Nc1ncc(C(F)(F)F)cc1Cl,1.564199634358903,1.6515675552852565,Rat,M
HLe_invivo,Rat,MF,PFAS + non-PFAS training,hle_invivo_all_aux,XGBoost,conventional,True,21,6341,1585,49,20,13,0.5714368610836457,0.3734672296022029,0.5346810295337843,ranked among candidates with >= 2 PFAS test rows,Train,Train PFAS,True,hle_invivo_all_aux,XGBoost,conventional,Train,OCCC(F)(F)C(F)(F)C(F)(F)C(F)(F)C(F)(F)C(F)(F)C(F)(F)C(F)(F)F,-0.186419011431808,-0.0647023469209671,Rat,MF
HLe_invivo,Rat,MF,PFAS + non-PFAS training,hle_invivo_all_aux,XGBoost,conventional,True,21,6341,1585,49,20,13,0.5714368610836457,0.3734672296022029,0.5346810295337843,ranked among candidates with >= 2 PFAS test rows,Train,Train PFAS,True,hle_invivo_all_aux,XGBoost,conventional,Train,O=C(O)C(F)(F)C(F)(F)C(F)(F)C(F)(F)C(F)(F)C(F)(F)C(F)(F)C(F)(F)F,2.867570787333054,2.73441481590271,Rat,MF
HLe_invivo,Rat,MF,PFAS + non-PFAS training,hle_invivo_all_aux,XGBoost,conventional,True,21,6341,1585,49,20,13,0.5714368610836457,0.3734672296022029,0.5346810295337843,ranked among candidates with >= 2 PFAS test rows,Train,Train PFAS,True,hle_invivo_all_aux,XGBoost,conventional,Train,O=C(O)C(F)(OC(F)(F)C(F)(F)C(F)(F)F)C(F)(F)F,0.580340050199684,0.8084707260131836,Rat,MF
HLe_invivo,Rat,MF,PFAS + non-PFAS training,hle_invivo_all_aux,XGBoost,conventional,True,21,6341,1585,49,20,13,0.5714368610836457,0.3734672296022029,0.5346810295337843,ranked among candidates with >= 2 PFAS test rows,Train,Train PFAS,True,hle_invivo_all_aux,XGBoost,conventional,Train,CCCCN(CCCC)CCC(O)c1cc2c(Cl)cc(Cl)cc2c2cc(C(F)(F)F)ccc12,2.28,2.281557321548462,Rat,MF
HLe_invivo,Rat,MF,PFAS + non-PFAS training,hle_invivo_all_aux,XGBoost,conventional,True,21,6341,1585,49,20,13,0.5714368610836457,0.3734672296022029,0.5346810295337843,ranked among candidates with >= 2 PFAS test rows,Train,Train PFAS,True,hle_invivo_all_aux,XGBoost,conventional,Train,O=C1Nc2ccc(Cl)cc2C(C#CC2CC2)(C(F)(F)F)O1,1.68,1.7962733507156372,Rat,MF
HLe_invivo,Rat,MF,PFAS + non-PFAS training,hle_invivo_all_aux,XGBoost,conventional,True,21,6341,1585,49,20,13,0.5714368610836457,0.3734672296022029,0.5346810295337843,ranked among candidates with >= 2 PFAS test rows,Train,Train PFAS,True,hle_invivo_all_aux,XGBoost,conventional,Train,O=C(O)C(F)(F)C(F)(F)C(F)(F)C(F)(F)C(F)(F)C(F)(F)C(F)(F)C(F)(F)F,4.575995620203267,4.630206108093262,Rat,MF
HLe_invivo,Rat,MF,PFAS + non-PFAS training,hle_invivo_all_aux,XGBoost,conventional,True,21,6341,1585,49,20,13,0.5714368610836457,0.3734672296022029,0.5346810295337843,ranked among candidates with >= 2 PFAS test rows,Train,Train PFAS,True,hle_invivo_all_aux,XGBoost,conventional,Train,CC(C)C(O)(c1ccc(OC(F)(F)F)cc1)c1cncnc1,1.501600973260846,1.5134247541427612,Rat,MF
HLe_invivo,Rat,MF,PFAS + non-PFAS training,hle_invivo_all_aux,XGBoost,conventional,True,21,6341,1585,49,20,13,0.5714368610836457,0.3734672296022029,0.5346810295337843,ranked among candidates with >= 2 PFAS test rows,Train,Train PFAS,True,hle_invivo_all_aux,XGBoost,conventional,Train,CC1(C)C(C=C(Cl)C(F)(F)F)C1C(=O)OC(C#N)c1cccc(Oc2ccccc2)c1,2.741939077729199,2.1504716873168945,Rat,MF
HLe_invivo,Rat,MF,PFAS + non-PFAS training,hle_invivo_all_aux,XGBoost,conventional,True,21,6341,1585,49,20,13,0.5714368610836457,0.3734672296022029,0.5346810295337843,ranked among candidates with >= 2 PFAS test rows,Train,Train PFAS,True,hle_invivo_all_aux,XGBoost,conventional,Train,Cc1c(COC(=O)C2C(C=C(Cl)C(F)(F)F)C2(C)C)cccc1-c1ccccc1,1.363611979892144,1.5929545164108276,Rat,MF
HLe_invivo,Rat,MF,PFAS + non-PFAS training,hle_invivo_all_aux,XGBoost,conventional,True,21,6341,1585,49,20,13,0.5714368610836457,0.3734672296022029,0.5346810295337843,ranked among candidates with >= 2 PFAS test rows,Train,Train PFAS,True,hle_invivo_all_aux,XGBoost,conventional,Train,COC(=O)c1ccc(C(F)(F)F)nc1S(=O)(=O)NC(=O)Nc1nc(OC)cc(OC)n1,1.720985744153739,1.5883513689041138,Rat,MF
HLe_invivo,Rat,MF,PFAS + non-PFAS training,hle_invivo_all_aux,XGBoost,conventional,True,21,6341,1585,49,20,13,0.5714368610836457,0.3734672296022029,0.5346810295337843,ranked among candidates with >= 2 PFAS test rows,Train,Train PFAS,True,hle_invivo_all_aux,XGBoost,conventional,Train,CCCBr,0.271589957668687,0.156412124633789,Rat,MF
HLe_invivo,Rat,MF,PFAS + non-PFAS training,hle_invivo_all_aux,XGBoost,conventional,True,21,6341,1585,49,20,13,0.5714368610836457,0.3734672296022029,0.5346810295337843,ranked among candidates with >= 2 PFAS test rows,Train,Train PFAS,True,hle_invivo_all_aux,XGBoost,conventional,Train,CCCCOCCO,-0.6273089923067492,-0.622937023639679,Rat,MF
HLe_invivo,Rat,MF,PFAS + non-PFAS training,hle_invivo_all_aux,XGBoost,conventional,True,21,6341,1585,49,20,13,0.5714368610836457,0.3734672296022029,0.5346810295337843,ranked among candidates with >= 2 PFAS test rows,Train,Train PFAS,True,hle_invivo_all_aux,XGBoost,conventional,Train,CCOCCO,0.8808135922807914,0.8112010955810547,Rat,MF
HLe_invivo,Rat,MF,PFAS + non-PFAS training,hle_invivo_all_aux,XGBoost,conventional,True,21,6341,1585,49,20,13,0.5714368610836457,0.3734672296022029,0.5346810295337843,ranked among candidates with >= 2 PFAS test rows,Train,Train non-PFAS,False,hle_invivo_all_aux,XGBoost,conventional,Train,C=CCc1ccc(OC)c(OC)c1,0.1971528620084718,0.0629599243402481,Rat,MF
HLe_invivo,Rat,MF,PFAS + non-PFAS training,hle_invivo_all_aux,XGBoost,conventional,True,21,6341,1585,49,20,13,0.5714368610836457,0.3734672296022029,0.5346810295337843,ranked among candidates with >= 2 PFAS test rows,Train,Train non-PFAS,False,hle_invivo_all_aux,XGBoost,conventional,Train,COCC(=O)O,1.269512944217916,1.1630488634109497,Rat,MF
HLe_invivo,Rat,MF,PFAS + non-PFAS training,hle_invivo_all_aux,XGBoost,conventional,True,21,6341,1585,49,20,13,0.5714368610836457,0.3734672296022029,0.5346810295337843,ranked among candidates with >= 2 PFAS test rows,Train,Train non-PFAS,False,hle_invivo_all_aux,XGBoost,conventional,Train,ClCCOCOCCCl,0.0575393211087819,0.1368056088685989,Rat,MF
HLe_invivo,Rat,MF,PFAS + non-PFAS training,hle_invivo_all_aux,XGBoost,conventional,True,21,6341,1585,49,20,13,0.5714368610836457,0.3734672296022029,0.5346810295337843,ranked among candidates with >= 2 PFAS test rows,Train,Train non-PFAS,False,hle_invivo_all_aux,XGBoost,conventional,Train,NC(=O)C1CO1,0.146128035678238,0.1558679491281509,Rat,MF
HLe_invivo,Rat,MF,PFAS + non-PFAS training,hle_invivo_all_aux,XGBoost,conventional,True,21,6341,1585,49,20,13,0.5714368610836457,0.3734672296022029,0.5346810295337843,ranked among candidates with >= 2 PFAS test rows,Train,Train non-PFAS,False,hle_invivo_all_aux,XGBoost,conventional,Train,NC1C2CN(c3nc4c(cc3F)c(=O)c(C(=O)O)cn4-c3ccc(F)cc3F)CC12,-0.0969100130080563,0.0190671551972627,Rat,MF
HLe_invivo,Rat,MF,PFAS + non-PFAS training,hle_invivo_all_aux,XGBoost,conventional,True,21,6341,1585,49,20,13,0.5714368610836457,0.3734672296022029,0.5346810295337843,ranked among candidates with >= 2 PFAS test rows,Train,Train non-PFAS,False,hle_invivo_all_aux,XGBoost,conventional,Train,Nc1nc(=O)c2ncn(COCCO)c2[nH]1,0.959994838328416,0.7585340738296509,Rat,MF
HLe_invivo,Rat,MF,PFAS + non-PFAS training,hle_invivo_all_aux,XGBoost,conventional,True,21,6341,1585,49,20,13,0.5714368610836457,0.3734672296022029,0.5346810295337843,ranked among candidates with >= 2 PFAS test rows,Train,Train non-PFAS,False,hle_invivo_all_aux,XGBoost,conventional,Train,O=C1N=C(Cl)C(Cl)C=C1Cl,1.159031667481381,0.885429322719574,Rat,MF
HLe_invivo,Rat,MF,PFAS + non-PFAS training,hle_invivo_all_aux,XGBoost,conventional,True,21,6341,1585,49,20,13,0.5714368610836457,0.3734672296022029,0.5346810295337843,ranked among candidates with >= 2 PFAS test rows,Train,Train PFAS,True,hle_invivo_all_aux,XGBoost,conventional,Train,O=C(O)CSCC(=O)O,0.3324384599156053,0.4761497676372528,Rat,MF
HLe_invivo,Rat,MF,PFAS + non-PFAS training,hle_invivo_all_aux,XGBoost,conventional,True,21,6341,1585,49,20,13,0.5714368610836457,0.3734672296022029,0.5346810295337843,ranked among candidates with >= 2 PFAS test rows,Train,Train non-PFAS,False,hle_invivo_all_aux,XGBoost,conventional,Train,c1ccc2c(c1)ccc1ccccc12,1.427846344774613,1.345840573310852,Rat,MF
HLe_invivo,Rat,MF,PFAS + non-PFAS training,hle_invivo_all_aux,XGBoost,conventional,True,21,6341,1585,49,20,13,0.5714368610836457,0.3734672296022029,0.5346810295337843,ranked among candidates with >= 2 PFAS test rows,Train,Train non-PFAS,False,hle_invivo_all_aux,XGBoost,conventional,Train,C=CC(N)=O,0.397592294841212,0.367590457201004,Rat,MF
HLe_invivo,Rat,MF,PFAS + non-PFAS training,hle_invivo_all_aux,XGBoost,conventional,True,21,6341,1585,49,20,13,0.5714368610836457,0.3734672296022029,0.5346810295337843,ranked among candidates with >= 2 PFAS test rows,Train,Train non-PFAS,False,hle_invivo_all_aux,XGBoost,conventional,Train,CC(C(=O)O)c1ccc(C(=O)c2cccs2)cc1,0.1702617153949574,0.3257063031196594,Rat,MF
HLe_invivo,Rat,MF,PFAS + non-PFAS training,hle_invivo_all_aux,XGBoost,conventional,True,21,6341,1585,49,20,13,0.5714368610836457,0.3734672296022029,0.5346810295337843,ranked among candidates with >= 2 PFAS test rows,Train,Train non-PFAS,False,hle_invivo_all_aux,XGBoost,conventional,Train,CC(C)C12OC1C1OC13C1(C)CCC4=C(COC4=O)C1CC1OC13C2O,0.0197999800454065,-0.0885060355067253,Rat,MF
HLe_invivo,Rat,MF,PFAS + non-PFAS training,hle_invivo_all_aux,XGBoost,conventional,True,21,6341,1585,49,20,13,0.5714368610836457,0.3734672296022029,0.5346810295337843,ranked among candidates with >= 2 PFAS test rows,Train,Train non-PFAS,False,hle_invivo_all_aux,XGBoost,conventional,Train,COC(=O)C1=C(C#N)N=C(C)C(C(=O)OC(C)C)C1c1cccc([N+](=O)[O-])c1,0.6627578316815741,0.4490591287612915,Rat,MF
HLe_invivo,Rat,MF,PFAS + non-PFAS training,hle_invivo_all_aux,XGBoost,conventional,True,21,6341,1585,49,20,13,0.5714368610836457,0.3734672296022029,0.5346810295337843,ranked among candidates with >= 2 PFAS test rows,Train,Train PFAS,True,hle_invivo_all_aux,XGBoost,conventional,Train,Cc1cc(Cl)ccc1OCC(=O)O,1.481771143576552,1.3203620910644531,Rat,MF
HLe_invivo,Rat,MF,PFAS + non-PFAS training,hle_invivo_all_aux,XGBoost,conventional,True,21,6341,1585,49,20,13,0.5714368610836457,0.3734672296022029,0.5346810295337843,ranked among candidates with >= 2 PFAS test rows,Train,Train PFAS,True,hle_invivo_all_aux,XGBoost,conventional,Train,C=C1CC(=CC)C(=O)OC2CCN3CC=C(COC(=O)C1(O)CO)C23,0.6232492903979004,0.5951529741287231,Rat,MF
HLe_invivo,Rat,MF,PFAS + non-PFAS training,hle_invivo_all_aux,XGBoost,conventional,True,21,6341,1585,49,20,13,0.5714368610836457,0.3734672296022029,0.5346810295337843,ranked among candidates with >= 2 PFAS test rows,Train,Train non-PFAS,False,hle_invivo_all_aux,XGBoost,conventional,Train,CN1CCCC(n2nc(Cc3ccc(Cl)cc3)c3ccccc3c2=O)CC1,0.4198772499960095,0.67194002866745,Rat,MF
HLe_invivo,Rat,MF,PFAS + non-PFAS training,hle_invivo_all_aux,XGBoost,conventional,True,21,6341,1585,49,20,13,0.5714368610836457,0.3734672296022029,0.5346810295337843,ranked among candidates with >= 2 PFAS test rows,Train,Train non-PFAS,False,hle_invivo_all_aux,XGBoost,conventional,Train,CN1COCN(Cc2cnc(Cl)s2)C1=N[N+](=O)[O-],0.5174011220048877,0.6096821427345276,Rat,MF
HLe_invivo,Rat,MF,PFAS + non-PFAS training,hle_invivo_all_aux,XGBoost,conventional,True,21,6341,1585,49,20,13,0.5714368610836457,0.3734672296022029,0.5346810295337843,ranked among candidates with >= 2 PFAS test rows,Train,Train PFAS,True,hle_invivo_all_aux,XGBoost,conventional,Train,CNC(=N[N+](=O)[O-])NCc1cnc(Cl)s1,0.5259085184007399,0.514311671257019,Rat,MF
HLe_invivo,Rat,MF,PFAS + non-PFAS training,hle_invivo_all_aux,XGBoost,conventional,True,21,6341,1585,49,20,13,0.5714368610836457,0.3734672296022029,0.5346810295337843,ranked among candidates with >= 2 PFAS test rows,Train,Train non-PFAS,False,hle_invivo_all_aux,XGBoost,conventional,Train,C=CCc1ccc(OC)c(OC)c1,0.1891830467332662,0.2227260619401931,Rat,MF
HLe_invivo,Rat,MF,PFAS + non-PFAS training,hle_invivo_all_aux,XGBoost,conventional,True,21,6341,1585,49,20,13,0.5714368610836457,0.3734672296022029,0.5346810295337843,ranked among candidates with >= 2 PFAS test rows,Train,Train non-PFAS,False,hle_invivo_all_aux,XGBoost,conventional,Train,NC(=O)C1CO1,0.2552725051033061,0.3116138875484466,Rat,MF
HLe_invivo,Rat,MF,PFAS + non-PFAS training,hle_invivo_all_aux,XGBoost,conventional,True,21,6341,1585,49,20,13,0.5714368610836457,0.3734672296022029,0.5346810295337843,ranked among candidates with >= 2 PFAS test rows,Train,Train non-PFAS,False,hle_invivo_all_aux,XGBoost,conventional,Train,NC1C2CN(c3nc4c(cc3F)c(=O)c(C(=O)O)cn4-c3ccc(F)cc3F)CC12,0.3010299956639812,0.3629990220069885,Rat,MF
HLe_invivo,Rat,MF,PFAS + non-PFAS training,hle_invivo_all_aux,XGBoost,conventional,True,21,6341,1585,49,20,13,0.5714368610836457,0.3734672296022029,0.5346810295337843,ranked among candidates with >= 2 PFAS test rows,Train,Train non-PFAS,False,hle_invivo_all_aux,XGBoost,conventional,Train,c1ccc2c(c1)ccc1ccccc12,1.373348229458227,1.3233824968338013,Rat,MF
HLe_invivo,Rat,MF,PFAS + non-PFAS training,hle_invivo_all_aux,XGBoost,conventional,True,21,6341,1585,49,20,13,0.5714368610836457,0.3734672296022029,0.5346810295337843,ranked among candidates with >= 2 PFAS test rows,Train,Train PFAS,True,hle_invivo_all_aux,XGBoost,conventional,Train,CCCCOCC(=O)O,2.177999138462461,2.1797845363616943,Rat,MF
HLe_invivo,Rat,MF,PFAS + non-PFAS training,hle_invivo_all_aux,XGBoost,conventional,True,21,6341,1585,49,20,13,0.5714368610836457,0.3734672296022029,0.5346810295337843,ranked among candidates with >= 2 PFAS test rows,Train,Train non-PFAS,False,hle_invivo_all_aux,XGBoost,conventional,Train,CCCCOCCO,-0.6273089923067492,-0.622937023639679,Rat,MF
HLe_invivo,Rat,MF,PFAS + non-PFAS training,hle_invivo_all_aux,XGBoost,conventional,True,21,6341,1585,49,20,13,0.5714368610836457,0.3734672296022029,0.5346810295337843,ranked among candidates with >= 2 PFAS test rows,Train,Train non-PFAS,False,hle_invivo_all_aux,XGBoost,conventional,Train,CCOCCO,0.8808135922807914,0.8112010955810547,Rat,MF
HLe_invivo,Rat,MF,PFAS + non-PFAS training,hle_invivo_all_aux,XGBoost,conventional,True,21,6341,1585,49,20,13,0.5714368610836457,0.3734672296022029,0.5346810295337843,ranked among candidates with >= 2 PFAS test rows,Train,Train PFAS,True,hle_invivo_all_aux,XGBoost,conventional,Train,COCC(=O)O,1.147673574166809,1.1549495458602903,Rat,MF
HLe_invivo,Rat,MF,PFAS + non-PFAS training,hle_invivo_all_aux,XGBoost,conventional,True,21,6341,1585,49,20,13,0.5714368610836457,0.3734672296022029,0.5346810295337843,ranked among candidates with >= 2 PFAS test rows,Train,Train non-PFAS,False,hle_invivo_all_aux,XGBoost,conventional,Train,COCCO,-0.3309932190414245,-0.0946292206645011,Rat,MF
HLe_invivo,Rat,MF,PFAS + non-PFAS training,hle_invivo_all_aux,XGBoost,conventional,True,21,6341,1585,49,20,13,0.5714368610836457,0.3734672296022029,0.5346810295337843,ranked among candidates with >= 2 PFAS test rows,Train,Train non-PFAS,False,hle_invivo_all_aux,XGBoost,conventional,Train,C[n+]1ccc(-c2cc[n+](C)cc2)cc1,0.7732743483374539,0.8878564238548279,Rat,MF
HLe_invivo,Rat,MF,PFAS + non-PFAS training,hle_invivo_all_aux,XGBoost,conventional,True,21,6341,1585,49,20,13,0.5714368610836457,0.3734672296022029,0.5346810295337843,ranked among candidates with >= 2 PFAS test rows,Train,Train non-PFAS,False,hle_invivo_all_aux,XGBoost,conventional,Train,CC1CC2C3CCC4=CC(=O)C=CC4(C)C3(Cl)C(O)CC2(C)C1(OC(=O)c1ccco1)C(=O)CCl,0.6434526764861874,0.6462242603302002,Rat,MF
HLe_invivo,Rat,MF,PFAS + non-PFAS training,hle_invivo_all_aux,XGBoost,conventional,True,21,6341,1585,49,20,13,0.5714368610836457,0.3734672296022029,0.5346810295337843,ranked among candidates with >= 2 PFAS test rows,Train,Train non-PFAS,False,hle_invivo_all_aux,XGBoost,conventional,Train,CC1CC2C3CCC4=CC(=O)C=CC4(C)C3(F)C(O)CC2(C)C1(O)C(=O)CO,0.6581948755365976,0.4484367072582245,Rat,MF
HLe_invivo,Rat,MF,PFAS + non-PFAS training,hle_invivo_all_aux,XGBoost,conventional,True,21,6341,1585,49,20,13,0.5714368610836457,0.3734672296022029,0.5346810295337843,ranked among candidates with >= 2 PFAS test rows,Train,Train non-PFAS,False,hle_invivo_all_aux,XGBoost,conventional,Train,CCCCCc1cc(O)c2c(c1)OC(C)(C)C1CCC(C)=CC21,1.518513939877888,1.4683856964111328,Rat,MF
HLe_invivo,Rat,MF,PFAS + non-PFAS training,hle_invivo_all_aux,XGBoost,conventional,True,21,6341,1585,49,20,13,0.5714368610836457,0.3734672296022029,0.5346810295337843,ranked among candidates with >= 2 PFAS test rows,Train,Train PFAS,True,hle_invivo_all_aux,XGBoost,conventional,Train,CC1CCCC(C)N1CCCC(O)(c1ccccc1)c1ccccn1,0.9242792860618816,0.93865305185318,Rat,MF
HLe_invivo,Rat,MF,PFAS + non-PFAS training,hle_invivo_all_aux,XGBoost,conventional,True,21,6341,1585,49,20,13,0.5714368610836457,0.3734672296022029,0.5346810295337843,ranked among candidates with >= 2 PFAS test rows,Train,Train non-PFAS,False,hle_invivo_all_aux,XGBoost,conventional,Train,CC1CN(c2c(F)c(N)c3c(=O)c(C(=O)O)cn(C4CC4)c3c2F)CC(C)N1,1.301029995663981,1.17724609375,Rat,MF
HLe_invivo,Rat,MF,PFAS + non-PFAS training,hle_invivo_all_aux,XGBoost,conventional,True,21,6341,1585,49,20,13,0.5714368610836457,0.3734672296022029,0.5346810295337843,ranked among candidates with >= 2 PFAS test rows,Train,Train non-PFAS,False,hle_invivo_all_aux,XGBoost,conventional,Train,CC1CN(CC(Cc2ccccc2)C(=O)NCC(=O)O)CCC1(C)c1cccc(O)c1,0.724275869600789,0.8360167145729065,Rat,MF
HLe_invivo,Rat,MF,PFAS + non-PFAS training,hle_invivo_all_aux,XGBoost,conventional,True,21,6341,1585,49,20,13,0.5714368610836457,0.3734672296022029,0.5346810295337843,ranked among candidates with >= 2 PFAS test rows,Train,Train non-PFAS,False,hle_invivo_all_aux,XGBoost,conventional,Train,CC1CN(C2CCC(C#N)(c3ccc(F)cc3)CC2)CCC1(C(=O)O)c1ccccc1,1.518513939877888,1.23831045627594,Rat,MF
HLe_invivo,Rat,MF,PFAS + non-PFAS training,hle_invivo_all_aux,XGBoost,conventional,True,21,6341,1585,49,20,13,0.5714368610836457,0.3734672296022029,0.5346810295337843,ranked among candidates with >= 2 PFAS test rows,Train,Train non-PFAS,False,hle_invivo_all_aux,XGBoost,conventional,Train,COc1c(N2CCNC(C)C2)c(F)cc2c(=O)c(C(=O)O)cn(C3CC3)c12,1.0,1.094534397125244,Rat,MF
HLe_invivo,Rat,MF,PFAS + non-PFAS training,hle_invivo_all_aux,XGBoost,conventional,True,21,6341,1585,49,20,13,0.5714368610836457,0.3734672296022029,0.5346810295337843,ranked among candidates with >= 2 PFAS test rows,PFAS test,PFAS test,True,hle_invivo_all_aux,XGBoost,conventional,Test,CNC(=O)Oc1ccccc1OC(C)C,-0.6575773191777937,0.201802596449852,Rat,MF
HLe_invivo,Rat,MF,PFAS + non-PFAS training,hle_invivo_all_aux,XGBoost,conventional,True,21,6341,1585,49,20,13,0.5714368610836457,0.3734672296022029,0.5346810295337843,ranked among candidates with >= 2 PFAS test rows,PFAS test,PFAS test,True,hle_invivo_all_aux,XGBoost,conventional,Test,COc1cc(OC)nc(Sc2cccc(Cl)c2C(=O)O)n1,0.3798309948717908,0.3984570801258087,Rat,MF
HLe_invivo,Rat,MF,PFAS + non-PFAS training,hle_invivo_all_aux,XGBoost,conventional,True,21,6341,1585,49,20,13,0.5714368610836457,0.3734672296022029,0.5346810295337843,ranked among candidates with >= 2 PFAS test rows,PFAS test,PFAS test,True,hle_invivo_all_aux,XGBoost,conventional,Test,COc1ccc2c3c1OC1C(O)C=CC4C(C2)N(C)CCC341,-0.2866495067277142,-0.2751831412315368,Rat,MF
HLe_invivo,Rat,MF,PFAS + non-PFAS training,hle_invivo_all_aux,XGBoost,conventional,True,21,6341,1585,49,20,13,0.5714368610836457,0.3734672296022029,0.5346810295337843,ranked among candidates with >= 2 PFAS test rows,PFAS test,PFAS test,True,hle_invivo_all_aux,XGBoost,conventional,Test,CC1(C)SC2C(NC(=O)C(N)c3ccccc3)C(=O)N2C1C(=O)O,0.0,-0.1109525933861732,Rat,MF
HLe_invivo,Rat,MF,PFAS + non-PFAS training,hle_invivo_all_aux,XGBoost,conventional,True,21,6341,1585,49,20,13,0.5714368610836457,0.3734672296022029,0.5346810295337843,ranked among candidates with >= 2 PFAS test rows,PFAS test,PFAS test,True,hle_invivo_all_aux,XGBoost,conventional,Test,CC12CCC(=O)C=C1CCC1C2CCC2(C)C(O)CCC12,2.28330122870355,1.116432785987854,Rat,MF
HLe_invivo,Rat,MF,PFAS + non-PFAS training,hle_invivo_all_aux,XGBoost,conventional,True,21,6341,1585,49,20,13,0.5714368610836457,0.3734672296022029,0.5346810295337843,ranked among candidates with >= 2 PFAS test rows,PFAS test,PFAS test,True,hle_invivo_all_aux,XGBoost,conventional,Test,CC12CCCCCC(Cc3ccc(O)cc31)C2N,0.6020599913279624,0.5850345492362976,Rat,MF
HLe_invivo,Rat,MF,PFAS + non-PFAS training,hle_invivo_all_aux,XGBoost,conventional,True,21,6341,1585,49,20,13,0.5714368610836457,0.3734672296022029,0.5346810295337843,ranked among candidates with >= 2 PFAS test rows,PFAS test,PFAS test,True,hle_invivo_all_aux,XGBoost,conventional,Test,Cc1ccccc1N1CCN(CCc2nnc3n2CCCC3)CC1,0.6989700043360189,0.5131166577339172,Rat,MF
HLe_invivo,Rat,MF,PFAS + non-PFAS training,hle_invivo_all_aux,XGBoost,conventional,True,21,6341,1585,49,20,13,0.5714368610836457,0.3734672296022029,0.5346810295337843,ranked among candidates with >= 2 PFAS test rows,PFAS test,PFAS test,True,hle_invivo_all_aux,XGBoost,conventional,Test,CCC1(O)C(=O)OCc2c1cc1n(c2=O)Cc2c-1nc1cc(F)c(C)c3c1c2C(N)CC3,2.143639235274543,0.8343244791030884,Rat,MF
HLe_invivo,Rat,MF,PFAS + non-PFAS training,hle_invivo_all_aux,XGBoost,conventional,True,21,6341,1585,49,20,13,0.5714368610836457,0.3734672296022029,0.5346810295337843,ranked among candidates with >= 2 PFAS test rows,PFAS test,PFAS test,True,hle_invivo_all_aux,XGBoost,conventional,Test,CNC1C(OC2C(OC3C(O)C(O)C(NC(=N)N)C(O)C3NC(=N)N)OC(C)C2(O)C=O)OC(CO)C(O)C1O,0.6020599913279624,0.8565858602523804,Rat,MF
HLe_invivo,Rat,MF,PFAS + non-PFAS training,hle_invivo_all_aux,XGBoost,conventional,True,21,6341,1585,49,20,13,0.5714368610836457,0.3734672296022029,0.5346810295337843,ranked among candidates with >= 2 PFAS test rows,PFAS test,PFAS test,True,hle_invivo_all_aux,XGBoost,conventional,Test,CCC(=O)N(c1ccccc1)C1(COC)CCN(CCc2cccs2)CC1,0.4313637641589874,0.657331645488739,Rat,MF
HLe_invivo,Rat,MF,PFAS + non-PFAS training,hle_invivo_all_aux,XGBoost,conventional,True,21,6341,1585,49,20,13,0.5714368610836457,0.3734672296022029,0.5346810295337843,ranked among candidates with >= 2 PFAS test rows,PFAS test,PFAS test,True,hle_invivo_all_aux,XGBoost,conventional,Test,COc1ccc2c(c1)N(CC(C)CN(C)C)c1ccccc1S2,1.48,0.982377827167511,Rat,MF
HLe_invivo,Rat,MF,PFAS + non-PFAS training,hle_invivo_all_aux,XGBoost,conventional,True,21,6341,1585,49,20,13,0.5714368610836457,0.3734672296022029,0.5346810295337843,ranked among candidates with >= 2 PFAS test rows,PFAS test,PFAS test,True,hle_invivo_all_aux,XGBoost,conventional,Test,CN(C)CCC(c1ccc(Cl)cc1)c1ccccn1,1.34,1.4409514665603638,Rat,MF
HLe_invivo,Rat,MF,PFAS + non-PFAS training,hle_invivo_all_aux,XGBoost,conventional,True,21,6341,1585,49,20,13,0.5714368610836457,0.3734672296022029,0.5346810295337843,ranked among candidates with >= 2 PFAS test rows,PFAS test,PFAS test,True,hle_invivo_all_aux,XGBoost,conventional,Test,CN(C)CCc1c[nH]c2ccc(CS(=O)(=O)N3CCCC3)cc12,0.53,0.4334803521633148,Rat,MF
VDss,Human,F,PFAS + non-PFAS training,vdss_all_aux,"MapLight + GNN (CatBoost, Strict Parity)",MapLight + GNN,True,21,3096,774,2,2,2,0.8154836037257176,0.7372636319959252,0.04059120789211079,ranked among candidates with >= 2 PFAS test rows,Train,Train PFAS,True,vdss_all_aux,"MapLight + GNN (CatBoost, Strict Parity)",MapLight + GNN,Train,O=C(O)C(F)(F)F,-0.4559319556497244,-0.4602445593026776,Human,F
VDss,Human,F,PFAS + non-PFAS training,vdss_all_aux,"MapLight + GNN (CatBoost, Strict Parity)",MapLight + GNN,True,21,3096,774,2,2,2,0.8154836037257176,0.7372636319959252,0.04059120789211079,ranked among candidates with >= 2 PFAS test rows,Train,Train PFAS,True,vdss_all_aux,"MapLight + GNN (CatBoost, Strict Parity)",MapLight + GNN,Train,CC1(C)C(C=C(Cl)Cl)C1C(=O)OCc1cccc(Oc2ccccc2)c1,0.7340836237523433,0.6246641441781327,Human,F
VDss,Human,F,PFAS + non-PFAS training,vdss_all_aux,"MapLight + GNN (CatBoost, Strict Parity)",MapLight + GNN,True,21,3096,774,2,2,2,0.8154836037257176,0.7372636319959252,0.04059120789211079,ranked among candidates with >= 2 PFAS test rows,PFAS test,PFAS test,True,vdss_all_aux,"MapLight + GNN (CatBoost, Strict Parity)",MapLight + GNN,Test,CC(C(=O)O)c1ccc(C(=O)c2ccccc2)s1,-1.096910013008056,-0.7081515386234067,Human,F
VDss,Human,F,PFAS + non-PFAS training,vdss_all_aux,"MapLight + GNN (CatBoost, Strict Parity)",MapLight + GNN,True,21,3096,774,2,2,2,0.8154836037257176,0.7372636319959252,0.04059120789211079,ranked among candidates with >= 2 PFAS test rows,PFAS test,PFAS test,True,vdss_all_aux,"MapLight + GNN (CatBoost, Strict Parity)",MapLight + GNN,Test,O=C(O)C(CCc1ccccc1)NC1CCCN2CCCC(C(=O)O)N2C1=O,0.568201724066995,-0.517567065540206,Human,F
VDss,Human,M,PFAS + non-PFAS training,vdss_all_aux,"MapLight + GNN (CatBoost, Strict Parity)",MapLight + GNN,True,21,3096,774,2,2,2,0.6053166958450772,0.5540999223918982,0.4031397048924077,ranked among candidates with >= 2 PFAS test rows,Train,Train PFAS,True,vdss_all_aux,"MapLight + GNN (CatBoost, Strict Parity)",MapLight + GNN,Train,N#Cc1nn(-c2c(Cl)cc(C(F)(F)F)cc2Cl)c(N)c1C(F)(F)F,1.124178055474675,1.0515709221454226,Human,M
VDss,Human,M,PFAS + non-PFAS training,vdss_all_aux,"MapLight + GNN (CatBoost, Strict Parity)",MapLight + GNN,True,21,3096,774,2,2,2,0.6053166958450772,0.5540999223918982,0.4031397048924077,ranked among candidates with >= 2 PFAS test rows,Train,Train PFAS,True,vdss_all_aux,"MapLight + GNN (CatBoost, Strict Parity)",MapLight + GNN,Train,CN1C(=O)CN=C(c2ccccc2)c2cc(Cl)ccc21,1.093195548963217,0.0188652516796171,Human,M
VDss,Human,M,PFAS + non-PFAS training,vdss_all_aux,"MapLight + GNN (CatBoost, Strict Parity)",MapLight + GNN,True,21,3096,774,2,2,2,0.6053166958450772,0.5540999223918982,0.4031397048924077,ranked among candidates with >= 2 PFAS test rows,PFAS test,PFAS test,True,vdss_all_aux,"MapLight + GNN (CatBoost, Strict Parity)",MapLight + GNN,Test,CC1NCc2cc(-c3ccc4c(=O)c(C(=O)O)cn(C5CC5)c4c3OC(F)F)ccc21,0.0,0.3104165658119011,Human,M
VDss,Human,M,PFAS + non-PFAS training,vdss_all_aux,"MapLight + GNN (CatBoost, Strict Parity)",MapLight + GNN,True,21,3096,774,2,2,2,0.6053166958450772,0.5540999223918982,0.4031397048924077,ranked among candidates with >= 2 PFAS test rows,PFAS test,PFAS test,True,vdss_all_aux,"MapLight + GNN (CatBoost, Strict Parity)",MapLight + GNN,Test,CC(=O)c1c(C)c2cnc(Nc3ccc(N4CCNCC4)cn3)nc2n(C2CCCC2)c1=O,1.56702636615906,0.7692430871871646,Human,M
VDss,Human,MF,PFAS-only training,vdss_human_mf,Tabular CNN,conventional,False,0,31,8,31,31,8,0.3332846608100894,0.29039827628888004,0.7616350806977827,ranked among candidates with >= 2 PFAS test rows,Train,Train PFAS,True,vdss_human_mf,Tabular CNN,conventional,Train,Cc1ccccc1-c1cc(N2CCN(C)CC2)ncc1N(C)C(=O)C(C)(C)c1cc(C(F)(F)F)cc(C(F)(F)F)c1,0.9206337260636384,0.6064475178718567,Human,MF
VDss,Human,MF,PFAS-only training,vdss_human_mf,Tabular CNN,conventional,False,0,31,8,31,31,8,0.3332846608100894,0.29039827628888004,0.7616350806977827,ranked among candidates with >= 2 PFAS test rows,Train,Train PFAS,True,vdss_human_mf,Tabular CNN,conventional,Train,CC(C)(F)CC(NC(c1ccc(-c2ccc(S(C)(=O)=O)cc2)cc1)C(F)(F)F)C(=O)NC1(C#N)CC1,0.2121876044039578,0.0210621263831853,Human,MF
VDss,Human,MF,PFAS-only training,vdss_human_mf,Tabular CNN,conventional,False,0,31,8,31,31,8,0.3332846608100894,0.29039827628888004,0.7616350806977827,ranked among candidates with >= 2 PFAS test rows,Train,Train PFAS,True,vdss_human_mf,Tabular CNN,conventional,Train,CC(NCCCc1cccc(C(F)(F)F)c1)c1cccc2ccccc12,1.24551266781415,1.2281652688980105,Human,MF
VDss,Human,MF,PFAS-only training,vdss_human_mf,Tabular CNN,conventional,False,0,31,8,31,31,8,0.3332846608100894,0.29039827628888004,0.7616350806977827,ranked among candidates with >= 2 PFAS test rows,Train,Train PFAS,True,vdss_human_mf,Tabular CNN,conventional,Train,CC(O)(CS(=O)(=O)c1ccc(F)cc1)C(=O)Nc1ccc(C#N)c(C(F)(F)F)c1,-0.0389180661660866,0.0495199337601661,Human,MF
VDss,Human,MF,PFAS-only training,vdss_human_mf,Tabular CNN,conventional,False,0,31,8,31,31,8,0.3332846608100894,0.29039827628888004,0.7616350806977827,ranked among candidates with >= 2 PFAS test rows,Train,Train PFAS,True,vdss_human_mf,Tabular CNN,conventional,Train,CC(OC1OCCN(Cc2nc(=O)[nH][nH]2)C1c1ccc(F)cc1)c1cc(C(F)(F)F)cc(C(F)(F)F)c1,-0.0268721464003013,-0.1975615322589874,Human,MF
VDss,Human,MF,PFAS-only training,vdss_human_mf,Tabular CNN,conventional,False,0,31,8,31,31,8,0.3332846608100894,0.29039827628888004,0.7616350806977827,ranked among candidates with >= 2 PFAS test rows,Train,Train PFAS,True,vdss_human_mf,Tabular CNN,conventional,Train,CNC(=O)c1ccc(N2C(=S)N(c3ccc(C#N)c(C(F)(F)F)c3)C(=O)C2(C)C)cc1F,0.1962946450255243,0.2812714874744415,Human,MF
VDss,Human,MF,PFAS-only training,vdss_human_mf,Tabular CNN,conventional,False,0,31,8,31,31,8,0.3332846608100894,0.29039827628888004,0.7616350806977827,ranked among candidates with >= 2 PFAS test rows,Train,Train PFAS,True,vdss_human_mf,Tabular CNN,conventional,Train,Cc1ccc(NC(=O)C2(c3ccc4c(c3)OC(F)(F)O4)CC2)nc1-c1cccc(C(=O)O)c1,0.0894004113808089,0.0278429593890905,Human,MF
VDss,Human,MF,PFAS-only training,vdss_human_mf,Tabular CNN,conventional,False,0,31,8,31,31,8,0.3332846608100894,0.29039827628888004,0.7616350806977827,ranked among candidates with >= 2 PFAS test rows,Train,Train PFAS,True,vdss_human_mf,Tabular CNN,conventional,Train,Cc1c(OCC(F)(F)F)ccnc1CS(=O)c1nc2ccccc2[nH]1,-0.5769310735329017,-0.4059376120567322,Human,MF
VDss,Human,MF,PFAS-only training,vdss_human_mf,Tabular CNN,conventional,False,0,31,8,31,31,8,0.3332846608100894,0.29039827628888004,0.7616350806977827,ranked among candidates with >= 2 PFAS test rows,Train,Train PFAS,True,vdss_human_mf,Tabular CNN,conventional,Train,COc1cc(C)c2c(Oc3cccc(C(F)(F)F)c3)c(OC)cc(NC(C)CCCN)c2n1,1.547598913298157,1.0969369411468506,Human,MF
VDss,Human,MF,PFAS-only training,vdss_human_mf,Tabular CNN,conventional,False,0,31,8,31,31,8,0.3332846608100894,0.29039827628888004,0.7616350806977827,ranked among candidates with >= 2 PFAS test rows,Train,Train PFAS,True,vdss_human_mf,Tabular CNN,conventional,Train,Cc1ccc(-c2cc(C(F)(F)F)nn2-c2ccc(S(N)(=O)=O)cc2)cc1,0.7873592522008377,0.9598848819732666,Human,MF
VDss,Human,MF,PFAS-only training,vdss_human_mf,Tabular CNN,conventional,False,0,31,8,31,31,8,0.3332846608100894,0.29039827628888004,0.7616350806977827,ranked among candidates with >= 2 PFAS test rows,Train,Train PFAS,True,vdss_human_mf,Tabular CNN,conventional,Train,CCN(CC)CCN(Cc1ccc(-c2ccc(C(F)(F)F)cc2)cc1)C(=O)Cn1c(SCc2ccc(F)cc2)nc(=O)c2c1CCC2,1.075546961392531,1.2281652688980105,Human,MF
VDss,Human,MF,PFAS-only training,vdss_human_mf,Tabular CNN,conventional,False,0,31,8,31,31,8,0.3332846608100894,0.29039827628888004,0.7616350806977827,ranked among candidates with >= 2 PFAS test rows,Train,Train PFAS,True,vdss_human_mf,Tabular CNN,conventional,Train,CC(=O)N1CCN(C2CCN(C(=O)N(C)C(C)c3cc(C(F)(F)F)cc(C(F)(F)F)c3)C(c3ccc(F)cc3C)C2)CC1,0.4424797690644486,0.9011397361755372,Human,MF
VDss,Human,MF,PFAS-only training,vdss_human_mf,Tabular CNN,conventional,False,0,31,8,31,31,8,0.3332846608100894,0.29039827628888004,0.7616350806977827,ranked among candidates with >= 2 PFAS test rows,Train,Train PFAS,True,vdss_human_mf,Tabular CNN,conventional,Train,Cc1cc(F)ccc1C1CNCCN1C(=O)N(C)C(C)c1cc(C(F)(F)F)cc(C(F)(F)F)c1,0.5797835966168101,0.2812714874744415,Human,MF
VDss,Human,MF,PFAS-only training,vdss_human_mf,Tabular CNN,conventional,False,0,31,8,31,31,8,0.3332846608100894,0.29039827628888004,0.7616350806977827,ranked among candidates with >= 2 PFAS test rows,Train,Train PFAS,True,vdss_human_mf,Tabular CNN,conventional,Train,CC(Oc1cc(-n2cnc3ccc(CN4CCN(C)CC4)cc32)sc1C(N)=O)c1ccccc1C(F)(F)F,1.079181246047625,0.8775652050971985,Human,MF
VDss,Human,MF,PFAS-only training,vdss_human_mf,Tabular CNN,conventional,False,0,31,8,31,31,8,0.3332846608100894,0.29039827628888004,0.7616350806977827,ranked among candidates with >= 2 PFAS test rows,Train,Train PFAS,True,vdss_human_mf,Tabular CNN,conventional,Train,Cc1ccc(C(=O)Nc2ccc(CN3CCN(C)CC3)c(C(F)(F)F)c2)cc1C#Cc1cnc2cccnn12,1.242328416986518,0.8775652050971985,Human,MF
VDss,Human,MF,PFAS-only training,vdss_human_mf,Tabular CNN,conventional,False,0,31,8,31,31,8,0.3332846608100894,0.29039827628888004,0.7616350806977827,ranked among candidates with >= 2 PFAS test rows,Train,Train PFAS,True,vdss_human_mf,Tabular CNN,conventional,Train,CNC(=O)c1ccc(N2C(=S)N(c3cnc(C#N)c(C(F)(F)F)c3)C(=O)C23CCC3)cc1F,0.5958110420666962,0.9011397361755372,Human,MF
VDss,Human,MF,PFAS-only training,vdss_human_mf,Tabular CNN,conventional,False,0,31,8,31,31,8,0.3332846608100894,0.29039827628888004,0.7616350806977827,ranked among candidates with >= 2 PFAS test rows,Train,Train PFAS,True,vdss_human_mf,Tabular CNN,conventional,Train,CNCCC(Oc1ccc(C(F)(F)F)cc1)c1ccccc1,1.444936571392804,1.2281652688980105,Human,MF
VDss,Human,MF,PFAS-only training,vdss_human_mf,Tabular CNN,conventional,False,0,31,8,31,31,8,0.3332846608100894,0.29039827628888004,0.7616350806977827,ranked among candidates with >= 2 PFAS test rows,Train,Train PFAS,True,vdss_human_mf,Tabular CNN,conventional,Train,COc1ccc(Cl)cc1C1(F)C(=O)Nc2cc(C(F)(F)F)ccc21,1.0,1.2004705667495728,Human,MF
VDss,Human,MF,PFAS-only training,vdss_human_mf,Tabular CNN,conventional,False,0,31,8,31,31,8,0.3332846608100894,0.29039827628888004,0.7616350806977827,ranked among candidates with >= 2 PFAS test rows,Train,Train PFAS,True,vdss_human_mf,Tabular CNN,conventional,Train,COCCCCC(=NOCCN)c1ccc(C(F)(F)F)cc1,1.371067862271736,1.2281652688980105,Human,MF
VDss,Human,MF,PFAS-only training,vdss_human_mf,Tabular CNN,conventional,False,0,31,8,31,31,8,0.3332846608100894,0.29039827628888004,0.7616350806977827,ranked among candidates with >= 2 PFAS test rows,Train,Train PFAS,True,vdss_human_mf,Tabular CNN,conventional,Train,FC(F)(F)C(F)(F)C(F)(F)F,0.2041199826559248,0.2812714874744415,Human,MF
VDss,Human,MF,PFAS-only training,vdss_human_mf,Tabular CNN,conventional,False,0,31,8,31,31,8,0.3332846608100894,0.29039827628888004,0.7616350806977827,ranked among candidates with >= 2 PFAS test rows,Train,Train PFAS,True,vdss_human_mf,Tabular CNN,conventional,Train,FC(F)(F)c1ccc(CNc2ccc(Cc3c[nH]c4ncc(Cl)cc34)cn2)cn1,0.4267435664525692,0.5458033084869385,Human,MF
VDss,Human,MF,PFAS-only training,vdss_human_mf,Tabular CNN,conventional,False,0,31,8,31,31,8,0.3332846608100894,0.29039827628888004,0.7616350806977827,ranked among candidates with >= 2 PFAS test rows,Train,Train PFAS,True,vdss_human_mf,Tabular CNN,conventional,Train,NC(CC(=O)N1CCn2c(nnc2C(F)(F)F)C1)Cc1cc(F)c(F)cc1F,0.4471580313422192,0.5458033680915833,Human,MF
VDss,Human,MF,PFAS-only training,vdss_human_mf,Tabular CNN,conventional,False,0,31,8,31,31,8,0.3332846608100894,0.29039827628888004,0.7616350806977827,ranked among candidates with >= 2 PFAS test rows,Train,Train PFAS,True,vdss_human_mf,Tabular CNN,conventional,Train,Nc1nc2ccc(OC(F)(F)F)cc2s1,0.5440680443502757,0.5889600515365601,Human,MF
VDss,Human,MF,PFAS-only training,vdss_human_mf,Tabular CNN,conventional,False,0,31,8,31,31,8,0.3332846608100894,0.29039827628888004,0.7616350806977827,ranked among candidates with >= 2 PFAS test rows,Train,Train PFAS,True,vdss_human_mf,Tabular CNN,conventional,Train,O=C(NC1CCN(CCCCC2(C(=O)NCC(F)(F)F)c3ccccc3-c3ccccc32)CC1)c1ccccc1-c1ccc(C(F)(F)F)cc1,1.211901758833249,1.2004705667495728,Human,MF
VDss,Human,MF,PFAS-only training,vdss_human_mf,Tabular CNN,conventional,False,0,31,8,31,31,8,0.3332846608100894,0.29039827628888004,0.7616350806977827,ranked among candidates with >= 2 PFAS test rows,Train,Train PFAS,True,vdss_human_mf,Tabular CNN,conventional,Train,O=C(NCC1CCCCN1)c1cc(OCC(F)(F)F)ccc1OCC(F)(F)F,0.7685931376120132,0.5806010365486145,Human,MF
VDss,Human,MF,PFAS-only training,vdss_human_mf,Tabular CNN,conventional,False,0,31,8,31,31,8,0.3332846608100894,0.29039827628888004,0.7616350806977827,ranked among candidates with >= 2 PFAS test rows,Train,Train PFAS,True,vdss_human_mf,Tabular CNN,conventional,Train,O=C1CN=C(c2ccccc2)c2cc(Cl)ccc2N1CC(F)(F)F,1.019413041162795,1.2281652688980105,Human,MF
VDss,Human,MF,PFAS-only training,vdss_human_mf,Tabular CNN,conventional,False,0,31,8,31,31,8,0.3332846608100894,0.29039827628888004,0.7616350806977827,ranked among candidates with >= 2 PFAS test rows,Train,Train PFAS,True,vdss_human_mf,Tabular CNN,conventional,Train,O=C(NC1CCC(c2cccc(F)c2F)CN(CC(F)(F)F)C1=O)N1CCC(n2c(=O)[nH]c3ncccc32)CC1,-0.0655015487564322,-0.1395991146564483,Human,MF
VDss,Human,MF,PFAS-only training,vdss_human_mf,Tabular CNN,conventional,False,0,31,8,31,31,8,0.3332846608100894,0.29039827628888004,0.7616350806977827,ranked among candidates with >= 2 PFAS test rows,Train,Train PFAS,True,vdss_human_mf,Tabular CNN,conventional,Train,O=C(O)CCCCON=C(c1cccnc1)c1cccc(C(F)(F)F)c1,-0.3665315444204135,-0.4213719069957733,Human,MF
VDss,Human,MF,PFAS-only training,vdss_human_mf,Tabular CNN,conventional,False,0,31,8,31,31,8,0.3332846608100894,0.29039827628888004,0.7616350806977827,ranked among candidates with >= 2 PFAS test rows,Train,Train PFAS,True,vdss_human_mf,Tabular CNN,conventional,Train,OC(c1cc(C(F)(F)F)nc2c(C(F)(F)F)cccc12)C1CCCCN1,1.268845312259173,0.903806209564209,Human,MF
VDss,Human,MF,PFAS-only training,vdss_human_mf,Tabular CNN,conventional,False,0,31,8,31,31,8,0.3332846608100894,0.29039827628888004,0.7616350806977827,ranked among candidates with >= 2 PFAS test rows,Train,Train PFAS,True,vdss_human_mf,Tabular CNN,conventional,Train,OCCN1CCN(CCCN2c3ccccc3Sc3ccc(C(F)(F)F)cc32)CC1,0.4623979978989561,0.558201253414154,Human,MF
VDss,Human,MF,PFAS-only training,vdss_human_mf,Tabular CNN,conventional,False,0,31,8,31,31,8,0.3332846608100894,0.29039827628888004,0.7616350806977827,ranked among candidates with >= 2 PFAS test rows,Train,Train PFAS,True,vdss_human_mf,Tabular CNN,conventional,Train,O=[N+]([O-])c1nccn1CC(O)=NCC(O)C(F)(F)F,-0.1611509092627447,-0.0227195117622613,Human,MF
VDss,Human,MF,PFAS-only training,vdss_human_mf,Tabular CNN,conventional,False,0,31,8,31,31,8,0.3332846608100894,0.29039827628888004,0.7616350806977827,ranked among candidates with >= 2 PFAS test rows,PFAS test,PFAS test,True,vdss_human_mf,Tabular CNN,conventional,Test,Cc1ccccc1-c1cc(N2CC[N+](C)(COP(=O)([O-])O)CC2)ncc1N(C)C(=O)C(C)(C)c1cc(C(F)(F)F)cc(C(F)(F)F)c1,0.248323645042907,0.5889599919319153,Human,MF
VDss,Human,MF,PFAS-only training,vdss_human_mf,Tabular CNN,conventional,False,0,31,8,31,31,8,0.3332846608100894,0.29039827628888004,0.7616350806977827,ranked among candidates with >= 2 PFAS test rows,PFAS test,PFAS test,True,vdss_human_mf,Tabular CNN,conventional,Test,CC(C)(O)CNc1nc(Nc2ccnc(C(F)(F)F)c2)nc(-c2cccc(C(F)(F)F)n2)n1,-0.0984638411545086,-0.0913886278867721,Human,MF
VDss,Human,MF,PFAS-only training,vdss_human_mf,Tabular CNN,conventional,False,0,31,8,31,31,8,0.3332846608100894,0.29039827628888004,0.7616350806977827,ranked among candidates with >= 2 PFAS test rows,PFAS test,PFAS test,True,vdss_human_mf,Tabular CNN,conventional,Test,CC12CCC3c4ccc(O)cc4CC(CCCCCCCCCS(=O)CCCC(F)(F)C(F)(F)F)C3C1CCC2O,0.6180480967120927,0.9011396765708924,Human,MF
VDss,Human,MF,PFAS-only training,vdss_human_mf,Tabular CNN,conventional,False,0,31,8,31,31,8,0.3332846608100894,0.29039827628888004,0.7616350806977827,ranked among candidates with >= 2 PFAS test rows,PFAS test,PFAS test,True,vdss_human_mf,Tabular CNN,conventional,Test,CCNC(C)Cc1cccc(C(F)(F)F)c1,1.04336227802113,1.2281652688980105,Human,MF
VDss,Human,MF,PFAS-only training,vdss_human_mf,Tabular CNN,conventional,False,0,31,8,31,31,8,0.3332846608100894,0.29039827628888004,0.7616350806977827,ranked among candidates with >= 2 PFAS test rows,PFAS test,PFAS test,True,vdss_human_mf,Tabular CNN,conventional,Test,CSCCNc1nc(SCCC(F)(F)F)nc2c1ncn2C1OC(COP(=O)(O)OP(=O)(O)C(Cl)(Cl)P(=O)(O)O)C(O)C1O,-1.455931955649724,-1.0476175546646118,Human,MF
VDss,Human,MF,PFAS-only training,vdss_human_mf,Tabular CNN,conventional,False,0,31,8,31,31,8,0.3332846608100894,0.29039827628888004,0.7616350806977827,ranked among candidates with >= 2 PFAS test rows,PFAS test,PFAS test,True,vdss_human_mf,Tabular CNN,conventional,Test,Cn1c(Cn2ccc(C(F)(F)F)c(Oc3cc(Cl)cc(C#N)c3)c2=O)n[nH]c1=O,-0.0633426655053563,0.5458033084869385,Human,MF
VDss,Human,MF,PFAS-only training,vdss_human_mf,Tabular CNN,conventional,False,0,31,8,31,31,8,0.3332846608100894,0.29039827628888004,0.7616350806977827,ranked among candidates with >= 2 PFAS test rows,PFAS test,PFAS test,True,vdss_human_mf,Tabular CNN,conventional,Test,Nc1ccn(C2OC(CO)C(O)C2(F)F)c(=O)n1,0.1760912590556812,-0.0824782848358154,Human,MF
VDss,Human,MF,PFAS-only training,vdss_human_mf,Tabular CNN,conventional,False,0,31,8,31,31,8,0.3332846608100894,0.29039827628888004,0.7616350806977827,ranked among candidates with >= 2 PFAS test rows,PFAS test,PFAS test,True,vdss_human_mf,Tabular CNN,conventional,Test,NS(=O)(=O)c1cc2c(cc1C(F)(F)F)NCNS2(=O)=O,0.3343765099869485,0.1028263494372367,Human,MF
VDss,Monkey,F,PFAS + non-PFAS training,vdss_all_aux,"MapLight + GNN (CatBoost, Strict Parity)",MapLight + GNN,True,21,3096,774,6,6,6,0.44806353330842136,0.36982253410273885,0.4035573433795365,ranked among candidates with >= 2 PFAS test rows,Train,Train PFAS,True,vdss_all_aux,"MapLight + GNN (CatBoost, Strict Parity)",MapLight + GNN,Train,O=S(=O)(O)C(F)(F)C(F)(F)C(F)(F)C(F)(F)C(F)(F)C(F)(F)F,-0.6716203965612623,-0.5632012146655521,Monkey,F
VDss,Monkey,F,PFAS + non-PFAS training,vdss_all_aux,"MapLight + GNN (CatBoost, Strict Parity)",MapLight + GNN,True,21,3096,774,6,6,6,0.44806353330842136,0.36982253410273885,0.4035573433795365,ranked among candidates with >= 2 PFAS test rows,Train,Train PFAS,True,vdss_all_aux,"MapLight + GNN (CatBoost, Strict Parity)",MapLight + GNN,Train,O=S(=O)(O)C(F)(F)C(F)(F)C(F)(F)C(F)(F)F,-0.5934598195660449,-0.5103698066862854,Monkey,F
VDss,Monkey,F,PFAS + non-PFAS training,vdss_all_aux,"MapLight + GNN (CatBoost, Strict Parity)",MapLight + GNN,True,21,3096,774,6,6,6,0.44806353330842136,0.36982253410273885,0.4035573433795365,ranked among candidates with >= 2 PFAS test rows,Train,Train PFAS,True,vdss_all_aux,"MapLight + GNN (CatBoost, Strict Parity)",MapLight + GNN,Train,O=S(=O)(O)C(F)(F)C(F)(F)C(F)(F)C(F)(F)C(F)(F)C(F)(F)F,-0.6716203965612623,-0.5632012146655521,Monkey,F
VDss,Monkey,F,PFAS + non-PFAS training,vdss_all_aux,"MapLight + GNN (CatBoost, Strict Parity)",MapLight + GNN,True,21,3096,774,6,6,6,0.44806353330842136,0.36982253410273885,0.4035573433795365,ranked among candidates with >= 2 PFAS test rows,Train,Train PFAS,True,vdss_all_aux,"MapLight + GNN (CatBoost, Strict Parity)",MapLight + GNN,Train,O=S(=O)(O)C(F)(F)C(F)(F)C(F)(F)C(F)(F)C(F)(F)C(F)(F)F,-0.7277923294821804,-0.5632012146655521,Monkey,F
VDss,Monkey,F,PFAS + non-PFAS training,vdss_all_aux,"MapLight + GNN (CatBoost, Strict Parity)",MapLight + GNN,True,21,3096,774,6,6,6,0.44806353330842136,0.36982253410273885,0.4035573433795365,ranked among candidates with >= 2 PFAS test rows,Train,Train PFAS,True,vdss_all_aux,"MapLight + GNN (CatBoost, Strict Parity)",MapLight + GNN,Train,O=S(=O)(O)C(F)(F)C(F)(F)C(F)(F)C(F)(F)F,-0.4234464562474807,-0.5103698066862854,Monkey,F
VDss,Monkey,F,PFAS + non-PFAS training,vdss_all_aux,"MapLight + GNN (CatBoost, Strict Parity)",MapLight + GNN,True,21,3096,774,6,6,6,0.44806353330842136,0.36982253410273885,0.4035573433795365,ranked among candidates with >= 2 PFAS test rows,Train,Train PFAS,True,vdss_all_aux,"MapLight + GNN (CatBoost, Strict Parity)",MapLight + GNN,Train,O=C(O)C(F)(F)C(F)(F)C(F)(F)F,-0.7619538968712046,-0.685150237971059,Monkey,F
VDss,Monkey,F,PFAS + non-PFAS training,vdss_all_aux,"MapLight + GNN (CatBoost, Strict Parity)",MapLight + GNN,True,21,3096,774,6,6,6,0.44806353330842136,0.36982253410273885,0.4035573433795365,ranked among candidates with >= 2 PFAS test rows,PFAS test,PFAS test,True,vdss_all_aux,"MapLight + GNN (CatBoost, Strict Parity)",MapLight + GNN,Test,O=C(O)C(F)(F)C(F)(F)C(F)(F)C(F)(F)C(F)(F)C(F)(F)C(F)(F)C(F)(F)C(F)(F)C(F)(F)C(F)(F)C(F)(F)C(F)(F)F,-0.3665315444204135,-0.3589422691567397,Monkey,F
VDss,Monkey,F,PFAS + non-PFAS training,vdss_all_aux,"MapLight + GNN (CatBoost, Strict Parity)",MapLight + GNN,True,21,3096,774,6,6,6,0.44806353330842136,0.36982253410273885,0.4035573433795365,ranked among candidates with >= 2 PFAS test rows,PFAS test,PFAS test,True,vdss_all_aux,"MapLight + GNN (CatBoost, Strict Parity)",MapLight + GNN,Test,O=C(O)C(F)(F)C(F)(F)C(F)(F)C(F)(F)C(F)(F)C(F)(F)F,-1.096910013008056,-0.6672977556531803,Monkey,F
VDss,Monkey,F,PFAS + non-PFAS training,vdss_all_aux,"MapLight + GNN (CatBoost, Strict Parity)",MapLight + GNN,True,21,3096,774,6,6,6,0.44806353330842136,0.36982253410273885,0.4035573433795365,ranked among candidates with >= 2 PFAS test rows,PFAS test,PFAS test,True,vdss_all_aux,"MapLight + GNN (CatBoost, Strict Parity)",MapLight + GNN,Test,O=C(O)C(F)(F)C(F)(F)C(F)(F)C(F)(F)C(F)(F)C(F)(F)C(F)(F)C(F)(F)C(F)(F)C(F)(F)C(F)(F)C(F)(F)C(F)(F)F,-0.5228787452803376,-0.3589422691567397,Monkey,F
VDss,Monkey,F,PFAS + non-PFAS training,vdss_all_aux,"MapLight + GNN (CatBoost, Strict Parity)",MapLight + GNN,True,21,3096,774,6,6,6,0.44806353330842136,0.36982253410273885,0.4035573433795365,ranked among candidates with >= 2 PFAS test rows,PFAS test,PFAS test,True,vdss_all_aux,"MapLight + GNN (CatBoost, Strict Parity)",MapLight + GNN,Test,CC(C)(C(=O)O)c1ccc(C(=O)CCCN2CCC(OC(c3ccccc3)c3ccccc3)CC2)cc1,-0.3872161432802645,-0.1061120458218356,Monkey,F
VDss,Monkey,F,PFAS + non-PFAS training,vdss_all_aux,"MapLight + GNN (CatBoost, Strict Parity)",MapLight + GNN,True,21,3096,774,6,6,6,0.44806353330842136,0.36982253410273885,0.4035573433795365,ranked among candidates with >= 2 PFAS test rows,PFAS test,PFAS test,True,vdss_all_aux,"MapLight + GNN (CatBoost, Strict Parity)",MapLight + GNN,Test,CC(C)(C)c1nc(-c2cccc(NS(=O)(=O)c3c(F)cccc3F)c2F)c(-c2ccnc(N)n2)s1,-0.1870866433571444,0.3795928290059464,Monkey,F
VDss,Monkey,F,PFAS + non-PFAS training,vdss_all_aux,"MapLight + GNN (CatBoost, Strict Parity)",MapLight + GNN,True,21,3096,774,6,6,6,0.44806353330842136,0.36982253410273885,0.4035573433795365,ranked among candidates with >= 2 PFAS test rows,PFAS test,PFAS test,True,vdss_all_aux,"MapLight + GNN (CatBoost, Strict Parity)",MapLight + GNN,Test,CCOc1ccc2c(c1)C1(CCC(OCCN3CCOCC3)CC1)C(=O)N2S(=O)(=O)c1ccc(C(=O)NC(C)(C)C)cc1OC,0.8450980400142568,0.0750844139614905,Monkey,F
VDss,Monkey,M,PFAS + non-PFAS training,vdss_all_aux,"MapLight + GNN (CatBoost, Strict Parity)",MapLight + GNN,True,21,3096,774,6,6,6,0.5216215282038837,0.4301862081635661,0.7622608598868986,ranked among candidates with >= 2 PFAS test rows,Train,Train PFAS,True,vdss_all_aux,"MapLight + GNN (CatBoost, Strict Parity)",MapLight + GNN,Train,O=C(O)C(F)(F)C(F)(F)C(F)(F)C(F)(F)C(F)(F)C(F)(F)C(F)(F)C(F)(F)C(F)(F)F,-0.6020599913279624,-0.5617420358713641,Monkey,M
VDss,Monkey,M,PFAS + non-PFAS training,vdss_all_aux,"MapLight + GNN (CatBoost, Strict Parity)",MapLight + GNN,True,21,3096,774,6,6,6,0.5216215282038837,0.4301862081635661,0.7622608598868986,ranked among candidates with >= 2 PFAS test rows,Train,Train PFAS,True,vdss_all_aux,"MapLight + GNN (CatBoost, Strict Parity)",MapLight + GNN,Train,O=C(O)C(F)(F)C(F)(F)C(F)(F)C(F)(F)C(F)(F)C(F)(F)C(F)(F)F,-0.744727494896694,-0.6697879867022761,Monkey,M
VDss,Monkey,M,PFAS + non-PFAS training,vdss_all_aux,"MapLight + GNN (CatBoost, Strict Parity)",MapLight + GNN,True,21,3096,774,6,6,6,0.5216215282038837,0.4301862081635661,0.7622608598868986,ranked among candidates with >= 2 PFAS test rows,Train,Train PFAS,True,vdss_all_aux,"MapLight + GNN (CatBoost, Strict Parity)",MapLight + GNN,Train,O=S(=O)(O)C(F)(F)C(F)(F)C(F)(F)C(F)(F)C(F)(F)C(F)(F)C(F)(F)C(F)(F)F,-0.3260580013659122,-0.3457446989227945,Monkey,M
VDss,Monkey,M,PFAS + non-PFAS training,vdss_all_aux,"MapLight + GNN (CatBoost, Strict Parity)",MapLight + GNN,True,21,3096,774,6,6,6,0.5216215282038837,0.4301862081635661,0.7622608598868986,ranked among candidates with >= 2 PFAS test rows,Train,Train PFAS,True,vdss_all_aux,"MapLight + GNN (CatBoost, Strict Parity)",MapLight + GNN,Train,O=C(O)C(F)(F)C(F)(F)C(F)(F)C(F)(F)C(F)(F)C(F)(F)C(F)(F)C(F)(F)C(F)(F)F,-0.4586704223333063,-0.56088264428416,Monkey,M
VDss,Monkey,M,PFAS + non-PFAS training,vdss_all_aux,"MapLight + GNN (CatBoost, Strict Parity)",MapLight + GNN,True,21,3096,774,6,6,6,0.5216215282038837,0.4301862081635661,0.7622608598868986,ranked among candidates with >= 2 PFAS test rows,Train,Train PFAS,True,vdss_all_aux,"MapLight + GNN (CatBoost, Strict Parity)",MapLight + GNN,Train,O=C(O)C(F)(F)C(F)(F)C(F)(F)C(F)(F)C(F)(F)C(F)(F)C(F)(F)C(F)(F)F,-0.5422694517540017,-0.6242371382835079,Monkey,M
VDss,Monkey,M,PFAS + non-PFAS training,vdss_all_aux,"MapLight + GNN (CatBoost, Strict Parity)",MapLight + GNN,True,21,3096,774,6,6,6,0.5216215282038837,0.4301862081635661,0.7622608598868986,ranked among candidates with >= 2 PFAS test rows,Train,Train PFAS,True,vdss_all_aux,"MapLight + GNN (CatBoost, Strict Parity)",MapLight + GNN,Train,O=C(O)C(F)(F)C(F)(F)C(F)(F)C(F)(F)C(F)(F)C(F)(F)C(F)(F)F,-0.4699284311626218,-0.6697879867022761,Monkey,M
VDss,Monkey,M,PFAS + non-PFAS training,vdss_all_aux,"MapLight + GNN (CatBoost, Strict Parity)",MapLight + GNN,True,21,3096,774,6,6,6,0.5216215282038837,0.4301862081635661,0.7622608598868986,ranked among candidates with >= 2 PFAS test rows,PFAS test,PFAS test,True,vdss_all_aux,"MapLight + GNN (CatBoost, Strict Parity)",MapLight + GNN,Test,O=C(O)C(F)(F)C(F)(F)C(F)(F)C(F)(F)C(F)(F)C(F)(F)C(F)(F)C(F)(F)C(F)(F)C(F)(F)C(F)(F)C(F)(F)C(F)(F)F,-0.2596373105057561,-0.3589422691567397,Monkey,M
VDss,Monkey,M,PFAS + non-PFAS training,vdss_all_aux,"MapLight + GNN (CatBoost, Strict Parity)",MapLight + GNN,True,21,3096,774,6,6,6,0.5216215282038837,0.4301862081635661,0.7622608598868986,ranked among candidates with >= 2 PFAS test rows,PFAS test,PFAS test,True,vdss_all_aux,"MapLight + GNN (CatBoost, Strict Parity)",MapLight + GNN,Test,O=C(O)C(F)(F)C(F)(F)C(F)(F)C(F)(F)C(F)(F)C(F)(F)F,-1.154901959985743,-0.6672977556531803,Monkey,M
VDss,Monkey,M,PFAS + non-PFAS training,vdss_all_aux,"MapLight + GNN (CatBoost, Strict Parity)",MapLight + GNN,True,21,3096,774,6,6,6,0.5216215282038837,0.4301862081635661,0.7622608598868986,ranked among candidates with >= 2 PFAS test rows,PFAS test,PFAS test,True,vdss_all_aux,"MapLight + GNN (CatBoost, Strict Parity)",MapLight + GNN,Test,O=C(O)C(F)(F)C(F)(F)C(F)(F)C(F)(F)C(F)(F)F,0.1398790864012365,-0.6713905150111664,Monkey,M
VDss,Monkey,M,PFAS + non-PFAS training,vdss_all_aux,"MapLight + GNN (CatBoost, Strict Parity)",MapLight + GNN,True,21,3096,774,6,6,6,0.5216215282038837,0.4301862081635661,0.7622608598868986,ranked among candidates with >= 2 PFAS test rows,PFAS test,PFAS test,True,vdss_all_aux,"MapLight + GNN (CatBoost, Strict Parity)",MapLight + GNN,Test,COc1cccc2c1C(=O)c1c(O)c3c(c(O)c1C2=O)CC(O)(C(=O)CO)CC3OC1CC(N)C(I)C(C)O1,1.72916478969277,0.9337807307400258,Monkey,M
VDss,Monkey,M,PFAS + non-PFAS training,vdss_all_aux,"MapLight + GNN (CatBoost, Strict Parity)",MapLight + GNN,True,21,3096,774,6,6,6,0.5216215282038837,0.4301862081635661,0.7622608598868986,ranked among candidates with >= 2 PFAS test rows,PFAS test,PFAS test,True,vdss_all_aux,"MapLight + GNN (CatBoost, Strict Parity)",MapLight + GNN,Test,COc1cccc2c1C(=O)c1c(O)c3c(c(O)c1C2=O)CC(O)(C(=O)CO)CC3OC1CC(N)C(OC2CCCCO2)C(C)O1,1.635483746814912,1.34418373309196,Monkey,M
VDss,Monkey,M,PFAS + non-PFAS training,vdss_all_aux,"MapLight + GNN (CatBoost, Strict Parity)",MapLight + GNN,True,21,3096,774,6,6,6,0.5216215282038837,0.4301862081635661,0.7622608598868986,ranked among candidates with >= 2 PFAS test rows,PFAS test,PFAS test,True,vdss_all_aux,"MapLight + GNN (CatBoost, Strict Parity)",MapLight + GNN,Test,CNC1C(OC2C(OC3C(O)C(O)C(NC(=N)N)C(O)C3NC(=N)N)OC(C)C2(O)C=O)OC(CO)C(O)C1O,-0.4685210829577449,-0.3722666710479937,Monkey,M
VDss,Mouse,F,PFAS-only training,vdss_pfas_struct,CFA (Combinatorial Fusion),cfa,True,19,126,21,20,20,3,0.13057834742826516,0.08310785169590694,0.5586742176161477,ranked among candidates with >= 2 PFAS test rows,Train,Train PFAS,True,vdss_pfas_struct,CFA (Combinatorial Fusion),cfa,Train,O=C(O)C(F)(F)C(F)(F)C(F)(F)C(F)(F)C(F)(F)C(F)(F)C(F)(F)C(F)(F)C(F)(F)C(F)(F)C(F)(F)C(F)(F)C(F)(F)F,-0.3665315444204135,-0.3816361901878729,Mouse,F
VDss,Mouse,F,PFAS-only training,vdss_pfas_struct,CFA (Combinatorial Fusion),cfa,True,19,126,21,20,20,3,0.13057834742826516,0.08310785169590694,0.5586742176161477,ranked among candidates with >= 2 PFAS test rows,Train,Train PFAS,True,vdss_pfas_struct,CFA (Combinatorial Fusion),cfa,Train,O=C(O)C(F)(F)C(F)(F)C(F)(F)C(F)(F)C(F)(F)C(F)(F)C(F)(F)C(F)(F)C(F)(F)C(F)(F)C(F)(F)C(F)(F)F,-0.3665315444204135,-0.3816048356117217,Mouse,F
VDss,Mouse,F,PFAS-only training,vdss_pfas_struct,CFA (Combinatorial Fusion),cfa,True,19,126,21,20,20,3,0.13057834742826516,0.08310785169590694,0.5586742176161477,ranked among candidates with >= 2 PFAS test rows,Train,Train PFAS,True,vdss_pfas_struct,CFA (Combinatorial Fusion),cfa,Train,O=C(O)C(F)(F)C(F)(F)C(F)(F)C(F)(F)C(F)(F)C(F)(F)C(F)(F)C(F)(F)C(F)(F)C(F)(F)F,-0.5528419686577808,-0.5536783577929937,Mouse,F
VDss,Mouse,F,PFAS-only training,vdss_pfas_struct,CFA (Combinatorial Fusion),cfa,True,19,126,21,20,20,3,0.13057834742826516,0.08310785169590694,0.5586742176161477,ranked among candidates with >= 2 PFAS test rows,Train,Train PFAS,True,vdss_pfas_struct,CFA (Combinatorial Fusion),cfa,Train,O=C(O)C(F)(F)C(F)(F)C(F)(F)C(F)(F)C(F)(F)C(F)(F)C(F)(F)C(F)(F)C(F)(F)F,-0.6989700043360187,-0.6664825671849174,Mouse,F
VDss,Mouse,F,PFAS-only training,vdss_pfas_struct,CFA (Combinatorial Fusion),cfa,True,19,126,21,20,20,3,0.13057834742826516,0.08310785169590694,0.5586742176161477,ranked among candidates with >= 2 PFAS test rows,Train,Train PFAS,True,vdss_pfas_struct,CFA (Combinatorial Fusion),cfa,Train,O=C(O)C(F)(F)C(F)(F)C(F)(F)C(F)(F)C(F)(F)C(F)(F)C(F)(F)C(F)(F)F,-0.8239087409443188,-0.7667373844911127,Mouse,F
VDss,Mouse,F,PFAS-only training,vdss_pfas_struct,CFA (Combinatorial Fusion),cfa,True,19,126,21,20,20,3,0.13057834742826516,0.08310785169590694,0.5586742176161477,ranked among candidates with >= 2 PFAS test rows,Train,Train PFAS,True,vdss_pfas_struct,CFA (Combinatorial Fusion),cfa,Train,O=C(O)C(F)(F)C(F)(F)C(F)(F)C(F)(F)C(F)(F)C(F)(F)C(F)(F)F,-0.8239087409443188,-0.7825320472951969,Mouse,F
VDss,Mouse,F,PFAS-only training,vdss_pfas_struct,CFA (Combinatorial Fusion),cfa,True,19,126,21,20,20,3,0.13057834742826516,0.08310785169590694,0.5586742176161477,ranked among candidates with >= 2 PFAS test rows,Train,Train PFAS,True,vdss_pfas_struct,CFA (Combinatorial Fusion),cfa,Train,O=C(O)C(F)(F)C(F)(F)C(F)(F)C(F)(F)C(F)(F)C(F)(F)F,-1.096910013008056,-1.0078694817111258,Mouse,F
VDss,Mouse,F,PFAS-only training,vdss_pfas_struct,CFA (Combinatorial Fusion),cfa,True,19,126,21,20,20,3,0.13057834742826516,0.08310785169590694,0.5586742176161477,ranked among candidates with >= 2 PFAS test rows,Train,Train PFAS,True,vdss_pfas_struct,CFA (Combinatorial Fusion),cfa,Train,O=C(O)C(F)(F)C(F)(F)C(F)(F)C(F)(F)C(F)(F)C(F)(F)C(F)(F)C(F)(F)C(F)(F)C(F)(F)C(F)(F)C(F)(F)C(F)(F)F,-0.5228787452803376,-0.4812839034912004,Mouse,F
VDss,Mouse,F,PFAS-only training,vdss_pfas_struct,CFA (Combinatorial Fusion),cfa,True,19,126,21,20,20,3,0.13057834742826516,0.08310785169590694,0.5586742176161477,ranked among candidates with >= 2 PFAS test rows,Train,Train PFAS,True,vdss_pfas_struct,CFA (Combinatorial Fusion),cfa,Train,O=C(O)C(F)(F)C(F)(F)C(F)(F)C(F)(F)C(F)(F)F,0.3909351071033791,0.2138862465263141,Mouse,F
VDss,Mouse,F,PFAS-only training,vdss_pfas_struct,CFA (Combinatorial Fusion),cfa,True,19,126,21,20,20,3,0.13057834742826516,0.08310785169590694,0.5586742176161477,ranked among candidates with >= 2 PFAS test rows,Train,Train PFAS,True,vdss_pfas_struct,CFA (Combinatorial Fusion),cfa,Train,O=C(O)C(F)(F)C(F)(F)C(F)(F)F,-0.8352028366838599,-0.7823234213602389,Mouse,F
VDss,Mouse,F,PFAS-only training,vdss_pfas_struct,CFA (Combinatorial Fusion),cfa,True,19,126,21,20,20,3,0.13057834742826516,0.08310785169590694,0.5586742176161477,ranked among candidates with >= 2 PFAS test rows,Train,Train PFAS,True,vdss_pfas_struct,CFA (Combinatorial Fusion),cfa,Train,O=S(=O)(O)C(F)(F)C(F)(F)C(F)(F)C(F)(F)F,-0.5559552040819237,-0.5215823645487766,Mouse,F
VDss,Mouse,F,PFAS-only training,vdss_pfas_struct,CFA (Combinatorial Fusion),cfa,True,19,126,21,20,20,3,0.13057834742826516,0.08310785169590694,0.5586742176161477,ranked among candidates with >= 2 PFAS test rows,Train,Train PFAS,True,vdss_pfas_struct,CFA (Combinatorial Fusion),cfa,Train,O=C(O)C(F)(F)C(F)(F)C(F)(F)C(F)(F)C(F)(F)C(F)(F)C(F)(F)C(F)(F)C(F)(F)C(F)(F)C(F)(F)C(F)(F)C(F)(F)F,-0.4447051448503755,-0.4120155997797856,Mouse,F
VDss,Mouse,F,PFAS-only training,vdss_pfas_struct,CFA (Combinatorial Fusion),cfa,True,19,126,21,20,20,3,0.13057834742826516,0.08310785169590694,0.5586742176161477,ranked among candidates with >= 2 PFAS test rows,Train,Train PFAS,True,vdss_pfas_struct,CFA (Combinatorial Fusion),cfa,Train,O=C(O)C(F)(F)C(F)(F)C(F)(F)C(F)(F)C(F)(F)C(F)(F)C(F)(F)C(F)(F)C(F)(F)C(F)(F)C(F)(F)C(F)(F)F,-0.3665315444204135,-0.3871549818170894,Mouse,F
VDss,Mouse,F,PFAS-only training,vdss_pfas_struct,CFA (Combinatorial Fusion),cfa,True,19,126,21,20,20,3,0.13057834742826516,0.08310785169590694,0.5586742176161477,ranked among candidates with >= 2 PFAS test rows,Train,Train PFAS,True,vdss_pfas_struct,CFA (Combinatorial Fusion),cfa,Train,O=C(O)C(F)(F)C(F)(F)C(F)(F)C(F)(F)C(F)(F)C(F)(F)C(F)(F)C(F)(F)C(F)(F)C(F)(F)F,-0.5528419686577808,-0.5552563352687866,Mouse,F
VDss,Mouse,F,PFAS-only training,vdss_pfas_struct,CFA (Combinatorial Fusion),cfa,True,19,126,21,20,20,3,0.13057834742826516,0.08310785169590694,0.5586742176161477,ranked among candidates with >= 2 PFAS test rows,Train,Train PFAS,True,vdss_pfas_struct,CFA (Combinatorial Fusion),cfa,Train,O=C(O)C(F)(F)C(F)(F)C(F)(F)C(F)(F)C(F)(F)C(F)(F)C(F)(F)C(F)(F)C(F)(F)F,-0.6989700043360187,-0.6676140173007343,Mouse,F
VDss,Mouse,F,PFAS-only training,vdss_pfas_struct,CFA (Combinatorial Fusion),cfa,True,19,126,21,20,20,3,0.13057834742826516,0.08310785169590694,0.5586742176161477,ranked among candidates with >= 2 PFAS test rows,Train,Train PFAS,True,vdss_pfas_struct,CFA (Combinatorial Fusion),cfa,Train,O=C(O)C(F)(F)C(F)(F)C(F)(F)C(F)(F)C(F)(F)C(F)(F)C(F)(F)C(F)(F)F,-0.8239087409443188,-0.7511676540113132,Mouse,F
VDss,Mouse,F,PFAS-only training,vdss_pfas_struct,CFA (Combinatorial Fusion),cfa,True,19,126,21,20,20,3,0.13057834742826516,0.08310785169590694,0.5586742176161477,ranked among candidates with >= 2 PFAS test rows,Train,Train PFAS,True,vdss_pfas_struct,CFA (Combinatorial Fusion),cfa,Train,O=C(O)C(F)(F)C(F)(F)C(F)(F)C(F)(F)C(F)(F)C(F)(F)C(F)(F)F,-0.8239087409443188,-0.7993989032221422,Mouse,F
VDss,Mouse,F,PFAS-only training,vdss_pfas_struct,CFA (Combinatorial Fusion),cfa,True,19,126,21,20,20,3,0.13057834742826516,0.08310785169590694,0.5586742176161477,ranked among candidates with >= 2 PFAS test rows,Train,Train PFAS,True,vdss_pfas_struct,CFA (Combinatorial Fusion),cfa,Train,O=C(O)C(F)(F)C(F)(F)C(F)(F)C(F)(F)C(F)(F)C(F)(F)F,-1.096910013008056,-1.005634649089771,Mouse,F
VDss,Mouse,F,PFAS-only training,vdss_pfas_struct,CFA (Combinatorial Fusion),cfa,True,19,126,21,20,20,3,0.13057834742826516,0.08310785169590694,0.5586742176161477,ranked among candidates with >= 2 PFAS test rows,Train,Train PFAS,True,vdss_pfas_struct,CFA (Combinatorial Fusion),cfa,Train,O=C(O)C(F)(F)C(F)(F)C(F)(F)F,-0.8278919805366982,-0.7844290616189178,Mouse,F
VDss,Mouse,F,PFAS-only training,vdss_pfas_struct,CFA (Combinatorial Fusion),cfa,True,19,126,21,20,20,3,0.13057834742826516,0.08310785169590694,0.5586742176161477,ranked among candidates with >= 2 PFAS test rows,Train,Train PFAS,True,vdss_pfas_struct,CFA (Combinatorial Fusion),cfa,Train,O=S(=O)(O)C(F)(F)C(F)(F)C(F)(F)C(F)(F)C(F)(F)C(F)(F)C(F)(F)C(F)(F)F,0.1492191126553799,-0.1565898512152194,Mouse,F
VDss,Mouse,F,PFAS-only training,vdss_pfas_struct,CFA (Combinatorial Fusion),cfa,True,19,126,21,20,20,3,0.13057834742826516,0.08310785169590694,0.5586742176161477,ranked among candidates with >= 2 PFAS test rows,PFAS test,PFAS test,True,vdss_pfas_struct,CFA (Combinatorial Fusion),cfa,Test,O=C(O)C(F)(F)C(F)(F)C(F)(F)C(F)(F)C(F)(F)C(F)(F)C(F)(F)C(F)(F)C(F)(F)C(F)(F)C(F)(F)F,-0.4559319556497244,-0.4411977807864832,Mouse,F
VDss,Mouse,F,PFAS-only training,vdss_pfas_struct,CFA (Combinatorial Fusion),cfa,True,19,126,21,20,20,3,0.13057834742826516,0.08310785169590694,0.5586742176161477,ranked among candidates with >= 2 PFAS test rows,PFAS test,PFAS test,True,vdss_pfas_struct,CFA (Combinatorial Fusion),cfa,Test,O=C(O)C(F)(F)C(F)(F)F,-0.8728952016351923,-0.6473902303909435,Mouse,F
VDss,Mouse,F,PFAS-only training,vdss_pfas_struct,CFA (Combinatorial Fusion),cfa,True,19,126,21,20,20,3,0.13057834742826516,0.08310785169590694,0.5586742176161477,ranked among candidates with >= 2 PFAS test rows,PFAS test,PFAS test,True,vdss_pfas_struct,CFA (Combinatorial Fusion),cfa,Test,O=C(O)C(F)(F)C(F)(F)C(F)(F)C(F)(F)C(F)(F)C(F)(F)C(F)(F)C(F)(F)C(F)(F)C(F)(F)C(F)(F)F,-0.4559319556497244,-0.4468475466694936,Mouse,F
VDss,Mouse,M,PFAS-only training,vdss_pfas_struct,CFA (Combinatorial Fusion),cfa,True,19,126,21,18,18,3,0.11881968395519027,0.11679280576664662,0.6716988000185025,ranked among candidates with >= 2 PFAS test rows,Train,Train PFAS,True,vdss_pfas_struct,CFA (Combinatorial Fusion),cfa,Train,O=C(O)C(F)(F)C(F)(F)C(F)(F)C(F)(F)C(F)(F)C(F)(F)C(F)(F)C(F)(F)C(F)(F)C(F)(F)C(F)(F)C(F)(F)C(F)(F)F,-0.2596373105057561,-0.2592164902448592,Mouse,M
VDss,Mouse,M,PFAS-only training,vdss_pfas_struct,CFA (Combinatorial Fusion),cfa,True,19,126,21,18,18,3,0.11881968395519027,0.11679280576664662,0.6716988000185025,ranked among candidates with >= 2 PFAS test rows,Train,Train PFAS,True,vdss_pfas_struct,CFA (Combinatorial Fusion),cfa,Train,O=C(O)C(F)(F)C(F)(F)C(F)(F)C(F)(F)C(F)(F)C(F)(F)C(F)(F)C(F)(F)C(F)(F)C(F)(F)C(F)(F)C(F)(F)F,-0.2365720064370627,-0.2931291789028708,Mouse,M
VDss,Mouse,M,PFAS-only training,vdss_pfas_struct,CFA (Combinatorial Fusion),cfa,True,19,126,21,18,18,3,0.11881968395519027,0.11679280576664662,0.6716988000185025,ranked among candidates with >= 2 PFAS test rows,Train,Train PFAS,True,vdss_pfas_struct,CFA (Combinatorial Fusion),cfa,Train,O=C(O)C(F)(F)C(F)(F)C(F)(F)C(F)(F)C(F)(F)C(F)(F)C(F)(F)C(F)(F)C(F)(F)C(F)(F)F,-0.4814860601221125,-0.4792499836456162,Mouse,M
VDss,Mouse,M,PFAS-only training,vdss_pfas_struct,CFA (Combinatorial Fusion),cfa,True,19,126,21,18,18,3,0.11881968395519027,0.11679280576664662,0.6716988000185025,ranked among candidates with >= 2 PFAS test rows,Train,Train PFAS,True,vdss_pfas_struct,CFA (Combinatorial Fusion),cfa,Train,O=C(O)C(F)(F)C(F)(F)C(F)(F)C(F)(F)C(F)(F)C(F)(F)C(F)(F)C(F)(F)C(F)(F)F,-0.6020599913279624,-0.5958941544407732,Mouse,M
VDss,Mouse,M,PFAS-only training,vdss_pfas_struct,CFA (Combinatorial Fusion),cfa,True,19,126,21,18,18,3,0.11881968395519027,0.11679280576664662,0.6716988000185025,ranked among candidates with >= 2 PFAS test rows,Train,Train PFAS,True,vdss_pfas_struct,CFA (Combinatorial Fusion),cfa,Train,O=C(O)C(F)(F)C(F)(F)C(F)(F)C(F)(F)C(F)(F)C(F)(F)C(F)(F)C(F)(F)F,-0.6575773191777937,-0.668887861255034,Mouse,M
VDss,Mouse,M,PFAS-only training,vdss_pfas_struct,CFA (Combinatorial Fusion),cfa,True,19,126,21,18,18,3,0.11881968395519027,0.11679280576664662,0.6716988000185025,ranked among candidates with >= 2 PFAS test rows,Train,Train PFAS,True,vdss_pfas_struct,CFA (Combinatorial Fusion),cfa,Train,O=C(O)C(F)(F)C(F)(F)C(F)(F)C(F)(F)C(F)(F)C(F)(F)C(F)(F)F,-0.744727494896694,-0.7196571833434997,Mouse,M
VDss,Mouse,M,PFAS-only training,vdss_pfas_struct,CFA (Combinatorial Fusion),cfa,True,19,126,21,18,18,3,0.11881968395519027,0.11679280576664662,0.6716988000185025,ranked among candidates with >= 2 PFAS test rows,Train,Train PFAS,True,vdss_pfas_struct,CFA (Combinatorial Fusion),cfa,Train,O=C(O)C(F)(F)C(F)(F)C(F)(F)C(F)(F)C(F)(F)C(F)(F)F,-1.154901959985743,-1.0227362033551426,Mouse,M
VDss,Mouse,M,PFAS-only training,vdss_pfas_struct,CFA (Combinatorial Fusion),cfa,True,19,126,21,18,18,3,0.11881968395519027,0.11679280576664662,0.6716988000185025,ranked among candidates with >= 2 PFAS test rows,Train,Train PFAS,True,vdss_pfas_struct,CFA (Combinatorial Fusion),cfa,Train,O=C(O)C(F)(F)C(F)(F)C(F)(F)C(F)(F)C(F)(F)F,0.1398790864012365,0.1796004504089115,Mouse,M
VDss,Mouse,M,PFAS-only training,vdss_pfas_struct,CFA (Combinatorial Fusion),cfa,True,19,126,21,18,18,3,0.11881968395519027,0.11679280576664662,0.6716988000185025,ranked among candidates with >= 2 PFAS test rows,Train,Train PFAS,True,vdss_pfas_struct,CFA (Combinatorial Fusion),cfa,Train,O=C(O)C(F)(F)C(F)(F)C(F)(F)F,-0.6769647851797904,-0.7213827411783416,Mouse,M
VDss,Mouse,M,PFAS-only training,vdss_pfas_struct,CFA (Combinatorial Fusion),cfa,True,19,126,21,18,18,3,0.11881968395519027,0.11679280576664662,0.6716988000185025,ranked among candidates with >= 2 PFAS test rows,Train,Train PFAS,True,vdss_pfas_struct,CFA (Combinatorial Fusion),cfa,Train,O=C(O)C(F)(F)C(F)(F)C(F)(F)C(F)(F)C(F)(F)C(F)(F)C(F)(F)C(F)(F)C(F)(F)C(F)(F)C(F)(F)C(F)(F)C(F)(F)F,-0.2596373105057561,-0.2602795204759088,Mouse,M
VDss,Mouse,M,PFAS-only training,vdss_pfas_struct,CFA (Combinatorial Fusion),cfa,True,19,126,21,18,18,3,0.11881968395519027,0.11679280576664662,0.6716988000185025,ranked among candidates with >= 2 PFAS test rows,Train,Train PFAS,True,vdss_pfas_struct,CFA (Combinatorial Fusion),cfa,Train,O=C(O)C(F)(F)C(F)(F)C(F)(F)C(F)(F)C(F)(F)C(F)(F)C(F)(F)C(F)(F)C(F)(F)C(F)(F)C(F)(F)C(F)(F)F,-0.2365720064370627,-0.2941922091339204,Mouse,M
VDss,Mouse,M,PFAS-only training,vdss_pfas_struct,CFA (Combinatorial Fusion),cfa,True,19,126,21,18,18,3,0.11881968395519027,0.11679280576664662,0.6716988000185025,ranked among candidates with >= 2 PFAS test rows,Train,Train PFAS,True,vdss_pfas_struct,CFA (Combinatorial Fusion),cfa,Train,O=C(O)C(F)(F)C(F)(F)C(F)(F)C(F)(F)C(F)(F)C(F)(F)C(F)(F)C(F)(F)C(F)(F)C(F)(F)F,-0.4814860601221125,-0.4802775225868563,Mouse,M
VDss,Mouse,M,PFAS-only training,vdss_pfas_struct,CFA (Combinatorial Fusion),cfa,True,19,126,21,18,18,3,0.11881968395519027,0.11679280576664662,0.6716988000185025,ranked among candidates with >= 2 PFAS test rows,Train,Train PFAS,True,vdss_pfas_struct,CFA (Combinatorial Fusion),cfa,Train,O=C(O)C(F)(F)C(F)(F)C(F)(F)C(F)(F)C(F)(F)C(F)(F)C(F)(F)C(F)(F)C(F)(F)F,-0.6020599913279624,-0.5962371080962272,Mouse,M
VDss,Mouse,M,PFAS-only training,vdss_pfas_struct,CFA (Combinatorial Fusion),cfa,True,19,126,21,18,18,3,0.11881968395519027,0.11679280576664662,0.6716988000185025,ranked among candidates with >= 2 PFAS test rows,Train,Train PFAS,True,vdss_pfas_struct,CFA (Combinatorial Fusion),cfa,Train,O=C(O)C(F)(F)C(F)(F)C(F)(F)C(F)(F)C(F)(F)C(F)(F)C(F)(F)C(F)(F)F,-0.6575773191777937,-0.6687155912122339,Mouse,M
VDss,Mouse,M,PFAS-only training,vdss_pfas_struct,CFA (Combinatorial Fusion),cfa,True,19,126,21,18,18,3,0.11881968395519027,0.11679280576664662,0.6716988000185025,ranked among candidates with >= 2 PFAS test rows,Train,Train PFAS,True,vdss_pfas_struct,CFA (Combinatorial Fusion),cfa,Train,O=C(O)C(F)(F)C(F)(F)C(F)(F)C(F)(F)C(F)(F)C(F)(F)C(F)(F)F,-0.744727494896694,-0.7194168188375006,Mouse,M
VDss,Mouse,M,PFAS-only training,vdss_pfas_struct,CFA (Combinatorial Fusion),cfa,True,19,126,21,18,18,3,0.11881968395519027,0.11679280576664662,0.6716988000185025,ranked among candidates with >= 2 PFAS test rows,Train,Train PFAS,True,vdss_pfas_struct,CFA (Combinatorial Fusion),cfa,Train,O=C(O)C(F)(F)C(F)(F)C(F)(F)C(F)(F)C(F)(F)C(F)(F)F,-1.154901959985743,-1.0215903126572257,Mouse,M
VDss,Mouse,M,PFAS-only training,vdss_pfas_struct,CFA (Combinatorial Fusion),cfa,True,19,126,21,18,18,3,0.11881968395519027,0.11679280576664662,0.6716988000185025,ranked among candidates with >= 2 PFAS test rows,Train,Train PFAS,True,vdss_pfas_struct,CFA (Combinatorial Fusion),cfa,Train,O=C(O)C(F)(F)C(F)(F)C(F)(F)F,-0.6769647851797904,-0.718660955857492,Mouse,M
VDss,Mouse,M,PFAS-only training,vdss_pfas_struct,CFA (Combinatorial Fusion),cfa,True,19,126,21,18,18,3,0.11881968395519027,0.11679280576664662,0.6716988000185025,ranked among candidates with >= 2 PFAS test rows,Train,Train PFAS,True,vdss_pfas_struct,CFA (Combinatorial Fusion),cfa,Train,O=S(=O)(O)C(F)(F)C(F)(F)C(F)(F)C(F)(F)C(F)(F)C(F)(F)C(F)(F)C(F)(F)F,-0.3260580013659122,-0.2273764151862798,Mouse,M
VDss,Mouse,M,PFAS-only training,vdss_pfas_struct,CFA (Combinatorial Fusion),cfa,True,19,126,21,18,18,3,0.11881968395519027,0.11679280576664662,0.6716988000185025,ranked among candidates with >= 2 PFAS test rows,PFAS test,PFAS test,True,vdss_pfas_struct,CFA (Combinatorial Fusion),cfa,Test,O=C(O)C(F)(F)C(F)(F)C(F)(F)C(F)(F)C(F)(F)C(F)(F)C(F)(F)C(F)(F)C(F)(F)C(F)(F)C(F)(F)F,-0.2441251443275086,-0.3740553180472378,Mouse,M
VDss,Mouse,M,PFAS-only training,vdss_pfas_struct,CFA (Combinatorial Fusion),cfa,True,19,126,21,18,18,3,0.11881968395519027,0.11679280576664662,0.6716988000185025,ranked among candidates with >= 2 PFAS test rows,PFAS test,PFAS test,True,vdss_pfas_struct,CFA (Combinatorial Fusion),cfa,Test,O=C(O)C(F)(F)C(F)(F)F,-0.6840296545430823,-0.5980314258633965,Mouse,M
VDss,Mouse,M,PFAS-only training,vdss_pfas_struct,CFA (Combinatorial Fusion),cfa,True,19,126,21,18,18,3,0.11881968395519027,0.11679280576664662,0.6716988000185025,ranked among candidates with >= 2 PFAS test rows,PFAS test,PFAS test,True,vdss_pfas_struct,CFA (Combinatorial Fusion),cfa,Test,O=C(O)C(F)(F)C(F)(F)C(F)(F)C(F)(F)C(F)(F)C(F)(F)C(F)(F)C(F)(F)C(F)(F)C(F)(F)C(F)(F)F,-0.2441251443275086,-0.3785751592280335,Mouse,M
VDss,Rat,F,PFAS-only training,VDss_pfas_tsca,Tabular CNN,conventional,True,19,62,26,12,12,6,0.366385517498467,0.2913673331212016,-0.25518607393526205,ranked among candidates with >= 2 PFAS test rows,Train,Train PFAS,True,vdss_pfas_tsca,Tabular CNN,conventional,Train,O=C(O)C(F)(F)C(F)(F)C(F)(F)C(F)(F)C(F)(F)C(F)(F)C(F)(F)C(F)(F)C(F)(F)F,-0.355364496231847,-0.5971468687057495,Rat,F
VDss,Rat,F,PFAS-only training,VDss_pfas_tsca,Tabular CNN,conventional,True,19,62,26,12,12,6,0.366385517498467,0.2913673331212016,-0.25518607393526205,ranked among candidates with >= 2 PFAS test rows,Train,Train PFAS,True,vdss_pfas_tsca,Tabular CNN,conventional,Train,O=C(O)C(F)(F)C(F)(F)C(F)(F)C(F)(F)C(F)(F)C(F)(F)C(F)(F)F,-0.6751005029476866,-0.7507636547088623,Rat,F
VDss,Rat,F,PFAS-only training,VDss_pfas_tsca,Tabular CNN,conventional,True,19,62,26,12,12,6,0.366385517498467,0.2913673331212016,-0.25518607393526205,ranked among candidates with >= 2 PFAS test rows,Train,Train PFAS,True,vdss_pfas_tsca,Tabular CNN,conventional,Train,O=C(O)C(F)(F)C(F)(F)C(F)(F)C(F)(F)C(F)(F)C(F)(F)F,-0.6974526275125145,-0.9223393201828004,Rat,F
VDss,Rat,F,PFAS-only training,VDss_pfas_tsca,Tabular CNN,conventional,True,19,62,26,12,12,6,0.366385517498467,0.2913673331212016,-0.25518607393526205,ranked among candidates with >= 2 PFAS test rows,Train,Train PFAS,True,vdss_pfas_tsca,Tabular CNN,conventional,Train,O=S(=O)(O)C(F)(F)C(F)(F)C(F)(F)C(F)(F)C(F)(F)C(F)(F)F,-0.7277923294821804,-0.739474892616272,Rat,F
VDss,Rat,F,PFAS-only training,VDss_pfas_tsca,Tabular CNN,conventional,True,19,62,26,12,12,6,0.366385517498467,0.2913673331212016,-0.25518607393526205,ranked among candidates with >= 2 PFAS test rows,Train,Train PFAS,True,vdss_pfas_tsca,Tabular CNN,conventional,Train,O=S(=O)(O)C(F)(F)C(F)(F)C(F)(F)C(F)(F)F,-0.4234464562474807,-0.4871926605701446,Rat,F
VDss,Rat,F,PFAS-only training,VDss_pfas_tsca,Tabular CNN,conventional,True,19,62,26,12,12,6,0.366385517498467,0.2913673331212016,-0.25518607393526205,ranked among candidates with >= 2 PFAS test rows,Train,Train PFAS,True,vdss_pfas_tsca,Tabular CNN,conventional,Train,O=C(O)C(F)(F)C(F)(F)F,-0.7281583934635011,-0.8472713828086853,Rat,F
VDss,Rat,F,PFAS-only training,VDss_pfas_tsca,Tabular CNN,conventional,True,19,62,26,12,12,6,0.366385517498467,0.2913673331212016,-0.25518607393526205,ranked among candidates with >= 2 PFAS test rows,Train,Train PFAS,True,vdss_pfas_tsca,Tabular CNN,conventional,Train,O=S(=O)(O)C(F)(F)C(F)(F)C(F)(F)C(F)(F)F,-0.4390696698908284,-0.4871926605701446,Rat,F
VDss,Rat,F,PFAS-only training,VDss_pfas_tsca,Tabular CNN,conventional,True,19,62,26,12,12,6,0.366385517498467,0.2913673331212016,-0.25518607393526205,ranked among candidates with >= 2 PFAS test rows,Train,Train PFAS,True,vdss_pfas_tsca,Tabular CNN,conventional,Train,O=C(O)C(F)(F)C(F)(F)C(F)(F)C(F)(F)C(F)(F)C(F)(F)C(F)(F)C(F)(F)C(F)(F)F,-0.355364496231847,-0.5971468687057495,Rat,F
VDss,Rat,F,PFAS-only training,VDss_pfas_tsca,Tabular CNN,conventional,True,19,62,26,12,12,6,0.366385517498467,0.2913673331212016,-0.25518607393526205,ranked among candidates with >= 2 PFAS test rows,Train,Train PFAS,True,vdss_pfas_tsca,Tabular CNN,conventional,Train,O=C(O)C(F)(F)C(F)(F)C(F)(F)C(F)(F)C(F)(F)C(F)(F)C(F)(F)F,-0.6751005029476866,-0.7507636547088623,Rat,F
VDss,Rat,F,PFAS-only training,VDss_pfas_tsca,Tabular CNN,conventional,True,19,62,26,12,12,6,0.366385517498467,0.2913673331212016,-0.25518607393526205,ranked among candidates with >= 2 PFAS test rows,Train,Train PFAS,True,vdss_pfas_tsca,Tabular CNN,conventional,Train,O=C(O)C(F)(F)C(F)(F)C(F)(F)C(F)(F)C(F)(F)C(F)(F)F,-0.6974526275125145,-0.9223393201828004,Rat,F
VDss,Rat,F,PFAS-only training,VDss_pfas_tsca,Tabular CNN,conventional,True,19,62,26,12,12,6,0.366385517498467,0.2913673331212016,-0.25518607393526205,ranked among candidates with >= 2 PFAS test rows,Train,Train PFAS,True,vdss_pfas_tsca,Tabular CNN,conventional,Train,O=S(=O)(O)C(F)(F)C(F)(F)C(F)(F)C(F)(F)C(F)(F)C(F)(F)C(F)(F)C(F)(F)F,-0.2692177243336108,-0.1876979023218155,Rat,F
VDss,Rat,F,PFAS-only training,VDss_pfas_tsca,Tabular CNN,conventional,True,19,62,26,12,12,6,0.366385517498467,0.2913673331212016,-0.25518607393526205,ranked among candidates with >= 2 PFAS test rows,Train,Train PFAS,True,vdss_pfas_tsca,Tabular CNN,conventional,Train,O=S(=O)(O)C(F)(F)C(F)(F)C(F)(F)C(F)(F)C(F)(F)C(F)(F)F,-0.7277923294821804,-0.739474892616272,Rat,F
VDss,Rat,F,PFAS-only training,VDss_pfas_tsca,Tabular CNN,conventional,True,19,62,26,12,12,6,0.366385517498467,0.2913673331212016,-0.25518607393526205,ranked among candidates with >= 2 PFAS test rows,PFAS test,PFAS test,True,vdss_pfas_tsca,Tabular CNN,conventional,Test,O=C(O)C(F)(F)C(F)(F)C(F)(F)C(F)(F)C(F)(F)C(F)(F)C(F)(F)C(F)(F)F,-0.6140364293993027,-0.6462600827217102,Rat,F
VDss,Rat,F,PFAS-only training,VDss_pfas_tsca,Tabular CNN,conventional,True,19,62,26,12,12,6,0.366385517498467,0.2913673331212016,-0.25518607393526205,ranked among candidates with >= 2 PFAS test rows,PFAS test,PFAS test,True,vdss_pfas_tsca,Tabular CNN,conventional,Test,O=C(O)C(F)(F)C(F)(F)C(F)(F)F,-0.7281583934635011,-0.4126339852809906,Rat,F
VDss,Rat,F,PFAS-only training,VDss_pfas_tsca,Tabular CNN,conventional,True,19,62,26,12,12,6,0.366385517498467,0.2913673331212016,-0.25518607393526205,ranked among candidates with >= 2 PFAS test rows,PFAS test,PFAS test,True,vdss_pfas_tsca,Tabular CNN,conventional,Test,O=C(O)C(F)(F)C(F)(F)C(F)(F)C(F)(F)C(F)(F)F,0.1702617153949574,-0.5162284970283508,Rat,F
VDss,Rat,F,PFAS-only training,VDss_pfas_tsca,Tabular CNN,conventional,True,19,62,26,12,12,6,0.366385517498467,0.2913673331212016,-0.25518607393526205,ranked among candidates with >= 2 PFAS test rows,PFAS test,PFAS test,True,vdss_pfas_tsca,Tabular CNN,conventional,Test,O=C(O)C(F)(F)C(F)(F)C(F)(F)F,-0.7619538968712046,-0.4126339852809906,Rat,F
VDss,Rat,F,PFAS-only training,VDss_pfas_tsca,Tabular CNN,conventional,True,19,62,26,12,12,6,0.366385517498467,0.2913673331212016,-0.25518607393526205,ranked among candidates with >= 2 PFAS test rows,PFAS test,PFAS test,True,vdss_pfas_tsca,Tabular CNN,conventional,Test,O=C(O)C(F)(F)C(F)(F)C(F)(F)C(F)(F)C(F)(F)C(F)(F)C(F)(F)C(F)(F)F,-0.6140364293993027,-0.6462600827217102,Rat,F
VDss,Rat,F,PFAS-only training,VDss_pfas_tsca,Tabular CNN,conventional,True,19,62,26,12,12,6,0.366385517498467,0.2913673331212016,-0.25518607393526205,ranked among candidates with >= 2 PFAS test rows,PFAS test,PFAS test,True,vdss_pfas_tsca,Tabular CNN,conventional,Test,O=C(O)C(F)(F)C(F)(F)C(F)(F)F,-0.7450561451673529,-0.4126339852809906,Rat,F
VDss,Rat,M,PFAS-only training,VDss_pfas_tsca,Tabular CNN,conventional,True,19,62,26,12,12,6,0.30573930065617105,0.24805831150249993,-0.26556392015544006,ranked among candidates with >= 2 PFAS test rows,Train,Train PFAS,True,vdss_pfas_tsca,Tabular CNN,conventional,Train,O=C(O)C(F)(F)C(F)(F)C(F)(F)C(F)(F)C(F)(F)C(F)(F)C(F)(F)C(F)(F)C(F)(F)F,-0.4586704223333063,-0.5803356170654297,Rat,M
VDss,Rat,M,PFAS-only training,VDss_pfas_tsca,Tabular CNN,conventional,True,19,62,26,12,12,6,0.30573930065617105,0.24805831150249993,-0.26556392015544006,ranked among candidates with >= 2 PFAS test rows,Train,Train PFAS,True,vdss_pfas_tsca,Tabular CNN,conventional,Train,O=C(O)C(F)(F)C(F)(F)C(F)(F)C(F)(F)C(F)(F)C(F)(F)C(F)(F)F,-0.4699284311626218,-0.6620143055915833,Rat,M
VDss,Rat,M,PFAS-only training,VDss_pfas_tsca,Tabular CNN,conventional,True,19,62,26,12,12,6,0.30573930065617105,0.24805831150249993,-0.26556392015544006,ranked among candidates with >= 2 PFAS test rows,Train,Train PFAS,True,vdss_pfas_tsca,Tabular CNN,conventional,Train,O=C(O)C(F)(F)C(F)(F)C(F)(F)C(F)(F)C(F)(F)C(F)(F)F,-0.7070797003999938,-0.8726205825805664,Rat,M
VDss,Rat,M,PFAS-only training,VDss_pfas_tsca,Tabular CNN,conventional,True,19,62,26,12,12,6,0.30573930065617105,0.24805831150249993,-0.26556392015544006,ranked among candidates with >= 2 PFAS test rows,Train,Train PFAS,True,vdss_pfas_tsca,Tabular CNN,conventional,Train,O=S(=O)(O)C(F)(F)C(F)(F)C(F)(F)C(F)(F)C(F)(F)C(F)(F)F,-0.5606673061697374,-0.6005647778511047,Rat,M
VDss,Rat,M,PFAS-only training,VDss_pfas_tsca,Tabular CNN,conventional,True,19,62,26,12,12,6,0.30573930065617105,0.24805831150249993,-0.26556392015544006,ranked among candidates with >= 2 PFAS test rows,Train,Train PFAS,True,vdss_pfas_tsca,Tabular CNN,conventional,Train,O=S(=O)(O)C(F)(F)C(F)(F)C(F)(F)C(F)(F)F,-0.4814860601221125,-0.4468884170055389,Rat,M
VDss,Rat,M,PFAS-only training,VDss_pfas_tsca,Tabular CNN,conventional,True,19,62,26,12,12,6,0.30573930065617105,0.24805831150249993,-0.26556392015544006,ranked among candidates with >= 2 PFAS test rows,Train,Train PFAS,True,vdss_pfas_tsca,Tabular CNN,conventional,Train,O=C(O)C(F)(F)C(F)(F)F,-0.5968794788241821,-0.7000824809074402,Rat,M
VDss,Rat,M,PFAS-only training,VDss_pfas_tsca,Tabular CNN,conventional,True,19,62,26,12,12,6,0.30573930065617105,0.24805831150249993,-0.26556392015544006,ranked among candidates with >= 2 PFAS test rows,Train,Train PFAS,True,vdss_pfas_tsca,Tabular CNN,conventional,Train,O=S(=O)(O)C(F)(F)C(F)(F)C(F)(F)C(F)(F)F,-0.1700533040583641,-0.4468884170055389,Rat,M
VDss,Rat,M,PFAS-only training,VDss_pfas_tsca,Tabular CNN,conventional,True,19,62,26,12,12,6,0.30573930065617105,0.24805831150249993,-0.26556392015544006,ranked among candidates with >= 2 PFAS test rows,Train,Train PFAS,True,vdss_pfas_tsca,Tabular CNN,conventional,Train,O=C(O)C(F)(F)C(F)(F)C(F)(F)C(F)(F)C(F)(F)C(F)(F)C(F)(F)C(F)(F)C(F)(F)F,-0.4586704223333063,-0.5803356170654297,Rat,M
VDss,Rat,M,PFAS-only training,VDss_pfas_tsca,Tabular CNN,conventional,True,19,62,26,12,12,6,0.30573930065617105,0.24805831150249993,-0.26556392015544006,ranked among candidates with >= 2 PFAS test rows,Train,Train PFAS,True,vdss_pfas_tsca,Tabular CNN,conventional,Train,O=C(O)C(F)(F)C(F)(F)C(F)(F)C(F)(F)C(F)(F)C(F)(F)C(F)(F)F,-0.4699284311626218,-0.6620143055915833,Rat,M
VDss,Rat,M,PFAS-only training,VDss_pfas_tsca,Tabular CNN,conventional,True,19,62,26,12,12,6,0.30573930065617105,0.24805831150249993,-0.26556392015544006,ranked among candidates with >= 2 PFAS test rows,Train,Train PFAS,True,vdss_pfas_tsca,Tabular CNN,conventional,Train,O=C(O)C(F)(F)C(F)(F)C(F)(F)C(F)(F)C(F)(F)C(F)(F)F,-0.7070797003999938,-0.8726205825805664,Rat,M
VDss,Rat,M,PFAS-only training,VDss_pfas_tsca,Tabular CNN,conventional,True,19,62,26,12,12,6,0.30573930065617105,0.24805831150249993,-0.26556392015544006,ranked among candidates with >= 2 PFAS test rows,Train,Train PFAS,True,vdss_pfas_tsca,Tabular CNN,conventional,Train,O=S(=O)(O)C(F)(F)C(F)(F)C(F)(F)C(F)(F)C(F)(F)C(F)(F)C(F)(F)C(F)(F)F,-0.1951793212788377,-0.1582358330488205,Rat,M
VDss,Rat,M,PFAS-only training,VDss_pfas_tsca,Tabular CNN,conventional,True,19,62,26,12,12,6,0.30573930065617105,0.24805831150249993,-0.26556392015544006,ranked among candidates with >= 2 PFAS test rows,Train,Train PFAS,True,vdss_pfas_tsca,Tabular CNN,conventional,Train,O=S(=O)(O)C(F)(F)C(F)(F)C(F)(F)C(F)(F)C(F)(F)C(F)(F)F,-0.5606673061697374,-0.6005647778511047,Rat,M
VDss,Rat,M,PFAS-only training,VDss_pfas_tsca,Tabular CNN,conventional,True,19,62,26,12,12,6,0.30573930065617105,0.24805831150249993,-0.26556392015544006,ranked among candidates with >= 2 PFAS test rows,PFAS test,PFAS test,True,vdss_pfas_tsca,Tabular CNN,conventional,Test,O=C(O)C(F)(F)C(F)(F)C(F)(F)C(F)(F)C(F)(F)C(F)(F)C(F)(F)C(F)(F)F,-0.5422694517540017,-0.5881235599517822,Rat,M
VDss,Rat,M,PFAS-only training,VDss_pfas_tsca,Tabular CNN,conventional,True,19,62,26,12,12,6,0.30573930065617105,0.24805831150249993,-0.26556392015544006,ranked among candidates with >= 2 PFAS test rows,PFAS test,PFAS test,True,vdss_pfas_tsca,Tabular CNN,conventional,Test,O=C(O)C(F)(F)C(F)(F)C(F)(F)F,-0.5968794788241821,-0.363120287656784,Rat,M
VDss,Rat,M,PFAS-only training,VDss_pfas_tsca,Tabular CNN,conventional,True,19,62,26,12,12,6,0.30573930065617105,0.24805831150249993,-0.26556392015544006,ranked among candidates with >= 2 PFAS test rows,PFAS test,PFAS test,True,vdss_pfas_tsca,Tabular CNN,conventional,Test,O=C(O)C(F)(F)C(F)(F)C(F)(F)C(F)(F)C(F)(F)F,0.1172712956557643,-0.4536314606666565,Rat,M
VDss,Rat,M,PFAS-only training,VDss_pfas_tsca,Tabular CNN,conventional,True,19,62,26,12,12,6,0.30573930065617105,0.24805831150249993,-0.26556392015544006,ranked among candidates with >= 2 PFAS test rows,PFAS test,PFAS test,True,vdss_pfas_tsca,Tabular CNN,conventional,Test,O=C(O)C(F)(F)C(F)(F)C(F)(F)F,-0.679853713888946,-0.363120287656784,Rat,M
VDss,Rat,M,PFAS-only training,VDss_pfas_tsca,Tabular CNN,conventional,True,19,62,26,12,12,6,0.30573930065617105,0.24805831150249993,-0.26556392015544006,ranked among candidates with >= 2 PFAS test rows,PFAS test,PFAS test,True,vdss_pfas_tsca,Tabular CNN,conventional,Test,O=C(O)C(F)(F)C(F)(F)C(F)(F)C(F)(F)C(F)(F)C(F)(F)C(F)(F)C(F)(F)F,-0.5422694517540017,-0.5881235003471375,Rat,M
VDss,Rat,M,PFAS-only training,VDss_pfas_tsca,Tabular CNN,conventional,True,19,62,26,12,12,6,0.30573930065617105,0.24805831150249993,-0.26556392015544006,ranked among candidates with >= 2 PFAS test rows,PFAS test,PFAS test,True,vdss_pfas_tsca,Tabular CNN,conventional,Test,O=C(O)C(F)(F)C(F)(F)C(F)(F)F,-0.6383665963565641,-0.3631202578544616,Rat,M
