publication_ensemble_method,task_kind,datasets,wins_dataset,top3_datasets,beats_best_base,ties_best_base,loses_to_best_base,median_rank,mean_rank,median_score_improvement,mean_score_improvement,median_relative_metric_improvement,median_competitive_base_models,top3_fraction,beats_best_base_fraction
OOF stacking,classification,22,7,12,9,0,13,3.0,4.7727272727272725,-0.0033564789242916393,-0.021945526162094196,-0.0034737393970789556,8.5,0.5454545454545454,0.4090909090909091
Inverse-RMSE weighted average,classification,13,4,7,6,0,7,3.0,4.0,-0.0021739130434784704,-0.006149895369246099,-0.0023969319271335003,10.0,0.5384615384615384,0.46153846153846156
CFA fusion,classification,22,1,6,5,0,17,6.0,6.545454545454546,-0.015364474578172915,-0.02398158804920206,-0.019395603285397085,8.5,0.2727272727272727,0.22727272727272727
OOF stacking,regression,22,0,8,2,0,20,5.5,6.0,-0.029225208104331962,-0.9398739282859161,-0.04226964377282882,3.0,0.36363636363636365,0.09090909090909091
Inverse-RMSE weighted average,regression,9,1,7,3,0,6,3.0,2.6666666666666665,-0.0005143735326630997,-0.08111094788627986,-0.014325316516996364,3.0,0.7777777777777778,0.3333333333333333
CFA fusion,regression,22,4,6,4,0,18,7.0,6.590909090909091,-0.03206649050768384,-0.8734276613614024,-0.08183518589997481,3.0,0.2727272727272727,0.18181818181818182
