dataset,dataset_source,n_molecules,n_train,n_test,target_transform,smiles_column,target_column,split_strategy,original_feature_count,selected_feature_count,selector_method,selector_alpha,selector_l1_ratio,selector_n_iter,selector_max_selected_features,model,workflow,cv_r2,cv_rmse,cv_mae,train_r2,train_rmse,train_mae,test_r2,test_rmse,test_mae,model_alpha,model_l1_ratio,elapsed_seconds
fu,C:\Users\Scott.Coffin\OneDrive - California OEHHA\R_new\AutoQSAR\test_data\fu.csv,781,624,157,log10,QSAR_READY_SMILES,TARGET,target_quartiles,6528,79,elasticnet_cv,0.1,0.1,192,79,ElasticNetCV,conventional,0.6345373684653708,0.453493542939526,0.3432971273883737,0.7876299736493622,0.3491282704468189,0.2757221232294549,0.33795501082215795,0.642047729764045,0.47709877376611215,0.007017038286703823,0.4,91.17
fu,C:\Users\Scott.Coffin\OneDrive - California OEHHA\R_new\AutoQSAR\test_data\fu.csv,781,624,157,log10,QSAR_READY_SMILES,TARGET,target_quartiles,6528,79,elasticnet_cv,0.1,0.1,192,79,SVR,conventional,0.5385200759910154,0.510332075581602,0.37238025818802123,0.9550532250655785,0.16061558140412235,0.11774544914909878,0.31990269624648227,0.650742377658496,0.47790908614463845,,,91.95
fu,C:\Users\Scott.Coffin\OneDrive - California OEHHA\R_new\AutoQSAR\test_data\fu.csv,781,624,157,log10,QSAR_READY_SMILES,TARGET,target_quartiles,6528,79,elasticnet_cv,0.1,0.1,192,79,Random forest,conventional,0.5257075568696574,0.5187309157452357,0.37976903325241673,0.9325943040474667,0.19669200393912112,0.1423345713869478,0.5701939955415507,0.5173206355195007,0.38425594369715455,,,103.137
fu,C:\Users\Scott.Coffin\OneDrive - California OEHHA\R_new\AutoQSAR\test_data\fu.csv,781,624,157,log10,QSAR_READY_SMILES,TARGET,target_quartiles,6528,79,elasticnet_cv,0.1,0.1,192,79,XGBoost,conventional,0.5535524162681951,0.5029672396920581,0.3623786348364675,0.9913664220332974,0.07039370343225508,0.052598896740713275,0.610516626845278,0.4924566705511562,0.36048060731065257,,,108.87
fu,C:\Users\Scott.Coffin\OneDrive - California OEHHA\R_new\AutoQSAR\test_data\fu.csv,781,624,157,log10,QSAR_READY_SMILES,TARGET,target_quartiles,6528,79,elasticnet_cv,0.1,0.1,192,79,CatBoost,conventional,0.5878754582319535,0.4831795514251331,0.3570232676783881,0.8855429813165694,0.2563065006344836,0.20192326728938914,0.5987067817707961,0.4998670077845038,0.3746899861748569,,,124.159
