model,train_metric,performance_strength,diversity_strength
ChemML MLP (PyTorch),0.28056354564287816,3.5642549273770343,6.856604894179865e-05
"Chemprop v2 (AttentiveFP, ensemble=1)",0.35231480807407406,2.838370619351743,8.779278244589193e-05
"MapLight + GNN (CatBoost, Strict Parity)",0.08530672884093908,11.722404710472212,9.931443447213078e-05
TabPFNRegressor,0.07291573902174511,13.714460189476753,5.839340374701841e-05
