model,workflow,train_r2,train_rmse,train_mae,train_spearman,test_r2,test_rmse,test_mae,test_spearman,primary_metric,primary_metric_value
CFA (Combinatorial Fusion),CFA fusion,0.9992243613140759,0.10484059705531848,0.059996905888256485,0.999488617971888,0.9756652097450688,0.6448689312902348,0.44399804770214135,0.9841148272823164,rmse,0.6448689312902348
Ensemble (Weighted average (inverse train RMSE)),ensemble,0.9964080593613783,0.22561310886065838,0.16113858105270867,0.9985111412027889,0.9701273912339679,0.7144868263542706,0.5095853389978066,0.9789548714461148,rmse,0.7144868263542706
"Chemprop v2 (AttentiveFP, ensemble=1)",Chemprop v2,0.9748731111138055,0.5967179665838934,0.35231480807407406,0.9906275070699816,0.9630099761282779,0.7950600944935281,0.5272376638992248,0.9783315398364328,rmse,0.7950600944935281
Random forest,Conventional ML,0.9839893566019178,0.47632584538664446,0.24960181739069792,0.9956695742735215,0.9376410346075186,1.0323027891418666,0.6305629803432998,0.9637936577648811,rmse,1.0323027891418666
ChemML MLP (PyTorch),ChemML deep learning,0.9884213362956633,0.4050689691258441,0.28056354564287816,0.9948804908680012,0.9240619144867557,1.1391672007184859,0.7958164077050002,0.9632262303354397,rmse,1.1391672007184859
AdaBoost,Conventional ML,0.8943683310514627,1.2234798618213587,0.994718603042984,0.9558269338696154,0.8775326070817527,1.4466647071226961,1.1042106280203476,0.9256413769006484,rmse,1.4466647071226961
Tabular CNN,Conventional ML,0.8199114758873466,1.5975070154258249,1.225649728968478,0.8918623301717681,0.7726765857208531,1.970968735482591,1.5218984679103822,0.8001844838729257,rmse,1.970968735482591
