Model,Weight,Abs normalized contribution,Workflow
Random forest,0.05297291156318451,0.04699585730224062,Conventional ML
AdaBoost,-0.024336256610874685,0.02159034135005401,Conventional ML
Tabular CNN,0.0029929338299012898,0.002655234289271033,Conventional ML
ChemML MLP (PyTorch),0.0710144608821075,0.06300173752070129,ChemML deep learning
"Chemprop v2 (AttentiveFP, ensemble=1)",-0.03722754640508796,0.033027077556030786,Chemprop v2
CFA (Combinatorial Fusion),0.9386384681540036,0.8327297519817023,CFA fusion
