model,train_metric,performance_strength,diversity_strength
ChemML MLP (PyTorch),0.23464590530897414,4.261740679784002,0.0003040826106040128
"Chemprop v2 (AttentiveFP + Selected descriptors, ensemble=1)",0.4122918806412273,2.425466148993099,0.00046812868935286104
"MapLight + GNN (CatBoost, Strict Parity)",0.507728242050488,1.9695575648135029,0.0002169006874265226
XGBoost,0.31383158473303857,3.1864224273367894,0.0002712110289165996
