model,train_metric,performance_strength,diversity_strength
ChemML MLP (PyTorch),0.0,1000000000000.0,0.01925856169134485
Random forest,0.0,1000000000000.0,0.007671967748109556
Uni-Mol V1,0.015265474399688062,65.50729927007275,0.018302505899456853
