Model,Weight,Abs normalized contribution,Workflow
Random forest,2.362102800727963,0.24103919166771098,conventional
AdaBoost,-1.0093911106840123,0.10300263702361523,conventional
CatBoost,3.4503977942635107,0.3520935223500935,conventional
Uni-Mol V1,0.993755789843745,0.1014071412240074,Uni-Mol
CFA (Combinatorial Fusion),1.984015307799009,0.2024575077345729,cfa
