model,workflow,train_roc_auc,test_roc_auc,train_auprc,test_auprc,train_balanced_accuracy,test_balanced_accuracy,train_mcc,test_mcc,primary_metric,primary_metric_value
Uni-Mol V1,Uni-Mol,0.9847345256003119,0.9143478260869565,0.9874137122315997,0.8938790332025613,0.93166750236782,0.8504347826086956,0.8632628647727201,0.7159708228735207,roc_auc,0.9143478260869565
Random forest,conventional,1.0,0.8967391304347826,1.0,0.8795435215186743,1.0,0.8278260869565217,1.0,0.6848605026524683,roc_auc,0.8967391304347826
Ensemble (Weighted average (inverse train RMSE)),ensemble,1.0,0.8926086956521739,1.0,0.8747804247069142,0.6347150259067358,0.5,0.39147642450059844,0.0,roc_auc,0.8926086956521739
CFA (Combinatorial Fusion),cfa,1.0,0.8906521739130434,1.0,0.873860300254179,0.6839378238341969,0.5,0.47133710902622433,0.0,roc_auc,0.8906521739130434
CatBoost,conventional,1.0,0.8852173913043477,1.0,0.8598596804533911,1.0,0.8304347826086957,1.0,0.6696620080077293,roc_auc,0.8852173913043477
AdaBoost,conventional,0.9388545322859212,0.828695652173913,0.9448952222561272,0.7833101496039059,0.8780015599754861,0.8204347826086957,0.7584154292604589,0.6472324637578833,roc_auc,0.828695652173913
