model,train_metric,performance_strength,diversity_strength
CatBoost,0.2598342157877718,3.8486078400728525,0.0008872447302646313
"Chemprop v2 (AttentiveFP, ensemble=1)",0.3501797770146672,2.8556760431031836,0.0013957352585568083
"MapLight + GNN (CatBoost, Strict Parity)",0.14151518643295705,7.066379412740631,0.0006435091750741547
