model,workflow,train_r2,train_rmse,train_mae,train_spearman,test_r2,test_rmse,test_mae,test_spearman,primary_metric,primary_metric_value
Uni-Mol V1,Uni-Mol,0.8827442899062278,0.3063155560564117,0.2284435623284398,0.9121703805124886,0.47407120970701966,0.6305331509826531,0.45116082849193806,0.5830412679062951,rmse,0.6305331509826531
Ensemble (Weighted average (inverse train RMSE)),ensemble,0.9919986847714608,0.08001708803167391,0.05598712064960199,0.9956352434871676,0.45828836410613794,0.6399242003143422,0.4785854392174671,0.5074019658746809,rmse,0.6399242003143422
ChemML MLP (PyTorch),ChemML deep learning,0.995407487648306,0.06062157544839504,0.03468094308300823,0.9968709799885347,0.42086996680666966,0.6616563671520248,0.49693358447830915,0.48097138431044156,rmse,0.6616563671520248
