model,train_metric,performance_strength,diversity_strength
"Chemprop v2 (AttentiveFP, ensemble=1)",0.5106878543096612,1.9581432993972065,0.006325195668648606
"MapLight + GNN (CatBoost, Strict Parity)",2.6532697888922986e-07,3768934.4829780217,0.0031625977993024086
MapLight CatBoost (Strict Parity),3.359735120938891e-07,2976425.1168721486,0.003162597869351949
