model,workflow,train_r2,train_rmse,train_mae,train_spearman,test_r2,test_rmse,test_mae,test_spearman,primary_metric,primary_metric_value
Ensemble (Weighted average (inverse train RMSE)),ensemble,0.9999999999996406,7.308679410021603e-07,5.316994894870822e-07,1.0,0.3260332881507494,0.5290489169535133,0.41714614645539366,0.6666666666666669,rmse,0.5290489169535133
MapLight CatBoost (Strict Parity),Conventional ML,0.9999999999998729,4.3462745135319176e-07,3.359735120938891e-07,1.0,0.32603312735695844,0.5290489800632889,0.41714621106177735,0.6666666666666669,rmse,0.5290489800632889
"Chemprop v2 (AttentiveFP, ensemble=1)",Chemprop v2,0.7012832981205843,0.6663056746369731,0.5106878543096612,0.8135706340378197,0.03006261367354901,0.6346707099863854,0.54734584043607,0.5000000000000001,rmse,0.6346707099863854
