model,workflow,train_r2,train_rmse,train_mae,train_spearman,test_r2,test_rmse,test_mae,test_spearman,primary_metric,primary_metric_value
Uni-Mol V1,Uni-Mol,0.7704484209427409,0.584095555295766,0.4419123719113371,0.8113459399332592,-0.33118903459080484,0.7435265347396358,0.559511474825234,0.6190476190476191,rmse,0.7435265347396358
"Ensemble (OOF Stacking (RidgeCV, 5-fold))",ensemble,0.7566404967417448,0.6014062184099372,0.4545700823519546,0.7859844271412681,-0.5663475451094149,0.8065302702004189,0.7090749842303707,0.04761904761904763,rmse,0.8065302702004189
ChemML MLP (PyTorch),ChemML deep learning,0.6451640276226238,0.7262022325419409,0.5072300181751108,0.7461031844838224,-3.1311245893517015,1.309817392051953,1.0278979593300241,-0.627376434428478,rmse,1.309817392051953
Uni-Mol V1,Uni-Mol,0.7704484209427409,0.584095555295766,0.4419123719113371,0.8113459399332592,-0.33118903459080484,0.7435265347396358,0.559511474825234,0.6190476190476191,rmse,0.7435265347396358
Ensemble (Weighted average (inverse train RMSE)),ensemble,0.7921923077153944,0.5557437265840693,0.4258631524717097,0.828698553948832,-1.0126899071819646,0.9142501509625124,0.7676404575194845,0.04761904761904763,rmse,0.9142501509625124
ChemML MLP (PyTorch),ChemML deep learning,0.6451640276226238,0.7262022325419409,0.5072300181751108,0.7461031844838224,-3.1311245893517015,1.309817392051953,1.0278979593300241,-0.627376434428478,rmse,1.309817392051953
