smiles,observed,selected_model,predicted,ad_standardization_s_new,ad_standardization_in_domain,ad_knn_mean_tanimoto_distance,ad_knn_in_domain,in_domain
O=C1C(O)N=C(c2ccccc2F)c2cc(Cl)ccc2N1CCO,-0.864013499282,Extra trees,-0.9115371543933399,1.8813897864732496,True,0.484123170375824,True,True
C=CC(=O)OCC,-0.902582173502,Extra trees,-1.1952280744076174,0.8905259852059775,True,0.35890474915504456,True,True
Oc1ccc2c(c1)CCC2,-1.38420206695,Extra trees,-0.8440972843576773,0.9603655953707628,True,0.6428523063659668,True,True
CC(C)COC(=O)CC(C(=O)OCC(C)C)S(=O)(=O)O,-0.921210615195,Extra trees,-0.7849936608988191,1.417170939518039,True,0.5172721743583679,True,True
CC1OC(=O)C(C(C)C)NC(=O)C(C(C)C)NC(=O)C(C(C)C)OC(=O)C(C)OC(=O)C(C(C)C)NC(=O)C(C(C)C)OC(=O)C(C(C)C)NC(=O)C(C)OC(=O)C(C(C)C)NC(=O)C(C(C)C)OC(=O)C(C(C)C)NC1=O,2.44378617807,Extra trees,-0.21595929461814328,7.279733373297773,False,0.7122654914855957,True,False
Nc1ccc2nc(C(F)(F)F)[nH]c2c1,0.477449536751,Extra trees,1.5046638306133062,1.5909191889954055,True,0.34509801864624023,True,True
CC(C)=NOCCOC(=O)C(C)Oc1ccc(Oc2cnc3cc(Cl)ccc3n2)cc1,-1.05179127241,Extra trees,-0.5675109280603137,1.8618476265415185,True,0.4587796628475189,True,True
CCCc1cc(C(N)=S)ccn1,-0.86465046218,Extra trees,-0.42428001568424406,1.205264268530351,True,0.72383713722229,True,True
CN1C(=O)OC(C)(C)C1=O,-1.17464669759,Extra trees,-0.6655062593404741,1.3346222979431457,True,0.7030636668205261,True,True
NNS(=O)(=O)c1ccc(Oc2ccc(S(=O)(=O)NN)cc2)cc1,-0.807371935037,Extra trees,-0.5618613377526332,1.6512888228414662,True,0.5601378679275513,True,True
CC(CCl)OC(C)CCl,-0.147062774019,Extra trees,-0.5426878061901095,1.092213730005908,True,0.6180952191352844,True,True
CN(Sc1ccccc1)C(=O)Oc1cccc2c1OC(C)(C)C2,1.1197967752,Extra trees,1.1601096555965036,2.218643285008865,True,0.21244099736213684,True,True
COc1c(Cl)ccc(Cl)c1C(=O)O,-0.534644658212,Extra trees,-1.4445794633099942,1.1909951809334605,True,0.35968536138534546,True,True
CCCC(=O)Nc1c(I)cc(I)c(CC(CC)C(=O)O)c1I,-0.991394590793,Extra trees,-0.40724200830283436,1.8352497259528326,True,0.5880176424980164,True,True
NC(=O)N1c2ccccc2C=Cc2ccccc21,-0.918174888099,Extra trees,-0.8548282056462959,1.5262140758847405,True,0.648013710975647,True,True
CCOC(=O)N1C(=O)NC(c2ccccc2)(c2ccccc2)C1=O,-1.03307289001,Extra trees,-0.42299963025671644,1.821714394566973,True,0.6084958910942078,True,True
CC(O)(c1ccc(Cl)cc1)c1ccc(Cl)cc1,-0.272214835739,Extra trees,-0.8133729506623049,0.9927747963751938,True,0.4454849362373352,True,True
CCC1NC(=O)C2C(Cl)C(Cl)CN2C(=O)C(CO)NC(=O)CC(c2ccccc2)NC(=O)C(CO)NC1=O,2.05875997056,Extra trees,-0.3304742987230261,2.8203532117067414,True,0.7416974306106567,False,False
OCC1CC2CCC1C2,-1.10306406908,Extra trees,-1.0457785280636953,1.0389427004194114,True,0.7196441888809204,True,True
CCCCSP(=O)(N(C)C)N(C)C,0.0327659445291,Extra trees,0.1955503849496851,1.6469890472811617,True,0.5917304754257202,True,True
Cc1c(C(=O)O)nnn1-c1ccccc1,-0.823555660923,Extra trees,-0.8370907322661435,1.2458915694890411,True,0.48275890946388245,True,True
O=C1OCCO1,-2.05521147284,Extra trees,-1.27898525093342,0.9406101582925042,True,0.6672817468643188,True,True
N#C[Se]Cc1ccccc1,0.299090069673,Extra trees,0.05965678996656176,1.1887297449947198,True,0.6288160085678101,True,True
O=C1C2CC=CCC2C(=O)N1SC(Cl)(Cl)C(Cl)Cl,-0.855052381518,Extra trees,-1.1561692273900115,1.7678035467598656,True,0.615373969078064,True,True
CC(C)N(C(=O)CCl)c1ccccc1,-0.525558000794,Extra trees,-0.7030003219454992,1.075385475797972,True,0.5255420804023743,True,True
O=C(O)CN(CCN(CC(=O)O)CC(=O)O)CC(=O)O,-1.42681499556,Extra trees,-0.9419069953272736,1.7205235774923897,True,0.0,True,True
Cc1nn(C)c(Oc2ccccc2)c1C=NOCc1ccc(C(=O)OC(C)(C)C)cc1,0.23562841308,Extra trees,-0.4754400982347765,1.9451385782580521,True,0.7191120982170105,True,True
COc1ccc2c(c1)c(CC(=O)OCC=C(C)CCC=C(C)CCC=C(C)C)c(C)n2C(=O)c1ccc(Cl)cc1,-0.475457047864,Extra trees,0.6635398672951894,2.405848955923856,True,0.3729571998119354,True,True
Clc1cccc(Cl)c1Nc1ncccn1,-1.29356793364,Extra trees,-0.5632286524654174,1.16105906865586,True,0.6561017036437988,True,True
O=C(O)CC1(CO)CCCCC1,0.987232633461,Extra trees,-1.2104297853922925,1.081419536056174,True,0.6916249990463257,True,True
CCCC(=O)c1ccc(N)cc1,0.288494090706,Extra trees,0.09488970924898185,0.8349526407309622,True,0.34905338287353516,True,True
Cc1cc(=O)[nH]o1,-1.4970141564,Extra trees,-0.9895392924252265,1.382507450936882,True,0.7454459071159363,False,False
CC(N)CN,-1.47832844538,Extra trees,-1.0061371067619242,1.038376587496527,True,0.5932349562644958,True,True
Cc1ccc(S(=O)(=O)C=CC#N)cc1,-0.841867952873,Extra trees,-0.7109514781298085,1.0685798287390778,True,0.584516167640686,True,True
CC(C)=CC1C(C(=O)OCN2C(=O)C3=C(CCCC3)C2=O)C1(C)C,-1.14238961871,Extra trees,-0.24726529431189628,1.9631501482044995,True,0.5148621797561646,True,True
CN(C)C(=O)Oc1cccc([N+](C)(C)C)c1,0.774159038347,Extra trees,0.008054248331588168,1.510429041835764,True,0.5516863465309143,True,True
CN(C)CCCN1c2ccccc2CCc2ccc(Cl)cc21,-0.28934300361,Extra trees,-0.4152433126000036,1.5978906768504224,True,0.23355479538440704,True,True
CCCCNC(=O)NS(=O)(=O)c1ccc(N)cc1,-1.20993886168,Extra trees,-0.9479015579631676,1.1725818738232547,True,0.4440065026283264,True,True
O=[N+]([O-])c1c(Cl)cc2[nH]c(C(F)(F)F)nc2c1Cl,0.92084769005,Extra trees,0.8819005198422406,1.8353394275152495,True,0.31871235370635986,True,True
CNC(=O)Oc1ccccc1C(C)C,-0.367101995618,Extra trees,0.0685236068101756,1.5492935547999083,True,0.35539403557777405,True,True
C=C(C)C1CC=C(C)CC1,-1.50915441701,Extra trees,-1.5647585740599936,1.1944512992270169,True,0.3992535471916199,True,True
CC1CC=CC=CC=CC=CC(OC2(C)OC(C)C(O)C(N)C2O)CC2OC(O)(CC(O)CC3OC3C=CC(=O)O1)CC(O)C2C(=O)O,-0.612862580623,Extra trees,-0.4545737235151027,3.4317937814558297,False,0.7795360088348389,False,False
COP(=S)(Cl)Cl,-0.1150334823,Extra trees,-0.5293909755206941,1.4890303792794635,True,0.5537581443786621,True,True
CCCCCCCCCCCC[N+](C)(C)CC(O)CCl,-0.494862705699,Extra trees,-0.20461498039915457,1.3319038458759342,True,0.524612307548523,True,True
COc1ccc2c(c1)OC(C)(C)C(c1ccccc1)C2c1ccc(OCCN2CCCC2)cc1,-0.209301496286,Extra trees,0.20996742582759492,2.0800299999387475,True,0.45691436529159546,True,True
NC(=S)Nc1cccc2ccccc12,1.82883168762,Extra trees,0.4727896886010173,1.7051718205963549,True,0.5277965664863586,True,True
Cc1ccc(N(SC(F)(Cl)Cl)S(=O)(=O)N(C)C)cc1,-0.459370264665,Extra trees,-0.269692406216616,1.7472549130932198,True,0.5690282583236694,True,True
CCOP(=S)(OCC)Oc1ccc2c3c(c(=O)oc2c1)CCCC3,0.740221246607,Extra trees,0.9321373251659776,1.7287106823899057,True,0.5366098284721375,True,True
C=CC(=O)OC,-0.507527079721,Extra trees,-1.0198447809486666,0.9006767189594381,True,0.48253965377807617,True,True
O=c1c2cccnc2oc2c(Cl)cc(-c3nn[nH]n3)cc12,-1.72747669535,Extra trees,-0.4852678035183732,2.0165884652379593,True,0.7260913848876953,True,True
CCO[Si](C)(C)c1ccccc1,-1.1348863765,Extra trees,-0.8822552572535272,1.251708946244975,True,0.6007407307624817,True,True
CCC(C)CC(CC)N=O,-1.42374961765,Extra trees,-0.8121624912642639,1.0246103170126792,True,0.6650456190109253,True,True
CCOP(=S)(OCC)SCC,0.427891648235,Extra trees,0.5235547213377079,1.9218793054501346,True,0.3323048949241638,True,True
CCC(=O)c1c(O)cc(O)cc1O,-1.11608817158,Extra trees,-0.8506838078349876,1.2529595653040375,True,0.6581205129623413,True,True
CC(C)CNC(=O)CF,0.501144065531,Extra trees,1.0083795102642763,1.7201457924433003,True,0.6562920808792114,True,True
CCOP(=O)(OCC)SCn1nc(Cl)c(C)cc1=O,1.08282526321,Extra trees,0.45972588645080625,1.6782575599679594,True,0.4006778597831726,True,True
FC(F)(F)c1nc2c(I)cc(I)cc2[nH]1,1.16428343518,Extra trees,1.6403847122512998,1.8140039916150577,True,0.38414210081100464,True,True
C=CC=CCC1=C(C)C(OC(=O)C2C(C=C(C)C)C2(C)C)CC1=O,0.101498557246,Extra trees,-0.4213609029467275,1.7906692070771617,True,0.19260834157466888,True,True
CCCCC(=O)OC1CCC(N2CCCCC2)CC1,-0.751794440207,Extra trees,-0.8560261189801427,1.0759194928513751,True,0.32731038331985474,True,True
O=S1(=O)CC(Cl)(Cl)C(Cl)(Cl)C1,0.471982593188,Extra trees,-0.6220497492928276,1.5699031959017464,True,0.7790855169296265,False,False
c1ccncc1,-1.05169025419,Extra trees,-0.5763290769064552,1.1158005744875434,True,0.41913041472435,True,True
CCSC(=O)NCCCN(C)C,-0.758376914509,Extra trees,-0.7789841538092279,0.984384522770722,True,0.5722717642784119,True,True
CN(C)CCOCCOC(=O)C1(c2ccccc2)CCCC1,-0.618909093107,Extra trees,-0.05938503484408242,1.1872458573223839,True,0.3484761714935303,True,True
NC(=O)c1ccc([N+](=O)[O-])cc1,-0.457143198678,Extra trees,-1.086590041541341,1.1068067472365186,True,0.44796687364578247,True,True
COc1ccc2c(c1)OC(C)(C)C(c1ccccc1)C2c1ccc(OCCN)cc1,-0.0931027835024,Extra trees,-0.0926022090965022,1.9498324991541125,True,0.47883668541908264,True,True
CN(C(=O)CN(CCO)CC(=O)N(C)C(C)(C)Cc1ccccc1)C(C)(C)Cc1ccccc1,-0.330075354346,Extra trees,-0.12677847285299892,1.8547034140277912,True,0.4953460097312927,True,True
FC(F)(F)c1nc2cc(Cl)c(Cl)cc2[nH]1,1.50999292118,Extra trees,1.5279851295840214,1.5430663188273739,True,0.26543158292770386,True,True
CCCCOCCOC(=O)CCCCC(=O)OCCOCCCC,-0.50094423848,Extra trees,-1.1120832110313286,1.2248810927649973,True,0.1622450053691864,True,True
CCCOCN(C(=O)CCl)c1c(C)cccc1OCC,-0.845387683905,Extra trees,-0.8871527825777732,1.2318903835532424,True,0.4045981466770172,True,True
COc1cccc(C2(O)CCCCC2CN(C)C)c1,0.0626496149807,Extra trees,0.11895471690299932,1.4274079561498234,True,0.5443063974380493,True,True
O=C1OC(c2ccc(O)cc2)(c2ccc(O)cc2)c2c(I)c(I)c(I)c(I)c21,-0.532331652541,Extra trees,-0.13016289880159607,2.647872490301669,True,0.7039998769760132,True,True
O=NN(CCCl)C(=O)NC1CC2CCC1C2,0.471344739547,Extra trees,0.15271329584874607,1.4992168762503217,True,0.5299133062362671,True,True
CC(CCc1ccccc1)NCC(O)c1ccc(O)c(C(N)=O)c1,-0.762966832106,Extra trees,-0.44900920991000204,1.372654127346533,True,0.4678550362586975,True,True
O=[N+]([O-])c1ccc(-c2ccccc2)cc1,-1.04899590846,Extra trees,-0.9414437923804948,1.2044315928760128,True,0.484000027179718,True,True
N#Cc1cc(Cl)c2nc(C(F)(F)F)[nH]c2c1,2.00999665164,Extra trees,0.5677775832027802,1.9315993069572461,True,0.3758494257926941,True,True
COc1ccccc1[N+](=O)[O-],-0.684151603544,Extra trees,-1.0818573681610941,0.84686630257182,True,0.4545016288757324,True,True
CCOP(=S)(OCC)SCn1nnc2ccccc2c1=O,1.69318656444,Extra trees,0.5663584048788678,1.8979606708816843,True,0.42873913049697876,True,True
CC(C)(C)c1cc(C=C(C#N)C#N)cc(C(C)(C)C)c1O,0.511325436853,Extra trees,-0.6012528234361937,1.6097543933410232,True,0.5880035161972046,True,True
CC(C)c1cccc(C(C)C)c1,-1.65897742304,Extra trees,-1.330090079078965,1.0571897196747786,True,0.49346596002578735,True,True
CN1Cc2c(N)cccc2C(c2ccccc2)C1,-0.0839673898114,Extra trees,-0.04932526014239975,1.5325487637643174,True,0.5600592494010925,True,True
Cn1c(=O)c2c(ncn2CCOC(=O)C(C)(C)Oc2ccc(Cl)cc2)n(C)c1=O,-1.60632158357,Extra trees,-0.27757237069413354,2.1965004204848437,True,0.5200437903404236,True,True
Cc1ncc2coc(OCCO)c2c1O,-0.952088226836,Extra trees,-0.6767492044844903,1.5011171914243655,True,0.5797942280769348,True,True
CCCCOCCC#N,-1.76829611596,Extra trees,-1.4243301580628622,0.9425064540371983,True,0.3768323063850403,True,True
CCCCOC(=O)CC(C)=O,-1.85234013001,Extra trees,-1.6128052450545316,0.8494453040299468,True,0.3778461813926697,True,True
CN(C)Cc1ccccc1,-0.292237039581,Extra trees,-0.267160940258242,1.171114093072832,True,0.46577778458595276,True,True
CCCNCC(O)COc1ccccc1C(=O)CCc1ccccc1,-0.311769665333,Extra trees,-0.4930229613087874,1.3303766721869237,True,0.6037570238113403,True,True
C=C(Cl)C(=O)OC,0.248586239457,Extra trees,-0.3752592441923382,1.076066998711651,True,0.5759648680686951,True,True
CC(=O)OC(C)(C)C,-1.54772723967,Extra trees,-1.3997402913506094,1.1153226680104051,True,0.5534759759902954,True,True
CC(=O)CCCOC(C)=O,-1.62502868633,Extra trees,-1.6895843283518241,0.8211386079061512,True,0.4065173268318176,True,True
CC(C(=O)O)c1ccc(N2CC=CC2)c(Cl)c1,-0.144406635227,Extra trees,-0.2961158895967361,1.1864075671800698,True,0.6011545658111572,True,True
CC1C(c2ccccc2)OCCN1C,-0.30059115866,Extra trees,-0.03009524214737704,1.1179360660684745,True,0.5822995901107788,True,True
CCCS(=O)(=O)c1c(Cl)cnc(Cl)c1Cl,-0.581141494681,Extra trees,-0.6300123728602648,1.2167226537219213,True,0.7588780522346497,False,False
Nc1ccc(S(=O)(=O)O)cc1,-1.3610655902,Extra trees,-1.851382293099985,1.0522607251746972,True,0.3538072109222412,True,True
COc1ccccc1OCC1CNC(=O)O1,-1.23331470085,Extra trees,-0.6109762384075117,1.2917982668602255,True,0.5614738464355469,True,True
O=NN1CC=CCO1,-0.896941654411,Extra trees,-0.6859107586675313,1.0921545355708036,True,0.7360213398933411,False,False
Cc1ccc2oc(=O)ccc2c1,-1.02072269121,Extra trees,-0.44255066398132364,1.395454083729292,True,0.5758307576179504,True,True
CCCCC(CC)COC(=O)CC(C(=O)OCC(CC)CCCC)S(=O)(=O)O,-0.630823219561,Extra trees,-0.6569689810842098,1.6092286348439322,True,0.41803425550460815,True,True
O=C(NCc1cccnc1)Nc1ccc([N+](=O)[O-])cc1,1.75829662317,Extra trees,-0.6613108601305614,1.2064645675555212,True,0.5883101224899292,True,True
COC(F)=C(C(F)(F)F)C(F)(F)F,-0.702910682246,Extra trees,-0.6818255802976261,1.402581002563756,True,0.7554285526275635,False,False
C=C(Cl)c1ccc([N+](=O)[O-])cc1,-0.587409335545,Extra trees,-0.6430672341128932,0.9074463357740357,True,0.5154497027397156,True,True
C[N+](C)(C)CCOC(N)=O,0.659559670707,Extra trees,-0.6570427990673096,1.1281808458615687,True,0.49070900678634644,True,True
Nc1cccc(O)c1,-0.925851637987,Extra trees,-1.0315832932399895,0.8836993090654329,True,0.36425119638442993,True,True
O=[N+]([O-])C=C1SCCN1Cc1ccccc1,-0.626554657702,Extra trees,-0.41850874459953374,1.3812282014049673,True,0.7242931127548218,True,True
S=C1SSC2=NCCN12,-0.333605181579,Extra trees,-0.2252491659357103,1.7333403703243078,True,0.8099026679992676,False,False
CCC(C)(C)N/C(N)=N/C#N,-0.288989017633,Extra trees,-0.6078414127286605,1.1884371480987594,True,0.7192203998565674,True,True
CC(C)=CC(N)=O,-1.55535371034,Extra trees,-0.9305608366243118,0.9266682024984076,True,0.548006534576416,True,True
Cc1cccc([N+](=O)[O-])c1C,-1.14483122619,Extra trees,-1.096541523945127,1.1002416258326626,True,0.43490681052207947,True,True
CCN(CC)c1ccc(N=Nc2ccc(S(=O)(=O)N(C)C)cc2)c(S(=O)(=O)NCC[n+]2ccccc2)c1,-0.945405609343,Extra trees,-0.22888384580319465,2.2294917109337176,True,0.7083672285079956,True,True
CCCOC(C(=O)OC1CCN(C)CC1)(c1ccccc1)c1ccccc1,-0.74585489252,Extra trees,-0.38667200570769517,1.5138420183354477,True,0.5990766882896423,True,True
OCCI,0.536470050453,Extra trees,0.3434450435298931,1.182001493512693,True,0.6545454263687134,True,True
CCOC(=O)C1C(C)=NC(C)=C(C(=O)OC)C1c1cccc(Cl)c1Cl,-0.436575422898,Extra trees,-0.15033672744499366,1.851187668603362,True,0.4747017025947571,True,True
CC(C)(C)S,-1.71965908158,Extra trees,-0.7223271254670428,1.0963517357054804,True,0.6659340858459473,True,True
CN(C)CCCNCCCN(C)C,-1.07957288137,Extra trees,-0.7460603957769638,1.2723477529070113,True,0.4316176474094391,True,True
O=C(O)c1ccccc1C(=O)c1ccccc1,-1.30820571108,Extra trees,-1.1988533734621474,0.971945617403015,True,0.37849530577659607,True,True
C=C(C)C(=O)OCCSCC,-1.62803402372,Extra trees,-1.359860810301119,1.1513014779394046,True,0.39880943298339844,True,True
Oc1cc(Cl)c(Cl)c(Cl)c1Cl,0.219135265166,Extra trees,0.15831703555882032,1.4023577314588542,True,0.5042815804481506,True,True
Nc1nc2cc(Cl)c(Br)cc2o1,0.247412064172,Extra trees,-0.459449510243392,1.3152961547171818,True,0.4727272391319275,True,True
CC(C)NNCS(=O)(=O)O,-0.239326255871,Extra trees,-1.1536045460610922,1.180216622946689,True,0.6964877843856812,True,True
CCOC(=O)CC(=O)CCl,-0.0846265600932,Extra trees,-0.329726713996858,1.011596994902828,True,0.5068328976631165,True,True
C=C(C)C(=O)OCCO,-1.58887054651,Extra trees,-1.488114713451364,0.9723095066072609,True,0.34961333870887756,True,True
CN(C)C(=O)Nc1ccc(Cl)c(Cl)c1,-0.272957801925,Extra trees,-0.6884665426381348,1.0708054889813916,True,0.3706769049167633,True,True
CN1CCN(C2=Nc3ccccc3Oc3ccc(Cl)cc32)CC1,0.336645247269,Extra trees,0.11053553212737194,1.9701294953379391,True,0.3861864507198334,True,True
Cc1c(Cl)c([N+](=O)[O-])c2nc(C(F)(F)F)[nH]c2c1[N+](=O)[O-],0.490160122859,Extra trees,0.856299889052341,1.9497575454982186,True,0.3624028265476227,True,True
CCCCCCCCCC(=O)OC1(c2ccc(Cl)cc2)CCN(CCCC(=O)c2ccc(F)cc2)CC1,-0.510396109864,Extra trees,0.35403889902599606,1.7515402324456162,True,0.48944196105003357,True,True
O=S(=O)(F)CCCl,0.467045444753,Extra trees,0.3095023780826607,1.2590197623307855,True,0.6393582820892334,True,True
CCOC(=O)COC(=O)c1cc(Oc2ccc(C(F)(F)F)cc2Cl)ccc1[N+](=O)[O-],-0.519226120874,Extra trees,-0.5541618173460738,1.8087390571674842,True,0.3524598479270935,True,True
O=C=Nc1ccc(Cc2ccc(N=C=O)cc2N=C=O)cc1,-1.83674021715,Extra trees,-0.826135165881477,1.4099355906516864,True,0.5224369764328003,True,True
O=[N+]([O-])C(Cl)(Cl)Cl,0.641791274525,Extra trees,-0.34695260043930953,1.1949175548410862,True,0.5562680959701538,True,True
CC1=NC(C(C)C)=NC(=O)C1,-1.24895765438,Extra trees,-0.8088359092553521,1.1327030407305874,True,0.6905337572097778,True,True
Cc1ccc(N(C)C)cc1,-1.08647510986,Extra trees,-0.6772211757682085,0.900958755725275,True,0.45807018876075745,True,True
O=NN(CCCl)C(=O)NCCS(=O)(=O)NCc1ccccc1,0.144643671902,Extra trees,0.2450426622370922,1.4713232818101956,True,0.46950864791870117,True,True
COc1ccc(C(=C(C#N)CCC(=O)O)c2ccc(OC)cc2)cc1,0.000482996693234,Extra trees,-0.6569318147930606,1.416084523793637,True,0.5643401741981506,True,True
CCC(=O)O,-1.54527822289,Extra trees,-1.4199292768806866,0.9266305990264807,True,0.5058823823928833,True,True
COC1=CC=C2C3Cc4ccc(OC)c5c4C2(CCN3C)C1O5,0.436387274393,Extra trees,0.07066783446208554,2.942515328605899,True,0.5659587979316711,True,True
CN1C2CCCC1CC(NC(=O)c1nn(C)c3ccccc13)C2,-0.00139196460666,Extra trees,-0.19005588525079434,1.5440780545006079,True,0.7092868089675903,True,True
CCCN1CC(CSC)CC2c3cccc4[nH]cc(c34)CC21,1.6891290779,Extra trees,0.2551814057991529,2.0769199418063664,True,0.704118549823761,True,True
CN1CCN(C(=O)Cn2c(=O)sc3ccc(Cl)cc32)CC1,-0.293215567376,Extra trees,-0.4234855950920731,1.9099141934034476,True,0.4166874289512634,True,True
CC(C)(C)c1cc(CCC(=O)O)ccc1O,-0.653091803366,Extra trees,-0.9312833498822336,1.036637633031708,True,0.5619202852249146,True,True
ClCCBr,0.350399472911,Extra trees,-0.22508769076550103,1.3194801311479654,True,0.5175213813781738,True,True
NS(=O)(=O)c1cc2c(cc1Cl)NCNS2(=O)=O,-0.965510080383,Extra trees,-0.7204870990495811,1.7903134375603957,True,0.5592519044876099,True,True
C1COCO1,-1.60742612964,Extra trees,-1.502130838224847,0.9086974229011309,True,0.4749999940395355,True,True
C1CCCCC1,-2.17885860878,Extra trees,-1.7108230910796647,1.0940662223895476,True,0.5670995712280273,True,True
O=C1CCOc2ccccc21,-1.25202005396,Extra trees,-0.7974744926050211,0.9303755220561077,True,0.6211880445480347,True,True
CCCCCCCCOC(=O)C=CC(=O)OCCCCCCCC,-1.62016612912,Extra trees,-1.6467642853690783,1.3737820808334633,True,0.31483960151672363,True,True
CC(=O)OCCN(CCOC(C)=O)N=O,-1.36018419624,Extra trees,-0.7129446740300358,1.143669612621395,True,0.483114629983902,True,True
ClCCOCCCl,0.280305126573,Extra trees,0.022634617909416007,1.334239922045513,True,0.25930556654930115,True,True
NC12CC3CC(CC(C3)C1)C2,-0.77453849492,Extra trees,-0.6296025772949975,1.285532348485304,True,0.6380530595779419,True,True
CCCCOCCOCCOCc1cc2c(cc1CCC)OCO2,-1.13042938051,Extra trees,-0.7415953957265559,1.4651045698738587,True,0.5763617753982544,True,True
CCC(=O)OCc1ccc(OC)cc1,-1.23412793289,Extra trees,-1.195369658048142,0.7613490944417833,True,0.4733198285102844,True,True
CC(C)=CCCC(C)=CC#N,-1.31748518368,Extra trees,-1.057102976667611,0.9866850809426462,True,0.49604088068008423,True,True
CNC(=O)Oc1cc(C)ccc1C(C)C,-0.382427281541,Extra trees,-0.006084440798545411,1.5615866408099526,True,0.4605115056037903,True,True
CCN(CC)C(=O)c1ccc(O)c(OC)c1,0.161313548006,Extra trees,-0.8969534026479492,1.1874958922272723,True,0.5133730173110962,True,True
O=NN(CCF)C(=O)NC1CCCCC1,1.06977606882,Extra trees,-0.11017531406958617,1.6121864170400473,True,0.5678321719169617,True,True
O=C(SCc1ccccc1)N1CCOCC1,0.676364348733,Extra trees,-0.5793271234231219,1.3453033955785212,True,0.6109602451324463,True,True
CCNC(=O)C=Cc1cccc(Br)c1,-1.242038621,Extra trees,-0.6452397323836121,0.9646485948336815,True,0.6358529925346375,True,True
CCOC(C)=O,-1.80473081695,Extra trees,-1.6306600453379956,0.9136282765340764,True,0.43792372941970825,True,True
CCCCCCCCCOC(=O)c1ccccc1C(=O)OCCCCCCCCC,-0.679429178261,Extra trees,-2.033970338144888,1.504257395554842,True,0.10625000298023224,True,True
CCCCCCCCCCCCCCCCO,-1.3144400288,Extra trees,-1.4107536113645283,1.1775762477797302,True,0.0,True,True
COP(=S)(OC)Oc1ccc(C#N)cc1C,-0.288631519912,Extra trees,-0.11439598161492237,1.4998410260133654,True,0.5479620695114136,True,True
CN1C2CC(OC(=O)C(CO)c3ccccc3)CC1C1OC12,-0.519167253001,Extra trees,-0.9412904190700031,2.0286903997009036,True,0.25550952553749084,True,True
CC1CO1,-0.815756975233,Extra trees,-1.0746782801571115,0.9941594965515042,True,0.602030873298645,True,True
CCN(CCC#N)c1ccccc1,-1.44368006694,Extra trees,-0.4715090903926268,1.2001794472410152,True,0.4051528871059418,True,True
CCCCN(N=O)C(N)=O,-0.440207040505,Extra trees,-0.5723648633068166,0.9621918660070301,True,0.3360198438167572,True,True
COc1ccc(C)cc1NC(C)=O,-1.0968639828,Extra trees,-1.0061231244716176,0.8540496869256818,True,0.5855122804641724,True,True
Cc1oc(=O)oc1COC(=O)C1N2C(=O)C(NC(=O)C(N)c3ccccc3)C2SC1(C)C,-1.30281425265,Extra trees,-0.6469707322064294,2.9521684716420094,True,0.46416178345680237,True,True
CCOP(=S)(OCC)SCC(=O)NC(C)C,1.55230308704,Extra trees,1.2166231756663413,1.7488864179704549,True,0.5248913168907166,True,True
Nc1ccncc1,0.610726692038,Extra trees,0.8275400248879947,1.0492141206534134,True,0.43529409170150757,True,True
OCNC(=S)c1c(Cl)cccc1Cl,-0.92813270631,Extra trees,-0.41290438370456345,1.0054696019910785,True,0.6482220888137817,True,True
CN(C)C1C(=O)C(C(N)=O)C(=O)C2(O)C(=O)C3C(=O)c4c(O)cccc4C(C)(O)C3CC12,-1.12703335978,Extra trees,-0.2590603958000025,5.121580320132343,False,0.431265652179718,True,False
CC(=O)OCC#N,0.490875453598,Extra trees,-1.168419008134797,0.9729224012004932,True,0.5780952572822571,True,True
CN(C)C#N,-0.318665808141,Extra trees,-0.5520901723222406,1.1020748100355084,True,0.6745238304138184,True,True
CN(N=O)C(C)(C)c1ccccc1,-1.07122630278,Extra trees,-0.15137160729002858,1.0540013719932644,True,0.5874679684638977,True,True
CCC12COCN1COC2,-1.40923858096,Extra trees,-0.5516750298767148,1.5022754037201642,True,0.735322117805481,False,False
FC(F)(F)c1cccc(-n2nc(OCCCN3CCCCCC3)c3cccnc32)c1,-0.234159559397,Extra trees,-0.38810648712790047,1.644392415962633,True,0.5993980169296265,True,True
CC(C)(C)c1ccc(CSc2cnn(C(C)(C)C)c(=O)c2Cl)cc1,-0.193665297273,Extra trees,-0.5860756861650406,1.4285115536999378,True,0.7252834439277649,True,True
CC(=O)C(=O)O,-2.05521147284,Extra trees,-1.2354961091235832,0.9615982660820388,True,0.4323076605796814,True,True
CCCCc1ccc(O)c(C(=O)Nc2cccc(C(F)(F)F)c2)c1,-0.869869579753,Extra trees,-0.46989997860311017,1.5041118405397178,True,0.6177608966827393,True,True
C[n+]1cccc(C(=O)[O-])c1,-1.56189904151,Extra trees,-0.9091497132746765,0.9674058123330798,True,0.6606399416923523,True,True
c1ccc(Oc2nncc3ccccc23)cc1,-0.653164104328,Extra trees,-0.7708494472573073,1.1796153573021244,True,0.6019842028617859,True,True
Cc1ccc(SN2C(=O)c3ccccc3C2=O)cc1,-1.27388189923,Extra trees,-0.9281700640342155,1.4643586321169957,True,0.6385610699653625,True,True
CC(C)(O)C(=O)c1ccc(OCCO)cc1,-1.26012893528,Extra trees,-0.8707430319782339,1.2498063221947626,True,0.5869749784469604,True,True
COC12C(COC(N)=O)C3=C(C(=O)C(C)C(=N)C3=O)N1CC1NC12,1.04705669255,Extra trees,0.47426931550383383,3.5488793797102627,False,0.7807647585868835,False,False
CCN(CC)N=O,-0.333239578937,Extra trees,-0.5781208418570843,1.058299329963173,True,0.43460315465927124,True,True
CC(O)COC(C)(C)C,-1.45521521235,Extra trees,-1.3137659051589323,1.1623983648738059,True,0.5595444440841675,True,True
CCOP(=S)(OCC)SCC(N)=O,1.38610640496,Extra trees,0.8785907413801205,1.6232761298079001,True,0.45071154832839966,True,True
CC(=O)OC(C)(C)C1CC=C(C)CC1,-1.41253788642,Extra trees,-1.4178483360528895,1.205782933690141,True,0.6232627630233765,True,True
O=C(O)C1=Cc2sc(Cn3ccnc3)cc2CC1,-0.858667001165,Extra trees,-0.5111546817196615,1.6668656852232848,True,0.7365826964378357,False,False
CCc1c(C)[nH]c2c1C(=O)C(CN1CCOCC1)CC2,0.0786817647938,Extra trees,-0.24281837832803146,1.681535957056057,True,0.7473880648612976,False,False
CC(C)(C#N)Nc1nc(Cl)nc(NC2CC2)n1,-0.0597755586123,Extra trees,0.024140280859341716,1.5791203587307523,True,0.5687865614891052,True,True
O=S1(=O)OCC2C(CO1)C1(Cl)C(Cl)=C(Cl)C2(Cl)C1(Cl)Cl,1.37096517378,Extra trees,0.7004913086714155,3.6429547863953577,False,0.45625001192092896,True,False
O=c1ccc2cc3ccoc3c(O)c2o1,-0.375535281664,Extra trees,-0.44534738078651914,1.8937949727626702,True,0.5851076245307922,True,True
CC(=O)OCC(COC(C)=O)OC(C)=O,-1.13825655318,Extra trees,-1.501883193422454,1.0364808234210352,True,0.48141780495643616,True,True
COc1ccc(C(=O)CCC(=O)O)c2cc(C)oc12,-0.880763955418,Extra trees,-0.8567139628742798,1.4050579794580687,True,0.424934446811676,True,True
O=[N+]([O-])c1ccc(C=Cc2ccc([N+](=O)[O-])cc2S(=O)(=O)O)c(S(=O)(=O)O)c1,-1.46653866106,Extra trees,-1.299290883378634,2.0021076898520205,True,0.4294927716255188,True,True
Cc1nn(C)c(=O)c2noc(C)c12,-0.74671288947,Extra trees,-0.5882295180864175,1.646500368220241,True,0.6780347228050232,True,True
CNC(=O)Oc1cccc2sccc12,0.471396499208,Extra trees,0.02538697393941363,1.6521024798986867,True,0.4903620779514313,True,True
CC(C)CNC(=S)NCC(C)C,-0.628170476366,Extra trees,-0.3590918525828493,1.0432781715348673,True,0.6538006067276001,True,True
CCc1c2c(nc3ccc(OC(=O)N4CCC(N5CCCCC5)CC4)cc13)-c1cc3c(c(=O)n1C2)COC(=O)C3(O)CC,-0.143426481104,Extra trees,0.17104703125255763,3.230697149575513,False,0.7182204723358154,True,False
CCSN(C)C(=O)Oc1cccc2c1OC(C)(C)C2,1.05133777437,Extra trees,1.3104839423519756,2.047999231144565,True,0.2646457254886627,True,True
CNC(=O)Oc1ccc(O)c2ccccc12,-0.738639156739,Extra trees,-0.089618188390864,1.5601108096118725,True,0.4089328646659851,True,True
Cc1c([N+](=O)[O-])cc([N+](=O)[O-])cc1[N+](=O)[O-],-0.426910358759,Extra trees,-0.27156882011006334,1.7226538436374133,True,0.35632234811782837,True,True
CNC(C)CC1CCCCC1,0.272051414017,Extra trees,-0.557692350138016,0.8545292616255156,True,0.6522308588027954,True,True
Clc1cc2c(c(Cl)c1Cl)Oc1cc(Cl)c(Cl)c(Cl)c1O2,2.68892013608,Extra trees,2.6821959669906232,3.258802772773394,False,0.26463204622268677,True,False
CC12CCC(C(Br)C1=O)C2(C)C,-1.28450462867,Extra trees,-0.23025467502231578,1.6354535232765077,True,0.7609444856643677,False,False
CCNC(=O)Cc1ccccc1,-0.665748418733,Extra trees,-0.962121082634071,0.7929995042662983,True,0.47370219230651855,True,True
CCOC(=O)C1(c2ccccc2)CCCN(C)CC1,-0.132980939536,Extra trees,0.07922982397896008,1.3567222835296093,True,0.3435259759426117,True,True
NCCC[Si]12OCCN(CCO1)CCO2,-1.39727597914,Extra trees,-0.3338286812694389,2.9961869866113267,True,0.665249228477478,True,True
Cc1ccc(N2C(=O)C=CC2=O)cc1,-0.578957148771,Extra trees,-0.09470715600269461,1.6535913531620772,True,0.4820833206176758,True,True
O=C(OCC(O)CO)c1ccccc1Nc1ccnc2cc(Cl)ccc12,-0.790240285806,Extra trees,-0.6038621514737879,1.5490322661357387,True,0.6056625843048096,True,True
CCOP(=S)(OCC)Oc1ccc(C#N)cc1,1.4334017498,Extra trees,0.7971922701448492,1.5886010418455694,True,0.4517872929573059,True,True
Oc1nc2ccccc2[nH]1,-1.15800548071,Extra trees,-0.9699036057994714,1.0727199551939453,True,0.5506536364555359,True,True
CCN(CC)CCN1C(=O)NC(c2ccccc2)(c2ccccc2)C1=O,-0.56807978957,Extra trees,-0.35756294750929135,1.7190218183092698,True,0.6260889768600464,True,True
CCOP(=O)(CCCl)OCC,-0.697669058102,Extra trees,-0.07143836529197242,1.359369003010181,True,0.48695650696754456,True,True
COP(=S)(OC)Oc1nc(Cl)c(Cl)cc1Cl,-0.667534622722,Extra trees,-0.34621467267975703,1.6120256364593373,True,0.5530353784561157,True,True
NC(=O)OC1CCCCC1,-1.18652210981,Extra trees,-0.8467677373187241,0.9369225117233406,True,0.491943359375,True,True
Cc1ccc(N)c(C)c1,-0.902359305596,Extra trees,-0.9021735659967829,0.8857435173351956,True,0.4193374514579773,True,True
NC(=O)OCCCc1ccccc1,-0.791938943252,Extra trees,-1.0611049845815754,1.0224801692101018,True,0.5064934492111206,True,True
CCCCCCC(C)(C)S,-1.53930525909,Extra trees,-0.5871147555502726,1.0171177946178862,True,0.5818244814872742,True,True
CS(=O)(=O)OCCCN(CCCOS(C)(=O)=O)C1CCCCC1,0.0365969620698,Extra trees,-0.005027607149582328,1.4441642524416125,True,0.5766249895095825,True,True
CN(N=O)c1ccccn1,0.359019222881,Extra trees,0.1301988994430345,1.0434590277594844,True,0.5885287523269653,True,True
O=C(O)CCC(=O)c1ccc2oc3ccccc3c2c1,-0.679657776172,Extra trees,-0.683689920965442,1.1546028320302189,True,0.6003090143203735,True,True
CCCCOCCOC(=O)COc1ccc(Cl)cc1Cl,-0.412839005086,Extra trees,-0.23517250095741565,1.042640305984075,True,0.2945510447025299,True,True
O=Cc1ccncc1,-1.30602078475,Extra trees,-0.8664820446353424,0.9671578079093095,True,0.5300866365432739,True,True
Nc1ncnc2[nH]cnc12,-0.225274064735,Extra trees,-0.5487967654499064,1.4895033064880534,True,0.6329689025878906,True,True
Cc1cc(Cl)ccc1OCC(=O)Nc1ccccc1,-1.21272847565,Extra trees,-0.6902281610803689,0.9894963364379388,True,0.3688889145851135,True,True
O=C(O)CCCOc1ccc(Cl)cc1Cl,-0.412016572505,Extra trees,-0.4487417537559979,1.0535905289855347,True,0.2240692675113678,True,True
CN1C2CCC1CC(OC1c3ccccc3CCc3ccccc31)C2,0.0722937115603,Extra trees,-0.08410499666725654,1.8550458710031517,True,0.6111131906509399,True,True
COc1ccc(NC(=O)N(C)C)cc1Cl,-0.844891813023,Extra trees,-0.5663292062164335,1.0447098233245067,True,0.4617839455604553,True,True
C1CCC(C(CC2CCCCN2)C2CCCCC2)CC1,-0.737418687629,Extra trees,-0.35648905311554363,1.5080578487591603,True,0.7390486001968384,False,False
CC(C)c1ccc2c(c1)CCC1C(C)(C(=O)O)CCCC21C,-0.755235486153,Extra trees,-0.47089097950058467,1.4548051638654707,True,0.7350254654884338,False,False
CCOc1ccc(NC(=O)CC(C)O)cc1,-1.49626377117,Extra trees,-0.800490434961915,0.9226115763499803,True,0.45196253061294556,True,True
OCC[N+](CCO)(CCO)CCO,-1.02736935415,Extra trees,-0.7548337285244989,1.5970476366837776,True,0.5969230532646179,True,True
CNC(=O)ON=C1C(Cl)C2CC(C#N)C1C2,1.10448709815,Extra trees,0.0042813162209973795,2.296239373500452,True,0.6619106531143188,True,True
O=C(O)C(Br)Br,-0.901654227311,Extra trees,-0.03937839126229681,1.1273109469136955,True,0.5771428346633911,True,True
c1ccc(C[P+](c2ccccc2)(c2ccccc2)c2ccccc2)cc1,0.956335979062,Extra trees,-0.05423304583001708,1.8248417535240549,True,0.5363593101501465,True,True
CCN(CC)c1ccc2c(C)cc(=O)oc2c1,-1.33489061344,Extra trees,-0.6864359428550005,1.0179334695970976,True,0.48207607865333557,True,True
c1ccc(CNc2ncnc3c2ncn3C2CCCCO2)cc1,-0.724361459217,Extra trees,-0.2714101977207645,1.802357985920199,True,0.6711046695709229,True,True
O=NN(c1ccccc1)c1ccccc1,-0.964104428897,Extra trees,-0.13949490589690547,1.0885378362460947,True,0.5235234498977661,True,True
COCC(=O)O,-1.04538126502,Extra trees,-1.5160951670969622,1.1027959068485573,True,0.5607328414916992,True,True
COc1ccc(N)c(S(=O)(=O)O)c1,-1.69205490981,Extra trees,-1.3588991462957853,1.1495228833608935,True,0.5361365675926208,True,True
Cc1ccc(Cl)cc1N,-0.515454708481,Extra trees,-0.6317052871736432,0.908564481981682,True,0.43043479323387146,True,True
Clc1ccccc1,-0.99393890378,Extra trees,-1.0762884923759757,1.0472318434310002,True,0.5000432729721069,True,True
O=[N+]([O-])c1ccc(CCl)cc1,-1.02297189873,Extra trees,-0.5289870857687915,0.9280464293343172,True,0.49523812532424927,True,True
CCc1c(C)nc2c(C)cccn2c1=O,-0.53592504437,Extra trees,-0.6207742037579659,1.4425739640416544,True,0.5557705760002136,True,True
BrCC=CCBr,0.537819082681,Extra trees,0.13000454550370963,1.391173692640558,True,0.6809090971946716,True,True
CCC(C)N,-0.317694570198,Extra trees,-0.646750151974943,0.9696229744319069,True,0.6186507940292358,True,True
Nc1ccc(-c2ccccc2N)cc1,-0.227371739295,Extra trees,-0.5727919045208684,1.135320564397445,True,0.47233763337135315,True,True
Cc1cc2c(cc1C)C(=O)c1n[nH]nc1C2=O,-0.634773772443,Extra trees,-0.785990190373195,1.4279536551408847,True,0.7311912178993225,True,True
COc1cc(C=CC(=O)CC(=O)C=Cc2ccc(O)c(OC)c2)ccc1O,-0.734945138959,Extra trees,-0.8309684974045316,1.4334717697655743,True,0.486548513174057,True,True
O=S(=O)(c1cccc2cnccc12)N1CCCNCC1,-0.00939613111767,Extra trees,-0.5196884792542829,1.5624009829829442,True,0.730089008808136,True,True
CCCc1c(OCCCCc2nnn[nH]2)ccc(C(C)=O)c1O,-0.309971651169,Extra trees,-0.6478480274446816,1.254440110255728,True,0.7022498846054077,True,True
CCCCOC(=O)N(C)SN(C)C(=O)Oc1cccc2c1OC(C)(C)C2,0.858332873562,Extra trees,0.849247915388157,2.4492893014804213,True,0.32400432229042053,True,True
CC(C)c1ccc2oc3nc(N)c(C(=O)O)cc3c(=O)c2c1,-1.5253496524,Extra trees,-0.5171605726346663,1.783775835061363,True,0.6841405630111694,True,True
O=Cc1ccccc1Cl,-1.18656108369,Extra trees,-1.0438978407024506,0.8365512321076354,True,0.49082106351852417,True,True
COc1ccc(OC)c(C(O)CNC(=O)CN)c1,0.625916333279,Extra trees,-0.7406942658275476,1.316776272900627,True,0.6623454093933105,True,True
CCCCCCC#CC(=O)OC,-1.12043406003,Extra trees,-1.0898100478388577,0.9932765191084679,True,0.5988106727600098,True,True
CC(=O)OCN(C)N=O,0.0515930062596,Extra trees,0.007021936412780048,0.9280387256538689,True,0.3684728741645813,True,True
Nc1cccc([N+](=O)[O-])c1,-0.588078324529,Extra trees,-0.8610265962584542,0.9772964739472907,True,0.4491768777370453,True,True
C=CC(=O)OCCO,-0.673888501823,Extra trees,-1.0271559645900765,0.9991169226132383,True,0.3223319947719574,True,True
CCOc1ccc(C(=O)NCc2ccc(OCCNC)cc2)cc1OCC,-0.906035790015,Extra trees,-0.6539366089596829,1.2300641838508986,True,0.664131224155426,True,True
O=C(O)C(O)C(O)C(O)C(O)CO,-1.646527033,Extra trees,-1.7762369187814986,1.8905309159143595,True,0.4969395697116852,True,True
O=C1C(Cl)=C(Cl)C(=O)C1(Cl)Cl,-0.63106261442,Extra trees,-0.2445370731359404,1.7488067127230127,True,0.6338158845901489,True,True
CN(C)CCCn1c(=O)n(-c2ccccc2)c2cc(Cl)ccc21,-0.782956951546,Extra trees,-0.22810686249305961,1.7108606202358074,True,0.6065495610237122,True,True
CC1(C)C(C=C2CCCC2)C1C(=O)OCc1coc(Cc2ccccc2)c1,0.762339093178,Extra trees,-0.5563669995838585,1.5507759002988055,True,0.47118648886680603,True,True
CCC[N+](CCC)(CCC)CCC,-1.0931965975,Extra trees,-0.6303614726197283,1.1526520188304805,True,0.6055555939674377,True,True
CC(C)COCC(CN(Cc1ccccc1)c1ccccc1)N1CCCC1,-1.21138785591,Extra trees,-0.34680121543128273,1.4589984305918544,True,0.6751754283905029,True,True
O=S(=O)(c1ccccc1)c1ccccc1,-0.138127197774,Extra trees,-0.8570897304920096,1.247084105167492,True,0.4804210662841797,True,True
Fc1cc2[nH]c(C(F)(F)F)nc2c(Br)c1Cl,1.60002028364,Extra trees,1.7317632373935032,1.9287346098726967,True,0.3531039357185364,True,True
CCN(CCC#N)c1cccc(C)c1,-1.29458355526,Extra trees,-0.4060830648342942,1.204844136372659,True,0.5111684203147888,True,True
C1=CC2C3C=CC(C3)C2C1,-0.44163623665,Extra trees,-1.052686791208519,1.6657399584533288,True,0.7009835243225098,True,True
CC(C)(C)C(=O)CCc1ccc(Cl)cc1,-1.14595960625,Extra trees,-0.9774189049714647,0.9483653845286966,True,0.563595175743103,True,True
Oc1ccc(C(c2ccc(O)cc2)(C(F)(F)F)C(F)(F)F)cc1,-1.00483857928,Extra trees,-0.22917574315798606,3.977323617666393,False,0.5344994068145752,True,False
CCOc1ccc([N+](=O)[O-])cc1,-1.29537118142,Extra trees,-1.1016456055878259,0.8537622751629219,True,0.44075626134872437,True,True
C[N+](C)(C)[O-],-1.89364495708,Extra trees,-0.4269042336458565,1.2516640101431435,True,0.620634913444519,True,True
CCOC(=O)c1ccc(O)cc1,-1.41290016806,Extra trees,-1.1621776919697757,0.982734482597823,True,0.37771961092948914,True,True
CC(C)(C)c1ccc2c(c1)C(C)(C)CC2,-1.88424779882,Extra trees,-0.208838629687001,1.527512159523826,True,0.6787810325622559,True,True
Nc1ccc(O)c(C(=O)O)c1,-1.26207791516,Extra trees,-1.4763983658910436,1.21998595036454,True,0.43777695298194885,True,True
O=[N+]([O-])c1cc2c(ccc3ccccc32)o1,-0.313693613686,Extra trees,-0.5448769046461773,1.3202600338531183,True,0.6267029047012329,True,True
c1cncc(C2=NCCC2)c1,-1.10807469379,Extra trees,-0.42472300485867237,1.2244626417136844,True,0.6828861236572266,True,True
COCCNC(=O)c1nc2c(N)nc(-c3ccccc3)nc2nc1NCCOC,-1.10056724951,Extra trees,-0.34776331924179305,2.2913486320494307,True,0.7234103083610535,True,True
C=C(C)C(=O)OCCCl,-0.129040423665,Extra trees,-0.31632225175570977,1.1062614617472724,True,0.3728417456150055,True,True
Cc1cccc(C(C)C)c1,-1.3449327435,Extra trees,-1.4506740219989573,0.9772823529852224,True,0.5089071989059448,True,True
CCCC=O,-1.53822190631,Extra trees,-1.4927548957490824,0.9193338800526663,True,0.44901958107948303,True,True
ClC(Cl)C(Cl)Cl,-0.0761345342904,Extra trees,-0.734621143512412,1.271290263523016,True,0.630396842956543,True,True
CCN(CC)CC1CCCCN1CC(=O)N1c2ccccc2C(=O)Nc2cccnc21,-0.560698198576,Extra trees,-0.1362057677621817,1.9367542539221583,True,0.7575055360794067,False,False
CCCCNC(=O)n1c(NC(=O)OC)nc2ccccc21,-1.53711856,Extra trees,-0.8034590567905119,1.661861686036451,True,0.5749393105506897,True,True
CN(C)CCOc1ccnc(N)n1,-0.915478521679,Extra trees,-0.7181572564537549,1.0951459373686478,True,0.6016719937324524,True,True
CN(C)C(=O)c1cccc(-c2ccccc2)c1O,-0.896214289615,Extra trees,-0.5927689350087929,1.1191073757725016,True,0.5772727131843567,True,True
COC1CCC=CO1,-1.09176603568,Extra trees,-1.5168943743669185,0.9725918432432005,True,0.6737229228019714,True,True
CCCCCCNCCCCCC,-0.311779300896,Extra trees,-0.2824659103641365,1.1350937275263508,True,0.3145079016685486,True,True
O=C(O)c1ccc([N+](=O)[O-])cc1,-1.06922765707,Extra trees,-0.9500219174786754,0.9308472271219128,True,0.4697500169277191,True,True
CSCCC(N)C(=O)O,-2.38250455086,Extra trees,-1.2758775905704385,0.9573270498620614,True,0.5140740275382996,True,True
Cc1nn(-c2ccccc2)c(=O)c2noc(C)c12,-0.617532677984,Extra trees,-0.5508417983632227,1.6901619959859264,True,0.5995306968688965,True,True
C=CCOC(=O)c1ccccc1C(=O)OCC=C,-0.425506448758,Extra trees,-0.7682490888775418,1.0443968369835916,True,0.4432312846183777,True,True
CCC(C)c1cc([N+](=O)[O-])cc([N+](=O)[O-])c1O,0.982660107732,Extra trees,0.38914867561816086,1.2440544071700184,True,0.399813711643219,True,True
C=CCON=C(CCC)C1C(=O)CC(C)(C)C(C(=O)OC)C1=O,-0.844383185585,Extra trees,-0.8158225683200023,2.1480173162044665,True,0.5472148656845093,True,True
O=[N+]([O-])OCC(CO[N+](=O)[O-])O[N+](=O)[O-],0.334999161806,Extra trees,-0.5665441693369921,1.795482691932119,True,0.49000000953674316,True,True
COc1cccc(N)c1,-0.630533699897,Extra trees,-0.9670417899932637,0.8212581632297479,True,0.49589356780052185,True,True
O=c1[nH]cnc2c1ncn2C1CC(COP(=O)(O)O)C(O)C1O,-1.66474777035,Extra trees,-0.7916819216292014,2.2404226858700627,True,0.7458823919296265,False,False
CCCCCOc1ccc(C2SC(=O)NC2=O)cc1OCC,-1.12673444705,Extra trees,-0.7487503388427447,1.364969613008085,True,0.6950346231460571,True,True
CSc1ccc2c(c1)N(CCC1CCCCN1C)c1ccccc1S2,-0.388196662124,Extra trees,-0.42895281465800233,1.74295544189903,True,0.38993316888809204,True,True
O=C1c2ccccc2C(=O)c2c1cccc2S(=O)(=O)O,-1.80931820549,Extra trees,-0.8135743873567354,1.5705868403009435,True,0.38932859897613525,True,True
Cc1ccc(C(=O)c2ccc(CC(=O)NCC(=O)Nc3cccc(C)c3C)n2C)cc1,-0.493286682016,Extra trees,-0.5254998625825948,1.6539137737408485,True,0.4025817811489105,True,True
CC(C)CCC(C)Nc1ccc(NC(C)CCC(C)C)cc1,-0.391442585432,Extra trees,-0.544951220460865,1.340403623129871,True,0.4869175851345062,True,True
CCN1CCCC1CNC(=O)c1cc(S(N)(=O)=O)ccc1OC,-0.881671679225,Extra trees,-0.6743138716985586,1.459340403310617,True,0.6682730913162231,True,True
NC1CCCCC1,-1.01546176593,Extra trees,0.11503678665899902,0.8511391559535308,True,0.294949471950531,True,True
C=CC(=O)Nc1ccccc1,-0.309290578247,Extra trees,-0.8442257139613251,0.8799049343345646,True,0.4693741798400879,True,True
CCO[Si](CCC#N)(OCC)OCC,-1.4110483716,Extra trees,-0.9949752409760556,1.4112215176526246,True,0.4799145758152008,True,True
FC(F)(F)C(Cl)(Cl)C(Cl)(Cl)C(F)(F)F,-0.420459352553,Extra trees,-0.878018655498635,3.0405870163170077,False,0.6926462054252625,True,False
O=CC(O)C(O)C(O)C(O)CO,-2.15597097532,Extra trees,-1.9062236091915543,1.518167602914994,True,0.5069395899772644,True,True
CNC(=O)ON=C1C(Cl)C2CC(C#N)C1C2,0.985300690432,Extra trees,0.0042813162209973795,2.296239373500452,True,0.6619106531143188,True,True
CCSCCOc1ccc([N+](=O)[O-])cc1,-0.560418828938,Extra trees,-0.7907648427917915,0.88977333395774,True,0.5487039685249329,True,True
Oc1ccc(Cc2ccc(O)cc2)cc1,-1.39306086899,Extra trees,-0.989813548013742,0.9879863319748676,True,0.4967418611049652,True,True
CN(C)C(CSC(N)=O)CSC(N)=O,0.039477586649,Extra trees,-0.5833938954785461,1.3535448025233845,True,0.6633433699607849,True,True
O=C=NCCCCCCN=C=O,-0.64224070074,Extra trees,-0.7457435133332085,0.9742971253823749,True,0.5452204942703247,True,True
CCC(=O)OC(=O)CC,-1.25849117137,Extra trees,-1.5392040975331855,0.8814215252232827,True,0.4642046093940735,True,True
C=C[Si](Cl)(Cl)Cl,-0.0706348717052,Extra trees,-0.575717431864118,1.3110808359722403,True,0.7201298475265503,True,True
CCOP(=O)(OCC)SCCN(CC)CC,1.91178691,Extra trees,2.0784205590100275,1.5613560358035854,True,0.37370389699935913,True,True
COP(=S)(OC)Oc1ccc(C#N)cc1Cl,0.443513325051,Extra trees,-0.36123387014307207,1.5848600845253982,True,0.5137394070625305,True,True
CC(=O)c1ccc2c(c1)N(CCCN(C)C)c1ccccc1S2,0.0438827252035,Extra trees,-0.19514641894108822,1.5288735513863048,True,0.27886080741882324,True,True
O=C=Nc1ccc([N+](=O)[O-])cc1,-0.988958487282,Extra trees,-0.6435604302731066,0.9981028819982547,True,0.510600209236145,True,True
N#CC=CC#N,-0.228067514789,Extra trees,-0.40103810417965363,1.1303718419858186,True,0.5561965703964233,True,True
Cc1cc([N+](=O)[O-])cc([N+](=O)[O-])c1,-0.0740603541693,Extra trees,-0.36529220093330733,1.1951627010597954,True,0.42596036195755005,True,True
CC(C)CCCCCCCCCCOP(OCCCCCCCCCCC(C)C)OCCCCCCCCCCC(C)C,-1.28049747836,Extra trees,-1.193655496774048,2.6354857134756937,True,0.6461109519004822,True,True
Cc1cc(C(C)(C)C)cc(C)c1CC1=NCCN1,0.0867311226819,Extra trees,1.0353720312769896,1.9974437112440422,True,0.5069513320922852,True,True
c1ccc(CCc2ccccc2)cc1,-1.39424054849,Extra trees,-1.2239560858578105,1.1380077186936028,True,0.37597522139549255,True,True
CCCCCCCCn1sccc1=O,-0.411290406194,Extra trees,-0.6522262655364698,1.0478898926025948,True,0.6499407887458801,True,True
CC#N,-1.78241817533,Extra trees,-0.3770967260233681,1.2338468733265087,True,0.6545454263687134,True,True
CCCCCCCCCCCCC(Br)C(=O)O,-0.41556699979,Extra trees,-0.8013550611981819,1.1325179433540322,True,0.5555555820465088,True,True
O=S(=O)(O)c1ccc2ccccc2c1,-1.32883967099,Extra trees,-1.7808906027399891,1.123628141261043,True,0.4182283282279968,True,True
CCC(C)(C)O,-1.05477767585,Extra trees,-1.334059342525451,0.9111643966559351,True,0.5236610174179077,True,True
CNC(N)=S,0.255947546458,Extra trees,0.12723652468744345,1.4184709327958847,True,0.5360308289527893,True,True
CCN(CC)CCOCCOC(=O)C(CC)(CC)c1ccccc1,0.459862770601,Extra trees,0.2632259093969969,1.9663645382689774,True,0.3317355215549469,True,True
Cc1cccc(Nc2ccccc2C(=O)O)c1C,-0.486692408393,Extra trees,-0.3855414795649713,1.1724338360463775,True,0.41239482164382935,True,True
CNC(=O)Oc1c(C(C)C)ccc(C)c1N(C)C,0.572458906559,Extra trees,0.24305978868021438,1.6339685284612746,True,0.505307674407959,True,True
O=S(=O)(O)NC1CCCCC1,-1.82577055161,Extra trees,-0.89984560982061,0.9332394739127037,True,0.6130119562149048,True,True
Clc1cnn(CCCCN2CCN(c3ncccn3)CC2)c1,0.0223379239845,Extra trees,-0.24415009187616274,1.3908124384743221,True,0.6646388173103333,True,True
NCCCNCCNCCCN,-0.837903774036,Extra trees,-0.8908539353205182,1.2040887908547333,True,0.2439560443162918,True,True
CCOP(=S)(OCC)Oc1cc(C)c(SC)c(C)c1,-0.0683387685887,Extra trees,1.1245155237824767,1.5613182203235492,True,0.4306100010871887,True,True
CN(C)CCOC(=O)COc1ccc(Cl)cc1,-1.00384209143,Extra trees,-0.4684177071449957,0.9828656129513431,True,0.40097755193710327,True,True
CCOP(=O)(OCC)SCCS(=O)(=O)CC,2.18413829306,Extra trees,1.4820235104770532,1.6303976475604687,True,0.40371647477149963,True,True
Cc1onc2c(=O)n(-c3ccccc3)nc(-c3ccccc3)c12,-0.518097500261,Extra trees,-0.5686991018917926,1.815315629194262,True,0.5188347101211548,True,True
CN(C)P(=O)(N(C)C)n1nc(-c2ccccc2)nc1N,1.16775880732,Extra trees,0.08125540244877487,1.8787348497312857,True,0.7269509434700012,True,True
C[N+](=O)[O-],-1.18751332214,Extra trees,-0.5330261277043996,1.0930064566754218,True,0.5573626756668091,True,True
CCCCCCc1ccc(C)cc1O,-1.07774403055,Extra trees,-1.0498152027326952,1.007131572531994,True,0.035978831350803375,True,True
NC(=S)NC(=S)Nc1ccccc1,-0.0730405053473,Extra trees,0.4070145765163361,1.555611695805029,True,0.4166666567325592,True,True
Cc1ccc(Cl)cc1Cl,-1.17330445207,Extra trees,-0.9417587255543011,0.9856121929564416,True,0.46391305327415466,True,True
CC(O)(P(=O)(O)O)P(=O)(O)O,-1.19227827629,Extra trees,-0.4538971626089976,1.6403862448343154,True,0.24857144057750702,True,True
C=CC=C,-2.00564752672,Extra trees,-0.45091246326790146,1.2286713212802836,True,0.635454535484314,True,True
CCCSC(=O)Cl,-0.910899376489,Extra trees,-0.7836890001206981,0.9040212674947146,True,0.6251281499862671,True,True
O=C1C=CCC2C3CCCN4CCCC(CN12)C34,0.0993035537495,Extra trees,-0.03134919547092619,2.200938741379776,True,0.79909348487854,False,False
ClC=CC[N+]12CN3CN(CN(C3)C1)C2,-0.299019523617,Extra trees,-0.11168281344868812,3.9163326907564624,False,0.7421818375587463,False,False
C=CCOCC1CO1,-1.14666690568,Extra trees,-0.8850066031325897,0.9257849888539689,True,0.5288729667663574,True,True
CN(C)C1C(=O)C(C(N)=O)C(=O)C2(O)C(=O)C3C(=O)c4c(O)cccc4C(C)(O)C3C(O)C12,-1.01806913972,Extra trees,-0.3008078852687694,5.753091431718216,False,0.45383158326148987,True,False
O=C(O)c1cc(-c2ccc(F)cc2F)ccc1O,-0.194997018885,Extra trees,-0.05892408927786452,1.3957600383871565,True,0.5839716196060181,True,True
COP(=S)(Cl)OC,-0.526783441665,Extra trees,-0.5382601238030286,1.249218857245367,True,0.5799724459648132,True,True
CC(C)c1ccc(N)cc1,-0.862439551096,Extra trees,-0.7999939827000202,0.840916441938059,True,0.4656140208244324,True,True
CCO[Si](C)(C)OCC,-1.79647420669,Extra trees,-1.240827862764157,1.266395224334234,True,0.5677244663238525,True,True
O=C(O)COc1nn(Cc2ccccc2)c2ccccc12,-0.628471889041,Extra trees,-0.5015585415545329,1.364648061043179,True,0.538670539855957,True,True
Nc1nccs1,-0.68063365296,Extra trees,-0.5827731426232904,1.2060921782862755,True,0.7138522863388062,True,True
CN(N=O)C(N)=O,-0.0282140567207,Extra trees,-0.2504395960898265,1.0146847304953721,True,0.4654631018638611,True,True
CCO[Si](CNCCCCCCN)(OCC)OCC,-0.232851565069,Extra trees,-0.6909754428707379,1.5755446028814937,True,0.5431795120239258,True,True
NS(=O)(=O)c1c(Cl)c(Cl)c(Cl)c2[nH]c(C(F)(F)F)nc12,0.647415395883,Extra trees,1.2560909860315965,2.1009671315019913,True,0.34625571966171265,True,True
NC(=O)c1ncn(C2OC(CO)C(O)C2O)c1O,-1.04072233334,Extra trees,-0.8417228818004234,1.994830751709609,True,0.6647717952728271,True,True
CCCC[N+](CCCC)(CCCC)CCCC,-0.731385578184,Extra trees,-0.4436904912959076,1.2960455148255274,True,0.4833333492279053,True,True
CC1(C)CC(N=C=O)CC(C)(CN=C=O)C1,-0.653083992601,Extra trees,-0.4820939339513926,1.3646461646812358,True,0.7168787121772766,True,True
CC(Cc1ccccc1)N(C)Cc1ccccc1,0.174935221425,Extra trees,0.23650578301000189,1.132083706897293,True,0.43704357743263245,True,True
N#CCCN1CC=C(c2cccc(C(F)(F)F)c2)CC1,-0.211091777078,Extra trees,-0.15781253541290322,1.3464966874869067,True,0.715582013130188,True,True
O=C(O)C(F)(OC(F)(F)C(F)(F)C(F)(F)F)C(F)(F)F,-0.702603454813,Extra trees,-0.16758499486201048,3.056584728475124,False,0.630620002746582,True,False
O=[N+]([O-])c1ccc(C(O)C2COC(C(Cl)Cl)=N2)cc1,-1.29369482933,Extra trees,-0.5288891591662956,1.3228901777629476,True,0.6696274876594543,True,True
O=C1C(CCS(=O)c2ccccc2)C(=O)N(c2ccccc2)N1c1ccccc1,0.0530140374185,Extra trees,-0.17678832447344642,1.7799776591213265,True,0.45172515511512756,True,True
CCCC(C)=O,-1.26894535311,Extra trees,-1.4597693064367407,0.8791477396227605,True,0.3882156312465668,True,True
C#N,0.881381106964,Extra trees,0.0005302409764333258,1.55790736391859,True,0.3499999940395355,True,True
CCC1C(C)=NN=C(c2ccc(OC)c(OC)c2)c2cc(OC)c(OC)cc21,-0.333867937555,Extra trees,-0.0973150638759358,1.9068988261470883,True,0.6621464490890503,True,True
CC(=O)Nc1ccc(N=Nc2c(S(=O)(=O)O)cc3cc(S(=O)(=O)O)cc(NC(C)=O)c3c2O)cc1,-1.61156166275,Extra trees,-1.1005881806378546,2.6244793795774766,True,0.5262735486030579,True,True
O=C(O)CCc1nc(-c2ccccc2)c(-c2ccccc2)o1,-1.18296289896,Extra trees,-0.6635259958082487,1.369893918148181,True,0.6321371793746948,True,True
CC(C)OP(=S)(OC(C)C)SCn1nc(-c2ccccc2)ccc1=O,-1.79753346797,Extra trees,0.08385842781972516,1.989576977146694,True,0.39091116189956665,True,True
CCCCCCCCCCCC[N+](C)(C)Cc1ccc(Cl)c(Cl)c1,-0.251726986987,Extra trees,-0.060110056402317945,1.353482261926398,True,0.44583335518836975,True,True
COP(=S)(NC(C)C)Oc1ccc(Cl)cc1Cl,0.0657871291659,Extra trees,0.33124706716207186,1.323127624754844,True,0.5513958930969238,True,True
NS(=O)(=O)c1ccc2nc(C(F)(F)F)[nH]c2c1,1.10137443479,Extra trees,0.4212166787387782,1.6073282787498457,True,0.39394640922546387,True,True
CCOc1cc(OCC)c(C(=O)CCC(=O)O)cc1OCC,-0.897319920543,Extra trees,-0.7547765602657863,1.237758183300076,True,0.6037790775299072,True,True
CNC(C)C(O)c1ccccc1,-0.601439282316,Extra trees,-0.3618336093230041,0.8327351808477703,True,0.39930158853530884,True,True
OCC1OC(n2cnc3c(S)ncnc32)C(O)C1O,-0.500480912887,Extra trees,-0.9568849585003659,2.1076614024152924,True,0.664542019367218,True,True
C=C(C#N)OC(C)=O,0.0457140529761,Extra trees,-0.9318465119286033,1.0106916161470865,True,0.6007208824157715,True,True
CC(C)(Oc1ccc(C(=O)c2ccc(Cl)cc2)cc1)C(=O)NCCS(=O)(=O)O,-0.672985630298,Extra trees,-0.4627457825000951,1.5849286559921798,True,0.44900116324424744,True,True
CCCCCCCCCCCCCCCCCCO,-1.86886110933,Extra trees,-1.4168689156543066,1.2909420292534217,True,0.0,True,True
O=C1NCC2(CCN(CCc3ccccc3)CC2)O1,-0.168017558225,Extra trees,-0.5756901703869994,1.5032790979312969,True,0.5202714800834656,True,True
CC(C)C(=O)OC(=O)C(C)C,-1.68729246467,Extra trees,-1.499131454681607,1.0427761461122884,True,0.5486111044883728,True,True
CCCCCCCCCCc1ccccc1S(=O)(=O)O,-0.890630950021,Extra trees,-0.49520884585100444,1.158599110606208,True,0.420301616191864,True,True
O=C(O)CCC(=O)c1ccc(C2CCCCC2)c(Cl)c1,0.390316766672,Extra trees,0.023609092962999966,1.1650189487688265,True,0.4504559636116028,True,True
O=C(O)CSc1cc(Cl)ccc1Cl,-0.903840371002,Extra trees,-0.5667464996458114,1.0986714532947564,True,0.5774435997009277,True,True
CCOP(=O)(OCC)OP(=O)(OCC)OCC,2.76371093463,Extra trees,1.3580339121717944,2.053913110045686,True,0.4452381134033203,True,True
CC(=O)CNC(C)(C)Cc1ccccc1,-0.0397914641776,Extra trees,-0.31102533189212506,0.9011595178293197,True,0.4911239743232727,True,True
CC(C)(C)NCC(O)CSc1nc(-c2ccc(C(N)=O)s2)cs1,0.676151056848,Extra trees,-0.43811576543431685,1.7827316722347124,True,0.7389988899230957,False,False
CCCCOC(=O)c1ccccc1C(=O)OCCCC,-1.35475245688,Extra trees,-1.3173294941432765,0.9873277733823416,True,0.15201017260551453,True,True
COP(N)(=S)OC,-0.463195303959,Extra trees,-0.4960852699611629,1.1394901160807138,True,0.58918297290802,True,True
O=C(O)C=CC(=O)O,-0.785305795246,Extra trees,-1.7154120131899888,1.093153841211351,True,0.08571428060531616,True,True
CN(C)C(=O)n1c(Br)nc(Br)c1Br,0.876036869887,Extra trees,0.15027070824713507,1.6891858307938383,True,0.7094165086746216,True,True
C[n+]1ccc(-c2cc[n+](C)cc2)cc1,0.24480674715,Extra trees,0.42119880757599737,1.2805276933213512,True,0.481058269739151,True,True
Cc1cccs1,-1.5132154124,Extra trees,-0.7780805089467616,1.3533856128122794,True,0.6958897709846497,True,True
CC(C)c1ccccc1N,-0.940873172951,Extra trees,-1.0843803882296337,0.8551334509576041,True,0.5021780133247375,True,True
CNC(C)C(O)c1ccccc1,-0.560046597158,Extra trees,-0.3618336093230041,0.8327351808477703,True,0.39930158853530884,True,True
COc1nc(Cl)nc(OC)n1,-0.695068925366,Extra trees,-0.4055642992646269,1.3740801873891277,True,0.633554220199585,True,True
CS(=O)(=O)OC(CCN1CCCCC1)(c1ccccc1)c1ccccc1,-0.521119440115,Extra trees,-0.2086067456827128,1.5677366604864529,True,0.550389289855957,True,True
CC(C)CCON=O,-0.634556489851,Extra trees,-0.19234818050421523,0.9600826198916432,True,0.5791984796524048,True,True
O=[N+]([O-])c1cc([N+](=O)[O-])c(F)cc1F,0.610849602994,Extra trees,-0.20110786241078588,1.4967274775300878,True,0.5156421065330505,True,True
FC(F)(F)c1nc2c(Br)c(Br)c(Br)cc2[nH]1,1.76997574335,Extra trees,1.6784565509152372,2.1670060300229697,True,0.34416431188583374,True,True
CCOC(=O)c1ccccc1S(=O)(=O)NC(=O)Nc1nc(Cl)cc(OC)n1,-0.995135961206,Extra trees,-0.7101185130242474,1.8677790121111384,True,0.5553825497627258,True,True
N=C(N)NC(=N)NCCc1ccccc1,-0.500598454363,Extra trees,-0.5888902506090024,1.467512665676455,True,0.4447344243526459,True,True
CCOC(=O)C1OC1(C)c1ccccc1,-1.42361232621,Extra trees,-0.8646563712512032,1.1511311703304035,True,0.5824300050735474,True,True
CCOC(C)CO,-1.83421449636,Extra trees,-1.4814357090350223,0.8674239002517041,True,0.5751044154167175,True,True
CC(=O)Oc1c([N+](=O)[O-])cc([N+](=O)[O-])cc1C(C)(C)C,0.65824536025,Extra trees,0.8190763481062024,1.8311314990660188,True,0.4665745794773102,True,True
COP(=S)(OC)SCCSc1ccc(Cl)cc1,0.516958234677,Extra trees,0.6382390158137156,1.39693492357111,True,0.4455021917819977,True,True
CC1=NC(=O)NC(=O)C1N(CCCl)CCCl,2.04486626509,Extra trees,1.625782126312714,1.619705281305981,True,0.6505165100097656,True,True
CCOC(=O)C1=C(C)N=C(C)C(C(=O)OC)C1c1cccc2c1OCO2,-0.485841197725,Extra trees,-0.3416943224367708,2.243749751270741,True,0.5061327219009399,True,True
CCCCCCCCCCCCOS(=O)(=O)O,-0.529929426225,Extra trees,-0.6884091417589967,1.015301421700693,True,0.18908187747001648,True,True
O=C(O)Cc1ccccc1Nc1c(Cl)cccc1Cl,0.778328762539,Extra trees,0.6756317106820069,1.1602949439369583,True,0.2179536372423172,True,True
Oc1ccc(Cl)cc1-c1ccccc1,-1.18875063621,Extra trees,-1.10450722883006,1.0049872807453362,True,0.4799533784389496,True,True
Cc1ccccc1-n1c(C)nc2ccc(N)cc2c1=O,0.645602065501,Extra trees,-0.28603696315373506,1.2404069658618364,True,0.4123550355434418,True,True
C=CCOC(=O)C(=C)C,0.255806423712,Extra trees,-0.6219968530136158,1.0669855845861034,True,0.4256436824798584,True,True
O=[N+]([O-])c1cccc(O)c1,-0.372515491191,Extra trees,-0.5234108154250079,0.9215356621462206,True,0.4443814158439636,True,True
CCCCCCCCc1ccccc1O,-1.13259776907,Extra trees,-0.9862296437997572,0.9106727809301802,True,0.22854113578796387,True,True
N=C=O,-0.84448189781,Extra trees,-0.9519628350690105,1.236803791242886,True,0.6579999923706055,True,True
COc1cc([N+](=O)[O-])ccc1N,-0.772993139733,Extra trees,-1.2419346683414265,0.9962259499316402,True,0.3860357403755188,True,True
CCC1CN2CCc3cc(OC)c(OC)cc3C2CC1CC1NCCc2cc(OC)c(OC)cc21,4.66399130577,Extra trees,-0.059787055639493,2.593787151865902,True,0.708848237991333,True,True
CCCCCCCOCCO,-1.15311782823,Extra trees,-0.966905247821771,0.9997834776757435,True,0.10761904716491699,True,True
ClC1C(Cl)C(Cl)C(Cl)C(Cl)C1Cl,0.463609332757,Extra trees,-0.44390568545932946,1.9007914070846432,True,0.31244444847106934,True,True
CC(N)C12CC3CC(CC(C3)C1)C2,-0.472188903815,Extra trees,-0.6053023976565496,1.429956745073925,True,0.7514222264289856,False,False
Cc1cc(Cl)cc2sc(-c3sc4cc(Cl)cc(C)c4c3OS(=O)(=O)O)c(OS(=O)(=O)O)c12,-0.861776985593,Extra trees,0.11951820442498683,2.7697144528786213,True,0.7272179126739502,True,True
Cc1ccccc1[N+](=O)[O-],-0.812232193609,Extra trees,-1.110865857620768,0.8820866893712392,True,0.43794259428977966,True,True
O=C(CCl)c1ccccc1,0.490211382557,Extra trees,-0.3166649396706988,0.9940605809440943,True,0.47065219283103943,True,True
Cc1cc(C)c(Cc2cc(C)c(C)cc2C)cc1C,-1.25112144087,Extra trees,-1.3165765062053674,1.46121582130852,True,0.6338095664978027,True,True
O=C1C2CC=CCC2C(=O)N1SC(Cl)(Cl)Cl,-1.47628244873,Extra trees,-0.8386192333945963,1.7667609332262582,True,0.6544870138168335,True,True
CCOC(=O)CC(CC(=O)OCC)(OC(C)=O)C(=O)OCC,-1.34223139754,Extra trees,-1.5609586029399691,1.5966628439165764,True,0.5154933333396912,True,True
NC(=O)c1cc2cc(CN3CCCCC3)ccc2o1,0.0142197287773,Extra trees,-0.5447189918010851,1.313284549245644,True,0.6630827188491821,True,True
NC(=O)c1ccc2nc(C(F)(F)F)[nH]c2c1,0.860009594855,Extra trees,0.9733332007306182,1.5253883131627304,True,0.39174240827560425,True,True
c1ccc(N=Nc2ccccc2)cc1,-0.739389662765,Extra trees,-0.6354260489636926,1.104368976095418,True,0.4540732502937317,True,True
CCSC(=O)N(CC)CC,-0.394533350658,Extra trees,-0.7905921222792034,0.957342386155055,True,0.45926347374916077,True,True
CNC(=O)ON=CC(C)(C)SC,2.58037747554,Extra trees,1.8330322669352284,1.7140538052734517,True,0.5216116905212402,True,True
Nc1nc2cc(I)ccc2o1,-0.584969869095,Extra trees,-0.47180308976060437,1.6849214733953346,True,0.49362850189208984,True,True
CP(=S)(Oc1ccccc1)Oc1ccc([N+](=O)[O-])cc1,1.58726184798,Extra trees,0.8016083465333576,1.6721023678520657,True,0.4378015398979187,True,True
CNC(=O)Oc1cc(C)cc(C(C)C)c1,0.772474678445,Extra trees,0.34376078451042313,1.5309605840311327,True,0.36744987964630127,True,True
CCCCCCCCC=CCCCCCCCC(=O)N(C)CCS(=O)(=O)O,-0.601447295863,Extra trees,-0.8079178784526665,1.4776976945293057,True,0.5485016703605652,True,True
CC=NN(C)C=O,-0.504624799666,Extra trees,-0.8102137626555066,0.9408430571949957,True,0.7007290124893188,True,True
C=C(C)c1ccccc1,-1.61765576612,Extra trees,-1.2183967475957682,0.9757303026425892,True,0.5523809194564819,True,True
CC(Cc1ccc(C(C)(C)C)cc1)CN1CCCCC1,-0.723568386176,Extra trees,-0.45091678800787893,1.1840961120034494,True,0.5714918971061707,True,True
ClCC(Cl)(Cl)Cl,-0.601179341327,Extra trees,-0.7841961400655589,1.1628566399798208,True,0.5646798014640808,True,True
CCOC(=O)C1=C(C)N=C(C)C(C(=O)OCC)C1C1=COCCO1,-0.77314369803,Extra trees,-0.8317027994845716,2.190250113053289,True,0.4191914498806,True,True
CC(=O)C=CC1C(C)C=C(C)CC1C,-1.43201953817,Extra trees,-1.2799433383021286,1.0822013033914142,True,0.7502459287643433,False,False
C=CC(OC(C)=O)OC(C)=O,0.655009389765,Extra trees,-0.5252381970180984,0.9044352246002111,True,0.5702732801437378,True,True
ClC=C(Cl)Cl,-1.57343582909,Extra trees,-0.5847842455535008,1.1252493468470899,True,0.6566666960716248,True,True
COC(=O)c1cc(Oc2ccc(Cl)cc2Cl)ccc1[N+](=O)[O-],-1.2719888104,Extra trees,-0.6942407084137718,1.30533522194126,True,0.4195402264595032,True,True
COP(=S)(OC)Oc1ccc([N+](=O)[O-])c(Cl)c1,0.0188610179738,Extra trees,-0.06818726642622464,1.6703924004837623,True,0.27525097131729126,True,True
S=C=S,-1.19762543192,Extra trees,-0.5648834855784663,1.4887850126419224,True,0.7783422470092773,False,False
CC(=O)CCCCCCCC(=O)O,-1.22126306413,Extra trees,-1.1941451723620153,1.1119572810859426,True,0.35547691583633423,True,True
CC(CO)Oc1ccccc1,-1.26939177718,Extra trees,-1.0791616959438584,0.7607934183561087,True,0.5741277933120728,True,True
CC(Cc1ccc(O)cc1)NCC(O)c1cc(O)cc(O)c1,-0.619483514701,Extra trees,-0.8940802291367721,1.6175543333002078,True,0.5357904434204102,True,True
CN(C)C(=O)Nc1ccc(Oc2ccc(Cl)cc2)cc1,-1.01360153132,Extra trees,-0.5736763182141451,1.1215691482981947,True,0.339937299489975,True,True
COc1ccc2c(c1)OC(C)(C)C(c1ccccc1)C2c1ccc(OCCCCl)cc1,-0.0585084330793,Extra trees,0.03571298363624657,2.082131213020026,True,0.47883668541908264,True,True
Nc1nc2cc(Cl)ccc2o1,-0.666400698842,Extra trees,-0.5192846842009017,1.3714096518443277,True,0.40239566564559937,True,True
CCCCC=CCCCCCCOC(C)=O,-1.77327632741,Extra trees,-1.4751414473226803,0.9175033416541396,True,0.4000000059604645,True,True
Cc1ccc2nc3sc(=O)sc3nc2c1,-0.671638945231,Extra trees,-0.6046139038350905,1.5248433634604024,True,0.6523652076721191,True,True
CC(C)=CCCC(C)=CC=O,-1.50723248043,Extra trees,-0.5164497872299945,0.9951730948230052,True,0.37347251176834106,True,True
C[N+](C)(C)CCCCCCBr,-0.819686943145,Extra trees,-0.09822504117624184,1.144137223138221,True,0.4488888680934906,True,True
O=C(Cn1ccnc1)c1ccc2ccccc2c1,-0.266697606466,Extra trees,-0.5992191861538853,1.1368924188243839,True,0.6450389623641968,True,True
C=CC=CC=CCCCCC,-1.70183626646,Extra trees,-1.0883023642227159,1.4422754902939858,True,0.5648074150085449,True,True
CCN1CCCC1CNC(=O)c1cc(S(N)(=O)=O)ccc1OC,-1.45792440695,Extra trees,-0.6743138716985586,1.459340403310617,True,0.6682730913162231,True,True
CCCCP(CCCC)CCCC,-0.569018140569,Extra trees,-0.609148906523831,1.1295245433585905,True,0.5918552279472351,True,True
CC(CCN(C)C)N(C)C,-0.715909334427,Extra trees,-0.3003499119052318,1.0625860068973183,True,0.5724590420722961,True,True
CNc1ccccc1,-0.824896535915,Extra trees,-0.584383600904527,0.8853843328877007,True,0.5200501680374146,True,True
CCCCOCN(C(=O)CCl)c1c(CC)cccc1CC,-0.746603491395,Extra trees,-0.7693339170305626,1.2551101326143517,True,0.34644490480422974,True,True
O=C1NC(=O)C(c2ccccc2)(c2ccccc2)N1,0.00393076313573,Extra trees,-0.7465368690529932,1.4002072434854558,True,0.4979793131351471,True,True
COc1nc(C(F)(F)F)nc(=NC(O)=NS(=O)(=O)c2ccccc2C(F)(F)F)[nH]1,-1.02344517471,Extra trees,-0.3706936966293102,2.2955677657171787,True,0.750245988368988,False,False
CCC1(CC)C(=O)C=CN(CN2CCOCC2)C1=O,-0.864596579781,Extra trees,-0.5317647503778524,1.4583045999831035,True,0.6138602495193481,True,True
N#Cc1cc(I)c(O)c(I)c1,0.545061806758,Extra trees,0.6263965214914952,1.5542740811378204,True,0.33808666467666626,True,True
COP(=S)(OC)Oc1ccc(C#N)cc1,-0.377428707244,Extra trees,0.12587373411643274,1.5151717457048495,True,0.5239660143852234,True,True
CCCCCC(=O)NO,-1.38729889535,Extra trees,-1.366471894731585,0.862663029979096,True,0.40130433440208435,True,True
CSc1nc(C(C)(C)C)nn1C(=O)N(C)C,1.20833383794,Extra trees,-0.47711747678711286,1.5517899603116772,True,0.7546442747116089,False,False
c1ccc2sc(SN(C3CCCCC3)C3CCCCC3)nc2c1,-1.26776914018,Extra trees,-0.9645860388771886,1.6472294172716286,True,0.5404992699623108,True,True
Cc1ccc(N(CC2=NCCN2)c2cccc(O)c2)cc1,-0.59472877968,Extra trees,-0.6476491876899996,1.615814645929686,True,0.5233111381530762,True,True
Nc1cccc2ccccc12,-0.321211612708,Extra trees,-0.7181267586780602,0.9556247390910653,True,0.4793623089790344,True,True
CCN(C)C,-0.909637427234,Extra trees,-0.8198462889336982,1.0025450691778597,True,0.5549650192260742,True,True
Cc1cc(OC(=O)N(C)C)nn1C(=O)N(C)C,0.982746887721,Extra trees,-0.44276257402271896,1.6969534976001022,True,0.6193456053733826,True,True
OCCOCCOCCOCCOCCOCCO,-2.05438832344,Extra trees,-1.8740943743251535,1.701203408398388,True,0.14318181574344635,True,True
CC(C)CCCCCCO,-1.31507637049,Extra trees,-1.2296021358020526,0.8971869855090403,True,0.5079797506332397,True,True
Cc1onc(-c2c(Cl)cccc2Cl)c1C(=O)NC1C(=O)N2C1SC(C)(C)C2C(=O)O,-0.845919103015,Extra trees,-1.101778921036372,2.4625755071815303,True,0.35056033730506897,True,True
COP(=S)(Oc1ccc([N+](=O)[O-])cc1)Oc1ccc([N+](=O)[O-])cc1,0.0743639191816,Extra trees,0.7209009387029652,2.197865798959303,True,0.3143673539161682,True,True
ClCCCCCCCCC(Cl)(Cl)Cl,-0.14327111161,Extra trees,-0.8662783277401671,1.282109642101453,True,0.5741175413131714,True,True
CC(CN1CCOCC1)C(C(=O)N1CCCC1)(c1ccccc1)c1ccccc1,0.737762792181,Extra trees,0.8783785786930023,1.8911277207959132,True,0.49930182099342346,True,True
CCCCCCCCCCCCSC#N,-0.74010044782,Extra trees,-1.4093245365158038,1.1712100442850755,True,0.45453301072120667,True,True
CCC(C)S,-1.75888403522,Extra trees,-0.9390499635077458,0.970101063681423,True,0.634173572063446,True,True
CNC(=O)c1cc(OC)n(-c2cccc(Cl)c2)n1,-0.763129146473,Extra trees,-0.5765586992677227,1.3823144745292344,True,0.6637888550758362,True,True
OCCN1CCOCC1,-1.62251160652,Extra trees,-1.2667445112131384,0.9650798593083131,True,0.42783188819885254,True,True
S=C1NCCS1,-0.400844999315,Extra trees,-0.37884373162459917,1.0881011286280482,True,0.6718431711196899,True,True
CCCSP(=S)(OCC)Oc1ccc(Cl)cc1Cl,-0.403899510941,Extra trees,0.247671519526175,1.5342984942190343,True,0.41142362356185913,True,True
CCOP(=O)(OCC)SC(P(=O)(OCC)OCC)(P(=O)(OCC)OCC)P(=O)(OCC)OCC,1.32549368142,Extra trees,1.098578716756166,4.534605075207306,False,0.4724530577659607,True,False
COC(=O)Cl,0.197234588787,Extra trees,-0.5824524226449312,0.9628341929641727,True,0.5254701375961304,True,True
CCCCC1C(=O)NN(c2ccccc2)C1=O,-0.877020613353,Extra trees,-0.39252518807003256,1.2185721375422354,True,0.5152352452278137,True,True
O=P(OC=C(Cl)Cl)(OCCCl)OCCCl,1.10436418539,Extra trees,0.059242163921112936,1.656822991974709,True,0.48830756545066833,True,True
Cc1cc(NC(=O)c2ccccc2O)n(-c2ccccc2)n1,-0.653552274309,Extra trees,-0.5492649662699836,1.460187846491206,True,0.578421413898468,True,True
CC(C)c1noc2nc(C(C)(C)C)ncc12,-1.84650586533,Extra trees,-0.4963184008431623,1.5676607845422543,True,0.8047038912773132,False,False
C=C(C)C1CC=C(C)C(=O)C1,-1.51346545145,Extra trees,-1.038113219470005,1.0030310232753779,True,0.4842243790626526,True,True
CC1(C)COS(=O)(=O)OC1,1.22060489421,Extra trees,-0.7519166195323164,1.3961918788631553,True,0.7303348779678345,True,True
CCCCCCCCOS(=O)(=O)O,-1.1391568504,Extra trees,-0.9660364053013558,0.9068086928441168,True,0.18908187747001648,True,True
CCCN(CCC)S(=O)(=O)c1ccc(C(=O)O)cc1,-0.717585282187,Extra trees,-0.7487269086190043,1.1654906026059266,True,0.4555138647556305,True,True
C[Si](C)(C)CC(=O)O,-1.35577814068,Extra trees,-1.2529559771146628,1.1563310716175998,True,0.6176470518112183,True,True
Cc1c(Cl)c(Cl)c(Cl)c2[nH]c(C(F)(F)F)nc12,1.67004165313,Extra trees,1.3022200402228081,1.800754994593463,True,0.29413166642189026,True,True
FC(Cl)(C(Cl)(Cl)Cl)C(Cl)(Cl)Cl,-0.217269466206,Extra trees,-0.43168666380678716,1.8063574507473774,True,0.7041667103767395,True,True
CC(C)N1C=CC(=C2C(=O)c3ccccc3C2=O)C=C1,-0.737611089587,Extra trees,-0.3432612497295531,1.861229215681425,True,0.6516175866127014,True,True
CCC(=O)OC,-1.75405135593,Extra trees,-1.701019237855747,0.866216880415289,True,0.4433625638484955,True,True
CCC1(NC(N)=O)CCCC1,-0.783961941515,Extra trees,-0.5828589556888762,1.0533752133849168,True,0.688372015953064,True,True
O=C(O)c1ccc(C(=O)O)cc1,-1.07180276806,Extra trees,-1.65817150416312,1.0064201948655362,True,0.2688235342502594,True,True
CNC(=O)Oc1cc(C)c(C)c(C)c1,0.0356905158487,Extra trees,0.1880095022801511,1.538067520383069,True,0.30584436655044556,True,True
CCOc1ccc([N+](=O)[O-])cc1CNCCCl,1.01485644054,Extra trees,0.9140762004190013,1.2813823638408453,True,0.35502174496650696,True,True
CC(C)(C)C(O)C(Cc1ccc(Cl)cc1)n1cncn1,-0.645903668817,Extra trees,-0.8068981897397369,1.4015451821380018,True,0.4720192849636078,True,True
O=C(Cl)CCl,-0.265215542174,Extra trees,0.19494337801896391,1.046025476008738,True,0.4769230782985687,True,True
CCC(C(=O)C(C)C(O)C(C)CCc1ccc(C)c(O)c1C(=O)O)C1OC(CC)(C2CCC(O)(CC)C(C)O2)CC1C,0.685079166389,Extra trees,-0.08137462627123186,2.7338552793098794,True,0.7908891439437866,False,False
COc1ccc(Cc2nccc3cc(OC)c(OC)cc23)cc1OC,0.01881694925,Extra trees,0.7374261233990025,1.5499362217369028,True,0.472944974899292,True,True
CC(C)OCCCO,-1.52953069616,Extra trees,-1.4591264167607967,0.8281758200874929,True,0.5938054323196411,True,True
CCC=CCC1=C(C)CCC1=O,-1.48355676166,Extra trees,-1.0110448657791566,0.97508408197807,True,0.6913473606109619,True,True
CCN(CC)C(=S)Sc1nc2ccccc2s1,-1.32722504381,Extra trees,-0.6369019747592887,1.586742506118618,True,0.5702683329582214,True,True
Cc1cc(C(=O)c2ccccc2)ccc1N,-0.520272526142,Extra trees,-0.8862224508909109,0.8599387618969376,True,0.5405868291854858,True,True
CCC(CC)C(=O)O,-1.27736606377,Extra trees,-1.1835064018430341,0.85681125036761,True,0.5254620313644409,True,True
CCOP(=S)(OCC)SCS(=O)(=O)CC,2.3867366854,Extra trees,1.7759302175711542,1.786041034597331,True,0.44888147711753845,True,True
O=C(Nc1ccc(Br)cc1)c1cc(Br)ccc1O,-0.0433771536817,Extra trees,-0.5397498891567896,1.9915934802436572,True,0.56890869140625,True,True
O=S(=O)(O)C(F)(F)C(F)(F)C(F)(F)C(F)(F)F,-0.156216932055,Extra trees,-0.1258082766426507,2.40967455101771,True,0.33563584089279175,True,True
CCOC(=O)C(CCc1ccccc1)NC(C)C(=O)N(CC(=O)O)C1Cc2ccccc2C1,-1.22766229834,Extra trees,-0.69740271274601,2.0378438327227633,True,0.5075443983078003,True,True
CCCCC=CC=O,-1.064058889,Extra trees,-1.2623065935866327,1.0444473522122113,True,0.36461859941482544,True,True
CNC(=O)Oc1ccc(NC(C)=O)cc1,-0.581304327505,Extra trees,-0.22622052364202297,1.5425808946552204,True,0.4797133505344391,True,True
C=C(C)C(=O)OCCCCOC(=O)C(=C)C,1.35177389559,Extra trees,-1.123632123714877,1.0581022354684375,True,0.2877764105796814,True,True
N=C1CC(c2ccncc2)=CNC1=O,0.263710302885,Extra trees,-0.5504326790330133,1.370319772540837,True,0.7634264230728149,False,False
O=C(O)Cc1ccccc1Nc1c(Cl)cc(Cl)c2ccccc12,0.816335676248,Extra trees,-0.345521414204627,1.3353319952121252,True,0.3682984709739685,True,True
O=C(O)CCCCCCCCC(=O)O,-1.85171932308,Extra trees,-1.4895657639710278,0.8661190254369149,True,0.18046756088733673,True,True
Clc1ccc(C(OCCN2CCCCC2)c2ccccc2)cc1,-0.734106774117,Extra trees,-0.33135081356704904,1.0440848091961228,True,0.4781288206577301,True,True
CC(=O)CC(c1ccccc1)C1C(=O)Oc2ccccc2C1=O,0.776178729978,Extra trees,1.9321545417100134,2.006657357917302,True,0.139854297041893,True,True
CCC(=O)C1(N2CCCCC2)CCN(CCCC(=O)c2ccc(F)cc2)CC1,-0.302673388969,Extra trees,-0.06756444383449145,1.4275588420474303,True,0.35091274976730347,True,True
C#CC(C)N(C)C(=O)Nc1ccc(Cl)cc1,-0.878897333519,Extra trees,-0.7756707870817003,1.0497578089041437,True,0.5317777991294861,True,True
CSP(=O)(SC)SC,0.79763678696,Extra trees,0.35653165714740453,1.5828784013644155,True,0.5968199968338013,True,True
Clc1cn[nH]c1,-0.711002031921,Extra trees,-0.34581723439726025,1.0365220770474524,True,0.7123245000839233,True,True
N=C(N=NCc1ccc(Cl)cc1)N=NCc1ccc(Cl)cc1,-0.606327307075,Extra trees,-0.42407433113427817,1.2925811569408214,True,0.653236985206604,True,True
CC(C)COC(=O)c1ccccc1,-1.49720477637,Extra trees,-1.212094074971545,0.845127367130341,True,0.34987205266952515,True,True
c1ccc2[nH]c(-c3cscn3)nc2c1,-1.01432744592,Extra trees,-1.0677390305600047,1.3634640401107823,True,0.5026420950889587,True,True
C=CCc1ccc(OC)cc1,-0.919042250367,Extra trees,-1.021269169521961,0.8571872754679849,True,0.4801880717277527,True,True
CCOCCOCC,-1.56993522507,Extra trees,-1.4560726623116047,0.9128391846484548,True,0.3209090828895569,True,True
CCCC1COC(Cn2cncn2)(c2ccc(Cl)cc2Cl)O1,-0.641785870549,Extra trees,-0.5328803833944517,1.5115048902928683,True,0.37084874510765076,True,True
Cc1cc(C)c(C2=C(OC(=O)OC(C)C)c3ccccc3C2=O)c(C)c1,-0.304837962884,Extra trees,-0.9828278873879175,1.782715334759191,True,0.4714106619358063,True,True
Cc1csc2c(Cl)cccc12,-0.215454030299,Extra trees,-0.5966310683838845,1.110992861822972,True,0.6532906293869019,True,True
N#Cc1ccc([N+](=O)[O-])cc1C#N,-0.691044096473,Extra trees,-0.10870427191392301,1.498349438655469,True,0.4651716649532318,True,True
CC(C)(Oc1ccc(Cl)cc1)C(=O)OCCCOC(=O)C(C)(C)Oc1ccc(Cl)cc1,-1.19181679847,Extra trees,-0.583418686412355,1.6829944047318612,True,0.36338508129119873,True,True
O=C(O)CF,3.00010422718,Extra trees,1.222082536539993,1.7560673435205438,True,0.42307692766189575,True,True
CC(C=O)c1ccccc1,-1.31947671716,Extra trees,-1.233101227487285,0.7996817791634853,True,0.5363756418228149,True,True
CN(C)c1ccc2nc3ccc(N(C)C)cc3[s+]c2c1,-0.566935643965,Extra trees,-0.26206900707538133,1.7030387366634225,True,0.6712643504142761,True,True
CCO[Si](OCC)(OCC)OCC,-1.47851782257,Extra trees,-1.5855264000083626,1.7507573762525934,True,0.5618212223052979,True,True
CC(=O)NCCO,-2.4172116444,Extra trees,-1.1300719086778193,0.8733665843824769,True,0.6215280294418335,True,True
CCCCN(CCCC)CCCC,0.211099444385,Extra trees,-0.546811559082383,1.055189750992297,True,0.34968486428260803,True,True
NC(=O)c1c(F)cccc1F,-0.835177007305,Extra trees,-0.7206084009370073,0.9061417819698296,True,0.6642416715621948,True,True
CO[SiH](OC)OC,-1.88282820911,Extra trees,-1.2290219789103256,1.1378528194753978,True,0.7692307829856873,False,False
CCCCNCCC[Si](OC)(OC)OC,-1.73625275637,Extra trees,-0.7529587939305132,1.3612511789719046,True,0.47045832872390747,True,True
CCCCCCCCCCCCCCCC(=O)NC(CCC(=O)O)C(=O)O,-0.715171998228,Extra trees,-1.2312205771781348,1.7545143936655263,True,0.4838709831237793,True,True
N#CCC(=O)c1ccc(N)cc1,-1.15008712383,Extra trees,-0.2801209775104772,1.0186127319644456,True,0.5265597105026245,True,True
Cc1cc(N)ccc1N,0.351670133525,Extra trees,0.07836794847619954,1.0011234489048342,True,0.3201035261154175,True,True
O=c1oc2cc(O)ccc2s1,-0.575655190564,Extra trees,-0.6748145524497166,1.1410001723068766,True,0.6787541508674622,True,True
CSC(C)(C)CN=O,-0.745867055089,Extra trees,-0.5929742266396631,1.043165515835403,True,0.7270370721817017,True,True
Cc1cc(Cl)ccc1OC(C)C(=O)O,-0.481182476176,Extra trees,-0.5919073151019963,0.8645426138371353,True,0.13586801290512085,True,True
CC(C)COC(=O)C(C)Oc1ccc(Oc2ccc(Cl)cc2)cc1,-0.316536910422,Extra trees,-0.5578939011244005,1.2134656975006886,True,0.5111110806465149,True,True
CN1Cc2ccccc2C(=O)c2cc(CC(=O)O)ccc21,-0.475092564347,Extra trees,-0.2839852601898486,1.4348391334958284,True,0.5464929342269897,True,True
C=C(C)CN(CC)c1c([N+](=O)[O-])cc(C(F)(F)F)cc1[N+](=O)[O-],-1.47720769015,Extra trees,-0.7057794852320575,1.4984604463134032,True,0.4564640522003174,True,True
Oc1cccc2cc3cccc(O)c3c(O)c12,-1.15276391948,Extra trees,-0.937570885303174,1.3799190775028072,True,0.6306549906730652,True,True
CCc1c(C)nc2ccc(Cl)cn2c1=O,-0.627874981935,Extra trees,-0.4779218399019766,1.522353110631478,True,0.5687616467475891,True,True
C[n+]1cc2c3c(ccc2c2ccc4cc5c(cc4c21)OCO5)OCO3,-0.698533293785,Extra trees,-0.1264778084976299,2.612068169108186,True,0.7087792158126831,True,True
CCC(C(=O)O)C1OC(C(C)C(O)C(C)C(=O)C(CC)C2OC3(C=CC(O)C4(CCC(C)(C5CCC(O)(CC)C(C)O5)O4)O3)C(C)CC2C)C(C)CC1C,1.61651129315,Extra trees,1.5079318189546556,4.347781664619633,False,0.7594509124755859,False,False
CCCCOC(=O)C1=CC(=O)CC(C)(C)O1,-1.51460089808,Extra trees,-0.9193932936586998,1.3664550600005758,True,0.6171642541885376,True,True
[O-][n+]1c2ccccc2nc2ccccc21,-1.526825012,Extra trees,-0.8034238382860407,1.3601680184011824,True,0.6439916491508484,True,True
N#Cc1ccccc1CN1CCc2sccc2C1,0.186691232447,Extra trees,-0.131613623491963,1.462780201037015,True,0.5584615468978882,True,True
CCCC(=O)O,-1.2677146558,Extra trees,-1.3426401815200233,0.8579261456616717,True,0.4009975790977478,True,True
CN(C)CCCC(CCc1ccc2c(c1)OCO2)CCc1ccc2c(c1)OCO2,-0.318612902011,Extra trees,-0.22960768623399308,2.116773531184734,True,0.5541489720344543,True,True
O=[N+]([O-])c1cc([N+](=O)[O-])c(Nc2c(Br)cc(Br)cc2Br)c(C(F)(F)F)c1,2.10480374593,Extra trees,1.1505681965754126,2.532507449219244,True,0.5100892186164856,True,True
CCCOC(N)=O,-1.2601171475,Extra trees,-1.329728826639612,0.968549858901662,True,0.42935067415237427,True,True
Nc1ccccc1[N+](=O)[O-],-1.06384452516,Extra trees,-1.118131741739788,0.9358339376915235,True,0.45552605390548706,True,True
COC(=O)C1=C(C)N=C(C)C(C(=O)OC)C1c1ccccc1OC(F)F,-1.23563821749,Extra trees,-0.07218568244431729,2.130670980744958,True,0.48806923627853394,True,True
Cc1ccc(OC(=O)c2ccccc2O)cc1,-0.755538285661,Extra trees,-1.0984364628446301,1.0378598333725573,True,0.4078565239906311,True,True
FCCBr,1.4046832307,Extra trees,0.9549755544543508,1.5920057980208182,True,0.6565656065940857,True,True
Nc1cc(N)cc(C(F)(F)F)c1,-0.333920677609,Extra trees,-0.42595735465801193,1.1111610042003712,True,0.5962947607040405,True,True
COc1ccccc1O,-0.622095101238,Extra trees,-0.7484144124643508,0.8480520570385388,True,0.460765540599823,True,True
CCOC=O,-1.39747660332,Extra trees,-1.6216277929616645,0.9545678865887668,True,0.5618888735771179,True,True
O=C(C=Cc1ccccc1)OCCc1ccccc1,-1.29711722107,Extra trees,-1.3438018061766233,0.9669388381221398,True,0.40053948760032654,True,True
O=C1OC(CCN2CCCCC2)OC1(c1ccccc1)c1ccccc1,-0.587371486289,Extra trees,-0.34518538977207563,1.4556736878917094,True,0.6649802327156067,True,True
CC(C)OC(=O)COc1cc(Cl)c(Cl)cc1Cl,-0.221030652461,Extra trees,-0.21574813471297394,1.149169184615932,True,0.4401116371154785,True,True
COc1ccc2ccc(=O)oc2c1,-1.38753402311,Extra trees,-0.8680301773589785,1.3162513151693815,True,0.5580406188964844,True,True
CC1(NC(N)=O)CCCCC1,-0.823271675525,Extra trees,-0.6171743067080292,1.0833451593160481,True,0.6923893690109253,True,True
C=CCO,-0.0421533526001,Extra trees,-0.7092913381061985,0.9922281217114194,True,0.6089743375778198,True,True
CCOP(=O)(OCC)Oc1cc(C)n(CC)c(=O)c1,2.25178538641,Extra trees,1.6959603203915732,1.6149512538447537,True,0.5516473650932312,True,True
O=C(O)O,-1.80918638825,Extra trees,-0.8664512537009895,1.1080737281428747,True,0.0,True,True
CC(Cl)=CCl,-1.25604149782,Extra trees,-1.043088672779078,1.074997073594432,True,0.6241337060928345,True,True
CCOP(=S)(OCC)Oc1cc(Cl)c(Br)cc1Cl,0.879536976181,Extra trees,0.5590117790326499,1.6749069455038685,True,0.3742494583129883,True,True
O=C(O)C(c1ccc(Cl)cc1)c1ccc(Cl)cc1,-0.296551006818,Extra trees,-0.4203245195890015,1.0329866882822814,True,0.39136800169944763,True,True
OCCCS,-0.0999155058905,Extra trees,-0.703065616061727,0.9110846024963628,True,0.4987179636955261,True,True
CC1(C)SC2C(NC(=O)Cc3ccccc3)C(=O)N2C1C(=O)O,-1.3782870352,Extra trees,-1.3333952700850116,2.001348846967043,True,0.23148150742053986,True,True
C=CC(=O)OCC(C)O,-0.283519177067,Extra trees,-1.2304978235625292,0.8475246583082812,True,0.3961634337902069,True,True
C1COCCOCCOCCOCCO1,-0.806273620405,Extra trees,-1.0499360487601062,1.3034545759618617,True,0.12222222238779068,True,True
COC(=N)N,-1.33226946084,Extra trees,-1.3838558792800169,0.9848161556368962,True,0.5899999737739563,True,True
C=CCOC(Cn1ccnc1)c1ccc(Cl)cc1Cl,0.116993710469,Extra trees,-0.29887459315436626,1.1955077907528784,True,0.4053679406642914,True,True
c1ccc2ncccc2c1,-0.408693232576,Extra trees,-0.6641635136314118,0.9581746098723489,True,0.570834755897522,True,True
CN1CCC(=C2c3ccccc3C=Cc3ccccc32)CC1,0.0405352759204,Extra trees,-0.022640966668081772,2.1012835769257556,True,0.4569334089756012,True,True
O=C1CN2CCOC2(c2ccccc2Cl)c2cc(Cl)ccc2N1,-0.707333341239,Extra trees,-0.8593441233119743,1.8211046576088563,True,0.6163879632949829,True,True
COC(=O)C(C)N(C(=O)c1ccccc1)c1ccc(F)c(Cl)c1,-0.553152277213,Extra trees,-0.6161023506965663,1.1296277979186478,True,0.565177321434021,True,True
CCN1CCC(=C(c2ccccc2)c2ccccc2)C1,-0.232623120357,Extra trees,0.2567814758629971,1.300297544155196,True,0.5074227452278137,True,True
NC1=NCC2c3ccccc3Cc3ccccc3N12,0.172730601337,Extra trees,-0.1263444299608377,2.1306663042999663,True,0.7062848806381226,True,True
CCCCCCOC(=O)CC(C(=O)OCCCCCC)S(=O)(=O)O,-0.653702909254,Extra trees,-0.677763850666391,1.5340362323443975,True,0.37697476148605347,True,True
C=COCCO,-1.64717125877,Extra trees,-1.3384592916654245,1.0399085070253595,True,0.4638277590274811,True,True
COC(=NC#N)OC,-1.11879040403,Extra trees,-0.8578865938842934,1.0644367077293584,True,0.6821791529655457,True,True
O=C1C(Cc2ccccc2)C(=O)N(c2ccccc2)N1c1ccccc1,0.0617747829196,Extra trees,-0.4866904240769848,2.0188086531294034,True,0.4167681634426117,True,True
CC(=O)OO,0.280676617554,Extra trees,-1.2047847629397748,1.0606275810887407,True,0.5204919576644897,True,True
CC(C)OP(=O)(OC(C)C)SCc1ccccc1,-0.28045780089,Extra trees,0.5434526154115531,1.8232737874585712,True,0.6371297240257263,True,True
CCCCCCCCP(=O)(CCCCCCCC)CCC(C)C,-1.38540367325,Extra trees,-0.8553884494329288,1.6481899734775993,True,0.5367080569267273,True,True
CCCOCC(=Nc1ccc(Cl)cc1C(F)(F)F)n1ccnc1,-0.31554385302,Extra trees,-0.3282592139085402,1.6022902093076719,True,0.6932881474494934,True,True
CCCCCCOCCOC(=O)CCC(=O)OCCOCCCCCC,-1.05797106728,Extra trees,-1.2845906956321202,1.434330937796858,True,0.2449735701084137,True,True
CC=NC=O,-1.1482586763,Extra trees,-0.9967753439846958,0.9805374059650849,True,0.6935395002365112,True,True
CC(C)=CC1C(C(=O)OCc2coc(Cc3ccccc3)c2)C1(C)C,-0.56532972309,Extra trees,-0.5653297230899992,1.416469296543165,True,0.32979413866996765,True,True
Cc1nc(-c2cccnc2)sc1[N+](=O)[O-],-0.500060039117,Extra trees,-0.6616746478200184,1.2625489827653014,True,0.6768051385879517,True,True
CCCCCOc1ccc(Br)cc1COCCN1CCOCC1,-0.492222827063,Extra trees,0.11846280383431147,1.5053350565164072,True,0.5747808218002319,True,True
CN1CCC23c4c5ccc(O)c4OC2C(O)C=CC3C1C5,-0.0696776037749,Extra trees,-0.017458783748200077,3.042671110718659,False,0.2085769921541214,True,False
CCCC(=O)c1ccc2c(c1)N(CCCN1CCOCC1)c1ccccc1S2,-0.945774882922,Extra trees,-0.09057133036851717,1.6785340163261493,True,0.30911436676979065,True,True
CC1(C(=O)O)CCC2(C)CCC3(C)C(=CC(=O)C4C5(C)CCC(OC(=O)CCC(=O)O)C(C)(C)C5CCC43C)C2C1,-0.600480957082,Extra trees,-0.6327072068530072,3.53255478675887,False,0.6177765130996704,True,False
CC(=O)C1C(=O)C=C(C)OC1=O,-0.530438709288,Extra trees,-0.4199193449840026,1.630285390371438,True,0.5947601795196533,True,True
C=COC(=O)CCCCC(=O)OC=C,-1.50903687907,Extra trees,-1.0854529402692157,1.1786130873898946,True,0.41011494398117065,True,True
Nc1ccc2sc(-c3ccccc3)nc2c1,-1.1136627706,Extra trees,-0.8205187011896973,1.2501301253458885,True,0.6157450675964355,True,True
C=C(C)C(=O)Nc1ccc(O)cc1,-0.796851901502,Extra trees,-0.8913155443007245,1.0156485190989857,True,0.46055787801742554,True,True
Cc1cc(S(=O)(=O)O)c2c(C)ccc(C(C)C)cc1-2,-1.32719303361,Extra trees,-0.5330710487142445,1.3545838665607666,True,0.5706236362457275,True,True
COc1ccc([N+](=O)[O-])cc1CNCCBr,1.16006165517,Extra trees,0.9163270102015302,1.1755115446815674,True,0.3464008867740631,True,True
OC(c1ccc(Cl)cc1)(c1ccc(Cl)cc1)c1cccnc1,-1.18026664459,Extra trees,-0.6519275586251122,1.341767067074386,True,0.588747501373291,True,True
CC(C)=CCC1C(=O)N(c2ccccc2)N(c2ccccc2)C1=O,-0.622394351516,Extra trees,-0.23797383001876693,1.5035062554993717,True,0.45251473784446716,True,True
COP(=S)(NC(=S)N(C)CCO)OC,1.3329263606,Extra trees,0.9358873589994775,1.4292735017398823,True,0.6443136930465698,True,True
COCCOc1cnc(NS(=O)(=O)c2ccccc2)nc1,-1.00092561778,Extra trees,-0.6342159145362862,1.4040315252690625,True,0.6181398630142212,True,True
C=C1C(=CC=C2CCCC3(C)C2CCC3C(C)CCCC(C)(C)O)CC(O)CC1O,2.82737552725,Extra trees,2.5298167847802167,2.5142858498811895,True,0.4265144467353821,True,True
CCOP(=S)(OCC)Oc1cc(C)n(C)c(=O)c1,1.6883661353,Extra trees,1.8156598163430837,1.5196892249102132,True,0.5108343958854675,True,True
CCCCCOc1c(Br)cc(Br)cc1COCCN(CC)CC,0.110342444577,Extra trees,-0.06676388526178376,1.7016274903059756,True,0.4897153973579407,True,True
COc1cc(Cc2cnc(N)nc2N)cc(OC)c1N(C)C,-0.664781112217,Extra trees,-0.35426445122719064,1.4807158470224853,True,0.33960050344467163,True,True
C/N=N/Nc1ccc(Br)cc1,-0.338490118537,Extra trees,-0.32700924937218157,1.5508784059056646,True,0.504970371723175,True,True
CCCc1ccn[nH]1,-0.747556770478,Extra trees,-0.0965968547929637,1.4331740776408841,True,0.611214280128479,True,True
Nc1ccc(Cl)c([N+](=O)[O-])c1,-0.365094673793,Extra trees,-0.9447798202795402,0.9675073206554872,True,0.3787192106246948,True,True
ClCCSCCCl,0.971139379692,Extra trees,-0.12848222009387264,1.416281877901496,True,0.6246396899223328,True,True
CN(SC(Cl)(Cl)Cl)C(=O)Oc1cccc2c1OC(C)(C)C2,0.472077440759,Extra trees,1.2025566844853262,2.2257390596865667,True,0.3103773593902588,True,True
CCOc1ccc2c(OS(=O)(=O)O)c(-c3sc4cc(OCC)ccc4c3OS(=O)(=O)O)sc2c1,-1.05481077664,Extra trees,0.20823240961648992,2.6977108766021582,True,0.6854063272476196,True,True
CCOC(=O)C(SP(=S)(OC)OC)c1ccccc1,0.654379916414,Extra trees,-0.18257201847817212,1.4364151605469355,True,0.5931347608566284,True,True
COP(=S)(OC)SCn1nc(Br)ccc1=O,1.96400179171,Extra trees,1.02487716731803,1.7776244243126085,True,0.3220508098602295,True,True
O=C(O)c1ccccc1,-0.772958232133,Extra trees,-1.4329639506766751,0.8562378883546227,True,0.1508771926164627,True,True
Cc1ccncc1,-0.674367747117,Extra trees,-0.42200864168024926,1.025169811544686,True,0.5496824979782104,True,True
CCNC(=S)NCC,-0.378357098715,Extra trees,-0.5861639225149987,0.9259408928110227,True,0.6265050172805786,True,True
C[Si]1(CCC(F)(F)F)O[Si](C)(CCC(F)(F)F)O[Si](C)(CCC(F)(F)F)O1,0.41547230908,Extra trees,-0.29213904220972053,4.579479195257651,False,0.7657128572463989,False,False
OCCOCCN1CCN(C(c2ccccc2)c2ccc(Cl)cc2)CC1,-0.326610434834,Extra trees,-0.2874843682349992,1.5743129397935829,True,0.17689716815948486,True,True
CCCCCCCC=O,-1.64256957056,Extra trees,-1.3749522975217325,0.8719443687443471,True,0.09945652633905411,True,True
O=C(O)CS,0.100983922183,Extra trees,0.5183971089319979,0.9579401229485986,True,0.21538463234901428,True,True
C#CCOC(=O)C=C(C)C=CCC(C)CCCC(C)C,-1.2486265963,Extra trees,-1.0761414552227804,1.3944829495569642,True,0.6961181163787842,True,True
O=NN(Cc1ccccc1)Cc1ccccc1,-0.5995982453,Extra trees,-0.20560795747461263,1.0708027086288365,True,0.46016114950180054,True,True
O=C1C=CC(=O)N1c1cccc(N2C(=O)C=CC2=O)c1,-0.708216460932,Extra trees,-0.846032399062986,2.75364096656469,True,0.4946708679199219,True,True
S=c1[nH]c2ccccc2[nH]1,-0.300451330875,Extra trees,-0.5010049892980644,1.1026352100477115,True,0.5683333277702332,True,True
O=C(C1CCCCC1)N1CC(=O)N2CCc3ccccc3C2C1,-0.95858925059,Extra trees,-0.5580718299973697,1.76380063327775,True,0.7017384767532349,True,True
CCCCCCCC(=O)NO,-1.8273615994,Extra trees,-1.3315689714522263,0.8509345440795899,True,0.36666664481163025,True,True
CCOP(=S)(OCC)Oc1ccc(F)nc1,1.3444577572,Extra trees,0.9905512971278704,1.3359429629755533,True,0.514951765537262,True,True
NC(=O)OCC(O)COc1ccc(Cl)cc1,-0.48123848156,Extra trees,-0.5861366516644819,1.016744878802435,True,0.5281088352203369,True,True
CCCCCCOC(=O)c1ccccc1,-1.7754374543,Extra trees,-1.0374098869271162,0.8652198363980793,True,0.19525863230228424,True,True
c1ccc2c(c1)CCCC2,-1.33511488849,Extra trees,-1.2808310033871697,1.433313856018095,True,0.6125108003616333,True,True
O=C(Cl)c1ccc([N+](=O)[O-])cc1,-1.47970366887,Extra trees,-0.8852242373640189,0.9545477145222439,True,0.46340322494506836,True,True
COC(=O)C1(O)c2ccccc2-c2ccc(Cl)cc21,-1.05250301511,Extra trees,-0.20933633438421193,1.4767084867868228,True,0.6842891573905945,True,True
Cc1ncc(CO)c(CN)c1O,-1.49284603924,Extra trees,-1.011507722633916,1.181377215473323,True,0.33520716428756714,True,True
CN(C)C(=N)NC#N,-1.53458615789,Extra trees,-0.6571051009716762,1.1830282509438894,True,0.7322208285331726,False,False
CCCSP(=O)(OC)SCCC,1.52599700459,Extra trees,0.7442881052654083,1.42553216027581,True,0.4642173647880554,True,True
Cc1ccc(C=O)cc1,-1.1243925894,Extra trees,-1.182364603375025,0.8009564246200813,True,0.47701865434646606,True,True
OC1(c2ccc(Cl)cc2)c2ccccc2C2=NCCN21,0.894541840771,Extra trees,0.24599951517955543,2.0836766170124394,True,0.7132192850112915,True,True
C[N+]1([O-])CCOCC1,-1.89505293908,Extra trees,-0.6932653130146281,1.183444287544392,True,0.7023990154266357,True,True
C=C(C)CCl,-0.97150738297,Extra trees,-1.0046574457418291,1.106059814158227,True,0.562982439994812,True,True
COc1ccc2c(c1)c(CC(=O)OCOC(=O)c1cccc(C)c1)c(C)n2C(=O)c1ccc(Cl)cc1,0.678801745458,Extra trees,0.7310036806494817,2.3289414763142657,True,0.252322256565094,True,True
CC[Si]1(CC)N[Si](CC)(CC)N[Si](CC)(CC)N1,-0.800896483142,Extra trees,0.10867742712815065,3.017884132841038,False,0.7647618055343628,False,False
O=NN(CCCC(F)(F)F)CCCC(F)(F)F,-0.449874402623,Extra trees,-0.3821420835538712,1.4700363333603146,True,0.5459779500961304,True,True
CCC(=O)OCCc1ccccc1,-1.35107674069,Extra trees,-1.3881532001690933,0.7638104409691998,True,0.3245161175727844,True,True
CCCC=CC(OC)OC,-1.07144149853,Extra trees,-1.278754748953662,0.8340753053573755,True,0.6109197735786438,True,True
CC(C)CC=O,-1.81301339746,Extra trees,-1.4835547266675189,1.2607248124324382,True,0.5210567116737366,True,True
CC1(C)C(=O)N(Cl)C(=O)N1Cl,-0.439488962387,Extra trees,-0.5652064861129329,1.3655367605964197,True,0.5738974809646606,True,True
CCc1c(C)nc2cccc(C)n2c1=O,-0.460960282724,Extra trees,-0.6673233570739886,1.4177050164584966,True,0.45667171478271484,True,True
CC(C)Nc1ccc(Nc2ccccc2)cc1,-0.502603808949,Extra trees,-0.653825358968675,1.0861187278056703,True,0.3701477646827698,True,True
CCN(CC)CCNc1c(Cl)cc(C)c2ncccc12,-0.489127445416,Extra trees,-0.16003991564360598,1.2636978640839054,True,0.6901718378067017,True,True
CC1CN(CCCn2c3ccccc3c3ccccc32)CC(C)N1,-0.361692399019,Extra trees,-0.2990993372877469,2.1186754476778464,True,0.6778015494346619,True,True
OCC(CO)(CBr)CBr,-0.85595435231,Extra trees,-0.29339420225212914,1.227172894744716,True,0.5628958940505981,True,True
COP(=S)(OC)Oc1ccc(SC)cc1,1.42208074499,Extra trees,0.6322579895286036,1.4943182682480463,True,0.45153695344924927,True,True
CC(=O)CC(=O)Nc1ccccc1,-1.14069500708,Extra trees,-0.8827789830671413,0.8089311061854945,True,0.4030619263648987,True,True
CN1CCCC(n2nc(Cc3ccc(Cl)cc3)c3ccccc3c2=O)CC1,-0.141877854444,Extra trees,0.09058795759820035,1.5479778939495927,True,0.5518983602523804,True,True
CN(C)C(CSC(N)=O)CSC(N)=O,0.0231884132166,Extra trees,-0.5833938954785461,1.3535448025233845,True,0.6633433699607849,True,True
C=CC(=C)Cl,-0.706122055544,Extra trees,-0.7806038744496511,1.110754002829851,True,0.6465908885002136,True,True
CCCCNC(=O)c1ccccc1,-1.4623842404,Extra trees,-1.031136907831248,0.7496746562341905,True,0.5268926620483398,True,True
CCC(CC)COCCC#N,-1.19992868299,Extra trees,-1.3443113542007372,0.9677729288203215,True,0.4428132176399231,True,True
Nc1ccc(-c2ccc(-n3nc4ccc5c(S(=O)(=O)O)cc(S(=O)(=O)O)cc5c4n3)cc2)cc1S(=O)(=O)O,-1.1383461129,Extra trees,-1.0923547511238672,3.1853264137740105,False,0.5493911504745483,True,False
N#CCCNc1ccccc1,-1.50717129997,Extra trees,-0.6869537976774952,0.8746761570166706,True,0.5217647552490234,True,True
O=C(Cl)C(Cl)Cl,-1.22249654053,Extra trees,-0.8072219599079307,1.0898813912844427,True,0.5369846224784851,True,True
Cc1cc(C)cc(O)c1,-0.69694967069,Extra trees,-0.9441784883855241,0.8619195730626308,True,0.44445377588272095,True,True
CCCCCCCCCCCCCCCCOP(=O)([O-])OCC[N+](C)(C)C,0.219273483707,Extra trees,-0.1479476661620723,1.639168880887532,True,0.51189786195755,True,True
CCCCN(CC)c1c([N+](=O)[O-])cc(C(F)(F)F)cc1[N+](=O)[O-],-1.47458847983,Extra trees,-0.6245727684894077,1.472629678061729,True,0.38866645097732544,True,True
O=C(O)C=CC(=O)O,-1.32469901235,Extra trees,-1.7154120131899888,1.093153841211351,True,0.08571428060531616,True,True
Clc1c(Cl)c(Cl)c(Cl)c(Cl)c1Cl,-1.08957382586,Extra trees,-0.34322283508857704,1.6335801830578394,True,0.5181818008422852,True,True
O=C(OCC1(COC(=O)c2cccnc2)CCCC(COC(=O)c2cccnc2)(COC(=O)c2cccnc2)C1O)c1cccnc1,-1.19337985635,Extra trees,-0.2579492918017242,2.858779974173565,True,0.5897817611694336,True,True
CC(=O)CC(=O)OC(C)C,-2.0506401216,Extra trees,-1.4318038051890973,0.8654216005007356,True,0.5016832947731018,True,True
CCOC(=O)CCC(=O)OCC,-1.68991085506,Extra trees,-1.5625821835396534,0.9272128200569207,True,0.3031366169452667,True,True
OCCN(CCO)c1nc(N2CCCCC2)c2nc(N(CCO)CCO)ncc2n1,-0.852321600465,Extra trees,-0.9639252118562537,2.379101258007743,True,0.6397618651390076,True,True
CN(C)CCC=C1c2ccccc2Sc2ccc(Cl)cc21,0.198464615231,Extra trees,-0.07139835141732988,1.524671242769592,True,0.4858909547328949,True,True
CCOC(=O)Nc1ccc2c(c1)N(C(=O)CCN1CCOCC1)c1ccccc1CC2,-0.131758538302,Extra trees,0.36436231801336383,1.889292297416973,True,0.41213542222976685,True,True
CC(=O)OCC1=C(C(=O)O)N2C(=O)C(NC(=O)CSc3ccncc3)C2SC1,-1.58686471747,Extra trees,-1.564887885910016,2.249732954322764,True,0.5203107595443726,True,True
CCCC1CC(C(=O)NC(C(C)O)C2OC(SC)C(O)C(O)C2O)N(C)C1,-0.39089670804,Extra trees,-0.5031980386861061,2.483649968993981,True,0.4370712339878082,True,True
CS(=O)(=O)OCCN(CCOS(C)(=O)=O)S(C)(=O)=O,0.0535778058699,Extra trees,-0.4753244853872654,1.7385014988591387,True,0.5639562010765076,True,True
CCOP(=O)(OCC)SCc1ccccc1,-0.404086437879,Extra trees,0.7571688214645104,1.5298806675318422,True,0.5031379461288452,True,True
CS(=O)(=O)N(SC(Cl)(Cl)C(F)(Cl)Cl)c1ccccc1,-1.11124490666,Extra trees,-0.5237651788389529,1.996653486883937,True,0.5608764886856079,True,True
O=c1[nH]cnc2c1ncn2C1OC(COP(=O)(O)O)C(O)C1O,-1.60792165981,Extra trees,-0.9060263238452515,2.49759017371368,True,0.64441978931427,True,True
CC(C)(N)Cc1ccccc1,-0.00534595266101,Extra trees,-0.0051004385553299674,0.8794919980984988,True,0.3730107247829437,True,True
NNC(=O)CCCCCCCCC(=O)NN,-1.03562344197,Extra trees,-0.686465319273279,1.0985481540376607,True,0.6058095097541809,True,True
C[N+](C)(C)CCCl,-0.579301776968,Extra trees,0.43998562376363265,1.2969913716434183,True,0.589411735534668,True,True
CC(O)c1ccccc1,-0.515106082745,Extra trees,-1.121053447677265,0.809841623764683,True,0.4379862844944,True,True
CCCCOCCCOC(=O)COc1ccc(Cl)cc1Cl,-0.173640081011,Extra trees,-0.19024962048216407,1.0540316938337164,True,0.28568679094314575,True,True
CCCCO,-1.02767409653,Extra trees,-1.3689323353021365,0.8880542502743374,True,0.2747252583503723,True,True
CC(C)(O)CCc1ccccc1,-1.12692258793,Extra trees,-1.1993824712038543,0.8255088319711703,True,0.49209481477737427,True,True
CN(C)C(=S)c1ccc2c(c1)OCO2,0.423059118292,Extra trees,-0.2109383845973882,1.159704134141717,True,0.5706149339675903,True,True
NCC1OC(OC2C(CO)OC(OC3C(O)C(N)CC(N)C3OC3OC(CO)C(O)C(O)C3N)C2O)C(N)C(O)C1O,-1.48133389442,Extra trees,-1.5455331123799922,6.096606172752789,False,0.5176064968109131,True,False
O=S(=O)(O)c1cc(Nc2nc(Nc3ccccc3)nc(N(CCO)CCO)n2)ccc1C=Cc1ccc(Nc2nc(Nc3ccccc3)nc(N(CCO)CCO)n2)cc1S(=O)(=O)O,-1.09936613765,Extra trees,-1.1197023392999939,4.86541267796522,False,0.2367810308933258,True,False
COc1cc2c3cc1Oc1cc(ccc1O)CC1c4c(cc(OC)c(O)c4Oc4ccc(cc4)CC3N(C)CC2)CC[N+]1(C)C,1.38640342326,Extra trees,-0.13512653459792298,3.663735323952207,False,0.6822758913040161,True,False
CSC#N,0.0858255371464,Extra trees,-0.2879769131530378,1.151484550595612,True,0.6923809051513672,True,True
C=CCc1ccc2c(c1)OCO2,-1.08001588349,Extra trees,-1.08450169994142,1.146683744990663,True,0.5175679922103882,True,True
Clc1cccc(C2CCCCC2)c1Cl,-1.31659270202,Extra trees,-0.3583182190594026,1.197207865820225,True,0.6156577467918396,True,True
CC(O)CN(CC(C)O)c1nc(Nc2ccc(S(=O)(=O)O)cc2)nc(Nc2ccc(C=Cc3ccc(Nc4nc(Nc5ccc(S(=O)(=O)O)cc5)nc(N(CC(C)O)CC(C)O)n4)cc3S(=O)(=O)O)c(S(=O)(=O)O)c2)n1,-0.99530147173,Extra trees,-0.4835005422536278,5.894498278698467,False,0.3347517251968384,True,False
CCOP(=O)(OCC)N(C)c1ccccc1,0.773256487601,Extra trees,0.0863190494293253,1.24221262997792,True,0.5834751129150391,True,True
CN(C)C(=O)Nc1ccc(SC(F)(F)Cl)c(Cl)c1,-0.0278081805362,Extra trees,-0.5786893929909155,1.3424089982752174,True,0.5362712740898132,True,True
CN(C)CCC=C1c2ccccc2C(C)(C)c2ccccc21,0.285292487207,Extra trees,0.23409723904700194,1.550131914773377,True,0.3575109839439392,True,True
COc1ccc(N2CCN(CCCN(C)C)CC2)cc1,-0.351497419919,Extra trees,-0.42271172350066216,1.1775910571353216,True,0.6335170865058899,True,True
CCCCCCCCCCCCCCCCCCCCCCO,-1.48597184038,Extra trees,-1.4251614721782109,1.5366301301094991,True,0.0,True,True
C=CC(=O)NC,-0.747646773658,Extra trees,-0.5625927211944695,1.1138015325448023,True,0.5434824824333191,True,True
N#CCCSCCC#N,-1.47753409166,Extra trees,-0.3648763339227011,1.1509631460777678,True,0.5832602381706238,True,True
C1CN2CCN1CC2,-1.18054896192,Extra trees,-0.9646040648143638,1.2734925108010198,True,0.7097402811050415,True,True
C[Si](C)(C)N=C=N[Si](C)(C)C,-0.967086183595,Extra trees,-0.5789382193235235,1.481184648377662,True,0.806197464466095,False,False
CCCCOC(=O)c1ccc(-n2nc(OCc3ccccc3)c3ccccc32)cc1,-0.698668428689,Extra trees,-0.6403198101066384,1.5272472421630345,True,0.5130959153175354,True,True
O=C1CCc2cc(C(=O)CCCN3CCN(c4ccccc4)CC3)ccc2N1,-0.0820221046001,Extra trees,-0.10806647510612462,1.4121707170039335,True,0.2674333155155182,True,True
CO[Si](CCCNCCC[Si](OC)(OC)OC)(OC)OC,-1.04403624515,Extra trees,-0.5125704142202595,2.3477629542281737,True,0.45717400312423706,True,True
O=C(Nc1ccc(Br)cc1)c1cc(Br)cc(Br)c1O,0.040355314189,Extra trees,-0.38493098015987914,2.0276993408412407,True,0.5852519273757935,True,True
CCCCCc1cc(O)c2c(c1)OC(C)(C)C1CCC(C)=CC21,-0.32589638954,Extra trees,-0.3016361952070308,2.0273636002136506,True,0.6353825330734253,True,True
O=[N+]([O-])c1cc[n+]([O-])cc1,0.117048180104,Extra trees,-0.4390219424311051,1.0444838126773657,True,0.5236923098564148,True,True
Nc1ccc(N=Nc2ccccc2)c(N)c1,-0.890623975339,Extra trees,-1.4284325746899964,1.219891993543497,True,0.3834422528743744,True,True
Cc1ccccc1NCCO,-1.16284504062,Extra trees,-1.0509408149485329,0.9777243471445893,True,0.5618656873703003,True,True
CC(C)(S)C(N)C(=O)O,-0.388494914544,Extra trees,-1.6164872141199904,1.1679915893812556,True,0.5238333344459534,True,True
CCOC(=O)C(O)(c1ccc(Cl)cc1)c1ccc(Cl)cc1,-0.332960854726,Extra trees,-0.5791879994178513,1.1760792365342059,True,0.519316554069519,True,True
CC(C)CCOC=O,-1.92793849508,Extra trees,-1.5454694663817974,0.9014641112477406,True,0.5378991961479187,True,True
CN1C(=O)C(O)N=C(c2ccccc2)c2cc(Cl)ccc21,-0.823055907349,Extra trees,-0.795473646381218,1.7551092826948103,True,0.4919700026512146,True,True
CCOP(=S)(OCC)SCn1nc(Cl)c(C)cc1=O,0.580785645419,Extra trees,0.25450389492773934,1.763763377381972,True,0.29241156578063965,True,True
CCOP(=S)(OCC)Oc1nc(Cl)c(Cl)cc1Cl,0.511351002218,Extra trees,0.6219847337052918,1.739988787297551,True,0.527426540851593,True,True
COCCOC(=O)c1ccccc1C(=O)OCCOC,-1.19275411785,Extra trees,-1.1809024762801406,1.0857545647414804,True,0.39079713821411133,True,True
CCCCCCC1C(=O)OC(C)C(NC(=O)c2cccc(NC=O)c2O)C(=O)OC(C)C1OC(=O)CC(C)C,-0.427739872619,Extra trees,-0.3090436303885856,2.8332763688689098,True,0.7675366997718811,False,False
CC(=O)C(C)=Cc1ccccc1,-1.40807796264,Extra trees,-1.108275146814909,1.196408452980779,True,0.5362062454223633,True,True
COc1ccccc1NC(=O)CC(=O)c1ccccc1,-0.77388364893,Extra trees,-0.6681853694438885,1.089004441596275,True,0.5845292806625366,True,True
COC(=O)C=C(CC(=O)OC)OP(=O)(OC)OC,0.959172226815,Extra trees,0.5853494357624391,1.6716154226352469,True,0.5746820569038391,True,True
CCCCC(C#N)(Cn1ccnc1)c1ccccc1,-0.797677931579,Extra trees,-0.2945821246061944,1.3615889042761933,True,0.6713218688964844,True,True
OCCNCC(O)CNCCO,-1.60634682903,Extra trees,-1.1225901594107357,1.3972350564096265,True,0.5849184989929199,True,True
COc1c(OP(=S)(OC(C)C)OC(C)C)cnn(C)c1=O,1.50558921605,Extra trees,1.7082577804974932,1.9252830140373343,True,0.23432140052318573,True,True
N#CCCCCCN,-0.863913892928,Extra trees,-0.6312647265362984,1.019056704436432,True,0.5194327235221863,True,True
CNc1ccc(NCCO)c2c1C(=O)c1ccccc1C2=O,-0.656952542125,Extra trees,-0.7088104680292473,1.6111782023331838,True,0.5497973561286926,True,True
CC1=CC=C(C(C)C)CC1,-1.09101100124,Extra trees,-0.5954286124514856,1.224944765460203,True,0.7056118845939636,True,True
c1ccc(-c2ccccc2-c2ccccc2)cc1,-0.91644081023,Extra trees,-0.9436558319908203,1.3602450449058519,True,0.3880341649055481,True,True
CC(COCC(C)OC(=O)c1ccccc1)OC(=O)c1ccccc1,-0.983333089674,Extra trees,-1.1332478162415887,1.116633321170967,True,0.4306330680847168,True,True
CCOC(=O)NS(=O)(=O)c1ccc(Cl)cc1,-0.158689932378,Extra trees,-0.8673895915478734,1.2065669371930583,True,0.49210453033447266,True,True
C(CCOCC1CO1)COCC1CO1,-0.748724524273,Extra trees,-0.9478004727666725,1.187774728430087,True,0.43448328971862793,True,True
Oc1ccc(-c2ccccc2)cc1CN1CCOCC1,1.03236728738,Extra trees,0.8574685129081536,1.4050637109903852,True,0.4747284948825836,True,True
S=c1[nH]c2cc(Cl)ccc2o1,-0.731351823905,Extra trees,-0.5711328973061621,1.3307650321993,True,0.5787082314491272,True,True
CCCOC(=O)COc1cccc(C(C)(C)C)c1,-0.856745731306,Extra trees,-1.0581432102494541,1.031369794593534,True,0.6157893538475037,True,True
O=C(O)Cc1ccc(-c2ccccc2F)cc1,-0.442643662248,Extra trees,-0.5427696311256947,0.909636425288016,True,0.5173744559288025,True,True
C#CCN1C(=O)CN=C(c2ccccc2)c2cc(Cl)ccc21,-1.27521327485,Extra trees,-0.46698113657310414,1.4710900581870845,True,0.3894643783569336,True,True
N#CCCCCCCC#N,-0.24240623306,Extra trees,-0.21777483299165729,1.2612883945037883,True,0.39427831768989563,True,True
CC(=O)SCC(=O)N=c1[nH]c2ccccc2s1,-0.176639924139,Extra trees,-0.5114708280077959,1.358273461203417,True,0.7530931830406189,False,False
O=C1CCCCCO1,-1.57500421521,Extra trees,-1.5363808269956618,0.839853892283166,True,0.3722373843193054,True,True
N#CCON=C(C#N)c1ccccc1,-1.08975486867,Extra trees,-1.1387198411057526,1.3572616949904066,True,0.6482184529304504,True,True
CCCCC(CC)CNCC(CC)CCCC,-0.831993260539,Extra trees,-0.4102575134667653,1.0895985715982275,True,0.49980950355529785,True,True
CC(C)N(CCCl)C(C)C,0.315704607506,Extra trees,0.2684528470430452,1.223598623526477,True,0.5791980028152466,True,True
CCC[Si](OC)(OC)OC,-1.49791642095,Extra trees,-1.3841467733980966,1.3241519233658146,True,0.5870144963264465,True,True
CN1CCC(=C2c3ccccc3C=Cc3ccccc32)CC1,-0.0113261767299,Extra trees,-0.022640966668081772,2.1012835769257556,True,0.4569334089756012,True,True
CCOP(=S)(OCC)Oc1cnccn1,1.85080372784,Extra trees,1.011665872769201,1.551534952770391,True,0.543470025062561,True,True
COC(=O)c1ccc(O)cc1,-1.13995018651,Extra trees,-1.1587419275934092,0.9715065484337715,True,0.3893589675426483,True,True
O=C(O)C(F)(F)C(F)(F)C(F)(F)C(F)(F)C(F)(F)C(F)(F)C(F)(F)C(F)(F)C(F)(F)F,0.955160921302,Extra trees,-0.013293000737993452,4.021191332489792,False,0.29532164335250854,True,False
CC(C)(C)N(NC(=O)c1ccc(Cl)cc1)C(=O)c1ccccc1,-0.93526623392,Extra trees,-0.632847597425534,1.5907579022525518,True,0.6251335144042969,True,True
O=NN1CCSC1,-1.21760087979,Extra trees,-0.5196177517901667,1.1894040814435467,True,0.6051383018493652,True,True
O=C1c2cccc(S(=O)(=O)O)c2C(=O)c2c1cccc2S(=O)(=O)O,-1.52820971391,Extra trees,-0.7056045293520014,2.081314165142117,True,0.36574071645736694,True,True
ClC(Br)Br,-0.249554157609,Extra trees,-0.4496212526035456,1.3469567454939448,True,0.538095235824585,True,True
Cc1ncc2cscc2c1O,-0.871449964704,Extra trees,-0.8966193903944526,1.2565610848030722,True,0.6435864567756653,True,True
CCOP(=O)(OCC)Oc1ccc2c(C)c(Cl)c(=O)oc2c1,1.53995385695,Extra trees,1.107512516577865,1.5489610562957772,True,0.41671523451805115,True,True
CCN(CC)CCNC(=O)c1cc(Cl)c(N)cc1OC,-0.398229652563,Extra trees,-0.21902751109900007,1.1960753026166164,True,0.3953336775302887,True,True
O=S(=O)(O)c1c(O)ccc2ccccc12,-1.15036555357,Extra trees,-1.2915628748856245,1.1817847736223763,True,0.6253490447998047,True,True
CS(=O)(=O)c1ccccc1,-0.973636313692,Extra trees,-0.8909157006342057,0.9508234813148646,True,0.46794652938842773,True,True
CN(C)S(=O)(=O)Cl,-0.927452093506,Extra trees,-0.30716439136995266,1.0550359544303065,True,0.6511963605880737,True,True
CC(N)C(O)c1cccc(O)c1,-0.156954208806,Extra trees,0.1212506266870007,0.9530504758212255,True,0.34464284777641296,True,True
C=C(CO)C(=O)OCC,-0.677970857893,Extra trees,-1.214968548783648,0.8559874414171043,True,0.5339080691337585,True,True
O=C(Nc1cc(F)ccc1F)NC1CC1,0.144901785375,Extra trees,-0.4494740630906511,1.1179918991284317,True,0.6876088976860046,True,True
CC(C)(CCl)c1cc(Cl)nnc1Cl,-0.620658209254,Extra trees,-0.11424703070297795,1.4857177513386208,True,0.7710632085800171,False,False
CNS(=O)(=O)CCNC(=O)N(CCCl)N=O,0.833640766839,Extra trees,0.743944228160414,1.4606148276041158,True,0.3269427716732025,True,True
Cc1cc(C(=O)Nc2ccccc2)c(C)o1,0.526767219163,Extra trees,-0.8922050634322914,1.0006240881693473,True,0.4558509290218353,True,True
CCc1ccc(C(=O)c2ccccc2)c(C(=O)O)c1,-1.24303926236,Extra trees,-1.177128370835664,0.957746878056315,True,0.46576443314552307,True,True
CNC(=O)Oc1cc(C)c(N(C)C)c(C)c1,1.20078797172,Extra trees,0.5597149793998656,1.6375183540188423,True,0.38809576630592346,True,True
O=c1ccc(=O)[nH][nH]1,-1.53022448649,Extra trees,-0.9468708208586898,1.0676154888086882,True,0.7523809671401978,False,False
CCn1cc(C(=O)O)c(=O)c2cc(F)c(N3CCNC(C)C3)c(F)c21,-0.60339059186,Extra trees,-0.6471174652042473,1.672465516650664,True,0.5561824440956116,True,True
c1ccc(-c2ccc(CCOc3ncnc4ccccc34)cc2)cc1,-0.546949038375,Extra trees,0.033971862441613765,1.6444436719543687,True,0.5949555039405823,True,True
C=Cc1ccc(C)nc1,-0.990914850487,Extra trees,-0.6254644346587181,0.9320620314340747,True,0.561881959438324,True,True
NC(CCC(=O)O)C(=O)O,-1.97048266246,Extra trees,-1.8491731049649869,1.1146681554327187,True,0.24621209502220154,True,True
CCOP(=O)(OCC)SCS(=O)(=O)CC,2.74241086139,Extra trees,1.8198855720329254,1.730238702226509,True,0.4915448725223541,True,True
CN(C)C(=O)C(CCN1CCC(O)(c2ccc(Cl)c(C(F)(F)F)c2)CC1)(c1ccccc1)c1ccccc1,0.830051267821,Extra trees,0.49706220509357607,2.2595803361139764,True,0.4244949221611023,True,True
N#Cc1ccc(F)cc1C#N,1.01859349536,Extra trees,-0.27097200883194783,1.5864393685487401,True,0.6399422287940979,True,True
CC(C)OC(=O)C(O)(c1ccc(Br)cc1)c1ccc(Br)cc1,-1.06749134275,Extra trees,-0.3164455551922495,2.2986072024088253,True,0.6688305139541626,True,True
Cc1onc(-c2ccccc2Cl)c1C(=O)NC1C(=O)N2C1SC(C)(C)C2C(=O)O,-1.02155939718,Extra trees,-1.0383241645000072,2.403270543616661,True,0.34077247977256775,True,True
CN,-0.410916493478,Extra trees,-1.3746875490400037,1.2950037772304168,True,0.5841269493103027,True,True
COc1ccc(C(CN)C2(O)CCCCC2)cc1,0.155047424273,Extra trees,-0.48468611650453836,1.1802429625487583,True,0.6710251569747925,True,True
c1cc(-c2ccncc2)ccn1,-0.0418807732974,Extra trees,-0.1654376240002052,1.1876328534171428,True,0.5753884315490723,True,True
COc1ccc(C(=CC(=O)N2CCOCC2)c2ccc(Cl)cc2)cc1OC,-1.00238963031,Extra trees,-0.46300488714907306,1.3243193738759076,True,0.615763247013092,True,True
CC1(C)C(C=C(Cl)Cl)C1C(=O)OC(C#N)c1cccc(Oc2ccccc2)c1,-1.07965044366,Extra trees,0.8635315552140082,1.9308264300208777,True,0.12551479041576385,True,True
CC1CC(C)C(=O)C(C(O)CC2CC(=O)NC(=O)C2)C1,2.14821999521,Extra trees,-0.9388936466694482,1.4111882355023204,True,0.7725491523742676,False,False
CCOC(=O)CI,0.631447825592,Extra trees,-0.23211057954534917,1.143905051154424,True,0.4531225264072418,True,True
C=CCOc1ccccc1C(=O)N(CC)CC,-0.143948137225,Extra trees,-0.5347771864991934,1.2528614696892861,True,0.3903238773345947,True,True
Cc1ccc(OCC(=O)NC2C(=O)N3C2SC(C)(C)C3C(=O)O)cc1,-0.668224587032,Extra trees,-1.1025789275263602,2.1371368385886313,True,0.2796909213066101,True,True
O=C(CCCN1CCN(C(=O)OC2CCCCC2)CC1)c1ccc(F)cc1,-0.417547327007,Extra trees,-0.4504002897830325,1.3363823786603244,True,0.4458358883857727,True,True
CCc1cc(C(N)=S)ccn1,-0.899838386642,Extra trees,-0.5804925169906751,1.2218445556198316,True,0.7299672365188599,True,True
CNC(=O)Nc1c(OCCN2CCCC2)c(OC)c2occc2c1OC,-0.418028792358,Extra trees,-0.24340023458839757,2.1863543285898777,True,0.6788682341575623,True,True
COC=O,-0.898166147161,Extra trees,-1.2171215963467505,1.0074517403178744,True,0.6359556913375854,True,True
CCOP(=O)(OCC)SCn1ncccc1=O,2.14342080037,Extra trees,1.929057844965441,1.5902189306060281,True,0.38955798745155334,True,True
O=S(=O)(c1ccccc1)c1ccc(Cl)cc1,-0.743505596392,Extra trees,-0.6373413120301449,1.225425515988857,True,0.4738735556602478,True,True
CCN,-0.948027926136,Extra trees,-0.8010533362017899,1.0823119840468354,True,0.5809051394462585,True,True
COc1c(C(C)(C)C)cc([N+](=O)[O-])c(C)c1[N+](=O)[O-],-0.101629187658,Extra trees,0.3530780889032141,1.5160340074014746,True,0.5484787821769714,True,True
CCCCC(CC)C(=O)O,-1.15126093018,Extra trees,-1.1194233342993019,0.775233930918944,True,0.46079474687576294,True,True
CCOC(=O)c1nocc1C(=O)c1ccccc1,-0.610419329507,Extra trees,-0.754668891265616,1.1713418236564452,True,0.5141627788543701,True,True
CCOC(=O)C(C)Oc1ccc(Oc2nc3ccc(Cl)cc3o2)cc1,-0.813915029564,Extra trees,-0.6385061587244864,1.4856262213625935,True,0.3561866283416748,True,True
O=Cc1cccs1,-0.911621810239,Extra trees,-0.5235962701841743,0.9520306437561008,True,0.6712542772293091,True,True
Nc1cc(Cl)ccc1O,-0.681785368199,Extra trees,-0.5572964738916111,0.9016797732024164,True,0.45686960220336914,True,True
CC(C)Cc1ccc2ccccc2n1,-0.740795060233,Extra trees,-0.760268915520375,0.9019701842868726,True,0.6222869753837585,True,True
CCOC(=O)Cc1ccc(-c2ccccc2)cc1,-0.204703340587,Extra trees,-0.713056156142609,1.1290318135448554,True,0.48325031995773315,True,True
CCOP(=S)(OCC)SC1OCCOC1SP(=S)(OCC)OCC,1.35842980248,Extra trees,0.9248375178901613,2.7098717623149797,True,0.6047240495681763,True,True
Clc1nc2ccccc2nc1Cl,0.00888392897894,Extra trees,-0.7458432434140392,1.1061672466198749,True,0.6180576086044312,True,True
ClC1C(Cl)C(Cl)C(Cl)C(Cl)C1Cl,0.215665689024,Extra trees,-0.44390568545932946,1.9007914070846432,True,0.31244444847106934,True,True
CCOCCN(C(=O)CCl)C(=C(C)C)c1ccccc1,-0.521540669973,Extra trees,-0.741405616065008,1.1997626647098552,True,0.6346227526664734,True,True
CC(O)CN,-1.35856057997,Extra trees,-1.3679855361458833,0.8987316590979947,True,0.5048076510429382,True,True
Cn1c(=O)c2c(ncn2CCCCCN2CCN(c3cccc(C(F)(F)F)c3)CC2)n(C)c1=O,-0.0780516287438,Extra trees,0.001973068978857099,2.293164236285532,True,0.4064098000526428,True,True
O=[N+]([O-])c1ccc(CN=NC(=S)N2CCCCC2)o1,-0.424319606773,Extra trees,-0.42622197191011774,1.6127850280290712,True,0.3405059576034546,True,True
O=C(Oc1cccc(O)c1)c1ccccc1,-0.572229969543,Extra trees,-1.0570570780262236,1.0242629712883593,True,0.5059283375740051,True,True
CC1CNCCN1,-1.30678003858,Extra trees,-1.2320085017095423,1.1847181233401378,True,0.6587320566177368,True,True
O=C(NC[P+](CO)(CO)CO)NC[P+](CO)(CO)CO,0.134897004611,Extra trees,-0.36902700233010804,2.341359872717938,True,0.7121989130973816,True,True
CNCCCN1c2ccccc2CCc2ccccc21,-0.148516609689,Extra trees,-0.4587905682560043,1.6427973315152875,True,0.36000001430511475,True,True
NCc1cc(O)no1,0.404088341253,Extra trees,-0.7541511805956769,1.0457555568304415,True,0.7560166716575623,False,False
CCOCCOCCOCCO,-1.63832577659,Extra trees,-1.6419374712382984,1.1083700531089198,True,0.20999999344348907,True,True
CC(C)=CC1C(C(=O)OCc2cc3c(cc2Cl)OCO3)C1(C)C,-1.64870628484,Extra trees,-0.6288955041099275,1.5731425992418209,True,0.48669949173927307,True,True
C/N=N/Nc1ccccc1,-0.492368982487,Extra trees,-0.40818684711453274,1.05575115297452,True,0.49981603026390076,True,True
CCOP(=S)(OCC)Oc1ccc(Cl)c([N+](=O)[O-])c1,0.51282534362,Extra trees,0.7044372823219528,1.4870821575130324,True,0.3039385676383972,True,True
CCCCCCCCOP(=O)(O)OCCC(Cl)Cl,-1.50610223483,Extra trees,-0.5882237220019879,1.4046524502257351,True,0.5415178537368774,True,True
CC(C)CCOC(=O)c1ccccc1,-1.51751929977,Extra trees,-0.9738085792273549,0.9320043366801265,True,0.38507625460624695,True,True
CC1(C)C(C=C(Cl)Cl)C1C(=O)OC(C#N)c1cccc(Oc2ccccc2)c1,1.06069782762,Extra trees,0.8635315552140082,1.9308264300208777,True,0.12551479041576385,True,True
CCOP(=S)(Cl)OC(C)C,-0.321685175155,Extra trees,-0.5934120846978145,1.3029970811173097,True,0.4914773106575012,True,True
Clc1cc(Cl)c(Cl)c(Cl)c1,-0.903079918351,Extra trees,-0.799944556646621,1.185656570862404,True,0.4969172477722168,True,True
CN(C)C(=O)Oc1cccc2sccc12,0.813443627197,Extra trees,-0.13694763692772902,1.543800966322526,True,0.607272744178772,True,True
CCc1ccc([N+]([O-])=Cc2ccccc2)cc1,-0.775978440903,Extra trees,-0.6954977189139703,1.0219020047418184,True,0.6600186228752136,True,True
CCOC(=O)C=Cc1ccccc1,-1.35601712613,Extra trees,-1.2588475879458447,0.8122494934615835,True,0.3652118742465973,True,True
CN1CSC(=S)N(C)C1,-0.294911730723,Extra trees,-0.42035626921140645,1.544818648192607,True,0.6503063440322876,True,True
O=C1OC(O)C(C(Cl)Cl)=C1Cl,0.23010948158,Extra trees,-0.5952072871952699,1.1508891876185954,True,0.7356904149055481,False,False
ClC1=C(Cl)C2(Cl)C3C(Cl)C(Cl)CC3C1(Cl)C2(Cl)Cl,0.31149956546,Extra trees,-0.08644043543854943,4.072979814521748,False,0.37412527203559875,True,False
CCOC(=O)CCN(SN(C)C(=O)Oc1cccc2c1OC(C)(C)C2)C(C)C,0.592155598873,Extra trees,0.63609237273368,2.3372486326606317,True,0.4146478772163391,True,True
O=C(O)CCC1(CCC(=O)O)c2ccccc2-c2ccccc21,-0.838563424367,Extra trees,-0.5278518279638607,1.6205980528588113,True,0.588729202747345,True,True
O=C1c2ccccc2C(=O)C1c1ccccc1,0.134640479062,Extra trees,-0.41232992512256744,1.2873853077972601,True,0.44257140159606934,True,True
O=C(O)Cn1c(=O)sc2cccc(Cl)c21,-1.09033700832,Extra trees,-0.6148776462344939,1.4275210228379684,True,0.6322223544120789,True,True
CC(C)(C)C(=O)CCC1C(=O)N(c2ccccc2)N(c2ccccc2)C1=O,-0.096379391623,Extra trees,-0.25258752384913874,1.6220371786830503,True,0.4067913889884949,True,True
Cc1cc(C)c(S(=O)(=O)O)c(C)c1Nc1ccc(Nc2c(C)cc(C)c(S(=O)(=O)O)c2C)c2c1C(=O)c1ccccc1C2=O,-0.693379760554,Extra trees,-0.8354606116354903,3.5305107947304437,False,0.5949057340621948,True,False
OCCO,-1.87923010092,Extra trees,-2.2231873141499565,0.9885855502957153,True,0.5333333611488342,True,True
CCN(CC)CCOc1ccnc(N)n1,-0.978447042878,Extra trees,-0.7064126131847038,1.085581209714,True,0.5544654130935669,True,True
NC(=O)C1(N2CCCCC2)CCN(CCCC(=O)c2ccc(F)cc2)CC1,-0.397552424659,Extra trees,-0.03194870771950023,1.4939438280926534,True,0.2438775599002838,True,True
CC(C)N=NC(=O)CSc1cc(Oc2ccc(Cl)cc2)ncn1,-0.108128160487,Extra trees,-0.41712038130302054,1.3387416613452605,True,0.2876400351524353,True,True
Cc1nc(NCc2ccccc2)c2cc[nH]c2n1,0.474023131969,Extra trees,-0.529363044311653,1.41233386302298,True,0.6821852922439575,True,True
CC(Oc1ccc(Cl)cc1Cl)C(=O)O,-0.165379715266,Extra trees,-0.38240432707700284,0.8604723506474119,True,0.21287760138511658,True,True
CCCCOC(C)OCCCC,-1.70274011009,Extra trees,-1.304606113495323,1.00888503645848,True,0.5347869992256165,True,True
CCCCC(CC)COS(=O)(=O)O,-1.08732521212,Extra trees,-1.2926053457399942,0.8935750332196115,True,0.36039620637893677,True,True
CCN(CC)CCNC(=O)c1cc(Br)c(N)cc1OC,-0.199518780367,Extra trees,-0.2625677526341506,1.2300490848186367,True,0.47510117292404175,True,True
ClCCN(CCCl)CCCl,1.61176578879,Extra trees,1.688555356338812,1.7383469419307482,True,0.5006378889083862,True,True
NC1=NC(=O)C(c2ccccc2)O1,-0.393542201576,Extra trees,-0.7067373109989675,1.2991534928702924,True,0.7115582227706909,True,True
CCP(=S)(Oc1ccc([N+](=O)[O-])cc1Cl)OC(C)C,1.00503298368,Extra trees,1.029030847576386,1.451428879944841,True,0.49181070923805237,True,True
O=C1CC2OCC=C3CN4CCC56c7ccccc7N1C5C2C3CC46,1.38974672494,Extra trees,1.9710148977500168,4.130162001081216,False,0.5378924608230591,True,False
CCOc1ccc(N2C(=O)C=CC2=O)cc1,-0.4624327448,Extra trees,-0.32243372695644185,1.6769003022202833,True,0.5442163348197937,True,True
CN(C)c1ccc(O)c2c1CC1CC3C(N(C)C)C(=O)C(C(N)=O)C(=O)C3(O)C(=O)C1C2=O,-0.682902757508,Extra trees,-0.3932526778270816,4.550539628517318,False,0.5319699048995972,True,False
CCCCC=O,-1.72578566223,Extra trees,-1.4987740008562445,0.8704768187384104,True,0.2586764693260193,True,True
NC(=O)c1ccccc1Cl,-0.904956240744,Extra trees,-0.7143132980383198,0.8660552963098701,True,0.4994075894355774,True,True
CN(c1ccc(Cl)cc1)S(=O)(=O)c1ccc(Cl)cc1,-0.89797812631,Extra trees,-0.6190891183021172,1.1844532740892602,True,0.5547415614128113,True,True
CN(C)C1CCCCC1,-0.436986293737,Extra trees,-0.355386646256423,0.9335871836530458,True,0.531951904296875,True,True
CCCCCl,-1.46004099907,Extra trees,-1.2938334158581934,1.2299702531346575,True,0.4898351728916168,True,True
CC(C)OC(=O)C(O)(c1ccc(Cl)cc1)c1ccc(Cl)cc1,-1.1685882186,Extra trees,-0.5255829749988403,1.2854055721701678,True,0.6089876890182495,True,True
CNC(=O)N(C)c1nnc(C(C)(C)C)s1,-0.447655044581,Extra trees,-0.8678983112699236,1.5602642218317007,True,0.6132875680923462,True,True
CN(CCn1cnc2c1c(=O)n(C)c(=O)n2C)C1CCCCC1,-0.787761520773,Extra trees,-0.39645938742783354,1.9590584944184357,True,0.4608302116394043,True,True
CCCCc1c(OC(=O)c2cc(OC)c(OC)c(OC)c2)n(-c2ccccc2)n(-c2ccccc2)c1=O,-0.775927298582,Extra trees,-0.6786636591873669,2.1282386825863986,True,0.3344956934452057,True,True
CC[Si](Cl)(Cl)Cl,-0.689572229996,Extra trees,-0.8153878855770198,1.2531956607207078,True,0.6202316880226135,True,True
O=C(c1cccnc1)N1CCN=C1Nc1c(Cl)cccc1Cl,0.622201069657,Extra trees,-0.02999788105442438,1.6934906469104023,True,0.5285484194755554,True,True
CC(=O)Oc1ccc(C2(c3ccc(OC(C)=O)cc3)Oc3ccccc3NC2=O)cc1,-1.28251986267,Extra trees,-0.3387291122780949,2.1016934528408973,True,0.5787531733512878,True,True
C[N+]1(C)CCCCC1COC(=O)C(O)(c1ccccc1)c1ccccc1,-1.03788805504,Extra trees,-0.5889069203250026,1.3936217194175604,True,0.5092216730117798,True,True
O=C(C(F)(F)Cl)C(F)(Cl)Cl,-0.109274386593,Extra trees,-0.17114838999473797,2.5979007074962683,True,0.5239216089248657,True,True
Cc1ccsc1C=CC1=NCCCN1C,-0.397916543536,Extra trees,-0.039410103948460604,1.3279419794424614,True,0.6094085574150085,True,True
CCCCOC(OCCCC)C(OCCCC)OCCCC,-1.44628331641,Extra trees,-1.3096642989051288,1.3185429703994174,True,0.5400751829147339,True,True
COc1ccccc1S,-1.09380124411,Extra trees,-0.7135280221806594,0.8509370164334689,True,0.5103700757026672,True,True
Clc1ccc(C(Cl)(Cl)c2ccc(Cl)cc2)cc1,0.260426351013,Extra trees,-0.6647509034238832,1.2286092151957595,True,0.44404762983322144,True,True
CC=Cc1ccc2c(c1)OCO2,-0.903924624436,Extra trees,-1.1859960323964376,1.0749497896593416,True,0.46633368730545044,True,True
O=NN(CCO)CCO,-1.74751916758,Extra trees,-0.777284682306323,1.1203122414608067,True,0.5403566360473633,True,True
CC(Cl)Cl,-0.864922221423,Extra trees,-1.4200322605894828,1.1271391892616656,True,0.4710567593574524,True,True
NCC(=O)O,-1.47635476936,Extra trees,-2.02382412737998,0.9396154039185414,True,0.43076926469802856,True,True
OCCN1CN(CCO)CN(CCO)C1,-0.541515612798,Extra trees,-1.157810450443426,1.6546517760685546,True,0.5475756525993347,True,True
CCCCOC(=O)C(C)Oc1ccc(Oc2ccc(C(F)(F)F)cn2)cc1,-0.880278257664,Extra trees,-0.8496749538729934,1.495361617589233,True,0.41822052001953125,True,True
CC(=O)OCC=C(C)CCC=C(C)C,-1.50850554985,Extra trees,-1.4822729248785746,0.8554446336251589,True,0.42160844802856445,True,True
CNC(=O)N(C)c1nnc(C(F)(F)F)s1,-0.0634717983689,Extra trees,-0.26664821234308933,1.444081344456714,True,0.6478333473205566,True,True
COP(=S)(OC)SCn1nc(-c2ccccc2)ccc1=O,-1.73850557542,Extra trees,0.469825608442311,1.6528812115789422,True,0.3602236211299896,True,True
O=[N+]([O-])c1ccc(O)c(CNCCO)c1,0.965027780315,Extra trees,-0.3608054391787534,1.057604306320387,True,0.37905746698379517,True,True
O=C1N=C(c2ccc(-c3ccccc3)cc2)C2C(=O)NC(c3ccc(-c4ccccc4)cc3)=C12,-0.657299204068,Extra trees,-0.21524012040955126,2.88188871428049,True,0.7077333331108093,True,True
COc1ccc(C(=O)CCC(=O)O)c2ccoc12,-0.658194045102,Extra trees,-0.8526765927304542,1.3874134173799755,True,0.43849191069602966,True,True
O=C(O)c1cc(I)cc(I)c1I,-0.173776150541,Extra trees,-0.4181037255575006,1.468868477698229,True,0.4060072898864746,True,True
O=C(O)COc1ccc(Cl)cc1Cl,-0.573450465725,Extra trees,-0.2724311445819998,1.0589737130223884,True,0.05624999850988388,True,True
CCCCCCOC(C)=O,-2.46424185395,Extra trees,-1.5572932751086872,0.8435024959975873,True,0.19774559140205383,True,True
CCCCOC(=O)c1ccccc1C(=O)OCc1ccccc1,-0.872693555099,Extra trees,-1.1873114113614938,1.115212058923653,True,0.3181035816669464,True,True
O=S(=O)(O)c1ccc(Nc2nc(Nc3ccc(C=Cc4ccc(Nc5nc(Nc6ccc(S(=O)(=O)O)cc6)nc(N(CCO)CCO)n5)cc4S(=O)(=O)O)c(S(=O)(=O)O)c3)nc(N(CCO)CCO)n2)cc1,-0.657938749913,Extra trees,-0.2859689627082087,5.798858556192553,False,0.26783818006515503,True,False
Cc1cccc(C)c1N(COCC(C)C)C(=O)CCl,-0.79618598495,Extra trees,-0.7818343391856055,1.220263907987663,True,0.40334177017211914,True,True
N#Cc1cc(Br)c(O)c(Br)c1,0.163592893802,Extra trees,0.3857615971600033,1.4974975471779097,True,0.4169999957084656,True,True
COc1cnc(NS(=O)(=O)c2ccc(N)cc2)nc1,-1.33052817154,Extra trees,-0.519590588207996,1.4352305146524325,True,0.3813953399658203,True,True
Clc1cccc([Si]23OCCN(CCO2)CCO3)c1,1.25466508159,Extra trees,0.43872621052460337,3.0283388841371526,False,0.5363338589668274,True,False
CC(=O)C(C)=O,-1.26370439761,Extra trees,-0.9908541438544461,0.9131919968088396,True,0.4325757622718811,True,True
N#CSc1cccc(C(=O)O)c1,0.389990915263,Extra trees,-0.31163775537182686,0.9193302538303497,True,0.5220006704330444,True,True
Sc1nc2ccccc2s1,0.223340173143,Extra trees,-0.4414663791000046,1.207588048692303,True,0.47245320677757263,True,True
C=CCn1c(=O)c2[nH]c(C)nc2n(CC(C)C)c1=O,1.18837087359,Extra trees,1.0288873173212347,1.7813208338518454,True,0.4691801965236664,True,True
Nc1ccc(S(N)(=O)=O)cc1,-1.35503146761,Extra trees,-1.308734271988194,0.9891506141210074,True,0.4110173285007477,True,True
O=C(O)Cc1ccc2c(c1)C(=O)c1ccccc1CN2,-0.481512062382,Extra trees,-0.382601284804277,1.495598987520109,True,0.54524827003479,True,True
CCOP(=O)(OCC)Oc1nc(Cl)c(Cl)cc1Cl,0.394075349486,Extra trees,0.7702915777518307,1.6367240192382435,True,0.5738077163696289,True,True
CC(=O)CCCO,-1.7970138714,Extra trees,-1.3988493160963011,0.8361953985937793,True,0.45168542861938477,True,True
Oc1c(Cl)c(Cl)cc(Cl)c1Cc1c(Cl)cc(Cl)c(Cl)c1O,0.609477032109,Extra trees,-0.04218540602945238,1.8303427322049441,True,0.4893333315849304,True,True
CCCC(=O)Oc1ccc(OC)cc1,-1.24316261643,Extra trees,-1.1386751748618569,1.2615067847569947,True,0.524583637714386,True,True
CC1(C)C(C=C2CCSC2=O)C1C(=O)OCc1coc(Cc2ccccc2)c1,-0.214670164989,Extra trees,-0.44560053788837733,1.6441646653175677,True,0.5256878137588501,True,True
COc1cc2ccc(=O)oc2cc1OC,-0.151100495977,Extra trees,-1.0457496254596221,1.3985764979013355,True,0.5153669118881226,True,True
CSCCC=O,-0.672453423501,Extra trees,-1.2951965366908404,0.9233707549186478,True,0.6407992243766785,True,True
C=CCSSCC=C,-0.249818086579,Extra trees,-0.6246037051369011,1.1113722677902045,True,0.6190475225448608,True,True
CNc1nc(NC(C)C)nc(SC)n1,-0.814023938591,Extra trees,-0.6630826305542329,1.3706037583870367,True,0.36014190316200256,True,True
Cc1cccc(N2CCN(CCCCN3C(=O)CNC3=O)CC2)c1,-0.0641166659529,Extra trees,-0.3631872536691416,1.4818046832994822,True,0.615588366985321,True,True
COc1cc(N)c(Cl)cc1C(=O)NC1CCN(CCCOc2ccc(F)cc2)CC1OC,-0.951379938164,Extra trees,-0.003283154154890924,1.5749177562950891,True,0.6503656506538391,True,True
CCO[PH](=S)OCC,-0.1130582837,Extra trees,-0.803136814458528,1.4236715152123285,True,0.6994048357009888,True,True
COP(=O)(NC(C)=O)SC,-0.582267396475,Extra trees,0.651629749232482,1.092257811534989,True,0.641391932964325,True,True
NC(=O)NCc1ccccc1,-1.25474877306,Extra trees,-1.0981116912430182,0.8828622713615867,True,0.508159875869751,True,True
Cc1ccc(CN(C)N=O)cc1,-0.386665699461,Extra trees,0.3873663648263514,0.9448090762001058,True,0.5097028017044067,True,True
c1ccc2c(c1)Oc1ccccc1O2,-0.821084350869,Extra trees,-0.2732645229628117,2.4722605690849644,True,0.5558849573135376,True,True
CCOc1ccc([N+](=O)[O-])cc1CNCCO,0.982739661314,Extra trees,0.33264367909614356,1.0784828425169453,True,0.3752126693725586,True,True
CCOCC(C)O,-1.62579757212,Extra trees,-1.432917061084877,0.8717480605452509,True,0.4019704759120941,True,True
CCCCCC1=CCCC1=O,-1.15990246511,Extra trees,-1.1479775883361296,1.0034806139128614,True,0.6622844934463501,True,True
c1ccc(Nc2cccc3ccccc23)cc1,-0.869840474094,Extra trees,-1.2991130490599538,1.1265353727416227,True,0.5597618818283081,True,True
CCCCC(CC)C(=O)OCCOCCOCCOC(=O)C(CC)CCCC,-1.88651813836,Extra trees,-1.4555707249174623,1.4513214547596962,True,0.36702316999435425,True,True
CC1CCCC(C)N1CCCC(O)(c1ccccc1)c1ccccn1,0.174299650594,Extra trees,-0.22646644912968297,1.4652985912158019,True,0.6352671384811401,True,True
COc1ccc2c(c1)c(CC(=O)O)c(C)n2C(=O)C=Cc1ccccc1,-0.410937010752,Extra trees,0.15790401766543657,1.9588980448046633,True,0.4746137261390686,True,True
C[N+](C)(C)CCCCCC[N+](C)(C)C,-0.392791695005,Extra trees,0.07910362813257218,1.3998665580557192,True,0.2666666507720947,True,True
NS(=O)(=O)CCl,-1.6692844435,Extra trees,-0.3679945277576275,1.2251762829108994,True,0.6483734250068665,True,True
CCC(C)c1cc([N+](=O)[O-])cc([N+](=O)[O-])c1O,1.02219979818,Extra trees,0.38914867561816086,1.2440544071700184,True,0.399813711643219,True,True
CC(C)(C=O)CO,-1.49598387574,Extra trees,-1.1513343568733807,1.1582121970901083,True,0.6825127601623535,True,True
FC(F)OC(F)(F)C(F)Cl,-1.47042365848,Extra trees,-1.165145732191886,1.438343810926901,True,0.7067552208900452,True,True
O=C(O)COc1nc(Cl)c(Cl)cc1Cl,-0.390320925992,Extra trees,-0.549728364252912,1.3147353303974887,True,0.5587719678878784,True,True
COP(=S)(OC)Oc1cc(Cl)c(Br)cc1Cl,-0.640650774981,Extra trees,-0.31988566149570125,1.5968135971782211,True,0.4574543535709381,True,True
O=c1[nH]c(=O)n(Cl)c(=O)n1Cl,-0.711572267552,Extra trees,-0.7991640168226617,1.3518110930760847,True,0.2182692289352417,True,True
CN1CCC(CN2c3ccccc3Sc3ccccc32)C1,0.262407128741,Extra trees,0.10732742030700088,1.7111810904988456,True,0.40202227234840393,True,True
COc1ccc2c(=O)oc3c(OC)cc(CCN(C)C)c4c(=O)oc1c2c34,-0.105985626063,Extra trees,-0.4516387863789708,2.345355500837274,True,0.6658075451850891,True,True
C[N+]12CCCCC1CCC(=C(c1cccs1)c1cccs1)C2,-0.457537372977,Extra trees,-0.37368470994337544,1.8320513869499062,True,0.7103753089904785,True,True
ClC1=C(Cl)C2(Cl)C3C(Cl)OC(Cl)C3C1(Cl)C2(Cl)Cl,1.93337128649,Extra trees,0.04474085889605326,4.103441645092224,False,0.4798851013183594,True,False
C=CCOc1ccc(CC(=O)O)cc1Cl,-0.665814407621,Extra trees,-0.625618303014999,1.1236992255612277,True,0.401742160320282,True,True
CC(C)N1CCC(N(C(=O)Cc2ccccc2)c2ccc(Cl)cc2)CC1,-0.0273168287936,Extra trees,-0.035296332885872236,1.3514731302280087,True,0.605095386505127,True,True
CCC(CC)C(=O)OCC(Br)(Br)Br,-1.02124672913,Extra trees,-0.5628422256642263,1.386241596067744,True,0.5555464029312134,True,True
CN1CCN(N=O)CC1,0.111138104708,Extra trees,-0.6548606788873762,1.184174331222453,True,0.49473685026168823,True,True
S=c1sc2nc3ccccc3nc2s1,-0.881753646769,Extra trees,-0.6522234103471131,1.4622041401552495,True,0.6630951762199402,True,True
O=S(=O)(O)c1ccc(N=Nc2ccc(N=Nc3c(O)ccc4ccccc34)cc2)cc1,-1.23103990991,Extra trees,-1.0302973379861862,1.8412937309859485,True,0.556207537651062,True,True
CCc1cccc(CC)c1N(CC(=O)O)C(=O)CCl,-0.908791965816,Extra trees,-0.8300229793773977,1.2940296113481613,True,0.36743512749671936,True,True
CCN(CC)CCCN,-0.498056140313,Extra trees,-0.9840333983082498,0.9110382310708505,True,0.4327705502510071,True,True
CCCCC(O)(Cn1cncn1)c1ccc(Cl)cc1Cl,-0.843025770664,Extra trees,-0.45926750442565545,1.483554177500827,True,0.5298666954040527,True,True
NCC1CCCC(CN)C1,-0.791442602693,Extra trees,-0.5979517476092927,0.9646851915764642,True,0.6754364967346191,True,True
Nc1nc(N)nc(N)n1,-1.39889278638,Extra trees,-0.6744363241406126,1.7889416499464115,True,0.6914775967597961,True,True
CCC(C)=CCCC(C)=CC#N,-1.20208289524,Extra trees,-1.0380355341923075,0.9780757990823521,True,0.580825924873352,True,True
CC(C1=C(CCN(C)C)Cc2ccccc21)c1ccccn1,-0.324972498978,Extra trees,-0.1921620826048021,1.7469253155905928,True,0.60317462682724,True,True
CCCC(=O)N(C)C(=O)Oc1cc(C)cc(C(C)C)c1,-0.643309717404,Extra trees,0.0003286447268685206,1.5026114480806694,True,0.6270071268081665,True,True
Cc1cc(C)c(N)cc1C,-0.965901178652,Extra trees,-0.9653348640439966,0.9301635128712613,True,0.4000000059604645,True,True
CC1(NC(N)=O)CCCC1,-0.926275554152,Extra trees,-0.5829802646036244,1.0869532778778748,True,0.6886402368545532,True,True
Cc1ccc2nc(C(F)(F)F)[nH]c2c1,0.502045424934,Extra trees,0.844567558269237,1.4003227219119125,True,0.34308120608329773,True,True
CN1CCCN(C)C1=O,-1.14016992991,Extra trees,-0.7472940304254072,0.9764485419700698,True,0.5704695582389832,True,True
Cc1cncc(C)n1,-0.910480254326,Extra trees,-0.8113013475026971,1.01976339605998,True,0.5778692960739136,True,True
CC(C)(C)c1cc([N+](=O)[O-])cc(C(C)(C)C)c1O,0.00229741753191,Extra trees,-0.34598425337146727,1.5908379401346098,True,0.42758622765541077,True,True
CC1CCC(C(C)C)C(O)C1,-1.11703279636,Extra trees,-1.1504887732225952,0.9719720904709575,True,0.6881898045539856,True,True
CBr,-0.35296910672,Extra trees,-0.44617664832341675,1.412973123595879,True,0.7828571200370789,False,False
Cn1cc(OCC(O)CNC(C)(C)C)c2ccccc2c1=O,0.371195303876,Extra trees,-0.42494697019234084,1.3158400419906662,True,0.5394459962844849,True,True
Nc1cc(Cl)c(N)cc1Cl,-0.994991182322,Extra trees,-0.6751636639645595,1.2111464610904523,True,0.47459954023361206,True,True
CC(C)OC(=O)OOC(=O)OC(C)C,-1.01613774916,Extra trees,-0.9957950208098932,1.2198031258047013,True,0.5476468801498413,True,True
CCCCS(=O)(=O)NC1CCCCC1,-1.10851481859,Extra trees,-0.5449347343146219,1.2269156856012198,True,0.6633549928665161,True,True
CCCC(C)C1(CC)C(=O)N=C(O)NC1=O,0.678899901011,Extra trees,0.28275648745200105,1.5620409651448006,True,0.3816518187522888,True,True
CO[N+](=O)[O-],-0.649847797493,Extra trees,-0.8101474957051226,1.0440652375403603,True,0.6260822415351868,True,True
O=C(O)C(O)C(O)C(=O)O,0.763994092334,Extra trees,-1.5060407033799954,1.7490751911179152,True,0.4000000059604645,True,True
CCC(C)C(C(=O)OCC[N+](C)(CC)CC)c1ccccc1,-0.513362659029,Extra trees,-0.33921656951525586,1.4113950305351755,True,0.6039239764213562,True,True
Oc1cccc2ccccc12,-1.11295765854,Extra trees,-0.7207120849419025,0.9095601475341941,True,0.5351914167404175,True,True
CCOP(=S)(OCC)Oc1ccc([N+](=O)[O-])cc1,2.142061565,Extra trees,1.3369559954164896,1.6028600170315213,True,0.27793166041374207,True,True
CC(=O)C1C(=O)C=C(C)OC1=O,-0.473278311203,Extra trees,-0.4199193449840026,1.630285390371438,True,0.5947601795196533,True,True
CCCCOC(=O)C=CC(=O)OCCCC,-1.20971865143,Extra trees,-1.5724659585299905,0.9615516172953734,True,0.3187619149684906,True,True
CCOC(=O)C1CCCCC1,-1.4041639209,Extra trees,-1.6127641667961392,0.7967766642847031,True,0.525773823261261,True,True
Cc1cccc(C)c1NC(=O)CC12CCCN1CCC2,0.0832074338223,Extra trees,0.028654165284400304,1.5928876239576089,True,0.46989065408706665,True,True
CN(CCCl)CCCl,1.19326378149,Extra trees,1.2844532816200085,1.4240116321072647,True,0.3910457491874695,True,True
COC1=C(OP(=O)(OCC(C)C)OCC(C)C)CN=NC1=O,0.967845555343,Extra trees,0.6312553608230492,1.7893832305532404,True,0.7286688089370728,True,True
CCC(C)(N)C#N,0.122654168561,Extra trees,-0.4497835773645876,1.0081923640464838,True,0.6295214891433716,True,True
COc1c(Cl)ccc(Cl)c1C(=O)O,-0.994713079301,Extra trees,-1.4445794633099942,1.1909951809334605,True,0.35968536138534546,True,True
COCCN1C=CC(=C2C(=O)c3ccccc3C2=O)C=C1,-0.0948813226352,Extra trees,-0.29593880576877335,1.8774017677934753,True,0.6624387502670288,True,True
[O-][N+](CCCl)(CCCl)CCCCCl,0.977769316232,Extra trees,0.47055772575419974,1.817413987380954,True,0.6731371879577637,True,True
C=COCCCC,-1.99930133465,Extra trees,-1.3074716964591218,0.8659138290472685,True,0.37378352880477905,True,True
Cc1cc(OC(=O)N(C)C)n(C(C)C)n1,1.29140379726,Extra trees,-0.23288790947105095,1.544332806812366,True,0.6061115264892578,True,True
CCOc1ccc2cc(S(=O)(=O)O)ccc2c1N,-1.65218228729,Extra trees,-1.1844160060868565,1.1320466307348516,True,0.5541813969612122,True,True
Cc1cnccn1,-1.28160444454,Extra trees,-0.8502259722305574,1.0527654249050227,True,0.5760471224784851,True,True
CC(C)C(C(=O)OC(C#N)c1cccc(Oc2ccccc2)c1)c1ccc(Cl)cc1,0.67867354896,Extra trees,0.4925008720879946,1.7232046310518945,True,0.2558803856372833,True,True
CC(=O)C1CCC2C3CCC4CC(O)CCC4(C)C3C(=O)CC12C,0.0490143129184,Extra trees,-0.8786385039915707,2.220526775100656,True,0.6639567613601685,True,True
CC(Cc1ccccc1)NN,0.645263313288,Extra trees,-0.08656650590678816,0.8887029472764081,True,0.4756701588630676,True,True
CC(=O)C=CC1=C(C)CCCC1(C)C,-1.37782888448,Extra trees,-1.0812962525307446,1.1164866819197306,True,0.5297867655754089,True,True
Cc1c(O)cc([N+](=O)[O-])cc1[N+](=O)[O-],0.899019004532,Extra trees,-0.12659749528816794,1.2439699011178362,True,0.3931824266910553,True,True
COc1ccc(CN(CCN(C)C)c2ccccn2)cc1,-0.106471825764,Extra trees,-0.5222833454419972,1.1143592669905025,True,0.2760474681854248,True,True
O=C(O)CCS,0.226538531342,Extra trees,-0.3459136320713,1.0953439418221804,True,0.4514285624027252,True,True
C=CC(Cl)=C(Cl)Cl,-0.635449009698,Extra trees,-0.41317730165918953,1.142586345089849,True,0.6959994435310364,True,True
O=C1OC(C(O)CO)C(O)C1=O,-1.82972842111,Extra trees,-2.0094539822799855,1.3192296849043994,True,0.6064521670341492,True,True
CCCC1C(=O)N2C(N(C)C)=Nc3ccc(C)cc3N2C1=O,-0.728426848356,Extra trees,-0.3406526452122908,1.9066023624012642,True,0.6822876930236816,True,True
CNN,0.153183845123,Extra trees,0.15829653107699934,1.194151912100727,True,0.46785712242126465,True,True
CCCCOP(C)(=O)CCC(C#N)OC(C)=O,0.0139490767095,Extra trees,-0.1709996591334236,1.2782044940385897,True,0.6474512815475464,True,True
CN(C)N,-0.307458825248,Extra trees,-0.3074853696979976,1.1881334032242645,True,0.5454545617103577,True,True
CCCCNS(=O)(=O)c1ccccc1,-0.982762999393,Extra trees,-0.7909499585388468,0.9858649676194167,True,0.5607386827468872,True,True
CCCCOC(=S)SC(=S)OCCCC,-0.720544922836,Extra trees,-0.47063348298112073,1.0750453899508083,True,0.5216182470321655,True,True
CNC(=O)Oc1ccc(NC(=O)OC)c(C(C)C)c1,0.994002504934,Extra trees,-0.01027956304252981,1.889444068639706,True,0.5216635465621948,True,True
CCOP(=S)(CC)Sc1ccccc1,1.91437843409,Extra trees,0.9057010769549676,1.2340996146804022,True,0.3915477395057678,True,True
CC(C)OP(=O)(F)OC(C)C,1.56619465116,Extra trees,0.18549165284899657,1.3772575659067217,True,0.5712882280349731,True,True
FC(F)(F)c1nc2c(Cl)c(Cl)c(Cl)cc2[nH]1,2.28003077109,Extra trees,1.7831733539028654,1.8162750854706629,True,0.30556437373161316,True,True
CC(C)C1(NC(=O)C2CC3c4cccc5[nH]cc(c45)CC3N(C)C2)OC2(O)C3CCCN3C(=O)C(Cc3ccccc3)N2C1=O,-0.572162045702,Extra trees,0.6083678368805717,4.045809172395208,False,0.7204535603523254,True,False
Sc1ccccc1,0.379305510532,Extra trees,-0.7285221109554841,1.0376539919176422,True,0.6142857074737549,True,True
CC(C)OP(C)(=O)OC(C)C,-0.661263809669,Extra trees,-0.5329958138358404,1.3332013116180574,True,0.5519765615463257,True,True
COC(=O)NS(=O)(=O)c1ccc(N)cc1,-0.89946756518,Extra trees,-0.9390663016819906,1.1599686538076317,True,0.43383535742759705,True,True
CC(C)N=C1C=C2C(=Nc3ccccc3N2c2ccc(Cl)cc2)CC1=Nc1ccc(Cl)cc1,-1.24905103807,Extra trees,-0.275909614348957,2.425591671472395,True,0.7658629417419434,False,False
CCCOP(=O)(SCCC)SCCC,0.298260527797,Extra trees,0.588046030064716,1.5259491922699902,True,0.4956666827201843,True,True
Cc1c(N(C)CS(=O)(=O)O)c(=O)n(-c2ccccc2)n1C,-0.954233828408,Extra trees,-0.3455239495784306,1.4840061915805594,True,0.5438030958175659,True,True
OCC1OC2OC3C(CO)OC(OC4C(CO)OC(OC5C(CO)OC(OC6C(CO)OC(OC7C(CO)OC(OC8C(CO)OC(OC1C(O)C2O)C(O)C8O)C(O)C7O)C(O)C6O)C(O)C5O)C(O)C4O)C(O)C3O,-1.21916693889,Extra trees,-0.23248969223088653,15.144377874156703,False,0.727183997631073,True,False
ClC(Cl)(Cl)C(Cl)(Cl)Cl,-1.27509990432,Extra trees,-0.490193140368244,1.3361879763761708,True,0.6783333420753479,True,True
Cc1cccc2sc(N)nc12,-0.39646591198,Extra trees,-0.6666294715874187,1.163957112717711,True,0.6266688108444214,True,True
CCNC(=O)C(C)OC(=O)Nc1ccccc1,-1.66798227292,Extra trees,-0.8984327205299291,0.9911292702580407,True,0.5432046055793762,True,True
CCC(C)N,-0.715634578507,Extra trees,-0.646750151974943,0.9696229744319069,True,0.6186507940292358,True,True
CCC(C)c1ccc2ncccc2c1,-0.740795060233,Extra trees,-0.8103351545072304,1.026262116670646,True,0.6774630546569824,True,True
Clc1cc(Cl)c(Cl)c(Cl)c1Cl,-0.574632290754,Extra trees,-0.48514879246731385,1.467966072019267,True,0.4890628755092621,True,True
CC(C)=CC1C(C(=O)OCc2coc(Cc3ccccc3)c2)C1(C)C,0.730150107812,Extra trees,-0.5653297230899992,1.416469296543165,True,0.32979413866996765,True,True
CNC(=O)ON=C1COCCS1,0.711054453272,Extra trees,1.23213407665804,1.8225639672907774,True,0.5232020020484924,True,True
CC(=O)CC(C)C,-1.31736466961,Extra trees,-1.415850059889837,0.9538222151655785,True,0.49365076422691345,True,True
ClC1=C(Cl)C2(Cl)C3C4OC4C(Cl)C3C1(Cl)C2(Cl)Cl,1.41419313104,Extra trees,0.2421146384355613,4.8319023141187465,False,0.4784238338470459,True,False
C=CC1(C)OC(=O)N(c2cc(Cl)cc(Cl)c2)C1=O,-1.54346698488,Extra trees,-0.4814362693214825,1.5249913469517362,True,0.5959757566452026,True,True
CCCCOC(=O)COc1ccc(Cl)cc1C,-0.551469556342,Extra trees,-0.49851267916454156,0.9597920826981675,True,0.34351569414138794,True,True
Oc1ccc2nc(C(F)(F)F)[nH]c2c1,0.692854044029,Extra trees,0.7387428157307879,1.3948227760712624,True,0.34509801864624023,True,True
N#CC(F)(F)C(F)(F)C(F)(F)C#N,-1.10949513633,Extra trees,-0.34547086664714327,1.6344013823627153,True,0.593479335308075,True,True
Oc1ccccc1,-0.527409649548,Extra trees,-0.5869457450868567,1.0378664971231448,True,0.4714035093784332,True,True
Cc1ccc(N)c(C)c1,-0.585875185713,Extra trees,-0.9021735659967829,0.8857435173351956,True,0.4193374514579773,True,True
CC(C)CNCC(C)C,-0.300199254749,Extra trees,-0.40691194786125595,0.9611432662368129,True,0.644444465637207,True,True
CN1CCN(C2=Nc3ccccc3Cc3ccccc32)CC1,-0.35505735358,Extra trees,-0.08827751946312355,1.9716557175560658,True,0.5475339889526367,True,True
Oc1cc(O)cc(Sc2cc(O)cc(O)c2)c1,-1.23404849116,Extra trees,-1.0298524417282942,1.2144255485512767,True,0.5616541504859924,True,True
CC1(C)OCC2OC3(C(=O)O)OC(C)(C)OC3C2O1,-1.78361266974,Extra trees,-0.9570495163222722,2.9093082728531696,True,0.7571316361427307,False,False
Nc1c(S(=O)(=O)O)cc(Nc2cccc(S(=O)(=O)CCOS(=O)(=O)O)c2)c2c1C(=O)c1ccccc1C2=O,-1.20888186166,Extra trees,-0.7693550794742353,2.992918544297291,True,0.6320356130599976,True,True
O=C(Cn1ccnc1)c1ccc2c(c1)Cc1ccccc1-2,-1.21975937252,Extra trees,-0.4315050875363802,1.5028660101722924,True,0.7111977338790894,True,True
N#CCc1ccccc1,-0.362617760456,Extra trees,-0.8576090912798163,1.121619760984346,True,0.5515019297599792,True,True
N#CCN(CC#N)N=O,-0.118405335481,Extra trees,-0.34002994872780273,1.3266634803614648,True,0.6089215278625488,True,True
Cc1c(N)cccc1N,-0.913031879762,Extra trees,0.10411969097010028,1.0169185940545988,True,0.3976607918739319,True,True
CCOC(=O)CSP(=S)(OCC)OCC,-0.606329098887,Extra trees,0.6430464927439437,1.68952222100324,True,0.42968398332595825,True,True
Nc1nc2cc(F)ccc2o1,-0.817790827212,Extra trees,-0.5300458510574172,1.4715118431633933,True,0.49362850189208984,True,True
Nc1c(Cl)c(F)nc(OCC(=O)O)c1Cl,-0.974523811891,Extra trees,-0.6188195858070596,1.316534111247273,True,0.6119999885559082,True,True
O=C(O)Cc1cc(I)c(Oc2cc(I)c(O)c(I)c2)c(I)c1,2.95735009628,Extra trees,-0.2406886092368069,2.0355869048983175,True,0.5630186796188354,True,True
Cc1ccc2ccc(=O)oc2c1,-1.3751970061,Extra trees,-0.650445941187901,1.3399636478077226,True,0.5803283452987671,True,True
CCCCCCCCS(=O)CCCCl,-1.37476392702,Extra trees,-1.030193214371446,1.2366989515522788,True,0.626705527305603,True,True
O=S(=O)(O)NC1CCCCC1,-0.803538822349,Extra trees,-0.89984560982061,0.9332394739127037,True,0.6130119562149048,True,True
CCCCOCCCC,-1.754517335,Extra trees,-1.2268620464283102,0.8407904542226503,True,0.14615383744239807,True,True
CCOc1ccc(N)cc1,-0.595096607959,Extra trees,-1.078413559319994,0.8528022221284879,True,0.3919484615325928,True,True
CCOP(=S)(Oc1ccc(C#N)cc1)c1ccccc1,1.02705619779,Extra trees,0.8447652744667975,1.577979365298066,True,0.5614256262779236,True,True
O=C(O)c1ccccc1-c1ccccc1CO,-1.45450829,Extra trees,-0.8336314087615039,1.0212967351075601,True,0.5694624185562134,True,True
Cc1[nH]ncc1Cl,-0.5075189785,Extra trees,-0.35941923084057564,0.946375713172701,True,0.6846605539321899,True,True
CCOC(=O)Cc1ccccc1,-1.30313022146,Extra trees,-1.2892454038769274,0.8119350924821578,True,0.40665706992149353,True,True
O=[N+]([O-])C(F)(COCC(COCC(F)([N+](=O)[O-])[N+](=O)[O-])(N(F)F)N(F)F)[N+](=O)[O-],-0.256186238255,Extra trees,-0.4363348297614915,3.0318160464255492,False,0.6708953976631165,True,False
COc1c(Cl)cc2[nH]c(C(F)(F)F)nc2c1Cl,1.55004330627,Extra trees,0.9909364485993326,1.7221524585454504,True,0.39402443170547485,True,True
CCC1(c2ccccc2)C(=O)NCNC1=O,-0.837125067475,Extra trees,-0.09119745216752144,1.2713571645709487,True,0.5533195734024048,True,True
c1nc[nH]n1,-1.37768660655,Extra trees,-0.8495668124268073,1.2146575496772272,True,0.7797619104385376,False,False
CC#CCC(C)C(O)C=CC1C(O)CC2Oc3c(CCCC(=O)O)cccc3C21,1.55928837431,Extra trees,1.5212459821400084,1.9621340982039541,True,0.6181896924972534,True,True
Nc1cc(N2CCCCC2)nc(N)[n+]1[O-],-0.800231112135,Extra trees,-0.26070291974646037,1.4850176203707832,True,0.7565628290176392,False,False
CCCCCCCCCCCCCCCCOC(=O)Cc1ccc(N(CCCl)CCCl)cc1,0.699482166529,Extra trees,0.9572716518767603,1.8907506619402734,True,0.0,True,True
CN(C)CCCN1c2ccccc2Sc2cccnc21,-0.277649341588,Extra trees,-0.21328219215480163,1.6740032083198662,True,0.3560829162597656,True,True
O=c1[nH]c2ccc(Cl)cc2o1,-0.849857844405,Extra trees,-0.6601628982986987,1.1819800211623894,True,0.4259251058101654,True,True
CCCCCCCCCCCCCCCCCCN(C(=O)CC(C(=O)O)S(=O)(=O)O)C(CC(=O)O)C(=O)O,-0.997568074906,Extra trees,-0.7724112632994524,2.6236273768697034,True,0.6656235456466675,True,True
O=C(O)CCCCCCI,-0.941869999212,Extra trees,-0.8341732016760799,1.0768389386378057,True,0.4001188278198242,True,True
CN(C)C(=S)SC(=S)N(C)C,-0.30957458129,Extra trees,-0.40214064007131406,1.4469618799269608,True,0.48750001192092896,True,True
FC(F)=C(F)c1ccccc1,-1.19894496022,Extra trees,-0.8290652143048991,0.8967715214710912,True,0.5863353610038757,True,True
CCCc1c(OCc2cccn3c(=O)c(CC(=O)O)cnc23)ccc(C(C)=O)c1O,-0.988825131738,Extra trees,-0.8649683962938794,1.809488847676974,True,0.6275303363800049,True,True
CCCS,-1.35631914687,Extra trees,-1.0708115874153634,1.0218719259885987,True,0.4833333492279053,True,True
COC(=O)Nc1nc2cc(C(=O)c3ccccc3)ccc2[nH]1,-0.383437700095,Extra trees,-0.9590166662855698,1.4001038408861777,True,0.3933662176132202,True,True
ClC(Cl)(Cl)Sn1cccn1,-0.206628740112,Extra trees,-0.39688094104153493,1.360930053773687,True,0.776602566242218,False,False
COC(=O)Nc1ccc(Cl)c(Cl)c1,-0.37514912408,Extra trees,-0.582492292329214,0.9803427462714183,True,0.4081050753593445,True,True
Nc1cccc(C(F)(F)F)c1,-0.474072919232,Extra trees,-0.3965998380491008,1.1743526030165288,True,0.5274705290794373,True,True
CN(C)C(=O)NC1CCCCCCC1,-0.878746649868,Extra trees,-1.0128548435369997,0.823070345066368,True,0.5544062852859497,True,True
O=C(OCC1CCC2OC2C1)C1CCC2OC2C1,-1.25031188161,Extra trees,-0.6275756341069493,1.8376914883086712,True,0.6927608251571655,True,True
CN1CCN=C(c2ccccc2)c2cc(Cl)ccc21,-0.52165798835,Extra trees,-0.25886024752346726,1.276129268543934,True,0.47918885946273804,True,True
COP(=S)(Oc1cc(Cl)c(Br)cc1Cl)c1ccccc1,1.33620685467,Extra trees,0.31115566662860095,1.5911196969125139,True,0.627114474773407,True,True
CC(C)N=NC(N)=S,0.432192086336,Extra trees,-0.407612466253501,1.4451248929041982,True,0.7101165652275085,True,True
Cc1nc2cnc3ccccc3c2s1,-0.485815863878,Extra trees,-0.5800075550469983,1.3215342365432274,True,0.5025854706764221,True,True
SCc1ccccc1,-0.598725334108,Extra trees,-0.8987719679623601,0.9182453888610316,True,0.5199071168899536,True,True
Cc1ccc(NC(=O)N(C)C)cc1Cl,-1.43570135688,Extra trees,-0.7725361480494618,0.9842175348701299,True,0.4607780873775482,True,True
CC(C=O)Cc1ccc(C(C)(C)C)cc1,-0.832718791987,Extra trees,-1.1120470081732698,0.9493520240846045,True,0.5432375073432922,True,True
CC12CCC(=O)C=C1C=CC1C2CCC2(C)C1CCC2(O)CCC(=O)O,-0.214595697084,Extra trees,-0.3378943706893653,2.340748757044366,True,0.6617845296859741,True,True
NC(=O)Nc1cccc2c3c([nH]c12)CCCC3,-1.08210790453,Extra trees,-0.9953963770071551,1.6574711086689402,True,0.5694068670272827,True,True
CN1C(=O)CN=C(c2ccccc2F)c2c1ccc(NC(=O)N1CCOCC1)c2Cl,-0.462573850662,Extra trees,-0.4338963697942464,1.9200573540701549,True,0.5817818641662598,True,True
O=[N+]([O-])c1ccccc1,-0.452528567753,Extra trees,-0.8361477791258106,0.9285850171389278,True,0.45837315917015076,True,True
CC(N)C(O)c1ccccc1,-0.993608627154,Extra trees,-0.9535850543124982,0.8903691209943994,True,0.2718081474304199,True,True
CCCCc1ccccc1O,-0.625358609191,Extra trees,-0.6396523089403985,0.8295962177003838,True,0.276425302028656,True,True
CCOC(=O)OC(C)OC(=O)C1N2C(=O)C(NC(=O)C(N)c3ccccc3)C2SC1(C)C,-1.29931357626,Extra trees,-0.5607313636755236,2.7795095925843376,True,0.4486066699028015,True,True
CCCCCCCCCCCC(=O)OCCSC#N,-0.243439938421,Extra trees,-0.9163852643933657,1.3398592383001624,True,0.41904765367507935,True,True
CCNC(N)=S,0.0177426565277,Extra trees,-0.2195637433961737,1.301792904846689,True,0.5825384259223938,True,True
CN(C)CCCOc1nn(Cc2ccccc2)c2ccccc12,-0.330318831958,Extra trees,-0.4871850565230029,1.3770594068093205,True,0.5129116177558899,True,True
CNC(=O)Oc1ccccc1,-0.552942530714,Extra trees,-0.30325244024892795,1.4685211977447183,True,0.4431488513946533,True,True
CN(C)CCCl,-0.2180938646,Extra trees,0.28559575762607875,1.2272123596799411,True,0.4989743232727051,True,True
Nc1c(Cl)cc([N+](=O)[O-])cc1Cl,-1.06421992788,Extra trees,-1.192004845794996,1.141046355300932,True,0.4435272216796875,True,True
C=CCN(CC=C)CC=C,-0.875400826996,Extra trees,-0.14467150381595179,1.1483248966117534,True,0.6176527738571167,True,True
CN1CCN(C(=O)N=NCc2ccc([N+](=O)[O-])o2)CC1,-0.425934757221,Extra trees,-0.3826734953009786,1.462995972634245,True,0.3564676344394684,True,True
O=c1[nH]c2cc(Cl)c(Cl)cc2o1,-0.535446595859,Extra trees,-0.5415225590393484,1.2623777672355938,True,0.4254949986934662,True,True
ClP(Cl)Oc1ccccc1,-0.543157055375,Extra trees,-0.6909815844886592,1.342543479469851,True,0.5543636083602905,True,True
ClC(Cl)c1cccc(Oc2ccccc2)c1,-1.37482479694,Extra trees,-0.9050855243481157,1.3307446358500898,True,0.5050908923149109,True,True
CCCC(C)(O)C1CC23C=CC1(OC)C1Oc4c(O)ccc5c4C12CCN(C)C3C5,0.793945517567,Extra trees,-0.029849340224713555,4.326310091819441,False,0.693162739276886,True,False
O=c1oc2cc(Cl)ccc2n1CCl,-1.03255160991,Extra trees,-0.6824627075959951,1.3390408472407005,True,0.4523955285549164,True,True
C=CC[N+]12CCC34c5ccccc5N5C=C6C7CC8C9(CC[N+]8(CC=C)CC7=CCO)c7ccccc7N(C=C(C(CC31)C(=CCO)C2)C54)C69,1.42703545369,Extra trees,0.9884061824773518,6.972385532800389,False,0.8073211908340454,False,False
Cc1cc(C)c(C(=O)Cl)c(C)c1,-1.100115902,Extra trees,-1.047647253054563,0.9285905339340439,True,0.5770899057388306,True,True
CNCC(O)c1ccc(OC(=O)C(C)(C)C)c(OC(=O)C(C)(C)C)c1,0.326268683036,Extra trees,-0.4374309494909354,1.9347632864351902,True,0.5780621767044067,True,True
Fc1c(Cl)c(Cl)c2nc(C(F)(F)F)[nH]c2c1Cl,2.11010407529,Extra trees,2.0683379501229013,1.9808445423452148,True,0.3266614079475403,True,True
Cn1c2c(c(=O)n1-c1ccccc1)CCCC2,-0.81759486264,Extra trees,-0.6458217361408016,1.2559831513047266,True,0.5827199220657349,True,True
CC(O)C(=O)O,-1.59475240323,Extra trees,-1.5073320449549874,0.8954479029865394,True,0.07692307233810425,True,True
CCCN(CCC)c1c([N+](=O)[O-])cc(S(=O)(=O)N=S(C)C)cc1[N+](=O)[O-],-0.692218589838,Extra trees,-0.4021694278387566,1.8640841792591651,True,0.48680105805397034,True,True
O=[N+]([O-])c1nccs1,-0.0223765288437,Extra trees,-0.6272648262812885,1.079070889512952,True,0.7068694233894348,True,True
CCOc1ccc(CC2=NCCc3cc(OCC)c(OCC)cc32)cc1OCC,-0.0949358523695,Extra trees,-0.26585123341850825,1.7395162235824222,True,0.7000627517700195,True,True
CC(C(=O)O)c1ccc(N2Cc3ccccc3C2=O)cc1,0.524907435653,Extra trees,-0.20853486378259242,1.4663447358514026,True,0.5486526489257812,True,True
Cc1ccccc1C(=O)NC1=NCCS1,-0.617000068637,Extra trees,-0.7638333706247737,1.2089834719232853,True,0.5765022039413452,True,True
CC1(C)Cc2cccc(OC(=O)NCSc3ccc(Cl)cc3)c2O1,1.16299428902,Extra trees,1.0888748802856998,2.0581359558634573,True,0.34207215905189514,True,True
COc1ccc(Nc2ccc(OC)cc2)cc1,-1.0323326612,Extra trees,-0.5694662647925244,1.0961319921013728,True,0.47058820724487305,True,True
CC(=O)OC1CCCCC1C(C)(C)C,-1.36542197768,Extra trees,-1.4836578580418882,0.9825175356553837,True,0.6102019548416138,True,True
COc1cc(-c2ccc(N)c(OC)c2)ccc1N,-0.895388416835,Extra trees,-0.3347418132417174,1.2683101324864963,True,0.4050370156764984,True,True
O=[N+]([O-])N1CN([N+](=O)[O-])CN([N+](=O)[O-])CN([N+](=O)[O-])C1,-1.26884214521,Extra trees,0.10730768189262363,2.5684298463599933,True,0.584635853767395,True,True
CN(CCC(N)C/C(O)=N/C1C=CC(n2ccc(=N)nc2O)OC1C(=O)O)C(=N)N,0.89904400806,Extra trees,-0.6047225660526372,2.550086419698834,True,0.8135255575180054,False,False
C[N+]1(C)CCCC(OC(=O)C(O)(c2ccccc2)c2ccccc2)C1,-0.246795968696,Extra trees,-0.38346730736597634,1.3964698153547626,True,0.31366580724716187,True,True
N#CCCCl,0.951920057235,Extra trees,-0.10488205644487558,1.2627982195346599,True,0.5324109196662903,True,True
CC(C)(C)C(=O)OCOC(=O)C1N2C(=O)C(N=CN3CCCCCC3)C2SC1(C)C,-1.30008928304,Extra trees,-0.33441930000018427,3.193342843919846,False,0.6973506212234497,True,False
CC(C)(C)c1cc(Br)c2nc(C(F)(F)F)[nH]c2c1,0.299863511781,Extra trees,0.7224220080405928,1.7861407131283382,True,0.38192009925842285,True,True
COP(=S)(OC)Oc1cc(Cl)c(I)cc1Cl,-0.751416395371,Extra trees,-0.3455875815270687,1.6636298992291014,True,0.4129944443702698,True,True
CNC(=O)c1sc(-c2cc(OC)c(OC)c(OC)c2)nc1C,-1.2076352461,Extra trees,-1.0194763888576148,1.5931824375033758,True,0.5489659309387207,True,True
CS(=O)(=O)Oc1ccc(Cl)cc1Cl,-1.06390974961,Extra trees,-0.5956922785554026,1.027179469480784,True,0.5167768597602844,True,True
O=C(Nc1ccc(Cl)c(Cl)c1)Nc1cc(Cl)ccc1Oc1ccc(Cl)cc1S(=O)(=O)O,0.0581196404348,Extra trees,-0.60149779954529,1.9062477550193662,True,0.6232995986938477,True,True
O=C(O)CCCN1C(=O)c2cccc3cccc(c23)C1=O,-1.14984604448,Extra trees,-0.5316197915370793,1.3567592146146266,True,0.6299418210983276,True,True
CC(C)C1CCC(O)CC1,-1.28630483033,Extra trees,-1.275847005715422,0.9097435769187983,True,0.6812263131141663,True,True
O=C(O)CCc1nc2ccccc2[nH]1,-0.951233851564,Extra trees,-0.9564701584972695,1.088949187452869,True,0.6147565245628357,True,True
CCN(CC)CC(=O)Nc1c(C)cccc1C,-0.131207272569,Extra trees,-0.5919698241328173,1.1095100606557253,True,0.5669177770614624,True,True
O=CCc1ccccc1,-1.11060430491,Extra trees,-1.1388739414502296,0.8200223145780284,True,0.5402846932411194,True,True
CNC(=S)NCCSCc1nc[nH]c1C,-0.785994138578,Extra trees,-0.5997903549068992,1.3014790964966743,True,0.6941603422164917,True,True
CCC1(CC)C(=O)NCC(C)C1=O,-0.671452081201,Extra trees,-0.4064597134584005,1.3964715251314974,True,0.6750660538673401,True,True
O=C(O)C(F)(F)C(F)(F)C(F)(F)C(F)(F)C(F)(F)C(F)F,-0.619196040622,Extra trees,-0.33311257002154143,2.6747759362721597,True,0.21969696879386902,True,True
CC1CCC(C(C)C)C(O)C1,-1.32464110686,Extra trees,-1.1504887732225952,0.9719720904709575,True,0.6881898045539856,True,True
Cc1ccc2c(-c3ccccc3)nc(=O)n(C(C)C)c2c1,-0.435642731951,Extra trees,-0.6881840461481816,1.251562634640377,True,0.5868833065032959,True,True
Cc1cccc(CN(C)N=O)c1,-0.562756958517,Extra trees,0.3752940484640235,0.9530084415506146,True,0.5228571891784668,True,True
Cc1ccccc1CNC1=NCCS1,0.0996764258747,Extra trees,0.0055869134887795,1.1852734978951056,True,0.5300484895706177,True,True
CN1CCC(N(Cc2cccs2)c2ccccc2)CC1,-0.568272196509,Extra trees,-0.14718304774678795,1.3094529922173652,True,0.606419026851654,True,True
c1ccc2c(c1)-c1cccc3cccc-2c13,-0.995345674652,Extra trees,-0.7929545644280959,1.698284716239811,True,0.557707667350769,True,True
N=C(S)NN=Nc1ccc(Cl)c(Cl)c1,2.39639116279,Extra trees,-0.44082458121456497,1.2731451180836375,True,0.6327916383743286,True,True
C#CCOC(=O)CCCCC(=O)OCC#C,0.0457922434641,Extra trees,-0.8731463447313227,1.1457328362325698,True,0.5737021565437317,True,True
ClC1=C(Cl)C(Cl)(C2(Cl)C(Cl)=C(Cl)C(Cl)=C2Cl)C(Cl)=C1Cl,-0.402844374919,Extra trees,-0.14884719926060602,4.591213591632388,False,0.6456132531166077,True,False
ClC(Cl)Cl,-0.827008322831,Extra trees,-0.8772688219619901,1.1804716058786842,True,0.6142856478691101,True,True
CC=CC(=O)O,-1.06504731066,Extra trees,-1.2855800189851991,0.91091374517247,True,0.4126984179019928,True,True
O=[N+]([O-])c1cccc([N+](=O)[O-])c1,0.454736374108,Extra trees,-0.2053131789997886,1.139655762823956,True,0.3513687252998352,True,True
CC(c1ccc(C(F)(F)F)nc1)S(C)(=O)=NC#N,-0.557097117581,Extra trees,-0.05650618732696418,1.5502903122294054,True,0.7621981501579285,False,False
CCCCCC(O)C=CC1C(O)CC(=O)C1CC=CCCCC(=O)O,-0.151846603442,Extra trees,0.14507151173629795,1.3392234806765724,True,0.5459785461425781,True,True
COc1ccc(OC)c(CC(C)N)c1,0.0576216229313,Extra trees,-0.38755411126736566,1.0398821892325278,True,0.6071348190307617,True,True
C1=CC=CCC=C1,0.208578060172,Extra trees,-0.6097231768806558,1.1765758429450006,True,0.6679840087890625,True,True
CC(C1CC1)C(O)(Cn1cncn1)c1ccc(Cl)cc1,-0.0790125243985,Extra trees,-0.4143653629157123,1.401324387754698,True,0.5850290656089783,True,True
CCCCOCCOCCSC#N,0.353894875718,Extra trees,-0.845547203368542,0.9739805529174537,True,0.47156086564064026,True,True
O=C1Oc2ccccc2C(=O)C1C1CCCc2ccccc21,1.24839540697,Extra trees,1.0507791701541405,2.2075349876757664,True,0.5283802151679993,True,True
CCCCOc1c(Cl)c(Cl)c(Cl)c(Cl)c1Cl,-0.269715816978,Extra trees,-0.1253062910418149,1.4691065030692538,True,0.6289259195327759,True,True
NCC(O)c1ccc(O)cc1,-0.908216785485,Extra trees,-0.5595085098282963,1.0683306784465878,True,0.5307142734527588,True,True
COc1ccccc1NC(=O)CC(C)=O,-0.88766944319,Extra trees,-0.9080980118432618,0.8935172989333555,True,0.4482644200325012,True,True
CN(C)C(CSC#N)CSC#N,0.390056527682,Extra trees,0.36749009742300115,1.3291690993034035,True,0.5078601837158203,True,True
O=[N+]([O-])c1cccc(Cl)c1Cl,-0.297623746972,Extra trees,-0.43534926818322456,1.0085343721055573,True,0.4877248704433441,True,True
CC(=O)OCC(=O)NCCCOc1cccc(CN2CCCCC2)c1,-0.292599047421,Extra trees,-0.6090446546534154,1.07563370961567,True,0.674540638923645,True,True
COc1cc(C(=O)N2CCN(C(=O)c3cc(OC)c(OC)c(OC)c3)CC2)cc(OC)c1OC,-0.323754621719,Extra trees,-0.533087369801349,2.0689175602275665,True,0.39126986265182495,True,True
C=CCc1ccc(OP(=S)(OC)OC)c(OC)c1,0.0619046153275,Extra trees,-0.13359483071926342,1.377351691429026,True,0.40562525391578674,True,True
O=C(O)C1C(=CCO)OC2CC(=O)N21,-1.6003951803,Extra trees,-1.5243917769900006,1.537633848598367,True,0.6427743434906006,True,True
CC1CC(C)(C)CC(OOC(C)(C)C)(OOC(C)(C)C)C1,-1.6305345311,Extra trees,-1.3424263462231867,1.9790623839060406,True,0.7229548692703247,True,True
OCCN1CCN(CCCN2c3ccccc3C=Cc3ccccc32)CC1,-0.314337851112,Extra trees,-0.48481258401000094,1.7100833131823219,True,0.39306631684303284,True,True
Cc1ccc2ccccc2c1N,-0.595894937602,Extra trees,-0.7613728667938705,0.9230456184121716,True,0.5371111035346985,True,True
CC12CCC3c4ccc(OC(=O)N(CCCl)CCCl)cc4CCC3C1CCC2OP(=O)(O)O,-0.98084524923,Extra trees,0.10865891960493702,2.594587200935792,True,0.7319003343582153,False,False
CC(C)(N)Cc1ccc(Cl)cc1,-0.133878155272,Extra trees,0.1666077018799981,0.9254985041801317,True,0.4035714268684387,True,True
O=NN1CCN(N=O)CC1,-0.0453535352444,Extra trees,-0.8084336854681542,1.2275153454806373,True,0.3238094747066498,True,True
O=S(=O)(O)c1cc(Nc2nc(Cl)nc(Cl)n2)c2c(O)c(N=Nc3ccccc3)c(S(=O)(=O)O)cc2c1,-1.0836377961,Extra trees,-0.8021137139904561,2.997414965050339,True,0.5244123339653015,True,True
CC(C)(C(N)=O)c1ccccc1,-1.00471056745,Extra trees,-0.5746548762485337,0.9906723804555443,True,0.5270239114761353,True,True
O=S(=O)(Nc1ncc(OCCO)cn1)c1ccccc1,-1.43281183698,Extra trees,-0.9009481790344199,1.4795142148408043,True,0.583680272102356,True,True
O=C(O)CN(CCOCCOCCN(CC(=O)O)CC(=O)O)CC(=O)O,-0.974547949116,Extra trees,-0.9968778540396785,1.992821067979659,True,0.3809523582458496,True,True
COC12CC(COC(=O)c3cncc(Br)c3)CN(C)C1Cc1cn(C)c3cccc2c13,-0.391441677439,Extra trees,0.11979135119029902,2.57731968572015,True,0.7450770139694214,False,False
ClC(Cl)=C(Cl)Cl,-1.2001536753,Extra trees,-0.3069604471053944,1.1750858596022462,True,0.6059523820877075,True,True
CCc1cc2c(cc1C(C)=O)C(C)(C)CCC2(C)C,-0.00267243724968,Extra trees,-0.7700527269399209,1.6343229102233159,True,0.6481972336769104,True,True
C#CCCC#CC#CCCCCO,-0.156784678235,Extra trees,-0.8902895003202513,1.3746928612189766,True,0.6756258606910706,True,True
CC(C)n1nc(-c2cccc(Cl)c2Cl)c(N)nc1=N,0.114630082731,Extra trees,-0.39968611402791215,1.5569020764867902,True,0.6860653162002563,True,True
CCc1cccc(C)c1N,-0.815934436342,Extra trees,-1.0037719292120684,1.0802970039451432,True,0.43270033597946167,True,True
O=c1occo1,-0.542390580546,Extra trees,-0.8794493470659083,1.0565101239343306,True,0.7330376505851746,False,False
C=C(C)C(=O)OCCN(CC)CC,-1.40393002314,Extra trees,-0.7448045937515798,0.9082513717049312,True,0.35851678252220154,True,True
O=C(Nc1ccc(Cl)c(Cl)c1)c1cc(Cl)cc(Cl)c1O,0.159700842868,Extra trees,-0.5546661615923287,1.3982997964493988,True,0.49944472312927246,True,True
CCN(CC)Cc1nccn1-c1ccc([N+](=O)[O-])cc1C(=O)c1ccccc1Cl,-0.582843764817,Extra trees,-0.032342588755916814,1.6995369103341047,True,0.6759995222091675,True,True
CCCSP(=O)(OCC)Oc1ccc(Br)cc1Cl,0.0185587189436,Extra trees,0.12568626260823418,1.6496564058577579,True,0.42658597230911255,True,True
CCOP(=O)(OCC)OP(=O)(N(C)C)N(C)C,1.87994203655,Extra trees,1.212063377802615,2.0373071874946738,True,0.5362507104873657,True,True
CCCCCCCCc1ccc(C(=O)CCN2CCCCC2)cc1,-0.0566668472991,Extra trees,-0.3303499740329114,1.1841492995559146,True,0.5860068202018738,True,True
Cc1oncc1C(=O)N1CCCCC1,-0.805104565709,Extra trees,-0.5876265781834957,1.3037418633504783,True,0.6741616725921631,True,True
COC(=O)NC(=S)Nc1ccccc1NC(=S)NC(=O)OC,-1.2876469888,Extra trees,-0.5669813512467651,1.636895862945432,True,0.6369237899780273,True,True
CN(C)CCCN1c2ccccc2C(C)(C)c2ccccc21,-0.79817198991,Extra trees,-0.11620247209196251,1.6764706998609373,True,0.42210206389427185,True,True
O=S(=O)(c1ccc(O)cc1)c1ccc(O)cc1,-1.0533776345,Extra trees,-1.1126143590297606,1.3285894720488431,True,0.5038846731185913,True,True
Cc1cc(=O)oc2cc(O)ccc12,-1.33952629704,Extra trees,-0.7314837537800556,0.9391083174027877,True,0.6027747988700867,True,True
Nc1ccc2ccccc2c1S(=O)(=O)O,-1.80349687682,Extra trees,-1.2930817614311623,1.2192382926795922,True,0.5472517013549805,True,True
Nc1c(S(=O)(=O)O)cc(Nc2ccc(S(=O)(=O)O)c(Nc3nc(Cl)nc(Cl)n3)c2)c2c1C(=O)c1ccccc1C2=O,-1.11988695163,Extra trees,-1.1488506623200008,3.713956196446044,False,0.5218137502670288,True,False
CCCCCCOC(=O)Oc1ccccc1C(=O)O,-1.11208153424,Extra trees,-0.900326571492395,1.264890744926118,True,0.43627268075942993,True,True
CC(O)CN(CCCN(C)C)CCCN(C)C,-0.73461020772,Extra trees,-0.9186182907401117,1.2838515887338238,True,0.5313231348991394,True,True
CCN1C=CC(=C2C(=O)c3ccccc3C2=O)C=C1,-0.1183473686,Extra trees,-0.3237564908335497,1.8427630074173589,True,0.6339783668518066,True,True
CC(Cl)(Cl)CCl,-0.888348449867,Extra trees,-1.019857027985476,1.1722744768104332,True,0.6116085052490234,True,True
ClC(Cl)(Cl)Cl,-1.18408329701,Extra trees,-0.6165752886193716,1.2900060550450765,True,0.6342856287956238,True,True
CNC(=O)Oc1ccc(Cl)c2c1OC(C)(C)C2,0.0132790420169,Extra trees,1.2307067823280768,2.1695357049489443,True,0.429178386926651,True,True
Oc1ccc2ccccc2c1Cl,-1.11168190673,Extra trees,-0.37969297070291713,0.9555396087776847,True,0.6145787239074707,True,True
Cc1sc2ccccc2c1CC1=NCCN1,0.556937841214,Extra trees,-0.35755539792952185,1.7251448725039547,True,0.5706044435501099,True,True
CNNC,0.123916957447,Extra trees,-0.221125539024001,1.115020143980714,True,0.42500001192092896,True,True
O=C1c2ccccc2C(=O)c2c1ccc(C(=O)O)c2[N+](=O)[O-],-0.828166158542,Extra trees,-0.8483459760918521,1.5928717566908124,True,0.6265527606010437,True,True
COCC(=O)CNC(=O)Oc1ccccc1OC(C)C,0.604084064529,Extra trees,-0.20570895349904902,1.7118314203595266,True,0.5432413220405579,True,True
CCOP(=S)(OCC)SCSC(=S)N(C)C,0.328311650008,Extra trees,1.5508547226692497,1.7506328072182127,True,0.4734833836555481,True,True
CC(COc1ccccc1)NC(C)C(O)c1ccc(O)cc1,-0.714326984977,Extra trees,-0.621352515213576,1.305234200564576,True,0.5457910299301147,True,True
Oc1c(Cl)cnc(Cl)c1Cl,0.39451732936,Extra trees,-0.7030143570403409,1.0861379651780108,True,0.6644415855407715,True,True
COC(=O)C(C(C)=O)C(C)=O,-1.03137148726,Extra trees,-1.076178554255384,1.1529621113296167,True,0.5985380411148071,True,True
CNC(=S)S,0.229549126212,Extra trees,-0.6777134623540051,1.2193187366356855,True,0.47058820724487305,True,True
CC(C)=CC1CC(C)=CCO1,-1.51653663883,Extra trees,-1.2861873870604468,0.9477465695066785,True,0.7245142459869385,True,True
COP(=O)(OC)Oc1nc(Cl)c(Cl)cc1Cl,-0.452645991312,Extra trees,0.3684245338635908,1.5441712617978212,True,0.6148604154586792,True,True
CCN(CC)C(=O)c1ccc(OC)c(O)c1,-0.950018807568,Extra trees,-0.9024845235166762,1.1776152368434984,True,0.5185011625289917,True,True
Cc1c(COC(=O)C2C(C=C(Cl)C(F)(F)F)C2(C)C)cccc1-c1ccccc1,0.889810373467,Extra trees,-0.010221010979531087,1.675363017350143,True,0.5015579462051392,True,True
CCN(N=O)C(C)C,-0.976321121539,Extra trees,-0.7283158337943049,0.934194617173657,True,0.6147118806838989,True,True
NC(N)=Nc1nc(CSCCC(N)=NS(N)(=O)=O)cs1,-1.07915121123,Extra trees,-0.5250341785817321,2.0900733905138016,True,0.8037022352218628,False,False
FC(F)(F)c1nc2c(Br)cccc2[nH]1,0.976141903979,Extra trees,0.9167716921716891,1.6033742810196459,True,0.40276098251342773,True,True
CCCCn1cnnc1,0.398547606323,Extra trees,-0.2596417739865257,0.9631620511327246,True,0.6896456480026245,True,True
CCn1cc(C(=O)O)c(=O)c2cc(F)c(N3CCNC(C)C3)c(F)c21,-1.03403868965,Extra trees,-0.6471174652042473,1.672465516650664,True,0.5561824440956116,True,True
CS(=O)(=O)O,-1.66256500324,Extra trees,-0.3183066148909973,1.143935359974435,True,0.43014758825302124,True,True
c1ccc2c(c1)ncc1ncsc12,-0.196367324317,Extra trees,0.009421566745169958,1.314717582732134,True,0.49466219544410706,True,True
c1ccccc1,-1.62880147272,Extra trees,-1.0071044878429583,1.2033221699484158,True,0.6909090280532837,True,True
CN(C)c1nc(N(C)C)nc(N(C)C)n1,-0.221259749551,Extra trees,-0.6682827111548757,2.370377210246923,True,0.6713554263114929,True,True
COc1cc(CN2CCN(C(=O)c3cc4ccccc4o3)CC2)cc(OC)c1OC,-0.349760499633,Extra trees,-0.5557207716479875,1.7174046787441997,True,0.5496357679367065,True,True
CCN(CC)C(=O)CSc1ccc(Cl)nn1,-0.775776141941,Extra trees,-0.4575629013239605,1.1371270914575544,True,0.6663659811019897,True,True
COCCOc1cccc(S(=O)(=O)Nc2ncccn2)c1,-0.934597197721,Extra trees,-0.7149608060245775,1.253543101856752,True,0.6744040250778198,True,True
CCc1nn(-c2ccc(F)cc2)c2c1CC=NC2=O,-0.163645488337,Extra trees,-0.31591860762334706,1.472689141808961,True,0.7495032548904419,False,False
C=C1CC(=CC)C(=O)OC2CCN3CC=C(COC(=O)C1(C)O)C23,0.636454031351,Extra trees,0.5305162777467624,2.0121745205120054,True,0.5985263586044312,True,True
c1ccc(C2(c3ccccc3)CC2C2=NCCN2)cc1,0.0251962909125,Extra trees,0.21998687340566986,1.885639410855827,True,0.6692579984664917,True,True
COc1ccc2c(c1)C13CCCCC1C(C2)N(C)CC3,0.163117012338,Extra trees,0.1826290349560831,1.826575833120419,True,0.11365249007940292,True,True
CN(N=O)c1ccccc1,-0.218152091134,Extra trees,0.12453387170270404,1.10716542951841,True,0.41671428084373474,True,True
CC(C)(C)OCC1CO1,-1.18667948111,Extra trees,-1.435063728105696,1.217758749111692,True,0.5389804840087891,True,True
CCSSCC,-1.22028270427,Extra trees,-0.4217303017479683,1.0932800185196987,True,0.6566165685653687,True,True
CCCC(=O)N(CSP(=S)(OC)OC)c1ccccc1Cl,0.974594342575,Extra trees,0.4326613373179732,1.6536709044012883,True,0.6169266700744629,True,True
CCCCC(Cc1cc(C(C)(C)C)c(O)c(C(C)(C)C)c1)(C(=O)OC1CC(C)(C)N(C)C(C)(C)C1)C(=O)OC1CC(C)(C)N(C)C(C)(C)C1,-0.337465901492,Extra trees,0.09000070989581267,3.766157426886431,False,0.6847864389419556,True,False
COC(=O)C=C(C)OP(=O)(OC)OC,1.88115639426,Extra trees,1.8734155549800253,1.2894134012574967,True,0.32393449544906616,True,True
CON=C(C(=O)NC1C(=O)N2C(C(=O)O)=C(COC(N)=O)CSC12)c1ccco1,-1.37224508654,Extra trees,-0.8612226239371982,2.5569322638654977,True,0.6369132995605469,True,True
C=CC=O,0.705321795748,Extra trees,-0.47235338235890134,1.03233157233179,True,0.6520743370056152,True,True
Nc1c(N=Nc2ccc([N+](=O)[O-])cc2)c(S(=O)(=O)O)cc2cc(S(=O)(=O)O)c(N=Nc3ccc(-c4ccc(N=Nc5ccc(O)cc5)cc4)cc3)c(O)c12,-1.25827248057,Extra trees,-1.013919153565697,3.9816189493299863,False,0.45721596479415894,True,False
OCCOCCOCCOCCOCCOCCOCCOCCOCCO,-1.9506855667,Extra trees,-1.778297480811776,2.2814407905331135,True,0.14318181574344635,True,True
Cc1cc(CC(=O)O)n(C)c1C(=O)c1ccc(Cl)cc1,1.06516458675,Extra trees,-0.6064990146684255,1.179708022335932,True,0.5877482295036316,True,True
S=c1[nH]n(-c2ccccc2)c(=S)s1,-0.527782411017,Extra trees,-0.4780867263385787,1.4167988900476987,True,0.723385751247406,True,True
CCOC(=O)N1CC=Cc2ccccc21,0.0179767059872,Extra trees,-0.6805816394061699,1.2584750216144234,True,0.6421276330947876,True,True
O=[N+]([O-])OCCO[N+](=O)[O-],-0.480737143533,Extra trees,-0.48387163995464744,1.2548899998803487,True,0.39116543531417847,True,True
CCCSP(C)(=S)SCCC,1.1033829613,Extra trees,0.5864672016023299,1.464996330999453,True,0.5847436189651489,True,True
O=C(O)c1ccccc1C(=O)Nc1cccc2ccccc12,-0.752029513907,Extra trees,-0.783623836886993,1.292911998043085,True,0.4084520936012268,True,True
C=CN(C)CN=O,0.620313946474,Extra trees,-0.5323197568019725,0.9772422228071582,True,0.6703296899795532,True,True
COc1ccc2oc(N)nc2c1,-0.784722070598,Extra trees,-0.5578399598096516,1.1734055179183085,True,0.536241352558136,True,True
Cc1cc([N+](=O)[O-])ccc1[N+](=O)[O-],-0.453097146112,Extra trees,-0.9178825838208298,1.1011158233945963,True,0.3781098425388336,True,True
C[N+](C)(C)CCCCCC[N+](C)(C)C,-0.902106840029,Extra trees,0.07910362813257218,1.3998665580557192,True,0.2666666507720947,True,True
CCCCCC(O)C=CC1C(O)CC(O)C1CC=CCCCC(=O)O,-0.51858554929,Extra trees,-0.41146816118390883,1.5556840739643658,True,0.6278982162475586,True,True
Cn1c2c(c3ccccc31)CCN(CCCN1CCN(c3ccccc3)CC1)C2=O,-0.135799378422,Extra trees,-0.3292119300082247,1.834940501623747,True,0.6288480758666992,True,True
CC1COc2c(N3CCN(C)CC3)c(F)cc3c(=O)c(C(=O)O)cn1c23,-0.611718749971,Extra trees,-0.9971387644910088,1.9945472319977535,True,0.4595016539096832,True,True
CCC(=O)OC1=C(OC(=O)CC)C(=O)OC1=O,-1.31491320232,Extra trees,-1.4158058501777635,1.674274485283771,True,0.4701341688632965,True,True
Cc1ccc(C)c(C)c1,-1.43598744302,Extra trees,-1.5444741747748916,1.0167552205623702,True,0.4699999690055847,True,True
CN(Cc1cc(Br)cc(Br)c1N)C1CCCCC1,-1.16263255653,Extra trees,-0.42822845414251387,1.3812888433187784,True,0.6705838441848755,True,True
Ic1ccccc1,-0.933138365323,Extra trees,-0.8066094155987347,1.2407407130759631,True,0.5969327688217163,True,True
CC(O)Cn1cnc2c1c(=O)n(C)c(=O)n2C,-0.285730401865,Extra trees,-0.5150550631773825,1.8350482774119277,True,0.40505990386009216,True,True
CCOC(=O)C1=C(C)N=C(C)C(C(=O)OCC)C1c1ccccc1C(F)(F)F,-0.488914769407,Extra trees,-0.18217667144836108,1.9668590598447038,True,0.49578601121902466,True,True
NS(=O)(=O)c1cc(Cl)c(Cl)c(S(N)(=O)=O)c1,-1.51853030781,Extra trees,0.23003237665134893,1.7714741055621976,True,0.6155892610549927,True,True
CCOC(=O)CCl,0.389343322067,Extra trees,0.17624514488813686,1.0066674287186241,True,0.4527084231376648,True,True
CC(C)CC(C)CC(O)CC(C)C,-1.96014515036,Extra trees,-1.335554039347633,1.0672528794879304,True,0.5568826198577881,True,True
CCOc1ccccc1OS(=O)(=O)NC(O)=Nc1nc(OC)cc(OC)n1,-0.863584544368,Extra trees,-0.7286963612681218,1.9843476790872625,True,0.6667966842651367,True,True
Oc1c(Cl)cc2[nH]c(C(F)(F)F)nc2c1Cl,0.669573329777,Extra trees,1.0818344423319965,1.721137596503279,True,0.3516886830329895,True,True
c1ccc(Nc2ccccc2)cc1,-0.820748354341,Extra trees,-0.6768800628079923,1.037288417607181,True,0.328549861907959,True,True
CCC=CCCOC(=O)c1ccccc1O,-1.35610543547,Extra trees,-1.0084037526014134,0.9785261742403191,True,0.42364150285720825,True,True
O=C(O)COc1cc(Cl)c(Cl)cc1Cl,-0.0697643544965,Extra trees,-0.3533027696840689,1.2052640170338251,True,0.3757628798484802,True,True
N#Cc1cccc(C#N)c1,-0.826834058274,Extra trees,0.15794949633238314,1.5175034874265383,True,0.46188750863075256,True,True
CCCCCC#CC(=O)OC,-0.996581710947,Extra trees,-1.0523531418790575,0.9962892080410903,True,0.6251567602157593,True,True
O=C(CCNNC(=O)c1ccncc1)NCc1ccccc1,-0.755728689771,Extra trees,-0.8527488706422973,1.2981573552685144,True,0.5718079805374146,True,True
FC(F)(F)c1nc2c(Br)c(Cl)c(Cl)cc2[nH]1,2.18003694108,Extra trees,1.7642412829720537,1.8499485121426515,True,0.29683396220207214,True,True
C=CC(=O)OCC(CC)(COC(=O)C=C)COC(=O)C=C,-1.24340785812,Extra trees,-0.8663164505536516,1.3699175361301295,True,0.47311824560165405,True,True
Cc1cc(C2CCCCC2)n(O)c(=O)c1,-0.942354942771,Extra trees,-0.6315827389874215,1.139875067189592,True,0.711605429649353,True,True
CCC(C)c1ccccc1,-1.22242431212,Extra trees,-1.3476052263987477,1.044877028859637,True,0.4651656150817871,True,True
COc1ccccc1-c1ccccc1,-1.29092327474,Extra trees,-0.9207597493044863,1.05495230533585,True,0.5375091433525085,True,True
Cc1ccc2ncccc2c1,-0.74718034498,Extra trees,-0.9191109580096967,0.9126571540371196,True,0.6068738698959351,True,True
CN(C)C=Nc1c(I)cc(I)c(CCC(=O)O)c1I,-0.605588252871,Extra trees,-0.2361643662570003,1.6327654608267976,True,0.5665959119796753,True,True
COP(=S)(OC)Oc1ccc(Sc2ccc(OP(=S)(OC)OC)cc2)cc1,0.0214314298748,Extra trees,0.4967594499678852,2.2361928366529655,True,0.47647055983543396,True,True
O=C1c2ccccc2C(=O)N1SC(Cl)(Cl)Cl,-0.94884749543,Extra trees,-0.8086128232553658,1.6205982462625994,True,0.6487886309623718,True,True
C=CC(=O)OCC1CO1,-0.0684506052017,Extra trees,-0.5748148720633273,0.9198876046956364,True,0.5308092832565308,True,True
CCCC[P+](CCCC)(CCCC)CCCC,-0.492235406631,Extra trees,-0.09261166182240056,1.436735375481344,True,0.44395604729652405,True,True
CCOC(=O)C(C1C(=O)Oc2ccccc2C1=O)C1C(=O)Oc2ccccc2C1=O,-0.313233964425,Extra trees,0.8024201067178877,3.1377526526248722,False,0.44208472967147827,True,False
NCCNCCNCCNCCNCCN,-0.83792869771,Extra trees,-0.8658441803312396,1.826026117712218,True,0.01818181201815605,True,True
CCO[Si](CCCS)(OCC)OCC,-1.40855634808,Extra trees,-1.0061882905857058,1.4833896701231057,True,0.4321329593658447,True,True
CC(=O)OCCCc1ccccc1,-1.4211146073,Extra trees,-1.1789023595411232,0.9196883250910781,True,0.4108918309211731,True,True
CCOP(=O)(O)Sc1ccc(C)cc1,0.66694830985,Extra trees,-0.13946729468309516,1.1579396943542175,True,0.4821060597896576,True,True
O=C(Cc1ccc(-c2ccccc2)cc1)OCCF,1.63395969159,Extra trees,0.674858139581414,1.6509459922432876,True,0.5133755207061768,True,True
CNC(=O)ON=C1COCS1,0.555785175534,Extra trees,1.2527634834941066,1.8050104487424883,True,0.4866822361946106,True,True
O=[N+]([O-])c1cc([N+](=O)[O-])c(Cl)c(S(=O)(=O)O)c1,-0.680637220102,Extra trees,-0.5948874378658421,1.6439987587188019,True,0.5446969866752625,True,True
CCOC(=O)CCC1(CCC(=O)OCC)c2ccccc2-c2ccccc21,-1.22626214124,Extra trees,-0.6756725710875725,1.7016817770531243,True,0.5903041958808899,True,True
Cc1ccn(C(=O)NCCCCCCCl)n1,-1.33324474879,Extra trees,-0.1702419888171738,1.3008979744236995,True,0.44547614455223083,True,True
CC(C)c1ccc(C#N)cc1,-1.4290830304,Extra trees,-1.269819489407482,1.1183625157357238,True,0.52173912525177,True,True
CN1CCN(CC(=O)N=NCc2ccc([N+](=O)[O-])o2)CC1,-0.416163857932,Extra trees,-0.4476803225824995,1.4412354604905109,True,0.17861224710941315,True,True
CCCCCCCCCCCCCC[N+](C)(C)C,-1.06420602749,Extra trees,-0.08047233552887832,1.2951893650768893,True,0.0,True,True
CC12C=CC(=O)C=C1CCC1C2C(O)CC2(C)C1CCC2(O)C(=O)COC(=O)CCCc1ccc(N(CCCl)CCCl)cc1,0.0863934287054,Extra trees,0.010022599662743282,3.2909469278337236,False,0.6255146861076355,True,False
CCc1ccc(C(c2ccc(CC)cc2)C(Cl)Cl)cc1,-1.33203789552,Extra trees,-0.6500778419541151,1.1711623656034156,True,0.596468448638916,True,True
O=[N+]([O-])c1cccc(C(F)(F)F)c1,-0.504048709711,Extra trees,-0.39193954029415196,1.2082750496058514,True,0.5122939944267273,True,True
Cc1cc(N=Nc2ccc(S(=O)(=O)O)cc2)c(N)c(N=Nc2ccc(-c3ccc(N=Nc4cc(C)c(O)c(C(=O)O)c4)cc3)cc2)c1N,-1.14782143499,Extra trees,-0.5813769173521547,3.1501247265309154,False,0.5118390917778015,True,False
CNCC(O)c1cccc(O)c1,-0.320811011445,Extra trees,-0.23514098486100155,1.002519297836534,True,0.29943180084228516,True,True
COc1ccc(SC#N)c([N+](=O)[O-])c1,-1.22585887026,Extra trees,-0.7013711049357038,1.1133723299534766,True,0.5443061590194702,True,True
O=[N+]([O-])C(CO)(CO)CO,-1.09943741463,Extra trees,-0.9186867469001725,1.21513341428784,True,0.5731331706047058,True,True
COc1ccc2c(c1)OC(C)(C)C(c1ccccc1)=C2c1ccc(OCCN)cc1,-0.57239920647,Extra trees,-0.11466898594470919,1.8889173091298623,True,0.3850032091140747,True,True
NC(=S)NC(N)=S,1.43200667747,Extra trees,0.5446700032151315,1.6942640346055233,True,0.5408153533935547,True,True
CNC(C)Cc1ccccc1,0.806413898704,Extra trees,-0.035611331082101794,0.8338087551357394,True,0.4461894631385803,True,True
O=[N+]([O-])c1ccccc1Cl,-0.202255305559,Extra trees,-0.5671697388298154,0.9072529885872045,True,0.43701666593551636,True,True
CC(=O)Oc1cc(C(F)(F)F)ccc1C(=O)O,-0.209499526881,Extra trees,-0.6242858221733165,1.2494863933768179,True,0.5319767594337463,True,True
O=[N+]([O-])c1ccc(Cl)cc1,-0.465339415759,Extra trees,-0.40346184245129557,1.0384840685743084,True,0.4358261227607727,True,True
O=C(O)c1ccc(C(=O)O)c2c(C(=O)O)ccc(C(=O)O)c12,-1.3918877895,Extra trees,-1.2413413824936308,2.450563756311925,True,0.49331313371658325,True,True
Cc1ccc(C(=O)c2ccc(CC(=O)O)n2C)cc1,-0.514920361682,Extra trees,-0.25933362799804893,1.059674336790196,True,0.2477894127368927,True,True
O=C(O)c1ccccc1O,-0.76408076619,Extra trees,-0.809614864558,0.9692743479252636,True,0.31830763816833496,True,True
COP(=O)(CCC(=O)NCO)OC,-1.78934402509,Extra trees,-0.6087119933023105,1.2345574990272685,True,0.6783586144447327,True,True
CCOP(=O)(OCC)OC(=C(Cl)Cl)c1cc(Cl)cc(Cl)c1,1.29447725949,Extra trees,0.9909073233921402,1.615182371518666,True,0.5414228439331055,True,True
NC(=O)CCCCC1CCSS1,-0.984212779236,Extra trees,-0.7489350076099938,1.1374678551626745,True,0.7557656168937683,False,False
CC(C)N,-0.273647328823,Extra trees,-0.7187640089138977,1.1179582502632315,True,0.6659631729125977,True,True
CCCC1C(=O)N2C(N(C)C)=Nc3ccc(C)cc3N2C1=O,-0.777627518337,Extra trees,-0.3406526452122908,1.9066023624012642,True,0.6822876930236816,True,True
C#CCOC(C)=O,-0.406266583443,Extra trees,-0.5684983266577127,0.9571962806243566,True,0.5780952572822571,True,True
COc1ccc(S(=O)(=O)NC(=O)NC2CCCCC2)cc1OC,-0.766700644337,Extra trees,-0.7307607083708999,1.3441174062038241,True,0.6498069763183594,True,True
O=CC1CO1,-1.07170656643,Extra trees,-1.0063933652142165,0.9800259811815824,True,0.697857141494751,True,True
C=C(C)OC(C)=O,-1.47661344123,Extra trees,-1.5966775818138101,0.9409497707147148,True,0.5613258481025696,True,True
CCCC(=O)OC(OC(=O)CCC)OC(=O)CCC,-1.06690360708,Extra trees,-1.223749062306259,2.4466417757683483,True,0.4947592616081238,True,True
CC(C)NC(=O)OC1CCN(CCCC(=O)c2ccc(F)cc2)CC1,0.0532445302637,Extra trees,-0.5025066115238637,1.448685804190811,True,0.47700196504592896,True,True
C1CCCNCC1,0.680440630298,Extra trees,-0.5018475233595895,0.9184778985602757,True,0.2838383615016937,True,True
CN1CCCN=C1COC(=O)C(O)(c1ccccc1)C1CCCCC1,-0.555898188672,Extra trees,-0.31049180274744836,1.4567726517097745,True,0.5485913157463074,True,True
CCOP(=O)(O)C(N)=O,-1.08630103267,Extra trees,-1.8204935863800213,1.070705962993143,True,0.44815459847450256,True,True
COP(=S)(OC)SCn1nc(Cl)ccc1=O,1.77917785397,Extra trees,1.1212071017889693,1.7888916075323125,True,0.30080121755599976,True,True
O=P(O)(O)CCCl,-1.37164110946,Extra trees,-0.7047628572284635,1.278114302349282,True,0.6398419141769409,True,True
COC(=O)CCC(=O)OC1=C(C(=O)Nc2ccccn2)N(C)S(=O)(=O)c2cc(Cl)sc21,1.81091590318,Extra trees,0.8322744891108353,2.529183307777603,True,0.4414392411708832,True,True
CN1Cc2ccccc2C2CCc3ccccc3C21,-0.605344506783,Extra trees,-0.1707003454570924,1.9918516286876509,True,0.6773891448974609,True,True
O=C(O)CS(=O)(=O)O,-1.35321794765,Extra trees,-0.5899521265818626,1.3112084938387862,True,0.6352941393852234,True,True
COC(=O)c1cccc(C(=O)OC)c1,-1.35424659399,Extra trees,-1.2738702644558557,0.9101708281257002,True,0.4219045042991638,True,True
C=CCCCC=CCOC,-1.54372192214,Extra trees,-1.2055403751368525,0.8972184140159872,True,0.6725913882255554,True,True
CCC(CC)(C(=O)O)c1cccc2ccccc12,-0.649038091899,Extra trees,-0.4212471832180373,1.944664774303123,True,0.5846925973892212,True,True
O=P(O)(O)CCCl,-1.09557957509,Extra trees,-0.7047628572284635,1.278114302349282,True,0.6398419141769409,True,True
C=COC(=O)c1ccccc1,-1.34114947364,Extra trees,-1.0893101942236127,0.9183588016500113,True,0.5042963027954102,True,True
Oc1c(I)cc(I)c(O)c1I,-1.22557117066,Extra trees,-0.25811590694775804,1.5920616592186638,True,0.6057606339454651,True,True
CCC1(c2ccccc2)C(=O)N=C(O)NC1=O,0.22912015178,Extra trees,-0.24133194609243858,1.4794309242368366,True,0.5677777528762817,True,True
O=C(Oc1ccccc1)c1ccccc1C(=O)Oc1ccccc1,-1.40021514233,Extra trees,-1.0239510834093912,1.4448763083240035,True,0.42660871148109436,True,True
Cc1ccc(N)c(S(=O)(=O)O)c1,-1.7958568029,Extra trees,-1.5952302297564005,1.0686417734190823,True,0.46768316626548767,True,True
CCn1nc(C(=O)O)c(=O)c2cc3c(cc21)OCO3,-1.13883971889,Extra trees,-0.5321347062368122,1.7021548586279174,True,0.6367806792259216,True,True
CC(C)(N)CO,-1.51233510998,Extra trees,-1.541358490433256,0.8786178348370781,True,0.5064776539802551,True,True
CCON=C(CC)C1C(=O)CC(c2c(C)cc(C)cc2C)CC1=O,-0.452570543738,Extra trees,-0.7104505716064784,1.746872769585802,True,0.6483230590820312,True,True
OCCOCc1ccccc1,-0.893152303046,Extra trees,-1.1788242802275044,0.9361221428076998,True,0.4510158896446228,True,True
O=NN1CCOCC1,-0.385342070887,Extra trees,-0.9259263096658733,1.1181495546424105,True,0.4547368586063385,True,True
Cc1cccc(C)c1O,-0.384337802476,Extra trees,-0.8310612026868622,0.8426859969441567,True,0.48695650696754456,True,True
CC(C)[N+](C)(CCOC(=O)C1c2ccccc2Oc2ccccc21)C(C)C,0.0834648493433,Extra trees,-0.06415705644167435,1.7738916397051612,True,0.6073983311653137,True,True
CCN(CC)CCCl,0.901938857774,Extra trees,0.5367856210089961,1.2434942056147191,True,0.34385964274406433,True,True
C1CCNCC1,-0.0388823524921,Extra trees,-0.6718753312470043,0.9154960934108993,True,0.2838383615016937,True,True
O=S(=O)(O)c1ccc2c(N=Nc3ccc(S(=O)(=O)O)c4ccccc34)c(O)c(S(=O)(=O)O)cc2c1,-0.996783667785,Extra trees,-1.4851705087308789,2.765962255782032,True,0.5577260255813599,True,True
C=C(Cl)CSC(=S)N(CC)CC,-0.579597658571,Extra trees,-0.40733495894486665,1.1198257535602347,True,0.5856960415840149,True,True
O=C(Nc1nnc(CCN2c3ccccc3Sc3ccccc32)s1)c1ccccc1,-0.874516203872,Extra trees,-0.48853323342864186,2.0719309938425265,True,0.6024293899536133,True,True
N#Cc1cc(-c2ccccc2)nnc1NCCN1CCOCC1,-0.509527892951,Extra trees,-0.40234888463840346,1.5445799049419748,True,0.6663715839385986,True,True
NC(CO)C(=O)NNCc1ccc(O)c(O)c1O,-1.25637190503,Extra trees,-0.6319871871018002,1.8343093061878162,True,0.7266541123390198,True,True
Cc1cccc([N+](=O)[O-])c1[N+](=O)[O-],-0.699124979991,Extra trees,-0.6522800318619731,1.1136986110099738,True,0.5027295351028442,True,True
COc1ccc2c(c1OC)C(=O)OC2C1c2c(cc3c(c2OC)OCO3)CCN1C,-0.56544580778,Extra trees,-0.09658391893224957,2.9187213119709505,True,0.6542580723762512,True,True
Clc1cccc(Cl)c1Cl,-0.619788752445,Extra trees,-0.5942455437701967,1.1200512890600725,True,0.4866917133331299,True,True
C=C(C)C(=O)OCc1ccccc1,-1.35384020688,Extra trees,-1.231753319123225,0.76257268070999,True,0.4280381202697754,True,True
CC(C)c1cc([N+](=O)[O-])cc([N+](=O)[O-])c1O,0.555129017827,Extra trees,0.4819819324290329,1.2805934608783414,True,0.4098746180534363,True,True
Cc1ccc(=O)n(CSP(=S)(OC(C)C)OC(C)C)n1,0.336524281076,Extra trees,0.7306228685401294,1.8934816111134452,True,0.3016149401664734,True,True
O=C1C=CC(=O)N1c1c(F)c(F)c(F)c(N2C(=O)C=CC2=O)c1F,-0.790497748386,Extra trees,-0.5011321622935745,3.1208408107702676,False,0.6686688661575317,True,False
COc1c(Cl)c(Cl)c([N+](=O)[O-])c(Cl)c1Cl,0.0487853078261,Extra trees,-0.3999126305125795,1.5575486352089034,True,0.5560694336891174,True,True
O=C(c1ccccc1)c1ccccc1,-1.01815279168,Extra trees,-1.1797871304491052,0.9302900145922173,True,0.3426571488380432,True,True
CCCCC(CC)COP(=O)(O)O,-1.21516570899,Extra trees,-1.0849824224030336,0.9524697752284668,True,0.37123364210128784,True,True
Clc1cccc(Cl)c1N=C1NCCN1,0.325408121854,Extra trees,0.5338826729600018,1.3214858275977963,True,0.5574703812599182,True,True
CCN1CCN(c2cc3c(cc2F)c(=O)c(C(=O)O)cn3C2CC2)CC1,-1.14347757221,Extra trees,-0.6330734444030388,1.6798013377619903,True,0.5056005120277405,True,True
CC(O)(P(=O)(O)O)P(=O)(O)O,-0.729182152277,Extra trees,-0.4538971626089976,1.6403862448343154,True,0.24857144057750702,True,True
O=CN(c1ncnc2c1ncn2CC1CC1)C1CC1,-0.288535286775,Extra trees,-0.04732964618620899,1.8798977487602186,True,0.546375572681427,True,True
OCCN1CCN(CCC=C2c3ccccc3Sc3ccc(Cl)cc32)CC1,-0.143875551283,Extra trees,-0.1580089205896621,1.6970046337805011,True,0.449746310710907,True,True
COc1ccc(C(=O)NCc2cccnc2)cc1C(=O)NCc1cccnc1,-0.901453196562,Extra trees,-0.7237346038388838,1.6228875068273818,True,0.5424401164054871,True,True
CC(=O)Nc1ccc2nc(C(F)(F)F)[nH]c2c1,1.01002437491,Extra trees,1.471163784446628,1.5797086750510165,True,0.4095519185066223,True,True
c1ccc(C2CO2)cc1,-1.22151969538,Extra trees,-0.9412936231806253,0.9737488836272099,True,0.6181087493896484,True,True
CCOC(OCC)OCC,-1.67795064869,Extra trees,-1.2925200667424726,0.9312977492546359,True,0.5761491060256958,True,True
CC(O)(P(=O)(O)O)P(=O)(O)O,-0.821788410125,Extra trees,-0.4538971626089976,1.6403862448343154,True,0.24857144057750702,True,True
Clc1sc(Cl)c(Cl)c1Cl,0.501059250272,Extra trees,-0.6487741231664689,1.2693852670345538,True,0.7529411911964417,False,False
CN(C(=O)CF)c1cccc2ccccc12,0.510870981251,Extra trees,-0.11986195255868617,1.766070452998238,True,0.6041848063468933,True,True
CNC(=S)N(C)C,-0.427069617286,Extra trees,-0.6094039434206279,1.1025176308023852,True,0.6143137216567993,True,True
