dataset,dataset_source,benchmark_suite,benchmark_id,leaderboard_url,leaderboard_model,leaderboard_metric_name,leaderboard_metric_value,leaderboard_dataset_split,leaderboard_top10_count,leaderboard_top10_json,n_molecules,n_train,n_test,target_transform,smiles_column,target_column,split_strategy,split_train_hash,split_test_hash,original_feature_count,post_dedup_feature_count,feature_dedup_dropped_count,feature_dedup_low_variance_count,feature_dedup_binary_prevalence_count,feature_dedup_exact_count,feature_dedup_near_count,feature_dedup_moderate_count,feature_dedup_threshold,feature_dedup_moderate_threshold,feature_dedup_variance_threshold,feature_dedup_binary_prevalence_min,feature_dedup_binary_prevalence_max,feature_dedup_scan_warning,selected_feature_count,selector_method,selector_timed_out,selector_alpha,selector_l1_ratio,selector_n_iter,selector_cv_folds,selector_cv_split_strategy,selector_max_selected_features,selector_auto_rf_large_dataset_triggered,selector_predicted_elasticnet_seconds,selector_auto_rf_threshold_seconds,selector_auto_rf_threshold_dataset_size,selected_feature_families_json,built_feature_families_json,auxiliary_feature_columns_json,auxiliary_feature_count,feature_count_with_auxiliary,feature_store_path,feature_store_shard_format,feature_store_cached_rows,feature_store_generated_rows,shared_feature_matrix_cache_hit,shared_feature_matrix_cache_file,representation_key,model,workflow,cv_folds,cv_split_strategy,primary_metric,cv_primary,benchmark_n_jobs,benchmark_cv_n_jobs,cv_r2,cv_rmse,cv_mae,train_r2,train_rmse,train_mae,train_spearman,test_r2,test_rmse,test_mae,test_spearman,primary_metric_value,train_inference_seconds,test_inference_seconds,inference_seconds,train_inference_molecules,test_inference_molecules,inference_molecules,test_inference_seconds_per_1000_molecules,inference_seconds_per_1000_molecules,inference_timing_source,model_trainable_parameters,model_parameter_count_source,leaderboard_rank,leaderboard_metric_normalized,leaderboard_metric_reference,leaderboard_delta_primary,leaderboard_lower_is_better,leaderboard_top10_best_reference,leaderboard_delta_top10_best,leaderboard_estimated_rank_vs_top10,leaderboard_estimated_in_top10,leaderboard_gap_to_top10_cutoff,leaderboard_top10_cutoff_value,model_alpha,model_l1_ratio,elasticnet_cv_folds,elasticnet_cv_split_strategy,elapsed_seconds,dataset_elapsed_seconds,cost_scope,stage_duration_seconds,cost_stage_index,cost_stage_label,cost_step_type,cost_started_at,maplight_parity_mode,maplight_seed_count,maplight_seed_values,maplight_loss_function,maplight_scaler,maplight_feature_source,error,chemprop_architecture,chemprop_variant_tag,chemprop_train_extra_args,chemprop_molecule_featurizers,chemprop_uses_selected_descriptors,chemprop_selected_descriptor_count,execution_mode,unimol_model_dir,unimol_internal_split,unimol_epochs,unimol_learning_rate,unimol_batch_size,unimol_early_stopping,unimol_num_workers,unimol_v2_model_size,unimol_v2_max_atoms,unimol_v2_use_amp,maplight_embedding_backend,maplight_embedding_kind,cfa_variant,cfa_combination_space,cfa_optimize_metric,cfa_train_metric,cfa_adjusted_metric,cfa_subset_diversity_mean,cfa_selected_models,cfa_weights_json,cfa_candidate_count,cfa_source_member_count,cfa_best_per_workflow_only,cfa_best_per_workflow_notes,cfa_requested_max_models,cfa_effective_max_models,cfa_subset_budget,cfa_effective_subset_count,cfa_estimated_candidate_count,ensemble_method,ensemble_member_count,ensemble_members,ensemble_member_filter_notes,chemprop_model_dir,chemprop_epochs,chemprop_batch_size,chemprop_num_workers,chemprop_ensemble_size,chemprop_random_seed,chemprop_split_mode,chemprop_rdkit2d_fallback_applied,chemprop_selected_descriptor_columns_sha256
polaris_adme_fang_perm_1,Polaris ADME benchmark mirror: adme-fang-perm-1,polaris,polaris/adme-fang-perm-1,https://polarishub.io/benchmarks/polaris/adme-fang-perm-1,1B_MPNN_MolGPS-ens_LargeMix,mean_squared_error,0.113,predefined,10,"[{""rank"": ""1"", ""model"": ""1B_MPNN_MolGPS-ens_LargeMix"", ""metric_name"": ""mean_squared_error"", ""metric_value"": ""0.113""}, {""rank"": ""2"", ""model"": ""1B_MPNN_LargeMix-and-Phenomics"", ""metric_name"": ""mean_squared_error"", ""metric_value"": ""0.129""}, {""rank"": ""3"", ""model"": ""CheMeleon"", ""metric_name"": ""mean_squared_error"", ""metric_value"": ""0.161""}, {""rank"": ""4"", ""model"": ""MolEncoder"", ""metric_name"": ""mean_squared_error"", ""metric_value"": ""0.176""}, {""rank"": ""5"", ""model"": ""TabPFNv2-rdkit"", ""metric_name"": ""mean_squared_error"", ""metric_value"": ""0.182""}, {""rank"": ""6"", ""model"": ""adme-fang-PERM-1-GIRAFFE-wae_s"", ""metric_name"": ""mean_squared_error"", ""metric_value"": ""0.203""}, {""rank"": ""7"", ""model"": ""chemlactica-1b-sft"", ""metric_name"": ""mean_squared_error"", ""metric_value"": ""0.232""}, {""rank"": ""8"", ""model"": ""optimized-random-forest-rdkit-descriptors"", ""metric_name"": ""mean_squared_error"", ""metric_value"": ""0.239""}, {""rank"": ""9"", ""model"": ""adme-fang-PERM-1_desc2D_RandomForestRegressor"", ""metric_name"": ""mean_squared_error"", ""metric_value"": ""0.248""}, {""rank"": ""10"", ""model"": ""chemlactica-125m-sft"", ""metric_name"": ""mean_squared_error"", ""metric_value"": ""0.257""}]",2642,2113,529,raw,smiles,target,predefined,f23c02546e879de2b690e822ca8e7d9784b0e69103c2da4676f9e1f62f4cac2e,3ba0ff6ed8e4af670d029a7f058511621c8f85055a78c1c7cecdd9a37424a70a,10115,8685,1430,489,432,509,0,0,0.999,,1e-08,0.005,0.995,,212,elasticnet_cv,False,0.0432876128108306,0.3,212,3,random,212,False,2600.1708422006886,7200.0,4852.725340542198,"[""morgan"", ""ecfp6"", ""fcfp6"", ""layered"", ""atom_pair"", ""topological_torsion"", ""rdk_path"", ""maccs"", ""rdkit"", ""maplight""]","[""morgan"", ""ecfp6"", ""fcfp6"", ""layered"", ""atom_pair"", ""topological_torsion"", ""rdk_path"", ""maccs"", ""rdkit"", ""maplight""]",[],0,8685,/media/volume/AutoQSARdata_300/model_cache/feature_store_parquet,parquet,1797,845,False,/media/volume/AutoQSARdata_300/model_cache/benchmark_feature_matrix_cache/8b8c96eccf5dd09cfb762b0ddcc7d9629bdad55ffe5d85790ee612e7bd35e0f6.pkl,morgan_ecfp6_fcfp6_layered_atom_pair_topological_torsion_rdk_path_maccs_rdkit_maplight__9d9272112e8cc9d9,ElasticNetCV,conventional,5.0,random,mse,0.1388903844782074,32.0,1.0,0.7000588861719945,0.372338220112952,0.2891717815592606,0.7770897960076714,0.3217234798251974,0.251714319143159,0.8799972816863346,0.5258830345773738,0.4902027546149518,0.3839196305508875,0.7338424549377932,0.2402987406320866,0.0048759439960122,0.0025283599970862,0.0074043039930984,2113.0,529.0,2642.0,0.0047795085011081,0.0028025374690001,fitted_estimator_predict,,unavailable,1.0,mse,0.113,0.1272987406320866,True,0.113,0.1272987406320866,11.0,False,0.001298740632086598,0.239,0.0028480358684358,0.4,3.0,random,196.689,196.689,model_stage,0.668,4,conventional model ElasticNetCV,model,2026-06-24 14:55:03 UTC,,,,,,,,,,,,,,,,,,,,,,,,,,,,,,,,,,,,,,,,,,,,,,,,,,,,,,,,
polaris_adme_fang_perm_1,Polaris ADME benchmark mirror: adme-fang-perm-1,polaris,polaris/adme-fang-perm-1,https://polarishub.io/benchmarks/polaris/adme-fang-perm-1,1B_MPNN_MolGPS-ens_LargeMix,mean_squared_error,0.113,predefined,10,"[{""rank"": ""1"", ""model"": ""1B_MPNN_MolGPS-ens_LargeMix"", ""metric_name"": ""mean_squared_error"", ""metric_value"": ""0.113""}, {""rank"": ""2"", ""model"": ""1B_MPNN_LargeMix-and-Phenomics"", ""metric_name"": ""mean_squared_error"", ""metric_value"": ""0.129""}, {""rank"": ""3"", ""model"": ""CheMeleon"", ""metric_name"": ""mean_squared_error"", ""metric_value"": ""0.161""}, {""rank"": ""4"", ""model"": ""MolEncoder"", ""metric_name"": ""mean_squared_error"", ""metric_value"": ""0.176""}, {""rank"": ""5"", ""model"": ""TabPFNv2-rdkit"", ""metric_name"": ""mean_squared_error"", ""metric_value"": ""0.182""}, {""rank"": ""6"", ""model"": ""adme-fang-PERM-1-GIRAFFE-wae_s"", ""metric_name"": ""mean_squared_error"", ""metric_value"": ""0.203""}, {""rank"": ""7"", ""model"": ""chemlactica-1b-sft"", ""metric_name"": ""mean_squared_error"", ""metric_value"": ""0.232""}, {""rank"": ""8"", ""model"": ""optimized-random-forest-rdkit-descriptors"", ""metric_name"": ""mean_squared_error"", ""metric_value"": ""0.239""}, {""rank"": ""9"", ""model"": ""adme-fang-PERM-1_desc2D_RandomForestRegressor"", ""metric_name"": ""mean_squared_error"", ""metric_value"": ""0.248""}, {""rank"": ""10"", ""model"": ""chemlactica-125m-sft"", ""metric_name"": ""mean_squared_error"", ""metric_value"": ""0.257""}]",2642,2113,529,raw,smiles,target,predefined,f23c02546e879de2b690e822ca8e7d9784b0e69103c2da4676f9e1f62f4cac2e,3ba0ff6ed8e4af670d029a7f058511621c8f85055a78c1c7cecdd9a37424a70a,10115,8685,1430,489,432,509,0,0,0.999,,1e-08,0.005,0.995,,212,elasticnet_cv,False,0.0432876128108306,0.3,212,3,random,212,False,2600.1708422006886,7200.0,4852.725340542198,"[""morgan"", ""ecfp6"", ""fcfp6"", ""layered"", ""atom_pair"", ""topological_torsion"", ""rdk_path"", ""maccs"", ""rdkit"", ""maplight""]","[""morgan"", ""ecfp6"", ""fcfp6"", ""layered"", ""atom_pair"", ""topological_torsion"", ""rdk_path"", ""maccs"", ""rdkit"", ""maplight""]",[],0,8685,/media/volume/AutoQSARdata_300/model_cache/feature_store_parquet,parquet,1797,845,False,/media/volume/AutoQSARdata_300/model_cache/benchmark_feature_matrix_cache/8b8c96eccf5dd09cfb762b0ddcc7d9629bdad55ffe5d85790ee612e7bd35e0f6.pkl,morgan_ecfp6_fcfp6_layered_atom_pair_topological_torsion_rdk_path_maccs_rdkit_maplight__9d9272112e8cc9d9,SVR,conventional,5.0,random,mse,0.1636801925963823,32.0,5.0,0.6465210830104029,0.4042921718751784,0.3111711201515599,0.9819258048261198,0.0916109246641368,0.0879444112083513,0.9833045184857778,0.568285177003231,0.4677690460327757,0.3725642371433149,0.746108632424037,0.218807880426413,0.4206727689888794,0.1059211850079009,0.5265939539967803,2113.0,529.0,2642.0,0.200229083190739,0.1993164095370099,fitted_estimator_predict,,unavailable,1.0,mse,0.113,0.105807880426413,True,0.113,0.105807880426413,9.0,True,-0.020192119573586992,0.239,,,,,199.344,199.344,model_stage,2.627,5,conventional model SVR,model,2026-06-24 14:55:04 UTC,,,,,,,,,,,,,,,,,,,,,,,,,,,,,,,,,,,,,,,,,,,,,,,,,,,,,,,,
polaris_adme_fang_perm_1,Polaris ADME benchmark mirror: adme-fang-perm-1,polaris,polaris/adme-fang-perm-1,https://polarishub.io/benchmarks/polaris/adme-fang-perm-1,1B_MPNN_MolGPS-ens_LargeMix,mean_squared_error,0.113,predefined,10,"[{""rank"": ""1"", ""model"": ""1B_MPNN_MolGPS-ens_LargeMix"", ""metric_name"": ""mean_squared_error"", ""metric_value"": ""0.113""}, {""rank"": ""2"", ""model"": ""1B_MPNN_LargeMix-and-Phenomics"", ""metric_name"": ""mean_squared_error"", ""metric_value"": ""0.129""}, {""rank"": ""3"", ""model"": ""CheMeleon"", ""metric_name"": ""mean_squared_error"", ""metric_value"": ""0.161""}, {""rank"": ""4"", ""model"": ""MolEncoder"", ""metric_name"": ""mean_squared_error"", ""metric_value"": ""0.176""}, {""rank"": ""5"", ""model"": ""TabPFNv2-rdkit"", ""metric_name"": ""mean_squared_error"", ""metric_value"": ""0.182""}, {""rank"": ""6"", ""model"": ""adme-fang-PERM-1-GIRAFFE-wae_s"", ""metric_name"": ""mean_squared_error"", ""metric_value"": ""0.203""}, {""rank"": ""7"", ""model"": ""chemlactica-1b-sft"", ""metric_name"": ""mean_squared_error"", ""metric_value"": ""0.232""}, {""rank"": ""8"", ""model"": ""optimized-random-forest-rdkit-descriptors"", ""metric_name"": ""mean_squared_error"", ""metric_value"": ""0.239""}, {""rank"": ""9"", ""model"": ""adme-fang-PERM-1_desc2D_RandomForestRegressor"", ""metric_name"": ""mean_squared_error"", ""metric_value"": ""0.248""}, {""rank"": ""10"", ""model"": ""chemlactica-125m-sft"", ""metric_name"": ""mean_squared_error"", ""metric_value"": ""0.257""}]",2642,2113,529,raw,smiles,target,predefined,f23c02546e879de2b690e822ca8e7d9784b0e69103c2da4676f9e1f62f4cac2e,3ba0ff6ed8e4af670d029a7f058511621c8f85055a78c1c7cecdd9a37424a70a,10115,8685,1430,489,432,509,0,0,0.999,,1e-08,0.005,0.995,,212,elasticnet_cv,False,0.0432876128108306,0.3,212,3,random,212,False,2600.1708422006886,7200.0,4852.725340542198,"[""morgan"", ""ecfp6"", ""fcfp6"", ""layered"", ""atom_pair"", ""topological_torsion"", ""rdk_path"", ""maccs"", ""rdkit"", ""maplight""]","[""morgan"", ""ecfp6"", ""fcfp6"", ""layered"", ""atom_pair"", ""topological_torsion"", ""rdk_path"", ""maccs"", ""rdkit"", ""maplight""]",[],0,8685,/media/volume/AutoQSARdata_300/model_cache/feature_store_parquet,parquet,1797,845,False,/media/volume/AutoQSARdata_300/model_cache/benchmark_feature_matrix_cache/8b8c96eccf5dd09cfb762b0ddcc7d9629bdad55ffe5d85790ee612e7bd35e0f6.pkl,morgan_ecfp6_fcfp6_layered_atom_pair_topological_torsion_rdk_path_maccs_rdkit_maplight__9d9272112e8cc9d9,Random forest,conventional,5.0,random,mse,0.2185606482687629,32.0,1.0,0.5280016874013118,0.4673541780337351,0.3532851359921571,0.9367353539843823,0.1713950693158855,0.1290604357832466,0.9707941745361308,0.5580573291596312,0.4732776188836221,0.3703930746502836,0.7421809492002451,0.223991704536151,0.2188511010026559,0.1675071509962435,0.3863582519988995,2113.0,529.0,2642.0,0.3166486786318404,0.1462370370926947,fitted_estimator_predict,,unavailable,1.0,mse,0.113,0.110991704536151,True,0.113,0.110991704536151,9.0,True,-0.015008295463848992,0.239,,,,,204.689,204.689,model_stage,5.302,6,conventional model Random forest,model,2026-06-24 14:55:07 UTC,,,,,,,,,,,,,,,,,,,,,,,,,,,,,,,,,,,,,,,,,,,,,,,,,,,,,,,,
polaris_adme_fang_perm_1,Polaris ADME benchmark mirror: adme-fang-perm-1,polaris,polaris/adme-fang-perm-1,https://polarishub.io/benchmarks/polaris/adme-fang-perm-1,1B_MPNN_MolGPS-ens_LargeMix,mean_squared_error,0.113,predefined,10,"[{""rank"": ""1"", ""model"": ""1B_MPNN_MolGPS-ens_LargeMix"", ""metric_name"": ""mean_squared_error"", ""metric_value"": ""0.113""}, {""rank"": ""2"", ""model"": ""1B_MPNN_LargeMix-and-Phenomics"", ""metric_name"": ""mean_squared_error"", ""metric_value"": ""0.129""}, {""rank"": ""3"", ""model"": ""CheMeleon"", ""metric_name"": ""mean_squared_error"", ""metric_value"": ""0.161""}, {""rank"": ""4"", ""model"": ""MolEncoder"", ""metric_name"": ""mean_squared_error"", ""metric_value"": ""0.176""}, {""rank"": ""5"", ""model"": ""TabPFNv2-rdkit"", ""metric_name"": ""mean_squared_error"", ""metric_value"": ""0.182""}, {""rank"": ""6"", ""model"": ""adme-fang-PERM-1-GIRAFFE-wae_s"", ""metric_name"": ""mean_squared_error"", ""metric_value"": ""0.203""}, {""rank"": ""7"", ""model"": ""chemlactica-1b-sft"", ""metric_name"": ""mean_squared_error"", ""metric_value"": ""0.232""}, {""rank"": ""8"", ""model"": ""optimized-random-forest-rdkit-descriptors"", ""metric_name"": ""mean_squared_error"", ""metric_value"": ""0.239""}, {""rank"": ""9"", ""model"": ""adme-fang-PERM-1_desc2D_RandomForestRegressor"", ""metric_name"": ""mean_squared_error"", ""metric_value"": ""0.248""}, {""rank"": ""10"", ""model"": ""chemlactica-125m-sft"", ""metric_name"": ""mean_squared_error"", ""metric_value"": ""0.257""}]",2642,2113,529,raw,smiles,target,predefined,f23c02546e879de2b690e822ca8e7d9784b0e69103c2da4676f9e1f62f4cac2e,3ba0ff6ed8e4af670d029a7f058511621c8f85055a78c1c7cecdd9a37424a70a,10115,8685,1430,489,432,509,0,0,0.999,,1e-08,0.005,0.995,,212,elasticnet_cv,False,0.0432876128108306,0.3,212,3,random,212,False,2600.1708422006886,7200.0,4852.725340542198,"[""morgan"", ""ecfp6"", ""fcfp6"", ""layered"", ""atom_pair"", ""topological_torsion"", ""rdk_path"", ""maccs"", ""rdkit"", ""maplight""]","[""morgan"", ""ecfp6"", ""fcfp6"", ""layered"", ""atom_pair"", ""topological_torsion"", ""rdk_path"", ""maccs"", ""rdkit"", ""maplight""]",[],0,8685,/media/volume/AutoQSARdata_300/model_cache/feature_store_parquet,parquet,1797,845,False,/media/volume/AutoQSARdata_300/model_cache/benchmark_feature_matrix_cache/8b8c96eccf5dd09cfb762b0ddcc7d9629bdad55ffe5d85790ee612e7bd35e0f6.pkl,morgan_ecfp6_fcfp6_layered_atom_pair_topological_torsion_rdk_path_maccs_rdkit_maplight__9d9272112e8cc9d9,Extra trees,conventional,5.0,random,mse,0.2065954847771386,32.0,1.0,0.5541563250702723,0.4543110490144976,0.3420911117741633,1.0,5.425559146262551e-15,3.382601613927516e-15,1.0,0.5565582805155048,0.4740796070360445,0.3681132573875237,0.7391755050955393,0.2247514738074504,0.2743553839973174,0.2393285159923834,0.5136838999897009,2113.0,529.0,2642.0,0.452416854427946,0.1944299394359201,fitted_estimator_predict,,unavailable,1.0,mse,0.113,0.1117514738074504,True,0.113,0.1117514738074504,9.0,True,-0.014248526192549599,0.239,,,,,210.993,210.993,model_stage,6.246,7,conventional model Extra trees,model,2026-06-24 14:55:12 UTC,,,,,,,,,,,,,,,,,,,,,,,,,,,,,,,,,,,,,,,,,,,,,,,,,,,,,,,,
polaris_adme_fang_perm_1,Polaris ADME benchmark mirror: adme-fang-perm-1,polaris,polaris/adme-fang-perm-1,https://polarishub.io/benchmarks/polaris/adme-fang-perm-1,1B_MPNN_MolGPS-ens_LargeMix,mean_squared_error,0.113,predefined,10,"[{""rank"": ""1"", ""model"": ""1B_MPNN_MolGPS-ens_LargeMix"", ""metric_name"": ""mean_squared_error"", ""metric_value"": ""0.113""}, {""rank"": ""2"", ""model"": ""1B_MPNN_LargeMix-and-Phenomics"", ""metric_name"": ""mean_squared_error"", ""metric_value"": ""0.129""}, {""rank"": ""3"", ""model"": ""CheMeleon"", ""metric_name"": ""mean_squared_error"", ""metric_value"": ""0.161""}, {""rank"": ""4"", ""model"": ""MolEncoder"", ""metric_name"": ""mean_squared_error"", ""metric_value"": ""0.176""}, {""rank"": ""5"", ""model"": ""TabPFNv2-rdkit"", ""metric_name"": ""mean_squared_error"", ""metric_value"": ""0.182""}, {""rank"": ""6"", ""model"": ""adme-fang-PERM-1-GIRAFFE-wae_s"", ""metric_name"": ""mean_squared_error"", ""metric_value"": ""0.203""}, {""rank"": ""7"", ""model"": ""chemlactica-1b-sft"", ""metric_name"": ""mean_squared_error"", ""metric_value"": ""0.232""}, {""rank"": ""8"", ""model"": ""optimized-random-forest-rdkit-descriptors"", ""metric_name"": ""mean_squared_error"", ""metric_value"": ""0.239""}, {""rank"": ""9"", ""model"": ""adme-fang-PERM-1_desc2D_RandomForestRegressor"", ""metric_name"": ""mean_squared_error"", ""metric_value"": ""0.248""}, {""rank"": ""10"", ""model"": ""chemlactica-125m-sft"", ""metric_name"": ""mean_squared_error"", ""metric_value"": ""0.257""}]",2642,2113,529,raw,smiles,target,predefined,f23c02546e879de2b690e822ca8e7d9784b0e69103c2da4676f9e1f62f4cac2e,3ba0ff6ed8e4af670d029a7f058511621c8f85055a78c1c7cecdd9a37424a70a,10115,8685,1430,489,432,509,0,0,0.999,,1e-08,0.005,0.995,,212,elasticnet_cv,False,0.0432876128108306,0.3,212,3,random,212,False,2600.1708422006886,7200.0,4852.725340542198,"[""morgan"", ""ecfp6"", ""fcfp6"", ""layered"", ""atom_pair"", ""topological_torsion"", ""rdk_path"", ""maccs"", ""rdkit"", ""maplight""]","[""morgan"", ""ecfp6"", ""fcfp6"", ""layered"", ""atom_pair"", ""topological_torsion"", ""rdk_path"", ""maccs"", ""rdkit"", ""maplight""]",[],0,8685,/media/volume/AutoQSARdata_300/model_cache/feature_store_parquet,parquet,1797,845,False,/media/volume/AutoQSARdata_300/model_cache/benchmark_feature_matrix_cache/8b8c96eccf5dd09cfb762b0ddcc7d9629bdad55ffe5d85790ee612e7bd35e0f6.pkl,morgan_ecfp6_fcfp6_layered_atom_pair_topological_torsion_rdk_path_maccs_rdkit_maplight__9d9272112e8cc9d9,HistGradientBoosting,conventional,5.0,random,mse,0.1859093098157454,32.0,5.0,0.5982719930674933,0.4309900637333356,0.3186703102799122,0.9787979537788444,0.0992217017388728,0.0735591887130813,0.981835105138131,0.6190514959559432,0.4394061545536271,0.3323981799863966,0.7785928983453684,0.193077768659606,0.0944447810034034,0.0831231430056504,0.1775679240090539,2113.0,529.0,2642.0,0.1571325954738194,0.0672096608664095,fitted_estimator_predict,,unavailable,1.0,mse,0.113,0.080077768659606,True,0.113,0.080077768659606,8.0,True,-0.045922231340394,0.239,,,,,217.813,217.813,model_stage,6.747,8,conventional model HistGradientBoosting,model,2026-06-24 14:55:18 UTC,,,,,,,,,,,,,,,,,,,,,,,,,,,,,,,,,,,,,,,,,,,,,,,,,,,,,,,,
polaris_adme_fang_perm_1,Polaris ADME benchmark mirror: adme-fang-perm-1,polaris,polaris/adme-fang-perm-1,https://polarishub.io/benchmarks/polaris/adme-fang-perm-1,1B_MPNN_MolGPS-ens_LargeMix,mean_squared_error,0.113,predefined,10,"[{""rank"": ""1"", ""model"": ""1B_MPNN_MolGPS-ens_LargeMix"", ""metric_name"": ""mean_squared_error"", ""metric_value"": ""0.113""}, {""rank"": ""2"", ""model"": ""1B_MPNN_LargeMix-and-Phenomics"", ""metric_name"": ""mean_squared_error"", ""metric_value"": ""0.129""}, {""rank"": ""3"", ""model"": ""CheMeleon"", ""metric_name"": ""mean_squared_error"", ""metric_value"": ""0.161""}, {""rank"": ""4"", ""model"": ""MolEncoder"", ""metric_name"": ""mean_squared_error"", ""metric_value"": ""0.176""}, {""rank"": ""5"", ""model"": ""TabPFNv2-rdkit"", ""metric_name"": ""mean_squared_error"", ""metric_value"": ""0.182""}, {""rank"": ""6"", ""model"": ""adme-fang-PERM-1-GIRAFFE-wae_s"", ""metric_name"": ""mean_squared_error"", ""metric_value"": ""0.203""}, {""rank"": ""7"", ""model"": ""chemlactica-1b-sft"", ""metric_name"": ""mean_squared_error"", ""metric_value"": ""0.232""}, {""rank"": ""8"", ""model"": ""optimized-random-forest-rdkit-descriptors"", ""metric_name"": ""mean_squared_error"", ""metric_value"": ""0.239""}, {""rank"": ""9"", ""model"": ""adme-fang-PERM-1_desc2D_RandomForestRegressor"", ""metric_name"": ""mean_squared_error"", ""metric_value"": ""0.248""}, {""rank"": ""10"", ""model"": ""chemlactica-125m-sft"", ""metric_name"": ""mean_squared_error"", ""metric_value"": ""0.257""}]",2642,2113,529,raw,smiles,target,predefined,f23c02546e879de2b690e822ca8e7d9784b0e69103c2da4676f9e1f62f4cac2e,3ba0ff6ed8e4af670d029a7f058511621c8f85055a78c1c7cecdd9a37424a70a,10115,8685,1430,489,432,509,0,0,0.999,,1e-08,0.005,0.995,,212,elasticnet_cv,False,0.0432876128108306,0.3,212,3,random,212,False,2600.1708422006886,7200.0,4852.725340542198,"[""morgan"", ""ecfp6"", ""fcfp6"", ""layered"", ""atom_pair"", ""topological_torsion"", ""rdk_path"", ""maccs"", ""rdkit"", ""maplight""]","[""morgan"", ""ecfp6"", ""fcfp6"", ""layered"", ""atom_pair"", ""topological_torsion"", ""rdk_path"", ""maccs"", ""rdkit"", ""maplight""]",[],0,8685,/media/volume/AutoQSARdata_300/model_cache/feature_store_parquet,parquet,1797,845,False,/media/volume/AutoQSARdata_300/model_cache/benchmark_feature_matrix_cache/8b8c96eccf5dd09cfb762b0ddcc7d9629bdad55ffe5d85790ee612e7bd35e0f6.pkl,morgan_ecfp6_fcfp6_layered_atom_pair_topological_torsion_rdk_path_maccs_rdkit_maplight__9d9272112e8cc9d9,"Voting Regressor (KNN, SVM)",conventional,5.0,random,mse,0.1961141730735036,32.0,1.0,0.5774332844347734,0.4421365624084835,0.3247042135381824,0.9954814396542496,0.0458055208859564,0.0439722594064253,0.9949719455566584,0.5127045890516244,0.4969688409294684,0.3774346097074801,0.7433351869445245,0.2469780288547793,0.5112346000096295,0.1320991630054777,0.6433337630151073,2113.0,529.0,2642.0,0.2497148639044948,0.2435025598088975,fitted_estimator_predict,,unavailable,1.0,mse,0.113,0.1339780288547793,True,0.113,0.1339780288547793,11.0,False,0.007978028854779301,0.239,,,,,220.593,220.593,model_stage,2.7,9,"conventional model Voting Regressor (KNN, SVM)",model,2026-06-24 14:55:25 UTC,,,,,,,,,,,,,,,,,,,,,,,,,,,,,,,,,,,,,,,,,,,,,,,,,,,,,,,,
polaris_adme_fang_perm_1,Polaris ADME benchmark mirror: adme-fang-perm-1,polaris,polaris/adme-fang-perm-1,https://polarishub.io/benchmarks/polaris/adme-fang-perm-1,1B_MPNN_MolGPS-ens_LargeMix,mean_squared_error,0.113,predefined,10,"[{""rank"": ""1"", ""model"": ""1B_MPNN_MolGPS-ens_LargeMix"", ""metric_name"": ""mean_squared_error"", ""metric_value"": ""0.113""}, {""rank"": ""2"", ""model"": ""1B_MPNN_LargeMix-and-Phenomics"", ""metric_name"": ""mean_squared_error"", ""metric_value"": ""0.129""}, {""rank"": ""3"", ""model"": ""CheMeleon"", ""metric_name"": ""mean_squared_error"", ""metric_value"": ""0.161""}, {""rank"": ""4"", ""model"": ""MolEncoder"", ""metric_name"": ""mean_squared_error"", ""metric_value"": ""0.176""}, {""rank"": ""5"", ""model"": ""TabPFNv2-rdkit"", ""metric_name"": ""mean_squared_error"", ""metric_value"": ""0.182""}, {""rank"": ""6"", ""model"": ""adme-fang-PERM-1-GIRAFFE-wae_s"", ""metric_name"": ""mean_squared_error"", ""metric_value"": ""0.203""}, {""rank"": ""7"", ""model"": ""chemlactica-1b-sft"", ""metric_name"": ""mean_squared_error"", ""metric_value"": ""0.232""}, {""rank"": ""8"", ""model"": ""optimized-random-forest-rdkit-descriptors"", ""metric_name"": ""mean_squared_error"", ""metric_value"": ""0.239""}, {""rank"": ""9"", ""model"": ""adme-fang-PERM-1_desc2D_RandomForestRegressor"", ""metric_name"": ""mean_squared_error"", ""metric_value"": ""0.248""}, {""rank"": ""10"", ""model"": ""chemlactica-125m-sft"", ""metric_name"": ""mean_squared_error"", ""metric_value"": ""0.257""}]",2642,2113,529,raw,smiles,target,predefined,f23c02546e879de2b690e822ca8e7d9784b0e69103c2da4676f9e1f62f4cac2e,3ba0ff6ed8e4af670d029a7f058511621c8f85055a78c1c7cecdd9a37424a70a,10115,8685,1430,489,432,509,0,0,0.999,,1e-08,0.005,0.995,,212,elasticnet_cv,False,0.0432876128108306,0.3,212,3,random,212,False,2600.1708422006886,7200.0,4852.725340542198,"[""morgan"", ""ecfp6"", ""fcfp6"", ""layered"", ""atom_pair"", ""topological_torsion"", ""rdk_path"", ""maccs"", ""rdkit"", ""maplight""]","[""morgan"", ""ecfp6"", ""fcfp6"", ""layered"", ""atom_pair"", ""topological_torsion"", ""rdk_path"", ""maccs"", ""rdkit"", ""maplight""]",[],0,8685,/media/volume/AutoQSARdata_300/model_cache/feature_store_parquet,parquet,1797,845,False,/media/volume/AutoQSARdata_300/model_cache/benchmark_feature_matrix_cache/8b8c96eccf5dd09cfb762b0ddcc7d9629bdad55ffe5d85790ee612e7bd35e0f6.pkl,morgan_ecfp6_fcfp6_layered_atom_pair_topological_torsion_rdk_path_maccs_rdkit_maplight__9d9272112e8cc9d9,AdaBoost,conventional,5.0,random,mse,0.2949616122260349,32.0,5.0,0.3628347673893705,0.5429841807622027,0.4586821001020544,0.4326973495168086,0.5132455459142654,0.4433369743641008,0.7274160710819433,0.3835425243798959,0.5589649305483667,0.4813224022464313,0.6697812043096457,0.3124417935829404,0.1667469649983104,0.0908751219976693,0.2576220869959797,2113.0,529.0,2642.0,0.1717866200334014,0.0975102524587357,fitted_estimator_predict,,unavailable,1.0,mse,0.113,0.1994417935829404,True,0.113,0.1994417935829404,11.0,False,0.0734417935829404,0.239,,,,,233.195,233.195,model_stage,12.508,10,conventional model AdaBoost,model,2026-06-24 14:55:28 UTC,,,,,,,,,,,,,,,,,,,,,,,,,,,,,,,,,,,,,,,,,,,,,,,,,,,,,,,,
polaris_adme_fang_perm_1,Polaris ADME benchmark mirror: adme-fang-perm-1,polaris,polaris/adme-fang-perm-1,https://polarishub.io/benchmarks/polaris/adme-fang-perm-1,1B_MPNN_MolGPS-ens_LargeMix,mean_squared_error,0.113,predefined,10,"[{""rank"": ""1"", ""model"": ""1B_MPNN_MolGPS-ens_LargeMix"", ""metric_name"": ""mean_squared_error"", ""metric_value"": ""0.113""}, {""rank"": ""2"", ""model"": ""1B_MPNN_LargeMix-and-Phenomics"", ""metric_name"": ""mean_squared_error"", ""metric_value"": ""0.129""}, {""rank"": ""3"", ""model"": ""CheMeleon"", ""metric_name"": ""mean_squared_error"", ""metric_value"": ""0.161""}, {""rank"": ""4"", ""model"": ""MolEncoder"", ""metric_name"": ""mean_squared_error"", ""metric_value"": ""0.176""}, {""rank"": ""5"", ""model"": ""TabPFNv2-rdkit"", ""metric_name"": ""mean_squared_error"", ""metric_value"": ""0.182""}, {""rank"": ""6"", ""model"": ""adme-fang-PERM-1-GIRAFFE-wae_s"", ""metric_name"": ""mean_squared_error"", ""metric_value"": ""0.203""}, {""rank"": ""7"", ""model"": ""chemlactica-1b-sft"", ""metric_name"": ""mean_squared_error"", ""metric_value"": ""0.232""}, {""rank"": ""8"", ""model"": ""optimized-random-forest-rdkit-descriptors"", ""metric_name"": ""mean_squared_error"", ""metric_value"": ""0.239""}, {""rank"": ""9"", ""model"": ""adme-fang-PERM-1_desc2D_RandomForestRegressor"", ""metric_name"": ""mean_squared_error"", ""metric_value"": ""0.248""}, {""rank"": ""10"", ""model"": ""chemlactica-125m-sft"", ""metric_name"": ""mean_squared_error"", ""metric_value"": ""0.257""}]",2642,2113,529,raw,smiles,target,predefined,f23c02546e879de2b690e822ca8e7d9784b0e69103c2da4676f9e1f62f4cac2e,3ba0ff6ed8e4af670d029a7f058511621c8f85055a78c1c7cecdd9a37424a70a,10115,8685,1430,489,432,509,0,0,0.999,,1e-08,0.005,0.995,,212,elasticnet_cv,False,0.0432876128108306,0.3,212,3,random,212,False,2600.1708422006886,7200.0,4852.725340542198,"[""morgan"", ""ecfp6"", ""fcfp6"", ""layered"", ""atom_pair"", ""topological_torsion"", ""rdk_path"", ""maccs"", ""rdkit"", ""maplight""]","[""morgan"", ""ecfp6"", ""fcfp6"", ""layered"", ""atom_pair"", ""topological_torsion"", ""rdk_path"", ""maccs"", ""rdkit"", ""maplight""]",[],0,8685,/media/volume/AutoQSARdata_300/model_cache/feature_store_parquet,parquet,1797,845,False,/media/volume/AutoQSARdata_300/model_cache/benchmark_feature_matrix_cache/8b8c96eccf5dd09cfb762b0ddcc7d9629bdad55ffe5d85790ee612e7bd35e0f6.pkl,morgan_ecfp6_fcfp6_layered_atom_pair_topological_torsion_rdk_path_maccs_rdkit_maplight__9d9272112e8cc9d9,Tabular MLP,conventional,5.0,random,mse,0.1716062817065147,32.0,5.0,0.6294602120945347,0.4140231123465144,0.3134054898635757,0.995629818760835,0.0450471694292391,0.0331119708829257,0.9965999401333347,0.5150093765102063,0.4957921777467733,0.3890984068942331,0.695458274293385,0.245809883514888,0.0201209990045754,0.0050498519995016,0.0251708510040771,2113.0,529.0,2642.0,0.009546034025523,0.0095271956866302,fitted_estimator_predict,240641.0,sklearn_mlp_coefs,1.0,mse,0.113,0.132809883514888,True,0.113,0.132809883514888,11.0,False,0.00680988351488801,0.239,0.0001,,,,240.126,240.126,model_stage,6.828,11,conventional model Tabular MLP,model,2026-06-24 14:55:40 UTC,,,,,,,,,,,,,,,,,,,,,,,,,,,,,,,,,,,,,,,,,,,,,,,,,,,,,,,,
polaris_adme_fang_perm_1,Polaris ADME benchmark mirror: adme-fang-perm-1,polaris,polaris/adme-fang-perm-1,https://polarishub.io/benchmarks/polaris/adme-fang-perm-1,1B_MPNN_MolGPS-ens_LargeMix,mean_squared_error,0.113,predefined,10,"[{""rank"": ""1"", ""model"": ""1B_MPNN_MolGPS-ens_LargeMix"", ""metric_name"": ""mean_squared_error"", ""metric_value"": ""0.113""}, {""rank"": ""2"", ""model"": ""1B_MPNN_LargeMix-and-Phenomics"", ""metric_name"": ""mean_squared_error"", ""metric_value"": ""0.129""}, {""rank"": ""3"", ""model"": ""CheMeleon"", ""metric_name"": ""mean_squared_error"", ""metric_value"": ""0.161""}, {""rank"": ""4"", ""model"": ""MolEncoder"", ""metric_name"": ""mean_squared_error"", ""metric_value"": ""0.176""}, {""rank"": ""5"", ""model"": ""TabPFNv2-rdkit"", ""metric_name"": ""mean_squared_error"", ""metric_value"": ""0.182""}, {""rank"": ""6"", ""model"": ""adme-fang-PERM-1-GIRAFFE-wae_s"", ""metric_name"": ""mean_squared_error"", ""metric_value"": ""0.203""}, {""rank"": ""7"", ""model"": ""chemlactica-1b-sft"", ""metric_name"": ""mean_squared_error"", ""metric_value"": ""0.232""}, {""rank"": ""8"", ""model"": ""optimized-random-forest-rdkit-descriptors"", ""metric_name"": ""mean_squared_error"", ""metric_value"": ""0.239""}, {""rank"": ""9"", ""model"": ""adme-fang-PERM-1_desc2D_RandomForestRegressor"", ""metric_name"": ""mean_squared_error"", ""metric_value"": ""0.248""}, {""rank"": ""10"", ""model"": ""chemlactica-125m-sft"", ""metric_name"": ""mean_squared_error"", ""metric_value"": ""0.257""}]",2642,2113,529,raw,smiles,target,predefined,f23c02546e879de2b690e822ca8e7d9784b0e69103c2da4676f9e1f62f4cac2e,3ba0ff6ed8e4af670d029a7f058511621c8f85055a78c1c7cecdd9a37424a70a,10115,8685,1430,489,432,509,0,0,0.999,,1e-08,0.005,0.995,,212,elasticnet_cv,False,0.0432876128108306,0.3,212,3,random,212,False,2600.1708422006886,7200.0,4852.725340542198,"[""morgan"", ""ecfp6"", ""fcfp6"", ""layered"", ""atom_pair"", ""topological_torsion"", ""rdk_path"", ""maccs"", ""rdkit"", ""maplight""]","[""morgan"", ""ecfp6"", ""fcfp6"", ""layered"", ""atom_pair"", ""topological_torsion"", ""rdk_path"", ""maccs"", ""rdkit"", ""maplight""]",[],0,8685,/media/volume/AutoQSARdata_300/model_cache/feature_store_parquet,parquet,1797,845,False,/media/volume/AutoQSARdata_300/model_cache/benchmark_feature_matrix_cache/8b8c96eccf5dd09cfb762b0ddcc7d9629bdad55ffe5d85790ee612e7bd35e0f6.pkl,morgan_ecfp6_fcfp6_layered_atom_pair_topological_torsion_rdk_path_maccs_rdkit_maplight__9d9272112e8cc9d9,Tabular CNN,conventional,5.0,random,mse,0.2971462571349152,32.0,5.0,0.3600369453087054,0.5443126849937235,0.4178548543050408,0.6600805822208848,0.3972882949690657,0.3018899849448247,0.7995949831441985,0.3221617825278025,0.586132799762614,0.4571557471910682,0.5589334061807936,0.3435516589575605,0.2056145180104067,0.036416236005607,0.2420307540160138,2113.0,529.0,2642.0,0.0688397656060625,0.0916089152218068,fitted_estimator_predict,29377.0,model_.keras_count_params,1.0,mse,0.113,0.2305516589575605,True,0.113,0.2305516589575605,11.0,False,0.10455165895756052,0.239,,,,,276.753,276.753,model_stage,36.488,12,conventional model Tabular CNN,model,2026-06-24 14:55:47 UTC,,,,,,,,,,,,,,,,,,,,,,,,,,,,,,,,,,,,,,,,,,,,,,,,,,,,,,,,
polaris_adme_fang_perm_1,Polaris ADME benchmark mirror: adme-fang-perm-1,polaris,polaris/adme-fang-perm-1,https://polarishub.io/benchmarks/polaris/adme-fang-perm-1,1B_MPNN_MolGPS-ens_LargeMix,mean_squared_error,0.113,predefined,10,"[{""rank"": ""1"", ""model"": ""1B_MPNN_MolGPS-ens_LargeMix"", ""metric_name"": ""mean_squared_error"", ""metric_value"": ""0.113""}, {""rank"": ""2"", ""model"": ""1B_MPNN_LargeMix-and-Phenomics"", ""metric_name"": ""mean_squared_error"", ""metric_value"": ""0.129""}, {""rank"": ""3"", ""model"": ""CheMeleon"", ""metric_name"": ""mean_squared_error"", ""metric_value"": ""0.161""}, {""rank"": ""4"", ""model"": ""MolEncoder"", ""metric_name"": ""mean_squared_error"", ""metric_value"": ""0.176""}, {""rank"": ""5"", ""model"": ""TabPFNv2-rdkit"", ""metric_name"": ""mean_squared_error"", ""metric_value"": ""0.182""}, {""rank"": ""6"", ""model"": ""adme-fang-PERM-1-GIRAFFE-wae_s"", ""metric_name"": ""mean_squared_error"", ""metric_value"": ""0.203""}, {""rank"": ""7"", ""model"": ""chemlactica-1b-sft"", ""metric_name"": ""mean_squared_error"", ""metric_value"": ""0.232""}, {""rank"": ""8"", ""model"": ""optimized-random-forest-rdkit-descriptors"", ""metric_name"": ""mean_squared_error"", ""metric_value"": ""0.239""}, {""rank"": ""9"", ""model"": ""adme-fang-PERM-1_desc2D_RandomForestRegressor"", ""metric_name"": ""mean_squared_error"", ""metric_value"": ""0.248""}, {""rank"": ""10"", ""model"": ""chemlactica-125m-sft"", ""metric_name"": ""mean_squared_error"", ""metric_value"": ""0.257""}]",2642,2113,529,raw,smiles,target,predefined,f23c02546e879de2b690e822ca8e7d9784b0e69103c2da4676f9e1f62f4cac2e,3ba0ff6ed8e4af670d029a7f058511621c8f85055a78c1c7cecdd9a37424a70a,10115,8685,1430,489,432,509,0,0,0.999,,1e-08,0.005,0.995,,212,elasticnet_cv,False,0.0432876128108306,0.3,212,3,random,212,False,2600.1708422006886,7200.0,4852.725340542198,"[""morgan"", ""ecfp6"", ""fcfp6"", ""layered"", ""atom_pair"", ""topological_torsion"", ""rdk_path"", ""maccs"", ""rdkit"", ""maplight""]","[""morgan"", ""ecfp6"", ""fcfp6"", ""layered"", ""atom_pair"", ""topological_torsion"", ""rdk_path"", ""maccs"", ""rdkit"", ""maplight""]",[],0,8685,/media/volume/AutoQSARdata_300/model_cache/feature_store_parquet,parquet,1797,845,False,/media/volume/AutoQSARdata_300/model_cache/benchmark_feature_matrix_cache/8b8c96eccf5dd09cfb762b0ddcc7d9629bdad55ffe5d85790ee612e7bd35e0f6.pkl,morgan_ecfp6_fcfp6_layered_atom_pair_topological_torsion_rdk_path_maccs_rdkit_maplight__9d9272112e8cc9d9,XGBoost,conventional,5.0,random,mse,0.1853088113844699,32.0,1.0,0.59955082775545,0.430323520383283,0.3195178481229818,0.9847291802172736,0.0842071480426954,0.0612486372909637,0.985229784815552,0.6348236028311791,0.4302138118430503,0.3285711733344695,0.7791224745223032,0.1850839239005275,0.0097634749981807,0.0092361040005926,0.0189995789987733,2113.0,529.0,2642.0,0.0174595538763565,0.0071913622251223,fitted_estimator_predict,,unavailable,1.0,mse,0.113,0.0720839239005275,True,0.113,0.0720839239005275,8.0,True,-0.05391607609947249,0.239,,,,,286.447,286.447,model_stage,9.562,13,conventional model XGBoost,model,2026-06-24 14:56:24 UTC,,,,,,,,,,,,,,,,,,,,,,,,,,,,,,,,,,,,,,,,,,,,,,,,,,,,,,,,
polaris_adme_fang_perm_1,Polaris ADME benchmark mirror: adme-fang-perm-1,polaris,polaris/adme-fang-perm-1,https://polarishub.io/benchmarks/polaris/adme-fang-perm-1,1B_MPNN_MolGPS-ens_LargeMix,mean_squared_error,0.113,predefined,10,"[{""rank"": ""1"", ""model"": ""1B_MPNN_MolGPS-ens_LargeMix"", ""metric_name"": ""mean_squared_error"", ""metric_value"": ""0.113""}, {""rank"": ""2"", ""model"": ""1B_MPNN_LargeMix-and-Phenomics"", ""metric_name"": ""mean_squared_error"", ""metric_value"": ""0.129""}, {""rank"": ""3"", ""model"": ""CheMeleon"", ""metric_name"": ""mean_squared_error"", ""metric_value"": ""0.161""}, {""rank"": ""4"", ""model"": ""MolEncoder"", ""metric_name"": ""mean_squared_error"", ""metric_value"": ""0.176""}, {""rank"": ""5"", ""model"": ""TabPFNv2-rdkit"", ""metric_name"": ""mean_squared_error"", ""metric_value"": ""0.182""}, {""rank"": ""6"", ""model"": ""adme-fang-PERM-1-GIRAFFE-wae_s"", ""metric_name"": ""mean_squared_error"", ""metric_value"": ""0.203""}, {""rank"": ""7"", ""model"": ""chemlactica-1b-sft"", ""metric_name"": ""mean_squared_error"", ""metric_value"": ""0.232""}, {""rank"": ""8"", ""model"": ""optimized-random-forest-rdkit-descriptors"", ""metric_name"": ""mean_squared_error"", ""metric_value"": ""0.239""}, {""rank"": ""9"", ""model"": ""adme-fang-PERM-1_desc2D_RandomForestRegressor"", ""metric_name"": ""mean_squared_error"", ""metric_value"": ""0.248""}, {""rank"": ""10"", ""model"": ""chemlactica-125m-sft"", ""metric_name"": ""mean_squared_error"", ""metric_value"": ""0.257""}]",2642,2113,529,raw,smiles,target,predefined,f23c02546e879de2b690e822ca8e7d9784b0e69103c2da4676f9e1f62f4cac2e,3ba0ff6ed8e4af670d029a7f058511621c8f85055a78c1c7cecdd9a37424a70a,10115,8685,1430,489,432,509,0,0,0.999,,1e-08,0.005,0.995,,212,elasticnet_cv,False,0.0432876128108306,0.3,212,3,random,212,False,2600.1708422006886,7200.0,4852.725340542198,"[""morgan"", ""ecfp6"", ""fcfp6"", ""layered"", ""atom_pair"", ""topological_torsion"", ""rdk_path"", ""maccs"", ""rdkit"", ""maplight""]","[""morgan"", ""ecfp6"", ""fcfp6"", ""layered"", ""atom_pair"", ""topological_torsion"", ""rdk_path"", ""maccs"", ""rdkit"", ""maplight""]",[],0,8685,/media/volume/AutoQSARdata_300/model_cache/feature_store_parquet,parquet,1797,845,False,/media/volume/AutoQSARdata_300/model_cache/benchmark_feature_matrix_cache/8b8c96eccf5dd09cfb762b0ddcc7d9629bdad55ffe5d85790ee612e7bd35e0f6.pkl,morgan_ecfp6_fcfp6_layered_atom_pair_topological_torsion_rdk_path_maccs_rdkit_maplight__9d9272112e8cc9d9,CatBoost,conventional,5.0,random,mse,0.1866393915233407,32.0,1.0,0.5969396654789856,0.4318298843013085,0.3242918315069188,0.8487464560749004,0.2650150649461368,0.2051866914562894,0.913340355020362,0.6053401817763117,0.4472439300805183,0.346197633628961,0.7681948691177568,0.2000271329938675,0.0084495150076691,0.0040307570016011,0.0124802720092702,2113.0,529.0,2642.0,0.0076195784529322,0.0047237971269001,fitted_estimator_predict,,unavailable,1.0,mse,0.113,0.0870271329938675,True,0.113,0.0870271329938675,8.0,True,-0.03897286700613248,0.239,,,,,299.817,299.817,model_stage,13.224,14,conventional model CatBoost,model,2026-06-24 14:56:34 UTC,,,,,,,,,,,,,,,,,,,,,,,,,,,,,,,,,,,,,,,,,,,,,,,,,,,,,,,,
polaris_adme_fang_perm_1,Polaris ADME benchmark mirror: adme-fang-perm-1,polaris,polaris/adme-fang-perm-1,https://polarishub.io/benchmarks/polaris/adme-fang-perm-1,1B_MPNN_MolGPS-ens_LargeMix,mean_squared_error,0.113,predefined,10,"[{""rank"": ""1"", ""model"": ""1B_MPNN_MolGPS-ens_LargeMix"", ""metric_name"": ""mean_squared_error"", ""metric_value"": ""0.113""}, {""rank"": ""2"", ""model"": ""1B_MPNN_LargeMix-and-Phenomics"", ""metric_name"": ""mean_squared_error"", ""metric_value"": ""0.129""}, {""rank"": ""3"", ""model"": ""CheMeleon"", ""metric_name"": ""mean_squared_error"", ""metric_value"": ""0.161""}, {""rank"": ""4"", ""model"": ""MolEncoder"", ""metric_name"": ""mean_squared_error"", ""metric_value"": ""0.176""}, {""rank"": ""5"", ""model"": ""TabPFNv2-rdkit"", ""metric_name"": ""mean_squared_error"", ""metric_value"": ""0.182""}, {""rank"": ""6"", ""model"": ""adme-fang-PERM-1-GIRAFFE-wae_s"", ""metric_name"": ""mean_squared_error"", ""metric_value"": ""0.203""}, {""rank"": ""7"", ""model"": ""chemlactica-1b-sft"", ""metric_name"": ""mean_squared_error"", ""metric_value"": ""0.232""}, {""rank"": ""8"", ""model"": ""optimized-random-forest-rdkit-descriptors"", ""metric_name"": ""mean_squared_error"", ""metric_value"": ""0.239""}, {""rank"": ""9"", ""model"": ""adme-fang-PERM-1_desc2D_RandomForestRegressor"", ""metric_name"": ""mean_squared_error"", ""metric_value"": ""0.248""}, {""rank"": ""10"", ""model"": ""chemlactica-125m-sft"", ""metric_name"": ""mean_squared_error"", ""metric_value"": ""0.257""}]",2642,2113,529,raw,smiles,target,predefined,f23c02546e879de2b690e822ca8e7d9784b0e69103c2da4676f9e1f62f4cac2e,3ba0ff6ed8e4af670d029a7f058511621c8f85055a78c1c7cecdd9a37424a70a,10115,8685,1430,489,432,509,0,0,0.999,,1e-08,0.005,0.995,,212,elasticnet_cv,False,0.0432876128108306,0.3,212,3,random,212,False,2600.1708422006886,7200.0,4852.725340542198,"[""morgan"", ""ecfp6"", ""fcfp6"", ""layered"", ""atom_pair"", ""topological_torsion"", ""rdk_path"", ""maccs"", ""rdkit"", ""maplight""]","[""morgan"", ""ecfp6"", ""fcfp6"", ""layered"", ""atom_pair"", ""topological_torsion"", ""rdk_path"", ""maccs"", ""rdkit"", ""maplight""]",[],0,8685,/media/volume/AutoQSARdata_300/model_cache/feature_store_parquet,parquet,1797,845,False,/media/volume/AutoQSARdata_300/model_cache/benchmark_feature_matrix_cache/8b8c96eccf5dd09cfb762b0ddcc7d9629bdad55ffe5d85790ee612e7bd35e0f6.pkl,morgan_ecfp6_fcfp6_layered_atom_pair_topological_torsion_rdk_path_maccs_rdkit_maplight__9d9272112e8cc9d9,MapLight CatBoost (Strict Parity),conventional,5.0,seed_ensemble_no_cv,mae,,32.0,,,,,0.8531998944336826,0.2610844262134372,0.1512497513255009,0.9347916614792764,0.620284803503574,0.4386942968527435,0.3253733457755152,0.778366736163576,0.3253733457755152,,,,,,,,,,,,1.0,mse,,,True,,,,,,,,,,,395.175,395.175,model_stage,95.203,15,conventional model MapLight CatBoost (Strict Parity),model,2026-06-24 14:56:47 UTC,strict,5.0,"1,2,3,4,5",MAE,StandardScaler,direct_maplight_classic_from_smiles_no_dedup,,,,,,,,,,,,,,,,,,,,,,,,,,,,,,,,,,,,,,,,,,,,,,,,,,
polaris_adme_fang_perm_1,Polaris ADME benchmark mirror: adme-fang-perm-1,polaris,polaris/adme-fang-perm-1,https://polarishub.io/benchmarks/polaris/adme-fang-perm-1,1B_MPNN_MolGPS-ens_LargeMix,mean_squared_error,0.113,predefined,10,"[{""rank"": ""1"", ""model"": ""1B_MPNN_MolGPS-ens_LargeMix"", ""metric_name"": ""mean_squared_error"", ""metric_value"": ""0.113""}, {""rank"": ""2"", ""model"": ""1B_MPNN_LargeMix-and-Phenomics"", ""metric_name"": ""mean_squared_error"", ""metric_value"": ""0.129""}, {""rank"": ""3"", ""model"": ""CheMeleon"", ""metric_name"": ""mean_squared_error"", ""metric_value"": ""0.161""}, {""rank"": ""4"", ""model"": ""MolEncoder"", ""metric_name"": ""mean_squared_error"", ""metric_value"": ""0.176""}, {""rank"": ""5"", ""model"": ""TabPFNv2-rdkit"", ""metric_name"": ""mean_squared_error"", ""metric_value"": ""0.182""}, {""rank"": ""6"", ""model"": ""adme-fang-PERM-1-GIRAFFE-wae_s"", ""metric_name"": ""mean_squared_error"", ""metric_value"": ""0.203""}, {""rank"": ""7"", ""model"": ""chemlactica-1b-sft"", ""metric_name"": ""mean_squared_error"", ""metric_value"": ""0.232""}, {""rank"": ""8"", ""model"": ""optimized-random-forest-rdkit-descriptors"", ""metric_name"": ""mean_squared_error"", ""metric_value"": ""0.239""}, {""rank"": ""9"", ""model"": ""adme-fang-PERM-1_desc2D_RandomForestRegressor"", ""metric_name"": ""mean_squared_error"", ""metric_value"": ""0.248""}, {""rank"": ""10"", ""model"": ""chemlactica-125m-sft"", ""metric_name"": ""mean_squared_error"", ""metric_value"": ""0.257""}]",2642,2113,529,raw,smiles,target,predefined,f23c02546e879de2b690e822ca8e7d9784b0e69103c2da4676f9e1f62f4cac2e,3ba0ff6ed8e4af670d029a7f058511621c8f85055a78c1c7cecdd9a37424a70a,10115,8685,1430,489,432,509,0,0,0.999,,1e-08,0.005,0.995,,212,elasticnet_cv,False,0.0432876128108306,0.3,212,3,random,212,False,2600.1708422006886,7200.0,4852.725340542198,"[""morgan"", ""ecfp6"", ""fcfp6"", ""layered"", ""atom_pair"", ""topological_torsion"", ""rdk_path"", ""maccs"", ""rdkit"", ""maplight""]","[""morgan"", ""ecfp6"", ""fcfp6"", ""layered"", ""atom_pair"", ""topological_torsion"", ""rdk_path"", ""maccs"", ""rdkit"", ""maplight""]",[],0,8685,/media/volume/AutoQSARdata_300/model_cache/feature_store_parquet,parquet,1797,845,False,/media/volume/AutoQSARdata_300/model_cache/benchmark_feature_matrix_cache/8b8c96eccf5dd09cfb762b0ddcc7d9629bdad55ffe5d85790ee612e7bd35e0f6.pkl,morgan_ecfp6_fcfp6_layered_atom_pair_topological_torsion_rdk_path_maccs_rdkit_maplight__9d9272112e8cc9d9,ChemML MLP (PyTorch),ChemML deep learning,5.0,random,mse,0.138254758459522,,,0.7022549691402555,0.3718262476742625,0.2758815651966053,0.9825174850679286,0.09009895143958,0.0661048065808126,0.9847451702874466,0.58113959978312,0.4607524476826332,0.3433618638073463,0.7536174600446812,0.2122928180455376,0.0068487399985315,0.001425761001883,0.0082745010004146,2113.0,529.0,2642.0,0.0026952003816315,0.003131908024381,chemml_mlp_predict,120577.0,chemml_mlp_architecture,1.0,,,,,,,9.0,True,-0.026707181954462395,0.239,,,,,444.298,444.298,model_stage,48.926,16,deep model ChemML MLP (PyTorch),model,2026-06-24 14:58:23 UTC,,,,,,,,,,,,,,,,,,,,,,,,,,,,,,,,,,,,,,,,,,,,,,,,,,,,,,,,
polaris_adme_fang_perm_1,Polaris ADME benchmark mirror: adme-fang-perm-1,polaris,polaris/adme-fang-perm-1,https://polarishub.io/benchmarks/polaris/adme-fang-perm-1,1B_MPNN_MolGPS-ens_LargeMix,mean_squared_error,0.113,predefined,10,"[{""rank"": ""1"", ""model"": ""1B_MPNN_MolGPS-ens_LargeMix"", ""metric_name"": ""mean_squared_error"", ""metric_value"": ""0.113""}, {""rank"": ""2"", ""model"": ""1B_MPNN_LargeMix-and-Phenomics"", ""metric_name"": ""mean_squared_error"", ""metric_value"": ""0.129""}, {""rank"": ""3"", ""model"": ""CheMeleon"", ""metric_name"": ""mean_squared_error"", ""metric_value"": ""0.161""}, {""rank"": ""4"", ""model"": ""MolEncoder"", ""metric_name"": ""mean_squared_error"", ""metric_value"": ""0.176""}, {""rank"": ""5"", ""model"": ""TabPFNv2-rdkit"", ""metric_name"": ""mean_squared_error"", ""metric_value"": ""0.182""}, {""rank"": ""6"", ""model"": ""adme-fang-PERM-1-GIRAFFE-wae_s"", ""metric_name"": ""mean_squared_error"", ""metric_value"": ""0.203""}, {""rank"": ""7"", ""model"": ""chemlactica-1b-sft"", ""metric_name"": ""mean_squared_error"", ""metric_value"": ""0.232""}, {""rank"": ""8"", ""model"": ""optimized-random-forest-rdkit-descriptors"", ""metric_name"": ""mean_squared_error"", ""metric_value"": ""0.239""}, {""rank"": ""9"", ""model"": ""adme-fang-PERM-1_desc2D_RandomForestRegressor"", ""metric_name"": ""mean_squared_error"", ""metric_value"": ""0.248""}, {""rank"": ""10"", ""model"": ""chemlactica-125m-sft"", ""metric_name"": ""mean_squared_error"", ""metric_value"": ""0.257""}]",2642,2113,529,raw,smiles,target,predefined,f23c02546e879de2b690e822ca8e7d9784b0e69103c2da4676f9e1f62f4cac2e,3ba0ff6ed8e4af670d029a7f058511621c8f85055a78c1c7cecdd9a37424a70a,10115,8685,1430,489,432,509,0,0,0.999,,1e-08,0.005,0.995,,212,elasticnet_cv,False,0.0432876128108306,0.3,212,3,random,212,False,2600.1708422006886,7200.0,4852.725340542198,"[""morgan"", ""ecfp6"", ""fcfp6"", ""layered"", ""atom_pair"", ""topological_torsion"", ""rdk_path"", ""maccs"", ""rdkit"", ""maplight""]","[""morgan"", ""ecfp6"", ""fcfp6"", ""layered"", ""atom_pair"", ""topological_torsion"", ""rdk_path"", ""maccs"", ""rdkit"", ""maplight""]",[],0,8685,/media/volume/AutoQSARdata_300/model_cache/feature_store_parquet,parquet,1797,845,False,/media/volume/AutoQSARdata_300/model_cache/benchmark_feature_matrix_cache/8b8c96eccf5dd09cfb762b0ddcc7d9629bdad55ffe5d85790ee612e7bd35e0f6.pkl,morgan_ecfp6_fcfp6_layered_atom_pair_topological_torsion_rdk_path_maccs_rdkit_maplight__9d9272112e8cc9d9,ChemML MLP (TensorFlow),ChemML deep learning,5.0,random,mse,0.1473768557182107,,,0.6826096479950229,0.3838969337181671,0.2876639596197713,0.9498159788647208,0.1526513015368155,0.1203730565868343,0.980164006084116,0.5617134118070577,0.4713158987814308,0.3495015254143024,0.7599737522170378,0.2221386764441479,0.2078404470084933,0.0900684820080641,0.2979089290165575,2113.0,529.0,2642.0,0.1702617807335806,0.1127588679093707,chemml_mlp_predict,120577.0,chemml_mlp_architecture,1.0,,,,,,,9.0,True,-0.016861323555852098,0.239,,,,,516.68,516.68,model_stage,72.192,17,deep model ChemML MLP (TensorFlow),model,2026-06-24 14:59:12 UTC,,,,,,,,,,,,,,,,,,,,,,,,,,,,,,,,,,,,,,,,,,,,,,,,,,,,,,,,
polaris_adme_fang_perm_1,Polaris ADME benchmark mirror: adme-fang-perm-1,polaris,polaris/adme-fang-perm-1,https://polarishub.io/benchmarks/polaris/adme-fang-perm-1,1B_MPNN_MolGPS-ens_LargeMix,mean_squared_error,0.113,predefined,10,"[{""rank"": ""1"", ""model"": ""1B_MPNN_MolGPS-ens_LargeMix"", ""metric_name"": ""mean_squared_error"", ""metric_value"": ""0.113""}, {""rank"": ""2"", ""model"": ""1B_MPNN_LargeMix-and-Phenomics"", ""metric_name"": ""mean_squared_error"", ""metric_value"": ""0.129""}, {""rank"": ""3"", ""model"": ""CheMeleon"", ""metric_name"": ""mean_squared_error"", ""metric_value"": ""0.161""}, {""rank"": ""4"", ""model"": ""MolEncoder"", ""metric_name"": ""mean_squared_error"", ""metric_value"": ""0.176""}, {""rank"": ""5"", ""model"": ""TabPFNv2-rdkit"", ""metric_name"": ""mean_squared_error"", ""metric_value"": ""0.182""}, {""rank"": ""6"", ""model"": ""adme-fang-PERM-1-GIRAFFE-wae_s"", ""metric_name"": ""mean_squared_error"", ""metric_value"": ""0.203""}, {""rank"": ""7"", ""model"": ""chemlactica-1b-sft"", ""metric_name"": ""mean_squared_error"", ""metric_value"": ""0.232""}, {""rank"": ""8"", ""model"": ""optimized-random-forest-rdkit-descriptors"", ""metric_name"": ""mean_squared_error"", ""metric_value"": ""0.239""}, {""rank"": ""9"", ""model"": ""adme-fang-PERM-1_desc2D_RandomForestRegressor"", ""metric_name"": ""mean_squared_error"", ""metric_value"": ""0.248""}, {""rank"": ""10"", ""model"": ""chemlactica-125m-sft"", ""metric_name"": ""mean_squared_error"", ""metric_value"": ""0.257""}]",2642,2113,529,raw,smiles,target,predefined,f23c02546e879de2b690e822ca8e7d9784b0e69103c2da4676f9e1f62f4cac2e,3ba0ff6ed8e4af670d029a7f058511621c8f85055a78c1c7cecdd9a37424a70a,10115,8685,1430,489,432,509,0,0,0.999,,1e-08,0.005,0.995,,212,elasticnet_cv,False,0.0432876128108306,0.3,212,3,random,212,False,2600.1708422006886,7200.0,4852.725340542198,"[""morgan"", ""ecfp6"", ""fcfp6"", ""layered"", ""atom_pair"", ""topological_torsion"", ""rdk_path"", ""maccs"", ""rdkit"", ""maplight""]","[""morgan"", ""ecfp6"", ""fcfp6"", ""layered"", ""atom_pair"", ""topological_torsion"", ""rdk_path"", ""maccs"", ""rdkit"", ""maplight""]",[],0,8685,/media/volume/AutoQSARdata_300/model_cache/feature_store_parquet,parquet,1797,845,False,/media/volume/AutoQSARdata_300/model_cache/benchmark_feature_matrix_cache/8b8c96eccf5dd09cfb762b0ddcc7d9629bdad55ffe5d85790ee612e7bd35e0f6.pkl,morgan_ecfp6_fcfp6_layered_atom_pair_topological_torsion_rdk_path_maccs_rdkit_maplight__9d9272112e8cc9d9,"Chemprop v2 (D-MPNN, ensemble=3)",Chemprop v2,,,,,,,,,,,,,,,,,,,,,,,,,,,,,,1.0,,,,,,,,,,,,,,,864.041,864.041,model_stage,347.174,18,"deep model Chemprop v2 (D-MPNN, ensemble=3)",model,2026-06-24 15:00:24 UTC,,,,,,,'ascii' codec can't decode byte 0xe2 in position 154: ordinal not in range(128),dmpnn,dmpnn,,,False,0.0,,,,,,,,,,,,,,,,,,,,,,,,,,,,,,,,,,,,,,,,,,,
polaris_adme_fang_perm_1,Polaris ADME benchmark mirror: adme-fang-perm-1,polaris,polaris/adme-fang-perm-1,https://polarishub.io/benchmarks/polaris/adme-fang-perm-1,1B_MPNN_MolGPS-ens_LargeMix,mean_squared_error,0.113,predefined,10,"[{""rank"": ""1"", ""model"": ""1B_MPNN_MolGPS-ens_LargeMix"", ""metric_name"": ""mean_squared_error"", ""metric_value"": ""0.113""}, {""rank"": ""2"", ""model"": ""1B_MPNN_LargeMix-and-Phenomics"", ""metric_name"": ""mean_squared_error"", ""metric_value"": ""0.129""}, {""rank"": ""3"", ""model"": ""CheMeleon"", ""metric_name"": ""mean_squared_error"", ""metric_value"": ""0.161""}, {""rank"": ""4"", ""model"": ""MolEncoder"", ""metric_name"": ""mean_squared_error"", ""metric_value"": ""0.176""}, {""rank"": ""5"", ""model"": ""TabPFNv2-rdkit"", ""metric_name"": ""mean_squared_error"", ""metric_value"": ""0.182""}, {""rank"": ""6"", ""model"": ""adme-fang-PERM-1-GIRAFFE-wae_s"", ""metric_name"": ""mean_squared_error"", ""metric_value"": ""0.203""}, {""rank"": ""7"", ""model"": ""chemlactica-1b-sft"", ""metric_name"": ""mean_squared_error"", ""metric_value"": ""0.232""}, {""rank"": ""8"", ""model"": ""optimized-random-forest-rdkit-descriptors"", ""metric_name"": ""mean_squared_error"", ""metric_value"": ""0.239""}, {""rank"": ""9"", ""model"": ""adme-fang-PERM-1_desc2D_RandomForestRegressor"", ""metric_name"": ""mean_squared_error"", ""metric_value"": ""0.248""}, {""rank"": ""10"", ""model"": ""chemlactica-125m-sft"", ""metric_name"": ""mean_squared_error"", ""metric_value"": ""0.257""}]",2642,2113,529,raw,smiles,target,predefined,f23c02546e879de2b690e822ca8e7d9784b0e69103c2da4676f9e1f62f4cac2e,3ba0ff6ed8e4af670d029a7f058511621c8f85055a78c1c7cecdd9a37424a70a,10115,8685,1430,489,432,509,0,0,0.999,,1e-08,0.005,0.995,,212,elasticnet_cv,False,0.0432876128108306,0.3,212,3,random,212,False,2600.1708422006886,7200.0,4852.725340542198,"[""morgan"", ""ecfp6"", ""fcfp6"", ""layered"", ""atom_pair"", ""topological_torsion"", ""rdk_path"", ""maccs"", ""rdkit"", ""maplight""]","[""morgan"", ""ecfp6"", ""fcfp6"", ""layered"", ""atom_pair"", ""topological_torsion"", ""rdk_path"", ""maccs"", ""rdkit"", ""maplight""]",[],0,8685,/media/volume/AutoQSARdata_300/model_cache/feature_store_parquet,parquet,1797,845,False,/media/volume/AutoQSARdata_300/model_cache/benchmark_feature_matrix_cache/8b8c96eccf5dd09cfb762b0ddcc7d9629bdad55ffe5d85790ee612e7bd35e0f6.pkl,morgan_ecfp6_fcfp6_layered_atom_pair_topological_torsion_rdk_path_maccs_rdkit_maplight__9d9272112e8cc9d9,"Chemprop v2 (D-MPNN + RDKit2D, ensemble=3)",Chemprop v2,,,,,,,,,,,,,,,,,,,,,,,,,,,,,,1.0,,,,,,,,,,,,,,,1207.951,1207.951,model_stage,343.694,19,"deep model Chemprop v2 (D-MPNN + RDKit2D, ensemble=3)",model,2026-06-24 15:06:11 UTC,,,,,,,'ascii' codec can't decode byte 0xe2 in position 162: ordinal not in range(128),dmpnn,dmpnn_rdkit2d,,rdkit_2d,False,0.0,,,,,,,,,,,,,,,,,,,,,,,,,,,,,,,,,,,,,,,,,,,
polaris_adme_fang_perm_1,Polaris ADME benchmark mirror: adme-fang-perm-1,polaris,polaris/adme-fang-perm-1,https://polarishub.io/benchmarks/polaris/adme-fang-perm-1,1B_MPNN_MolGPS-ens_LargeMix,mean_squared_error,0.113,predefined,10,"[{""rank"": ""1"", ""model"": ""1B_MPNN_MolGPS-ens_LargeMix"", ""metric_name"": ""mean_squared_error"", ""metric_value"": ""0.113""}, {""rank"": ""2"", ""model"": ""1B_MPNN_LargeMix-and-Phenomics"", ""metric_name"": ""mean_squared_error"", ""metric_value"": ""0.129""}, {""rank"": ""3"", ""model"": ""CheMeleon"", ""metric_name"": ""mean_squared_error"", ""metric_value"": ""0.161""}, {""rank"": ""4"", ""model"": ""MolEncoder"", ""metric_name"": ""mean_squared_error"", ""metric_value"": ""0.176""}, {""rank"": ""5"", ""model"": ""TabPFNv2-rdkit"", ""metric_name"": ""mean_squared_error"", ""metric_value"": ""0.182""}, {""rank"": ""6"", ""model"": ""adme-fang-PERM-1-GIRAFFE-wae_s"", ""metric_name"": ""mean_squared_error"", ""metric_value"": ""0.203""}, {""rank"": ""7"", ""model"": ""chemlactica-1b-sft"", ""metric_name"": ""mean_squared_error"", ""metric_value"": ""0.232""}, {""rank"": ""8"", ""model"": ""optimized-random-forest-rdkit-descriptors"", ""metric_name"": ""mean_squared_error"", ""metric_value"": ""0.239""}, {""rank"": ""9"", ""model"": ""adme-fang-PERM-1_desc2D_RandomForestRegressor"", ""metric_name"": ""mean_squared_error"", ""metric_value"": ""0.248""}, {""rank"": ""10"", ""model"": ""chemlactica-125m-sft"", ""metric_name"": ""mean_squared_error"", ""metric_value"": ""0.257""}]",2642,2113,529,raw,smiles,target,predefined,f23c02546e879de2b690e822ca8e7d9784b0e69103c2da4676f9e1f62f4cac2e,3ba0ff6ed8e4af670d029a7f058511621c8f85055a78c1c7cecdd9a37424a70a,10115,8685,1430,489,432,509,0,0,0.999,,1e-08,0.005,0.995,,212,elasticnet_cv,False,0.0432876128108306,0.3,212,3,random,212,False,2600.1708422006886,7200.0,4852.725340542198,"[""morgan"", ""ecfp6"", ""fcfp6"", ""layered"", ""atom_pair"", ""topological_torsion"", ""rdk_path"", ""maccs"", ""rdkit"", ""maplight""]","[""morgan"", ""ecfp6"", ""fcfp6"", ""layered"", ""atom_pair"", ""topological_torsion"", ""rdk_path"", ""maccs"", ""rdkit"", ""maplight""]",[],0,8685,/media/volume/AutoQSARdata_300/model_cache/feature_store_parquet,parquet,1797,845,False,/media/volume/AutoQSARdata_300/model_cache/benchmark_feature_matrix_cache/8b8c96eccf5dd09cfb762b0ddcc7d9629bdad55ffe5d85790ee612e7bd35e0f6.pkl,morgan_ecfp6_fcfp6_layered_atom_pair_topological_torsion_rdk_path_maccs_rdkit_maplight__9d9272112e8cc9d9,"Chemprop v2 (CMPNN, ensemble=3)",Chemprop v2,,,,,,,,,,,,,,,,,,,,,,,,,,,,,,1.0,,,,,,,,,,,,,,,1534.941,1534.941,model_stage,326.794,20,"deep model Chemprop v2 (CMPNN, ensemble=3)",model,2026-06-24 15:11:55 UTC,,,,,,,'ascii' codec can't decode byte 0xe2 in position 154: ordinal not in range(128),cmpnn,cmpnn,--atom-messages --undirected,,False,0.0,,,,,,,,,,,,,,,,,,,,,,,,,,,,,,,,,,,,,,,,,,,
polaris_adme_fang_perm_1,Polaris ADME benchmark mirror: adme-fang-perm-1,polaris,polaris/adme-fang-perm-1,https://polarishub.io/benchmarks/polaris/adme-fang-perm-1,1B_MPNN_MolGPS-ens_LargeMix,mean_squared_error,0.113,predefined,10,"[{""rank"": ""1"", ""model"": ""1B_MPNN_MolGPS-ens_LargeMix"", ""metric_name"": ""mean_squared_error"", ""metric_value"": ""0.113""}, {""rank"": ""2"", ""model"": ""1B_MPNN_LargeMix-and-Phenomics"", ""metric_name"": ""mean_squared_error"", ""metric_value"": ""0.129""}, {""rank"": ""3"", ""model"": ""CheMeleon"", ""metric_name"": ""mean_squared_error"", ""metric_value"": ""0.161""}, {""rank"": ""4"", ""model"": ""MolEncoder"", ""metric_name"": ""mean_squared_error"", ""metric_value"": ""0.176""}, {""rank"": ""5"", ""model"": ""TabPFNv2-rdkit"", ""metric_name"": ""mean_squared_error"", ""metric_value"": ""0.182""}, {""rank"": ""6"", ""model"": ""adme-fang-PERM-1-GIRAFFE-wae_s"", ""metric_name"": ""mean_squared_error"", ""metric_value"": ""0.203""}, {""rank"": ""7"", ""model"": ""chemlactica-1b-sft"", ""metric_name"": ""mean_squared_error"", ""metric_value"": ""0.232""}, {""rank"": ""8"", ""model"": ""optimized-random-forest-rdkit-descriptors"", ""metric_name"": ""mean_squared_error"", ""metric_value"": ""0.239""}, {""rank"": ""9"", ""model"": ""adme-fang-PERM-1_desc2D_RandomForestRegressor"", ""metric_name"": ""mean_squared_error"", ""metric_value"": ""0.248""}, {""rank"": ""10"", ""model"": ""chemlactica-125m-sft"", ""metric_name"": ""mean_squared_error"", ""metric_value"": ""0.257""}]",2642,2113,529,raw,smiles,target,predefined,f23c02546e879de2b690e822ca8e7d9784b0e69103c2da4676f9e1f62f4cac2e,3ba0ff6ed8e4af670d029a7f058511621c8f85055a78c1c7cecdd9a37424a70a,10115,8685,1430,489,432,509,0,0,0.999,,1e-08,0.005,0.995,,212,elasticnet_cv,False,0.0432876128108306,0.3,212,3,random,212,False,2600.1708422006886,7200.0,4852.725340542198,"[""morgan"", ""ecfp6"", ""fcfp6"", ""layered"", ""atom_pair"", ""topological_torsion"", ""rdk_path"", ""maccs"", ""rdkit"", ""maplight""]","[""morgan"", ""ecfp6"", ""fcfp6"", ""layered"", ""atom_pair"", ""topological_torsion"", ""rdk_path"", ""maccs"", ""rdkit"", ""maplight""]",[],0,8685,/media/volume/AutoQSARdata_300/model_cache/feature_store_parquet,parquet,1797,845,False,/media/volume/AutoQSARdata_300/model_cache/benchmark_feature_matrix_cache/8b8c96eccf5dd09cfb762b0ddcc7d9629bdad55ffe5d85790ee612e7bd35e0f6.pkl,morgan_ecfp6_fcfp6_layered_atom_pair_topological_torsion_rdk_path_maccs_rdkit_maplight__9d9272112e8cc9d9,"Chemprop v2 (AttentiveFP, ensemble=3)",Chemprop v2,,,,,,,,,,,,,,,,,,,,,,,,,,,,,,1.0,,,,,,,,,,,,,,,1871.338,1871.338,model_stage,336.199,21,"deep model Chemprop v2 (AttentiveFP, ensemble=3)",model,2026-06-24 15:17:22 UTC,,,,,,,'ascii' codec can't decode byte 0xe2 in position 166: ordinal not in range(128),attentivefp,attentivefp,--atom-messages --aggregation norm --aggregation-norm 100 --dropout 0.1,rdkit_2d,False,0.0,,,,,,,,,,,,,,,,,,,,,,,,,,,,,,,,,,,,,,,,,,,
polaris_adme_fang_perm_1,Polaris ADME benchmark mirror: adme-fang-perm-1,polaris,polaris/adme-fang-perm-1,https://polarishub.io/benchmarks/polaris/adme-fang-perm-1,1B_MPNN_MolGPS-ens_LargeMix,mean_squared_error,0.113,predefined,10,"[{""rank"": ""1"", ""model"": ""1B_MPNN_MolGPS-ens_LargeMix"", ""metric_name"": ""mean_squared_error"", ""metric_value"": ""0.113""}, {""rank"": ""2"", ""model"": ""1B_MPNN_LargeMix-and-Phenomics"", ""metric_name"": ""mean_squared_error"", ""metric_value"": ""0.129""}, {""rank"": ""3"", ""model"": ""CheMeleon"", ""metric_name"": ""mean_squared_error"", ""metric_value"": ""0.161""}, {""rank"": ""4"", ""model"": ""MolEncoder"", ""metric_name"": ""mean_squared_error"", ""metric_value"": ""0.176""}, {""rank"": ""5"", ""model"": ""TabPFNv2-rdkit"", ""metric_name"": ""mean_squared_error"", ""metric_value"": ""0.182""}, {""rank"": ""6"", ""model"": ""adme-fang-PERM-1-GIRAFFE-wae_s"", ""metric_name"": ""mean_squared_error"", ""metric_value"": ""0.203""}, {""rank"": ""7"", ""model"": ""chemlactica-1b-sft"", ""metric_name"": ""mean_squared_error"", ""metric_value"": ""0.232""}, {""rank"": ""8"", ""model"": ""optimized-random-forest-rdkit-descriptors"", ""metric_name"": ""mean_squared_error"", ""metric_value"": ""0.239""}, {""rank"": ""9"", ""model"": ""adme-fang-PERM-1_desc2D_RandomForestRegressor"", ""metric_name"": ""mean_squared_error"", ""metric_value"": ""0.248""}, {""rank"": ""10"", ""model"": ""chemlactica-125m-sft"", ""metric_name"": ""mean_squared_error"", ""metric_value"": ""0.257""}]",2642,2113,529,raw,smiles,target,predefined,f23c02546e879de2b690e822ca8e7d9784b0e69103c2da4676f9e1f62f4cac2e,3ba0ff6ed8e4af670d029a7f058511621c8f85055a78c1c7cecdd9a37424a70a,10115,8685,1430,489,432,509,0,0,0.999,,1e-08,0.005,0.995,,212,elasticnet_cv,False,0.0432876128108306,0.3,212,3,random,212,False,2600.1708422006886,7200.0,4852.725340542198,"[""morgan"", ""ecfp6"", ""fcfp6"", ""layered"", ""atom_pair"", ""topological_torsion"", ""rdk_path"", ""maccs"", ""rdkit"", ""maplight""]","[""morgan"", ""ecfp6"", ""fcfp6"", ""layered"", ""atom_pair"", ""topological_torsion"", ""rdk_path"", ""maccs"", ""rdkit"", ""maplight""]",[],0,8685,/media/volume/AutoQSARdata_300/model_cache/feature_store_parquet,parquet,1797,845,False,/media/volume/AutoQSARdata_300/model_cache/benchmark_feature_matrix_cache/8b8c96eccf5dd09cfb762b0ddcc7d9629bdad55ffe5d85790ee612e7bd35e0f6.pkl,morgan_ecfp6_fcfp6_layered_atom_pair_topological_torsion_rdk_path_maccs_rdkit_maplight__9d9272112e8cc9d9,"Chemprop v2 (D-MPNN + Selected descriptors, ensemble=3)",Chemprop v2,,,,,,,,,,,,,,,,,,,,,,,,,,,,,,1.0,,,,,,,,,,,,,,,2206.146,2206.146,model_stage,334.618,22,"deep model Chemprop v2 (D-MPNN + Selected descriptors, ensemble=3)",model,2026-06-24 15:22:59 UTC,,,,,,,'ascii' codec can't decode byte 0xe2 in position 172: ordinal not in range(128),dmpnn,dmpnn_selected_features,,,True,212.0,,,,,,,,,,,,,,,,,,,,,,,,,,,,,,,,,,,,,,,,,,,
polaris_adme_fang_perm_1,Polaris ADME benchmark mirror: adme-fang-perm-1,polaris,polaris/adme-fang-perm-1,https://polarishub.io/benchmarks/polaris/adme-fang-perm-1,1B_MPNN_MolGPS-ens_LargeMix,mean_squared_error,0.113,predefined,10,"[{""rank"": ""1"", ""model"": ""1B_MPNN_MolGPS-ens_LargeMix"", ""metric_name"": ""mean_squared_error"", ""metric_value"": ""0.113""}, {""rank"": ""2"", ""model"": ""1B_MPNN_LargeMix-and-Phenomics"", ""metric_name"": ""mean_squared_error"", ""metric_value"": ""0.129""}, {""rank"": ""3"", ""model"": ""CheMeleon"", ""metric_name"": ""mean_squared_error"", ""metric_value"": ""0.161""}, {""rank"": ""4"", ""model"": ""MolEncoder"", ""metric_name"": ""mean_squared_error"", ""metric_value"": ""0.176""}, {""rank"": ""5"", ""model"": ""TabPFNv2-rdkit"", ""metric_name"": ""mean_squared_error"", ""metric_value"": ""0.182""}, {""rank"": ""6"", ""model"": ""adme-fang-PERM-1-GIRAFFE-wae_s"", ""metric_name"": ""mean_squared_error"", ""metric_value"": ""0.203""}, {""rank"": ""7"", ""model"": ""chemlactica-1b-sft"", ""metric_name"": ""mean_squared_error"", ""metric_value"": ""0.232""}, {""rank"": ""8"", ""model"": ""optimized-random-forest-rdkit-descriptors"", ""metric_name"": ""mean_squared_error"", ""metric_value"": ""0.239""}, {""rank"": ""9"", ""model"": ""adme-fang-PERM-1_desc2D_RandomForestRegressor"", ""metric_name"": ""mean_squared_error"", ""metric_value"": ""0.248""}, {""rank"": ""10"", ""model"": ""chemlactica-125m-sft"", ""metric_name"": ""mean_squared_error"", ""metric_value"": ""0.257""}]",2642,2113,529,raw,smiles,target,predefined,f23c02546e879de2b690e822ca8e7d9784b0e69103c2da4676f9e1f62f4cac2e,3ba0ff6ed8e4af670d029a7f058511621c8f85055a78c1c7cecdd9a37424a70a,10115,8685,1430,489,432,509,0,0,0.999,,1e-08,0.005,0.995,,212,elasticnet_cv,False,0.0432876128108306,0.3,212,3,random,212,False,2600.1708422006886,7200.0,4852.725340542198,"[""morgan"", ""ecfp6"", ""fcfp6"", ""layered"", ""atom_pair"", ""topological_torsion"", ""rdk_path"", ""maccs"", ""rdkit"", ""maplight""]","[""morgan"", ""ecfp6"", ""fcfp6"", ""layered"", ""atom_pair"", ""topological_torsion"", ""rdk_path"", ""maccs"", ""rdkit"", ""maplight""]",[],0,8685,/media/volume/AutoQSARdata_300/model_cache/feature_store_parquet,parquet,1797,845,False,/media/volume/AutoQSARdata_300/model_cache/benchmark_feature_matrix_cache/8b8c96eccf5dd09cfb762b0ddcc7d9629bdad55ffe5d85790ee612e7bd35e0f6.pkl,morgan_ecfp6_fcfp6_layered_atom_pair_topological_torsion_rdk_path_maccs_rdkit_maplight__9d9272112e8cc9d9,Uni-Mol V1,Uni-Mol,,,mse,,,,,,,0.9469761384227944,0.1569110249733106,0.1146478081134918,0.957602647557833,0.6855430347859922,0.3992212119521127,0.2991273451519557,0.8046646152648935,0.1593775760725137,30.723015172989108,11.2874780340062,42.01049320699531,2113.0,529.0,2642.0,21.33738758791342,15.90101938190587,unimol_predict,47331139.0,unimol_checkpoint:model_0.pth,1.0,,,,,,,4.0,True,-0.07962242392748628,0.239,,,,,2545.133,2545.133,model_stage,338.789,23,deep model Uni-Mol V1,model,2026-06-24 15:28:34 UTC,,,,,,,,,,,,,,GPU,benchmark_results/autoqsar_benchmark_20260623_153839/polaris_adme_fang_perm_1/unimol_v1/seed_13,random,20.0,0.0001,32.0,5.0,8.0,,,,,,,,,,,,,,,,,,,,,,,,,,,,,,,,,,,
polaris_adme_fang_perm_1,Polaris ADME benchmark mirror: adme-fang-perm-1,polaris,polaris/adme-fang-perm-1,https://polarishub.io/benchmarks/polaris/adme-fang-perm-1,1B_MPNN_MolGPS-ens_LargeMix,mean_squared_error,0.113,predefined,10,"[{""rank"": ""1"", ""model"": ""1B_MPNN_MolGPS-ens_LargeMix"", ""metric_name"": ""mean_squared_error"", ""metric_value"": ""0.113""}, {""rank"": ""2"", ""model"": ""1B_MPNN_LargeMix-and-Phenomics"", ""metric_name"": ""mean_squared_error"", ""metric_value"": ""0.129""}, {""rank"": ""3"", ""model"": ""CheMeleon"", ""metric_name"": ""mean_squared_error"", ""metric_value"": ""0.161""}, {""rank"": ""4"", ""model"": ""MolEncoder"", ""metric_name"": ""mean_squared_error"", ""metric_value"": ""0.176""}, {""rank"": ""5"", ""model"": ""TabPFNv2-rdkit"", ""metric_name"": ""mean_squared_error"", ""metric_value"": ""0.182""}, {""rank"": ""6"", ""model"": ""adme-fang-PERM-1-GIRAFFE-wae_s"", ""metric_name"": ""mean_squared_error"", ""metric_value"": ""0.203""}, {""rank"": ""7"", ""model"": ""chemlactica-1b-sft"", ""metric_name"": ""mean_squared_error"", ""metric_value"": ""0.232""}, {""rank"": ""8"", ""model"": ""optimized-random-forest-rdkit-descriptors"", ""metric_name"": ""mean_squared_error"", ""metric_value"": ""0.239""}, {""rank"": ""9"", ""model"": ""adme-fang-PERM-1_desc2D_RandomForestRegressor"", ""metric_name"": ""mean_squared_error"", ""metric_value"": ""0.248""}, {""rank"": ""10"", ""model"": ""chemlactica-125m-sft"", ""metric_name"": ""mean_squared_error"", ""metric_value"": ""0.257""}]",2642,2113,529,raw,smiles,target,predefined,f23c02546e879de2b690e822ca8e7d9784b0e69103c2da4676f9e1f62f4cac2e,3ba0ff6ed8e4af670d029a7f058511621c8f85055a78c1c7cecdd9a37424a70a,10115,8685,1430,489,432,509,0,0,0.999,,1e-08,0.005,0.995,,212,elasticnet_cv,False,0.0432876128108306,0.3,212,3,random,212,False,2600.1708422006886,7200.0,4852.725340542198,"[""morgan"", ""ecfp6"", ""fcfp6"", ""layered"", ""atom_pair"", ""topological_torsion"", ""rdk_path"", ""maccs"", ""rdkit"", ""maplight""]","[""morgan"", ""ecfp6"", ""fcfp6"", ""layered"", ""atom_pair"", ""topological_torsion"", ""rdk_path"", ""maccs"", ""rdkit"", ""maplight""]",[],0,8685,/media/volume/AutoQSARdata_300/model_cache/feature_store_parquet,parquet,1797,845,False,/media/volume/AutoQSARdata_300/model_cache/benchmark_feature_matrix_cache/8b8c96eccf5dd09cfb762b0ddcc7d9629bdad55ffe5d85790ee612e7bd35e0f6.pkl,morgan_ecfp6_fcfp6_layered_atom_pair_topological_torsion_rdk_path_maccs_rdkit_maplight__9d9272112e8cc9d9,Uni-Mol V2 (84m),Uni-Mol,,,mse,,,,,,,0.7820930880908658,0.3180923948598045,0.241332887135599,0.8866285577952637,0.6429281806540096,0.4254130297334786,0.3226987778729745,0.8091388165638264,0.1809762458670175,109.5455962010019,36.53975547199661,146.0853516729985,2113.0,529.0,2642.0,69.07326176180835,55.29347148864441,unimol_predict,83426417.0,unimol_checkpoint:model_0.pth,1.0,,,,,,,7.0,True,-0.0580237541329825,0.239,,,,,4191.941,4191.941,model_stage,1643.751,24,deep model Uni-Mol V2 (84m),model,2026-06-24 15:34:15 UTC,,,,,,,,,,,,,,GPU,benchmark_results/autoqsar_benchmark_20260623_153839/polaris_adme_fang_perm_1/unimol_v2/84m_seed_13,random,20.0,0.0001,32.0,5.0,8.0,84m,64.0,True,,,,,,,,,,,,,,,,,,,,,,,,,,,,,,,,
polaris_adme_fang_perm_1,Polaris ADME benchmark mirror: adme-fang-perm-1,polaris,polaris/adme-fang-perm-1,https://polarishub.io/benchmarks/polaris/adme-fang-perm-1,1B_MPNN_MolGPS-ens_LargeMix,mean_squared_error,0.113,predefined,10,"[{""rank"": ""1"", ""model"": ""1B_MPNN_MolGPS-ens_LargeMix"", ""metric_name"": ""mean_squared_error"", ""metric_value"": ""0.113""}, {""rank"": ""2"", ""model"": ""1B_MPNN_LargeMix-and-Phenomics"", ""metric_name"": ""mean_squared_error"", ""metric_value"": ""0.129""}, {""rank"": ""3"", ""model"": ""CheMeleon"", ""metric_name"": ""mean_squared_error"", ""metric_value"": ""0.161""}, {""rank"": ""4"", ""model"": ""MolEncoder"", ""metric_name"": ""mean_squared_error"", ""metric_value"": ""0.176""}, {""rank"": ""5"", ""model"": ""TabPFNv2-rdkit"", ""metric_name"": ""mean_squared_error"", ""metric_value"": ""0.182""}, {""rank"": ""6"", ""model"": ""adme-fang-PERM-1-GIRAFFE-wae_s"", ""metric_name"": ""mean_squared_error"", ""metric_value"": ""0.203""}, {""rank"": ""7"", ""model"": ""chemlactica-1b-sft"", ""metric_name"": ""mean_squared_error"", ""metric_value"": ""0.232""}, {""rank"": ""8"", ""model"": ""optimized-random-forest-rdkit-descriptors"", ""metric_name"": ""mean_squared_error"", ""metric_value"": ""0.239""}, {""rank"": ""9"", ""model"": ""adme-fang-PERM-1_desc2D_RandomForestRegressor"", ""metric_name"": ""mean_squared_error"", ""metric_value"": ""0.248""}, {""rank"": ""10"", ""model"": ""chemlactica-125m-sft"", ""metric_name"": ""mean_squared_error"", ""metric_value"": ""0.257""}]",2642,2113,529,raw,smiles,target,predefined,f23c02546e879de2b690e822ca8e7d9784b0e69103c2da4676f9e1f62f4cac2e,3ba0ff6ed8e4af670d029a7f058511621c8f85055a78c1c7cecdd9a37424a70a,10115,8685,1430,489,432,509,0,0,0.999,,1e-08,0.005,0.995,,212,elasticnet_cv,False,0.0432876128108306,0.3,212,3,random,212,False,2600.1708422006886,7200.0,4852.725340542198,"[""morgan"", ""ecfp6"", ""fcfp6"", ""layered"", ""atom_pair"", ""topological_torsion"", ""rdk_path"", ""maccs"", ""rdkit"", ""maplight""]","[""morgan"", ""ecfp6"", ""fcfp6"", ""layered"", ""atom_pair"", ""topological_torsion"", ""rdk_path"", ""maccs"", ""rdkit"", ""maplight""]",[],0,8685,/media/volume/AutoQSARdata_300/model_cache/feature_store_parquet,parquet,1797,845,False,/media/volume/AutoQSARdata_300/model_cache/benchmark_feature_matrix_cache/8b8c96eccf5dd09cfb762b0ddcc7d9629bdad55ffe5d85790ee612e7bd35e0f6.pkl,morgan_ecfp6_fcfp6_layered_atom_pair_topological_torsion_rdk_path_maccs_rdkit_maplight__9d9272112e8cc9d9,"MapLight + GNN (CatBoost, Strict Parity)",MapLight + GNN,5.0,seed_ensemble_no_cv,mae,,32.0,,,,,0.8698232604968194,0.2458580754385467,0.1387858317716305,0.9463446961678332,0.6304184336315581,0.4328008950445863,0.3197678393135054,0.7926221681090247,0.3197678393135054,,,,,,,,,,,,1.0,mse,,,True,,,,,,,,,,,4329.639,4329.639,model_stage,137.478,25,"deep model MapLight + GNN (CatBoost, Strict Parity)",model,2026-06-24 16:01:39 UTC,strict,5.0,"1,2,3,4,5",MAE,StandardScaler,direct_maplight_classic_plus_gnn_no_dedup,,,,,,,,,,,,,,,,,,,dgllife-direct,gin_supervised_masking,,,,,,,,,,,,,,,,,,,,,,,,,,,,,,
polaris_adme_fang_perm_1,Polaris ADME benchmark mirror: adme-fang-perm-1,polaris,polaris/adme-fang-perm-1,https://polarishub.io/benchmarks/polaris/adme-fang-perm-1,1B_MPNN_MolGPS-ens_LargeMix,mean_squared_error,0.113,predefined,10,"[{""rank"": ""1"", ""model"": ""1B_MPNN_MolGPS-ens_LargeMix"", ""metric_name"": ""mean_squared_error"", ""metric_value"": ""0.113""}, {""rank"": ""2"", ""model"": ""1B_MPNN_LargeMix-and-Phenomics"", ""metric_name"": ""mean_squared_error"", ""metric_value"": ""0.129""}, {""rank"": ""3"", ""model"": ""CheMeleon"", ""metric_name"": ""mean_squared_error"", ""metric_value"": ""0.161""}, {""rank"": ""4"", ""model"": ""MolEncoder"", ""metric_name"": ""mean_squared_error"", ""metric_value"": ""0.176""}, {""rank"": ""5"", ""model"": ""TabPFNv2-rdkit"", ""metric_name"": ""mean_squared_error"", ""metric_value"": ""0.182""}, {""rank"": ""6"", ""model"": ""adme-fang-PERM-1-GIRAFFE-wae_s"", ""metric_name"": ""mean_squared_error"", ""metric_value"": ""0.203""}, {""rank"": ""7"", ""model"": ""chemlactica-1b-sft"", ""metric_name"": ""mean_squared_error"", ""metric_value"": ""0.232""}, {""rank"": ""8"", ""model"": ""optimized-random-forest-rdkit-descriptors"", ""metric_name"": ""mean_squared_error"", ""metric_value"": ""0.239""}, {""rank"": ""9"", ""model"": ""adme-fang-PERM-1_desc2D_RandomForestRegressor"", ""metric_name"": ""mean_squared_error"", ""metric_value"": ""0.248""}, {""rank"": ""10"", ""model"": ""chemlactica-125m-sft"", ""metric_name"": ""mean_squared_error"", ""metric_value"": ""0.257""}]",2642,2113,529,raw,smiles,target,predefined,f23c02546e879de2b690e822ca8e7d9784b0e69103c2da4676f9e1f62f4cac2e,3ba0ff6ed8e4af670d029a7f058511621c8f85055a78c1c7cecdd9a37424a70a,10115,8685,1430,489,432,509,0,0,0.999,,1e-08,0.005,0.995,,212,elasticnet_cv,False,0.0432876128108306,0.3,212,3,random,212,False,2600.1708422006886,7200.0,4852.725340542198,"[""morgan"", ""ecfp6"", ""fcfp6"", ""layered"", ""atom_pair"", ""topological_torsion"", ""rdk_path"", ""maccs"", ""rdkit"", ""maplight""]","[""morgan"", ""ecfp6"", ""fcfp6"", ""layered"", ""atom_pair"", ""topological_torsion"", ""rdk_path"", ""maccs"", ""rdkit"", ""maplight""]",[],0,8685,/media/volume/AutoQSARdata_300/model_cache/feature_store_parquet,parquet,1797,845,False,/media/volume/AutoQSARdata_300/model_cache/benchmark_feature_matrix_cache/8b8c96eccf5dd09cfb762b0ddcc7d9629bdad55ffe5d85790ee612e7bd35e0f6.pkl,morgan_ecfp6_fcfp6_layered_atom_pair_topological_torsion_rdk_path_maccs_rdkit_maplight__9d9272112e8cc9d9,CFA (Combinatorial Fusion),cfa,,,mse,,,,,,,0.984258579172939,0.0854948092168716,0.0642403336333264,0.9876741193635952,0.6622344720429747,0.4137525289001725,0.3086862687002611,0.803469846663662,0.171191155171288,,,,,,,,,,,,1.0,mse,0.113,0.058191155171288,True,0.113,0.058191155171288,6.0,True,-0.067808844828712,0.239,,,,,4329.924,4329.924,model_stage,0.048,26,CFA combinatorial fusion,model,2026-06-24 16:03:57 UTC,,,,,,,,,,,,,,,,,,,,,,,,,,,score_wcds,score,mae,0.0642403336333264,0.0642403336333264,0.0013726978191094,ChemML MLP (PyTorch); Uni-Mol V1,"{""ChemML MLP (PyTorch)"": 0.64199497349223, ""Uni-Mol V1"": 0.35800502650776994}",66.0,4.0,True,"Conventional ML: MapLight CatBoost (Strict Parity) (mae=0.3254); ChemML deep learning: ChemML MLP (PyTorch) (mae=0.3434); Uni-Mol: Uni-Mol V1 (mae=0.2991); MapLight + GNN: MapLight + GNN (CatBoost, Strict Parity) (mae=0.3198)",4.0,4.0,250000.0,11.0,66.0,,,,,,,,,,,,,
polaris_adme_fang_perm_1,Polaris ADME benchmark mirror: adme-fang-perm-1,polaris,polaris/adme-fang-perm-1,https://polarishub.io/benchmarks/polaris/adme-fang-perm-1,1B_MPNN_MolGPS-ens_LargeMix,mean_squared_error,0.113,predefined,10,"[{""rank"": ""1"", ""model"": ""1B_MPNN_MolGPS-ens_LargeMix"", ""metric_name"": ""mean_squared_error"", ""metric_value"": ""0.113""}, {""rank"": ""2"", ""model"": ""1B_MPNN_LargeMix-and-Phenomics"", ""metric_name"": ""mean_squared_error"", ""metric_value"": ""0.129""}, {""rank"": ""3"", ""model"": ""CheMeleon"", ""metric_name"": ""mean_squared_error"", ""metric_value"": ""0.161""}, {""rank"": ""4"", ""model"": ""MolEncoder"", ""metric_name"": ""mean_squared_error"", ""metric_value"": ""0.176""}, {""rank"": ""5"", ""model"": ""TabPFNv2-rdkit"", ""metric_name"": ""mean_squared_error"", ""metric_value"": ""0.182""}, {""rank"": ""6"", ""model"": ""adme-fang-PERM-1-GIRAFFE-wae_s"", ""metric_name"": ""mean_squared_error"", ""metric_value"": ""0.203""}, {""rank"": ""7"", ""model"": ""chemlactica-1b-sft"", ""metric_name"": ""mean_squared_error"", ""metric_value"": ""0.232""}, {""rank"": ""8"", ""model"": ""optimized-random-forest-rdkit-descriptors"", ""metric_name"": ""mean_squared_error"", ""metric_value"": ""0.239""}, {""rank"": ""9"", ""model"": ""adme-fang-PERM-1_desc2D_RandomForestRegressor"", ""metric_name"": ""mean_squared_error"", ""metric_value"": ""0.248""}, {""rank"": ""10"", ""model"": ""chemlactica-125m-sft"", ""metric_name"": ""mean_squared_error"", ""metric_value"": ""0.257""}]",2642,2113,529,raw,smiles,target,predefined,f23c02546e879de2b690e822ca8e7d9784b0e69103c2da4676f9e1f62f4cac2e,3ba0ff6ed8e4af670d029a7f058511621c8f85055a78c1c7cecdd9a37424a70a,10115,8685,1430,489,432,509,0,0,0.999,,1e-08,0.005,0.995,,212,elasticnet_cv,False,0.0432876128108306,0.3,212,3,random,212,False,2600.1708422006886,7200.0,4852.725340542198,"[""morgan"", ""ecfp6"", ""fcfp6"", ""layered"", ""atom_pair"", ""topological_torsion"", ""rdk_path"", ""maccs"", ""rdkit"", ""maplight""]","[""morgan"", ""ecfp6"", ""fcfp6"", ""layered"", ""atom_pair"", ""topological_torsion"", ""rdk_path"", ""maccs"", ""rdkit"", ""maplight""]",[],0,8685,/media/volume/AutoQSARdata_300/model_cache/feature_store_parquet,parquet,1797,845,False,/media/volume/AutoQSARdata_300/model_cache/benchmark_feature_matrix_cache/8b8c96eccf5dd09cfb762b0ddcc7d9629bdad55ffe5d85790ee612e7bd35e0f6.pkl,morgan_ecfp6_fcfp6_layered_atom_pair_topological_torsion_rdk_path_maccs_rdkit_maplight__9d9272112e8cc9d9,"Chemprop v2 (D-MPNN, ensemble=3)",Chemprop v2,,,,,,,,,,,,,,,,,,,,,,,,,,,,,,1.0,,,,,,,,,,,,,,,375.312,375.312,model_stage,351.343,18,"deep model Chemprop v2 (D-MPNN, ensemble=3)",model,2026-06-26 04:30:03 UTC,,,,,,,'ascii' codec can't decode byte 0xe2 in position 154: ordinal not in range(128),dmpnn,dmpnn,,,False,0.0,,,,,,,,,,,,,,,,,,,,,,,,,,,,,,,,,,,,,,,,,,,
polaris_adme_fang_perm_1,Polaris ADME benchmark mirror: adme-fang-perm-1,polaris,polaris/adme-fang-perm-1,https://polarishub.io/benchmarks/polaris/adme-fang-perm-1,1B_MPNN_MolGPS-ens_LargeMix,mean_squared_error,0.113,predefined,10,"[{""rank"": ""1"", ""model"": ""1B_MPNN_MolGPS-ens_LargeMix"", ""metric_name"": ""mean_squared_error"", ""metric_value"": ""0.113""}, {""rank"": ""2"", ""model"": ""1B_MPNN_LargeMix-and-Phenomics"", ""metric_name"": ""mean_squared_error"", ""metric_value"": ""0.129""}, {""rank"": ""3"", ""model"": ""CheMeleon"", ""metric_name"": ""mean_squared_error"", ""metric_value"": ""0.161""}, {""rank"": ""4"", ""model"": ""MolEncoder"", ""metric_name"": ""mean_squared_error"", ""metric_value"": ""0.176""}, {""rank"": ""5"", ""model"": ""TabPFNv2-rdkit"", ""metric_name"": ""mean_squared_error"", ""metric_value"": ""0.182""}, {""rank"": ""6"", ""model"": ""adme-fang-PERM-1-GIRAFFE-wae_s"", ""metric_name"": ""mean_squared_error"", ""metric_value"": ""0.203""}, {""rank"": ""7"", ""model"": ""chemlactica-1b-sft"", ""metric_name"": ""mean_squared_error"", ""metric_value"": ""0.232""}, {""rank"": ""8"", ""model"": ""optimized-random-forest-rdkit-descriptors"", ""metric_name"": ""mean_squared_error"", ""metric_value"": ""0.239""}, {""rank"": ""9"", ""model"": ""adme-fang-PERM-1_desc2D_RandomForestRegressor"", ""metric_name"": ""mean_squared_error"", ""metric_value"": ""0.248""}, {""rank"": ""10"", ""model"": ""chemlactica-125m-sft"", ""metric_name"": ""mean_squared_error"", ""metric_value"": ""0.257""}]",2642,2113,529,raw,smiles,target,predefined,f23c02546e879de2b690e822ca8e7d9784b0e69103c2da4676f9e1f62f4cac2e,3ba0ff6ed8e4af670d029a7f058511621c8f85055a78c1c7cecdd9a37424a70a,10115,8685,1430,489,432,509,0,0,0.999,,1e-08,0.005,0.995,,212,elasticnet_cv,False,0.0432876128108306,0.3,212,3,random,212,False,2600.1708422006886,7200.0,4852.725340542198,"[""morgan"", ""ecfp6"", ""fcfp6"", ""layered"", ""atom_pair"", ""topological_torsion"", ""rdk_path"", ""maccs"", ""rdkit"", ""maplight""]","[""morgan"", ""ecfp6"", ""fcfp6"", ""layered"", ""atom_pair"", ""topological_torsion"", ""rdk_path"", ""maccs"", ""rdkit"", ""maplight""]",[],0,8685,/media/volume/AutoQSARdata_300/model_cache/feature_store_parquet,parquet,1797,845,False,/media/volume/AutoQSARdata_300/model_cache/benchmark_feature_matrix_cache/8b8c96eccf5dd09cfb762b0ddcc7d9629bdad55ffe5d85790ee612e7bd35e0f6.pkl,morgan_ecfp6_fcfp6_layered_atom_pair_topological_torsion_rdk_path_maccs_rdkit_maplight__9d9272112e8cc9d9,"Chemprop v2 (D-MPNN + RDKit2D, ensemble=3)",Chemprop v2,,,,,,,,,,,,,,,,,,,,,,,,,,,,,,1.0,,,,,,,,,,,,,,,746.238,746.238,model_stage,370.662,19,"deep model Chemprop v2 (D-MPNN + RDKit2D, ensemble=3)",model,2026-06-26 04:35:54 UTC,,,,,,,'ascii' codec can't decode byte 0xe2 in position 162: ordinal not in range(128),dmpnn,dmpnn_rdkit2d,,rdkit_2d,False,0.0,,,,,,,,,,,,,,,,,,,,,,,,,,,,,,,,,,,,,,,,,,,
polaris_adme_fang_perm_1,Polaris ADME benchmark mirror: adme-fang-perm-1,polaris,polaris/adme-fang-perm-1,https://polarishub.io/benchmarks/polaris/adme-fang-perm-1,1B_MPNN_MolGPS-ens_LargeMix,mean_squared_error,0.113,predefined,10,"[{""rank"": ""1"", ""model"": ""1B_MPNN_MolGPS-ens_LargeMix"", ""metric_name"": ""mean_squared_error"", ""metric_value"": ""0.113""}, {""rank"": ""2"", ""model"": ""1B_MPNN_LargeMix-and-Phenomics"", ""metric_name"": ""mean_squared_error"", ""metric_value"": ""0.129""}, {""rank"": ""3"", ""model"": ""CheMeleon"", ""metric_name"": ""mean_squared_error"", ""metric_value"": ""0.161""}, {""rank"": ""4"", ""model"": ""MolEncoder"", ""metric_name"": ""mean_squared_error"", ""metric_value"": ""0.176""}, {""rank"": ""5"", ""model"": ""TabPFNv2-rdkit"", ""metric_name"": ""mean_squared_error"", ""metric_value"": ""0.182""}, {""rank"": ""6"", ""model"": ""adme-fang-PERM-1-GIRAFFE-wae_s"", ""metric_name"": ""mean_squared_error"", ""metric_value"": ""0.203""}, {""rank"": ""7"", ""model"": ""chemlactica-1b-sft"", ""metric_name"": ""mean_squared_error"", ""metric_value"": ""0.232""}, {""rank"": ""8"", ""model"": ""optimized-random-forest-rdkit-descriptors"", ""metric_name"": ""mean_squared_error"", ""metric_value"": ""0.239""}, {""rank"": ""9"", ""model"": ""adme-fang-PERM-1_desc2D_RandomForestRegressor"", ""metric_name"": ""mean_squared_error"", ""metric_value"": ""0.248""}, {""rank"": ""10"", ""model"": ""chemlactica-125m-sft"", ""metric_name"": ""mean_squared_error"", ""metric_value"": ""0.257""}]",2642,2113,529,raw,smiles,target,predefined,f23c02546e879de2b690e822ca8e7d9784b0e69103c2da4676f9e1f62f4cac2e,3ba0ff6ed8e4af670d029a7f058511621c8f85055a78c1c7cecdd9a37424a70a,10115,8685,1430,489,432,509,0,0,0.999,,1e-08,0.005,0.995,,212,elasticnet_cv,False,0.0432876128108306,0.3,212,3,random,212,False,2600.1708422006886,7200.0,4852.725340542198,"[""morgan"", ""ecfp6"", ""fcfp6"", ""layered"", ""atom_pair"", ""topological_torsion"", ""rdk_path"", ""maccs"", ""rdkit"", ""maplight""]","[""morgan"", ""ecfp6"", ""fcfp6"", ""layered"", ""atom_pair"", ""topological_torsion"", ""rdk_path"", ""maccs"", ""rdkit"", ""maplight""]",[],0,8685,/media/volume/AutoQSARdata_300/model_cache/feature_store_parquet,parquet,1797,845,False,/media/volume/AutoQSARdata_300/model_cache/benchmark_feature_matrix_cache/8b8c96eccf5dd09cfb762b0ddcc7d9629bdad55ffe5d85790ee612e7bd35e0f6.pkl,morgan_ecfp6_fcfp6_layered_atom_pair_topological_torsion_rdk_path_maccs_rdkit_maplight__9d9272112e8cc9d9,"Chemprop v2 (CMPNN, ensemble=3)",Chemprop v2,,,,,,,,,,,,,,,,,,,,,,,,,,,,,,1.0,,,,,,,,,,,,,,,1092.848,1092.848,model_stage,346.354,20,"deep model Chemprop v2 (CMPNN, ensemble=3)",model,2026-06-26 04:42:05 UTC,,,,,,,'ascii' codec can't decode byte 0xe2 in position 154: ordinal not in range(128),cmpnn,cmpnn,--atom-messages --undirected,,False,0.0,,,,,,,,,,,,,,,,,,,,,,,,,,,,,,,,,,,,,,,,,,,
polaris_adme_fang_perm_1,Polaris ADME benchmark mirror: adme-fang-perm-1,polaris,polaris/adme-fang-perm-1,https://polarishub.io/benchmarks/polaris/adme-fang-perm-1,1B_MPNN_MolGPS-ens_LargeMix,mean_squared_error,0.113,predefined,10,"[{""rank"": ""1"", ""model"": ""1B_MPNN_MolGPS-ens_LargeMix"", ""metric_name"": ""mean_squared_error"", ""metric_value"": ""0.113""}, {""rank"": ""2"", ""model"": ""1B_MPNN_LargeMix-and-Phenomics"", ""metric_name"": ""mean_squared_error"", ""metric_value"": ""0.129""}, {""rank"": ""3"", ""model"": ""CheMeleon"", ""metric_name"": ""mean_squared_error"", ""metric_value"": ""0.161""}, {""rank"": ""4"", ""model"": ""MolEncoder"", ""metric_name"": ""mean_squared_error"", ""metric_value"": ""0.176""}, {""rank"": ""5"", ""model"": ""TabPFNv2-rdkit"", ""metric_name"": ""mean_squared_error"", ""metric_value"": ""0.182""}, {""rank"": ""6"", ""model"": ""adme-fang-PERM-1-GIRAFFE-wae_s"", ""metric_name"": ""mean_squared_error"", ""metric_value"": ""0.203""}, {""rank"": ""7"", ""model"": ""chemlactica-1b-sft"", ""metric_name"": ""mean_squared_error"", ""metric_value"": ""0.232""}, {""rank"": ""8"", ""model"": ""optimized-random-forest-rdkit-descriptors"", ""metric_name"": ""mean_squared_error"", ""metric_value"": ""0.239""}, {""rank"": ""9"", ""model"": ""adme-fang-PERM-1_desc2D_RandomForestRegressor"", ""metric_name"": ""mean_squared_error"", ""metric_value"": ""0.248""}, {""rank"": ""10"", ""model"": ""chemlactica-125m-sft"", ""metric_name"": ""mean_squared_error"", ""metric_value"": ""0.257""}]",2642,2113,529,raw,smiles,target,predefined,f23c02546e879de2b690e822ca8e7d9784b0e69103c2da4676f9e1f62f4cac2e,3ba0ff6ed8e4af670d029a7f058511621c8f85055a78c1c7cecdd9a37424a70a,10115,8685,1430,489,432,509,0,0,0.999,,1e-08,0.005,0.995,,212,elasticnet_cv,False,0.0432876128108306,0.3,212,3,random,212,False,2600.1708422006886,7200.0,4852.725340542198,"[""morgan"", ""ecfp6"", ""fcfp6"", ""layered"", ""atom_pair"", ""topological_torsion"", ""rdk_path"", ""maccs"", ""rdkit"", ""maplight""]","[""morgan"", ""ecfp6"", ""fcfp6"", ""layered"", ""atom_pair"", ""topological_torsion"", ""rdk_path"", ""maccs"", ""rdkit"", ""maplight""]",[],0,8685,/media/volume/AutoQSARdata_300/model_cache/feature_store_parquet,parquet,1797,845,False,/media/volume/AutoQSARdata_300/model_cache/benchmark_feature_matrix_cache/8b8c96eccf5dd09cfb762b0ddcc7d9629bdad55ffe5d85790ee612e7bd35e0f6.pkl,morgan_ecfp6_fcfp6_layered_atom_pair_topological_torsion_rdk_path_maccs_rdkit_maplight__9d9272112e8cc9d9,"Chemprop v2 (AttentiveFP, ensemble=3)",Chemprop v2,,,,,,,,,,,,,,,,,,,,,,,,,,,,,,1.0,,,,,,,,,,,,,,,1476.233,1476.233,model_stage,383.131,21,"deep model Chemprop v2 (AttentiveFP, ensemble=3)",model,2026-06-26 04:47:52 UTC,,,,,,,'ascii' codec can't decode byte 0xe2 in position 166: ordinal not in range(128),attentivefp,attentivefp,--atom-messages --aggregation norm --aggregation-norm 100 --dropout 0.1,rdkit_2d,False,0.0,,,,,,,,,,,,,,,,,,,,,,,,,,,,,,,,,,,,,,,,,,,
polaris_adme_fang_perm_1,Polaris ADME benchmark mirror: adme-fang-perm-1,polaris,polaris/adme-fang-perm-1,https://polarishub.io/benchmarks/polaris/adme-fang-perm-1,1B_MPNN_MolGPS-ens_LargeMix,mean_squared_error,0.113,predefined,10,"[{""rank"": ""1"", ""model"": ""1B_MPNN_MolGPS-ens_LargeMix"", ""metric_name"": ""mean_squared_error"", ""metric_value"": ""0.113""}, {""rank"": ""2"", ""model"": ""1B_MPNN_LargeMix-and-Phenomics"", ""metric_name"": ""mean_squared_error"", ""metric_value"": ""0.129""}, {""rank"": ""3"", ""model"": ""CheMeleon"", ""metric_name"": ""mean_squared_error"", ""metric_value"": ""0.161""}, {""rank"": ""4"", ""model"": ""MolEncoder"", ""metric_name"": ""mean_squared_error"", ""metric_value"": ""0.176""}, {""rank"": ""5"", ""model"": ""TabPFNv2-rdkit"", ""metric_name"": ""mean_squared_error"", ""metric_value"": ""0.182""}, {""rank"": ""6"", ""model"": ""adme-fang-PERM-1-GIRAFFE-wae_s"", ""metric_name"": ""mean_squared_error"", ""metric_value"": ""0.203""}, {""rank"": ""7"", ""model"": ""chemlactica-1b-sft"", ""metric_name"": ""mean_squared_error"", ""metric_value"": ""0.232""}, {""rank"": ""8"", ""model"": ""optimized-random-forest-rdkit-descriptors"", ""metric_name"": ""mean_squared_error"", ""metric_value"": ""0.239""}, {""rank"": ""9"", ""model"": ""adme-fang-PERM-1_desc2D_RandomForestRegressor"", ""metric_name"": ""mean_squared_error"", ""metric_value"": ""0.248""}, {""rank"": ""10"", ""model"": ""chemlactica-125m-sft"", ""metric_name"": ""mean_squared_error"", ""metric_value"": ""0.257""}]",2642,2113,529,raw,smiles,target,predefined,f23c02546e879de2b690e822ca8e7d9784b0e69103c2da4676f9e1f62f4cac2e,3ba0ff6ed8e4af670d029a7f058511621c8f85055a78c1c7cecdd9a37424a70a,10115,8685,1430,489,432,509,0,0,0.999,,1e-08,0.005,0.995,,212,elasticnet_cv,False,0.0432876128108306,0.3,212,3,random,212,False,2600.1708422006886,7200.0,4852.725340542198,"[""morgan"", ""ecfp6"", ""fcfp6"", ""layered"", ""atom_pair"", ""topological_torsion"", ""rdk_path"", ""maccs"", ""rdkit"", ""maplight""]","[""morgan"", ""ecfp6"", ""fcfp6"", ""layered"", ""atom_pair"", ""topological_torsion"", ""rdk_path"", ""maccs"", ""rdkit"", ""maplight""]",[],0,8685,/media/volume/AutoQSARdata_300/model_cache/feature_store_parquet,parquet,1797,845,False,/media/volume/AutoQSARdata_300/model_cache/benchmark_feature_matrix_cache/8b8c96eccf5dd09cfb762b0ddcc7d9629bdad55ffe5d85790ee612e7bd35e0f6.pkl,morgan_ecfp6_fcfp6_layered_atom_pair_topological_torsion_rdk_path_maccs_rdkit_maplight__9d9272112e8cc9d9,"Chemprop v2 (D-MPNN + Selected descriptors, ensemble=3)",Chemprop v2,,,,,,,,,,,,,,,,,,,,,,,,,,,,,,1.0,,,,,,,,,,,,,,,1835.131,1835.131,model_stage,358.644,22,"deep model Chemprop v2 (D-MPNN + Selected descriptors, ensemble=3)",model,2026-06-26 04:54:15 UTC,,,,,,,'ascii' codec can't decode byte 0xe2 in position 172: ordinal not in range(128),dmpnn,dmpnn_selected_features,,,True,212.0,,,,,,,,,,,,,,,,,,,,,,,,,,,,,,,,,,,,,,,,,,,
polaris_adme_fang_perm_1,Polaris ADME benchmark mirror: adme-fang-perm-1,polaris,polaris/adme-fang-perm-1,https://polarishub.io/benchmarks/polaris/adme-fang-perm-1,1B_MPNN_MolGPS-ens_LargeMix,mean_squared_error,0.113,predefined,10,"[{""rank"": ""1"", ""model"": ""1B_MPNN_MolGPS-ens_LargeMix"", ""metric_name"": ""mean_squared_error"", ""metric_value"": ""0.113""}, {""rank"": ""2"", ""model"": ""1B_MPNN_LargeMix-and-Phenomics"", ""metric_name"": ""mean_squared_error"", ""metric_value"": ""0.129""}, {""rank"": ""3"", ""model"": ""CheMeleon"", ""metric_name"": ""mean_squared_error"", ""metric_value"": ""0.161""}, {""rank"": ""4"", ""model"": ""MolEncoder"", ""metric_name"": ""mean_squared_error"", ""metric_value"": ""0.176""}, {""rank"": ""5"", ""model"": ""TabPFNv2-rdkit"", ""metric_name"": ""mean_squared_error"", ""metric_value"": ""0.182""}, {""rank"": ""6"", ""model"": ""adme-fang-PERM-1-GIRAFFE-wae_s"", ""metric_name"": ""mean_squared_error"", ""metric_value"": ""0.203""}, {""rank"": ""7"", ""model"": ""chemlactica-1b-sft"", ""metric_name"": ""mean_squared_error"", ""metric_value"": ""0.232""}, {""rank"": ""8"", ""model"": ""optimized-random-forest-rdkit-descriptors"", ""metric_name"": ""mean_squared_error"", ""metric_value"": ""0.239""}, {""rank"": ""9"", ""model"": ""adme-fang-PERM-1_desc2D_RandomForestRegressor"", ""metric_name"": ""mean_squared_error"", ""metric_value"": ""0.248""}, {""rank"": ""10"", ""model"": ""chemlactica-125m-sft"", ""metric_name"": ""mean_squared_error"", ""metric_value"": ""0.257""}]",2642,2113,529,raw,smiles,target,predefined,f23c02546e879de2b690e822ca8e7d9784b0e69103c2da4676f9e1f62f4cac2e,3ba0ff6ed8e4af670d029a7f058511621c8f85055a78c1c7cecdd9a37424a70a,10115,8685,1430,489,432,509,0,0,0.999,,1e-08,0.005,0.995,,212,elasticnet_cv,False,0.0432876128108306,0.3,212,3,random,212,False,2600.1708422006886,7200.0,4852.725340542198,"[""morgan"", ""ecfp6"", ""fcfp6"", ""layered"", ""atom_pair"", ""topological_torsion"", ""rdk_path"", ""maccs"", ""rdkit"", ""maplight""]","[""morgan"", ""ecfp6"", ""fcfp6"", ""layered"", ""atom_pair"", ""topological_torsion"", ""rdk_path"", ""maccs"", ""rdkit"", ""maplight""]",[],0,8685,/media/volume/AutoQSARdata_300/model_cache/feature_store_parquet,parquet,1797,845,False,/media/volume/AutoQSARdata_300/model_cache/benchmark_feature_matrix_cache/8b8c96eccf5dd09cfb762b0ddcc7d9629bdad55ffe5d85790ee612e7bd35e0f6.pkl,morgan_ecfp6_fcfp6_layered_atom_pair_topological_torsion_rdk_path_maccs_rdkit_maplight__9d9272112e8cc9d9,"Chemprop v2 (D-MPNN, ensemble=3)",Chemprop v2,,,,,,,,,,,,,,,,,,,,,,,,,,,,,,1.0,,,,,,,,,,,,,,,319.659,319.659,model_stage,296.169,18,"deep model Chemprop v2 (D-MPNN, ensemble=3)",model,2026-06-30 00:46:47 UTC,,,,,,,'ascii' codec can't decode byte 0xe2 in position 154: ordinal not in range(128),dmpnn,dmpnn,,,False,0.0,,,,,,,,,,,,,,,,,,,,,,,,,,,,,,,,,,,,,,,,,,,
polaris_adme_fang_perm_1,Polaris ADME benchmark mirror: adme-fang-perm-1,polaris,polaris/adme-fang-perm-1,https://polarishub.io/benchmarks/polaris/adme-fang-perm-1,1B_MPNN_MolGPS-ens_LargeMix,mean_squared_error,0.113,predefined,10,"[{""rank"": ""1"", ""model"": ""1B_MPNN_MolGPS-ens_LargeMix"", ""metric_name"": ""mean_squared_error"", ""metric_value"": ""0.113""}, {""rank"": ""2"", ""model"": ""1B_MPNN_LargeMix-and-Phenomics"", ""metric_name"": ""mean_squared_error"", ""metric_value"": ""0.129""}, {""rank"": ""3"", ""model"": ""CheMeleon"", ""metric_name"": ""mean_squared_error"", ""metric_value"": ""0.161""}, {""rank"": ""4"", ""model"": ""MolEncoder"", ""metric_name"": ""mean_squared_error"", ""metric_value"": ""0.176""}, {""rank"": ""5"", ""model"": ""TabPFNv2-rdkit"", ""metric_name"": ""mean_squared_error"", ""metric_value"": ""0.182""}, {""rank"": ""6"", ""model"": ""adme-fang-PERM-1-GIRAFFE-wae_s"", ""metric_name"": ""mean_squared_error"", ""metric_value"": ""0.203""}, {""rank"": ""7"", ""model"": ""chemlactica-1b-sft"", ""metric_name"": ""mean_squared_error"", ""metric_value"": ""0.232""}, {""rank"": ""8"", ""model"": ""optimized-random-forest-rdkit-descriptors"", ""metric_name"": ""mean_squared_error"", ""metric_value"": ""0.239""}, {""rank"": ""9"", ""model"": ""adme-fang-PERM-1_desc2D_RandomForestRegressor"", ""metric_name"": ""mean_squared_error"", ""metric_value"": ""0.248""}, {""rank"": ""10"", ""model"": ""chemlactica-125m-sft"", ""metric_name"": ""mean_squared_error"", ""metric_value"": ""0.257""}]",2642,2113,529,raw,smiles,target,predefined,f23c02546e879de2b690e822ca8e7d9784b0e69103c2da4676f9e1f62f4cac2e,3ba0ff6ed8e4af670d029a7f058511621c8f85055a78c1c7cecdd9a37424a70a,10115,8685,1430,489,432,509,0,0,0.999,,1e-08,0.005,0.995,,212,elasticnet_cv,False,0.0432876128108306,0.3,212,3,random,212,False,2600.1708422006886,7200.0,4852.725340542198,"[""morgan"", ""ecfp6"", ""fcfp6"", ""layered"", ""atom_pair"", ""topological_torsion"", ""rdk_path"", ""maccs"", ""rdkit"", ""maplight""]","[""morgan"", ""ecfp6"", ""fcfp6"", ""layered"", ""atom_pair"", ""topological_torsion"", ""rdk_path"", ""maccs"", ""rdkit"", ""maplight""]",[],0,8685,/media/volume/AutoQSARdata_300/model_cache/feature_store_parquet,parquet,1797,845,False,/media/volume/AutoQSARdata_300/model_cache/benchmark_feature_matrix_cache/8b8c96eccf5dd09cfb762b0ddcc7d9629bdad55ffe5d85790ee612e7bd35e0f6.pkl,morgan_ecfp6_fcfp6_layered_atom_pair_topological_torsion_rdk_path_maccs_rdkit_maplight__9d9272112e8cc9d9,"Chemprop v2 (D-MPNN + RDKit2D, ensemble=3)",Chemprop v2,,,,,,,,,,,,,,,,,,,,,,,,,,,,,,1.0,,,,,,,,,,,,,,,645.882,645.882,model_stage,325.981,19,"deep model Chemprop v2 (D-MPNN + RDKit2D, ensemble=3)",model,2026-06-30 00:51:43 UTC,,,,,,,'ascii' codec can't decode byte 0xe2 in position 162: ordinal not in range(128),dmpnn,dmpnn_rdkit2d,,rdkit_2d,False,0.0,,,,,,,,,,,,,,,,,,,,,,,,,,,,,,,,,,,,,,,,,,,
polaris_adme_fang_perm_1,Polaris ADME benchmark mirror: adme-fang-perm-1,polaris,polaris/adme-fang-perm-1,https://polarishub.io/benchmarks/polaris/adme-fang-perm-1,1B_MPNN_MolGPS-ens_LargeMix,mean_squared_error,0.113,predefined,10,"[{""rank"": ""1"", ""model"": ""1B_MPNN_MolGPS-ens_LargeMix"", ""metric_name"": ""mean_squared_error"", ""metric_value"": ""0.113""}, {""rank"": ""2"", ""model"": ""1B_MPNN_LargeMix-and-Phenomics"", ""metric_name"": ""mean_squared_error"", ""metric_value"": ""0.129""}, {""rank"": ""3"", ""model"": ""CheMeleon"", ""metric_name"": ""mean_squared_error"", ""metric_value"": ""0.161""}, {""rank"": ""4"", ""model"": ""MolEncoder"", ""metric_name"": ""mean_squared_error"", ""metric_value"": ""0.176""}, {""rank"": ""5"", ""model"": ""TabPFNv2-rdkit"", ""metric_name"": ""mean_squared_error"", ""metric_value"": ""0.182""}, {""rank"": ""6"", ""model"": ""adme-fang-PERM-1-GIRAFFE-wae_s"", ""metric_name"": ""mean_squared_error"", ""metric_value"": ""0.203""}, {""rank"": ""7"", ""model"": ""chemlactica-1b-sft"", ""metric_name"": ""mean_squared_error"", ""metric_value"": ""0.232""}, {""rank"": ""8"", ""model"": ""optimized-random-forest-rdkit-descriptors"", ""metric_name"": ""mean_squared_error"", ""metric_value"": ""0.239""}, {""rank"": ""9"", ""model"": ""adme-fang-PERM-1_desc2D_RandomForestRegressor"", ""metric_name"": ""mean_squared_error"", ""metric_value"": ""0.248""}, {""rank"": ""10"", ""model"": ""chemlactica-125m-sft"", ""metric_name"": ""mean_squared_error"", ""metric_value"": ""0.257""}]",2642,2113,529,raw,smiles,target,predefined,f23c02546e879de2b690e822ca8e7d9784b0e69103c2da4676f9e1f62f4cac2e,3ba0ff6ed8e4af670d029a7f058511621c8f85055a78c1c7cecdd9a37424a70a,10115,8685,1430,489,432,509,0,0,0.999,,1e-08,0.005,0.995,,212,elasticnet_cv,False,0.0432876128108306,0.3,212,3,random,212,False,2600.1708422006886,7200.0,4852.725340542198,"[""morgan"", ""ecfp6"", ""fcfp6"", ""layered"", ""atom_pair"", ""topological_torsion"", ""rdk_path"", ""maccs"", ""rdkit"", ""maplight""]","[""morgan"", ""ecfp6"", ""fcfp6"", ""layered"", ""atom_pair"", ""topological_torsion"", ""rdk_path"", ""maccs"", ""rdkit"", ""maplight""]",[],0,8685,/media/volume/AutoQSARdata_300/model_cache/feature_store_parquet,parquet,1797,845,False,/media/volume/AutoQSARdata_300/model_cache/benchmark_feature_matrix_cache/8b8c96eccf5dd09cfb762b0ddcc7d9629bdad55ffe5d85790ee612e7bd35e0f6.pkl,morgan_ecfp6_fcfp6_layered_atom_pair_topological_torsion_rdk_path_maccs_rdkit_maplight__9d9272112e8cc9d9,"Chemprop v2 (CMPNN, ensemble=3)",Chemprop v2,,,,,,,,,,,,,,,,,,,,,,,,,,,,,,1.0,,,,,,,,,,,,,,,954.192,954.192,model_stage,308.069,20,"deep model Chemprop v2 (CMPNN, ensemble=3)",model,2026-06-30 00:57:10 UTC,,,,,,,'ascii' codec can't decode byte 0xe2 in position 154: ordinal not in range(128),cmpnn,cmpnn,--atom-messages --undirected,,False,0.0,,,,,,,,,,,,,,,,,,,,,,,,,,,,,,,,,,,,,,,,,,,
polaris_adme_fang_perm_1,Polaris ADME benchmark mirror: adme-fang-perm-1,polaris,polaris/adme-fang-perm-1,https://polarishub.io/benchmarks/polaris/adme-fang-perm-1,1B_MPNN_MolGPS-ens_LargeMix,mean_squared_error,0.113,predefined,10,"[{""rank"": ""1"", ""model"": ""1B_MPNN_MolGPS-ens_LargeMix"", ""metric_name"": ""mean_squared_error"", ""metric_value"": ""0.113""}, {""rank"": ""2"", ""model"": ""1B_MPNN_LargeMix-and-Phenomics"", ""metric_name"": ""mean_squared_error"", ""metric_value"": ""0.129""}, {""rank"": ""3"", ""model"": ""CheMeleon"", ""metric_name"": ""mean_squared_error"", ""metric_value"": ""0.161""}, {""rank"": ""4"", ""model"": ""MolEncoder"", ""metric_name"": ""mean_squared_error"", ""metric_value"": ""0.176""}, {""rank"": ""5"", ""model"": ""TabPFNv2-rdkit"", ""metric_name"": ""mean_squared_error"", ""metric_value"": ""0.182""}, {""rank"": ""6"", ""model"": ""adme-fang-PERM-1-GIRAFFE-wae_s"", ""metric_name"": ""mean_squared_error"", ""metric_value"": ""0.203""}, {""rank"": ""7"", ""model"": ""chemlactica-1b-sft"", ""metric_name"": ""mean_squared_error"", ""metric_value"": ""0.232""}, {""rank"": ""8"", ""model"": ""optimized-random-forest-rdkit-descriptors"", ""metric_name"": ""mean_squared_error"", ""metric_value"": ""0.239""}, {""rank"": ""9"", ""model"": ""adme-fang-PERM-1_desc2D_RandomForestRegressor"", ""metric_name"": ""mean_squared_error"", ""metric_value"": ""0.248""}, {""rank"": ""10"", ""model"": ""chemlactica-125m-sft"", ""metric_name"": ""mean_squared_error"", ""metric_value"": ""0.257""}]",2642,2113,529,raw,smiles,target,predefined,f23c02546e879de2b690e822ca8e7d9784b0e69103c2da4676f9e1f62f4cac2e,3ba0ff6ed8e4af670d029a7f058511621c8f85055a78c1c7cecdd9a37424a70a,10115,8685,1430,489,432,509,0,0,0.999,,1e-08,0.005,0.995,,212,elasticnet_cv,False,0.0432876128108306,0.3,212,3,random,212,False,2600.1708422006886,7200.0,4852.725340542198,"[""morgan"", ""ecfp6"", ""fcfp6"", ""layered"", ""atom_pair"", ""topological_torsion"", ""rdk_path"", ""maccs"", ""rdkit"", ""maplight""]","[""morgan"", ""ecfp6"", ""fcfp6"", ""layered"", ""atom_pair"", ""topological_torsion"", ""rdk_path"", ""maccs"", ""rdkit"", ""maplight""]",[],0,8685,/media/volume/AutoQSARdata_300/model_cache/feature_store_parquet,parquet,1797,845,False,/media/volume/AutoQSARdata_300/model_cache/benchmark_feature_matrix_cache/8b8c96eccf5dd09cfb762b0ddcc7d9629bdad55ffe5d85790ee612e7bd35e0f6.pkl,morgan_ecfp6_fcfp6_layered_atom_pair_topological_torsion_rdk_path_maccs_rdkit_maplight__9d9272112e8cc9d9,"Chemprop v2 (AttentiveFP, ensemble=3)",Chemprop v2,,,,,,,,,,,,,,,,,,,,,,,,,,,,,,1.0,,,,,,,,,,,,,,,1297.136,1297.136,model_stage,342.701,21,"deep model Chemprop v2 (AttentiveFP, ensemble=3)",model,2026-06-30 01:02:18 UTC,,,,,,,'ascii' codec can't decode byte 0xe2 in position 166: ordinal not in range(128),attentivefp,attentivefp,--atom-messages --aggregation norm --aggregation-norm 100 --dropout 0.1,rdkit_2d,False,0.0,,,,,,,,,,,,,,,,,,,,,,,,,,,,,,,,,,,,,,,,,,,
polaris_adme_fang_perm_1,Polaris ADME benchmark mirror: adme-fang-perm-1,polaris,polaris/adme-fang-perm-1,https://polarishub.io/benchmarks/polaris/adme-fang-perm-1,1B_MPNN_MolGPS-ens_LargeMix,mean_squared_error,0.113,predefined,10,"[{""rank"": ""1"", ""model"": ""1B_MPNN_MolGPS-ens_LargeMix"", ""metric_name"": ""mean_squared_error"", ""metric_value"": ""0.113""}, {""rank"": ""2"", ""model"": ""1B_MPNN_LargeMix-and-Phenomics"", ""metric_name"": ""mean_squared_error"", ""metric_value"": ""0.129""}, {""rank"": ""3"", ""model"": ""CheMeleon"", ""metric_name"": ""mean_squared_error"", ""metric_value"": ""0.161""}, {""rank"": ""4"", ""model"": ""MolEncoder"", ""metric_name"": ""mean_squared_error"", ""metric_value"": ""0.176""}, {""rank"": ""5"", ""model"": ""TabPFNv2-rdkit"", ""metric_name"": ""mean_squared_error"", ""metric_value"": ""0.182""}, {""rank"": ""6"", ""model"": ""adme-fang-PERM-1-GIRAFFE-wae_s"", ""metric_name"": ""mean_squared_error"", ""metric_value"": ""0.203""}, {""rank"": ""7"", ""model"": ""chemlactica-1b-sft"", ""metric_name"": ""mean_squared_error"", ""metric_value"": ""0.232""}, {""rank"": ""8"", ""model"": ""optimized-random-forest-rdkit-descriptors"", ""metric_name"": ""mean_squared_error"", ""metric_value"": ""0.239""}, {""rank"": ""9"", ""model"": ""adme-fang-PERM-1_desc2D_RandomForestRegressor"", ""metric_name"": ""mean_squared_error"", ""metric_value"": ""0.248""}, {""rank"": ""10"", ""model"": ""chemlactica-125m-sft"", ""metric_name"": ""mean_squared_error"", ""metric_value"": ""0.257""}]",2642,2113,529,raw,smiles,target,predefined,f23c02546e879de2b690e822ca8e7d9784b0e69103c2da4676f9e1f62f4cac2e,3ba0ff6ed8e4af670d029a7f058511621c8f85055a78c1c7cecdd9a37424a70a,10115,8685,1430,489,432,509,0,0,0.999,,1e-08,0.005,0.995,,212,elasticnet_cv,False,0.0432876128108306,0.3,212,3,random,212,False,2600.1708422006886,7200.0,4852.725340542198,"[""morgan"", ""ecfp6"", ""fcfp6"", ""layered"", ""atom_pair"", ""topological_torsion"", ""rdk_path"", ""maccs"", ""rdkit"", ""maplight""]","[""morgan"", ""ecfp6"", ""fcfp6"", ""layered"", ""atom_pair"", ""topological_torsion"", ""rdk_path"", ""maccs"", ""rdkit"", ""maplight""]",[],0,8685,/media/volume/AutoQSARdata_300/model_cache/feature_store_parquet,parquet,1797,845,False,/media/volume/AutoQSARdata_300/model_cache/benchmark_feature_matrix_cache/8b8c96eccf5dd09cfb762b0ddcc7d9629bdad55ffe5d85790ee612e7bd35e0f6.pkl,morgan_ecfp6_fcfp6_layered_atom_pair_topological_torsion_rdk_path_maccs_rdkit_maplight__9d9272112e8cc9d9,"Chemprop v2 (D-MPNN + Selected descriptors, ensemble=3)",Chemprop v2,,,,,,,,,,,,,,,,,,,,,,,,,,,,,,1.0,,,,,,,,,,,,,,,1614.869,1614.869,model_stage,317.489,22,"deep model Chemprop v2 (D-MPNN + Selected descriptors, ensemble=3)",model,2026-06-30 01:08:01 UTC,,,,,,,'ascii' codec can't decode byte 0xe2 in position 172: ordinal not in range(128),dmpnn,dmpnn_selected_features,,,True,212.0,,,,,,,,,,,,,,,,,,,,,,,,,,,,,,,,,,,,,,,,,,,
polaris_adme_fang_perm_1,Polaris ADME benchmark mirror: adme-fang-perm-1,polaris,polaris/adme-fang-perm-1,https://polarishub.io/benchmarks/polaris/adme-fang-perm-1,1B_MPNN_MolGPS-ens_LargeMix,mean_squared_error,0.113,predefined,10,"[{""rank"": ""1"", ""model"": ""1B_MPNN_MolGPS-ens_LargeMix"", ""metric_name"": ""mean_squared_error"", ""metric_value"": ""0.113""}, {""rank"": ""2"", ""model"": ""1B_MPNN_LargeMix-and-Phenomics"", ""metric_name"": ""mean_squared_error"", ""metric_value"": ""0.129""}, {""rank"": ""3"", ""model"": ""CheMeleon"", ""metric_name"": ""mean_squared_error"", ""metric_value"": ""0.161""}, {""rank"": ""4"", ""model"": ""MolEncoder"", ""metric_name"": ""mean_squared_error"", ""metric_value"": ""0.176""}, {""rank"": ""5"", ""model"": ""TabPFNv2-rdkit"", ""metric_name"": ""mean_squared_error"", ""metric_value"": ""0.182""}, {""rank"": ""6"", ""model"": ""adme-fang-PERM-1-GIRAFFE-wae_s"", ""metric_name"": ""mean_squared_error"", ""metric_value"": ""0.203""}, {""rank"": ""7"", ""model"": ""chemlactica-1b-sft"", ""metric_name"": ""mean_squared_error"", ""metric_value"": ""0.232""}, {""rank"": ""8"", ""model"": ""optimized-random-forest-rdkit-descriptors"", ""metric_name"": ""mean_squared_error"", ""metric_value"": ""0.239""}, {""rank"": ""9"", ""model"": ""adme-fang-PERM-1_desc2D_RandomForestRegressor"", ""metric_name"": ""mean_squared_error"", ""metric_value"": ""0.248""}, {""rank"": ""10"", ""model"": ""chemlactica-125m-sft"", ""metric_name"": ""mean_squared_error"", ""metric_value"": ""0.257""}]",2642,2113,529,raw,smiles,target,predefined,f23c02546e879de2b690e822ca8e7d9784b0e69103c2da4676f9e1f62f4cac2e,3ba0ff6ed8e4af670d029a7f058511621c8f85055a78c1c7cecdd9a37424a70a,10115,8685,1430,489,432,509,0,0,0.999,,1e-08,0.005,0.995,,212,elasticnet_cv,False,0.0432876128108306,0.3,212,3,random,212,False,2600.1708422006886,7200.0,4852.725340542198,"[""morgan"", ""ecfp6"", ""fcfp6"", ""layered"", ""atom_pair"", ""topological_torsion"", ""rdk_path"", ""maccs"", ""rdkit"", ""maplight""]","[""morgan"", ""ecfp6"", ""fcfp6"", ""layered"", ""atom_pair"", ""topological_torsion"", ""rdk_path"", ""maccs"", ""rdkit"", ""maplight""]",[],0,8685,/media/volume/AutoQSARdata_300/model_cache/feature_store_parquet,parquet,1797,845,False,/media/volume/AutoQSARdata_300/model_cache/benchmark_feature_matrix_cache/8b8c96eccf5dd09cfb762b0ddcc7d9629bdad55ffe5d85790ee612e7bd35e0f6.pkl,morgan_ecfp6_fcfp6_layered_atom_pair_topological_torsion_rdk_path_maccs_rdkit_maplight__9d9272112e8cc9d9,"Chemprop v2 (D-MPNN, ensemble=3)",Chemprop v2,,,,,,,,,,,,,,,,,,,,,,,,,,,,,,1.0,,,,,,,,,,,,,,,366.709,366.709,model_stage,342.609,18,"deep model Chemprop v2 (D-MPNN, ensemble=3)",model,2026-06-30 22:51:20 UTC,,,,,,,'ascii' codec can't decode byte 0xe2 in position 154: ordinal not in range(128),dmpnn,dmpnn,,,False,0.0,,,,,,,,,,,,,,,,,,,,,,,,,,,,,,,,,,,,,,,,,,,
polaris_adme_fang_perm_1,Polaris ADME benchmark mirror: adme-fang-perm-1,polaris,polaris/adme-fang-perm-1,https://polarishub.io/benchmarks/polaris/adme-fang-perm-1,1B_MPNN_MolGPS-ens_LargeMix,mean_squared_error,0.113,predefined,10,"[{""rank"": ""1"", ""model"": ""1B_MPNN_MolGPS-ens_LargeMix"", ""metric_name"": ""mean_squared_error"", ""metric_value"": ""0.113""}, {""rank"": ""2"", ""model"": ""1B_MPNN_LargeMix-and-Phenomics"", ""metric_name"": ""mean_squared_error"", ""metric_value"": ""0.129""}, {""rank"": ""3"", ""model"": ""AceProp1"", ""metric_name"": ""mean_squared_error"", ""metric_value"": ""0.139""}, {""rank"": ""4"", ""model"": ""LateFusion-k5"", ""metric_name"": ""mean_squared_error"", ""metric_value"": ""0.161""}, {""rank"": ""5"", ""model"": ""CheMeleon"", ""metric_name"": ""mean_squared_error"", ""metric_value"": ""0.161""}, {""rank"": ""6"", ""model"": ""MolEncoder"", ""metric_name"": ""mean_squared_error"", ""metric_value"": ""0.176""}, {""rank"": ""7"", ""model"": ""TabPFNv2-rdkit"", ""metric_name"": ""mean_squared_error"", ""metric_value"": ""0.182""}, {""rank"": ""8"", ""model"": ""adme-fang-PERM-1-GIRAFFE-wae_s"", ""metric_name"": ""mean_squared_error"", ""metric_value"": ""0.203""}, {""rank"": ""9"", ""model"": ""chemlactica-1b-sft"", ""metric_name"": ""mean_squared_error"", ""metric_value"": ""0.232""}, {""rank"": ""10"", ""model"": ""optimized-random-forest-rdkit-descriptors"", ""metric_name"": ""mean_squared_error"", ""metric_value"": ""0.239""}]",2642,2113,529,raw,smiles,target,predefined,f23c02546e879de2b690e822ca8e7d9784b0e69103c2da4676f9e1f62f4cac2e,3ba0ff6ed8e4af670d029a7f058511621c8f85055a78c1c7cecdd9a37424a70a,10115,8685,1430,489,432,509,0,0,0.999,,1e-08,0.005,0.995,,212,elasticnet_cv,False,0.0432876128108306,0.3,212,3,random,212,False,2600.1708422006886,7200.0,4852.725340542198,"[""morgan"", ""ecfp6"", ""fcfp6"", ""layered"", ""atom_pair"", ""topological_torsion"", ""rdk_path"", ""maccs"", ""rdkit"", ""maplight""]","[""morgan"", ""ecfp6"", ""fcfp6"", ""layered"", ""atom_pair"", ""topological_torsion"", ""rdk_path"", ""maccs"", ""rdkit"", ""maplight""]",[],0,8685,/media/volume/AutoQSARdata_300/model_cache/feature_store_parquet,parquet,1797,845,False,/media/volume/AutoQSARdata_300/model_cache/benchmark_feature_matrix_cache/8b8c96eccf5dd09cfb762b0ddcc7d9629bdad55ffe5d85790ee612e7bd35e0f6.pkl,morgan_ecfp6_fcfp6_layered_atom_pair_topological_torsion_rdk_path_maccs_rdkit_maplight__9d9272112e8cc9d9,"Chemprop v2 (D-MPNN, ensemble=3)",Chemprop v2,,,mse,,,,,,,0.7271936164425798,0.3559139799734764,0.2620258036555845,0.8614708234157804,0.6229459542398357,0.437154347591997,0.3275211165487712,0.7892410840220877,0.1911039236185846,12.33195319799961,7.219547493999926,19.551500691999536,2113.0,529.0,2642.0,13.64753779584107,7.400265212717462,chemprop_predict_cli_cached_model,318306.0,chemprop_checkpoint:model_2/checkpoints/last-v1.ckpt,1.0,,,,,,,8.0,True,-0.04789607638141538,0.239,,,,,57.182,57.182,model_stage,34.025,18,"deep model Chemprop v2 (D-MPNN, ensemble=3)",model,2026-09-25 00:47:31 UTC,,,,,,,,dmpnn,dmpnn,,,False,0.0,GPU,,,,,,,,,,,,,,,,,,,,,,,,,,,,,,,,,,benchmark_results/autoqsar_benchmark_20260623_153839/polaris_adme_fang_perm_1/chemprop_v2/dmpnn_dmpnn_ensemble_3_seed_42,40.0,32.0,8.0,3.0,42.0,RANDOM,False,
polaris_adme_fang_perm_1,Polaris ADME benchmark mirror: adme-fang-perm-1,polaris,polaris/adme-fang-perm-1,https://polarishub.io/benchmarks/polaris/adme-fang-perm-1,1B_MPNN_MolGPS-ens_LargeMix,mean_squared_error,0.113,predefined,10,"[{""rank"": ""1"", ""model"": ""1B_MPNN_MolGPS-ens_LargeMix"", ""metric_name"": ""mean_squared_error"", ""metric_value"": ""0.113""}, {""rank"": ""2"", ""model"": ""1B_MPNN_LargeMix-and-Phenomics"", ""metric_name"": ""mean_squared_error"", ""metric_value"": ""0.129""}, {""rank"": ""3"", ""model"": ""AceProp1"", ""metric_name"": ""mean_squared_error"", ""metric_value"": ""0.139""}, {""rank"": ""4"", ""model"": ""LateFusion-k5"", ""metric_name"": ""mean_squared_error"", ""metric_value"": ""0.161""}, {""rank"": ""5"", ""model"": ""CheMeleon"", ""metric_name"": ""mean_squared_error"", ""metric_value"": ""0.161""}, {""rank"": ""6"", ""model"": ""MolEncoder"", ""metric_name"": ""mean_squared_error"", ""metric_value"": ""0.176""}, {""rank"": ""7"", ""model"": ""TabPFNv2-rdkit"", ""metric_name"": ""mean_squared_error"", ""metric_value"": ""0.182""}, {""rank"": ""8"", ""model"": ""adme-fang-PERM-1-GIRAFFE-wae_s"", ""metric_name"": ""mean_squared_error"", ""metric_value"": ""0.203""}, {""rank"": ""9"", ""model"": ""chemlactica-1b-sft"", ""metric_name"": ""mean_squared_error"", ""metric_value"": ""0.232""}, {""rank"": ""10"", ""model"": ""optimized-random-forest-rdkit-descriptors"", ""metric_name"": ""mean_squared_error"", ""metric_value"": ""0.239""}]",2642,2113,529,raw,smiles,target,predefined,f23c02546e879de2b690e822ca8e7d9784b0e69103c2da4676f9e1f62f4cac2e,3ba0ff6ed8e4af670d029a7f058511621c8f85055a78c1c7cecdd9a37424a70a,10115,8685,1430,489,432,509,0,0,0.999,,1e-08,0.005,0.995,,212,elasticnet_cv,False,0.0432876128108306,0.3,212,3,random,212,False,2600.1708422006886,7200.0,4852.725340542198,"[""morgan"", ""ecfp6"", ""fcfp6"", ""layered"", ""atom_pair"", ""topological_torsion"", ""rdk_path"", ""maccs"", ""rdkit"", ""maplight""]","[""morgan"", ""ecfp6"", ""fcfp6"", ""layered"", ""atom_pair"", ""topological_torsion"", ""rdk_path"", ""maccs"", ""rdkit"", ""maplight""]",[],0,8685,/media/volume/AutoQSARdata_300/model_cache/feature_store_parquet,parquet,1797,845,False,/media/volume/AutoQSARdata_300/model_cache/benchmark_feature_matrix_cache/8b8c96eccf5dd09cfb762b0ddcc7d9629bdad55ffe5d85790ee612e7bd35e0f6.pkl,morgan_ecfp6_fcfp6_layered_atom_pair_topological_torsion_rdk_path_maccs_rdkit_maplight__9d9272112e8cc9d9,"Chemprop v2 (D-MPNN + RDKit2D, ensemble=3)",Chemprop v2,,,mse,,,,,,,0.7870744722425577,0.3144355555291479,0.2348879775396155,0.8880862707656388,0.6125701534487693,0.4431283508837954,0.3440086549270321,0.7946418207109437,0.196362735356992,25.59042414800024,13.012614240999936,38.603038389000176,2113.0,529.0,2642.0,24.5985146332702,14.611293864118158,chemprop_predict_cli_cached_model,383840.0,chemprop_checkpoint:model_2/checkpoints/last-v1.ckpt,1.0,,,,,,,8.0,True,-0.04263726464300799,0.239,,,,,111.299,111.299,model_stage,53.845,19,"deep model Chemprop v2 (D-MPNN + RDKit2D, ensemble=3)",model,2026-09-25 00:48:05 UTC,,,,,,,,dmpnn,dmpnn_rdkit2d,,rdkit_2d,False,0.0,GPU,,,,,,,,,,,,,,,,,,,,,,,,,,,,,,,,,,benchmark_results/autoqsar_benchmark_20260623_153839/polaris_adme_fang_perm_1/chemprop_v2/dmpnn_dmpnn_rdkit2d_ensemble_3_seed_42,40.0,32.0,8.0,3.0,42.0,RANDOM,False,
polaris_adme_fang_perm_1,Polaris ADME benchmark mirror: adme-fang-perm-1,polaris,polaris/adme-fang-perm-1,https://polarishub.io/benchmarks/polaris/adme-fang-perm-1,1B_MPNN_MolGPS-ens_LargeMix,mean_squared_error,0.113,predefined,10,"[{""rank"": ""1"", ""model"": ""1B_MPNN_MolGPS-ens_LargeMix"", ""metric_name"": ""mean_squared_error"", ""metric_value"": ""0.113""}, {""rank"": ""2"", ""model"": ""1B_MPNN_LargeMix-and-Phenomics"", ""metric_name"": ""mean_squared_error"", ""metric_value"": ""0.129""}, {""rank"": ""3"", ""model"": ""AceProp1"", ""metric_name"": ""mean_squared_error"", ""metric_value"": ""0.139""}, {""rank"": ""4"", ""model"": ""LateFusion-k5"", ""metric_name"": ""mean_squared_error"", ""metric_value"": ""0.161""}, {""rank"": ""5"", ""model"": ""CheMeleon"", ""metric_name"": ""mean_squared_error"", ""metric_value"": ""0.161""}, {""rank"": ""6"", ""model"": ""MolEncoder"", ""metric_name"": ""mean_squared_error"", ""metric_value"": ""0.176""}, {""rank"": ""7"", ""model"": ""TabPFNv2-rdkit"", ""metric_name"": ""mean_squared_error"", ""metric_value"": ""0.182""}, {""rank"": ""8"", ""model"": ""adme-fang-PERM-1-GIRAFFE-wae_s"", ""metric_name"": ""mean_squared_error"", ""metric_value"": ""0.203""}, {""rank"": ""9"", ""model"": ""chemlactica-1b-sft"", ""metric_name"": ""mean_squared_error"", ""metric_value"": ""0.232""}, {""rank"": ""10"", ""model"": ""optimized-random-forest-rdkit-descriptors"", ""metric_name"": ""mean_squared_error"", ""metric_value"": ""0.239""}]",2642,2113,529,raw,smiles,target,predefined,f23c02546e879de2b690e822ca8e7d9784b0e69103c2da4676f9e1f62f4cac2e,3ba0ff6ed8e4af670d029a7f058511621c8f85055a78c1c7cecdd9a37424a70a,10115,8685,1430,489,432,509,0,0,0.999,,1e-08,0.005,0.995,,212,elasticnet_cv,False,0.0432876128108306,0.3,212,3,random,212,False,2600.1708422006886,7200.0,4852.725340542198,"[""morgan"", ""ecfp6"", ""fcfp6"", ""layered"", ""atom_pair"", ""topological_torsion"", ""rdk_path"", ""maccs"", ""rdkit"", ""maplight""]","[""morgan"", ""ecfp6"", ""fcfp6"", ""layered"", ""atom_pair"", ""topological_torsion"", ""rdk_path"", ""maccs"", ""rdkit"", ""maplight""]",[],0,8685,/media/volume/AutoQSARdata_300/model_cache/feature_store_parquet,parquet,1797,845,False,/media/volume/AutoQSARdata_300/model_cache/benchmark_feature_matrix_cache/8b8c96eccf5dd09cfb762b0ddcc7d9629bdad55ffe5d85790ee612e7bd35e0f6.pkl,morgan_ecfp6_fcfp6_layered_atom_pair_topological_torsion_rdk_path_maccs_rdkit_maplight__9d9272112e8cc9d9,"Chemprop v2 (CMPNN, ensemble=3)",Chemprop v2,,,mse,,,,,,,0.6198053410872768,0.4201658861737943,0.3198157584073781,0.803794446786299,0.5810421533109804,0.4608060408242309,0.3475542486040454,0.7702304908773147,0.2123422072601027,9.962562632999834,9.590733236999768,19.5532958699996,2113.0,529.0,2642.0,18.129930504725458,7.400944689628917,chemprop_predict_cli_cached_model,318306.0,chemprop_checkpoint:model_2/checkpoints/last-v1.ckpt,1.0,,,,,,,9.0,True,-0.026657792739897296,0.239,,,,,143.018,143.018,model_stage,31.456,20,"deep model Chemprop v2 (CMPNN, ensemble=3)",model,2026-09-25 00:48:59 UTC,,,,,,,,cmpnn,cmpnn,--atom-messages --undirected,,False,0.0,GPU,,,,,,,,,,,,,,,,,,,,,,,,,,,,,,,,,,benchmark_results/autoqsar_benchmark_20260623_153839/polaris_adme_fang_perm_1/chemprop_v2/cmpnn_cmpnn_ensemble_3_seed_42,40.0,32.0,8.0,3.0,42.0,RANDOM,False,
polaris_adme_fang_perm_1,Polaris ADME benchmark mirror: adme-fang-perm-1,polaris,polaris/adme-fang-perm-1,https://polarishub.io/benchmarks/polaris/adme-fang-perm-1,1B_MPNN_MolGPS-ens_LargeMix,mean_squared_error,0.113,predefined,10,"[{""rank"": ""1"", ""model"": ""1B_MPNN_MolGPS-ens_LargeMix"", ""metric_name"": ""mean_squared_error"", ""metric_value"": ""0.113""}, {""rank"": ""2"", ""model"": ""1B_MPNN_LargeMix-and-Phenomics"", ""metric_name"": ""mean_squared_error"", ""metric_value"": ""0.129""}, {""rank"": ""3"", ""model"": ""AceProp1"", ""metric_name"": ""mean_squared_error"", ""metric_value"": ""0.139""}, {""rank"": ""4"", ""model"": ""LateFusion-k5"", ""metric_name"": ""mean_squared_error"", ""metric_value"": ""0.161""}, {""rank"": ""5"", ""model"": ""CheMeleon"", ""metric_name"": ""mean_squared_error"", ""metric_value"": ""0.161""}, {""rank"": ""6"", ""model"": ""MolEncoder"", ""metric_name"": ""mean_squared_error"", ""metric_value"": ""0.176""}, {""rank"": ""7"", ""model"": ""TabPFNv2-rdkit"", ""metric_name"": ""mean_squared_error"", ""metric_value"": ""0.182""}, {""rank"": ""8"", ""model"": ""adme-fang-PERM-1-GIRAFFE-wae_s"", ""metric_name"": ""mean_squared_error"", ""metric_value"": ""0.203""}, {""rank"": ""9"", ""model"": ""chemlactica-1b-sft"", ""metric_name"": ""mean_squared_error"", ""metric_value"": ""0.232""}, {""rank"": ""10"", ""model"": ""optimized-random-forest-rdkit-descriptors"", ""metric_name"": ""mean_squared_error"", ""metric_value"": ""0.239""}]",2642,2113,529,raw,smiles,target,predefined,f23c02546e879de2b690e822ca8e7d9784b0e69103c2da4676f9e1f62f4cac2e,3ba0ff6ed8e4af670d029a7f058511621c8f85055a78c1c7cecdd9a37424a70a,10115,8685,1430,489,432,509,0,0,0.999,,1e-08,0.005,0.995,,212,elasticnet_cv,False,0.0432876128108306,0.3,212,3,random,212,False,2600.1708422006886,7200.0,4852.725340542198,"[""morgan"", ""ecfp6"", ""fcfp6"", ""layered"", ""atom_pair"", ""topological_torsion"", ""rdk_path"", ""maccs"", ""rdkit"", ""maplight""]","[""morgan"", ""ecfp6"", ""fcfp6"", ""layered"", ""atom_pair"", ""topological_torsion"", ""rdk_path"", ""maccs"", ""rdkit"", ""maplight""]",[],0,8685,/media/volume/AutoQSARdata_300/model_cache/feature_store_parquet,parquet,1797,845,False,/media/volume/AutoQSARdata_300/model_cache/benchmark_feature_matrix_cache/8b8c96eccf5dd09cfb762b0ddcc7d9629bdad55ffe5d85790ee612e7bd35e0f6.pkl,morgan_ecfp6_fcfp6_layered_atom_pair_topological_torsion_rdk_path_maccs_rdkit_maplight__9d9272112e8cc9d9,"Chemprop v2 (AttentiveFP, ensemble=3)",Chemprop v2,,,mse,,,,,,,0.8230236845826902,0.286665452658988,0.2118086054151727,0.904762224409342,0.6098944855003172,0.4446558845338938,0.3457303461014934,0.785569961122802,0.1977188556506195,25.390730633000203,13.193382712999664,38.58411334599987,2113.0,529.0,2642.0,24.94023197164398,14.604130713853092,chemprop_predict_cli_cached_model,383840.0,chemprop_checkpoint:model_2/checkpoints/last-v1.ckpt,1.0,,,,,,,8.0,True,-0.04128114434938049,0.239,,,,,194.377,194.377,model_stage,51.078,21,"deep model Chemprop v2 (AttentiveFP, ensemble=3)",model,2026-09-25 00:49:31 UTC,,,,,,,,attentivefp,attentivefp,--atom-messages --aggregation norm --aggregation-norm 100 --dropout 0.1,rdkit_2d,False,0.0,GPU,,,,,,,,,,,,,,,,,,,,,,,,,,,,,,,,,,benchmark_results/autoqsar_benchmark_20260623_153839/polaris_adme_fang_perm_1/chemprop_v2/attentivefp_attentivefp_ensemble_3_seed_42,40.0,32.0,8.0,3.0,42.0,RANDOM,False,
polaris_adme_fang_perm_1,Polaris ADME benchmark mirror: adme-fang-perm-1,polaris,polaris/adme-fang-perm-1,https://polarishub.io/benchmarks/polaris/adme-fang-perm-1,1B_MPNN_MolGPS-ens_LargeMix,mean_squared_error,0.113,predefined,10,"[{""rank"": ""1"", ""model"": ""1B_MPNN_MolGPS-ens_LargeMix"", ""metric_name"": ""mean_squared_error"", ""metric_value"": ""0.113""}, {""rank"": ""2"", ""model"": ""1B_MPNN_LargeMix-and-Phenomics"", ""metric_name"": ""mean_squared_error"", ""metric_value"": ""0.129""}, {""rank"": ""3"", ""model"": ""AceProp1"", ""metric_name"": ""mean_squared_error"", ""metric_value"": ""0.139""}, {""rank"": ""4"", ""model"": ""LateFusion-k5"", ""metric_name"": ""mean_squared_error"", ""metric_value"": ""0.161""}, {""rank"": ""5"", ""model"": ""CheMeleon"", ""metric_name"": ""mean_squared_error"", ""metric_value"": ""0.161""}, {""rank"": ""6"", ""model"": ""MolEncoder"", ""metric_name"": ""mean_squared_error"", ""metric_value"": ""0.176""}, {""rank"": ""7"", ""model"": ""TabPFNv2-rdkit"", ""metric_name"": ""mean_squared_error"", ""metric_value"": ""0.182""}, {""rank"": ""8"", ""model"": ""adme-fang-PERM-1-GIRAFFE-wae_s"", ""metric_name"": ""mean_squared_error"", ""metric_value"": ""0.203""}, {""rank"": ""9"", ""model"": ""chemlactica-1b-sft"", ""metric_name"": ""mean_squared_error"", ""metric_value"": ""0.232""}, {""rank"": ""10"", ""model"": ""optimized-random-forest-rdkit-descriptors"", ""metric_name"": ""mean_squared_error"", ""metric_value"": ""0.239""}]",2642,2113,529,raw,smiles,target,predefined,f23c02546e879de2b690e822ca8e7d9784b0e69103c2da4676f9e1f62f4cac2e,3ba0ff6ed8e4af670d029a7f058511621c8f85055a78c1c7cecdd9a37424a70a,10115,8685,1430,489,432,509,0,0,0.999,,1e-08,0.005,0.995,,212,elasticnet_cv,False,0.0432876128108306,0.3,212,3,random,212,False,2600.1708422006886,7200.0,4852.725340542198,"[""morgan"", ""ecfp6"", ""fcfp6"", ""layered"", ""atom_pair"", ""topological_torsion"", ""rdk_path"", ""maccs"", ""rdkit"", ""maplight""]","[""morgan"", ""ecfp6"", ""fcfp6"", ""layered"", ""atom_pair"", ""topological_torsion"", ""rdk_path"", ""maccs"", ""rdkit"", ""maplight""]",[],0,8685,/media/volume/AutoQSARdata_300/model_cache/feature_store_parquet,parquet,1797,845,False,/media/volume/AutoQSARdata_300/model_cache/benchmark_feature_matrix_cache/8b8c96eccf5dd09cfb762b0ddcc7d9629bdad55ffe5d85790ee612e7bd35e0f6.pkl,morgan_ecfp6_fcfp6_layered_atom_pair_topological_torsion_rdk_path_maccs_rdkit_maplight__9d9272112e8cc9d9,"Chemprop v2 (D-MPNN + Selected descriptors, ensemble=3)",Chemprop v2,,,mse,,,,,,,0.8843837731619819,0.2317006108758797,0.171680669697087,0.930927524277128,0.5633952757785845,0.4704107248928575,0.360048583347259,0.7467495063341623,0.2212862500942237,12.616969562000122,9.135425514000415,21.75239507600054,2113.0,529.0,2642.0,17.269235376182262,8.233306236184912,chemprop_predict_cli_cached_model,382330.0,chemprop_checkpoint:model_2/checkpoints/last-v1.ckpt,1.0,,,,,,,9.0,True,-0.017713749905776288,0.239,,,,,229.998,229.998,model_stage,35.329,22,"deep model Chemprop v2 (D-MPNN + Selected descriptors, ensemble=3)",model,2026-09-25 00:50:22 UTC,,,,,,,,dmpnn,dmpnn_selected_features,,,True,212.0,GPU,,,,,,,,,,,,,,,,,,,,,,,,,,,,,,,,,,benchmark_results/autoqsar_benchmark_20260623_153839/polaris_adme_fang_perm_1/chemprop_v2/dmpnn_dmpnn_selected_features_ensemble_3_seed_42,40.0,32.0,8.0,3.0,42.0,RANDOM,False,9a12fc73681d7f3820903aaab06dcbf521c0583da81198d06d1b5bbf5d0c145d
polaris_adme_fang_perm_1,Polaris ADME benchmark mirror: adme-fang-perm-1,polaris,polaris/adme-fang-perm-1,https://polarishub.io/benchmarks/polaris/adme-fang-perm-1,1B_MPNN_MolGPS-ens_LargeMix,mean_squared_error,0.113,predefined,10,"[{""rank"": ""1"", ""model"": ""1B_MPNN_MolGPS-ens_LargeMix"", ""metric_name"": ""mean_squared_error"", ""metric_value"": ""0.113""}, {""rank"": ""2"", ""model"": ""1B_MPNN_LargeMix-and-Phenomics"", ""metric_name"": ""mean_squared_error"", ""metric_value"": ""0.129""}, {""rank"": ""3"", ""model"": ""AceProp1"", ""metric_name"": ""mean_squared_error"", ""metric_value"": ""0.139""}, {""rank"": ""4"", ""model"": ""LateFusion-k5"", ""metric_name"": ""mean_squared_error"", ""metric_value"": ""0.161""}, {""rank"": ""5"", ""model"": ""CheMeleon"", ""metric_name"": ""mean_squared_error"", ""metric_value"": ""0.161""}, {""rank"": ""6"", ""model"": ""MolEncoder"", ""metric_name"": ""mean_squared_error"", ""metric_value"": ""0.176""}, {""rank"": ""7"", ""model"": ""TabPFNv2-rdkit"", ""metric_name"": ""mean_squared_error"", ""metric_value"": ""0.182""}, {""rank"": ""8"", ""model"": ""adme-fang-PERM-1-GIRAFFE-wae_s"", ""metric_name"": ""mean_squared_error"", ""metric_value"": ""0.203""}, {""rank"": ""9"", ""model"": ""chemlactica-1b-sft"", ""metric_name"": ""mean_squared_error"", ""metric_value"": ""0.232""}, {""rank"": ""10"", ""model"": ""optimized-random-forest-rdkit-descriptors"", ""metric_name"": ""mean_squared_error"", ""metric_value"": ""0.239""}]",2642,2113,529,raw,smiles,target,predefined,f23c02546e879de2b690e822ca8e7d9784b0e69103c2da4676f9e1f62f4cac2e,3ba0ff6ed8e4af670d029a7f058511621c8f85055a78c1c7cecdd9a37424a70a,10115,8685,1430,489,432,509,0,0,0.999,,1e-08,0.005,0.995,,212,elasticnet_cv,False,0.043287612810830614,0.3,212,3,random,212,False,2600.1708422006886,7200.0,4852.725340542198,"[""morgan"", ""ecfp6"", ""fcfp6"", ""layered"", ""atom_pair"", ""topological_torsion"", ""rdk_path"", ""maccs"", ""rdkit"", ""maplight""]","[""morgan"", ""ecfp6"", ""fcfp6"", ""layered"", ""atom_pair"", ""topological_torsion"", ""rdk_path"", ""maccs"", ""rdkit"", ""maplight""]",[],0,8685,/media/volume/AutoQSARdata_300/model_cache/feature_store_parquet,parquet,1797,845,False,/media/volume/AutoQSARdata_300/model_cache/benchmark_feature_matrix_cache/8b8c96eccf5dd09cfb762b0ddcc7d9629bdad55ffe5d85790ee612e7bd35e0f6.pkl,morgan_ecfp6_fcfp6_layered_atom_pair_topological_torsion_rdk_path_maccs_rdkit_maplight__9d9272112e8cc9d9,TabPFNRegressor,conventional,5.0,random,mse,0.14253680983415812,32.0,1.0,0.6919955834471383,0.37726830551267754,0.2716857197300085,0.9936502970659823,0.05429933197258472,0.03886522958147141,0.9974553879972288,0.6350879602540638,0.4300580640924643,0.32011569133342493,0.7785976809864886,0.1849499384909581,4.540649416994711,3.714551204997406,8.255200621992117,2113.0,529.0,2642.0,7.0218359262710885,3.124602809232444,fitted_estimator_predict,,unavailable,1,mse,0.113,0.07194993849095808,True,0.113,0.07194993849095808,8.0,True,-0.0540500615090419,0.239,,,,,70.043,70.043,model_stage,47.326,4,conventional model TabPFNRegressor,model,2026-09-26 07:31:12 UTC,,,,,,,,,,,,,,,,,,,,,,,,,,,,,,,,,,,,,,,,,,,,,,,,,,,,,,,,
polaris_adme_fang_perm_1,Polaris ADME benchmark mirror: adme-fang-perm-1,polaris,polaris/adme-fang-perm-1,https://polarishub.io/benchmarks/polaris/adme-fang-perm-1,1B_MPNN_MolGPS-ens_LargeMix,mean_squared_error,0.113,predefined,10,"[{""rank"": ""1"", ""model"": ""1B_MPNN_MolGPS-ens_LargeMix"", ""metric_name"": ""mean_squared_error"", ""metric_value"": ""0.113""}, {""rank"": ""2"", ""model"": ""1B_MPNN_LargeMix-and-Phenomics"", ""metric_name"": ""mean_squared_error"", ""metric_value"": ""0.129""}, {""rank"": ""3"", ""model"": ""AceProp1"", ""metric_name"": ""mean_squared_error"", ""metric_value"": ""0.139""}, {""rank"": ""4"", ""model"": ""LateFusion-k5"", ""metric_name"": ""mean_squared_error"", ""metric_value"": ""0.161""}, {""rank"": ""5"", ""model"": ""CheMeleon"", ""metric_name"": ""mean_squared_error"", ""metric_value"": ""0.161""}, {""rank"": ""6"", ""model"": ""MolEncoder"", ""metric_name"": ""mean_squared_error"", ""metric_value"": ""0.176""}, {""rank"": ""7"", ""model"": ""TabPFNv2-rdkit"", ""metric_name"": ""mean_squared_error"", ""metric_value"": ""0.182""}, {""rank"": ""8"", ""model"": ""adme-fang-PERM-1-GIRAFFE-wae_s"", ""metric_name"": ""mean_squared_error"", ""metric_value"": ""0.203""}, {""rank"": ""9"", ""model"": ""chemlactica-1b-sft"", ""metric_name"": ""mean_squared_error"", ""metric_value"": ""0.232""}, {""rank"": ""10"", ""model"": ""optimized-random-forest-rdkit-descriptors"", ""metric_name"": ""mean_squared_error"", ""metric_value"": ""0.239""}]",2642,2113,529,raw,smiles,target,predefined,f23c02546e879de2b690e822ca8e7d9784b0e69103c2da4676f9e1f62f4cac2e,3ba0ff6ed8e4af670d029a7f058511621c8f85055a78c1c7cecdd9a37424a70a,10115,8685,1430,489,432,509,0,0,0.999,,1e-08,0.005,0.995,,212,elasticnet_cv,False,0.043287612810830614,0.3,212,3,random,212,False,2600.1708422006886,7200.0,4852.725340542198,"[""morgan"", ""ecfp6"", ""fcfp6"", ""layered"", ""atom_pair"", ""topological_torsion"", ""rdk_path"", ""maccs"", ""rdkit"", ""maplight""]","[""morgan"", ""ecfp6"", ""fcfp6"", ""layered"", ""atom_pair"", ""topological_torsion"", ""rdk_path"", ""maccs"", ""rdkit"", ""maplight""]",[],0,8685,/media/volume/AutoQSARdata_300/model_cache/feature_store_parquet,parquet,1797,845,False,/media/volume/AutoQSARdata_300/model_cache/benchmark_feature_matrix_cache/8b8c96eccf5dd09cfb762b0ddcc7d9629bdad55ffe5d85790ee612e7bd35e0f6.pkl,morgan_ecfp6_fcfp6_layered_atom_pair_topological_torsion_rdk_path_maccs_rdkit_maplight__9d9272112e8cc9d9,"Ensemble (OOF Stacking (RidgeCV, 5-fold))",ensemble,,,mse,,,,,,,0.9999999999821981,2.8750860598333095e-06,1.9030876035893595e-06,0.9999999933220656,0.5565597002057948,0.47407884814629203,0.36811242510195513,0.7391755050955393,0.22475075425971502,,,,,,,,,,,,1,,,,,,,9.0,True,-0.014249245740284966,0.239,,,,,70.819,70.819,model_stage,0.453,10,ensemble (2 method(s)),model,2026-09-26 07:32:00 UTC,,,,,,,,,,,,,,,,,,,,,,,,,,,,,,,,,,,,,,,,,,,,OOF Stacking (RidgeCV),19.0,"ElasticNetCV, SVR, Random forest, Extra trees, AdaBoost, Tabular CNN, XGBoost, CatBoost, MapLight CatBoost (Strict Parity), ChemML MLP (TensorFlow), Uni-Mol V1, Uni-Mol V2 (84m), MapLight + GNN (CatBoost, Strict Parity), CFA (Combinatorial Fusion), Chemprop v2 (D-MPNN, ensemble=3), Chemprop v2 (D-MPNN + RDKit2D, ensemble=3), Chemprop v2 (CMPNN, ensemble=3), Chemprop v2 (AttentiveFP, ensemble=3), Chemprop v2 (D-MPNN + Selected descriptors, ensemble=3)","Member selection metrics read from the train split | Dropped highly correlated members (pair correlation on train predictions, tie-break on Train Primary): Tabular MLP (pair=Extra trees/Tabular MLP, corr=0.998); Voting Regressor (KNN, SVM) (pair=Extra trees/Voting Regressor (KNN, SVM), corr=0.998); TabPFNRegressor (pair=Extra trees/TabPFNRegressor, corr=0.998); HistGradientBoosting (pair=HistGradientBoosting/XGBoost, corr=0.997); ChemML MLP (PyTorch) (pair=ChemML MLP (PyTorch)/CFA (Combinatorial Fusion), corr=0.996)",,,,,,,,,
polaris_adme_fang_perm_1,Polaris ADME benchmark mirror: adme-fang-perm-1,polaris,polaris/adme-fang-perm-1,https://polarishub.io/benchmarks/polaris/adme-fang-perm-1,1B_MPNN_MolGPS-ens_LargeMix,mean_squared_error,0.113,predefined,10,"[{""rank"": ""1"", ""model"": ""1B_MPNN_MolGPS-ens_LargeMix"", ""metric_name"": ""mean_squared_error"", ""metric_value"": ""0.113""}, {""rank"": ""2"", ""model"": ""1B_MPNN_LargeMix-and-Phenomics"", ""metric_name"": ""mean_squared_error"", ""metric_value"": ""0.129""}, {""rank"": ""3"", ""model"": ""AceProp1"", ""metric_name"": ""mean_squared_error"", ""metric_value"": ""0.139""}, {""rank"": ""4"", ""model"": ""LateFusion-k5"", ""metric_name"": ""mean_squared_error"", ""metric_value"": ""0.161""}, {""rank"": ""5"", ""model"": ""CheMeleon"", ""metric_name"": ""mean_squared_error"", ""metric_value"": ""0.161""}, {""rank"": ""6"", ""model"": ""MolEncoder"", ""metric_name"": ""mean_squared_error"", ""metric_value"": ""0.176""}, {""rank"": ""7"", ""model"": ""TabPFNv2-rdkit"", ""metric_name"": ""mean_squared_error"", ""metric_value"": ""0.182""}, {""rank"": ""8"", ""model"": ""adme-fang-PERM-1-GIRAFFE-wae_s"", ""metric_name"": ""mean_squared_error"", ""metric_value"": ""0.203""}, {""rank"": ""9"", ""model"": ""chemlactica-1b-sft"", ""metric_name"": ""mean_squared_error"", ""metric_value"": ""0.232""}, {""rank"": ""10"", ""model"": ""optimized-random-forest-rdkit-descriptors"", ""metric_name"": ""mean_squared_error"", ""metric_value"": ""0.239""}]",2642,2113,529,raw,smiles,target,predefined,f23c02546e879de2b690e822ca8e7d9784b0e69103c2da4676f9e1f62f4cac2e,3ba0ff6ed8e4af670d029a7f058511621c8f85055a78c1c7cecdd9a37424a70a,10115,8685,1430,489,432,509,0,0,0.999,,1e-08,0.005,0.995,,212,elasticnet_cv,False,0.043287612810830614,0.3,212,3,random,212,False,2600.1708422006886,7200.0,4852.725340542198,"[""morgan"", ""ecfp6"", ""fcfp6"", ""layered"", ""atom_pair"", ""topological_torsion"", ""rdk_path"", ""maccs"", ""rdkit"", ""maplight""]","[""morgan"", ""ecfp6"", ""fcfp6"", ""layered"", ""atom_pair"", ""topological_torsion"", ""rdk_path"", ""maccs"", ""rdkit"", ""maplight""]",[],0,8685,/media/volume/AutoQSARdata_300/model_cache/feature_store_parquet,parquet,1797,845,False,/media/volume/AutoQSARdata_300/model_cache/benchmark_feature_matrix_cache/8b8c96eccf5dd09cfb762b0ddcc7d9629bdad55ffe5d85790ee612e7bd35e0f6.pkl,morgan_ecfp6_fcfp6_layered_atom_pair_topological_torsion_rdk_path_maccs_rdkit_maplight__9d9272112e8cc9d9,Ensemble (Weighted average (inverse train RMSE)),ensemble,,,mse,,,,,,,0.9999999999999554,1.4398466457697079e-07,1.0856990272292467e-07,0.9999999984100157,0.5565584225506255,0.474079531111795,0.36811319400826287,0.7391755050955393,0.2247514018191794,,,,,,,,,,,,1,,,,,,,9.0,True,-0.014248598180820582,0.239,,,,,71.241,71.241,model_stage,0.875,10,ensemble (2 method(s)),model,2026-09-26 07:32:00 UTC,,,,,,,,,,,,,,,,,,,,,,,,,,,,,,,,,,,,,,,,,,,,Weighted average (inverse train RMSE),19.0,"ElasticNetCV, SVR, Random forest, Extra trees, AdaBoost, Tabular CNN, XGBoost, CatBoost, MapLight CatBoost (Strict Parity), ChemML MLP (TensorFlow), Uni-Mol V1, Uni-Mol V2 (84m), MapLight + GNN (CatBoost, Strict Parity), CFA (Combinatorial Fusion), Chemprop v2 (D-MPNN, ensemble=3), Chemprop v2 (D-MPNN + RDKit2D, ensemble=3), Chemprop v2 (CMPNN, ensemble=3), Chemprop v2 (AttentiveFP, ensemble=3), Chemprop v2 (D-MPNN + Selected descriptors, ensemble=3)","Member selection metrics read from the train split | Dropped highly correlated members (pair correlation on train predictions, tie-break on Train Primary): Tabular MLP (pair=Extra trees/Tabular MLP, corr=0.998); Voting Regressor (KNN, SVM) (pair=Extra trees/Voting Regressor (KNN, SVM), corr=0.998); TabPFNRegressor (pair=Extra trees/TabPFNRegressor, corr=0.998); HistGradientBoosting (pair=HistGradientBoosting/XGBoost, corr=0.997); ChemML MLP (PyTorch) (pair=ChemML MLP (PyTorch)/CFA (Combinatorial Fusion), corr=0.996)",,,,,,,,,
