model,train_metric,performance_strength,diversity_strength
ChemML MLP (PyTorch),2.6441951970990196e-05,37818.6905829461,0.022914605149468047
Uni-Mol V1,0.006320871545708706,158.20603104628958,0.013455536384120968
XGBoost,0.0006780048491931145,1474.915704791917,0.010415811268808936
