dataset,dataset_source,benchmark_suite,benchmark_id,leaderboard_url,leaderboard_model,leaderboard_metric_name,leaderboard_metric_value,leaderboard_dataset_split,leaderboard_top10_count,leaderboard_top10_json,n_molecules,n_train,n_test,target_transform,smiles_column,target_column,split_strategy,split_train_hash,split_test_hash,original_feature_count,post_dedup_feature_count,feature_dedup_dropped_count,feature_dedup_low_variance_count,feature_dedup_binary_prevalence_count,feature_dedup_exact_count,feature_dedup_near_count,feature_dedup_moderate_count,feature_dedup_threshold,feature_dedup_moderate_threshold,feature_dedup_variance_threshold,feature_dedup_binary_prevalence_min,feature_dedup_binary_prevalence_max,feature_dedup_scan_warning,selected_feature_count,selector_method,selector_timed_out,selector_alpha,selector_l1_ratio,selector_n_iter,selector_cv_folds,selector_cv_split_strategy,selector_max_selected_features,selector_auto_rf_large_dataset_triggered,selector_predicted_elasticnet_seconds,selector_auto_rf_threshold_seconds,selector_auto_rf_threshold_dataset_size,selected_feature_families_json,built_feature_families_json,auxiliary_feature_columns_json,auxiliary_feature_count,feature_count_with_auxiliary,feature_store_path,feature_store_shard_format,feature_store_cached_rows,feature_store_generated_rows,shared_feature_matrix_cache_hit,shared_feature_matrix_cache_file,representation_key,model,workflow,cv_folds,cv_split_strategy,primary_metric,cv_primary,benchmark_n_jobs,benchmark_cv_n_jobs,cv_r2,cv_rmse,cv_mae,train_r2,train_rmse,train_mae,train_spearman,test_r2,test_rmse,test_mae,test_spearman,primary_metric_value,train_inference_seconds,test_inference_seconds,inference_seconds,train_inference_molecules,test_inference_molecules,inference_molecules,test_inference_seconds_per_1000_molecules,inference_seconds_per_1000_molecules,inference_timing_source,model_trainable_parameters,model_parameter_count_source,leaderboard_rank,leaderboard_metric_normalized,leaderboard_metric_reference,leaderboard_delta_primary,leaderboard_lower_is_better,leaderboard_top10_best_reference,leaderboard_delta_top10_best,leaderboard_estimated_rank_vs_top10,leaderboard_estimated_in_top10,leaderboard_gap_to_top10_cutoff,leaderboard_top10_cutoff_value,model_alpha,model_l1_ratio,elasticnet_cv_folds,elasticnet_cv_split_strategy,elapsed_seconds,dataset_elapsed_seconds,cost_scope,stage_duration_seconds,cost_stage_index,cost_stage_label,cost_step_type,cost_started_at,maplight_parity_mode,maplight_seed_count,maplight_seed_values,maplight_loss_function,maplight_scaler,maplight_feature_source,error,chemprop_architecture,chemprop_variant_tag,chemprop_train_extra_args,chemprop_molecule_featurizers,chemprop_uses_selected_descriptors,chemprop_selected_descriptor_count,execution_mode,unimol_model_dir,unimol_internal_split,unimol_epochs,unimol_learning_rate,unimol_batch_size,unimol_early_stopping,unimol_num_workers,maplight_embedding_backend,maplight_embedding_kind,cfa_variant,cfa_combination_space,cfa_optimize_metric,cfa_train_metric,cfa_adjusted_metric,cfa_subset_diversity_mean,cfa_selected_models,cfa_weights_json,cfa_candidate_count,cfa_source_member_count,cfa_best_per_workflow_only,cfa_best_per_workflow_notes,cfa_requested_max_models,cfa_effective_max_models,cfa_subset_budget,cfa_effective_subset_count,cfa_estimated_candidate_count,ensemble_method,ensemble_member_count,ensemble_members,ensemble_member_filter_notes
polaris_adme_fang_hppb_1,Polaris ADME benchmark mirror: adme-fang-hppb-1,polaris,polaris/adme-fang-hppb-1,https://polarishub.io/benchmarks/polaris/adme-fang-hppb-1,1B_MPNN_LargeMix-and-Phenomics,mean_squared_error,0.143,predefined,10,"[{""rank"": ""1"", ""model"": ""1B_MPNN_LargeMix-and-Phenomics"", ""metric_name"": ""mean_squared_error"", ""metric_value"": ""0.143""}, {""rank"": ""2"", ""model"": ""1B_MPNN_MolGPS-ens_LargeMix"", ""metric_name"": ""mean_squared_error"", ""metric_value"": ""0.152""}, {""rank"": ""3"", ""model"": ""TabPFNv2-rdkit"", ""metric_name"": ""mean_squared_error"", ""metric_value"": ""0.21""}, {""rank"": ""4"", ""model"": ""adme-fang-HPPB-1-GIRAFFE-wae"", ""metric_name"": ""mean_squared_error"", ""metric_value"": ""0.219""}, {""rank"": ""5"", ""model"": ""agentomics-ml-adme-fang-hppb-1"", ""metric_name"": ""mean_squared_error"", ""metric_value"": ""0.258""}, {""rank"": ""6"", ""model"": ""nepare"", ""metric_name"": ""mean_squared_error"", ""metric_value"": ""0.303""}, {""rank"": ""7"", ""model"": ""CheMeleon"", ""metric_name"": ""mean_squared_error"", ""metric_value"": ""0.249""}, {""rank"": ""8"", ""model"": ""chemlactica-125m-sft"", ""metric_name"": ""mean_squared_error"", ""metric_value"": ""0.249""}, {""rank"": ""9"", ""model"": ""adme-fang-HPPB-1_atompair_RandomForestRegressor"", ""metric_name"": ""mean_squared_error"", ""metric_value"": ""0.333""}, {""rank"": ""10"", ""model"": ""chemma-2b-sft"", ""metric_name"": ""mean_squared_error"", ""metric_value"": ""0.383""}]",1808,1446,362,raw,smiles,target,predefined,40484d6673195f8d2fda68d20af4f3531c3597678494cf9d1b99762e1b658319,66dc633f35cdc8f4287a582e07b4fab1e1979e18c548df36ac9b9a4aeb646702,10115,8803,1312,393,342,577,0,0,0.999,,1e-08,0.005,0.995,,145,elasticnet_cv,False,0.0432876128108306,0.3,157,3,random,145,False,1633.8273389841072,7200.0,4852.725340542198,"[""morgan"", ""ecfp6"", ""fcfp6"", ""layered"", ""atom_pair"", ""topological_torsion"", ""rdk_path"", ""maccs"", ""rdkit"", ""maplight""]","[""morgan"", ""ecfp6"", ""fcfp6"", ""layered"", ""atom_pair"", ""topological_torsion"", ""rdk_path"", ""maccs"", ""rdkit"", ""maplight""]",[],0,8803,/media/volume/AutoQSARdata_300/model_cache/feature_store_parquet,parquet,1118,690,False,/media/volume/AutoQSARdata_300/model_cache/benchmark_feature_matrix_cache/23595fe0cb00651e1fda2b3ff3b0409639b203088fb183759b8f3d7df07a891e.pkl,morgan_ecfp6_fcfp6_layered_atom_pair_topological_torsion_rdk_path_maccs_rdkit_maplight__9d9272112e8cc9d9,ElasticNetCV,conventional,5.0,random,mse,0.1386700679760999,32.0,1.0,0.7305745563803985,0.3717931657875323,0.2902253130552485,0.7932100604362301,0.3268593525385709,0.2557743585556513,0.8889657320941503,0.4635671434432443,0.5478053977423508,0.4294958912746854,0.6930842860186046,0.3000907537956552,0.0033286510006291,0.0020798490004381,0.0054085000010672,1446.0,362.0,1808.0,0.0057454392277296,0.0029914269917407,fitted_estimator_predict,,unavailable,1.0,mse,0.143,0.1570907537956552,True,0.143,0.1570907537956552,8.0,True,-0.08290924620434481,0.383,0.0001,0.4,3.0,random,281.115,281.115,model_stage,1.292,4,conventional model ElasticNetCV,model,2026-06-24 10:45:06 UTC,,,,,,,,,,,,,,,,,,,,,,,,,,,,,,,,,,,,,,,,,,,,
polaris_adme_fang_hppb_1,Polaris ADME benchmark mirror: adme-fang-hppb-1,polaris,polaris/adme-fang-hppb-1,https://polarishub.io/benchmarks/polaris/adme-fang-hppb-1,1B_MPNN_LargeMix-and-Phenomics,mean_squared_error,0.143,predefined,10,"[{""rank"": ""1"", ""model"": ""1B_MPNN_LargeMix-and-Phenomics"", ""metric_name"": ""mean_squared_error"", ""metric_value"": ""0.143""}, {""rank"": ""2"", ""model"": ""1B_MPNN_MolGPS-ens_LargeMix"", ""metric_name"": ""mean_squared_error"", ""metric_value"": ""0.152""}, {""rank"": ""3"", ""model"": ""TabPFNv2-rdkit"", ""metric_name"": ""mean_squared_error"", ""metric_value"": ""0.21""}, {""rank"": ""4"", ""model"": ""adme-fang-HPPB-1-GIRAFFE-wae"", ""metric_name"": ""mean_squared_error"", ""metric_value"": ""0.219""}, {""rank"": ""5"", ""model"": ""agentomics-ml-adme-fang-hppb-1"", ""metric_name"": ""mean_squared_error"", ""metric_value"": ""0.258""}, {""rank"": ""6"", ""model"": ""nepare"", ""metric_name"": ""mean_squared_error"", ""metric_value"": ""0.303""}, {""rank"": ""7"", ""model"": ""CheMeleon"", ""metric_name"": ""mean_squared_error"", ""metric_value"": ""0.249""}, {""rank"": ""8"", ""model"": ""chemlactica-125m-sft"", ""metric_name"": ""mean_squared_error"", ""metric_value"": ""0.249""}, {""rank"": ""9"", ""model"": ""adme-fang-HPPB-1_atompair_RandomForestRegressor"", ""metric_name"": ""mean_squared_error"", ""metric_value"": ""0.333""}, {""rank"": ""10"", ""model"": ""chemma-2b-sft"", ""metric_name"": ""mean_squared_error"", ""metric_value"": ""0.383""}]",1808,1446,362,raw,smiles,target,predefined,40484d6673195f8d2fda68d20af4f3531c3597678494cf9d1b99762e1b658319,66dc633f35cdc8f4287a582e07b4fab1e1979e18c548df36ac9b9a4aeb646702,10115,8803,1312,393,342,577,0,0,0.999,,1e-08,0.005,0.995,,145,elasticnet_cv,False,0.0432876128108306,0.3,157,3,random,145,False,1633.8273389841072,7200.0,4852.725340542198,"[""morgan"", ""ecfp6"", ""fcfp6"", ""layered"", ""atom_pair"", ""topological_torsion"", ""rdk_path"", ""maccs"", ""rdkit"", ""maplight""]","[""morgan"", ""ecfp6"", ""fcfp6"", ""layered"", ""atom_pair"", ""topological_torsion"", ""rdk_path"", ""maccs"", ""rdkit"", ""maplight""]",[],0,8803,/media/volume/AutoQSARdata_300/model_cache/feature_store_parquet,parquet,1118,690,False,/media/volume/AutoQSARdata_300/model_cache/benchmark_feature_matrix_cache/23595fe0cb00651e1fda2b3ff3b0409639b203088fb183759b8f3d7df07a891e.pkl,morgan_ecfp6_fcfp6_layered_atom_pair_topological_torsion_rdk_path_maccs_rdkit_maplight__9d9272112e8cc9d9,SVR,conventional,5.0,random,mse,0.1819727278976252,32.0,5.0,0.6461643748921,0.4264875483779372,0.3277775664345944,0.9814303221201588,0.0979486372547094,0.091160554990639,0.9908015946121438,0.4929088115599386,0.5326128668904562,0.413218233462143,0.6937106797133855,0.2836764659772707,0.1556746439891867,0.039667125995038,0.1953417699842248,1446.0,362.0,1808.0,0.1095776961188897,0.1080430143718057,fitted_estimator_predict,,unavailable,1.0,mse,0.143,0.1406764659772707,True,0.143,0.1406764659772707,8.0,True,-0.09932353402272931,0.383,,,,,282.963,282.963,model_stage,1.821,5,conventional model SVR,model,2026-06-24 10:45:08 UTC,,,,,,,,,,,,,,,,,,,,,,,,,,,,,,,,,,,,,,,,,,,,
polaris_adme_fang_hppb_1,Polaris ADME benchmark mirror: adme-fang-hppb-1,polaris,polaris/adme-fang-hppb-1,https://polarishub.io/benchmarks/polaris/adme-fang-hppb-1,1B_MPNN_LargeMix-and-Phenomics,mean_squared_error,0.143,predefined,10,"[{""rank"": ""1"", ""model"": ""1B_MPNN_LargeMix-and-Phenomics"", ""metric_name"": ""mean_squared_error"", ""metric_value"": ""0.143""}, {""rank"": ""2"", ""model"": ""1B_MPNN_MolGPS-ens_LargeMix"", ""metric_name"": ""mean_squared_error"", ""metric_value"": ""0.152""}, {""rank"": ""3"", ""model"": ""TabPFNv2-rdkit"", ""metric_name"": ""mean_squared_error"", ""metric_value"": ""0.21""}, {""rank"": ""4"", ""model"": ""adme-fang-HPPB-1-GIRAFFE-wae"", ""metric_name"": ""mean_squared_error"", ""metric_value"": ""0.219""}, {""rank"": ""5"", ""model"": ""agentomics-ml-adme-fang-hppb-1"", ""metric_name"": ""mean_squared_error"", ""metric_value"": ""0.258""}, {""rank"": ""6"", ""model"": ""nepare"", ""metric_name"": ""mean_squared_error"", ""metric_value"": ""0.303""}, {""rank"": ""7"", ""model"": ""CheMeleon"", ""metric_name"": ""mean_squared_error"", ""metric_value"": ""0.249""}, {""rank"": ""8"", ""model"": ""chemlactica-125m-sft"", ""metric_name"": ""mean_squared_error"", ""metric_value"": ""0.249""}, {""rank"": ""9"", ""model"": ""adme-fang-HPPB-1_atompair_RandomForestRegressor"", ""metric_name"": ""mean_squared_error"", ""metric_value"": ""0.333""}, {""rank"": ""10"", ""model"": ""chemma-2b-sft"", ""metric_name"": ""mean_squared_error"", ""metric_value"": ""0.383""}]",1808,1446,362,raw,smiles,target,predefined,40484d6673195f8d2fda68d20af4f3531c3597678494cf9d1b99762e1b658319,66dc633f35cdc8f4287a582e07b4fab1e1979e18c548df36ac9b9a4aeb646702,10115,8803,1312,393,342,577,0,0,0.999,,1e-08,0.005,0.995,,145,elasticnet_cv,False,0.0432876128108306,0.3,157,3,random,145,False,1633.8273389841072,7200.0,4852.725340542198,"[""morgan"", ""ecfp6"", ""fcfp6"", ""layered"", ""atom_pair"", ""topological_torsion"", ""rdk_path"", ""maccs"", ""rdkit"", ""maplight""]","[""morgan"", ""ecfp6"", ""fcfp6"", ""layered"", ""atom_pair"", ""topological_torsion"", ""rdk_path"", ""maccs"", ""rdkit"", ""maplight""]",[],0,8803,/media/volume/AutoQSARdata_300/model_cache/feature_store_parquet,parquet,1118,690,False,/media/volume/AutoQSARdata_300/model_cache/benchmark_feature_matrix_cache/23595fe0cb00651e1fda2b3ff3b0409639b203088fb183759b8f3d7df07a891e.pkl,morgan_ecfp6_fcfp6_layered_atom_pair_topological_torsion_rdk_path_maccs_rdkit_maplight__9d9272112e8cc9d9,Random forest,conventional,5.0,random,mse,0.2237060890314368,32.0,1.0,0.5654578810115785,0.4722616805130594,0.3597700185966064,0.940670903500318,0.175077396705338,0.133170017834846,0.9798269669058433,0.5808699944629171,0.4842203067352778,0.374299789159683,0.7734938908291829,0.2344693054548065,0.194450320006581,0.1433503239968558,0.3378006440034369,1446.0,362.0,1808.0,0.3959953701570604,0.1868366393824319,fitted_estimator_predict,,unavailable,1.0,mse,0.143,0.0914693054548065,True,0.143,0.0914693054548065,5.0,True,-0.14853069454519352,0.383,,,,,287.98,287.98,model_stage,4.978,6,conventional model Random forest,model,2026-06-24 10:45:10 UTC,,,,,,,,,,,,,,,,,,,,,,,,,,,,,,,,,,,,,,,,,,,,
polaris_adme_fang_hppb_1,Polaris ADME benchmark mirror: adme-fang-hppb-1,polaris,polaris/adme-fang-hppb-1,https://polarishub.io/benchmarks/polaris/adme-fang-hppb-1,1B_MPNN_LargeMix-and-Phenomics,mean_squared_error,0.143,predefined,10,"[{""rank"": ""1"", ""model"": ""1B_MPNN_LargeMix-and-Phenomics"", ""metric_name"": ""mean_squared_error"", ""metric_value"": ""0.143""}, {""rank"": ""2"", ""model"": ""1B_MPNN_MolGPS-ens_LargeMix"", ""metric_name"": ""mean_squared_error"", ""metric_value"": ""0.152""}, {""rank"": ""3"", ""model"": ""TabPFNv2-rdkit"", ""metric_name"": ""mean_squared_error"", ""metric_value"": ""0.21""}, {""rank"": ""4"", ""model"": ""adme-fang-HPPB-1-GIRAFFE-wae"", ""metric_name"": ""mean_squared_error"", ""metric_value"": ""0.219""}, {""rank"": ""5"", ""model"": ""agentomics-ml-adme-fang-hppb-1"", ""metric_name"": ""mean_squared_error"", ""metric_value"": ""0.258""}, {""rank"": ""6"", ""model"": ""nepare"", ""metric_name"": ""mean_squared_error"", ""metric_value"": ""0.303""}, {""rank"": ""7"", ""model"": ""CheMeleon"", ""metric_name"": ""mean_squared_error"", ""metric_value"": ""0.249""}, {""rank"": ""8"", ""model"": ""chemlactica-125m-sft"", ""metric_name"": ""mean_squared_error"", ""metric_value"": ""0.249""}, {""rank"": ""9"", ""model"": ""adme-fang-HPPB-1_atompair_RandomForestRegressor"", ""metric_name"": ""mean_squared_error"", ""metric_value"": ""0.333""}, {""rank"": ""10"", ""model"": ""chemma-2b-sft"", ""metric_name"": ""mean_squared_error"", ""metric_value"": ""0.383""}]",1808,1446,362,raw,smiles,target,predefined,40484d6673195f8d2fda68d20af4f3531c3597678494cf9d1b99762e1b658319,66dc633f35cdc8f4287a582e07b4fab1e1979e18c548df36ac9b9a4aeb646702,10115,8803,1312,393,342,577,0,0,0.999,,1e-08,0.005,0.995,,145,elasticnet_cv,False,0.0432876128108306,0.3,157,3,random,145,False,1633.8273389841072,7200.0,4852.725340542198,"[""morgan"", ""ecfp6"", ""fcfp6"", ""layered"", ""atom_pair"", ""topological_torsion"", ""rdk_path"", ""maccs"", ""rdkit"", ""maplight""]","[""morgan"", ""ecfp6"", ""fcfp6"", ""layered"", ""atom_pair"", ""topological_torsion"", ""rdk_path"", ""maccs"", ""rdkit"", ""maplight""]",[],0,8803,/media/volume/AutoQSARdata_300/model_cache/feature_store_parquet,parquet,1118,690,False,/media/volume/AutoQSARdata_300/model_cache/benchmark_feature_matrix_cache/23595fe0cb00651e1fda2b3ff3b0409639b203088fb183759b8f3d7df07a891e.pkl,morgan_ecfp6_fcfp6_layered_atom_pair_topological_torsion_rdk_path_maccs_rdkit_maplight__9d9272112e8cc9d9,Extra trees,conventional,5.0,random,mse,0.2222630868770405,32.0,1.0,0.5681674017912945,0.4709760387960268,0.3586534609579841,0.9989565979343992,0.0232178530975038,0.0035991836211725,0.9993848541356116,0.5871275297977614,0.4805920526217631,0.377116871847483,0.7759060714118134,0.2309687210431995,0.2435137100110296,0.1860295939986826,0.4295433040097123,1446.0,362.0,1808.0,0.5138939060737091,0.2375792610673187,fitted_estimator_predict,,unavailable,1.0,mse,0.143,0.0879687210431995,True,0.143,0.0879687210431995,5.0,True,-0.15203127895680052,0.383,,,,,294.287,294.287,model_stage,6.256,7,conventional model Extra trees,model,2026-06-24 10:45:15 UTC,,,,,,,,,,,,,,,,,,,,,,,,,,,,,,,,,,,,,,,,,,,,
polaris_adme_fang_hppb_1,Polaris ADME benchmark mirror: adme-fang-hppb-1,polaris,polaris/adme-fang-hppb-1,https://polarishub.io/benchmarks/polaris/adme-fang-hppb-1,1B_MPNN_LargeMix-and-Phenomics,mean_squared_error,0.143,predefined,10,"[{""rank"": ""1"", ""model"": ""1B_MPNN_LargeMix-and-Phenomics"", ""metric_name"": ""mean_squared_error"", ""metric_value"": ""0.143""}, {""rank"": ""2"", ""model"": ""1B_MPNN_MolGPS-ens_LargeMix"", ""metric_name"": ""mean_squared_error"", ""metric_value"": ""0.152""}, {""rank"": ""3"", ""model"": ""TabPFNv2-rdkit"", ""metric_name"": ""mean_squared_error"", ""metric_value"": ""0.21""}, {""rank"": ""4"", ""model"": ""adme-fang-HPPB-1-GIRAFFE-wae"", ""metric_name"": ""mean_squared_error"", ""metric_value"": ""0.219""}, {""rank"": ""5"", ""model"": ""agentomics-ml-adme-fang-hppb-1"", ""metric_name"": ""mean_squared_error"", ""metric_value"": ""0.258""}, {""rank"": ""6"", ""model"": ""nepare"", ""metric_name"": ""mean_squared_error"", ""metric_value"": ""0.303""}, {""rank"": ""7"", ""model"": ""CheMeleon"", ""metric_name"": ""mean_squared_error"", ""metric_value"": ""0.249""}, {""rank"": ""8"", ""model"": ""chemlactica-125m-sft"", ""metric_name"": ""mean_squared_error"", ""metric_value"": ""0.249""}, {""rank"": ""9"", ""model"": ""adme-fang-HPPB-1_atompair_RandomForestRegressor"", ""metric_name"": ""mean_squared_error"", ""metric_value"": ""0.333""}, {""rank"": ""10"", ""model"": ""chemma-2b-sft"", ""metric_name"": ""mean_squared_error"", ""metric_value"": ""0.383""}]",1808,1446,362,raw,smiles,target,predefined,40484d6673195f8d2fda68d20af4f3531c3597678494cf9d1b99762e1b658319,66dc633f35cdc8f4287a582e07b4fab1e1979e18c548df36ac9b9a4aeb646702,10115,8803,1312,393,342,577,0,0,0.999,,1e-08,0.005,0.995,,145,elasticnet_cv,False,0.0432876128108306,0.3,157,3,random,145,False,1633.8273389841072,7200.0,4852.725340542198,"[""morgan"", ""ecfp6"", ""fcfp6"", ""layered"", ""atom_pair"", ""topological_torsion"", ""rdk_path"", ""maccs"", ""rdkit"", ""maplight""]","[""morgan"", ""ecfp6"", ""fcfp6"", ""layered"", ""atom_pair"", ""topological_torsion"", ""rdk_path"", ""maccs"", ""rdkit"", ""maplight""]",[],0,8803,/media/volume/AutoQSARdata_300/model_cache/feature_store_parquet,parquet,1118,690,False,/media/volume/AutoQSARdata_300/model_cache/benchmark_feature_matrix_cache/23595fe0cb00651e1fda2b3ff3b0409639b203088fb183759b8f3d7df07a891e.pkl,morgan_ecfp6_fcfp6_layered_atom_pair_topological_torsion_rdk_path_maccs_rdkit_maplight__9d9272112e8cc9d9,HistGradientBoosting,conventional,5.0,random,mse,0.1831849946516065,32.0,5.0,0.6440576934528096,0.4270458911844614,0.3230976988226286,0.97620988118472,0.1108650145867276,0.0811533700938564,0.988130008364392,0.5810788741661777,0.4840996324845457,0.3655065165215235,0.7616614184195292,0.2343524541716722,0.0271253259998047,0.0164437100029317,0.0435690360027365,1446.0,362.0,1808.0,0.0454246132677673,0.0240979181431064,fitted_estimator_predict,,unavailable,1.0,mse,0.143,0.0913524541716722,True,0.143,0.0913524541716722,5.0,True,-0.14864754582832782,0.383,,,,,299.999,299.999,model_stage,5.647,8,conventional model HistGradientBoosting,model,2026-06-24 10:45:21 UTC,,,,,,,,,,,,,,,,,,,,,,,,,,,,,,,,,,,,,,,,,,,,
polaris_adme_fang_hppb_1,Polaris ADME benchmark mirror: adme-fang-hppb-1,polaris,polaris/adme-fang-hppb-1,https://polarishub.io/benchmarks/polaris/adme-fang-hppb-1,1B_MPNN_LargeMix-and-Phenomics,mean_squared_error,0.143,predefined,10,"[{""rank"": ""1"", ""model"": ""1B_MPNN_LargeMix-and-Phenomics"", ""metric_name"": ""mean_squared_error"", ""metric_value"": ""0.143""}, {""rank"": ""2"", ""model"": ""1B_MPNN_MolGPS-ens_LargeMix"", ""metric_name"": ""mean_squared_error"", ""metric_value"": ""0.152""}, {""rank"": ""3"", ""model"": ""TabPFNv2-rdkit"", ""metric_name"": ""mean_squared_error"", ""metric_value"": ""0.21""}, {""rank"": ""4"", ""model"": ""adme-fang-HPPB-1-GIRAFFE-wae"", ""metric_name"": ""mean_squared_error"", ""metric_value"": ""0.219""}, {""rank"": ""5"", ""model"": ""agentomics-ml-adme-fang-hppb-1"", ""metric_name"": ""mean_squared_error"", ""metric_value"": ""0.258""}, {""rank"": ""6"", ""model"": ""nepare"", ""metric_name"": ""mean_squared_error"", ""metric_value"": ""0.303""}, {""rank"": ""7"", ""model"": ""CheMeleon"", ""metric_name"": ""mean_squared_error"", ""metric_value"": ""0.249""}, {""rank"": ""8"", ""model"": ""chemlactica-125m-sft"", ""metric_name"": ""mean_squared_error"", ""metric_value"": ""0.249""}, {""rank"": ""9"", ""model"": ""adme-fang-HPPB-1_atompair_RandomForestRegressor"", ""metric_name"": ""mean_squared_error"", ""metric_value"": ""0.333""}, {""rank"": ""10"", ""model"": ""chemma-2b-sft"", ""metric_name"": ""mean_squared_error"", ""metric_value"": ""0.383""}]",1808,1446,362,raw,smiles,target,predefined,40484d6673195f8d2fda68d20af4f3531c3597678494cf9d1b99762e1b658319,66dc633f35cdc8f4287a582e07b4fab1e1979e18c548df36ac9b9a4aeb646702,10115,8803,1312,393,342,577,0,0,0.999,,1e-08,0.005,0.995,,145,elasticnet_cv,False,0.0432876128108306,0.3,157,3,random,145,False,1633.8273389841072,7200.0,4852.725340542198,"[""morgan"", ""ecfp6"", ""fcfp6"", ""layered"", ""atom_pair"", ""topological_torsion"", ""rdk_path"", ""maccs"", ""rdkit"", ""maplight""]","[""morgan"", ""ecfp6"", ""fcfp6"", ""layered"", ""atom_pair"", ""topological_torsion"", ""rdk_path"", ""maccs"", ""rdkit"", ""maplight""]",[],0,8803,/media/volume/AutoQSARdata_300/model_cache/feature_store_parquet,parquet,1118,690,False,/media/volume/AutoQSARdata_300/model_cache/benchmark_feature_matrix_cache/23595fe0cb00651e1fda2b3ff3b0409639b203088fb183759b8f3d7df07a891e.pkl,morgan_ecfp6_fcfp6_layered_atom_pair_topological_torsion_rdk_path_maccs_rdkit_maplight__9d9272112e8cc9d9,"Voting Regressor (KNN, SVM)",conventional,5.0,random,mse,0.213669277705282,32.0,1.0,0.5845618777522458,0.4621455268933491,0.358074616553614,0.9945750149687383,0.0529414077177925,0.0473001410344596,0.9973035261837012,0.5022620436150738,0.5276780172390793,0.4167263772291369,0.7102551952998689,0.278444089877366,0.1908737510093487,0.0583057820040266,0.2491795330133754,1446.0,362.0,1808.0,0.1610656961437201,0.1378205381711147,fitted_estimator_predict,,unavailable,1.0,mse,0.143,0.135444089877366,True,0.143,0.135444089877366,8.0,True,-0.10455591012263399,0.383,,,,,301.344,301.344,model_stage,1.279,9,"conventional model Voting Regressor (KNN, SVM)",model,2026-06-24 10:45:27 UTC,,,,,,,,,,,,,,,,,,,,,,,,,,,,,,,,,,,,,,,,,,,,
polaris_adme_fang_hppb_1,Polaris ADME benchmark mirror: adme-fang-hppb-1,polaris,polaris/adme-fang-hppb-1,https://polarishub.io/benchmarks/polaris/adme-fang-hppb-1,1B_MPNN_LargeMix-and-Phenomics,mean_squared_error,0.143,predefined,10,"[{""rank"": ""1"", ""model"": ""1B_MPNN_LargeMix-and-Phenomics"", ""metric_name"": ""mean_squared_error"", ""metric_value"": ""0.143""}, {""rank"": ""2"", ""model"": ""1B_MPNN_MolGPS-ens_LargeMix"", ""metric_name"": ""mean_squared_error"", ""metric_value"": ""0.152""}, {""rank"": ""3"", ""model"": ""TabPFNv2-rdkit"", ""metric_name"": ""mean_squared_error"", ""metric_value"": ""0.21""}, {""rank"": ""4"", ""model"": ""adme-fang-HPPB-1-GIRAFFE-wae"", ""metric_name"": ""mean_squared_error"", ""metric_value"": ""0.219""}, {""rank"": ""5"", ""model"": ""agentomics-ml-adme-fang-hppb-1"", ""metric_name"": ""mean_squared_error"", ""metric_value"": ""0.258""}, {""rank"": ""6"", ""model"": ""nepare"", ""metric_name"": ""mean_squared_error"", ""metric_value"": ""0.303""}, {""rank"": ""7"", ""model"": ""CheMeleon"", ""metric_name"": ""mean_squared_error"", ""metric_value"": ""0.249""}, {""rank"": ""8"", ""model"": ""chemlactica-125m-sft"", ""metric_name"": ""mean_squared_error"", ""metric_value"": ""0.249""}, {""rank"": ""9"", ""model"": ""adme-fang-HPPB-1_atompair_RandomForestRegressor"", ""metric_name"": ""mean_squared_error"", ""metric_value"": ""0.333""}, {""rank"": ""10"", ""model"": ""chemma-2b-sft"", ""metric_name"": ""mean_squared_error"", ""metric_value"": ""0.383""}]",1808,1446,362,raw,smiles,target,predefined,40484d6673195f8d2fda68d20af4f3531c3597678494cf9d1b99762e1b658319,66dc633f35cdc8f4287a582e07b4fab1e1979e18c548df36ac9b9a4aeb646702,10115,8803,1312,393,342,577,0,0,0.999,,1e-08,0.005,0.995,,145,elasticnet_cv,False,0.0432876128108306,0.3,157,3,random,145,False,1633.8273389841072,7200.0,4852.725340542198,"[""morgan"", ""ecfp6"", ""fcfp6"", ""layered"", ""atom_pair"", ""topological_torsion"", ""rdk_path"", ""maccs"", ""rdkit"", ""maplight""]","[""morgan"", ""ecfp6"", ""fcfp6"", ""layered"", ""atom_pair"", ""topological_torsion"", ""rdk_path"", ""maccs"", ""rdkit"", ""maplight""]",[],0,8803,/media/volume/AutoQSARdata_300/model_cache/feature_store_parquet,parquet,1118,690,False,/media/volume/AutoQSARdata_300/model_cache/benchmark_feature_matrix_cache/23595fe0cb00651e1fda2b3ff3b0409639b203088fb183759b8f3d7df07a891e.pkl,morgan_ecfp6_fcfp6_layered_atom_pair_topological_torsion_rdk_path_maccs_rdkit_maplight__9d9272112e8cc9d9,AdaBoost,conventional,5.0,random,mse,0.2932748088040927,32.0,5.0,0.4299552511706455,0.5411326914669508,0.4366096227861778,0.5151096244542622,0.5005160343724595,0.413829025484105,0.7315907910836359,0.4496609488054759,0.5548604724198855,0.4477376908763577,0.7121332052347764,0.3078701438540184,0.1189179499924648,0.0750497989938594,0.1939677489863243,1446.0,362.0,1808.0,0.2073198867233686,0.1072830470057103,fitted_estimator_predict,,unavailable,1.0,mse,0.143,0.1648701438540184,True,0.143,0.1648701438540184,9.0,True,-0.07512985614598161,0.383,,,,,307.767,307.767,model_stage,6.346,10,conventional model AdaBoost,model,2026-06-24 10:45:28 UTC,,,,,,,,,,,,,,,,,,,,,,,,,,,,,,,,,,,,,,,,,,,,
polaris_adme_fang_hppb_1,Polaris ADME benchmark mirror: adme-fang-hppb-1,polaris,polaris/adme-fang-hppb-1,https://polarishub.io/benchmarks/polaris/adme-fang-hppb-1,1B_MPNN_LargeMix-and-Phenomics,mean_squared_error,0.143,predefined,10,"[{""rank"": ""1"", ""model"": ""1B_MPNN_LargeMix-and-Phenomics"", ""metric_name"": ""mean_squared_error"", ""metric_value"": ""0.143""}, {""rank"": ""2"", ""model"": ""1B_MPNN_MolGPS-ens_LargeMix"", ""metric_name"": ""mean_squared_error"", ""metric_value"": ""0.152""}, {""rank"": ""3"", ""model"": ""TabPFNv2-rdkit"", ""metric_name"": ""mean_squared_error"", ""metric_value"": ""0.21""}, {""rank"": ""4"", ""model"": ""adme-fang-HPPB-1-GIRAFFE-wae"", ""metric_name"": ""mean_squared_error"", ""metric_value"": ""0.219""}, {""rank"": ""5"", ""model"": ""agentomics-ml-adme-fang-hppb-1"", ""metric_name"": ""mean_squared_error"", ""metric_value"": ""0.258""}, {""rank"": ""6"", ""model"": ""nepare"", ""metric_name"": ""mean_squared_error"", ""metric_value"": ""0.303""}, {""rank"": ""7"", ""model"": ""CheMeleon"", ""metric_name"": ""mean_squared_error"", ""metric_value"": ""0.249""}, {""rank"": ""8"", ""model"": ""chemlactica-125m-sft"", ""metric_name"": ""mean_squared_error"", ""metric_value"": ""0.249""}, {""rank"": ""9"", ""model"": ""adme-fang-HPPB-1_atompair_RandomForestRegressor"", ""metric_name"": ""mean_squared_error"", ""metric_value"": ""0.333""}, {""rank"": ""10"", ""model"": ""chemma-2b-sft"", ""metric_name"": ""mean_squared_error"", ""metric_value"": ""0.383""}]",1808,1446,362,raw,smiles,target,predefined,40484d6673195f8d2fda68d20af4f3531c3597678494cf9d1b99762e1b658319,66dc633f35cdc8f4287a582e07b4fab1e1979e18c548df36ac9b9a4aeb646702,10115,8803,1312,393,342,577,0,0,0.999,,1e-08,0.005,0.995,,145,elasticnet_cv,False,0.0432876128108306,0.3,157,3,random,145,False,1633.8273389841072,7200.0,4852.725340542198,"[""morgan"", ""ecfp6"", ""fcfp6"", ""layered"", ""atom_pair"", ""topological_torsion"", ""rdk_path"", ""maccs"", ""rdkit"", ""maplight""]","[""morgan"", ""ecfp6"", ""fcfp6"", ""layered"", ""atom_pair"", ""topological_torsion"", ""rdk_path"", ""maccs"", ""rdkit"", ""maplight""]",[],0,8803,/media/volume/AutoQSARdata_300/model_cache/feature_store_parquet,parquet,1118,690,False,/media/volume/AutoQSARdata_300/model_cache/benchmark_feature_matrix_cache/23595fe0cb00651e1fda2b3ff3b0409639b203088fb183759b8f3d7df07a891e.pkl,morgan_ecfp6_fcfp6_layered_atom_pair_topological_torsion_rdk_path_maccs_rdkit_maplight__9d9272112e8cc9d9,Tabular MLP,conventional,5.0,random,mse,0.1724898077031126,32.0,5.0,0.6648139360020873,0.4150888365157616,0.3210177428708126,0.9970432776324128,0.0390842233406809,0.0226058299362258,0.9984527011550988,0.4638896104258339,0.5476407212997673,0.4215879282793874,0.6987042325798438,0.2999103596257294,0.0084792449924862,0.003507368004648,0.0119866129971342,1446.0,362.0,1808.0,0.0096888618912928,0.0066297638258485,fitted_estimator_predict,206337.0,sklearn_mlp_coefs,1.0,mse,0.143,0.1569103596257293,True,0.143,0.1569103596257293,8.0,True,-0.08308964037427063,0.383,0.0001,,,,313.416,313.416,model_stage,5.564,11,conventional model Tabular MLP,model,2026-06-24 10:45:34 UTC,,,,,,,,,,,,,,,,,,,,,,,,,,,,,,,,,,,,,,,,,,,,
polaris_adme_fang_hppb_1,Polaris ADME benchmark mirror: adme-fang-hppb-1,polaris,polaris/adme-fang-hppb-1,https://polarishub.io/benchmarks/polaris/adme-fang-hppb-1,1B_MPNN_LargeMix-and-Phenomics,mean_squared_error,0.143,predefined,10,"[{""rank"": ""1"", ""model"": ""1B_MPNN_LargeMix-and-Phenomics"", ""metric_name"": ""mean_squared_error"", ""metric_value"": ""0.143""}, {""rank"": ""2"", ""model"": ""1B_MPNN_MolGPS-ens_LargeMix"", ""metric_name"": ""mean_squared_error"", ""metric_value"": ""0.152""}, {""rank"": ""3"", ""model"": ""TabPFNv2-rdkit"", ""metric_name"": ""mean_squared_error"", ""metric_value"": ""0.21""}, {""rank"": ""4"", ""model"": ""adme-fang-HPPB-1-GIRAFFE-wae"", ""metric_name"": ""mean_squared_error"", ""metric_value"": ""0.219""}, {""rank"": ""5"", ""model"": ""agentomics-ml-adme-fang-hppb-1"", ""metric_name"": ""mean_squared_error"", ""metric_value"": ""0.258""}, {""rank"": ""6"", ""model"": ""nepare"", ""metric_name"": ""mean_squared_error"", ""metric_value"": ""0.303""}, {""rank"": ""7"", ""model"": ""CheMeleon"", ""metric_name"": ""mean_squared_error"", ""metric_value"": ""0.249""}, {""rank"": ""8"", ""model"": ""chemlactica-125m-sft"", ""metric_name"": ""mean_squared_error"", ""metric_value"": ""0.249""}, {""rank"": ""9"", ""model"": ""adme-fang-HPPB-1_atompair_RandomForestRegressor"", ""metric_name"": ""mean_squared_error"", ""metric_value"": ""0.333""}, {""rank"": ""10"", ""model"": ""chemma-2b-sft"", ""metric_name"": ""mean_squared_error"", ""metric_value"": ""0.383""}]",1808,1446,362,raw,smiles,target,predefined,40484d6673195f8d2fda68d20af4f3531c3597678494cf9d1b99762e1b658319,66dc633f35cdc8f4287a582e07b4fab1e1979e18c548df36ac9b9a4aeb646702,10115,8803,1312,393,342,577,0,0,0.999,,1e-08,0.005,0.995,,145,elasticnet_cv,False,0.0432876128108306,0.3,157,3,random,145,False,1633.8273389841072,7200.0,4852.725340542198,"[""morgan"", ""ecfp6"", ""fcfp6"", ""layered"", ""atom_pair"", ""topological_torsion"", ""rdk_path"", ""maccs"", ""rdkit"", ""maplight""]","[""morgan"", ""ecfp6"", ""fcfp6"", ""layered"", ""atom_pair"", ""topological_torsion"", ""rdk_path"", ""maccs"", ""rdkit"", ""maplight""]",[],0,8803,/media/volume/AutoQSARdata_300/model_cache/feature_store_parquet,parquet,1118,690,False,/media/volume/AutoQSARdata_300/model_cache/benchmark_feature_matrix_cache/23595fe0cb00651e1fda2b3ff3b0409639b203088fb183759b8f3d7df07a891e.pkl,morgan_ecfp6_fcfp6_layered_atom_pair_topological_torsion_rdk_path_maccs_rdkit_maplight__9d9272112e8cc9d9,Tabular CNN,conventional,5.0,random,mse,0.3471132224277427,32.0,5.0,0.3250700387874752,0.5889557608606905,0.46316532631677,0.6243670581672334,0.4405325963581394,0.3473395126351958,0.7927156733090392,0.3684011090017484,0.5944143718410899,0.4775049797109246,0.6242967715363243,0.3533284454512375,0.0721001420024549,0.0185109349986305,0.0906110770010855,1446.0,362.0,1808.0,0.051135179554228,0.0501167461289189,fitted_estimator_predict,29377.0,model_.keras_count_params,1.0,mse,0.143,0.2103284454512375,True,0.143,0.2103284454512375,10.0,True,-0.029671554548762524,0.383,,,,,343.592,343.592,model_stage,30.07,12,conventional model Tabular CNN,model,2026-06-24 10:45:40 UTC,,,,,,,,,,,,,,,,,,,,,,,,,,,,,,,,,,,,,,,,,,,,
polaris_adme_fang_hppb_1,Polaris ADME benchmark mirror: adme-fang-hppb-1,polaris,polaris/adme-fang-hppb-1,https://polarishub.io/benchmarks/polaris/adme-fang-hppb-1,1B_MPNN_LargeMix-and-Phenomics,mean_squared_error,0.143,predefined,10,"[{""rank"": ""1"", ""model"": ""1B_MPNN_LargeMix-and-Phenomics"", ""metric_name"": ""mean_squared_error"", ""metric_value"": ""0.143""}, {""rank"": ""2"", ""model"": ""1B_MPNN_MolGPS-ens_LargeMix"", ""metric_name"": ""mean_squared_error"", ""metric_value"": ""0.152""}, {""rank"": ""3"", ""model"": ""TabPFNv2-rdkit"", ""metric_name"": ""mean_squared_error"", ""metric_value"": ""0.21""}, {""rank"": ""4"", ""model"": ""adme-fang-HPPB-1-GIRAFFE-wae"", ""metric_name"": ""mean_squared_error"", ""metric_value"": ""0.219""}, {""rank"": ""5"", ""model"": ""agentomics-ml-adme-fang-hppb-1"", ""metric_name"": ""mean_squared_error"", ""metric_value"": ""0.258""}, {""rank"": ""6"", ""model"": ""nepare"", ""metric_name"": ""mean_squared_error"", ""metric_value"": ""0.303""}, {""rank"": ""7"", ""model"": ""CheMeleon"", ""metric_name"": ""mean_squared_error"", ""metric_value"": ""0.249""}, {""rank"": ""8"", ""model"": ""chemlactica-125m-sft"", ""metric_name"": ""mean_squared_error"", ""metric_value"": ""0.249""}, {""rank"": ""9"", ""model"": ""adme-fang-HPPB-1_atompair_RandomForestRegressor"", ""metric_name"": ""mean_squared_error"", ""metric_value"": ""0.333""}, {""rank"": ""10"", ""model"": ""chemma-2b-sft"", ""metric_name"": ""mean_squared_error"", ""metric_value"": ""0.383""}]",1808,1446,362,raw,smiles,target,predefined,40484d6673195f8d2fda68d20af4f3531c3597678494cf9d1b99762e1b658319,66dc633f35cdc8f4287a582e07b4fab1e1979e18c548df36ac9b9a4aeb646702,10115,8803,1312,393,342,577,0,0,0.999,,1e-08,0.005,0.995,,145,elasticnet_cv,False,0.0432876128108306,0.3,157,3,random,145,False,1633.8273389841072,7200.0,4852.725340542198,"[""morgan"", ""ecfp6"", ""fcfp6"", ""layered"", ""atom_pair"", ""topological_torsion"", ""rdk_path"", ""maccs"", ""rdkit"", ""maplight""]","[""morgan"", ""ecfp6"", ""fcfp6"", ""layered"", ""atom_pair"", ""topological_torsion"", ""rdk_path"", ""maccs"", ""rdkit"", ""maplight""]",[],0,8803,/media/volume/AutoQSARdata_300/model_cache/feature_store_parquet,parquet,1118,690,False,/media/volume/AutoQSARdata_300/model_cache/benchmark_feature_matrix_cache/23595fe0cb00651e1fda2b3ff3b0409639b203088fb183759b8f3d7df07a891e.pkl,morgan_ecfp6_fcfp6_layered_atom_pair_topological_torsion_rdk_path_maccs_rdkit_maplight__9d9272112e8cc9d9,XGBoost,conventional,5.0,random,mse,0.185987877904497,32.0,1.0,0.638663709702624,0.4306551564177477,0.3254488458757618,0.9852303241310086,0.0873537785033363,0.062826630164653,0.9924981430375426,0.5966907866393523,0.4749935295125801,0.3686736410788142,0.7749689498168939,0.2256188530788183,0.0077845259947935,0.0069373399892356,0.0147218659840291,1446.0,362.0,1808.0,0.0191639226221978,0.0081426249911665,fitted_estimator_predict,,unavailable,1.0,mse,0.143,0.0826188530788183,True,0.143,0.0826188530788183,5.0,True,-0.1573811469211817,0.383,,,,,350.896,350.896,model_stage,7.194,13,conventional model XGBoost,model,2026-06-24 10:46:10 UTC,,,,,,,,,,,,,,,,,,,,,,,,,,,,,,,,,,,,,,,,,,,,
polaris_adme_fang_hppb_1,Polaris ADME benchmark mirror: adme-fang-hppb-1,polaris,polaris/adme-fang-hppb-1,https://polarishub.io/benchmarks/polaris/adme-fang-hppb-1,1B_MPNN_LargeMix-and-Phenomics,mean_squared_error,0.143,predefined,10,"[{""rank"": ""1"", ""model"": ""1B_MPNN_LargeMix-and-Phenomics"", ""metric_name"": ""mean_squared_error"", ""metric_value"": ""0.143""}, {""rank"": ""2"", ""model"": ""1B_MPNN_MolGPS-ens_LargeMix"", ""metric_name"": ""mean_squared_error"", ""metric_value"": ""0.152""}, {""rank"": ""3"", ""model"": ""TabPFNv2-rdkit"", ""metric_name"": ""mean_squared_error"", ""metric_value"": ""0.21""}, {""rank"": ""4"", ""model"": ""adme-fang-HPPB-1-GIRAFFE-wae"", ""metric_name"": ""mean_squared_error"", ""metric_value"": ""0.219""}, {""rank"": ""5"", ""model"": ""agentomics-ml-adme-fang-hppb-1"", ""metric_name"": ""mean_squared_error"", ""metric_value"": ""0.258""}, {""rank"": ""6"", ""model"": ""nepare"", ""metric_name"": ""mean_squared_error"", ""metric_value"": ""0.303""}, {""rank"": ""7"", ""model"": ""CheMeleon"", ""metric_name"": ""mean_squared_error"", ""metric_value"": ""0.249""}, {""rank"": ""8"", ""model"": ""chemlactica-125m-sft"", ""metric_name"": ""mean_squared_error"", ""metric_value"": ""0.249""}, {""rank"": ""9"", ""model"": ""adme-fang-HPPB-1_atompair_RandomForestRegressor"", ""metric_name"": ""mean_squared_error"", ""metric_value"": ""0.333""}, {""rank"": ""10"", ""model"": ""chemma-2b-sft"", ""metric_name"": ""mean_squared_error"", ""metric_value"": ""0.383""}]",1808,1446,362,raw,smiles,target,predefined,40484d6673195f8d2fda68d20af4f3531c3597678494cf9d1b99762e1b658319,66dc633f35cdc8f4287a582e07b4fab1e1979e18c548df36ac9b9a4aeb646702,10115,8803,1312,393,342,577,0,0,0.999,,1e-08,0.005,0.995,,145,elasticnet_cv,False,0.0432876128108306,0.3,157,3,random,145,False,1633.8273389841072,7200.0,4852.725340542198,"[""morgan"", ""ecfp6"", ""fcfp6"", ""layered"", ""atom_pair"", ""topological_torsion"", ""rdk_path"", ""maccs"", ""rdkit"", ""maplight""]","[""morgan"", ""ecfp6"", ""fcfp6"", ""layered"", ""atom_pair"", ""topological_torsion"", ""rdk_path"", ""maccs"", ""rdkit"", ""maplight""]",[],0,8803,/media/volume/AutoQSARdata_300/model_cache/feature_store_parquet,parquet,1118,690,False,/media/volume/AutoQSARdata_300/model_cache/benchmark_feature_matrix_cache/23595fe0cb00651e1fda2b3ff3b0409639b203088fb183759b8f3d7df07a891e.pkl,morgan_ecfp6_fcfp6_layered_atom_pair_topological_torsion_rdk_path_maccs_rdkit_maplight__9d9272112e8cc9d9,CatBoost,conventional,5.0,random,mse,0.1826112571946118,32.0,1.0,0.6452947617810411,0.4267373192869012,0.3250386740373507,0.8726876590786903,0.2564669841067999,0.1986202327843367,0.9390489525959802,0.5973297742160457,0.4746170996307513,0.3704176424665922,0.778836963785612,0.2252613912619065,0.0061370430048555,0.0034534259903011,0.0095904689951566,1446.0,362.0,1808.0,0.0095398508019369,0.005304462939799,fitted_estimator_predict,,unavailable,1.0,mse,0.143,0.0822613912619065,True,0.143,0.0822613912619065,5.0,True,-0.1577386087380935,0.383,,,,,360.181,360.181,model_stage,9.166,14,conventional model CatBoost,model,2026-06-24 10:46:18 UTC,,,,,,,,,,,,,,,,,,,,,,,,,,,,,,,,,,,,,,,,,,,,
polaris_adme_fang_hppb_1,Polaris ADME benchmark mirror: adme-fang-hppb-1,polaris,polaris/adme-fang-hppb-1,https://polarishub.io/benchmarks/polaris/adme-fang-hppb-1,1B_MPNN_LargeMix-and-Phenomics,mean_squared_error,0.143,predefined,10,"[{""rank"": ""1"", ""model"": ""1B_MPNN_LargeMix-and-Phenomics"", ""metric_name"": ""mean_squared_error"", ""metric_value"": ""0.143""}, {""rank"": ""2"", ""model"": ""1B_MPNN_MolGPS-ens_LargeMix"", ""metric_name"": ""mean_squared_error"", ""metric_value"": ""0.152""}, {""rank"": ""3"", ""model"": ""TabPFNv2-rdkit"", ""metric_name"": ""mean_squared_error"", ""metric_value"": ""0.21""}, {""rank"": ""4"", ""model"": ""adme-fang-HPPB-1-GIRAFFE-wae"", ""metric_name"": ""mean_squared_error"", ""metric_value"": ""0.219""}, {""rank"": ""5"", ""model"": ""agentomics-ml-adme-fang-hppb-1"", ""metric_name"": ""mean_squared_error"", ""metric_value"": ""0.258""}, {""rank"": ""6"", ""model"": ""nepare"", ""metric_name"": ""mean_squared_error"", ""metric_value"": ""0.303""}, {""rank"": ""7"", ""model"": ""CheMeleon"", ""metric_name"": ""mean_squared_error"", ""metric_value"": ""0.249""}, {""rank"": ""8"", ""model"": ""chemlactica-125m-sft"", ""metric_name"": ""mean_squared_error"", ""metric_value"": ""0.249""}, {""rank"": ""9"", ""model"": ""adme-fang-HPPB-1_atompair_RandomForestRegressor"", ""metric_name"": ""mean_squared_error"", ""metric_value"": ""0.333""}, {""rank"": ""10"", ""model"": ""chemma-2b-sft"", ""metric_name"": ""mean_squared_error"", ""metric_value"": ""0.383""}]",1808,1446,362,raw,smiles,target,predefined,40484d6673195f8d2fda68d20af4f3531c3597678494cf9d1b99762e1b658319,66dc633f35cdc8f4287a582e07b4fab1e1979e18c548df36ac9b9a4aeb646702,10115,8803,1312,393,342,577,0,0,0.999,,1e-08,0.005,0.995,,145,elasticnet_cv,False,0.0432876128108306,0.3,157,3,random,145,False,1633.8273389841072,7200.0,4852.725340542198,"[""morgan"", ""ecfp6"", ""fcfp6"", ""layered"", ""atom_pair"", ""topological_torsion"", ""rdk_path"", ""maccs"", ""rdkit"", ""maplight""]","[""morgan"", ""ecfp6"", ""fcfp6"", ""layered"", ""atom_pair"", ""topological_torsion"", ""rdk_path"", ""maccs"", ""rdkit"", ""maplight""]",[],0,8803,/media/volume/AutoQSARdata_300/model_cache/feature_store_parquet,parquet,1118,690,False,/media/volume/AutoQSARdata_300/model_cache/benchmark_feature_matrix_cache/23595fe0cb00651e1fda2b3ff3b0409639b203088fb183759b8f3d7df07a891e.pkl,morgan_ecfp6_fcfp6_layered_atom_pair_topological_torsion_rdk_path_maccs_rdkit_maplight__9d9272112e8cc9d9,MapLight CatBoost (Strict Parity),conventional,5.0,seed_ensemble_no_cv,mae,,32.0,,,,,0.8846577555381494,0.2441127212418875,0.145445382216615,0.9550536072899038,0.6276409356159736,0.4564041525243244,0.3529253862135978,0.8064083737768846,0.3529253862135978,,,,,,,,,,,,1.0,mse,,,True,,,,,,,,,,,454.321,454.321,model_stage,94.005,15,conventional model MapLight CatBoost (Strict Parity),model,2026-06-24 10:46:27 UTC,strict,5.0,"1,2,3,4,5",MAE,StandardScaler,direct_maplight_classic_from_smiles_no_dedup,,,,,,,,,,,,,,,,,,,,,,,,,,,,,,,,,,,,,,
polaris_adme_fang_hppb_1,Polaris ADME benchmark mirror: adme-fang-hppb-1,polaris,polaris/adme-fang-hppb-1,https://polarishub.io/benchmarks/polaris/adme-fang-hppb-1,1B_MPNN_LargeMix-and-Phenomics,mean_squared_error,0.143,predefined,10,"[{""rank"": ""1"", ""model"": ""1B_MPNN_LargeMix-and-Phenomics"", ""metric_name"": ""mean_squared_error"", ""metric_value"": ""0.143""}, {""rank"": ""2"", ""model"": ""1B_MPNN_MolGPS-ens_LargeMix"", ""metric_name"": ""mean_squared_error"", ""metric_value"": ""0.152""}, {""rank"": ""3"", ""model"": ""TabPFNv2-rdkit"", ""metric_name"": ""mean_squared_error"", ""metric_value"": ""0.21""}, {""rank"": ""4"", ""model"": ""adme-fang-HPPB-1-GIRAFFE-wae"", ""metric_name"": ""mean_squared_error"", ""metric_value"": ""0.219""}, {""rank"": ""5"", ""model"": ""agentomics-ml-adme-fang-hppb-1"", ""metric_name"": ""mean_squared_error"", ""metric_value"": ""0.258""}, {""rank"": ""6"", ""model"": ""nepare"", ""metric_name"": ""mean_squared_error"", ""metric_value"": ""0.303""}, {""rank"": ""7"", ""model"": ""CheMeleon"", ""metric_name"": ""mean_squared_error"", ""metric_value"": ""0.249""}, {""rank"": ""8"", ""model"": ""chemlactica-125m-sft"", ""metric_name"": ""mean_squared_error"", ""metric_value"": ""0.249""}, {""rank"": ""9"", ""model"": ""adme-fang-HPPB-1_atompair_RandomForestRegressor"", ""metric_name"": ""mean_squared_error"", ""metric_value"": ""0.333""}, {""rank"": ""10"", ""model"": ""chemma-2b-sft"", ""metric_name"": ""mean_squared_error"", ""metric_value"": ""0.383""}]",1808,1446,362,raw,smiles,target,predefined,40484d6673195f8d2fda68d20af4f3531c3597678494cf9d1b99762e1b658319,66dc633f35cdc8f4287a582e07b4fab1e1979e18c548df36ac9b9a4aeb646702,10115,8803,1312,393,342,577,0,0,0.999,,1e-08,0.005,0.995,,145,elasticnet_cv,False,0.0432876128108306,0.3,157,3,random,145,False,1633.8273389841072,7200.0,4852.725340542198,"[""morgan"", ""ecfp6"", ""fcfp6"", ""layered"", ""atom_pair"", ""topological_torsion"", ""rdk_path"", ""maccs"", ""rdkit"", ""maplight""]","[""morgan"", ""ecfp6"", ""fcfp6"", ""layered"", ""atom_pair"", ""topological_torsion"", ""rdk_path"", ""maccs"", ""rdkit"", ""maplight""]",[],0,8803,/media/volume/AutoQSARdata_300/model_cache/feature_store_parquet,parquet,1118,690,False,/media/volume/AutoQSARdata_300/model_cache/benchmark_feature_matrix_cache/23595fe0cb00651e1fda2b3ff3b0409639b203088fb183759b8f3d7df07a891e.pkl,morgan_ecfp6_fcfp6_layered_atom_pair_topological_torsion_rdk_path_maccs_rdkit_maplight__9d9272112e8cc9d9,ChemML MLP (PyTorch),ChemML deep learning,5.0,random,mse,0.1528651933120153,,,0.7041196089975377,0.3909797863215122,0.2989344656671933,0.99327424737095,0.0589476719534822,0.0428861189047668,0.996700255205156,0.4498201633822324,0.5547802052960153,0.4285458338341603,0.6792560629138984,0.3077810761882889,0.0059079100028611,0.0012753430055454,0.0071832530084066,1446.0,362.0,1808.0,0.0035230469766448,0.0039730381683664,chemml_mlp_predict,103425.0,chemml_mlp_architecture,1.0,,,,,,,9.0,True,-0.07521892381171108,0.383,,,,,483.565,483.565,model_stage,29.111,16,deep model ChemML MLP (PyTorch),model,2026-06-24 10:48:01 UTC,,,,,,,,,,,,,,,,,,,,,,,,,,,,,,,,,,,,,,,,,,,,
polaris_adme_fang_hppb_1,Polaris ADME benchmark mirror: adme-fang-hppb-1,polaris,polaris/adme-fang-hppb-1,https://polarishub.io/benchmarks/polaris/adme-fang-hppb-1,1B_MPNN_LargeMix-and-Phenomics,mean_squared_error,0.143,predefined,10,"[{""rank"": ""1"", ""model"": ""1B_MPNN_LargeMix-and-Phenomics"", ""metric_name"": ""mean_squared_error"", ""metric_value"": ""0.143""}, {""rank"": ""2"", ""model"": ""1B_MPNN_MolGPS-ens_LargeMix"", ""metric_name"": ""mean_squared_error"", ""metric_value"": ""0.152""}, {""rank"": ""3"", ""model"": ""TabPFNv2-rdkit"", ""metric_name"": ""mean_squared_error"", ""metric_value"": ""0.21""}, {""rank"": ""4"", ""model"": ""adme-fang-HPPB-1-GIRAFFE-wae"", ""metric_name"": ""mean_squared_error"", ""metric_value"": ""0.219""}, {""rank"": ""5"", ""model"": ""agentomics-ml-adme-fang-hppb-1"", ""metric_name"": ""mean_squared_error"", ""metric_value"": ""0.258""}, {""rank"": ""6"", ""model"": ""nepare"", ""metric_name"": ""mean_squared_error"", ""metric_value"": ""0.303""}, {""rank"": ""7"", ""model"": ""CheMeleon"", ""metric_name"": ""mean_squared_error"", ""metric_value"": ""0.249""}, {""rank"": ""8"", ""model"": ""chemlactica-125m-sft"", ""metric_name"": ""mean_squared_error"", ""metric_value"": ""0.249""}, {""rank"": ""9"", ""model"": ""adme-fang-HPPB-1_atompair_RandomForestRegressor"", ""metric_name"": ""mean_squared_error"", ""metric_value"": ""0.333""}, {""rank"": ""10"", ""model"": ""chemma-2b-sft"", ""metric_name"": ""mean_squared_error"", ""metric_value"": ""0.383""}]",1808,1446,362,raw,smiles,target,predefined,40484d6673195f8d2fda68d20af4f3531c3597678494cf9d1b99762e1b658319,66dc633f35cdc8f4287a582e07b4fab1e1979e18c548df36ac9b9a4aeb646702,10115,8803,1312,393,342,577,0,0,0.999,,1e-08,0.005,0.995,,145,elasticnet_cv,False,0.0432876128108306,0.3,157,3,random,145,False,1633.8273389841072,7200.0,4852.725340542198,"[""morgan"", ""ecfp6"", ""fcfp6"", ""layered"", ""atom_pair"", ""topological_torsion"", ""rdk_path"", ""maccs"", ""rdkit"", ""maplight""]","[""morgan"", ""ecfp6"", ""fcfp6"", ""layered"", ""atom_pair"", ""topological_torsion"", ""rdk_path"", ""maccs"", ""rdkit"", ""maplight""]",[],0,8803,/media/volume/AutoQSARdata_300/model_cache/feature_store_parquet,parquet,1118,690,False,/media/volume/AutoQSARdata_300/model_cache/benchmark_feature_matrix_cache/23595fe0cb00651e1fda2b3ff3b0409639b203088fb183759b8f3d7df07a891e.pkl,morgan_ecfp6_fcfp6_layered_atom_pair_topological_torsion_rdk_path_maccs_rdkit_maplight__9d9272112e8cc9d9,ChemML MLP (TensorFlow),ChemML deep learning,5.0,random,mse,0.1545913537864483,,,0.7007785146316952,0.3931810699746979,0.3027004324212555,0.9918909343108886,0.0647264252516076,0.0482335773248834,0.9972563406725102,0.4939360531691408,0.5320731222887543,0.4125367375578209,0.7066271218987795,0.2831018074621036,0.1753434790007304,0.0789245039923116,0.2542679829930421,1446.0,362.0,1808.0,0.2180234916914686,0.1406349463457091,chemml_mlp_predict,103425.0,chemml_mlp_architecture,1.0,,,,,,,8.0,True,-0.09989819253789639,0.383,,,,,537.492,537.492,model_stage,53.782,17,deep model ChemML MLP (TensorFlow),model,2026-06-24 10:48:30 UTC,,,,,,,,,,,,,,,,,,,,,,,,,,,,,,,,,,,,,,,,,,,,
polaris_adme_fang_hppb_1,Polaris ADME benchmark mirror: adme-fang-hppb-1,polaris,polaris/adme-fang-hppb-1,https://polarishub.io/benchmarks/polaris/adme-fang-hppb-1,1B_MPNN_LargeMix-and-Phenomics,mean_squared_error,0.143,predefined,10,"[{""rank"": ""1"", ""model"": ""1B_MPNN_LargeMix-and-Phenomics"", ""metric_name"": ""mean_squared_error"", ""metric_value"": ""0.143""}, {""rank"": ""2"", ""model"": ""1B_MPNN_MolGPS-ens_LargeMix"", ""metric_name"": ""mean_squared_error"", ""metric_value"": ""0.152""}, {""rank"": ""3"", ""model"": ""TabPFNv2-rdkit"", ""metric_name"": ""mean_squared_error"", ""metric_value"": ""0.21""}, {""rank"": ""4"", ""model"": ""adme-fang-HPPB-1-GIRAFFE-wae"", ""metric_name"": ""mean_squared_error"", ""metric_value"": ""0.219""}, {""rank"": ""5"", ""model"": ""agentomics-ml-adme-fang-hppb-1"", ""metric_name"": ""mean_squared_error"", ""metric_value"": ""0.258""}, {""rank"": ""6"", ""model"": ""nepare"", ""metric_name"": ""mean_squared_error"", ""metric_value"": ""0.303""}, {""rank"": ""7"", ""model"": ""CheMeleon"", ""metric_name"": ""mean_squared_error"", ""metric_value"": ""0.249""}, {""rank"": ""8"", ""model"": ""chemlactica-125m-sft"", ""metric_name"": ""mean_squared_error"", ""metric_value"": ""0.249""}, {""rank"": ""9"", ""model"": ""adme-fang-HPPB-1_atompair_RandomForestRegressor"", ""metric_name"": ""mean_squared_error"", ""metric_value"": ""0.333""}, {""rank"": ""10"", ""model"": ""chemma-2b-sft"", ""metric_name"": ""mean_squared_error"", ""metric_value"": ""0.383""}]",1808,1446,362,raw,smiles,target,predefined,40484d6673195f8d2fda68d20af4f3531c3597678494cf9d1b99762e1b658319,66dc633f35cdc8f4287a582e07b4fab1e1979e18c548df36ac9b9a4aeb646702,10115,8803,1312,393,342,577,0,0,0.999,,1e-08,0.005,0.995,,145,elasticnet_cv,False,0.0432876128108306,0.3,157,3,random,145,False,1633.8273389841072,7200.0,4852.725340542198,"[""morgan"", ""ecfp6"", ""fcfp6"", ""layered"", ""atom_pair"", ""topological_torsion"", ""rdk_path"", ""maccs"", ""rdkit"", ""maplight""]","[""morgan"", ""ecfp6"", ""fcfp6"", ""layered"", ""atom_pair"", ""topological_torsion"", ""rdk_path"", ""maccs"", ""rdkit"", ""maplight""]",[],0,8803,/media/volume/AutoQSARdata_300/model_cache/feature_store_parquet,parquet,1118,690,False,/media/volume/AutoQSARdata_300/model_cache/benchmark_feature_matrix_cache/23595fe0cb00651e1fda2b3ff3b0409639b203088fb183759b8f3d7df07a891e.pkl,morgan_ecfp6_fcfp6_layered_atom_pair_topological_torsion_rdk_path_maccs_rdkit_maplight__9d9272112e8cc9d9,"Chemprop v2 (D-MPNN, ensemble=3)",Chemprop v2,,,,,,,,,,,,,,,,,,,,,,,,,,,,,,1.0,,,,,,,,,,,,,,,863.074,863.074,model_stage,325.432,18,"deep model Chemprop v2 (D-MPNN, ensemble=3)",model,2026-06-24 10:49:24 UTC,,,,,,,'ascii' codec can't decode byte 0xe2 in position 154: ordinal not in range(128),dmpnn,dmpnn,,,False,0.0,,,,,,,,,,,,,,,,,,,,,,,,,,,,,,,
polaris_adme_fang_hppb_1,Polaris ADME benchmark mirror: adme-fang-hppb-1,polaris,polaris/adme-fang-hppb-1,https://polarishub.io/benchmarks/polaris/adme-fang-hppb-1,1B_MPNN_LargeMix-and-Phenomics,mean_squared_error,0.143,predefined,10,"[{""rank"": ""1"", ""model"": ""1B_MPNN_LargeMix-and-Phenomics"", ""metric_name"": ""mean_squared_error"", ""metric_value"": ""0.143""}, {""rank"": ""2"", ""model"": ""1B_MPNN_MolGPS-ens_LargeMix"", ""metric_name"": ""mean_squared_error"", ""metric_value"": ""0.152""}, {""rank"": ""3"", ""model"": ""TabPFNv2-rdkit"", ""metric_name"": ""mean_squared_error"", ""metric_value"": ""0.21""}, {""rank"": ""4"", ""model"": ""adme-fang-HPPB-1-GIRAFFE-wae"", ""metric_name"": ""mean_squared_error"", ""metric_value"": ""0.219""}, {""rank"": ""5"", ""model"": ""agentomics-ml-adme-fang-hppb-1"", ""metric_name"": ""mean_squared_error"", ""metric_value"": ""0.258""}, {""rank"": ""6"", ""model"": ""nepare"", ""metric_name"": ""mean_squared_error"", ""metric_value"": ""0.303""}, {""rank"": ""7"", ""model"": ""CheMeleon"", ""metric_name"": ""mean_squared_error"", ""metric_value"": ""0.249""}, {""rank"": ""8"", ""model"": ""chemlactica-125m-sft"", ""metric_name"": ""mean_squared_error"", ""metric_value"": ""0.249""}, {""rank"": ""9"", ""model"": ""adme-fang-HPPB-1_atompair_RandomForestRegressor"", ""metric_name"": ""mean_squared_error"", ""metric_value"": ""0.333""}, {""rank"": ""10"", ""model"": ""chemma-2b-sft"", ""metric_name"": ""mean_squared_error"", ""metric_value"": ""0.383""}]",1808,1446,362,raw,smiles,target,predefined,40484d6673195f8d2fda68d20af4f3531c3597678494cf9d1b99762e1b658319,66dc633f35cdc8f4287a582e07b4fab1e1979e18c548df36ac9b9a4aeb646702,10115,8803,1312,393,342,577,0,0,0.999,,1e-08,0.005,0.995,,145,elasticnet_cv,False,0.0432876128108306,0.3,157,3,random,145,False,1633.8273389841072,7200.0,4852.725340542198,"[""morgan"", ""ecfp6"", ""fcfp6"", ""layered"", ""atom_pair"", ""topological_torsion"", ""rdk_path"", ""maccs"", ""rdkit"", ""maplight""]","[""morgan"", ""ecfp6"", ""fcfp6"", ""layered"", ""atom_pair"", ""topological_torsion"", ""rdk_path"", ""maccs"", ""rdkit"", ""maplight""]",[],0,8803,/media/volume/AutoQSARdata_300/model_cache/feature_store_parquet,parquet,1118,690,False,/media/volume/AutoQSARdata_300/model_cache/benchmark_feature_matrix_cache/23595fe0cb00651e1fda2b3ff3b0409639b203088fb183759b8f3d7df07a891e.pkl,morgan_ecfp6_fcfp6_layered_atom_pair_topological_torsion_rdk_path_maccs_rdkit_maplight__9d9272112e8cc9d9,"Chemprop v2 (D-MPNN + RDKit2D, ensemble=3)",Chemprop v2,,,,,,,,,,,,,,,,,,,,,,,,,,,,,,1.0,,,,,,,,,,,,,,,1186.902,1186.902,model_stage,323.677,19,"deep model Chemprop v2 (D-MPNN + RDKit2D, ensemble=3)",model,2026-06-24 10:54:50 UTC,,,,,,,'ascii' codec can't decode byte 0xe2 in position 162: ordinal not in range(128),dmpnn,dmpnn_rdkit2d,,rdkit_2d,False,0.0,,,,,,,,,,,,,,,,,,,,,,,,,,,,,,,
polaris_adme_fang_hppb_1,Polaris ADME benchmark mirror: adme-fang-hppb-1,polaris,polaris/adme-fang-hppb-1,https://polarishub.io/benchmarks/polaris/adme-fang-hppb-1,1B_MPNN_LargeMix-and-Phenomics,mean_squared_error,0.143,predefined,10,"[{""rank"": ""1"", ""model"": ""1B_MPNN_LargeMix-and-Phenomics"", ""metric_name"": ""mean_squared_error"", ""metric_value"": ""0.143""}, {""rank"": ""2"", ""model"": ""1B_MPNN_MolGPS-ens_LargeMix"", ""metric_name"": ""mean_squared_error"", ""metric_value"": ""0.152""}, {""rank"": ""3"", ""model"": ""TabPFNv2-rdkit"", ""metric_name"": ""mean_squared_error"", ""metric_value"": ""0.21""}, {""rank"": ""4"", ""model"": ""adme-fang-HPPB-1-GIRAFFE-wae"", ""metric_name"": ""mean_squared_error"", ""metric_value"": ""0.219""}, {""rank"": ""5"", ""model"": ""agentomics-ml-adme-fang-hppb-1"", ""metric_name"": ""mean_squared_error"", ""metric_value"": ""0.258""}, {""rank"": ""6"", ""model"": ""nepare"", ""metric_name"": ""mean_squared_error"", ""metric_value"": ""0.303""}, {""rank"": ""7"", ""model"": ""CheMeleon"", ""metric_name"": ""mean_squared_error"", ""metric_value"": ""0.249""}, {""rank"": ""8"", ""model"": ""chemlactica-125m-sft"", ""metric_name"": ""mean_squared_error"", ""metric_value"": ""0.249""}, {""rank"": ""9"", ""model"": ""adme-fang-HPPB-1_atompair_RandomForestRegressor"", ""metric_name"": ""mean_squared_error"", ""metric_value"": ""0.333""}, {""rank"": ""10"", ""model"": ""chemma-2b-sft"", ""metric_name"": ""mean_squared_error"", ""metric_value"": ""0.383""}]",1808,1446,362,raw,smiles,target,predefined,40484d6673195f8d2fda68d20af4f3531c3597678494cf9d1b99762e1b658319,66dc633f35cdc8f4287a582e07b4fab1e1979e18c548df36ac9b9a4aeb646702,10115,8803,1312,393,342,577,0,0,0.999,,1e-08,0.005,0.995,,145,elasticnet_cv,False,0.0432876128108306,0.3,157,3,random,145,False,1633.8273389841072,7200.0,4852.725340542198,"[""morgan"", ""ecfp6"", ""fcfp6"", ""layered"", ""atom_pair"", ""topological_torsion"", ""rdk_path"", ""maccs"", ""rdkit"", ""maplight""]","[""morgan"", ""ecfp6"", ""fcfp6"", ""layered"", ""atom_pair"", ""topological_torsion"", ""rdk_path"", ""maccs"", ""rdkit"", ""maplight""]",[],0,8803,/media/volume/AutoQSARdata_300/model_cache/feature_store_parquet,parquet,1118,690,False,/media/volume/AutoQSARdata_300/model_cache/benchmark_feature_matrix_cache/23595fe0cb00651e1fda2b3ff3b0409639b203088fb183759b8f3d7df07a891e.pkl,morgan_ecfp6_fcfp6_layered_atom_pair_topological_torsion_rdk_path_maccs_rdkit_maplight__9d9272112e8cc9d9,"Chemprop v2 (CMPNN, ensemble=3)",Chemprop v2,,,,,,,,,,,,,,,,,,,,,,,,,,,,,,1.0,,,,,,,,,,,,,,,1506.065,1506.065,model_stage,319.009,20,"deep model Chemprop v2 (CMPNN, ensemble=3)",model,2026-06-24 11:00:14 UTC,,,,,,,'ascii' codec can't decode byte 0xe2 in position 154: ordinal not in range(128),cmpnn,cmpnn,--atom-messages --undirected,,False,0.0,,,,,,,,,,,,,,,,,,,,,,,,,,,,,,,
polaris_adme_fang_hppb_1,Polaris ADME benchmark mirror: adme-fang-hppb-1,polaris,polaris/adme-fang-hppb-1,https://polarishub.io/benchmarks/polaris/adme-fang-hppb-1,1B_MPNN_LargeMix-and-Phenomics,mean_squared_error,0.143,predefined,10,"[{""rank"": ""1"", ""model"": ""1B_MPNN_LargeMix-and-Phenomics"", ""metric_name"": ""mean_squared_error"", ""metric_value"": ""0.143""}, {""rank"": ""2"", ""model"": ""1B_MPNN_MolGPS-ens_LargeMix"", ""metric_name"": ""mean_squared_error"", ""metric_value"": ""0.152""}, {""rank"": ""3"", ""model"": ""TabPFNv2-rdkit"", ""metric_name"": ""mean_squared_error"", ""metric_value"": ""0.21""}, {""rank"": ""4"", ""model"": ""adme-fang-HPPB-1-GIRAFFE-wae"", ""metric_name"": ""mean_squared_error"", ""metric_value"": ""0.219""}, {""rank"": ""5"", ""model"": ""agentomics-ml-adme-fang-hppb-1"", ""metric_name"": ""mean_squared_error"", ""metric_value"": ""0.258""}, {""rank"": ""6"", ""model"": ""nepare"", ""metric_name"": ""mean_squared_error"", ""metric_value"": ""0.303""}, {""rank"": ""7"", ""model"": ""CheMeleon"", ""metric_name"": ""mean_squared_error"", ""metric_value"": ""0.249""}, {""rank"": ""8"", ""model"": ""chemlactica-125m-sft"", ""metric_name"": ""mean_squared_error"", ""metric_value"": ""0.249""}, {""rank"": ""9"", ""model"": ""adme-fang-HPPB-1_atompair_RandomForestRegressor"", ""metric_name"": ""mean_squared_error"", ""metric_value"": ""0.333""}, {""rank"": ""10"", ""model"": ""chemma-2b-sft"", ""metric_name"": ""mean_squared_error"", ""metric_value"": ""0.383""}]",1808,1446,362,raw,smiles,target,predefined,40484d6673195f8d2fda68d20af4f3531c3597678494cf9d1b99762e1b658319,66dc633f35cdc8f4287a582e07b4fab1e1979e18c548df36ac9b9a4aeb646702,10115,8803,1312,393,342,577,0,0,0.999,,1e-08,0.005,0.995,,145,elasticnet_cv,False,0.0432876128108306,0.3,157,3,random,145,False,1633.8273389841072,7200.0,4852.725340542198,"[""morgan"", ""ecfp6"", ""fcfp6"", ""layered"", ""atom_pair"", ""topological_torsion"", ""rdk_path"", ""maccs"", ""rdkit"", ""maplight""]","[""morgan"", ""ecfp6"", ""fcfp6"", ""layered"", ""atom_pair"", ""topological_torsion"", ""rdk_path"", ""maccs"", ""rdkit"", ""maplight""]",[],0,8803,/media/volume/AutoQSARdata_300/model_cache/feature_store_parquet,parquet,1118,690,False,/media/volume/AutoQSARdata_300/model_cache/benchmark_feature_matrix_cache/23595fe0cb00651e1fda2b3ff3b0409639b203088fb183759b8f3d7df07a891e.pkl,morgan_ecfp6_fcfp6_layered_atom_pair_topological_torsion_rdk_path_maccs_rdkit_maplight__9d9272112e8cc9d9,"Chemprop v2 (AttentiveFP, ensemble=3)",Chemprop v2,,,,,,,,,,,,,,,,,,,,,,,,,,,,,,1.0,,,,,,,,,,,,,,,1822.889,1822.889,model_stage,316.667,21,"deep model Chemprop v2 (AttentiveFP, ensemble=3)",model,2026-06-24 11:05:33 UTC,,,,,,,'ascii' codec can't decode byte 0xe2 in position 166: ordinal not in range(128),attentivefp,attentivefp,--atom-messages --aggregation norm --aggregation-norm 100 --dropout 0.1,rdkit_2d,False,0.0,,,,,,,,,,,,,,,,,,,,,,,,,,,,,,,
polaris_adme_fang_hppb_1,Polaris ADME benchmark mirror: adme-fang-hppb-1,polaris,polaris/adme-fang-hppb-1,https://polarishub.io/benchmarks/polaris/adme-fang-hppb-1,1B_MPNN_LargeMix-and-Phenomics,mean_squared_error,0.143,predefined,10,"[{""rank"": ""1"", ""model"": ""1B_MPNN_LargeMix-and-Phenomics"", ""metric_name"": ""mean_squared_error"", ""metric_value"": ""0.143""}, {""rank"": ""2"", ""model"": ""1B_MPNN_MolGPS-ens_LargeMix"", ""metric_name"": ""mean_squared_error"", ""metric_value"": ""0.152""}, {""rank"": ""3"", ""model"": ""TabPFNv2-rdkit"", ""metric_name"": ""mean_squared_error"", ""metric_value"": ""0.21""}, {""rank"": ""4"", ""model"": ""adme-fang-HPPB-1-GIRAFFE-wae"", ""metric_name"": ""mean_squared_error"", ""metric_value"": ""0.219""}, {""rank"": ""5"", ""model"": ""agentomics-ml-adme-fang-hppb-1"", ""metric_name"": ""mean_squared_error"", ""metric_value"": ""0.258""}, {""rank"": ""6"", ""model"": ""nepare"", ""metric_name"": ""mean_squared_error"", ""metric_value"": ""0.303""}, {""rank"": ""7"", ""model"": ""CheMeleon"", ""metric_name"": ""mean_squared_error"", ""metric_value"": ""0.249""}, {""rank"": ""8"", ""model"": ""chemlactica-125m-sft"", ""metric_name"": ""mean_squared_error"", ""metric_value"": ""0.249""}, {""rank"": ""9"", ""model"": ""adme-fang-HPPB-1_atompair_RandomForestRegressor"", ""metric_name"": ""mean_squared_error"", ""metric_value"": ""0.333""}, {""rank"": ""10"", ""model"": ""chemma-2b-sft"", ""metric_name"": ""mean_squared_error"", ""metric_value"": ""0.383""}]",1808,1446,362,raw,smiles,target,predefined,40484d6673195f8d2fda68d20af4f3531c3597678494cf9d1b99762e1b658319,66dc633f35cdc8f4287a582e07b4fab1e1979e18c548df36ac9b9a4aeb646702,10115,8803,1312,393,342,577,0,0,0.999,,1e-08,0.005,0.995,,145,elasticnet_cv,False,0.0432876128108306,0.3,157,3,random,145,False,1633.8273389841072,7200.0,4852.725340542198,"[""morgan"", ""ecfp6"", ""fcfp6"", ""layered"", ""atom_pair"", ""topological_torsion"", ""rdk_path"", ""maccs"", ""rdkit"", ""maplight""]","[""morgan"", ""ecfp6"", ""fcfp6"", ""layered"", ""atom_pair"", ""topological_torsion"", ""rdk_path"", ""maccs"", ""rdkit"", ""maplight""]",[],0,8803,/media/volume/AutoQSARdata_300/model_cache/feature_store_parquet,parquet,1118,690,False,/media/volume/AutoQSARdata_300/model_cache/benchmark_feature_matrix_cache/23595fe0cb00651e1fda2b3ff3b0409639b203088fb183759b8f3d7df07a891e.pkl,morgan_ecfp6_fcfp6_layered_atom_pair_topological_torsion_rdk_path_maccs_rdkit_maplight__9d9272112e8cc9d9,"Chemprop v2 (D-MPNN + Selected descriptors, ensemble=3)",Chemprop v2,,,,,,,,,,,,,,,,,,,,,,,,,,,,,,1.0,,,,,,,,,,,,,,,2148.972,2148.972,model_stage,325.922,22,"deep model Chemprop v2 (D-MPNN + Selected descriptors, ensemble=3)",model,2026-06-24 11:10:50 UTC,,,,,,,'ascii' codec can't decode byte 0xe2 in position 172: ordinal not in range(128),dmpnn,dmpnn_selected_features,,,True,145.0,,,,,,,,,,,,,,,,,,,,,,,,,,,,,,,
polaris_adme_fang_hppb_1,Polaris ADME benchmark mirror: adme-fang-hppb-1,polaris,polaris/adme-fang-hppb-1,https://polarishub.io/benchmarks/polaris/adme-fang-hppb-1,1B_MPNN_LargeMix-and-Phenomics,mean_squared_error,0.143,predefined,10,"[{""rank"": ""1"", ""model"": ""1B_MPNN_LargeMix-and-Phenomics"", ""metric_name"": ""mean_squared_error"", ""metric_value"": ""0.143""}, {""rank"": ""2"", ""model"": ""1B_MPNN_MolGPS-ens_LargeMix"", ""metric_name"": ""mean_squared_error"", ""metric_value"": ""0.152""}, {""rank"": ""3"", ""model"": ""TabPFNv2-rdkit"", ""metric_name"": ""mean_squared_error"", ""metric_value"": ""0.21""}, {""rank"": ""4"", ""model"": ""adme-fang-HPPB-1-GIRAFFE-wae"", ""metric_name"": ""mean_squared_error"", ""metric_value"": ""0.219""}, {""rank"": ""5"", ""model"": ""agentomics-ml-adme-fang-hppb-1"", ""metric_name"": ""mean_squared_error"", ""metric_value"": ""0.258""}, {""rank"": ""6"", ""model"": ""nepare"", ""metric_name"": ""mean_squared_error"", ""metric_value"": ""0.303""}, {""rank"": ""7"", ""model"": ""CheMeleon"", ""metric_name"": ""mean_squared_error"", ""metric_value"": ""0.249""}, {""rank"": ""8"", ""model"": ""chemlactica-125m-sft"", ""metric_name"": ""mean_squared_error"", ""metric_value"": ""0.249""}, {""rank"": ""9"", ""model"": ""adme-fang-HPPB-1_atompair_RandomForestRegressor"", ""metric_name"": ""mean_squared_error"", ""metric_value"": ""0.333""}, {""rank"": ""10"", ""model"": ""chemma-2b-sft"", ""metric_name"": ""mean_squared_error"", ""metric_value"": ""0.383""}]",1808,1446,362,raw,smiles,target,predefined,40484d6673195f8d2fda68d20af4f3531c3597678494cf9d1b99762e1b658319,66dc633f35cdc8f4287a582e07b4fab1e1979e18c548df36ac9b9a4aeb646702,10115,8803,1312,393,342,577,0,0,0.999,,1e-08,0.005,0.995,,145,elasticnet_cv,False,0.0432876128108306,0.3,157,3,random,145,False,1633.8273389841072,7200.0,4852.725340542198,"[""morgan"", ""ecfp6"", ""fcfp6"", ""layered"", ""atom_pair"", ""topological_torsion"", ""rdk_path"", ""maccs"", ""rdkit"", ""maplight""]","[""morgan"", ""ecfp6"", ""fcfp6"", ""layered"", ""atom_pair"", ""topological_torsion"", ""rdk_path"", ""maccs"", ""rdkit"", ""maplight""]",[],0,8803,/media/volume/AutoQSARdata_300/model_cache/feature_store_parquet,parquet,1118,690,False,/media/volume/AutoQSARdata_300/model_cache/benchmark_feature_matrix_cache/23595fe0cb00651e1fda2b3ff3b0409639b203088fb183759b8f3d7df07a891e.pkl,morgan_ecfp6_fcfp6_layered_atom_pair_topological_torsion_rdk_path_maccs_rdkit_maplight__9d9272112e8cc9d9,Uni-Mol V1,Uni-Mol,,,mse,,,,,,,0.951617779710627,0.158102635764275,0.1211048436003342,0.974734441904121,0.6052375266404861,0.4699336591368674,0.3676871685317908,0.7742893786468553,0.2208376439897655,33.15348187199561,10.790147077001166,43.943628948996775,1446.0,362.0,1808.0,29.80703612431261,24.30510450718848,unimol_predict,47331139.0,unimol_checkpoint:model_0.pth,1.0,,,,,,,5.0,True,-0.16216235601023452,0.383,,,,,2481.661,2481.661,model_stage,332.528,23,deep model Uni-Mol V1,model,2026-06-24 11:16:16 UTC,,,,,,,,,,,,,,GPU,benchmark_results/autoqsar_benchmark_20260623_153839/polaris_adme_fang_hppb_1/unimol_v1/seed_13,random,20.0,0.0001,32.0,5.0,8.0,,,,,,,,,,,,,,,,,,,,,,,
polaris_adme_fang_hppb_1,Polaris ADME benchmark mirror: adme-fang-hppb-1,polaris,polaris/adme-fang-hppb-1,https://polarishub.io/benchmarks/polaris/adme-fang-hppb-1,1B_MPNN_LargeMix-and-Phenomics,mean_squared_error,0.143,predefined,10,"[{""rank"": ""1"", ""model"": ""1B_MPNN_LargeMix-and-Phenomics"", ""metric_name"": ""mean_squared_error"", ""metric_value"": ""0.143""}, {""rank"": ""2"", ""model"": ""1B_MPNN_MolGPS-ens_LargeMix"", ""metric_name"": ""mean_squared_error"", ""metric_value"": ""0.152""}, {""rank"": ""3"", ""model"": ""TabPFNv2-rdkit"", ""metric_name"": ""mean_squared_error"", ""metric_value"": ""0.21""}, {""rank"": ""4"", ""model"": ""adme-fang-HPPB-1-GIRAFFE-wae"", ""metric_name"": ""mean_squared_error"", ""metric_value"": ""0.219""}, {""rank"": ""5"", ""model"": ""agentomics-ml-adme-fang-hppb-1"", ""metric_name"": ""mean_squared_error"", ""metric_value"": ""0.258""}, {""rank"": ""6"", ""model"": ""nepare"", ""metric_name"": ""mean_squared_error"", ""metric_value"": ""0.303""}, {""rank"": ""7"", ""model"": ""CheMeleon"", ""metric_name"": ""mean_squared_error"", ""metric_value"": ""0.249""}, {""rank"": ""8"", ""model"": ""chemlactica-125m-sft"", ""metric_name"": ""mean_squared_error"", ""metric_value"": ""0.249""}, {""rank"": ""9"", ""model"": ""adme-fang-HPPB-1_atompair_RandomForestRegressor"", ""metric_name"": ""mean_squared_error"", ""metric_value"": ""0.333""}, {""rank"": ""10"", ""model"": ""chemma-2b-sft"", ""metric_name"": ""mean_squared_error"", ""metric_value"": ""0.383""}]",1808,1446,362,raw,smiles,target,predefined,40484d6673195f8d2fda68d20af4f3531c3597678494cf9d1b99762e1b658319,66dc633f35cdc8f4287a582e07b4fab1e1979e18c548df36ac9b9a4aeb646702,10115,8803,1312,393,342,577,0,0,0.999,,1e-08,0.005,0.995,,145,elasticnet_cv,False,0.0432876128108306,0.3,157,3,random,145,False,1633.8273389841072,7200.0,4852.725340542198,"[""morgan"", ""ecfp6"", ""fcfp6"", ""layered"", ""atom_pair"", ""topological_torsion"", ""rdk_path"", ""maccs"", ""rdkit"", ""maplight""]","[""morgan"", ""ecfp6"", ""fcfp6"", ""layered"", ""atom_pair"", ""topological_torsion"", ""rdk_path"", ""maccs"", ""rdkit"", ""maplight""]",[],0,8803,/media/volume/AutoQSARdata_300/model_cache/feature_store_parquet,parquet,1118,690,False,/media/volume/AutoQSARdata_300/model_cache/benchmark_feature_matrix_cache/23595fe0cb00651e1fda2b3ff3b0409639b203088fb183759b8f3d7df07a891e.pkl,morgan_ecfp6_fcfp6_layered_atom_pair_topological_torsion_rdk_path_maccs_rdkit_maplight__9d9272112e8cc9d9,Uni-Mol V2 (84m),Uni-Mol,,,,,,,,,,,,,,,,,,,,,,,,,,,,,,1.0,,,,,,,,,,,,,,,2511.237,2511.237,model_stage,27.299,24,deep model Uni-Mol V2 (84m),model,2026-06-24 11:21:51 UTC,,,,,,,"CUDA out of memory. Tried to allocate 1.68 GiB. GPU 0 has a total capacity of 39.39 GiB of which 340.38 MiB is free. Including non-PyTorch memory, this process has 39.05 GiB memory in use. Of the allocated memory 36.98 GiB is allocated by PyTorch, and 1.57 GiB is reserved by PyTorch but unallocated. If reserved but unallocated memory is large try setting PYTORCH_CUDA_ALLOC_CONF=expandable_segments:True to avoid fragmentation.  See documentation for Memory Management  (https://pytorch.org/docs/stable/notes/cuda.html#environment-variables)",,,,,,,,,,,,,,,,,,,,,,,,,,,,,,,,,,,,,
polaris_adme_fang_hppb_1,Polaris ADME benchmark mirror: adme-fang-hppb-1,polaris,polaris/adme-fang-hppb-1,https://polarishub.io/benchmarks/polaris/adme-fang-hppb-1,1B_MPNN_LargeMix-and-Phenomics,mean_squared_error,0.143,predefined,10,"[{""rank"": ""1"", ""model"": ""1B_MPNN_LargeMix-and-Phenomics"", ""metric_name"": ""mean_squared_error"", ""metric_value"": ""0.143""}, {""rank"": ""2"", ""model"": ""1B_MPNN_MolGPS-ens_LargeMix"", ""metric_name"": ""mean_squared_error"", ""metric_value"": ""0.152""}, {""rank"": ""3"", ""model"": ""TabPFNv2-rdkit"", ""metric_name"": ""mean_squared_error"", ""metric_value"": ""0.21""}, {""rank"": ""4"", ""model"": ""adme-fang-HPPB-1-GIRAFFE-wae"", ""metric_name"": ""mean_squared_error"", ""metric_value"": ""0.219""}, {""rank"": ""5"", ""model"": ""agentomics-ml-adme-fang-hppb-1"", ""metric_name"": ""mean_squared_error"", ""metric_value"": ""0.258""}, {""rank"": ""6"", ""model"": ""nepare"", ""metric_name"": ""mean_squared_error"", ""metric_value"": ""0.303""}, {""rank"": ""7"", ""model"": ""CheMeleon"", ""metric_name"": ""mean_squared_error"", ""metric_value"": ""0.249""}, {""rank"": ""8"", ""model"": ""chemlactica-125m-sft"", ""metric_name"": ""mean_squared_error"", ""metric_value"": ""0.249""}, {""rank"": ""9"", ""model"": ""adme-fang-HPPB-1_atompair_RandomForestRegressor"", ""metric_name"": ""mean_squared_error"", ""metric_value"": ""0.333""}, {""rank"": ""10"", ""model"": ""chemma-2b-sft"", ""metric_name"": ""mean_squared_error"", ""metric_value"": ""0.383""}]",1808,1446,362,raw,smiles,target,predefined,40484d6673195f8d2fda68d20af4f3531c3597678494cf9d1b99762e1b658319,66dc633f35cdc8f4287a582e07b4fab1e1979e18c548df36ac9b9a4aeb646702,10115,8803,1312,393,342,577,0,0,0.999,,1e-08,0.005,0.995,,145,elasticnet_cv,False,0.0432876128108306,0.3,157,3,random,145,False,1633.8273389841072,7200.0,4852.725340542198,"[""morgan"", ""ecfp6"", ""fcfp6"", ""layered"", ""atom_pair"", ""topological_torsion"", ""rdk_path"", ""maccs"", ""rdkit"", ""maplight""]","[""morgan"", ""ecfp6"", ""fcfp6"", ""layered"", ""atom_pair"", ""topological_torsion"", ""rdk_path"", ""maccs"", ""rdkit"", ""maplight""]",[],0,8803,/media/volume/AutoQSARdata_300/model_cache/feature_store_parquet,parquet,1118,690,False,/media/volume/AutoQSARdata_300/model_cache/benchmark_feature_matrix_cache/23595fe0cb00651e1fda2b3ff3b0409639b203088fb183759b8f3d7df07a891e.pkl,morgan_ecfp6_fcfp6_layered_atom_pair_topological_torsion_rdk_path_maccs_rdkit_maplight__9d9272112e8cc9d9,"MapLight + GNN (CatBoost, Strict Parity)",MapLight + GNN,5.0,seed_ensemble_no_cv,mae,,32.0,,,,,0.9184574336565318,0.2052524740958386,0.1154540654461299,0.97062834300716,0.6406343234598235,0.4483703847085673,0.3486525404335975,0.8169950514242638,0.3486525404335975,,,,,,,,,,,,1.0,mse,,,True,,,,,,,,,,,2657.715,2657.715,model_stage,146.296,25,"deep model MapLight + GNN (CatBoost, Strict Parity)",model,2026-06-24 11:22:18 UTC,strict,5.0,"1,2,3,4,5",MAE,StandardScaler,direct_maplight_classic_plus_gnn_no_dedup,,,,,,,,,,,,,,,,dgllife-direct,gin_supervised_masking,,,,,,,,,,,,,,,,,,,,,
polaris_adme_fang_hppb_1,Polaris ADME benchmark mirror: adme-fang-hppb-1,polaris,polaris/adme-fang-hppb-1,https://polarishub.io/benchmarks/polaris/adme-fang-hppb-1,1B_MPNN_LargeMix-and-Phenomics,mean_squared_error,0.143,predefined,10,"[{""rank"": ""1"", ""model"": ""1B_MPNN_LargeMix-and-Phenomics"", ""metric_name"": ""mean_squared_error"", ""metric_value"": ""0.143""}, {""rank"": ""2"", ""model"": ""1B_MPNN_MolGPS-ens_LargeMix"", ""metric_name"": ""mean_squared_error"", ""metric_value"": ""0.152""}, {""rank"": ""3"", ""model"": ""TabPFNv2-rdkit"", ""metric_name"": ""mean_squared_error"", ""metric_value"": ""0.21""}, {""rank"": ""4"", ""model"": ""adme-fang-HPPB-1-GIRAFFE-wae"", ""metric_name"": ""mean_squared_error"", ""metric_value"": ""0.219""}, {""rank"": ""5"", ""model"": ""agentomics-ml-adme-fang-hppb-1"", ""metric_name"": ""mean_squared_error"", ""metric_value"": ""0.258""}, {""rank"": ""6"", ""model"": ""nepare"", ""metric_name"": ""mean_squared_error"", ""metric_value"": ""0.303""}, {""rank"": ""7"", ""model"": ""CheMeleon"", ""metric_name"": ""mean_squared_error"", ""metric_value"": ""0.249""}, {""rank"": ""8"", ""model"": ""chemlactica-125m-sft"", ""metric_name"": ""mean_squared_error"", ""metric_value"": ""0.249""}, {""rank"": ""9"", ""model"": ""adme-fang-HPPB-1_atompair_RandomForestRegressor"", ""metric_name"": ""mean_squared_error"", ""metric_value"": ""0.333""}, {""rank"": ""10"", ""model"": ""chemma-2b-sft"", ""metric_name"": ""mean_squared_error"", ""metric_value"": ""0.383""}]",1808,1446,362,raw,smiles,target,predefined,40484d6673195f8d2fda68d20af4f3531c3597678494cf9d1b99762e1b658319,66dc633f35cdc8f4287a582e07b4fab1e1979e18c548df36ac9b9a4aeb646702,10115,8803,1312,393,342,577,0,0,0.999,,1e-08,0.005,0.995,,145,elasticnet_cv,False,0.0432876128108306,0.3,157,3,random,145,False,1633.8273389841072,7200.0,4852.725340542198,"[""morgan"", ""ecfp6"", ""fcfp6"", ""layered"", ""atom_pair"", ""topological_torsion"", ""rdk_path"", ""maccs"", ""rdkit"", ""maplight""]","[""morgan"", ""ecfp6"", ""fcfp6"", ""layered"", ""atom_pair"", ""topological_torsion"", ""rdk_path"", ""maccs"", ""rdkit"", ""maplight""]",[],0,8803,/media/volume/AutoQSARdata_300/model_cache/feature_store_parquet,parquet,1118,690,False,/media/volume/AutoQSARdata_300/model_cache/benchmark_feature_matrix_cache/23595fe0cb00651e1fda2b3ff3b0409639b203088fb183759b8f3d7df07a891e.pkl,morgan_ecfp6_fcfp6_layered_atom_pair_topological_torsion_rdk_path_maccs_rdkit_maplight__9d9272112e8cc9d9,CFA (Combinatorial Fusion),cfa,,,mse,,,,,,,0.990459447439984,0.070207414086102,0.0536056621424771,0.9960838767105968,0.5792248774847353,0.4851696767275421,0.3790720830613891,0.7588064470872717,0.2353896152159077,,,,,,,,,,,,1.0,mse,0.143,0.0923896152159077,True,0.143,0.0923896152159077,5.0,True,-0.1476103847840923,0.383,,,,,2657.938,2657.938,model_stage,0.041,26,CFA combinatorial fusion,model,2026-06-24 11:24:45 UTC,,,,,,,,,,,,,,,,,,,,,,,,score_wcp,score,mae,0.0536056621424771,0.0536056621424771,0.0005451629572685,ChemML MLP (TensorFlow); Uni-Mol V1,"{""ChemML MLP (TensorFlow)"": 0.7151645972523617, ""Uni-Mol V1"": 0.2848354027476383}",66.0,4.0,True,"Conventional ML: MapLight CatBoost (Strict Parity) (mae=0.3529); ChemML deep learning: ChemML MLP (TensorFlow) (mae=0.4125); Uni-Mol: Uni-Mol V1 (mae=0.3677); MapLight + GNN: MapLight + GNN (CatBoost, Strict Parity) (mae=0.3487)",4.0,4.0,250000.0,11.0,66.0,,,,
polaris_adme_fang_hppb_1,Polaris ADME benchmark mirror: adme-fang-hppb-1,polaris,polaris/adme-fang-hppb-1,https://polarishub.io/benchmarks/polaris/adme-fang-hppb-1,1B_MPNN_LargeMix-and-Phenomics,mean_squared_error,0.143,predefined,10,"[{""rank"": ""1"", ""model"": ""1B_MPNN_LargeMix-and-Phenomics"", ""metric_name"": ""mean_squared_error"", ""metric_value"": ""0.143""}, {""rank"": ""2"", ""model"": ""1B_MPNN_MolGPS-ens_LargeMix"", ""metric_name"": ""mean_squared_error"", ""metric_value"": ""0.152""}, {""rank"": ""3"", ""model"": ""TabPFNv2-rdkit"", ""metric_name"": ""mean_squared_error"", ""metric_value"": ""0.21""}, {""rank"": ""4"", ""model"": ""adme-fang-HPPB-1-GIRAFFE-wae"", ""metric_name"": ""mean_squared_error"", ""metric_value"": ""0.219""}, {""rank"": ""5"", ""model"": ""agentomics-ml-adme-fang-hppb-1"", ""metric_name"": ""mean_squared_error"", ""metric_value"": ""0.258""}, {""rank"": ""6"", ""model"": ""nepare"", ""metric_name"": ""mean_squared_error"", ""metric_value"": ""0.303""}, {""rank"": ""7"", ""model"": ""CheMeleon"", ""metric_name"": ""mean_squared_error"", ""metric_value"": ""0.249""}, {""rank"": ""8"", ""model"": ""chemlactica-125m-sft"", ""metric_name"": ""mean_squared_error"", ""metric_value"": ""0.249""}, {""rank"": ""9"", ""model"": ""adme-fang-HPPB-1_atompair_RandomForestRegressor"", ""metric_name"": ""mean_squared_error"", ""metric_value"": ""0.333""}, {""rank"": ""10"", ""model"": ""chemma-2b-sft"", ""metric_name"": ""mean_squared_error"", ""metric_value"": ""0.383""}]",1808,1446,362,raw,smiles,target,predefined,40484d6673195f8d2fda68d20af4f3531c3597678494cf9d1b99762e1b658319,66dc633f35cdc8f4287a582e07b4fab1e1979e18c548df36ac9b9a4aeb646702,10115,8803,1312,393,342,577,0,0,0.999,,1e-08,0.005,0.995,,145,elasticnet_cv,False,0.0432876128108306,0.3,157,3,random,145,False,1633.8273389841072,7200.0,4852.725340542198,"[""morgan"", ""ecfp6"", ""fcfp6"", ""layered"", ""atom_pair"", ""topological_torsion"", ""rdk_path"", ""maccs"", ""rdkit"", ""maplight""]","[""morgan"", ""ecfp6"", ""fcfp6"", ""layered"", ""atom_pair"", ""topological_torsion"", ""rdk_path"", ""maccs"", ""rdkit"", ""maplight""]",[],0,8803,/media/volume/AutoQSARdata_300/model_cache/feature_store_parquet,parquet,1118,690,False,/media/volume/AutoQSARdata_300/model_cache/benchmark_feature_matrix_cache/23595fe0cb00651e1fda2b3ff3b0409639b203088fb183759b8f3d7df07a891e.pkl,morgan_ecfp6_fcfp6_layered_atom_pair_topological_torsion_rdk_path_maccs_rdkit_maplight__9d9272112e8cc9d9,"Chemprop v2 (D-MPNN, ensemble=3)",Chemprop v2,,,,,,,,,,,,,,,,,,,,,,,,,,,,,,1.0,,,,,,,,,,,,,,,347.178,347.178,model_stage,327.093,18,"deep model Chemprop v2 (D-MPNN, ensemble=3)",model,2026-06-26 02:26:36 UTC,,,,,,,'ascii' codec can't decode byte 0xe2 in position 154: ordinal not in range(128),dmpnn,dmpnn,,,False,0.0,,,,,,,,,,,,,,,,,,,,,,,,,,,,,,,
polaris_adme_fang_hppb_1,Polaris ADME benchmark mirror: adme-fang-hppb-1,polaris,polaris/adme-fang-hppb-1,https://polarishub.io/benchmarks/polaris/adme-fang-hppb-1,1B_MPNN_LargeMix-and-Phenomics,mean_squared_error,0.143,predefined,10,"[{""rank"": ""1"", ""model"": ""1B_MPNN_LargeMix-and-Phenomics"", ""metric_name"": ""mean_squared_error"", ""metric_value"": ""0.143""}, {""rank"": ""2"", ""model"": ""1B_MPNN_MolGPS-ens_LargeMix"", ""metric_name"": ""mean_squared_error"", ""metric_value"": ""0.152""}, {""rank"": ""3"", ""model"": ""TabPFNv2-rdkit"", ""metric_name"": ""mean_squared_error"", ""metric_value"": ""0.21""}, {""rank"": ""4"", ""model"": ""adme-fang-HPPB-1-GIRAFFE-wae"", ""metric_name"": ""mean_squared_error"", ""metric_value"": ""0.219""}, {""rank"": ""5"", ""model"": ""agentomics-ml-adme-fang-hppb-1"", ""metric_name"": ""mean_squared_error"", ""metric_value"": ""0.258""}, {""rank"": ""6"", ""model"": ""nepare"", ""metric_name"": ""mean_squared_error"", ""metric_value"": ""0.303""}, {""rank"": ""7"", ""model"": ""CheMeleon"", ""metric_name"": ""mean_squared_error"", ""metric_value"": ""0.249""}, {""rank"": ""8"", ""model"": ""chemlactica-125m-sft"", ""metric_name"": ""mean_squared_error"", ""metric_value"": ""0.249""}, {""rank"": ""9"", ""model"": ""adme-fang-HPPB-1_atompair_RandomForestRegressor"", ""metric_name"": ""mean_squared_error"", ""metric_value"": ""0.333""}, {""rank"": ""10"", ""model"": ""chemma-2b-sft"", ""metric_name"": ""mean_squared_error"", ""metric_value"": ""0.383""}]",1808,1446,362,raw,smiles,target,predefined,40484d6673195f8d2fda68d20af4f3531c3597678494cf9d1b99762e1b658319,66dc633f35cdc8f4287a582e07b4fab1e1979e18c548df36ac9b9a4aeb646702,10115,8803,1312,393,342,577,0,0,0.999,,1e-08,0.005,0.995,,145,elasticnet_cv,False,0.0432876128108306,0.3,157,3,random,145,False,1633.8273389841072,7200.0,4852.725340542198,"[""morgan"", ""ecfp6"", ""fcfp6"", ""layered"", ""atom_pair"", ""topological_torsion"", ""rdk_path"", ""maccs"", ""rdkit"", ""maplight""]","[""morgan"", ""ecfp6"", ""fcfp6"", ""layered"", ""atom_pair"", ""topological_torsion"", ""rdk_path"", ""maccs"", ""rdkit"", ""maplight""]",[],0,8803,/media/volume/AutoQSARdata_300/model_cache/feature_store_parquet,parquet,1118,690,False,/media/volume/AutoQSARdata_300/model_cache/benchmark_feature_matrix_cache/23595fe0cb00651e1fda2b3ff3b0409639b203088fb183759b8f3d7df07a891e.pkl,morgan_ecfp6_fcfp6_layered_atom_pair_topological_torsion_rdk_path_maccs_rdkit_maplight__9d9272112e8cc9d9,"Chemprop v2 (D-MPNN + RDKit2D, ensemble=3)",Chemprop v2,,,,,,,,,,,,,,,,,,,,,,,,,,,,,,1.0,,,,,,,,,,,,,,,692.919,692.919,model_stage,345.555,19,"deep model Chemprop v2 (D-MPNN + RDKit2D, ensemble=3)",model,2026-06-26 02:32:03 UTC,,,,,,,'ascii' codec can't decode byte 0xe2 in position 162: ordinal not in range(128),dmpnn,dmpnn_rdkit2d,,rdkit_2d,False,0.0,,,,,,,,,,,,,,,,,,,,,,,,,,,,,,,
polaris_adme_fang_hppb_1,Polaris ADME benchmark mirror: adme-fang-hppb-1,polaris,polaris/adme-fang-hppb-1,https://polarishub.io/benchmarks/polaris/adme-fang-hppb-1,1B_MPNN_LargeMix-and-Phenomics,mean_squared_error,0.143,predefined,10,"[{""rank"": ""1"", ""model"": ""1B_MPNN_LargeMix-and-Phenomics"", ""metric_name"": ""mean_squared_error"", ""metric_value"": ""0.143""}, {""rank"": ""2"", ""model"": ""1B_MPNN_MolGPS-ens_LargeMix"", ""metric_name"": ""mean_squared_error"", ""metric_value"": ""0.152""}, {""rank"": ""3"", ""model"": ""TabPFNv2-rdkit"", ""metric_name"": ""mean_squared_error"", ""metric_value"": ""0.21""}, {""rank"": ""4"", ""model"": ""adme-fang-HPPB-1-GIRAFFE-wae"", ""metric_name"": ""mean_squared_error"", ""metric_value"": ""0.219""}, {""rank"": ""5"", ""model"": ""agentomics-ml-adme-fang-hppb-1"", ""metric_name"": ""mean_squared_error"", ""metric_value"": ""0.258""}, {""rank"": ""6"", ""model"": ""nepare"", ""metric_name"": ""mean_squared_error"", ""metric_value"": ""0.303""}, {""rank"": ""7"", ""model"": ""CheMeleon"", ""metric_name"": ""mean_squared_error"", ""metric_value"": ""0.249""}, {""rank"": ""8"", ""model"": ""chemlactica-125m-sft"", ""metric_name"": ""mean_squared_error"", ""metric_value"": ""0.249""}, {""rank"": ""9"", ""model"": ""adme-fang-HPPB-1_atompair_RandomForestRegressor"", ""metric_name"": ""mean_squared_error"", ""metric_value"": ""0.333""}, {""rank"": ""10"", ""model"": ""chemma-2b-sft"", ""metric_name"": ""mean_squared_error"", ""metric_value"": ""0.383""}]",1808,1446,362,raw,smiles,target,predefined,40484d6673195f8d2fda68d20af4f3531c3597678494cf9d1b99762e1b658319,66dc633f35cdc8f4287a582e07b4fab1e1979e18c548df36ac9b9a4aeb646702,10115,8803,1312,393,342,577,0,0,0.999,,1e-08,0.005,0.995,,145,elasticnet_cv,False,0.0432876128108306,0.3,157,3,random,145,False,1633.8273389841072,7200.0,4852.725340542198,"[""morgan"", ""ecfp6"", ""fcfp6"", ""layered"", ""atom_pair"", ""topological_torsion"", ""rdk_path"", ""maccs"", ""rdkit"", ""maplight""]","[""morgan"", ""ecfp6"", ""fcfp6"", ""layered"", ""atom_pair"", ""topological_torsion"", ""rdk_path"", ""maccs"", ""rdkit"", ""maplight""]",[],0,8803,/media/volume/AutoQSARdata_300/model_cache/feature_store_parquet,parquet,1118,690,False,/media/volume/AutoQSARdata_300/model_cache/benchmark_feature_matrix_cache/23595fe0cb00651e1fda2b3ff3b0409639b203088fb183759b8f3d7df07a891e.pkl,morgan_ecfp6_fcfp6_layered_atom_pair_topological_torsion_rdk_path_maccs_rdkit_maplight__9d9272112e8cc9d9,"Chemprop v2 (CMPNN, ensemble=3)",Chemprop v2,,,,,,,,,,,,,,,,,,,,,,,,,,,,,,1.0,,,,,,,,,,,,,,,1017.537,1017.537,model_stage,324.431,20,"deep model Chemprop v2 (CMPNN, ensemble=3)",model,2026-06-26 02:37:49 UTC,,,,,,,'ascii' codec can't decode byte 0xe2 in position 154: ordinal not in range(128),cmpnn,cmpnn,--atom-messages --undirected,,False,0.0,,,,,,,,,,,,,,,,,,,,,,,,,,,,,,,
polaris_adme_fang_hppb_1,Polaris ADME benchmark mirror: adme-fang-hppb-1,polaris,polaris/adme-fang-hppb-1,https://polarishub.io/benchmarks/polaris/adme-fang-hppb-1,1B_MPNN_LargeMix-and-Phenomics,mean_squared_error,0.143,predefined,10,"[{""rank"": ""1"", ""model"": ""1B_MPNN_LargeMix-and-Phenomics"", ""metric_name"": ""mean_squared_error"", ""metric_value"": ""0.143""}, {""rank"": ""2"", ""model"": ""1B_MPNN_MolGPS-ens_LargeMix"", ""metric_name"": ""mean_squared_error"", ""metric_value"": ""0.152""}, {""rank"": ""3"", ""model"": ""TabPFNv2-rdkit"", ""metric_name"": ""mean_squared_error"", ""metric_value"": ""0.21""}, {""rank"": ""4"", ""model"": ""adme-fang-HPPB-1-GIRAFFE-wae"", ""metric_name"": ""mean_squared_error"", ""metric_value"": ""0.219""}, {""rank"": ""5"", ""model"": ""agentomics-ml-adme-fang-hppb-1"", ""metric_name"": ""mean_squared_error"", ""metric_value"": ""0.258""}, {""rank"": ""6"", ""model"": ""nepare"", ""metric_name"": ""mean_squared_error"", ""metric_value"": ""0.303""}, {""rank"": ""7"", ""model"": ""CheMeleon"", ""metric_name"": ""mean_squared_error"", ""metric_value"": ""0.249""}, {""rank"": ""8"", ""model"": ""chemlactica-125m-sft"", ""metric_name"": ""mean_squared_error"", ""metric_value"": ""0.249""}, {""rank"": ""9"", ""model"": ""adme-fang-HPPB-1_atompair_RandomForestRegressor"", ""metric_name"": ""mean_squared_error"", ""metric_value"": ""0.333""}, {""rank"": ""10"", ""model"": ""chemma-2b-sft"", ""metric_name"": ""mean_squared_error"", ""metric_value"": ""0.383""}]",1808,1446,362,raw,smiles,target,predefined,40484d6673195f8d2fda68d20af4f3531c3597678494cf9d1b99762e1b658319,66dc633f35cdc8f4287a582e07b4fab1e1979e18c548df36ac9b9a4aeb646702,10115,8803,1312,393,342,577,0,0,0.999,,1e-08,0.005,0.995,,145,elasticnet_cv,False,0.0432876128108306,0.3,157,3,random,145,False,1633.8273389841072,7200.0,4852.725340542198,"[""morgan"", ""ecfp6"", ""fcfp6"", ""layered"", ""atom_pair"", ""topological_torsion"", ""rdk_path"", ""maccs"", ""rdkit"", ""maplight""]","[""morgan"", ""ecfp6"", ""fcfp6"", ""layered"", ""atom_pair"", ""topological_torsion"", ""rdk_path"", ""maccs"", ""rdkit"", ""maplight""]",[],0,8803,/media/volume/AutoQSARdata_300/model_cache/feature_store_parquet,parquet,1118,690,False,/media/volume/AutoQSARdata_300/model_cache/benchmark_feature_matrix_cache/23595fe0cb00651e1fda2b3ff3b0409639b203088fb183759b8f3d7df07a891e.pkl,morgan_ecfp6_fcfp6_layered_atom_pair_topological_torsion_rdk_path_maccs_rdkit_maplight__9d9272112e8cc9d9,"Chemprop v2 (AttentiveFP, ensemble=3)",Chemprop v2,,,,,,,,,,,,,,,,,,,,,,,,,,,,,,1.0,,,,,,,,,,,,,,,1369.556,1369.556,model_stage,351.829,21,"deep model Chemprop v2 (AttentiveFP, ensemble=3)",model,2026-06-26 02:43:14 UTC,,,,,,,'ascii' codec can't decode byte 0xe2 in position 166: ordinal not in range(128),attentivefp,attentivefp,--atom-messages --aggregation norm --aggregation-norm 100 --dropout 0.1,rdkit_2d,False,0.0,,,,,,,,,,,,,,,,,,,,,,,,,,,,,,,
polaris_adme_fang_hppb_1,Polaris ADME benchmark mirror: adme-fang-hppb-1,polaris,polaris/adme-fang-hppb-1,https://polarishub.io/benchmarks/polaris/adme-fang-hppb-1,1B_MPNN_LargeMix-and-Phenomics,mean_squared_error,0.143,predefined,10,"[{""rank"": ""1"", ""model"": ""1B_MPNN_LargeMix-and-Phenomics"", ""metric_name"": ""mean_squared_error"", ""metric_value"": ""0.143""}, {""rank"": ""2"", ""model"": ""1B_MPNN_MolGPS-ens_LargeMix"", ""metric_name"": ""mean_squared_error"", ""metric_value"": ""0.152""}, {""rank"": ""3"", ""model"": ""TabPFNv2-rdkit"", ""metric_name"": ""mean_squared_error"", ""metric_value"": ""0.21""}, {""rank"": ""4"", ""model"": ""adme-fang-HPPB-1-GIRAFFE-wae"", ""metric_name"": ""mean_squared_error"", ""metric_value"": ""0.219""}, {""rank"": ""5"", ""model"": ""agentomics-ml-adme-fang-hppb-1"", ""metric_name"": ""mean_squared_error"", ""metric_value"": ""0.258""}, {""rank"": ""6"", ""model"": ""nepare"", ""metric_name"": ""mean_squared_error"", ""metric_value"": ""0.303""}, {""rank"": ""7"", ""model"": ""CheMeleon"", ""metric_name"": ""mean_squared_error"", ""metric_value"": ""0.249""}, {""rank"": ""8"", ""model"": ""chemlactica-125m-sft"", ""metric_name"": ""mean_squared_error"", ""metric_value"": ""0.249""}, {""rank"": ""9"", ""model"": ""adme-fang-HPPB-1_atompair_RandomForestRegressor"", ""metric_name"": ""mean_squared_error"", ""metric_value"": ""0.333""}, {""rank"": ""10"", ""model"": ""chemma-2b-sft"", ""metric_name"": ""mean_squared_error"", ""metric_value"": ""0.383""}]",1808,1446,362,raw,smiles,target,predefined,40484d6673195f8d2fda68d20af4f3531c3597678494cf9d1b99762e1b658319,66dc633f35cdc8f4287a582e07b4fab1e1979e18c548df36ac9b9a4aeb646702,10115,8803,1312,393,342,577,0,0,0.999,,1e-08,0.005,0.995,,145,elasticnet_cv,False,0.0432876128108306,0.3,157,3,random,145,False,1633.8273389841072,7200.0,4852.725340542198,"[""morgan"", ""ecfp6"", ""fcfp6"", ""layered"", ""atom_pair"", ""topological_torsion"", ""rdk_path"", ""maccs"", ""rdkit"", ""maplight""]","[""morgan"", ""ecfp6"", ""fcfp6"", ""layered"", ""atom_pair"", ""topological_torsion"", ""rdk_path"", ""maccs"", ""rdkit"", ""maplight""]",[],0,8803,/media/volume/AutoQSARdata_300/model_cache/feature_store_parquet,parquet,1118,690,False,/media/volume/AutoQSARdata_300/model_cache/benchmark_feature_matrix_cache/23595fe0cb00651e1fda2b3ff3b0409639b203088fb183759b8f3d7df07a891e.pkl,morgan_ecfp6_fcfp6_layered_atom_pair_topological_torsion_rdk_path_maccs_rdkit_maplight__9d9272112e8cc9d9,"Chemprop v2 (D-MPNN + Selected descriptors, ensemble=3)",Chemprop v2,,,,,,,,,,,,,,,,,,,,,,,,,,,,,,1.0,,,,,,,,,,,,,,,1698.87,1698.87,model_stage,329.122,22,"deep model Chemprop v2 (D-MPNN + Selected descriptors, ensemble=3)",model,2026-06-26 02:49:06 UTC,,,,,,,'ascii' codec can't decode byte 0xe2 in position 172: ordinal not in range(128),dmpnn,dmpnn_selected_features,,,True,145.0,,,,,,,,,,,,,,,,,,,,,,,,,,,,,,,
polaris_adme_fang_hppb_1,Polaris ADME benchmark mirror: adme-fang-hppb-1,polaris,polaris/adme-fang-hppb-1,https://polarishub.io/benchmarks/polaris/adme-fang-hppb-1,1B_MPNN_LargeMix-and-Phenomics,mean_squared_error,0.143,predefined,10,"[{""rank"": ""1"", ""model"": ""1B_MPNN_LargeMix-and-Phenomics"", ""metric_name"": ""mean_squared_error"", ""metric_value"": ""0.143""}, {""rank"": ""2"", ""model"": ""1B_MPNN_MolGPS-ens_LargeMix"", ""metric_name"": ""mean_squared_error"", ""metric_value"": ""0.152""}, {""rank"": ""3"", ""model"": ""TabPFNv2-rdkit"", ""metric_name"": ""mean_squared_error"", ""metric_value"": ""0.21""}, {""rank"": ""4"", ""model"": ""adme-fang-HPPB-1-GIRAFFE-wae"", ""metric_name"": ""mean_squared_error"", ""metric_value"": ""0.219""}, {""rank"": ""5"", ""model"": ""agentomics-ml-adme-fang-hppb-1"", ""metric_name"": ""mean_squared_error"", ""metric_value"": ""0.258""}, {""rank"": ""6"", ""model"": ""nepare"", ""metric_name"": ""mean_squared_error"", ""metric_value"": ""0.303""}, {""rank"": ""7"", ""model"": ""CheMeleon"", ""metric_name"": ""mean_squared_error"", ""metric_value"": ""0.249""}, {""rank"": ""8"", ""model"": ""chemlactica-125m-sft"", ""metric_name"": ""mean_squared_error"", ""metric_value"": ""0.249""}, {""rank"": ""9"", ""model"": ""adme-fang-HPPB-1_atompair_RandomForestRegressor"", ""metric_name"": ""mean_squared_error"", ""metric_value"": ""0.333""}, {""rank"": ""10"", ""model"": ""chemma-2b-sft"", ""metric_name"": ""mean_squared_error"", ""metric_value"": ""0.383""}]",1808,1446,362,raw,smiles,target,predefined,40484d6673195f8d2fda68d20af4f3531c3597678494cf9d1b99762e1b658319,66dc633f35cdc8f4287a582e07b4fab1e1979e18c548df36ac9b9a4aeb646702,10115,8803,1312,393,342,577,0,0,0.999,,1e-08,0.005,0.995,,145,elasticnet_cv,False,0.0432876128108306,0.3,157,3,random,145,False,1633.8273389841072,7200.0,4852.725340542198,"[""morgan"", ""ecfp6"", ""fcfp6"", ""layered"", ""atom_pair"", ""topological_torsion"", ""rdk_path"", ""maccs"", ""rdkit"", ""maplight""]","[""morgan"", ""ecfp6"", ""fcfp6"", ""layered"", ""atom_pair"", ""topological_torsion"", ""rdk_path"", ""maccs"", ""rdkit"", ""maplight""]",[],0,8803,/media/volume/AutoQSARdata_300/model_cache/feature_store_parquet,parquet,1118,690,False,/media/volume/AutoQSARdata_300/model_cache/benchmark_feature_matrix_cache/23595fe0cb00651e1fda2b3ff3b0409639b203088fb183759b8f3d7df07a891e.pkl,morgan_ecfp6_fcfp6_layered_atom_pair_topological_torsion_rdk_path_maccs_rdkit_maplight__9d9272112e8cc9d9,Uni-Mol V2 (84m),Uni-Mol,,,,,,,,,,,,,,,,,,,,,,,,,,,,,,1.0,,,,,,,,,,,,,,,1724.2,1724.2,model_stage,24.272,24,deep model Uni-Mol V2 (84m),model,2026-06-26 02:54:36 UTC,,,,,,,"CUDA out of memory. Tried to allocate 1.68 GiB. GPU 0 has a total capacity of 39.39 GiB of which 338.38 MiB is free. Including non-PyTorch memory, this process has 39.05 GiB memory in use. Of the allocated memory 36.98 GiB is allocated by PyTorch, and 1.57 GiB is reserved by PyTorch but unallocated. If reserved but unallocated memory is large try setting PYTORCH_CUDA_ALLOC_CONF=expandable_segments:True to avoid fragmentation.  See documentation for Memory Management  (https://pytorch.org/docs/stable/notes/cuda.html#environment-variables)",,,,,,,,,,,,,,,,,,,,,,,,,,,,,,,,,,,,,
polaris_adme_fang_hppb_1,Polaris ADME benchmark mirror: adme-fang-hppb-1,polaris,polaris/adme-fang-hppb-1,https://polarishub.io/benchmarks/polaris/adme-fang-hppb-1,1B_MPNN_LargeMix-and-Phenomics,mean_squared_error,0.143,predefined,10,"[{""rank"": ""1"", ""model"": ""1B_MPNN_LargeMix-and-Phenomics"", ""metric_name"": ""mean_squared_error"", ""metric_value"": ""0.143""}, {""rank"": ""2"", ""model"": ""1B_MPNN_MolGPS-ens_LargeMix"", ""metric_name"": ""mean_squared_error"", ""metric_value"": ""0.152""}, {""rank"": ""3"", ""model"": ""TabPFNv2-rdkit"", ""metric_name"": ""mean_squared_error"", ""metric_value"": ""0.21""}, {""rank"": ""4"", ""model"": ""adme-fang-HPPB-1-GIRAFFE-wae"", ""metric_name"": ""mean_squared_error"", ""metric_value"": ""0.219""}, {""rank"": ""5"", ""model"": ""agentomics-ml-adme-fang-hppb-1"", ""metric_name"": ""mean_squared_error"", ""metric_value"": ""0.258""}, {""rank"": ""6"", ""model"": ""nepare"", ""metric_name"": ""mean_squared_error"", ""metric_value"": ""0.303""}, {""rank"": ""7"", ""model"": ""CheMeleon"", ""metric_name"": ""mean_squared_error"", ""metric_value"": ""0.249""}, {""rank"": ""8"", ""model"": ""chemlactica-125m-sft"", ""metric_name"": ""mean_squared_error"", ""metric_value"": ""0.249""}, {""rank"": ""9"", ""model"": ""adme-fang-HPPB-1_atompair_RandomForestRegressor"", ""metric_name"": ""mean_squared_error"", ""metric_value"": ""0.333""}, {""rank"": ""10"", ""model"": ""chemma-2b-sft"", ""metric_name"": ""mean_squared_error"", ""metric_value"": ""0.383""}]",1808,1446,362,raw,smiles,target,predefined,40484d6673195f8d2fda68d20af4f3531c3597678494cf9d1b99762e1b658319,66dc633f35cdc8f4287a582e07b4fab1e1979e18c548df36ac9b9a4aeb646702,10115,8803,1312,393,342,577,0,0,0.999,,1e-08,0.005,0.995,,145,elasticnet_cv,False,0.043287612810830614,0.3,157,3,random,145,False,1633.8273389841072,7200.0,4852.725340542198,"[""morgan"", ""ecfp6"", ""fcfp6"", ""layered"", ""atom_pair"", ""topological_torsion"", ""rdk_path"", ""maccs"", ""rdkit"", ""maplight""]","[""morgan"", ""ecfp6"", ""fcfp6"", ""layered"", ""atom_pair"", ""topological_torsion"", ""rdk_path"", ""maccs"", ""rdkit"", ""maplight""]",[],0,8803,/media/volume/AutoQSARdata_300/model_cache/feature_store_parquet,parquet,1118,690,False,/media/volume/AutoQSARdata_300/model_cache/benchmark_feature_matrix_cache/23595fe0cb00651e1fda2b3ff3b0409639b203088fb183759b8f3d7df07a891e.pkl,morgan_ecfp6_fcfp6_layered_atom_pair_topological_torsion_rdk_path_maccs_rdkit_maplight__9d9272112e8cc9d9,"Chemprop v2 (D-MPNN, ensemble=3)",Chemprop v2,,,,,,,,,,,,,,,,,,,,,,,,,,,,,,1,,,,,,,,,,,,,,,303.473,303.473,model_stage,283.831,18,"deep model Chemprop v2 (D-MPNN, ensemble=3)",model,2026-06-29 22:55:20 UTC,,,,,,,'ascii' codec can't decode byte 0xe2 in position 154: ordinal not in range(128),dmpnn,dmpnn,,,False,0.0,,,,,,,,,,,,,,,,,,,,,,,,,,,,,,,
polaris_adme_fang_hppb_1,Polaris ADME benchmark mirror: adme-fang-hppb-1,polaris,polaris/adme-fang-hppb-1,https://polarishub.io/benchmarks/polaris/adme-fang-hppb-1,1B_MPNN_LargeMix-and-Phenomics,mean_squared_error,0.143,predefined,10,"[{""rank"": ""1"", ""model"": ""1B_MPNN_LargeMix-and-Phenomics"", ""metric_name"": ""mean_squared_error"", ""metric_value"": ""0.143""}, {""rank"": ""2"", ""model"": ""1B_MPNN_MolGPS-ens_LargeMix"", ""metric_name"": ""mean_squared_error"", ""metric_value"": ""0.152""}, {""rank"": ""3"", ""model"": ""TabPFNv2-rdkit"", ""metric_name"": ""mean_squared_error"", ""metric_value"": ""0.21""}, {""rank"": ""4"", ""model"": ""adme-fang-HPPB-1-GIRAFFE-wae"", ""metric_name"": ""mean_squared_error"", ""metric_value"": ""0.219""}, {""rank"": ""5"", ""model"": ""agentomics-ml-adme-fang-hppb-1"", ""metric_name"": ""mean_squared_error"", ""metric_value"": ""0.258""}, {""rank"": ""6"", ""model"": ""nepare"", ""metric_name"": ""mean_squared_error"", ""metric_value"": ""0.303""}, {""rank"": ""7"", ""model"": ""CheMeleon"", ""metric_name"": ""mean_squared_error"", ""metric_value"": ""0.249""}, {""rank"": ""8"", ""model"": ""chemlactica-125m-sft"", ""metric_name"": ""mean_squared_error"", ""metric_value"": ""0.249""}, {""rank"": ""9"", ""model"": ""adme-fang-HPPB-1_atompair_RandomForestRegressor"", ""metric_name"": ""mean_squared_error"", ""metric_value"": ""0.333""}, {""rank"": ""10"", ""model"": ""chemma-2b-sft"", ""metric_name"": ""mean_squared_error"", ""metric_value"": ""0.383""}]",1808,1446,362,raw,smiles,target,predefined,40484d6673195f8d2fda68d20af4f3531c3597678494cf9d1b99762e1b658319,66dc633f35cdc8f4287a582e07b4fab1e1979e18c548df36ac9b9a4aeb646702,10115,8803,1312,393,342,577,0,0,0.999,,1e-08,0.005,0.995,,145,elasticnet_cv,False,0.043287612810830614,0.3,157,3,random,145,False,1633.8273389841072,7200.0,4852.725340542198,"[""morgan"", ""ecfp6"", ""fcfp6"", ""layered"", ""atom_pair"", ""topological_torsion"", ""rdk_path"", ""maccs"", ""rdkit"", ""maplight""]","[""morgan"", ""ecfp6"", ""fcfp6"", ""layered"", ""atom_pair"", ""topological_torsion"", ""rdk_path"", ""maccs"", ""rdkit"", ""maplight""]",[],0,8803,/media/volume/AutoQSARdata_300/model_cache/feature_store_parquet,parquet,1118,690,False,/media/volume/AutoQSARdata_300/model_cache/benchmark_feature_matrix_cache/23595fe0cb00651e1fda2b3ff3b0409639b203088fb183759b8f3d7df07a891e.pkl,morgan_ecfp6_fcfp6_layered_atom_pair_topological_torsion_rdk_path_maccs_rdkit_maplight__9d9272112e8cc9d9,"Chemprop v2 (D-MPNN + RDKit2D, ensemble=3)",Chemprop v2,,,,,,,,,,,,,,,,,,,,,,,,,,,,,,1,,,,,,,,,,,,,,,613.829,613.829,model_stage,310.17,19,"deep model Chemprop v2 (D-MPNN + RDKit2D, ensemble=3)",model,2026-06-29 23:00:04 UTC,,,,,,,'ascii' codec can't decode byte 0xe2 in position 162: ordinal not in range(128),dmpnn,dmpnn_rdkit2d,,rdkit_2d,False,0.0,,,,,,,,,,,,,,,,,,,,,,,,,,,,,,,
polaris_adme_fang_hppb_1,Polaris ADME benchmark mirror: adme-fang-hppb-1,polaris,polaris/adme-fang-hppb-1,https://polarishub.io/benchmarks/polaris/adme-fang-hppb-1,1B_MPNN_LargeMix-and-Phenomics,mean_squared_error,0.143,predefined,10,"[{""rank"": ""1"", ""model"": ""1B_MPNN_LargeMix-and-Phenomics"", ""metric_name"": ""mean_squared_error"", ""metric_value"": ""0.143""}, {""rank"": ""2"", ""model"": ""1B_MPNN_MolGPS-ens_LargeMix"", ""metric_name"": ""mean_squared_error"", ""metric_value"": ""0.152""}, {""rank"": ""3"", ""model"": ""TabPFNv2-rdkit"", ""metric_name"": ""mean_squared_error"", ""metric_value"": ""0.21""}, {""rank"": ""4"", ""model"": ""adme-fang-HPPB-1-GIRAFFE-wae"", ""metric_name"": ""mean_squared_error"", ""metric_value"": ""0.219""}, {""rank"": ""5"", ""model"": ""agentomics-ml-adme-fang-hppb-1"", ""metric_name"": ""mean_squared_error"", ""metric_value"": ""0.258""}, {""rank"": ""6"", ""model"": ""nepare"", ""metric_name"": ""mean_squared_error"", ""metric_value"": ""0.303""}, {""rank"": ""7"", ""model"": ""CheMeleon"", ""metric_name"": ""mean_squared_error"", ""metric_value"": ""0.249""}, {""rank"": ""8"", ""model"": ""chemlactica-125m-sft"", ""metric_name"": ""mean_squared_error"", ""metric_value"": ""0.249""}, {""rank"": ""9"", ""model"": ""adme-fang-HPPB-1_atompair_RandomForestRegressor"", ""metric_name"": ""mean_squared_error"", ""metric_value"": ""0.333""}, {""rank"": ""10"", ""model"": ""chemma-2b-sft"", ""metric_name"": ""mean_squared_error"", ""metric_value"": ""0.383""}]",1808,1446,362,raw,smiles,target,predefined,40484d6673195f8d2fda68d20af4f3531c3597678494cf9d1b99762e1b658319,66dc633f35cdc8f4287a582e07b4fab1e1979e18c548df36ac9b9a4aeb646702,10115,8803,1312,393,342,577,0,0,0.999,,1e-08,0.005,0.995,,145,elasticnet_cv,False,0.043287612810830614,0.3,157,3,random,145,False,1633.8273389841072,7200.0,4852.725340542198,"[""morgan"", ""ecfp6"", ""fcfp6"", ""layered"", ""atom_pair"", ""topological_torsion"", ""rdk_path"", ""maccs"", ""rdkit"", ""maplight""]","[""morgan"", ""ecfp6"", ""fcfp6"", ""layered"", ""atom_pair"", ""topological_torsion"", ""rdk_path"", ""maccs"", ""rdkit"", ""maplight""]",[],0,8803,/media/volume/AutoQSARdata_300/model_cache/feature_store_parquet,parquet,1118,690,False,/media/volume/AutoQSARdata_300/model_cache/benchmark_feature_matrix_cache/23595fe0cb00651e1fda2b3ff3b0409639b203088fb183759b8f3d7df07a891e.pkl,morgan_ecfp6_fcfp6_layered_atom_pair_topological_torsion_rdk_path_maccs_rdkit_maplight__9d9272112e8cc9d9,"Chemprop v2 (CMPNN, ensemble=3)",Chemprop v2,,,,,,,,,,,,,,,,,,,,,,,,,,,,,,1,,,,,,,,,,,,,,,902.698,902.698,model_stage,288.685,20,"deep model Chemprop v2 (CMPNN, ensemble=3)",model,2026-06-29 23:05:14 UTC,,,,,,,'ascii' codec can't decode byte 0xe2 in position 154: ordinal not in range(128),cmpnn,cmpnn,--atom-messages --undirected,,False,0.0,,,,,,,,,,,,,,,,,,,,,,,,,,,,,,,
polaris_adme_fang_hppb_1,Polaris ADME benchmark mirror: adme-fang-hppb-1,polaris,polaris/adme-fang-hppb-1,https://polarishub.io/benchmarks/polaris/adme-fang-hppb-1,1B_MPNN_LargeMix-and-Phenomics,mean_squared_error,0.143,predefined,10,"[{""rank"": ""1"", ""model"": ""1B_MPNN_LargeMix-and-Phenomics"", ""metric_name"": ""mean_squared_error"", ""metric_value"": ""0.143""}, {""rank"": ""2"", ""model"": ""1B_MPNN_MolGPS-ens_LargeMix"", ""metric_name"": ""mean_squared_error"", ""metric_value"": ""0.152""}, {""rank"": ""3"", ""model"": ""TabPFNv2-rdkit"", ""metric_name"": ""mean_squared_error"", ""metric_value"": ""0.21""}, {""rank"": ""4"", ""model"": ""adme-fang-HPPB-1-GIRAFFE-wae"", ""metric_name"": ""mean_squared_error"", ""metric_value"": ""0.219""}, {""rank"": ""5"", ""model"": ""agentomics-ml-adme-fang-hppb-1"", ""metric_name"": ""mean_squared_error"", ""metric_value"": ""0.258""}, {""rank"": ""6"", ""model"": ""nepare"", ""metric_name"": ""mean_squared_error"", ""metric_value"": ""0.303""}, {""rank"": ""7"", ""model"": ""CheMeleon"", ""metric_name"": ""mean_squared_error"", ""metric_value"": ""0.249""}, {""rank"": ""8"", ""model"": ""chemlactica-125m-sft"", ""metric_name"": ""mean_squared_error"", ""metric_value"": ""0.249""}, {""rank"": ""9"", ""model"": ""adme-fang-HPPB-1_atompair_RandomForestRegressor"", ""metric_name"": ""mean_squared_error"", ""metric_value"": ""0.333""}, {""rank"": ""10"", ""model"": ""chemma-2b-sft"", ""metric_name"": ""mean_squared_error"", ""metric_value"": ""0.383""}]",1808,1446,362,raw,smiles,target,predefined,40484d6673195f8d2fda68d20af4f3531c3597678494cf9d1b99762e1b658319,66dc633f35cdc8f4287a582e07b4fab1e1979e18c548df36ac9b9a4aeb646702,10115,8803,1312,393,342,577,0,0,0.999,,1e-08,0.005,0.995,,145,elasticnet_cv,False,0.043287612810830614,0.3,157,3,random,145,False,1633.8273389841072,7200.0,4852.725340542198,"[""morgan"", ""ecfp6"", ""fcfp6"", ""layered"", ""atom_pair"", ""topological_torsion"", ""rdk_path"", ""maccs"", ""rdkit"", ""maplight""]","[""morgan"", ""ecfp6"", ""fcfp6"", ""layered"", ""atom_pair"", ""topological_torsion"", ""rdk_path"", ""maccs"", ""rdkit"", ""maplight""]",[],0,8803,/media/volume/AutoQSARdata_300/model_cache/feature_store_parquet,parquet,1118,690,False,/media/volume/AutoQSARdata_300/model_cache/benchmark_feature_matrix_cache/23595fe0cb00651e1fda2b3ff3b0409639b203088fb183759b8f3d7df07a891e.pkl,morgan_ecfp6_fcfp6_layered_atom_pair_topological_torsion_rdk_path_maccs_rdkit_maplight__9d9272112e8cc9d9,"Chemprop v2 (AttentiveFP, ensemble=3)",Chemprop v2,,,,,,,,,,,,,,,,,,,,,,,,,,,,,,1,,,,,,,,,,,,,,,1216.485,1216.485,model_stage,313.602,21,"deep model Chemprop v2 (AttentiveFP, ensemble=3)",model,2026-06-29 23:10:03 UTC,,,,,,,'ascii' codec can't decode byte 0xe2 in position 166: ordinal not in range(128),attentivefp,attentivefp,--atom-messages --aggregation norm --aggregation-norm 100 --dropout 0.1,rdkit_2d,False,0.0,,,,,,,,,,,,,,,,,,,,,,,,,,,,,,,
polaris_adme_fang_hppb_1,Polaris ADME benchmark mirror: adme-fang-hppb-1,polaris,polaris/adme-fang-hppb-1,https://polarishub.io/benchmarks/polaris/adme-fang-hppb-1,1B_MPNN_LargeMix-and-Phenomics,mean_squared_error,0.143,predefined,10,"[{""rank"": ""1"", ""model"": ""1B_MPNN_LargeMix-and-Phenomics"", ""metric_name"": ""mean_squared_error"", ""metric_value"": ""0.143""}, {""rank"": ""2"", ""model"": ""1B_MPNN_MolGPS-ens_LargeMix"", ""metric_name"": ""mean_squared_error"", ""metric_value"": ""0.152""}, {""rank"": ""3"", ""model"": ""TabPFNv2-rdkit"", ""metric_name"": ""mean_squared_error"", ""metric_value"": ""0.21""}, {""rank"": ""4"", ""model"": ""adme-fang-HPPB-1-GIRAFFE-wae"", ""metric_name"": ""mean_squared_error"", ""metric_value"": ""0.219""}, {""rank"": ""5"", ""model"": ""agentomics-ml-adme-fang-hppb-1"", ""metric_name"": ""mean_squared_error"", ""metric_value"": ""0.258""}, {""rank"": ""6"", ""model"": ""nepare"", ""metric_name"": ""mean_squared_error"", ""metric_value"": ""0.303""}, {""rank"": ""7"", ""model"": ""CheMeleon"", ""metric_name"": ""mean_squared_error"", ""metric_value"": ""0.249""}, {""rank"": ""8"", ""model"": ""chemlactica-125m-sft"", ""metric_name"": ""mean_squared_error"", ""metric_value"": ""0.249""}, {""rank"": ""9"", ""model"": ""adme-fang-HPPB-1_atompair_RandomForestRegressor"", ""metric_name"": ""mean_squared_error"", ""metric_value"": ""0.333""}, {""rank"": ""10"", ""model"": ""chemma-2b-sft"", ""metric_name"": ""mean_squared_error"", ""metric_value"": ""0.383""}]",1808,1446,362,raw,smiles,target,predefined,40484d6673195f8d2fda68d20af4f3531c3597678494cf9d1b99762e1b658319,66dc633f35cdc8f4287a582e07b4fab1e1979e18c548df36ac9b9a4aeb646702,10115,8803,1312,393,342,577,0,0,0.999,,1e-08,0.005,0.995,,145,elasticnet_cv,False,0.043287612810830614,0.3,157,3,random,145,False,1633.8273389841072,7200.0,4852.725340542198,"[""morgan"", ""ecfp6"", ""fcfp6"", ""layered"", ""atom_pair"", ""topological_torsion"", ""rdk_path"", ""maccs"", ""rdkit"", ""maplight""]","[""morgan"", ""ecfp6"", ""fcfp6"", ""layered"", ""atom_pair"", ""topological_torsion"", ""rdk_path"", ""maccs"", ""rdkit"", ""maplight""]",[],0,8803,/media/volume/AutoQSARdata_300/model_cache/feature_store_parquet,parquet,1118,690,False,/media/volume/AutoQSARdata_300/model_cache/benchmark_feature_matrix_cache/23595fe0cb00651e1fda2b3ff3b0409639b203088fb183759b8f3d7df07a891e.pkl,morgan_ecfp6_fcfp6_layered_atom_pair_topological_torsion_rdk_path_maccs_rdkit_maplight__9d9272112e8cc9d9,"Chemprop v2 (D-MPNN + Selected descriptors, ensemble=3)",Chemprop v2,,,,,,,,,,,,,,,,,,,,,,,,,,,,,,1,,,,,,,,,,,,,,,1511.042,1511.042,model_stage,294.367,22,"deep model Chemprop v2 (D-MPNN + Selected descriptors, ensemble=3)",model,2026-06-29 23:15:17 UTC,,,,,,,'ascii' codec can't decode byte 0xe2 in position 172: ordinal not in range(128),dmpnn,dmpnn_selected_features,,,True,145.0,,,,,,,,,,,,,,,,,,,,,,,,,,,,,,,
polaris_adme_fang_hppb_1,Polaris ADME benchmark mirror: adme-fang-hppb-1,polaris,polaris/adme-fang-hppb-1,https://polarishub.io/benchmarks/polaris/adme-fang-hppb-1,1B_MPNN_LargeMix-and-Phenomics,mean_squared_error,0.143,predefined,10,"[{""rank"": ""1"", ""model"": ""1B_MPNN_LargeMix-and-Phenomics"", ""metric_name"": ""mean_squared_error"", ""metric_value"": ""0.143""}, {""rank"": ""2"", ""model"": ""1B_MPNN_MolGPS-ens_LargeMix"", ""metric_name"": ""mean_squared_error"", ""metric_value"": ""0.152""}, {""rank"": ""3"", ""model"": ""TabPFNv2-rdkit"", ""metric_name"": ""mean_squared_error"", ""metric_value"": ""0.21""}, {""rank"": ""4"", ""model"": ""adme-fang-HPPB-1-GIRAFFE-wae"", ""metric_name"": ""mean_squared_error"", ""metric_value"": ""0.219""}, {""rank"": ""5"", ""model"": ""agentomics-ml-adme-fang-hppb-1"", ""metric_name"": ""mean_squared_error"", ""metric_value"": ""0.258""}, {""rank"": ""6"", ""model"": ""nepare"", ""metric_name"": ""mean_squared_error"", ""metric_value"": ""0.303""}, {""rank"": ""7"", ""model"": ""CheMeleon"", ""metric_name"": ""mean_squared_error"", ""metric_value"": ""0.249""}, {""rank"": ""8"", ""model"": ""chemlactica-125m-sft"", ""metric_name"": ""mean_squared_error"", ""metric_value"": ""0.249""}, {""rank"": ""9"", ""model"": ""adme-fang-HPPB-1_atompair_RandomForestRegressor"", ""metric_name"": ""mean_squared_error"", ""metric_value"": ""0.333""}, {""rank"": ""10"", ""model"": ""chemma-2b-sft"", ""metric_name"": ""mean_squared_error"", ""metric_value"": ""0.383""}]",1808,1446,362,raw,smiles,target,predefined,40484d6673195f8d2fda68d20af4f3531c3597678494cf9d1b99762e1b658319,66dc633f35cdc8f4287a582e07b4fab1e1979e18c548df36ac9b9a4aeb646702,10115,8803,1312,393,342,577,0,0,0.999,,1e-08,0.005,0.995,,145,elasticnet_cv,False,0.043287612810830614,0.3,157,3,random,145,False,1633.8273389841072,7200.0,4852.725340542198,"[""morgan"", ""ecfp6"", ""fcfp6"", ""layered"", ""atom_pair"", ""topological_torsion"", ""rdk_path"", ""maccs"", ""rdkit"", ""maplight""]","[""morgan"", ""ecfp6"", ""fcfp6"", ""layered"", ""atom_pair"", ""topological_torsion"", ""rdk_path"", ""maccs"", ""rdkit"", ""maplight""]",[],0,8803,/media/volume/AutoQSARdata_300/model_cache/feature_store_parquet,parquet,1118,690,False,/media/volume/AutoQSARdata_300/model_cache/benchmark_feature_matrix_cache/23595fe0cb00651e1fda2b3ff3b0409639b203088fb183759b8f3d7df07a891e.pkl,morgan_ecfp6_fcfp6_layered_atom_pair_topological_torsion_rdk_path_maccs_rdkit_maplight__9d9272112e8cc9d9,Uni-Mol V2 (84m),Uni-Mol,,,,,,,,,,,,,,,,,,,,,,,,,,,,,,1,,,,,,,,,,,,,,,1535.153,1535.153,model_stage,23.535,24,deep model Uni-Mol V2 (84m),model,2026-06-29 23:20:12 UTC,,,,,,,"CUDA out of memory. Tried to allocate 1.68 GiB. GPU 0 has a total capacity of 39.49 GiB of which 444.56 MiB is free. Including non-PyTorch memory, this process has 39.05 GiB memory in use. Of the allocated memory 36.98 GiB is allocated by PyTorch, and 1.57 GiB is reserved by PyTorch but unallocated. If reserved but unallocated memory is large try setting PYTORCH_CUDA_ALLOC_CONF=expandable_segments:True to avoid fragmentation.  See documentation for Memory Management  (https://pytorch.org/docs/stable/notes/cuda.html#environment-variables)",,,,,,,,,,,,,,,,,,,,,,,,,,,,,,,,,,,,,
polaris_adme_fang_hppb_1,Polaris ADME benchmark mirror: adme-fang-hppb-1,polaris,polaris/adme-fang-hppb-1,https://polarishub.io/benchmarks/polaris/adme-fang-hppb-1,1B_MPNN_LargeMix-and-Phenomics,mean_squared_error,0.143,predefined,10,"[{""rank"": ""1"", ""model"": ""1B_MPNN_LargeMix-and-Phenomics"", ""metric_name"": ""mean_squared_error"", ""metric_value"": ""0.143""}, {""rank"": ""2"", ""model"": ""1B_MPNN_MolGPS-ens_LargeMix"", ""metric_name"": ""mean_squared_error"", ""metric_value"": ""0.152""}, {""rank"": ""3"", ""model"": ""TabPFNv2-rdkit"", ""metric_name"": ""mean_squared_error"", ""metric_value"": ""0.21""}, {""rank"": ""4"", ""model"": ""adme-fang-HPPB-1-GIRAFFE-wae"", ""metric_name"": ""mean_squared_error"", ""metric_value"": ""0.219""}, {""rank"": ""5"", ""model"": ""agentomics-ml-adme-fang-hppb-1"", ""metric_name"": ""mean_squared_error"", ""metric_value"": ""0.258""}, {""rank"": ""6"", ""model"": ""nepare"", ""metric_name"": ""mean_squared_error"", ""metric_value"": ""0.303""}, {""rank"": ""7"", ""model"": ""CheMeleon"", ""metric_name"": ""mean_squared_error"", ""metric_value"": ""0.249""}, {""rank"": ""8"", ""model"": ""chemlactica-125m-sft"", ""metric_name"": ""mean_squared_error"", ""metric_value"": ""0.249""}, {""rank"": ""9"", ""model"": ""adme-fang-HPPB-1_atompair_RandomForestRegressor"", ""metric_name"": ""mean_squared_error"", ""metric_value"": ""0.333""}, {""rank"": ""10"", ""model"": ""chemma-2b-sft"", ""metric_name"": ""mean_squared_error"", ""metric_value"": ""0.383""}]",1808,1446,362,raw,smiles,target,predefined,40484d6673195f8d2fda68d20af4f3531c3597678494cf9d1b99762e1b658319,66dc633f35cdc8f4287a582e07b4fab1e1979e18c548df36ac9b9a4aeb646702,10115,8803,1312,393,342,577,0,0,0.999,,1e-08,0.005,0.995,,145,elasticnet_cv,False,0.043287612810830614,0.3,157,3,random,145,False,1633.8273389841072,7200.0,4852.725340542198,"[""morgan"", ""ecfp6"", ""fcfp6"", ""layered"", ""atom_pair"", ""topological_torsion"", ""rdk_path"", ""maccs"", ""rdkit"", ""maplight""]","[""morgan"", ""ecfp6"", ""fcfp6"", ""layered"", ""atom_pair"", ""topological_torsion"", ""rdk_path"", ""maccs"", ""rdkit"", ""maplight""]",[],0,8803,/media/volume/AutoQSARdata_300/model_cache/feature_store_parquet,parquet,1118,690,False,/media/volume/AutoQSARdata_300/model_cache/benchmark_feature_matrix_cache/23595fe0cb00651e1fda2b3ff3b0409639b203088fb183759b8f3d7df07a891e.pkl,morgan_ecfp6_fcfp6_layered_atom_pair_topological_torsion_rdk_path_maccs_rdkit_maplight__9d9272112e8cc9d9,"Ensemble (OOF Stacking (RidgeCV, 5-fold))",ensemble,,,mse,,,,,,,0.9989514141210488,0.023275456921600192,0.005158199764604027,0.9993733070211127,0.589048160550236,0.4794729227296328,0.37623780105110105,0.7766503328212789,0.22989428363089642,,,,,,,,,,,,1,,,,,,,5.0,True,-0.15310571636910358,0.383,,,,,1535.634,1535.634,model_stage,0.286,27,ensemble (2 method(s)),model,2026-06-29 23:20:35 UTC,,,,,,,,,,,,,,,,,,,,,,,,,,,,,,,,,,,,,,,,,OOF Stacking (RidgeCV),11.0,"ElasticNetCV, SVR, Random forest, Extra trees, AdaBoost, Tabular CNN, XGBoost, CatBoost, MapLight CatBoost (Strict Parity), Uni-Mol V1, MapLight + GNN (CatBoost, Strict Parity)","Dropped highly correlated members using overlap train predictions: Tabular MLP (pair=Extra trees/Tabular MLP, corr=0.999); Voting Regressor (KNN, SVM) (pair=Extra trees/Voting Regressor (KNN, SVM), corr=0.998); ChemML MLP (TensorFlow) (pair=ChemML MLP (TensorFlow)/CFA (Combinatorial Fusion), corr=0.998); ChemML MLP (PyTorch) (pair=Extra trees/ChemML MLP (PyTorch), corr=0.997); HistGradientBoosting (pair=HistGradientBoosting/XGBoost, corr=0.997); CFA (Combinatorial Fusion) (pair=Extra trees/CFA (Combinatorial Fusion), corr=0.996)"
polaris_adme_fang_hppb_1,Polaris ADME benchmark mirror: adme-fang-hppb-1,polaris,polaris/adme-fang-hppb-1,https://polarishub.io/benchmarks/polaris/adme-fang-hppb-1,1B_MPNN_LargeMix-and-Phenomics,mean_squared_error,0.143,predefined,10,"[{""rank"": ""1"", ""model"": ""1B_MPNN_LargeMix-and-Phenomics"", ""metric_name"": ""mean_squared_error"", ""metric_value"": ""0.143""}, {""rank"": ""2"", ""model"": ""1B_MPNN_MolGPS-ens_LargeMix"", ""metric_name"": ""mean_squared_error"", ""metric_value"": ""0.152""}, {""rank"": ""3"", ""model"": ""TabPFNv2-rdkit"", ""metric_name"": ""mean_squared_error"", ""metric_value"": ""0.21""}, {""rank"": ""4"", ""model"": ""adme-fang-HPPB-1-GIRAFFE-wae"", ""metric_name"": ""mean_squared_error"", ""metric_value"": ""0.219""}, {""rank"": ""5"", ""model"": ""agentomics-ml-adme-fang-hppb-1"", ""metric_name"": ""mean_squared_error"", ""metric_value"": ""0.258""}, {""rank"": ""6"", ""model"": ""nepare"", ""metric_name"": ""mean_squared_error"", ""metric_value"": ""0.303""}, {""rank"": ""7"", ""model"": ""CheMeleon"", ""metric_name"": ""mean_squared_error"", ""metric_value"": ""0.249""}, {""rank"": ""8"", ""model"": ""chemlactica-125m-sft"", ""metric_name"": ""mean_squared_error"", ""metric_value"": ""0.249""}, {""rank"": ""9"", ""model"": ""adme-fang-HPPB-1_atompair_RandomForestRegressor"", ""metric_name"": ""mean_squared_error"", ""metric_value"": ""0.333""}, {""rank"": ""10"", ""model"": ""chemma-2b-sft"", ""metric_name"": ""mean_squared_error"", ""metric_value"": ""0.383""}]",1808,1446,362,raw,smiles,target,predefined,40484d6673195f8d2fda68d20af4f3531c3597678494cf9d1b99762e1b658319,66dc633f35cdc8f4287a582e07b4fab1e1979e18c548df36ac9b9a4aeb646702,10115,8803,1312,393,342,577,0,0,0.999,,1e-08,0.005,0.995,,145,elasticnet_cv,False,0.043287612810830614,0.3,157,3,random,145,False,1633.8273389841072,7200.0,4852.725340542198,"[""morgan"", ""ecfp6"", ""fcfp6"", ""layered"", ""atom_pair"", ""topological_torsion"", ""rdk_path"", ""maccs"", ""rdkit"", ""maplight""]","[""morgan"", ""ecfp6"", ""fcfp6"", ""layered"", ""atom_pair"", ""topological_torsion"", ""rdk_path"", ""maccs"", ""rdkit"", ""maplight""]",[],0,8803,/media/volume/AutoQSARdata_300/model_cache/feature_store_parquet,parquet,1118,690,False,/media/volume/AutoQSARdata_300/model_cache/benchmark_feature_matrix_cache/23595fe0cb00651e1fda2b3ff3b0409639b203088fb183759b8f3d7df07a891e.pkl,morgan_ecfp6_fcfp6_layered_atom_pair_topological_torsion_rdk_path_maccs_rdkit_maplight__9d9272112e8cc9d9,Ensemble (Weighted average (inverse train RMSE)),ensemble,,,mse,,,,,,,0.9850667424994486,0.08783619008603706,0.06775414650493287,0.9951384655792124,0.6162981824322582,0.46330346700811653,0.3637676648970246,0.7973484611300231,0.2146501025417409,,,,,,,,,,,,1,,,,,,,4.0,True,-0.1683498974582591,0.383,,,,,1535.897,1535.897,model_stage,0.549,27,ensemble (2 method(s)),model,2026-06-29 23:20:35 UTC,,,,,,,,,,,,,,,,,,,,,,,,,,,,,,,,,,,,,,,,,Weighted average (inverse train RMSE),11.0,"ElasticNetCV, SVR, Random forest, Extra trees, AdaBoost, Tabular CNN, XGBoost, CatBoost, MapLight CatBoost (Strict Parity), Uni-Mol V1, MapLight + GNN (CatBoost, Strict Parity)","Dropped highly correlated members using overlap train predictions: Tabular MLP (pair=Extra trees/Tabular MLP, corr=0.999); Voting Regressor (KNN, SVM) (pair=Extra trees/Voting Regressor (KNN, SVM), corr=0.998); ChemML MLP (TensorFlow) (pair=ChemML MLP (TensorFlow)/CFA (Combinatorial Fusion), corr=0.998); ChemML MLP (PyTorch) (pair=Extra trees/ChemML MLP (PyTorch), corr=0.997); HistGradientBoosting (pair=HistGradientBoosting/XGBoost, corr=0.997); CFA (Combinatorial Fusion) (pair=Extra trees/CFA (Combinatorial Fusion), corr=0.996)"
