model,train_metric,performance_strength,diversity_strength
"Chemprop v2 (AttentiveFP + Selected descriptors, ensemble=1)",0.4560424894505507,2.192778136100477,0.02743122689091614
"MapLight + GNN (CatBoost, Strict Parity)",1.1752187732601873e-05,85090.53997034859,0.013696906559035231
MapLight CatBoost (Strict Parity),0.0007564266279244797,1322.0052852235633,0.013735055618888539
