model,workflow,train_r2,train_rmse,train_mae,train_spearman,test_r2,test_rmse,test_mae,test_spearman,primary_metric,primary_metric_value
Ensemble (Weighted average (inverse train RMSE)),ensemble,0.782866849237841,0.35929161153887323,0.27112200835788547,0.8218487394957983,-0.2563919851494061,0.5355733364907752,0.3670415248433924,0.49650349650349657,rmse,0.5355733364907752
Uni-Mol V1,Uni-Mol,0.6891493687613139,0.42989251881322177,0.3315949161186525,0.7776710684273709,-0.40793174502485274,0.5669531459815351,0.4349877229786929,0.37762237762237766,rmse,0.5669531459815351
ChemML MLP (PyTorch),ChemML deep learning,0.7444398171861157,0.3897899214467102,0.27123138701932076,0.7890999077486734,-0.58682976362488,0.6018961117655787,0.41674386707115,0.3275721064084149,rmse,0.6018961117655787
