model,workflow,train_r2,train_rmse,train_mae,train_spearman,test_r2,test_rmse,test_mae,test_spearman,primary_metric,primary_metric_value
MapLight CatBoost (Strict Parity),Conventional ML,0.9999777852672891,0.0036341642904124056,0.0007564266279244797,0.9999999999999999,0.3673949203620246,0.38003422185171837,0.3029784521999608,0.6363636363636365,rmse,0.38003422185171837
CFA (Combinatorial Fusion),CFA fusion,0.999999974592324,0.00012290413119347626,2.3113213248505406e-05,0.9999999999999999,0.2000125934889948,0.4273640083738727,0.3267597111702114,0.5034965034965035,rmse,0.4273640083738727
"Ensemble (OOF Stacking (RidgeCV, 5-fold))",ensemble,0.9999999700861171,0.0001333584088117396,2.5435982363214463e-05,0.9999999999999999,0.1925256284247171,0.42935916974539906,0.3281103732417425,0.5034965034965035,rmse,0.42935916974539906
