model,train_metric,performance_strength,diversity_strength
ChemML MLP (PyTorch),0.0,1000000000000.0,0.01756909851287368
"Chemprop v2 (AttentiveFP, ensemble=1)",0.2887828142364378,3.462809941249692,0.04198691034704972
"MapLight + GNN (CatBoost, Strict Parity)",0.00487705750863654,205.04166666666313,0.02921657340520686
Random forest,-2.220446049250313e-16,1000000000000.0,0.014302534366967448
