model,train_metric,performance_strength,diversity_strength
"Chemprop v2 (AttentiveFP, ensemble=1)",0.3086715669184666,3.2396893888971086,0.0017286426747022622
"MapLight + GNN (CatBoost, Strict Parity)",0.004232130549245708,236.28760700168615,0.0017601118282823281
MapLight CatBoost (Strict Parity),0.0262888082974745,38.03900080537571,0.0008054488006053571
