model,workflow,train_r2,train_rmse,train_mae,train_spearman,test_r2,test_rmse,test_mae,test_spearman,primary_metric,primary_metric_value
MapLight CatBoost (Strict Parity),Conventional ML,0.9816317345947606,0.09914289148032235,0.0262888082974745,0.9922559708417155,0.3554337840932936,0.7098285286007525,0.5488311271722665,0.39076246334310843,rmse,0.7098285286007525
"Chemprop v2 (AttentiveFP, ensemble=1)",Chemprop v2,0.6662113681129823,0.42263287741496414,0.3086715669184666,0.8298032616891794,0.34726504948959713,0.7143122768211112,0.5634425372205831,0.3988269794721407,rmse,0.7143122768211112
CFA (Combinatorial Fusion),CFA fusion,0.9988502520634895,0.024804405771481016,0.007254991339344002,0.9995849166838318,0.2599981837653509,0.760564540217453,0.585797668374008,0.31781524926686217,rmse,0.760564540217453
"Ensemble (OOF Stacking (RidgeCV, 5-fold))",ensemble,0.9995935901704138,0.014747201339625302,0.00744477017913102,0.9998867954599372,0.22723992015226036,0.7772165143886939,0.601015128665711,0.31304985337243396,rmse,0.7772165143886939
