model,workflow,train_r2,train_rmse,train_mae,train_spearman,test_r2,test_rmse,test_mae,test_spearman,primary_metric,primary_metric_value
Uni-Mol V1,Uni-Mol,0.6778141319117021,0.415222378144469,0.3303388973191928,0.8335124573918827,0.261033511798212,0.760032305439622,0.5666577298747357,0.23973607038123165,rmse,0.760032305439622
"Ensemble (OOF Stacking (RidgeCV, 5-fold))",ensemble,0.7730601263487679,0.3484840555211916,0.2841279533957584,0.8547529834995261,0.17004945757598433,0.805463355812528,0.6080488683043606,0.24926686217008792,rmse,0.805463355812528
ChemML MLP (PyTorch),ChemML deep learning,0.6628665508423284,0.42474515122179296,0.33763299863362883,0.7687609558748334,-0.17322841216451623,0.9576591588267426,0.6959215377125736,0.1307186300024897,rmse,0.9576591588267426
