model,train_metric,performance_strength,diversity_strength
"Chemprop v2 (AttentiveFP + Selected descriptors, ensemble=1)",0.11517665697229643,8.682314856911772,0.0024407111159469776
"MapLight + GNN (CatBoost, Strict Parity)",0.060178225943962674,16.617306082289456,0.001385270157637126
TabPFNRegressor,0.028000361545450846,35.71382456532843,0.0014822414860038503
