model,workflow,train_r2,train_rmse,train_mae,train_spearman,test_r2,test_rmse,test_mae,test_spearman,primary_metric,primary_metric_value
Ensemble (Weighted average (inverse train RMSE)),ensemble,0.9517093066675596,0.14569095668479967,0.1050294622946944,0.9476885440642959,0.4765456380281067,0.47156667713860145,0.35374706659291283,0.701928049139755,rmse,0.47156667713860145
Uni-Mol V1,Uni-Mol,0.9161109252550134,0.19202314433942239,0.13671566652752623,0.9310724823296286,0.4618157727023816,0.47815552649729176,0.3729450144164157,0.7317506172247309,rmse,0.47815552649729176
ChemML MLP (PyTorch),ChemML deep learning,0.9467204225482387,0.15303164992220006,0.10008533700788712,0.9254376994514776,0.3480157510123242,0.5262865229655356,0.407792135265772,0.6731979708493837,rmse,0.5262865229655356
